seed,fold,child,group,n_channels,auc_base,auc_occluded,drop
11,0,7,Fp1,1,0.40468341480050024,0.3809253154484483,0.02375809935205192
11,0,12,Fp1,1,0.5546444150434247,0.5549751765152806,-0.00033076147185595595
11,0,14,Fp1,1,0.5205811293597552,0.5163273960983885,0.004253733261366688
11,0,21,Fp1,1,0.5856978653530378,0.5863834154351395,-0.0006855500821016935
11,0,23,Fp1,1,0.5673223350253807,0.5633692893401016,0.0039530456852791
11,0,24,Fp1,1,0.4970197131613794,0.4939107405956844,0.0031089725656949785
11,0,29,Fp1,1,0.5807775087436104,0.5836359967715901,-0.002858488027979611
11,0,30,Fp1,1,0.6068973926213044,0.607612929723347,-0.0007155371020426404
11,0,33,Fp1,1,0.5180713652216242,0.5173945225758697,0.0006768426457545162
11,0,37,Fp1,1,0.5094282837568673,0.5054118239324097,0.004016459824457641
11,0,42,Fp1,1,0.5258977991133496,0.5235991972928308,0.0022986018205187753
11,0,48,Fp1,1,0.6003431708991077,0.5948418774087958,0.00550129349031192
11,0,49,Fp1,1,0.5575354201831109,0.5567426218607744,0.0007927983223364743
11,0,57,Fp1,1,0.6094423558897243,0.6112625313283209,-0.001820175438596583
11,0,66,Fp1,1,0.6162898550724638,0.6106004140786749,0.005689440993788875
11,0,7,Fp2,1,0.40468341480050024,0.4339774923269296,-0.029294077526429374
11,0,12,Fp2,1,0.5546444150434247,0.5579847784225624,-0.0033403633791377896
11,0,14,Fp2,1,0.5205811293597552,0.522409206569512,-0.001828077209756751
11,0,21,Fp2,1,0.5856978653530378,0.5902011494252873,-0.004503284072249536
11,0,23,Fp2,1,0.5673223350253807,0.5764562182741116,-0.00913388324873099
11,0,24,Fp2,1,0.4970197131613794,0.5007655868255656,-0.0037458736641862167
11,0,29,Fp2,1,0.5807775087436104,0.5747578692493946,0.0060196394942158005
11,0,30,Fp2,1,0.6068973926213044,0.6194144788772165,-0.01251708625591208
11,0,33,Fp2,1,0.5180713652216242,0.5188715732757183,-0.000800208054094087
11,0,37,Fp2,1,0.5094282837568673,0.5036881388578808,0.0057401448989865544
11,0,42,Fp2,1,0.5258977991133496,0.5253469216442381,0.0005508774691114215
11,0,48,Fp2,1,0.6003431708991077,0.6014729950900164,-0.0011298241909086792
11,0,49,Fp2,1,0.5575354201831109,0.5602718531021431,-0.00273643291903225
11,0,57,Fp2,1,0.6094423558897243,0.6177130325814537,-0.008270676691729428
11,0,66,Fp2,1,0.6162898550724638,0.6179296066252588,-0.0016397515527949436
11,0,7,Fz,1,0.40468341480050024,0.3932135955439354,0.011469819256564817
11,0,12,Fz,1,0.5546444150434247,0.5397994472026094,0.014844967840815237
11,0,14,Fz,1,0.5205811293597552,0.520112062096795,0.00046906726296025436
11,0,21,Fz,1,0.5856978653530378,0.5857142857142857,-1.6420361247937443e-05
11,0,23,Fz,1,0.5673223350253807,0.5593242385786801,0.007998096446700576
11,0,24,Fz,1,0.4970197131613794,0.4902637124899756,0.006756000671403806
11,0,29,Fz,1,0.5807775087436104,0.5804748453053539,0.0003026634382565785
11,0,30,Fz,1,0.6068973926213044,0.6036758713188344,0.0032215213024699985
11,0,33,Fz,1,0.5180713652216242,0.5202852741712846,-0.002213908949660337
11,0,37,Fz,1,0.5094282837568673,0.5037647470834153,0.005663536673451985
11,0,42,Fz,1,0.5258977991133496,0.529012880039873,-0.0031150809265234614
11,0,48,Fz,1,0.6003431708991077,0.6107333298136317,-0.010390158914523995
11,0,49,Fz,1,0.5575354201831109,0.5561863843281674,0.0013490358549435033
11,0,57,Fz,1,0.6094423558897243,0.5915977443609022,0.017844611528822107
11,0,66,Fz,1,0.6162898550724638,0.617080745341615,-0.0007908902691511344
11,0,7,F3,1,0.40468341480050024,0.40236444242355346,0.002318972376946782
11,0,12,F3,1,0.5546444150434247,0.5536652300920892,0.0009791849513354212
11,0,14,F3,1,0.5205811293597552,0.5275657336726038,-0.006984604312848641
11,0,21,F3,1,0.5856978653530378,0.583132183908046,0.0025656814449918075
11,0,23,F3,1,0.5673223350253807,0.5738324873096446,-0.0065101522842639925
11,0,24,F3,1,0.4970197131613794,0.49533187862511424,0.0016878345362651426
11,0,29,F3,1,0.5807775087436104,0.5845608017218187,-0.0037832929782082303
11,0,30,F3,1,0.6068973926213044,0.6110013027267418,-0.004103910105437425
11,0,33,F3,1,0.5180713652216242,0.5097825434612999,0.008288821760324305
11,0,37,F3,1,0.5094282837568673,0.525909996279029,-0.016481712522161684
11,0,42,F3,1,0.5258977991133496,0.5261076571968206,-0.0002098580834710706
11,0,48,F3,1,0.6003431708991077,0.6097249353254844,-0.009381764426376726
11,0,49,F3,1,0.5575354201831109,0.555521456702982,0.002013963480128833
11,0,57,F3,1,0.6094423558897243,0.6096052631578948,-0.00016290726817047574
11,0,66,F3,1,0.6162898550724638,0.6207619047619047,-0.004472049689440927
11,0,7,F4,1,0.40468341480050024,0.3996248721154939,0.005058542685006329
11,0,12,F4,1,0.5546444150434247,0.5446626232987071,0.009981791744717583
11,0,14,F4,1,0.5205811293597552,0.5238260467268101,-0.0032449173670549003
11,0,21,F4,1,0.5856978653530378,0.5813218390804598,0.0043760262725780485
11,0,23,F4,1,0.5673223350253807,0.5557741116751269,0.011548223350253739
11,0,24,F4,1,0.4970197131613794,0.49718476659393124,-0.00016505343255185378
11,0,29,F4,1,0.5807775087436104,0.572756927629809,0.00802058111380144
11,0,30,F4,1,0.6068973926213044,0.6004286805239143,0.006468712097390084
11,0,33,F4,1,0.5180713652216242,0.5216889724661746,-0.0036176072445504026
11,0,37,F4,1,0.5094282837568673,0.49609298049773454,0.013335303259132791
11,0,42,F4,1,0.5258977991133496,0.5329182078119672,-0.007020408698617642
11,0,48,F4,1,0.6003431708991077,0.5960720130932897,0.004271157805817993
11,0,49,F4,1,0.5575354201831109,0.55866068231804,-0.0011252621349291392
11,0,57,F4,1,0.6094423558897243,0.6040476190476192,0.005394736842105119
11,0,66,F4,1,0.6162898550724638,0.610302277432712,0.005987577639751773
11,0,7,F7,1,0.40468341480050024,0.4039558940547914,0.000727520745708865
11,0,12,F7,1,0.5546444150434247,0.5517658077784618,0.002878607264962807
11,0,14,F7,1,0.5205811293597552,0.5227240599378005,-0.0021429305780452657
11,0,21,F7,1,0.5856978653530378,0.5807922824302134,0.004905582922824392
11,0,23,F7,1,0.5673223350253807,0.5643527918781726,0.002969543147208098
11,0,24,F7,1,0.4970197131613794,0.4978571028926313,-0.0008373897312519141
11,0,29,F7,1,0.5807775087436104,0.5785411622276029,0.00223634651600757
11,0,30,F7,1,0.6068973926213044,0.6111553196814417,-0.004257927060137279
11,0,33,F7,1,0.5180713652216242,0.5134768373110341,0.004594527910590118
11,0,37,F7,1,0.5094282837568673,0.521997504760654,-0.012569221003786657
11,0,42,F7,1,0.5258977991133496,0.5245829070591013,0.0013148920542482845
11,0,48,F7,1,0.6003431708991077,0.6013515653872551,-0.0010083944881473794
11,0,49,F7,1,0.5575354201831109,0.5490320188225666,0.008503401360544283
11,0,57,F7,1,0.6094423558897243,0.6131109022556391,-0.0036685463659148487
11,0,66,F7,1,0.6162898550724638,0.6215362318840579,-0.005246376811594122
11,0,7,F8,1,0.40468341480050024,0.39549846538592703,0.009184949414573207
11,0,12,F8,1,0.5546444150434247,0.5491721138605431,0.005472301182881556
11,0,14,F8,1,0.5205811293597552,0.5144350630991852,0.006146066260570016
11,0,21,F8,1,0.5856978653530378,0.5798973727422003,0.005800492610837482
11,0,23,F8,1,0.5673223350253807,0.5776395939086295,-0.010317258883248859
11,0,24,F8,1,0.4970197131613794,0.49472202017941397,0.0022976929819654157
11,0,29,F8,1,0.5807775087436104,0.5753463814904494,0.005431127253161083
11,0,30,F8,1,0.6068973926213044,0.6057647262669499,0.0011326663543544946
11,0,33,F8,1,0.5180713652216242,0.524406345649869,-0.006334980428244763
11,0,37,F8,1,0.5094282837568673,0.4980574342810865,0.01137084947578082
11,0,42,F8,1,0.5258977991133496,0.5334920385089583,-0.007594239395608771
11,0,48,F8,1,0.6003431708991077,0.6028826355525052,-0.002539464653397494
11,0,49,F8,1,0.5575354201831109,0.5544377525446269,0.0030976676384839585
11,0,57,F8,1,0.6094423558897243,0.6046052631578948,0.004837092731829529
11,0,66,F8,1,0.6162898550724638,0.6131387163561077,0.0031511387163560833
11,0,7,Cz,1,0.40468341480050024,0.40833238604069566,-0.00364897124019542
11,0,12,Cz,1,0.5546444150434247,0.5684512503438609,-0.013806835300436249
11,0,14,Cz,1,0.5205811293597552,0.5214036034646722,-0.0008224741049169815
11,0,21,Cz,1,0.5856978653530378,0.584088669950739,0.0016091954022987576
11,0,23,Cz,1,0.5673223350253807,0.5613420050761422,0.005980329949238472
11,0,24,Cz,1,0.4970197131613794,0.488766109028516,0.008253604132863357
11,0,29,Cz,1,0.5807775087436104,0.5804916599408125,0.0002858488027979167
11,0,30,Cz,1,0.6068973926213044,0.6101157052372181,-0.0032183126159137654
11,0,33,Cz,1,0.5180713652216242,0.5223124679083229,-0.004241102686698639
11,0,37,Cz,1,0.5094282837568673,0.5095486681112789,-0.00012038435441152906
11,0,42,Cz,1,0.5258977991133496,0.5325804674588809,-0.0066826683455313285
11,0,48,Cz,1,0.6003431708991077,0.602291325695581,-0.001948154796473256
11,0,49,Cz,1,0.5575354201831109,0.5567426218607744,0.0007927983223364743
11,0,57,Cz,1,0.6094423558897243,0.61343671679198,-0.003994360902255689
11,0,66,Cz,1,0.6162898550724638,0.6148737060041407,0.0014161490683231026
11,0,7,C3,1,0.40468341480050024,0.39697624190064795,0.007707172899852288
11,0,12,C3,1,0.5546444150434247,0.5631819908565739,-0.00853757581314929
11,0,14,C3,1,0.5205811293597552,0.5174197445189812,0.0031613848407739953
11,0,21,C3,1,0.5856978653530378,0.5878899835796387,-0.0021921182266009254
11,0,23,C3,1,0.5673223350253807,0.5684454314720812,-0.0011230964467005
11,0,24,C3,1,0.4970197131613794,0.5027341054476958,-0.005714392286316428
11,0,29,C3,1,0.5807775087436104,0.588512241054614,-0.007734732311003523
11,0,30,C3,1,0.6068973926213044,0.6019720587574682,0.004925333863836201
11,0,33,C3,1,0.5180713652216242,0.5153606604383807,0.002710704783243534
11,0,37,C3,1,0.5094282837568673,0.5056799527217809,0.0037483310350864274
11,0,42,C3,1,0.5258977991133496,0.5286357912961359,-0.002737992182786364
11,0,48,C3,1,0.6003431708991077,0.5977720289319466,0.002571141967161128
11,0,49,C3,1,0.5575354201831109,0.5559690041430106,0.0015664160401002158
11,0,57,C3,1,0.6094423558897243,0.6008771929824561,0.008565162907268165
11,0,66,C3,1,0.6162898550724638,0.6154327122153209,0.0008571428571428896
11,0,7,C4,1,0.40468341480050024,0.4039786290780948,0.0007047857224054543
11,0,12,C4,1,0.5546444150434247,0.5601363654226542,-0.00549195037922956
11,0,14,C4,1,0.5205811293597552,0.5202309353072712,0.000350194052484043
11,0,21,C4,1,0.5856978653530378,0.584708538587849,0.0009893267651888138
11,0,23,C4,1,0.5673223350253807,0.5641751269035533,0.0031472081218273384
11,0,24,C4,1,0.4970197131613794,0.49830843544266024,-0.0012887222812808519
11,0,29,C4,1,0.5807775087436104,0.5858218993812214,-0.005044390637610974
11,0,30,C4,1,0.6068973926213044,0.6127211587208892,-0.005823766099584793
11,0,33,C4,1,0.5180713652216242,0.5159741532798527,0.002097211941771482
11,0,37,C4,1,0.5094282837568673,0.5092805393219078,0.00014774443495957357
11,0,42,C4,1,0.5258977991133496,0.5253534797093465,0.000544319404003013
11,0,48,C4,1,0.6003431708991077,0.6063829787234042,-0.0060398078242964726
11,0,49,C4,1,0.5575354201831109,0.5531814229451179,0.0043539972379930125
11,0,57,C4,1,0.6094423558897243,0.6096052631578948,-0.00016290726817047574
11,0,66,C4,1,0.6162898550724638,0.6169068322981366,-0.0006169772256727768
11,0,7,T3,1,0.40468341480050024,0.43437535523473914,-0.029691940434238895
11,0,12,T3,1,0.5546444150434247,0.5467323386473493,0.007912076396075385
11,0,14,T3,1,0.5205811293597552,0.5170406353612461,0.0035404939985090866
11,0,21,T3,1,0.5856978653530378,0.5823440065681444,0.00335385878489336
11,0,23,T3,1,0.5673223350253807,0.5683153553299493,-0.0009930203045686037
11,0,24,T3,1,0.4970197131613794,0.4961664708405602,0.0008532423208191808
11,0,29,T3,1,0.5807775087436104,0.5668549905838041,0.013922518159806385
11,0,30,T3,1,0.6068973926213044,0.5785646903296604,0.028332702291643974
11,0,33,T3,1,0.5180713652216242,0.5208887644120805,-0.0028173991904563156
11,0,37,T3,1,0.5094282837568673,0.5021121982183115,0.007316085538555783
11,0,42,T3,1,0.5258977991133496,0.525832218462265,6.558065108452915e-05
11,0,48,T3,1,0.6003431708991077,0.5904598490048044,0.009883321894303299
11,0,49,T3,1,0.5575354201831109,0.5724099790292057,-0.014874558846094788
11,0,57,T3,1,0.6094423558897243,0.600717418546366,0.00872493734335833
11,0,66,T3,1,0.6162898550724638,0.6105134575569358,0.005776397515528053
11,0,7,T4,1,0.40468341480050024,0.41633511424349207,-0.011651699442991825
11,0,12,T4,1,0.5546444150434247,0.5544904963386997,0.0001539187047249202
11,0,14,T4,1,0.5205811293597552,0.5196751227285578,0.0009060066311974424
11,0,21,T4,1,0.5856978653530378,0.5685755336617406,0.017122331691297177
11,0,23,T4,1,0.5673223350253807,0.5672779187817258,4.441624365481012e-05
11,0,24,T4,1,0.4970197131613794,0.5068632387772991,-0.009843525615919724
11,0,29,T4,1,0.5807775087436104,0.5986010223298359,-0.01782351358622547
11,0,30,T4,1,0.6068973926213044,0.5982596084118927,0.008637784209411636
11,0,33,T4,1,0.5180713652216242,0.5123465434346264,0.005724821786997847
11,0,37,T4,1,0.5094282837568673,0.520147963315604,-0.01071967955873665
11,0,42,T4,1,0.5258977991133496,0.5134407544398101,0.012457044673539475
11,0,48,T4,1,0.6003431708991077,0.5882582756982209,0.012084895200886847
11,0,49,T4,1,0.5575354201831109,0.5478300342693468,0.00970538591376402
11,0,57,T4,1,0.6094423558897243,0.6140131578947369,-0.004570802005012586
11,0,66,T4,1,0.6162898550724638,0.6021242236024844,0.0141656314699794
11,0,7,Pz,1,0.40468341480050024,0.40235307491190175,0.002330339888598487
11,0,12,Pz,1,0.5546444150434247,0.557765362396678,-0.0031209473532533005
11,0,14,Pz,1,0.5205811293597552,0.520568278201866,1.2851157889182119e-05
11,0,21,Pz,1,0.5856978653530378,0.5894088669950739,-0.0037110016420360825
11,0,23,Pz,1,0.5673223350253807,0.5650888324873096,0.002233502538071086
11,0,24,Pz,1,0.4970197131613794,0.49803334638840707,-0.0010136332270276882
11,0,29,Pz,1,0.5807775087436104,0.5808952111918214,-0.00011770244821096565
11,0,30,Pz,1,0.6068973926213044,0.6098044626412624,-0.002907070019958047
11,0,33,Pz,1,0.5180713652216242,0.5156307306566373,0.0024406345649868877
11,0,37,Pz,1,0.5094282837568673,0.508935802307002,0.0004924814498653562
11,0,42,Pz,1,0.5258977991133496,0.5284980719288581,-0.002600272815508564
11,0,48,Pz,1,0.6003431708991077,0.5971543213135526,0.003188849585555098
11,0,49,Pz,1,0.5575354201831109,0.5599905375684108,-0.0024551173852999097
11,0,57,Pz,1,0.6094423558897243,0.6097211779448622,-0.00027882205513796166
11,0,66,Pz,1,0.6162898550724638,0.6163850931677017,-9.523809523792615e-05
11,0,7,P3,1,0.40468341480050024,0.40510401273161306,-0.0004205979311128205
11,0,12,P3,1,0.5546444150434247,0.551448145770838,0.0031962692725866493
11,0,14,P3,1,0.5205811293597552,0.5182068779397023,0.0023742514200528753
11,0,21,P3,1,0.5856978653530378,0.5878694581280788,-0.002171592775040976
11,0,23,P3,1,0.5673223350253807,0.5640989847715735,0.0032233502538071557
11,0,24,P3,1,0.4970197131613794,0.49770696954437793,-0.0006872563829985467
11,0,29,P3,1,0.5807775087436104,0.5742702448210922,0.006507263922518214
11,0,30,P3,1,0.6068973926213044,0.6091370558375635,-0.0022396632162591246
11,0,33,P3,1,0.5180713652216242,0.5181913964297384,-0.00012003120811421297
11,0,37,P3,1,0.5094282837568673,0.5078030949723116,0.0016251887845557533
11,0,42,P3,1,0.5258977991133496,0.5353807612601978,-0.009482962146848295
11,0,48,P3,1,0.6003431708991077,0.6093764848740827,-0.009033313974974977
11,0,49,P3,1,0.5575354201831109,0.5619405656999643,-0.004405145516853448
11,0,57,P3,1,0.6094423558897243,0.6127913533834587,-0.003348997493734407
11,0,66,P3,1,0.6162898550724638,0.6222194616977225,-0.005929606625258654
11,0,7,P4,1,0.40468341480050024,0.4009548709787427,0.003728543821757524
11,0,12,P4,1,0.5546444150434247,0.5533770418789872,0.0012673731644374797
11,0,14,P4,1,0.5205811293597552,0.5184028580975146,0.002178271262240572
11,0,21,P4,1,0.5856978653530378,0.585279146141215,0.00041871921182279337
11,0,23,P4,1,0.5673223350253807,0.5685437817258883,-0.0012214467005076113
11,0,24,P4,1,0.4970197131613794,0.48991122549842403,0.007108487662955354
11,0,29,P4,1,0.5807775087436104,0.5825766747376917,-0.0017991659940812532
11,0,30,P4,1,0.6068973926213044,0.6017763288775373,0.005121063743767085
11,0,33,P4,1,0.5180713652216242,0.5185348190529537,-0.0004634538313295078
11,0,37,P4,1,0.5094282837568673,0.5075896863440366,0.001838597412830767
11,0,42,P4,1,0.5258977991133496,0.5266126282101729,-0.0007148290968232995
11,0,48,P4,1,0.6003431708991077,0.5990919170054381,0.001251253893669646
11,0,49,P4,1,0.5575354201831109,0.5567074574190579,0.0008279627640529474
11,0,57,P4,1,0.6094423558897243,0.608843984962406,0.0005983709273182924
11,0,66,P4,1,0.6162898550724638,0.6171345755693581,-0.0008447204968943245
11,0,7,T5,1,0.40468341480050024,0.4129134932363306,-0.008230078435830346
11,0,12,T5,1,0.5546444150434247,0.5427599261190217,0.01188448892440297
11,0,14,T5,1,0.5205811293597552,0.5202630632019944,0.00031806615776075464
11,0,21,T5,1,0.5856978653530378,0.5917775041050903,-0.00607963875205253
11,0,23,T5,1,0.5673223350253807,0.5628489847715736,0.004473350253807018
11,0,24,T5,1,0.4970197131613794,0.49526287323523377,0.0017568399261456147
11,0,29,T5,1,0.5807775087436104,0.5676957223567394,0.013081786386871075
11,0,30,T5,1,0.6068973926213044,0.6043176086300834,0.002579783991220941
11,0,33,T5,1,0.5180713652216242,0.511986449810284,0.006084915411340264
11,0,37,T5,1,0.5094282837568673,0.506090353930002,0.0033379298268653157
11,0,42,T5,1,0.5258977991133496,0.5255469426300464,0.00035085648330313024
11,0,48,T5,1,0.6003431708991077,0.5949474684546749,0.005395702444432771
11,0,49,T5,1,0.5575354201831109,0.5635773106234976,-0.006041890440386721
11,0,57,T5,1,0.6094423558897243,0.6066885964912281,0.0027537593984962028
11,0,66,T5,1,0.6162898550724638,0.6235569358178054,-0.007267080745341548
11,0,7,T6,1,0.40468341480050024,0.39531658519949975,0.009366829601000493
11,0,12,T6,1,0.5546444150434247,0.5495257993948047,0.005118615648619929
11,0,14,T6,1,0.5205811293597552,0.5195948029917495,0.0009863263680056633
11,0,21,T6,1,0.5856978653530378,0.5866050903119868,-0.0009072249589490156
11,0,23,T6,1,0.5673223350253807,0.5622081218274112,0.005114213197969453
11,0,24,T6,1,0.4970197131613794,0.4979102556929447,-0.0008905425315653415
11,0,29,T6,1,0.5807775087436104,0.5831315577078289,-0.002354048964218425
11,0,30,T6,1,0.6068973926213044,0.602963542903348,0.003933849717956406
11,0,33,T6,1,0.5180713652216242,0.5143837397723408,0.0036876254492834715
11,0,37,T6,1,0.5094282837568673,0.5093899796441002,3.830411276717349e-05
11,0,42,T6,1,0.5258977991133496,0.5201529340783295,0.00574486503502003
11,0,48,T6,1,0.6003431708991077,0.5984636502824561,0.001879520616651642
11,0,49,T6,1,0.5575354201831109,0.5508957342335431,0.006639685949567764
11,0,57,T6,1,0.6094423558897243,0.6015632832080201,0.00787907268170418
11,0,66,T6,1,0.6162898550724638,0.6102111801242236,0.006078674948240215
11,0,7,Oz,1,0.40468341480050024,0.4018415368875754,0.0028418779129248395
11,0,12,Oz,1,0.5546444150434247,0.5553386866477161,-0.0006942716042914743
11,0,14,Oz,1,0.5205811293597552,0.5178117048346056,0.002769424525149611
11,0,21,Oz,1,0.5856978653530378,0.582524630541872,0.003173234811165826
11,0,23,Oz,1,0.5673223350253807,0.5613991116751269,0.005923223350253748
11,0,24,Oz,1,0.4970197131613794,0.4971185587198568,-9.884555847738952e-05
11,0,29,Oz,1,0.5807775087436104,0.6100854183481302,-0.02930790960451979
11,0,30,Oz,1,0.6068973926213044,0.5996104654520719,0.0072869271692325155
11,0,33,Oz,1,0.5180713652216242,0.5189749334827054,-0.0009035682610811779
11,0,37,Oz,1,0.5094282837568673,0.5125035568104712,-0.0030752730536038886
11,0,42,Oz,1,0.5258977991133496,0.5232155504839852,0.002682248629364392
11,0,48,Oz,1,0.6003431708991077,0.5991499920806715,0.0011931788184361691
11,0,49,Oz,1,0.5575354201831109,0.5532869162702675,0.004248503912843371
11,0,57,Oz,1,0.6094423558897243,0.6116134085213032,-0.002171052631578907
11,0,66,Oz,1,0.6162898550724638,0.6177349896480331,-0.0014451345755692735
11,0,7,O1,1,0.40468341480050024,0.4082755484824372,-0.0035921336819369487
11,0,12,O1,1,0.5546444150434247,0.5614135631852657,-0.0067691481418410415
11,0,14,O1,1,0.5205811293597552,0.5222196519906444,-0.0016385226308891498
11,0,21,O1,1,0.5856978653530378,0.6003776683087028,-0.014679802955664956
11,0,23,O1,1,0.5673223350253807,0.5741180203045685,-0.006795685279187835
11,0,24,O1,1,0.4970197131613794,0.501436990618997,-0.004417277457617663
11,0,29,O1,1,0.5807775087436104,0.5730427764326069,0.007734732311003523
11,0,30,O1,1,0.6068973926213044,0.61220776887189,-0.005310376250585613
11,0,33,O1,1,0.5180713652216242,0.5169744133474703,0.0010969518741539286
11,0,37,O1,1,0.5094282837568673,0.5021286142666405,0.007299669490226868
11,0,42,O1,1,0.5258977991133496,0.5257895910390599,0.00010820807428968404
11,0,48,O1,1,0.6003431708991077,0.6072488252996147,-0.006905654400506944
11,0,49,O1,1,0.5575354201831109,0.5576249296711165,-8.950948800567904e-05
11,0,57,O1,1,0.6094423558897243,0.6100563909774437,-0.0006140350877194001
11,0,66,O1,1,0.6162898550724638,0.6180372670807454,-0.0017474120082815459
11,0,7,O2,1,0.40468341480050024,0.40710469478231215,-0.002421279981811908
11,0,12,O2,1,0.5546444150434247,0.5554303828973395,-0.0007859678539148263
11,0,14,O2,1,0.5205811293597552,0.518386794150153,0.002194335209602216
11,0,21,O2,1,0.5856978653530378,0.5784236453201971,0.007274220032840728
11,0,23,O2,1,0.5673223350253807,0.5700253807106599,-0.0027030456852792373
11,0,24,O2,1,0.4970197131613794,0.49366549171002816,0.0033542214513512247
11,0,29,O2,1,0.5807775087436104,0.5923796072101157,-0.011602098466505284
11,0,30,O2,1,0.6068973926213044,0.6062011076385992,0.000696284982705131
11,0,33,O2,1,0.5180713652216242,0.5180480258200465,2.3339401577726626e-05
11,0,37,O2,1,0.5094282837568673,0.5082736883577386,0.001154595399128766
11,0,42,O2,1,0.5258977991133496,0.522697463340416,0.003200335772933549
11,0,48,O2,1,0.6003431708991077,0.6044717807929887,-0.0041286098938809745
11,0,49,O2,1,0.5575354201831109,0.560658661961025,-0.003123241777914121
11,0,57,O2,1,0.6094423558897243,0.6101441102756893,-0.0007017543859649811
11,0,66,O2,1,0.6162898550724638,0.6207536231884058,-0.004463768115941957
11,0,7,Fp1+Fp2,2,0.40468341480050024,0.4093554620893487,-0.004672047288848458
11,0,12,Fp1+Fp2,2,0.5546444150434247,0.5574018522642424,-0.002757437220817782
11,0,14,Fp1+Fp2,2,0.5205811293597552,0.5195755262549155,0.0010056031048396585
11,0,21,Fp1+Fp2,2,0.5856978653530378,0.5907922824302134,-0.005094417077175617
11,0,23,Fp1+Fp2,2,0.5673223350253807,0.5722557106598984,-0.004933375634517789
11,0,24,Fp1+Fp2,2,0.4970197131613794,0.49873738786624144,-0.00171767470486206
11,0,29,Fp1+Fp2,2,0.5807775087436104,0.5761871132633845,0.004590395480225995
11,0,30,Fp1+Fp2,2,0.6068973926213044,0.6186123072381551,-0.011714914616850702
11,0,33,Fp1+Fp2,2,0.5180713652216242,0.5182914224365002,-0.0002200572148759461
11,0,37,Fp1+Fp2,2,0.5094282837568673,0.5005253135465231,0.008902970210344252
11,0,42,Fp1+Fp2,2,0.5258977991133496,0.5208480889798274,0.005049710133522178
11,0,48,Fp1+Fp2,2,0.6003431708991077,0.5967530753392112,0.0035900955598965334
11,0,49,Fp1+Fp2,2,0.5575354201831109,0.5586223211088948,-0.0010869009257838957
11,0,57,Fp1+Fp2,2,0.6094423558897243,0.6196491228070176,-0.010206766917293275
11,0,66,Fp1+Fp2,2,0.6162898550724638,0.6135155279503106,0.0027743271221531973
11,0,7,F7+F8+T3+T4,4,0.40468341480050024,0.4457542343980903,-0.04107081959759007
11,0,12,F7+F8+T3+T4,4,0.5546444150434247,0.5441451944615465,0.010499220581878133
11,0,14,F7+F8+T3+T4,4,0.5205811293597552,0.5104030123114093,0.010178117048345925
11,0,21,F7+F8+T3+T4,4,0.5856978653530378,0.554675697865353,0.031022167487684826
11,0,23,F7+F8+T3+T4,4,0.5673223350253807,0.5806852791878172,-0.013362944162436552
11,0,24,F7+F8+T3+T4,4,0.4970197131613794,0.5051231839459893,-0.008103470784609934
11,0,29,F7+F8+T3+T4,4,0.5807775087436104,0.5746401668011838,0.006137341942426655
11,0,30,F7+F8+T3+T4,4,0.6068973926213044,0.5717269792783023,0.03517041334300208
11,0,33,F7+F8+T3+T4,4,0.5180713652216242,0.521132161028534,-0.0030607958069097663
11,0,37,F7+F8+T3+T4,4,0.5094282837568673,0.5181397334033752,-0.00871144964650783
11,0,42,F7+F8+T3+T4,4,0.5258977991133496,0.517119828965662,0.008777970147687553
11,0,48,F7+F8+T3+T4,4,0.6003431708991077,0.5807982683068476,0.01954490259226016
11,0,49,F7+F8+T3+T4,4,0.5575354201831109,0.5512825430924249,0.006252877090686004
11,0,57,F7+F8+T3+T4,4,0.6094423558897243,0.6031954887218045,0.0062468671679197785
11,0,66,F7+F8+T3+T4,4,0.6162898550724638,0.595184265010352,0.021105590062111768
11,0,7,Fz+Cz+F3+F4,4,0.40468341480050024,0.38350574059338416,0.02117767420711608
11,0,12,Fz+Cz+F3+F4,4,0.5546444150434247,0.5447117462895767,0.009932668753847906
11,0,14,Fz+Cz+F3+F4,4,0.5205811293597552,0.5386723468784539,-0.018091217518698688
11,0,21,Fz+Cz+F3+F4,4,0.5856978653530378,0.5787766830870279,0.0069211822660099065
11,0,23,Fz+Cz+F3+F4,4,0.5673223350253807,0.545123730964467,0.022198604060913674
11,0,24,Fz+Cz+F3+F4,4,0.4970197131613794,0.47339469218001085,0.02362502098136854
11,0,29,Fz+Cz+F3+F4,4,0.5807775087436104,0.5644000538068334,0.016377454936777003
11,0,30,Fz+Cz+F3+F4,4,0.6068973926213044,0.6087038831524704,-0.001806490531165994
11,0,33,Fz+Cz+F3+F4,4,0.5180713652216242,0.5231860283673755,-0.005114663145751264
11,0,37,Fz+Cz+F3+F4,4,0.5094282837568673,0.5091546829513867,0.0002736008054806671
11,0,42,Fz+Cz+F3+F4,4,0.5258977991133496,0.5456965976758218,-0.019798798562472242
11,0,48,Fz+Cz+F3+F4,4,0.6003431708991077,0.6204793833482921,-0.0201362124491844
11,0,49,Fz+Cz+F3+F4,4,0.5575354201831109,0.5516757454861645,0.005859674696946371
11,0,57,Fz+Cz+F3+F4,4,0.6094423558897243,0.5897744360902255,0.01966791979949878
11,0,66,Fz+Cz+F3+F4,4,0.6162898550724638,0.6096770186335404,0.0066128364389234084
11,0,7,T5+T6+P3+P4,4,0.40468341480050024,0.39915880413777427,0.005524610662725971
11,0,12,T5+T6+P3+P4,4,0.5546444150434247,0.5289203421580057,0.025724072885419003
11,0,14,T5+T6+P3+P4,4,0.5205811293597552,0.5146406816254144,0.00594044773434077
11,0,21,T5+T6+P3+P4,4,0.5856978653530378,0.5908825944170772,-0.0051847290640394395
11,0,23,T5+T6+P3+P4,4,0.5673223350253807,0.5550285532994923,0.012293781725888353
11,0,24,T5+T6+P3+P4,4,0.4970197131613794,0.485756914526567,0.011262798634812388
11,0,29,T5+T6+P3+P4,4,0.5807775087436104,0.5557405165456013,0.025036992198009145
11,0,30,T5+T6+P3+P4,4,0.6068973926213044,0.5991034929761851,0.007793899645119229
11,0,33,T5+T6+P3+P4,4,0.5180713652216242,0.5135835317182467,0.0044878335033775585
11,0,37,T5+T6+P3+P4,4,0.5094282837568673,0.5033379298268654,0.006090353930001902
11,0,42,T5+T6+P3+P4,4,0.5258977991133496,0.5269470895307048,-0.001049290417355242
11,0,48,T5+T6+P3+P4,4,0.6003431708991077,0.602122380022174,-0.0017792091230662832
11,0,49,T5+T6+P3+P4,4,0.5575354201831109,0.5625127870697151,-0.0049773668866042176
11,0,57,T5+T6+P3+P4,4,0.6094423558897243,0.601826441102757,0.007615914786967326
11,0,66,T5+T6+P3+P4,4,0.6162898550724638,0.6278592132505175,-0.011569358178053712
11,0,7,O1+O2+Oz+Pz,4,0.40468341480050024,0.4066613618278958,-0.0019779470273955657
11,0,12,O1+O2+Oz+Pz,4,0.5546444150434247,0.5661883178977979,-0.011543902854373234
11,0,14,O1+O2+Oz+Pz,4,0.5205811293597552,0.5180655152029198,0.002515614156835433
11,0,21,O1+O2+Oz+Pz,4,0.5856978653530378,0.5973481116584565,-0.011650246305418666
11,0,23,O1+O2+Oz+Pz,4,0.5673223350253807,0.5697874365482233,-0.0024651015228426276
11,0,24,O1+O2+Oz+Pz,4,0.4970197131613794,0.4995943602081352,-0.002574647046755807
11,0,29,O1+O2+Oz+Pz,4,0.5807775087436104,0.6152306967984935,-0.034453188054883066
11,0,30,O1+O2+Oz+Pz,4,0.6068973926213044,0.6059700822065496,0.0009273104147548006
11,0,33,O1+O2+Oz+Pz,4,0.5180713652216242,0.5149838958129114,0.0030874694087128507
11,0,37,O1+O2+Oz+Pz,4,0.5094282837568673,0.5047934861120231,0.004634797644844202
11,0,42,O1+O2+Oz+Pz,4,0.5258977991133496,0.5194249888512893,0.006472810262060258
11,0,48,O1+O2+Oz+Pz,4,0.6003431708991077,0.6025553033102793,-0.0022121324111715746
11,0,49,O1+O2+Oz+Pz,4,0.5575354201831109,0.5590506879443506,-0.0015152677612397802
11,0,57,O1+O2+Oz+Pz,4,0.6094423558897243,0.6105670426065163,-0.0011246867167920005
11,0,66,O1+O2+Oz+Pz,4,0.6162898550724638,0.6245714285714286,-0.008281573498964745
11,1,5,Fp1,1,0.5433427672955975,0.5431509433962264,0.000191823899371113
11,1,8,Fp1,1,0.5521567062423094,0.5515148491802189,0.0006418570620905228
11,1,10,Fp1,1,0.6506903842969416,0.6538716292814655,-0.003181244984523879
11,1,11,Fp1,1,0.5249342207088686,0.527476396842594,-0.0025421761337253157
11,1,20,Fp1,1,0.5427935353076034,0.5468765986471893,-0.004083063339585857
11,1,25,Fp1,1,0.5936204304478556,0.5941980534894762,-0.0005776230416205674
11,1,27,Fp1,1,0.47417009288868583,0.4654649510177148,0.008705141870971045
11,1,40,Fp1,1,0.5328722580645161,0.5328051612903226,6.709677419347582e-05
11,1,43,Fp1,1,0.5668192675159236,0.5767914012738854,-0.009972133757961799
11,1,45,Fp1,1,0.5591008310540712,0.5552603290027351,0.0038405020513360144
11,1,50,Fp1,1,0.6058473725060494,0.5994156051682419,0.006431767337807481
11,1,56,Fp1,1,0.5679679648241206,0.5667430904522612,0.0012248743718593635
11,1,58,Fp1,1,0.5715331610680447,0.5639700523421454,0.007563108725899381
11,1,62,Fp1,1,0.6248346275524879,0.6214193270060396,0.00341530054644823
11,1,69,Fp1,1,0.5375457266378451,0.5332956434985034,0.004250083139341609
11,1,5,Fp2,1,0.5433427672955975,0.5412138364779875,0.0021289308176100086
11,1,8,Fp2,1,0.5521567062423094,0.5531411087831322,-0.0009844025408227708
11,1,10,Fp2,1,0.6506903842969416,0.6558714509534181,-0.005181066656476552
11,1,11,Fp2,1,0.5249342207088686,0.5232394366197183,0.0016947840891503585
11,1,20,Fp2,1,0.5427935353076034,0.5407027416207204,0.00209079368688303
11,1,25,Fp2,1,0.5936204304478556,0.5932257873081185,0.0003946431397371386
11,1,27,Fp2,1,0.47417009288868583,0.4764986548906147,-0.00232856200192888
11,1,40,Fp2,1,0.5328722580645161,0.5314270967741935,0.001445161290322572
11,1,43,Fp2,1,0.5668192675159236,0.5795979299363058,-0.01277866242038217
11,1,45,Fp2,1,0.5591008310540712,0.5572196178729224,0.0018812131811487554
11,1,50,Fp2,1,0.6058473725060494,0.6084440487604438,-0.0025966762543944144
11,1,56,Fp2,1,0.5679679648241206,0.577339824120603,-0.009371859296482432
11,1,58,Fp2,1,0.5715331610680447,0.5661432452130126,0.0053899158550321236
11,1,62,Fp2,1,0.6248346275524879,0.6212970951970089,0.003537532355478934
11,1,69,Fp2,1,0.5375457266378451,0.5334818756235451,0.004063851014299957
11,1,5,Fz,1,0.5433427672955975,0.5491477987421385,-0.005805031446540987
11,1,8,Fz,1,0.5521567062423094,0.5547141574378929,-0.0025574511955834822
11,1,10,Fz,1,0.6506903842969416,0.6261798310978639,0.02451055319907769
11,1,11,Fz,1,0.5249342207088686,0.5116777588608574,0.013256461848011214
11,1,20,Fz,1,0.5427935353076034,0.5369626177078004,0.005830917599803032
11,1,25,Fz,1,0.5936204304478556,0.5957993749010919,-0.002178944453236298
11,1,27,Fz,1,0.47417009288868583,0.4798550834982996,-0.005684990609613749
11,1,40,Fz,1,0.5328722580645161,0.5230554838709677,0.009816774193548428
11,1,43,Fz,1,0.5668192675159236,0.5839503715498939,-0.017131104033970335
11,1,45,Fz,1,0.5591008310540712,0.5668221057752998,-0.0077212747212286326
11,1,50,Fz,1,0.6058473725060494,0.5972012966260329,0.008646075880016424
11,1,56,Fz,1,0.5679679648241206,0.5590483668341708,0.00891959798994979
11,1,58,Fz,1,0.5715331610680447,0.5790101371496721,-0.00747697608162734
11,1,62,Fz,1,0.6248346275524879,0.6285483175150993,-0.003713689962611455
11,1,69,Fz,1,0.5375457266378451,0.5455237778516795,-0.007978051213834436
11,1,5,F3,1,0.5433427672955975,0.5472169811320755,-0.003874213836478013
11,1,8,F3,1,0.5521567062423094,0.5559346835611427,-0.0037779773188333365
11,1,10,F3,1,0.6506903842969416,0.6373444406231291,0.013345943673812477
11,1,11,F3,1,0.5249342207088686,0.5263542795232936,-0.0014200588144249737
11,1,20,F3,1,0.5427935353076034,0.5420205005778813,0.0007730347297221218
11,1,25,F3,1,0.5936204304478556,0.5973987181516063,-0.00377828770375066
11,1,27,F3,1,0.47417009288868583,0.4797028069641135,-0.005532714075427658
11,1,40,F3,1,0.5328722580645161,0.5384361290322581,-0.005563870967742024
11,1,43,F3,1,0.5668192675159236,0.5633658439490447,0.0034534235668789437
11,1,45,F3,1,0.5591008310540712,0.5578302519461393,0.001270579107931824
11,1,50,F3,1,0.6058473725060494,0.6080331461443638,-0.0021857736383144033
11,1,56,F3,1,0.5679679648241206,0.5659170854271356,0.002050879396985006
11,1,58,F3,1,0.5715331610680447,0.568515205724508,0.003017955343536771
11,1,62,F3,1,0.6248346275524879,0.6231593327581249,0.0016752947943630137
11,1,69,F3,1,0.5375457266378451,0.5438011306950449,-0.00625540405719982
11,1,5,F4,1,0.5433427672955975,0.5423647798742138,0.0009779874213836637
11,1,8,F4,1,0.5521567062423094,0.5625195383950248,-0.010362832152715384
11,1,10,F4,1,0.6506903842969416,0.5900206351026024,0.060669749194339206
11,1,11,F4,1,0.5249342207088686,0.508729298870144,0.016204921838724684
11,1,20,F4,1,0.5427935353076034,0.5401655961651415,0.0026279391424619547
11,1,25,F4,1,0.5936204304478556,0.5898223611330907,0.003798069314764896
11,1,27,F4,1,0.47417009288868583,0.4737291254251053,0.00044096746358052163
11,1,40,F4,1,0.5328722580645161,0.5271483870967741,0.005723870967741962
11,1,43,F4,1,0.5668192675159236,0.5757928609341826,-0.008973593418258985
11,1,45,F4,1,0.5591008310540712,0.5574094650746896,0.001691365979381576
11,1,50,F4,1,0.6058473725060494,0.6049913253892161,0.0008560471168332917
11,1,56,F4,1,0.5679679648241206,0.5498649497487437,0.018103015075376927
11,1,58,F4,1,0.5715331610680447,0.5624031007751937,0.009130060292851017
11,1,62,F4,1,0.6248346275524879,0.6321002300834053,-0.007265602530917459
11,1,69,F4,1,0.5375457266378451,0.5356235450615231,0.0019221815763219574
11,1,5,F7,1,0.5433427672955975,0.5399119496855346,0.0034308176100629195
11,1,8,F7,1,0.5521567062423094,0.5499750573680535,0.0021816488742558704
11,1,10,F7,1,0.6506903842969416,0.6352554549275861,0.015434929369355532
11,1,11,F7,1,0.5249342207088686,0.5288422844760874,-0.00390806376721875
11,1,20,F7,1,0.5427935353076034,0.5450974819530496,-0.0023039466454461976
11,1,25,F7,1,0.5936204304478556,0.5931031413198291,0.0005172891280265102
11,1,27,F7,1,0.47417009288868583,0.46788868585351,0.006281407035175823
11,1,40,F7,1,0.5328722580645161,0.536676129032258,-0.003803870967741929
11,1,43,F7,1,0.5668192675159236,0.568341958598726,-0.001522691082802452
11,1,45,F7,1,0.5591008310540712,0.5517502103934357,0.00735062066063541
11,1,50,F7,1,0.6058473725060494,0.6001803405926129,0.005667031913436427
11,1,56,F7,1,0.5679679648241206,0.5660992462311558,0.0018687185929647798
11,1,58,F7,1,0.5715331610680447,0.5754985754985755,-0.003965414430530778
11,1,62,F7,1,0.6248346275524879,0.6268298820822548,-0.001995254529766899
11,1,69,F7,1,0.5375457266378451,0.5374326571333555,0.0001130695044895269
11,1,5,F8,1,0.5433427672955975,0.5360125786163522,0.007330188679245286
11,1,8,F8,1,0.5521567062423094,0.5561774585120889,-0.004020752269779493
11,1,10,F8,1,0.6506903842969416,0.6456239570993669,0.005066427197574663
11,1,11,F8,1,0.5249342207088686,0.5139684259402569,0.010965794768611703
11,1,20,F8,1,0.5427935353076034,0.5449260122397166,-0.0021324769321131587
11,1,25,F8,1,0.5936204304478556,0.586344753916759,0.00727567653109662
11,1,27,F8,1,0.47417009288868583,0.4677490990305061,0.0064209938581797354
11,1,40,F8,1,0.5328722580645161,0.5375793548387097,-0.004707096774193564
11,1,43,F8,1,0.5668192675159236,0.5459726645435244,0.020846602972399153
11,1,45,F8,1,0.5591008310540712,0.548872093940669,0.010228737113402109
11,1,50,F8,1,0.6058473725060494,0.6038784641373328,0.0019689083687165487
11,1,56,F8,1,0.5679679648241206,0.5677512562814071,0.00021670854271349516
11,1,58,F8,1,0.5715331610680447,0.5577751275425694,0.013758033525475333
11,1,62,F8,1,0.6248346275524879,0.6123921484037964,0.012442479148691454
11,1,69,F8,1,0.5375457266378451,0.5329032258064517,0.004642500831393392
11,1,5,Cz,1,0.5433427672955975,0.54012893081761,0.003213836477987453
11,1,8,Cz,1,0.5521567062423094,0.5498819382087865,0.0022747680335228893
11,1,10,Cz,1,0.6506903842969416,0.6552059052059053,-0.004515520908963677
11,1,11,Cz,1,0.5249342207088686,0.5258203064541093,-0.0008860857452406279
11,1,20,Cz,1,0.5427935353076034,0.5443604463896625,-0.001566911082059086
11,1,25,Cz,1,0.5936204304478556,0.5914948963443583,0.002125534103497362
11,1,27,Cz,1,0.47417009288868583,0.472717120958327,0.0014529719303588151
11,1,40,Cz,1,0.5328722580645161,0.539483870967742,-0.006611612903225872
11,1,43,Cz,1,0.5668192675159236,0.5680002653927813,-0.001180997876857659
11,1,45,Cz,1,0.5591008310540712,0.5627087497370082,-0.0036079186829370835
11,1,50,Cz,1,0.6058473725060494,0.6080845089713738,-0.0022371364653244186
11,1,56,Cz,1,0.5679679648241206,0.5691488693467337,-0.001180904522613102
11,1,58,Cz,1,0.5715331610680447,0.5722917908964421,-0.0007586298283973614
11,1,62,Cz,1,0.6248346275524879,0.62073626689675,0.004098360655737876
11,1,69,Cz,1,0.5375457266378451,0.5379447954772199,-0.0003990688393747943
11,1,5,C3,1,0.5433427672955975,0.5473867924528302,-0.004044025157232678
11,1,8,C3,1,0.5521567062423094,0.5432405467424922,0.008916159499817167
11,1,10,C3,1,0.6506903842969416,0.6892856687938655,-0.038595284496923954
11,1,11,C3,1,0.5249342207088686,0.54170407057731,-0.016769849868441322
11,1,20,C3,1,0.5427935353076034,0.5352384471096459,0.007555088197957582
11,1,25,C3,1,0.5936204304478556,0.593707469536319,-8.703908846341424e-05
11,1,27,C3,1,0.47417009288868583,0.4792396325059642,-0.005069539617278351
11,1,40,C3,1,0.5328722580645161,0.5245161290322581,0.00835612903225802
11,1,43,C3,1,0.5668192675159236,0.5764696125265393,-0.00965034501061568
11,1,45,C3,1,0.5591008310540712,0.5542773971702083,0.00482343388386286
11,1,50,C3,1,0.6058473725060494,0.5959286399123408,0.009918732593708568
11,1,56,C3,1,0.5679679648241206,0.5713630653266331,-0.0033951005025124603
11,1,58,C3,1,0.5715331610680447,0.566216126681243,0.0053170343868017556
11,1,62,C3,1,0.6248346275524879,0.6190933275812482,0.005741299971239622
11,1,69,C3,1,0.5375457266378451,0.535294313269039,0.0022514133688060767
11,1,5,C4,1,0.5433427672955975,0.5517861635220126,-0.0084433962264151
11,1,8,C4,1,0.5521567062423094,0.5506667996940371,0.0014899065482723017
11,1,10,C4,1,0.6506903842969416,0.6548269581056466,-0.004136573808705024
11,1,11,C4,1,0.5249342207088686,0.5325414022597121,-0.0076071815508435
11,1,20,C4,1,0.5427935353076034,0.5406913734629304,0.002102161844673045
11,1,25,C4,1,0.5936204304478556,0.5949952524133565,-0.001374821965500872
11,1,27,C4,1,0.47417009288868583,0.47549616770722297,-0.0013260748185371374
11,1,40,C4,1,0.5328722580645161,0.5344258064516129,-0.0015535483870967592
11,1,43,C4,1,0.5668192675159236,0.5750763004246284,-0.008257032908704831
11,1,45,C4,1,0.5591008310540712,0.563543748685041,-0.004442917630969823
11,1,50,C4,1,0.6058473725060494,0.6075822946628315,-0.0017349221567821704
11,1,56,C4,1,0.5679679648241206,0.5709579145728643,-0.00298994974874367
11,1,58,C4,1,0.5715331610680447,0.56994301994302,0.0015901411250247577
11,1,62,C4,1,0.6248346275524879,0.621854328444061,0.002980299108426898
11,1,69,C4,1,0.5375457266378451,0.531908879281676,0.005636847356169095
11,1,5,T3,1,0.5433427672955975,0.5337578616352202,0.009584905660377285
11,1,8,T3,1,0.5521567062423094,0.5462669194186704,0.005889786823638943
11,1,10,T3,1,0.6506903842969416,0.6356407708866725,0.015049613410269114
11,1,11,T3,1,0.5249342207088686,0.5245434143321467,0.00039080637672195273
11,1,20,T3,1,0.5427935353076034,0.5344862540025389,0.008307281305064529
11,1,25,T3,1,0.5936204304478556,0.5898540117107137,0.0037664187371418967
11,1,27,T3,1,0.47417009288868583,0.4824310948682808,-0.00826100197959495
11,1,40,T3,1,0.5328722580645161,0.5474890322580646,-0.014616774193548454
11,1,43,T3,1,0.5668192675159236,0.5734308651804672,-0.006611597664543556
11,1,45,T3,1,0.5591008310540712,0.5639365926783085,-0.004835761624237378
11,1,50,T3,1,0.6058473725060494,0.6052538465050449,0.0005935260010044852
11,1,56,T3,1,0.5679679648241206,0.5646482412060302,0.003319723618090409
11,1,58,T3,1,0.5715331610680447,0.561591466242629,0.009941694825415737
11,1,62,T3,1,0.6248346275524879,0.615915300546448,0.008919327006039812
11,1,69,T3,1,0.5375457266378451,0.5437811772530761,-0.0062354506152310085
11,1,5,T4,1,0.5433427672955975,0.5455251572327044,-0.0021823899371069544
11,1,8,T4,1,0.5521567062423094,0.5511556752801889,0.0010010309621204527
11,1,10,T4,1,0.6506903842969416,0.6596863973913154,-0.008996013094373811
11,1,11,T4,1,0.5249342207088686,0.5332649744621576,-0.008330753753288955
11,1,20,T4,1,0.5427935353076034,0.5325252467837587,0.01026828852384476
11,1,25,T4,1,0.5936204304478556,0.5887966846019941,0.004823745845861538
11,1,27,T4,1,0.47417009288868583,0.4826912339475154,-0.008521141058829562
11,1,40,T4,1,0.5328722580645161,0.5263793548387097,0.006492903225806423
11,1,43,T4,1,0.5668192675159236,0.5025875796178344,0.0642316878980892
11,1,45,T4,1,0.5591008310540712,0.5580611916158216,0.0010396394382495844
11,1,50,T4,1,0.6058473725060494,0.5926528329452587,0.013194539560790641
11,1,56,T4,1,0.5679679648241206,0.5637782663316583,0.004189698492462313
11,1,58,T4,1,0.5715331610680447,0.5781786258530445,-0.006645464784999722
11,1,62,T4,1,0.6248346275524879,0.6168679896462468,0.00796663790624108
11,1,69,T4,1,0.5375457266378451,0.5303292317924843,0.007216494845360799
11,1,5,Pz,1,0.5433427672955975,0.5408899371069182,0.002452830188679256
11,1,8,Pz,1,0.5521567062423094,0.5521533805580499,3.325684259536388e-06
11,1,10,Pz,1,0.6506903842969416,0.6516234221152254,-0.0009330378182837995
11,1,11,Pz,1,0.5249342207088686,0.5321196409224578,-0.007185420213589144
11,1,20,Pz,1,0.5427935353076034,0.5389236249265807,0.00386991038102269
11,1,25,Pz,1,0.5936204304478556,0.5909528802025638,0.002667550245291861
11,1,27,Pz,1,0.47417009288868583,0.4760767219938074,-0.0019066291051215711
11,1,40,Pz,1,0.5328722580645161,0.527938064516129,0.004934193548387089
11,1,43,Pz,1,0.5668192675159236,0.565946788747346,0.0008724787685775448
11,1,45,Pz,1,0.5591008310540712,0.5613132495266147,-0.002212418472543498
11,1,50,Pz,1,0.6058473725060494,0.6167705337168424,-0.010923161210793064
11,1,56,Pz,1,0.5679679648241206,0.5659798994974874,0.001988065326633204
11,1,58,Pz,1,0.5715331610680447,0.5680878552971577,0.003445305770887086
11,1,62,Pz,1,0.6248346275524879,0.6277466206499857,-0.0029119930974977892
11,1,69,Pz,1,0.5375457266378451,0.5264383106085799,0.011107416029265127
11,1,5,P3,1,0.5433427672955975,0.5469685534591195,-0.003625786163522049
11,1,8,P3,1,0.5521567062423094,0.5530114070970102,-0.0008547008547008517
11,1,10,P3,1,0.6506903842969416,0.6460315640643509,0.004658820232590677
11,1,11,P3,1,0.5249342207088686,0.5203025847392044,0.004631635969664205
11,1,20,P3,1,0.5427935353076034,0.541665245646943,0.0011282896606604753
11,1,25,P3,1,0.5936204304478556,0.5959783984807723,-0.0023579680329166575
11,1,27,P3,1,0.47417009288868583,0.47446195624587584,-0.0002918633571900031
11,1,40,P3,1,0.5328722580645161,0.5280670967741936,0.0048051612903224905
11,1,43,P3,1,0.5668192675159236,0.5686969214437367,-0.0018776539278131388
11,1,45,P3,1,0.5591008310540712,0.5601404704923206,-0.0010396394382494734
11,1,50,P3,1,0.6058473725060494,0.597714924896133,0.008132447609916382
11,1,56,P3,1,0.5679679648241206,0.5657663316582915,0.002201633165829109
11,1,58,P3,1,0.5715331610680447,0.5726760750016564,-0.0011429139336116556
11,1,62,P3,1,0.6248346275524879,0.6265854184641931,-0.001750790911705269
11,1,69,P3,1,0.5375457266378451,0.5379714000665116,-0.0004256734286665065
11,1,5,P4,1,0.5433427672955975,0.5344496855345912,0.008893081761006338
11,1,8,P4,1,0.5521567062423094,0.5516778077089362,0.00047889853337323984
11,1,10,P4,1,0.6506903842969416,0.6441718572866113,0.006518527010330288
11,1,11,P4,1,0.5249342207088686,0.5139993809007893,0.0109348398080793
11,1,20,P4,1,0.5427935353076034,0.5457416775611512,-0.002948142253547781
11,1,25,P4,1,0.5936204304478556,0.5948379886057921,-0.0012175581579364492
11,1,27,P4,1,0.47417009288868583,0.4742145068778234,-4.441398913757055e-05
11,1,40,P4,1,0.5328722580645161,0.526141935483871,0.006730322580645098
11,1,43,P4,1,0.5668192675159236,0.5643710191082802,0.0024482484076433497
11,1,45,P4,1,0.5591008310540712,0.5586447046602145,0.00045612639385661513
11,1,50,P4,1,0.6058473725060494,0.6031080217321827,0.0027393507738666667
11,1,56,P4,1,0.5679679648241206,0.5643624371859297,0.0036055276381908863
11,1,58,P4,1,0.5715331610680447,0.5722354733982641,-0.0007023123302193346
11,1,62,P4,1,0.6248346275524879,0.6292421627840092,-0.004407535231521376
11,1,69,P4,1,0.5375457266378451,0.5434785500498835,-0.00593282341203849
11,1,5,T5,1,0.5433427672955975,0.5397421383647798,0.0036006289308176953
11,1,8,T5,1,0.5521567062423094,0.5482922611327281,0.0038644451095812826
11,1,10,T5,1,0.6506903842969416,0.6480918898951686,0.002598494401772955
11,1,11,T5,1,0.5249342207088686,0.5311484290357529,-0.006214208326884241
11,1,20,T5,1,0.5427935353076034,0.542244074347752,0.0005494609598514222
11,1,25,T5,1,0.5936204304478556,0.5927896027852508,0.0008308276626047828
11,1,27,T5,1,0.47417009288868583,0.47187325516471246,0.0022968377239733773
11,1,40,T5,1,0.5328722580645161,0.5367535483870968,-0.003881290322580666
11,1,43,T5,1,0.5668192675159236,0.566713110403397,0.00010615711252659477
11,1,45,T5,1,0.5591008310540712,0.5561791565853146,0.0029216744687565743
11,1,50,T5,1,0.6058473725060494,0.6077477971054194,-0.0019004245993700097
11,1,56,T5,1,0.5679679648241206,0.5662248743718592,0.0017430904522613977
11,1,58,T5,1,0.5715331610680447,0.5644106539455376,0.007122507122507171
11,1,62,T5,1,0.6248346275524879,0.6234649122807018,0.0013697152717860872
11,1,69,T5,1,0.5375457266378451,0.5393049551047555,-0.0017592284669104563
11,1,5,T6,1,0.5433427672955975,0.5474025157232705,-0.004059748427672982
11,1,8,T6,1,0.5521567062423094,0.5517343443413483,0.00042236190096112125
11,1,10,T6,1,0.6506903842969416,0.6354337829747665,0.0152566013221751
11,1,11,T6,1,0.5249342207088686,0.5201323324562761,0.004801888252592534
11,1,20,T6,1,0.5427935353076034,0.5401352810777014,0.0026582542299020684
11,1,25,T6,1,0.5936204304478556,0.5929735717676847,0.000646858680170892
11,1,27,T6,1,0.47417009288868583,0.4704900766458555,0.0036800162428303196
11,1,40,T6,1,0.5328722580645161,0.5298683870967742,0.003003870967741906
11,1,43,T6,1,0.5668192675159236,0.5655321125265393,0.0012871549893842538
11,1,45,T6,1,0.5591008310540712,0.5514132521565327,0.007687578897538461
11,1,50,T6,1,0.6058473725060494,0.6004371547276629,0.005410217778386461
11,1,56,T6,1,0.5679679648241206,0.5674371859296483,0.0005307788944722835
11,1,58,T6,1,0.5715331610680447,0.5717584310607567,-0.0002252699927119961
11,1,62,T6,1,0.6248346275524879,0.6217680471670981,0.003066580385389761
11,1,69,T6,1,0.5375457266378451,0.5327236448287329,0.004822081809112144
11,1,5,Oz,1,0.5433427672955975,0.5411918238993711,0.0021509433962263458
11,1,8,Oz,1,0.5521567062423094,0.5507333133792278,0.001423392863081574
11,1,10,Oz,1,0.6506903842969416,0.6487924643662348,0.0018979199307067596
11,1,11,Oz,1,0.5249342207088686,0.5296471134499303,-0.0047128927410616805
11,1,20,Oz,1,0.5427935353076034,0.54719111767938,-0.004397582371776565
11,1,25,Oz,1,0.5936204304478556,0.5913841193226776,0.00223631112517797
11,1,27,Oz,1,0.47417009288868583,0.4730248464544947,0.0011452464341911162
11,1,40,Oz,1,0.5328722580645161,0.535581935483871,-0.0027096774193549056
11,1,43,Oz,1,0.5668192675159236,0.5631966560509554,0.0036226114649682284
11,1,45,Oz,1,0.5591008310540712,0.5554501762045024,0.003650654849568724
11,1,50,Oz,1,0.6058473725060494,0.611046431995617,-0.00519905948956767
11,1,56,Oz,1,0.5679679648241206,0.5644786432160804,0.0034893216080401634
11,1,58,Oz,1,0.5715331610680447,0.565835155370039,0.005698005698005715
11,1,62,Oz,1,0.6248346275524879,0.6185217141213689,0.006312913431118949
11,1,69,Oz,1,0.5375457266378451,0.536285334220153,0.0012603924176920467
11,1,5,O1,1,0.5433427672955975,0.5441603773584905,-0.0008176100628930483
11,1,8,O1,1,0.5521567062423094,0.5518174864478367,0.00033921979447271156
11,1,10,O1,1,0.6506903842969416,0.6494038748137109,0.0012865094832307244
11,1,11,O1,1,0.5249342207088686,0.5232587834700512,0.0016754372388174676
11,1,20,O1,1,0.5427935353076034,0.5469855434926769,-0.004192008185073481
11,1,25,O1,1,0.5936204304478556,0.5939606741573034,-0.00034024370944774063
11,1,27,O1,1,0.47417009288868583,0.47461740520785745,-0.00044731231917161107
11,1,40,O1,1,0.5328722580645161,0.5333470967741936,-0.0004748387096774609
11,1,43,O1,1,0.5668192675159236,0.5682855626326964,-0.0014662951167727645
11,1,45,O1,1,0.5591008310540712,0.5589372830317694,0.0001635480223017849
11,1,50,O1,1,0.6058473725060494,0.6046032506962516,0.0012441218097977158
11,1,56,O1,1,0.5679679648241206,0.5679899497487437,-2.198492462313073e-05
11,1,58,O1,1,0.5715331610680447,0.5716358576823692,-0.0001026966143244934
11,1,62,O1,1,0.6248346275524879,0.6257010353753236,-0.0008664078228357575
11,1,69,O1,1,0.5375457266378451,0.5372331227136682,0.00031260392417686855
11,1,5,O2,1,0.5433427672955975,0.5415974842767295,0.0017452830188680046
11,1,8,O2,1,0.5521567062423094,0.5499950114736107,0.002161694768698652
11,1,10,O2,1,0.6506903842969416,0.6552664093647699,-0.004576025067828282
11,1,11,O2,1,0.5249342207088686,0.5211190218232472,0.003815198885621429
11,1,20,O2,1,0.5427935353076034,0.5470632259042423,-0.004269690596638842
11,1,25,O2,1,0.5936204304478556,0.5897432346890331,0.0038771957588225048
11,1,27,O2,1,0.47417009288868583,0.4763336886452464,-0.0021635957565605546
11,1,40,O2,1,0.5328722580645161,0.5269987096774194,0.00587354838709675
11,1,43,O2,1,0.5668192675159236,0.5699442675159236,-0.0031250000000000444
11,1,45,O2,1,0.5591008310540712,0.560122389806438,-0.001021558752366869
11,1,50,O2,1,0.6058473725060494,0.6114516276309182,-0.00560425512486884
11,1,56,O2,1,0.5679679648241206,0.5694723618090451,-0.0015043969849245498
11,1,58,O2,1,0.5715331610680447,0.5640363082223547,0.007496852845690016
11,1,62,O2,1,0.6248346275524879,0.6268622375611159,-0.0020276100086280557
11,1,69,O2,1,0.5375457266378451,0.5416594612570669,-0.0041137346192218205
11,1,5,Fp1+Fp2,2,0.5433427672955975,0.540440251572327,0.0029025157232704935
11,1,8,Fp1+Fp2,2,0.5521567062423094,0.552352921613622,-0.00019621537131264688
11,1,10,Fp1+Fp2,2,0.6506903842969416,0.659453934044098,-0.00876354974715643
11,1,11,Fp1+Fp2,2,0.5249342207088686,0.5236070267760409,0.0013271939328277638
11,1,20,Fp1+Fp2,2,0.5427935353076034,0.5429034274995737,-0.00010989219197021782
11,1,25,Fp1+Fp2,2,0.5936204304478556,0.5936412011394208,-2.0770691565141775e-05
11,1,27,Fp1+Fp2,2,0.47417009288868583,0.4664071620729912,0.007762930815694624
11,1,40,Fp1+Fp2,2,0.5328722580645161,0.5321496774193548,0.000722580645161286
11,1,43,Fp1+Fp2,2,0.5668192675159236,0.5894506369426752,-0.02263136942675159
11,1,45,Fp1+Fp2,2,0.5591008310540712,0.5535434856932464,0.00555734536082475
11,1,50,Fp1+Fp2,2,0.6058473725060494,0.6019552116148472,0.0038921608912021455
11,1,56,Fp1+Fp2,2,0.5679679648241206,0.5740860552763819,-0.0061180904522613044
11,1,58,Fp1+Fp2,2,0.5715331610680447,0.5595872258662957,0.011945935201749025
11,1,62,Fp1+Fp2,2,0.6248346275524879,0.6195247339660627,0.005309893586425196
11,1,69,Fp1+Fp2,2,0.5375457266378451,0.5277818423678085,0.009763884270036605
11,1,5,F7+F8+T3+T4,4,0.5433427672955975,0.5273710691823899,0.015971698113207644
11,1,8,F7+F8+T3+T4,4,0.5521567062423094,0.550976088330174,0.0011806179121354177
11,1,10,F7+F8+T3+T4,4,0.6506903842969416,0.6408855261314278,0.009804858165513797
11,1,11,F7+F8+T3+T4,4,0.5249342207088686,0.5375831914564309,-0.012648970747562216
11,1,20,F7+F8+T3+T4,4,0.5427935353076034,0.5239024991000208,0.01889103620758259
11,1,25,F7+F8+T3+T4,4,0.5936204304478556,0.5761868966608641,0.01743353378699153
11,1,27,F7+F8+T3+T4,4,0.47417009288868583,0.47958542713567837,-0.005415334246992531
11,1,40,F7+F8+T3+T4,4,0.5328722580645161,0.5594632258064516,-0.02659096774193548
11,1,43,F7+F8+T3+T4,4,0.5668192675159236,0.47837048832271767,0.08844877919320593
11,1,45,F7+F8+T3+T4,4,0.5591008310540712,0.5503826530612245,0.008718177992846687
11,1,50,F7+F8+T3+T4,4,0.6058473725060494,0.5854106743368488,0.020436698169200573
11,1,56,F7+F8+T3+T4,4,0.5679679648241206,0.5581532663316584,0.009814698492462193
11,1,58,F7+F8+T3+T4,4,0.5715331610680447,0.5627807592923872,0.008752401775657503
11,1,62,F7+F8+T3+T4,4,0.6248346275524879,0.5963474259419039,0.028487201610583934
11,1,69,F7+F8+T3+T4,4,0.5375457266378451,0.5337412703691387,0.003804456268706402
11,1,5,Fz+Cz+F3+F4,4,0.5433427672955975,0.5441415094339623,-0.0007987421383648385
11,1,8,Fz+Cz+F3+F4,4,0.5521567062423094,0.5673717117296884,-0.015215005487378974
11,1,10,Fz+Cz+F3+F4,4,0.6506903842969416,0.5242557988459627,0.12643458545097885
11,1,11,Fz+Cz+F3+F4,4,0.5249342207088686,0.500441108187587,0.024493112521281613
11,1,20,Fz+Cz+F3+F4,4,0.5427935353076034,0.539834972242748,0.002958563064855424
11,1,25,Fz+Cz+F3+F4,4,0.5936204304478556,0.5891666007279632,0.004453829719892388
11,1,27,Fz+Cz+F3+F4,4,0.47417009288868583,0.48218999035581955,-0.008019897467133719
11,1,40,Fz+Cz+F3+F4,4,0.5328722580645161,0.5260232258064517,0.006849032258064436
11,1,43,Fz+Cz+F3+F4,4,0.5668192675159236,0.5957039543524416,-0.028884686836518014
11,1,45,Fz+Cz+F3+F4,4,0.5591008310540712,0.5665837694613928,-0.007482938407321615
11,1,50,Fz+Cz+F3+F4,4,0.6058473725060494,0.5897365657672466,0.01611080673880272
11,1,56,Fz+Cz+F3+F4,4,0.5679679648241206,0.5394440954773869,0.028523869346733677
11,1,58,Fz+Cz+F3+F4,4,0.5715331610680447,0.5726263830914993,-0.001093222023454521
11,1,62,Fz+Cz+F3+F4,4,0.6248346275524879,0.6329774230658614,-0.00814279551337349
11,1,69,Fz+Cz+F3+F4,4,0.5375457266378451,0.5493548387096774,-0.011809112071832328
11,1,5,T5+T6+P3+P4,4,0.5433427672955975,0.5318207547169811,0.011522012578616403
11,1,8,T5+T6+P3+P4,4,0.5521567062423094,0.5429578635804316,0.00919884266187776
11,1,10,T5+T6+P3+P4,4,0.6506903842969416,0.6198109722699886,0.03087941202695299
11,1,11,T5+T6+P3+P4,4,0.5249342207088686,0.5104937316204922,0.014440489088376474
11,1,20,T5+T6+P3+P4,4,0.5427935353076034,0.5397923416510355,0.0030011936565679243
11,1,25,T5+T6+P3+P4,4,0.5936204304478556,0.5928835654375693,0.0007368650102863583
11,1,27,T5+T6+P3+P4,4,0.47417009288868583,0.46955421044617024,0.004615882442515595
11,1,40,T5+T6+P3+P4,4,0.5328722580645161,0.5205832258064516,0.012289032258064547
11,1,43,T5+T6+P3+P4,4,0.5668192675159236,0.5640525477707006,0.002766719745223023
11,1,45,T5+T6+P3+P4,4,0.5591008310540712,0.5469103395224069,0.012190491531664294
11,1,50,T5+T6+P3+P4,4,0.6058473725060494,0.5842293293156189,0.02161804319043048
11,1,56,T5+T6+P3+P4,4,0.5679679648241206,0.5546827889447237,0.013285175879396927
11,1,58,T5+T6+P3+P4,4,0.5715331610680447,0.5653514874445107,0.006181673623534056
11,1,62,T5+T6+P3+P4,4,0.6248346275524879,0.6290552200172562,-0.004220592464768358
11,1,69,T5+T6+P3+P4,4,0.5375457266378451,0.5451679414699035,-0.007622214832058494
11,1,5,O1+O2+Oz+Pz,4,0.5433427672955975,0.5400251572327044,0.003317610062893106
11,1,8,O1+O2+Oz+Pz,4,0.5521567062423094,0.5503242542153048,0.0018324520270045497
11,1,10,O1+O2+Oz+Pz,4,0.6506903842969416,0.6528749028749028,-0.002184518577961203
11,1,11,O1+O2+Oz+Pz,4,0.5249342207088686,0.5289622349481504,-0.004028014239281785
11,1,20,O1+O2+Oz+Pz,4,0.5427935353076034,0.549398434983611,-0.006604899676007525
11,1,25,O1+O2+Oz+Pz,4,0.5936204304478556,0.5835149944611489,0.010105435986706768
11,1,27,O1+O2+Oz+Pz,4,0.47417009288868583,0.4773361758286381,-0.0031660829399522417
11,1,40,O1+O2+Oz+Pz,4,0.5328722580645161,0.5273341935483871,0.005538064516129038
11,1,43,O1+O2+Oz+Pz,4,0.5668192675159236,0.5652766719745224,0.0015425955414012371
11,1,45,O1+O2+Oz+Pz,4,0.5591008310540712,0.5580768067536293,0.0010240243004419058
11,1,50,O1+O2+Oz+Pz,4,0.6058473725060494,0.6229968497466101,-0.017149477240560707
11,1,56,O1+O2+Oz+Pz,4,0.5679679648241206,0.5646482412060301,0.00331972361809052
11,1,58,O1+O2+Oz+Pz,4,0.5715331610680447,0.5608295236202212,0.010703637447823544
11,1,62,O1+O2+Oz+Pz,4,0.6248346275524879,0.6258987633016968,-0.0010641357492089387
11,1,69,O1+O2+Oz+Pz,4,0.5375457266378451,0.5278583305620219,0.00968739607582314
11,2,4,Fp1,1,0.5554080310880829,0.5551381692573403,0.0002698618307426237
11,2,6,Fp1,1,0.5615621895749464,0.5627542217807289,-0.0011920322057824562
11,2,9,Fp1,1,0.5162393162393162,0.5169825343738388,-0.0007432181345226052
11,2,16,Fp1,1,0.5655605670103093,0.5700741636860931,-0.004513596675783771
11,2,31,Fp1,1,0.5729747945802897,0.5725803094428641,0.0003944851374255709
11,2,32,Fp1,1,0.687403125,0.68306875,0.004334375000000001
11,2,46,Fp1,1,0.5306420312780288,0.5372017742698261,-0.0065597429917972905
11,2,47,Fp1,1,0.507988110137672,0.5071996245306634,0.0007884856070086155
11,2,55,Fp1,1,0.5337757123710739,0.5291139793718315,0.0046617329992424406
11,2,59,Fp1,1,0.5729467136408676,0.5689098682520459,0.004036845388821653
11,2,63,Fp1,1,0.5126131153794531,0.5114581199358571,0.0011549954435959853
11,2,65,Fp1,1,0.6439453477286197,0.6449019557319179,-0.0009566080032982205
11,2,67,Fp1,1,0.4981312814070351,0.49091394472361805,0.007217336683417064
11,2,68,Fp1,1,0.6939782042861661,0.6995791675788757,-0.005600963292709649
11,2,70,Fp1,1,0.5274686451157039,0.5280427486309839,-0.0005741035152799778
11,2,4,Fp2,1,0.5554080310880829,0.5574888733891324,-0.002080842301049546
11,2,6,Fp2,1,0.5615621895749464,0.561300779003503,0.0002614105714434656
11,2,9,Fp2,1,0.5162393162393162,0.5164065403195839,-0.00016722408026770275
11,2,16,Fp2,1,0.5655605670103093,0.5672502892909741,-0.0016897222806647738
11,2,31,Fp2,1,0.5729747945802897,0.5724346076458753,0.0005401869344143773
11,2,32,Fp2,1,0.687403125,0.686115625,0.001287499999999997
11,2,46,Fp2,1,0.5306420312780288,0.5308295689894164,-0.00018753771138757536
11,2,47,Fp2,1,0.507988110137672,0.5046652065081352,0.0033229036295367997
11,2,55,Fp2,1,0.5337757123710739,0.5337028727929608,7.283957811310415e-05
11,2,59,Fp2,1,0.5729467136408676,0.5746403537744506,-0.0016936401335829743
11,2,63,Fp2,1,0.5126131153794531,0.5119844022633672,0.0006287131160859216
11,2,65,Fp2,1,0.6439453477286197,0.6416520652425983,0.002293282486021342
11,2,67,Fp2,1,0.4981312814070351,0.5037971105527639,-0.0056658291457287735
11,2,68,Fp2,1,0.6939782042861661,0.6941119949402808,-0.00013379065411467383
11,2,70,Fp2,1,0.5274686451157039,0.5281948615281948,-0.000726216412490932
11,2,4,Fz,1,0.5554080310880829,0.5547578716620167,0.0006501594260661658
11,2,6,Fz,1,0.5615621895749464,0.5577299105975846,0.003832278977361825
11,2,9,Fz,1,0.5162393162393162,0.5158491267186919,0.0003901895206243067
11,2,16,Fz,1,0.5655605670103093,0.5633317115505996,0.0022288554597097443
11,2,31,Fz,1,0.5729747945802897,0.579450099612453,-0.006475305032163314
11,2,32,Fz,1,0.687403125,0.685859375,0.0015437499999999549
11,2,46,Fz,1,0.5306420312780288,0.5264795094665774,0.004162521811451381
11,2,47,Fz,1,0.507988110137672,0.5070682102628286,0.0009198998748434217
11,2,55,Fz,1,0.5337757123710739,0.5318964512557542,0.0018792611153196637
11,2,59,Fz,1,0.5729467136408676,0.5776202796432897,-0.00467356600242208
11,2,63,Fz,1,0.5126131153794531,0.5144674658622906,-0.0018543504828375523
11,2,65,Fz,1,0.6439453477286197,0.6398032672833621,0.0041420804452575455
11,2,67,Fz,1,0.4981312814070351,0.4942179648241206,0.0039133165829144945
11,2,68,Fz,1,0.6939782042861661,0.6913023912038726,0.0026758130822934767
11,2,70,Fz,1,0.5274686451157039,0.5239307935386366,0.003537851577067319
11,2,4,F3,1,0.5554080310880829,0.5512812209379567,0.00412681015012617
11,2,6,F3,1,0.5615621895749464,0.5548805353688503,0.0066816542060961215
11,2,9,F3,1,0.5162393162393162,0.5011334076551468,0.01510590858416938
11,2,16,F3,1,0.5655605670103093,0.5656953503050705,-0.0001347832947611316
11,2,31,F3,1,0.5729747945802897,0.5661456423268676,0.006829152253422066
11,2,32,F3,1,0.687403125,0.6837249999999999,0.0036781250000000876
11,2,46,F3,1,0.5306420312780288,0.5129115637383604,0.017730467539668338
11,2,47,F3,1,0.507988110137672,0.4955068836045057,0.0124812265331663
11,2,55,F3,1,0.5337757123710739,0.5415841151448051,-0.007808402773731182
11,2,59,F3,1,0.5729467136408676,0.5701411060956365,0.0028056075452310703
11,2,63,F3,1,0.5126131153794531,0.5191722179444613,-0.006559102565008246
11,2,65,F3,1,0.6439453477286197,0.6404635522688036,0.003481795459816084
11,2,67,F3,1,0.4981312814070351,0.5029679648241205,-0.00483668341708543
11,2,68,F3,1,0.6939782042861661,0.6857196720912696,0.008258532194896473
11,2,70,F3,1,0.5274686451157039,0.5303735107656677,-0.0029048656499638392
11,2,4,F4,1,0.5554080310880829,0.5548691377706921,0.0005388933173907651
11,2,6,F4,1,0.5615621895749464,0.5581743085690385,0.0033878810059079223
11,2,9,F4,1,0.5162393162393162,0.5124860646599777,0.003753251579338479
11,2,16,F4,1,0.5655605670103093,0.5751959288870188,-0.009635361876709436
11,2,31,F4,1,0.5729747945802897,0.5736121160460299,-0.0006373214657402482
11,2,32,F4,1,0.687403125,0.6748343750000001,0.012568749999999906
11,2,46,F4,1,0.5306420312780288,0.5434516723471567,-0.012809641069127964
11,2,47,F4,1,0.507988110137672,0.5230976220275345,-0.015109511889862537
11,2,55,F4,1,0.5337757123710739,0.538772507429637,-0.004996795058563097
11,2,59,F4,1,0.5729467136408676,0.5700741311607765,0.002872582480091035
11,2,63,F4,1,0.5126131153794531,0.5146793916317578,-0.0020662762523047107
11,2,65,F4,1,0.6439453477286197,0.6459197608802082,-0.0019744131515885277
11,2,67,F4,1,0.4981312814070351,0.4921827889447236,0.005948492462311494
11,2,68,F4,1,0.6939782042861661,0.6948600063246491,-0.0008818020384829817
11,2,70,F4,1,0.5274686451157039,0.5279838662191604,-0.0005152211034564758
11,2,4,F7,1,0.5554080310880829,0.5506592932111066,0.004748737876976272
11,2,6,F7,1,0.5615621895749464,0.5613687457520783,0.00019344382286812234
11,2,9,F7,1,0.5162393162393162,0.5183946488294313,-0.0021553325901151332
11,2,16,F7,1,0.5655605670103093,0.5579403797601514,0.007620187250157895
11,2,31,F7,1,0.5729747945802897,0.5519947269825851,0.020980067597704544
11,2,32,F7,1,0.687403125,0.684009375,0.003393749999999973
11,2,46,F7,1,0.5306420312780288,0.5251708223936334,0.00547120888439534
11,2,47,F7,1,0.507988110137672,0.5005632040050063,0.007424906132665665
11,2,55,F7,1,0.5337757123710739,0.5326831186993765,0.0010925936716974505
11,2,59,F7,1,0.5729467136408676,0.5566947410914163,0.01625197254945132
11,2,63,F7,1,0.5126131153794531,0.5227678918330874,-0.010154776453634273
11,2,65,F7,1,0.6439453477286197,0.6457297276404957,-0.0017843799118760773
11,2,67,F7,1,0.4981312814070351,0.4939258793969849,0.004205402010050208
11,2,68,F7,1,0.6939782042861661,0.6790970347125934,0.014881169573572661
11,2,70,F7,1,0.5274686451157039,0.521300712477183,0.00616793263852089
11,2,4,F8,1,0.5554080310880829,0.5480528430981798,0.007355187989903089
11,2,6,F8,1,0.5615621895749464,0.5569456788832541,0.004616510691692333
11,2,9,F8,1,0.5162393162393162,0.5114641397250093,0.0047751765143069225
11,2,16,F8,1,0.5655605670103093,0.5601363612455292,0.005424205764780088
11,2,31,F8,1,0.5729747945802897,0.57009148486981,0.0028833097104796757
11,2,32,F8,1,0.687403125,0.6755374999999999,0.011865625000000102
11,2,46,F8,1,0.5306420312780288,0.5380538477846089,-0.007411816506580071
11,2,47,F8,1,0.507988110137672,0.5095525657071339,-0.0015644555694619422
11,2,55,F8,1,0.5337757123710739,0.5339578113163569,-0.00018209894528298243
11,2,59,F8,1,0.5729467136408676,0.5683988403244156,0.004547873316452011
11,2,63,F8,1,0.5126131153794531,0.5065873593342706,0.006025756045182518
11,2,65,F8,1,0.6439453477286197,0.6487831430853668,-0.00483779535674711
11,2,67,F8,1,0.4981312814070351,0.4952324120603015,0.0028988693467336124
11,2,68,F8,1,0.6939782042861661,0.6995730861855067,-0.0055948818993406535
11,2,70,F8,1,0.5274686451157039,0.5217030756246442,0.005765569491059663
11,2,4,Cz,1,0.5554080310880829,0.5583358243656171,-0.0029277932775342297
11,2,6,Cz,1,0.5615621895749464,0.5636848434150676,-0.0021226538401212247
11,2,9,Cz,1,0.5162393162393162,0.5136752136752136,0.002564102564102555
11,2,16,Cz,1,0.5655605670103093,0.5671253681885124,-0.0015648011782031235
11,2,31,Cz,1,0.5729747945802897,0.5727101525408609,0.0002646420394287752
11,2,32,Cz,1,0.687403125,0.6849,0.0025031250000000504
11,2,46,Cz,1,0.5306420312780288,0.5293211134847768,0.0013209177932519411
11,2,47,Cz,1,0.507988110137672,0.5028879849812264,0.005100125156445534
11,2,55,Cz,1,0.5337757123710739,0.5253481731833809,0.008427539187693012
11,2,59,Cz,1,0.5729467136408676,0.5721916400601856,0.000755073580681942
11,2,63,Cz,1,0.5126131153794531,0.5102430788575788,0.002370036521874286
11,2,65,Cz,1,0.6439453477286197,0.6428437991187612,0.0011015486098584493
11,2,67,Cz,1,0.4981312814070351,0.4935050251256282,0.004626256281406893
11,2,68,Cz,1,0.6939782042861661,0.6926220535649128,0.0013561507212532797
11,2,70,Cz,1,0.5274686451157039,0.5334353961804943,-0.005966751064790388
11,2,4,C3,1,0.5554080310880829,0.5562690979141757,-0.0008610668260927712
11,2,6,C3,1,0.5615621895749464,0.5624405290949965,-0.0008783395200501198
11,2,9,C3,1,0.5162393162393162,0.5212188777406168,-0.004979561501300633
11,2,16,C3,1,0.5655605670103093,0.5626742320639595,0.0028863349463498222
11,2,31,C3,1,0.5729747945802897,0.5718904560367128,0.0010843385435768127
11,2,32,C3,1,0.687403125,0.6845375,0.0028656249999999828
11,2,46,C3,1,0.5306420312780288,0.5245389018443927,0.006103129433636112
11,2,47,C3,1,0.507988110137672,0.5053097622027534,0.0026783479349186123
11,2,55,C3,1,0.5337757123710739,0.5328287978556028,0.0009469145154711311
11,2,59,C3,1,0.5729467136408676,0.5715925355058902,0.0013541781349774018
11,2,63,C3,1,0.5126131153794531,0.5105185823578862,0.0020945330215669244
11,2,65,C3,1,0.6439453477286197,0.6385728825787833,0.0053724651498363585
11,2,67,C3,1,0.4981312814070351,0.4988222361809045,-0.0006909547738693789
11,2,68,C3,1,0.6939782042861661,0.6949998783721326,-0.0010216740859665396
11,2,70,C3,1,0.5274686451157039,0.5319829633555123,-0.0045143182398084125
11,2,4,C4,1,0.5554080310880829,0.5582403347947389,-0.002832303706655992
11,2,6,C4,1,0.5615621895749464,0.562064097872118,-0.0005019082971715605
11,2,9,C4,1,0.5162393162393162,0.5147714604236344,0.0014678558156817623
11,2,16,C4,1,0.5655605670103093,0.559146854618136,0.006413712392173365
11,2,31,C4,1,0.5729747945802897,0.5752901646331189,-0.0023153700528292243
11,2,32,C4,1,0.687403125,0.6890093749999999,-0.0016062499999999202
11,2,46,C4,1,0.5306420312780288,0.530699107972799,-5.7076694770175074e-05
11,2,47,C4,1,0.507988110137672,0.5076126408010012,0.000375469336670764
11,2,55,C4,1,0.5337757123710739,0.5363833692675252,-0.0026076568964512603
11,2,59,C4,1,0.5729467136408676,0.5723705457080994,0.0005761679327681568
11,2,63,C4,1,0.5126131153794531,0.5107446365119844,0.0018684788674686592
11,2,65,C4,1,0.6439453477286197,0.6416907160710145,0.0022546316576051995
11,2,67,C4,1,0.4981312814070351,0.4978015075376885,0.0003297738693466279
11,2,68,C4,1,0.6939782042861661,0.6937288671580433,0.0002493371281228063
11,2,70,C4,1,0.5274686451157039,0.528440204910793,-0.0009715597950891164
11,2,4,T3,1,0.5554080310880829,0.5645783512687658,-0.009170320180682867
11,2,6,T3,1,0.5615621895749464,0.5521723218486956,0.009389867726250833
11,2,9,T3,1,0.5162393162393162,0.5249163879598663,-0.0086770717205501
11,2,16,T3,1,0.5655605670103093,0.5881614243635599,-0.02260085735325057
11,2,31,T3,1,0.5729747945802897,0.5938388954416152,-0.020864100861325507
11,2,32,T3,1,0.687403125,0.68728125,0.00012187500000004903
11,2,46,T3,1,0.5306420312780288,0.5372547740578268,-0.006612742779798064
11,2,47,T3,1,0.507988110137672,0.5224311639549437,-0.014443053817271734
11,2,55,T3,1,0.5337757123710739,0.519710389837422,0.014065322533651892
11,2,59,T3,1,0.5729467136408676,0.5646152152372563,0.008331498403611248
11,2,63,T3,1,0.5126131153794531,0.4902231578352489,0.022389957544204198
11,2,65,T3,1,0.6439453477286197,0.6262239428998428,0.01772140482877682
11,2,67,T3,1,0.4981312814070351,0.49629396984924623,0.0018373115577888788
11,2,68,T3,1,0.6939782042861661,0.6957296455763944,-0.001751441290228306
11,2,70,T3,1,0.5274686451157039,0.5124143751594732,0.015054269956230715
11,2,4,T4,1,0.5554080310880829,0.5480354058721935,0.007372625215889439
11,2,6,T4,1,0.5615621895749464,0.5648193652951325,-0.003257175720186134
11,2,9,T4,1,0.5162393162393162,0.5166295057599405,-0.0003901895206243067
11,2,16,T4,1,0.5655605670103093,0.5397643593519882,0.025796207658321135
11,2,31,T4,1,0.5729747945802897,0.5721808684620036,0.0007939261182861035
11,2,32,T4,1,0.687403125,0.671296875,0.01610624999999999
11,2,46,T4,1,0.5306420312780288,0.5120717209438855,0.018570310334143247
11,2,47,T4,1,0.507988110137672,0.49688673341677103,0.011101376720900946
11,2,55,T4,1,0.5337757123710739,0.53087669716217,0.002899015208903899
11,2,59,T4,1,0.5729467136408676,0.5783450768835553,-0.00539836324268772
11,2,63,T4,1,0.5126131153794531,0.5087278096058887,0.0038853057735643848
11,2,65,T4,1,0.6439453477286197,0.6365276095750985,0.007417738153521203
11,2,67,T4,1,0.4981312814070351,0.5225188442211055,-0.024387562814070396
11,2,68,T4,1,0.6939782042861661,0.6851662652947044,0.00881193899146171
11,2,70,T4,1,0.5274686451157039,0.5305403442658344,-0.0030716991501305024
11,2,4,Pz,1,0.5554080310880829,0.5546872924139763,0.0007207386741066024
11,2,6,Pz,1,0.5615621895749464,0.5604747215977414,0.0010874679772050477
11,2,9,Pz,1,0.5162393162393162,0.5138981791155705,0.002341137123745729
11,2,16,Pz,1,0.5655605670103093,0.560379628655586,0.00518093835472333
11,2,31,Pz,1,0.5729747945802897,0.5708160291800062,0.00215876540028348
11,2,32,Pz,1,0.687403125,0.687153125,0.00024999999999997247
11,2,46,Pz,1,0.5306420312780288,0.5298714958986318,0.0007705353793969749
11,2,47,Pz,1,0.507988110137672,0.5063329161451815,0.001655193992490478
11,2,55,Pz,1,0.5337757123710739,0.5329599090962065,0.0008158032748674104
11,2,59,Pz,1,0.5729467136408676,0.5717962127050534,0.0011505009358141471
11,2,63,Pz,1,0.5126131153794531,0.5206486341384158,-0.00803551875896269
11,2,65,Pz,1,0.6439453477286197,0.6443576232317245,-0.00041227550310485306
11,2,67,Pz,1,0.4981312814070351,0.4957129396984925,0.002418341708542604
11,2,68,Pz,1,0.6939782042861661,0.6983142377581553,-0.004336033471989187
11,2,70,Pz,1,0.5274686451157039,0.5329005476064299,-0.005431902490726004
11,2,4,P3,1,0.5554080310880829,0.5563795336787565,-0.0009715025906735786
11,2,6,P3,1,0.5615621895749464,0.5586187065404925,0.0029434830344539087
11,2,9,P3,1,0.5162393162393162,0.5129319955406912,0.003307320698624938
11,2,16,P3,1,0.5655605670103093,0.5634927940248264,0.0020677729854828852
11,2,31,P3,1,0.5729747945802897,0.5694611015848787,0.003513692995410933
11,2,32,P3,1,0.687403125,0.6891531249999999,-0.0017499999999999183
11,2,46,P3,1,0.5306420312780288,0.5317387191989693,-0.0010966879209405311
11,2,47,P3,1,0.507988110137672,0.5113391739674593,-0.0033510638297873374
11,2,55,P3,1,0.5337757123710739,0.5313137346308491,0.00246197774022483
11,2,59,P3,1,0.5729467136408676,0.5690566626298212,0.003890051011046336
11,2,63,P3,1,0.5126131153794531,0.5100276209919539,0.002585494387499221
11,2,65,P3,1,0.6439453477286197,0.647105052951635,-0.003159705223015341
11,2,67,P3,1,0.4981312814070351,0.49456658291457284,0.0035646984924622704
11,2,68,P3,1,0.6939782042861661,0.6925794838113308,0.0013987204748352466
11,2,70,P3,1,0.5274686451157039,0.5309770554868594,-0.003508410371155457
11,2,4,P4,1,0.5554080310880829,0.5532283778397767,0.002179653248306157
11,2,6,P4,1,0.5615621895749464,0.5571809483975532,0.004381241177393247
11,2,9,P4,1,0.5162393162393162,0.5125603864734299,0.0036789297658862408
11,2,16,P4,1,0.5655605670103093,0.5683581422259625,-0.0027975752156531586
11,2,31,P4,1,0.5729747945802897,0.5715931054306133,0.0013816891496764017
11,2,32,P4,1,0.687403125,0.69505,-0.007646874999999942
11,2,46,P4,1,0.5306420312780288,0.5299041111527862,0.0007379201252425416
11,2,47,P4,1,0.507988110137672,0.5089392991239049,-0.0009511889862329204
11,2,55,P4,1,0.5337757123710739,0.5424873259134083,-0.008711613542334407
11,2,59,P4,1,0.5729467136408676,0.5759706778230393,-0.0030239641821717678
11,2,63,P4,1,0.5126131153794531,0.5152127381515834,-0.0025996227721303278
11,2,65,P4,1,0.6439453477286197,0.6419741554793992,0.001971192249220488
11,2,67,P4,1,0.4981312814070351,0.504038944723618,-0.0059076633165828785
11,2,68,P4,1,0.6939782042861661,0.6949633900119194,-0.0009851857257533458
11,2,70,P4,1,0.5274686451157039,0.5239602347445484,0.003508410371155457
11,2,4,T5,1,0.5554080310880829,0.5615874518400426,-0.006179420751959652
11,2,6,T5,1,0.5615621895749464,0.57204998170126,-0.010487792126313566
11,2,9,T5,1,0.5162393162393162,0.5321070234113712,-0.01586770717205499
11,2,16,T5,1,0.5655605670103093,0.5660240900483906,-0.0004635230380812816
11,2,31,T5,1,0.5729747945802897,0.5707595325648472,0.0022152620154424207
11,2,32,T5,1,0.687403125,0.6740750000000001,0.013328124999999913
11,2,46,T5,1,0.5306420312780288,0.5278819653952154,0.0027600658828134117
11,2,47,T5,1,0.507988110137672,0.5096683354192741,-0.0016802252816021657
11,2,55,T5,1,0.5337757123710739,0.5279048423751529,0.005870869995921013
11,2,59,T5,1,0.5729467136408676,0.5621912730742413,0.010755440566626251
11,2,63,T5,1,0.5126131153794531,0.5212950077352906,-0.008681892355837495
11,2,65,T5,1,0.6439453477286197,0.6344404648406298,0.009504882887989896
11,2,67,T5,1,0.4981312814070351,0.49140075376884423,0.006730527638190875
11,2,68,T5,1,0.6939782042861661,0.6823262545914519,0.01165194969471417
11,2,70,T5,1,0.5274686451157039,0.5253635988930107,0.002105046222693252
11,2,4,T6,1,0.5554080310880829,0.5546872924139764,0.0007207386741064914
11,2,6,T6,1,0.5615621895749464,0.5594081664662519,0.0021540231086945028
11,2,9,T6,1,0.5162393162393162,0.5042363433667781,0.012002972872538042
11,2,16,T6,1,0.5655605670103093,0.5502445823690301,0.015315984641279257
11,2,31,T6,1,0.5729747945802897,0.5661793420622255,0.006795452518064127
11,2,32,T6,1,0.687403125,0.676221875,0.011181250000000031
11,2,46,T6,1,0.5306420312780288,0.5314941047928116,-0.0008520735147827807
11,2,47,T6,1,0.507988110137672,0.5081070087609512,-0.00011889862327918443
11,2,55,T6,1,0.5337757123710739,0.5440970805897093,-0.010321368218635385
11,2,59,T6,1,0.5729467136408676,0.571438401409226,0.0015083122316416064
11,2,63,T6,1,0.5126131153794531,0.5127755918027112,-0.00016247642325806222
11,2,65,T6,1,0.6439453477286197,0.6443705068411967,-0.00042515911257701156
11,2,67,T6,1,0.4981312814070351,0.4951256281407035,0.0030056532663316204
11,2,68,T6,1,0.6939782042861661,0.6878116714101535,0.006166532876012543
11,2,70,T6,1,0.5274686451157039,0.5260309328936781,0.001437712222025822
11,2,4,Oz,1,0.5554080310880829,0.5525591204995349,0.0028489105885479704
11,2,6,Oz,1,0.5615621895749464,0.5602812777748731,0.001280911800073281
11,2,9,Oz,1,0.5162393162393162,0.5376625789669268,-0.021423262727610637
11,2,16,Oz,1,0.5655605670103093,0.5582987060803704,0.007261860929938968
11,2,31,Oz,1,0.5729747945802897,0.5710608478456949,0.0019139467345947736
11,2,32,Oz,1,0.687403125,0.6835968750000001,0.0038062499999999
11,2,46,Oz,1,0.5306420312780288,0.5302628789484842,0.000379152329544552
11,2,47,Oz,1,0.507988110137672,0.5146526908635795,-0.006664580725907476
11,2,55,Oz,1,0.5337757123710739,0.5337902802866966,-1.4567915622709648e-05
11,2,59,Oz,1,0.5729467136408676,0.5739192263936291,-0.0009725127527615562
11,2,63,Oz,1,0.5126131153794531,0.5009960511164956,0.0116170642629575
11,2,65,Oz,1,0.6439453477286197,0.6493596846092402,-0.0054143368806205405
11,2,67,Oz,1,0.4981312814070351,0.494252512562814,0.0038787688442211143
11,2,68,Oz,1,0.6939782042861661,0.6882008805857598,0.005777323700406289
11,2,70,Oz,1,0.5274686451157039,0.5332587489450235,-0.005790103829319548
11,2,4,O1,1,0.5554080310880829,0.554294539657234,0.001113491430848934
11,2,6,O1,1,0.5615621895749464,0.5596382077691222,0.0019239818058242042
11,2,9,O1,1,0.5162393162393162,0.5141397250092903,0.002099591230025899
11,2,16,O1,1,0.5655605670103093,0.567493556701031,-0.0019329896907216426
11,2,31,O1,1,0.5729747945802897,0.5725644507438721,0.00041034383641758154
11,2,32,O1,1,0.687403125,0.68669375,0.0007093750000000121
11,2,46,O1,1,0.5306420312780288,0.5318284111478939,-0.0011863798698651395
11,2,47,O1,1,0.507988110137672,0.5092991239048811,-0.0013110137672091016
11,2,55,O1,1,0.5337757123710739,0.5308475613309248,0.0029281510401490962
11,2,59,O1,1,0.5729467136408676,0.573189841829058,-0.00024312818819038906
11,2,63,O1,1,0.5126131153794531,0.521058357292719,-0.0084452419132659
11,2,65,O1,1,0.6439453477286197,0.6442899842819965,-0.0003446365533767981
11,2,67,O1,1,0.4981312814070351,0.4957506281407035,0.0023806532663316338
11,2,68,O1,1,0.6939782042861661,0.6939599601060595,1.8244180106541386e-05
11,2,70,O1,1,0.5274686451157039,0.5287640581758228,-0.0012954130601189329
11,2,4,O2,1,0.5554080310880829,0.557332768699349,-0.001924737611266103
11,2,6,O2,1,0.5615621895749464,0.5574057614889947,0.0041564280859517355
11,2,9,O2,1,0.5162393162393162,0.5159791898922333,0.0002601263470828341
11,2,16,O2,1,0.5655605670103093,0.5693443614559225,-0.0037837944456131645
11,2,31,O2,1,0.5729747945802897,0.5742553845238921,-0.0012805899436024726
11,2,32,O2,1,0.687403125,0.692034375,-0.004631249999999976
11,2,46,O2,1,0.5306420312780288,0.5338872490663884,-0.0032452177883596223
11,2,47,O2,1,0.507988110137672,0.5043961201501878,0.003591989987484223
11,2,55,O2,1,0.5337757123710739,0.5371263329642796,-0.0033506205932056776
11,2,59,O2,1,0.5729467136408676,0.5749477045029175,-0.0020009908620499672
11,2,63,O2,1,0.5126131153794531,0.5125248129755084,8.830240394464006e-05
11,2,65,O2,1,0.6439453477286197,0.6417068205828544,0.0022385271457652234
11,2,67,O2,1,0.4981312814070351,0.5027041457286432,-0.004572864321608083
11,2,68,O2,1,0.6939782042861661,0.6888576710695955,0.0051205332165705775
11,2,70,O2,1,0.5274686451157039,0.5217521443011639,0.005716500814540004
11,2,4,Fp1+Fp2,2,0.5554080310880829,0.5570355055134848,-0.001627474425401898
11,2,6,Fp1+Fp2,2,0.5615621895749464,0.5621634338892665,-0.0006012443143200707
11,2,9,Fp1+Fp2,2,0.5162393162393162,0.5176700111482719,-0.0014306949089557541
11,2,16,Fp1+Fp2,2,0.5655605670103093,0.5710702451083526,-0.005509678098043258
11,2,31,Fp1+Fp2,2,0.5729747945802897,0.5724554221883023,0.0005193723919874049
11,2,32,Fp1+Fp2,2,0.687403125,0.6819031249999999,0.00550000000000006
11,2,46,Fp1+Fp2,2,0.5306420312780288,0.5377480797769116,-0.007106048498882855
11,2,47,Fp1+Fp2,2,0.507988110137672,0.5052596996245307,0.0027284105131413217
11,2,55,Fp1+Fp2,2,0.5337757123710739,0.5292232387390012,0.004552473632072673
11,2,59,Fp1+Fp2,2,0.5729467136408676,0.5714650078901978,0.0014817057506697484
11,2,63,Fp1+Fp2,2,0.5126131153794531,0.5111578917624453,0.0014552236170077837
11,2,65,Fp1+Fp2,2,0.6439453477286197,0.6419934808936071,0.0019518668350125834
11,2,67,Fp1+Fp2,2,0.4981312814070351,0.4981438442211056,-1.256281407047144e-05
11,2,68,Fp1+Fp2,2,0.6939782042861661,0.7001264929820721,-0.006148288695906001
11,2,70,Fp1+Fp2,2,0.5274686451157039,0.5272478360713654,0.00022080904433852133
11,2,4,F7+F8+T3+T4,4,0.5554080310880829,0.5440829679819317,0.011325063106151223
11,2,6,F7+F8+T3+T4,4,0.5615621895749464,0.5537512417002144,0.007810947874732022
11,2,9,F7+F8+T3+T4,4,0.5162393162393162,0.5253065774804906,-0.009067261241174407
11,2,16,F7+F8+T3+T4,4,0.5655605670103093,0.5510467073427309,0.014513859667578455
11,2,31,F7+F8+T3+T4,4,0.5729747945802897,0.5758650424715782,-0.0028902478912885554
11,2,32,F7+F8+T3+T4,4,0.687403125,0.6623500000000001,0.0250531249999999
11,2,46,F7+F8+T3+T4,4,0.5306420312780288,0.5170088550415028,0.013633176236525935
11,2,47,F7+F8+T3+T4,4,0.507988110137672,0.5088141426783479,-0.000826032540675925
11,2,55,F7+F8+T3+T4,4,0.5337757123710739,0.5096075403531263,0.02416817201794763
11,2,59,F7+F8+T3+T4,4,0.5729467136408676,0.5513716099673382,0.021575103673529328
11,2,63,F7+F8+T3+T4,4,0.5126131153794531,0.49154416179826077,0.021068953581192318
11,2,65,F7+F8+T3+T4,4,0.6439453477286197,0.6357835811280887,0.008161766600530918
11,2,67,F7+F8+T3+T4,4,0.4981312814070351,0.5264038944723618,-0.02827261306532669
11,2,68,F7+F8+T3+T4,4,0.6939782042861661,0.6806295458415432,0.013348658444622852
11,2,70,F7+F8+T3+T4,4,0.5274686451157039,0.4970460656735166,0.030422579442187292
11,2,4,Fz+Cz+F3+F4,4,0.5554080310880829,0.5490965856250831,0.006311445462999776
11,2,6,Fz+Cz+F3+F4,4,0.5615621895749464,0.5465624509855178,0.014999738589428602
11,2,9,Fz+Cz+F3+F4,4,0.5162393162393162,0.48836863619472315,0.027870680044593032
11,2,16,Fz+Cz+F3+F4,4,0.5655605670103093,0.5750512833999579,-0.009490716389648601
11,2,31,Fz+Cz+F3+F4,4,0.5729747945802897,0.5710053423992228,0.001969452181066811
11,2,32,Fz+Cz+F3+F4,4,0.687403125,0.6642968749999999,0.023106250000000106
11,2,46,Fz+Cz+F3+F4,4,0.5306420312780288,0.5177060060990526,0.012936025178976185
11,2,47,Fz+Cz+F3+F4,4,0.507988110137672,0.4985919899874844,0.009396120150187592
11,2,55,Fz+Cz+F3+F4,4,0.5337757123710739,0.5335863294679797,0.00018938290309422623
11,2,59,Fz+Cz+F3+F4,4,0.5729467136408676,0.571601710154501,0.0013450034863665694
11,2,63,Fz+Cz+F3+F4,4,0.5126131153794531,0.5220756009861613,-0.00946248560670826
11,2,65,Fz+Cz+F3+F4,4,0.6439453477286197,0.6335418330799556,0.01040351464866407
11,2,67,Fz+Cz+F3+F4,4,0.4981312814070351,0.49169912060301507,0.006432160804020037
11,2,68,Fz+Cz+F3+F4,4,0.6939782042861661,0.6764394658104065,0.017538738475759597
11,2,70,Fz+Cz+F3+F4,4,0.5274686451157039,0.5406386778935799,-0.013170032777875984
11,2,4,T5+T6+P3+P4,4,0.5554080310880829,0.5596178756476684,-0.004209844559585507
11,2,6,T5+T6+P3+P4,4,0.5615621895749464,0.5708788623411931,-0.009316672766246703
11,2,9,T5+T6+P3+P4,4,0.5162393162393162,0.5154031958379784,0.0008361204013377366
11,2,16,T5+T6+P3+P4,4,0.5655605670103093,0.5502018462023985,0.015358720807910786
11,2,31,T5+T6+P3+P4,4,0.5729747945802897,0.5557264770891358,0.017248317491153853
11,2,32,T5+T6+P3+P4,4,0.687403125,0.6744343749999999,0.012968750000000084
11,2,46,T5+T6+P3+P4,4,0.5306420312780288,0.5317101808515843,-0.0010681495735554991
11,2,47,T5+T6+P3+P4,4,0.507988110137672,0.5169148936170214,-0.008926783479349387
11,2,55,T5+T6+P3+P4,4,0.5337757123710739,0.5505433832527242,-0.01676767088165032
11,2,59,T5+T6+P3+P4,4,0.5729467136408676,0.5559635215971228,0.016983192043744766
11,2,63,T5+T6+P3+P4,4,0.5126131153794531,0.5216376210625958,-0.009024505683142725
11,2,65,T5+T6+P3+P4,4,0.6439453477286197,0.6321697286711845,0.011775619057435183
11,2,67,T5+T6+P3+P4,4,0.4981312814070351,0.4861149497487437,0.012016331658291413
11,2,68,T5+T6+P3+P4,4,0.6939782042861661,0.6741589432970883,0.019819260989077825
11,2,70,T5+T6+P3+P4,4,0.5274686451157039,0.5261879526585409,0.0012806924571630018
11,2,4,O1+O2+Oz+Pz,4,0.5554080310880829,0.5525275674239405,0.0028804636641424075
11,2,6,O1+O2+Oz+Pz,4,0.5615621895749464,0.5558163852146181,0.005745804360328344
11,2,9,O1+O2+Oz+Pz,4,0.5162393162393162,0.5319212188777406,-0.015681902638424394
11,2,16,O1+O2+Oz+Pz,4,0.5655605670103093,0.5582855564906375,0.007275010519671832
11,2,31,O1+O2+Oz+Pz,4,0.5729747945802897,0.5676294218513048,0.005345372728984832
11,2,32,O1+O2+Oz+Pz,4,0.687403125,0.6901250000000001,-0.0027218750000000957
11,2,46,O1+O2+Oz+Pz,4,0.5306420312780288,0.5334020971608422,-0.0027600658828134117
11,2,47,O1+O2+Oz+Pz,4,0.507988110137672,0.5123623279098873,-0.004374217772215361
11,2,55,O1+O2+Oz+Pz,4,0.5337757123710739,0.5334770701008099,0.0002986422702639935
11,2,59,O1+O2+Oz+Pz,4,0.5729467136408676,0.5760064589526221,-0.003059745311754569
11,2,63,O1+O2+Oz+Pz,4,0.5126131153794531,0.5204473046574221,-0.007834189277968973
11,2,65,O1+O2+Oz+Pz,4,0.6439453477286197,0.647572083794996,-0.0036267360663763126
11,2,67,O1+O2+Oz+Pz,4,0.4981312814070351,0.49503454773869343,0.003096733668341678
11,2,68,O1+O2+Oz+Pz,4,0.6939782042861661,0.6842966260429589,0.009681578243207145
11,2,70,O1+O2+Oz+Pz,4,0.5274686451157039,0.5325129050619246,-0.005044259946220708
11,3,0,Fp1,1,0.6196064445749769,0.6152429302676848,0.0043635143072920934
11,3,1,Fp1,1,0.5294306871771116,0.5282822823982039,0.0011484047789077634
11,3,2,Fp1,1,0.526675279931094,0.5250861326442722,0.0015891472868218015
11,3,3,Fp1,1,0.6265425031168105,0.6368025341576979,-0.010260031040887463
11,3,19,Fp1,1,0.6577049180327869,0.656279949558638,0.0014249684741488577
11,3,22,Fp1,1,0.5314052566035263,0.5314576915514191,-5.243494789275438e-05
11,3,36,Fp1,1,0.5066847729440483,0.5046074009408797,0.0020773720031685983
11,3,41,Fp1,1,0.4882441842669115,0.48185771860014287,0.006386465666768648
11,3,44,Fp1,1,0.5000170575692964,0.5032707889125799,-0.00325373134328355
11,3,53,Fp1,1,0.541707559617047,0.5544466615103635,-0.012739101893316507
11,3,60,Fp1,1,0.4983814523184602,0.49032152230971127,0.008059930008748939
11,3,61,Fp1,1,0.5345678745423621,0.5342579780333824,0.00030989650897972343
11,3,64,Fp1,1,0.6260456593805035,0.6413355951517662,-0.015289935771262697
11,3,71,Fp1,1,0.4835777024690504,0.48683518915554325,-0.0032574866864928387
11,3,0,Fp2,1,0.6196064445749769,0.6143660317193925,0.005240412855584409
11,3,1,Fp2,1,0.5294306871771116,0.5306386031280359,-0.0012079159509242876
11,3,2,Fp2,1,0.526675279931094,0.5222911283376399,0.0043841515934540665
11,3,3,Fp2,1,0.6265425031168105,0.6276397476019643,-0.0010972444851538032
11,3,19,Fp2,1,0.6577049180327869,0.6588871374527112,-0.0011822194199243574
11,3,22,Fp2,1,0.5314052566035263,0.5341318738939503,-0.002726617290424005
11,3,36,Fp2,1,0.5066847729440483,0.5021784114974861,0.004506361446562246
11,3,41,Fp2,1,0.4882441842669115,0.4836974543413937,0.004546729925517801
11,3,44,Fp2,1,0.5000170575692964,0.4963326226012793,0.0036844349680170696
11,3,53,Fp2,1,0.541707559617047,0.5451425674489949,-0.003435007831947945
11,3,60,Fp2,1,0.4983814523184602,0.49682852143482065,0.0015529308836395583
11,3,61,Fp2,1,0.5345678745423621,0.5295446683386664,0.005023206203695674
11,3,64,Fp2,1,0.6260456593805035,0.6302218222314306,-0.004176162850927145
11,3,71,Fp2,1,0.4835777024690504,0.47713534822601844,0.006442354243031967
11,3,0,Fz,1,0.6196064445749769,0.6236720651170596,-0.004065620542082704
11,3,1,Fz,1,0.5294306871771116,0.5241711862989198,0.005259500878191825
11,3,2,Fz,1,0.526675279931094,0.5283074935400517,-0.001632213608957711
11,3,3,Fz,1,0.6265425031168105,0.620490166145078,0.006052336971732464
11,3,19,Fz,1,0.6577049180327869,0.653843001261034,0.003861916771752849
11,3,22,Fz,1,0.5314052566035263,0.5271940748508881,0.004211181752638238
11,3,36,Fz,1,0.5066847729440483,0.5065594839710946,0.00012528897295371877
11,3,41,Fz,1,0.4882441842669115,0.4887447709417407,-0.0005005866748291621
11,3,44,Fz,1,0.5000170575692964,0.5081279317697228,-0.008110874200426443
11,3,53,Fz,1,0.541707559617047,0.5422665202103252,-0.0005589605932782016
11,3,60,Fz,1,0.4983814523184602,0.49782370953630795,0.0005577427821522596
11,3,61,Fz,1,0.5345678745423621,0.5372128052120269,-0.002644930669664758
11,3,64,Fz,1,0.6260456593805035,0.625566533720087,0.00047912566041652394
11,3,71,Fz,1,0.4835777024690504,0.48476381492496023,-0.0011861124559098268
11,3,0,F3,1,0.6196064445749769,0.6251825123772762,-0.005576067802299245
11,3,1,F3,1,0.5294306871771116,0.5226407841320697,0.006789903045041901
11,3,2,F3,1,0.526675279931094,0.5261843238587425,0.0004909560723515005
11,3,3,F3,1,0.6265425031168105,0.6171984326896166,0.009344070427193873
11,3,19,F3,1,0.6577049180327869,0.6492244640605297,0.008480453972257163
11,3,22,F3,1,0.5314052566035263,0.5303303401717244,0.0010749164318019089
11,3,36,F3,1,0.5066847729440483,0.5056662948413276,0.0010184781027207102
11,3,41,F3,1,0.4882441842669115,0.48579226609529635,0.002451918171615164
11,3,44,F3,1,0.5000170575692964,0.5087334754797441,-0.008716417910447749
11,3,53,F3,1,0.541707559617047,0.5561527912282185,-0.014445231611171505
11,3,60,F3,1,0.4983814523184602,0.5113298337707787,-0.01294838145231847
11,3,61,F3,1,0.5345678745423621,0.5284023753927759,0.0061654991495861955
11,3,64,F3,1,0.6260456593805035,0.6014678079353569,0.02457785144514657
11,3,71,F3,1,0.4835777024690504,0.48794522442769217,-0.004367521958641762
11,3,0,F4,1,0.6196064445749769,0.6129478895695225,0.006658555005454425
11,3,1,F4,1,0.5294306871771116,0.5364996493666081,-0.007068962189496486
11,3,2,F4,1,0.526675279931094,0.5250473729543497,0.0016279069767443088
11,3,3,F4,1,0.6265425031168105,0.6229677123883673,0.0035747907284431335
11,3,19,F4,1,0.6577049180327869,0.6566551071878941,0.0010498108448927512
11,3,22,F4,1,0.5314052566035263,0.5265583011076882,0.0048469554958381345
11,3,36,F4,1,0.5066847729440483,0.5109365148649304,-0.004251741920882068
11,3,41,F4,1,0.4882441842669115,0.5046360065299459,-0.016391822263034372
11,3,44,F4,1,0.5000170575692964,0.5123198294243071,-0.012302771855010719
11,3,53,F4,1,0.541707559617047,0.5144939781745387,0.027213581442508294
11,3,60,F4,1,0.4983814523184602,0.49652230971128614,0.001859142607174069
11,3,61,F4,1,0.5345678745423621,0.549947389662429,-0.015379515120066856
11,3,64,F4,1,0.6260456593805035,0.6282632342277013,-0.0022175748471977563
11,3,71,F4,1,0.4835777024690504,0.4847292343868871,-0.001151531917836679
11,3,0,F7,1,0.6196064445749769,0.6241210036082907,-0.00451455903331377
11,3,1,F7,1,0.5294306871771116,0.5347850842485187,-0.005354397071407058
11,3,2,F7,1,0.526675279931094,0.5258440999138674,0.000831180017226596
11,3,3,F7,1,0.6265425031168105,0.6176341500648805,0.00890835305192994
11,3,19,F7,1,0.6577049180327869,0.6547225725094579,0.0029823455233289886
11,3,22,F7,1,0.5314052566035263,0.5350298223766141,-0.0036245657730877845
11,3,36,F7,1,0.5066847729440483,0.5011073928577202,0.005577380086328132
11,3,41,F7,1,0.4882441842669115,0.48281744209774513,0.0054267421691663875
11,3,44,F7,1,0.5000170575692964,0.4906311300639659,0.00938592750533046
11,3,53,F7,1,0.541707559617047,0.5400696750879063,0.0016378845291407096
11,3,60,F7,1,0.4983814523184602,0.49878608923884515,-0.0004046369203849487
11,3,61,F7,1,0.5345678745423621,0.5344057193923146,0.0001621551500474716
11,3,64,F7,1,0.6260456593805035,0.6188846731586035,0.007160986221899979
11,3,71,F7,1,0.4835777024690504,0.4822532678608479,0.0013244346082025293
11,3,0,F8,1,0.6196064445749769,0.6028824368549132,0.01672400772006377
11,3,1,F8,1,0.5294306871771116,0.5325558279129915,-0.0031251407358798833
11,3,2,F8,1,0.526675279931094,0.549823428079242,-0.02314814814814803
11,3,3,F8,1,0.6265425031168105,0.6261926570490802,0.00034984606773025284
11,3,19,F8,1,0.6577049180327869,0.6404192938209332,0.017285624211853645
11,3,22,F8,1,0.5314052566035263,0.5399816477682375,-0.008576391164711206
11,3,36,F8,1,0.5066847729440483,0.5027523158252097,0.003932457118838606
11,3,41,F8,1,0.4882441842669115,0.4823997551270278,0.0058444291398837
11,3,44,F8,1,0.5000170575692964,0.4914584221748401,0.008558635394456282
11,3,53,F8,1,0.541707559617047,0.5451263185945391,-0.003418758977492109
11,3,60,F8,1,0.4983814523184602,0.48534558180227466,0.013035870516185544
11,3,61,F8,1,0.5345678745423621,0.5389496670414252,-0.00438179249906312
11,3,64,F8,1,0.6260456593805035,0.6502156065471875,-0.02416994716668397
11,3,71,F8,1,0.4835777024690504,0.4826301957258455,0.0009475067432049289
11,3,0,Cz,1,0.6196064445749769,0.6169170093144247,0.0026894352605522087
11,3,1,Cz,1,0.5294306871771116,0.5282219670211603,0.0012087201559513039
11,3,2,Cz,1,0.526675279931094,0.5237424633936262,0.0029328165374677972
11,3,3,Cz,1,0.6265425031168105,0.6294366842225785,-0.002894181105768001
11,3,19,Cz,1,0.6577049180327869,0.6580390920554855,-0.00033417402269864116
11,3,22,Cz,1,0.5314052566035263,0.5332798059906927,-0.0018745493871663577
11,3,36,Cz,1,0.5066847729440483,0.5124925230774204,-0.0058077501333720916
11,3,41,Cz,1,0.4882441842669115,0.4879604122028365,0.0002837720640750385
11,3,44,Cz,1,0.5000170575692964,0.5011982942430704,-0.001181236673774011
11,3,53,Cz,1,0.541707559617047,0.5417693052639788,-6.174564693184337e-05
11,3,60,Cz,1,0.4983814523184602,0.4983048993875765,7.655293088371096e-05
11,3,61,Cz,1,0.5345678745423621,0.5315517887514773,0.0030160857908847483
11,3,64,Cz,1,0.6260456593805035,0.6269197399772092,-0.0008740805967056842
11,3,71,Cz,1,0.4835777024690504,0.4822809322913065,0.0012967701777439333
11,3,0,C3,1,0.6196064445749769,0.6191365276495763,0.00046991692540065966
11,3,1,C3,1,0.5294306871771116,0.5244019931417395,0.005028694035372094
11,3,2,C3,1,0.526675279931094,0.5255900086132644,0.0010852713178295392
11,3,3,C3,1,0.6265425031168105,0.6302667735287383,-0.003724270411927799
11,3,19,C3,1,0.6577049180327869,0.6564722572509457,0.001232660781841144
11,3,22,C3,1,0.5314052566035263,0.5319918725830766,-0.0005866159795502313
11,3,36,C3,1,0.5066847729440483,0.509142053445851,-0.0024572805018026056
11,3,41,C3,1,0.4882441842669115,0.48688590449954083,0.0013582797673706848
11,3,44,C3,1,0.5000170575692964,0.49582089552238806,0.004196162046908314
11,3,53,C3,1,0.541707559617047,0.5429392227847937,-0.0012316631677466994
11,3,60,C3,1,0.4983814523184602,0.5012357830271216,-0.002854330708661368
11,3,61,C3,1,0.5345678745423621,0.5330904609530398,0.0014774135893222962
11,3,64,C3,1,0.6260456593805035,0.6183375634517766,0.007708095928726899
11,3,71,C3,1,0.4835777024690504,0.4867487378103603,-0.0031710353413099135
11,3,0,C4,1,0.6196064445749769,0.6173030125031467,0.002303432071830258
11,3,1,C4,1,0.5294306871771116,0.5290478855841424,0.00038280159296921745
11,3,2,C4,1,0.526675279931094,0.5238156761412576,0.002859603789836407
11,3,3,C4,1,0.6265425031168105,0.6295575401368851,-0.0030150370200746623
11,3,19,C4,1,0.6577049180327869,0.659032156368222,-0.0013272383354351325
11,3,22,C4,1,0.5314052566035263,0.5342301894212493,-0.0028249328177230026
11,3,36,C4,1,0.5066847729440483,0.5085883570169908,-0.0019035840729424436
11,3,41,C4,1,0.4882441842669115,0.4865160442811958,0.0017281399857156932
11,3,44,C4,1,0.5000170575692964,0.49787206823027713,0.002144989339019243
11,3,53,C4,1,0.541707559617047,0.5428319803453856,-0.0011244207283386265
11,3,60,C4,1,0.4983814523184602,0.4944991251093613,0.0038823272090989236
11,3,61,C4,1,0.5345678745423621,0.5378398051255442,-0.003271930583182092
11,3,64,C4,1,0.6260456593805035,0.62604242204496,3.237335543526676e-06
11,3,71,C4,1,0.4835777024690504,0.48296562694515527,0.0006120755238951392
11,3,0,T3,1,0.6196064445749769,0.6148233615842913,0.004783082990685639
11,3,1,T3,1,0.5294306871771116,0.5242049629100641,0.005225724267047482
11,3,2,T3,1,0.526675279931094,0.5219465977605513,0.004728682170542675
11,3,3,T3,1,0.6265425031168105,0.6227927893545022,0.00374971376230826
11,3,19,T3,1,0.6577049180327869,0.6699590163934428,-0.01225409836065594
11,3,22,T3,1,0.5314052566035263,0.5312840007865243,0.00012125581700206389
11,3,36,T3,1,0.5066847729440483,0.49643128506070455,0.010253487883343793
11,3,41,T3,1,0.4882441842669115,0.490377257422712,-0.002133073155800469
11,3,44,T3,1,0.5000170575692964,0.5022942430703625,-0.002277185501066148
11,3,53,T3,1,0.541707559617047,0.5353997543173207,0.006307805299726299
11,3,60,T3,1,0.4983814523184602,0.5039698162729659,-0.005588363954505682
11,3,61,T3,1,0.5345678745423621,0.5277753754792586,0.00679249906310353
11,3,64,T3,1,0.6260456593805035,0.6453239925411789,-0.019278333160675398
11,3,71,T3,1,0.4835777024690504,0.48807663047237015,-0.0044989280033197465
11,3,0,T4,1,0.6196064445749769,0.6233699756650164,-0.0037635310900394625
11,3,1,T4,1,0.5294306871771116,0.5384812105537433,-0.009050523376631703
11,3,2,T4,1,0.526675279931094,0.5199095607235142,0.0067657192075797346
11,3,3,T4,1,0.6265425031168105,0.6026766404600157,0.0238658626567948
11,3,19,T4,1,0.6577049180327869,0.6527206809583859,0.004984237074400988
11,3,22,T4,1,0.5314052566035263,0.5276856524873829,0.003719604116143471
11,3,36,T4,1,0.5066847729440483,0.5022309520345312,0.004453820909517181
11,3,41,T4,1,0.4882441842669115,0.49070566778900115,-0.002461483522089636
11,3,44,T4,1,0.5000170575692964,0.4802601279317697,0.019756929637526677
11,3,53,T4,1,0.541707559617047,0.5378695801945963,0.003837979422450677
11,3,60,T4,1,0.4983814523184602,0.5130686789151356,-0.014687226596675429
11,3,61,T4,1,0.5345678745423621,0.5259808584853989,0.008587016056963215
11,3,64,T4,1,0.6260456593805035,0.6050839117372837,0.020961747643219786
11,3,71,T4,1,0.4835777024690504,0.4728266131821011,0.010751089286949289
11,3,0,Pz,1,0.6196064445749769,0.6131870437190567,0.006419400855920188
11,3,1,Pz,1,0.5294306871771116,0.5296220879735964,-0.00019140079648483077
11,3,2,Pz,1,0.526675279931094,0.5274763135228251,-0.0008010335917311151
11,3,3,Pz,1,0.6265425031168105,0.6316152710988983,-0.005072767982087778
11,3,19,Pz,1,0.6577049180327869,0.6540542244640605,0.003650693568726382
11,3,22,Pz,1,0.5314052566035263,0.5259684079438947,0.005436848659631677
11,3,36,Pz,1,0.5066847729440483,0.511470003394927,-0.004785230450878641
11,3,41,Pz,1,0.4882441842669115,0.4886586827874707,-0.00041449852055919223
11,3,44,Pz,1,0.5000170575692964,0.5074797441364606,-0.007462686567164201
11,3,53,Pz,1,0.541707559617047,0.540849620101783,0.0008579395152640279
11,3,60,Pz,1,0.4983814523184602,0.4987204724409449,-0.00033902012248471225
11,3,61,Pz,1,0.5345678745423621,0.5333210816108853,0.0012467929314767812
11,3,64,Pz,1,0.6260456593805035,0.6324911944473222,-0.006445535066818664
11,3,71,Pz,1,0.4835777024690504,0.4845874541807871,-0.0010097517117366728
11,3,0,P3,1,0.6196064445749769,0.6239028278929261,-0.004296383317949126
11,3,1,P3,1,0.5294306871771116,0.5266079275314766,0.0028227596456350534
11,3,2,P3,1,0.526675279931094,0.5286218776916451,-0.001946597760551172
11,3,3,P3,1,0.6265425031168105,0.6235211052591405,0.003021397857669972
11,3,19,P3,1,0.6577049180327869,0.6580769230769231,-0.0003720050441362588
11,3,22,P3,1,0.5314052566035263,0.5298092678770401,0.0015959887264862527
11,3,36,P3,1,0.5066847729440483,0.5093683819131223,-0.002683608969073936
11,3,41,P3,1,0.4882441842669115,0.48551168248137944,0.002732501785532082
11,3,44,P3,1,0.5000170575692964,0.5029594882729211,-0.0029424307036247654
11,3,53,P3,1,0.541707559617047,0.5416685623663532,3.8997250693784125e-05
11,3,60,P3,1,0.4983814523184602,0.5010279965004375,-0.002646544181977295
11,3,61,P3,1,0.5345678745423621,0.5392271325203956,-0.00465925797803346
11,3,64,P3,1,0.6260456593805035,0.6228698332124728,0.003175826168030693
11,3,71,P3,1,0.4835777024690504,0.4842589390690919,-0.0006812366000414904
11,3,0,P4,1,0.6196064445749769,0.6144793152639086,0.00512712931106829
11,3,1,P4,1,0.5294306871771116,0.5275472390033005,0.001883448173811142
11,3,2,P4,1,0.526675279931094,0.526343669250646,0.00033161068044795794
11,3,3,P4,1,0.6265425031168105,0.6227037376281709,0.003838765488639595
11,3,19,P4,1,0.6577049180327869,0.6574873896595208,0.00021752837326605157
11,3,22,P4,1,0.5314052566035263,0.5352428393524283,-0.003837582748902002
11,3,36,P4,1,0.5066847729440483,0.5078851221365408,-0.0012003491924924559
11,3,41,P4,1,0.4882441842669115,0.4877595398428731,0.00048464442403839403
11,3,44,P4,1,0.5000170575692964,0.49710447761194027,0.0029125799573561095
11,3,53,P4,1,0.541707559617047,0.5411973455871362,0.0005102140299108049
11,3,60,P4,1,0.4983814523184602,0.49397419072615917,0.004407261592301037
11,3,61,P4,1,0.5345678745423621,0.5344489607656606,0.00011891377670147918
11,3,64,P4,1,0.6260456593805035,0.6201116233295348,0.00593403605096865
11,3,71,P4,1,0.4835777024690504,0.4813230513866796,0.002254651082370829
11,3,0,T5,1,0.6196064445749769,0.6137618528153058,0.005844591759671114
11,3,1,T5,1,0.5294306871771116,0.5191778772847465,0.0102528098923651
11,3,2,T5,1,0.526675279931094,0.5279457364341085,-0.0012704565030144943
11,3,3,T5,1,0.6265425031168105,0.6280850062336208,-0.0015425031168103676
11,3,19,T5,1,0.6577049180327869,0.6505138713745271,0.007191046658259759
11,3,22,T5,1,0.5314052566035263,0.5390836992855739,-0.007678442682047537
11,3,36,T5,1,0.5066847729440483,0.5012528897295374,0.005431883214510935
11,3,41,T5,1,0.4882441842669115,0.4906418987858382,-0.0023977145189266746
11,3,44,T5,1,0.5000170575692964,0.49465245202558633,0.005364605543710044
11,3,53,T5,1,0.541707559617047,0.5368101548840807,0.004897404732966293
11,3,60,T5,1,0.4983814523184602,0.4947834645669291,0.0035979877515310843
11,3,61,T5,1,0.5345678745423621,0.5372344258986999,-0.002666551356337754
11,3,64,T5,1,0.6260456593805035,0.6079327670154356,0.018112892365067856
11,3,71,T5,1,0.4835777024690504,0.4992184798395463,-0.015640777370495906
11,3,0,T6,1,0.6196064445749769,0.619593857514475,1.2587060501889624e-05
11,3,1,T6,1,0.5294306871771116,0.53379752047506,-0.004366833297948403
11,3,2,T6,1,0.526675279931094,0.5172997416020672,0.009375538329026822
11,3,3,T6,1,0.6265425031168105,0.6153951352314073,0.011147367885403159
11,3,19,T6,1,0.6577049180327869,0.6561759142496848,0.0015290037831020564
11,3,22,T6,1,0.5314052566035263,0.5385101920429967,-0.007104935439470328
11,3,36,T6,1,0.5066847729440483,0.5085802738574454,-0.0018955009133970746
11,3,41,T6,1,0.4882441842669115,0.49691358024691357,-0.008669395980002048
11,3,44,T6,1,0.5000170575692964,0.5137569296375266,-0.013739872068230241
11,3,53,T6,1,0.541707559617047,0.5319354985473524,0.009772061069694526
11,3,60,T6,1,0.4983814523184602,0.5059383202099738,-0.007556867891513552
11,3,61,T6,1,0.5345678745423621,0.5315085473781314,0.0030593271642307407
11,3,64,T6,1,0.6260456593805035,0.6086190821506268,0.017426577229876727
11,3,71,T6,1,0.4835777024690504,0.4750328515111695,0.008544850957880934
11,3,0,Oz,1,0.6196064445749769,0.6244356801208357,-0.00482923554585879
11,3,1,Oz,1,0.5294306871771116,0.5302871655311292,-0.0008564783540175869
11,3,2,Oz,1,0.526675279931094,0.5274978466838932,-0.0008225667527992364
11,3,3,Oz,1,0.6265425031168105,0.6257314963234358,0.0008110067933746468
11,3,19,Oz,1,0.6577049180327869,0.6547477931904161,0.002957124842370762
11,3,22,Oz,1,0.5314052566035263,0.5340335583666513,-0.002628301763125007
11,3,36,Oz,1,0.5066847729440483,0.51057681426516,-0.00389204132111165
11,3,41,Oz,1,0.4882441842669115,0.4872270686664626,0.0010171156004489257
11,3,44,Oz,1,0.5000170575692964,0.4962899786780384,0.003727078891257951
11,3,53,Oz,1,0.541707559617047,0.5398259422710698,0.001881617345977138
11,3,60,Oz,1,0.4983814523184602,0.49531933508311465,0.0030621172353455517
11,3,61,Oz,1,0.5345678745423621,0.5359660122805501,-0.0013981377381879767
11,3,64,Oz,1,0.6260456593805035,0.622232078110432,0.0038135812700714755
11,3,71,Oz,1,0.4835777024690504,0.48777923784494087,-0.004201535375890464
11,3,0,O1,1,0.6196064445749769,0.6233028446756734,-0.0036964001006964953
11,3,1,O1,1,0.5294306871771116,0.5268644689351681,0.0025662182419434743
11,3,2,O1,1,0.526675279931094,0.5314211886304909,-0.00474590869939695
11,3,3,O1,1,0.6265425031168105,0.6263803017581355,0.00016220135867495156
11,3,19,O1,1,0.6577049180327869,0.6611538461538461,-0.003448928121059236
11,3,22,O1,1,0.5314052566035263,0.5278921150947107,0.0035131415088156537
11,3,36,O1,1,0.5066847729440483,0.5058724154097354,0.0008123575343129685
11,3,41,O1,1,0.4882441842669115,0.48384412304866853,0.00440006121824299
11,3,44,O1,1,0.5000170575692964,0.5070106609808103,-0.006993603411513893
11,3,53,O1,1,0.541707559617047,0.5406806320154429,0.0010269276016040552
11,3,60,O1,1,0.4983814523184602,0.4971128608923885,0.001268591426071719
11,3,61,O1,1,0.5345678745423621,0.5361497881172705,-0.0015819135749084445
11,3,64,O1,1,0.6260456593805035,0.6275251217238164,-0.001479462343312865
11,3,71,O1,1,0.4835777024690504,0.4895048066947922,-0.005927104225741775
11,3,0,O2,1,0.6196064445749769,0.6190442225392296,0.0005622220357472951
11,3,1,O2,1,0.5294306871771116,0.5270799958824703,0.0023506912946412717
11,3,2,O2,1,0.526675279931094,0.528204134366925,-0.0015288544358310618
11,3,3,O2,1,0.6265425031168105,0.6268541841589701,-0.00031168104215961723
11,3,19,O2,1,0.6577049180327869,0.6594514501891552,-0.00174653215636833
11,3,22,O2,1,0.5314052566035263,0.5298387625352298,0.0015664940682965645
11,3,36,O2,1,0.5066847729440483,0.5115952923678808,-0.004910519423832471
11,3,41,O2,1,0.4882441842669115,0.4881931690643812,5.101520253031344e-05
11,3,44,O2,1,0.5000170575692964,0.5038805970149254,-0.003863539445629005
11,3,53,O2,1,0.541707559617047,0.543670421235303,-0.0019628616182559844
11,3,60,O2,1,0.4983814523184602,0.4968941382327209,0.0014873140857393219
11,3,61,O2,1,0.5345678745423621,0.5308923578079506,0.003675516734411466
11,3,64,O2,1,0.6260456593805035,0.6269326893193826,-0.0008870299388791247
11,3,71,O2,1,0.4835777024690504,0.48160315374507234,0.0019745487239780646
11,3,0,Fp1+Fp2,2,0.6196064445749769,0.610212301753797,0.009394142821179896
11,3,1,Fp1+Fp2,2,0.5294306871771116,0.5287656096195789,0.0006650775575327561
11,3,2,Fp1+Fp2,2,0.526675279931094,0.5218561584840655,0.004819121447028452
11,3,3,Fp1+Fp2,2,0.6265425031168105,0.6371078543622625,-0.010565351245451993
11,3,19,Fp1+Fp2,2,0.6577049180327869,0.656907313997478,0.0007976040353088187
11,3,22,Fp1+Fp2,2,0.5314052566035263,0.5335321491774268,-0.0021268925739004185
11,3,36,Fp1+Fp2,2,0.5066847729440483,0.5022107441356678,0.004474028808380548
11,3,41,Fp1+Fp2,2,0.4882441842669115,0.4783312927252321,0.009912891541679403
11,3,44,Fp1+Fp2,2,0.5000170575692964,0.49917697228144986,0.0008400852878465148
11,3,53,Fp1+Fp2,2,0.541707559617047,0.5569034883040745,-0.015195928687027571
11,3,60,Fp1+Fp2,2,0.4983814523184602,0.4891732283464567,0.009208223972003493
11,3,61,Fp1+Fp2,2,0.5345678745423621,0.52842039263167,0.006147481910692143
11,3,64,Fp1+Fp2,2,0.6260456593805035,0.6419312648917435,-0.015885605511239964
11,3,71,Fp1+Fp2,2,0.4835777024690504,0.48120547755723075,0.0023722249118196537
11,3,0,F7+F8+T3+T4,4,0.6196064445749769,0.6100402785936058,0.009566165981371166
11,3,1,F7+F8+T3+T4,4,0.5294306871771116,0.5458219940424491,-0.016391306865337518
11,3,2,F7+F8+T3+T4,4,0.526675279931094,0.5427347114556418,-0.016059431524547807
11,3,3,F7+F8+T3+T4,4,0.6265425031168105,0.5811102205938479,0.04543228252296261
11,3,19,F7+F8+T3+T4,4,0.6577049180327869,0.6481557377049181,0.009549180327868778
11,3,22,F7+F8+T3+T4,4,0.5314052566035263,0.5348069738480696,-0.003401717244543301
11,3,36,F7+F8+T3+T4,4,0.5066847729440483,0.47942835895694913,0.027256413987099215
11,3,41,F7+F8+T3+T4,4,0.4882441842669115,0.4872972145699418,0.0009469696969697239
11,3,44,F7+F8+T3+T4,4,0.5000170575692964,0.4518081023454158,0.04820895522388058
11,3,53,F7+F8+T3+T4,4,0.541707559617047,0.5358904697218847,0.005817089895162275
11,3,60,F7+F8+T3+T4,4,0.4983814523184602,0.5092410323709536,-0.010859580052493434
11,3,61,F7+F8+T3+T4,4,0.5345678745423621,0.5166443252904379,0.017923549251924187
11,3,64,F7+F8+T3+T4,4,0.6260456593805035,0.6460200196830002,-0.019974360302496663
11,3,71,F7+F8+T3+T4,4,0.4835777024690504,0.47082094197385715,0.012756760495193253
11,3,0,Fz+Cz+F3+F4,4,0.6196064445749769,0.6179197784677352,0.0016866661072417743
11,3,1,Fz+Cz+F3+F4,4,0.5294306871771116,0.520076978505208,0.00935370867190366
11,3,2,Fz+Cz+F3+F4,4,0.526675279931094,0.5179026701119724,0.008772609819121535
11,3,3,Fz+Cz+F3+F4,4,0.6265425031168105,0.5980014248276212,0.02854107828918928
11,3,19,Fz+Cz+F3+F4,4,0.6577049180327869,0.6283921815889029,0.02931273644388399
11,3,22,Fz+Cz+F3+F4,4,0.5314052566035263,0.521927639771908,0.009477616831618296
11,3,36,Fz+Cz+F3+F4,4,0.5066847729440483,0.5186923064487446,-0.0120075335046963
11,3,41,Fz+Cz+F3+F4,4,0.4882441842669115,0.5045116569737782,-0.01626747270686668
11,3,44,Fz+Cz+F3+F4,4,0.5000170575692964,0.5391172707889126,-0.03910021321961621
11,3,53,Fz+Cz+F3+F4,4,0.541707559617047,0.5013096576691344,0.040397901947912596
11,3,60,Fz+Cz+F3+F4,4,0.4983814523184602,0.5089676290463692,-0.010586176727908958
11,3,61,Fz+Cz+F3+F4,4,0.5345678745423621,0.5412342529332064,-0.006666378390844274
11,3,64,Fz+Cz+F3+F4,4,0.6260456593805035,0.59478271003833,0.03126294934217344
11,3,71,Fz+Cz+F3+F4,4,0.4835777024690504,0.49147589736496294,-0.007898194895912536
11,3,0,T5+T6+P3+P4,4,0.6196064445749769,0.6102416715616347,0.009364773013342265
11,3,1,T5+T6+P3+P4,4,0.5294306871771116,0.519851801097579,0.009578886079532611
11,3,2,T5+T6+P3+P4,4,0.526675279931094,0.5219336778639104,0.004741602067183548
11,3,3,T5+T6+P3+P4,4,0.6265425031168105,0.6054690481642622,0.02107345495254831
11,3,19,T5+T6+P3+P4,4,0.6577049180327869,0.6483606557377048,0.009344262295082006
11,3,22,T5+T6+P3+P4,4,0.5314052566035263,0.5472176705774399,-0.01581241397391353
11,3,36,T5+T6+P3+P4,4,0.5066847729440483,0.5069555587888194,-0.0002707858447710265
11,3,41,T5+T6+P3+P4,4,0.4882441842669115,0.4987947658402204,-0.010550581573308904
11,3,44,T5+T6+P3+P4,4,0.5000170575692964,0.5063368869936034,-0.0063198294243069775
11,3,53,T5+T6+P3+P4,4,0.541707559617047,0.5223031776259774,0.01940438199106953
11,3,60,T5+T6+P3+P4,4,0.4983814523184602,0.5028324584426946,-0.004451006124234436
11,3,61,T5+T6+P3+P4,4,0.5345678745423621,0.5402685289284788,-0.005700654386116666
11,3,64,T5+T6+P3+P4,4,0.6260456593805035,0.5721116492282192,0.05393401015228427
11,3,71,T5+T6+P3+P4,4,0.4835777024690504,0.4865066740438482,-0.0029289715747977674
11,3,0,O1+O2+Oz+Pz,4,0.6196064445749769,0.6196358143828145,-2.9369807837520412e-05
11,3,1,O1+O2+Oz+Pz,4,0.5294306871771116,0.5241559064034021,0.005274780773709464
11,3,2,O1+O2+Oz+Pz,4,0.526675279931094,0.535770887166236,-0.009095607235142023
11,3,3,O1+O2+Oz+Pz,4,0.6265425031168105,0.6324835254306288,-0.005941022313818323
11,3,19,O1+O2+Oz+Pz,4,0.6577049180327869,0.6528121059268601,0.004892812105926736
11,3,22,O1+O2+Oz+Pz,4,0.5314052566035263,0.5235400144196107,0.0078652421839156
11,3,36,O1+O2+Oz+Pz,4,0.5066847729440483,0.5156449553001278,-0.008960182356079427
11,3,41,O1+O2+Oz+Pz,4,0.4882441842669115,0.48059828078767475,0.007645903479236771
11,3,44,O1+O2+Oz+Pz,4,0.5000170575692964,0.5163070362473348,-0.016289978678038386
11,3,53,O1+O2+Oz+Pz,4,0.541707559617047,0.5391824876346217,0.002525071982425242
11,3,60,O1+O2+Oz+Pz,4,0.4983814523184602,0.49288057742782154,0.005500874890638663
11,3,61,O1+O2+Oz+Pz,4,0.5345678745423621,0.5329102885640982,0.0016575859782639313
11,3,64,O1+O2+Oz+Pz,4,0.6260456593805035,0.6298916140060085,-0.003845954625504966
11,3,71,O1+O2+Oz+Pz,4,0.4835777024690504,0.49492357701085826,-0.011345874541807854
11,4,13,Fp1,1,0.6126229508196721,0.6101702395964691,0.002452711223203008
11,4,15,Fp1,1,0.5112051810846991,0.5046130467817215,0.00659213430297767
11,4,17,Fp1,1,0.42575933279450867,0.42055850347307633,0.005200829321432343
11,4,18,Fp1,1,0.5997441441441441,0.6019423423423423,-0.00219819819819822
11,4,26,Fp1,1,0.45503496503496504,0.44614385614385615,0.00889110889110889
11,4,28,Fp1,1,0.4688230008984726,0.4695642407906559,-0.0007412398921832763
11,4,34,Fp1,1,0.6430569461827284,0.6454630788485607,-0.002406132665832339
11,4,35,Fp1,1,0.5377857284834029,0.5423871993639435,-0.004601470880540637
11,4,38,Fp1,1,0.7003403553799339,0.7023057766709654,-0.0019654212910314994
11,4,39,Fp1,1,0.5008948531612838,0.5032959894018814,-0.002401136240597568
11,4,51,Fp1,1,0.5642894890067466,0.5622745338784603,0.002014955128286311
11,4,52,Fp1,1,0.5582686894162303,0.5587240628224235,-0.00045537340619317135
11,4,54,Fp1,1,0.5323581904244588,0.5370237448591604,-0.004665554434701624
11,4,72,Fp1,1,0.5432588449906389,0.5412966252220248,0.001962219768614104
11,4,13,Fp2,1,0.6126229508196721,0.6138965952080706,-0.0012736443883984983
11,4,15,Fp2,1,0.5112051810846991,0.5083071022830059,0.002898078801693238
11,4,17,Fp2,1,0.42575933279450867,0.4255250612034532,0.00023427159105549045
11,4,18,Fp2,1,0.5997441441441441,0.5984504504504504,0.0012936936936936982
11,4,26,Fp2,1,0.45503496503496504,0.44,0.015034965034965042
11,4,28,Fp2,1,0.4688230008984726,0.47371967654986524,-0.0048966756513926235
11,4,34,Fp2,1,0.6430569461827284,0.6468335419274093,-0.0037765957446809217
11,4,35,Fp2,1,0.5377857284834029,0.5542271251573577,-0.016441396673954833
11,4,38,Fp2,1,0.7003403553799339,0.7020540439237909,-0.001713688543857006
11,4,39,Fp2,1,0.5008948531612838,0.503280066747766,-0.002385213586482249
11,4,51,Fp2,1,0.5642894890067466,0.5595966292419274,0.004692859764819146
11,4,52,Fp2,1,0.5582686894162303,0.5627842103251939,-0.004515520908963566
11,4,54,Fp2,1,0.5323581904244588,0.5415923023201675,-0.009234111895708774
11,4,72,Fp2,1,0.5432588449906389,0.5434508664970478,-0.00019202150640884597
11,4,13,Fz,1,0.6126229508196721,0.6117465321563682,0.0008764186633039017
11,4,15,Fz,1,0.5112051810846991,0.5174970150873766,-0.00629183400267741
11,4,17,Fz,1,0.42575933279450867,0.4181103653465462,0.007648967447962451
11,4,18,Fz,1,0.5997441441441441,0.5956864864864865,0.004057657657657643
11,4,26,Fz,1,0.45503496503496504,0.4706160506160506,-0.015581085581085563
11,4,28,Fz,1,0.4688230008984726,0.47306828391734046,-0.00424528301886784
11,4,34,Fz,1,0.6430569461827284,0.6396526908635795,0.0034042553191488967
11,4,35,Fz,1,0.5377857284834029,0.5368382693964089,0.0009474590869940069
11,4,38,Fz,1,0.7003403553799339,0.7039805538438082,-0.0036401984638743112
11,4,39,Fz,1,0.5008948531612838,0.4939366533128674,0.006958199848416391
11,4,51,Fz,1,0.5642894890067466,0.562995234358189,0.0012942546485575912
11,4,52,Fz,1,0.5582686894162303,0.5692454176060734,-0.010976728189843077
11,4,54,Fz,1,0.5323581904244588,0.5241296138227154,0.008228576601743365
11,4,72,Fz,1,0.5432588449906389,0.5262229369689405,0.01703590802169841
11,4,13,F3,1,0.6126229508196721,0.6152301387137452,-0.002607187894073104
11,4,15,F3,1,0.5112051810846991,0.5098556387713014,0.001349542313397789
11,4,17,F3,1,0.42575933279450867,0.4411978306450669,-0.01543849785055823
11,4,18,F3,1,0.5997441441441441,0.5986990990990991,0.00104504504504499
11,4,26,F3,1,0.45503496503496504,0.4561738261738262,-0.0011388611388611358
11,4,28,F3,1,0.4688230008984726,0.4651055705300988,0.0037174303683737975
11,4,34,F3,1,0.6430569461827284,0.636148310387985,0.006908635794743323
11,4,35,F3,1,0.5377857284834029,0.530424700192142,0.0073610282912608405
11,4,38,F3,1,0.7003403553799339,0.6990253098615709,0.0013150455183630338
11,4,39,F3,1,0.5008948531612838,0.49910833136953936,0.0017865217917444332
11,4,51,F3,1,0.5642894890067466,0.5628607457944634,0.0014287432122831456
11,4,52,F3,1,0.5582686894162303,0.5647840319971468,-0.006515342580916461
11,4,54,F3,1,0.5323581904244588,0.5413336437236492,-0.008975453299190472
11,4,72,F3,1,0.5432588449906389,0.5406365512937449,0.0026222936968940402
11,4,13,F4,1,0.6126229508196721,0.6011948297604035,0.011428121059268603
11,4,15,F4,1,0.5112051810846991,0.5138934114837729,-0.002688230399073732
11,4,17,F4,1,0.42575933279450867,0.42134331330311225,0.004416019491396417
11,4,18,F4,1,0.5997441441441441,0.5909477477477477,0.0087963963963964
11,4,26,F4,1,0.45503496503496504,0.4627772227772228,-0.00774225774225773
11,4,28,F4,1,0.4688230008984726,0.46217430368373763,0.006648697214734989
11,4,34,F4,1,0.6430569461827284,0.642337296620776,0.0007196495619523624
11,4,35,F4,1,0.5377857284834029,0.533628172000265,0.00415755648313787
11,4,38,F4,1,0.7003403553799339,0.6961434860776703,0.004196869302263595
11,4,39,F4,1,0.5008948531612838,0.5022673859460285,-0.0013725327847446955
11,4,51,F4,1,0.5642894890067466,0.5630695986228371,0.001219890383909461
11,4,52,F4,1,0.5582686894162303,0.5609627167004216,-0.002694027284191325
11,4,54,F4,1,0.5323581904244588,0.5250252192131605,0.007332971211298278
11,4,72,F4,1,0.5432588449906389,0.5383082905285392,0.004950554462099688
11,4,13,F7,1,0.6126229508196721,0.584968474148802,0.027654476670870065
11,4,15,F7,1,0.5112051810846991,0.5125040703353957,-0.0012988892506965444
11,4,17,F7,1,0.42575933279450867,0.4428611589415609,-0.017101826147052246
11,4,18,F7,1,0.5997441441441441,0.6024288288288289,-0.002684684684684746
11,4,26,F7,1,0.45503496503496504,0.47632034632034637,-0.021285381285381322
11,4,28,F7,1,0.4688230008984726,0.4794362084456424,-0.010613207547169767
11,4,34,F7,1,0.6430569461827284,0.6387609511889862,0.004295994993742114
11,4,35,F7,1,0.5377857284834029,0.5372026767375605,0.000583051745842389
11,4,38,F7,1,0.7003403553799339,0.6888146484635567,0.01152570691637722
11,4,39,F7,1,0.5008948531612838,0.5046143851626339,-0.003719532001350112
11,4,51,F7,1,0.5642894890067466,0.5622057073782007,0.0020837816285458333
11,4,52,F7,1,0.5582686894162303,0.5585584724928987,-0.00028978307666838177
11,4,54,F7,1,0.5323581904244588,0.5430310907633015,-0.010672900338842717
11,4,72,F7,1,0.5432588449906389,0.5430248187797034,0.0002340262109354896
11,4,13,F8,1,0.6126229508196721,0.6046815889029005,0.007941361916771639
11,4,15,F8,1,0.5112051810846991,0.5083107203589132,0.002894460725785919
11,4,17,F8,1,0.42575933279450867,0.41642360989094657,0.009335722903562105
11,4,18,F8,1,0.5997441441441441,0.5693405405405406,0.030403603603603502
11,4,26,F8,1,0.45503496503496504,0.46753579753579755,-0.012500832500832504
11,4,28,F8,1,0.4688230008984726,0.46499326145552555,0.0038297394429470666
11,4,34,F8,1,0.6430569461827284,0.6214924906132665,0.02156445556946185
11,4,35,F8,1,0.5377857284834029,0.5175379314914199,0.02024779699198298
11,4,38,F8,1,0.7003403553799339,0.6837561702316894,0.016584185148244446
11,4,39,F8,1,0.5008948531612838,0.5088912100580222,-0.007996356896738388
11,4,51,F8,1,0.5642894890067466,0.570917401870815,-0.006627912864068386
11,4,52,F8,1,0.5582686894162303,0.5515304367763385,0.006738252639891806
11,4,54,F8,1,0.5323581904244588,0.5364385297845373,-0.0040803393600785665
11,4,72,F8,1,0.5432588449906389,0.5379482502040229,0.005310594786615996
11,4,13,Cz,1,0.6126229508196721,0.6147509457755358,-0.002127994955863688
11,4,15,Cz,1,0.5112051810846991,0.5064980643293896,0.004707116755309548
11,4,17,Cz,1,0.42575933279450867,0.4315399843038034,-0.005780651509294743
11,4,18,Cz,1,0.5997441441441441,0.6030522522522523,-0.003308108108108221
11,4,26,Cz,1,0.45503496503496504,0.4552314352314353,-0.00019647019647023312
11,4,28,Cz,1,0.4688230008984726,0.4692048517520216,-0.00038185085354897064
11,4,34,Cz,1,0.6430569461827284,0.6439580725907383,-0.000901126408009989
11,4,35,Cz,1,0.5377857284834029,0.5401411250248459,-0.002355396541443011
11,4,38,Cz,1,0.7003403553799339,0.7001592983882752,0.00018105699165871236
11,4,39,Cz,1,0.5008948531612838,0.5070155214032317,-0.006120668241947902
11,4,51,Cz,1,0.5642894890067466,0.5630783008240193,0.001211188182727252
11,4,52,Cz,1,0.5582686894162303,0.5559759002381952,0.002292789178035104
11,4,54,Cz,1,0.5323581904244588,0.5301240267970306,0.0022341636274281207
11,4,72,Cz,1,0.5432588449906389,0.5458031299505545,-0.0025442849599155437
11,4,13,C3,1,0.6126229508196721,0.6153688524590164,-0.0027459016393442948
11,4,15,C3,1,0.5112051810846991,0.5129708021274287,-0.0017656210427295926
11,4,17,C3,1,0.42575933279450867,0.4261751648686323,-0.000415832074123601
11,4,18,C3,1,0.5997441441441441,0.6005441441441441,-0.0008000000000000229
11,4,26,C3,1,0.45503496503496504,0.4484049284049284,0.00663003663003664
11,4,28,C3,1,0.4688230008984726,0.45944519317160826,0.009377807726864362
11,4,34,C3,1,0.6430569461827284,0.6438485607008761,-0.0007916145181477985
11,4,35,C3,1,0.5377857284834029,0.5414032995428344,-0.0036175710594315014
11,4,38,C3,1,0.7003403553799339,0.7010074074544658,-0.000667052074531882
11,4,39,C3,1,0.5008948531612838,0.5036494723232426,-0.002754619161958849
11,4,51,C3,1,0.5642894890067466,0.5631953849853804,0.0010941040213662268
11,4,52,C3,1,0.5582686894162303,0.5600774453233469,-0.0018087559071165993
11,4,54,C3,1,0.5323581904244588,0.5336838157316158,-0.0013256253071570745
11,4,72,C3,1,0.5432588449906389,0.5444769814219192,-0.0012181364312803256
11,4,13,C4,1,0.6126229508196721,0.6116172761664564,0.0010056746532156602
11,4,15,C4,1,0.5112051810846991,0.508650819494193,0.002554361590506149
11,4,17,C4,1,0.42575933279450867,0.4232760539293203,0.0024832788651883986
11,4,18,C4,1,0.5997441441441441,0.5947747747747748,0.004969369369369314
11,4,26,C4,1,0.45503496503496504,0.4555611055611055,-0.0005261405261404728
11,4,28,C4,1,0.4688230008984726,0.46617250673854443,0.002650494159928185
11,4,34,C4,1,0.6430569461827284,0.6427816020025032,0.0002753441802251233
11,4,35,C4,1,0.5377857284834029,0.5412177830782482,-0.003432054594845302
11,4,38,C4,1,0.7003403553799339,0.7000886226327593,0.0002517327471746045
11,4,39,C4,1,0.5008948531612838,0.5013725327847448,-0.00047767962346101367
11,4,51,C4,1,0.5642894890067466,0.5660061959672418,-0.0017167069604951957
11,4,52,C4,1,0.5582686894162303,0.5588864687225343,-0.0006177793063040227
11,4,54,C4,1,0.5323581904244588,0.5316016140296422,0.0007565763948165216
11,4,72,C4,1,0.5432588449906389,0.5397424511545292,0.003516393836109688
11,4,13,T3,1,0.6126229508196721,0.6114943253467844,0.0011286254728877232
11,4,15,T3,1,0.5112051810846991,0.5134194435399255,-0.002214262455226379
11,4,17,T3,1,0.42575933279450867,0.42068149605838046,0.005077836736128216
11,4,18,T3,1,0.5997441441441441,0.5867927927927928,0.012951351351351281
11,4,26,T3,1,0.45503496503496504,0.4513486513486513,0.0036863136863137247
11,4,28,T3,1,0.4688230008984726,0.48130053908355797,-0.012477538185085346
11,4,34,T3,1,0.6430569461827284,0.6445744680851063,-0.0015175219023779718
11,4,35,T3,1,0.5377857284834029,0.537729410985225,5.631749817791576e-05
11,4,38,T3,1,0.7003403553799339,0.6909238035944578,0.009416551785476068
11,4,39,T3,1,0.5008948531612838,0.5015858963498908,-0.0006910431886070212
11,4,51,T3,1,0.5642894890067466,0.5551086667594901,0.00918082224725647
11,4,52,T3,1,0.5582686894162303,0.551297973429121,0.006970715987109299
11,4,54,T3,1,0.5323581904244588,0.5214460308838363,0.010912159540622413
11,4,72,T3,1,0.5432588449906389,0.5349059094618598,0.008352935528779137
11,4,13,T4,1,0.6126229508196721,0.6316929382093317,-0.019069987389659593
11,4,15,T4,1,0.5112051810846991,0.5010058251022107,0.010199355982488445
11,4,17,T4,1,0.42575933279450867,0.4334258706118003,-0.007666537817291652
11,4,18,T4,1,0.5997441441441441,0.6190810810810812,-0.019336936936937055
11,4,26,T4,1,0.45503496503496504,0.4541325341325341,0.0009024309024309174
11,4,28,T4,1,0.4688230008984726,0.4787061994609164,-0.009883198562443796
11,4,34,T4,1,0.6430569461827284,0.6227628285356696,0.020294117647058796
11,4,35,T4,1,0.5377857284834029,0.5431027628702048,-0.005317034386801867
11,4,38,T4,1,0.7003403553799339,0.7020048091278135,-0.0016644537478796018
11,4,39,T4,1,0.5008948531612838,0.5049965288614029,-0.004101675700119101
11,4,51,T4,1,0.5642894890067466,0.5456224763616572,0.01866701264508941
11,4,52,T4,1,0.5582686894162303,0.5403307985275198,0.01793789088871056
11,4,54,T4,1,0.5323581904244588,0.5338454773544399,-0.0014872869299811242
11,4,72,T4,1,0.5432588449906389,0.5418426863808746,0.0014161586097642953
11,4,13,Pz,1,0.6126229508196721,0.6113461538461539,0.001276796973518235
11,4,15,Pz,1,0.5112051810846991,0.5067404754151742,0.004464705669524949
11,4,17,Pz,1,0.42575933279450867,0.4228777922245259,0.002881540569982799
11,4,18,Pz,1,0.5997441441441441,0.6030522522522523,-0.003308108108108221
11,4,26,Pz,1,0.45503496503496504,0.44805194805194803,0.00698301698301701
11,4,28,Pz,1,0.4688230008984726,0.4727201257861635,-0.003897124887690895
11,4,34,Pz,1,0.6430569461827284,0.6443773466833542,-0.0013204005006258734
11,4,35,Pz,1,0.5377857284834029,0.5392698602000927,-0.0014841317166898182
11,4,38,Pz,1,0.7003403553799339,0.7005706471675698,-0.00023029178763589453
11,4,39,Pz,1,0.5008948531612838,0.49895228935920877,0.0019425638020750258
11,4,51,Pz,1,0.5642894890067466,0.5637040681999418,0.0005854208068047928
11,4,52,Pz,1,0.5582686894162303,0.5591316697874075,-0.0008629803711771578
11,4,54,Pz,1,0.5323581904244588,0.5355396911616358,-0.0031815007371770454
11,4,72,Pz,1,0.5432588449906389,0.5457191205415007,-0.0024602755508618124
11,4,13,P3,1,0.6126229508196721,0.6117717528373268,0.0008511979823453419
11,4,15,P3,1,0.5112051810846991,0.515854408625493,-0.004649227540793888
11,4,17,P3,1,0.42575933279450867,0.4199025430181209,0.005856789776387761
11,4,18,P3,1,0.5997441441441441,0.6007747747747748,-0.0010306306306306912
11,4,26,P3,1,0.45503496503496504,0.4550882450882451,-5.328005328003593e-05
11,4,28,P3,1,0.4688230008984726,0.4726976639712489,-0.0038746630727762854
11,4,34,P3,1,0.6430569461827284,0.6440581977471839,-0.0010012515644555187
11,4,35,P3,1,0.5377857284834029,0.541449678658981,-0.003663950175578079
11,4,38,P3,1,0.7003403553799339,0.6982986995660985,0.002041655813835419
11,4,39,P3,1,0.5008948531612838,0.5030221197510971,-0.002127266589813326
11,4,51,P3,1,0.5642894890067466,0.566327386301786,-0.002037897295039448
11,4,52,P3,1,0.5582686894162303,0.5594246372934897,-0.0011559478772593668
11,4,54,P3,1,0.5323581904244588,0.532251493753395,0.00010669667106377734
11,4,72,P3,1,0.5432588449906389,0.5400904901348951,0.003168354855743849
11,4,13,P4,1,0.6126229508196721,0.6117370744010088,0.0008858764186633339
11,4,15,P4,1,0.5112051810846991,0.5063605774449148,0.0048446036397843395
11,4,17,P4,1,0.42575933279450867,0.42395544154338116,0.0018038912511275096
11,4,18,P4,1,0.5997441441441441,0.6062414414414414,-0.006497297297297311
11,4,26,P4,1,0.45503496503496504,0.45248085248085246,0.0025541125541125864
11,4,28,P4,1,0.4688230008984726,0.4657794249775382,0.003043575920934405
11,4,34,P4,1,0.6430569461827284,0.6423967459324156,0.0006602002503127702
11,4,35,P4,1,0.5377857284834029,0.5335586033260452,0.004227125157357681
11,4,38,P4,1,0.7003403553799339,0.7004793245621279,-0.00013896918219402643
11,4,39,P4,1,0.5008948531612838,0.501082740479845,-0.00018788731856123064
11,4,51,P4,1,0.5642894890067466,0.560668582205739,0.003620906801007573
11,4,52,P4,1,0.5582686894162303,0.5591348542168215,-0.000866164800591207
11,4,54,P4,1,0.5323581904244588,0.5305475802488295,0.0018106101756292237
11,4,72,P4,1,0.5432588449906389,0.5437268974125102,-0.00046805242187131224
11,4,13,T5,1,0.6126229508196721,0.6103530895334173,0.0022698612862548373
11,4,15,T5,1,0.5112051810846991,0.5243894496906545,-0.01318426860595534
11,4,17,T5,1,0.42575933279450867,0.4249745229644727,0.0007848098300359818
11,4,18,T5,1,0.5997441441441441,0.5753873873873873,0.02435675675675686
11,4,26,T5,1,0.45503496503496504,0.45807192807192804,-0.003036963036962992
11,4,28,T5,1,0.4688230008984726,0.47386567834681037,-0.005042677448337751
11,4,34,T5,1,0.6430569461827284,0.6430193992490613,3.75469336670875e-05
11,4,35,T5,1,0.5377857284834029,0.5311369509043928,0.006648777579010057
11,4,38,T5,1,0.7003403553799339,0.68992957835956,0.010410777020373851
11,4,39,T5,1,0.5008948531612838,0.5009489901852759,-5.4137023992151256e-05
11,4,51,T5,1,0.5642894890067466,0.5746458995228029,-0.010356410516056291
11,4,52,T5,1,0.5582686894162303,0.556453564650286,0.0018151247659443648
11,4,54,T5,1,0.5323581904244588,0.5236995939060035,0.008658596518455242
11,4,72,T5,1,0.5432588449906389,0.543126830204983,0.00013201478565594282
11,4,13,T6,1,0.6126229508196721,0.6101513240857503,0.0024716267339217612
11,4,15,T6,1,0.5112051810846991,0.5086689098737291,0.002536271210969998
11,4,17,T6,1,0.42575933279450867,0.4331213175434281,-0.007361984748919415
11,4,18,T6,1,0.5997441441441441,0.6042522522522522,-0.004508108108108089
11,4,26,T6,1,0.45503496503496504,0.4527206127206127,0.0023143523143523415
11,4,28,T6,1,0.4688230008984726,0.4626909254267745,0.00613207547169814
11,4,34,T6,1,0.6430569461827284,0.6440863579474343,-0.0010294117647059453
11,4,35,T6,1,0.5377857284834029,0.5340488968395946,0.003736831643808336
11,4,38,T6,1,0.7003403553799339,0.7016538126790718,-0.001313457299137899
11,4,39,T6,1,0.5008948531612838,0.49687279073174145,0.004022062429542339
11,4,51,T6,1,0.5642894890067466,0.5622136184701847,0.0020758705365618857
11,4,52,T6,1,0.5582686894162303,0.5621887220247876,-0.003920032608557333
11,4,54,T6,1,0.5323581904244588,0.5315466490778821,0.000811541346576683
11,4,72,T6,1,0.5432588449906389,0.5406305506216698,0.002628294368969164
11,4,13,Oz,1,0.6126229508196721,0.6141551071878941,-0.0015321563682220152
11,4,15,Oz,1,0.5112051810846991,0.5155070733383986,-0.00430189225369948
11,4,17,Oz,1,0.42575933279450867,0.43659439388082605,-0.010835061086317377
11,4,18,Oz,1,0.5997441441441441,0.5964756756756757,0.0032684684684683996
11,4,26,Oz,1,0.45503496503496504,0.46101232101232104,-0.0059773559773559914
11,4,28,Oz,1,0.4688230008984726,0.4714510332434861,-0.0026280323450134646
11,4,34,Oz,1,0.6430569461827284,0.6414549436795995,0.0016020025031288077
11,4,35,Oz,1,0.5377857284834029,0.536364539852912,0.0014211886304908994
11,4,38,Oz,1,0.7003403553799339,0.6978849684579662,0.0024553869219676727
11,4,39,Oz,1,0.5008948531612838,0.49545885904629666,0.0054359941149871305
11,4,51,Oz,1,0.5642894890067466,0.5675662633064567,-0.0032767742997100724
11,4,52,Oz,1,0.5582686894162303,0.5545779357254766,0.0036907536907536675
11,4,54,Oz,1,0.5323581904244588,0.5299300328496417,0.002428157574817069
11,4,72,Oz,1,0.5432588449906389,0.555398204598915,-0.012139359608276057
11,4,13,O1,1,0.6126229508196721,0.6136696090794451,-0.0010466582597730145
11,4,15,O1,1,0.5112051810846991,0.512182061579652,-0.0009768804949528143
11,4,17,O1,1,0.42575933279450867,0.4243829871970576,0.0013763455974510896
11,4,18,O1,1,0.5997441441441441,0.6018162162162162,-0.002072072072072051
11,4,26,O1,1,0.45503496503496504,0.4542823842823843,0.0007525807525807227
11,4,28,O1,1,0.4688230008984726,0.4729784366576819,-0.004155435759209292
11,4,34,O1,1,0.6430569461827284,0.6422371714643303,0.0008197747183980031
11,4,35,O1,1,0.5377857284834029,0.5387000596302923,-0.0009143311468894355
11,4,38,O1,1,0.7003403553799339,0.6973545032367908,0.002985852143143064
11,4,39,O1,1,0.5008948531612838,0.49976752924991563,0.001127323911368161
11,4,51,O1,1,0.5642894890067466,0.5629691277546423,0.0013203612521043295
11,4,52,O1,1,0.5582686894162303,0.5546766530373087,0.0035920363789215815
11,4,54,O1,1,0.5323581904244588,0.5302662890251157,0.0020919013993430102
11,4,72,O1,1,0.5432588449906389,0.5442969612596611,-0.0010381162690221712
11,4,13,O2,1,0.6126229508196721,0.6156557377049181,-0.003032786885245997
11,4,15,O2,1,0.5112051810846991,0.5124389449690655,-0.0012337638843663568
11,4,17,O2,1,0.42575933279450867,0.42768621663094025,-0.001926883836431581
11,4,18,O2,1,0.5997441441441441,0.5996468468468469,9.729729729723857e-05
11,4,26,O2,1,0.45503496503496504,0.456013986013986,-0.0009790209790209725
11,4,28,O2,1,0.4688230008984726,0.47067610062893084,-0.0018530997304582186
11,4,34,O2,1,0.6430569461827284,0.6427127659574468,0.0003441802252815984
11,4,35,O2,1,0.5377857284834029,0.5370270986550056,0.0007586298283972503
11,4,38,O2,1,0.7003403553799339,0.7004277074373129,-8.735205737897545e-05
11,4,39,O2,1,0.5008948531612838,0.5003789591679457,0.000515893993338068
11,4,51,O2,1,0.5642894890067466,0.564345657759832,-5.616875308545044e-05
11,4,52,O2,1,0.5582686894162303,0.5586731119518005,-0.00040442253557015917
11,4,54,O2,1,0.5323581904244588,0.5260339877395825,0.006324202684876212
11,4,72,O2,1,0.5432588449906389,0.5401264941673467,0.003132350823292218
11,4,13,Fp1+Fp2,2,0.6126229508196721,0.6109489281210592,0.0016740226986129425
11,4,15,Fp1+Fp2,2,0.5112051810846991,0.503078982597055,0.008126198487644176
11,4,17,Fp1+Fp2,2,0.42575933279450867,0.4204647948366541,0.0052945379578545615
11,4,18,Fp1+Fp2,2,0.5997441441441441,0.5999279279279279,-0.00018378378378380855
11,4,26,Fp1+Fp2,2,0.45503496503496504,0.4341558441558442,0.02087912087912086
11,4,28,Fp1+Fp2,2,0.4688230008984726,0.4724168912848158,-0.003593890386343168
11,4,34,Fp1+Fp2,2,0.6430569461827284,0.6485857321652065,-0.00552878598247819
11,4,35,Fp1+Fp2,2,0.5377857284834029,0.555558868349566,-0.017773139866163135
11,4,38,Fp1+Fp2,2,0.7003403553799339,0.7019150747415968,-0.0015747193616628685
11,4,39,Fp1+Fp2,2,0.5008948531612838,0.5050379277621029,-0.0041430746008190855
11,4,51,Fp1+Fp2,2,0.5642894890067466,0.5544583749984178,0.009831114008328812
11,4,52,Fp1+Fp2,2,0.5582686894162303,0.5624052632249353,-0.004136573808705024
11,4,54,Fp1+Fp2,2,0.5323581904244588,0.5469756343602079,-0.014617443935749153
11,4,72,Fp1+Fp2,2,0.5432588449906389,0.5406365512937449,0.0026222936968940402
11,4,13,F7+F8+T3+T4,4,0.6126229508196721,0.5925252206809584,0.020097730138713743
11,4,15,F7+F8+T3+T4,4,0.5112051810846991,0.4981041282246102,0.013101052860088946
11,4,17,F7+F8+T3+T4,4,0.42575933279450867,0.4381113024329105,-0.01235196963840185
11,4,18,F7+F8+T3+T4,4,0.5997441441441441,0.5890234234234234,0.010720720720720722
11,4,26,F7+F8+T3+T4,4,0.45503496503496504,0.49001998001998004,-0.034985014985014995
11,4,28,F7+F8+T3+T4,4,0.4688230008984726,0.49294699011680143,-0.024123989218328812
11,4,34,F7+F8+T3+T4,4,0.6430569461827284,0.6030600750938673,0.039996871088861075
11,4,35,F7+F8+T3+T4,4,0.5377857284834029,0.5243887895050685,0.013396938978334383
11,4,38,F7+F8+T3+T4,4,0.7003403553799339,0.6718945549492088,0.028445800430725088
11,4,39,F7+F8+T3+T4,4,0.5008948531612838,0.5174353062563293,-0.016540453095045482
11,4,51,F7+F8+T3+T4,4,0.5642894890067466,0.5424453818209435,0.021844107185803097
11,4,52,F7+F8+T3+T4,4,0.5582686894162303,0.5218260792031283,0.03644261021310202
11,4,54,F7+F8+T3+T4,4,0.5323581904244588,0.5466232120224515,-0.0142650215979927
11,4,72,F7+F8+T3+T4,4,0.5432588449906389,0.531455523018578,0.01180332197206091
11,4,13,Fz+Cz+F3+F4,4,0.6126229508196721,0.6075662042875158,0.005056746532156264
11,4,15,Fz+Cz+F3+F4,4,0.5112051810846991,0.5191975107637758,-0.007992329679076704
11,4,17,Fz+Cz+F3+F4,4,0.42575933279450867,0.43875554930831306,-0.012996216513804393
11,4,18,Fz+Cz+F3+F4,4,0.5997441441441441,0.5888828828828829,0.01086126126126119
11,4,26,Fz+Cz+F3+F4,4,0.45503496503496504,0.4732400932400933,-0.018205128205128263
11,4,28,Fz+Cz+F3+F4,4,0.4688230008984726,0.4568059299191375,0.012017070979335132
11,4,34,Fz+Cz+F3+F4,4,0.6430569461827284,0.6342991239048811,0.008757822277847271
11,4,35,Fz+Cz+F3+F4,4,0.5377857284834029,0.5265520439939044,0.011233684489498463
11,4,38,Fz+Cz+F3+F4,4,0.7003403553799339,0.6935721591522721,0.006768196227661782
11,4,39,Fz+Cz+F3+F4,4,0.5008948531612838,0.4971848747524028,0.0037099784088809873
11,4,51,Fz+Cz+F3+F4,4,0.5642894890067466,0.5586955558649671,0.005593933141779472
11,4,52,Fz+Cz+F3+F4,4,0.5582686894162303,0.5803686295489575,-0.022099940132727203
11,4,54,Fz+Cz+F3+F4,4,0.5323581904244588,0.5167287447298311,0.015629445694627653
11,4,72,Fz+Cz+F3+F4,4,0.5432588449906389,0.5158117709183428,0.027447074072296074
11,4,13,T5+T6+P3+P4,4,0.6126229508196721,0.6058984867591425,0.006724464060529622
11,4,15,T5+T6+P3+P4,4,0.5112051810846991,0.5266398929049532,-0.015434711820254021
11,4,17,T5+T6+P3+P4,4,0.42575933279450867,0.427153248761289,-0.0013939159667803458
11,4,18,T5+T6+P3+P4,4,0.5997441441441441,0.5841189189189189,0.015625225225225248
11,4,26,T5+T6+P3+P4,4,0.45503496503496504,0.4510556110556111,0.00397935397935395
11,4,28,T5+T6+P3+P4,4,0.4688230008984726,0.4693283917340521,-0.0005053908355794889
11,4,34,T5+T6+P3+P4,4,0.6430569461827284,0.6442928660826033,-0.0012359198998749266
11,4,35,T5+T6+P3+P4,4,0.5377857284834029,0.5272212283840191,0.010564500099383811
11,4,38,T5+T6+P3+P4,4,0.7003403553799339,0.6907713345488504,0.009569020831083463
11,4,39,T5+T6+P3+P4,4,0.5008948531612838,0.4960416281869192,0.004853224974364578
11,4,51,T5+T6+P3+P4,4,0.5642894890067466,0.5712876409756592,-0.006998151968912625
11,4,52,T5+T6+P3+P4,4,0.5582686894162303,0.5634242806373954,-0.005155591221165046
11,4,54,T5+T6+P3+P4,4,0.5323581904244588,0.5191601355371045,0.01319805488735426
11,4,72,T5+T6+P3+P4,4,0.5432588449906389,0.5374201910613989,0.00583865392923999
11,4,13,O1+O2+Oz+Pz,4,0.6126229508196721,0.618139974779319,-0.005517023959646927
11,4,15,O1+O2+Oz+Pz,4,0.5112051810846991,0.5121856796555593,-0.0009804985708601333
11,4,17,O1+O2+Oz+Pz,4,0.42575933279450867,0.43702779632427874,-0.011268463529770067
11,4,18,O1+O2+Oz+Pz,4,0.5997441441441441,0.6022630630630631,-0.0025189189189189776
11,4,26,O1+O2+Oz+Pz,4,0.45503496503496504,0.4565068265068265,-0.0014718614718614575
11,4,28,O1+O2+Oz+Pz,4,0.4688230008984726,0.47866127583108714,-0.009838274932614521
11,4,34,O1+O2+Oz+Pz,4,0.6430569461827284,0.6424342928660827,0.0006226533166456827
11,4,35,O1+O2+Oz+Pz,4,0.5377857284834029,0.5422811899556086,-0.004495461472205697
11,4,38,O1+O2+Oz+Pz,4,0.7003403553799339,0.6943551512302346,0.005985204149699275
11,4,39,O1+O2+Oz+Pz,4,0.5008948531612838,0.4905037290855938,0.010391124075689984
11,4,51,O1+O2+Oz+Pz,4,0.5642894890067466,0.5655497259597737,-0.0012602369530271273
11,4,52,O1+O2+Oz+Pz,4,0.5582686894162303,0.5518870928706994,0.006381596545530943
11,4,54,O1+O2+Oz+Pz,4,0.5323581904244588,0.523104679134011,0.009253511290447713
11,4,72,O1+O2+Oz+Pz,4,0.5432588449906389,0.5554822140079689,-0.01222336901733001
22,0,4,Fp1,1,0.5684568885346087,0.5753254948850803,-0.0068686063504715955
22,0,21,Fp1,1,0.6086453201970443,0.6078981937602628,0.0007471264367815422
22,0,28,Fp1,1,0.5037960467205751,0.5019317160826595,0.0018643306379155788
22,0,29,Fp1,1,0.6115651062684961,0.6098331988162496,0.001731907452246495
22,0,31,Fp1,1,0.5929111615505843,0.5944891021002865,-0.0015779405497021726
22,0,36,Fp1,1,0.5189105517564706,0.5184215206039737,0.0004890311524968771
22,0,37,Fp1,1,0.5014008361240616,0.4962407249326942,0.005160111191367389
22,0,42,Fp1,1,0.5322099367802523,0.534393772461373,-0.0021838356811206827
22,0,43,Fp1,1,0.6087811836518047,0.608943736730361,-0.00016255307855628232
22,0,48,Fp1,1,0.6121746475898844,0.6103479224961723,0.0018267250937120671
22,0,54,Fp1,1,0.5412010811929335,0.5468948035487959,-0.005693722355862407
22,0,57,Fp1,1,0.6292982456140351,0.6270739348370927,0.0022243107769424064
22,0,60,Fp1,1,0.5085520559930008,0.4981080489938758,0.01044400699912501
22,0,61,Fp1,1,0.5390902015047998,0.5484807864164433,-0.009390584911643463
22,0,72,Fp1,1,0.5285271950458452,0.5279691325428448,0.0005580625030003894
22,0,4,Fp2,1,0.5684568885346087,0.5762994885080377,-0.007842599973428954
22,0,21,Fp2,1,0.6086453201970443,0.603452380952381,0.005192939244663353
22,0,28,Fp2,1,0.5037960467205751,0.5001010781671159,0.003694968553459188
22,0,29,Fp2,1,0.6115651062684961,0.6068065644336831,0.004758541834813057
22,0,31,Fp2,1,0.5929111615505843,0.5870513722730473,0.005859789277537053
22,0,36,Fp2,1,0.5189105517564706,0.519351083951695,-0.0004405321952244412
22,0,37,Fp2,1,0.5014008361240616,0.4976689211373038,0.0037319149867577894
22,0,42,Fp2,1,0.5322099367802523,0.5390991841767006,-0.00688924739644825
22,0,43,Fp2,1,0.6087811836518047,0.6289510350318471,-0.02016985138004246
22,0,48,Fp2,1,0.6121746475898844,0.6161026344965946,-0.003927986906710257
22,0,54,Fp2,1,0.5412010811929335,0.5471275962856625,-0.005926515092729012
22,0,57,Fp2,1,0.6292982456140351,0.6277725563909774,0.0015256892230577357
22,0,60,Fp2,1,0.5085520559930008,0.5101706036745407,-0.0016185476815399058
22,0,61,Fp2,1,0.5390902015047998,0.53574980541382,0.0033403960909798025
22,0,72,Fp2,1,0.5285271950458452,0.5349059094618598,-0.006378714416014564
22,0,4,Fz,1,0.5684568885346087,0.5644454962136309,0.004011392320977802
22,0,21,Fz,1,0.6086453201970443,0.6113341543513957,-0.002688834154351394
22,0,28,Fz,1,0.5037960467205751,0.4996069182389937,0.004189128481581372
22,0,29,Fz,1,0.6115651062684961,0.6115819209039548,-1.6814635458661797e-05
22,0,31,Fz,1,0.5929111615505843,0.6006502066586712,-0.007739045108086873
22,0,36,Fz,1,0.5189105517564706,0.5180820279030667,0.0008285238534039285
22,0,37,Fz,1,0.5014008361240616,0.49596165211110377,0.005439184012957843
22,0,42,Fz,1,0.5322099367802523,0.531675454473912,0.0005344823063403448
22,0,43,Fz,1,0.6087811836518047,0.6142283704883227,-0.005447186836518014
22,0,48,Fz,1,0.6121746475898844,0.6182514122802386,-0.0060767646903542305
22,0,54,Fz,1,0.5412010811929335,0.5395553658725849,0.0016457153203486286
22,0,57,Fz,1,0.6292982456140351,0.6267199248120301,0.0025783208020050408
22,0,60,Fz,1,0.5085520559930008,0.5094925634295713,-0.0009405074365704813
22,0,61,Fz,1,0.5390902015047998,0.5387983222347142,0.0002918792700855599
22,0,72,Fz,1,0.5285271950458452,0.5212003744419376,0.007326820603907658
22,0,4,F3,1,0.5684568885346087,0.5647950710774545,0.003661817457154215
22,0,21,F3,1,0.6086453201970443,0.6067980295566502,0.001847290640394128
22,0,28,F3,1,0.5037960467205751,0.5036612758310871,0.00013477088948798954
22,0,29,F3,1,0.6115651062684961,0.6120022867904225,-0.00043718052192631696
22,0,31,F3,1,0.5929111615505843,0.5863625100355829,0.006548651515001391
22,0,36,F3,1,0.5189105517564706,0.5164007307176228,0.0025098210388477815
22,0,37,F3,1,0.5014008361240616,0.5109002560903539,-0.009499419966292333
22,0,42,F3,1,0.5322099367802523,0.527979984785289,0.0042299519949633435
22,0,43,F3,1,0.6087811836518047,0.6045514861995753,0.004229697452229342
22,0,48,F3,1,0.6121746475898844,0.6183464442215301,-0.006171796631645687
22,0,54,F3,1,0.5412010811929335,0.5477257442901116,-0.0065246630971780295
22,0,57,F3,1,0.6292982456140351,0.6293734335839598,-7.518796992467269e-05
22,0,60,F3,1,0.5085520559930008,0.5160323709536307,-0.007480314960629952
22,0,61,F3,1,0.5390902015047998,0.5385064429646286,0.0005837585401712309
22,0,72,F3,1,0.5285271950458452,0.5295653113148673,-0.0010381162690220602
22,0,4,F4,1,0.5684568885346087,0.568338149329082,0.00011873920552674111
22,0,21,F4,1,0.6086453201970443,0.6035221674876847,0.005123152709359591
22,0,28,F4,1,0.5037960467205751,0.5068733153638815,-0.0030772686433063745
22,0,29,F4,1,0.6115651062684961,0.600635593220339,0.010929513048157147
22,0,31,F4,1,0.5929111615505843,0.5919636042858134,0.0009475572647709152
22,0,36,F4,1,0.5189105517564706,0.5189348012351068,-2.4249478636217958e-05
22,0,37,F4,1,0.5014008361240616,0.4913323264823692,0.010068509641692425
22,0,42,F4,1,0.5322099367802523,0.5352102515673776,-0.003000314787125258
22,0,43,F4,1,0.6087811836518047,0.6215067675159236,-0.012725583864118928
22,0,48,F4,1,0.6121746475898844,0.6066047199197508,0.005569927670133534
22,0,54,F4,1,0.5412010811929335,0.5281388220687515,0.013062259124182019
22,0,57,F4,1,0.6292982456140351,0.6282926065162907,0.0010056390977444263
22,0,60,F4,1,0.5085520559930008,0.5037839020122484,0.004768153980752365
22,0,61,F4,1,0.5390902015047998,0.5446395110842054,-0.005549309579405581
22,0,72,F4,1,0.5285271950458452,0.5189141183812587,0.00961307666458655
22,0,4,F7,1,0.5684568885346087,0.5653646871263451,0.0030922014082636062
22,0,21,F7,1,0.6086453201970443,0.6064203612479475,0.0022249589490968003
22,0,28,F7,1,0.5037960467205751,0.5122079964061097,-0.008411949685534603
22,0,29,F7,1,0.6115651062684961,0.6027206080172182,0.008844498251277977
22,0,31,F7,1,0.5929111615505843,0.5717467365770981,0.02116442497348625
22,0,36,F7,1,0.5189105517564706,0.5095300451040303,0.00938050665244028
22,0,37,F7,1,0.5014008361240616,0.5252916584586426,-0.023890822334580952
22,0,42,F7,1,0.5322099367802523,0.5322787964638913,-6.885968363901096e-05
22,0,43,F7,1,0.6087811836518047,0.6040704617834394,0.004710721868365297
22,0,48,F7,1,0.6121746475898844,0.6162135050947679,-0.004038857504883531
22,0,54,F7,1,0.5412010811929335,0.5461026615969582,-0.0049015804040246636
22,0,57,F7,1,0.6292982456140351,0.6296898496240602,-0.0003916040100250262
22,0,60,F7,1,0.5085520559930008,0.5328740157480315,-0.02432195975503071
22,0,61,F7,1,0.5390902015047998,0.5410865115742742,-0.0019963100694744274
22,0,72,F7,1,0.5285271950458452,0.5262349383130911,0.0022922567327541277
22,0,4,F8,1,0.5684568885346087,0.5616173442274478,0.0068395443071609385
22,0,21,F8,1,0.6086453201970443,0.5917159277504105,0.01692939244663383
22,0,28,F8,1,0.5037960467205751,0.49829290206648696,0.005503144654088132
22,0,29,F8,1,0.6115651062684961,0.5988868711326338,0.012678235135862304
22,0,31,F8,1,0.5929111615505843,0.5829796513068559,0.009931510243728403
22,0,36,F8,1,0.5189105517564706,0.51584299270899,0.0030675590474805725
22,0,37,F8,1,0.5014008361240616,0.48779193205944793,0.01360890406461368
22,0,42,F8,1,0.5322099367802523,0.5473131607250596,-0.015103223944807342
22,0,43,F8,1,0.6087811836518047,0.564420780254777,0.044360403397027626
22,0,48,F8,1,0.6121746475898844,0.6062351512591733,0.005939496330711114
22,0,54,F8,1,0.5412010811929335,0.5474767853909625,-0.00627570419802892
22,0,57,F8,1,0.6292982456140351,0.6229479949874688,0.006350250626566356
22,0,60,F8,1,0.5085520559930008,0.4899168853893263,0.018635170603674478
22,0,61,F8,1,0.5390902015047998,0.5380415982011588,0.0010486033036409825
22,0,72,F8,1,0.5285271950458452,0.5302973933080505,-0.0017701982622052581
22,0,4,Cz,1,0.5684568885346087,0.5645750298923875,0.0038818586422212364
22,0,21,Cz,1,0.6086453201970443,0.6075862068965517,0.0010591133004925757
22,0,28,Cz,1,0.5037960467205751,0.5039982030548069,-0.00020215633423181778
22,0,29,Cz,1,0.6115651062684961,0.6065711595372613,0.004993946731234877
22,0,31,Cz,1,0.5929111615505843,0.5934533308223726,-0.0005421692717882953
22,0,36,Cz,1,0.5189105517564706,0.5267148422975573,-0.007804290541086667
22,0,37,Cz,1,0.5014008361240616,0.5045253573226519,-0.003124521198590302
22,0,42,Cz,1,0.5322099367802523,0.5378072453503319,-0.005597308570079562
22,0,43,Cz,1,0.6087811836518047,0.6101446390658174,-0.0013634554140127264
22,0,48,Cz,1,0.6121746475898844,0.6194657093078506,-0.00729106171796623
22,0,54,Cz,1,0.5412010811929335,0.5352099014510747,0.00599117974185881
22,0,57,Cz,1,0.6292982456140351,0.6179385964912281,0.01135964912280707
22,0,60,Cz,1,0.5085520559930008,0.5098534558180228,-0.001301399825021976
22,0,61,Cz,1,0.5390902015047998,0.5399045807028164,-0.0008143791980166348
22,0,72,Cz,1,0.5285271950458452,0.5211523690653354,0.007374825980509869
22,0,4,C3,1,0.5684568885346087,0.5711422213365218,-0.0026853328019130762
22,0,21,C3,1,0.6086453201970443,0.6066050903119868,0.0020402298850574763
22,0,28,C3,1,0.5037960467205751,0.48524258760107813,0.018553459119496962
22,0,29,C3,1,0.6115651062684961,0.6134651600753297,-0.001900053806833557
22,0,31,C3,1,0.5929111615505843,0.589801865379469,0.0031092961711153277
22,0,36,C3,1,0.5189105517564706,0.5168938034498924,0.0020167483065781644
22,0,37,C3,1,0.5014008361240616,0.49359226913564025,0.0078085669884213615
22,0,42,C3,1,0.5322099367802523,0.5300556123921198,0.002154324388132456
22,0,43,C3,1,0.6087811836518047,0.6211020435244161,-0.012320859872611445
22,0,48,C3,1,0.6121746475898844,0.6007074600073914,0.011467187582492988
22,0,54,C3,1,0.5412010811929335,0.5445701094125863,-0.003369028219652792
22,0,57,C3,1,0.6292982456140351,0.6247211779448621,0.004577067669172985
22,0,60,C3,1,0.5085520559930008,0.5130358705161855,-0.004483814523184693
22,0,61,C3,1,0.5390902015047998,0.5335517022687307,0.005538499236069083
22,0,72,C3,1,0.5285271950458452,0.5293072824156306,-0.0007800873697854094
22,0,4,C4,1,0.5684568885346087,0.569237411983526,-0.0007805234489172141
22,0,21,C4,1,0.6086453201970443,0.6086330049261084,1.2315270935925327e-05
22,0,28,C4,1,0.5037960467205751,0.503548966756514,0.00024707996406114763
22,0,29,C4,1,0.6115651062684961,0.6139191552327146,-0.002354048964218425
22,0,31,C4,1,0.5929111615505843,0.5924572062919389,0.0004539552586454443
22,0,36,C4,1,0.5189105517564706,0.5218891960489516,-0.0029786442924809586
22,0,37,C4,1,0.5014008361240616,0.5037209709545385,-0.002320134830476883
22,0,42,C4,1,0.5322099367802523,0.5296195010624065,0.002590435717845785
22,0,43,C4,1,0.6087811836518047,0.6125199044585987,-0.003738720806794049
22,0,48,C4,1,0.6121746475898844,0.6156327543424318,-0.0034581067525474296
22,0,54,C4,1,0.5412010811929335,0.5414597397894518,-0.0002586585965183019
22,0,57,C4,1,0.6292982456140351,0.6228853383458647,0.0064129072681704535
22,0,60,C4,1,0.5085520559930008,0.5065507436570429,0.0020013123359579055
22,0,61,C4,1,0.5390902015047998,0.53633716740177,0.00275303410302985
22,0,72,C4,1,0.5285271950458452,0.5305194181748356,-0.001992223128990389
22,0,4,T3,1,0.5684568885346087,0.5747500664275276,-0.006293177892918833
22,0,21,T3,1,0.6086453201970443,0.5995279146141215,0.009117405582922844
22,0,28,T3,1,0.5037960467205751,0.5167340521114105,-0.01293800539083545
22,0,29,T3,1,0.6115651062684961,0.5932035243475922,0.01836158192090398
22,0,31,T3,1,0.5929111615505843,0.6018564589507488,-0.008945297400164476
22,0,36,T3,1,0.5189105517564706,0.509804872528574,0.009105679227896624
22,0,37,T3,1,0.5014008361240616,0.5029603607153019,-0.0015595245912403133
22,0,42,T3,1,0.5322099367802523,0.5302097269221688,0.002000209858083468
22,0,43,T3,1,0.6087811836518047,0.6106322983014862,-0.0018511146496815734
22,0,48,T3,1,0.6121746475898844,0.6014941132991922,0.010680534290692156
22,0,54,T3,1,0.5412010811929335,0.5263831768448823,0.014817904348051192
22,0,57,T3,1,0.6292982456140351,0.6132988721804511,0.01599937343358404
22,0,60,T3,1,0.5085520559930008,0.5063976377952756,0.0021544181977252164
22,0,61,T3,1,0.5390902015047998,0.5275411513736343,0.011549050131165473
22,0,72,T3,1,0.5285271950458452,0.5303513993567279,-0.0018242043108827044
22,0,4,T4,1,0.5684568885346087,0.5587302378105486,0.009726650724060093
22,0,21,T4,1,0.6086453201970443,0.5899261083743843,0.01871921182266001
22,0,28,T4,1,0.5037960467205751,0.5122079964061096,-0.008411949685534492
22,0,29,T4,1,0.6115651062684961,0.6325161420500404,-0.020951035781544225
22,0,31,T4,1,0.5929111615505843,0.59322635319305,-0.0003151916424656287
22,0,36,T4,1,0.5189105517564706,0.5116074171071989,0.007303134649271681
22,0,37,T4,1,0.5014008361240616,0.5123339243110732,-0.010933088187011553
22,0,42,T4,1,0.5322099367802523,0.5168706224915401,0.015339314288712158
22,0,43,T4,1,0.6087811836518047,0.5592323513800425,0.04954883227176221
22,0,48,T4,1,0.6121746475898844,0.5975291695264242,0.014645478063460171
22,0,54,T4,1,0.5412010811929335,0.544958097307364,-0.003757016114430467
22,0,57,T4,1,0.6292982456140351,0.6401597744360902,-0.010861528822055044
22,0,60,T4,1,0.5085520559930008,0.5232720909886265,-0.014720034995625686
22,0,61,T4,1,0.5390902015047998,0.5268168583700885,0.01227334313471129
22,0,72,T4,1,0.5285271950458452,0.5275130814651241,0.001014113580721121
22,0,4,Pz,1,0.5684568885346087,0.5681770625747309,0.0002798259598778552
22,0,21,Pz,1,0.6086453201970443,0.6091707717569786,-0.0005254515599343312
22,0,28,Pz,1,0.5037960467205751,0.5084007187780774,-0.004604672057502257
22,0,29,Pz,1,0.6115651062684961,0.6144235942964756,-0.0028584880279795
22,0,31,Pz,1,0.5929111615505843,0.5945713691013074,-0.0016602075507230474
22,0,36,Pz,1,0.5189105517564706,0.5158551174483081,0.0030554343081624635
22,0,37,Pz,1,0.5014008361240616,0.4995239345984635,0.001876901525598107
22,0,42,Pz,1,0.5322099367802523,0.5316787335064663,0.000531203273785974
22,0,43,Pz,1,0.6087811836518047,0.6094048566878981,-0.0006236730360934528
22,0,48,Pz,1,0.6121746475898844,0.6065255266353413,0.005649120954543063
22,0,54,Pz,1,0.5412010811929335,0.5416795995964927,-0.0004785184035591694
22,0,57,Pz,1,0.6292982456140351,0.6278571428571429,0.001441102756892243
22,0,60,Pz,1,0.5085520559930008,0.5084317585301837,0.00012029746281705389
22,0,61,Pz,1,0.5390902015047998,0.5422792527890686,-0.003189051284268829
22,0,72,Pz,1,0.5285271950458452,0.5284191829484902,0.00010801209735500361
22,0,4,P3,1,0.5684568885346087,0.5698526969576192,-0.0013958084230104584
22,0,21,P3,1,0.6086453201970443,0.613427750410509,-0.0047824302134646945
22,0,28,P3,1,0.5037960467205751,0.5051999101527404,-0.0014038634321652532
22,0,29,P3,1,0.6115651062684961,0.6075968523002422,0.003968253968253954
22,0,31,P3,1,0.5929111615505843,0.5924542327858777,0.00045692876470659893
22,0,36,P3,1,0.5189105517564706,0.5174394167192072,0.0014711350372633714
22,0,37,P3,1,0.5014008361240616,0.5002407687088231,0.0011600674152385526
22,0,42,P3,1,0.5322099367802523,0.5325312819705674,-0.00032134519031512543
22,0,43,P3,1,0.6087811836518047,0.6117436305732484,-0.002962446921443762
22,0,48,P3,1,0.6121746475898844,0.6177868116783697,-0.005612164088485305
22,0,54,P3,1,0.5412010811929335,0.5443502496055457,-0.0031491684126121466
22,0,57,P3,1,0.6292982456140351,0.6347556390977445,-0.005457393483709327
22,0,60,P3,1,0.5085520559930008,0.5095909886264217,-0.0010389326334209192
22,0,61,P3,1,0.5390902015047998,0.5437386491394967,-0.004648447634696851
22,0,72,P3,1,0.5285271950458452,0.5321335989630839,-0.003606403917238654
22,0,4,P4,1,0.5684568885346087,0.5681961604889065,0.00026072804570220764
22,0,21,P4,1,0.6086453201970443,0.6007676518883415,0.007877668308702845
22,0,28,P4,1,0.5037960467205751,0.4915880503144654,0.0122079964061097
22,0,29,P4,1,0.6115651062684961,0.6206954533225719,-0.009130347054075783
22,0,31,P4,1,0.5929111615505843,0.592327363193942,0.000583798356642351
22,0,36,P4,1,0.5189105517564706,0.5196703687537384,-0.0007598169972677926
22,0,37,P4,1,0.5014008361240616,0.5031026331341519,-0.0017017970100903224
22,0,42,P4,1,0.5322099367802523,0.5291112510165001,0.0030986857637521625
22,0,43,P4,1,0.6087811836518047,0.6062234607218684,0.002557722929936279
22,0,48,P4,1,0.6121746475898844,0.6080301990391215,0.0041444485507629025
22,0,54,P4,1,0.5412010811929335,0.5405835337937457,0.0006175473991878455
22,0,57,P4,1,0.6292982456140351,0.6208771929824561,0.008421052631578996
22,0,60,P4,1,0.5085520559930008,0.5028871391076115,0.005664916885389282
22,0,61,P4,1,0.5390902015047998,0.5346471503934965,0.004443051111303276
22,0,72,P4,1,0.5285271950458452,0.5291332629254476,-0.0006060678796023788
22,0,4,T5,1,0.5684568885346087,0.5715640361365749,-0.003107147601966176
22,0,21,T5,1,0.6086453201970443,0.6286822660098521,-0.020036945812807794
22,0,28,T5,1,0.5037960467205751,0.5066486972147349,-0.0028526504941598363
22,0,29,T5,1,0.6115651062684961,0.5921778315846112,0.019387274683884903
22,0,31,T5,1,0.5929111615505843,0.5949589160579238,-0.0020477545073395165
22,0,36,T5,1,0.5189105517564706,0.5139394086360477,0.004971143120422905
22,0,37,T5,1,0.5014008361240616,0.5082463282771905,-0.006845492153128907
22,0,42,T5,1,0.5322099367802523,0.526950368563259,0.005259568216993249
22,0,43,T5,1,0.6087811836518047,0.6120488322717622,-0.0032676486199575416
22,0,48,T5,1,0.6121746475898844,0.6017052953909509,0.010469352198933524
22,0,54,T5,1,0.5412010811929335,0.5335189208763353,0.0076821603165981855
22,0,57,T5,1,0.6292982456140351,0.6288189223057643,0.00047932330827082925
22,0,60,T5,1,0.5085520559930008,0.4979658792650919,0.010586176727908903
22,0,61,T5,1,0.5390902015047998,0.5424990631035775,-0.003408861598777735
22,0,72,T5,1,0.5285271950458452,0.529337285776007,-0.0008100907301618054
22,0,4,T6,1,0.5684568885346087,0.5623771090740003,0.006079779460608448
22,0,21,T6,1,0.6086453201970443,0.609043513957307,-0.0003981937602627328
22,0,28,T6,1,0.5037960467205751,0.4964285714285714,0.007367475292003711
22,0,29,T6,1,0.6115651062684961,0.6146926284638149,-0.003127522195318755
22,0,31,T6,1,0.5929111615505843,0.5874478397478468,0.005463321802737564
22,0,36,T6,1,0.5189105517564706,0.5183326058489742,0.00057794590749638
22,0,37,T6,1,0.5014008361240616,0.5059207214306038,-0.004519885306542237
22,0,42,T6,1,0.5322099367802523,0.5138899818997403,0.01831995488051197
22,0,43,T6,1,0.6087811836518047,0.6038647823779194,0.0049164012738852625
22,0,48,T6,1,0.6121746475898844,0.6089382820336835,0.003236365556200882
22,0,54,T6,1,0.5412010811929335,0.5425816714518508,-0.0013805902589172359
22,0,57,T6,1,0.6292982456140351,0.6343421052631579,-0.005043859649122795
22,0,60,T6,1,0.5085520559930008,0.5215660542432196,-0.013013998250218761
22,0,61,T6,1,0.5390902015047998,0.5296491683242527,0.00944103318054712
22,0,72,T6,1,0.5285271950458452,0.5308074504344487,-0.002280255388603436
22,0,4,Oz,1,0.5684568885346087,0.5678075594526372,0.0006493290819715725
22,0,21,Oz,1,0.6086453201970443,0.6065968801313629,0.0020484400656813895
22,0,28,Oz,1,0.5037960467205751,0.4995507637017071,0.004245283018868007
22,0,29,Oz,1,0.6115651062684961,0.6095137207425343,0.0020513855259618463
22,0,31,Oz,1,0.5929111615505843,0.5896888721491511,0.0032222894014332093
22,0,36,Oz,1,0.5189105517564706,0.5160814459155795,0.002829105840891133
22,0,37,Oz,1,0.5014008361240616,0.4990369251647077,0.0023639109593538987
22,0,42,Oz,1,0.5322099367802523,0.5348069305632066,-0.0025969937829543044
22,0,43,Oz,1,0.6087811836518047,0.6096138535031848,-0.0008326698513800856
22,0,48,Oz,1,0.6121746475898844,0.6051792408003801,0.006995406789504277
22,0,54,Oz,1,0.5412010811929335,0.5372371382012882,0.003963942991645375
22,0,57,Oz,1,0.6292982456140351,0.6293107769423559,-1.2531328320797286e-05
22,0,60,Oz,1,0.5085520559930008,0.5053040244969379,0.0032480314960628975
22,0,61,Oz,1,0.5390902015047998,0.5397244083138747,-0.0006342068090748887
22,0,72,Oz,1,0.5285271950458452,0.5331417118717297,-0.004614516825884429
22,0,4,O1,1,0.5684568885346087,0.5633477813205793,0.0051091072140294624
22,0,21,O1,1,0.6086453201970443,0.6217528735632184,-0.013107553366174085
22,0,28,O1,1,0.5037960467205751,0.503964510332435,-0.00016846361185984815
22,0,29,O1,1,0.6115651062684961,0.6119182136131289,-0.0003531073446327859
22,0,31,O1,1,0.5929111615505843,0.5940837141073039,-0.0011725525567195527
22,0,36,O1,1,0.5189105517564706,0.527612073007097,-0.008701521250626398
22,0,37,O1,1,0.5014008361240616,0.49976470330728656,0.0016361328167750488
22,0,42,O1,1,0.5322099367802523,0.5262257023687731,0.005984234411479217
22,0,43,O1,1,0.6087811836518047,0.6106356157112527,-0.001854432059448019
22,0,48,O1,1,0.6121746475898844,0.621551132463967,-0.009376484874082602
22,0,54,O1,1,0.5412010811929335,0.5398107912366468,0.001390289956286761
22,0,57,O1,1,0.6292982456140351,0.6308395989974938,-0.0015413533834586213
22,0,60,O1,1,0.5085520559930008,0.5061242344706911,0.002427821522309692
22,0,61,O1,1,0.5390902015047998,0.5408450805730923,-0.0017548790682925253
22,0,72,O1,1,0.5285271950458452,0.5326676587777832,-0.004140463731937993
22,0,4,O2,1,0.5684568885346087,0.5652417962003454,0.003215092334263314
22,0,21,O2,1,0.6086453201970443,0.598452380952381,0.010192939244663357
22,0,28,O2,1,0.5037960467205751,0.5018081761006289,0.001987870619946208
22,0,29,O2,1,0.6115651062684961,0.604149852031208,0.007415254237288171
22,0,31,O2,1,0.5929111615505843,0.5951829201811856,-0.0022717586306012505
22,0,36,O2,1,0.5189105517564706,0.5164088138771683,0.0025017378793023015
22,0,37,O2,1,0.5014008361240616,0.49710530347801346,0.00429553264604815
22,0,42,O2,1,0.5322099367802523,0.5280685186642533,0.004141418115998996
22,0,43,O2,1,0.6087811836518047,0.6118696921443738,-0.003088508492569142
22,0,48,O2,1,0.6121746475898844,0.6107386093659257,0.0014360382239586578
22,0,54,O2,1,0.5412010811929335,0.53181500737177,0.00938607382116352
22,0,57,O2,1,0.6292982456140351,0.636077694235589,-0.006779448621553885
22,0,60,O2,1,0.5085520559930008,0.5112204724409448,-0.002668416447944022
22,0,61,O2,1,0.5390902015047998,0.5395118048949236,-0.00042160339012375925
22,0,72,O2,1,0.5285271950458452,0.5238466708271327,0.004680524218712567
22,0,4,Fp1+Fp2,2,0.5684568885346087,0.5828849475222532,-0.014428058987644432
22,0,21,Fp1+Fp2,2,0.6086453201970443,0.6032307060755336,0.005414614121510675
22,0,28,Fp1+Fp2,2,0.5037960467205751,0.5015947888589398,0.002201257861635275
22,0,29,Fp1+Fp2,2,0.6115651062684961,0.6048056228140974,0.006759483454398696
22,0,31,Fp1+Fp2,2,0.5929111615505843,0.5885658780267814,0.004345283523802923
22,0,36,Fp1+Fp2,2,0.5189105517564706,0.5200624019916905,-0.001151850235219909
22,0,37,Fp1+Fp2,2,0.5014008361240616,0.4927988267997461,0.008602009324315485
22,0,42,Fp1+Fp2,2,0.5322099367802523,0.543663597492196,-0.011453660711943647
22,0,43,Fp1+Fp2,2,0.6087811836518047,0.6283439490445861,-0.019562765392781456
22,0,48,Fp1+Fp2,2,0.6121746475898844,0.6142864685074705,-0.0021118209175861047
22,0,54,Fp1+Fp2,2,0.5412010811929335,0.5522102377072502,-0.011009156514316665
22,0,57,Fp1+Fp2,2,0.6292982456140351,0.6245864661654135,0.004711779448621667
22,0,60,Fp1+Fp2,2,0.5085520559930008,0.49804243219597555,0.010509623797025247
22,0,61,Fp1+Fp2,2,0.5390902015047998,0.5451007523998962,-0.006010550895096389
22,0,72,Fp1+Fp2,2,0.5285271950458452,0.5336817723585041,-0.005154577312658892
22,0,4,F7+F8+T3+T4,4,0.5684568885346087,0.5570446392985253,0.011412249236083416
22,0,21,F7+F8+T3+T4,4,0.6086453201970443,0.5591871921182265,0.049458128078817776
22,0,28,F7+F8+T3+T4,4,0.5037960467205751,0.5344227313566936,-0.030626684636118506
22,0,29,F7+F8+T3+T4,4,0.6115651062684961,0.6035277105192359,0.008037395749260212
22,0,31,F7+F8+T3+T4,4,0.5929111615505843,0.5731185140399044,0.019792647510679884
22,0,36,F7+F8+T3+T4,4,0.5189105517564706,0.48736602163053494,0.031544530125935666
22,0,37,F7+F8+T3+T4,4,0.5014008361240616,0.5276227373213387,-0.026221901197277075
22,0,42,F7+F8+T3+T4,4,0.5322099367802523,0.5322033787151439,6.558065108408506e-06
22,0,43,F7+F8+T3+T4,4,0.6087811836518047,0.49011411889596607,0.1186670647558386
22,0,48,F7+F8+T3+T4,4,0.6121746475898844,0.5848318462594373,0.027342801330447086
22,0,54,F7+F8+T3+T4,4,0.5412010811929335,0.5469303691058173,-0.00572928791288374
22,0,57,F7+F8+T3+T4,4,0.6292982456140351,0.6218922305764412,0.0074060150375939715
22,0,60,F7+F8+T3+T4,4,0.5085520559930008,0.5253499562554681,-0.016797900262467302
22,0,61,F7+F8+T3+T4,4,0.5390902015047998,0.5158047219579694,0.023285479546830357
22,0,72,F7+F8+T3+T4,4,0.5285271950458452,0.529427295857136,-0.0009001008112907716
22,0,4,Fz+Cz+F3+F4,4,0.5684568885346087,0.5554661551747044,0.012990733359904305
22,0,21,Fz+Cz+F3+F4,4,0.6086453201970443,0.60688013136289,0.0017651888341543298
22,0,28,Fz+Cz+F3+F4,4,0.5037960467205751,0.5008310871518418,0.0029649595687333274
22,0,29,Fz+Cz+F3+F4,4,0.6115651062684961,0.5964151197202046,0.015149986548291583
22,0,31,Fz+Cz+F3+F4,4,0.5929111615505843,0.5951948142054296,-0.002283652654845314
22,0,36,Fz+Cz+F3+F4,4,0.5189105517564706,0.5279111499102769,-0.009000598153806272
22,0,37,Fz+Cz+F3+F4,4,0.5014008361240616,0.4992995819379692,0.002101254186092416
22,0,42,Fz+Cz+F3+F4,4,0.5322099367802523,0.5341478450198053,-0.0019379082395529768
22,0,43,Fz+Cz+F3+F4,4,0.6087811836518047,0.6223228503184713,-0.013541666666666674
22,0,48,Fz+Cz+F3+F4,4,0.6121746475898844,0.6302307164352463,-0.018056068845361928
22,0,54,Fz+Cz+F3+F4,4,0.5412010811929335,0.5223384030418251,0.018862678151108425
22,0,57,Fz+Cz+F3+F4,4,0.6292982456140351,0.612998120300752,0.016300125313283176
22,0,60,Fz+Cz+F3+F4,4,0.5085520559930008,0.5074256342957131,0.0011264216972877161
22,0,61,Fz+Cz+F3+F4,4,0.5390902015047998,0.5453926316699818,-0.006302430165181949
22,0,72,Fz+Cz+F3+F4,4,0.5285271950458452,0.5000960107532043,0.02843118429264091
22,0,4,T5+T6+P3+P4,4,0.5684568885346087,0.565509997342899,0.002946891191709766
22,0,21,T5+T6+P3+P4,4,0.6086453201970443,0.6280829228243021,-0.0194376026272578
22,0,28,T5+T6+P3+P4,4,0.5037960467205751,0.48543351302785265,0.01836253369272245
22,0,29,T5+T6+P3+P4,4,0.6115651062684961,0.6050073984396019,0.006557707828894199
22,0,31,T5+T6+P3+P4,4,0.5929111615505843,0.586249516805265,0.006661644745319273
22,0,36,T5+T6+P3+P4,4,0.5189105517564706,0.5169625103060284,0.0019480414504422505
22,0,37,T5+T6+P3+P4,4,0.5014008361240616,0.5123667564077309,-0.010965920283669273
22,0,42,T5+T6+P3+P4,4,0.5322099367802523,0.50315115028462,0.029058786495632316
22,0,43,T5+T6+P3+P4,4,0.6087811836518047,0.6084494426751592,0.000331740976645456
22,0,48,T5+T6+P3+P4,4,0.6121746475898844,0.5978723404255318,0.014302307164352546
22,0,54,T5+T6+P3+P4,4,0.5412010811929335,0.5366907219161429,0.004510359276790665
22,0,57,T5+T6+P3+P4,4,0.6292982456140351,0.6251817042606516,0.004116541353383574
22,0,60,T5+T6+P3+P4,4,0.5085520559930008,0.50582895888014,0.002723097112860784
22,0,61,T5+T6+P3+P4,4,0.5390902015047998,0.5320814955749662,0.007008705929833603
22,0,72,T5+T6+P3+P4,4,0.5285271950458452,0.5310234746291584,-0.002496279583313221
22,0,4,O1+O2+Oz+Pz,4,0.5684568885346087,0.5602572406005049,0.008199647934103882
22,0,21,O1+O2+Oz+Pz,4,0.6086453201970443,0.6118308702791462,-0.0031855500821018623
22,0,28,O1+O2+Oz+Pz,4,0.5037960467205751,0.5061320754716981,-0.0023360287511230426
22,0,29,O1+O2+Oz+Pz,4,0.6115651062684961,0.6067224912563896,0.004842615012106588
22,0,31,O1+O2+Oz+Pz,4,0.5929111615505843,0.5955119881852692,-0.0026008266346848607
22,0,36,O1+O2+Oz+Pz,4,0.5189105517564706,0.5160248637987617,0.002885687957708938
22,0,37,O1+O2+Oz+Pz,4,0.5014008361240616,0.4908890931774903,0.010511742946571312
22,0,42,O1+O2+Oz+Pz,4,0.5322099367802523,0.5238287295716272,0.008381207208625119
22,0,43,O1+O2+Oz+Pz,4,0.6087811836518047,0.6149913747346072,-0.006210191082802519
22,0,48,O1+O2+Oz+Pz,4,0.6121746475898844,0.6103848793622301,0.0017897682276543092
22,0,54,O1+O2+Oz+Pz,4,0.5412010811929335,0.5279027960994284,0.013298285093505169
22,0,57,O1+O2+Oz+Pz,4,0.6292982456140351,0.6371585213032582,-0.007860275689223095
22,0,60,O1+O2+Oz+Pz,4,0.5085520559930008,0.5057961504811899,0.00275590551181093
22,0,61,O1+O2+Oz+Pz,4,0.5390902015047998,0.547525872755052,-0.008435671250252241
22,0,72,O1+O2+Oz+Pz,4,0.5285271950458452,0.5310234746291584,-0.002496279583313221
22,1,0,Fp1,1,0.6050935638163968,0.6013426197868591,0.003750944029537684
22,1,2,Fp1,1,0.520318690783807,0.5250602928509904,-0.004741602067183437
22,1,5,Fp1,1,0.5587987421383647,0.5526320754716981,0.006166666666666543
22,1,16,Fp1,1,0.5523485167262782,0.5703404428781822,-0.017991926151904036
22,1,18,Fp1,1,0.5624216216216217,0.5640504504504504,-0.0016288288288287545
22,1,20,Fp1,1,0.5469211239318669,0.5421427082741241,0.0047784156577427295
22,1,32,Fp1,1,0.6885625000000001,0.6826625,0.005900000000000127
22,1,33,Fp1,1,0.5196050973253046,0.5153139816352251,0.00429111569007945
22,1,35,Fp1,1,0.5545186510302789,0.5509673358510567,0.0035513151792221365
22,1,39,Fp1,1,0.51268080173748,0.5108305893292742,0.0018502124082058202
22,1,44,Fp1,1,0.5269722814498934,0.5269424307036248,2.9850746268600403e-05
22,1,46,Fp1,1,0.5307031848795682,0.5355098579605682,-0.0048066730809999125
22,1,56,Fp1,1,0.5465138190954775,0.5577889447236181,-0.011275125628140592
22,1,58,Fp1,1,0.5623037169548797,0.5547372954349699,0.007566421519909827
22,1,68,Fp1,1,0.6634313653944393,0.6762266170424968,-0.012795251648057504
22,1,0,Fp2,1,0.6050935638163968,0.6042124695812705,0.0008810942351262785
22,1,2,Fp2,1,0.520318690783807,0.5207105943152455,-0.00039190353143847556
22,1,5,Fp2,1,0.5587987421383647,0.5562704402515724,0.002528301886792317
22,1,16,Fp2,1,0.5523485167262782,0.5592783505154639,-0.006929833789185769
22,1,18,Fp2,1,0.5624216216216217,0.5622486486486487,0.00017297297297302894
22,1,20,Fp2,1,0.5469211239318669,0.5503514655450085,-0.0034303416131415965
22,1,32,Fp2,1,0.6885625000000001,0.69534375,-0.006781249999999961
22,1,33,Fp2,1,0.5196050973253046,0.5146671467914992,0.004937950533805413
22,1,35,Fp2,1,0.5545186510302789,0.5559100245146757,-0.001391373484396885
22,1,39,Fp2,1,0.51268080173748,0.5114802336171811,0.001200568120298895
22,1,44,Fp2,1,0.5269722814498934,0.5267633262260127,0.0002089552238806469
22,1,46,Fp2,1,0.5307031848795682,0.5306542619983367,4.8922881231594495e-05
22,1,56,Fp2,1,0.5465138190954775,0.5473963567839196,-0.0008825376884421532
22,1,58,Fp2,1,0.5623037169548797,0.5607235142118863,0.0015802027429934196
22,1,68,Fp2,1,0.6634313653944393,0.6586331460264175,0.004798219368021717
22,1,0,Fz,1,0.6050935638163968,0.6069102962154904,-0.0018167323990936346
22,1,2,Fz,1,0.520318690783807,0.5221059431524548,-0.0017872523686478514
22,1,5,Fz,1,0.5587987421383647,0.5592610062893082,-0.00046226415094352546
22,1,16,Fz,1,0.5523485167262782,0.5519573164317273,0.00039120029455086414
22,1,18,Fz,1,0.5624216216216217,0.5590594594594595,0.00336216216216223
22,1,20,Fz,1,0.5469211239318669,0.5525729930464769,-0.00565186911461002
22,1,32,Fz,1,0.6885625000000001,0.689475,-0.0009124999999998717
22,1,33,Fz,1,0.5196050973253046,0.521632291062343,-0.002027193737038413
22,1,35,Fz,1,0.5545186510302789,0.5554164182071158,-0.0008977671768369833
22,1,39,Fz,1,0.51268080173748,0.5113146380143814,0.0013661637230986123
22,1,44,Fz,1,0.5269722814498934,0.5304392324093816,-0.0034669509594882353
22,1,46,Fz,1,0.5307031848795682,0.5316082581823518,-0.0009050733027835545
22,1,56,Fz,1,0.5465138190954775,0.543269472361809,0.0032443467336684684
22,1,58,Fz,1,0.5623037169548797,0.5669581925395879,-0.0046544755847082175
22,1,68,Fz,1,0.6634313653944393,0.6568512977693449,0.006580067625094332
22,1,0,F3,1,0.6050935638163968,0.6134178064949232,-0.008324242678526383
22,1,2,F3,1,0.520318690783807,0.51343669250646,0.0068819982773470345
22,1,5,F3,1,0.5587987421383647,0.5629371069182391,-0.004138364779874393
22,1,16,F3,1,0.5523485167262782,0.5482754313065432,0.004073085419734945
22,1,18,F3,1,0.5624216216216217,0.5578234234234234,0.004598198198198289
22,1,20,F3,1,0.5469211239318669,0.5446692813429583,0.002251842588908537
22,1,32,F3,1,0.6885625000000001,0.684153125,0.004409375000000049
22,1,33,F3,1,0.5196050973253046,0.5147304965957815,0.00487460072952306
22,1,35,F3,1,0.5545186510302789,0.5536540117935466,0.0008646392367323008
22,1,39,F3,1,0.51268080173748,0.5136138692686407,-0.0009330675311607362
22,1,44,F3,1,0.5269722814498934,0.5247547974413647,0.002217484008528725
22,1,46,F3,1,0.5307031848795682,0.5129686404331306,0.017734544446437628
22,1,56,F3,1,0.5465138190954775,0.5425314070351759,0.003982412060301588
22,1,58,F3,1,0.5623037169548797,0.5632279864838005,-0.0009242695289207736
22,1,68,F3,1,0.6634313653944393,0.6408572332092729,0.02257413218516635
22,1,0,F4,1,0.6050935638163968,0.5952714609381555,0.009822102878241257
22,1,2,F4,1,0.520318690783807,0.515120585701981,0.005198105081825943
22,1,5,F4,1,0.5587987421383647,0.552874213836478,0.005924528301886722
22,1,16,F4,1,0.5523485167262782,0.556306543235851,-0.003958026509572887
22,1,18,F4,1,0.5624216216216217,0.5350198198198197,0.02740180180180196
22,1,20,F4,1,0.5469211239318669,0.5458572538320166,0.001063870099850317
22,1,32,F4,1,0.6885625000000001,0.6712374999999999,0.017325000000000146
22,1,33,F4,1,0.5196050973253046,0.5319883169624102,-0.012383219637105647
22,1,35,F4,1,0.5545186510302789,0.5462432915921288,0.008275359438150054
22,1,39,F4,1,0.51268080173748,0.5119005916858269,0.0007802100516530741
22,1,44,F4,1,0.5269722814498934,0.540997867803838,-0.014025586353944575
22,1,46,F4,1,0.5307031848795682,0.5350858596565613,-0.004382674776993056
22,1,56,F4,1,0.5465138190954775,0.5340640703517587,0.012449748743718736
22,1,58,F4,1,0.5623037169548797,0.5544689591201218,0.007834757834757844
22,1,68,F4,1,0.6634313653944393,0.6604089128901214,0.003022452504317874
22,1,0,F7,1,0.6050935638163968,0.6084627003440464,-0.0033691365276495855
22,1,2,F7,1,0.520318690783807,0.5199956933677864,0.0003229974160205984
22,1,5,F7,1,0.5587987421383647,0.5586289308176101,0.00016981132075455374
22,1,16,F7,1,0.5523485167262782,0.5527988901746265,-0.00045037344834830684
22,1,18,F7,1,0.5624216216216217,0.5659063063063063,-0.003484684684684658
22,1,20,F7,1,0.5469211239318669,0.5487608708008868,-0.001839746869019887
22,1,32,F7,1,0.6885625000000001,0.6916749999999999,-0.0031124999999998515
22,1,33,F7,1,0.5196050973253046,0.5160041610818813,0.0036009362434232806
22,1,35,F7,1,0.5545186510302789,0.5540714238388658,0.0004472271914131021
22,1,39,F7,1,0.51268080173748,0.5156073855638849,-0.0029265838264048716
22,1,44,F7,1,0.5269722814498934,0.5219317697228145,0.005040511727078867
22,1,46,F7,1,0.5307031848795682,0.5264754325598082,0.004227752319760025
22,1,56,F7,1,0.5465138190954775,0.5456501256281406,0.0008636934673368346
22,1,58,F7,1,0.5623037169548797,0.5672066520903731,-0.004902935135493447
22,1,68,F7,1,0.6634313653944393,0.6529348804398064,0.010496484954632845
22,1,0,F8,1,0.6050935638163968,0.5823361584291349,0.022757405387261898
22,1,2,F8,1,0.520318690783807,0.5341559000861327,-0.013837209302325681
22,1,5,F8,1,0.5587987421383647,0.5511949685534591,0.007603773584905604
22,1,16,F8,1,0.5523485167262782,0.5360068640858405,0.01634165264043763
22,1,18,F8,1,0.5624216216216217,0.5320468468468469,0.030374774774774793
22,1,20,F8,1,0.5469211239318669,0.5540783266071734,-0.0071572026753065066
22,1,32,F8,1,0.6885625000000001,0.6673218750000001,0.021240625000000013
22,1,33,F8,1,0.5196050973253046,0.5311380959049353,-0.011532998579630749
22,1,35,F8,1,0.5545186510302789,0.5287152984827403,0.025803352547538516
22,1,39,F8,1,0.51268080173748,0.511559846887758,0.0011209548497219668
22,1,44,F8,1,0.5269722814498934,0.5234328358208955,0.0035394456289978837
22,1,46,F8,1,0.5307031848795682,0.543785978702239,-0.013082793822670746
22,1,56,F8,1,0.5465138190954775,0.5465483668341709,-3.4547738693380126e-05
22,1,58,F8,1,0.5623037169548797,0.5369078380706288,0.025395878884250878
22,1,68,F8,1,0.6634313653944393,0.6734535016663018,-0.010022136271862547
22,1,0,Cz,1,0.6050935638163968,0.6031090039439455,0.0019845598724512747
22,1,2,Cz,1,0.520318690783807,0.5126658053402239,0.007652885443583113
22,1,5,Cz,1,0.5587987421383647,0.5606415094339623,-0.0018427672955976249
22,1,16,Cz,1,0.5523485167262782,0.5508987744582369,0.0014497422680412875
22,1,18,Cz,1,0.5624216216216217,0.5640648648648648,-0.0016432432432431643
22,1,20,Cz,1,0.5469211239318669,0.5459785141817768,0.0009426097500900843
22,1,32,Cz,1,0.6885625000000001,0.693890625,-0.005328124999999906
22,1,33,Cz,1,0.5196050973253046,0.524729763071732,-0.005124665746427448
22,1,35,Cz,1,0.5545186510302789,0.5501722652885443,0.004346385741734515
22,1,39,Cz,1,0.51268080173748,0.5159035469304307,-0.003222745192950738
22,1,44,Cz,1,0.5269722814498934,0.523637526652452,0.003334754797441386
22,1,46,Cz,1,0.5307031848795682,0.5325174083919049,-0.0018142235123366213
22,1,56,Cz,1,0.5465138190954775,0.5450502512562815,0.0014635678391959894
22,1,58,Cz,1,0.5623037169548797,0.5603756708407871,0.0019280461140925853
22,1,68,Cz,1,0.6634313653944393,0.6624705052421612,0.0009608601522780313
22,1,0,C3,1,0.6050935638163968,0.6059368968700176,-0.0008433330536208317
22,1,2,C3,1,0.520318690783807,0.5202885443583118,3.014642549514779e-05
22,1,5,C3,1,0.5587987421383647,0.5580125786163521,0.0007861635220125507
22,1,16,C3,1,0.5523485167262782,0.5521578476751525,0.00019066905112563592
22,1,18,C3,1,0.5624216216216217,0.5625729729729729,-0.00015135135135124766
22,1,20,C3,1,0.5469211239318669,0.5471522764735974,-0.00023115254173056154
22,1,32,C3,1,0.6885625000000001,0.690340625,-0.0017781249999999638
22,1,33,C3,1,0.5196050973253046,0.5197151259327425,-0.00011002860743791754
22,1,35,C3,1,0.5545186510302789,0.559603789836348,-0.005085138806069089
22,1,39,C3,1,0.51268080173748,0.5145023533682782,-0.0018215516307982238
22,1,44,C3,1,0.5269722814498934,0.5231513859275053,0.003820895522388068
22,1,46,C3,1,0.5307031848795682,0.5361336246962705,-0.005430439816702215
22,1,56,C3,1,0.5465138190954775,0.5456940954773869,0.0008197236180905731
22,1,58,C3,1,0.5623037169548797,0.5620088782879481,0.000294838666931585
22,1,68,C3,1,0.6634313653944393,0.6618015519715879,0.0016298134228514005
22,1,0,C4,1,0.6050935638163968,0.6032432659226316,0.0018502978937652292
22,1,2,C4,1,0.520318690783807,0.5245176571920758,-0.004198966408268778
22,1,5,C4,1,0.5587987421383647,0.5608238993710691,-0.0020251572327044665
22,1,16,C4,1,0.5523485167262782,0.555681937723543,-0.0033334209972648576
22,1,18,C4,1,0.5624216216216217,0.5630198198198199,-0.0005981981981981743
22,1,20,C4,1,0.5469211239318669,0.5478457340987892,-0.0009246101669223572
22,1,32,C4,1,0.6885625000000001,0.6924281250000001,-0.0038656249999999837
22,1,33,C4,1,0.5196050973253046,0.5187815498696328,0.0008235474556718136
22,1,35,C4,1,0.5545186510302789,0.5612204333134566,-0.0067017822831777485
22,1,39,C4,1,0.51268080173748,0.511687228120681,0.0009935736167989706
22,1,44,C4,1,0.5269722814498934,0.5263113006396589,0.0006609808102344683
22,1,46,C4,1,0.5307031848795682,0.5303770323380246,0.00032615254154366724
22,1,56,C4,1,0.5465138190954775,0.5471262562814071,-0.0006124371859296263
22,1,58,C4,1,0.5623037169548797,0.5646756774663751,-0.0023719605114954634
22,1,68,C4,1,0.6634313653944393,0.6593568318373105,0.004074533557128723
22,1,0,T3,1,0.6050935638163968,0.5986741629604766,0.006419400855920188
22,1,2,T3,1,0.520318690783807,0.5165719207579673,0.003746770025839674
22,1,5,T3,1,0.5587987421383647,0.5524025157232705,0.006396226415094186
22,1,16,T3,1,0.5523485167262782,0.551950741636861,0.000397775089417185
22,1,18,T3,1,0.5624216216216217,0.5546090090090089,0.00781261261261279
22,1,20,T3,1,0.5469211239318669,0.5436480418348206,0.0032730820970462426
22,1,32,T3,1,0.6885625000000001,0.689884375,-0.0013218749999999169
22,1,33,T3,1,0.5196050973253046,0.522382486113056,-0.002777388787751467
22,1,35,T3,1,0.5545186510302789,0.5550023189558073,-0.0004836679255284526
22,1,39,T3,1,0.51268080173748,0.5096841582329675,0.002996643504512453
22,1,44,T3,1,0.5269722814498934,0.531496801705757,-0.004524520255863584
22,1,46,T3,1,0.5307031848795682,0.5309600300060338,-0.0002568451264655103
22,1,56,T3,1,0.5465138190954775,0.5429365577889448,0.0035772613065326864
22,1,58,T3,1,0.5623037169548797,0.554936063075598,0.0073676538792817325
22,1,68,T3,1,0.6634313653944393,0.6620752146731859,0.0013561507212533908
22,1,0,T4,1,0.6050935638163968,0.612914324074851,-0.00782076025845424
22,1,2,T4,1,0.520318690783807,0.5178294573643412,0.0024892334194658305
22,1,5,T4,1,0.5587987421383647,0.566937106918239,-0.008138364779874285
22,1,16,T4,1,0.5523485167262782,0.5357208605091521,0.01662765621712603
22,1,18,T4,1,0.5624216216216217,0.5923351351351351,-0.029913513513513457
22,1,20,T4,1,0.5469211239318669,0.5221716970764887,0.024749426855378176
22,1,32,T4,1,0.6885625000000001,0.6573625000000001,0.031200000000000006
22,1,33,T4,1,0.5196050973253046,0.5153706630390569,0.004234434286247701
22,1,35,T4,1,0.5545186510302789,0.5625621148876963,-0.008043463857417388
22,1,39,T4,1,0.51268080173748,0.5148399136355241,-0.002159111898044075
22,1,44,T4,1,0.5269722814498934,0.4955735607675906,0.03139872068230276
22,1,46,T4,1,0.5307031848795682,0.5040891374896039,0.026614047389964313
22,1,56,T4,1,0.5465138190954775,0.5395226130653267,0.006991206030150798
22,1,58,T4,1,0.5623037169548797,0.573706353938912,-0.011402636984032322
22,1,68,T4,1,0.6634313653944393,0.6287856673721083,0.03464569802233097
22,1,0,Pz,1,0.6050935638163968,0.6062012251405555,-0.0011076613241587374
22,1,2,Pz,1,0.520318690783807,0.5222394487510766,-0.0019207579672696484
22,1,5,Pz,1,0.5587987421383647,0.5534779874213837,0.005320754716981013
22,1,16,Pz,1,0.5523485167262782,0.5479992899221544,0.004349226804123751
22,1,18,Pz,1,0.5624216216216217,0.5599531531531532,0.0024684684684684877
22,1,20,Pz,1,0.5469211239318669,0.5437494079084484,0.0031717160234184805
22,1,32,Pz,1,0.6885625000000001,0.6911,-0.0025374999999999703
22,1,33,Pz,1,0.5196050973253046,0.5191216382926227,0.0004834590326818766
22,1,35,Pz,1,0.5545186510302789,0.5576359901941297,-0.0031173391638508186
22,1,39,Pz,1,0.51268080173748,0.5094166576438293,0.0032641440936507227
22,1,44,Pz,1,0.5269722814498934,0.5304946695095949,-0.003522388059701509
22,1,46,Pz,1,0.5307031848795682,0.5332064056359159,-0.0025032207563476794
22,1,56,Pz,1,0.5465138190954775,0.5438128140703518,0.0027010050251257134
22,1,58,Pz,1,0.5623037169548797,0.5606771350957398,0.0016265818591398862
22,1,68,Pz,1,0.6634313653944393,0.6648240044759055,-0.0013926390814662515
22,1,0,P3,1,0.6050935638163968,0.6006167659645885,0.004476797851808323
22,1,2,P3,1,0.520318690783807,0.5211843238587425,-0.000865633074935479
22,1,5,P3,1,0.5587987421383647,0.5606163522012579,-0.0018176100628932712
22,1,16,P3,1,0.5523485167262782,0.5543867031348623,-0.0020381864085841084
22,1,18,P3,1,0.5624216216216217,0.5570342342342343,0.005387387387387421
22,1,20,P3,1,0.5469211239318669,0.5473294302658254,-0.0004083063339584969
22,1,32,P3,1,0.6885625000000001,0.687675,0.000887500000000041
22,1,33,P3,1,0.5196050973253046,0.5178246344049453,0.0017804629203592715
22,1,35,P3,1,0.5545186510302789,0.5535115616510965,0.0010070893791823687
22,1,39,P3,1,0.51268080173748,0.5118305320077193,0.0008502697297606554
22,1,44,P3,1,0.5269722814498934,0.5271769722814499,-0.0002046908315564977
22,1,46,P3,1,0.5307031848795682,0.5302139560672526,0.0004892288123156119
22,1,56,P3,1,0.5465138190954775,0.5463630653266331,0.000150753768844325
22,1,58,P3,1,0.5623037169548797,0.56400318028225,-0.0016994633273703652
22,1,68,P3,1,0.6634313653944393,0.6679072709139118,-0.004475905519472523
22,1,0,P4,1,0.6050935638163968,0.6057438952756566,-0.0006503314592598564
22,1,2,P4,1,0.520318690783807,0.520538329026701,-0.0002196382428940602
22,1,5,P4,1,0.5587987421383647,0.5578144654088051,0.0009842767295595856
22,1,16,P4,1,0.5523485167262782,0.5529796970334526,-0.0006311803071744615
22,1,18,P4,1,0.5624216216216217,0.5624144144144143,7.207207207371447e-06
22,1,20,P4,1,0.5469211239318669,0.5461168267682222,0.0008042971636447183
22,1,32,P4,1,0.6885625000000001,0.6958031250000001,-0.0072406250000000005
22,1,33,P4,1,0.5196050973253046,0.5185781636558838,0.0010269336694207487
22,1,35,P4,1,0.5545186510302789,0.5485423706353939,0.0059762803948849585
22,1,39,P4,1,0.51268080173748,0.5143590494812399,-0.0016782477437599086
22,1,44,P4,1,0.5269722814498934,0.5279658848614073,-0.000993603411513888
22,1,46,P4,1,0.5307031848795682,0.5303688785244858,0.00033430635508246986
22,1,56,P4,1,0.5465138190954775,0.5452261306532662,0.0012876884422112767
22,1,58,P4,1,0.5623037169548797,0.5651494070098722,-0.002845690054992467
22,1,68,P4,1,0.6634313653944393,0.66163127295726,0.0018000924371792681
22,1,0,T5,1,0.6050935638163968,0.6055466979944617,-0.00045313417806491785
22,1,2,T5,1,0.520318690783807,0.5211498708010336,-0.000831180017226596
22,1,5,T5,1,0.5587987421383647,0.5593364779874215,-0.0005377358490568085
22,1,16,T5,1,0.5523485167262782,0.5529796970334526,-0.0006311803071744615
22,1,18,T5,1,0.5624216216216217,0.5516072072072072,0.010814414414414442
22,1,20,T5,1,0.5469211239318669,0.544353814964285,0.0025673089675818384
22,1,32,T5,1,0.6885625000000001,0.6780375000000001,0.010525000000000007
22,1,33,T5,1,0.5196050973253046,0.5151706110255333,0.004434486299771279
22,1,35,T5,1,0.5545186510302789,0.5525773537401444,0.0019412972901344805
22,1,39,T5,1,0.51268080173748,0.5084804055818456,0.004200396155634389
22,1,44,T5,1,0.5269722814498934,0.522366737739872,0.00460554371002142
22,1,46,T5,1,0.5307031848795682,0.530907030218033,-0.00020384533846473651
22,1,56,T5,1,0.5465138190954775,0.5466017587939699,-8.79396984924119e-05
22,1,58,T5,1,0.5623037169548797,0.5527264294706155,0.00957728748426423
22,1,68,T5,1,0.6634313653944393,0.661588703203678,0.001842662190761235
22,1,0,T6,1,0.6050935638163968,0.6053704791474364,-0.00027691533103957333
22,1,2,T6,1,0.520318690783807,0.5121662360034454,0.00815245478036164
22,1,5,T6,1,0.5587987421383647,0.5529811320754716,0.005817610062893053
22,1,16,T6,1,0.5523485167262782,0.5371344414054282,0.015214075320849951
22,1,18,T6,1,0.5624216216216217,0.5767495495495496,-0.01432792792792792
22,1,20,T6,1,0.5469211239318669,0.5458818848405615,0.0010392390913053218
22,1,32,T6,1,0.6885625000000001,0.682140625,0.006421875000000132
22,1,33,T6,1,0.5196050973253046,0.5127766552637019,0.006828442061602713
22,1,35,T6,1,0.5545186510302789,0.5571920757967269,-0.0026734247664480515
22,1,39,T6,1,0.51268080173748,0.5022259870453286,0.01045481469215137
22,1,44,T6,1,0.5269722814498934,0.5405074626865671,-0.013535181236673743
22,1,46,T6,1,0.5307031848795682,0.5274865054385937,0.0032166794409745902
22,1,56,T6,1,0.5465138190954775,0.5447204773869346,0.0017933417085428394
22,1,58,T6,1,0.5623037169548797,0.560600940833499,0.0017027761213807002
22,1,68,T6,1,0.6634313653944393,0.6578729718553116,0.005558393539127682
22,1,0,Oz,1,0.6050935638163968,0.608676680372577,-0.003583116556180266
22,1,2,Oz,1,0.520318690783807,0.5237941429801894,-0.003475452196382456
22,1,5,Oz,1,0.5587987421383647,0.5627295597484276,-0.0039308176100629755
22,1,16,Oz,1,0.5523485167262782,0.5516220018935409,0.000726514832737224
22,1,18,Oz,1,0.5624216216216217,0.5608252252252253,0.0015963963963964156
22,1,20,Oz,1,0.5469211239318669,0.5472744841698403,-0.000353360237973388
22,1,32,Oz,1,0.6885625000000001,0.69035625,-0.0017937499999999273
22,1,33,Oz,1,0.5196050973253046,0.5173211701709111,0.002283927154393517
22,1,35,Oz,1,0.5545186510302789,0.5511826674617373,0.0033359835685415895
22,1,39,Oz,1,0.51268080173748,0.5095058245068754,0.0031749772306045587
22,1,44,Oz,1,0.5269722814498934,0.5234626865671641,0.0035095948827292833
22,1,46,Oz,1,0.5307031848795682,0.5306909541592604,1.2230720307870868e-05
22,1,56,Oz,1,0.5465138190954775,0.5458385678391959,0.0006752512562815394
22,1,58,Oz,1,0.5623037169548797,0.560007950705625,0.0022957662492546493
22,1,68,Oz,1,0.6634313653944393,0.6608467732126786,0.0025845921817606587
22,1,0,O1,1,0.6050935638163968,0.6121968616262482,-0.007103297809851417
22,1,2,O1,1,0.520318690783807,0.5165762273901809,0.00374246339362605
22,1,5,O1,1,0.5587987421383647,0.557685534591195,0.0011132075471697034
22,1,16,O1,1,0.5523485167262782,0.5477494477172312,0.004599069009046941
22,1,18,O1,1,0.5624216216216217,0.5688972972972973,-0.006475675675675641
22,1,20,O1,1,0.5469211239318669,0.5484643513518634,-0.0015432274199965734
22,1,32,O1,1,0.6885625000000001,0.6894906250000001,-0.0009281250000000574
22,1,33,O1,1,0.5196050973253046,0.518808223471436,0.0007968738538686182
22,1,35,O1,1,0.5545186510302789,0.5569469290399522,-0.002428278009673379
22,1,39,O1,1,0.51268080173748,0.5104229693839207,0.0022578323535592526
22,1,44,O1,1,0.5269722814498934,0.5277825159914713,-0.0008102345415779144
22,1,46,O1,1,0.5307031848795682,0.5315185662334274,-0.0008153813538591681
22,1,56,O1,1,0.5465138190954775,0.5456532663316582,0.0008605527638192445
22,1,58,O1,1,0.5623037169548797,0.5665043397601537,-0.004200622805274001
22,1,68,O1,1,0.6634313653944393,0.6685397358242721,-0.005108370429832809
22,1,0,O2,1,0.6050935638163968,0.6050306285138878,6.293530250900403e-05
22,1,2,O2,1,0.520318690783807,0.5198923341946597,0.0004263565891472476
22,1,5,O2,1,0.5587987421383647,0.5598050314465409,-0.0010062893081762558
22,1,16,O2,1,0.5523485167262782,0.5580620134651799,-0.005713496738901758
22,1,18,O2,1,0.5624216216216217,0.5619315315315316,0.0004900900900900451
22,1,20,O2,1,0.5469211239318669,0.5480342560488073,-0.0011131321169404185
22,1,32,O2,1,0.6885625000000001,0.6935562500000001,-0.004993750000000019
22,1,33,O2,1,0.5196050973253046,0.5174145277772221,0.0021905695480824994
22,1,35,O2,1,0.5545186510302789,0.5490724176770688,0.005446233353210039
22,1,39,O2,1,0.51268080173748,0.5148048837964703,-0.0021240820589902842
22,1,44,O2,1,0.5269722814498934,0.5343624733475479,-0.007390191897654552
22,1,46,O2,1,0.5307031848795682,0.5310782603023434,-0.0003750754227751507
22,1,56,O2,1,0.5465138190954775,0.5467242462311558,-0.00021042713567831495
22,1,58,O2,1,0.5623037169548797,0.5581792884118466,0.004124428543033076
22,1,68,O2,1,0.6634313653944393,0.6684424335303707,-0.00501106813593144
22,1,0,Fp1+Fp2,2,0.6050935638163968,0.5997818242846354,0.005311739531761339
22,1,2,Fp1+Fp2,2,0.520318690783807,0.5265288544358312,-0.006210163652024203
22,1,5,Fp1+Fp2,2,0.5587987421383647,0.550496855345912,0.008301886792452695
22,1,16,Fp1+Fp2,2,0.5523485167262782,0.576990847885546,-0.02464233115926784
22,1,18,Fp1+Fp2,2,0.5624216216216217,0.5631351351351351,-0.0007135135135134529
22,1,20,Fp1+Fp2,2,0.5469211239318669,0.5449544326341916,0.001966691297675238
22,1,32,Fp1+Fp2,2,0.6885625000000001,0.688228125,0.0003343750000001089
22,1,33,Fp1+Fp2,2,0.5196050973253046,0.5116730349890972,0.007932062336207357
22,1,35,Fp1+Fp2,2,0.5545186510302789,0.5549095607235142,-0.00039090969323529734
22,1,39,Fp1+Fp2,2,0.51268080173748,0.5102382665961824,0.0024425351412975527
22,1,44,Fp1+Fp2,2,0.5269722814498934,0.5278464818763327,-0.0008742004264392644
22,1,46,Fp1+Fp2,2,0.5307031848795682,0.5357503954599566,-0.005047210580388373
22,1,56,Fp1+Fp2,2,0.5465138190954775,0.5581312814070352,-0.011617462311557691
22,1,58,Fp1+Fp2,2,0.5623037169548797,0.5539621016365202,0.00834161531835953
22,1,68,Fp1+Fp2,2,0.6634313653944393,0.6710574326789754,-0.0076260672845361865
22,1,0,F7+F8+T3+T4,4,0.6050935638163968,0.5903205504741126,0.014773013342284202
22,1,2,F7+F8+T3+T4,4,0.520318690783807,0.5358010335917313,-0.015482342807924265
22,1,5,F7+F8+T3+T4,4,0.5587987421383647,0.5591006289308176,-0.00030188679245291006
22,1,16,F7+F8+T3+T4,4,0.5523485167262782,0.5084716231853565,0.04387689354092161
22,1,18,F7+F8+T3+T4,4,0.5624216216216217,0.566,-0.0035783783783782663
22,1,20,F7+F8+T3+T4,4,0.5469211239318669,0.5242776483070918,0.02264347562477509
22,1,32,F7+F8+T3+T4,4,0.6885625000000001,0.64334375,0.045218750000000085
22,1,33,F7+F8+T3+T4,4,0.5196050973253046,0.5293009515807444,-0.00969585425543984
22,1,35,F7+F8+T3+T4,4,0.5545186510302789,0.5486516928377394,0.005866958192539462
22,1,39,F7+F8+T3+T4,4,0.51268080173748,0.5154035755912081,-0.0027227738537281
22,1,44,F7+F8+T3+T4,4,0.5269722814498934,0.4835991471215352,0.04337313432835821
22,1,46,F7+F8+T3+T4,4,0.5307031848795682,0.5153862461473231,0.015316938732245156
22,1,56,F7+F8+T3+T4,4,0.5465138190954775,0.535411432160804,0.01110238693467347
22,1,58,F7+F8+T3+T4,4,0.5623037169548797,0.5572517060889155,0.005052010865964185
22,1,68,F7+F8+T3+T4,4,0.6634313653944393,0.633298061251794,0.030133304142645256
22,1,0,Fz+Cz+F3+F4,4,0.6050935638163968,0.6010489217084837,0.00404464210791311
22,1,2,Fz+Cz+F3+F4,4,0.520318690783807,0.49516795865633073,0.02515073212747626
22,1,5,Fz+Cz+F3+F4,4,0.5587987421383647,0.5629622641509433,-0.004163522012578635
22,1,16,Fz+Cz+F3+F4,4,0.5523485167262782,0.5504845623816537,0.0018639543446244966
22,1,18,Fz+Cz+F3+F4,4,0.5624216216216217,0.5198522522522522,0.0425693693693695
22,1,20,Fz+Cz+F3+F4,4,0.5469211239318669,0.5447450690615585,0.0021760548703083638
22,1,32,Fz+Cz+F3+F4,4,0.6885625000000001,0.66553125,0.02303125000000006
22,1,33,Fz+Cz+F3+F4,4,0.5196050973253046,0.5430545275104861,-0.02344943018518153
22,1,35,Fz+Cz+F3+F4,4,0.5545186510302789,0.5385907374279467,0.015927913602332144
22,1,39,Fz+Cz+F3+F4,4,0.51268080173748,0.5192186435172506,-0.00653784177977057
22,1,44,Fz+Cz+F3+F4,4,0.5269722814498934,0.5439360341151386,-0.01696375266524519
22,1,46,Fz+Cz+F3+F4,4,0.5307031848795682,0.5164788571614944,0.014224327718073804
22,1,56,Fz+Cz+F3+F4,4,0.5465138190954775,0.5228925879396985,0.023621231155778966
22,1,58,Fz+Cz+F3+F4,4,0.5623037169548797,0.5594845292519711,0.0028191877029085655
22,1,68,Fz+Cz+F3+F4,4,0.6634313653944393,0.6221387044199567,0.04129266097448259
22,1,0,T5+T6+P3+P4,4,0.6050935638163968,0.5976671981203323,0.007426365696064474
22,1,2,T5+T6+P3+P4,4,0.520318690783807,0.5138242894056848,0.006494401378122183
22,1,5,T5+T6+P3+P4,4,0.5587987421383647,0.5578930817610063,0.0009056603773583971
22,1,16,T5+T6+P3+P4,4,0.5523485167262782,0.5376439880075742,0.01470452871870398
22,1,18,T5+T6+P3+P4,4,0.5624216216216217,0.5614234234234234,0.0009981981981982413
22,1,20,T5+T6+P3+P4,4,0.5469211239318669,0.5431762632865343,0.003744860645332526
22,1,32,T5+T6+P3+P4,4,0.6885625000000001,0.67721875,0.011343750000000097
22,1,33,T5+T6+P3+P4,4,0.5196050973253046,0.5106461013196765,0.008958996005628106
22,1,35,T5+T6+P3+P4,4,0.5545186510302789,0.5431690187504141,0.011349632279864741
22,1,39,T5+T6+P3+P4,4,0.51268080173748,0.49927392697233913,0.013406874765140853
22,1,44,T5+T6+P3+P4,4,0.5269722814498934,0.5375351812366738,-0.010562899786780378
22,1,46,T5+T6+P3+P4,4,0.5307031848795682,0.5271277376428956,0.003575447236672691
22,1,56,T5+T6+P3+P4,4,0.5465138190954775,0.5430810301507538,0.0034327889447236526
22,1,58,T5+T6+P3+P4,4,0.5623037169548797,0.5543463857417346,0.007957331213145125
22,1,68,T5+T6+P3+P4,4,0.6634313653944393,0.6602386338757936,0.0031927315186456307
22,1,0,O1+O2+Oz+Pz,4,0.6050935638163968,0.6114542250566417,-0.006360661240244925
22,1,2,O1+O2+Oz+Pz,4,0.520318690783807,0.5216580534022395,-0.0013393626184324825
22,1,5,O1+O2+Oz+Pz,4,0.5587987421383647,0.5533647798742138,0.005433962264150827
22,1,16,O1+O2+Oz+Pz,4,0.5523485167262782,0.5537193614559226,-0.0013708447296444382
22,1,18,O1+O2+Oz+Pz,4,0.5624216216216217,0.5662486486486487,-0.0038270270270269746
22,1,20,O1+O2+Oz+Pz,4,0.5469211239318669,0.5475823717766537,-0.0006612478447868275
22,1,32,O1+O2+Oz+Pz,4,0.6885625000000001,0.69726875,-0.008706249999999915
22,1,33,O1+O2+Oz+Pz,4,0.5196050973253046,0.5145171077813564,0.005087989543948179
22,1,35,O1+O2+Oz+Pz,4,0.5545186510302789,0.5559199628967071,-0.0014013118664282231
22,1,39,O1+O2+Oz+Pz,4,0.51268080173748,0.5087096918011069,0.003971109936373063
22,1,44,O1+O2+Oz+Pz,4,0.5269722814498934,0.5346396588486141,-0.007667377398720698
22,1,46,O1+O2+Oz+Pz,4,0.5307031848795682,0.5363048547805809,-0.005601669901012629
22,1,56,O1+O2+Oz+Pz,4,0.5465138190954775,0.5439164572864321,0.002597361809045351
22,1,58,O1+O2+Oz+Pz,4,0.5623037169548797,0.5596965480686411,0.0026071688862385756
22,1,68,O1+O2+Oz+Pz,4,0.6634313653944393,0.6757948381133084,-0.012363472718869173
22,2,10,Fp1,1,0.6329658501789649,0.6389525774771676,-0.00598672729820271
22,2,11,Fp1,1,0.5148429035752979,0.5163519579012537,-0.0015090543259557165
22,2,12,Fp1,1,0.5620194134059917,0.5657724099084347,-0.0037529965024429845
22,2,14,Fp1,1,0.5228461459377489,0.5247352661474799,-0.0018891202097309767
22,2,24,Fp1,1,0.4837445681568101,0.4882905313415021,-0.00454596318469197
22,2,25,Fp1,1,0.6040720446273145,0.60796704383605,-0.0038949992087355945
22,2,30,Fp1,1,0.6319668606852471,0.6216124291682442,0.010354431517002882
22,2,47,Fp1,1,0.49777847309136414,0.5012672090112641,-0.0034887359198999546
22,2,49,Fp1,1,0.5456658227200655,0.5492046442637205,-0.003538821543655035
22,2,50,Fp1,1,0.5962710587590742,0.5956832397388485,0.0005878190202256439
22,2,52,Fp1,1,0.5794769893130549,0.5746366566038698,0.004840332709185158
22,2,63,Fp1,1,0.5153999392479461,0.5132312322070657,0.0021687070408804576
22,2,64,Fp1,1,0.6659717186366931,0.666188620118098,-0.000216901481404852
22,2,65,Fp1,1,0.6338123888788684,0.6341119327990931,-0.00029954392022468745
22,2,70,Fp1,1,0.5440783921176078,0.5490441421813971,-0.004965750063789298
22,2,10,Fp2,1,0.6329658501789649,0.6308768644834218,0.0020889856955430552
22,2,11,Fp2,1,0.5148429035752979,0.5146223494815044,0.00022055409379351243
22,2,12,Fp2,1,0.5620194134059917,0.5671773274473074,-0.005157914041315714
22,2,14,Fp2,1,0.5228461459377489,0.5225634204641838,0.00028272547356511524
22,2,24,Fp2,1,0.4837445681568101,0.4873496335254295,-0.0036050653686193757
22,2,25,Fp2,1,0.6040720446273145,0.602342142744105,0.0017299018832094282
22,2,30,Fp2,1,0.6319668606852471,0.6367606384002772,-0.00479377771503009
22,2,47,Fp2,1,0.49777847309136414,0.5060450563204005,-0.008266583229036395
22,2,49,Fp2,1,0.5456658227200655,0.5400522991151349,0.005613523604930615
22,2,50,Fp2,1,0.5962710587590742,0.5982513810893484,-0.001980322330274231
22,2,52,Fp2,1,0.5794769893130549,0.5772892863056797,0.0021877030073752524
22,2,63,Fp2,1,0.5153999392479461,0.5190768513482011,-0.003676912100255003
22,2,64,Fp2,1,0.6659717186366931,0.6633171034911426,0.002654615145550543
22,2,65,Fp2,1,0.6338123888788684,0.6331649875028988,0.0006474013759695252
22,2,70,Fp2,1,0.5440783921176078,0.542316826630552,0.0017615654870557496
22,2,10,Fz,1,0.6329658501789649,0.6218426382360808,0.011123211942884126
22,2,11,Fz,1,0.5148429035752979,0.5070886859619255,0.007754217613372472
22,2,12,Fz,1,0.5620194134059917,0.5477999449822502,0.014219468423741555
22,2,14,Fz,1,0.5228461459377489,0.5259464877785489,-0.0031003418407999916
22,2,24,Fz,1,0.4837445681568101,0.48279807530912544,0.0009464928476846657
22,2,25,Fz,1,0.6040720446273145,0.6057178746637126,-0.001645830036398177
22,2,30,Fz,1,0.6319668606852471,0.6341519762300502,-0.0021851155448030513
22,2,47,Fz,1,0.49777847309136414,0.49851063829787234,-0.0007321652065082063
22,2,49,Fz,1,0.5456658227200655,0.541260677203212,0.004405145516853448
22,2,50,Fz,1,0.5962710587590742,0.58509679039401,0.011174268365064188
22,2,52,Fz,1,0.5794769893130549,0.5850338186403761,-0.0055568293273211555
22,2,63,Fz,1,0.5153999392479461,0.5158767722292472,-0.00047683298130107854
22,2,64,Fz,1,0.6659717186366931,0.6677198798301046,-0.0017481611934114794
22,2,65,Fz,1,0.6338123888788684,0.630224303640908,0.0035880852379603922
22,2,70,Fz,1,0.5440783921176078,0.535604231682663,0.008474160434944755
22,2,10,F3,1,0.6329658501789649,0.6303673557771918,0.002598494401773066
22,2,11,F3,1,0.5148429035752979,0.514010989010989,0.0008319145643089776
22,2,12,F3,1,0.5620194134059917,0.5500661522943712,0.011953261111620539
22,2,14,F3,1,0.5228461459377489,0.5173362119927005,0.005509933945048395
22,2,24,F3,1,0.4837445681568101,0.4700274156548985,0.013717152501911634
22,2,25,F3,1,0.6040720446273145,0.603278802025637,0.0007932426016774574
22,2,30,F3,1,0.6319668606852471,0.6394848132865293,-0.007517952601282185
22,2,47,F3,1,0.49777847309136414,0.479996871088861,0.017781602002503116
22,2,49,F3,1,0.5456658227200655,0.5409889519717661,0.0046768707482993666
22,2,50,F3,1,0.5962710587590742,0.5942222526594529,0.0020488060996212143
22,2,52,F3,1,0.5794769893130549,0.5881895881895882,-0.008712598876533306
22,2,63,F3,1,0.5153999392479461,0.5215422544663355,-0.0061423152183893714
22,2,64,F3,1,0.6659717186366931,0.6574251528022376,0.008546565834455566
22,2,65,F3,1,0.6338123888788684,0.6298345744543791,0.003977814424489301
22,2,70,F3,1,0.5440783921176078,0.5454277807218983,-0.001349388604290569
22,2,10,F4,1,0.6329658501789649,0.5987523405556192,0.034213509623345684
22,2,11,F4,1,0.5148429035752979,0.5042176133725429,0.010625290202755044
22,2,12,F4,1,0.5620194134059917,0.5345236379832066,0.02749577542278514
22,2,14,F4,1,0.5228461459377489,0.5202984038861902,0.0025477420515587212
22,2,24,F4,1,0.4837445681568101,0.4760057069322442,0.007738861224565907
22,2,25,F4,1,0.6040720446273145,0.6021720208893813,0.0019000237379331875
22,2,30,F4,1,0.6319668606852471,0.6205696060374646,0.011397254647782518
22,2,47,F4,1,0.49777847309136414,0.5024061326658322,-0.00462765957446809
22,2,49,F4,1,0.5456658227200655,0.5466120658789833,-0.0009462431589177811
22,2,50,F4,1,0.5962710587590742,0.5951524905264118,0.0011185682326623203
22,2,52,F4,1,0.5794769893130549,0.5821009591501395,-0.002623969837084572
22,2,63,F4,1,0.5153999392479461,0.504206726523923,0.011193212724023183
22,2,64,F4,1,0.6659717186366931,0.6691151714492902,-0.0031434528125970918
22,2,65,F4,1,0.6338123888788684,0.635876987296761,-0.002064598417892638
22,2,70,F4,1,0.5440783921176078,0.5444316865885493,-0.0003532944709415675
22,2,10,F7,1,0.6329658501789649,0.6088119530742482,0.024153897104716715
22,2,11,F7,1,0.5148429035752979,0.5209526389103855,-0.006109735335087518
22,2,12,F7,1,0.5620194134059917,0.5662472654868416,-0.004227852080849859
22,2,14,F7,1,0.5228461459377489,0.5359864548795846,-0.01314030894183571
22,2,24,F7,1,0.4837445681568101,0.4818310673455305,0.0019135008112796115
22,2,25,F7,1,0.6040720446273145,0.5993986390251622,0.004673405602152236
22,2,30,F7,1,0.6319668606852471,0.6255591136324257,0.006407747052821433
22,2,47,F7,1,0.49777847309136414,0.4990957446808511,-0.001317271589486968
22,2,49,F7,1,0.5456658227200655,0.5403432049511534,0.005322617768912075
22,2,50,F7,1,0.5962710587590742,0.5850168926631054,0.011254166095968743
22,2,52,F7,1,0.5794769893130549,0.5820818525736557,-0.0026048632606008315
22,2,63,F7,1,0.5153999392479461,0.5296554793407695,-0.014255540092823371
22,2,64,F7,1,0.6659717186366931,0.6454761473117165,0.02049557132497659
22,2,65,F7,1,0.6338123888788684,0.6349590301218789,-0.00114664124301056
22,2,70,F7,1,0.5440783921176078,0.5432442246167736,0.0008341675008342042
22,2,10,F8,1,0.6329658501789649,0.5968480517660846,0.03611779841288032
22,2,11,F8,1,0.5148429035752979,0.5137401331063303,0.0011027704689676732
22,2,12,F8,1,0.5620194134059917,0.5538256985289302,0.008193714877061553
22,2,14,F8,1,0.5228461459377489,0.512504176626314,0.01034196931143494
22,2,24,F8,1,0.4837445681568101,0.48417818310673455,-0.0004336149499244435
22,2,25,F8,1,0.6040720446273145,0.5997339373318562,0.004338107295458249
22,2,30,F8,1,0.6319668606852471,0.6303111784222246,0.0016556822630224843
22,2,47,F8,1,0.49777847309136414,0.5000031289111388,-0.0022246558197747124
22,2,49,F8,1,0.5456658227200655,0.5391955654442229,0.006470257275842606
22,2,50,F8,1,0.5962710587590742,0.5900447427293065,0.006226316029767642
22,2,52,F8,1,0.5794769893130549,0.5742577095036112,0.0052192798094437
22,2,63,F8,1,0.5153999392479461,0.5065944235265861,0.008805515721360013
22,2,64,F8,1,0.6659717186366931,0.6697399772091578,-0.0037682585724646556
22,2,65,F8,1,0.6338123888788684,0.6339057950475406,-9.340616867226093e-05
22,2,70,F8,1,0.5440783921176078,0.5349221770790398,0.009156215038568005
22,2,10,Cz,1,0.6329658501789649,0.6284280382641038,0.004537811914861134
22,2,11,Cz,1,0.5148429035752979,0.5148042098746324,3.869370066555966e-05
22,2,12,Cz,1,0.5620194134059917,0.5873668766947433,-0.025347463288751593
22,2,14,Cz,1,0.5228461459377489,0.5203241062019688,0.002522039735780135
22,2,24,Cz,1,0.4837445681568101,0.4723717339002965,0.011372834256513586
22,2,25,Cz,1,0.6040720446273145,0.6052055309384397,-0.001133486311125198
22,2,30,Cz,1,0.6319668606852471,0.6305582472870556,0.0014086133981915383
22,2,47,Cz,1,0.49777847309136414,0.4870337922403004,0.010744680851063726
22,2,49,Cz,1,0.5456658227200655,0.5510044243261214,-0.005338601606055926
22,2,50,Cz,1,0.5962710587590742,0.5950041090261607,0.0012669497329134138
22,2,52,Cz,1,0.5794769893130549,0.5829639395213165,-0.003486950208261619
22,2,63,Cz,1,0.5153999392479461,0.5175403895195643,-0.002140450271618133
22,2,64,Cz,1,0.6659717186366931,0.6656317984046412,0.0003399202320519823
22,2,65,Cz,1,0.6338123888788684,0.632362982813265,0.001449406065603398
22,2,70,Cz,1,0.5440783921176078,0.549206068813912,-0.005127676696304206
22,2,10,C3,1,0.6329658501789649,0.6647241647241647,-0.03175831454519984
22,2,11,C3,1,0.5148429035752979,0.5217729453644946,-0.00693004178919665
22,2,12,C3,1,0.5620194134059917,0.5668301916451617,-0.004810778239169977
22,2,14,C3,1,0.5228461459377489,0.5225345053589329,0.00031164057881605256
22,2,24,C3,1,0.4837445681568101,0.49133422853839126,-0.007589660381581154
22,2,25,C3,1,0.6040720446273145,0.6036912486152872,0.0003807960120272291
22,2,30,C3,1,0.6319668606852471,0.6253826358718322,0.006584224813414918
22,2,47,C3,1,0.49777847309136414,0.49971839799749684,-0.0019399249061327062
22,2,49,C3,1,0.5456658227200655,0.543587923891361,0.002077898828704461
22,2,50,C3,1,0.5962710587590742,0.597458110761083,-0.0011870520020088593
22,2,52,C3,1,0.5794769893130549,0.5829575706624887,-0.0034805813494337423
22,2,63,C3,1,0.5153999392479461,0.5145310435931308,0.0008688956548152937
22,2,64,C3,1,0.6659717186366931,0.6402446130736559,0.025727105563037256
22,2,65,C3,1,0.6338123888788684,0.6209513257234147,0.012861063155453656
22,2,70,C3,1,0.5440783921176078,0.5508547763449724,-0.006776384227364596
22,2,10,C4,1,0.6329658501789649,0.6379367444941215,-0.0049708943151566265
22,2,11,C4,1,0.5148429035752979,0.5150982819996904,-0.0002553784243924939
22,2,12,C4,1,0.5620194134059917,0.5629592999646315,-0.0009398865586397465
22,2,14,C4,1,0.5228461459377489,0.5232895108849307,-0.0004433649471817791
22,2,24,C4,1,0.4837445681568101,0.4875519871687275,-0.00380741901191739
22,2,25,C4,1,0.6040720446273145,0.6002987023263174,0.003773342300997018
22,2,30,C4,1,0.6319668606852471,0.6302694654969934,0.0016973951882537364
22,2,47,C4,1,0.49777847309136414,0.4986232790988736,-0.0008448060075094688
22,2,49,C4,1,0.5456658227200655,0.5488210321722675,-0.0031552094522020457
22,2,50,C4,1,0.5962710587590742,0.5908779619230242,0.005393096836049938
22,2,52,C4,1,0.5794769893130549,0.5758148954870266,0.0036620938260283342
22,2,63,C4,1,0.5153999392479461,0.515583608248151,-0.00018366900020483357
22,2,64,C4,1,0.6659717186366931,0.6679367813115095,-0.0019650626748163313
22,2,65,C4,1,0.6338123888788684,0.6301920946172279,0.0036202942616404554
22,2,70,C4,1,0.5440783921176078,0.5395248189365837,0.004553573181024118
22,2,10,T3,1,0.6329658501789649,0.6162762556205179,0.016689594558446985
22,2,11,T3,1,0.5148429035752979,0.49630088221637514,0.0185420213589228
22,2,12,T3,1,0.5620194134059917,0.5362527672618189,0.02576664614417279
22,2,14,T3,1,0.5228461459377489,0.5214742848330636,0.0013718611046853457
22,2,24,T3,1,0.4837445681568101,0.4891391111359779,-0.0053945429791678046
22,2,25,T3,1,0.6040720446273145,0.5971682623832886,0.00690378224402588
22,2,30,T3,1,0.6319668606852471,0.599299222856116,0.03266763782913107
22,2,47,T3,1,0.49777847309136414,0.511226533166458,-0.013448060075093915
22,2,49,T3,1,0.5456658227200655,0.5691237021124239,-0.02345787939235844
22,2,50,T3,1,0.5962710587590742,0.5918424416746564,0.004428617084417774
22,2,52,T3,1,0.5794769893130549,0.5543359190900174,0.025141070223037465
22,2,63,T3,1,0.5153999392479461,0.47282758425815385,0.04257235498979228
22,2,64,T3,1,0.6659717186366931,0.6934858334196623,-0.027514114782969168
22,2,65,T3,1,0.6338123888788684,0.6243461568192945,0.009466232059573865
22,2,70,T3,1,0.5440783921176078,0.5336414846218768,0.010436907495731007
22,2,10,T4,1,0.6329658501789649,0.6341791177856752,-0.0012132676067102555
22,2,11,T4,1,0.5148429035752979,0.5367396687819224,-0.021896765206624424
22,2,12,T4,1,0.5620194134059917,0.5665190793696537,-0.004499665963662025
22,2,14,T4,1,0.5228461459377489,0.5135547587837663,0.009291387153982589
22,2,24,T4,1,0.4837445681568101,0.4902142897107369,-0.006469721553926777
22,2,25,T4,1,0.6040720446273145,0.5968576910903625,0.0072143535369519896
22,2,30,T4,1,0.6319668606852471,0.6304170650785806,0.0015497956066664598
22,2,47,T4,1,0.49777847309136414,0.4868397997496871,0.01093867334167703
22,2,49,T4,1,0.5456658227200655,0.5290490256252877,0.016616797094777813
22,2,50,T4,1,0.5962710587590742,0.6028283796740173,-0.006557320914943099
22,2,52,T4,1,0.5794769893130549,0.5601825314940069,0.01929445781904804
22,2,63,T4,1,0.5153999392479461,0.5133477913802726,0.0020521478676734928
22,2,64,T4,1,0.6659717186366931,0.6443366052004558,0.021635113436237363
22,2,65,T4,1,0.6338123888788684,0.6203651214924374,0.013447267386430983
22,2,70,T4,1,0.5440783921176078,0.5433129207639011,0.0007654713537066371
22,2,10,Pz,1,0.6329658501789649,0.6346026468977288,-0.0016367967187639332
22,2,11,Pz,1,0.5148429035752979,0.5100797090233711,0.004763194551926864
22,2,12,Pz,1,0.5620194134059917,0.559422444622015,0.0025969687839767497
22,2,14,Pz,1,0.5228461459377489,0.5194405890970777,0.003405556840671231
22,2,24,Pz,1,0.4837445681568101,0.4846062030250471,-0.0008616348682369823
22,2,25,Pz,1,0.6040720446273145,0.5997932821648995,0.004278762462414987
22,2,30,Pz,1,0.6319668606852471,0.6320342431029282,-6.738241768111664e-05
22,2,47,Pz,1,0.49777847309136414,0.492377972465582,0.005400500625782123
22,2,49,Pz,1,0.5456658227200655,0.5449081888394456,0.0007576338806198901
22,2,50,Pz,1,0.5962710587590742,0.6026343423275351,-0.006363283568460942
22,2,52,Pz,1,0.5794769893130549,0.5784229431770416,0.0010540461360133424
22,2,63,Pz,1,0.5153999392479461,0.5178935991353428,-0.002493659887396693
22,2,64,Pz,1,0.6659717186366931,0.6659814306433233,-9.712006630135939e-06
22,2,65,Pz,1,0.6338123888788684,0.6297572727975469,0.004055116081321475
22,2,70,Pz,1,0.5440783921176078,0.5380331311703861,0.006045260947221687
22,2,10,P3,1,0.6329658501789649,0.6326251162316737,0.0003407339472911719
22,2,11,P3,1,0.5148429035752979,0.5051888252592478,0.009654078316050141
22,2,12,P3,1,0.5620194134059917,0.5622945021548618,-0.00027508874887005597
22,2,14,P3,1,0.5228461459377489,0.5350194052484128,-0.01217325931066393
22,2,24,P3,1,0.4837445681568101,0.48547156791435875,-0.0017269997575486418
22,2,25,P3,1,0.6040720446273145,0.6047001107770217,-0.0006280661497072293
22,2,30,P3,1,0.6319668606852471,0.6355124593298979,-0.0035455986446507604
22,2,47,P3,1,0.49777847309136414,0.5010732165206508,-0.003294743429286706
22,2,49,P3,1,0.5456658227200655,0.5425393841747226,0.003126438545342891
22,2,50,P3,1,0.5962710587590742,0.5931664612153587,0.0031045975437155038
22,2,52,P3,1,0.5794769893130549,0.5819385532500287,-0.002461563936973832
22,2,63,P3,1,0.5153999392479461,0.5156754427482533,-0.0002755035003071393
22,2,64,P3,1,0.6659717186366931,0.6662566041645084,-0.00028488552781524845
22,2,65,P3,1,0.6338123888788684,0.6292451493210338,0.004567239557834557
22,2,70,P3,1,0.5440783921176078,0.5416396788945809,0.0024387132230269115
22,2,10,P4,1,0.6329658501789649,0.6340198963149782,-0.0010540461360133424
22,2,11,P4,1,0.5148429035752979,0.5102499613062994,0.004592942268998534
22,2,12,P4,1,0.5620194134059917,0.5586364767681002,0.003382936637891465
22,2,14,P4,1,0.5228461459377489,0.525734443673375,-0.002888297735626044
22,2,24,P4,1,0.4837445681568101,0.48082023163430876,0.0029243365225013473
22,2,25,P4,1,0.6040720446273145,0.6052559740465263,-0.00118392941921186
22,2,30,P4,1,0.6319668606852471,0.6297753277673317,0.0021915329179154064
22,2,47,P4,1,0.49777847309136414,0.49539424280350436,0.0023842302878597788
22,2,49,P4,1,0.5456658227200655,0.5463179632755357,-0.0006521405554702486
22,2,50,P4,1,0.5962710587590742,0.5910263434232754,0.005244715335798733
22,2,52,P4,1,0.5794769893130549,0.5825053816857095,-0.0030283923726546202
22,2,63,P4,1,0.5153999392479461,0.5185187801552711,-0.003118840907324949
22,2,64,P4,1,0.6659717186366931,0.6641134880348079,0.0018582306018852801
22,2,65,P4,1,0.6338123888788684,0.630195315519596,0.003617073359272416
22,2,70,P4,1,0.5440783921176078,0.5399664370252606,0.004111955092347186
22,2,10,T5,1,0.6329658501789649,0.6266033602099176,0.0063624899690473136
22,2,11,T5,1,0.5148429035752979,0.513500232162204,0.0013426714130939654
22,2,12,T5,1,0.5620194134059917,0.5542579808485832,0.007761432557408465
22,2,14,T5,1,0.5228461459377489,0.5228879122008894,-4.176626314045251e-05
22,2,24,T5,1,0.4837445681568101,0.4833902161547212,0.00035435200208888684
22,2,25,T5,1,0.6040720446273145,0.5994560056971039,0.004616038930210564
22,2,30,T5,1,0.6319668606852471,0.6317807568649848,0.00018610382026229555
22,2,47,T5,1,0.49777847309136414,0.5047809762202753,-0.007002503128911153
22,2,49,T5,1,0.5456658227200655,0.5493996470768758,-0.0037338243568103557
22,2,50,T5,1,0.5962710587590742,0.593811350043373,0.0024597087157011144
22,2,52,T5,1,0.5794769893130549,0.5777669507177704,0.0017100385952845132
22,2,63,T5,1,0.5153999392479461,0.5147535656510713,0.0006463735968748052
22,2,64,T5,1,0.6659717186366931,0.6561334559204393,0.009838262716253876
22,2,65,T5,1,0.6338123888788684,0.6290422324718493,0.004770156407019055
22,2,70,T5,1,0.5440783921176078,0.5425817974837583,0.0014965946338494351
22,2,10,T6,1,0.6329658501789649,0.6166042518501534,0.016361598328811455
22,2,11,T6,1,0.5148429035752979,0.5165454264045815,-0.0017025228292835148
22,2,12,T6,1,0.5620194134059917,0.5627300593405731,-0.0007106459345813665
22,2,14,T6,1,0.5228461459377489,0.5238838769373121,-0.001037730999563169
22,2,24,T6,1,0.4837445681568101,0.49220332344877743,-0.008458755291967324
22,2,25,T6,1,0.6040720446273145,0.5991988447539167,0.004873199873397738
22,2,30,T6,1,0.6319668606852471,0.6325861371906025,-0.0006192765053554261
22,2,47,T6,1,0.49777847309136414,0.4969117647058824,0.0008667083854817514
22,2,49,T6,1,0.5456658227200655,0.543233082706767,0.0024327400132985177
22,2,50,T6,1,0.5962710587590742,0.5955462722001552,0.000724786558918944
22,2,52,T6,1,0.5794769893130549,0.5809959621435031,-0.0015189728304482175
22,2,63,T6,1,0.5153999392479461,0.5102713356268411,0.00512860362110501
22,2,64,T6,1,0.6659717186366931,0.6591441779757587,0.006827540660934384
22,2,65,T6,1,0.6338123888788684,0.6411173954495091,-0.007305006570640704
22,2,70,T6,1,0.5440783921176078,0.5373118216255471,0.006766570492060642
22,2,10,Oz,1,0.6329658501789649,0.6302176875947367,0.0027481625842281643
22,2,11,Oz,1,0.5148429035752979,0.5136975700355981,0.001145333539699811
22,2,12,Oz,1,0.5620194134059917,0.5605915718047132,0.0014278416012785122
22,2,14,Oz,1,0.5228461459377489,0.5190871822551212,0.003758963682627736
22,2,24,Oz,1,0.4837445681568101,0.48681344299595297,-0.0030688748391428655
22,2,25,Oz,1,0.6040720446273145,0.6032797911061877,0.0007922535211267734
22,2,30,Oz,1,0.6319668606852471,0.6289057737105893,0.0030610869746577896
22,2,47,Oz,1,0.49777847309136414,0.49959949937421777,-0.0018210262828536328
22,2,49,Oz,1,0.5456658227200655,0.547427241573321,-0.0017614188532555364
22,2,50,Oz,1,0.5962710587590742,0.596687668355933,-0.00041660959685885235
22,2,52,Oz,1,0.5794769893130549,0.5782923815710701,0.0011846077419848111
22,2,63,Oz,1,0.5153999392479461,0.5149513630359073,0.0004485762120388648
22,2,64,Oz,1,0.6659717186366931,0.6610315445975344,0.004940174039158696
22,2,65,Oz,1,0.6338123888788684,0.6364084361874822,-0.002596047308613847
22,2,70,Oz,1,0.5440783921176078,0.55005005005005,-0.005971657932442254
22,2,10,O1,1,0.6329658501789649,0.631128434407123,0.0018374157718419326
22,2,11,O1,1,0.5148429035752979,0.5105362946912243,0.004306608884073637
22,2,12,O1,1,0.5620194134059917,0.5612530947484248,0.0007663186575669334
22,2,14,O1,1,0.5228461459377489,0.5233730434112114,-0.0005268974734624621
22,2,24,O1,1,0.4837445681568101,0.48211641395773885,0.0016281541990712523
22,2,25,O1,1,0.6040720446273145,0.6052352033549613,-0.0011631587276468291
22,2,30,O1,1,0.6319668606852471,0.632634267488946,-0.0006674068036989222
22,2,47,O1,1,0.49777847309136414,0.49663016270337923,0.0011483103879849077
22,2,49,O1,1,0.5456658227200655,0.5474048642013196,-0.0017390414812541444
22,2,50,O1,1,0.5962710587590742,0.5909749805962654,0.005296078162808748
22,2,52,O1,1,0.5794769893130549,0.5772606264409543,0.0022163628721005857
22,2,63,O1,1,0.5153999392479461,0.5287124096666408,-0.013312470418694655
22,2,64,O1,1,0.6659717186366931,0.6646152750440277,0.0013564435926654017
22,2,65,O1,1,0.6338123888788684,0.633683552784148,0.00012883609472036373
22,2,70,O1,1,0.5440783921176078,0.5425523562778465,0.0015260358397612972
22,2,10,O2,1,0.6329658501789649,0.6377902607410804,-0.0048244105621154665
22,2,11,O2,1,0.5148429035752979,0.5085590465872156,0.006283856988082315
22,2,12,O2,1,0.5620194134059917,0.5597695804241607,0.0022498329818310125
22,2,14,O2,1,0.5228461459377489,0.521101601254273,0.001744544683475957
22,2,24,O2,1,0.4837445681568101,0.47749864786736046,0.006245920289449647
22,2,25,O2,1,0.6040720446273145,0.6027496439310017,0.001322400696312731
22,2,30,O2,1,0.6319668606852471,0.6351755472414922,-0.003208686556245066
22,2,47,O2,1,0.49777847309136414,0.49729662077597,0.00048185231539416007
22,2,49,O2,1,0.5456658227200655,0.5472674032018823,-0.0016015804818168
22,2,50,O2,1,0.5962710587590742,0.5988848559558051,-0.002613797196730938
22,2,52,O2,1,0.5794769893130549,0.5779548320531926,0.0015221572598622668
22,2,63,O2,1,0.5153999392479461,0.5196207941565001,-0.00422085490855395
22,2,64,O2,1,0.6659717186366931,0.6666127110742773,-0.000640992437584198
22,2,65,O2,1,0.6338123888788684,0.6330458141152826,0.00076657476358577
22,2,70,O2,1,0.5440783921176078,0.5394217747158924,0.004656617401715413
22,2,10,Fp1+Fp2,2,0.6329658501789649,0.6405766364782758,-0.00761078629931089
22,2,11,Fp1+Fp2,2,0.5148429035752979,0.5249342207088686,-0.010091317133570699
22,2,12,Fp1+Fp2,2,0.5620194134059917,0.5713626062694035,-0.009343192863411787
22,2,14,Fp1+Fp2,2,0.5228461459377489,0.5243240290950214,-0.001477883157272486
22,2,24,Fp1+Fp2,2,0.4837445681568101,0.49140976146515225,-0.007665193308342144
22,2,25,Fp1+Fp2,2,0.6040720446273145,0.6071075328374743,-0.0030354882101598646
22,2,30,Fp1+Fp2,2,0.6319668606852471,0.6273335172980292,0.004633343387217881
22,2,47,Fp1+Fp2,2,0.49777847309136414,0.5090769712140175,-0.011298498122653378
22,2,49,Fp1+Fp2,2,0.5456658227200655,0.5435623497519309,0.002103472968134623
22,2,50,Fp1+Fp2,2,0.5962710587590742,0.5972355385107063,-0.0009644797516321635
22,2,52,Fp1+Fp2,2,0.5794769893130549,0.5731017616263518,0.006375227686703067
22,2,63,Fp1+Fp2,2,0.5153999392479461,0.5175297932310908,-0.0021298539831446917
22,2,64,Fp1+Fp2,2,0.6659717186366931,0.6642203201077386,0.001751398528954562
22,2,65,Fp1+Fp2,2,0.6338123888788684,0.6333614625473473,0.0004509263315211065
22,2,70,Fp1+Fp2,2,0.5440783921176078,0.5479646312979647,-0.0038862391803569096
22,2,10,F7+F8+T3+T4,4,0.6329658501789649,0.5721114040786172,0.06085444610034774
22,2,11,F7+F8+T3+T4,4,0.5148429035752979,0.5389026466491256,-0.024059743073827633
22,2,12,F7+F8+T3+T4,4,0.5620194134059917,0.5457204050354341,0.016299008370557644
22,2,14,F7+F8+T3+T4,4,0.5228461459377489,0.5170631248875524,0.005783021050196568
22,2,24,F7+F8+T3+T4,4,0.4837445681568101,0.49884555847740536,-0.015100990320595253
22,2,25,F7+F8+T3+T4,4,0.6040720446273145,0.5831757398322519,0.020896304795062548
22,2,30,F7+F8+T3+T4,4,0.6319668606852471,0.589162982024938,0.0428038786603091
22,2,47,F7+F8+T3+T4,4,0.49777847309136414,0.5070306633291614,-0.00925219023779722
22,2,49,F7+F8+T3+T4,4,0.5456658227200655,0.5391667945373638,0.006499028182701649
22,2,50,F7+F8+T3+T4,4,0.5962710587590742,0.5778774597087157,0.018393599050358422
22,2,52,F7+F8+T3+T4,4,0.5794769893130549,0.52633204682385,0.05314494248920487
22,2,63,F7+F8+T3+T4,4,0.5153999392479461,0.47848247020676893,0.03691746904117721
22,2,64,F7+F8+T3+T4,4,0.6659717186366931,0.6716500051797367,-0.005678286543043587
22,2,65,F7+F8+T3+T4,4,0.6338123888788684,0.627109691051045,0.006702697827823401
22,2,70,F7+F8+T3+T4,4,0.5440783921176078,0.5236560089501265,0.02042238316748124
22,2,10,Fz+Cz+F3+F4,4,0.6329658501789649,0.5633096411784937,0.0696562090004712
22,2,11,Fz+Cz+F3+F4,4,0.5148429035752979,0.49553474694319766,0.019308156632100282
22,2,12,Fz+Cz+F3+F4,4,0.5620194134059917,0.5443285869607933,0.01769082644519837
22,2,14,Fz+Cz+F3+F4,4,0.5228461459377489,0.5177538746241036,0.0050922713136453135
22,2,24,Fz+Cz+F3+F4,4,0.4837445681568101,0.4349391074059568,0.04880546075085329
22,2,25,Fz+Cz+F3+F4,4,0.6040720446273145,0.6035250830827663,0.0005469615445481413
22,2,30,Fz+Cz+F3+F4,4,0.6319668606852471,0.6236884493701349,0.0082784113151122
22,2,47,Fz+Cz+F3+F4,4,0.49777847309136414,0.4687891113892365,0.028989361702127625
22,2,49,Fz+Cz+F3+F4,4,0.5456658227200655,0.5369322541046494,0.008733568615416076
22,2,50,Fz+Cz+F3+F4,4,0.5962710587590742,0.5717938181984203,0.024477240560653812
22,2,52,Fz+Cz+F3+F4,4,0.5794769893130549,0.6021724177461882,-0.022695428433133324
22,2,63,Fz+Cz+F3+F4,4,0.5153999392479461,0.5136162306882642,0.0017837085596819069
22,2,64,Fz+Cz+F3+F4,4,0.6659717186366931,0.6582085880037295,0.007763130632963633
22,2,65,Fz+Cz+F3+F4,4,0.6338123888788684,0.6273319333144374,0.006480455564430998
22,2,70,Fz+Cz+F3+F4,4,0.5440783921176078,0.5454179669865944,-0.001339574868986615
22,2,10,T5+T6+P3+P4,4,0.6329658501789649,0.611060160240488,0.021905689938476858
22,2,11,T5+T6+P3+P4,4,0.5148429035752979,0.49580173347778983,0.01904117009750811
22,2,12,T5+T6+P3+P4,4,0.5620194134059917,0.5500039298392696,0.012015483566722107
22,2,14,T5+T6+P3+P4,4,0.5228461459377489,0.5397229290359062,-0.016876783098157322
22,2,24,T5+T6+P3+P4,4,0.4837445681568101,0.4913743262649435,-0.007629758108133378
22,2,25,T5+T6+P3+P4,4,0.6040720446273145,0.598982236113309,0.005089808514005423
22,2,30,T5+T6+P3+P4,4,0.6319668606852471,0.6364590218639902,-0.00449216117874307
22,2,47,T5+T6+P3+P4,4,0.49777847309136414,0.508035043804756,-0.01025657071339181
22,2,49,T5+T6+P3+P4,4,0.5456658227200655,0.5420342949209759,0.0036315277990895956
22,2,50,T5+T6+P3+P4,4,0.5962710587590742,0.5859528375108433,0.010318221248230897
22,2,52,T5+T6+P3+P4,4,0.5794769893130549,0.5880271822894774,-0.008550192976422455
22,2,63,T5+T6+P3+P4,4,0.5153999392479461,0.5161911287872901,-0.0007911895393439838
22,2,64,T5+T6+P3+P4,4,0.6659717186366931,0.6489303843364755,0.017041334300217592
22,2,65,T5+T6+P3+P4,4,0.6338123888788684,0.6256796103996496,0.008132778479218783
22,2,70,T5+T6+P3+P4,4,0.5440783921176078,0.5302066772655007,0.013871714852107031
22,2,10,O1+O2+Oz+Pz,4,0.6329658501789649,0.6356375864572585,-0.002671736278293646
22,2,11,O1+O2+Oz+Pz,4,0.5148429035752979,0.49844838260331215,0.016394520971985793
22,2,12,O1+O2+Oz+Pz,4,0.5620194134059917,0.5548933048638311,0.0071261085421605586
22,2,14,O1+O2+Oz+Pz,4,0.5228461459377489,0.5149780245200093,0.007868121417739626
22,2,24,O1+O2+Oz+Pz,4,0.4837445681568101,0.47964807251160974,0.004096495645200371
22,2,25,O1+O2+Oz+Pz,4,0.6040720446273145,0.5993521522392784,0.004719892388036051
22,2,30,O1+O2+Oz+Pz,4,0.6319668606852471,0.6302405873179873,0.001726273367259834
22,2,47,O1+O2+Oz+Pz,4,0.49777847309136414,0.4931038798498123,0.004674593241551839
22,2,49,O1+O2+Oz+Pz,4,0.5456658227200655,0.5488817707534142,-0.003215948033348681
22,2,50,O1+O2+Oz+Pz,4,0.5962710587590742,0.6029025704241427,-0.00663151166506859
22,2,52,O1+O2+Oz+Pz,4,0.5794769893130549,0.5760027768224489,0.003474212490605977
22,2,63,O1+O2+Oz+Pz,4,0.5153999392479461,0.5377898967921503,-0.022389957544204142
22,2,64,O1+O2+Oz+Pz,4,0.6659717186366931,0.6610639179529679,0.004907800683725205
22,2,65,O1+O2+Oz+Pz,4,0.6338123888788684,0.6334774150325956,0.00033497384627279025
22,2,70,O1+O2+Oz+Pz,4,0.5440783921176078,0.5412814775559873,0.002796914561620456
22,3,6,Fp1,1,0.5372457782192711,0.5317404715846709,0.005505306634600249
22,3,9,Fp1,1,0.5183017465626162,0.5201969528056485,-0.0018952062430322991
22,3,17,Fp1,1,0.44844267959845846,0.4444307786016329,0.004011900996825579
22,3,19,Fp1,1,0.6568537200504414,0.6548707440100883,0.001982976040353135
22,3,23,Fp1,1,0.6116846446700507,0.6119796954314721,-0.0002950507614214448
22,3,26,Fp1,1,0.43249084249084246,0.431015651015651,0.001475191475191484
22,3,34,Fp1,1,0.6567678347934918,0.6586952440550689,-0.0019274092615770844
22,3,38,Fp1,1,0.680889434530427,0.6816652796218767,-0.0007758450914496784
22,3,41,Fp1,1,0.47748635343332313,0.47441906438118564,0.0030672890521374896
22,3,45,Fp1,1,0.5631804912686724,0.5655794695455502,-0.002398978276877739
22,3,53,Fp1,1,0.531948497630917,0.5515186179374354,-0.01957012030651839
22,3,62,Fp1,1,0.6157858786310038,0.6161166235260283,-0.0003307448950244929
22,3,67,Fp1,1,0.48491520100502505,0.48013505025125625,0.004780150753768808
22,3,71,Fp1,1,0.49221246282592157,0.49246835880766304,-0.0002558959817414719
22,3,6,Fp2,1,0.5372457782192711,0.5394625398651121,-0.002216761645840948
22,3,9,Fp2,1,0.5183017465626162,0.5154775176514307,0.0028242289111855
22,3,17,Fp2,1,0.44844267959845846,0.455851518665589,-0.007408839067130524
22,3,19,Fp2,1,0.6568537200504414,0.6560750315258512,0.0007786885245901765
22,3,23,Fp2,1,0.6116846446700507,0.6139784263959391,-0.002293781725888455
22,3,26,Fp2,1,0.43249084249084246,0.4321012321012321,0.0003896103896103842
22,3,34,Fp2,1,0.6567678347934918,0.6533416770963705,0.0034261576971212904
22,3,38,Fp2,1,0.680889434530427,0.683234440216252,-0.0023450056858249635
22,3,41,Fp2,1,0.47748635343332313,0.4763289460259157,0.0011574074074074403
22,3,45,Fp2,1,0.5631804912686724,0.5637401706816747,-0.0005596794130022786
22,3,53,Fp2,1,0.531948497630917,0.539530213119975,-0.00758171548905795
22,3,62,Fp2,1,0.6157858786310038,0.6068773367845843,0.008908541846419427
22,3,67,Fp2,1,0.48491520100502505,0.49248429648241204,-0.007569095477386989
22,3,71,Fp2,1,0.49221246282592157,0.488457016391175,0.0037554464347465677
22,3,6,Fz,1,0.5372457782192711,0.5358184764991896,0.0014273017200815419
22,3,9,Fz,1,0.5183017465626162,0.521553325901152,-0.003251579338535815
22,3,17,Fz,1,0.44844267959845846,0.448073701842546,0.0003689777559124363
22,3,19,Fz,1,0.6568537200504414,0.6555107187894074,0.001343001261034038
22,3,23,Fz,1,0.6116846446700507,0.6071573604060914,0.004527284263959319
22,3,26,Fz,1,0.43249084249084246,0.4398334998334999,-0.007342657342657433
22,3,34,Fz,1,0.6567678347934918,0.6566708385481853,9.699624530645767e-05
22,3,38,Fz,1,0.680889434530427,0.6840150499653768,-0.0031256154349497134
22,3,41,Fz,1,0.47748635343332313,0.4730831037649219,0.004403249668401221
22,3,45,Fz,1,0.5631804912686724,0.564497093940669,-0.001316602671996625
22,3,53,Fz,1,0.531948497630917,0.5336611268905542,-0.0017126292596372217
22,3,62,Fz,1,0.6157858786310038,0.6202904802991085,-0.004504601668104735
22,3,67,Fz,1,0.48491520100502505,0.4851758793969849,-0.00026067839195986764
22,3,71,Fz,1,0.49221246282592157,0.4927242547894045,-0.0005117919634829438
22,3,6,F3,1,0.5372457782192711,0.5342970669733884,0.002948711245882696
22,3,9,F3,1,0.5183017465626162,0.5123374210330731,0.005964325529543069
22,3,17,F3,1,0.44844267959845846,0.4475700179217767,0.000872661676681763
22,3,19,F3,1,0.6568537200504414,0.6566361916771752,0.0002175283732661626
22,3,23,F3,1,0.6116846446700507,0.5935850253807107,0.018099619289340008
22,3,26,F3,1,0.43249084249084246,0.42711954711954714,0.005371295371295326
22,3,34,F3,1,0.6567678347934918,0.6588204005006257,-0.0020525657071339687
22,3,38,F3,1,0.680889434530427,0.6783355780165048,0.002553856513922259
22,3,41,F3,1,0.47748635343332313,0.47829303132333434,-0.0008066778900112093
22,3,45,F3,1,0.5631804912686724,0.5613190024721229,0.0018614887965495708
22,3,53,F3,1,0.531948497630917,0.5318087574825975,0.00013974014831952264
22,3,62,F3,1,0.6157858786310038,0.6212827149841817,-0.005496836353177992
22,3,67,F3,1,0.48491520100502505,0.48978957286432157,-0.004874371859296511
22,3,71,F3,1,0.49221246282592157,0.4943841206169167,-0.0021716577909951518
22,3,6,F4,1,0.5372457782192711,0.5302765723845873,0.006969205834683856
22,3,9,F4,1,0.5183017465626162,0.5130992196209587,0.005202526941657459
22,3,17,F4,1,0.44844267959845846,0.43798245305782996,0.010460226540628503
22,3,19,F4,1,0.6568537200504414,0.6565668348045397,0.0002868852459017024
22,3,23,F4,1,0.6116846446700507,0.6120304568527919,-0.00034581218274121195
22,3,26,F4,1,0.43249084249084246,0.4473926073926074,-0.014901764901764925
22,3,34,F4,1,0.6567678347934918,0.6506664580725907,0.006101376720901053
22,3,38,F4,1,0.680889434530427,0.6742347959773584,0.0066546385530686925
22,3,41,F4,1,0.47748635343332313,0.486260968268544,-0.00877461483522085
22,3,45,F4,1,0.5631804912686724,0.5633974594992637,-0.00021696823059125236
22,3,53,F4,1,0.531948497630917,0.5059828282106111,0.02596566942030587
22,3,62,F4,1,0.6157858786310038,0.6218830888697153,-0.00609721023871157
22,3,67,F4,1,0.48491520100502505,0.4791394472361809,0.00577575376884415
22,3,71,F4,1,0.49221246282592157,0.494920118957051,-0.0027076561311294434
22,3,6,F7,1,0.5372457782192711,0.5489256025513672,-0.011679824332096134
22,3,9,F7,1,0.5183017465626162,0.5212560386473429,-0.0029542920847267506
22,3,17,F7,1,0.44844267959845846,0.4664113106324162,-0.017968631033957738
22,3,19,F7,1,0.6568537200504414,0.6437295081967214,0.013124211853720036
22,3,23,F7,1,0.6116846446700507,0.6067544416243654,0.004930203045685255
22,3,26,F7,1,0.43249084249084246,0.4402264402264402,-0.007735597735597732
22,3,34,F7,1,0.6567678347934918,0.6533229036295369,0.003444931163954834
22,3,38,F7,1,0.680889434530427,0.6742062080313072,0.006683226499119899
22,3,41,F7,1,0.47748635343332313,0.48038784307723703,-0.0029014896439139015
22,3,45,F7,1,0.5631804912686724,0.557706152693036,0.005474338575636395
22,3,53,F7,1,0.531948497630917,0.533849613602241,-0.00190111597132403
22,3,62,F7,1,0.6157858786310038,0.619114897900489,-0.003329019269485256
22,3,67,F7,1,0.48491520100502505,0.4810804020100502,0.003834798994974853
22,3,71,F7,1,0.49221246282592157,0.4979217096618024,-0.00570924683588081
22,3,6,F8,1,0.5372457782192711,0.531086945156062,0.006158833063209079
22,3,9,F8,1,0.5183017465626162,0.5103678929765887,0.007933853586027495
22,3,17,F8,1,0.44844267959845846,0.4489053659907931,-0.0004626863923346547
22,3,19,F8,1,0.6568537200504414,0.6328846153846154,0.023969104665826024
22,3,23,F8,1,0.6116846446700507,0.6237658629441625,-0.012081218274111793
22,3,26,F8,1,0.43249084249084246,0.4544921744921745,-0.02200133200133203
22,3,34,F8,1,0.6567678347934918,0.637290362953692,0.019477471839799754
22,3,38,F8,1,0.680889434530427,0.6551618713034197,0.02572756322700731
22,3,41,F8,1,0.47748635343332313,0.48549255178043055,-0.008006198347107418
22,3,45,F8,1,0.5631804912686724,0.5506538633494635,0.012526627919208888
22,3,53,F8,1,0.531948497630917,0.5335278862840169,-0.0015793886530999224
22,3,62,F8,1,0.6157858786310038,0.6061655162496404,0.009620362381363323
22,3,67,F8,1,0.48491520100502505,0.4570069095477387,0.02790829145728635
22,3,71,F8,1,0.49221246282592157,0.5001141157756415,-0.007901652949719895
22,3,6,Cz,1,0.5372457782192711,0.5400742406022899,-0.002828462383018815
22,3,9,Cz,1,0.5183017465626162,0.5221479004087699,-0.0038461538461537215
22,3,17,Cz,1,0.44844267959845846,0.44634009206873526,0.002102587529723199
22,3,19,Cz,1,0.6568537200504414,0.6595807061790668,-0.0027269861286254304
22,3,23,Cz,1,0.6116846446700507,0.5980520304568527,0.013632614213197947
22,3,26,Cz,1,0.43249084249084246,0.43922743922743923,-0.006736596736596767
22,3,34,Cz,1,0.6567678347934918,0.654264705882353,0.0025031289111387967
22,3,38,Cz,1,0.680889434530427,0.6809092872707406,-1.985274031357509e-05
22,3,41,Cz,1,0.47748635343332313,0.46727055912661974,0.010215794306703385
22,3,45,Cz,1,0.5631804912686724,0.568838924100568,-0.005658432831895599
22,3,53,Cz,1,0.531948497630917,0.5278862840169768,0.004062213613940213
22,3,62,Cz,1,0.6157858786310038,0.5975050330744895,0.018280845556514214
22,3,67,Cz,1,0.48491520100502505,0.48078203517587936,0.004133165829145691
22,3,71,Cz,1,0.49221246282592157,0.49165571616294346,0.0005567466629781137
22,3,6,C3,1,0.5372457782192711,0.5367334134992419,0.0005123647200292458
22,3,9,C3,1,0.5183017465626162,0.5244704570791527,-0.0061687105165365574
22,3,17,C3,1,0.44844267959845846,0.4447294748802286,0.0037132047182298344
22,3,19,C3,1,0.6568537200504414,0.6579413619167718,-0.0010876418663303689
22,3,23,C3,1,0.6116846446700507,0.6114815989847715,0.00020304568527917954
22,3,26,C3,1,0.43249084249084246,0.4251215451215451,0.007369297369297367
22,3,34,C3,1,0.6567678347934918,0.6589956195244056,-0.0022277847309137844
22,3,38,C3,1,0.680889434530427,0.6799984435451594,0.0008909909852676812
22,3,41,C3,1,0.47748635343332313,0.4775851953882257,-9.884195490256209e-05
22,3,45,C3,1,0.5631804912686724,0.5603788068062276,0.0028016844624447756
22,3,53,C3,1,0.531948497630917,0.5359164678890138,-0.003967970258096809
22,3,62,C3,1,0.6157858786310038,0.606596922634455,0.009188955996548787
22,3,67,C3,1,0.48491520100502505,0.4862311557788945,-0.001315954773869421
22,3,71,C3,1,0.49221246282592157,0.4947610484819144,-0.0025485856559928077
22,3,6,C4,1,0.5372457782192711,0.5364981439849428,0.0007476342343283315
22,3,9,C4,1,0.5183017465626162,0.520642883686362,-0.00234113712374584
22,3,17,C4,1,0.44844267959845846,0.4480268475243349,0.0004158320741235455
22,3,19,C4,1,0.6568537200504414,0.6573297604035309,-0.00047604035308945747
22,3,23,C4,1,0.6116846446700507,0.6123984771573605,-0.000713832487309829
22,3,26,C4,1,0.43249084249084246,0.43316683316683313,-0.0006759906759906675
22,3,34,C4,1,0.6567678347934918,0.656439299123905,0.0003285356695867936
22,3,38,C4,1,0.680889434530427,0.6809902864512194,-0.00010085192079234417
22,3,41,C4,1,0.47748635343332313,0.4719894653606775,0.005496888072645645
22,3,45,C4,1,0.5631804912686724,0.5640376801493794,-0.0008571888807069605
22,3,53,C4,1,0.531948497630917,0.5318087574825975,0.00013974014831952264
22,3,62,C4,1,0.6157858786310038,0.6145024446361806,0.0012834339948231133
22,3,67,C4,1,0.48491520100502505,0.48219849246231156,0.0027167085427134974
22,3,71,C4,1,0.49221246282592157,0.49110588560758006,0.001106577218341509
22,3,6,T3,1,0.5372457782192711,0.5260260364929157,0.011219741726355426
22,3,9,T3,1,0.5183017465626162,0.5194723151244891,-0.00117056856187292
22,3,17,T3,1,0.44844267959845846,0.43903081842780334,0.009411861170655123
22,3,19,T3,1,0.6568537200504414,0.6662610340479194,-0.009407313997477962
22,3,23,T3,1,0.6116846446700507,0.6080520304568527,0.0036326142131979378
22,3,26,T3,1,0.43249084249084246,0.4386280386280387,-0.00613719613719621
22,3,34,T3,1,0.6567678347934918,0.6547747183979975,0.0019931163954942654
22,3,38,T3,1,0.680889434530427,0.6667082250697228,0.014181209460704225
22,3,41,T3,1,0.47748635343332313,0.4722413529231711,0.005245000510152031
22,3,45,T3,1,0.5631804912686724,0.563806740479697,-0.0006262492110246098
22,3,53,T3,1,0.531948497630917,0.5287572226158055,0.0031912750151115166
22,3,62,T3,1,0.6157858786310038,0.6088582111015243,0.0069276675294794865
22,3,67,T3,1,0.48491520100502505,0.48550565326633166,-0.0005904522613066066
22,3,71,T3,1,0.49221246282592157,0.4914240265578532,0.0007884362680683488
22,3,6,T4,1,0.5372457782192711,0.5373085167564177,-6.273853714655608e-05
22,3,9,T4,1,0.5183017465626162,0.5202898550724638,-0.0019881085098476525
22,3,17,T4,1,0.44844267959845846,0.4565601902285319,-0.008117510630073432
22,3,19,T4,1,0.6568537200504414,0.6501544766708701,0.006699243379571285
22,3,23,T4,1,0.6116846446700507,0.6142671319796955,-0.002582487309644832
22,3,26,T4,1,0.43249084249084246,0.4406793206793207,-0.008188478188478232
22,3,34,T4,1,0.6567678347934918,0.6319868585732166,0.024780976220275197
22,3,38,T4,1,0.680889434530427,0.6899001963038962,-0.009010761773469156
22,3,41,T4,1,0.47748635343332313,0.4791188399142945,-0.0016324864809713624
22,3,45,T4,1,0.5631804912686724,0.5570848345781612,0.006095656690511264
22,3,53,T4,1,0.531948497630917,0.5284289957557993,0.0035195018751177365
22,3,62,T4,1,0.6157858786310038,0.6099726775956285,0.005813201035375304
22,3,67,T4,1,0.48491520100502505,0.5257412060301507,-0.04082600502512568
22,3,71,T4,1,0.49221246282592157,0.47929663185559157,0.01291583097033
22,3,6,Pz,1,0.5372457782192711,0.5366288492706645,0.0006169289486066543
22,3,9,Pz,1,0.5183017465626162,0.518840579710145,-0.0005388331475287833
22,3,17,Pz,1,0.44844267959845846,0.4505511239179581,-0.002108444319499636
22,3,19,Pz,1,0.6568537200504414,0.6605643127364439,-0.0037105926860024896
22,3,23,Pz,1,0.6116846446700507,0.6094606598984771,0.002223984771573595
22,3,26,Pz,1,0.43249084249084246,0.4302331002331002,0.002257742257742279
22,3,34,Pz,1,0.6567678347934918,0.6599249061326657,-0.003157071339173978
22,3,38,Pz,1,0.680889434530427,0.6851815969861952,-0.004292162455768134
22,3,41,Pz,1,0.47748635343332313,0.47806983981226403,-0.0005834863789409006
22,3,45,Pz,1,0.5631804912686724,0.5669034688617716,-0.0037229775930991416
22,3,53,Pz,1,0.531948497630917,0.532075238695672,-0.00012674106475496494
22,3,62,Pz,1,0.6157858786310038,0.6192191544434857,-0.003433275812481984
22,3,67,Pz,1,0.48491520100502505,0.48563442211055274,-0.0007192211055276898
22,3,71,Pz,1,0.49221246282592157,0.48653088042049936,0.005681582405422214
22,3,6,P3,1,0.5372457782192711,0.5413812934595075,-0.004135515240236365
22,3,9,P3,1,0.5183017465626162,0.5132292827945002,0.005072463768115987
22,3,17,P3,1,0.44844267959845846,0.4408171393096016,0.007625540288856869
22,3,19,P3,1,0.6568537200504414,0.6544262295081967,0.00242749054224467
22,3,23,P3,1,0.6116846446700507,0.6099365482233502,0.0017480964467004867
22,3,26,P3,1,0.43249084249084246,0.43380286380286376,-0.0013120213120212942
22,3,34,P3,1,0.6567678347934918,0.6562734668335419,0.0004943679599498374
22,3,38,P3,1,0.680889434530427,0.6732786880038626,0.00761074652656446
22,3,41,P3,1,0.47748635343332313,0.474036450362208,0.0034499030711151457
22,3,45,P3,1,0.5631804912686724,0.5652877130233537,-0.0021072217546812544
22,3,53,P3,1,0.531948497630917,0.5276100534912289,0.004338444139688091
22,3,62,P3,1,0.6157858786310038,0.6306478285878632,-0.01486194995685941
22,3,67,P3,1,0.48491520100502505,0.4822958542713568,0.0026193467336682597
22,3,71,P3,1,0.49221246282592157,0.4957535099246144,-0.003541047098692851
22,3,6,P4,1,0.5372457782192711,0.5365870235792335,0.0006587546400376176
22,3,9,P4,1,0.5183017465626162,0.5161464139725009,0.0021553325901152443
22,3,17,P4,1,0.44844267959845846,0.45257171639081195,-0.004129036792353491
22,3,19,P4,1,0.6568537200504414,0.6562105926860025,0.0006431273644389446
22,3,23,P4,1,0.6116846446700507,0.6132804568527919,-0.0015958121827411853
22,3,26,P4,1,0.43249084249084246,0.42797202797202794,0.004518814518814529
22,3,34,P4,1,0.6567678347934918,0.6583291614518149,-0.0015613266583230923
22,3,38,P4,1,0.680889434530427,0.6808926109688773,-3.176438450269714e-06
22,3,41,P4,1,0.47748635343332313,0.4818385878991939,-0.004352234465870797
22,3,45,P4,1,0.5631804912686724,0.5594353237428993,0.003745167525773141
22,3,53,P4,1,0.531948497630917,0.5318477547332913,0.00010074289762573851
22,3,62,P4,1,0.6157858786310038,0.6198626689675008,-0.004076790336496994
22,3,67,P4,1,0.48491520100502505,0.48142902010050254,0.003486180904522518
22,3,71,P4,1,0.49221246282592157,0.49204993429697763,0.00016252852894393932
22,3,6,T5,1,0.5372457782192711,0.5403304229623045,-0.0030846447430333823
22,3,9,T5,1,0.5183017465626162,0.520958751393534,-0.0026570048309177974
22,3,17,T5,1,0.44844267959845846,0.4503402794860081,-0.001897599887549617
22,3,19,T5,1,0.6568537200504414,0.6567213114754098,0.0001324085750316062
22,3,23,T5,1,0.6116846446700507,0.6107804568527919,0.0009041878172587614
22,3,26,T5,1,0.43249084249084246,0.43181152181152177,0.0006793206793206941
22,3,34,T5,1,0.6567678347934918,0.6565707133917396,0.00019712140175220938
22,3,38,T5,1,0.680889434530427,0.6696099015939369,0.0112795329364902
22,3,41,T5,1,0.47748635343332313,0.4739248546066728,0.0035614988266503556
22,3,45,T5,1,0.5631804912686724,0.5568538949084789,0.006326596360193504
22,3,53,T5,1,0.531948497630917,0.5279480296639087,0.004000467967008259
22,3,62,T5,1,0.6157858786310038,0.6090307736554501,0.00675510497555365
22,3,67,T5,1,0.48491520100502505,0.4785332914572864,0.006381909547738651
22,3,71,T5,1,0.49221246282592157,0.5020852064458122,-0.009872743619890656
22,3,6,T6,1,0.5372457782192711,0.5648507345637057,-0.027604956344434606
22,3,9,T6,1,0.5183017465626162,0.5076923076923077,0.010609438870308519
22,3,17,T6,1,0.44844267959845846,0.47090932518068196,-0.0224666455822235
22,3,19,T6,1,0.6568537200504414,0.6520649432534678,0.004788776796973648
22,3,23,T6,1,0.6116846446700507,0.6289276649746193,-0.01724302030456859
22,3,26,T6,1,0.43249084249084246,0.4303729603729604,0.002117882117882053
22,3,34,T6,1,0.6567678347934918,0.6525062578222778,0.004261576971213987
22,3,38,T6,1,0.680889434530427,0.6796665057271185,0.0012229288033085428
22,3,41,T6,1,0.47748635343332313,0.48186409550045917,-0.004377742067136037
22,3,45,T6,1,0.5631804912686724,0.5494753313696613,0.01370515989901111
22,3,53,T6,1,0.531948497630917,0.527099839461318,0.004848658169599007
22,3,62,T6,1,0.6157858786310038,0.6173497267759562,-0.0015638481449524733
22,3,67,T6,1,0.48491520100502505,0.4776664572864322,0.007248743718592854
22,3,71,T6,1,0.49221246282592157,0.4885918804896604,0.003620582336261169
22,3,6,Oz,1,0.5372457782192711,0.5359021278820515,0.0013436503372196151
22,3,9,Oz,1,0.5183017465626162,0.5166666666666666,0.001635079895949576
22,3,17,Oz,1,0.44844267959845846,0.45292898056717157,-0.004486300968713108
22,3,19,Oz,1,0.6568537200504414,0.6559836065573771,0.0008701134930643173
22,3,23,Oz,1,0.6116846446700507,0.6110818527918782,0.0006027918781724706
22,3,26,Oz,1,0.43249084249084246,0.4345820845820846,-0.002091242091242118
22,3,34,Oz,1,0.6567678347934918,0.6548717146433042,0.0018961201501875857
22,3,38,Oz,1,0.680889434530427,0.6794648018855338,0.0014246326448932312
22,3,41,Oz,1,0.47748635343332313,0.47782114069992854,-0.0003347872666054075
22,3,45,Oz,1,0.5631804912686724,0.5644083342099726,-0.0012278429413001835
22,3,53,Oz,1,0.531948497630917,0.5308565746114899,0.0010919230194270657
22,3,62,Oz,1,0.6157858786310038,0.6155593902789762,0.00022648835202754292
22,3,67,Oz,1,0.48491520100502505,0.48702889447236175,-0.002113693467336697
22,3,71,Oz,1,0.49221246282592157,0.49617539248910714,-0.003962929663185566
22,3,6,O1,1,0.5372457782192711,0.5355047838134575,0.0017409944058136562
22,3,9,O1,1,0.5183017465626162,0.5205685618729097,-0.0022668153102934907
22,3,17,O1,1,0.44844267959845846,0.4467266401939769,0.001716039404481562
22,3,19,O1,1,0.6568537200504414,0.6578593947036571,-0.0010056746532156602
22,3,23,O1,1,0.6116846446700507,0.6108375634517766,0.0008470812182740373
22,3,26,O1,1,0.43249084249084246,0.43193140193140195,0.0005594405594405161
22,3,34,O1,1,0.6567678347934918,0.6571714643304132,-0.0004036295369214127
22,3,38,O1,1,0.680889434530427,0.6794719488720466,0.0014174856583804019
22,3,41,O1,1,0.47748635343332313,0.4782452045709621,-0.0007588511376389606
22,3,45,O1,1,0.5631804912686724,0.5641116465916263,-0.0009311553229538472
22,3,53,O1,1,0.531948497630917,0.5329201791273714,-0.0009716814964544351
22,3,62,O1,1,0.6157858786310038,0.6153257118205349,0.0004601668104688983
22,3,67,O1,1,0.48491520100502505,0.4845822864321608,0.0003329145728642735
22,3,71,O1,1,0.49221246282592157,0.4924406943772045,-0.00022823155128293138
22,3,6,O2,1,0.5372457782192711,0.5419511685052543,-0.0047053902859831576
22,3,9,O2,1,0.5183017465626162,0.5126904496469714,0.00561129691564477
22,3,17,O2,1,0.44844267959845846,0.4423809021798971,0.006061777418561343
22,3,19,O2,1,0.6568537200504414,0.6592717528373266,-0.002418032786885238
22,3,23,O2,1,0.6116846446700507,0.6042512690355331,0.007433375634517625
22,3,26,O2,1,0.43249084249084246,0.43095571095571095,0.0015351315351315176
22,3,34,O2,1,0.6567678347934918,0.6586795994993742,-0.0019117647058823906
22,3,38,O2,1,0.680889434530427,0.6861234109866652,-0.005233976456238132
22,3,41,O2,1,0.47748635343332313,0.47759794918885834,-0.00011159575553520984
22,3,45,O2,1,0.5631804912686724,0.5649047312223858,-0.0017242399537134023
22,3,53,O2,1,0.531948497630917,0.5357084825519801,-0.0037599849210631087
22,3,62,O2,1,0.6157858786310038,0.6182269197584124,-0.0024410411274086163
22,3,67,O2,1,0.48491520100502505,0.489893216080402,-0.004978015075376929
22,3,71,O2,1,0.49221246282592157,0.488598796597275,0.0036136662286465615
22,3,6,Fp1+Fp2,2,0.5372457782192711,0.5346630417734093,0.002582736445861822
22,3,9,Fp1+Fp2,2,0.5183017465626162,0.5158862876254181,0.0024154589371980784
22,3,17,Fp1+Fp2,2,0.44844267959845846,0.45102552388984546,-0.0025828442913869987
22,3,19,Fp1+Fp2,2,0.6568537200504414,0.6544356872635562,0.002418032786885238
22,3,23,Fp1+Fp2,2,0.6116846446700507,0.6136104060913705,-0.0019257614213198382
22,3,26,Fp1+Fp2,2,0.43249084249084246,0.43329337329337325,-0.0008025308025307876
22,3,34,Fp1+Fp2,2,0.6567678347934918,0.6560951188986233,0.000672715894868503
22,3,38,Fp1+Fp2,2,0.680889434530427,0.6836902591338487,-0.002800824603421681
22,3,41,Fp1+Fp2,2,0.47748635343332313,0.4730512192633405,0.004435134169982646
22,3,45,Fp1+Fp2,2,0.5631804912686724,0.5668171746791499,-0.0036366834104775148
22,3,53,Fp1+Fp2,2,0.531948497630917,0.5558570620771236,-0.023908564446206593
22,3,62,Fp1+Fp2,2,0.6157858786310038,0.6080385389703767,0.007747339660627017
22,3,67,Fp1+Fp2,2,0.48491520100502505,0.487035175879397,-0.0021199748743719327
22,3,71,Fp1+Fp2,2,0.49221246282592157,0.4897330382460751,0.0024794245798464565
22,3,6,F7+F8+T3+T4,4,0.5372457782192711,0.5334030428190517,0.003842735400219399
22,3,9,F7+F8+T3+T4,4,0.5183017465626162,0.5225195094760313,-0.004217762913415135
22,3,17,F7+F8+T3+T4,4,0.44844267959845846,0.4661653254618079,-0.01772264586334943
22,3,19,F7+F8+T3+T4,4,0.6568537200504414,0.6237547288776797,0.033098991172761716
22,3,23,F7+F8+T3+T4,4,0.6116846446700507,0.624454314720812,-0.01276967005076135
22,3,26,F7+F8+T3+T4,4,0.43249084249084246,0.481022311022311,-0.04853146853146856
22,3,34,F7+F8+T3+T4,4,0.6567678347934918,0.6180350438047559,0.03873279098873583
22,3,38,F7+F8+T3+T4,4,0.680889434530427,0.6493188127743649,0.03157062175606218
22,3,41,F7+F8+T3+T4,4,0.47748635343332313,0.4801997245179064,-0.0027133710845832493
22,3,45,F7+F8+T3+T4,4,0.5631804912686724,0.5442804215758468,0.01890006969282565
22,3,53,F7+F8+T3+T4,4,0.531948497630917,0.5285232391116426,0.0034252585192744434
22,3,62,F7+F8+T3+T4,4,0.6157858786310038,0.5968974690825424,0.018888409548461382
22,3,67,F7+F8+T3+T4,4,0.48491520100502505,0.4978548994974874,-0.012939698492462348
22,3,71,F7+F8+T3+T4,4,0.49221246282592157,0.48876824123383356,0.003444221592088015
22,3,6,Fz+Cz+F3+F4,4,0.5372457782192711,0.527066450567261,0.010179327652010128
22,3,9,Fz+Cz+F3+F4,4,0.5183017465626162,0.5092902266815311,0.009011519881085062
22,3,17,Fz+Cz+F3+F4,4,0.44844267959845846,0.4308430263204132,0.017599653278045246
22,3,19,Fz+Cz+F3+F4,4,0.6568537200504414,0.655892181588903,0.0009615384615384581
22,3,23,Fz+Cz+F3+F4,4,0.6116846446700507,0.5605552030456853,0.05112944162436539
22,3,26,Fz+Cz+F3+F4,4,0.43249084249084246,0.4504562104562105,-0.017965367965368018
22,3,34,Fz+Cz+F3+F4,4,0.6567678347934918,0.6539705882352942,0.0027972465581975747
22,3,38,Fz+Cz+F3+F4,4,0.680889434530427,0.6737519773329352,0.007137457197491814
22,3,41,Fz+Cz+F3+F4,4,0.47748635343332313,0.47263672074278135,0.004849632690541783
22,3,45,Fz+Cz+F3+F4,4,0.5631804912686724,0.5708639609194193,-0.007683469650746844
22,3,53,Fz+Cz+F3+F4,4,0.531948497630917,0.4799359145180265,0.05201258311289053
22,3,62,Fz+Cz+F3+F4,4,0.6157858786310038,0.611435864250791,0.004350014380212763
22,3,67,Fz+Cz+F3+F4,4,0.48491520100502505,0.4769064070351759,0.00800879396984916
22,3,71,Fz+Cz+F3+F4,4,0.49221246282592157,0.4989383774811536,-0.006725914655232035
22,3,6,T5+T6+P3+P4,4,0.5372457782192711,0.5661473309980656,-0.02890155277879447
22,3,9,T5+T6+P3+P4,4,0.5183017465626162,0.5030471943515422,0.015254552211073968
22,3,17,T5+T6+P3+P4,4,0.44844267959845846,0.4768598235934919,-0.028417143995033423
22,3,19,T5+T6+P3+P4,4,0.6568537200504414,0.6419577553593947,0.014895964691046704
22,3,23,T5+T6+P3+P4,4,0.6116846446700507,0.6314593908629442,-0.019774746192893544
22,3,26,T5+T6+P3+P4,4,0.43249084249084246,0.4291941391941392,0.003296703296703285
22,3,34,T5+T6+P3+P4,4,0.6567678347934918,0.652127659574468,0.004640175219023712
22,3,38,T5+T6+P3+P4,4,0.680889434530427,0.6544741723789618,0.02641526215146528
22,3,41,T5+T6+P3+P4,4,0.47748635343332313,0.4876415671870217,-0.010155213753698544
22,3,45,T5+T6+P3+P4,4,0.5631804912686724,0.5366626998737639,0.026517791394908508
22,3,53,T5+T6+P3+P4,4,0.531948497630917,0.5141852499398792,0.017763247691037765
22,3,62,T5+T6+P3+P4,4,0.6157858786310038,0.6319636180615473,-0.01617773943054357
22,3,67,T5+T6+P3+P4,4,0.48491520100502505,0.4589729899497488,0.025942211055276276
22,3,71,T5+T6+P3+P4,4,0.49221246282592157,0.49913548654817064,-0.0069230237222490665
22,3,6,O1+O2+Oz+Pz,4,0.5372457782192711,0.5379411303393109,-0.0006953521200397939
22,3,9,O1+O2+Oz+Pz,4,0.5183017465626162,0.5140282422891118,0.004273504273504369
22,3,17,O1+O2+Oz+Pz,4,0.44844267959845846,0.44785700062081973,0.0005856789776387261
22,3,19,O1+O2+Oz+Pz,4,0.6568537200504414,0.6621122320302649,-0.005258511979823521
22,3,23,O1+O2+Oz+Pz,4,0.6116846446700507,0.6009549492385786,0.010729695431472064
22,3,26,O1+O2+Oz+Pz,4,0.43249084249084246,0.4321178821178821,0.00037296037296036255
22,3,34,O1+O2+Oz+Pz,4,0.6567678347934918,0.6600375469336671,-0.0032697121401753515
22,3,38,O1+O2+Oz+Pz,4,0.680889434530427,0.6893308197117064,-0.008441385181279348
22,3,41,O1+O2+Oz+Pz,4,0.47748635343332313,0.47966725334149574,-0.0021808999081726066
22,3,45,O1+O2+Oz+Pz,4,0.5631804912686724,0.5703240058910162,-0.0071435146223437496
22,3,53,O1+O2+Oz+Pz,4,0.531948497630917,0.5347043033466141,-0.0027558057156971127
22,3,62,O1+O2+Oz+Pz,4,0.6157858786310038,0.6211640782283577,-0.005378199597353972
22,3,67,O1+O2+Oz+Pz,4,0.48491520100502505,0.49057160804020106,-0.005656407035176003
22,3,71,O1+O2+Oz+Pz,4,0.49221246282592157,0.4881112110104433,0.0041012518154782684
22,4,1,Fp1,1,0.516667149189683,0.5185875907947476,-0.001920441605064549
22,4,3,Fp1,1,0.6160025952217387,0.6206937129481209,-0.004691117726382199
22,4,7,Fp1,1,0.4664090030692281,0.446675002841878,0.019734000227350112
22,4,8,Fp1,1,0.5635704546210383,0.5625960291329941,0.0009744254880441616
22,4,13,Fp1,1,0.5700409836065574,0.5707250945775537,-0.0006841109709962989
22,4,15,Fp1,1,0.5084590614711098,0.5062339447881616,0.002225116682948114
22,4,22,Fp1,1,0.5441928295208757,0.543514452382513,0.000678377138362718
22,4,27,Fp1,1,0.4893596771737475,0.48721828841175574,0.0021413887619917693
22,4,40,Fp1,1,0.5275716129032259,0.5269470967741935,0.0006245161290323598
22,4,51,Fp1,1,0.5824834183512018,0.576411655253598,0.006071763097603711
22,4,55,Fp1,1,0.5050696346366762,0.5049239554804499,0.00014567915622631933
22,4,59,Fp1,1,0.5668813534441631,0.5618105251568865,0.005070828287276674
22,4,66,Fp1,1,0.6006997929606626,0.6006335403726708,6.625258799175526e-05
22,4,69,Fp1,1,0.5075590289324908,0.5057598935816429,0.001799135350847969
22,4,1,Fp2,1,0.516667149189683,0.5199973622075106,-0.0033302130178275435
22,4,3,Fp2,1,0.6160025952217387,0.613655446149149,0.002347149072589705
22,4,7,Fp2,1,0.4664090030692281,0.46680686597703763,-0.00039786290780952083
22,4,8,Fp2,1,0.5635704546210383,0.5661445342379194,-0.002574079616881164
22,4,13,Fp2,1,0.5700409836065574,0.5646437578814628,0.005397225725094601
22,4,15,Fp2,1,0.5084590614711098,0.5069828865009588,0.0014761749701509563
22,4,22,Fp2,1,0.5441928295208757,0.547132463787114,-0.0029396342662383335
22,4,27,Fp2,1,0.4893596771737475,0.48086708796507793,0.008492589208669576
22,4,40,Fp2,1,0.5275716129032259,0.5292593548387097,-0.001687741935483822
22,4,51,Fp2,1,0.5824834183512018,0.5812223902889764,0.0012610280622253889
22,4,55,Fp2,1,0.5050696346366762,0.5050987704679214,-2.9135831245197252e-05
22,4,59,Fp2,1,0.5668813534441631,0.5686263716099673,-0.0017450181658041908
22,4,66,Fp2,1,0.6006997929606626,0.6037971014492753,-0.003097308488612782
22,4,69,Fp2,1,0.5075590289324908,0.5064682407715331,0.0010907881609577563
22,4,1,Fz,1,0.516667149189683,0.512523080684282,0.004144068505401055
22,4,3,Fz,1,0.6160025952217387,0.6076126504338091,0.008389944787929648
22,4,7,Fz,1,0.4664090030692281,0.4576446515857678,0.008764351483460331
22,4,8,Fz,1,0.5635704546210383,0.563184675246932,0.000385779374106221
22,4,13,Fz,1,0.5700409836065574,0.5702206809583859,-0.00017969735182843394
22,4,15,Fz,1,0.5084590614711098,0.5070697203227323,0.0013893411483774099
22,4,22,Fz,1,0.5441928295208757,0.547735465687881,-0.003542636167005342
22,4,27,Fz,1,0.4893596771737475,0.49280493375970763,-0.0034452565859601214
22,4,40,Fz,1,0.5275716129032259,0.5214451612903226,0.006126451612903261
22,4,51,Fz,1,0.5824834183512018,0.5839453881498171,-0.001461969798615348
22,4,55,Fz,1,0.5050696346366762,0.505178894003846,-0.00010925936716976725
22,4,59,Fz,1,0.5668813534441631,0.5702071635656354,-0.0033258101214722613
22,4,66,Fz,1,0.6006997929606626,0.6007577639751552,-5.797101449267483e-05
22,4,69,Fz,1,0.5075590289324908,0.5086132357831726,-0.0010542068506818048
22,4,1,F3,1,0.516667149189683,0.5083902710492624,0.008276878140420663
22,4,3,F3,1,0.6160025952217387,0.6059747347530723,0.010027860468666439
22,4,7,F3,1,0.4664090030692281,0.4723769466863703,-0.005967943617142202
22,4,8,F3,1,0.5635704546210383,0.561169310585653,0.002401144035385272
22,4,13,F3,1,0.5700409836065574,0.5738051702395964,-0.003764186633039013
22,4,15,F3,1,0.5084590614711098,0.5143384348203625,-0.005879373349252703
22,4,22,F3,1,0.5441928295208757,0.540404404535623,0.0037884249852526697
22,4,27,F3,1,0.4893596771737475,0.49871199431500934,-0.009352317141261834
22,4,40,F3,1,0.5275716129032259,0.524763870967742,0.0028077419354838318
22,4,51,F3,1,0.5824834183512018,0.5886817589205473,-0.0061983405693455396
22,4,55,F3,1,0.5050696346366762,0.5063807470427131,-0.001311112406036874
22,4,59,F3,1,0.5668813534441631,0.5646482439722559,0.0022331094719072464
22,4,66,F3,1,0.6006997929606626,0.6006335403726708,6.625258799175526e-05
22,4,69,F3,1,0.5075590289324908,0.5100399068839375,-0.0024808779514466917
22,4,1,F4,1,0.516667149189683,0.5283667239260645,-0.011699574736381502
22,4,3,F4,1,0.6160025952217387,0.6103478105996998,0.005654784622038944
22,4,7,F4,1,0.4664090030692281,0.4642150733204502,0.002193929748777912
22,4,8,F4,1,0.5635704546210383,0.5652432738035851,-0.001672819182546803
22,4,13,F4,1,0.5700409836065574,0.557156368221942,0.012884615384615383
22,4,15,F4,1,0.5084590614711098,0.5117478924707841,-0.0032888309996743637
22,4,22,F4,1,0.5441928295208757,0.5420757684997051,0.0021170610211705965
22,4,27,F4,1,0.4893596771737475,0.489321608040201,3.8069133546536627e-05
22,4,40,F4,1,0.5275716129032259,0.5312774193548387,-0.003705806451612892
22,4,51,F4,1,0.5824834183512018,0.5783830993759731,0.004100318975228667
22,4,55,F4,1,0.5050696346366762,0.5083401316939572,-0.0032704970572809966
22,4,59,F4,1,0.5668813534441631,0.5605976366105179,0.006283716833645259
22,4,66,F4,1,0.6006997929606626,0.5883271221532091,0.012372670807453412
22,4,69,F4,1,0.5075590289324908,0.5037944795477219,0.0037645493847688893
22,4,1,F7,1,0.516667149189683,0.5160792753147658,0.0005878738749172108
22,4,3,F7,1,0.6160025952217387,0.6182225275424267,-0.002219932320687956
22,4,7,F7,1,0.4664090030692281,0.48135728089121294,-0.014948277821984823
22,4,8,F7,1,0.5635704546210383,0.5631447670358176,0.00042568758522065764
22,4,13,F7,1,0.5700409836065574,0.5658039092055485,0.004237074401008956
22,4,15,F7,1,0.5084590614711098,0.5096819711277543,-0.0012229096566445108
22,4,22,F7,1,0.5441928295208757,0.5449269187913744,-0.0007340892704987834
22,4,27,F7,1,0.4893596771737475,0.4854163494238871,0.0039433277498603925
22,4,40,F7,1,0.5275716129032259,0.5235096774193548,0.004061935483871015
22,4,51,F7,1,0.5824834183512018,0.5874136108755363,-0.004930192524334576
22,4,55,F7,1,0.5050696346366762,0.5053245731600723,-0.0002549385233960866
22,4,59,F7,1,0.5668813534441631,0.5577966163895922,0.009084737054570913
22,4,66,F7,1,0.6006997929606626,0.6081863354037267,-0.007486542443064126
22,4,69,F7,1,0.5075590289324908,0.5042035251080812,0.0033555038244096336
22,4,1,F8,1,0.516667149189683,0.5209173727586806,-0.004250223568997513
22,4,3,F8,1,0.6160025952217387,0.6146827214207566,0.0013198738009820854
22,4,7,F8,1,0.4664090030692281,0.468307377515062,-0.0018983744458339058
22,4,8,F8,1,0.5635704546210383,0.559110712029,0.004459742592038296
22,4,13,F8,1,0.5700409836065574,0.5701229508196722,-8.196721311481969e-05
22,4,15,F8,1,0.5084590614711098,0.49396504938673613,0.01449401208437362
22,4,22,F8,1,0.5441928295208757,0.5510355902208821,-0.006842760700006445
22,4,27,F8,1,0.4893596771737475,0.48463910461397897,0.004720572559768543
22,4,40,F8,1,0.5275716129032259,0.5267406451612904,0.0008309677419354733
22,4,51,F8,1,0.5824834183512018,0.5773538663088743,0.0051295520423274565
22,4,55,F8,1,0.5050696346366762,0.5089738360235417,-0.0039042013868655356
22,4,59,F8,1,0.5668813534441631,0.561499504568975,0.005381848875188111
22,4,66,F8,1,0.6006997929606626,0.5885548654244306,0.012144927536231975
22,4,69,F8,1,0.5075590289324908,0.5036681077485866,0.003890921183904217
22,4,1,Cz,1,0.516667149189683,0.5146582450316214,0.002008904158061653
22,4,3,Cz,1,0.6160025952217387,0.6193515762155561,-0.0033489809938174186
22,4,7,Cz,1,0.4664090030692281,0.45085824712970324,0.015550755939524874
22,4,8,Cz,1,0.5635704546210383,0.5620971764940637,0.0014732781269746198
22,4,13,Cz,1,0.5700409836065574,0.569984237074401,5.674653215637093e-05
22,4,15,Cz,1,0.5084590614711098,0.5085241868374398,-6.51253663300766e-05
22,4,22,Cz,1,0.5441928295208757,0.5429147276659894,0.0012781018548863043
22,4,27,Cz,1,0.4893596771737475,0.49104740876097663,-0.0016877315872291243
22,4,40,Cz,1,0.5275716129032259,0.5228438709677419,0.004727741935483976
22,4,51,Cz,1,0.5824834183512018,0.5783633216460135,0.004120096705188314
22,4,55,Cz,1,0.5050696346366762,0.5069416117941845,-0.0018719771575083088
22,4,59,Cz,1,0.5668813534441631,0.5661849976145914,0.0006963558295717265
22,4,66,Cz,1,0.6006997929606626,0.6009482401656315,-0.0002484472049689712
22,4,69,Cz,1,0.5075590289324908,0.5074226804123712,0.0001363485201196779
22,4,1,C3,1,0.516667149189683,0.5081900239974779,0.008477125192205115
22,4,3,C3,1,0.6160025952217387,0.6174147011678497,-0.0014121059461109642
22,4,7,C3,1,0.4664090030692281,0.4554393543253382,0.010969648743889893
22,4,8,C3,1,0.5635704546210383,0.5616315806977286,0.001938873923309714
22,4,13,C3,1,0.5700409836065574,0.572859394703657,-0.0028184110970995713
22,4,15,C3,1,0.5084590614711098,0.5059987698541916,0.0024602916169181865
22,4,22,C3,1,0.5441928295208757,0.5433571475388346,0.0008356819820410921
22,4,27,C3,1,0.4893596771737475,0.49453707933607427,-0.005177402162326761
22,4,40,C3,1,0.5275716129032259,0.5228232258064517,0.004748387096774165
22,4,51,C3,1,0.5824834183512018,0.5824406984544891,4.2719896712672956e-05
22,4,55,C3,1,0.5050696346366762,0.5052517335819591,-0.0001820989452828714
22,4,59,C3,1,0.5668813534441631,0.5670639289515211,-0.0001825755073580071
22,4,66,C3,1,0.6006997929606626,0.6053333333333333,-0.004633540372670719
22,4,69,C3,1,0.5075590289324908,0.5024609245094779,0.00509810442301295
22,4,1,C4,1,0.516667149189683,0.5172807576254721,-0.0006136084357890592
22,4,3,C4,1,0.6160025952217387,0.6181461974912856,-0.002143602269546907
22,4,7,C4,1,0.4664090030692281,0.4644196885301807,0.0019893145390474376
22,4,8,C4,1,0.5635704546210383,0.5611593335328744,0.002411121088163881
22,4,13,C4,1,0.5700409836065574,0.5673928121059268,0.0026481715006305695
22,4,15,C4,1,0.5084590614711098,0.5067621838706176,0.001696877600492197
22,4,22,C4,1,0.5441928295208757,0.5431113587205872,0.00108147080028842
22,4,27,C4,1,0.4893596771737475,0.4887442261814121,0.0006154509923353979
22,4,40,C4,1,0.5275716129032259,0.5277677419354839,-0.00019612903225807443
22,4,51,C4,1,0.5824834183512018,0.5813022923180132,0.0011811260331885398
22,4,55,C4,1,0.5050696346366762,0.5076408717440708,-0.002571237107394597
22,4,59,C4,1,0.5668813534441631,0.5646005357994789,0.002280817644684241
22,4,66,C4,1,0.6006997929606626,0.6088364389233955,-0.008136645962732891
22,4,69,C4,1,0.5075590289324908,0.5010176255404057,0.006541403392085088
22,4,1,T3,1,0.516667149189683,0.51210891509525,0.004558234094433011
22,4,3,T3,1,0.6160025952217387,0.6121288451263263,0.003873750095412465
22,4,7,T3,1,0.4664090030692281,0.4844947141070819,-0.01808571103785378
22,4,8,T3,1,0.5635704546210383,0.560351192257807,0.0032192623632312234
22,4,13,T3,1,0.5700409836065574,0.5693064312736444,0.0007345523329129744
22,4,15,T3,1,0.5084590614711098,0.5088715221245342,-0.00041246065342448457
22,4,22,T3,1,0.5441928295208757,0.5408697646981714,0.0033230648227042803
22,4,27,T3,1,0.4893596771737475,0.4913836861073042,-0.002024008933556698
22,4,40,T3,1,0.5275716129032259,0.5363819354838709,-0.008810322580645069
22,4,51,T3,1,0.5824834183512018,0.568536954292875,0.01394646405832678
22,4,55,T3,1,0.5050696346366762,0.49929345609230236,0.0057761785443738445
22,4,59,T3,1,0.5668813534441631,0.5664528973540313,0.0004284560901318679
22,4,66,T3,1,0.6006997929606626,0.59824016563147,0.002459627329192582
22,4,69,T3,1,0.5075590289324908,0.510728300631859,-0.0031692716993682035
22,4,1,T4,1,0.516667149189683,0.5156691307508702,0.0009980184388128643
22,4,3,T4,1,0.6160025952217387,0.6042191435768263,0.011783451644912457
22,4,7,T4,1,0.4664090030692281,0.4715357508241446,-0.005126747754916505
22,4,8,T4,1,0.5635704546210383,0.5639063487312514,-0.00033589411021317517
22,4,13,T4,1,0.5700409836065574,0.5969546027742749,-0.026913619167717506
22,4,15,T4,1,0.5084590614711098,0.488407684793227,0.02005137667788276
22,4,22,T4,1,0.5441928295208757,0.5297830504030936,0.014409779117782073
22,4,27,T4,1,0.4893596771737475,0.48644421602964316,0.0029154611441043476
22,4,40,T4,1,0.5275716129032259,0.5252696774193549,0.0023019354838709205
22,4,51,T4,1,0.5824834183512018,0.5595918825867372,0.022891535764464566
22,4,55,T4,1,0.5050696346366762,0.490443447351553,0.014626187285123216
22,4,59,T4,1,0.5668813534441631,0.5788909684759074,-0.012009615031744247
22,4,66,T4,1,0.6006997929606626,0.5919296066252588,0.008770186335403718
22,4,69,T4,1,0.5075590289324908,0.4952211506484868,0.012337878284004011
22,4,1,Pz,1,0.516667149189683,0.515460037443786,0.0012071117458970493
22,4,3,Pz,1,0.6160025952217387,0.6171348243136656,-0.0011322290919268951
22,4,7,Pz,1,0.4664090030692281,0.4760713879731727,-0.00966238490394461
22,4,8,Pz,1,0.5635704546210383,0.561714722804217,0.0018557318168213044
22,4,13,Pz,1,0.5700409836065574,0.5676923076923077,0.0023486759142496982
22,4,15,Pz,1,0.5084590614711098,0.5099677991244257,-0.0015087376533159391
22,4,22,Pz,1,0.5441928295208757,0.5435832732516221,0.0006095562692535195
22,4,27,Pz,1,0.4893596771737475,0.4913614791127354,-0.0020018019389879127
22,4,40,Pz,1,0.5275716129032259,0.5301987096774193,-0.0026270967741934825
22,4,51,Pz,1,0.5824834183512018,0.5852467627811603,-0.002763344429958514
22,4,55,Pz,1,0.5050696346366762,0.5031466697744886,0.0019229648621875706
22,4,59,Pz,1,0.5668813534441631,0.5677969833755366,-0.0009156299313735072
22,4,66,Pz,1,0.6006997929606626,0.6009399585921325,-0.00024016563146989078
22,4,69,Pz,1,0.5075590289324908,0.5094579314931825,-0.0018989025606916954
22,4,1,P3,1,0.516667149189683,0.5140824342321129,0.0025847149575701778
22,4,3,P3,1,0.6160025952217387,0.6149371549245605,0.001065440297178255
22,4,7,P3,1,0.4664090030692281,0.47319540752529266,-0.006786404456064543
22,4,8,P3,1,0.5635704546210383,0.5620572682829492,0.0015131863380890564
22,4,13,P3,1,0.5700409836065574,0.5696153846153846,0.000425598991172782
22,4,15,P3,1,0.5084590614711098,0.5160534028003908,-0.007594341329281051
22,4,22,P3,1,0.5441928295208757,0.5469980992331389,-0.0028052697122632475
22,4,27,P3,1,0.4893596771737475,0.48686614892645047,0.002493528247297039
22,4,40,P3,1,0.5275716129032259,0.5307716129032258,-0.0031999999999999806
22,4,51,P3,1,0.5824834183512018,0.5839786147361493,-0.0014951963849475502
22,4,55,P3,1,0.5050696346366762,0.5040935842899598,0.0009760503467164394
22,4,59,P3,1,0.5668813534441631,0.5624316488678484,0.0044497045763147725
22,4,66,P3,1,0.6006997929606626,0.6058467908902692,-0.0051469979296066
22,4,69,P3,1,0.5075590289324908,0.5074426338543399,0.00011639507815097705
22,4,1,P4,1,0.516667149189683,0.5161621084325722,0.0005050407571108861
22,4,3,P4,1,0.6160025952217387,0.6130479861588174,0.0029546090629213317
22,4,7,P4,1,0.4664090030692281,0.4640445606456746,0.002364442423553492
22,4,8,P4,1,0.5635704546210383,0.5648375403239216,-0.0012670857028833638
22,4,13,P4,1,0.5700409836065574,0.568937578814628,0.0011034047919293855
22,4,15,P4,1,0.5084590614711098,0.5091428778175766,-0.000683816346466859
22,4,22,P4,1,0.5441928295208757,0.5452906862423805,-0.001097856721504864
22,4,27,P4,1,0.4893596771737475,0.48860781178620377,0.0007518653875437376
22,4,40,P4,1,0.5275716129032259,0.5252645161290321,0.0023070967741937176
22,4,51,P4,1,0.5824834183512018,0.5845980532384846,-0.002114634887282807
22,4,55,P4,1,0.5050696346366762,0.5052808694132044,-0.00021123477652817968
22,4,59,P4,1,0.5668813534441631,0.5707090168446549,-0.0038276634004917875
22,4,66,P4,1,0.6006997929606626,0.6001159420289854,0.0005838509316771212
22,4,69,P4,1,0.5075590289324908,0.5097073495177918,-0.0021483205853010112
22,4,1,T5,1,0.516667149189683,0.5126589913338866,0.004008157855796446
22,4,3,T5,1,0.6160025952217387,0.6138112866702287,0.0021913085515100628
22,4,7,T5,1,0.4664090030692281,0.47532113220416056,-0.008912129134932445
22,4,8,T5,1,0.5635704546210383,0.5584588779141308,0.005111576706907428
22,4,13,T5,1,0.5700409836065574,0.5674968474148803,0.0025441361916771488
22,4,15,T5,1,0.5084590614711098,0.5152610441767069,-0.006801982705597176
22,4,22,T5,1,0.5441928295208757,0.5469980992331389,-0.0028052697122632475
22,4,27,T5,1,0.4893596771737475,0.49020037053956655,-0.0008406933658190452
22,4,40,T5,1,0.5275716129032259,0.5307148387096774,-0.003143225806451544
22,4,51,T5,1,0.5824834183512018,0.588374808551574,-0.005891390200372215
22,4,55,T5,1,0.5050696346366762,0.5070508711613543,-0.001981236524678076
22,4,59,T5,1,0.5668813534441631,0.5626830342397886,0.004198319204374523
22,4,66,T5,1,0.6006997929606626,0.5983105590062112,0.002389233954451342
22,4,69,T5,1,0.5075590289324908,0.5107615563684736,-0.003202527435982816
22,4,1,T6,1,0.516667149189683,0.5175791176905805,-0.0009119685008974754
22,4,3,T6,1,0.6160025952217387,0.6077144238353307,0.008288171386408028
22,4,7,T6,1,0.4664090030692281,0.4640900306922815,0.0023189723769466153
22,4,8,T6,1,0.5635704546210383,0.5646579533739067,-0.0010874987528683988
22,4,13,T6,1,0.5700409836065574,0.5669136191677175,0.0031273644388398747
22,4,15,T6,1,0.5084590614711098,0.5108108108108108,-0.002351749339701059
22,4,22,T6,1,0.5441928295208757,0.5378645867470668,0.006328242773808834
22,4,27,T6,1,0.4893596771737475,0.4850864169331506,0.004273260240596932
22,4,40,T6,1,0.5275716129032259,0.52224,0.005331612903225813
22,4,51,T6,1,0.5824834183512018,0.5851818918268926,-0.0026984734756908546
22,4,55,T6,1,0.5050696346366762,0.5124482838995397,-0.007378649262863468
22,4,59,T6,1,0.5668813534441631,0.5730063488568388,-0.006124995412675638
22,4,66,T6,1,0.6006997929606626,0.5990227743271221,0.001677018633540417
22,4,69,T6,1,0.5075590289324908,0.509388094446292,-0.0018290655138011314
22,4,1,Oz,1,0.516667149189683,0.5211192282205195,-0.004452079030836442
22,4,3,Oz,1,0.6160025952217387,0.6156972750171742,0.0003053202045645298
22,4,7,Oz,1,0.4664090030692281,0.4695350687734455,-0.0031260657042173623
22,4,8,Oz,1,0.5635704546210383,0.5657088695999202,-0.0021384149788818974
22,4,13,Oz,1,0.5700409836065574,0.5686948297604035,0.0013461538461538858
22,4,15,Oz,1,0.5084590614711098,0.5104526212959948,-0.0019935598248850273
22,4,22,Oz,1,0.5441928295208757,0.5437995674116799,0.00039326210919576887
22,4,27,Oz,1,0.4893596771737475,0.48911540023349065,0.0002442769402568601
22,4,40,Oz,1,0.5275716129032259,0.5261470967741936,0.0014245161290322716
22,4,51,Oz,1,0.5824834183512018,0.5866865815222206,-0.0042031631710188755
22,4,55,Oz,1,0.5050696346366762,0.5063516112114679,-0.0012819765747916767
22,4,59,Oz,1,0.5668813534441631,0.5676804653381775,-0.0007991118940143815
22,4,66,Oz,1,0.6006997929606626,0.6048861283643893,-0.004186335403726704
22,4,69,Oz,1,0.5075590289324908,0.5121616228799468,-0.004602593947455991
22,4,1,O1,1,0.516667149189683,0.5135597009644027,0.003107448225280307
22,4,3,O1,1,0.6160025952217387,0.6140339159860572,0.0019686792356815586
22,4,7,O1,1,0.4664090030692281,0.4695805388200523,-0.0031715357508241837
22,4,8,O1,1,0.5635704546210383,0.5683694170075493,-0.004798962386511008
22,4,13,O1,1,0.5700409836065574,0.5695807061790668,0.0004602774274906629
22,4,15,O1,1,0.5084590614711098,0.5130467817214805,-0.004587720250370797
22,4,22,O1,1,0.5441928295208757,0.5445828144458281,-0.00038998492495245785
22,4,27,O1,1,0.4893596771737475,0.4903367849347749,-0.0009771077610273848
22,4,40,O1,1,0.5275716129032259,0.529403870967742,-0.0018322580645161457
22,4,51,O1,1,0.5824834183512018,0.5847293773654165,-0.00224595901421476
22,4,55,O1,1,0.5050696346366762,0.5046617329992424,0.00040790163743376073
22,4,59,O1,1,0.5668813534441631,0.5691181327755147,-0.0022367793313515794
22,4,66,O1,1,0.6006997929606626,0.6037391304347826,-0.0030393374741199963
22,4,69,O1,1,0.5075590289324908,0.5095543731293648,-0.0019953441968739716
22,4,1,O2,1,0.516667149189683,0.5204477170227686,-0.0037805678330855574
22,4,3,O2,1,0.6160025952217387,0.6178790423122917,-0.0018764470905530128
22,4,7,O2,1,0.4664090030692281,0.47021711947254746,-0.0038081164033193504
22,4,8,O2,1,0.5635704546210383,0.5677375369982374,-0.004167082377199094
22,4,13,O2,1,0.5700409836065574,0.5703783102143758,-0.00033732660781837787
22,4,15,O2,1,0.5084590614711098,0.5056369622634683,0.0028220992076414264
22,4,22,O2,1,0.5441928295208757,0.5440748508881169,0.00011797863275875287
22,4,27,O2,1,0.4893596771737475,0.4874657377798082,0.0018939393939393367
22,4,40,O2,1,0.5275716129032259,0.527963870967742,-0.00039225806451614886
22,4,51,O2,1,0.5824834183512018,0.580438401073377,0.002045017277824801
22,4,55,O2,1,0.5050696346366762,0.5066648213973545,-0.0015951867606782688
22,4,59,O2,1,0.5668813534441631,0.5641766670336525,0.0027046864105105817
22,4,66,O2,1,0.6006997929606626,0.6021780538302277,-0.0014782608695651511
22,4,69,O2,1,0.5075590289324908,0.5130562021948786,-0.0054971732623877445
22,4,1,Fp1+Fp2,2,0.516667149189683,0.5214899667380801,-0.004822817548397085
22,4,3,Fp1+Fp2,2,0.6160025952217387,0.6187154924560466,-0.0027128972343078983
22,4,7,Fp1+Fp2,2,0.4664090030692281,0.4486529498692736,0.01775605319995449
22,4,8,Fp1+Fp2,2,0.5635704546210383,0.5652599022248828,-0.001689447603844485
22,4,13,Fp1+Fp2,2,0.5700409836065574,0.5656368221941992,0.004404161412358221
22,4,15,Fp1+Fp2,2,0.5084590614711098,0.5051159593328268,0.0033431021382829273
22,4,22,Fp1+Fp2,2,0.5441928295208757,0.5469456642852462,-0.002752834764370493
22,4,27,Fp1+Fp2,2,0.4893596771737475,0.4784592152682605,0.010900461905486991
22,4,40,Fp1+Fp2,2,0.5275716129032259,0.5297187096774193,-0.0021470967741934466
22,4,51,Fp1+Fp2,2,0.5824834183512018,0.5751039517486678,0.007379466602533968
22,4,55,Fp1+Fp2,2,0.5050696346366762,0.5049093875648272,0.00016024707184902898
22,4,59,Fp1+Fp2,2,0.5668813534441631,0.5635812323388014,0.0033001211053617086
22,4,66,Fp1+Fp2,2,0.6006997929606626,0.6027246376811594,-0.002024844720496799
22,4,69,Fp1+Fp2,2,0.5075590289324908,0.5054173594945128,0.002141669437978
22,4,1,F7+F8+T3+T4,4,0.516667149189683,0.5182369574028681,-0.0015698082131850866
22,4,3,F7+F8+T3+T4,4,0.6160025952217387,0.6060224410350354,0.009980154186703283
22,4,7,F7+F8+T3+T4,4,0.4664090030692281,0.5176082755484823,-0.05119927247925421
22,4,8,F7+F8+T3+T4,4,0.5635704546210383,0.5588546343410157,0.004715820280022598
22,4,13,F7+F8+T3+T4,4,0.5700409836065574,0.5986380832282472,-0.02859709962168977
22,4,15,F7+F8+T3+T4,4,0.5084590614711098,0.47118926155070734,0.03726979992040241
22,4,22,F7+F8+T3+T4,4,0.5441928295208757,0.535249393720915,0.008943435799960708
22,4,27,F7+F8+T3+T4,4,0.4893596771737475,0.4819108167098117,0.007448860463935836
22,4,40,F7+F8+T3+T4,4,0.5275716129032259,0.5288670967741935,-0.001295483870967673
22,4,51,F7+F8+T3+T4,4,0.5824834183512018,0.5337028340695923,0.048780584281609474
22,4,55,F7+F8+T3+T4,4,0.5050696346366762,0.4827807237340482,0.022288910902628023
22,4,59,F7+F8+T3+T4,4,0.5668813534441631,0.5678272597159528,-0.0009459062717896982
22,4,66,F7+F8+T3+T4,4,0.6006997929606626,0.5768281573498965,0.023871635610766107
22,4,69,F7+F8+T3+T4,4,0.5075590289324908,0.49152311273694704,0.016035916195543787
22,4,1,Fz+Cz+F3+F4,4,0.516667149189683,0.5079568045395765,0.00871034465010656
22,4,3,Fz+Cz+F3+F4,4,0.6160025952217387,0.5845927791771621,0.0314098160445766
22,4,7,Fz+Cz+F3+F4,4,0.4664090030692281,0.4359099693077185,0.030499033761509586
22,4,8,Fz+Cz+F3+F4,4,0.5635704546210383,0.5612158701652865,0.0023545844557517626
22,4,13,Fz+Cz+F3+F4,4,0.5700409836065574,0.5600788146279949,0.009962168978562502
22,4,15,Fz+Cz+F3+F4,4,0.5084590614711098,0.519092586562466,-0.010633525091356288
22,4,22,Fz+Cz+F3+F4,4,0.5441928295208757,0.5391787376286294,0.00501409189224622
22,4,27,Fz+Cz+F3+F4,4,0.4893596771737475,0.5079850007613828,-0.018625323587635245
22,4,40,Fz+Cz+F3+F4,4,0.5275716129032259,0.5142967741935484,0.013274838709677494
22,4,51,Fz+Cz+F3+F4,4,0.5824834183512018,0.58040754781464,0.0020758705365617747
22,4,55,Fz+Cz+F3+F4,4,0.5050696346366762,0.5156386574208962,-0.010569022784220006
22,4,59,Fz+Cz+F3+F4,4,0.5668813534441631,0.5609398510037065,0.0059415024404566585
22,4,66,Fz+Cz+F3+F4,4,0.6006997929606626,0.5821242236024845,0.018575569358178057
22,4,69,Fz+Cz+F3+F4,4,0.5075590289324908,0.5100099767209844,-0.0024509477884935293
22,4,1,T5+T6+P3+P4,4,0.516667149189683,0.5094799688611813,0.007187180328501741
22,4,3,T5+T6+P3+P4,4,0.6160025952217387,0.5979696206396459,0.018032974582092853
22,4,7,T5+T6+P3+P4,4,0.4664090030692281,0.4812436057746959,-0.01483460270546777
22,4,8,T5+T6+P3+P4,4,0.5635704546210383,0.5547075060693738,0.008862948551664473
22,4,13,T5+T6+P3+P4,4,0.5700409836065574,0.5614249684741488,0.008616015132408616
22,4,15,T5+T6+P3+P4,4,0.5084590614711098,0.5281594847859907,-0.019700423314880977
22,4,22,T5+T6+P3+P4,4,0.5441928295208757,0.5448220488955889,-0.0006292193747132746
22,4,27,T5+T6+P3+P4,4,0.4893596771737475,0.4828213034871327,0.006538373686614807
22,4,40,T5+T6+P3+P4,4,0.5275716129032259,0.5271329032258065,0.00043870967741932443
22,4,51,T5+T6+P3+P4,4,0.5824834183512018,0.5961086920749845,-0.01362527372378275
22,4,55,T5+T6+P3+P4,4,0.5050696346366762,0.5167093992191597,-0.011639764582483503
22,4,59,T5+T6+P3+P4,4,0.5668813534441631,0.5686153620316342,-0.0017340085874710809
22,4,66,T5+T6+P3+P4,4,0.6006997929606626,0.5985134575569359,0.0021863354037267024
22,4,69,T5+T6+P3+P4,4,0.5075590289324908,0.5178982374459594,-0.01033920851346859
22,4,1,O1+O2+Oz+Pz,4,0.516667149189683,0.5211594384718818,-0.0044922892821988025
22,4,3,O1+O2+Oz+Pz,4,0.6160025952217387,0.6170871180317024,-0.0010845228099636284
22,4,7,O1+O2+Oz+Pz,4,0.4664090030692281,0.4871433443219279,-0.020734341252699795
22,4,8,O1+O2+Oz+Pz,4,0.5635704546210383,0.5712860421031627,-0.00771558748212442
22,4,13,O1+O2+Oz+Pz,4,0.5700409836065574,0.5653089533417401,0.004732030264817277
22,4,15,O1+O2+Oz+Pz,4,0.5084590614711098,0.516118528166721,-0.007659466695611239
22,4,22,O1+O2+Oz+Pz,4,0.5441928295208757,0.5415415874680475,0.0026512420528281844
22,4,27,O1+O2+Oz+Pz,4,0.4893596771737475,0.48978478249835034,-0.0004251053246028258
22,4,40,O1+O2+Oz+Pz,4,0.5275716129032259,0.5327535483870968,-0.005181935483870914
22,4,51,O1+O2+Oz+Pz,4,0.5824834183512018,0.5910123666189891,-0.008528948267787384
22,4,55,O1+O2+Oz+Pz,4,0.5050696346366762,0.5042392634461861,0.0008303711904901201
22,4,59,O1+O2+Oz+Pz,4,0.5668813534441631,0.5675859664574846,-0.0007046130133214756
22,4,66,O1+O2+Oz+Pz,4,0.6006997929606626,0.6105714285714285,-0.009871635610765983
22,4,69,O1+O2+Oz+Pz,4,0.5075590289324908,0.5226770867974726,-0.015118057864981771
33,0,1,Fp1,1,0.5180511860415742,0.517632999427406,0.00041818661416814784
33,0,3,Fp1,1,0.6213170750324402,0.6221344426634099,-0.0008173676309697342
33,0,15,Fp1,1,0.49945005246210067,0.4985202069539419,0.0009298455081587775
33,0,21,Fp1,1,0.5916625615763546,0.5907142857142857,0.0009482758620688037
33,0,26,Fp1,1,0.4193240093240093,0.41638028638028635,0.0029437229437229706
33,0,44,Fp1,1,0.5313219616204691,0.5332110874200426,-0.0018891257995735655
33,0,50,Fp1,1,0.6142651691549104,0.6113203670730037,0.0029448020819066167
33,0,51,Fp1,1,0.5501199321544751,0.548097065934205,0.0020228662202700365
33,0,55,Fp1,1,0.5294344735155294,0.5278611386282852,0.0015733348872442043
33,0,56,Fp1,1,0.5497518844221105,0.5470414572864322,0.0027104271356783727
33,0,58,Fp1,1,0.5726462598555622,0.5720102034055523,0.0006360564500098587
33,0,61,Fp1,1,0.5297860993398483,0.5295014269653204,0.0002846723745278945
33,0,64,Fp1,1,0.6343429503781208,0.637029938879105,-0.0026869885009841443
33,0,69,Fp1,1,0.5200665114732291,0.5254206850681743,-0.005354173594945166
33,0,71,Fp1,1,0.48387163704267244,0.48587385019710916,-0.002002213154436716
33,0,1,Fp2,1,0.5180511860415742,0.5207766368789124,-0.002725450837338217
33,0,3,Fp2,1,0.6213170750324402,0.6214188484339618,-0.00010177340152162095
33,0,15,Fp2,1,0.49945005246210067,0.49452223307644994,0.0049278193856507335
33,0,21,Fp2,1,0.5916625615763546,0.5945279146141215,-0.0028653530377669156
33,0,26,Fp2,1,0.4193240093240093,0.4084781884781885,0.010845820845820808
33,0,44,Fp2,1,0.5313219616204691,0.5267633262260129,0.004558635394456223
33,0,50,Fp2,1,0.6142651691549104,0.6123419166324248,0.0019232525224855967
33,0,51,Fp2,1,0.5501199321544751,0.5506911129957089,-0.0005711808412338648
33,0,55,Fp2,1,0.5294344735155294,0.5290192879202843,0.00041518559524511556
33,0,56,Fp2,1,0.5497518844221105,0.5571576633165829,-0.007405778894472359
33,0,58,Fp2,1,0.5726462598555622,0.5686444046909163,0.004001855164645907
33,0,61,Fp2,1,0.5297860993398483,0.5258295136786878,0.003956585661160528
33,0,64,Fp2,1,0.6343429503781208,0.6364083704547809,-0.002065420076660107
33,0,69,Fp2,1,0.5200665114732291,0.5190455603591619,0.0010209511140671923
33,0,71,Fp2,1,0.48387163704267244,0.48538280655647004,-0.0015111695137975945
33,0,1,Fz,1,0.5180511860415742,0.5134181608796073,0.004633025161966842
33,0,3,Fz,1,0.6213170750324402,0.6119189374856882,0.009398137546752006
33,0,15,Fz,1,0.49945005246210067,0.501805419877709,-0.0023553674156083226
33,0,21,Fz,1,0.5916625615763546,0.5886001642036125,0.003062397372742054
33,0,26,Fz,1,0.4193240093240093,0.4281951381951382,-0.008871128871128897
33,0,44,Fz,1,0.5313219616204691,0.5463326226012793,-0.015010660980810275
33,0,50,Fz,1,0.6142651691549104,0.6070173035657216,0.007247865589188773
33,0,51,Fz,1,0.5501199321544751,0.5462806792147135,0.003839252939761617
33,0,55,Fz,1,0.5294344735155294,0.5302939805372647,-0.0008595070217353173
33,0,56,Fz,1,0.5497518844221105,0.5360270100502512,0.01372487437185932
33,0,58,Fz,1,0.5726462598555622,0.5786059762803949,-0.005959716424832728
33,0,61,Fz,1,0.5297860993398483,0.533984116002191,-0.004198016662342652
33,0,64,Fz,1,0.6343429503781208,0.6325753651714493,0.0017675852066715292
33,0,69,Fz,1,0.5200665114732291,0.5232790156301962,-0.0032125041569670554
33,0,71,Fz,1,0.48387163704267244,0.490189501348641,-0.006317864305968535
33,0,1,F3,1,0.5180511860415742,0.518243391043086,-0.00019220500151184705
33,0,3,F3,1,0.6213170750324402,0.6173065669287332,0.004010508103706956
33,0,15,F3,1,0.49945005246210067,0.5053981692535909,-0.0059481167914902655
33,0,21,F3,1,0.5916625615763546,0.5846510673234812,0.007011494252873396
33,0,26,F3,1,0.4193240093240093,0.42390609390609385,-0.0045820845820845335
33,0,44,F3,1,0.5313219616204691,0.5308784648187633,0.000443496801705745
33,0,50,F3,1,0.6142651691549104,0.6162740263890791,-0.0020088572341687705
33,0,51,F3,1,0.5501199321544751,0.547665120311887,0.0024548118425881116
33,0,55,F3,1,0.5294344735155294,0.5311826233902454,-0.001748149874715943
33,0,56,F3,1,0.5497518844221105,0.5497550251256281,-3.1407035175901044e-06
33,0,58,F3,1,0.5726462598555622,0.575183860067581,-0.0025376002120188756
33,0,61,F3,1,0.5297860993398483,0.5260745481276485,0.003711551212199793
33,0,64,F3,1,0.6343429503781208,0.6191727960219621,0.01517015435615876
33,0,69,F3,1,0.5200665114732291,0.5224376454938476,-0.002371134020618504
33,0,71,F3,1,0.48387163704267244,0.485676741130092,-0.0018051040874195734
33,0,1,F4,1,0.5180511860415742,0.5220874910733242,-0.004036305031750009
33,0,3,F4,1,0.6213170750324402,0.6249459328804416,-0.0036288578480014877
33,0,15,F4,1,0.49945005246210067,0.5030862187488694,-0.003636166286768716
33,0,21,F4,1,0.5916625615763546,0.5889901477832512,0.0026724137931033454
33,0,26,F4,1,0.4193240093240093,0.41997335997335994,-0.0006493506493506218
33,0,44,F4,1,0.5313219616204691,0.5328400852878464,-0.001518123667377358
33,0,50,F4,1,0.6142651691549104,0.6175010272565402,-0.0032358581016298515
33,0,51,F4,1,0.5501199321544751,0.5491350012024859,0.0009849309519891492
33,0,55,F4,1,0.5294344735155294,0.5308257094574909,-0.001391235941961444
33,0,56,F4,1,0.5497518844221105,0.5502010050251256,-0.00044912060301505186
33,0,58,F4,1,0.5726462598555622,0.5710494931425164,0.0015967667130457608
33,0,61,F4,1,0.5297860993398483,0.5295266510997723,0.0002594482400760656
33,0,64,F4,1,0.6343429503781208,0.6346375479125661,-0.00029459753444527337
33,0,69,F4,1,0.5200665114732291,0.5199268373794479,0.00013967409378123907
33,0,71,F4,1,0.48387163704267244,0.48449408672798944,-0.0006224496853169947
33,0,1,F7,1,0.5180511860415742,0.52012603501187,-0.0020748489702958617
33,0,3,F7,1,0.6213170750324402,0.6269209729537185,-0.005603897921278356
33,0,15,F7,1,0.49945005246210067,0.49318354499077394,0.006266507471326732
33,0,21,F7,1,0.5916625615763546,0.5887848932676519,0.002877668308702619
33,0,26,F7,1,0.4193240093240093,0.4443956043956044,-0.025071595071595065
33,0,44,F7,1,0.5313219616204691,0.519223880597015,0.01209808102345411
33,0,50,F7,1,0.6142651691549104,0.6103216454366982,0.003943523718212161
33,0,51,F7,1,0.5501199321544751,0.5518848967760719,-0.0017649646215968096
33,0,55,F7,1,0.5294344735155294,0.5332148476196026,-0.0037803741040731698
33,0,56,F7,1,0.5497518844221105,0.5549183417085427,-0.005166457286432169
33,0,58,F7,1,0.5726462598555622,0.5689922480620155,0.00365401179354663
33,0,61,F7,1,0.5297860993398483,0.5318760990515725,-0.0020899997117241886
33,0,64,F7,1,0.6343429503781208,0.621820936496426,0.012522013881694827
33,0,69,F7,1,0.5200665114732291,0.5198736282008647,0.00019288327236444136
33,0,71,F7,1,0.48387163704267244,0.4865205062590774,-0.0026488692164049477
33,0,1,F8,1,0.5180511860415742,0.5186889206281806,-0.000637734586606431
33,0,3,F8,1,0.6213170750324402,0.6235529094471159,-0.002235834414675786
33,0,15,F8,1,0.49945005246210067,0.486993017113499,0.012457035348601653
33,0,21,F8,1,0.5916625615763546,0.5847454844006568,0.006917077175697783
33,0,26,F8,1,0.4193240093240093,0.44309024309024314,-0.023766233766233824
33,0,44,F8,1,0.5313219616204691,0.536865671641791,-0.005543710021321924
33,0,50,F8,1,0.6142651691549104,0.6124902981326759,0.0017748710222345032
33,0,51,F8,1,0.5501199321544751,0.5586235649279141,-0.008503632773439018
33,0,55,F8,1,0.5294344735155294,0.5369806538080532,-0.007546180292523741
33,0,56,F8,1,0.5497518844221105,0.5511400753768844,-0.001388190954773827
33,0,58,F8,1,0.5726462598555622,0.5534486185648977,0.01919764129066448
33,0,61,F8,1,0.5297860993398483,0.5458466660901151,-0.01606056675026679
33,0,64,F8,1,0.6343429503781208,0.6634563089195069,-0.02911335854138608
33,0,69,F8,1,0.5200665114732291,0.5135849684070503,0.006481543066178874
33,0,71,F8,1,0.48387163704267244,0.4818002628120894,0.0020713742305830674
33,0,1,Cz,1,0.5180511860415742,0.5171456511808947,0.0009055348606794578
33,0,3,Cz,1,0.6213170750324402,0.6266220135867492,-0.005304938554309024
33,0,15,Cz,1,0.49945005246210067,0.49463077535366695,0.004819277108433717
33,0,21,Cz,1,0.5916625615763546,0.5882348111658456,0.003427750410508912
33,0,26,Cz,1,0.4193240093240093,0.4223443223443223,-0.0030203130203129702
33,0,44,Cz,1,0.5313219616204691,0.5240895522388059,0.007232409381663141
33,0,50,Cz,1,0.6142651691549104,0.6170045199287768,-0.0027393507738664447
33,0,51,Cz,1,0.5501199321544751,0.5476382225991419,0.0024817095553332225
33,0,55,Cz,1,0.5294344735155294,0.5222961948604393,0.007138278655090091
33,0,56,Cz,1,0.5497518844221105,0.5539384422110554,-0.0041865577889448335
33,0,58,Cz,1,0.5726462598555622,0.5726827005896773,-3.644073411512849e-05
33,0,61,Cz,1,0.5297860993398483,0.5246908241805761,0.005095275159272217
33,0,64,Cz,1,0.6343429503781208,0.6329994561276288,0.0013434942504920722
33,0,69,Cz,1,0.5200665114732291,0.5190056534752244,0.001060857998004705
33,0,71,Cz,1,0.48387163704267244,0.4815685732069991,0.002303063835673358
33,0,1,C3,1,0.5180511860415742,0.5117928625195421,0.006258323522032039
33,0,3,C3,1,0.6213170750324402,0.6250095412563926,-0.003692466223952473
33,0,15,C3,1,0.49945005246210067,0.495752378884909,0.0036976735771916958
33,0,21,C3,1,0.5916625615763546,0.5942569786535303,-0.0025944170771757813
33,0,26,C3,1,0.4193240093240093,0.41815184815184814,0.001172161172161179
33,0,44,C3,1,0.5313219616204691,0.529914712153518,0.0014072494669510327
33,0,50,C3,1,0.6142651691549104,0.6116057161119481,0.002659453042962223
33,0,51,C3,1,0.5501199321544751,0.5492299343062922,0.0008899978481828885
33,0,55,C3,1,0.5294344735155294,0.5286696579453412,0.0007648155701882597
33,0,56,C3,1,0.5497518844221105,0.5560646984924623,-0.00631281407035178
33,0,58,C3,1,0.5726462598555622,0.5697608162724442,0.0028854435831179304
33,0,61,C3,1,0.5297860993398483,0.5261177895009945,0.0036683098388538005
33,0,64,C3,1,0.6343429503781208,0.6354792551538382,-0.001136304775717356
33,0,69,C3,1,0.5200665114732291,0.5209477884935151,-0.0008812770202859532
33,0,71,C3,1,0.48387163704267244,0.4882149526246628,-0.004343315581990359
33,0,1,C4,1,0.5180511860415742,0.5157760900194939,0.002275096022080314
33,0,3,C4,1,0.6213170750324402,0.6221376230822075,-0.0008205480497673889
33,0,15,C4,1,0.49945005246210067,0.4985455334852925,0.0009045189768081552
33,0,21,C4,1,0.5916625615763546,0.5913300492610837,0.000332512315270872
33,0,26,C4,1,0.4193240093240093,0.4211388611388611,-0.0018148518148518034
33,0,44,C4,1,0.5313219616204691,0.5337995735607676,-0.0024776119402984964
33,0,50,C4,1,0.6142651691549104,0.6143793087704881,-0.00011413961557771302
33,0,51,C4,1,0.5501199321544751,0.548805899775958,0.001314032378517127
33,0,55,C4,1,0.5294344735155294,0.5282617563079075,0.0011727172076219095
33,0,56,C4,1,0.5497518844221105,0.5530370603015075,-0.0032851758793969177
33,0,58,C4,1,0.5726462598555622,0.5766746173722919,-0.004028357516729697
33,0,61,C4,1,0.5297860993398483,0.5302473406555392,-0.000461241315690919
33,0,64,C4,1,0.6343429503781208,0.6345986998860458,-0.00025574950792495166
33,0,69,C4,1,0.5200665114732291,0.517276355171267,0.00279015630196211
33,0,71,C4,1,0.48387163704267244,0.4858531018742651,-0.001981464831592672
33,0,1,T3,1,0.5180511860415742,0.515358707610353,0.0026924784312212235
33,0,3,T3,1,0.6213170750324402,0.6121065821947435,0.009210492837696704
33,0,15,T3,1,0.49945005246210067,0.5010492420130974,-0.001599189550996749
33,0,21,T3,1,0.5916625615763546,0.5904556650246305,0.0012068965517240127
33,0,26,T3,1,0.4193240093240093,0.42236097236097236,-0.0030369630369630474
33,0,44,T3,1,0.5313219616204691,0.5349850746268656,-0.0036631130063965456
33,0,50,T3,1,0.6142651691549104,0.6122220700360681,0.002043099118842262
33,0,51,T3,1,0.5501199321544751,0.5434342683189246,0.0066856638355504705
33,0,55,T3,1,0.5294344735155294,0.5229226152322125,0.006511858283316907
33,0,56,T3,1,0.5497518844221105,0.548109296482412,0.0016425879396985144
33,0,58,T3,1,0.5726462598555622,0.5613032531637182,0.01134300669184396
33,0,61,T3,1,0.5297860993398483,0.5219269797342097,0.007859119605638676
33,0,64,T3,1,0.6343429503781208,0.6465800787320004,-0.012237128353879578
33,0,69,T3,1,0.5200665114732291,0.5191453275690057,0.000921183904223466
33,0,71,T3,1,0.48387163704267244,0.481229683933882,0.0026419531087904513
33,0,1,T4,1,0.5180511860415742,0.5232278538019597,-0.0051766677603855005
33,0,3,T4,1,0.6213170750324402,0.6080801719970487,0.01323690303539149
33,0,15,T4,1,0.49945005246210067,0.4953724809146496,0.0040775715474510865
33,0,21,T4,1,0.5916625615763546,0.5823522167487684,0.009310344827586192
33,0,26,T4,1,0.4193240093240093,0.4223543123543123,-0.0030303030303029943
33,0,44,T4,1,0.5313219616204691,0.5160597014925373,0.015262260127931748
33,0,50,T4,1,0.6142651691549104,0.6131580148838058,0.0011071542711045268
33,0,51,T4,1,0.5501199321544751,0.5320691935749275,0.01805073857954753
33,0,55,T4,1,0.5294344735155294,0.527744595303304,0.0016898782122254374
33,0,56,T4,1,0.5497518844221105,0.5483354271356784,0.0014164572864321379
33,0,58,T4,1,0.5726462598555622,0.5737129795269331,-0.0010667196713709526
33,0,61,T4,1,0.5297860993398483,0.5203270489204072,0.009459050419441173
33,0,64,T4,1,0.6343429503781208,0.6237342018025485,0.010608748575572369
33,0,69,T4,1,0.5200665114732291,0.5108047888260725,0.009261722647156634
33,0,71,T4,1,0.48387163704267244,0.47772321737326234,0.006148419669410099
33,0,1,Pz,1,0.5180511860415742,0.5149284579207761,0.0031227281207980573
33,0,3,Pz,1,0.6213170750324402,0.6235370073531283,-0.0022199323206881783
33,0,15,Pz,1,0.49945005246210067,0.5020478309634936,-0.002597778501392922
33,0,21,Pz,1,0.5916625615763546,0.6000779967159278,-0.008415435139573213
33,0,26,Pz,1,0.4193240093240093,0.41234765234765236,0.006976356976356957
33,0,44,Pz,1,0.5313219616204691,0.5384989339019189,-0.007176972281449867
33,0,50,Pz,1,0.6142651691549104,0.6177977902570424,-0.0035326211021320386
33,0,51,Pz,1,0.5501199321544751,0.5499110793261015,0.00020885282837357355
33,0,55,Pz,1,0.5294344735155294,0.5264334828972671,0.0030009906182623114
33,0,56,Pz,1,0.5497518844221105,0.5433825376884422,0.006369346733668291
33,0,58,Pz,1,0.5726462598555622,0.5746803153779899,-0.002034055522427747
33,0,61,Pz,1,0.5297860993398483,0.5308671336734988,-0.0010810343336504769
33,0,64,Pz,1,0.6343429503781208,0.6377777633896198,-0.0034348130114989495
33,0,69,Pz,1,0.5200665114732291,0.5175690056534753,0.0024975058197538313
33,0,71,Pz,1,0.48387163704267244,0.48691818244691887,-0.0030465454042464257
33,0,1,P3,1,0.5180511860415742,0.5185570310037122,-0.0005058449621380134
33,0,3,P3,1,0.6213170750324402,0.6208495534692007,0.00046752156323948135
33,0,15,P3,1,0.49945005246210067,0.4991063352509136,0.000343717211187089
33,0,21,P3,1,0.5916625615763546,0.6023193760262726,-0.010656814449918062
33,0,26,P3,1,0.4193240093240093,0.41695304695304697,0.0023709623709623484
33,0,44,P3,1,0.5313219616204691,0.5291172707889126,0.0022046908315564995
33,0,50,P3,1,0.6142651691549104,0.6097794822627036,0.004485686892206742
33,0,51,P3,1,0.5501199321544751,0.5516277862865968,-0.0015078541321217331
33,0,55,P3,1,0.5294344735155294,0.5183191538954606,0.011115319620068842
33,0,56,P3,1,0.5497518844221105,0.5536903266331659,-0.003938442211055326
33,0,58,P3,1,0.5726462598555622,0.5732359371894256,-0.000589677333863392
33,0,61,P3,1,0.5297860993398483,0.5313247715414109,-0.0015386722015625631
33,0,64,P3,1,0.6343429503781208,0.6331095255361028,0.0012334248420180494
33,0,69,P3,1,0.5200665114732291,0.5172796807449285,0.00278683072830066
33,0,71,P3,1,0.48387163704267244,0.48504045922954564,-0.0011688221868731974
33,0,1,P4,1,0.5180511860415742,0.5164307129116725,0.0016204731299016562
33,0,3,P4,1,0.6213170750324402,0.6216096735618146,-0.00029259852937446595
33,0,15,P4,1,0.49945005246210067,0.5019790875212562,-0.0025290350591555266
33,0,21,P4,1,0.5916625615763546,0.5913587848932677,0.0003037766830868982
33,0,26,P4,1,0.4193240093240093,0.41938394938394935,-5.9940059940033485e-05
33,0,44,P4,1,0.5313219616204691,0.532678038379531,-0.0013560767590619083
33,0,50,P4,1,0.6142651691549104,0.6146304159247592,-0.0003652467698488371
33,0,51,P4,1,0.5501199321544751,0.5490701302482184,0.0010498019062566977
33,0,55,P4,1,0.5294344735155294,0.5309058329934153,-0.001471359477885903
33,0,56,P4,1,0.5497518844221105,0.5507631909547739,-0.0010113065326633475
33,0,58,P4,1,0.5726462598555622,0.5686609686609686,0.003985291194593565
33,0,61,P4,1,0.5297860993398483,0.5282654443771801,0.0015206549626681776
33,0,64,P4,1,0.6343429503781208,0.6318761006940847,0.0024668496840360987
33,0,69,P4,1,0.5200665114732291,0.5253574991686066,-0.005290987695377503
33,0,71,P4,1,0.48387163704267244,0.48340825783249186,0.00046337921018058115
33,0,1,T5,1,0.5180511860415742,0.5087634221819047,0.009287763859669451
33,0,3,T5,1,0.6213170750324402,0.6194247258478996,0.0018923491845405094
33,0,15,T5,1,0.49945005246210067,0.5138391403451644,-0.014389087883063756
33,0,21,T5,1,0.5916625615763546,0.5885755336617405,0.0030870279146140156
33,0,26,T5,1,0.4193240093240093,0.417968697968698,0.001355311355311306
33,0,44,T5,1,0.5313219616204691,0.5334797441364605,-0.0021577825159914132
33,0,50,T5,1,0.6142651691549104,0.6138885084235037,0.0003766607314066306
33,0,51,T5,1,0.5501199321544751,0.5552922040935154,-0.0051722719390403515
33,0,55,T5,1,0.5294344735155294,0.5305489190606608,-0.001114445545131404
33,0,56,T5,1,0.5497518844221105,0.5480119346733668,0.0017399497487436966
33,0,58,T5,1,0.5726462598555622,0.5693467170211356,0.003299542834426572
33,0,61,T5,1,0.5297860993398483,0.5348381331257748,-0.005052033785926446
33,0,64,T5,1,0.6343429503781208,0.6177613177250596,0.01658163265306123
33,0,69,T5,1,0.5200665114732291,0.5248952444296641,-0.0048287329564349335
33,0,71,T5,1,0.48387163704267244,0.495137976346912,-0.011266339304239537
33,0,1,T6,1,0.5180511860415742,0.523848700082994,-0.005797514041419816
33,0,3,T6,1,0.6213170750324402,0.6134550797649034,0.007861995267536726
33,0,15,T6,1,0.49945005246210067,0.5004305510329606,-0.0009804985708599667
33,0,21,T6,1,0.5916625615763546,0.5885837438423646,0.0030788177339899914
33,0,26,T6,1,0.4193240093240093,0.42041292041292044,-0.0010889110889111264
33,0,44,T6,1,0.5313219616204691,0.5445202558635395,-0.013198294243070396
33,0,50,T6,1,0.6142651691549104,0.6090204538191115,0.005244715335798844
33,0,51,T6,1,0.5501199321544751,0.5493588851056289,0.000761047048846164
33,0,55,T6,1,0.5294344735155294,0.5290994114562089,0.00033506205932054556
33,0,56,T6,1,0.5497518844221105,0.5463599246231156,0.0033919597989949812
33,0,58,T6,1,0.5726462598555622,0.5701384747896376,0.002507785065924528
33,0,61,T6,1,0.5297860993398483,0.5311554094958055,-0.001369310155957204
33,0,64,T6,1,0.6343429503781208,0.618787553092303,0.015555397285817785
33,0,69,T6,1,0.5200665114732291,0.5193515131360159,0.000714998337213224
33,0,71,T6,1,0.48387163704267244,0.4824814994121308,0.0013901376305416324
33,0,1,Oz,1,0.5180511860415742,0.5154318902678324,0.002619295773741759
33,0,3,Oz,1,0.6213170750324402,0.6216192148182074,-0.0003021397857672081
33,0,15,Oz,1,0.49945005246210067,0.50017004956764,-0.0007199971055393273
33,0,21,Oz,1,0.5916625615763546,0.588399014778325,0.0032635467980295374
33,0,26,Oz,1,0.4193240093240093,0.4243523143523144,-0.005028305028305091
33,0,44,Oz,1,0.5313219616204691,0.5358464818763327,-0.004524520255863584
33,0,50,Oz,1,0.6142651691549104,0.6102931105328038,0.003972058622106589
33,0,51,Oz,1,0.5501199321544751,0.5562439084591724,-0.006123976304697298
33,0,55,Oz,1,0.5294344735155294,0.5340889225569605,-0.004654449041431086
33,0,56,Oz,1,0.5497518844221105,0.5461212311557789,0.003630653266331607
33,0,58,Oz,1,0.5726462598555622,0.5715298482740343,0.0011164115815278652
33,0,61,Oz,1,0.5297860993398483,0.5336417884632015,-0.003855689123353212
33,0,64,Oz,1,0.6343429503781208,0.6256992644773646,0.00864368590075626
33,0,69,Oz,1,0.5200665114732291,0.5215330894579315,-0.0014665779847023996
33,0,71,Oz,1,0.48387163704267244,0.485306729372709,-0.0014350923300365803
33,0,1,O1,1,0.5180511860415742,0.5203190442184092,-0.002267858176835058
33,0,3,O1,1,0.6213170750324402,0.6215460651858636,-0.0002289901534234806
33,0,15,O1,1,0.49945005246210067,0.5007815043959623,-0.0013314519338615827
33,0,21,O1,1,0.5916625615763546,0.5900287356321839,0.0016338259441706082
33,0,26,O1,1,0.4193240093240093,0.4204595404595405,-0.0011355311355311648
33,0,44,O1,1,0.5313219616204691,0.5329850746268656,-0.0016631130063965438
33,0,50,O1,1,0.6142651691549104,0.6163425101584258,-0.0020773410035154205
33,0,51,O1,1,0.5501199321544751,0.5488035264483627,0.0013164057061123557
33,0,55,O1,1,0.5294344735155294,0.5282326204766621,0.0012018530388673287
33,0,56,O1,1,0.5497518844221105,0.549893216080402,-0.00014133165829144367
33,0,58,O1,1,0.5726462598555622,0.5766182998741138,-0.00397204001855167
33,0,61,O1,1,0.5297860993398483,0.5273141341635678,0.002471965176280566
33,0,64,O1,1,0.6343429503781208,0.63831839842536,-0.00397544804723915
33,0,69,O1,1,0.5200665114732291,0.518959095443964,0.001107416029265118
33,0,71,O1,1,0.48387163704267244,0.4834393803167577,0.00043225672591473696
33,0,1,O2,1,0.5180511860415742,0.5224582295908848,-0.004407043549310652
33,0,3,O2,1,0.6213170750324402,0.6236610436862327,-0.002343968653792494
33,0,15,O2,1,0.49945005246210067,0.494677810340461,0.00477224212163968
33,0,21,O2,1,0.5916625615763546,0.5891666666666666,0.0024958949096879346
33,0,26,O2,1,0.4193240093240093,0.42003663003663005,-0.0007126207126207373
33,0,44,O2,1,0.5313219616204691,0.5282771855010661,0.0030447761194030143
33,0,50,O2,1,0.6142651691549104,0.6124960051134548,0.001769164041455551
33,0,51,O2,1,0.5501199321544751,0.5475638583344936,0.0025560738199814637
33,0,55,O2,1,0.5294344735155294,0.528735213565643,0.0006992599498863994
33,0,56,O2,1,0.5497518844221105,0.5536526381909548,-0.003900753768844245
33,0,58,O2,1,0.5726462598555622,0.5753130590339893,-0.0026667991784271594
33,0,61,O2,1,0.5297860993398483,0.5313139611980743,-0.001527861858225954
33,0,64,O2,1,0.6343429503781208,0.6348382627162541,-0.0004953123381332691
33,0,69,O2,1,0.5200665114732291,0.5181709344861989,0.0018955769870302452
33,0,71,O2,1,0.48387163704267244,0.48294142056850403,0.0009302164741684105
33,0,1,Fp1+Fp2,2,0.5180511860415742,0.5210291572574679,-0.0029779712158937155
33,0,3,Fp1+Fp2,2,0.6213170750324402,0.6231648983538152,-0.0018478233213750084
33,0,15,Fp1+Fp2,2,0.49945005246210067,0.4931365100039799,0.006313542458120769
33,0,21,Fp1+Fp2,2,0.5916625615763546,0.5940270935960592,-0.002364532019704657
33,0,26,Fp1+Fp2,2,0.4193240093240093,0.4074292374292374,0.011894771894771894
33,0,44,Fp1+Fp2,2,0.5313219616204691,0.5280042643923241,0.0033176972281450112
33,0,50,Fp1+Fp2,2,0.6142651691549104,0.6096253937816738,0.004639775373236565
33,0,51,Fp1+Fp2,2,0.5501199321544751,0.5488612774198448,0.0012586547346302712
33,0,55,Fp1+Fp2,2,0.5294344735155294,0.5288299050171901,0.0006045684983393418
33,0,56,Fp1+Fp2,2,0.5497518844221105,0.5524654522613065,-0.0027135678391959628
33,0,58,Fp1+Fp2,2,0.5726462598555622,0.5689690585039422,0.003677201351619974
33,0,61,Fp1+Fp2,2,0.5297860993398483,0.5266078583989161,0.00317824094093222
33,0,64,Fp1+Fp2,2,0.6343429503781208,0.6407690614316792,-0.006426111053558392
33,0,69,Fp1+Fp2,2,0.5200665114732291,0.5249218490189558,-0.004855337545726646
33,0,71,Fp1+Fp2,2,0.48387163704267244,0.4868006086174701,-0.0029289715747976564
33,0,1,F7+F8+T3+T4,4,0.5180511860415742,0.5253525634839449,-0.007301377442370693
33,0,3,F7+F8+T3+T4,4,0.6213170750324402,0.5983003841945908,0.023016690837849407
33,0,15,F7+F8+T3+T4,4,0.49945005246210067,0.47504251239191,0.024407540070190692
33,0,21,F7+F8+T3+T4,4,0.5916625615763546,0.5658292282430214,0.025833333333333153
33,0,26,F7+F8+T3+T4,4,0.4193240093240093,0.4754145854145854,-0.056090576090576105
33,0,44,F7+F8+T3+T4,4,0.5313219616204691,0.4996759061833689,0.031646055437100196
33,0,50,F7+F8+T3+T4,4,0.6142651691549104,0.6095055471853171,0.004759621969593231
33,0,51,F7+F8+T3+T4,4,0.5501199321544751,0.5299347809576851,0.020185151196789985
33,0,55,F7+F8+T3+T4,4,0.5294344735155294,0.5348755900005827,-0.005441116485053299
33,0,56,F7+F8+T3+T4,4,0.5497518844221105,0.5539384422110553,-0.0041865577889447225
33,0,58,F7+F8+T3+T4,4,0.5726462598555622,0.5429106208175976,0.029735639037964612
33,0,61,F7+F8+T3+T4,4,0.5297860993398483,0.5252205310040646,0.0045655683357836985
33,0,64,F7+F8+T3+T4,4,0.6343429503781208,0.6625498549673676,-0.028206904589246795
33,0,69,F7+F8+T3+T4,4,0.5200665114732291,0.5011406717658796,0.018925839707349512
33,0,71,F7+F8+T3+T4,4,0.48387163704267244,0.467549623072135,0.016322013970537452
33,0,1,Fz+Cz+F3+F4,4,0.5180511860415742,0.5139095301512548,0.00414165589031934
33,0,3,Fz+Cz+F3+F4,4,0.6213170750324402,0.6174306032618375,0.0038864717706026397
33,0,15,Fz+Cz+F3+F4,4,0.49945005246210067,0.5122110061869098,-0.012760953724809176
33,0,21,Fz+Cz+F3+F4,4,0.5916625615763546,0.5714203612479474,0.02024220032840718
33,0,26,Fz+Cz+F3+F4,4,0.4193240093240093,0.4327039627039627,-0.013379953379953402
33,0,44,Fz+Cz+F3+F4,4,0.5313219616204691,0.5420085287846481,-0.01068656716417904
33,0,50,Fz+Cz+F3+F4,4,0.6142651691549104,0.6166735150436014,-0.002408345888690988
33,0,51,Fz+Cz+F3+F4,4,0.5501199321544751,0.5385159424325658,0.011603989721909236
33,0,55,Fz+Cz+F3+F4,4,0.5294344735155294,0.5255739758755317,0.0038604976399977398
33,0,56,Fz+Cz+F3+F4,4,0.5497518844221105,0.5336463567839196,0.016105527638190953
33,0,58,Fz+Cz+F3+F4,4,0.5726462598555622,0.5843536738885575,-0.011707414032995356
33,0,61,Fz+Cz+F3+F4,4,0.5297860993398483,0.5252457551385166,0.0045403442013317585
33,0,64,Fz+Cz+F3+F4,4,0.6343429503781208,0.6106942142339169,0.02364873614420393
33,0,69,Fz+Cz+F3+F4,4,0.5200665114732291,0.5207781842367809,-0.0007116727635517739
33,0,71,Fz+Cz+F3+F4,4,0.48387163704267244,0.4877515734144823,-0.0038799363718098334
33,0,1,T5+T6+P3+P4,4,0.5180511860415742,0.5112170517200337,0.006834134321540453
33,0,3,T5+T6+P3+P4,4,0.6213170750324402,0.6083091621504719,0.013007912881968231
33,0,15,T5+T6+P3+P4,4,0.49945005246210067,0.5177502804008829,-0.01830022793878222
33,0,21,T5+T6+P3+P4,4,0.5916625615763546,0.5966297208538587,-0.0049671592775041296
33,0,26,T5+T6+P3+P4,4,0.4193240093240093,0.4152514152514153,0.004072594072594027
33,0,44,T5+T6+P3+P4,4,0.5313219616204691,0.5461194029850747,-0.01479744136460559
33,0,50,T5+T6+P3+P4,4,0.6142651691549104,0.5983940556088208,0.01587111354608961
33,0,51,T5+T6+P3+P4,4,0.5501199321544751,0.555996291280078,-0.005876359125602915
33,0,55,T5+T6+P3+P4,4,0.5294344735155294,0.5139633471242935,0.015471126391235934
33,0,56,T5+T6+P3+P4,4,0.5497518844221105,0.5470383165829145,0.002713567839196074
33,0,58,T5+T6+P3+P4,4,0.5726462598555622,0.5637249055853708,0.008921354270191362
33,0,61,T5+T6+P3+P4,4,0.5297860993398483,0.5365858052985096,-0.006799705958661306
33,0,64,T5+T6+P3+P4,4,0.6343429503781208,0.5927464259815601,0.0415965243965607
33,0,69,T5+T6+P3+P4,4,0.5200665114732291,0.5285167941469904,-0.008450282673761245
33,0,71,T5+T6+P3+P4,4,0.48387163704267244,0.49559443944947784,-0.0117228024068054
33,0,1,O1+O2+Oz+Pz,4,0.5180511860415742,0.5204477170227686,-0.0023965309811944113
33,0,3,O1+O2+Oz+Pz,4,0.6213170750324402,0.6272008498079027,-0.005883774775462536
33,0,15,O1+O2+Oz+Pz,4,0.49945005246210067,0.499580303194761,-0.00013025073266031972
33,0,21,O1+O2+Oz+Pz,4,0.5916625615763546,0.5929310344827585,-0.0012684729064039724
33,0,26,O1+O2+Oz+Pz,4,0.4193240093240093,0.416956376956377,0.002367632367632322
33,0,44,O1+O2+Oz+Pz,4,0.5313219616204691,0.5388400852878465,-0.007518123667377474
33,0,50,O1+O2+Oz+Pz,4,0.6142651691549104,0.6162683194083002,-0.0020031502533898182
33,0,51,O1+O2+Oz+Pz,4,0.5501199321544751,0.5525779084338569,-0.002457976279381824
33,0,55,O1+O2+Oz+Pz,4,0.5294344735155294,0.5298423751529631,-0.0004079016374336497
33,0,56,O1+O2+Oz+Pz,4,0.5497518844221105,0.5424340452261307,0.007317839195979836
33,0,58,O1+O2+Oz+Pz,4,0.5726462598555622,0.5809348704697542,-0.00828861061419206
33,0,61,O1+O2+Oz+Pz,4,0.5297860993398483,0.5339552884199602,-0.004169189080111879
33,0,64,O1+O2+Oz+Pz,4,0.6343429503781208,0.6376741686522324,-0.003331218274111536
33,0,69,O1+O2+Oz+Pz,4,0.5200665114732291,0.5134718989025607,0.006594612570668401
33,0,71,O1+O2+Oz+Pz,4,0.48387163704267244,0.48761325126218963,-0.0037416142195171864
33,1,7,Fp1,1,0.4945890644537911,0.4572126861430033,0.03737637831078777
33,1,8,Fp1,1,0.5542718414313745,0.5551597991286708,-0.0008879576972962155
33,1,13,Fp1,1,0.5943411097099622,0.5958827238335435,-0.0015416141235812253
33,1,17,Fp1,1,0.41770624685197544,0.4118670274449169,0.00583921940705856
33,1,18,Fp1,1,0.5724216216216217,0.5794522522522523,-0.0070306306306305855
33,1,19,Fp1,1,0.6432408575031525,0.6408228247162674,0.002418032786885127
33,1,20,Fp1,1,0.5289641713560318,0.5230915705109986,0.00587260084503316
33,1,32,Fp1,1,0.6543531249999999,0.654525,-0.00017187500000015454
33,1,33,Fp1,1,0.5042544394876001,0.5094357866378592,-0.005181347150259086
33,1,34,Fp1,1,0.6424687108886109,0.6450625782227785,-0.0025938673341675544
33,1,35,Fp1,1,0.553309481216458,0.5556582521698801,-0.002348770953422119
33,1,38,Fp1,1,0.6488280530338164,0.6507664745980217,-0.001938421564205317
33,1,53,Fp1,1,0.5163463475824954,0.5380613166771743,-0.02171496909467885
33,1,54,Fp1,1,0.578454385556504,0.5742188510385143,0.004235534517989636
33,1,68,Fp1,1,0.6470116032985477,0.6577087742343526,-0.010697170935804912
33,1,7,Fp2,1,0.4945890644537911,0.5004092304194612,-0.005820165965670088
33,1,8,Fp2,1,0.5542718414313745,0.5571751637899498,-0.0029033223585752665
33,1,13,Fp2,1,0.5943411097099622,0.5956021437578815,-0.0012610340479192184
33,1,17,Fp2,1,0.41770624685197544,0.42206369844560804,-0.0043574515936326
33,1,18,Fp2,1,0.5724216216216217,0.5697765765765765,0.002645045045045147
33,1,19,Fp2,1,0.6432408575031525,0.6441677175283733,-0.0009268600252207992
33,1,20,Fp2,1,0.5289641713560318,0.53112127929669,-0.002157107940658154
33,1,32,Fp2,1,0.6543531249999999,0.658815625,-0.004462500000000147
33,1,33,Fp2,1,0.5042544394876001,0.4966557971739319,0.007598642313668191
33,1,34,Fp2,1,0.6424687108886109,0.6397277847309135,0.0027409261576973876
33,1,35,Fp2,1,0.553309481216458,0.543642748293911,0.009666732922546939
33,1,38,Fp2,1,0.6488280530338164,0.6513628509170377,-0.002534797883221307
33,1,53,Fp2,1,0.5163463475824954,0.5141755006272057,0.0021708469552896847
33,1,54,Fp2,1,0.578454385556504,0.5898676961278808,-0.011413310571376845
33,1,68,Fp2,1,0.6470116032985477,0.6440378019411808,0.002973801357366912
33,1,7,Fz,1,0.4945890644537911,0.48302830510401273,0.011560759349778349
33,1,8,Fz,1,0.5542718414313745,0.5564867471482258,-0.0022149057168512343
33,1,13,Fz,1,0.5943411097099622,0.5966488020176545,-0.002307692307692233
33,1,17,Fz,1,0.41770624685197544,0.41513511614014126,0.0025711307118341797
33,1,18,Fz,1,0.5724216216216217,0.5696576576576577,0.0027639639639639446
33,1,19,Fz,1,0.6432408575031525,0.642109079445145,0.001131778058007571
33,1,20,Fz,1,0.5289641713560318,0.5386185793592149,-0.009654408003183068
33,1,32,Fz,1,0.6543531249999999,0.65344375,0.000909374999999879
33,1,33,Fz,1,0.5042544394876001,0.5043611338948126,-0.00010669440721255974
33,1,34,Fz,1,0.6424687108886109,0.6377033792240301,0.004765331664580819
33,1,35,Fz,1,0.553309481216458,0.5496355926588485,0.003673888557609417
33,1,38,Fz,1,0.6488280530338164,0.6516630243505772,-0.0028349713167608037
33,1,53,Fz,1,0.5163463475824954,0.5215459810083389,-0.005199633425843508
33,1,54,Fz,1,0.578454385556504,0.5701773104679134,0.008277075088590546
33,1,68,Fz,1,0.6470116032985477,0.637555036609988,0.009456566688559653
33,1,7,F3,1,0.4945890644537911,0.5042514493577357,-0.00966238490394461
33,1,8,F3,1,0.5542718414313745,0.5446872193953907,0.00958462203598387
33,1,13,F3,1,0.5943411097099622,0.5967622950819672,-0.0024211853720049747
33,1,17,F3,1,0.41770624685197544,0.42524979208396296,-0.007543545231987525
33,1,18,F3,1,0.5724216216216217,0.5614954954954955,0.010926126126126201
33,1,19,F3,1,0.6432408575031525,0.6386443883984867,0.0045964691046658235
33,1,20,F3,1,0.5289641713560318,0.525288467003922,0.003675704352109843
33,1,32,F3,1,0.6543531249999999,0.652540625,0.0018124999999998836
33,1,33,F3,1,0.5042544394876001,0.4974326658264482,0.0068217736611518864
33,1,34,F3,1,0.6424687108886109,0.6393210262828535,0.003147684605757428
33,1,35,F3,1,0.553309481216458,0.5501159477903664,0.0031935334260915216
33,1,38,F3,1,0.6488280530338164,0.641399157608523,0.007428895425293458
33,1,53,F3,1,0.5163463475824954,0.5201940763176196,-0.0038477287351241785
33,1,54,F3,1,0.578454385556504,0.574681203279791,0.003773182276712972
33,1,68,F3,1,0.6470116032985477,0.6202717166557201,0.02673988664282756
33,1,7,F4,1,0.4945890644537911,0.4848925770148914,0.00969648743889967
33,1,8,F4,1,0.5542718414313745,0.5532309022581396,0.0010409391732348894
33,1,13,F4,1,0.5943411097099622,0.5824590163934427,0.01188209331651957
33,1,17,F4,1,0.41770624685197544,0.41462557542959555,0.003080671422379888
33,1,18,F4,1,0.5724216216216217,0.5574054054054054,0.015016216216216294
33,1,19,F4,1,0.6432408575031525,0.6379287515762926,0.0053121059268599335
33,1,20,F4,1,0.5289641713560318,0.527516625930768,0.0014475454252638187
33,1,32,F4,1,0.6543531249999999,0.642096875,0.012256249999999858
33,1,33,F4,1,0.5042544394876001,0.510182647488347,-0.005928208000746893
33,1,34,F4,1,0.6424687108886109,0.6484762202753442,-0.006007509386733334
33,1,35,F4,1,0.553309481216458,0.5479328165374677,0.005376664678990228
33,1,38,F4,1,0.6488280530338164,0.6383037183388498,0.010524334694966608
33,1,53,F4,1,0.5163463475824954,0.49905756644156585,0.017288781140929577
33,1,54,F4,1,0.578454385556504,0.5683279015028064,0.010126484053697538
33,1,68,F4,1,0.6470116032985477,0.643508720718091,0.003502882580456723
33,1,7,F7,1,0.4945890644537911,0.49843128339206544,-0.0038422189382743555
33,1,8,F7,1,0.5542718414313745,0.5539159932156041,0.0003558482157703935
33,1,13,F7,1,0.5943411097099622,0.5695491803278688,0.024791929382093403
33,1,17,F7,1,0.41770624685197544,0.4378887444214078,-0.020182497569432356
33,1,18,F7,1,0.5724216216216217,0.5742522522522522,-0.001830630630630492
33,1,19,F7,1,0.6432408575031525,0.6232534678436318,0.019987389659520738
33,1,20,F7,1,0.5289641713560318,0.5293847931942629,-0.00042062183823110555
33,1,32,F7,1,0.6543531249999999,0.6395031250000001,0.014849999999999808
33,1,33,F7,1,0.5042544394876001,0.49781276465214286,0.006441674835457212
33,1,34,F7,1,0.6424687108886109,0.6355538172715895,0.006914893617021356
33,1,35,F7,1,0.553309481216458,0.553832902670112,-0.0005234214536540271
33,1,38,F7,1,0.6488280530338164,0.6421710321519101,0.006657020881906339
33,1,53,F7,1,0.5163463475824954,0.5165153356688352,-0.00016898808633980522
33,1,54,F7,1,0.578454385556504,0.5841901399343007,-0.00573575437779672
33,1,68,F7,1,0.6470116032985477,0.6420795932764114,0.0049320100221362795
33,1,7,F8,1,0.4945890644537911,0.4973400022735023,-0.0027509378197111967
33,1,8,F8,1,0.5542718414313745,0.556004522930593,-0.001732681499218458
33,1,13,F8,1,0.5943411097099622,0.5849306431273644,0.00941046658259781
33,1,17,F8,1,0.41770624685197544,0.42533178714083236,-0.007625540288856925
33,1,18,F8,1,0.5724216216216217,0.5556792792792793,0.016742342342342398
33,1,19,F8,1,0.6432408575031525,0.6252332912988651,0.01800756620428745
33,1,20,F8,1,0.5289641713560318,0.5331268118001478,-0.0041626404441159615
33,1,32,F8,1,0.6543531249999999,0.636390625,0.01796249999999988
33,1,33,F8,1,0.5042544394876001,0.505138002547329,-0.0008835630597289201
33,1,34,F8,1,0.6424687108886109,0.6218397997496872,0.020628911138923733
33,1,35,F8,1,0.553309481216458,0.5389683959451401,0.014341085271317833
33,1,38,F8,1,0.6488280530338164,0.6288204613459205,0.020007591687895898
33,1,53,F8,1,0.5163463475824954,0.5167428196312159,-0.0003964720487205087
33,1,54,F8,1,0.578454385556504,0.5784931843459817,-3.879878947776749e-05
33,1,68,F8,1,0.6470116032985477,0.6541329149334696,-0.007121311634921912
33,1,7,Cz,1,0.4945890644537911,0.48415368875753095,0.01043537569626013
33,1,8,Cz,1,0.5542718414313745,0.5492999434633676,0.0049718979680069
33,1,13,Cz,1,0.5943411097099622,0.5992244640605296,-0.004883354350567415
33,1,17,Cz,1,0.41770624685197544,0.4150648346628246,0.0026414121891508158
33,1,18,Cz,1,0.5724216216216217,0.5751783783783784,-0.002756756756756684
33,1,19,Cz,1,0.6432408575031525,0.6474810844892812,-0.004240226986128692
33,1,20,Cz,1,0.5289641713560318,0.5346861441103469,-0.0057219727543150745
33,1,32,Cz,1,0.6543531249999999,0.6595437500000001,-0.005190625000000226
33,1,33,Cz,1,0.5042544394876001,0.5057348243876741,-0.001480384900074072
33,1,34,Cz,1,0.6424687108886109,0.6410513141426784,0.0014173967459325532
33,1,35,Cz,1,0.553309481216458,0.5508712648247532,0.0024382163917047173
33,1,38,Cz,1,0.6488280530338164,0.6465036941979174,0.0023243588358989875
33,1,53,Cz,1,0.5163463475824954,0.5086378910286825,0.007708456553812915
33,1,54,Cz,1,0.578454385556504,0.5744128449859032,0.004041540570600799
33,1,68,Cz,1,0.6470116032985477,0.6540295312461991,-0.007017927947651437
33,1,7,C3,1,0.4945890644537911,0.4918040240991247,0.0027850403546663682
33,1,8,C3,1,0.5542718414313745,0.5509960424357311,0.003275798995643453
33,1,13,C3,1,0.5943411097099622,0.5898612862547289,0.004479823455233345
33,1,17,C3,1,0.41770624685197544,0.4177706715395158,-6.442468754036534e-05
33,1,18,C3,1,0.5724216216216217,0.575845045045045,-0.0034234234234232774
33,1,19,C3,1,0.6432408575031525,0.6431021437578814,0.0001387137452710796
33,1,20,C3,1,0.5289641713560318,0.52736599784005,0.0015981735159817934
33,1,32,C3,1,0.6543531249999999,0.65194375,0.002409374999999825
33,1,33,C3,1,0.5042544394876001,0.5037376384526644,0.0005168010349356766
33,1,34,C3,1,0.6424687108886109,0.6437453066332915,-0.001276595744680642
33,1,35,C3,1,0.553309481216458,0.5568011661034916,-0.0034916848870336636
33,1,38,C3,1,0.6488280530338164,0.650762504049959,-0.0019344510161425355
33,1,53,C3,1,0.5163463475824954,0.519391382907505,-0.0030450353250095485
33,1,54,C3,1,0.578454385556504,0.5811961666795995,-0.0027417811230955325
33,1,68,C3,1,0.6470116032985477,0.6451263713542047,0.00188523194434298
33,1,7,C4,1,0.4945890644537911,0.488541548255087,0.006047516198704084
33,1,8,C4,1,0.5542718414313745,0.5544181715387941,-0.00014633010741960106
33,1,13,C4,1,0.5943411097099622,0.5938430012610341,0.0004981084489281695
33,1,17,C4,1,0.41770624685197544,0.4204765084162069,-0.0027702615642314354
33,1,18,C4,1,0.5724216216216217,0.5682126126126126,0.004209009009009113
33,1,19,C4,1,0.6432408575031525,0.64546973518285,-0.002228877679697483
33,1,20,C4,1,0.5289641713560318,0.5295155270088483,-0.0005513556528164987
33,1,32,C4,1,0.6543531249999999,0.65329375,0.0010593749999998625
33,1,33,C4,1,0.5042544394876001,0.5024739765672408,0.0017804629203592715
33,1,34,C4,1,0.6424687108886109,0.6454005006257822,-0.002931789737171342
33,1,35,C4,1,0.553309481216458,0.5558967733386337,-0.0025872921221757883
33,1,38,C4,1,0.6488280530338164,0.6451687959392411,0.0036592570945752634
33,1,53,C4,1,0.5163463475824954,0.5187349291874923,-0.0023885816049968867
33,1,54,C4,1,0.578454385556504,0.5776557771397532,0.0007986084167507235
33,1,68,C4,1,0.6470116032985477,0.6451567783210489,0.0018548249774987813
33,1,7,T3,1,0.4945890644537911,0.5371035580311471,-0.04251449357735598
33,1,8,T3,1,0.5542718414313745,0.5553726429212811,-0.0011008014899065444
33,1,13,T3,1,0.5943411097099622,0.5918883984867591,0.002452711223203119
33,1,17,T3,1,0.41770624685197544,0.4033981094282602,0.014308137423715228
33,1,18,T3,1,0.5724216216216217,0.560508108108108,0.011913513513513663
33,1,19,T3,1,0.6432408575031525,0.6580580075662043,-0.014817150063051732
33,1,20,T3,1,0.5289641713560318,0.5220390685689384,0.006925102787093351
33,1,32,T3,1,0.6543531249999999,0.658678125,-0.004325000000000134
33,1,33,T3,1,0.5042544394876001,0.5139202859410114,-0.009665846453411286
33,1,34,T3,1,0.6424687108886109,0.6401908635794743,0.0022778473091366047
33,1,35,T3,1,0.553309481216458,0.5483469157887763,0.004962565427681698
33,1,38,T3,1,0.6488280530338164,0.6376843128410701,0.011143740192746332
33,1,53,T3,1,0.5163463475824954,0.5112897040758627,0.0050566435066327076
33,1,54,T3,1,0.578454385556504,0.559278083857117,0.019176301699387
33,1,68,T3,1,0.6470116032985477,0.6512746600501107,-0.004263056751563021
33,1,7,T4,1,0.4945890644537911,0.505865636012277,-0.011276571558485882
33,1,8,T4,1,0.5542718414313745,0.5489341181948186,0.005337723236555902
33,1,13,T4,1,0.5943411097099622,0.6108984867591426,-0.016557377049180366
33,1,17,T4,1,0.41770624685197544,0.4187487554321725,-0.0010425085801970546
33,1,18,T4,1,0.5724216216216217,0.596699099099099,-0.024277477477477327
33,1,19,T4,1,0.6432408575031525,0.6431746532156368,6.620428751569207e-05
33,1,20,T4,1,0.5289641713560318,0.5181966312359083,0.010767540120123487
33,1,32,T4,1,0.6543531249999999,0.63374375,0.02060937499999982
33,1,33,T4,1,0.5042544394876001,0.49770273604470494,0.006551703442895129
33,1,34,T4,1,0.6424687108886109,0.6211295369211515,0.021339173967459435
33,1,35,T4,1,0.553309481216458,0.5592923871993639,-0.005982905982905962
33,1,38,T4,1,0.6488280530338164,0.6577220806942423,-0.008894027660425907
33,1,53,T4,1,0.5163463475824954,0.5154851582963401,0.0008611892861553061
33,1,54,T4,1,0.578454385556504,0.5824377279428882,-0.003983342386384203
33,1,68,T4,1,0.6470116032985477,0.6202534724756136,0.0267581308229341
33,1,7,Pz,1,0.4945890644537911,0.4928953052176878,0.001693759236103265
33,1,8,Pz,1,0.5542718414313745,0.5536632412118794,0.000608600219495159
33,1,13,Pz,1,0.5943411097099622,0.5948738965952081,-0.0005327868852458284
33,1,17,Pz,1,0.41770624685197544,0.41845005915357675,-0.0007438123016013098
33,1,18,Pz,1,0.5724216216216217,0.5802306306306307,-0.007809009009009049
33,1,19,Pz,1,0.6432408575031525,0.6459205548549811,-0.0026796973518286027
33,1,20,Pz,1,0.5289641713560318,0.5239110252183633,0.005053146137668496
33,1,32,Pz,1,0.6543531249999999,0.657734375,-0.0033812500000001133
33,1,33,Pz,1,0.5042544394876001,0.49800948246544097,0.006244957022159103
33,1,34,Pz,1,0.6424687108886109,0.6425938673341677,-0.0001251564455567733
33,1,35,Pz,1,0.553309481216458,0.5575929238719937,-0.0042834426555357075
33,1,38,Pz,1,0.6488280530338164,0.6527104549295148,-0.0038824018956984396
33,1,53,Pz,1,0.5163463475824954,0.5184781972870912,-0.0021318497045957896
33,1,54,Pz,1,0.578454385556504,0.5788391402188252,-0.00038475466232124056
33,1,68,Pz,1,0.6470116032985477,0.6516395436522416,-0.00462794035369396
33,1,7,P3,1,0.4945890644537911,0.4950551324315107,-0.0004660679777196419
33,1,8,P3,1,0.5542718414313745,0.5584322724400546,-0.004160431008680021
33,1,13,P3,1,0.5943411097099622,0.5931904161412358,0.0011506935687264352
33,1,17,P3,1,0.41770624685197544,0.4143503063101054,0.0033559405418700505
33,1,18,P3,1,0.5724216216216217,0.5722918918918919,0.00012972972972979946
33,1,19,P3,1,0.6432408575031525,0.641781210592686,0.0014596469104665166
33,1,20,P3,1,0.5289641713560318,0.5275706246802706,0.0013935466757611925
33,1,32,P3,1,0.6543531249999999,0.6551875,-0.0008343750000001648
33,1,33,P3,1,0.5042544394876001,0.5041010662772321,0.000153373210368013
33,1,34,P3,1,0.6424687108886109,0.6427972465581977,-0.0003285356695867936
33,1,35,P3,1,0.553309481216458,0.5538627178162061,-0.0005532365997481525
33,1,38,P3,1,0.6488280530338164,0.6460224637727194,0.0028055892610969746
33,1,53,P3,1,0.5163463475824954,0.5172692825155827,-0.0009229349330872605
33,1,54,P3,1,0.578454385556504,0.5775555469336022,0.0008988386229017431
33,1,68,P3,1,0.6470116032985477,0.6449439295531393,0.0020676737454083938
33,1,7,P4,1,0.4945890644537911,0.4924519722632716,0.002137092190519496
33,1,8,P4,1,0.5542718414313745,0.5516778077089362,0.0025940337224383825
33,1,13,P4,1,0.5943411097099622,0.5924747793190415,0.0018663303909207674
33,1,17,P4,1,0.41770624685197544,0.4284651696711998,-0.010758922819224359
33,1,18,P4,1,0.5724216216216217,0.5698414414414414,0.002580180180180247
33,1,19,P4,1,0.6432408575031525,0.6312295081967214,0.012011349306431107
33,1,20,P4,1,0.5289641713560318,0.5311601205024725,-0.0021959491464407233
33,1,32,P4,1,0.6543531249999999,0.65921875,-0.004865625000000096
33,1,33,P4,1,0.5042544394876001,0.5057981741919566,-0.0015437347043565364
33,1,34,P4,1,0.6424687108886109,0.6424155193992489,5.319148936200335e-05
33,1,35,P4,1,0.553309481216458,0.5446829656131982,0.008626515603259777
33,1,38,P4,1,0.6488280530338164,0.643226403826973,0.005601649206843362
33,1,53,P4,1,0.5163463475824954,0.513879771476111,0.002466576106384455
33,1,54,P4,1,0.578454385556504,0.5689034168800601,0.009550968676443894
33,1,68,P4,1,0.6470116032985477,0.6499489162957016,-0.0029373129971539402
33,1,7,T5,1,0.4945890644537911,0.5043423894509491,-0.00975332499715803
33,1,8,T5,1,0.5542718414313745,0.5520103761348898,0.0022614652964847437
33,1,13,T5,1,0.5943411097099622,0.5924022698612863,0.0019388398486759328
33,1,17,T5,1,0.41770624685197544,0.4207107800072624,-0.0030045331552869814
33,1,18,T5,1,0.5724216216216217,0.5521117117117117,0.020309909909909996
33,1,19,T5,1,0.6432408575031525,0.6365825977301387,0.006658259773013819
33,1,20,T5,1,0.5289641713560318,0.5251577331893367,0.0038064381666951252
33,1,32,T5,1,0.6543531249999999,0.646628125,0.007724999999999871
33,1,33,T5,1,0.5042544394876001,0.49386507158527887,0.0103893679023212
33,1,34,T5,1,0.6424687108886109,0.6398998748435545,0.002568836045056422
33,1,35,T5,1,0.553309481216458,0.5475352812562115,0.005774199960246418
33,1,38,T5,1,0.6488280530338164,0.6398077619449968,0.009020291088819632
33,1,53,T5,1,0.5163463475824954,0.5156378975282243,0.0007084500542711147
33,1,54,T5,1,0.578454385556504,0.5776816429994052,0.0007727425570988045
33,1,68,T5,1,0.6470116032985477,0.6434783137512468,0.003533289547300922
33,1,7,T6,1,0.4945890644537911,0.48659770376264644,0.007991360691144644
33,1,8,T6,1,0.5542718414313745,0.5488409990355516,0.005430842395822921
33,1,13,T6,1,0.5943411097099622,0.5888587641866331,0.005482345523329157
33,1,17,T6,1,0.41770624685197544,0.43479635941947503,-0.017090112567499594
33,1,18,T6,1,0.5724216216216217,0.5793513513513513,-0.006929729729729606
33,1,19,T6,1,0.6432408575031525,0.6314218158890289,0.011819041614123615
33,1,20,T6,1,0.5289641713560318,0.5291299569904697,-0.0001657856344379205
33,1,32,T6,1,0.6543531249999999,0.6462749999999999,0.008078124999999936
33,1,33,T6,1,0.5042544394876001,0.5069151312674629,-0.002660691779862834
33,1,34,T6,1,0.6424687108886109,0.6357728410513142,0.006695869837296753
33,1,35,T6,1,0.553309481216458,0.5580169615053336,-0.004707480288875687
33,1,38,T6,1,0.6488280530338164,0.6481689420554098,0.0006591109784066518
33,1,53,T6,1,0.5163463475824954,0.5115171880382434,0.004829159544252004
33,1,54,T6,1,0.578454385556504,0.5859975168774736,-0.0075431313209696205
33,1,68,T6,1,0.6470116032985477,0.6369651414532098,0.010046461845337862
33,1,7,Oz,1,0.4945890644537911,0.48949641923382975,0.005092645219961334
33,1,8,Oz,1,0.5542718414313745,0.5547341115434501,-0.0004622701120755579
33,1,13,Oz,1,0.5943411097099622,0.598250315258512,-0.003909205548549788
33,1,17,Oz,1,0.41770624685197544,0.4306321818884633,-0.012925935036487868
33,1,18,Oz,1,0.5724216216216217,0.5698738738738739,0.0025477477477477972
33,1,19,Oz,1,0.6432408575031525,0.6442717528373267,-0.00103089533417422
33,1,20,Oz,1,0.5289641713560318,0.5307016048049413,-0.0017374334489095311
33,1,32,Oz,1,0.6543531249999999,0.6572218750000001,-0.0028687500000001975
33,1,33,Oz,1,0.5042544394876001,0.504797914124339,-0.0005434746367389831
33,1,34,Oz,1,0.6424687108886109,0.6422809762202754,0.00018773466833554853
33,1,35,Oz,1,0.553309481216458,0.5545285894123104,-0.0012191081958524697
33,1,38,Oz,1,0.6488280530338164,0.6496888678538075,-0.0008608148199911181
33,1,53,Oz,1,0.5163463475824954,0.5156443970700065,0.0007019505124888914
33,1,54,Oz,1,0.578454385556504,0.5723177103541037,0.0061366752024002436
33,1,68,Oz,1,0.6470116032985477,0.6490671142572186,-0.0020555109586709586
33,1,7,O1,1,0.4945890644537911,0.49939752188245995,-0.004808457428668866
33,1,8,O1,1,0.5542718414313745,0.554547873224916,-0.0002760317935415202
33,1,13,O1,1,0.5943411097099622,0.5952553593947036,-0.0009142496847414083
33,1,17,O1,1,0.41770624685197544,0.4131906619343805,0.004515584917594961
33,1,18,O1,1,0.5724216216216217,0.5829657657657659,-0.010544144144144174
33,1,19,O1,1,0.6432408575031525,0.6477837326607818,-0.0045428751576293
33,1,20,O1,1,0.5289641713560318,0.5342162602550258,-0.0052520888989939785
33,1,32,O1,1,0.6543531249999999,0.655490625,-0.0011375000000001245
33,1,33,O1,1,0.5042544394876001,0.5079253939357566,-0.0036709544481565715
33,1,34,O1,1,0.6424687108886109,0.6407790988735921,0.0016896120150188265
33,1,35,O1,1,0.553309481216458,0.5570960047704234,-0.0037865235539654707
33,1,38,O1,1,0.6488280530338164,0.6544590842963236,-0.005631031262507191
33,1,53,O1,1,0.5163463475824954,0.5153291692935649,0.0010171782889305536
33,1,54,O1,1,0.578454385556504,0.5770026641835442,0.001451721372959791
33,1,68,O1,1,0.6470116032985477,0.6522598457758642,-0.005248242477316478
33,1,7,O2,1,0.4945890644537911,0.4981016255541662,-0.0035125611003751223
33,1,8,O2,1,0.5542718414313745,0.5496458146263594,0.004626026805015115
33,1,13,O2,1,0.5943411097099622,0.5963682219419923,-0.002027112232030115
33,1,17,O2,1,0.41770624685197544,0.4127924002295862,0.004913846622389251
33,1,18,O2,1,0.5724216216216217,0.5706702702702703,0.0017513513513514045
33,1,19,O2,1,0.6432408575031525,0.6484331651954602,-0.005192307692307718
33,1,20,O2,1,0.5289641713560318,0.5309147577635044,-0.0019505864074725876
33,1,32,O2,1,0.6543531249999999,0.656996875,-0.002643750000000167
33,1,33,O2,1,0.5042544394876001,0.5062082808196797,-0.0019538413320796533
33,1,34,O2,1,0.6424687108886109,0.6417521902377973,0.0007165206508136235
33,1,35,O2,1,0.553309481216458,0.5481017690320016,0.00520771218445637
33,1,38,O2,1,0.6488280530338164,0.6509268847397545,-0.0020988317059380535
33,1,53,O2,1,0.5163463475824954,0.515420162878517,0.0009261847039784277
33,1,54,O2,1,0.578454385556504,0.5668891130596725,0.01156527249683148
33,1,68,O2,1,0.6470116032985477,0.6456068014303437,0.0014048018682040198
33,1,7,Fp1+Fp2,2,0.4945890644537911,0.4534386722746391,0.04115039217915201
33,1,8,Fp1+Fp2,2,0.5542718414313745,0.555868169875952,-0.0015963284445774661
33,1,13,Fp1+Fp2,2,0.5943411097099622,0.5967055485498108,-0.002364438839848604
33,1,17,Fp1+Fp2,2,0.41770624685197544,0.4149828396059551,0.0027234072460203262
33,1,18,Fp1+Fp2,2,0.5724216216216217,0.5762522522522522,-0.003830630630630494
33,1,19,Fp1+Fp2,2,0.6432408575031525,0.6426513240857503,0.0005895334174021993
33,1,20,Fp1+Fp2,2,0.5289641713560318,0.5246527975141629,0.00431137384186886
33,1,32,Fp1+Fp2,2,0.6543531249999999,0.658834375,-0.004481250000000103
33,1,33,Fp1+Fp2,2,0.5042544394876001,0.5027940597888785,0.0014603796987215922
33,1,34,Fp1+Fp2,2,0.6424687108886109,0.6443773466833542,-0.0019086357947433186
33,1,35,Fp1+Fp2,2,0.553309481216458,0.5480023852116876,0.005307096004770306
33,1,38,Fp1+Fp2,2,0.6488280530338164,0.6525532212262323,-0.003725168192415862
33,1,53,Fp1+Fp2,2,0.5163463475824954,0.5386397758957994,-0.022293428313303942
33,1,54,Fp1+Fp2,2,0.578454385556504,0.5844714311580146,-0.006017045601510618
33,1,68,Fp1+Fp2,2,0.6470116032985477,0.6564985769539518,-0.009486973655404074
33,1,7,F7+F8+T3+T4,4,0.4945890644537911,0.5731499374786859,-0.07856087302489484
33,1,8,F7+F8+T3+T4,4,0.5542718414313745,0.5621836442848116,-0.007911802853437067
33,1,13,F7+F8+T3+T4,4,0.5943411097099622,0.5800662042875158,0.014274905422446471
33,1,17,F7+F8+T3+T4,4,0.41770624685197544,0.4336015743050919,-0.015895327453116448
33,1,18,F7+F8+T3+T4,4,0.5724216216216217,0.5742846846846847,-0.001863063063063053
33,1,19,F7+F8+T3+T4,4,0.6432408575031525,0.6203940731399749,0.022846784363177663
33,1,20,F7+F8+T3+T4,4,0.5289641713560318,0.5147426059607041,0.014221565395327707
33,1,32,F7+F8+T3+T4,4,0.6543531249999999,0.598184375,0.05616874999999988
33,1,33,F7+F8+T3+T4,4,0.5042544394876001,0.5022172431498857,0.0020371963377143754
33,1,34,F7+F8+T3+T4,4,0.6424687108886109,0.5975219023779724,0.04494680851063848
33,1,35,F7+F8+T3+T4,4,0.553309481216458,0.5424501424501426,0.010859338766315396
33,1,38,F7+F8+T3+T4,4,0.6488280530338164,0.622096735256561,0.02673131777725546
33,1,53,F7+F8+T3+T4,4,0.5163463475824954,0.5079944363922344,0.008351911190261019
33,1,54,F7+F8+T3+T4,4,0.578454385556504,0.5757061379684953,0.0027482475880086232
33,1,68,F7+F8+T3+T4,4,0.6470116032985477,0.6269004354277653,0.020111167870782376
33,1,7,Fz+Cz+F3+F4,4,0.4945890644537911,0.46086165738319884,0.03372740707059224
33,1,8,Fz+Cz+F3+F4,4,0.5542718414313745,0.5318899863646944,0.022381855066680112
33,1,13,Fz+Cz+F3+F4,4,0.5943411097099622,0.5944672131147541,-0.00012610340479191073
33,1,17,Fz+Cz+F3+F4,4,0.41770624685197544,0.41952770847243204,-0.0018214616204565992
33,1,18,Fz+Cz+F3+F4,4,0.5724216216216217,0.5390234234234235,0.033398198198198226
33,1,19,Fz+Cz+F3+F4,4,0.6432408575031525,0.6257250945775537,0.017515762925598866
33,1,20,Fz+Cz+F3+F4,4,0.5289641713560318,0.5439786657572141,-0.015014494401182299
33,1,32,Fz+Cz+F3+F4,4,0.6543531249999999,0.63618125,0.018171874999999837
33,1,33,Fz+Cz+F3+F4,4,0.5042544394876001,0.5071051806803102,-0.0028507411927101156
33,1,34,Fz+Cz+F3+F4,4,0.6424687108886109,0.6448967459324155,-0.0024280350438046217
33,1,35,Fz+Cz+F3+F4,4,0.553309481216458,0.5353839528258133,0.01792552839064465
33,1,38,Fz+Cz+F3+F4,4,0.6488280530338164,0.6214685945530434,0.027359458480773036
33,1,53,Fz+Cz+F3+F4,4,0.5163463475824954,0.4857172569333862,0.030629090649109236
33,1,54,Fz+Cz+F3+F4,4,0.578454385556504,0.5388052559426812,0.03964912961382272
33,1,68,Fz+Cz+F3+F4,4,0.6470116032985477,0.6032073268627308,0.04380427643581686
33,1,7,T5+T6+P3+P4,4,0.4945890644537911,0.5002046152097306,-0.005615550755939502
33,1,8,T5+T6+P3+P4,4,0.5542718414313745,0.5436063720110413,0.010665469420333196
33,1,13,T5+T6+P3+P4,4,0.5943411097099622,0.5812326607818411,0.01310844892812113
33,1,17,T5+T6+P3+P4,4,0.41770624685197544,0.451622916447037,-0.033916669595061566
33,1,18,T5+T6+P3+P4,4,0.5724216216216217,0.5440972972972973,0.028324324324324412
33,1,19,T5+T6+P3+P4,4,0.6432408575031525,0.5986506935687264,0.044590163934426164
33,1,20,T5+T6+P3+P4,4,0.5289641713560318,0.5247560582807556,0.004208113075276243
33,1,32,T5+T6+P3+P4,4,0.6543531249999999,0.6394593749999999,0.014893749999999928
33,1,33,T5+T6+P3+P4,4,0.5042544394876001,0.4951654096731817,0.009089029814418392
33,1,34,T5+T6+P3+P4,4,0.6424687108886109,0.6319148936170212,0.01055381727158966
33,1,35,T5+T6+P3+P4,4,0.553309481216458,0.538365467435235,0.014944013781223009
33,1,38,T5+T6+P3+P4,4,0.6488280530338164,0.6241741260029605,0.024653927030855893
33,1,53,T5+T6+P3+P4,4,0.5163463475824954,0.5078579460148059,0.008488401567689485
33,1,54,T5+T6+P3+P4,4,0.578454385556504,0.5754959778588242,0.0029584076976797435
33,1,68,T5+T6+P3+P4,4,0.6470116032985477,0.6315344571748279,0.015477146123719754
33,1,7,O1+O2+Oz+Pz,4,0.4945890644537911,0.49708991701716493,-0.0025008525633738454
33,1,8,O1+O2+Oz+Pz,4,0.5542718414313745,0.5506169144301439,0.003654927001230601
33,1,13,O1+O2+Oz+Pz,4,0.5943411097099622,0.6005044136191677,-0.0061633039092054975
33,1,17,O1+O2+Oz+Pz,4,0.41770624685197544,0.4191821578756252,-0.0014759110236497452
33,1,18,O1+O2+Oz+Pz,4,0.5724216216216217,0.5847351351351351,-0.012313513513513397
33,1,19,O1+O2+Oz+Pz,4,0.6432408575031525,0.6533322824716267,-0.01009142496847415
33,1,20,O1+O2+Oz+Pz,4,0.5289641713560318,0.5306210803539286,-0.0016569089978968332
33,1,32,O1+O2+Oz+Pz,4,0.6543531249999999,0.6631687500000001,-0.008815625000000216
33,1,33,O1+O2+Oz+Pz,4,0.5042544394876001,0.5041210714785844,0.00013336800901564416
33,1,34,O1+O2+Oz+Pz,4,0.6424687108886109,0.639793491864831,0.0026752190237798734
33,1,35,O1+O2+Oz+Pz,4,0.553309481216458,0.5586463923673226,-0.005336911150864654
33,1,38,O1+O2+Oz+Pz,4,0.6488280530338164,0.6608159317446906,-0.011987878710874145
33,1,53,O1+O2+Oz+Pz,4,0.5163463475824954,0.5152446752503949,0.0011016723321005673
33,1,54,O1+O2+Oz+Pz,4,0.578454385556504,0.5587769328263625,0.01967745273014143
33,1,68,O1+O2+Oz+Pz,4,0.6470116032985477,0.6535369383833223,-0.006525335084774597
33,2,9,Fp1,1,0.5447603121516166,0.5424934968413229,0.0022668153102937127
33,2,11,Fp1,1,0.5246324098436775,0.5223456121343446,0.002286797709332933
33,2,23,Fp1,1,0.6003489847715736,0.5961960659898478,0.004152918781725856
33,2,24,Fp1,1,0.49546988940487513,0.49478449803241387,0.0006853913724612637
33,2,27,Fp1,1,0.47401147149890877,0.4797979797979798,-0.005786508299071014
33,2,28,Fp1,1,0.5228661275831087,0.5182165318957772,0.004649595687331476
33,2,30,Fp1,1,0.621320438691626,0.6216156378548006,-0.0002951991631745532
33,2,36,Fp1,1,0.5128845563153726,0.5165543107489856,-0.0036697544336130594
33,2,37,Fp1,1,0.5068290761048,0.49623525291658466,0.010593823188215334
33,2,39,Fp1,1,0.4933666222955372,0.49567222261144267,-0.002305600315905487
33,2,43,Fp1,1,0.6147525212314224,0.6146463641188961,0.00010615711252637272
33,2,45,Fp1,1,0.5699484207342731,0.5736459209972649,-0.0036975002629917597
33,2,59,Fp1,1,0.5602948732063562,0.5687364673932989,-0.00844159418694268
33,2,62,Fp1,1,0.6436295657175727,0.6413970376761576,0.0022325280414150495
33,2,66,Fp1,1,0.6257184265010352,0.6199792960662526,0.00573913043478258
33,2,9,Fp2,1,0.5447603121516166,0.541898922333705,0.0028613898179116193
33,2,11,Fp2,1,0.5246324098436775,0.5257506577929112,-0.0011182479492336528
33,2,23,Fp2,1,0.6003489847715736,0.6029790609137056,-0.002630076142131954
33,2,24,Fp2,1,0.49546988940487513,0.4962942240623659,-0.0008243346574907662
33,2,27,Fp2,1,0.47401147149890877,0.4719398761484188,0.002071595350489952
33,2,28,Fp2,1,0.5228661275831087,0.528863432165319,-0.005997304582210261
33,2,30,Fp2,1,0.621320438691626,0.6202070244566089,0.0011134142350170961
33,2,36,Fp2,1,0.5128845563153726,0.5114942528735632,0.0013903034418093485
33,2,37,Fp2,1,0.5068290761048,0.501636132816775,0.005192943288024998
33,2,39,Fp2,1,0.4933666222955372,0.4936723372545523,-0.00030571495901510204
33,2,43,Fp2,1,0.6147525212314224,0.6120753715498938,0.0026771496815286566
33,2,45,Fp2,1,0.5699484207342731,0.5639176901430676,0.006030730591205513
33,2,59,Fp2,1,0.5602948732063562,0.5605866270321846,-0.00029175382582846687
33,2,62,Fp2,1,0.6436295657175727,0.6373633879781421,0.006266177739430612
33,2,66,Fp2,1,0.6257184265010352,0.6270931677018634,-0.0013747412008282556
33,2,9,Fz,1,0.5447603121516166,0.541007060572278,0.00375325157933859
33,2,11,Fz,1,0.5246324098436775,0.5155200433369448,0.00911236650673275
33,2,23,Fz,1,0.6003489847715736,0.600983502538071,-0.0006345177664973667
33,2,24,Fz,1,0.49546988940487513,0.500858837352431,-0.005388947947555844
33,2,27,Fz,1,0.47401147149890877,0.48083219125932697,-0.0068207197604182035
33,2,28,Fz,1,0.5228661275831087,0.5298517520215633,-0.0069856244384546295
33,2,30,Fz,1,0.621320438691626,0.6259505733922875,-0.004630134700661537
33,2,36,Fz,1,0.5128845563153726,0.5102615710428893,0.0026229852724832803
33,2,37,Fz,1,0.5068290761048,0.5012968678179789,0.005532208286821105
33,2,39,Fz,1,0.4933666222955372,0.48714404906725095,0.006222573228286232
33,2,43,Fz,1,0.6147525212314224,0.626423168789809,-0.011670647558386538
33,2,45,Fz,1,0.5699484207342731,0.5731906164527667,-0.0032421957184936012
33,2,59,Fz,1,0.5602948732063562,0.554393739219788,0.005901133986568219
33,2,62,Fz,1,0.6436295657175727,0.6464193270060397,-0.0027897612884669742
33,2,66,Fz,1,0.6257184265010352,0.6284099378881988,-0.0026915113871636143
33,2,9,F3,1,0.5447603121516166,0.5375325157933853,0.007227796358231231
33,2,11,F3,1,0.5246324098436775,0.5238159727596348,0.0008164370840427759
33,2,23,F3,1,0.6003489847715736,0.5905393401015229,0.009809644670050743
33,2,24,F3,1,0.49546988940487513,0.4923590518286428,0.003110837576232317
33,2,27,F3,1,0.47401147149890877,0.477615349474646,-0.0036038779757372463
33,2,28,F3,1,0.5228661275831087,0.5176999101527403,0.0051662174303683805
33,2,30,F3,1,0.621320438691626,0.626152720645331,-0.004832281953704998
33,2,36,F3,1,0.5128845563153726,0.5133048806117335,-0.00042032429636096325
33,2,37,F3,1,0.5068290761048,0.5104406067371463,-0.003611530632346316
33,2,39,F3,1,0.4933666222955372,0.4923698641479151,0.0009967581476220677
33,2,43,F3,1,0.6147525212314224,0.613047372611465,0.0017051486199574084
33,2,45,F3,1,0.5699484207342731,0.5731626735745844,-0.0032142528403112935
33,2,59,F3,1,0.5602948732063562,0.5610765532680098,-0.000781680061653578
33,2,62,F3,1,0.6436295657175727,0.6424971239574345,0.0011324417601381587
33,2,66,F3,1,0.6257184265010352,0.6241449275362319,0.0015734989648032993
33,2,9,F4,1,0.5447603121516166,0.5452805648457822,-0.0005202526941656682
33,2,11,F4,1,0.5246324098436775,0.5193158953722334,0.0053165144714441
33,2,23,F4,1,0.6003489847715736,0.6017417512690355,-0.0013927664974618947
33,2,24,F4,1,0.49546988940487513,0.491696973087898,0.0037729163169771263
33,2,27,F4,1,0.47401147149890877,0.4714925638292472,0.002518907669661563
33,2,28,F4,1,0.5228661275831087,0.5203616352201257,0.002504492362983002
33,2,30,F4,1,0.621320438691626,0.6184679163431241,0.0028525223485018625
33,2,36,F4,1,0.5128845563153726,0.5196582440144203,-0.006773687699047737
33,2,37,F4,1,0.5068290761048,0.49928863790574995,0.007540438199050037
33,2,39,F4,1,0.4933666222955372,0.4893222681502334,0.004044354145303797
33,2,43,F4,1,0.6147525212314224,0.6208333333333332,-0.006080812101910804
33,2,45,F4,1,0.5699484207342731,0.5711006535346097,-0.0011522328003366056
33,2,59,F4,1,0.5602948732063562,0.5548221953099197,0.005472677896436462
33,2,62,F4,1,0.6436295657175727,0.644165228645384,-0.0005356629278112646
33,2,66,F4,1,0.6257184265010352,0.6206418219461698,0.0050766045548653604
33,2,9,F7,1,0.5447603121516166,0.5413600891861762,0.0034002229654404026
33,2,11,F7,1,0.5246324098436775,0.5334855285559511,-0.008853118712273567
33,2,23,F7,1,0.6003489847715736,0.5967480964467005,0.0036008883248731527
33,2,24,F7,1,0.49546988940487513,0.49274044648352266,0.002729442921352465
33,2,27,F7,1,0.47401147149890877,0.4662009542662809,0.007810517232627878
33,2,28,F7,1,0.5228661275831087,0.5291442048517521,-0.006278077268643378
33,2,30,F7,1,0.621320438691626,0.6258061824972565,-0.004485743805630493
33,2,36,F7,1,0.5128845563153726,0.5071738040965453,0.00571075221882722
33,2,37,F7,1,0.5068290761048,0.5288594129621118,-0.022030336857311816
33,2,39,F7,1,0.4933666222955372,0.49554802590934277,-0.002181403613805588
33,2,43,F7,1,0.6147525212314224,0.616756236730361,-0.0020037154989385186
33,2,45,F7,1,0.5699484207342731,0.5603845597517358,0.009563860982537253
33,2,59,F7,1,0.5602948732063562,0.5438172043010753,0.016477668905280907
33,2,62,F7,1,0.6436295657175727,0.6434246476847857,0.00020491803278699372
33,2,66,F7,1,0.6257184265010352,0.6323229813664596,-0.006604554865424439
33,2,9,F8,1,0.5447603121516166,0.5402452619843924,0.004515050167224199
33,2,11,F8,1,0.5246324098436775,0.5161739668781923,0.008458442965485258
33,2,23,F8,1,0.6003489847715736,0.6050951776649746,-0.004746192893400947
33,2,24,F8,1,0.49546988940487513,0.4929390701057461,0.002530819299129017
33,2,27,F8,1,0.47401147149890877,0.4686564133800314,0.005355058118877376
33,2,28,F8,1,0.5228661275831087,0.5171720575022462,0.005694070080862534
33,2,30,F8,1,0.621320438691626,0.6206177363358083,0.0007027023558177081
33,2,36,F8,1,0.5128845563153726,0.5132038411174159,-0.0003192848020433514
33,2,37,F8,1,0.5068290761048,0.49956771072734035,0.007261365377459639
33,2,39,F8,1,0.4933666222955372,0.5016113725964755,-0.008244750300938297
33,2,43,F8,1,0.6147525212314224,0.6064921709129512,0.008260350318471277
33,2,45,F8,1,0.5699484207342731,0.5626668354197348,0.007281585314538264
33,2,59,F8,1,0.5602948732063562,0.5527358802157878,0.007558992990568392
33,2,62,F8,1,0.6436295657175727,0.6372016105838366,0.006427955133736063
33,2,66,F8,1,0.6257184265010352,0.6218178053830228,0.0039006211180123707
33,2,9,Cz,1,0.5447603121516166,0.5443701226309922,0.0003901895206244177
33,2,11,Cz,1,0.5246324098436775,0.5241448692152917,0.0004875406283858519
33,2,23,Cz,1,0.6003489847715736,0.5897588832487309,0.010590101522842676
33,2,24,Cz,1,0.49546988940487513,0.49278520673641807,0.0026846826684570613
33,2,27,Cz,1,0.47401147149890877,0.4736307801634435,0.00038069133546525524
33,2,28,Cz,1,0.5228661275831087,0.5206648697214735,0.002201257861635164
33,2,30,Cz,1,0.621320438691626,0.6204220064558774,0.0008984322357485919
33,2,36,Cz,1,0.5128845563153726,0.5149983025364955,-0.002113746221122925
33,2,37,Cz,1,0.5068290761048,0.5045527174032001,0.002276358701599923
33,2,39,Cz,1,0.4933666222955372,0.4966435045124802,-0.003276882216943
33,2,43,Cz,1,0.6147525212314224,0.6159733280254778,-0.0012208067940553402
33,2,45,Cz,1,0.5699484207342731,0.5702262058173784,-0.0002777850831052753
33,2,59,Cz,1,0.5602948732063562,0.5590691401519322,0.001225733054423972
33,2,62,Cz,1,0.6436295657175727,0.6347785447224619,0.008851020995110814
33,2,66,Cz,1,0.6257184265010352,0.6246542443064182,0.0010641821946169028
33,2,9,C3,1,0.5447603121516166,0.5421033073206987,0.0026570048309179084
33,2,11,C3,1,0.5246324098436775,0.5313380281690141,-0.00670561832533656
33,2,23,C3,1,0.6003489847715736,0.60123730964467,-0.0008883248730964244
33,2,24,C3,1,0.49546988940487513,0.4986851675711968,-0.0032152781663216667
33,2,27,C3,1,0.47401147149890877,0.4788430790315213,-0.004831607532612525
33,2,28,C3,1,0.5228661275831087,0.5074797843665768,0.015386343216531873
33,2,30,C3,1,0.621320438691626,0.6150570825338355,0.006263356157790501
33,2,36,C3,1,0.5128845563153726,0.5126663110076467,0.0002182453077258506
33,2,37,C3,1,0.5068290761048,0.5017455731389673,0.005083502965832709
33,2,39,C3,1,0.4933666222955372,0.49661165920424943,-0.003245036908712251
33,2,43,C3,1,0.6147525212314224,0.6188694267515925,-0.004116905520170078
33,2,45,C3,1,0.5699484207342731,0.5680754260467072,0.0018729946875658543
33,2,59,C3,1,0.5602948732063562,0.5610921501706484,-0.0007972769642922151
33,2,62,C3,1,0.6436295657175727,0.6391501294219154,0.00447943629565728
33,2,66,C3,1,0.6257184265010352,0.6266293995859213,-0.0009109730848861908
33,2,9,C4,1,0.5447603121516166,0.541898922333705,0.0028613898179116193
33,2,11,C4,1,0.5246324098436775,0.526965639993809,-0.0023332301501314268
33,2,23,C4,1,0.6003489847715736,0.5996954314720812,0.0006535532994924598
33,2,24,C4,1,0.49546988940487513,0.49519107032954734,0.00027881907532778527
33,2,27,C4,1,0.47401147149890877,0.47156235724074924,0.0024491142581595238
33,2,28,C4,1,0.5228661275831087,0.5255952380952381,-0.002729110512129429
33,2,30,C4,1,0.621320438691626,0.6250425150968701,-0.0037220764052441346
33,2,36,C4,1,0.5128845563153726,0.514476938745817,-0.0015923824304444611
33,2,37,C4,1,0.5068290761048,0.5068290761048,0.0
33,2,39,C4,1,0.4933666222955372,0.496764516683757,-0.003397894388219802
33,2,43,C4,1,0.6147525212314224,0.6106654723991507,0.0040870488322717335
33,2,45,C4,1,0.5699484207342731,0.5727813354723333,-0.0028329147380602437
33,2,59,C4,1,0.5602948732063562,0.5577434034276487,0.0025514697787074603
33,2,62,C4,1,0.6436295657175727,0.6446361806154731,-0.0010066148979004375
33,2,66,C4,1,0.6257184265010352,0.6262939958592132,-0.0005755693581780408
33,2,9,T3,1,0.5447603121516166,0.5503530286138982,-0.005592716462281655
33,2,11,T3,1,0.5246324098436775,0.5130823401950162,0.011550069648661343
33,2,23,T3,1,0.6003489847715736,0.5989562182741117,0.0013927664974618947
33,2,24,T3,1,0.49546988940487513,0.4993640314067775,-0.0038941420019023565
33,2,27,T3,1,0.47401147149890877,0.48560669509161974,-0.01159522359271098
33,2,28,T3,1,0.5228661275831087,0.5380952380952381,-0.015229110512129385
33,2,30,T3,1,0.621320438691626,0.5868880232565602,0.03443241543506581
33,2,36,T3,1,0.5128845563153726,0.5057228769581454,0.007161679357227113
33,2,37,T3,1,0.5068290761048,0.5018112373322827,0.005017838772517269
33,2,39,T3,1,0.4933666222955372,0.4873287518549892,0.006037870440547988
33,2,43,T3,1,0.6147525212314224,0.6184647027600848,-0.0037121815286623727
33,2,45,T3,1,0.5699484207342731,0.5702188091731538,-0.00027038843888071984
33,2,59,T3,1,0.5602948732063562,0.5607389261991266,-0.000444052992770394
33,2,62,T3,1,0.6436295657175727,0.6350553638193845,0.008574201898188138
33,2,66,T3,1,0.6257184265010352,0.620575569358178,0.005142857142857116
33,2,9,T4,1,0.5447603121516166,0.5466183574879228,-0.00185804533630618
33,2,11,T4,1,0.5246324098436775,0.5388562142083269,-0.014223804364649317
33,2,23,T4,1,0.6003489847715736,0.6081630710659899,-0.007814086294416267
33,2,24,T4,1,0.49546988940487513,0.5000876554952535,-0.004617766090378339
33,2,27,T4,1,0.47401147149890877,0.46950662402923715,0.004504847469671613
33,2,28,T4,1,0.5228661275831087,0.5310983827493262,-0.008232255166217506
33,2,30,T4,1,0.621320438691626,0.6104782868180738,0.010842151873552197
33,2,36,T4,1,0.5128845563153726,0.5135675832969591,-0.0006830269815865098
33,2,37,T4,1,0.5068290761048,0.5176910280823867,-0.010861951977586659
33,2,39,T4,1,0.4933666222955372,0.4932042112235604,0.00016241107197678684
33,2,43,T4,1,0.6147525212314224,0.5651638800424629,0.04958864118895956
33,2,45,T4,1,0.5699484207342731,0.5674278087523669,0.002520611981906229
33,2,59,T4,1,0.5602948732063562,0.5719338324342178,-0.011638959227861623
33,2,62,T4,1,0.6436295657175727,0.643421052631579,0.0002085130859936779
33,2,66,T4,1,0.6257184265010352,0.6120289855072464,0.01368944099378877
33,2,9,Pz,1,0.5447603121516166,0.5429208472686734,0.001839464882943176
33,2,11,Pz,1,0.5246324098436775,0.5265941804674199,-0.001961770623742365
33,2,23,Pz,1,0.6003489847715736,0.5953140862944163,0.0050348984771573235
33,2,24,Pz,1,0.49546988940487513,0.49606109774520224,-0.0005912083403271096
33,2,27,Pz,1,0.47401147149890877,0.47618141211106035,-0.0021699406121515885
33,2,28,Pz,1,0.5228661275831087,0.5242812219227313,-0.0014150943396226134
33,2,30,Pz,1,0.621320438691626,0.6227515128957113,-0.0014310742040852809
33,2,36,Pz,1,0.5128845563153726,0.5148083482871786,-0.0019237919718060326
33,2,37,Pz,1,0.5068290761048,0.5056088165123558,0.0012202595924442061
33,2,39,Pz,1,0.4933666222955372,0.4912234330516085,0.0021431892439287004
33,2,43,Pz,1,0.6147525212314224,0.6120720541401274,0.0026804670912949913
33,2,45,Pz,1,0.5699484207342731,0.572293156953503,-0.002344736219229926
33,2,59,Pz,1,0.5602948732063562,0.5613728944181438,-0.001078021211787572
33,2,62,Pz,1,0.6436295657175727,0.6443090307736555,-0.0006794650560828508
33,2,66,Pz,1,0.6257184265010352,0.6214451345755694,0.004273291925465772
33,2,9,P3,1,0.5447603121516166,0.5400408769973988,0.004719435154217799
33,2,11,P3,1,0.5246324098436775,0.5217690759944281,0.0028633338492494165
33,2,23,P3,1,0.6003489847715736,0.6052950507614213,-0.004946065989847703
33,2,24,P3,1,0.49546988940487513,0.49723605438370727,-0.001766164978832141
33,2,27,P3,1,0.47401147149890877,0.4736022283132836,0.00040924318562518547
33,2,28,P3,1,0.5228661275831087,0.5253593890386343,-0.0024932614555256416
33,2,30,P3,1,0.621320438691626,0.6224306442400868,-0.001110205548460752
33,2,36,P3,1,0.5128845563153726,0.5070727646022277,0.0058117917131448316
33,2,37,P3,1,0.5068290761048,0.5078523431172981,-0.001023267012498108
33,2,39,P3,1,0.4933666222955372,0.49119795680502387,0.0021686654905133107
33,2,43,P3,1,0.6147525212314224,0.6155321125265393,-0.0007795912951168438
33,2,45,P3,1,0.5699484207342731,0.5710283307910794,-0.0010799100568062991
33,2,59,P3,1,0.5602948732063562,0.5551910161840801,0.005103857022276115
33,2,62,P3,1,0.6436295657175727,0.6417888984756973,0.0018406672418753711
33,2,66,P3,1,0.6257184265010352,0.627896480331263,-0.002178053830227844
33,2,9,P4,1,0.5447603121516166,0.5360832404310665,0.0086770717205501
33,2,11,P4,1,0.5246324098436775,0.5157251199504721,0.008907289893205439
33,2,23,P4,1,0.6003489847715736,0.6035596446700506,-0.0032106598984770196
33,2,24,P4,1,0.49546988940487513,0.4924849400399112,0.002984949364963907
33,2,27,P4,1,0.47401147149890877,0.4734023653621643,0.000609106136744475
33,2,28,P4,1,0.5228661275831087,0.5189240790655885,0.003942048517520225
33,2,30,P4,1,0.621320438691626,0.6241248307417842,-0.0028043920501581443
33,2,36,P4,1,0.5128845563153726,0.5154954168485378,-0.0026108605331652823
33,2,37,P4,1,0.5068290761048,0.505023310788627,0.001805765316173047
33,2,39,P4,1,0.4933666222955372,0.4930863835831067,0.0002802387124304917
33,2,43,P4,1,0.6147525212314224,0.6133857484076433,0.001366772823779172
33,2,45,P4,1,0.5699484207342731,0.5677450426046707,0.0022033781296023625
33,2,59,P4,1,0.5602948732063562,0.5616444640170282,-0.0013495908106719856
33,2,62,P4,1,0.6436295657175727,0.6508448375035951,-0.007215271786022437
33,2,66,P4,1,0.6257184265010352,0.629287784679089,-0.0035693581780538164
33,2,9,T5,1,0.5447603121516166,0.5569676700111483,-0.012207357859531753
33,2,11,T5,1,0.5246324098436775,0.5231620492183873,0.001470360625290268
33,2,23,T5,1,0.6003489847715736,0.5929917512690356,0.00735723350253803
33,2,24,T5,1,0.49546988940487513,0.4970877860459912,-0.0016178966411160567
33,2,27,T5,1,0.47401147149890877,0.4807338459976651,-0.006722374498756345
33,2,28,T5,1,0.5228661275831087,0.5274595687331537,-0.004593441150045008
33,2,30,T5,1,0.621320438691626,0.62032574585919,0.0009946928324360282
33,2,36,T5,1,0.5128845563153726,0.5094209224501673,0.0034636338652052068
33,2,37,T5,1,0.5068290761048,0.5119508831834001,-0.005121807078600105
33,2,39,T5,1,0.4933666222955372,0.4941691240629518,-0.0008025017674146429
33,2,43,T5,1,0.6147525212314224,0.6149183917197452,-0.000165870488322728
33,2,45,T5,1,0.5699484207342731,0.568140352146013,0.0018080685882601033
33,2,59,T5,1,0.5602948732063562,0.5535074681639693,0.00678740504238684
33,2,62,T5,1,0.6436295657175727,0.6439890710382513,-0.0003595053206786325
33,2,66,T5,1,0.6257184265010352,0.6260289855072464,-0.00031055900621124177
33,2,9,T6,1,0.5447603121516166,0.5382199925678187,0.00654031958379786
33,2,11,T6,1,0.5246324098436775,0.5228060671722643,0.0018263426714132391
33,2,23,T6,1,0.6003489847715736,0.6093210659898478,-0.008972081218274197
33,2,24,T6,1,0.49546988940487513,0.5013922303661016,-0.005922340961226458
33,2,27,T6,1,0.47401147149890877,0.4686691030912137,0.005342368407695086
33,2,28,T6,1,0.5228661275831087,0.5113544474393531,0.011511680143755587
33,2,30,T6,1,0.621320438691626,0.6252992100213698,-0.00397877132974378
33,2,36,T6,1,0.5128845563153726,0.5189509675541976,-0.006066411238825009
33,2,37,T6,1,0.5068290761048,0.5165802088121347,-0.009751132707334742
33,2,39,T6,1,0.4933666222955372,0.4876886038379965,0.005678018457540679
33,2,43,T6,1,0.6147525212314224,0.6132032908704883,0.0015492303609341285
33,2,45,T6,1,0.5699484207342731,0.5589216678939617,0.011026752840311405
33,2,59,T6,1,0.5602948732063562,0.562648170575067,-0.002353297368710816
33,2,62,T6,1,0.6436295657175727,0.6409692263445499,0.002660339373022791
33,2,66,T6,1,0.6257184265010352,0.6259337474120082,-0.00021532091097309358
33,2,9,Oz,1,0.5447603121516166,0.5416573764399851,0.0031029357116314493
33,2,11,Oz,1,0.5246324098436775,0.5215523912707011,0.0030800185729764618
33,2,23,Oz,1,0.6003489847715736,0.5937563451776651,0.006592639593908545
33,2,24,Oz,1,0.49546988940487513,0.49258192058785133,0.0028879688170238005
33,2,27,Oz,1,0.47401147149890877,0.47450319780721795,-0.0004917263083091816
33,2,28,Oz,1,0.5228661275831087,0.5190026954177898,0.003863432165318925
33,2,30,Oz,1,0.621320438691626,0.6173127891828758,0.004007649508750211
33,2,36,Oz,1,0.5128845563153726,0.5060340786006434,0.006850477714729131
33,2,37,Oz,1,0.5068290761048,0.5071957011841443,-0.0003666250793442627
33,2,39,Oz,1,0.4933666222955372,0.4947200478953436,-0.0013534255998063904
33,2,43,Oz,1,0.6147525212314224,0.6149283439490446,-0.00017582271762217605
33,2,45,Oz,1,0.5699484207342731,0.570047042657269,-9.862192299592287e-05
33,2,59,Oz,1,0.5602948732063562,0.5635812323388014,-0.003286359132445238
33,2,62,Oz,1,0.6436295657175727,0.6434426229508196,0.0001869427667531287
33,2,66,Oz,1,0.6257184265010352,0.6286335403726708,-0.0029151138716356773
33,2,9,O1,1,0.5447603121516166,0.5473801560758083,-0.0026198439241916782
33,2,11,O1,1,0.5246324098436775,0.526853428261879,-0.002221018418201437
33,2,23,O1,1,0.6003489847715736,0.6028426395939086,-0.0024936548223349897
33,2,24,O1,1,0.49546988940487513,0.4949281038437867,0.0005417855610884148
33,2,27,O1,1,0.47401147149890877,0.4741002994771839,-8.88279782751411e-05
33,2,28,O1,1,0.5228661275831087,0.5232816711590297,-0.0004155435759209958
33,2,30,O1,1,0.621320438691626,0.6206498232013707,0.0006706154902552663
33,2,36,O1,1,0.5128845563153726,0.5117892881969704,0.001095268118402104
33,2,37,O1,1,0.5068290761048,0.5059644975594808,0.0008645785453191834
33,2,39,O1,1,0.4933666222955372,0.4906470329726321,0.0027195893229050583
33,2,43,O1,1,0.6147525212314224,0.6125995222929936,0.002152998938428796
33,2,45,O1,1,0.5699484207342731,0.5664300836313907,0.0035183371028824073
33,2,59,O1,1,0.5602948732063562,0.5592416235458182,0.0010532496605379915
33,2,62,O1,1,0.6436295657175727,0.6432305148116192,0.0003990509059534908
33,2,66,O1,1,0.6257184265010352,0.6284720496894409,-0.002753623188405774
33,2,9,O2,1,0.5447603121516166,0.5396878483835005,0.005072463768116098
33,2,11,O2,1,0.5246324098436775,0.521111283083114,0.0035211267605634866
33,2,23,O2,1,0.6003489847715736,0.5945177664974619,0.005831218274111705
33,2,24,O2,1,0.49546988940487513,0.4915421772133013,0.00392771219157384
33,2,27,O2,1,0.47401147149890877,0.4723173950560885,0.0016940764428202693
33,2,28,O2,1,0.5228661275831087,0.52151841868823,0.0013477088948786742
33,2,30,O2,1,0.621320438691626,0.6259858689444062,-0.004665430252780212
33,2,36,O2,1,0.5128845563153726,0.5254538694084744,-0.01256931309310183
33,2,37,O2,1,0.5068290761048,0.5088208899687001,-0.001991813863900127
33,2,39,O2,1,0.4933666222955372,0.49923571260246224,-0.005869090306925062
33,2,43,O2,1,0.6147525212314224,0.6119493099787686,0.0028032112526538144
33,2,45,O2,1,0.5699484207342731,0.5737848135388176,-0.0038363928045445084
33,2,59,O2,1,0.5602948732063562,0.5657363572975155,-0.005441484091159299
33,2,62,O2,1,0.6436295657175727,0.6443270060396894,-0.0006974403221167158
33,2,66,O2,1,0.6257184265010352,0.6195569358178055,0.006161490683229687
33,2,9,Fp1+Fp2,2,0.5447603121516166,0.5382757339279078,0.006484578223708737
33,2,11,Fp1+Fp2,2,0.5246324098436775,0.5241023061445597,0.0005301036991178787
33,2,23,Fp1+Fp2,2,0.6003489847715736,0.5982550761421319,0.0020939086294416986
33,2,24,Fp1+Fp2,2,0.49546988940487513,0.4953393386672635,0.00013055073761164548
33,2,27,Fp1+Fp2,2,0.47401147149890877,0.47861783665803764,-0.004606365159128878
33,2,28,Fp1+Fp2,2,0.5228661275831087,0.521765498652291,0.0011006289308176376
33,2,30,Fp1+Fp2,2,0.621320438691626,0.6196968432941659,0.0016235953974601536
33,2,36,Fp1+Fp2,2,0.5128845563153726,0.5173787930226167,-0.004494236707244137
33,2,37,Fp1+Fp2,2,0.5068290761048,0.4909164532580384,0.015912622846761593
33,2,39,Fp1+Fp2,2,0.4933666222955372,0.49617537848148835,-0.0028087561859511667
33,2,43,Fp1+Fp2,2,0.6147525212314224,0.6111597664543524,0.0035927547770699952
33,2,45,Fp1+Fp2,2,0.5699484207342731,0.5683244464022722,0.0016239743320008992
33,2,59,Fp1+Fp2,2,0.5602948732063562,0.5710099453190943,-0.010715072112738144
33,2,62,Fp1+Fp2,2,0.6436295657175727,0.6360835490365258,0.00754601668104693
33,2,66,Fp1+Fp2,2,0.6257184265010352,0.6202981366459627,0.00542028985507248
33,2,9,F7+F8+T3+T4,4,0.5447603121516166,0.5577108881456707,-0.012950575994054137
33,2,11,F7+F8+T3+T4,4,0.5246324098436775,0.5340698034360006,-0.009437393592323096
33,2,23,F7+F8+T3+T4,4,0.6003489847715736,0.6133185279187817,-0.012969543147208107
33,2,24,F7+F8+T3+T4,4,0.49546988940487513,0.5020328614856674,-0.006562972080792262
33,2,27,F7+F8+T3+T4,4,0.47401147149890877,0.4648717070199482,0.009139764478960588
33,2,28,F7+F8+T3+T4,4,0.5228661275831087,0.5511118598382749,-0.028245732255166245
33,2,30,F7+F8+T3+T4,4,0.621320438691626,0.5759528194728769,0.0453676192187491
33,2,36,F7+F8+T3+T4,4,0.5128845563153726,0.49112469081914745,0.021759865496225106
33,2,37,F7+F8+T3+T4,4,0.5068290761048,0.5254120428130541,-0.0185829667082541
33,2,39,F7+F8+T3+T4,4,0.4933666222955372,0.4945958511932437,-0.0012292288977064914
33,2,43,F7+F8+T3+T4,4,0.6147525212314224,0.569400212314225,0.04535230891719744
33,2,45,F7+F8+T3+T4,4,0.5699484207342731,0.5591493201662108,0.010799100568062325
33,2,59,F7+F8+T3+T4,4,0.5602948732063562,0.5559176483540681,0.004377224852288086
33,2,62,F7+F8+T3+T4,4,0.6436295657175727,0.6322404371584699,0.01138912855910279
33,2,66,F7+F8+T3+T4,4,0.6257184265010352,0.6084679089026914,0.01725051759834373
33,2,9,Fz+Cz+F3+F4,4,0.5447603121516166,0.536231884057971,0.008528428093645624
33,2,11,Fz+Cz+F3+F4,4,0.5246324098436775,0.5087447763504102,0.015887633493267383
33,2,23,Fz+Cz+F3+F4,4,0.6003489847715736,0.5738293147208122,0.02651967005076139
33,2,24,Fz+Cz+F3+F4,4,0.49546988940487513,0.48602361103340236,0.009446278371472772
33,2,27,Fz+Cz+F3+F4,4,0.47401147149890877,0.4816760570529415,-0.00766458555403271
33,2,28,Fz+Cz+F3+F4,4,0.5228661275831087,0.5189240790655885,0.003942048517520225
33,2,30,Fz+Cz+F3+F4,4,0.621320438691626,0.6268393795683674,-0.005518940876741429
33,2,36,Fz+Cz+F3+F4,4,0.5128845563153726,0.5217194496984981,-0.008834893383125597
33,2,37,Fz+Cz+F3+F4,4,0.5068290761048,0.4930450675246788,0.013784008580121188
33,2,39,Fz+Cz+F3+F4,4,0.4933666222955372,0.4833576419186161,0.010008980376921106
33,2,43,Fz+Cz+F3+F4,4,0.6147525212314224,0.6356157112526538,-0.02086319002123138
33,2,45,Fz+Cz+F3+F4,4,0.5699484207342731,0.5794679018514622,-0.009519481117189144
33,2,59,Fz+Cz+F3+F4,4,0.5602948732063562,0.5483669125472495,0.011927960659106729
33,2,62,Fz+Cz+F3+F4,4,0.6436295657175727,0.6363603681334484,0.007269197584124254
33,2,66,Fz+Cz+F3+F4,4,0.6257184265010352,0.6170559006211179,0.008662525879917227
33,2,9,T5+T6+P3+P4,4,0.5447603121516166,0.5373467112597548,0.007413600891861827
33,2,11,T5+T6+P3+P4,4,0.5246324098436775,0.5060671722643554,0.018565237579322158
33,2,23,T5+T6+P3+P4,4,0.6003489847715736,0.6150793147208122,-0.014730329949238619
33,2,24,T5+T6+P3+P4,4,0.49546988940487513,0.5052080419254369,-0.00973815252056176
33,2,27,T5+T6+P3+P4,4,0.47401147149890877,0.4740051266433176,6.344855591144949e-06
33,2,28,T5+T6+P3+P4,4,0.5228661275831087,0.516048966756514,0.00681716082659467
33,2,30,T5+T6+P3+P4,4,0.621320438691626,0.6292138076199888,-0.007893368928362787
33,2,36,T5+T6+P3+P4,4,0.5128845563153726,0.5111022196356111,0.0017823366797614648
33,2,37,T5+T6+P3+P4,4,0.5068290761048,0.5210125418609233,-0.014183465756123281
33,2,39,T5+T6+P3+P4,4,0.4933666222955372,0.4865676489882746,0.00679897330726259
33,2,43,T5+T6+P3+P4,4,0.6147525212314224,0.6129876592356687,0.0017648619957537637
33,2,45,T5+T6+P3+P4,4,0.5699484207342731,0.5539913935935199,0.0159570271407532
33,2,59,T5+T6+P3+P4,4,0.5602948732063562,0.5463650042203384,0.01392986898601778
33,2,62,T5+T6+P3+P4,4,0.6436295657175727,0.6487057808455565,-0.005076215127983841
33,2,66,T5+T6+P3+P4,4,0.6257184265010352,0.6347950310559005,-0.009076604554865364
33,2,9,O1+O2+Oz+Pz,4,0.5447603121516166,0.541304347826087,0.003455964325529526
33,2,11,O1+O2+Oz+Pz,4,0.5246324098436775,0.5235335087447763,0.001098901098901206
33,2,23,O1+O2+Oz+Pz,4,0.6003489847715736,0.5839244923857868,0.016424492385786804
33,2,24,O1+O2+Oz+Pz,4,0.49546988940487513,0.48848542494265096,0.006984464462224171
33,2,27,O1+O2+Oz+Pz,4,0.47401147149890877,0.4744873356682402,-0.0004758641693314303
33,2,28,O1+O2+Oz+Pz,4,0.5228661275831087,0.5188566936208445,0.004009433962264164
33,2,30,O1+O2+Oz+Pz,4,0.621320438691626,0.620482971500446,0.0008374671911800524
33,2,36,O1+O2+Oz+Pz,4,0.5128845563153726,0.5169584687262557,-0.004073912410883174
33,2,37,O1+O2+Oz+Pz,4,0.5068290761048,0.5079563114233809,-0.0011272353185809436
33,2,39,O1+O2+Oz+Pz,4,0.4933666222955372,0.49587284805329634,-0.002506225757759162
33,2,43,O1+O2+Oz+Pz,4,0.6147525212314224,0.608900610403397,0.005851910828025386
33,2,45,O1+O2+Oz+Pz,4,0.5699484207342731,0.5727813354723332,-0.0028329147380601327
33,2,59,O1+O2+Oz+Pz,4,0.5602948732063562,0.5692117141913464,-0.008916840984990237
33,2,62,O1+O2+Oz+Pz,4,0.6436295657175727,0.644434857635893,-0.00080529191832035
33,2,66,O1+O2+Oz+Pz,4,0.6257184265010352,0.6201325051759835,0.005585921325051646
33,3,0,Fp1,1,0.5991692540068809,0.6007510279432744,-0.0015817739363934713
33,3,4,Fp1,1,0.5722748106815464,0.5720663943138037,0.00020841636774271421
33,3,6,Fp1,1,0.5750248340042872,0.5685679928896324,0.006456841114654721
33,3,12,Fp1,1,0.550102175821009,0.5566551828030234,-0.006553006982014442
33,3,14,Fp1,1,0.5263512992520626,0.5274564988305447,-0.0011051995784820967
33,3,16,Fp1,1,0.5572171523248475,0.5624572638333685,-0.005240111508520995
33,3,22,Fp1,1,0.5649472373336829,0.5647342203578685,0.00021301697581443957
33,3,40,Fp1,1,0.5438606451612903,0.5368877419354838,0.006972903225806459
33,3,41,Fp1,1,0.48091712580348944,0.4768135904499541,0.004103535353535359
33,3,42,Fp1,1,0.5283144461058209,0.5249370425749587,0.003377403530862244
33,3,46,Fp1,1,0.5467009670422857,0.5493835716964824,-0.002682604654196785
33,3,48,Fp1,1,0.6710046988015417,0.6689298347500132,0.0020748640515284578
33,3,57,Fp1,1,0.6215570175438596,0.6208333333333333,0.0007236842105262653
33,3,70,Fp1,1,0.5369683408899095,0.5378761114055233,-0.0009077705156137483
33,3,0,Fp2,1,0.5991692540068809,0.6003104808257111,-0.001141226818830221
33,3,4,Fp2,1,0.5722748106815464,0.5718671117311014,0.00040769895044501236
33,3,6,Fp2,1,0.5750248340042872,0.5727505620327287,0.0022742719715584947
33,3,12,Fp2,1,0.550102175821009,0.5431299859835733,0.006972189837435638
33,3,14,Fp2,1,0.5263512992520626,0.5207674711491506,0.005583828102912025
33,3,16,Fp2,1,0.5572171523248475,0.570074163686093,-0.012857011361245507
33,3,22,Fp2,1,0.5649472373336829,0.5678114963623255,-0.002864259028642624
33,3,40,Fp2,1,0.5438606451612903,0.541625806451613,0.0022348387096773337
33,3,41,Fp2,1,0.48091712580348944,0.47415442301805943,0.006762702785430008
33,3,42,Fp2,1,0.5283144461058209,0.5261732378479054,0.002141208257915528
33,3,46,Fp2,1,0.5467009670422857,0.5472758108967564,-0.000574843854470708
33,3,48,Fp2,1,0.6710046988015417,0.6689298347500132,0.0020748640515284578
33,3,57,Fp2,1,0.6215570175438596,0.6280043859649124,-0.006447368421052757
33,3,70,Fp2,1,0.5369683408899095,0.5363844236393256,0.0005839172505839318
33,3,0,Fz,1,0.5991692540068809,0.5993874297222456,-0.00021817571536464353
33,3,4,Fz,1,0.5722748106815464,0.5726277069217484,-0.00035289624020196086
33,3,6,Fz,1,0.5750248340042872,0.5730485700841742,0.001976263920112964
33,3,12,Fz,1,0.550102175821009,0.5485433395774113,0.00155883624359765
33,3,14,Fz,1,0.5263512992520626,0.5283368031459634,-0.001985503893900842
33,3,16,Fz,1,0.5572171523248475,0.5598832316431727,-0.0026660793183251874
33,3,22,Fz,1,0.5649472373336829,0.5627121976797536,0.0022350396539293493
33,3,40,Fz,1,0.5438606451612903,0.5403922580645162,0.003468387096774106
33,3,41,Fz,1,0.48091712580348944,0.4809426334047546,-2.5507601265184476e-05
33,3,42,Fz,1,0.5283144461058209,0.5300392172293487,-0.0017247711235277574
33,3,46,Fz,1,0.5467009670422857,0.547956654327229,-0.0012556872849432965
33,3,48,Fz,1,0.6710046988015417,0.6698590359537512,0.0011456628477904962
33,3,57,Fz,1,0.6215570175438596,0.612734962406015,0.00882205513784462
33,3,70,Fz,1,0.5369683408899095,0.529033935896681,0.007934404993228505
33,3,0,F3,1,0.5991692540068809,0.6010615087689856,-0.0018922547621046393
33,3,4,F3,1,0.5722748106815464,0.5626203998937159,0.00965441078783047
33,3,6,F3,1,0.5750248340042872,0.5718617660898206,0.003163067914466522
33,3,12,F3,1,0.550102175821009,0.5456549077142745,0.004447268106734459
33,3,14,F3,1,0.5263512992520626,0.5347334669853754,-0.008382167733312795
33,3,16,F3,1,0.5572171523248475,0.54703936987166,0.010177782453187456
33,3,22,F3,1,0.5649472373336829,0.5680245133381399,-0.0030772760044569525
33,3,40,F3,1,0.5438606451612903,0.5474683870967743,-0.0036077419354839657
33,3,41,F3,1,0.48091712580348944,0.4810956790123457,-0.00017855320885623582
33,3,42,F3,1,0.5283144461058209,0.5210874583562866,0.0072269877495343415
33,3,46,F3,1,0.5467009670422857,0.529007191663541,0.017693775378744614
33,3,48,F3,1,0.6710046988015417,0.6828836914629639,-0.011878992661422227
33,3,57,F3,1,0.6215570175438596,0.6182644110275689,0.003292606516290708
33,3,70,F3,1,0.5369683408899095,0.5378564839349154,-0.0008881430450058403
33,3,0,F4,1,0.5991692540068809,0.5919274985315096,0.007241755475371314
33,3,4,F4,1,0.5722748106815464,0.5703035738009832,0.0019712368805632208
33,3,6,F4,1,0.5750248340042872,0.5673184503581326,0.007706383646154613
33,3,12,F4,1,0.550102175821009,0.5245778697651265,0.025524306055882406
33,3,14,F4,1,0.5263512992520626,0.5278548847251137,-0.0015035854730510723
33,3,16,F4,1,0.5572171523248475,0.5639102934988428,-0.006693141173995332
33,3,22,F4,1,0.5649472373336829,0.5673592449367504,-0.0024120076030674786
33,3,40,F4,1,0.5438606451612903,0.5416670967741936,0.002193548387096733
33,3,41,F4,1,0.48091712580348944,0.4951089174574023,-0.014191791653912877
33,3,42,F4,1,0.5283144461058209,0.532901812649196,-0.004587366543375104
33,3,46,F4,1,0.5467009670422857,0.5567423884150617,-0.010041421372776083
33,3,48,F4,1,0.6710046988015417,0.6680111926508632,0.0029935061506785043
33,3,57,F4,1,0.6215570175438596,0.6209116541353383,0.0006453634085212823
33,3,70,F4,1,0.5369683408899095,0.5350742899762508,0.0018940509136586847
33,3,0,F7,1,0.5991692540068809,0.6050180414533859,-0.005848787446504966
33,3,4,F7,1,0.5722748106815464,0.5689127474425402,0.00336206323900623
33,3,6,F7,1,0.5750248340042872,0.5837245778219272,-0.008699743817640049
33,3,12,F7,1,0.550102175821009,0.5522144644284049,-0.0021122886073959846
33,3,14,F7,1,0.5263512992520626,0.5375671472999717,-0.011215848047909094
33,3,16,F7,1,0.5572171523248475,0.5436566379128971,0.013560514411950386
33,3,22,F7,1,0.5649472373336829,0.5566199121714623,0.008327325162220567
33,3,40,F7,1,0.5438606451612903,0.5443303225806451,-0.0004696774193547748
33,3,41,F7,1,0.48091712580348944,0.4799350831547801,0.0009820426487093248
33,3,42,F7,1,0.5283144461058209,0.5157557514231002,0.01255869468272075
33,3,46,F7,1,0.5467009670422857,0.5413806037083544,0.005320363333931266
33,3,48,F7,1,0.6710046988015417,0.6738345388311071,-0.0028298400295654336
33,3,57,F7,1,0.6215570175438596,0.6116635338345865,0.009893483709273121
33,3,70,F7,1,0.5369683408899095,0.5359918742271683,0.0009764666627412044
33,3,0,F8,1,0.5991692540068809,0.5882059243098094,0.010963329697071478
33,3,4,F8,1,0.5722748106815464,0.5616032283778398,0.010671582303706573
33,3,6,F8,1,0.5750248340042872,0.569028075495373,0.005996758508914124
33,3,12,F8,1,0.550102175821009,0.5440764222743291,0.006025753546679891
33,3,14,F8,1,0.5263512992520626,0.5200992109389055,0.006252088313157045
33,3,16,F8,1,0.5572171523248475,0.5515496791500105,0.005667473174836957
33,3,22,F8,1,0.5649472373336829,0.5739726027397261,-0.009025365406043151
33,3,40,F8,1,0.5438606451612903,0.5452748387096774,-0.0014141935483871215
33,3,41,F8,1,0.48091712580348944,0.4781654933170085,0.002751632486480915
33,3,42,F8,1,0.5283144461058209,0.5448538863093834,-0.01653944020356246
33,3,46,F8,1,0.5467009670422857,0.5501418763555715,-0.0034409093132858892
33,3,48,F8,1,0.6710046988015417,0.6638403463386305,0.007164352462911139
33,3,57,F8,1,0.6215570175438596,0.6170112781954887,0.004545739348370881
33,3,70,F8,1,0.5369683408899095,0.531163516457634,0.005804824432275479
33,3,0,Cz,1,0.5991692540068809,0.5950868507174625,0.004082403289418446
33,3,4,Cz,1,0.5722748106815464,0.5690813072937425,0.0031935033878038865
33,3,6,Cz,1,0.5750248340042872,0.5782506404559,-0.003225806451612856
33,3,12,Cz,1,0.550102175821009,0.5717948885890567,-0.02169271276804774
33,3,14,Cz,1,0.5263512992520626,0.5247159894106459,0.0016353098414166878
33,3,16,Cz,1,0.5572171523248475,0.5558989059541342,0.0013182463707133163
33,3,22,Cz,1,0.5649472373336829,0.5613226715605951,0.0036245657730877845
33,3,40,Cz,1,0.5438606451612903,0.5437316129032258,0.0001290322580644876
33,3,41,Cz,1,0.48091712580348944,0.46431167737985923,0.01660544842363021
33,3,42,Cz,1,0.5283144461058209,0.5328854174864248,-0.0045709713806039165
33,3,46,Cz,1,0.5467009670422857,0.5512997178780515,-0.004598750835765886
33,3,48,Cz,1,0.6710046988015417,0.6803389472572725,-0.009334248455730831
33,3,57,Cz,1,0.6215570175438596,0.6143452380952381,0.0072117794486215026
33,3,70,Cz,1,0.5369683408899095,0.5438281418673576,-0.006859800977448094
33,3,0,C3,1,0.5991692540068809,0.6067886212973064,-0.0076193672904254495
33,3,4,C3,1,0.5722748106815464,0.5724176298658163,-0.00014281918426994888
33,3,6,C3,1,0.5750248340042872,0.5729910597584567,0.002033774245830511
33,3,12,C3,1,0.550102175821009,0.5649536933939402,-0.014851517572931239
33,3,14,C3,1,0.5263512992520626,0.5233023620428201,0.003048937209242486
33,3,16,C3,1,0.5572171523248475,0.560494687565748,-0.0032775352409005754
33,3,22,C3,1,0.5649472373336829,0.5639968539031265,0.0009503834305564229
33,3,40,C3,1,0.5438606451612903,0.5384670967741936,0.005393548387096714
33,3,41,C3,1,0.48091712580348944,0.4795747882869095,0.0013423375165799167
33,3,42,C3,1,0.5283144461058209,0.5322755174313372,-0.003961071325516263
33,3,46,C3,1,0.5467009670422857,0.5368878524485903,0.009813114593695382
33,3,48,C3,1,0.6710046988015417,0.6618816324375693,0.00912306636397242
33,3,57,C3,1,0.6215570175438596,0.6158552631578948,0.0057017543859647635
33,3,70,C3,1,0.5369683408899095,0.5347798779171328,0.00218846297277675
33,3,0,C4,1,0.5991692540068809,0.5986196190316355,0.0005496349752454055
33,3,4,C4,1,0.5722748106815464,0.5738101169124485,-0.0015353062309021448
33,3,6,C4,1,0.5750248340042872,0.576237779055785,-0.0012129450514978268
33,3,12,C4,1,0.550102175821009,0.5505017094800823,-0.0003995336590733034
33,3,14,C4,1,0.5263512992520626,0.5220782892538618,0.004273009998200794
33,3,16,C4,1,0.5572171523248475,0.5574932937092363,-0.0002761413843888061
33,3,22,C4,1,0.5649472373336829,0.5648980795700334,4.9157763649554376e-05
33,3,40,C4,1,0.5438606451612903,0.5464567741935484,-0.002596129032258143
33,3,41,C4,1,0.48091712580348944,0.4763289460259157,0.004588179777573753
33,3,42,C4,1,0.5283144461058209,0.5277242202460586,0.0005902258597623167
33,3,46,C4,1,0.5467009670422857,0.5509654115229693,-0.004264444480683638
33,3,48,C4,1,0.6710046988015417,0.6767330130404942,-0.005728314238952481
33,3,57,C4,1,0.6215570175438596,0.6247431077694237,-0.003186090225564042
33,3,70,C4,1,0.5369683408899095,0.5368505760662623,0.00011776482364722618
33,3,0,T3,1,0.5991692540068809,0.5879332046656038,0.011236049341277088
33,3,4,T3,1,0.5722748106815464,0.5795345091005712,-0.0072596984190248515
33,3,6,T3,1,0.5750248340042872,0.5599048465519946,0.015119987452292594
33,3,12,T3,1,0.550102175821009,0.5326962627228546,0.017405913098154313
33,3,14,T3,1,0.5263512992520626,0.5236011514637469,0.0027501477883157266
33,3,16,T3,1,0.5572171523248475,0.57705659583421,-0.01983944350936251
33,3,22,T3,1,0.5649472373336829,0.5658681261060496,-0.0009208887723667347
33,3,40,T3,1,0.5438606451612903,0.5561548387096774,-0.012294193548387122
33,3,41,T3,1,0.48091712580348944,0.4807481379451076,0.0001689878583818194
33,3,42,T3,1,0.5283144461058209,0.5295014558904542,-0.001187009784633264
33,3,46,T3,1,0.5467009670422857,0.5483072683093884,-0.0016063012671027055
33,3,48,T3,1,0.6710046988015417,0.6615226228815796,0.009482075919962085
33,3,57,T3,1,0.6215570175438596,0.6002725563909774,0.021284461152882184
33,3,70,T3,1,0.5369683408899095,0.5191416907103181,0.017826650179591397
33,3,0,T4,1,0.5991692540068809,0.6103171939246455,-0.011147939917764527
33,3,4,T4,1,0.5722748106815464,0.5675709113856782,0.00470389929586823
33,3,6,T4,1,0.5750248340042872,0.5717258325926701,0.0032990014116170974
33,3,12,T4,1,0.550102175821009,0.5600741429675525,-0.009971967146543581
33,3,14,T4,1,0.5263512992520626,0.5181458349397281,0.008205464312334487
33,3,16,T4,1,0.5572171523248475,0.5413817588891227,0.01583539343572482
33,3,22,T4,1,0.5649472373336829,0.5507111489807957,0.014236088352887255
33,3,40,T4,1,0.5438606451612903,0.5364438709677419,0.007416774193548359
33,3,41,T4,1,0.48091712580348944,0.48544153657790023,-0.004524410774410792
33,3,42,T4,1,0.5283144461058209,0.5092501508354975,0.019064295270323384
33,3,46,T4,1,0.5467009670422857,0.5144974804716166,0.03220348657066907
33,3,48,T4,1,0.6710046988015417,0.6527163296552453,0.01828836914629639
33,3,57,T4,1,0.6215570175438596,0.6264567669172932,-0.004899749373433626
33,3,70,T4,1,0.5369683408899095,0.5424051502482875,-0.005436809358377981
33,3,0,Pz,1,0.5991692540068809,0.6010699001426534,-0.0019006461357724547
33,3,4,Pz,1,0.5722748106815464,0.570468812275807,0.0018059984057393619
33,3,6,Pz,1,0.5750248340042872,0.5730799393527475,0.0019448946515396859
33,3,12,Pz,1,0.550102175821009,0.5459267215970867,0.0041754542239222925
33,3,14,Pz,1,0.5263512992520626,0.5242147942529622,0.0021365049991003415
33,3,16,Pz,1,0.5572171523248475,0.5569377235430255,0.0002794287818219665
33,3,22,Pz,1,0.5649472373336829,0.5657567018417775,-0.0008094645080946039
33,3,40,Pz,1,0.5438606451612903,0.5354993548387097,0.008361290322580595
33,3,41,Pz,1,0.48091712580348944,0.48267715029078667,-0.0017600244872972293
33,3,42,Pz,1,0.5283144461058209,0.5282587025523989,5.57435534219719e-05
33,3,46,Pz,1,0.5467009670422857,0.546374814500742,0.00032615254154366724
33,3,48,Pz,1,0.6710046988015417,0.6640198511166253,0.006984847684916362
33,3,57,Pz,1,0.6215570175438596,0.6344392230576442,-0.012882205513784606
33,3,70,Pz,1,0.5369683408899095,0.535609138550315,0.001359202339594523
33,3,0,P3,1,0.5991692540068809,0.5964966014936645,0.002672652513216467
33,3,4,P3,1,0.5722748106815464,0.5735742991895841,-0.0012994885080377383
33,3,6,P3,1,0.5750248340042872,0.5699796099754274,0.005045224028859763
33,3,12,P3,1,0.550102175821009,0.5503346913111253,-0.00023251549011638062
33,3,14,P3,1,0.5263512992520626,0.5258790191996299,0.0004722800524327164
33,3,16,P3,1,0.5572171523248475,0.5550211708394698,0.002195981485377696
33,3,22,P3,1,0.5649472373336829,0.5618765156977126,0.0030707216359703304
33,3,40,P3,1,0.5438606451612903,0.5461729032258065,-0.0023122580645161817
33,3,41,P3,1,0.48091712580348944,0.48064610754004694,0.0002710182634425018
33,3,42,P3,1,0.5283144461058209,0.5290194381049816,-0.0007049919991607423
33,3,46,P3,1,0.5467009670422857,0.5434312878133103,0.003269679228975364
33,3,48,P3,1,0.6710046988015417,0.6649015363497175,0.0061031624518241845
33,3,57,P3,1,0.6215570175438596,0.6210588972431077,0.0004981203007519142
33,3,70,P3,1,0.5369683408899095,0.5337837837837838,0.0031845571061257516
33,3,0,P4,1,0.5991692540068809,0.5939917764538055,0.005177477553075405
33,3,4,P4,1,0.5722748106815464,0.5695504517071874,0.0027243589743589647
33,3,6,P4,1,0.5750248340042872,0.5731688189470382,0.001856015057248972
33,3,12,P4,1,0.550102175821009,0.5458972478025648,0.004204928018444187
33,3,14,P4,1,0.5263512992520626,0.5267657490939933,-0.00041444984193073076
33,3,16,P4,1,0.5572171523248475,0.560133073848096,-0.002915921523248488
33,3,22,P4,1,0.5649472373336829,0.5660516484236744,-0.001104411089991486
33,3,40,P4,1,0.5438606451612903,0.5431070967741936,0.0007535483870967363
33,3,41,P4,1,0.48091712580348944,0.4800084175084175,0.0009087082950719472
33,3,42,P4,1,0.5283144461058209,0.5265732798195221,0.0017411662862988342
33,3,46,P4,1,0.5467009670422857,0.5446176676831754,0.0020832993591102245
33,3,48,P4,1,0.6710046988015417,0.6704397867060872,0.0005649120954545062
33,3,57,P4,1,0.6215570175438596,0.6115382205513784,0.010018796992481205
33,3,70,P4,1,0.5369683408899095,0.53659541894836,0.00037292194154947556
33,3,0,T5,1,0.5991692540068809,0.5999790215658303,-0.000809767558949348
33,3,4,T5,1,0.5722748106815464,0.5755413843496746,-0.0032665736681282143
33,3,6,T5,1,0.5750248340042872,0.5616824384378104,0.013342395566476761
33,3,12,T5,1,0.550102175821009,0.5389414322954191,0.011160743525589822
33,3,14,T5,1,0.5263512992520626,0.5275946487778549,-0.0012433495257923033
33,3,16,T5,1,0.5572171523248475,0.5557246738901747,0.001492478434672817
33,3,22,T5,1,0.5649472373336829,0.5731205348364685,-0.008173297502785615
33,3,40,T5,1,0.5438606451612903,0.5517058064516129,-0.007845161290322644
33,3,41,T5,1,0.48091712580348944,0.48235511682481386,-0.001437991021324414
33,3,42,T5,1,0.5283144461058209,0.5282226331943023,9.181291151860727e-05
33,3,46,T5,1,0.5467009670422857,0.5503864907617293,-0.0036855237194436397
33,3,48,T5,1,0.6710046988015417,0.6606514967530753,0.010353202048466348
33,3,57,T5,1,0.6215570175438596,0.6268671679197995,-0.005310150375939848
33,3,70,T5,1,0.5369683408899095,0.5442403187501227,-0.0072719778602131635
33,3,0,T6,1,0.5991692540068809,0.6003943945623899,-0.00122514055550893
33,3,4,T6,1,0.5722748106815464,0.5691120300252424,0.003162780656304043
33,3,6,T6,1,0.5750248340042872,0.5724316411355675,0.002593192868719618
33,3,12,T6,1,0.550102175821009,0.5487627556032958,0.0013394202177131609
33,3,14,T6,1,0.5263512992520626,0.5300235176189374,-0.003672218366874813
33,3,16,T6,1,0.5572171523248475,0.5368484378287398,0.020368714496107665
33,3,22,T6,1,0.5649472373336829,0.5660287081339712,-0.0010814708002883089
33,3,40,T6,1,0.5438606451612903,0.5353187096774193,0.008541935483870944
33,3,41,T6,1,0.48091712580348944,0.49409180185695334,-0.013174676053463896
33,3,42,T6,1,0.5283144461058209,0.5173952677002178,0.01091917840560308
33,3,46,T6,1,0.5467009670422857,0.5487068051727794,-0.002005838130493709
33,3,48,T6,1,0.6710046988015417,0.663454939021171,0.007549759780370646
33,3,57,T6,1,0.6215570175438596,0.6196021303258145,0.0019548872180451538
33,3,70,T6,1,0.5369683408899095,0.5278219395866455,0.009146401303264051
33,3,0,Oz,1,0.5991692540068809,0.6051858689267433,-0.006016614919862384
33,3,4,Oz,1,0.5722748106815464,0.5756775607811877,-0.003402750099641305
33,3,6,Oz,1,0.5750248340042872,0.57329952423276,0.0017253097715271837
33,3,12,Oz,1,0.550102175821009,0.5468404092272626,0.003261766593746329
33,3,14,Oz,1,0.5263512992520626,0.5277456498830545,-0.001394350630991914
33,3,16,Oz,1,0.5572171523248475,0.5561881969282558,0.0010289553965916465
33,3,22,Oz,1,0.5649472373336829,0.5627842957331062,0.002162941600576729
33,3,40,Oz,1,0.5438606451612903,0.5464567741935484,-0.002596129032258143
33,3,41,Oz,1,0.48091712580348944,0.4798585603509846,0.0010585654525048227
33,3,42,Oz,1,0.5283144461058209,0.5320197528921067,-0.003705306786285778
33,3,46,Oz,1,0.5467009670422857,0.5478791930986122,-0.001178226056326559
33,3,48,Oz,1,0.6710046988015417,0.6689192756454252,0.0020854231561164838
33,3,57,Oz,1,0.6215570175438596,0.618515037593985,0.0030419799498746514
33,3,70,Oz,1,0.5369683408899095,0.5377043710377044,-0.0007360301477948861
33,3,0,O1,1,0.5991692540068809,0.5993244944197365,-0.00015524041285552848
33,3,4,O1,1,0.5722748106815464,0.5690647004118506,0.003210110269695754
33,3,6,O1,1,0.5750248340042872,0.5776859936215821,-0.0026611596172949614
33,3,12,O1,1,0.550102175821009,0.5518116559032735,-0.0017094800822645695
33,3,14,O1,1,0.5263512992520626,0.5248734160947901,0.001477883157272486
33,3,16,O1,1,0.5572171523248475,0.5622435830002104,-0.005026430675362903
33,3,22,O1,1,0.5649472373336829,0.5635380481090647,0.0014091892246181903
33,3,40,O1,1,0.5438606451612903,0.5427664516129034,0.0010941935483869125
33,3,41,O1,1,0.48091712580348944,0.4831586062646669,-0.0022414804611774475
33,3,42,O1,1,0.5283144461058209,0.5220744471551113,0.006239998950709591
33,3,46,O1,1,0.5467009670422857,0.5467417361099787,-4.0769067693013916e-05
33,3,48,O1,1,0.6710046988015417,0.6692149305738875,0.0017897682276541982
33,3,57,O1,1,0.6215570175438596,0.6239661654135338,-0.0024091478696741664
33,3,70,O1,1,0.5369683408899095,0.5347847847847849,0.002183556105124662
33,3,0,O2,1,0.5991692540068809,0.597948309138206,0.0012209448686749669
33,3,4,O2,1,0.5722748106815464,0.5691377706921747,0.0031370399893716483
33,3,6,O2,1,0.5750248340042872,0.5819992680504,-0.006974434046112865
33,3,12,O2,1,0.550102175821009,0.5481110572577582,0.0019911185632507378
33,3,14,O2,1,0.5263512992520626,0.5213618372015318,0.004989462050530746
33,3,16,O2,1,0.5572171523248475,0.559935830002104,-0.0027186776772565313
33,3,22,O2,1,0.5649472373336829,0.5658353542636166,-0.0008881169299337355
33,3,40,O2,1,0.5438606451612903,0.5380593548387097,0.005801290322580588
33,3,41,O2,1,0.48091712580348944,0.48257193143556776,-0.0016548056320783155
33,3,42,O2,1,0.5283144461058209,0.5256420345741193,0.002672411531701613
33,3,46,O2,1,0.5467009670422857,0.547752808988764,-0.001051841946478338
33,3,48,O2,1,0.6710046988015417,0.6692307692307693,0.0017739295707723812
33,3,57,O2,1,0.6215570175438596,0.6194611528822055,0.0020958646616541232
33,3,70,O2,1,0.5369683408899095,0.5303489764274079,0.0066193644625016645
33,3,0,Fp1+Fp2,2,0.5991692540068809,0.5990853402702022,8.391373667870905e-05
33,3,4,Fp1+Fp2,2,0.5722748106815464,0.5717043642885613,0.0005704463929850911
33,3,6,Fp1+Fp2,2,0.5750248340042872,0.5661630156323522,0.008861818371935004
33,3,12,Fp1+Fp2,2,0.550102175821009,0.5501349244815887,-3.274866057978443e-05
33,3,14,Fp1+Fp2,2,0.5263512992520626,0.5211240907805793,0.00522720847148328
33,3,16,Fp1+Fp2,2,0.5572171523248475,0.5731906164527667,-0.015973464127919224
33,3,22,Fp1+Fp2,2,0.5649472373336829,0.5671069017500163,-0.0021596644163334178
33,3,40,Fp1+Fp2,2,0.5438606451612903,0.5357212903225806,0.008139354838709645
33,3,41,Fp1+Fp2,2,0.48091712580348944,0.4716833741454954,0.00923375165799406
33,3,42,Fp1+Fp2,2,0.5283144461058209,0.5245632328637758,0.0037512132420450817
33,3,46,Fp1+Fp2,2,0.5467009670422857,0.5501133380081864,-0.003412370965900746
33,3,48,Fp1+Fp2,2,0.6710046988015417,0.6681854178765642,0.0028192809249775186
33,3,57,Fp1+Fp2,2,0.6215570175438596,0.6249780701754386,-0.0034210526315789913
33,3,70,Fp1+Fp2,2,0.5369683408899095,0.5379202732143908,-0.0009519323244813194
33,3,0,F7+F8+T3+T4,4,0.5991692540068809,0.5906939666023328,0.00847528740454817
33,3,4,F7+F8+T3+T4,4,0.5722748106815464,0.5617111731101369,0.010563637571409545
33,3,6,F7+F8+T3+T4,4,0.5750248340042872,0.5612798661577874,0.013744967846499812
33,3,12,F7+F8+T3+T4,4,0.550102175821009,0.5456188841876367,0.004483291633372244
33,3,14,F7+F8+T3+T4,4,0.5263512992520626,0.5179241524661372,0.008427146785925377
33,3,16,F7+F8+T3+T4,4,0.5572171523248475,0.5419537660424996,0.015263386282347913
33,3,22,F7+F8+T3+T4,4,0.5649472373336829,0.5430130431932884,0.021934194140394547
33,3,40,F7+F8+T3+T4,4,0.5438606451612903,0.5564077419354838,-0.012547096774193522
33,3,41,F7+F8+T3+T4,4,0.48091712580348944,0.4836623813896541,-0.0027452555861646744
33,3,42,F7+F8+T3+T4,4,0.5283144461058209,0.5349512079955929,-0.006636761889772025
33,3,46,F7+F8+T3+T4,4,0.5467009670422857,0.5169884705076564,0.029712496534629262
33,3,48,F7+F8+T3+T4,4,0.6710046988015417,0.6451876880840505,0.025817010717491207
33,3,57,F7+F8+T3+T4,4,0.6215570175438596,0.6024342105263158,0.019122807017543764
33,3,70,F7+F8+T3+T4,4,0.5369683408899095,0.517860998253155,0.01910734263675451
33,3,0,Fz+Cz+F3+F4,4,0.5991692540068809,0.5879374003524377,0.011231853654443236
33,3,4,Fz+Cz+F3+F4,4,0.5722748106815464,0.5560797794606085,0.016195031220937905
33,3,6,Fz+Cz+F3+F4,4,0.5750248340042872,0.5665028493752288,0.008521984629058399
33,3,12,Fz+Cz+F3+F4,4,0.550102175821009,0.547236668020278,0.0028655078007309154
33,3,14,Fz+Cz+F3+F4,4,0.5263512992520626,0.5407863623512479,-0.014435063099185297
33,3,16,Fz+Cz+F3+F4,4,0.5572171523248475,0.5502412949715969,0.00697585735325057
33,3,22,Fz+Cz+F3+F4,4,0.5649472373336829,0.5629416005767844,0.0020056367568984657
33,3,40,Fz+Cz+F3+F4,4,0.5438606451612903,0.5404387096774194,0.0034219354838709304
33,3,41,Fz+Cz+F3+F4,4,0.48091712580348944,0.4774895418834813,0.003427583920008137
33,3,42,Fz+Cz+F3+F4,4,0.5283144461058209,0.539092626111592,-0.010778180005771132
33,3,46,Fz+Cz+F3+F4,4,0.5467009670422857,0.5476794246669168,-0.0009784576246311127
33,3,48,Fz+Cz+F3+F4,4,0.6710046988015417,0.6922812945462226,-0.021276595744680882
33,3,57,Fz+Cz+F3+F4,4,0.6215570175438596,0.5955670426065164,0.02598997493734323
33,3,70,Fz+Cz+F3+F4,4,0.5369683408899095,0.5375816993464052,-0.0006133584564956829
33,3,0,T5+T6+P3+P4,4,0.5991692540068809,0.5892926071997986,0.009876646807082334
33,3,4,T5+T6+P3+P4,4,0.5722748106815464,0.5725064766839377,-0.00023166600239132862
33,3,6,T5+T6+P3+P4,4,0.5750248340042872,0.5725989439012914,0.0024258901029957647
33,3,12,T5+T6+P3+P4,4,0.550102175821009,0.5267032578367545,0.02339891798425442
33,3,14,T5+T6+P3+P4,4,0.5263512992520626,0.5315271030919886,-0.0051758038399259965
33,3,16,T5+T6+P3+P4,4,0.5572171523248475,0.5323775773195876,0.024839575005259906
33,3,22,T5+T6+P3+P4,4,0.5649472373336829,0.5723667824605099,-0.007419545126826965
33,3,40,T5+T6+P3+P4,4,0.5438606451612903,0.5462193548387098,-0.0023587096774194682
33,3,41,T5+T6+P3+P4,4,0.48091712580348944,0.4970538720538721,-0.01613674625038264
33,3,42,T5+T6+P3+P4,4,0.5283144461058209,0.5173001757561448,0.011014270349676059
33,3,46,T5+T6+P3+P4,4,0.5467009670422857,0.5468925816604425,-0.00019161461815686565
33,3,48,T5+T6+P3+P4,4,0.6710046988015417,0.6496700279816272,0.02133467081991447
33,3,57,T5+T6+P3+P4,4,0.6215570175438596,0.6064505012531329,0.01510651629072668
33,3,70,T5+T6+P3+P4,4,0.5369683408899095,0.5323853265029735,0.00458301438693598
33,3,0,O1+O2+Oz+Pz,4,0.5991692540068809,0.6063522698665772,-0.007183015859696273
33,3,4,O1+O2+Oz+Pz,4,0.5722748106815464,0.568835525441743,0.0034392852398034135
33,3,6,O1+O2+Oz+Pz,4,0.5750248340042872,0.5817483139018141,-0.006723479897526974
33,3,12,O1+O2+Oz+Pz,4,0.550102175821009,0.5381882131020841,0.011913962718924864
33,3,14,O1+O2+Oz+Pz,4,0.5263512992520626,0.5200670830441823,0.006284216207880333
33,3,16,O1+O2+Oz+Pz,4,0.5572171523248475,0.5629602356406481,-0.005743083315800646
33,3,22,O1+O2+Oz+Pz,4,0.5649472373336829,0.5603853968670118,0.004561840466671074
33,3,40,O1+O2+Oz+Pz,4,0.5438606451612903,0.5331612903225806,0.010699354838709652
33,3,41,O1+O2+Oz+Pz,4,0.48091712580348944,0.4847113814916846,-0.003794255688195136
33,3,42,O1+O2+Oz+Pz,4,0.5283144461058209,0.5239369376459169,0.004377508459904034
33,3,46,O1+O2+Oz+Pz,4,0.5467009670422857,0.5481441920386165,-0.0014432249963308719
33,3,48,O1+O2+Oz+Pz,4,0.6710046988015417,0.6633440684229978,0.00766063037854392
33,3,57,O1+O2+Oz+Pz,4,0.6215570175438596,0.6329605263157895,-0.01140350877192986
33,3,70,O1+O2+Oz+Pz,4,0.5369683408899095,0.5337739700484798,0.0031943708414297056
33,4,2,Fp1,1,0.5466494401378122,0.5462532299741603,0.0003962101636519888
33,4,5,Fp1,1,0.5404748427672956,0.5424842767295597,-0.002009433962264051
33,4,10,Fp1,1,0.6166552027207766,0.6203204809762186,-0.0036652782554420504
33,4,25,Fp1,1,0.6006191644247507,0.605052223453078,-0.004433059028327246
33,4,29,Fp1,1,0.5424065106268496,0.5431463545870325,-0.0007398439601828954
33,4,31,Fp1,1,0.5612195339524834,0.5639670535528443,-0.0027475196003609037
33,4,47,Fp1,1,0.5023717146433041,0.49968085106382976,0.002690863579474345
33,4,49,Fp1,1,0.5509149148381156,0.5527722367142346,-0.001857321876118978
33,4,52,Fp1,1,0.5472760390793177,0.5497662628810169,-0.002490223801699276
33,4,60,Fp1,1,0.49692694663167103,0.509919072615923,-0.012992125984251923
33,4,63,Fp1,1,0.49505859747525766,0.49046687247013615,0.004591725005121505
33,4,65,Fp1,1,0.6030398876549254,0.5986240305083872,0.004415857146538249
33,4,67,Fp1,1,0.4993027638190955,0.495411432160804,0.0038913316582914748
33,4,72,Fp1,1,0.5291932696462004,0.5285091930296193,0.0006840766165810974
33,4,2,Fp2,1,0.5466494401378122,0.5510981912144703,-0.004448751076658097
33,4,5,Fp2,1,0.5404748427672956,0.538625786163522,0.0018490566037736578
33,4,10,Fp2,1,0.6166552027207766,0.6185053562102742,-0.0018501534894976857
33,4,25,Fp2,1,0.6006191644247507,0.6005360816584903,8.308276626045608e-05
33,4,29,Fp2,1,0.5424065106268496,0.5360673930589185,0.006339117567931152
33,4,31,Fp2,1,0.5612195339524834,0.5571131220822472,0.004106411870236193
33,4,47,Fp2,1,0.5023717146433041,0.5098341677096371,-0.007462453066332975
33,4,49,Fp2,1,0.5509149148381156,0.5584816633420286,-0.0075667485039130344
33,4,52,Fp2,1,0.5472760390793177,0.5489574178098768,-0.0016813787305591799
33,4,60,Fp2,1,0.49692694663167103,0.4943460192475941,0.0025809273840769476
33,4,63,Fp2,1,0.49505859747525766,0.49265323999180555,0.0024053574834521085
33,4,65,Fp2,1,0.6030398876549254,0.6026050658352444,0.0004348218196810194
33,4,67,Fp2,1,0.4993027638190955,0.5058793969849246,-0.006576633165829071
33,4,72,Fp2,1,0.5291932696462004,0.5284191829484902,0.0007740866977101746
33,4,2,Fz,1,0.5466494401378122,0.536993970714901,0.00965546942291129
33,4,5,Fz,1,0.5404748427672956,0.5411037735849057,-0.0006289308176100628
33,4,10,Fz,1,0.6166552027207766,0.5951762263237672,0.021478976397009353
33,4,25,Fz,1,0.6006191644247507,0.601370865643298,-0.0007517012185472849
33,4,29,Fz,1,0.5424065106268496,0.533091202582728,0.009315308044121617
33,4,31,Fz,1,0.5612195339524834,0.5731383374136445,-0.011918803461161143
33,4,47,Fz,1,0.5023717146433041,0.5020932415519399,0.0002784730913641953
33,4,49,Fz,1,0.5509149148381156,0.557033527696793,-0.00611861285867743
33,4,52,Fz,1,0.5472760390793177,0.5563612161972817,-0.009085177117964083
33,4,60,Fz,1,0.49692694663167103,0.495592738407699,0.001334208223972011
33,4,63,Fz,1,0.49505859747525766,0.4944475448399607,0.0006110526352969825
33,4,65,Fz,1,0.6030398876549254,0.6018739209977066,0.0011659666572187977
33,4,67,Fz,1,0.4993027638190955,0.5033636934673367,-0.004060929648241174
33,4,72,Fz,1,0.5291932696462004,0.5210503576400557,0.008142912006144698
33,4,2,F3,1,0.5466494401378122,0.5402928509905254,0.006356589147286873
33,4,5,F3,1,0.5404748427672956,0.5409622641509434,-0.0004874213836477681
33,4,10,F3,1,0.6166552027207766,0.595653890735858,0.021001311984918614
33,4,25,F3,1,0.6006191644247507,0.5979100727963286,0.0027090916284221445
33,4,29,F3,1,0.5424065106268496,0.5437348668280871,-0.0013283562012375016
33,4,31,F3,1,0.5612195339524834,0.552971028139279,0.008248505813204354
33,4,47,F3,1,0.5023717146433041,0.5023404255319148,3.128911138927659e-05
33,4,49,F3,1,0.5509149148381156,0.5452630300240396,0.005651884814075969
33,4,52,F3,1,0.5472760390793177,0.5491198237099877,-0.0018437846306700312
33,4,60,F3,1,0.49692694663167103,0.5068569553805774,-0.009930008748906372
33,4,63,F3,1,0.49505859747525766,0.5051639245826828,-0.010105327107425122
33,4,65,F3,1,0.6030398876549254,0.601126671648329,0.001913216006596441
33,4,67,F3,1,0.4993027638190955,0.5033134422110552,-0.004010678391959732
33,4,72,F3,1,0.5291932696462004,0.527027027027027,0.0021662426191734196
33,4,2,F4,1,0.5466494401378122,0.5467226528854436,-7.321274763139041e-05
33,4,5,F4,1,0.5404748427672956,0.5409591194968554,-0.00048427672955975165
33,4,10,F4,1,0.6166552027207766,0.6027010330289018,0.013954169691874796
33,4,25,F4,1,0.6006191644247507,0.6009425937648362,-0.000323429340085446
33,4,29,F4,1,0.5424065106268496,0.5462066182405165,-0.003800107613666892
33,4,31,F4,1,0.5612195339524834,0.5557106183901439,0.005508915562339456
33,4,47,F4,1,0.5023717146433041,0.505616395494368,-0.003244680851063886
33,4,49,F4,1,0.5509149148381156,0.553708889570866,-0.0027939747327503373
33,4,52,F4,1,0.5472760390793177,0.5494955863808323,-0.002219547301514635
33,4,60,F4,1,0.49692694663167103,0.5017607174103237,-0.004833770778652657
33,4,63,F4,1,0.49505859747525766,0.4932254395693669,0.001833157905890781
33,4,65,F4,1,0.6030398876549254,0.6036744054214229,-0.0006345177664974777
33,4,67,F4,1,0.4993027638190955,0.4996513819095478,-0.00034861809045227954
33,4,72,F4,1,0.5291932696462004,0.5221904853343574,0.00700278431184298
33,4,2,F7,1,0.5466494401378122,0.5486261843238588,-0.001976744186046542
33,4,5,F7,1,0.5404748427672956,0.5401981132075471,0.0002767295597485564
33,4,10,F7,1,0.6166552027207766,0.6109487052110003,0.005706497509776254
33,4,25,F7,1,0.6006191644247507,0.601169093210951,-0.0005499287862003044
33,4,29,F7,1,0.5424065106268496,0.5447941888619855,-0.0023876782351358594
33,4,31,F7,1,0.5612195339524834,0.5571121309135602,0.0041074030389232075
33,4,47,F7,1,0.5023717146433041,0.5014080100125157,0.0009637046307884312
33,4,49,F7,1,0.5509149148381156,0.5421014270369802,0.008813487801135444
33,4,52,F7,1,0.5472760390793177,0.5519157527354249,-0.004639713656107269
33,4,60,F7,1,0.49692694663167103,0.49818460192475933,-0.0012576552930883
33,4,63,F7,1,0.49505859747525766,0.5068805233153667,-0.011821925840109049
33,4,65,F7,1,0.6030398876549254,0.5989847715736041,0.004055116081321364
33,4,67,F7,1,0.4993027638190955,0.4971199748743718,0.0021827889447236792
33,4,72,F7,1,0.5291932696462004,0.5278071143968124,0.0013861552493880103
33,4,2,F8,1,0.5466494401378122,0.5527605512489233,-0.006111111111111067
33,4,5,F8,1,0.5404748427672956,0.5327735849056604,0.0077012578616352245
33,4,10,F8,1,0.6166552027207766,0.5956061242946489,0.021049078426127688
33,4,25,F8,1,0.6006191644247507,0.5943474046526349,0.006271759772115804
33,4,29,F8,1,0.5424065106268496,0.5279627387678235,0.014443771859026122
33,4,31,F8,1,0.5612195339524834,0.5577107968005075,0.0035087371519758603
33,4,47,F8,1,0.5023717146433041,0.50610450563204,-0.0037327909887359123
33,4,49,F8,1,0.5509149148381156,0.5505920413278094,0.000322873510306243
33,4,52,F8,1,0.5472760390793177,0.541856140216796,0.005419898862521699
33,4,60,F8,1,0.49692694663167103,0.4875656167979002,0.009361329833770804
33,4,63,F8,1,0.49505859747525766,0.4930170458960575,0.0020415515792001626
33,4,65,F8,1,0.6030398876549254,0.611974670823778,-0.008934783168852545
33,4,67,F8,1,0.4993027638190955,0.49683103015075375,0.002471733668341747
33,4,72,F8,1,0.5291932696462004,0.5264389611636504,0.002754308482549983
33,4,2,Cz,1,0.5466494401378122,0.5401291989664083,0.006520241171403929
33,4,5,Cz,1,0.5404748427672956,0.5417327044025158,-0.0012578616352201255
33,4,10,Cz,1,0.6166552027207766,0.6188429057281517,-0.0021877030073751413
33,4,25,Cz,1,0.6006191644247507,0.6009425937648362,-0.000323429340085446
33,4,29,Cz,1,0.5424065106268496,0.5501076136669357,-0.007701103040086088
33,4,31,Cz,1,0.5612195339524834,0.5613315360141142,-0.00011200206163086701
33,4,47,Cz,1,0.5023717146433041,0.5013391739674593,0.0010325406758447953
33,4,49,Cz,1,0.5509149148381156,0.5558699043527185,-0.004954989514602937
33,4,52,Cz,1,0.5472760390793177,0.5462761282433413,0.000999910835976392
33,4,60,Cz,1,0.49692694663167103,0.4855971128608924,0.011329833770778619
33,4,63,Cz,1,0.49505859747525766,0.49260379064559645,0.0024548068296612047
33,4,65,Cz,1,0.6030398876549254,0.5975514700198408,0.005488417635084675
33,4,67,Cz,1,0.4993027638190955,0.49776381909547746,0.001538944723618041
33,4,72,Cz,1,0.5291932696462004,0.532643656089482,-0.003450386443281661
33,4,2,C3,1,0.5466494401378122,0.549405684754522,-0.0027562446167097576
33,4,5,C3,1,0.5404748427672956,0.5425691823899371,-0.0020943396226414945
33,4,10,C3,1,0.6166552027207766,0.6335358630440597,-0.01688066032328317
33,4,25,C3,1,0.6006191644247507,0.5980159044152555,0.0026032600094951786
33,4,29,C3,1,0.5424065106268496,0.550494350282486,-0.008087839655636309
33,4,31,C3,1,0.5612195339524834,0.5585235551238465,0.0026959788286368136
33,4,47,C3,1,0.5023717146433041,0.5029849812265331,-0.0006132665832290218
33,4,49,C3,1,0.5509149148381156,0.5514168073244335,-0.0005018924863179342
33,4,52,C3,1,0.5472760390793177,0.5448590571541391,0.002416981925178585
33,4,60,C3,1,0.49692694663167103,0.49717847769028867,-0.0002515310586176378
33,4,63,C3,1,0.49505859747525766,0.4959734103801242,-0.0009148129048665576
33,4,65,C3,1,0.6030398876549254,0.5987174366770595,0.004322450977865988
33,4,67,C3,1,0.4993027638190955,0.5037311557788945,-0.004428391959798994
33,4,72,C3,1,0.5291932696462004,0.5349839181988383,-0.005790648552637889
33,4,2,C4,1,0.5466494401378122,0.5457881136950904,0.0008613264427218548
33,4,5,C4,1,0.5404748427672956,0.541433962264151,-0.0009591194968553429
33,4,10,C4,1,0.6166552027207766,0.6139038557071343,0.0027513470136422136
33,4,25,C4,1,0.6006191644247507,0.597325526190853,0.003293638233897722
33,4,29,C4,1,0.5424065106268496,0.5453827011030401,-0.0029761904761904656
33,4,31,C4,1,0.5612195339524834,0.5595712204260044,0.0016483135264789839
33,4,47,C4,1,0.5023717146433041,0.5044242803504381,-0.0020525657071339687
33,4,49,C4,1,0.5509149148381156,0.5504385964912281,0.0004763183468875498
33,4,52,C4,1,0.5472760390793177,0.543840039741679,0.0034359993376386067
33,4,60,C4,1,0.49692694663167103,0.4891076115485564,0.007819335083114609
33,4,63,C4,1,0.49505859747525766,0.4932642926271025,0.0017943048481551815
33,4,65,C4,1,0.6030398876549254,0.6042251797263521,-0.0011852920714267023
33,4,67,C4,1,0.4993027638190955,0.49670854271356785,0.00259422110552765
33,4,72,C4,1,0.5291932696462004,0.5333397340502137,-0.004146464404013339
33,4,2,T3,1,0.5466494401378122,0.5490353143841517,-0.0023858742463394034
33,4,5,T3,1,0.5404748427672956,0.5366069182389936,0.0038679245283019803
33,4,10,T3,1,0.6166552027207766,0.6180340606570115,-0.001378857936234934
33,4,25,T3,1,0.6006191644247507,0.603359906630796,-0.0027407422060452546
33,4,29,T3,1,0.5424065106268496,0.5407082324455206,0.0016982781813290604
33,4,31,T3,1,0.5612195339524834,0.5670862614108294,-0.005866727458346044
33,4,47,T3,1,0.5023717146433041,0.504712140175219,-0.002340425531914936
33,4,49,T3,1,0.5509149148381156,0.551995422229042,-0.0010805073909263552
33,4,52,T3,1,0.5472760390793177,0.5480530398563186,-0.0007770007770009357
33,4,60,T3,1,0.49692694663167103,0.5014107611548557,-0.004483814523184693
33,4,63,T3,1,0.49505859747525766,0.4887608700259256,0.006297727449332047
33,4,65,T3,1,0.6030398876549254,0.6043701203329125,-0.0013302326779870421
33,4,67,T3,1,0.4993027638190955,0.49513505025125626,0.004167713567839237
33,4,72,T3,1,0.5291932696462004,0.5326316547453315,-0.0034383850991310805
33,4,2,T4,1,0.5466494401378122,0.5382127476313523,0.008436692506459953
33,4,5,T4,1,0.5404748427672956,0.5461572327044025,-0.005682389937106902
33,4,10,T4,1,0.6166552027207766,0.6279089762696319,-0.011253773548855373
33,4,25,T4,1,0.6006191644247507,0.5990771878461782,0.0015419765785724682
33,4,29,T4,1,0.5424065106268496,0.5584308582189939,-0.016024347592144217
33,4,31,T4,1,0.5612195339524834,0.5628291919001696,-0.0016096579476861939
33,4,47,T4,1,0.5023717146433041,0.4905944931163955,0.011777221526908577
33,4,49,T4,1,0.5509149148381156,0.5391667945373638,0.011748120300751785
33,4,52,T4,1,0.5472760390793177,0.5351847605945967,0.012091278484720913
33,4,60,T4,1,0.49692694663167103,0.4969925634295713,-6.561679790029196e-05
33,4,63,T4,1,0.49505859747525766,0.4911838879901666,0.0038747094850910546
33,4,65,T4,1,0.6030398876549254,0.5932290190419748,0.009810868612950663
33,4,67,T4,1,0.4993027638190955,0.5017430904522613,-0.0024403266331657902
33,4,72,T4,1,0.5291932696462004,0.5331477125438049,-0.003954442897604493
33,4,2,Pz,1,0.5466494401378122,0.5422695951765719,0.004379844961240331
33,4,5,Pz,1,0.5404748427672956,0.5366006289308176,0.003874213836478013
33,4,10,Pz,1,0.6166552027207766,0.6176551135567528,-0.000999910835976281
33,4,25,Pz,1,0.6006191644247507,0.6034301313498971,-0.0028109669251463743
33,4,29,Pz,1,0.5424065106268496,0.5395816518697875,0.0028248587570621764
33,4,31,Pz,1,0.5612195339524834,0.5646658274771783,-0.0034462935246949433
33,4,47,Pz,1,0.5023717146433041,0.5045588235294117,-0.002187108886107625
33,4,49,Pz,1,0.5509149148381156,0.5472961741087413,0.0036187407293742924
33,4,52,Pz,1,0.5472760390793177,0.5467474237966041,0.0005286152827135293
33,4,60,Pz,1,0.49692694663167103,0.4971456692913386,-0.00021872265966754734
33,4,63,Pz,1,0.49505859747525766,0.4969447368235153,-0.0018861393482576538
33,4,65,Pz,1,0.6030398876549254,0.6008722203612564,0.0021676672936690178
33,4,67,Pz,1,0.4993027638190955,0.49884422110552756,0.0004585427135679332
33,4,72,Pz,1,0.5291932696462004,0.5356079880946666,-0.0064147184484661945
33,4,2,P3,1,0.5466494401378122,0.5400645994832042,0.006584840654608071
33,4,5,P3,1,0.5404748427672956,0.5368522012578616,0.0036226415094340325
33,4,10,P3,1,0.6166552027207766,0.6158272510731527,0.0008279516476238369
33,4,25,P3,1,0.6006191644247507,0.6016398955530938,-0.0010207311283431109
33,4,29,P3,1,0.5424065106268496,0.538656846919559,0.0037496637072906847
33,4,31,P3,1,0.5612195339524834,0.561509946377774,-0.0002904124252905982
33,4,47,P3,1,0.5023717146433041,0.5024436795994993,-7.196495619521404e-05
33,4,49,P3,1,0.5509149148381156,0.5512729527901387,-0.0003580379520230492
33,4,52,P3,1,0.5472760390793177,0.5461137223432305,0.0011623167360871323
33,4,60,P3,1,0.49692694663167103,0.4959317585301837,0.0009951881014873543
33,4,63,P3,1,0.49505859747525766,0.49741803770865856,-0.0023594402334009
33,4,65,P3,1,0.6030398876549254,0.6051850086320183,-0.0021451209770928514
33,4,67,P3,1,0.4993027638190955,0.5008197236180905,-0.0015169597989949657
33,4,72,P3,1,0.5291932696462004,0.5345338677931929,-0.0053405981469925035
33,4,2,P4,1,0.5466494401378122,0.5438673557278209,0.002782084409991392
33,4,5,P4,1,0.5404748427672956,0.536311320754717,0.004163522012578635
33,4,10,P4,1,0.6166552027207766,0.6208268052530347,-0.004171602532258123
33,4,25,P4,1,0.6006191644247507,0.6018327662604843,-0.001213601835733602
33,4,29,P4,1,0.5424065106268496,0.5462738767823514,-0.0038673661555017613
33,4,31,P4,1,0.5612195339524834,0.5657045722611531,-0.004485038308669753
33,4,47,P4,1,0.5023717146433041,0.5021182728410513,0.00025344180225284063
33,4,49,P4,1,0.5509149148381156,0.5464905887166897,0.004424326121425959
33,4,52,P4,1,0.5472760390793177,0.549409606786656,-0.002133567707338302
33,4,60,P4,1,0.49692694663167103,0.4979002624671916,-0.0009733158355205718
33,4,63,P4,1,0.49505859747525766,0.500229586250256,-0.005170988774998386
33,4,65,P4,1,0.6030398876549254,0.603735602566415,-0.0006957149114895644
33,4,67,P4,1,0.4993027638190955,0.4978360552763819,0.0014667085427135795
33,4,72,P4,1,0.5291932696462004,0.5348939081177092,-0.005700638471508812
33,4,2,T5,1,0.5466494401378122,0.547730404823428,-0.001080964685615804
33,4,5,T5,1,0.5404748427672956,0.5432075471698113,-0.0027327044025157177
33,4,10,T5,1,0.6166552027207766,0.6139452532895155,0.002709949431261016
33,4,25,T5,1,0.6006191644247507,0.5967083399272036,0.003910824497547094
33,4,29,T5,1,0.5424065106268496,0.5326876513317192,0.009718859295130389
33,4,31,T5,1,0.5612195339524834,0.5609568742504287,0.00026265970205463507
33,4,47,T5,1,0.5023717146433041,0.5022058823529412,0.0001658322903629328
33,4,49,T5,1,0.5509149148381156,0.5602079177535676,-0.009293002915451987
33,4,52,T5,1,0.5472760390793177,0.543435617206109,0.003840421873208655
33,4,60,T5,1,0.49692694663167103,0.49550524934383205,0.0014216972878389744
33,4,63,T5,1,0.49505859747525766,0.49474424091721475,0.0003143565580429053
33,4,65,T5,1,0.6030398876549254,0.59722937978304,0.0058105078718854175
33,4,67,T5,1,0.4993027638190955,0.49832600502512564,0.0009767587939698563
33,4,72,T5,1,0.5291932696462004,0.5318575680476214,-0.002664298401421017
33,4,2,T6,1,0.5466494401378122,0.5482945736434108,-0.0016451335055985838
33,4,5,T6,1,0.5404748427672956,0.541314465408805,-0.0008396226415093855
33,4,10,T6,1,0.6166552027207766,0.6133720559950069,0.003283146725769681
33,4,25,T6,1,0.6006191644247507,0.5998892229783193,0.0007299414464314591
33,4,29,T6,1,0.5424065106268496,0.5596583266074792,-0.017251815980629526
33,4,31,T6,1,0.5612195339524834,0.5575849183772585,0.00363461557522482
33,4,47,T6,1,0.5023717146433041,0.4997246558197747,0.0026470588235293913
33,4,49,T6,1,0.5509149148381156,0.5440834228428213,0.006831491995294314
33,4,52,T6,1,0.5472760390793177,0.550177054275415,-0.002901015196097312
33,4,60,T6,1,0.49692694663167103,0.5041666666666667,-0.0072397200349956226
33,4,63,T6,1,0.49505859747525766,0.5007629327700817,-0.005704335294824003
33,4,65,T6,1,0.6030398876549254,0.6037742533948312,-0.0007343657399057069
33,4,67,T6,1,0.4993027638190955,0.5031187185929649,-0.0038159547738693678
33,4,72,T6,1,0.5291932696462004,0.5212363784743892,0.007956891171811198
33,4,2,Oz,1,0.5466494401378122,0.5465073212747632,0.00014211886304904553
33,4,5,Oz,1,0.5404748427672956,0.5354559748427672,0.005018867924528436
33,4,10,Oz,1,0.6166552027207766,0.6142063765014585,0.0024488262193180788
33,4,25,Oz,1,0.6006191644247507,0.6014213087513847,-0.0008021443266339467
33,4,29,Oz,1,0.5424065106268496,0.5511837503362926,-0.008777239709442997
33,4,31,Oz,1,0.5612195339524834,0.55897156337037,0.0022479705821133456
33,4,47,Oz,1,0.5023717146433041,0.5042271589486859,-0.0018554443053817593
33,4,49,Oz,1,0.5509149148381156,0.551966651322183,-0.0010517364840674226
33,4,52,Oz,1,0.5472760390793177,0.5457952794018368,0.0014807596774808474
33,4,60,Oz,1,0.49692694663167103,0.49992344706911634,-0.0029965004374453152
33,4,63,Oz,1,0.49505859747525766,0.491540629702103,0.003517967773154662
33,4,65,Oz,1,0.6030398876549254,0.6064411605555412,-0.0034012729006157594
33,4,67,Oz,1,0.4993027638190955,0.4967179648241206,0.0025847989949748795
33,4,72,Oz,1,0.5291932696462004,0.5329136863328693,-0.0037204166866688926
33,4,2,O1,1,0.5466494401378122,0.5467527993109389,-0.00010335917312664922
33,4,5,O1,1,0.5404748427672956,0.5412012578616352,-0.000726415094339572
33,4,10,O1,1,0.6166552027207766,0.6169226947915473,-0.0002674920707707029
33,4,25,O1,1,0.6006191644247507,0.5966677876246241,0.0039513768001265825
33,4,29,O1,1,0.5424065106268496,0.545954398708636,-0.00354788808178641
33,4,31,O1,1,0.5612195339524834,0.5587376475602382,0.002481886392245114
33,4,47,O1,1,0.5023717146433041,0.5013329161451815,0.0010387984981226062
33,4,49,O1,1,0.5509149148381156,0.5503522837706512,0.0005626310674644586
33,4,52,O1,1,0.5472760390793177,0.5406428726100857,0.006633166469231955
33,4,60,O1,1,0.49692694663167103,0.4947069116360455,0.0022200349956255083
33,4,63,O1,1,0.49505859747525766,0.5005474749044568,-0.005488877429199179
33,4,65,O1,1,0.6030398876549254,0.6074106521683116,-0.004370764513386138
33,4,67,O1,1,0.4993027638190955,0.49708228643216085,0.0022204773869346495
33,4,72,O1,1,0.5291932696462004,0.5275970908741779,0.0015961787720224496
33,4,2,O2,1,0.5466494401378122,0.5409388458225668,0.005710594315245454
33,4,5,O2,1,0.5404748427672956,0.5375345911949685,0.002940251572327135
33,4,10,O2,1,0.6166552027207766,0.6143624135427413,0.002292789178035215
33,4,25,O2,1,0.6006191644247507,0.6002235322044627,0.0003956322202880447
33,4,29,O2,1,0.5424065106268496,0.5339655636265805,0.008440947000269095
33,4,31,O2,1,0.5612195339524834,0.5645092228246326,-0.003289688872149199
33,4,47,O2,1,0.5023717146433041,0.4938047559449311,0.008566958698372984
33,4,49,O2,1,0.5509149148381156,0.5600129149404122,-0.009098000102296555
33,4,52,O2,1,0.5472760390793177,0.5496675455691848,-0.00239150648986719
33,4,60,O2,1,0.49692694663167103,0.49750656167979,-0.0005796150481189866
33,4,63,O2,1,0.49505859747525766,0.49401309701255314,0.0010455004627045184
33,4,65,O2,1,0.6030398876549254,0.6021154886753073,0.0009243989796181573
33,4,67,O2,1,0.4993027638190955,0.5082945979899497,-0.008991834170854196
33,4,72,O2,1,0.5291932696462004,0.5323856271902453,-0.0031923575440448992
33,4,2,Fp1+Fp2,2,0.5466494401378122,0.5508785529715763,-0.004229112833764037
33,4,5,Fp1+Fp2,2,0.5404748427672956,0.5406037735849056,-0.0001289308176100068
33,4,10,Fp1+Fp2,2,0.6166552027207766,0.6230145082604099,-0.006359305539633375
33,4,25,Fp1+Fp2,2,0.6006191644247507,0.60478022630163,-0.004161061876879257
33,4,29,Fp1+Fp2,2,0.5424065106268496,0.5377656712402474,0.004640839386602202
33,4,31,Fp1+Fp2,2,0.5612195339524834,0.5608220753089967,0.0003974586434866145
33,4,47,Fp1+Fp2,2,0.5023717146433041,0.5052565707133917,-0.0028848560700875936
33,4,49,Fp1+Fp2,2,0.5509149148381156,0.5605819395427344,-0.009667024704618776
33,4,52,Fp1+Fp2,2,0.5472760390793177,0.5516737360999656,-0.0043976970206479615
33,4,60,Fp1+Fp2,2,0.49692694663167103,0.5089238845144358,-0.011996937882764791
33,4,63,Fp1+Fp2,2,0.49505859747525766,0.4880862396597885,0.006972357815469177
33,4,65,Fp1+Fp2,2,0.6030398876549254,0.5975579118245768,0.0054819758303485955
33,4,67,Fp1+Fp2,2,0.4993027638190955,0.4983354271356784,0.000967336683417086
33,4,72,Fp1+Fp2,2,0.5291932696462004,0.5255988670731122,0.0035944025730881846
33,4,2,F7+F8+T3+T4,4,0.5466494401378122,0.55786391042205,-0.01121447028423772
33,4,5,F7+F8+T3+T4,4,0.5404748427672956,0.5366761006289309,0.00379874213836473
33,4,10,F7+F8+T3+T4,4,0.6166552027207766,0.6111142955405251,0.005540907180251464
33,4,25,F7+F8+T3+T4,4,0.6006191644247507,0.5974669647096059,0.003152199715144799
33,4,29,F7+F8+T3+T4,4,0.5424065106268496,0.5437853107344632,-0.001378800107613598
33,4,31,F7+F8+T3+T4,4,0.5612195339524834,0.5645191345115026,-0.0032996005590192334
33,4,47,F7+F8+T3+T4,4,0.5023717146433041,0.4964768460575719,0.0058948685857321825
33,4,49,F7+F8+T3+T4,4,0.5509149148381156,0.5290426320904301,0.02187228274768549
33,4,52,F7+F8+T3+T4,4,0.5472760390793177,0.5361050606952246,0.011170978384093089
33,4,60,F7+F8+T3+T4,4,0.49692694663167103,0.49283683289588803,0.004090113735782996
33,4,63,F7+F8+T3+T4,4,0.49505859747525766,0.4909931547976462,0.004065442677611442
33,4,65,F7+F8+T3+T4,4,0.6030398876549254,0.6036840681285269,-0.0006441804736014856
33,4,67,F7+F8+T3+T4,4,0.4993027638190955,0.4849654522613065,0.014337311557789001
33,4,72,F7+F8+T3+T4,4,0.5291932696462004,0.5280951466564255,0.0010981229897748523
33,4,2,Fz+Cz+F3+F4,4,0.5466494401378122,0.5170284237726097,0.029621016365202535
33,4,5,Fz+Cz+F3+F4,4,0.5404748427672956,0.5478993710691824,-0.007424528301886779
33,4,10,Fz+Cz+F3+F4,4,0.6166552027207766,0.5466773663494975,0.06997783637127908
33,4,25,Fz+Cz+F3+F4,4,0.6006191644247507,0.5941644247507517,0.00645473967399901
33,4,29,Fz+Cz+F3+F4,4,0.5424065106268496,0.5440543449018025,-0.001647834274952853
33,4,31,Fz+Cz+F3+F4,4,0.5612195339524834,0.5552873893607952,0.0059321445916881155
33,4,47,Fz+Cz+F3+F4,4,0.5023717146433041,0.5001188986232791,0.002252816020025028
33,4,49,Fz+Cz+F3+F4,4,0.5509149148381156,0.5584113344585955,-0.007496419620479866
33,4,52,Fz+Cz+F3+F4,4,0.5472760390793177,0.5642490478556053,-0.0169730087762876
33,4,60,Fz+Cz+F3+F4,4,0.49692694663167103,0.4972550306211724,-0.00032808398950134876
33,4,63,Fz+Cz+F3+F4,4,0.49505859747525766,0.5024512747335034,-0.007392677258245717
33,4,65,Fz+Cz+F3+F4,4,0.6030398876549254,0.5904461593960164,0.012593728258909032
33,4,67,Fz+Cz+F3+F4,4,0.4993027638190955,0.5107726130653265,-0.011469849246231012
33,4,72,Fz+Cz+F3+F4,4,0.5291932696462004,0.5084549469540589,0.020738322692141486
33,4,2,T5+T6+P3+P4,4,0.5466494401378122,0.5366365202411714,0.010012919896640882
33,4,5,T5+T6+P3+P4,4,0.5404748427672956,0.5374842767295598,0.0029905660377358423
33,4,10,T5+T6+P3+P4,4,0.6166552027207766,0.6141554256308355,0.002499777089941091
33,4,25,T5+T6+P3+P4,4,0.6006191644247507,0.5961564329799018,0.0044627314448488775
33,4,29,T5+T6+P3+P4,4,0.5424065106268496,0.5488465160075329,-0.006440005380683234
33,4,31,T5+T6+P3+P4,4,0.5612195339524834,0.5616397894757709,-0.00042025552328750493
33,4,47,T5+T6+P3+P4,4,0.5023717146433041,0.4995118898623279,0.0028598247809761834
33,4,49,T5+T6+P3+P4,4,0.5509149148381156,0.5522575571582017,-0.0013426423200860738
33,4,52,T5+T6+P3+P4,4,0.5472760390793177,0.5481199128740113,-0.0008438737946936392
33,4,60,T5+T6+P3+P4,4,0.49692694663167103,0.5066819772528434,-0.009755030621172334
33,4,63,T5+T6+P3+P4,4,0.49505859747525766,0.5121080256288897,-0.01704942815363203
33,4,65,T5+T6+P3+P4,4,0.6030398876549254,0.5987786338220515,0.004261253832873901
33,4,67,T5+T6+P3+P4,4,0.4993027638190955,0.5004302763819095,-0.0011275125628140148
33,4,72,T5+T6+P3+P4,4,0.5291932696462004,0.5302013825548462,-0.0010081129086457752
33,4,2,O1+O2+Oz+Pz,4,0.5466494401378122,0.5385185185185185,0.00813092161929374
33,4,5,O1+O2+Oz+Pz,4,0.5404748427672956,0.5324433962264151,0.008031446540880505
33,4,10,O1+O2+Oz+Pz,4,0.6166552027207766,0.6129708178888507,0.003684384831925902
33,4,25,O1+O2+Oz+Pz,4,0.6006191644247507,0.6003105712929261,0.00030859313182463044
33,4,29,O1+O2+Oz+Pz,4,0.5424065106268496,0.5425914716168954,-0.00018496099004572386
33,4,31,O1+O2+Oz+Pz,4,0.5612195339524834,0.5640740997710401,-0.002854565818556698
33,4,47,O1+O2+Oz+Pz,4,0.5023717146433041,0.49665206508135173,0.005719649561952367
33,4,49,O1+O2+Oz+Pz,4,0.5509149148381156,0.5586830596900414,-0.0077681448519257845
33,4,52,O1+O2+Oz+Pz,4,0.5472760390793177,0.5383150547084973,0.00896098437082038
33,4,60,O1+O2+Oz+Pz,4,0.49692694663167103,0.4984689413823272,-0.0015419947506561948
33,4,63,O1+O2+Oz+Pz,4,0.49505859747525766,0.5043162215048143,-0.0092576240295566
33,4,65,O1+O2+Oz+Pz,4,0.6030398876549254,0.6062704527300369,-0.0032305650751114356
33,4,67,O1+O2+Oz+Pz,4,0.4993027638190955,0.5030496231155779,-0.0037468592964823855
33,4,72,O1+O2+Oz+Pz,4,0.5291932696462004,0.5412186164850462,-0.012025346838845818
