model,seed,partition,train_block,child,n_records,n,n_class1,auc,bacc,ce_bal_bits,j_bits
per_child,11,odd_even_blocks,0,0,1,303,62,0.47955427653593896,0.500334627225271,1.0120065212249756,-0.012006521224975586
per_child,11,odd_even_blocks,1,0,1,267,53,0.6291218479985893,0.6026714865103157,0.9929128289222717,0.0070871710777282715
per_child,11,odd_even_blocks,0,1,2,590,111,0.52419643025071,0.5109180161372229,1.0004562139511108,-0.00045621395111083984
per_child,11,odd_even_blocks,1,1,2,697,141,0.5444091535282412,0.538898668299403,0.9990478754043579,0.0009521245956420898
per_child,11,odd_even_blocks,0,2,1,253,52,0.5241580558744738,0.5006218905472637,0.9997475147247314,0.0002524852752685547
per_child,11,odd_even_blocks,1,2,1,311,68,0.5101367707576858,0.5068385378842896,1.0023921728134155,-0.0023921728134155273
per_child,11,odd_even_blocks,0,3,1,306,58,0.5483870967741934,0.5419911012235817,0.9983594417572021,0.0016405582427978516
per_child,11,odd_even_blocks,1,3,1,349,70,0.5059651817716334,0.5064516129032258,1.0335075855255127,-0.033507585525512695
per_child,11,odd_even_blocks,0,4,2,573,111,0.5150052650052651,0.478003978003978,1.0012905597686768,-0.0012905597686767578
per_child,11,odd_even_blocks,1,4,2,688,143,0.5478283184705203,0.5374286264194521,0.9961605072021484,0.0038394927978515625
per_child,11,odd_even_blocks,0,5,1,299,56,0.5285493827160495,0.5215681951793063,1.0113322734832764,-0.011332273483276367
per_child,11,odd_even_blocks,1,5,1,351,72,0.5860463958582238,0.5705645161290323,0.9928513765335083,0.007148623466491699
per_child,11,odd_even_blocks,0,6,1,226,40,0.4973790322580645,0.5283602150537634,1.0003736019134521,-0.00037360191345214844
per_child,11,odd_even_blocks,1,6,1,292,58,0.560271146478043,0.5573975832596523,0.9956029653549194,0.004397034645080566
per_child,11,odd_even_blocks,0,8,1,289,53,0.5081547809401983,0.5586024944035817,1.0032614469528198,-0.0032614469528198242
per_child,11,odd_even_blocks,1,8,1,338,70,0.4601279317697228,0.48939232409381667,1.009461760520935,-0.009461760520935059
per_child,11,odd_even_blocks,0,10,1,299,57,0.5035885167464115,0.49800637958532695,1.002610445022583,-0.002610445022583008
per_child,11,odd_even_blocks,1,10,1,347,72,0.616919191919192,0.5882070707070708,0.9780616760253906,0.021938323974609375
per_child,11,odd_even_blocks,0,11,1,256,53,0.49196021935124085,0.473138767543452,1.0151352882385254,-0.01513528823852539
per_child,11,odd_even_blocks,1,11,1,318,67,0.5124576321579354,0.5186715823274068,1.0472315549850464,-0.04723155498504639
per_child,11,odd_even_blocks,0,12,1,295,57,0.42049977885891193,0.45698805838124723,1.020975947380066,-0.020975947380065918
per_child,11,odd_even_blocks,1,12,1,346,70,0.5527691511387164,0.530175983436853,0.9934445023536682,0.006555497646331787
per_child,11,odd_even_blocks,0,13,1,298,56,0.4943181818181819,0.47314049586776863,1.001819372177124,-0.0018193721771240234
per_child,11,odd_even_blocks,1,13,1,351,72,0.5985911987256073,0.6106630824372761,0.9911139011383057,0.008886098861694336
per_child,11,odd_even_blocks,0,14,1,295,55,0.49022727272727273,0.46571969696969695,1.0066170692443848,-0.006617069244384766
per_child,11,odd_even_blocks,1,14,1,345,73,0.5235193392425462,0.5082594681708299,0.9983174800872803,0.0016825199127197266
per_child,11,odd_even_blocks,0,15,1,275,51,0.5184698879551821,0.5170255602240896,1.0041793584823608,-0.00417935848236084
per_child,11,odd_even_blocks,1,15,1,329,69,0.48857302118171686,0.49573578595317724,1.0013755559921265,-0.0013755559921264648
per_child,11,odd_even_blocks,0,16,1,290,54,0.4959196484620213,0.49223163841807904,1.0054497718811035,-0.005449771881103516
per_child,11,odd_even_blocks,1,16,1,343,71,0.5721313173156587,0.5558719966859984,1.018039345741272,-0.018039345741271973
per_child,11,odd_even_blocks,0,17,1,242,46,0.49467613132209404,0.5265084294587401,1.0067048072814941,-0.006704807281494141
per_child,11,odd_even_blocks,1,17,1,255,50,0.5400975609756097,0.5768292682926829,0.9971030950546265,0.002896904945373535
per_child,11,odd_even_blocks,0,18,1,281,52,0.5104131676184078,0.49790057104467583,1.0013525485992432,-0.001352548599243164
per_child,11,odd_even_blocks,1,18,1,320,63,0.46121301957877836,0.4647952566240504,1.0693641901016235,-0.06936419010162354
per_child,11,odd_even_blocks,0,19,1,300,58,0.536833855799373,0.4788401253918495,1.0169428586959839,-0.016942858695983887
per_child,11,odd_even_blocks,1,19,1,349,71,0.5299169115411897,0.5242172459215726,1.0353248119354248,-0.035324811935424805
per_child,11,odd_even_blocks,0,20,2,556,104,0.5245277399591559,0.5296545268890401,1.0012223720550537,-0.001222372055053711
per_child,11,odd_even_blocks,1,20,2,638,138,0.5506376811594202,0.5221449275362319,1.001697063446045,-0.0016970634460449219
per_child,11,odd_even_blocks,0,21,1,279,55,0.6128652597402597,0.5799512987012987,0.9822942018508911,0.017705798149108887
per_child,11,odd_even_blocks,1,21,1,292,61,0.5976154992548436,0.5364062167340855,0.9903618097305298,0.009638190269470215
per_child,11,odd_even_blocks,0,22,2,314,57,0.5053245955355313,0.5315721209638883,1.050208330154419,-0.050208330154418945
per_child,11,odd_even_blocks,1,22,2,340,67,0.4716253895358373,0.4481985676015527,1.0367714166641235,-0.036771416664123535
per_child,11,odd_even_blocks,0,23,1,300,57,0.6893365099992779,0.6272471301711068,0.9312642216682434,0.06873577833175659
per_child,11,odd_even_blocks,1,23,1,351,71,0.6750251509054326,0.6201710261569416,0.9389373660087585,0.061062633991241455
per_child,11,odd_even_blocks,0,24,2,549,104,0.5975259291270528,0.5510371650821089,0.9926881194114685,0.007311880588531494
per_child,11,odd_even_blocks,1,24,2,640,132,0.44845353137675975,0.4816869482223813,1.0041918754577637,-0.004191875457763672
per_child,11,odd_even_blocks,0,25,2,545,106,0.5578394292345381,0.5164503373877165,0.9958715438842773,0.004128456115722656
per_child,11,odd_even_blocks,1,25,2,621,129,0.5233345938110544,0.5142512762336926,0.9996734261512756,0.00032657384872436523
per_child,11,odd_even_blocks,0,26,1,290,56,0.5016407203907204,0.4907661782661783,1.0037084817886353,-0.003708481788635254
per_child,11,odd_even_blocks,1,26,1,343,69,0.5358087379667831,0.5527874748757009,1.002800703048706,-0.0028007030487060547
per_child,11,odd_even_blocks,0,27,1,294,56,0.5420543217286915,0.5267857142857143,0.9947845935821533,0.00521540641784668
per_child,11,odd_even_blocks,1,27,1,346,70,0.5906573498964802,0.5420807453416149,0.9834514856338501,0.016548514366149902
per_child,11,odd_even_blocks,0,30,1,300,56,0.5943354800936769,0.544496487119438,0.9783264398574829,0.02167356014251709
per_child,11,odd_even_blocks,1,30,1,355,74,0.46349908627488695,0.4542656535539098,1.005199670791626,-0.0051996707916259766
per_child,11,odd_even_blocks,0,31,2,521,101,0.5354431871758605,0.5284064120697785,0.9992308616638184,0.0007691383361816406
per_child,11,odd_even_blocks,1,31,2,639,128,0.523238747553816,0.500099376223092,0.9993977546691895,0.0006022453308105469
per_child,11,odd_even_blocks,0,32,1,301,58,0.5623669646658151,0.5252234993614304,0.9904785752296448,0.009521424770355225
per_child,11,odd_even_blocks,1,32,1,353,70,0.6906360424028269,0.641065118626956,0.9283738136291504,0.07162618637084961
per_child,11,odd_even_blocks,0,33,1,295,56,0.523722355050807,0.5096757322175732,1.020058274269104,-0.020058274269104004
per_child,11,odd_even_blocks,1,33,1,342,71,0.4581362715035601,0.46990800893924434,1.0965749025344849,-0.09657490253448486
per_child,11,odd_even_blocks,0,34,1,303,57,0.5371202396234489,0.48502353444587076,1.0251564979553223,-0.025156497955322266
per_child,11,odd_even_blocks,1,34,1,354,73,0.5005362453078536,0.48786135621313315,0.9988533854484558,0.0011466145515441895
per_child,11,odd_even_blocks,0,35,1,290,57,0.5298170318500113,0.4926586853399593,0.9912583827972412,0.008741617202758789
per_child,11,odd_even_blocks,1,35,1,337,69,0.5164936188622107,0.4616590958252217,1.0219650268554688,-0.02196502685546875
per_child,11,odd_even_blocks,0,36,1,274,53,0.4700759839494578,0.46922223170835825,1.0161888599395752,-0.016188859939575195
per_child,11,odd_even_blocks,1,36,1,312,61,0.45147279733524914,0.457448892952779,1.002624273300171,-0.0026242733001708984
per_child,11,odd_even_blocks,0,37,1,230,46,0.5096880907372401,0.5027173913043479,0.9967852830886841,0.003214716911315918
per_child,11,odd_even_blocks,1,37,1,267,59,0.5535365058670143,0.5040743155149935,0.9975922107696533,0.0024077892303466797
per_child,11,odd_even_blocks,0,38,2,596,113,0.653685483427692,0.6086223639128603,0.9453120231628418,0.0546879768371582
per_child,11,odd_even_blocks,1,38,2,700,144,0.4929306554756195,0.48943345323741005,1.0035126209259033,-0.0035126209259033203
per_child,11,odd_even_blocks,0,39,1,299,54,0.5494708994708996,0.5438775510204081,0.9981603622436523,0.0018396377563476562
per_child,11,odd_even_blocks,1,39,1,354,71,0.49362962225650725,0.4868610959040462,1.021714210510254,-0.021714210510253906
per_child,11,odd_even_blocks,0,40,1,259,47,0.4449518265756724,0.4567442794058611,1.0541951656341553,-0.05419516563415527
per_child,11,odd_even_blocks,1,40,1,239,46,0.4905384095517008,0.4806262671772922,1.000741720199585,-0.0007417201995849609
per_child,11,odd_even_blocks,0,41,1,326,67,0.5295049847288653,0.5156168962139112,1.006063461303711,-0.0060634613037109375
per_child,11,odd_even_blocks,1,41,1,319,64,0.5309742647058824,0.5303921568627451,0.9996249675750732,0.0003750324249267578
per_child,11,odd_even_blocks,0,42,1,286,54,0.49161877394636017,0.46455938697318006,1.0024669170379639,-0.002466917037963867
per_child,11,odd_even_blocks,1,42,1,347,67,0.4929371002132196,0.49426972281449894,1.008780837059021,-0.008780837059020996
per_child,11,odd_even_blocks,0,43,1,297,53,0.5639112279616455,0.5362666254253016,0.9833475351333618,0.016652464866638184
per_child,11,odd_even_blocks,1,43,1,347,69,0.5682149932228131,0.5631321030132416,1.0087308883666992,-0.008730888366699219
per_child,11,odd_even_blocks,0,44,1,257,50,0.49246376811594206,0.514927536231884,1.001717209815979,-0.001717209815979004
per_child,11,odd_even_blocks,1,44,1,290,60,0.5036956521739131,0.4902173913043478,1.0370209217071533,-0.03702092170715332
per_child,11,odd_even_blocks,0,45,2,574,109,0.5611423498076354,0.5514353358981947,1.0295896530151367,-0.02958965301513672
per_child,11,odd_even_blocks,1,45,2,686,142,0.5185830053852527,0.524673777961889,1.0053839683532715,-0.005383968353271484
per_child,11,odd_even_blocks,0,46,1,270,53,0.4637422832797148,0.4332231979827841,1.0087902545928955,-0.008790254592895508
per_child,11,odd_even_blocks,1,46,1,307,63,0.5390970595888629,0.5395849596669269,0.9974606037139893,0.002539396286010742
per_child,11,odd_even_blocks,0,47,1,301,58,0.6242017879948915,0.6082020718036044,0.967860996723175,0.03213900327682495
per_child,11,odd_even_blocks,1,47,1,352,70,0.514969604863222,0.5795845997973658,1.0043131113052368,-0.004313111305236816
per_child,11,odd_even_blocks,0,48,1,229,43,0.5368842210552638,0.5182545636409103,0.9969217777252197,0.0030782222747802734
per_child,11,odd_even_blocks,1,48,1,280,58,0.5510639950295123,0.5477632805219013,0.9947922229766846,0.00520777702331543
per_child,11,odd_even_blocks,0,49,1,301,56,0.5642492711370263,0.5586734693877551,1.0173451900482178,-0.017345190048217773
per_child,11,odd_even_blocks,1,49,1,348,67,0.5385350825941467,0.5252297232697721,0.9978771209716797,0.0021228790283203125
per_child,11,odd_even_blocks,0,50,1,220,40,0.5863888888888888,0.55,0.9834408760070801,0.016559123992919922
per_child,11,odd_even_blocks,1,50,1,250,52,0.5050990675990675,0.48980186480186483,1.0048267841339111,-0.004826784133911133
per_child,11,odd_even_blocks,0,51,2,604,113,0.5009101887064507,0.5091108988338771,1.0659246444702148,-0.06592464447021484
per_child,11,odd_even_blocks,1,51,2,690,140,0.48800000000000004,0.4909090909090909,1.0010987520217896,-0.0010987520217895508
per_child,11,odd_even_blocks,0,52,1,297,55,0.4574755822689706,0.4607438016528925,1.0373878479003906,-0.037387847900390625
per_child,11,odd_even_blocks,1,52,1,349,71,0.4565812139021177,0.46876583240449887,1.065303087234497,-0.06530308723449707
per_child,11,odd_even_blocks,0,53,1,297,57,0.46458333333333335,0.4381578947368421,1.0089974403381348,-0.008997440338134766
per_child,11,odd_even_blocks,1,53,1,347,72,0.5342929292929293,0.5021969696969697,1.0011354684829712,-0.0011354684829711914
per_child,11,odd_even_blocks,0,54,1,296,55,0.4933987174651075,0.49551112787627305,1.0064103603363037,-0.006410360336303711
per_child,11,odd_even_blocks,1,54,1,352,72,0.4933035714285714,0.4886904761904762,0.9985138177871704,0.0014861822128295898
per_child,11,odd_even_blocks,0,56,1,298,57,0.4956686321613162,0.460034942127102,1.0021436214447021,-0.0021436214447021484
per_child,11,odd_even_blocks,1,56,1,352,72,0.5140376984126984,0.47718253968253965,1.0655770301818848,-0.06557703018188477
per_child,11,odd_even_blocks,0,57,1,299,56,0.6300705467372134,0.6149691358024691,0.9544697999954224,0.04553020000457764
per_child,11,odd_even_blocks,1,57,1,352,72,0.6371279761904761,0.5898809523809524,0.9696176052093506,0.030382394790649414
per_child,11,odd_even_blocks,0,58,1,292,54,0.5260270774976658,0.4969654528478058,0.9962683320045471,0.003731667995452881
per_child,11,odd_even_blocks,1,58,1,335,70,0.4683018867924528,0.4849056603773585,1.0007237195968628,-0.000723719596862793
per_child,11,odd_even_blocks,0,59,2,565,108,0.5255794634897478,0.48708363724775106,1.014251708984375,-0.014251708984375
per_child,11,odd_even_blocks,1,59,2,652,137,0.564644603500815,0.5281128197859826,0.9917377233505249,0.008262276649475098
per_child,11,odd_even_blocks,0,61,1,289,55,0.4733100233100233,0.46884226884226887,1.0047942399978638,-0.0047942399978637695
per_child,11,odd_even_blocks,1,61,1,320,65,0.5125490196078432,0.5271493212669683,0.9998213648796082,0.0001786351203918457
per_child,11,odd_even_blocks,0,62,1,283,55,0.6299840510366825,0.59792663476874,0.9650477766990662,0.03495222330093384
per_child,11,odd_even_blocks,1,62,1,318,66,0.6481782106782106,0.6233766233766234,0.9656091332435608,0.03439086675643921
per_child,11,odd_even_blocks,0,63,1,281,54,0.4734051231848589,0.4835209658998205,1.011641502380371,-0.011641502380371094
per_child,11,odd_even_blocks,1,63,1,324,64,0.5454326923076923,0.5314903846153847,0.9955449104309082,0.004455089569091797
per_child,11,odd_even_blocks,0,64,1,295,56,0.5193888224745966,0.5084055588762701,0.998772919178009,0.0012270808219909668
per_child,11,odd_even_blocks,1,64,1,345,70,0.5267272727272728,0.5357142857142857,1.0471808910369873,-0.047180891036987305
per_child,11,odd_even_blocks,0,65,1,294,55,0.4703689615823507,0.4879802206162039,1.016709566116333,-0.016709566116333008
per_child,11,odd_even_blocks,1,65,1,352,71,0.5800210515763621,0.541977845722019,0.9877421259880066,0.012257874011993408
per_child,11,odd_even_blocks,0,66,1,254,52,0.5791127189642041,0.5439832444782939,0.998787522315979,0.001212477684020996
per_child,11,odd_even_blocks,1,66,1,312,66,0.5011086474501109,0.4959349593495935,1.0028656721115112,-0.0028656721115112305
per_child,11,odd_even_blocks,0,67,1,299,58,0.4584704535698956,0.49860495063671484,1.0042060613632202,-0.004206061363220215
per_child,11,odd_even_blocks,1,67,1,349,72,0.5273515844364219,0.5276273565984757,0.999669075012207,0.00033092498779296875
per_child,11,odd_even_blocks,0,68,1,215,41,0.5530557891785814,0.5318895430333613,0.9964262843132019,0.0035737156867980957
per_child,11,odd_even_blocks,1,68,1,236,41,0.4617260787992496,0.4606629143214509,1.0059386491775513,-0.0059386491775512695
per_child,11,odd_even_blocks,0,69,1,294,56,0.5070528211284513,0.4952731092436975,1.0260051488876343,-0.026005148887634277
per_child,11,odd_even_blocks,1,69,1,346,71,0.5184891165172856,0.5224071702944942,1.1034306287765503,-0.10343062877655029
per_child,11,odd_even_blocks,0,70,1,247,49,0.531230674087817,0.49938157081014223,1.0033471584320068,-0.003347158432006836
per_child,11,odd_even_blocks,1,70,1,268,56,0.5753032345013477,0.522911051212938,0.997404932975769,0.002595067024230957
per_child,11,odd_even_blocks,0,71,1,298,56,0.5761880165289257,0.5707644628099173,0.9895167350769043,0.010483264923095703
per_child,11,odd_even_blocks,1,71,1,313,66,0.5110415899889584,0.5232793522267207,1.0006707906723022,-0.0006707906723022461
per_child,11,odd_even_blocks,0,72,1,207,40,0.4353293413173653,0.4333832335329341,1.0116760730743408,-0.01167607307434082
per_child,11,odd_even_blocks,1,72,1,230,49,0.5081745405344458,0.5151651820949374,1.002521276473999,-0.0025212764739990234
per_child,11,early_late_halves,0,0,1,420,78,0.4069013345329135,0.4421952316689159,1.011754035949707,-0.011754035949707031
per_child,11,early_late_halves,1,0,1,426,86,0.5669801641586867,0.5410396716826266,1.022016167640686,-0.022016167640686035
per_child,11,early_late_halves,0,1,2,955,188,0.5119143388166107,0.5009570307082027,1.002366065979004,-0.0023660659790039062
per_child,11,early_late_halves,1,1,2,963,194,0.5687430455940906,0.5584907430992184,0.9953219294548035,0.004678070545196533
per_child,11,early_late_halves,0,2,1,390,80,0.5498185483870968,0.5284274193548387,0.9990956783294678,0.0009043216705322266
per_child,11,early_late_halves,1,2,1,432,87,0.502615358987173,0.5104947526236882,1.001578450202942,-0.0015784502029418945
per_child,11,early_late_halves,0,3,1,482,95,0.5104311165510675,0.5157214742282061,1.0011954307556152,-0.0011954307556152344
per_child,11,early_late_halves,1,3,1,483,97,0.5062630201378131,0.5183083168634155,1.0023736953735352,-0.0023736953735351562
per_child,11,early_late_halves,0,4,2,934,187,0.5340828554861156,0.5244435853932664,1.0065362453460693,-0.006536245346069336
per_child,11,early_late_halves,1,4,2,948,192,0.5539296737213404,0.554728835978836,0.9971158504486084,0.0028841495513916016
per_child,11,early_late_halves,0,5,1,484,96,0.46997154209621994,0.5031142611683849,1.007591962814331,-0.007591962814331055
per_child,11,early_late_halves,1,5,1,484,98,0.5920085650840647,0.5681770117373375,0.9790533781051636,0.020946621894836426
per_child,11,early_late_halves,0,6,1,373,70,0.4929042904290429,0.48328618576143334,1.081963300704956,-0.08196330070495605
per_child,11,early_late_halves,1,6,1,373,79,0.49836390252303453,0.5011840179109619,1.0705163478851318,-0.07051634788513184
per_child,11,early_late_halves,0,8,1,470,94,0.5128027387958352,0.5359042553191489,1.000975489616394,-0.000975489616394043
per_child,11,early_late_halves,1,8,1,469,95,0.5069800168871377,0.5169293554742471,1.0079158544540405,-0.007915854454040527
per_child,11,early_late_halves,0,10,1,486,96,0.7031917735042734,0.6378205128205128,0.9164603352546692,0.08353966474533081
per_child,11,early_late_halves,1,10,1,478,96,0.6899269197207679,0.6383889616055847,0.9399112462997437,0.06008875370025635
per_child,11,early_late_halves,0,11,1,407,81,0.5229303946072863,0.4936567446792396,0.9936546087265015,0.006345391273498535
per_child,11,early_late_halves,1,11,1,458,95,0.44567203131796435,0.44787588806727563,1.0117197036743164,-0.011719703674316406
per_child,11,early_late_halves,0,12,1,476,93,0.47233218226227575,0.4865942334147506,1.112623691558838,-0.11262369155883789
per_child,11,early_late_halves,1,12,1,478,95,0.5385186203105675,0.5339700425999725,0.996837854385376,0.0031621456146240234
per_child,11,early_late_halves,0,13,1,485,96,0.5604113110539846,0.5408901028277635,0.9947439432144165,0.005256056785583496
per_child,11,early_late_halves,1,13,1,482,98,0.5514721513605442,0.5360065901360545,1.1082048416137695,-0.10820484161376953
per_child,11,early_late_halves,0,14,1,477,95,0.4920639294571507,0.4743868834389639,1.0081450939178467,-0.00814509391784668
per_child,11,early_late_halves,1,14,1,483,98,0.540564537503313,0.5298701298701298,0.9960834980010986,0.003916501998901367
per_child,11,early_late_halves,0,15,1,472,94,0.5775357424293595,0.5549926826522571,0.9943179488182068,0.005682051181793213
per_child,11,early_late_halves,1,15,1,433,85,0.5276200135226504,0.5398073022312373,1.0026865005493164,-0.0026865005493164062
per_child,11,early_late_halves,0,16,1,476,94,0.5361757825554194,0.529686977832238,0.99974524974823,0.00025475025177001953
per_child,11,early_late_halves,1,16,1,475,94,0.5072318087898587,0.496174680292623,0.9976964592933655,0.0023035407066345215
per_child,11,early_late_halves,0,17,1,319,61,0.5513089337908247,0.5413648494090736,1.001242756843567,-0.0012427568435668945
per_child,11,early_late_halves,1,17,1,408,80,0.48365091463414633,0.4972560975609756,1.0307046175003052,-0.030704617500305176
per_child,11,early_late_halves,0,18,1,483,95,0.4845496473141617,0.48315246880086815,1.0025731325149536,-0.0025731325149536133
per_child,11,early_late_halves,1,18,1,425,84,0.5687753107107946,0.5492947912302751,0.9943909645080566,0.005609035491943359
per_child,11,early_late_halves,0,19,1,487,96,0.5217790920716112,0.560701726342711,0.9989681243896484,0.0010318756103515625
per_child,11,early_late_halves,1,19,1,480,98,0.5515012287637568,0.555508067101186,1.0000957250595093,-9.572505950927734e-05
per_child,11,early_late_halves,0,20,2,848,170,0.5256290126670137,0.5458528544161028,1.0025129318237305,-0.0025129318237304688
per_child,11,early_late_halves,1,20,2,916,184,0.5106134176764078,0.5078997386552625,1.0031287670135498,-0.0031287670135498047
per_child,11,early_late_halves,0,21,1,405,77,0.5631533101045296,0.522945042762116,0.9969711303710938,0.00302886962890625
per_child,11,early_late_halves,1,21,1,446,92,0.5399625399164824,0.5327929255711128,0.9969331622123718,0.003066837787628174
per_child,11,early_late_halves,0,22,2,457,83,0.4680916178081309,0.47361639069647576,1.0055880546569824,-0.005588054656982422
per_child,11,early_late_halves,1,22,2,509,101,0.4943214909726267,0.5039919433119782,1.00484299659729,-0.004842996597290039
per_child,11,early_late_halves,0,23,1,480,96,0.699612087673611,0.6588541666666667,0.9208667278289795,0.07913327217102051
per_child,11,early_late_halves,1,23,1,482,98,0.6812553146258503,0.6340348639455782,0.9248663187026978,0.07513368129730225
per_child,11,early_late_halves,0,24,2,959,189,0.5531127602556174,0.5562770562770563,0.9958959817886353,0.004104018211364746
per_child,11,early_late_halves,1,24,2,819,165,0.6070938745250672,0.5871837642479845,0.9806129932403564,0.019387006759643555
per_child,11,early_late_halves,0,25,2,850,166,0.5544106249559642,0.5318466849855562,0.9937903881072998,0.006209611892700195
per_child,11,early_late_halves,1,25,2,879,179,0.5134996009577015,0.50353950518755,1.0048764944076538,-0.004876494407653809
per_child,11,early_late_halves,0,26,1,466,94,0.4892759094028826,0.4678849233584992,1.0073959827423096,-0.00739598274230957
per_child,11,early_late_halves,1,26,1,475,97,0.5145229913271151,0.518995799923635,1.0015811920166016,-0.0015811920166015625
per_child,11,early_late_halves,0,27,1,483,95,0.5331795984807379,0.5550325556158437,1.014840006828308,-0.014840006828308105
per_child,11,early_late_halves,1,27,1,481,98,0.5866414450897852,0.5482495870410827,0.9757401943206787,0.02425980567932129
per_child,11,early_late_halves,0,28,1,263,51,0.526267110617832,0.5483259341472438,0.9994325637817383,0.0005674362182617188
per_child,11,early_late_halves,1,28,1,248,51,0.5817657012043396,0.5841544739723301,0.9938244819641113,0.006175518035888672
per_child,11,early_late_halves,0,30,1,479,93,0.4831327650565491,0.5218118001002842,1.0087445974349976,-0.008744597434997559
per_child,11,early_late_halves,1,30,1,483,98,0.5833024118738405,0.5669758812615955,0.9782412052154541,0.0217587947845459
per_child,11,early_late_halves,0,31,2,828,162,0.516803840877915,0.5156823490156823,1.003119707107544,-0.0031197071075439453
per_child,11,early_late_halves,1,31,2,896,182,0.5089381906608798,0.49903038138332256,1.0017051696777344,-0.001705169677734375
per_child,11,early_late_halves,0,32,1,487,96,0.6618712702472292,0.6167279411764706,1.0036416053771973,-0.0036416053771972656
per_child,11,early_late_halves,1,32,1,486,98,0.6404639175257733,0.6122974963181149,0.96307772397995,0.03692227602005005
per_child,11,early_late_halves,0,33,1,468,92,0.44487164662349676,0.4451896392229417,1.0168557167053223,-0.016855716705322266
per_child,11,early_late_halves,1,33,1,475,95,0.41909972299168974,0.4078947368421053,1.0375308990478516,-0.03753089904785156
per_child,11,early_late_halves,0,34,1,486,96,0.4222489316239316,0.43365384615384617,1.008408784866333,-0.008408784866333008
per_child,11,early_late_halves,1,34,1,486,98,0.5207895013675572,0.5214864296233958,0.9958873987197876,0.004112601280212402
per_child,11,early_late_halves,0,35,1,476,95,0.48896256389004006,0.49001243265644423,1.0072317123413086,-0.007231712341308594
per_child,11,early_late_halves,1,35,1,466,94,0.45518760009151227,0.4682566918325326,1.008528709411621,-0.008528709411621094
per_child,11,early_late_halves,0,36,1,413,80,0.5287725225225226,0.5353228228228228,1.0049834251403809,-0.004983425140380859
per_child,11,early_late_halves,1,36,1,445,88,0.5254010695187166,0.5410777947542653,0.9993465542793274,0.0006534457206726074
per_child,11,early_late_halves,0,37,1,341,70,0.4481022667369531,0.46823932525039536,1.0102492570877075,-0.01024925708770752
per_child,11,early_late_halves,1,37,1,378,82,0.464135629531971,0.4733437705998682,1.0121018886566162,-0.012101888656616211
per_child,11,early_late_halves,0,38,2,964,191,0.6795547367636798,0.611745900584518,0.9317073822021484,0.06829261779785156
per_child,11,early_late_halves,1,38,2,963,195,0.6821581196581196,0.6421374198717948,0.9452364444732666,0.0547635555267334
per_child,11,early_late_halves,0,39,1,484,95,0.5466107427952915,0.5190096062779055,1.0048556327819824,-0.004855632781982422
per_child,11,early_late_halves,1,39,1,483,96,0.5566995047372953,0.5406976744186047,0.9950170516967773,0.004982948303222656
per_child,11,early_late_halves,0,40,1,366,69,0.47899282681891375,0.48711755233494364,1.004226565361023,-0.004226565361022949
per_child,11,early_late_halves,1,40,1,394,81,0.5374314676764091,0.522620597167988,0.9951486587524414,0.004851341247558594
per_child,11,early_late_halves,0,41,1,481,95,0.4594355058631034,0.5094627761112626,1.007056713104248,-0.007056713104248047
per_child,11,early_late_halves,1,41,1,483,97,0.4868463223118424,0.5110704556380535,1.002276062965393,-0.0022760629653930664
per_child,11,early_late_halves,0,42,1,472,94,0.5089496791624452,0.48882697286952603,1.000157356262207,-0.00015735626220703125
per_child,11,early_late_halves,1,42,1,482,95,0.5503739970080239,0.5222902216782266,1.000154972076416,-0.00015497207641601562
per_child,11,early_late_halves,0,43,1,473,90,0.6276037133739484,0.5620394545982013,0.9547430276870728,0.045256972312927246
per_child,11,early_late_halves,1,43,1,477,96,0.5944745188101487,0.5621719160104987,0.9881329536437988,0.011867046356201172
per_child,11,early_late_halves,0,44,1,406,84,0.5148254954155576,0.525103519668737,1.0066825151443481,-0.0066825151443481445
per_child,11,early_late_halves,1,44,1,417,86,0.5238530176350735,0.5394330077987775,1.000414490699768,-0.0004144906997680664
per_child,11,early_late_halves,0,45,2,935,186,0.548480411157529,0.536094721277115,1.0221343040466309,-0.02213430404663086
per_child,11,early_late_halves,1,45,2,955,194,0.4721676578565913,0.48482395654117616,1.0085105895996094,-0.008510589599609375
per_child,11,early_late_halves,0,46,1,414,84,0.5145382395382395,0.4896103896103896,1.0011317729949951,-0.0011317729949951172
per_child,11,early_late_halves,1,46,1,426,88,0.4908384884346423,0.5087412587412588,1.0025415420532227,-0.0025415420532226562
per_child,11,early_late_halves,0,47,1,486,96,0.5872729700854702,0.5897435897435896,0.9927958250045776,0.007204174995422363
per_child,11,early_late_halves,1,47,1,486,98,0.5460498632442667,0.5457605722701452,0.994971752166748,0.005028247833251953
per_child,11,early_late_halves,0,48,1,331,64,0.5162102059925093,0.5062324438202247,1.2065541744232178,-0.20655417442321777
per_child,11,early_late_halves,1,48,1,408,85,0.4739938080495356,0.4693498452012384,1.0110695362091064,-0.011069536209106445
per_child,11,early_late_halves,0,49,1,486,95,0.5296675191815856,0.5105128550275946,0.9992461204528809,0.0007538795471191406
per_child,11,early_late_halves,1,49,1,481,95,0.505699481865285,0.4981728933733297,1.0456918478012085,-0.045691847801208496
per_child,11,early_late_halves,0,50,1,442,85,0.543071346185533,0.542577030812325,0.9937026500701904,0.00629734992980957
per_child,11,early_late_halves,1,50,1,293,64,0.5615447598253275,0.5563591703056768,0.9914813041687012,0.008518695831298828
per_child,11,early_late_halves,0,51,2,971,191,0.5781380051013558,0.5499194522754732,0.9982869625091553,0.0017130374908447266
per_child,11,early_late_halves,1,51,2,965,194,0.556914971853397,0.5377873159773757,1.0086991786956787,-0.008699178695678711
per_child,11,early_late_halves,0,52,1,485,96,0.5363646101113968,0.5037489288774636,0.9983760714530945,0.0016239285469055176
per_child,11,early_late_halves,1,52,1,479,96,0.4760389469103568,0.4645751740644038,1.0058010816574097,-0.005801081657409668
per_child,11,early_late_halves,0,53,1,468,94,0.5528928205711685,0.5507168050972806,1.0057127475738525,-0.005712747573852539
per_child,11,early_late_halves,1,53,1,483,97,0.4936301479621815,0.4932829442871641,0.9996107816696167,0.0003892183303833008
per_child,11,early_late_halves,0,54,1,474,92,0.511097200091054,0.510072843159572,1.0477100610733032,-0.04771006107330322
per_child,11,early_late_halves,1,54,1,484,98,0.5057629269324311,0.5089880511790208,1.004697322845459,-0.004697322845458984
per_child,11,early_late_halves,0,55,1,301,62,0.5075583749493859,0.527365366446214,1.0016058683395386,-0.0016058683395385742
per_child,11,early_late_halves,1,55,1,337,65,0.46405542986425347,0.475933257918552,1.0038902759552002,-0.0038902759552001953
per_child,11,early_late_halves,0,56,1,487,96,0.5032635336743393,0.4712675831202046,1.0047106742858887,-0.004710674285888672
per_child,11,early_late_halves,1,56,1,482,98,0.4451530612244898,0.45873193027210885,1.0101499557495117,-0.010149955749511719
per_child,11,early_late_halves,0,57,1,485,96,0.5011246786632391,0.5204182733504713,0.9993106126785278,0.000689387321472168
per_child,11,early_late_halves,1,57,1,486,98,0.5076662108142226,0.4944771723122238,1.0044983625411987,-0.0044983625411987305
per_child,11,early_late_halves,0,58,1,464,91,0.486963438706066,0.5149515363992576,1.0333948135375977,-0.033394813537597656
per_child,11,early_late_halves,1,58,1,479,98,0.4346510257646366,0.46812898387701535,1.0060675144195557,-0.006067514419555664
per_child,11,early_late_halves,0,59,2,864,171,0.49009307781237604,0.4927090453406243,1.002551794052124,-0.0025517940521240234
per_child,11,early_late_halves,1,59,2,927,191,0.5312073184611883,0.5183921864329615,1.002524733543396,-0.002524733543395996
per_child,11,early_late_halves,0,60,1,288,41,0.47165991902834004,0.49684013034462327,1.0035696029663086,-0.0035696029663085938
per_child,11,early_late_halves,1,60,1,287,44,0.4702113729891508,0.4873269734380845,1.0195627212524414,-0.019562721252441406
per_child,11,early_late_halves,0,61,1,439,87,0.5455525078369906,0.5256008359456635,1.009753942489624,-0.009753942489624023
per_child,11,early_late_halves,1,61,1,467,94,0.5092692943927899,0.5079430722719753,1.0009733438491821,-0.0009733438491821289
per_child,11,early_late_halves,0,62,1,439,91,0.6368573954780852,0.5999431602879879,1.0032840967178345,-0.0032840967178344727
per_child,11,early_late_halves,1,62,1,457,93,0.7136505967151129,0.6420447831738154,0.9223240613937378,0.07767593860626221
per_child,11,early_late_halves,0,63,1,453,90,0.4960055096418733,0.488751147842057,1.0163506269454956,-0.016350626945495605
per_child,11,early_late_halves,1,63,1,464,91,0.4925168665115045,0.5266328845417317,1.0088779926300049,-0.008877992630004883
per_child,11,early_late_halves,0,64,1,481,96,0.5536796536796537,0.5433306277056277,0.9949811697006226,0.005018830299377441
per_child,11,early_late_halves,1,64,1,479,96,0.5140475413402958,0.49719865100087035,0.9999837875366211,1.621246337890625e-05
per_child,11,early_late_halves,0,65,1,481,95,0.5458821925279519,0.5393100627215708,1.011782169342041,-0.011782169342041016
per_child,11,early_late_halves,1,65,1,477,96,0.5337243000874891,0.5039370078740157,1.0004945993423462,-0.0004945993423461914
per_child,11,early_late_halves,0,66,1,409,81,0.5610508882866607,0.5414220114423367,0.9995913505554199,0.0004086494445800781
per_child,11,early_late_halves,1,66,1,446,93,0.5104023881324439,0.5178500715830516,1.0482603311538696,-0.04826033115386963
per_child,11,early_late_halves,0,67,1,484,96,0.4944829252577319,0.4881335910652921,1.0354760885238647,-0.035476088523864746
per_child,11,early_late_halves,1,67,1,485,98,0.5175077783051205,0.5238358909455255,1.03721022605896,-0.03721022605895996
per_child,11,early_late_halves,0,68,1,372,71,0.5604791539937298,0.5527818071218006,0.9973993301391602,0.0026006698608398438
per_child,11,early_late_halves,1,68,1,326,66,0.43927738927738924,0.47057109557109555,1.0140883922576904,-0.01408839225769043
per_child,11,early_late_halves,0,69,1,477,93,0.49570172491039427,0.4852570564516129,1.004638433456421,-0.0046384334564208984
per_child,11,early_late_halves,1,69,1,465,95,0.5850213371266003,0.5634423897581793,0.9936220645904541,0.0063779354095458984
per_child,11,early_late_halves,0,70,1,385,79,0.5366095805410771,0.5217382311574419,1.05045485496521,-0.05045485496520996
per_child,11,early_late_halves,1,70,1,384,78,0.6151122842299312,0.5627199597787833,0.9898988604545593,0.010101139545440674
per_child,11,early_late_halves,0,71,1,444,87,0.5481985897807399,0.528639041823626,1.018744707107544,-0.018744707107543945
per_child,11,early_late_halves,1,71,1,480,97,0.5083847002772469,0.4960027993862884,0.9994591474533081,0.0005408525466918945
per_child,11,early_late_halves,0,72,1,343,72,0.41625666256662563,0.4225861008610087,1.015779733657837,-0.015779733657836914
per_child,11,early_late_halves,1,72,1,341,70,0.4631523458091724,0.45115972588297315,1.0217204093933105,-0.021720409393310547
per_child,22,odd_even_blocks,0,0,1,303,62,0.5339312006424842,0.5141881943514924,1.0474046468734741,-0.04740464687347412
per_child,22,odd_even_blocks,1,0,1,267,53,0.5272879562687357,0.5306824193263975,1.0042223930358887,-0.004222393035888672
per_child,22,odd_even_blocks,0,1,2,590,111,0.5469258402452557,0.5357351088040023,0.99446040391922,0.005539596080780029
per_child,22,odd_even_blocks,1,1,2,697,141,0.5095285473748661,0.5164294096637584,1.001420259475708,-0.0014202594757080078
per_child,22,odd_even_blocks,0,2,1,253,52,0.549559892843475,0.5078453884424033,0.99757981300354,0.002420186996459961
per_child,22,odd_even_blocks,1,2,1,311,68,0.5429678044057129,0.5095315904139434,1.0005890130996704,-0.0005890130996704102
per_child,22,odd_even_blocks,0,3,1,306,58,0.5594758064516129,0.550055617352614,0.9976297616958618,0.0023702383041381836
per_child,22,odd_even_blocks,1,3,1,349,70,0.5339221710189452,0.515079365079365,1.0030081272125244,-0.003008127212524414
per_child,22,odd_even_blocks,0,4,2,573,111,0.5191197691197691,0.49736749736749736,1.006256103515625,-0.006256103515625
per_child,22,odd_even_blocks,1,4,2,688,143,0.5161031628921536,0.5237248989542568,1.0110950469970703,-0.011095046997070312
per_child,22,odd_even_blocks,0,5,1,299,56,0.5013227513227514,0.5375514403292181,1.0017834901809692,-0.0017834901809692383
per_child,22,odd_even_blocks,1,5,1,351,72,0.5431352050975706,0.5647401433691757,0.9959701299667358,0.00402987003326416
per_child,22,odd_even_blocks,0,6,1,226,40,0.497244623655914,0.471505376344086,1.002792477607727,-0.0027924776077270508
per_child,22,odd_even_blocks,1,6,1,292,58,0.551466254052461,0.5213675213675213,1.020616054534912,-0.02061605453491211
per_child,22,odd_even_blocks,0,8,1,289,53,0.5521666133674448,0.5412535976974736,0.9971535205841064,0.0028464794158935547
per_child,22,odd_even_blocks,1,8,1,338,70,0.5785714285714286,0.48123667377398716,0.9983159303665161,0.0016840696334838867
per_child,22,odd_even_blocks,0,10,1,299,57,0.533202841815282,0.5301580397274177,0.9985194206237793,0.0014805793762207031
per_child,22,odd_even_blocks,1,10,1,347,72,0.6331060606060606,0.6128282828282828,0.97563636302948,0.02436363697052002
per_child,22,odd_even_blocks,0,11,1,256,53,0.46667905939213683,0.4838274932614555,1.076551914215088,-0.07655191421508789
per_child,22,odd_even_blocks,1,11,1,318,67,0.5139739549265624,0.5047273592198371,1.0079145431518555,-0.007914543151855469
per_child,22,odd_even_blocks,0,12,1,295,57,0.48599439775910364,0.48573639982308714,1.0582882165908813,-0.05828821659088135
per_child,22,odd_even_blocks,1,12,1,346,70,0.6018892339544513,0.5702380952380952,0.9734284281730652,0.026571571826934814
per_child,22,odd_even_blocks,0,13,1,298,56,0.5629427390791026,0.5535714285714286,0.9953842163085938,0.00461578369140625
per_child,22,odd_even_blocks,1,13,1,351,72,0.551921545201115,0.5058243727598567,0.9969666004180908,0.0030333995819091797
per_child,22,odd_even_blocks,0,14,1,295,55,0.4889772727272727,0.48731060606060606,1.0031328201293945,-0.0031328201293945312
per_child,22,odd_even_blocks,1,14,1,345,73,0.5121122078968573,0.47567485898468975,1.0105901956558228,-0.010590195655822754
per_child,22,odd_even_blocks,0,15,1,275,51,0.4886642156862745,0.5108105742296919,1.0522953271865845,-0.05229532718658447
per_child,22,odd_even_blocks,1,15,1,329,69,0.5644091415830546,0.48592530657748045,0.9971567988395691,0.002843201160430908
per_child,22,odd_even_blocks,0,16,1,290,54,0.562617702448211,0.5422159447583177,0.9986783266067505,0.0013216733932495117
per_child,22,odd_even_blocks,1,16,1,343,71,0.5745391466445733,0.5545774647887324,0.9927343130111694,0.007265686988830566
per_child,22,odd_even_blocks,0,17,1,242,46,0.46417480035492453,0.44043921916592726,1.003584384918213,-0.0035843849182128906
per_child,22,odd_even_blocks,1,17,1,255,50,0.5231219512195122,0.5170731707317073,1.0133640766143799,-0.013364076614379883
per_child,22,odd_even_blocks,0,18,1,281,52,0.5262428619415519,0.5450957339603628,0.9980998039245605,0.0019001960754394531
per_child,22,odd_even_blocks,1,18,1,320,63,0.4647952566240504,0.49422518683219074,1.019806146621704,-0.0198061466217041
per_child,22,odd_even_blocks,0,19,1,300,58,0.5463094898831575,0.49088059276147056,1.0213027000427246,-0.02130270004272461
per_child,22,odd_even_blocks,1,19,1,349,71,0.5620883574830277,0.5440014185834431,1.0091756582260132,-0.009175658226013184
per_child,22,odd_even_blocks,0,20,2,556,104,0.5324625595643294,0.5402910142954391,1.0162769556045532,-0.016276955604553223
per_child,22,odd_even_blocks,1,20,2,638,138,0.5790797101449274,0.5643768115942029,0.9934138655662537,0.006586134433746338
per_child,22,odd_even_blocks,0,21,1,279,55,0.5897727272727272,0.5546266233766234,0.9925942420959473,0.007405757904052734
per_child,22,odd_even_blocks,1,21,1,292,61,0.5672415016677312,0.5432190760059612,1.007920742034912,-0.00792074203491211
per_child,22,odd_even_blocks,0,22,2,314,57,0.5582633626868728,0.5207522697795072,0.9935605525970459,0.0064394474029541016
per_child,22,odd_even_blocks,1,22,2,340,67,0.5272811765349079,0.535919304576021,1.0523641109466553,-0.05236411094665527
per_child,22,odd_even_blocks,0,23,1,300,57,0.6634900007219695,0.6425167857916396,0.9702858328819275,0.02971416711807251
per_child,22,odd_even_blocks,1,23,1,351,71,0.5559356136820925,0.5143360160965795,1.0259270668029785,-0.025927066802978516
per_child,22,odd_even_blocks,0,24,2,549,104,0.5547752808988764,0.5501836646499567,1.0033793449401855,-0.003379344940185547
per_child,22,odd_even_blocks,1,24,2,640,132,0.5502192197566214,0.5232641374373658,0.9963459968566895,0.003654003143310547
per_child,22,odd_even_blocks,0,25,2,545,106,0.4973675162246959,0.5121201701981347,1.002058982849121,-0.0020589828491210938
per_child,22,odd_even_blocks,1,25,2,621,129,0.5369950211130018,0.5134004537719796,0.9975241422653198,0.0024758577346801758
per_child,22,odd_even_blocks,0,26,1,290,56,0.4892399267399268,0.46726190476190477,1.0030567646026611,-0.003056764602661133
per_child,22,odd_even_blocks,1,26,1,343,69,0.500846292182376,0.5263143975457527,1.0084228515625,-0.0084228515625
per_child,22,odd_even_blocks,0,27,1,294,56,0.45862094837935174,0.47636554621848737,1.0080275535583496,-0.00802755355834961
per_child,22,odd_even_blocks,1,27,1,346,70,0.49065734989648035,0.4691511387163561,1.0008811950683594,-0.000881195068359375
per_child,22,odd_even_blocks,0,30,1,300,56,0.5415690866510539,0.5077576112412178,0.9936162233352661,0.006383776664733887
per_child,22,odd_even_blocks,1,30,1,355,74,0.5674232951813023,0.5517937866692315,0.991724967956543,0.008275032043457031
per_child,22,odd_even_blocks,0,31,2,521,101,0.46300094295143795,0.47307873644507314,1.0072228908538818,-0.007222890853881836
per_child,22,odd_even_blocks,1,31,2,639,128,0.5257995963796478,0.5134998776908024,0.9992324113845825,0.0007675886154174805
per_child,22,odd_even_blocks,0,32,1,301,58,0.6293458209167021,0.6024194692777068,0.9802584648132324,0.019741535186767578
per_child,22,odd_even_blocks,1,32,1,353,70,0.4797324583543665,0.4780666330136295,1.001275658607483,-0.0012756586074829102
per_child,22,odd_even_blocks,0,33,1,295,56,0.4726539151225343,0.5128885236102809,1.0247031450271606,-0.024703145027160645
per_child,22,odd_even_blocks,1,33,1,342,71,0.5037679954264331,0.4935554285120316,1.0546066761016846,-0.05460667610168457
per_child,22,odd_even_blocks,0,34,1,303,57,0.5011767222935387,0.48769790329482243,1.0516291856765747,-0.05162918567657471
per_child,22,odd_even_blocks,1,34,1,354,73,0.4873494856920002,0.4967337785794374,1.0026131868362427,-0.0026131868362426758
per_child,22,odd_even_blocks,0,35,1,290,57,0.5534221820646035,0.5324147278066411,1.0852564573287964,-0.08525645732879639
per_child,22,odd_even_blocks,1,35,1,337,69,0.5084360804672291,0.5262275578628596,1.0431392192840576,-0.04313921928405762
per_child,22,odd_even_blocks,0,36,1,274,53,0.5090497737556561,0.5193801758729617,1.0464791059494019,-0.046479105949401855
per_child,22,odd_even_blocks,1,36,1,312,61,0.5343217294755405,0.5175690679903338,1.0010247230529785,-0.0010247230529785156
per_child,22,odd_even_blocks,0,37,1,230,46,0.45215028355387527,0.46467391304347827,1.0222234725952148,-0.022223472595214844
per_child,22,odd_even_blocks,1,37,1,267,59,0.5147490221642763,0.4883474576271186,1.0002455711364746,-0.0002455711364746094
per_child,22,odd_even_blocks,0,38,2,596,113,0.6813334799098554,0.637607871159237,0.9274685382843018,0.07253146171569824
per_child,22,odd_even_blocks,1,38,2,700,144,0.5117968125499601,0.510691446842526,1.0005017518997192,-0.0005017518997192383
per_child,22,odd_even_blocks,0,39,1,299,54,0.5288359788359789,0.5335222978080121,1.014472484588623,-0.014472484588623047
per_child,22,odd_even_blocks,1,39,1,354,71,0.5078883193151844,0.5379236550042303,1.0303378105163574,-0.030337810516357422
per_child,22,odd_even_blocks,0,40,1,259,47,0.48012846246487356,0.4781212364512244,1.0472912788391113,-0.04729127883911133
per_child,22,odd_even_blocks,1,40,1,239,46,0.45381842757377794,0.48175264699256587,1.0024757385253906,-0.002475738525390625
per_child,22,odd_even_blocks,0,41,1,326,67,0.5359015732150061,0.4968593326802282,1.0681712627410889,-0.06817126274108887
per_child,22,odd_even_blocks,1,41,1,319,64,0.468780637254902,0.46194852941176473,1.0609967708587646,-0.06099677085876465
per_child,22,odd_even_blocks,0,42,1,286,54,0.4723818646232439,0.4661558109833972,1.0032892227172852,-0.0032892227172851562
per_child,22,odd_even_blocks,1,42,1,347,67,0.5200426439232411,0.4817697228144989,0.9986292123794556,0.0013707876205444336
per_child,22,odd_even_blocks,0,43,1,297,53,0.5621713578719456,0.5432261057841015,1.001100778579712,-0.001100778579711914
per_child,22,odd_even_blocks,1,43,1,347,69,0.6752945469711188,0.6499843603378167,0.9259175658226013,0.07408243417739868
per_child,22,odd_even_blocks,0,44,1,257,50,0.6018840579710145,0.5798550724637681,0.9896373748779297,0.010362625122070312
per_child,22,odd_even_blocks,1,44,1,290,60,0.48141304347826086,0.4826086956521739,1.0269997119903564,-0.026999711990356445
per_child,22,odd_even_blocks,0,45,2,574,109,0.5244845615073493,0.5062049916148762,1.0518825054168701,-0.05188250541687012
per_child,22,odd_even_blocks,1,45,2,686,142,0.4562318765534383,0.4914819801159901,1.005737066268921,-0.0057370662689208984
per_child,22,odd_even_blocks,0,46,1,270,53,0.49804364837840187,0.478088861838101,1.001631736755371,-0.0016317367553710938
per_child,22,odd_even_blocks,1,46,1,307,63,0.5705503512880561,0.4858834244080146,0.9968627691268921,0.00313723087310791
per_child,22,odd_even_blocks,0,47,1,301,58,0.5812047679863772,0.5836171420462608,0.987288236618042,0.012711763381958008
per_child,22,odd_even_blocks,1,47,1,352,70,0.5815096251266464,0.5354609929078014,0.9875178933143616,0.012482106685638428
per_child,22,odd_even_blocks,0,48,1,229,43,0.5211927981995499,0.5319454863715929,0.9986602663993835,0.001339733600616455
per_child,22,odd_even_blocks,1,48,1,280,58,0.5540152221186704,0.5375116495806151,1.0347926616668701,-0.03479266166687012
per_child,22,odd_even_blocks,0,49,1,301,56,0.561042274052478,0.5663265306122449,1.015608549118042,-0.015608549118041992
per_child,22,odd_even_blocks,1,49,1,348,67,0.5428905295586126,0.5041695437403728,0.9989656805992126,0.0010343194007873535
per_child,22,odd_even_blocks,0,50,1,220,40,0.5147916666666666,0.5041666666666667,1.0164804458618164,-0.016480445861816406
per_child,22,odd_even_blocks,1,50,1,250,52,0.5070415695415695,0.49630924630924633,1.0012736320495605,-0.0012736320495605469
per_child,22,odd_even_blocks,0,51,2,604,113,0.5027485896580934,0.5080925688949768,1.0109138488769531,-0.010913848876953125
per_child,22,odd_even_blocks,1,51,2,690,140,0.48124675324675326,0.5069480519480519,1.0045679807662964,-0.004567980766296387
per_child,22,odd_even_blocks,0,52,1,297,55,0.49410217881292257,0.5107438016528925,1.0424672365188599,-0.04246723651885986
per_child,22,odd_even_blocks,1,52,1,349,71,0.4644340865335901,0.4705643935555781,1.07779860496521,-0.07779860496520996
per_child,22,odd_even_blocks,0,53,1,297,57,0.4762426900584795,0.5019736842105263,1.0199757814407349,-0.019975781440734863
per_child,22,odd_even_blocks,1,53,1,347,72,0.4837626262626262,0.5037626262626262,1.012298345565796,-0.012298345565795898
per_child,22,odd_even_blocks,0,54,1,296,55,0.4808751414560543,0.4835156544700113,1.0054550170898438,-0.00545501708984375
per_child,22,odd_even_blocks,1,54,1,352,72,0.5037946428571428,0.5196428571428572,1.0033369064331055,-0.0033369064331054688
per_child,22,odd_even_blocks,0,56,1,298,57,0.5145956176748927,0.4811458105845527,1.0003864765167236,-0.0003864765167236328
per_child,22,odd_even_blocks,1,56,1,352,72,0.5762400793650794,0.5817460317460317,1.0034741163253784,-0.003474116325378418
per_child,22,odd_even_blocks,0,57,1,299,56,0.47034832451499126,0.5095532039976485,1.0118260383605957,-0.011826038360595703
per_child,22,odd_even_blocks,1,57,1,352,72,0.5232886904761904,0.5422619047619047,1.0004934072494507,-0.0004934072494506836
per_child,22,odd_even_blocks,0,58,1,292,54,0.472922502334267,0.49089635854341734,1.0056877136230469,-0.005687713623046875
per_child,22,odd_even_blocks,1,58,1,335,70,0.5078706199460917,0.5146900269541779,1.0014430284500122,-0.001443028450012207
per_child,22,odd_even_blocks,0,59,2,565,108,0.5483122619337062,0.5160872031769187,0.9982079267501831,0.0017920732498168945
per_child,22,odd_even_blocks,1,59,2,652,137,0.5492452696477925,0.5219615902487421,1.012258768081665,-0.012258768081665039
per_child,22,odd_even_blocks,0,61,1,289,55,0.5153457653457653,0.48364413364413367,0.9998131990432739,0.00018680095672607422
per_child,22,odd_even_blocks,1,61,1,320,65,0.505369532428356,0.5079939668174962,1.0036545991897583,-0.0036545991897583008
per_child,22,odd_even_blocks,0,62,1,283,55,0.6738038277511962,0.6364433811802233,0.9406685829162598,0.059331417083740234
per_child,22,odd_even_blocks,1,62,1,318,66,0.6898448773448773,0.6475468975468975,0.9199668169021606,0.08003318309783936
per_child,22,odd_even_blocks,0,63,1,281,54,0.4667564039810736,0.46932615434818076,1.0180697441101074,-0.018069744110107422
per_child,22,odd_even_blocks,1,63,1,324,64,0.46337139423076923,0.46826923076923077,1.0109797716140747,-0.010979771614074707
per_child,22,odd_even_blocks,0,64,1,295,56,0.5522265391512253,0.551666168559474,1.004966139793396,-0.004966139793395996
per_child,22,odd_even_blocks,1,64,1,345,70,0.4061298701298701,0.4776623376623377,1.0124434232711792,-0.0124434232711792
per_child,22,odd_even_blocks,0,65,1,294,55,0.4715481171548117,0.4907569418029669,1.0021469593048096,-0.0021469593048095703
per_child,22,odd_even_blocks,1,65,1,352,71,0.5365645832289109,0.521903663976743,0.9980803728103638,0.0019196271896362305
per_child,22,odd_even_blocks,0,66,1,254,52,0.47724676313785225,0.4792460015232292,1.003138780593872,-0.0031387805938720703
per_child,22,odd_even_blocks,1,66,1,312,66,0.5346760285784676,0.50849963045085,0.9983068704605103,0.001693129539489746
per_child,22,odd_even_blocks,0,67,1,299,58,0.5884604378308771,0.5413864644441264,0.9961075186729431,0.0038924813270568848
per_child,22,odd_even_blocks,1,67,1,349,72,0.46798535900521454,0.48804151624548736,1.005279779434204,-0.0052797794342041016
per_child,22,odd_even_blocks,0,68,1,215,41,0.484510793383796,0.46404541631623214,1.0026737451553345,-0.0026737451553344727
per_child,22,odd_even_blocks,1,68,1,236,41,0.5336460287679801,0.5115071919949968,0.9990919232368469,0.0009080767631530762
per_child,22,odd_even_blocks,0,69,1,294,56,0.5312499999999999,0.5173319327731093,0.9989954233169556,0.0010045766830444336
per_child,22,odd_even_blocks,1,69,1,346,71,0.5331626120358516,0.5435083226632522,1.0634214878082275,-0.06342148780822754
per_child,22,odd_even_blocks,0,70,1,247,49,0.5564831993403422,0.5638012780869924,1.0009024143218994,-0.0009024143218994141
per_child,22,odd_even_blocks,1,70,1,268,56,0.5383254716981132,0.5232479784366577,1.0111935138702393,-0.011193513870239258
per_child,22,odd_even_blocks,0,71,1,298,56,0.569952774498229,0.5202184179456907,0.9974075555801392,0.00259244441986084
per_child,22,odd_even_blocks,1,71,1,313,66,0.5756042203410624,0.539412342043921,1.0028696060180664,-0.0028696060180664062
per_child,22,odd_even_blocks,0,72,1,207,40,0.39925149700598805,0.42103293413173654,1.0473304986953735,-0.047330498695373535
per_child,22,odd_even_blocks,1,72,1,230,49,0.4944187619799301,0.4905851843499831,1.002322793006897,-0.0023227930068969727
per_child,22,early_late_halves,0,0,1,420,78,0.5103276353276354,0.4719973009446694,1.0092313289642334,-0.009231328964233398
per_child,22,early_late_halves,1,0,1,426,86,0.5730848153214775,0.5703146374829001,1.023849368095398,-0.02384936809539795
per_child,22,early_late_halves,0,1,2,955,188,0.5172300202502149,0.5131765097506172,1.000140905380249,-0.00014090538024902344
per_child,22,early_late_halves,1,1,2,963,194,0.564768141782741,0.5428156797554731,0.991700291633606,0.008299708366394043
per_child,22,early_late_halves,0,2,1,390,80,0.5373588709677419,0.5227822580645161,0.9974365234375,0.0025634765625
per_child,22,early_late_halves,1,2,1,432,87,0.5393636515075795,0.5302348825587206,0.9974250793457031,0.002574920654296875
per_child,22,early_late_halves,0,3,1,482,95,0.4506731946144431,0.5016319869441045,1.0065838098526,-0.006583809852600098
per_child,22,early_late_halves,1,3,1,483,97,0.5047540195502377,0.5185620426259281,0.9991151690483093,0.0008848309516906738
per_child,22,early_late_halves,0,4,2,934,187,0.5722462040676073,0.5712976683919277,1.0256273746490479,-0.02562737464904785
per_child,22,early_late_halves,1,4,2,948,192,0.496086860670194,0.4720982142857143,1.0052155256271362,-0.0052155256271362305
per_child,22,early_late_halves,0,5,1,484,96,0.46830702319587625,0.4848045532646048,1.0046097040176392,-0.00460970401763916
per_child,22,early_late_halves,1,5,1,484,98,0.5275457333192344,0.5109178386380459,1.0025529861450195,-0.0025529861450195312
per_child,22,early_late_halves,0,6,1,373,70,0.4577086280056577,0.4701084394153701,1.0077729225158691,-0.007772922515869141
per_child,22,early_late_halves,1,6,1,373,79,0.5215491259795056,0.4877723241195212,1.0455749034881592,-0.04557490348815918
per_child,22,early_late_halves,0,8,1,470,94,0.5104119511090991,0.4933510638297872,1.017831802368164,-0.017831802368164062
per_child,22,early_late_halves,1,8,1,469,95,0.5649873346467773,0.5351533915001407,0.9966896176338196,0.00331038236618042
per_child,22,early_late_halves,0,10,1,486,96,0.6608707264957265,0.6073717948717949,0.9359508156776428,0.06404918432235718
per_child,22,early_late_halves,1,10,1,478,96,0.6266906631762652,0.6201188917975567,0.9882664680480957,0.011733531951904297
per_child,22,early_late_halves,0,11,1,407,81,0.5019313792319927,0.5152048776793153,1.0076497793197632,-0.007649779319763184
per_child,22,early_late_halves,1,11,1,458,95,0.531346962447441,0.5204436711613745,0.9989306926727295,0.0010693073272705078
per_child,22,early_late_halves,0,12,1,476,93,0.47953339509812176,0.4835200314438923,1.0893808603286743,-0.08938086032867432
per_child,22,early_late_halves,1,12,1,478,95,0.502088772845953,0.46826989143877973,1.008843183517456,-0.008843183517456055
per_child,22,early_late_halves,0,13,1,485,96,0.602118144815767,0.575527527849186,0.9850104451179504,0.01498955488204956
per_child,22,early_late_halves,1,13,1,482,98,0.5365380527210883,0.5212585034013606,1.024261474609375,-0.024261474609375
per_child,22,early_late_halves,0,14,1,477,95,0.493179939377239,0.46562413888123444,1.003459095954895,-0.0034590959548950195
per_child,22,early_late_halves,1,14,1,483,98,0.5720116618075802,0.5357142857142857,0.9934420585632324,0.006557941436767578
per_child,22,early_late_halves,0,15,1,472,94,0.44039175954069576,0.48117190138466737,1.0043361186981201,-0.004336118698120117
per_child,22,early_late_halves,1,15,1,433,85,0.5259127789046654,0.5133536173089925,0.9967667460441589,0.0032332539558410645
per_child,22,early_late_halves,0,16,1,476,94,0.5243817533697226,0.5341706583491144,1.0038741827011108,-0.00387418270111084
per_child,22,early_late_halves,1,16,1,475,94,0.5038672027698665,0.5249204221812699,1.0038046836853027,-0.0038046836853027344
per_child,22,early_late_halves,0,17,1,319,61,0.4394776972931758,0.41409327741771507,1.0159811973571777,-0.015981197357177734
per_child,22,early_late_halves,1,17,1,408,80,0.46756859756097563,0.4582317073170732,1.0492241382598877,-0.049224138259887695
per_child,22,early_late_halves,0,18,1,483,95,0.5365165491047206,0.5237520347259903,0.998418927192688,0.0015810728073120117
per_child,22,early_late_halves,1,18,1,425,84,0.46859726295210163,0.44895964250802955,1.015486478805542,-0.015486478805541992
per_child,22,early_late_halves,0,19,1,487,96,0.5523630647911338,0.5412537297527706,0.9969099760055542,0.0030900239944458008
per_child,22,early_late_halves,1,19,1,480,98,0.5201143284538947,0.49783630729778827,0.9988585114479065,0.0011414885520935059
per_child,22,early_late_halves,0,20,2,848,170,0.5021906992885651,0.5086239805656776,1.0205755233764648,-0.020575523376464844
per_child,22,early_late_halves,1,20,2,916,184,0.5311386315039202,0.523016155856498,0.9997308254241943,0.00026917457580566406
per_child,22,early_late_halves,0,21,1,405,77,0.5494931897370922,0.5330020589166931,0.9959263801574707,0.004073619842529297
per_child,22,early_late_halves,1,21,1,446,92,0.5125890444608205,0.49926308032424466,1.0027827024459839,-0.0027827024459838867
per_child,22,early_late_halves,0,22,2,457,83,0.5111139746150377,0.4901584949423362,0.9977560043334961,0.0022439956665039062
per_child,22,early_late_halves,1,22,2,509,101,0.5362672296641429,0.5552683944865076,1.084571361541748,-0.08457136154174805
per_child,22,early_late_halves,0,23,1,480,96,0.6664903428819444,0.6263020833333334,0.9542554020881653,0.04574459791183472
per_child,22,early_late_halves,1,23,1,482,98,0.6807238520408163,0.6380474064625851,0.9276473522186279,0.07235264778137207
per_child,22,early_late_halves,0,24,2,959,189,0.5610698824984539,0.5438431938431938,1.0187616348266602,-0.018761634826660156
per_child,22,early_late_halves,1,24,2,819,165,0.5669168751737559,0.5572004448151238,0.9928309321403503,0.007169067859649658
per_child,22,early_late_halves,0,25,2,850,166,0.5155974776298174,0.5036549707602339,1.008758306503296,-0.008758306503295898
per_child,22,early_late_halves,1,25,2,879,179,0.5025059856344772,0.4863607342378292,1.0139573812484741,-0.013957381248474121
per_child,22,early_late_halves,0,26,1,466,94,0.5193319606497369,0.5195035460992907,0.9988023042678833,0.0011976957321166992
per_child,22,early_late_halves,1,26,1,475,97,0.4676266841215295,0.48723613156602846,1.007603645324707,-0.007603645324707031
per_child,22,early_late_halves,0,27,1,483,95,0.4637411828540423,0.48505154639175263,1.005897045135498,-0.005897045135498047
per_child,22,early_late_halves,1,27,1,481,98,0.5158256514093889,0.5183566899344594,1.0014986991882324,-0.0014986991882324219
per_child,22,early_late_halves,0,28,1,263,51,0.4664261931187569,0.46494635590085087,1.0142459869384766,-0.014245986938476562
per_child,22,early_late_halves,1,28,1,248,51,0.5727580372250423,0.5222952125012441,0.9975041747093201,0.0024958252906799316
per_child,22,early_late_halves,0,30,1,479,93,0.49825895593069247,0.4950554348431667,1.010759949684143,-0.010759949684143066
per_child,22,early_late_halves,1,30,1,483,98,0.5505433342168036,0.522077922077922,0.9964837431907654,0.003516256809234619
per_child,22,early_late_halves,0,31,2,828,162,0.5240286582879176,0.5261928595261929,1.0277504920959473,-0.027750492095947266
per_child,22,early_late_halves,1,31,2,896,182,0.5360913596207714,0.5270954535660418,0.9982435703277588,0.001756429672241211
per_child,22,early_late_halves,0,32,1,487,96,0.6501225490196078,0.6216565430520035,1.0236104726791382,-0.023610472679138184
per_child,22,early_late_halves,1,32,1,486,98,0.6168209551861982,0.5944666526404376,0.9761509895324707,0.023849010467529297
per_child,22,early_late_halves,0,33,1,468,92,0.5285470629047179,0.5233001850138761,1.0026792287826538,-0.0026792287826538086
per_child,22,early_late_halves,1,33,1,475,95,0.4944736842105263,0.49605263157894736,1.0988355875015259,-0.09883558750152588
per_child,22,early_late_halves,0,34,1,486,96,0.5103231837606838,0.5237179487179487,0.9993915557861328,0.0006084442138671875
per_child,22,early_late_halves,1,34,1,486,98,0.5405270355564906,0.5169629707553124,0.9992893934249878,0.000710606575012207
per_child,22,early_late_halves,0,35,1,476,95,0.5294239535847493,0.5188700096698439,0.9999682307243347,3.17692756652832e-05
per_child,22,early_late_halves,1,35,1,466,94,0.49275051475634857,0.49917067032715623,1.024364948272705,-0.024364948272705078
per_child,22,early_late_halves,0,36,1,413,80,0.4797297297297297,0.4816816816816817,1.0048540830612183,-0.004854083061218262
per_child,22,early_late_halves,1,36,1,445,88,0.4885886172650878,0.4954163483575248,1.0011872053146362,-0.0011872053146362305
per_child,22,early_late_halves,0,37,1,341,70,0.4331049024775962,0.45740643120716923,1.017935872077942,-0.017935872077941895
per_child,22,early_late_halves,1,37,1,378,82,0.4938612392880686,0.5235662491760052,1.0340633392333984,-0.03406333923339844
per_child,22,early_late_halves,0,38,2,964,191,0.6949398210548416,0.6370027701956746,0.925484836101532,0.07451516389846802
per_child,22,early_late_halves,1,38,2,963,195,0.6815204326923077,0.6421374198717948,0.9585889577865601,0.04141104221343994
per_child,22,early_late_halves,0,39,1,484,95,0.5513327019347856,0.5125422811527534,0.9977992177009583,0.002200782299041748
per_child,22,early_late_halves,1,39,1,483,96,0.5017495693367787,0.4928536821705426,1.0029865503311157,-0.0029865503311157227
per_child,22,early_late_halves,0,40,1,366,69,0.48233543161079395,0.48997218562435957,1.0206661224365234,-0.020666122436523438
per_child,22,early_late_halves,1,40,1,394,81,0.48416360982921147,0.4832366978266872,1.004612922668457,-0.004612922668457031
per_child,22,early_late_halves,0,41,1,481,95,0.5652849740932643,0.524079629124625,1.0482338666915894,-0.048233866691589355
per_child,22,early_late_halves,1,41,1,483,97,0.5463383366273169,0.531301746701565,0.9970539808273315,0.002946019172668457
per_child,22,early_late_halves,0,42,1,472,94,0.4841973432398965,0.48685691770798156,1.0034040212631226,-0.0034040212631225586
per_child,22,early_late_halves,1,42,1,482,95,0.5347341221270229,0.5256765945872433,0.9963876008987427,0.0036123991012573242
per_child,22,early_late_halves,0,43,1,473,90,0.5619959384972439,0.5280678851174935,0.9879311323165894,0.012068867683410645
per_child,22,early_late_halves,1,43,1,477,96,0.6375628827646543,0.6051919291338583,0.9598842859268188,0.04011571407318115
per_child,22,early_late_halves,0,44,1,406,84,0.5257690032534753,0.515527950310559,1.0010230541229248,-0.0010230541229248047
per_child,22,early_late_halves,1,44,1,417,86,0.501124148106513,0.5119616384458652,1.0014946460723877,-0.0014946460723876953
per_child,22,early_late_halves,0,45,2,935,186,0.529146388733365,0.4985536270582999,1.0004401206970215,-0.0004401206970214844
per_child,22,early_late_halves,1,45,2,955,194,0.5258138369210344,0.5104379749922104,1.0021814107894897,-0.002181410789489746
per_child,22,early_late_halves,0,46,1,414,84,0.5702561327561327,0.5533549783549784,0.9910047650337219,0.008995234966278076
per_child,22,early_late_halves,1,46,1,426,88,0.54360543302851,0.5228281334050564,0.9978018999099731,0.0021981000900268555
per_child,22,early_late_halves,0,47,1,486,96,0.6032852564102564,0.5858173076923077,0.9764177799224854,0.02358222007751465
per_child,22,early_late_halves,1,47,1,486,98,0.5619608668209551,0.538659793814433,0.9882336258888245,0.011766374111175537
per_child,22,early_late_halves,0,48,1,331,64,0.5244616104868913,0.49525983146067415,1.0592718124389648,-0.059271812438964844
per_child,22,early_late_halves,1,48,1,408,85,0.5278637770897833,0.5241486068111455,1.0066543817520142,-0.00665438175201416
per_child,22,early_late_halves,0,49,1,486,95,0.5594696459819626,0.5648539507336116,0.9949308633804321,0.005069136619567871
per_child,22,early_late_halves,1,49,1,481,95,0.5503954185983093,0.538014725934006,1.0176382064819336,-0.017638206481933594
per_child,22,early_late_halves,0,50,1,442,85,0.48619212390838684,0.4753501400560224,1.0036203861236572,-0.0036203861236572266
per_child,22,early_late_halves,1,50,1,293,64,0.5614082969432315,0.5431563864628821,1.041551113128662,-0.04155111312866211
per_child,22,early_late_halves,0,51,2,971,191,0.4926902939991945,0.4943985769902,1.0051017999649048,-0.005101799964904785
per_child,22,early_late_halves,1,51,2,965,194,0.5622868947811785,0.5308877211280035,0.9922990202903748,0.007700979709625244
per_child,22,early_late_halves,0,52,1,485,96,0.5777367180805484,0.5129338046272494,0.994007408618927,0.005992591381072998
per_child,22,early_late_halves,1,52,1,479,96,0.5252393385552655,0.5163865317667538,0.9984182119369507,0.0015817880630493164
per_child,22,early_late_halves,0,53,1,468,94,0.5457532142450792,0.5238935032426897,1.0204486846923828,-0.020448684692382812
per_child,22,early_late_halves,1,53,1,483,97,0.5616152983280808,0.5573954382778697,0.9958721399307251,0.004127860069274902
per_child,22,early_late_halves,0,54,1,474,92,0.4851325973139085,0.5187798770771682,1.0063791275024414,-0.006379127502441406
per_child,22,early_late_halves,1,54,1,484,98,0.5152135983927248,0.5392830707412499,1.0075336694717407,-0.007533669471740723
per_child,22,early_late_halves,0,55,1,301,62,0.5208867593467404,0.5170063436361182,1.0039935111999512,-0.003993511199951172
per_child,22,early_late_halves,1,55,1,337,65,0.48594457013574666,0.48371040723981906,1.0051608085632324,-0.005160808563232422
per_child,22,early_late_halves,0,56,1,487,96,0.5737958226768969,0.5212329497016198,0.9943807721138,0.005619227886199951
per_child,22,early_late_halves,1,56,1,482,98,0.4501886692176871,0.4686437074829932,1.0078458786010742,-0.007845878601074219
per_child,22,early_late_halves,0,57,1,485,96,0.5793166238217652,0.5681501713796058,0.997583270072937,0.0024167299270629883
per_child,22,early_late_halves,1,57,1,486,98,0.546365453397854,0.5456290763728172,0.998045802116394,0.001954197883605957
per_child,22,early_late_halves,0,58,1,464,91,0.4772117962466488,0.44954777126358897,1.0385079383850098,-0.038507938385009766
per_child,22,early_late_halves,1,58,1,479,98,0.5060394236434732,0.5094407841876908,1.000777006149292,-0.0007770061492919922
per_child,22,early_late_halves,0,59,2,864,171,0.4781440132317325,0.4930887825624668,1.0063917636871338,-0.006391763687133789
per_child,22,early_late_halves,1,59,2,927,191,0.5224860573639882,0.5180578477122695,1.0024625062942505,-0.0024625062942504883
per_child,22,early_late_halves,0,60,1,288,41,0.4749679075738126,0.4853856028438827,1.0107364654541016,-0.010736465454101562
per_child,22,early_late_halves,1,60,1,287,44,0.46721848110737,0.46011036288814067,1.0064735412597656,-0.006473541259765625
per_child,22,early_late_halves,0,61,1,439,87,0.5139269853709509,0.4953794409613375,0.9986462593078613,0.0013537406921386719
per_child,22,early_late_halves,1,61,1,467,94,0.569861958815812,0.5436084650048485,0.9933626651763916,0.0066373348236083984
per_child,22,early_late_halves,0,62,1,439,91,0.6338575217885563,0.5923329544019199,0.9900017976760864,0.009998202323913574
per_child,22,early_late_halves,1,62,1,457,93,0.7184509039347751,0.640789318208673,0.9085114002227783,0.09148859977722168
per_child,22,early_late_halves,0,63,1,453,90,0.5350474441383533,0.5436179981634528,1.008606195449829,-0.008606195449829102
per_child,22,early_late_halves,1,63,1,464,91,0.4972453819638806,0.5239224582388121,1.0032374858856201,-0.003237485885620117
per_child,22,early_late_halves,0,64,1,481,96,0.5121212121212122,0.5131628787878788,1.0019463300704956,-0.0019463300704956055
per_child,22,early_late_halves,1,64,1,479,96,0.48913457354221057,0.5142515230635335,1.0020159482955933,-0.0020159482955932617
per_child,22,early_late_halves,0,65,1,481,95,0.5309108262885192,0.5215707662939733,1.0428084135055542,-0.0428084135055542
per_child,22,early_late_halves,1,65,1,477,96,0.6085821303587052,0.5462598425196851,0.989363968372345,0.01063603162765503
per_child,22,early_late_halves,0,66,1,409,81,0.4741982836495031,0.45368488407106294,1.002497911453247,-0.0024979114532470703
per_child,22,early_late_halves,1,66,1,446,93,0.5233330287246032,0.4962076213104267,1.0027292966842651,-0.0027292966842651367
per_child,22,early_late_halves,0,67,1,484,96,0.5195446735395189,0.5112220790378007,1.045370101928711,-0.04537010192871094
per_child,22,early_late_halves,1,67,1,485,98,0.5620682381479724,0.5407635922586089,1.0063881874084473,-0.006388187408447266
per_child,22,early_late_halves,0,68,1,372,71,0.512633943194048,0.513406017500351,1.0002241134643555,-0.00022411346435546875
per_child,22,early_late_halves,1,68,1,326,66,0.6525932400932402,0.6128787878787879,0.9512789249420166,0.0487210750579834
per_child,22,early_late_halves,0,69,1,477,93,0.5647261424731183,0.513650873655914,0.9920628666877747,0.007937133312225342
per_child,22,early_late_halves,1,69,1,465,95,0.5507254623044097,0.5687766714082503,0.9993683099746704,0.0006316900253295898
per_child,22,early_late_halves,0,70,1,385,79,0.519690576652602,0.5240134028294863,1.069877028465271,-0.069877028465271
per_child,22,early_late_halves,1,70,1,384,78,0.3884489693313223,0.4268476621417798,1.019441843032837,-0.019441843032836914
per_child,22,early_late_halves,0,71,1,444,87,0.5571975916803503,0.5390225055539457,1.0015373229980469,-0.001537322998046875
per_child,22,early_late_halves,1,71,1,480,97,0.5558800570644128,0.5314796371564695,0.9892428517341614,0.010757148265838623
per_child,22,early_late_halves,0,72,1,343,72,0.4879305043050431,0.5023318983189832,1.0019381046295166,-0.0019381046295166016
per_child,22,early_late_halves,1,72,1,341,70,0.491091196626252,0.5045071164997363,1.0026061534881592,-0.0026061534881591797
per_child,33,odd_even_blocks,0,0,1,303,62,0.547215901485745,0.54022219247758,1.0200865268707275,-0.02008652687072754
per_child,33,odd_even_blocks,1,0,1,267,53,0.55863163463234,0.5464203844119203,1.0393991470336914,-0.039399147033691406
per_child,33,odd_even_blocks,0,1,2,590,111,0.5621414734149598,0.5444149786529744,0.9912289977073669,0.008771002292633057
per_child,33,odd_even_blocks,1,1,2,697,141,0.4762424103270575,0.4973404255319149,1.0052289962768555,-0.005228996276855469
per_child,33,odd_even_blocks,0,2,1,253,52,0.5544393417527747,0.5643895905089935,0.9984868168830872,0.0015131831169128418
per_child,33,odd_even_blocks,1,2,1,311,68,0.46719922536916003,0.4629932219801501,1.0065215826034546,-0.00652158260345459
per_child,33,odd_even_blocks,0,3,1,306,58,0.5229769187986651,0.5283648498331479,1.0012032985687256,-0.001203298568725586
per_child,33,odd_even_blocks,1,3,1,349,70,0.509062980030722,0.5352278545826933,1.0096917152404785,-0.009691715240478516
per_child,33,odd_even_blocks,0,4,2,573,111,0.45104520104520107,0.46887796887796884,1.01279878616333,-0.012798786163330078
per_child,33,odd_even_blocks,1,4,2,688,143,0.4851542952460384,0.4926220568422403,1.003998875617981,-0.003998875617980957
per_child,33,odd_even_blocks,0,5,1,299,56,0.5773442092886537,0.5401234567901234,0.9843521118164062,0.01564788818359375
per_child,33,odd_even_blocks,1,5,1,351,72,0.5048038630027878,0.5132168458781362,1.001997709274292,-0.001997709274291992
per_child,33,odd_even_blocks,0,6,1,226,40,0.40120967741935487,0.4120967741935484,1.0211511850357056,-0.021151185035705566
per_child,33,odd_even_blocks,1,6,1,292,58,0.5080312407898615,0.4792219274977896,0.9972108602523804,0.002789139747619629
per_child,33,odd_even_blocks,0,8,1,289,53,0.47393668052446436,0.4994403581707707,1.0046839714050293,-0.004683971405029297
per_child,33,odd_even_blocks,1,8,1,338,70,0.47473347547974415,0.49482942430703625,1.0034867525100708,-0.0034867525100708008
per_child,33,odd_even_blocks,0,10,1,299,57,0.5390024648397854,0.5462157459765116,1.0217386484146118,-0.021738648414611816
per_child,33,odd_even_blocks,1,10,1,347,72,0.6972727272727273,0.6586363636363637,0.9417123794555664,0.058287620544433594
per_child,33,odd_even_blocks,0,11,1,256,53,0.5662700994516219,0.5555349010131053,0.998207688331604,0.001792311668395996
per_child,33,odd_even_blocks,1,11,1,318,67,0.45623476244276623,0.4693762264375334,1.0591092109680176,-0.05910921096801758
per_child,33,odd_even_blocks,0,12,1,295,57,0.5208978328173375,0.5158853014890166,1.0133007764816284,-0.013300776481628418
per_child,33,odd_even_blocks,1,12,1,346,70,0.5296842650103519,0.5284679089026915,0.9924960732460022,0.007503926753997803
per_child,33,odd_even_blocks,0,13,1,298,56,0.5813164108618655,0.5413961038961039,0.9889439344406128,0.011056065559387207
per_child,33,odd_even_blocks,1,13,1,351,72,0.5939366786140979,0.548163082437276,0.9943263530731201,0.005673646926879883
per_child,33,odd_even_blocks,0,14,1,295,55,0.5969318181818182,0.5109848484848485,0.9952195882797241,0.004780411720275879
per_child,33,odd_even_blocks,1,14,1,345,73,0.4637641015310234,0.48471494762288475,1.0720287561416626,-0.0720287561416626
per_child,33,odd_even_blocks,0,15,1,275,51,0.4283963585434174,0.44432773109243695,1.0463833808898926,-0.04638338088989258
per_child,33,odd_even_blocks,1,15,1,329,69,0.5354515050167225,0.5205406911928652,0.9997504949569702,0.00024950504302978516
per_child,33,odd_even_blocks,0,16,1,290,54,0.5147128060263654,0.47300690521029504,0.9953740835189819,0.004625916481018066
per_child,33,odd_even_blocks,1,16,1,343,71,0.5648819386909693,0.5081555509527754,0.9978563785552979,0.0021436214447021484
per_child,33,odd_even_blocks,0,17,1,242,46,0.542036379769299,0.5049911268855368,1.0259615182876587,-0.02596151828765869
per_child,33,odd_even_blocks,1,17,1,255,50,0.5311219512195122,0.5270731707317073,0.9973499774932861,0.002650022506713867
per_child,33,odd_even_blocks,0,18,1,281,52,0.5142341283170978,0.5190628149143433,0.9970583915710449,0.002941608428955078
per_child,33,odd_even_blocks,1,18,1,320,63,0.5224198628867889,0.5391884380211228,1.01919686794281,-0.01919686794281006
per_child,33,odd_even_blocks,0,19,1,300,58,0.5416072955257908,0.4954402963807352,1.0261911153793335,-0.026191115379333496
per_child,33,odd_even_blocks,1,19,1,349,71,0.5368071739791265,0.5209241057857938,1.0228359699249268,-0.022835969924926758
per_child,33,odd_even_blocks,0,20,2,556,104,0.5339197583390061,0.49765997277059226,0.9957970380783081,0.0042029619216918945
per_child,33,odd_even_blocks,1,20,2,638,138,0.5602536231884058,0.5477391304347826,1.006798267364502,-0.006798267364501953
per_child,33,odd_even_blocks,0,21,1,279,55,0.6045048701298701,0.591599025974026,0.9958196878433228,0.004180312156677246
per_child,33,odd_even_blocks,1,21,1,292,61,0.523986942019729,0.5257256404797388,1.0355143547058105,-0.03551435470581055
per_child,33,odd_even_blocks,0,22,2,314,57,0.4828998566455048,0.4887023004983275,1.103032112121582,-0.10303211212158203
per_child,33,odd_even_blocks,1,22,2,340,67,0.5024055546443607,0.4931113662456946,1.038571834564209,-0.038571834564208984
per_child,33,odd_even_blocks,0,23,1,300,57,0.6836329506894808,0.6481481481481481,0.942939043045044,0.057060956954956055
per_child,33,odd_even_blocks,1,23,1,351,71,0.6687374245472837,0.6182847082494969,0.9394375681877136,0.06056243181228638
per_child,33,odd_even_blocks,0,24,2,549,104,0.5820764909248055,0.5405898876404495,0.9856248497962952,0.014375150203704834
per_child,33,odd_even_blocks,1,24,2,640,132,0.514472977809592,0.5257993319016941,1.0000945329666138,-9.453296661376953e-05
per_child,33,odd_even_blocks,0,25,2,545,106,0.5415502643228607,0.5291937078265354,1.0216985940933228,-0.021698594093322754
per_child,33,odd_even_blocks,1,25,2,621,129,0.3968141425600302,0.43285592739648326,1.0138323307037354,-0.013832330703735352
per_child,33,odd_even_blocks,0,26,1,290,56,0.47859432234432236,0.5096916971916972,1.0190231800079346,-0.01902318000793457
per_child,33,odd_even_blocks,1,26,1,343,69,0.5210250714059029,0.5075637363799852,0.9990302920341492,0.0009697079658508301
per_child,33,odd_even_blocks,0,27,1,294,56,0.5340261104441777,0.5131302521008403,0.9974766969680786,0.0025233030319213867
per_child,33,odd_even_blocks,1,27,1,346,70,0.530175983436853,0.511335403726708,1.0039246082305908,-0.00392460823059082
per_child,33,odd_even_blocks,0,30,1,300,56,0.461394906323185,0.49019320843091335,1.0073753595352173,-0.007375359535217285
per_child,33,odd_even_blocks,1,30,1,355,74,0.591540829085313,0.5531884197364625,0.9762799739837646,0.02372002601623535
per_child,33,odd_even_blocks,0,31,2,521,101,0.4930810938236681,0.5132956152758134,1.0058073997497559,-0.005807399749755859
per_child,33,odd_even_blocks,1,31,2,639,128,0.5282916462818004,0.5375183463796478,0.9992790222167969,0.000720977783203125
per_child,33,odd_even_blocks,0,32,1,301,58,0.5898609337306655,0.5697105151128139,0.987916111946106,0.012083888053894043
per_child,33,odd_even_blocks,1,32,1,353,70,0.6377839475012621,0.5785461887935386,0.9595993757247925,0.04040062427520752
per_child,33,odd_even_blocks,0,33,1,295,56,0.4555812910938434,0.4755304841601913,1.0393697023391724,-0.03936970233917236
per_child,33,odd_even_blocks,1,33,1,342,71,0.5156696637388909,0.5457096824489371,1.0437761545181274,-0.04377615451812744
per_child,33,odd_even_blocks,0,34,1,303,57,0.5446084724005135,0.52599486521181,0.9933968782424927,0.006603121757507324
per_child,33,odd_even_blocks,1,34,1,354,73,0.4714083751767172,0.4608297177399698,1.0740408897399902,-0.07404088973999023
per_child,33,odd_even_blocks,0,35,1,290,57,0.5216851140727355,0.51095550033883,1.0492907762527466,-0.04929077625274658
per_child,33,odd_even_blocks,1,35,1,337,69,0.48104585766818075,0.4580629461388709,1.0627864599227905,-0.06278645992279053
per_child,33,odd_even_blocks,0,36,1,274,53,0.47895500725689405,0.4632032784086058,1.0572547912597656,-0.057254791259765625
per_child,33,odd_even_blocks,1,36,1,312,61,0.5080007837502449,0.5013062504082032,1.000913143157959,-0.0009131431579589844
per_child,33,odd_even_blocks,0,37,1,230,46,0.4907844990548204,0.532608695652174,1.002061367034912,-0.0020613670349121094
per_child,33,odd_even_blocks,1,37,1,267,59,0.4897327249022164,0.5097783572359844,1.0106284618377686,-0.010628461837768555
per_child,33,odd_even_blocks,0,38,2,596,113,0.6291705601055351,0.5710529690906758,0.966516375541687,0.03348362445831299
per_child,33,odd_even_blocks,1,38,2,700,144,0.5081934452438049,0.49577837729816143,1.0055676698684692,-0.005567669868469238
per_child,33,odd_even_blocks,0,39,1,299,54,0.5212773998488284,0.5556311413454271,1.007645606994629,-0.007645606994628906
per_child,33,odd_even_blocks,1,39,1,354,71,0.5062210720151298,0.5044542875628328,1.0460007190704346,-0.04600071907043457
per_child,33,odd_even_blocks,0,40,1,259,47,0.5257426736250502,0.5076274588518668,1.015105962753296,-0.015105962753295898
per_child,33,odd_even_blocks,1,40,1,239,46,0.4741495832394683,0.4807952241495832,1.0035490989685059,-0.0035490989685058594
per_child,33,odd_even_blocks,0,41,1,326,67,0.5270558404886763,0.5189880712268772,1.038502812385559,-0.03850281238555908
per_child,33,odd_even_blocks,1,41,1,319,64,0.49322916666666666,0.4919117647058823,1.006119966506958,-0.006119966506958008
per_child,33,odd_even_blocks,0,42,1,286,54,0.4331098339719029,0.42249361430395915,1.0267517566680908,-0.02675175666809082
per_child,33,odd_even_blocks,1,42,1,347,67,0.5304637526652451,0.48973880597014924,1.0006592273712158,-0.0006592273712158203
per_child,33,odd_even_blocks,0,43,1,297,53,0.5186746056294463,0.45464738632848745,0.9906489253044128,0.009351074695587158
per_child,33,odd_even_blocks,1,43,1,347,69,0.4800854968199354,0.49940047961630696,1.0024867057800293,-0.002486705780029297
per_child,33,odd_even_blocks,0,44,1,257,50,0.5219806763285024,0.5205314009661836,1.031360387802124,-0.03136038780212402
per_child,33,odd_even_blocks,1,44,1,290,60,0.48829710144927535,0.4583333333333333,1.0397670269012451,-0.03976702690124512
per_child,33,odd_even_blocks,0,45,2,574,109,0.5209726743612508,0.5117293084739075,1.0561540126800537,-0.05615401268005371
per_child,33,odd_even_blocks,1,45,2,686,142,0.4608274647887324,0.4793133802816901,1.00382661819458,-0.003826618194580078
per_child,33,odd_even_blocks,0,46,1,270,53,0.5159986088166246,0.5329536562038084,1.003587007522583,-0.003587007522583008
per_child,33,odd_even_blocks,1,46,1,307,63,0.49905672651574295,0.5041308873276087,1.0041427612304688,-0.00414276123046875
per_child,33,odd_even_blocks,0,47,1,301,58,0.5706683695189443,0.5847878529870867,1.0080039501190186,-0.008003950119018555
per_child,33,odd_even_blocks,1,47,1,352,70,0.5487335359675785,0.5139311043566362,0.9988172650337219,0.0011827349662780762
per_child,33,odd_even_blocks,0,48,1,229,43,0.5085021255313829,0.5550137534383596,1.0068626403808594,-0.006862640380859375
per_child,33,odd_even_blocks,1,48,1,280,58,0.5575489282385834,0.5400745573159367,0.9945633411407471,0.00543665885925293
per_child,33,odd_even_blocks,0,49,1,301,56,0.4634110787172011,0.4803571428571428,1.0063191652297974,-0.006319165229797363
per_child,33,odd_even_blocks,1,49,1,348,67,0.5281510596483774,0.5245923407871673,1.0090970993041992,-0.009097099304199219
per_child,33,odd_even_blocks,0,50,1,220,40,0.49701388888888887,0.5069444444444444,1.002979040145874,-0.0029790401458740234
per_child,33,odd_even_blocks,1,50,1,250,52,0.5668220668220668,0.4856254856254856,1.0054616928100586,-0.005461692810058594
per_child,33,odd_even_blocks,0,51,2,604,113,0.4767316114845989,0.5003334354667195,1.0588586330413818,-0.058858633041381836
per_child,33,odd_even_blocks,1,51,2,690,140,0.5317727272727273,0.5180519480519481,0.9964816570281982,0.003518342971801758
per_child,33,odd_even_blocks,0,52,1,297,55,0.49635612321562733,0.5028925619834711,1.0298895835876465,-0.029889583587646484
per_child,33,odd_even_blocks,1,52,1,349,71,0.486979430540075,0.5234572905056236,1.0745795965194702,-0.07457959651947021
per_child,33,odd_even_blocks,0,53,1,297,57,0.5661549707602339,0.5108552631578948,0.9966790676116943,0.003320932388305664
per_child,33,odd_even_blocks,1,53,1,347,72,0.5505555555555556,0.5415656565656566,0.991087794303894,0.008912205696105957
per_child,33,odd_even_blocks,0,54,1,296,55,0.5331195775179177,0.5244436061863448,1.0061136484146118,-0.006113648414611816
per_child,33,odd_even_blocks,1,54,1,352,72,0.5375744047619048,0.5436507936507936,0.9973423480987549,0.002657651901245117
per_child,33,odd_even_blocks,0,56,1,298,57,0.5105190361796608,0.5372352041930553,1.001142978668213,-0.0011429786682128906
per_child,33,odd_even_blocks,1,56,1,352,72,0.5173859126984127,0.48174603174603176,1.0162917375564575,-0.01629173755645752
per_child,33,odd_even_blocks,0,57,1,299,56,0.5701058201058201,0.4904100529100529,0.9976965188980103,0.002303481101989746
per_child,33,odd_even_blocks,1,57,1,352,72,0.4974454365079365,0.5206349206349207,1.0027995109558105,-0.002799510955810547
per_child,33,odd_even_blocks,0,58,1,292,54,0.5514705882352942,0.5351696234049175,0.9943153858184814,0.005684614181518555
per_child,33,odd_even_blocks,1,58,1,335,70,0.5597574123989217,0.5501347708894878,0.9930015802383423,0.006998419761657715
per_child,33,odd_even_blocks,0,59,2,565,108,0.5215374017343383,0.512338925358619,0.9998637437820435,0.00013625621795654297
per_child,33,odd_even_blocks,1,59,2,652,137,0.5482318758415421,0.5508539437318405,1.033328652381897,-0.03332865238189697
per_child,33,odd_even_blocks,0,61,1,289,55,0.5628593628593629,0.5478632478632479,0.9902734756469727,0.009726524353027344
per_child,33,odd_even_blocks,1,61,1,320,65,0.5131221719457013,0.4903469079939668,1.0015227794647217,-0.0015227794647216797
per_child,33,odd_even_blocks,0,62,1,283,55,0.560725677830941,0.5364832535885168,1.0071572065353394,-0.0071572065353393555
per_child,33,odd_even_blocks,1,62,1,318,66,0.6727092352092353,0.601010101010101,0.9313592910766602,0.06864070892333984
per_child,33,odd_even_blocks,0,63,1,281,54,0.5513542176537771,0.5636319138521781,0.996075451374054,0.003924548625946045
per_child,33,odd_even_blocks,1,63,1,324,64,0.49119591346153846,0.5163461538461538,1.000685453414917,-0.0006854534149169922
per_child,33,odd_even_blocks,0,64,1,295,56,0.5082187686790197,0.5065376569037657,1.0007984638214111,-0.0007984638214111328
per_child,33,odd_even_blocks,1,64,1,345,70,0.5031688311688312,0.4861038961038961,1.0046684741973877,-0.004668474197387695
per_child,33,odd_even_blocks,0,65,1,294,55,0.505287181437809,0.5125903385317612,0.9998787641525269,0.00012123584747314453
per_child,33,odd_even_blocks,1,65,1,352,71,0.5387950478672747,0.5330309257681319,1.0015909671783447,-0.0015909671783447266
per_child,33,odd_even_blocks,0,66,1,254,52,0.5083301599390708,0.5575019040365575,1.0017647743225098,-0.0017647743225097656
per_child,33,odd_even_blocks,1,66,1,312,66,0.49556541019955647,0.5029563932002956,1.0008459091186523,-0.0008459091186523438
per_child,33,odd_even_blocks,0,67,1,299,58,0.5510087280011445,0.5258978394620117,0.9963923692703247,0.003607630729675293
per_child,33,odd_even_blocks,1,67,1,349,72,0.44584837545126355,0.5094263939029282,1.0033936500549316,-0.0033936500549316406
per_child,33,odd_even_blocks,0,68,1,215,41,0.39858424446313434,0.4638351555929352,1.0247766971588135,-0.024776697158813477
per_child,33,odd_even_blocks,1,68,1,236,41,0.57104440275172,0.5247029393370857,0.9892709255218506,0.010729074478149414
per_child,33,odd_even_blocks,0,69,1,294,56,0.45546968787515,0.45273109243697474,1.0085217952728271,-0.008521795272827148
per_child,33,odd_even_blocks,1,69,1,346,71,0.5135979513444302,0.489449423815621,1.0802913904190063,-0.08029139041900635
per_child,33,odd_even_blocks,0,70,1,247,49,0.4266646052360338,0.454700061842919,1.0315098762512207,-0.0315098762512207
per_child,33,odd_even_blocks,1,70,1,268,56,0.5304076819407009,0.5338611859838276,1.0179556608200073,-0.017955660820007324
per_child,33,odd_even_blocks,0,71,1,298,56,0.5977346517119244,0.5521694214876033,0.9753899574279785,0.024610042572021484
per_child,33,odd_even_blocks,1,71,1,313,66,0.6055085265611581,0.5587351245245982,0.9864013195037842,0.01359868049621582
per_child,33,odd_even_blocks,0,72,1,207,40,0.4881736526946108,0.49109281437125746,1.0006262063980103,-0.0006262063980102539
per_child,33,odd_even_blocks,1,72,1,230,49,0.5105987146239711,0.49114894576615176,1.0010919570922852,-0.0010919570922851562
per_child,33,early_late_halves,0,0,1,420,78,0.4992502624081572,0.5227170490328384,1.0031110048294067,-0.0031110048294067383
per_child,33,early_late_halves,1,0,1,426,86,0.5425615595075239,0.5633720930232559,1.0445821285247803,-0.04458212852478027
per_child,33,early_late_halves,0,1,2,955,188,0.5653277483425339,0.5453063885267275,0.9972621202468872,0.002737879753112793
per_child,33,early_late_halves,1,1,2,963,194,0.5027214349871971,0.4948889305967048,1.0109697580337524,-0.010969758033752441
per_child,33,early_late_halves,0,2,1,390,80,0.49893145161290325,0.530241935483871,1.0004948377609253,-0.000494837760925293
per_child,33,early_late_halves,1,2,1,432,87,0.4574046310178244,0.4953023488255872,1.004489779472351,-0.004489779472351074
per_child,33,early_late_halves,0,3,1,482,95,0.5500883992928056,0.5196790425676594,0.997200608253479,0.002799391746520996
per_child,33,early_late_halves,1,3,1,483,97,0.5480743550024036,0.5275092142513754,1.0139031410217285,-0.013903141021728516
per_child,33,early_late_halves,0,4,2,934,187,0.5699446627866188,0.5512066089670625,1.0222983360290527,-0.022298336029052734
per_child,33,early_late_halves,1,4,2,948,192,0.5571952160493827,0.5507605820105821,0.9946255683898926,0.005374431610107422
per_child,33,early_late_halves,0,5,1,484,96,0.4920129939862543,0.5038659793814433,1.0020251274108887,-0.002025127410888672
per_child,33,early_late_halves,1,5,1,484,98,0.5576160516019879,0.5425081949878396,0.9985336661338806,0.0014663338661193848
per_child,33,early_late_halves,0,6,1,373,70,0.5067421027817067,0.4777934936350778,1.019296646118164,-0.019296646118164062
per_child,33,early_late_halves,1,6,1,373,79,0.5203866356669251,0.508460346163782,1.0524613857269287,-0.05246138572692871
per_child,33,early_late_halves,0,8,1,470,94,0.4577155952919873,0.4827127659574468,1.007615089416504,-0.007615089416503906
per_child,33,early_late_halves,1,8,1,469,95,0.5538699690402477,0.5642977765268787,0.9966440200805664,0.0033559799194335938
per_child,33,early_late_halves,0,10,1,486,96,0.5859241452991453,0.564022435897436,0.9943140149116516,0.005685985088348389
per_child,33,early_late_halves,1,10,1,478,96,0.7444099040139617,0.6774105584642234,0.8693702816963196,0.13062971830368042
per_child,33,early_late_halves,0,11,1,407,81,0.4771264106642429,0.45838067105960767,1.019594430923462,-0.019594430923461914
per_child,33,early_late_halves,1,11,1,458,95,0.4630709003914746,0.4897056691315065,1.0026267766952515,-0.002626776695251465
per_child,33,early_late_halves,0,12,1,476,93,0.5336898846121452,0.5268396080743423,1.0157885551452637,-0.015788555145263672
per_child,33,early_late_halves,1,12,1,478,95,0.44316339150748935,0.45918647794420775,1.0073816776275635,-0.0073816776275634766
per_child,33,early_late_halves,0,13,1,485,96,0.4976167523564695,0.4859950728363325,1.0017093420028687,-0.0017093420028686523
per_child,33,early_late_halves,1,13,1,482,98,0.5748033588435374,0.5417729591836735,1.0721426010131836,-0.0721426010131836
per_child,33,early_late_halves,0,14,1,477,95,0.5412923670432626,0.5155414714797465,0.9995878338813782,0.00041216611862182617
per_child,33,early_late_halves,1,14,1,483,98,0.49041876490856084,0.4993506493506493,1.001861572265625,-0.001861572265625
per_child,33,early_late_halves,0,15,1,472,94,0.5429190588765057,0.5436789372959585,0.9982554912567139,0.0017445087432861328
per_child,33,early_late_halves,1,15,1,433,85,0.49545300878972276,0.5043779580797836,1.0336823463439941,-0.03368234634399414
per_child,33,early_late_halves,0,16,1,476,94,0.49870502395009475,0.5161523894396792,1.0280929803848267,-0.02809298038482666
per_child,33,early_late_halves,1,16,1,475,94,0.5281593790137935,0.5210532194114034,1.0004045963287354,-0.00040459632873535156
per_child,33,early_late_halves,0,17,1,319,61,0.5533104587622315,0.5023192273478205,1.0063477754592896,-0.006347775459289551
per_child,33,early_late_halves,1,17,1,408,80,0.47606707317073166,0.48612804878048776,1.0056952238082886,-0.005695223808288574
per_child,33,early_late_halves,0,18,1,483,95,0.5334644601193705,0.540857297883885,1.0236217975616455,-0.023621797561645508
per_child,33,early_late_halves,1,18,1,425,84,0.5049224968579807,0.48444700460829493,1.000236988067627,-0.00023698806762695312
per_child,33,early_late_halves,0,19,1,487,96,0.5284260443307758,0.48879742114237,0.9988484382629395,0.0011515617370605469
per_child,33,early_late_halves,1,19,1,480,98,0.5220910353670264,0.5166150229725398,1.004941463470459,-0.004941463470458984
per_child,33,early_late_halves,0,20,2,848,170,0.5059213951067153,0.4828908554572271,1.0058889389038086,-0.005888938903808594
per_child,33,early_late_halves,1,20,2,916,184,0.5122728082679971,0.5208778807317653,1.0003962516784668,-0.0003962516784667969
per_child,33,early_late_halves,0,21,1,405,77,0.49912891986062713,0.5196784922394678,1.0101778507232666,-0.010177850723266602
per_child,33,early_late_halves,1,21,1,446,92,0.5471935642348318,0.5111459100957996,0.9923909902572632,0.007609009742736816
per_child,33,early_late_halves,0,22,2,457,83,0.4370208105147865,0.4660460021905805,1.0092995166778564,-0.009299516677856445
per_child,33,early_late_halves,1,22,2,509,101,0.5537152980003882,0.5475757134536983,1.011682152748108,-0.01168215274810791
per_child,33,early_late_halves,0,23,1,480,96,0.6803656684027778,0.6471354166666666,0.9432394504547119,0.056760549545288086
per_child,33,early_late_halves,1,23,1,482,98,0.698860012755102,0.6578178146258504,0.9074935913085938,0.09250640869140625
per_child,33,early_late_halves,0,24,2,959,189,0.6030474816189101,0.5836219336219337,0.9806025624275208,0.019397437572479248
per_child,33,early_late_halves,1,24,2,819,165,0.556060606060606,0.5395468445927161,0.9955981373786926,0.004401862621307373
per_child,33,early_late_halves,0,25,2,850,166,0.520582329317269,0.5341893891354893,1.0105949640274048,-0.010594964027404785
per_child,33,early_late_halves,1,25,2,879,179,0.49768954509177965,0.49365522745411017,1.0188995599746704,-0.01889955997467041
per_child,33,early_late_halves,0,26,1,466,94,0.5035175017158545,0.5112102493708534,1.0084502696990967,-0.00845026969909668
per_child,33,early_late_halves,1,26,1,475,97,0.5071183112420226,0.5054682812414771,1.0021145343780518,-0.002114534378051758
per_child,33,early_late_halves,0,27,1,483,95,0.5136055344546934,0.4834237655995659,0.9993293285369873,0.0006706714630126953
per_child,33,early_late_halves,1,27,1,481,98,0.5210875472904567,0.5021713646294027,1.003536343574524,-0.0035363435745239258
per_child,33,early_late_halves,0,28,1,263,51,0.5399556048834628,0.553181650018498,1.0614067316055298,-0.061406731605529785
per_child,33,early_late_halves,1,28,1,248,51,0.5201055041305862,0.4854185328953916,1.0012974739074707,-0.0012974739074707031
per_child,33,early_late_halves,0,30,1,479,93,0.4596774193548387,0.49225583597972034,1.0182645320892334,-0.0182645320892334
per_child,33,early_late_halves,1,30,1,483,98,0.6003047972435727,0.5626159554730983,0.9684960842132568,0.031503915786743164
per_child,33,early_late_halves,0,31,2,828,162,0.5620018166314462,0.5561394728061395,1.0269566774368286,-0.026956677436828613
per_child,33,early_late_halves,1,31,2,896,182,0.5496083048604057,0.5449256625727213,0.9986686706542969,0.001331329345703125
per_child,33,early_late_halves,0,32,1,487,96,0.7005940963341857,0.6413043478260869,0.9402449131011963,0.05975508689880371
per_child,33,early_late_halves,1,32,1,486,98,0.6246844098464127,0.6005943614559226,0.9704074263572693,0.029592573642730713
per_child,33,early_late_halves,0,33,1,468,92,0.47800069380203514,0.5,1.020561695098877,-0.020561695098876953
per_child,33,early_late_halves,1,33,1,475,95,0.4838642659279778,0.4776315789473684,1.071833848953247,-0.07183384895324707
per_child,33,early_late_halves,0,34,1,486,96,0.5478098290598291,0.5411057692307693,0.9968173503875732,0.003182649612426758
per_child,33,early_late_halves,1,34,1,486,98,0.47338523038081215,0.47480538607195455,1.006111741065979,-0.006111741065979004
per_child,33,early_late_halves,0,35,1,476,95,0.5337063130266612,0.4895427545241055,1.0011780261993408,-0.0011780261993408203
per_child,33,early_late_halves,1,35,1,466,94,0.4912491420727523,0.5060912834591627,1.0052027702331543,-0.005202770233154297
per_child,33,early_late_halves,0,36,1,413,80,0.5384947447447448,0.5133445945945946,0.9994549751281738,0.0005450248718261719
per_child,33,early_late_halves,1,36,1,445,88,0.48860453272217974,0.5020849248790425,1.002689242362976,-0.0026892423629760742
per_child,33,early_late_halves,0,37,1,341,70,0.4776225619399051,0.47538218239325253,1.0655004978179932,-0.06550049781799316
per_child,33,early_late_halves,1,37,1,378,82,0.4438447593935399,0.44199077125906394,1.0210968255996704,-0.02109682559967041
per_child,33,early_late_halves,0,38,2,964,191,0.675358804684272,0.6278252270679952,0.9349514245986938,0.06504857540130615
per_child,33,early_late_halves,1,38,2,963,195,0.6759114583333332,0.6293970352564102,0.9449657201766968,0.05503427982330322
per_child,33,early_late_halves,0,39,1,484,95,0.533662562576106,0.5491814368826952,1.0233244895935059,-0.02332448959350586
per_child,33,early_late_halves,1,39,1,483,96,0.5345068906115418,0.5082364341085271,1.001284122467041,-0.0012841224670410156
per_child,33,early_late_halves,0,40,1,366,69,0.5469184599619383,0.5572390572390572,0.9966389536857605,0.003361046314239502
per_child,33,early_late_halves,1,40,1,394,81,0.4688597010215753,0.4697471699601625,1.0710797309875488,-0.07107973098754883
per_child,33,early_late_halves,0,41,1,481,95,0.580774475047723,0.5359830924461413,0.9916805624961853,0.008319437503814697
per_child,33,early_late_halves,1,41,1,483,97,0.5002003098125101,0.5024571337001228,1.0018680095672607,-0.0018680095672607422
per_child,33,early_late_halves,0,42,1,472,94,0.49537037037037035,0.48741979061127993,1.0064507722854614,-0.006450772285461426
per_child,33,early_late_halves,1,42,1,482,95,0.4975248198014416,0.49994560043519654,1.0060293674468994,-0.006029367446899414
per_child,33,early_late_halves,0,43,1,473,90,0.6022338265158109,0.5639831737742965,0.9814047813415527,0.018595218658447266
per_child,33,early_late_halves,1,43,1,477,96,0.6192722003499562,0.5686105643044619,0.9668059945106506,0.033194005489349365
per_child,33,early_late_halves,0,44,1,406,84,0.5745711328009464,0.5460662525879917,1.0242949724197388,-0.02429497241973877
per_child,33,early_late_halves,1,44,1,417,86,0.5124007587999719,0.5089931848521042,1.0220229625701904,-0.02202296257019043
per_child,33,early_late_halves,0,45,2,935,186,0.47602538151226725,0.49118537978954013,1.0049197673797607,-0.004919767379760742
per_child,33,early_late_halves,1,45,2,955,194,0.5242931844967961,0.5071528238752591,0.9984468221664429,0.001553177833557129
per_child,33,early_late_halves,0,46,1,414,84,0.5403860028860028,0.5088744588744588,0.99920654296875,0.00079345703125
per_child,33,early_late_halves,1,46,1,426,88,0.522996234534696,0.5346624529316837,0.9994487762451172,0.0005512237548828125
per_child,33,early_late_halves,0,47,1,486,96,0.48707264957264956,0.5186698717948718,1.0039217472076416,-0.0039217472076416016
per_child,33,early_late_halves,1,47,1,486,98,0.5874447717231223,0.5632232274353041,0.9844273328781128,0.015572667121887207
per_child,33,early_late_halves,0,48,1,331,64,0.5296699438202247,0.5043597846441947,1.0907899141311646,-0.09078991413116455
per_child,33,early_late_halves,1,48,1,408,85,0.501566199235112,0.5055727554179567,1.0128822326660156,-0.012882232666015625
per_child,33,early_late_halves,0,49,1,486,95,0.4316462511778167,0.45987346883833624,1.0070135593414307,-0.007013559341430664
per_child,33,early_late_halves,1,49,1,481,95,0.5418871011726207,0.5206844832287973,1.0604015588760376,-0.0604015588760376
per_child,33,early_late_halves,0,50,1,442,85,0.5163783160322952,0.49411764705882355,1.035334825515747,-0.03533482551574707
per_child,33,early_late_halves,1,50,1,293,64,0.4715474890829694,0.4631550218340611,1.008231520652771,-0.008231520652770996
per_child,33,early_late_halves,0,51,2,971,191,0.5401463283662237,0.5187743321251175,1.0139232873916626,-0.013923287391662598
per_child,33,early_late_halves,1,51,2,965,194,0.5681869843689411,0.5442222578790432,0.9902519583702087,0.00974804162979126
per_child,33,early_late_halves,0,52,1,485,96,0.5109388389031705,0.5025171379605826,1.00240957736969,-0.0024095773696899414
per_child,33,early_late_halves,1,52,1,479,96,0.4980825718015665,0.514047541340296,1.0053800344467163,-0.005380034446716309
per_child,33,early_late_halves,0,53,1,468,94,0.5404340653089089,0.5073387188531119,0.998888373374939,0.0011116266250610352
per_child,33,early_late_halves,1,53,1,483,97,0.5214732119010737,0.5035254527001762,0.9969727993011475,0.003027200698852539
per_child,33,early_late_halves,0,54,1,474,92,0.5424539039380833,0.5175278852720236,1.064704179763794,-0.06470417976379395
per_child,33,early_late_halves,1,54,1,484,98,0.6105001586126679,0.5850163899756794,0.9820383191108704,0.01796168088912964
per_child,33,early_late_halves,0,55,1,301,62,0.5205830746389526,0.5210554730732893,1.001255989074707,-0.0012559890747070312
per_child,33,early_late_halves,1,55,1,337,65,0.5071549773755656,0.5067024886877828,1.0005567073822021,-0.0005567073822021484
per_child,33,early_late_halves,0,56,1,487,96,0.539268968456948,0.5392822890025575,1.0016534328460693,-0.001653432846069336
per_child,33,early_late_halves,1,56,1,482,98,0.47099542942176864,0.4758715986394558,1.0059092044830322,-0.0059092044830322266
per_child,33,early_late_halves,0,57,1,485,96,0.6061080762639246,0.600350792630677,0.9790871143341064,0.020912885665893555
per_child,33,early_late_halves,1,57,1,486,98,0.6020671155059962,0.5755049442457396,0.9906353950500488,0.009364604949951172
per_child,33,early_late_halves,0,58,1,464,91,0.4567952155083522,0.4778157499337124,1.009687900543213,-0.00968790054321289
per_child,33,early_late_halves,1,58,1,479,98,0.4872649847340511,0.5015801596229043,1.00423264503479,-0.004232645034790039
per_child,33,early_late_halves,0,59,2,864,171,0.5166999991561395,0.5217209690893901,1.0013669729232788,-0.0013669729232788086
per_child,33,early_late_halves,1,59,2,927,191,0.5899264454814477,0.5640365353972228,0.9819874167442322,0.018012583255767822
per_child,33,early_late_halves,0,60,1,288,41,0.4100424607484941,0.4692406438234423,1.0112550258636475,-0.011255025863647461
per_child,33,early_late_halves,1,60,1,287,44,0.5474186307519642,0.49677328843995505,0.9983718991279602,0.001628100872039795
per_child,33,early_late_halves,0,61,1,439,87,0.5419442267502612,0.5111350574712643,0.9967519044876099,0.0032480955123901367
per_child,33,early_late_halves,1,61,1,467,94,0.5203068849466659,0.4901888083965547,1.0003105401992798,-0.00031054019927978516
per_child,33,early_late_halves,0,62,1,439,91,0.6277472527472527,0.5717127699886321,0.9834085702896118,0.016591429710388184
per_child,33,early_late_halves,1,62,1,457,93,0.7076982157627318,0.6462838237031785,0.9259732365608215,0.07402676343917847
per_child,33,early_late_halves,0,63,1,453,90,0.5259565350474441,0.5210284664830119,1.0007365942001343,-0.0007365942001342773
per_child,33,early_late_halves,1,63,1,464,91,0.4567657543528857,0.4790531184633061,1.0070810317993164,-0.007081031799316406
per_child,33,early_late_halves,0,64,1,481,96,0.6205898268398268,0.6033955627705627,0.9750475883483887,0.024952411651611328
per_child,33,early_late_halves,1,64,1,479,96,0.5025973672758921,0.49854493037423847,1.0029937028884888,-0.0029937028884887695
per_child,33,early_late_halves,0,65,1,481,95,0.5517725661303517,0.5161439869102808,1.027891755104065,-0.02789175510406494
per_child,33,early_late_halves,1,65,1,477,96,0.5853838582677166,0.5022965879265092,0.9952999353408813,0.004700064659118652
per_child,33,early_late_halves,0,66,1,409,81,0.47284327009936766,0.4922651309846432,1.005979299545288,-0.005979299545288086
per_child,33,early_late_halves,1,66,1,446,93,0.49642084742148707,0.4983398824210302,1.0778857469558716,-0.07788574695587158
per_child,33,early_late_halves,0,67,1,484,96,0.5477475300687286,0.539733676975945,1.0303621292114258,-0.03036212921142578
per_child,33,early_late_halves,1,67,1,485,98,0.5119970468807679,0.5228471233454621,1.0078368186950684,-0.00783681869506836
per_child,33,early_late_halves,0,68,1,372,71,0.5092414954845351,0.5197697814795751,1.0009510517120361,-0.0009510517120361328
per_child,33,early_late_halves,1,68,1,326,66,0.548951048951049,0.54493006993007,1.000917673110962,-0.0009176731109619141
per_child,33,early_late_halves,0,69,1,477,93,0.5112987231182795,0.4790406586021505,1.0013116598129272,-0.001311659812927246
per_child,33,early_late_halves,1,69,1,465,95,0.48349928876244663,0.5034850640113798,1.0056636333465576,-0.005663633346557617
per_child,33,early_late_halves,0,70,1,385,79,0.5214279804748905,0.5362372797220154,1.02919602394104,-0.02919602394104004
per_child,33,early_late_halves,1,70,1,384,78,0.5327216356628122,0.533308195072901,1.0084458589553833,-0.0084458589553833
per_child,33,early_late_halves,0,71,1,444,87,0.5878972278566599,0.5722495894909688,0.9953416585922241,0.004658341407775879
per_child,33,early_late_halves,1,71,1,480,97,0.5816128771769266,0.5264730424483863,0.9971259236335754,0.0028740763664245605
per_child,33,early_late_halves,0,72,1,343,72,0.5084563345633456,0.5019987699876999,1.0013110637664795,-0.0013110637664794922
per_child,33,early_late_halves,1,72,1,341,70,0.48381655245123867,0.44889298892988927,1.003975749015808,-0.0039757490158081055
