model,seed,partition,train_block,child,n_records,n,n_class1,auc,bacc,ce_bal_bits,j_bits
child_spatial,11,odd_even_blocks,0,0,1,303,62,0.5274394324722259,0.5075291125685986,1.0005693435668945,-0.0005693435668945312
child_spatial,11,odd_even_blocks,0,1,2,590,111,0.5736425360642479,0.5603453139987586,0.9900250434875488,0.009974956512451172
child_spatial,11,odd_even_blocks,0,2,1,253,52,0.5696039035591275,0.5421928817451205,0.9905153512954712,0.009484648704528809
child_spatial,11,odd_even_blocks,0,3,1,306,58,0.48213292547274755,0.4888070077864294,1.0290007591247559,-0.02900075912475586
child_spatial,11,odd_even_blocks,0,4,2,573,111,0.5446842946842947,0.5087750087750088,0.9984966516494751,0.0015033483505249023
child_spatial,11,odd_even_blocks,0,5,1,299,56,0.4748677248677248,0.4894179894179894,1.0072736740112305,-0.007273674011230469
child_spatial,11,odd_even_blocks,0,6,1,226,40,0.5189516129032258,0.553494623655914,1.0054540634155273,-0.005454063415527344
child_spatial,11,odd_even_blocks,0,8,1,289,53,0.46006555804285254,0.4925647585545251,1.013594150543213,-0.01359415054321289
child_spatial,11,odd_even_blocks,0,10,1,299,57,0.6486515876468031,0.607039292445991,0.9696570038795471,0.03034299612045288
child_spatial,11,odd_even_blocks,0,11,1,256,53,0.5074356352820893,0.545775629705363,1.0166971683502197,-0.016697168350219727
child_spatial,11,odd_even_blocks,0,12,1,295,57,0.5637254901960784,0.572718561108654,0.9945776462554932,0.005422353744506836
child_spatial,11,odd_even_blocks,0,13,1,298,56,0.5148317591499411,0.49173553719008267,1.0041301250457764,-0.004130125045776367
child_spatial,11,odd_even_blocks,0,14,1,295,55,0.5372348484848485,0.5589015151515151,1.0021507740020752,-0.0021507740020751953
child_spatial,11,odd_even_blocks,0,15,1,275,51,0.562062324929972,0.5565476190476191,0.992993950843811,0.007006049156188965
child_spatial,11,odd_even_blocks,0,16,1,290,54,0.5259730069052103,0.5066698053986189,1.0030205249786377,-0.0030205249786376953
child_spatial,11,odd_even_blocks,0,17,1,242,46,0.4871894409937888,0.48203194321206744,1.0041576623916626,-0.004157662391662598
child_spatial,11,odd_even_blocks,0,18,1,281,52,0.5105391333557273,0.49500335908632853,1.0108518600463867,-0.010851860046386719
child_spatial,11,odd_even_blocks,0,19,1,300,58,0.6075448845825021,0.5572100313479624,0.9815152883529663,0.01848471164703369
child_spatial,11,odd_even_blocks,0,20,2,556,104,0.4953518550034036,0.46613342409802583,1.0056625604629517,-0.00566256046295166
child_spatial,11,odd_even_blocks,0,21,1,279,55,0.4755681818181817,0.45718344155844154,1.0105602741241455,-0.010560274124145508
child_spatial,11,odd_even_blocks,0,22,2,314,57,0.5648849750836233,0.5209229298928255,0.9897393584251404,0.01026064157485962
child_spatial,11,odd_even_blocks,0,23,1,300,57,0.564219189950184,0.5564219189950184,0.9873039722442627,0.012696027755737305
child_spatial,11,odd_even_blocks,0,24,2,549,104,0.5441011235955056,0.536614088159032,0.9938700199127197,0.0061299800872802734
child_spatial,11,odd_even_blocks,0,25,2,545,106,0.5338462199681954,0.5174818412343662,0.9966097474098206,0.0033902525901794434
child_spatial,11,odd_even_blocks,0,26,1,290,56,0.46440018315018317,0.44253663003663,1.0124320983886719,-0.012432098388671875
child_spatial,11,odd_even_blocks,0,27,1,294,56,0.6308898559423769,0.5976890756302521,0.9768733978271484,0.023126602172851562
child_spatial,11,odd_even_blocks,0,30,1,300,56,0.4984265222482436,0.4979508196721312,1.0140659809112549,-0.014065980911254883
child_spatial,11,odd_even_blocks,0,31,2,521,101,0.5148868458274398,0.5097359735973597,1.0060454607009888,-0.0060454607009887695
child_spatial,11,odd_even_blocks,0,32,1,301,58,0.5814176245210729,0.5581453100610189,0.9875014424324036,0.012498557567596436
child_spatial,11,odd_even_blocks,0,33,1,295,56,0.4929766885833831,0.515839808726838,1.0057610273361206,-0.0057610273361206055
child_spatial,11,odd_even_blocks,0,34,1,303,57,0.5691056910569106,0.5498502353444586,0.9901520013809204,0.00984799861907959
child_spatial,11,odd_even_blocks,0,35,1,290,57,0.44371658760635496,0.4206385061365861,1.0350420475006104,-0.03504204750061035
child_spatial,11,odd_even_blocks,0,36,1,274,53,0.4948774865534022,0.5360283445744045,1.020124077796936,-0.020124077796936035
child_spatial,11,odd_even_blocks,0,37,1,230,46,0.5287689035916824,0.529891304347826,1.0033907890319824,-0.003390789031982422
child_spatial,11,odd_even_blocks,0,38,2,596,113,0.5845563311896518,0.5485626339801022,0.9872395992279053,0.012760400772094727
child_spatial,11,odd_even_blocks,0,39,1,299,54,0.4964474678760393,0.5105820105820106,1.0040923357009888,-0.0040923357009887695
child_spatial,11,odd_even_blocks,0,40,1,259,47,0.5019570453633079,0.49693898032918504,1.0058451890945435,-0.005845189094543457
child_spatial,11,odd_even_blocks,0,41,1,326,67,0.46357978447530684,0.42929176511266065,1.0116047859191895,-0.011604785919189453
child_spatial,11,odd_even_blocks,0,42,1,286,54,0.4634418901660281,0.46487867177522346,1.0105676651000977,-0.010567665100097656
child_spatial,11,odd_even_blocks,0,43,1,297,53,0.6049721620785647,0.5579956696566657,0.9786591529846191,0.02134084701538086
child_spatial,11,odd_even_blocks,0,44,1,257,50,0.5386473429951691,0.53256038647343,1.001554012298584,-0.0015540122985839844
child_spatial,11,odd_even_blocks,0,45,2,574,109,0.4933412252145605,0.5059090460688567,1.0067164897918701,-0.006716489791870117
child_spatial,11,odd_even_blocks,0,46,1,270,53,0.5286062081558125,0.512564124858708,1.0031577348709106,-0.0031577348709106445
child_spatial,11,odd_even_blocks,0,47,1,301,58,0.49304668653327655,0.49925500212856533,1.0129517316818237,-0.01295173168182373
child_spatial,11,odd_even_blocks,0,48,1,229,43,0.4397974493623406,0.46374093523380844,1.0227247476577759,-0.02272474765777588
child_spatial,11,odd_even_blocks,0,49,1,301,56,0.5048833819241982,0.5155612244897959,1.0072965621948242,-0.007296562194824219
child_spatial,11,odd_even_blocks,0,50,1,220,40,0.5260416666666666,0.475,0.9978090524673462,0.0021909475326538086
child_spatial,11,odd_even_blocks,0,51,2,604,113,0.46415118144296447,0.4723518915703909,1.008582353591919,-0.008582353591918945
child_spatial,11,odd_even_blocks,0,52,1,297,55,0.3878662659654395,0.4181818181818182,1.0299532413482666,-0.0299532413482666
child_spatial,11,odd_even_blocks,0,53,1,297,57,0.491703216374269,0.5052631578947369,1.032712459564209,-0.032712459564208984
child_spatial,11,odd_even_blocks,0,54,1,296,55,0.5662768766503207,0.5619011693700491,0.9910351037979126,0.008964896202087402
child_spatial,11,odd_even_blocks,0,56,1,298,57,0.3379922836135983,0.39404527917303633,1.0473698377609253,-0.04736983776092529
child_spatial,11,odd_even_blocks,0,57,1,299,56,0.5574661963550853,0.5546737213403881,0.9954472184181213,0.004552781581878662
child_spatial,11,odd_even_blocks,0,58,1,292,54,0.49120759414877063,0.4852163087457205,1.0073025226593018,-0.007302522659301758
child_spatial,11,odd_even_blocks,0,59,2,565,108,0.5688670070508145,0.5538232433746657,0.9885772466659546,0.01142275333404541
child_spatial,11,odd_even_blocks,0,61,1,289,55,0.5393939393939393,0.5216394716394717,0.993330717086792,0.006669282913208008
child_spatial,11,odd_even_blocks,0,62,1,283,55,0.6048245614035088,0.5901116427432217,0.9844728112220764,0.015527188777923584
child_spatial,11,odd_even_blocks,0,63,1,281,54,0.47430249632892807,0.44689182574645125,1.0222902297973633,-0.02229022979736328
child_spatial,11,odd_even_blocks,0,64,1,295,56,0.4917438732815302,0.47384937238493724,1.0090737342834473,-0.009073734283447266
child_spatial,11,odd_even_blocks,0,65,1,294,55,0.5789273488018258,0.5670597185241537,0.9923495650291443,0.007650434970855713
child_spatial,11,odd_even_blocks,0,66,1,254,52,0.5050932977913176,0.48095963442498096,1.0097973346710205,-0.009797334671020508
child_spatial,11,odd_even_blocks,0,67,1,299,58,0.5277221347832308,0.5218200028616398,0.9971548318862915,0.002845168113708496
child_spatial,11,odd_even_blocks,0,68,1,215,41,0.499439304737875,0.5348331931595178,1.0068060159683228,-0.006806015968322754
child_spatial,11,odd_even_blocks,0,69,1,294,56,0.46574879951980797,0.48686974789915966,1.0412218570709229,-0.04122185707092285
child_spatial,11,odd_even_blocks,0,70,1,247,49,0.49139352710781287,0.4954133168418883,1.0166420936584473,-0.016642093658447266
child_spatial,11,odd_even_blocks,0,71,1,298,56,0.5729043683589138,0.5423553719008265,0.9900566339492798,0.009943366050720215
child_spatial,11,odd_even_blocks,0,72,1,207,40,0.36107784431137724,0.393562874251497,1.058730125427246,-0.058730125427246094
child_spatial_meanfilter,11,odd_even_blocks,0,0,1,303,62,0.5959041627626824,0.556819702851024,0.9942626953125,0.0057373046875
child_spatial_meanfilter,11,odd_even_blocks,0,1,2,590,111,0.5645488912712294,0.5756173710244692,0.9974832534790039,0.0025167465209960938
child_spatial_meanfilter,11,odd_even_blocks,0,2,1,253,52,0.4912456946039036,0.4491963260619977,0.9994379281997681,0.0005620718002319336
child_spatial_meanfilter,11,odd_even_blocks,0,3,1,306,58,0.5829741379310345,0.5839822024471635,0.9954104423522949,0.004589557647705078
child_spatial_meanfilter,11,odd_even_blocks,0,4,2,573,111,0.5198802698802698,0.4916637416637417,0.9998126029968262,0.00018739700317382812
child_spatial_meanfilter,11,odd_even_blocks,0,5,1,299,56,0.5373677248677249,0.5202821869488536,0.9984657764434814,0.0015342235565185547
child_spatial_meanfilter,11,odd_even_blocks,0,6,1,226,40,0.48225806451612907,0.4803763440860215,1.0036842823028564,-0.0036842823028564453
child_spatial_meanfilter,11,odd_even_blocks,0,8,1,289,53,0.5401742884553886,0.5626798848736808,0.9984656572341919,0.0015343427658081055
child_spatial_meanfilter,11,odd_even_blocks,0,10,1,299,57,0.6474916630419023,0.5811947223430477,0.993166983127594,0.006833016872406006
child_spatial_meanfilter,11,odd_even_blocks,0,11,1,256,53,0.49354029184868475,0.46003346035876935,1.0027203559875488,-0.002720355987548828
child_spatial_meanfilter,11,odd_even_blocks,0,12,1,295,57,0.5390314020344981,0.5339083001621702,0.9989639520645142,0.0010360479354858398
child_spatial_meanfilter,11,odd_even_blocks,0,13,1,298,56,0.5856331168831168,0.5734946871310508,0.9942036271095276,0.005796372890472412
child_spatial_meanfilter,11,odd_even_blocks,0,14,1,295,55,0.5308712121212121,0.5157196969696969,0.9985284805297852,0.0014715194702148438
child_spatial_meanfilter,11,odd_even_blocks,0,15,1,275,51,0.48393732492997205,0.5102415966386554,1.0015949010849,-0.0015949010848999023
child_spatial_meanfilter,11,odd_even_blocks,0,16,1,290,54,0.5453939108600125,0.5422944130571249,0.9962838888168335,0.003716111183166504
child_spatial_meanfilter,11,odd_even_blocks,0,17,1,242,46,0.36385314995563445,0.4016193433895297,1.0081322193145752,-0.008132219314575195
child_spatial_meanfilter,11,odd_even_blocks,0,18,1,281,52,0.46107658716829025,0.4574235807860262,1.0031555891036987,-0.0031555891036987305
child_spatial_meanfilter,11,odd_even_blocks,0,19,1,300,58,0.5899116557423768,0.5844257623254487,0.9948805570602417,0.005119442939758301
child_spatial_meanfilter,11,odd_even_blocks,0,20,2,556,104,0.5378658951667801,0.5259104833219878,0.999171257019043,0.0008287429809570312
child_spatial_meanfilter,11,odd_even_blocks,0,21,1,279,55,0.510551948051948,0.48413149350649354,1.0006471872329712,-0.0006471872329711914
child_spatial_meanfilter,11,odd_even_blocks,0,22,2,314,57,0.5791862925796982,0.5618472250665574,0.9949609637260437,0.005039036273956299
child_spatial_meanfilter,11,odd_even_blocks,0,23,1,300,57,0.5492022236661613,0.5310807883907299,0.9966844320297241,0.003315567970275879
child_spatial_meanfilter,11,odd_even_blocks,0,24,2,549,104,0.532270959377701,0.5521391529818496,0.9989462494850159,0.0010537505149841309
child_spatial_meanfilter,11,odd_even_blocks,0,25,2,545,106,0.5577212360854429,0.5363390209309322,0.996330738067627,0.003669261932373047
child_spatial_meanfilter,11,odd_even_blocks,0,26,1,290,56,0.4756562881562882,0.4642857142857143,1.00265371799469,-0.0026537179946899414
child_spatial_meanfilter,11,odd_even_blocks,0,27,1,294,56,0.4273709483793517,0.4648109243697479,1.0046722888946533,-0.00467228889465332
child_spatial_meanfilter,11,odd_even_blocks,0,30,1,300,56,0.619474531615925,0.6081674473067915,0.9938877820968628,0.006112217903137207
child_spatial_meanfilter,11,odd_even_blocks,0,31,2,521,101,0.5665252239509665,0.551980198019802,0.9965677261352539,0.0034322738647460938
child_spatial_meanfilter,11,odd_even_blocks,0,32,1,301,58,0.6699659429544487,0.6169291897261246,0.989610493183136,0.010389506816864014
child_spatial_meanfilter,11,odd_even_blocks,0,33,1,295,56,0.48602809324566654,0.484160191273162,1.0043439865112305,-0.004343986511230469
child_spatial_meanfilter,11,odd_even_blocks,0,34,1,303,57,0.5919982884039366,0.5470688917415489,0.9953611493110657,0.004638850688934326
child_spatial_meanfilter,11,odd_even_blocks,0,35,1,290,57,0.5286499510579022,0.5027482870265794,1.0008838176727295,-0.0008838176727294922
child_spatial_meanfilter,11,odd_even_blocks,0,36,1,274,53,0.5112695295825151,0.4918466660974985,1.0000951290130615,-9.512901306152344e-05
child_spatial_meanfilter,11,odd_even_blocks,0,37,1,230,46,0.4585302457466919,0.4565217391304348,1.0034133195877075,-0.0034133195877075195
child_spatial_meanfilter,11,odd_even_blocks,0,38,2,596,113,0.6612250132834973,0.6198446288865681,0.9909346103668213,0.009065389633178711
child_spatial_meanfilter,11,odd_even_blocks,0,39,1,299,54,0.4538548752834467,0.4588057445200302,1.0030786991119385,-0.0030786991119384766
child_spatial_meanfilter,11,odd_even_blocks,0,40,1,259,47,0.49071657968687277,0.512294259333601,1.000867247581482,-0.0008672475814819336
child_spatial_meanfilter,11,odd_even_blocks,0,41,1,326,67,0.4233273785512592,0.4277358381835994,1.00496244430542,-0.004962444305419922
child_spatial_meanfilter,11,odd_even_blocks,0,42,1,286,54,0.4668342911877394,0.5107758620689655,1.0045924186706543,-0.004592418670654297
child_spatial_meanfilter,11,odd_even_blocks,0,43,1,297,53,0.5671203216826478,0.5514614908753479,0.9964821338653564,0.0035178661346435547
child_spatial_meanfilter,11,odd_even_blocks,0,44,1,257,50,0.47062801932367154,0.47608695652173916,1.001800537109375,-0.001800537109375
child_spatial_meanfilter,11,odd_even_blocks,0,45,2,574,109,0.6009766203018645,0.5874815034033738,0.995061993598938,0.004938006401062012
child_spatial_meanfilter,11,odd_even_blocks,0,46,1,270,53,0.6337709764368317,0.6039474828275802,0.9940727949142456,0.0059272050857543945
child_spatial_meanfilter,11,odd_even_blocks,0,47,1,301,58,0.5025897545054634,0.5039733219809848,1.000896692276001,-0.0008966922760009766
child_spatial_meanfilter,11,odd_even_blocks,0,48,1,229,43,0.6779819954988747,0.6140285071267817,0.9913110136985779,0.00868898630142212
child_spatial_meanfilter,11,odd_even_blocks,0,49,1,301,56,0.5846574344023323,0.5619897959183673,0.9952800273895264,0.004719972610473633
child_spatial_meanfilter,11,odd_even_blocks,0,50,1,220,40,0.5759027777777778,0.5597222222222222,0.9954121112823486,0.004587888717651367
child_spatial_meanfilter,11,odd_even_blocks,0,51,2,604,113,0.5169961970333256,0.5092550871438098,0.9991544485092163,0.0008455514907836914
child_spatial_meanfilter,11,odd_even_blocks,0,52,1,297,55,0.4574004507888806,0.4524793388429752,1.0022907257080078,-0.0022907257080078125
child_spatial_meanfilter,11,odd_even_blocks,0,53,1,297,57,0.5629751461988304,0.5589912280701754,0.9930038452148438,0.00699615478515625
child_spatial_meanfilter,11,odd_even_blocks,0,54,1,296,55,0.49845341380611097,0.47959260656356095,1.000065803527832,-6.580352783203125e-05
child_spatial_meanfilter,11,odd_even_blocks,0,56,1,298,57,0.5468442891461017,0.5702118366455557,1.000874400138855,-0.0008744001388549805
child_spatial_meanfilter,11,odd_even_blocks,0,57,1,299,56,0.5855746619635508,0.5827454438565549,0.9953809380531311,0.0046190619468688965
child_spatial_meanfilter,11,odd_even_blocks,0,58,1,292,54,0.4786025521319639,0.4612511671335201,1.0009229183197021,-0.0009229183197021484
child_spatial_meanfilter,11,odd_even_blocks,0,59,2,565,108,0.5342612853553772,0.5082056892778993,0.9992362260818481,0.0007637739181518555
child_spatial_meanfilter,11,odd_even_blocks,0,61,1,289,55,0.4754856254856255,0.49176379176379176,1.001955270767212,-0.001955270767211914
child_spatial_meanfilter,11,odd_even_blocks,0,62,1,283,55,0.6007177033492823,0.5368022328548644,0.9963523149490356,0.0036476850509643555
child_spatial_meanfilter,11,odd_even_blocks,0,63,1,281,54,0.397984989394681,0.4182574645129711,1.0072424411773682,-0.007242441177368164
child_spatial_meanfilter,11,odd_even_blocks,0,64,1,295,56,0.6367677824267782,0.5843170950388523,0.9909414052963257,0.009058594703674316
child_spatial_meanfilter,11,odd_even_blocks,0,65,1,294,55,0.5896538607835679,0.5418790414606314,0.9940466284751892,0.005953371524810791
child_spatial_meanfilter,11,odd_even_blocks,0,66,1,254,52,0.5820163747143945,0.5514089870525514,0.9946718215942383,0.005328178405761719
child_spatial_meanfilter,11,odd_even_blocks,0,67,1,299,58,0.5250751180426384,0.4996065245385606,0.9992557764053345,0.0007442235946655273
child_spatial_meanfilter,11,odd_even_blocks,0,68,1,215,41,0.6313428651527895,0.597210541070928,0.9933260679244995,0.006673932075500488
child_spatial_meanfilter,11,odd_even_blocks,0,69,1,294,56,0.5608868547418967,0.5278361344537815,0.9971256256103516,0.0028743743896484375
child_spatial_meanfilter,11,odd_even_blocks,0,70,1,247,49,0.5590084518655948,0.581684188827046,0.993958055973053,0.0060419440269470215
child_spatial_meanfilter,11,odd_even_blocks,0,71,1,298,56,0.5285566706021252,0.4957939787485242,0.998062014579773,0.0019379854202270508
child_spatial_meanfilter,11,odd_even_blocks,0,72,1,207,40,0.6287425149700598,0.5839071856287426,0.9921832084655762,0.007816791534423828
child_spatial,11,odd_even_blocks,1,0,1,267,53,0.5558102627402575,0.5400282137189207,0.9942614436149597,0.005738556385040283
child_spatial,11,odd_even_blocks,1,1,2,697,141,0.5410033675187509,0.5146180927598347,0.9971742630004883,0.0028257369995117188
child_spatial,11,odd_even_blocks,1,2,1,311,68,0.5112563543936093,0.5239348825950133,0.9990522861480713,0.0009477138519287109
child_spatial,11,odd_even_blocks,1,3,1,349,70,0.5383768561187916,0.5118535586277522,0.9958558678627014,0.004144132137298584
child_spatial,11,odd_even_blocks,1,4,2,688,143,0.5037146339898634,0.5110540835311478,1.002603530883789,-0.0026035308837890625
child_spatial,11,odd_even_blocks,1,5,1,351,72,0.5120718837116687,0.5188172043010753,0.999813437461853,0.00018656253814697266
child_spatial,11,odd_even_blocks,1,6,1,292,58,0.5570291777188329,0.5337459475390509,1.0018590688705444,-0.0018590688705444336
child_spatial,11,odd_even_blocks,1,8,1,338,70,0.5665778251599147,0.5180703624733476,0.9892676472663879,0.01073235273361206
child_spatial,11,odd_even_blocks,1,10,1,347,72,0.4971969696969697,0.5103282828282828,1.005367636680603,-0.005367636680603027
child_spatial,11,odd_even_blocks,1,11,1,318,67,0.5154010822382113,0.5201879050960339,1.0065069198608398,-0.006506919860839844
child_spatial,11,odd_even_blocks,1,12,1,346,70,0.5261645962732919,0.5450828157349896,1.0003743171691895,-0.0003743171691894531
child_spatial,11,odd_even_blocks,1,13,1,351,72,0.41265929908403026,0.4103942652329749,1.0241124629974365,-0.024112462997436523
child_spatial,11,odd_even_blocks,1,14,1,345,73,0.5396353746978243,0.5590753424657534,1.0030865669250488,-0.003086566925048828
child_spatial,11,odd_even_blocks,1,15,1,329,69,0.5059364548494983,0.5093924191750279,1.0002151727676392,-0.00021517276763916016
child_spatial,11,odd_even_blocks,1,16,1,343,71,0.5516259320629661,0.5491663214581607,0.997173547744751,0.0028264522552490234
child_spatial,11,odd_even_blocks,1,17,1,255,50,0.4554146341463414,0.44878048780487806,1.0114455223083496,-0.01144552230834961
child_spatial,11,odd_even_blocks,1,18,1,320,63,0.531251930084615,0.5016058303996047,0.9946191906929016,0.005380809307098389
child_spatial,11,odd_even_blocks,1,19,1,349,71,0.5279410274597223,0.5338180160097274,0.9991563558578491,0.0008436441421508789
child_spatial,11,odd_even_blocks,1,20,2,638,138,0.5456594202898551,0.5287536231884058,1.0036884546279907,-0.0036884546279907227
child_spatial,11,odd_even_blocks,1,21,1,292,61,0.4630260449932581,0.46558086722021147,1.0331752300262451,-0.03317523002624512
child_spatial,11,odd_even_blocks,1,22,2,340,67,0.42829807008911486,0.4322617680826636,1.02496337890625,-0.02496337890625
child_spatial,11,odd_even_blocks,1,23,1,351,71,0.38611670020120725,0.41614688128772637,1.0267267227172852,-0.026726722717285156
child_spatial,11,odd_even_blocks,1,24,2,640,132,0.549846397041279,0.5300942495824386,1.0005429983139038,-0.0005429983139038086
child_spatial,11,odd_even_blocks,1,25,2,621,129,0.5333711476649651,0.5193325770467007,0.9973469376564026,0.002653062343597412
child_spatial,11,odd_even_blocks,1,26,1,343,69,0.4779964032582249,0.4873056172643605,1.0160536766052246,-0.01605367660522461
child_spatial,11,odd_even_blocks,1,27,1,346,70,0.47939958592132503,0.47220496894409936,1.0111486911773682,-0.011148691177368164
child_spatial,11,odd_even_blocks,1,30,1,355,74,0.47775800711743777,0.46958257189573915,1.0129789113998413,-0.012978911399841309
child_spatial,11,odd_even_blocks,1,31,2,639,128,0.5490306996086106,0.5260671477495107,0.9997519254684448,0.0002480745315551758
child_spatial,11,odd_even_blocks,1,32,1,353,70,0.5405350832912671,0.5101716304896518,0.9947419166564941,0.005258083343505859
child_spatial,11,odd_even_blocks,1,33,1,342,71,0.4785873915077179,0.5093030507769867,1.0072600841522217,-0.00726008415222168
child_spatial,11,odd_even_blocks,1,34,1,354,73,0.47925705650075556,0.4795983035148442,1.0091731548309326,-0.009173154830932617
child_spatial,11,odd_even_blocks,1,35,1,337,69,0.5912286394116375,0.5466688297642224,0.9904261827468872,0.009573817253112793
child_spatial,11,odd_even_blocks,1,36,1,312,61,0.5242962575925805,0.5192018810005878,1.0147897005081177,-0.014789700508117676
child_spatial,11,odd_even_blocks,1,37,1,267,59,0.48667698826597133,0.4779172099087353,1.0038087368011475,-0.003808736801147461
child_spatial,11,odd_even_blocks,1,38,2,700,144,0.5438211930455635,0.5333233413269385,0.9984297752380371,0.0015702247619628906
child_spatial,11,odd_even_blocks,1,39,1,354,71,0.5211765291395014,0.5256059324142737,1.0004894733428955,-0.0004894733428955078
child_spatial,11,odd_even_blocks,1,40,1,239,46,0.48687767515206126,0.48783509799504393,1.0065479278564453,-0.0065479278564453125
child_spatial,11,odd_even_blocks,1,41,1,319,64,0.5095281862745098,0.4772671568627451,1.0028834342956543,-0.002883434295654297
child_spatial,11,odd_even_blocks,1,42,1,347,67,0.5069296375266524,0.535047974413646,1.0064842700958252,-0.006484270095825195
child_spatial,11,odd_even_blocks,1,43,1,347,69,0.5829162756751122,0.5581534772182254,0.9820622205734253,0.017937779426574707
child_spatial,11,odd_even_blocks,1,44,1,290,60,0.567427536231884,0.55,0.9933135509490967,0.00668644905090332
child_spatial,11,odd_even_blocks,1,45,2,686,142,0.5111265016570008,0.51805871996686,1.0021648406982422,-0.0021648406982421875
child_spatial,11,odd_even_blocks,1,46,1,307,63,0.546480614103565,0.5062776476710903,0.9947782754898071,0.005221724510192871
child_spatial,11,odd_even_blocks,1,47,1,352,70,0.5109169199594732,0.5036474164133738,1.0023366212844849,-0.0023366212844848633
child_spatial,11,odd_even_blocks,1,48,1,280,58,0.4965051258154706,0.5108729419074247,1.0111182928085327,-0.011118292808532715
child_spatial,11,odd_even_blocks,1,49,1,348,67,0.5370478568014022,0.5317097785095873,0.9970946907997131,0.0029053092002868652
child_spatial,11,odd_even_blocks,1,50,1,250,52,0.5069444444444444,0.48475135975135974,1.0017452239990234,-0.0017452239990234375
child_spatial,11,odd_even_blocks,1,51,2,690,140,0.4747142857142857,0.49077922077922076,1.0091720819473267,-0.00917208194732666
child_spatial,11,odd_even_blocks,1,52,1,349,71,0.4361890769074881,0.44824703617387784,1.0170056819915771,-0.01700568199157715
child_spatial,11,odd_even_blocks,1,53,1,347,72,0.5101262626262626,0.519419191919192,1.0240123271942139,-0.024012327194213867
child_spatial,11,odd_even_blocks,1,54,1,352,72,0.5513144841269841,0.5363095238095238,0.9917718172073364,0.008228182792663574
child_spatial,11,odd_even_blocks,1,56,1,352,72,0.5334077380952381,0.5232142857142856,0.9964996576309204,0.00350034236907959
child_spatial,11,odd_even_blocks,1,57,1,352,72,0.520436507936508,0.5109126984126984,1.0001766681671143,-0.0001766681671142578
child_spatial,11,odd_even_blocks,1,58,1,335,70,0.5280053908355795,0.5164420485175202,0.9967297315597534,0.003270268440246582
child_spatial,11,odd_even_blocks,1,59,2,652,137,0.5370845439727872,0.5128835660123308,0.9991806745529175,0.0008193254470825195
child_spatial,11,odd_even_blocks,1,61,1,320,65,0.5261236802413273,0.5108597285067873,0.9996241331100464,0.0003758668899536133
child_spatial,11,odd_even_blocks,1,62,1,318,66,0.5289502164502164,0.5032467532467533,1.0007938146591187,-0.0007938146591186523
child_spatial,11,odd_even_blocks,1,63,1,324,64,0.4888221153846154,0.49170673076923077,1.0303103923797607,-0.030310392379760742
child_spatial,11,odd_even_blocks,1,64,1,345,70,0.49548051948051947,0.4844155844155844,1.0151002407073975,-0.015100240707397461
child_spatial,11,odd_even_blocks,1,65,1,352,71,0.46323492556764073,0.49832088617111925,1.0129421949386597,-0.012942194938659668
child_spatial,11,odd_even_blocks,1,66,1,312,66,0.49864498644986455,0.5020325203252032,1.0018730163574219,-0.001873016357421875
child_spatial,11,odd_even_blocks,1,67,1,349,72,0.5329923786602486,0.547282390693943,0.9990864992141724,0.0009135007858276367
child_spatial,11,odd_even_blocks,1,68,1,236,41,0.45378361475922446,0.4649781113195747,1.0115092992782593,-0.011509299278259277
child_spatial,11,odd_even_blocks,1,69,1,346,71,0.3852496798975672,0.4187964148527529,1.0563148260116577,-0.056314826011657715
child_spatial,11,odd_even_blocks,1,70,1,268,56,0.5125926549865228,0.5219002695417789,1.0106648206710815,-0.010664820671081543
child_spatial,11,odd_even_blocks,1,71,1,313,66,0.5786406575880261,0.5328794013004539,0.9895275831222534,0.010472416877746582
child_spatial,11,odd_even_blocks,1,72,1,230,49,0.47959183673469385,0.4988161010260458,1.02362859249115,-0.023628592491149902
child_spatial_meanfilter,11,odd_even_blocks,1,0,1,267,53,0.6046111796861224,0.6051842708517017,0.9927244186401367,0.007275581359863281
child_spatial_meanfilter,11,odd_even_blocks,1,1,2,697,141,0.5488736670238278,0.5392749630083167,0.9981263875961304,0.001873612403869629
child_spatial_meanfilter,11,odd_even_blocks,1,2,1,311,68,0.5345557976276931,0.5241769547325104,0.9982949495315552,0.0017050504684448242
child_spatial_meanfilter,11,odd_even_blocks,1,3,1,349,70,0.5261136712749617,0.5121863799283154,0.9992581605911255,0.0007418394088745117
child_spatial_meanfilter,11,odd_even_blocks,1,4,2,688,143,0.5530570347084108,0.5166484891255534,0.998498797416687,0.0015012025833129883
child_spatial_meanfilter,11,odd_even_blocks,1,5,1,351,72,0.5099064117881322,0.49014336917562723,0.9997457265853882,0.0002542734146118164
child_spatial_meanfilter,11,odd_even_blocks,1,6,1,292,58,0.4504862953138815,0.45623342175066317,1.004572868347168,-0.004572868347167969
child_spatial_meanfilter,11,odd_even_blocks,1,8,1,338,70,0.4824893390191898,0.47659914712153517,1.0006704330444336,-0.0006704330444335938
child_spatial_meanfilter,11,odd_even_blocks,1,10,1,347,72,0.48853535353535354,0.4798737373737374,0.9989713430404663,0.0010286569595336914
child_spatial_meanfilter,11,odd_even_blocks,1,11,1,318,67,0.5389784146994113,0.5864601296307308,0.9998321533203125,0.0001678466796875
child_spatial_meanfilter,11,odd_even_blocks,1,12,1,346,70,0.5198757763975155,0.491304347826087,0.9990445375442505,0.0009554624557495117
child_spatial_meanfilter,11,odd_even_blocks,1,13,1,351,72,0.5994623655913979,0.5311379928315412,0.9945495128631592,0.00545048713684082
child_spatial_meanfilter,11,odd_even_blocks,1,14,1,345,73,0.4914635374697824,0.5201702256244964,1.000225305557251,-0.00022530555725097656
child_spatial_meanfilter,11,odd_even_blocks,1,15,1,329,69,0.49345039018952064,0.4752787068004459,1.0003957748413086,-0.00039577484130859375
child_spatial_meanfilter,11,odd_even_blocks,1,16,1,343,71,0.539612676056338,0.5100196768848384,0.9960172176361084,0.0039827823638916016
child_spatial_meanfilter,11,odd_even_blocks,1,17,1,255,50,0.5548780487804879,0.5148780487804878,0.9987123608589172,0.0012876391410827637
child_spatial_meanfilter,11,odd_even_blocks,1,18,1,320,63,0.5189302699030325,0.43088753010932,0.998765230178833,0.0012347698211669922
child_spatial_meanfilter,11,odd_even_blocks,1,19,1,349,71,0.5567180058769886,0.541189583544432,0.9987953901290894,0.0012046098709106445
child_spatial_meanfilter,11,odd_even_blocks,1,20,2,638,138,0.5198623188405798,0.532536231884058,1.0036671161651611,-0.003667116165161133
child_spatial_meanfilter,11,odd_even_blocks,1,21,1,292,61,0.49911290894897453,0.5111773472429211,0.9968370795249939,0.0031629204750061035
child_spatial_meanfilter,11,odd_even_blocks,1,22,2,340,67,0.5173035919304576,0.5058498715215133,0.9988610744476318,0.001138925552368164
child_spatial_meanfilter,11,odd_even_blocks,1,23,1,351,71,0.5563631790744467,0.5125754527162978,0.998347818851471,0.0016521811485290527
child_spatial_meanfilter,11,odd_even_blocks,1,24,2,640,132,0.5287520878072058,0.5085301837270342,1.0004034042358398,-0.00040340423583984375
child_spatial_meanfilter,11,odd_even_blocks,1,25,2,621,129,0.5369792651414886,0.5172527888069578,0.9986453056335449,0.0013546943664550781
child_spatial_meanfilter,11,odd_even_blocks,1,26,1,343,69,0.4974611234528722,0.4791865016396911,1.0019415616989136,-0.0019415616989135742
child_spatial_meanfilter,11,odd_even_blocks,1,27,1,346,70,0.4552277432712215,0.50527950310559,1.001407265663147,-0.0014072656631469727
child_spatial_meanfilter,11,odd_even_blocks,1,30,1,355,74,0.4913436568240839,0.5379917283831874,1.0018370151519775,-0.001837015151977539
child_spatial_meanfilter,11,odd_even_blocks,1,31,2,639,128,0.5003745719178083,0.48224987769080235,1.0000488758087158,-4.887580871582031e-05
child_spatial_meanfilter,11,odd_even_blocks,1,32,1,353,70,0.5787481070166582,0.5241039878849066,0.9978604316711426,0.002139568328857422
child_spatial_meanfilter,11,odd_even_blocks,1,33,1,342,71,0.5545969544202485,0.5551426641026973,0.9973739385604858,0.00262606143951416
child_spatial_meanfilter,11,odd_even_blocks,1,34,1,354,73,0.5958660361721835,0.5663481694535173,0.9967164993286133,0.0032835006713867188
child_spatial_meanfilter,11,odd_even_blocks,1,35,1,337,69,0.5811702357776336,0.5402336145360156,0.996883749961853,0.0031162500381469727
child_spatial_meanfilter,11,odd_even_blocks,1,36,1,312,61,0.5375546992358435,0.5215857879955588,0.9987012147903442,0.0012987852096557617
child_spatial_meanfilter,11,odd_even_blocks,1,37,1,267,59,0.5554514341590613,0.5284387222946545,0.9973523616790771,0.0026476383209228516
child_spatial_meanfilter,11,odd_even_blocks,1,38,2,700,144,0.5634679756195043,0.5417665867306155,0.9981691241264343,0.0018308758735656738
child_spatial_meanfilter,11,odd_even_blocks,1,39,1,354,71,0.5109739710346887,0.517369233066242,0.9997797012329102,0.00022029876708984375
child_spatial_meanfilter,11,odd_even_blocks,1,40,1,239,46,0.5615566569047082,0.5092363144852444,0.9982394576072693,0.0017605423927307129
child_spatial_meanfilter,11,odd_even_blocks,1,41,1,319,64,0.5341605392156863,0.5171875,0.999017596244812,0.0009824037551879883
child_spatial_meanfilter,11,odd_even_blocks,1,42,1,347,67,0.523001066098081,0.4976545842217484,0.9990558624267578,0.0009441375732421875
child_spatial_meanfilter,11,odd_even_blocks,1,43,1,347,69,0.5804921280367011,0.5245282035241372,0.9962666034698486,0.003733396530151367
child_spatial_meanfilter,11,odd_even_blocks,1,44,1,290,60,0.47757246376811596,0.4822463768115942,1.0013805627822876,-0.0013805627822875977
child_spatial_meanfilter,11,odd_even_blocks,1,45,2,686,142,0.5345834196354599,0.5143304681027341,1.0006030797958374,-0.0006030797958374023
child_spatial_meanfilter,11,odd_even_blocks,1,46,1,307,63,0.528168097840229,0.5424473067915692,0.9988371729850769,0.0011628270149230957
child_spatial_meanfilter,11,odd_even_blocks,1,47,1,352,70,0.5182624113475177,0.5116008105369807,1.0007466077804565,-0.000746607780456543
child_spatial_meanfilter,11,odd_even_blocks,1,48,1,280,58,0.4708372165268717,0.473205964585275,1.0018733739852905,-0.0018733739852905273
child_spatial_meanfilter,11,odd_even_blocks,1,49,1,348,67,0.542226589472566,0.560976257502523,0.9986733794212341,0.0013266205787658691
child_spatial_meanfilter,11,odd_even_blocks,1,50,1,250,52,0.5890151515151515,0.5659479409479409,0.9976679086685181,0.0023320913314819336
child_spatial_meanfilter,11,odd_even_blocks,1,51,2,690,140,0.5412337662337663,0.5083116883116883,0.9983527660369873,0.0016472339630126953
child_spatial_meanfilter,11,odd_even_blocks,1,52,1,349,71,0.45503597122302153,0.469703110750836,1.0025206804275513,-0.0025206804275512695
child_spatial_meanfilter,11,odd_even_blocks,1,53,1,347,72,0.45691919191919195,0.4438383838383838,1.005749225616455,-0.005749225616455078
child_spatial_meanfilter,11,odd_even_blocks,1,54,1,352,72,0.489186507936508,0.5180555555555556,1.0012558698654175,-0.0012558698654174805
child_spatial_meanfilter,11,odd_even_blocks,1,56,1,352,72,0.5098462301587301,0.5152777777777777,0.9997624754905701,0.00023752450942993164
child_spatial_meanfilter,11,odd_even_blocks,1,57,1,352,72,0.5540426587301588,0.5164682539682539,0.9985736608505249,0.0014263391494750977
child_spatial_meanfilter,11,odd_even_blocks,1,58,1,335,70,0.5218598382749327,0.5045822102425876,0.9998281002044678,0.00017189979553222656
child_spatial_meanfilter,11,odd_even_blocks,1,59,2,652,137,0.5261285521933243,0.5063071362766636,0.999751091003418,0.00024890899658203125
child_spatial_meanfilter,11,odd_even_blocks,1,61,1,320,65,0.4946907993966818,0.5117647058823529,1.0009629726409912,-0.0009629726409912109
child_spatial_meanfilter,11,odd_even_blocks,1,62,1,318,66,0.5200216450216449,0.48647186147186144,1.0010523796081543,-0.0010523796081542969
child_spatial_meanfilter,11,odd_even_blocks,1,63,1,324,64,0.5001502403846154,0.5080528846153847,1.0029033422470093,-0.0029033422470092773
child_spatial_meanfilter,11,odd_even_blocks,1,64,1,345,70,0.4570909090909091,0.4766233766233766,1.0023972988128662,-0.002397298812866211
child_spatial_meanfilter,11,odd_even_blocks,1,65,1,352,71,0.5133577264297529,0.4922810886672347,1.0004514455795288,-0.0004514455795288086
child_spatial_meanfilter,11,odd_even_blocks,1,66,1,312,66,0.5190625769894062,0.5018477457501848,0.9982169270515442,0.0017830729484558105
child_spatial_meanfilter,11,odd_even_blocks,1,67,1,349,72,0.5211341756919374,0.49084937825912556,0.9995070695877075,0.0004929304122924805
child_spatial_meanfilter,11,odd_even_blocks,1,68,1,236,41,0.4971232020012508,0.5046278924327705,1.0000642538070679,-6.42538070678711e-05
child_spatial_meanfilter,11,odd_even_blocks,1,69,1,346,71,0.4959282970550576,0.5153905249679898,1.0015047788619995,-0.0015047788619995117
child_spatial_meanfilter,11,odd_even_blocks,1,70,1,268,56,0.5389150943396226,0.532345013477089,0.9944877028465271,0.0055122971534729
child_spatial_meanfilter,11,odd_even_blocks,1,71,1,313,66,0.5512820512820513,0.5437062937062938,0.9995828866958618,0.0004171133041381836
child_spatial_meanfilter,11,odd_even_blocks,1,72,1,230,49,0.41859285150524295,0.4481903258540985,1.0059922933578491,-0.005992293357849121
child_spatial,11,early_late_halves,0,0,1,420,78,0.5585170190433348,0.5509446693657221,1.0064992904663086,-0.006499290466308594
child_spatial,11,early_late_halves,0,1,2,955,188,0.5395225942467197,0.5170670476296153,0.997518002986908,0.002481997013092041
child_spatial,11,early_late_halves,0,2,1,390,80,0.5563911290322581,0.5540322580645162,0.9988280534744263,0.0011719465255737305
child_spatial,11,early_late_halves,0,3,1,482,95,0.5316605467156263,0.5323269413844689,1.0051004886627197,-0.0051004886627197266
child_spatial,11,early_late_halves,0,4,2,934,187,0.5272677161408557,0.5125063533993371,1.0089190006256104,-0.008919000625610352
child_spatial,11,early_late_halves,0,5,1,484,96,0.504308956185567,0.5285652920962198,1.0146543979644775,-0.014654397964477539
child_spatial,11,early_late_halves,0,6,1,373,70,0.49064120697784064,0.4415134370579915,1.0255810022354126,-0.025581002235412598
child_spatial,11,early_late_halves,0,8,1,470,94,0.5119963784517881,0.5146276595744681,1.0087307691574097,-0.008730769157409668
child_spatial,11,early_late_halves,0,10,1,486,96,0.6937232905982905,0.5944711538461538,0.933332085609436,0.06666791439056396
child_spatial,11,early_late_halves,0,11,1,407,81,0.5053396955237446,0.5303908202681209,1.0224757194519043,-0.022475719451904297
child_spatial,11,early_late_halves,0,12,1,476,93,0.5675341811954295,0.5539459277351975,0.9981058835983276,0.0018941164016723633
child_spatial,11,early_late_halves,0,13,1,485,96,0.565566088260497,0.544344473007712,0.9945906400680542,0.005409359931945801
child_spatial,11,early_late_halves,0,14,1,477,95,0.4611187655001378,0.4772389087903004,1.0236742496490479,-0.02367424964904785
child_spatial,11,early_late_halves,0,15,1,472,94,0.5209388720027017,0.5186592367443431,1.0042989253997803,-0.0042989253997802734
child_spatial,11,early_late_halves,0,16,1,476,94,0.5536649214659686,0.5350896736103375,0.9920584559440613,0.00794154405593872
child_spatial,11,early_late_halves,0,17,1,319,61,0.5735481001397891,0.5419684839242598,0.9889422655105591,0.011057734489440918
child_spatial,11,early_late_halves,0,18,1,483,95,0.5775366250678242,0.5289473684210526,0.9902802109718323,0.009719789028167725
child_spatial,11,early_late_halves,0,19,1,487,96,0.6180200341005968,0.5856910699062233,0.9679704904556274,0.03202950954437256
child_spatial,11,early_late_halves,0,20,2,848,170,0.4758676036786397,0.4816328301231997,1.0351451635360718,-0.03514516353607178
child_spatial,11,early_late_halves,0,21,1,405,77,0.49326892619575546,0.4862408932530884,1.0472043752670288,-0.04720437526702881
child_spatial,11,early_late_halves,0,22,2,457,83,0.48642162231814956,0.4708137362283358,1.0144448280334473,-0.014444828033447266
child_spatial,11,early_late_halves,0,23,1,480,96,0.5987277560763888,0.578125,0.9800184965133667,0.0199815034866333
child_spatial,11,early_late_halves,0,24,2,959,189,0.5475228475228475,0.5328042328042328,0.9962964653968811,0.0037035346031188965
child_spatial,11,early_late_halves,0,25,2,850,166,0.5973675403367857,0.5876664552948636,0.9840579032897949,0.015942096710205078
child_spatial,11,early_late_halves,0,26,1,466,94,0.49070578814916493,0.46545412948981923,1.026116132736206,-0.026116132736206055
child_spatial,11,early_late_halves,0,27,1,483,95,0.5347124253933804,0.5084237655995659,1.0075684785842896,-0.007568478584289551
child_spatial,11,early_late_halves,0,28,1,263,51,0.5110525342212356,0.5351923788383278,1.0266368389129639,-0.026636838912963867
child_spatial,11,early_late_halves,0,30,1,479,93,0.6117053874867681,0.5727617137444982,0.9783333539962769,0.021666646003723145
child_spatial,11,early_late_halves,0,31,2,828,162,0.568981018055092,0.5503003003003003,0.9959222078323364,0.004077792167663574
child_spatial,11,early_late_halves,0,32,1,487,96,0.6491634697357204,0.5923380221653879,0.9556430578231812,0.04435694217681885
child_spatial,11,early_late_halves,0,33,1,468,92,0.49015668362627196,0.49629972247918597,1.0262960195541382,-0.026296019554138184
child_spatial,11,early_late_halves,0,34,1,486,96,0.5868456196581198,0.5662660256410257,0.9867665767669678,0.013233423233032227
child_spatial,11,early_late_halves,0,35,1,476,95,0.537546622461666,0.5203066721922918,0.9967392683029175,0.0032607316970825195
child_spatial,11,early_late_halves,0,36,1,413,80,0.5531719219219219,0.5555367867867868,1.0428317785263062,-0.04283177852630615
child_spatial,11,early_late_halves,0,37,1,341,70,0.46792303637322086,0.48574064312071696,1.0399556159973145,-0.03995561599731445
child_spatial,11,early_late_halves,0,38,2,964,191,0.6631740075723197,0.6223694994005812,0.9490103125572205,0.05098968744277954
child_spatial,11,early_late_halves,0,39,1,484,95,0.5190096062779055,0.5111757542957651,1.003679633140564,-0.003679633140563965
child_spatial,11,early_late_halves,0,40,1,366,69,0.49082613575367195,0.4756258234519104,1.0093328952789307,-0.009332895278930664
child_spatial,11,early_late_halves,0,41,1,481,95,0.5214616853013363,0.5231933460594491,1.0071529150009155,-0.007152915000915527
child_spatial,11,early_late_halves,0,42,1,472,94,0.490656309805246,0.4879826635145784,1.013737678527832,-0.013737678527832031
child_spatial,11,early_late_halves,0,43,1,473,90,0.5985204525674499,0.5783144763562518,0.9919862747192383,0.008013725280761719
child_spatial,11,early_late_halves,0,44,1,406,84,0.5627587991718427,0.5235507246376812,0.9947687387466431,0.005231261253356934
child_spatial,11,early_late_halves,0,45,2,935,186,0.5062556526982213,0.5087966751367414,1.0151351690292358,-0.01513516902923584
child_spatial,11,early_late_halves,0,46,1,414,84,0.5224747474747475,0.44999999999999996,1.0023338794708252,-0.0023338794708251953
child_spatial,11,early_late_halves,0,47,1,486,96,0.5856303418803418,0.582051282051282,0.9845788478851318,0.015421152114868164
child_spatial,11,early_late_halves,0,48,1,331,64,0.5322448501872659,0.48964185393258425,1.0137709379196167,-0.0137709379196167
child_spatial,11,early_late_halves,0,49,1,486,95,0.5265311616637502,0.5328846412706959,1.0043236017227173,-0.004323601722717285
child_spatial,11,early_late_halves,0,50,1,442,85,0.5505025539627615,0.5173669467787114,0.9912000894546509,0.008799910545349121
child_spatial,11,early_late_halves,0,51,2,971,191,0.5220868572962813,0.503765606121627,0.9993563890457153,0.000643610954284668
child_spatial,11,early_late_halves,0,52,1,485,96,0.4697407883461868,0.4615467009425879,1.016690731048584,-0.016690731048583984
child_spatial,11,early_late_halves,0,53,1,468,94,0.5827596996245308,0.5828308112413244,0.9993041753768921,0.0006958246231079102
child_spatial,11,early_late_halves,0,54,1,474,92,0.5349277259276121,0.5259788299567494,1.0085077285766602,-0.008507728576660156
child_spatial,11,early_late_halves,0,55,1,301,62,0.487852611688487,0.48103657713591574,1.0127681493759155,-0.012768149375915527
child_spatial,11,early_late_halves,0,56,1,487,96,0.4932731244671782,0.5226316069906224,1.0169086456298828,-0.016908645629882812
child_spatial,11,early_late_halves,0,57,1,485,96,0.5112200085689803,0.5054493359040274,1.0052399635314941,-0.005239963531494141
child_spatial,11,early_late_halves,0,58,1,464,91,0.47286627581533747,0.47917096308517226,1.043825626373291,-0.043825626373291016
child_spatial,11,early_late_halves,0,59,2,864,171,0.5830443111144866,0.5672894357104883,0.9966088533401489,0.0033911466598510742
child_spatial,11,early_late_halves,0,60,1,288,41,0.47230176755208847,0.48227510615187125,1.0327568054199219,-0.032756805419921875
child_spatial,11,early_late_halves,0,61,1,439,87,0.5458137408568443,0.5270212904911181,0.9997318983078003,0.00026810169219970703
child_spatial,11,early_late_halves,0,62,1,439,91,0.6168687634204875,0.5783914361500568,0.9704693555831909,0.029530644416809082
child_spatial,11,early_late_halves,0,63,1,453,90,0.46183042546678915,0.47405876951331494,1.0387675762176514,-0.03876757621765137
child_spatial,11,early_late_halves,0,64,1,481,96,0.6359713203463203,0.5876893939393939,0.9654573202133179,0.03454267978668213
child_spatial,11,early_late_halves,0,65,1,481,95,0.5961685301336243,0.5487728388328333,0.9891966581344604,0.01080334186553955
child_spatial,11,early_late_halves,0,66,1,409,81,0.5889792231255646,0.5831074977416442,0.9857858419418335,0.014214158058166504
child_spatial,11,early_late_halves,0,67,1,484,96,0.5286324097938144,0.5231958762886597,1.0031577348709106,-0.0031577348709106445
child_spatial,11,early_late_halves,0,68,1,372,71,0.6172383136025454,0.5753123391511863,0.9749337434768677,0.025066256523132324
child_spatial,11,early_late_halves,0,69,1,477,93,0.5238575268817205,0.47824260752688175,1.0007537603378296,-0.0007537603378295898
child_spatial,11,early_late_halves,0,70,1,385,79,0.47640026474724906,0.49112683047902705,1.0284206867218018,-0.028420686721801758
child_spatial,11,early_late_halves,0,71,1,444,87,0.5411957886602917,0.5519173186515985,1.000864863395691,-0.000864863395690918
child_spatial,11,early_late_halves,0,72,1,343,72,0.5293921689216893,0.5571443214432144,1.0157103538513184,-0.01571035385131836
child_spatial_meanfilter,11,early_late_halves,0,0,1,420,78,0.5947855750487329,0.5623031938821412,0.9889240264892578,0.011075973510742188
child_spatial_meanfilter,11,early_late_halves,0,1,2,955,188,0.5419290410274904,0.5136515576021525,0.9955869317054749,0.0044130682945251465
child_spatial_meanfilter,11,early_late_halves,0,2,1,390,80,0.5843951612903227,0.5389112903225807,0.9862927198410034,0.013707280158996582
child_spatial_meanfilter,11,early_late_halves,0,3,1,482,95,0.5818713450292398,0.5360125118999048,0.9904924631118774,0.009507536888122559
child_spatial_meanfilter,11,early_late_halves,0,4,2,934,187,0.5351208756595007,0.5285204991087344,0.9987944960594177,0.0012055039405822754
child_spatial_meanfilter,11,early_late_halves,0,5,1,484,96,0.5632382946735396,0.552942439862543,0.9930081367492676,0.006991863250732422
child_spatial_meanfilter,11,early_late_halves,0,6,1,373,70,0.4851956624233852,0.4739038189533239,1.006101131439209,-0.006101131439208984
child_spatial_meanfilter,11,early_late_halves,0,8,1,470,94,0.5673098687188773,0.5452127659574468,0.9914153814315796,0.00858461856842041
child_spatial_meanfilter,11,early_late_halves,0,10,1,486,96,0.6288060897435898,0.5896634615384615,0.9852761030197144,0.014723896980285645
child_spatial_meanfilter,11,early_late_halves,0,11,1,407,81,0.5751344391426192,0.5813830190108309,0.9947283267974854,0.0052716732025146484
child_spatial_meanfilter,11,early_late_halves,0,12,1,476,93,0.6089867767202898,0.5722226901372862,0.9890606999397278,0.010939300060272217
child_spatial_meanfilter,11,early_late_halves,0,13,1,485,96,0.6087055484147387,0.5546941945158526,0.9832886457443237,0.01671135425567627
child_spatial_meanfilter,11,early_late_halves,0,14,1,477,95,0.4753100027555801,0.48662165885918984,1.007723093032837,-0.007723093032836914
child_spatial_meanfilter,11,early_late_halves,0,15,1,472,94,0.5239924575030958,0.5209670156478667,1.000288963317871,-0.00028896331787109375
child_spatial_meanfilter,11,early_late_halves,0,16,1,476,94,0.5273755152055253,0.4996658126322825,0.9986051321029663,0.0013948678970336914
child_spatial_meanfilter,11,early_late_halves,0,17,1,319,61,0.4392553056296861,0.41453806074469435,1.0114803314208984,-0.011480331420898438
child_spatial_meanfilter,11,early_late_halves,0,18,1,483,95,0.5604313619099295,0.5418339663591969,0.9920694828033447,0.007930517196655273
child_spatial_meanfilter,11,early_late_halves,0,19,1,487,96,0.6262254901960784,0.6058716965046889,0.9797728061676025,0.02022719383239746
child_spatial_meanfilter,11,early_late_halves,0,20,2,848,170,0.5155951761235468,0.5081815026895714,1.0043244361877441,-0.004324436187744141
child_spatial_meanfilter,11,early_late_halves,0,21,1,405,77,0.5636086474501109,0.5060579664238201,0.992996335029602,0.007003664970397949
child_spatial_meanfilter,11,early_late_halves,0,22,2,457,83,0.5048804845048643,0.49961342696991173,1.001502275466919,-0.0015022754669189453
child_spatial_meanfilter,11,early_late_halves,0,23,1,480,96,0.5906711154513888,0.5677083333333333,0.9854745864868164,0.014525413513183594
child_spatial_meanfilter,11,early_late_halves,0,24,2,959,189,0.5164673950388237,0.5182780182780182,0.9997601509094238,0.00023984909057617188
child_spatial_meanfilter,11,early_late_halves,0,25,2,850,166,0.6117584372578032,0.5657366307334601,0.9863790273666382,0.013620972633361816
child_spatial_meanfilter,11,early_late_halves,0,26,1,466,94,0.4758922443376802,0.4928506062685884,1.0061848163604736,-0.006184816360473633
child_spatial_meanfilter,11,early_late_halves,0,27,1,483,95,0.5061448724905047,0.500366250678242,1.002402663230896,-0.002402663230895996
child_spatial_meanfilter,11,early_late_halves,0,28,1,263,51,0.49477432482426936,0.5387994820569737,1.0062077045440674,-0.006207704544067383
child_spatial_meanfilter,11,early_late_halves,0,30,1,479,93,0.5878182628558692,0.5601983397403755,0.9887738227844238,0.011226177215576172
child_spatial_meanfilter,11,early_late_halves,0,31,2,828,162,0.5495495495495495,0.5344511177844511,0.9948816895484924,0.005118310451507568
child_spatial_meanfilter,11,early_late_halves,0,32,1,487,96,0.6547181372549019,0.6040334612105712,0.9761727452278137,0.02382725477218628
child_spatial_meanfilter,11,early_late_halves,0,33,1,468,92,0.5557498843663276,0.5487395929694727,0.9953773021697998,0.004622697830200195
child_spatial_meanfilter,11,early_late_halves,0,34,1,486,96,0.6111778846153846,0.5699519230769231,0.9865199327468872,0.013480067253112793
child_spatial_meanfilter,11,early_late_halves,0,35,1,476,95,0.5717087995579501,0.5412487912695123,0.9909234046936035,0.009076595306396484
child_spatial_meanfilter,11,early_late_halves,0,36,1,413,80,0.5025337837837838,0.4988363363363364,1.0072057247161865,-0.0072057247161865234
child_spatial_meanfilter,11,early_late_halves,0,37,1,341,70,0.44496573537163947,0.46918819188191885,1.008742094039917,-0.008742094039916992
child_spatial_meanfilter,11,early_late_halves,0,38,2,964,191,0.6704144456560759,0.6287700737589997,0.973786473274231,0.026213526725769043
child_spatial_meanfilter,11,early_late_halves,0,39,1,484,95,0.5182925179272088,0.535164389121905,1.0038679838180542,-0.0038679838180541992
child_spatial_meanfilter,11,early_late_halves,0,40,1,366,69,0.5602156834040892,0.5002927829014786,0.9939749240875244,0.006025075912475586
child_spatial_meanfilter,11,early_late_halves,0,41,1,481,95,0.43948731933460594,0.4659530951731661,1.0192828178405762,-0.019282817840576172
child_spatial_meanfilter,11,early_late_halves,0,42,1,472,94,0.48554823820781273,0.49580659687042666,1.0076426267623901,-0.007642626762390137
child_spatial_meanfilter,11,early_late_halves,0,43,1,473,90,0.5645198723527705,0.5551203945459819,0.9988219738006592,0.0011780261993408203
child_spatial_meanfilter,11,early_late_halves,0,44,1,406,84,0.5181344276841171,0.5362318840579711,1.0025489330291748,-0.0025489330291748047
child_spatial_meanfilter,11,early_late_halves,0,45,2,935,186,0.5588383077077681,0.5363100621617354,0.9937846660614014,0.006215333938598633
child_spatial_meanfilter,11,early_late_halves,0,46,1,414,84,0.525974025974026,0.4890692640692641,0.9972403645515442,0.0027596354484558105
child_spatial_meanfilter,11,early_late_halves,0,47,1,486,96,0.4784321581196581,0.4987980769230769,1.0110931396484375,-0.0110931396484375
child_spatial_meanfilter,11,early_late_halves,0,48,1,331,64,0.5330348782771536,0.4815074906367041,0.9954409003257751,0.0045590996742248535
child_spatial_meanfilter,11,early_late_halves,0,49,1,486,95,0.5638713151164356,0.5427648404899716,0.991754949092865,0.00824505090713501
child_spatial_meanfilter,11,early_late_halves,0,50,1,442,85,0.5590377327401549,0.5366946778711484,0.9914288520812988,0.008571147918701172
child_spatial_meanfilter,11,early_late_halves,0,51,2,971,191,0.5405624916096121,0.5397133843468922,0.996902346611023,0.0030976533889770508
child_spatial_meanfilter,11,early_late_halves,0,52,1,485,96,0.4837055484147387,0.4923280848329049,1.0060584545135498,-0.006058454513549805
child_spatial_meanfilter,11,early_late_halves,0,53,1,468,94,0.5776681078621003,0.5708271703265445,0.9913781881332397,0.008621811866760254
child_spatial_meanfilter,11,early_late_halves,0,54,1,474,92,0.4584708627361712,0.46258251764170266,1.0152060985565186,-0.015206098556518555
child_spatial_meanfilter,11,early_late_halves,0,55,1,301,62,0.44550546632474025,0.44580915103252805,1.0077009201049805,-0.007700920104980469
child_spatial_meanfilter,11,early_late_halves,0,56,1,487,96,0.4906489769820972,0.49421888320545615,1.0074917078018188,-0.007491707801818848
child_spatial_meanfilter,11,early_late_halves,0,57,1,485,96,0.5393637532133676,0.5323077335047129,0.9971804618835449,0.002819538116455078
child_spatial_meanfilter,11,early_late_halves,0,58,1,464,91,0.5187078337212385,0.5341307486079604,1.0011035203933716,-0.001103520393371582
child_spatial_meanfilter,11,early_late_halves,0,59,2,864,171,0.5533826147861236,0.525822131085289,0.9948689937591553,0.0051310062408447266
child_spatial_meanfilter,11,early_late_halves,0,60,1,288,41,0.4593660511503901,0.5113557815740101,1.0135695934295654,-0.01356959342956543
child_spatial_meanfilter,11,early_late_halves,0,61,1,439,87,0.5263355538140021,0.521208855799373,1.0008621215820312,-0.00086212158203125
child_spatial_meanfilter,11,early_late_halves,0,62,1,439,91,0.5617973980042945,0.5373089554124038,0.9966591596603394,0.0033408403396606445
child_spatial_meanfilter,11,early_late_halves,0,63,1,453,90,0.490771349862259,0.524058769513315,1.007717490196228,-0.007717490196228027
child_spatial_meanfilter,11,early_late_halves,0,64,1,481,96,0.6637310606060606,0.6149891774891775,0.9704744815826416,0.0295255184173584
child_spatial_meanfilter,11,early_late_halves,0,65,1,481,95,0.6020589037360241,0.5904690482683392,0.9853907823562622,0.014609217643737793
child_spatial_meanfilter,11,early_late_halves,0,66,1,409,81,0.5875112917795845,0.5684846431797651,0.9877936840057373,0.012206315994262695
child_spatial_meanfilter,11,early_late_halves,0,67,1,484,96,0.47668331185567014,0.4686426116838488,1.005576252937317,-0.0055762529373168945
child_spatial_meanfilter,11,early_late_halves,0,68,1,372,71,0.6264564128959805,0.5951757053951616,0.9839377403259277,0.016062259674072266
child_spatial_meanfilter,11,early_late_halves,0,69,1,477,93,0.5090445788530467,0.5060483870967742,1.002739667892456,-0.0027396678924560547
child_spatial_meanfilter,11,early_late_halves,0,70,1,385,79,0.5270952262761646,0.5037850583271283,0.9959826469421387,0.004017353057861328
child_spatial_meanfilter,11,early_late_halves,0,71,1,444,87,0.49009948807109044,0.5060851926977687,1.0067741870880127,-0.006774187088012695
child_spatial_meanfilter,11,early_late_halves,0,72,1,343,72,0.5310834358343584,0.5085332103321033,0.9983248710632324,0.0016751289367675781
child_spatial,11,early_late_halves,1,0,1,426,86,0.47397400820793434,0.49445964432284545,1.0086256265640259,-0.008625626564025879
child_spatial,11,early_late_halves,1,1,2,963,194,0.45555548107731286,0.4631768396498331,1.010091781616211,-0.010091781616210938
child_spatial,11,early_late_halves,1,2,1,432,87,0.5061469265367317,0.5005497251374313,1.0106761455535889,-0.010676145553588867
child_spatial,11,early_late_halves,1,3,1,483,97,0.5443352385022167,0.5324234816516211,0.9965360760688782,0.003463923931121826
child_spatial,11,early_late_halves,1,4,2,948,192,0.4944506448412699,0.5201719576719577,1.006995439529419,-0.006995439529418945
child_spatial,11,early_late_halves,1,5,1,484,98,0.5128740615417151,0.5103626943005182,1.0025887489318848,-0.0025887489318847656
child_spatial,11,early_late_halves,1,6,1,373,79,0.544755877034358,0.5602342202703867,1.0087456703186035,-0.008745670318603516
child_spatial,11,early_late_halves,1,8,1,469,95,0.5477343090346187,0.5535885167464115,0.9987428188323975,0.001257181167602539
child_spatial,11,early_late_halves,1,10,1,478,96,0.5852966841186736,0.5824061954624782,0.9894680976867676,0.010531902313232422
child_spatial,11,early_late_halves,1,11,1,458,95,0.5185587936784108,0.5287516311439757,1.0030410289764404,-0.0030410289764404297
child_spatial,11,early_late_halves,1,12,1,478,95,0.5892950391644909,0.5875360725573726,0.9904636144638062,0.009536385536193848
child_spatial,11,early_late_halves,1,13,1,482,98,0.5512595663265306,0.5349702380952381,0.992598831653595,0.007401168346405029
child_spatial,11,early_late_halves,1,14,1,483,98,0.52847866419295,0.5317254174397031,1.0027661323547363,-0.002766132354736328
child_spatial,11,early_late_halves,1,15,1,433,85,0.5348208248816768,0.5363928329952671,0.9948891401290894,0.0051108598709106445
child_spatial,11,early_late_halves,1,16,1,475,94,0.504816552186296,0.5043837605405708,1.0034418106079102,-0.0034418106079101562
child_spatial,11,early_late_halves,1,17,1,408,80,0.541749237804878,0.5271341463414634,0.999174952507019,0.000825047492980957
child_spatial,11,early_late_halves,1,18,1,425,84,0.49821952241307077,0.4899455383326351,1.0078346729278564,-0.007834672927856445
child_spatial,11,early_late_halves,1,19,1,480,98,0.5027647184528261,0.5088150443423443,1.0054630041122437,-0.005463004112243652
child_spatial,11,early_late_halves,1,20,2,916,184,0.5609742516037064,0.5383404609170824,0.9936114549636841,0.006388545036315918
child_spatial,11,early_late_halves,1,21,1,446,92,0.518208056988455,0.5172869073937607,1.013602614402771,-0.013602614402770996
child_spatial,11,early_late_halves,1,22,2,509,101,0.5273733255678509,0.5234541836536595,0.9989347457885742,0.0010652542114257812
child_spatial,11,early_late_halves,1,23,1,482,98,0.6052561649659864,0.5459449404761905,0.9803297519683838,0.01967024803161621
child_spatial,11,early_late_halves,1,24,2,819,165,0.46992864424057085,0.4829024186822352,1.0081322193145752,-0.008132219314575195
child_spatial,11,early_late_halves,1,25,2,879,179,0.503583399840383,0.4988587390263368,1.0020544528961182,-0.002054452896118164
child_spatial,11,early_late_halves,1,26,1,475,97,0.4985545191730758,0.5186821578574156,1.0108997821807861,-0.010899782180786133
child_spatial,11,early_late_halves,1,27,1,481,98,0.6025736665423349,0.5752784142377578,0.9857810735702515,0.014218926429748535
child_spatial,11,early_late_halves,1,28,1,248,51,0.584104707872997,0.5421518861351647,0.989257276058197,0.010742723941802979
child_spatial,11,early_late_halves,1,30,1,483,98,0.5302146832759077,0.5233766233766234,0.9941897988319397,0.005810201168060303
child_spatial,11,early_late_halves,1,31,2,896,182,0.5578154338658541,0.5478345184227538,0.9972784519195557,0.002721548080444336
child_spatial,11,early_late_halves,1,32,1,486,98,0.5938749211024617,0.5754523458868084,0.9878835678100586,0.012116432189941406
child_spatial,11,early_late_halves,1,33,1,475,95,0.4849861495844876,0.4855263157894737,1.0223499536514282,-0.022349953651428223
child_spatial,11,early_late_halves,1,34,1,486,98,0.45901272880286137,0.4613139070061014,1.0190114974975586,-0.019011497497558594
child_spatial,11,early_late_halves,1,35,1,466,94,0.4601349805536491,0.4506691832532601,1.0159807205200195,-0.01598072052001953
child_spatial,11,early_late_halves,1,36,1,445,88,0.5206105169340464,0.5030239368474663,1.000510573387146,-0.0005105733871459961
child_spatial,11,early_late_halves,1,37,1,378,82,0.5576590309822017,0.5340721819380356,0.9924947023391724,0.007505297660827637
child_spatial,11,early_late_halves,1,38,2,963,195,0.5797943376068375,0.5498898237179487,0.9913485050201416,0.008651494979858398
child_spatial,11,early_late_halves,1,39,1,483,96,0.46858850129198965,0.4679828811369509,1.0102088451385498,-0.010208845138549805
child_spatial,11,early_late_halves,1,40,1,394,81,0.453713564469688,0.4849327495759871,1.0069856643676758,-0.006985664367675781
child_spatial,11,early_late_halves,1,41,1,483,97,0.514943112013247,0.5013888147000695,1.0014265775680542,-0.0014265775680541992
child_spatial,11,early_late_halves,1,42,1,482,95,0.533469332245342,0.5317013463892288,0.998850405216217,0.001149594783782959
child_spatial,11,early_late_halves,1,43,1,477,96,0.5019685039370079,0.4801099081364829,1.0096756219863892,-0.00967562198638916
child_spatial,11,early_late_halves,1,44,1,417,86,0.547056137146069,0.5453523501721351,0.9979868531227112,0.0020131468772888184
child_spatial,11,early_late_halves,1,45,2,955,194,0.4872759662408388,0.4923425498191473,1.0069079399108887,-0.006907939910888672
child_spatial,11,early_late_halves,1,46,1,426,88,0.5089934104357181,0.5179868208714362,1.0020599365234375,-0.0020599365234375
child_spatial,11,early_late_halves,1,47,1,486,98,0.5721123500946771,0.5457605722701452,0.9900158643722534,0.009984135627746582
child_spatial,11,early_late_halves,1,48,1,408,85,0.5489346202877435,0.5501547987616099,0.9976676106452942,0.0023323893547058105
child_spatial,11,early_late_halves,1,49,1,481,95,0.5198663757840196,0.5028633760567222,0.9992995858192444,0.0007004141807556152
child_spatial,11,early_late_halves,1,50,1,293,64,0.5567003275109171,0.5632505458515285,0.9950592517852783,0.00494074821472168
child_spatial,11,early_late_halves,1,51,2,965,194,0.5144610694372017,0.493869255351866,1.0008418560028076,-0.0008418560028076172
child_spatial,11,early_late_halves,1,52,1,479,96,0.501577458659704,0.4916095517841601,1.0061845779418945,-0.006184577941894531
child_spatial,11,early_late_halves,1,53,1,483,97,0.539981838576999,0.5205250787885263,0.9956930875778198,0.004306912422180176
child_spatial,11,early_late_halves,1,54,1,484,98,0.5793195516548588,0.5510997144971979,0.9862939119338989,0.013706088066101074
child_spatial,11,early_late_halves,1,55,1,337,65,0.5222002262443439,0.51875,0.9989223480224609,0.0010776519775390625
child_spatial,11,early_late_halves,1,56,1,482,98,0.5709103954081632,0.5621811224489797,0.9892382621765137,0.010761737823486328
child_spatial,11,early_late_halves,1,57,1,486,98,0.4861929307805597,0.48892804544498214,1.0185543298721313,-0.018554329872131348
child_spatial,11,early_late_halves,1,58,1,479,98,0.5666747013766136,0.5583721677647437,0.9928279519081116,0.007172048091888428
child_spatial,11,early_late_halves,1,59,2,927,191,0.481351724334168,0.48874630093330296,1.005757212638855,-0.0057572126388549805
child_spatial,11,early_late_halves,1,60,1,287,44,0.47311073699962586,0.4783950617283951,1.009397268295288,-0.009397268295288086
child_spatial,11,early_late_halves,1,61,1,467,94,0.4870942901146541,0.49245622040956016,1.0053927898406982,-0.005392789840698242
child_spatial,11,early_late_halves,1,62,1,457,93,0.5009600614439325,0.5042538107054236,1.0021295547485352,-0.0021295547485351562
child_spatial,11,early_late_halves,1,63,1,464,91,0.5450166455528386,0.553413074860796,1.001125693321228,-0.0011256933212280273
child_spatial,11,early_late_halves,1,64,1,479,96,0.5870322019147084,0.5541911444734552,0.9886002540588379,0.01139974594116211
child_spatial,11,early_late_halves,1,65,1,477,96,0.5335055774278215,0.531373031496063,1.0008336305618286,-0.0008336305618286133
child_spatial,11,early_late_halves,1,66,1,446,93,0.4435103110055134,0.47922568460812087,1.0195099115371704,-0.01950991153717041
child_spatial,11,early_late_halves,1,67,1,485,98,0.5348969044982335,0.5180087538891526,0.9973886013031006,0.002611398696899414
child_spatial,11,early_late_halves,1,68,1,326,66,0.43006993006993005,0.45693473193473194,1.0192993879318237,-0.01929938793182373
child_spatial,11,early_late_halves,1,69,1,465,95,0.4857325746799432,0.48627311522048366,1.0068552494049072,-0.0068552494049072266
child_spatial,11,early_late_halves,1,70,1,384,78,0.5475951064186358,0.5301659125188537,1.0055134296417236,-0.005513429641723633
child_spatial,11,early_late_halves,1,71,1,480,97,0.551344512933703,0.5196360797825093,0.9963730573654175,0.0036269426345825195
child_spatial,11,early_late_halves,1,72,1,341,70,0.45018450184501846,0.4363995782814971,1.0140621662139893,-0.014062166213989258
child_spatial_meanfilter,11,early_late_halves,1,0,1,426,86,0.5324042407660738,0.510328317373461,0.9988600611686707,0.0011399388313293457
child_spatial_meanfilter,11,early_late_halves,1,1,2,963,194,0.5005731100773531,0.5152460686659606,1.0004358291625977,-0.00043582916259765625
child_spatial_meanfilter,11,early_late_halves,1,2,1,432,87,0.5425787106446777,0.5280359820089955,0.9989991188049316,0.0010008811950683594
child_spatial_meanfilter,11,early_late_halves,1,3,1,483,97,0.5480610010149031,0.5408899097270445,0.9985344409942627,0.0014655590057373047
child_spatial_meanfilter,11,early_late_halves,1,4,2,948,192,0.5653349592151675,0.5016121031746031,0.9980522394180298,0.0019477605819702148
child_spatial_meanfilter,11,early_late_halves,1,5,1,484,98,0.4720577350111029,0.49288886539071586,1.0010771751403809,-0.0010771751403808594
child_spatial_meanfilter,11,early_late_halves,1,6,1,373,79,0.4547705158012572,0.4839188840092999,1.0052039623260498,-0.005203962326049805
child_spatial_meanfilter,11,early_late_halves,1,8,1,469,95,0.5147481001970167,0.48328173374613004,0.9993891716003418,0.0006108283996582031
child_spatial_meanfilter,11,early_late_halves,1,10,1,478,96,0.5586142015706806,0.5359947643979057,0.997538685798645,0.0024613142013549805
child_spatial_meanfilter,11,early_late_halves,1,11,1,458,95,0.5168189067710598,0.5276352037117588,0.9985617399215698,0.0014382600784301758
child_spatial_meanfilter,11,early_late_halves,1,12,1,478,95,0.49387110072832213,0.49661948605194445,1.0001283884048462,-0.0001283884048461914
child_spatial_meanfilter,11,early_late_halves,1,13,1,482,98,0.5608126062925171,0.5411617772108843,1.000349521636963,-0.0003495216369628906
child_spatial_meanfilter,11,early_late_halves,1,14,1,483,98,0.5011529287039491,0.5114100185528757,0.999948263168335,5.173683166503906e-05
child_spatial_meanfilter,11,early_late_halves,1,15,1,433,85,0.5093813387423936,0.4941683569979716,1.000051498413086,-5.14984130859375e-05
child_spatial_meanfilter,11,early_late_halves,1,16,1,475,94,0.523747696431563,0.493242865918356,0.9990065693855286,0.0009934306144714355
child_spatial_meanfilter,11,early_late_halves,1,17,1,408,80,0.4905106707317073,0.5016768292682927,1.0002660751342773,-0.00026607513427734375
child_spatial_meanfilter,11,early_late_halves,1,18,1,425,84,0.4899979053204859,0.49286063398966623,1.0005007982254028,-0.000500798225402832
child_spatial_meanfilter,11,early_late_halves,1,19,1,480,98,0.5389998931509776,0.5181643337963457,0.9991544485092163,0.0008455514907836914
child_spatial_meanfilter,11,early_late_halves,1,20,2,916,184,0.5453158410548824,0.5233428367783322,0.9981149435043335,0.001885056495666504
child_spatial_meanfilter,11,early_late_halves,1,21,1,446,92,0.4969602063375092,0.5074306067305331,1.0003012418746948,-0.0003012418746948242
child_spatial_meanfilter,11,early_late_halves,1,22,2,509,101,0.4831100757134537,0.48494224422442245,1.0009198188781738,-0.0009198188781738281
child_spatial_meanfilter,11,early_late_halves,1,23,1,482,98,0.5598692602040817,0.5316220238095238,0.9982041716575623,0.0017958283424377441
child_spatial_meanfilter,11,early_late_halves,1,24,2,819,165,0.4676860346585117,0.482054489852655,1.0013842582702637,-0.0013842582702636719
child_spatial_meanfilter,11,early_late_halves,1,25,2,879,179,0.5252274541101356,0.512561851556265,0.9989925622940063,0.0010074377059936523
child_spatial_meanfilter,11,early_late_halves,1,26,1,475,97,0.48306332842415317,0.49029073255877376,1.0003468990325928,-0.00034689903259277344
child_spatial_meanfilter,11,early_late_halves,1,27,1,481,98,0.5279213513081473,0.4947647466297224,0.9993172883987427,0.0006827116012573242
child_spatial_meanfilter,11,early_late_halves,1,28,1,248,51,0.4878073056633821,0.48382601771673134,1.001100778579712,-0.001100778579711914
child_spatial_meanfilter,11,early_late_halves,1,30,1,483,98,0.5060694407633183,0.5095547309833024,0.9996631145477295,0.0003368854522705078
child_spatial_meanfilter,11,early_late_halves,1,31,2,896,182,0.5224012681995875,0.5321590174531351,0.9991553425788879,0.0008446574211120605
child_spatial_meanfilter,11,early_late_halves,1,32,1,486,98,0.5539001683147486,0.5225120976225541,0.9988420009613037,0.001157999038696289
child_spatial_meanfilter,11,early_late_halves,1,33,1,475,95,0.5201246537396123,0.5171052631578947,0.9993470907211304,0.0006529092788696289
child_spatial_meanfilter,11,early_late_halves,1,34,1,486,98,0.5678387334315169,0.5287450031559016,0.9973641633987427,0.0026358366012573242
child_spatial_meanfilter,11,early_late_halves,1,35,1,466,94,0.5250228780599405,0.4938229238160604,0.9998272061347961,0.00017279386520385742
child_spatial_meanfilter,11,early_late_halves,1,36,1,445,88,0.501098166539343,0.5123981410746117,0.9981704950332642,0.0018295049667358398
child_spatial_meanfilter,11,early_late_halves,1,37,1,378,82,0.4314436387607119,0.4771753460777851,1.0028510093688965,-0.0028510093688964844
child_spatial_meanfilter,11,early_late_halves,1,38,2,963,195,0.5619123931623933,0.5245192307692308,0.9979653358459473,0.0020346641540527344
child_spatial_meanfilter,11,early_late_halves,1,39,1,483,96,0.48880275624461667,0.49656815245478036,1.0003635883331299,-0.0003635883331298828
child_spatial_meanfilter,11,early_late_halves,1,40,1,394,81,0.46035972074310727,0.47335621031041686,1.0013883113861084,-0.0013883113861083984
child_spatial_meanfilter,11,early_late_halves,1,41,1,483,97,0.5185887506009295,0.5036456385876823,0.9999598264694214,4.017353057861328e-05
child_spatial_meanfilter,11,early_late_halves,1,42,1,482,95,0.5236638106895145,0.4944920440636475,0.999576985836029,0.00042301416397094727
child_spatial_meanfilter,11,early_late_halves,1,43,1,477,96,0.5013670166229222,0.5070538057742782,1.0007866621017456,-0.0007866621017456055
child_spatial_meanfilter,11,early_late_halves,1,44,1,417,86,0.504496592426052,0.525275767582379,1.0001814365386963,-0.00018143653869628906
child_spatial_meanfilter,11,early_late_halves,1,45,2,955,194,0.5162428708834008,0.5043892328325453,1.0002583265304565,-0.00025832653045654297
child_spatial_meanfilter,11,early_late_halves,1,46,1,426,88,0.4964866863905325,0.5018491124260356,1.000110149383545,-0.00011014938354492188
child_spatial_meanfilter,11,early_late_halves,1,47,1,486,98,0.5204739112139701,0.5007626762045024,0.9997839331626892,0.00021606683731079102
child_spatial_meanfilter,11,early_late_halves,1,48,1,408,85,0.549353487525041,0.538390092879257,0.9985564351081848,0.0014435648918151855
child_spatial_meanfilter,11,early_late_halves,1,49,1,481,95,0.471543496045814,0.5051131715298609,1.0008653402328491,-0.0008653402328491211
child_spatial_meanfilter,11,early_late_halves,1,50,1,293,64,0.5443845524017468,0.5113605349344978,0.9993585348129272,0.0006414651870727539
child_spatial_meanfilter,11,early_late_halves,1,51,2,965,194,0.5283170871942984,0.5145479829382111,0.9991848468780518,0.0008151531219482422
child_spatial_meanfilter,11,early_late_halves,1,52,1,479,96,0.5038620539599652,0.502434181897302,0.9995430707931519,0.00045692920684814453
child_spatial_meanfilter,11,early_late_halves,1,53,1,483,97,0.4849901180492495,0.47261097163613053,1.000998616218567,-0.0009986162185668945
child_spatial_meanfilter,11,early_late_halves,1,54,1,484,98,0.5264883155334673,0.49791159987310984,0.999414324760437,0.0005856752395629883
child_spatial_meanfilter,11,early_late_halves,1,55,1,337,65,0.49858597285067874,0.4619343891402715,1.000701665878296,-0.0007016658782958984
child_spatial_meanfilter,11,early_late_halves,1,56,1,482,98,0.5803704294217688,0.5117453231292517,0.9981000423431396,0.0018999576568603516
child_spatial_meanfilter,11,early_late_halves,1,57,1,486,98,0.522590995160951,0.4865348201136125,0.9996715188026428,0.00032848119735717773
child_spatial_meanfilter,11,early_late_halves,1,58,1,479,98,0.45508597139643253,0.47782420054636027,1.0026745796203613,-0.002674579620361328
child_spatial_meanfilter,11,early_late_halves,1,59,2,927,191,0.5318510983382654,0.5238056282722513,0.9995015859603882,0.0004984140396118164
child_spatial_meanfilter,11,early_late_halves,1,60,1,287,44,0.5041619902731014,0.5477927422371867,1.0004130601882935,-0.00041306018829345703
child_spatial_meanfilter,11,early_late_halves,1,61,1,467,94,0.5491272602817865,0.5180394729336604,0.9992032647132874,0.0007967352867126465
child_spatial_meanfilter,11,early_late_halves,1,62,1,457,93,0.5946768285477962,0.5059228406002599,0.9979591369628906,0.002040863037109375
child_spatial_meanfilter,11,early_late_halves,1,63,1,464,91,0.5514097162890729,0.552779660018266,0.9999300241470337,6.99758529663086e-05
child_spatial_meanfilter,11,early_late_halves,1,64,1,479,96,0.5227099651871192,0.49205831157528285,0.9996671676635742,0.00033283233642578125
child_spatial_meanfilter,11,early_late_halves,1,65,1,477,96,0.5161034558180227,0.49569389763779526,1.0002145767211914,-0.00021457672119140625
child_spatial_meanfilter,11,early_late_halves,1,66,1,446,93,0.5322276036431204,0.488607633494776,0.9992287158966064,0.0007712841033935547
child_spatial_meanfilter,11,early_late_halves,1,67,1,485,98,0.4722749564942256,0.4789985761746559,1.0005404949188232,-0.0005404949188232422
child_spatial_meanfilter,11,early_late_halves,1,68,1,326,66,0.514918414918415,0.507983682983683,0.9997196197509766,0.0002803802490234375
child_spatial_meanfilter,11,early_late_halves,1,69,1,465,95,0.4845945945945946,0.49921763869132285,1.0018779039382935,-0.001877903938293457
child_spatial_meanfilter,11,early_late_halves,1,70,1,384,78,0.5635160046924753,0.5301659125188537,0.9974763989448547,0.0025236010551452637
child_spatial_meanfilter,11,early_late_halves,1,71,1,480,97,0.45068773384296523,0.48111760114128826,1.0017009973526,-0.0017009973526000977
child_spatial_meanfilter,11,early_late_halves,1,72,1,341,70,0.5063784923563521,0.484475487612019,0.9989104270935059,0.0010895729064941406
child_spatial,22,odd_even_blocks,0,0,1,303,62,0.5295810467139607,0.5314549591754785,0.9998894929885864,0.00011050701141357422
child_spatial,22,odd_even_blocks,0,1,2,590,111,0.48346781019014834,0.4754838345652542,1.0110986232757568,-0.011098623275756836
child_spatial,22,odd_even_blocks,0,2,1,253,52,0.5505166475315728,0.5289418293149637,0.9981681108474731,0.0018318891525268555
child_spatial,22,odd_even_blocks,0,3,1,306,58,0.5661846496106785,0.5852335928809789,0.9886907339096069,0.011309266090393066
child_spatial,22,odd_even_blocks,0,4,2,573,111,0.5604013104013105,0.5630338130338131,0.99958336353302,0.00041663646697998047
child_spatial,22,odd_even_blocks,0,5,1,299,56,0.534648736037625,0.5394620811287478,1.0016114711761475,-0.001611471176147461
child_spatial,22,odd_even_blocks,0,6,1,226,40,0.45799731182795694,0.4608870967741936,1.0344122648239136,-0.034412264823913574
child_spatial,22,odd_even_blocks,0,8,1,289,53,0.4526702910137512,0.465622001918772,1.0104666948318481,-0.010466694831848145
child_spatial,22,odd_even_blocks,0,10,1,299,57,0.5770262432941858,0.5658257213281137,0.9898551106452942,0.01014488935470581
child_spatial,22,odd_even_blocks,0,11,1,256,53,0.5591133004926109,0.5199367971001023,0.9929652214050293,0.007034778594970703
child_spatial,22,odd_even_blocks,0,12,1,295,57,0.5907415597818074,0.6038625976706472,0.9935925006866455,0.006407499313354492
child_spatial,22,odd_even_blocks,0,13,1,298,56,0.5902449822904369,0.5236127508854782,0.9862942099571228,0.013705790042877197
child_spatial,22,odd_even_blocks,0,14,1,295,55,0.5395833333333334,0.5507575757575758,0.9997234344482422,0.0002765655517578125
child_spatial,22,odd_even_blocks,0,15,1,275,51,0.5335259103641457,0.5187762605042017,0.9948469400405884,0.005153059959411621
child_spatial,22,odd_even_blocks,0,16,1,290,54,0.5442953546767106,0.5759573132454487,1.0095160007476807,-0.009516000747680664
child_spatial,22,odd_even_blocks,0,17,1,242,46,0.5128660159716061,0.48524844720496896,0.9971742033958435,0.002825796604156494
child_spatial,22,odd_even_blocks,0,18,1,281,52,0.4199277796439369,0.4512512596573732,1.0255615711212158,-0.02556157112121582
child_spatial,22,odd_even_blocks,0,19,1,300,58,0.4986819606725563,0.499857509261898,1.0040926933288574,-0.004092693328857422
child_spatial,22,odd_even_blocks,0,20,2,556,104,0.532983747447243,0.5168481960517358,1.0055952072143555,-0.005595207214355469
child_spatial,22,odd_even_blocks,0,21,1,279,55,0.5076704545454545,0.527353896103896,1.0195400714874268,-0.019540071487426758
child_spatial,22,odd_even_blocks,0,22,2,314,57,0.5145061096320568,0.5188750085330056,1.0123203992843628,-0.012320399284362793
child_spatial,22,odd_even_blocks,0,23,1,300,57,0.6101364522417154,0.5811132770197098,0.98798006772995,0.012019932270050049
child_spatial,22,odd_even_blocks,0,24,2,549,104,0.5159464131374244,0.4922536732929992,0.9993919134140015,0.0006080865859985352
child_spatial,22,odd_even_blocks,0,25,2,545,106,0.4537327545450638,0.45584948639704304,1.0113648176193237,-0.01136481761932373
child_spatial,22,odd_even_blocks,0,26,1,290,56,0.6085927960927962,0.5912698412698413,0.984136700630188,0.01586329936981201
child_spatial,22,odd_even_blocks,0,27,1,294,56,0.5737169867947179,0.5330882352941176,0.988489031791687,0.011510968208312988
child_spatial,22,odd_even_blocks,0,30,1,300,56,0.6398565573770492,0.5860655737704918,0.9703695774078369,0.029630422592163086
child_spatial,22,odd_even_blocks,0,31,2,521,101,0.556070249882131,0.5203206034889203,0.9976917505264282,0.0023082494735717773
child_spatial,22,odd_even_blocks,0,32,1,301,58,0.6232794096778771,0.5616929189726124,0.9687322378158569,0.031267762184143066
child_spatial,22,odd_even_blocks,0,33,1,295,56,0.5710923490735207,0.5260011954572624,0.9855127334594727,0.014487266540527344
child_spatial,22,odd_even_blocks,0,34,1,303,57,0.4842033946655256,0.4926187419768935,1.0134156942367554,-0.013415694236755371
child_spatial,22,odd_even_blocks,0,35,1,290,57,0.48452676756268354,0.4696182516376779,1.0122559070587158,-0.01225590705871582
child_spatial,22,odd_even_blocks,0,36,1,274,53,0.4870229659352856,0.5152821651156834,1.0163397789001465,-0.016339778900146484
child_spatial,22,odd_even_blocks,0,37,1,230,46,0.4696361058601135,0.4782608695652174,1.0338107347488403,-0.03381073474884033
child_spatial,22,odd_even_blocks,0,38,2,596,113,0.6802799611572217,0.6281903296139542,0.9625447988510132,0.037455201148986816
child_spatial,22,odd_even_blocks,0,39,1,299,54,0.5580876795162509,0.5024565381708239,0.993401288986206,0.006598711013793945
child_spatial,22,odd_even_blocks,0,40,1,259,47,0.5115415495784825,0.5312123645122441,1.0048086643218994,-0.004808664321899414
child_spatial,22,odd_even_blocks,0,41,1,326,67,0.5023050769319426,0.5180948539157494,1.008296251296997,-0.00829625129699707
child_spatial,22,odd_even_blocks,0,42,1,286,54,0.4268438697318008,0.44212962962962965,1.0177960395812988,-0.017796039581298828
child_spatial,22,odd_even_blocks,0,43,1,297,53,0.5453526136715126,0.5239328796783174,0.9927253723144531,0.007274627685546875
child_spatial,22,odd_even_blocks,0,44,1,257,50,0.5158454106280193,0.47908212560386476,1.0096821784973145,-0.009682178497314453
child_spatial,22,odd_even_blocks,0,45,2,574,109,0.5476275032060768,0.5463450725066588,0.9998246431350708,0.00017535686492919922
child_spatial,22,odd_even_blocks,0,46,1,270,53,0.39313972698026256,0.4221806799408747,1.0250025987625122,-0.025002598762512207
child_spatial,22,odd_even_blocks,0,47,1,301,58,0.47282531573719316,0.4879026536114659,1.0180776119232178,-0.018077611923217773
child_spatial,22,odd_even_blocks,0,48,1,229,43,0.5167541885471368,0.4424231057764441,1.0009665489196777,-0.0009665489196777344
child_spatial,22,odd_even_blocks,0,49,1,301,56,0.5272959183673469,0.5321428571428571,1.0016226768493652,-0.0016226768493652344
child_spatial,22,odd_even_blocks,0,50,1,220,40,0.5345138888888888,0.5625,0.9984236359596252,0.0015763640403747559
child_spatial,22,odd_even_blocks,0,51,2,604,113,0.523989330065065,0.51072400555125,1.0000331401824951,-3.314018249511719e-05
child_spatial,22,odd_even_blocks,0,52,1,297,55,0.4050713749060856,0.3987603305785124,1.0161584615707397,-0.016158461570739746
child_spatial,22,odd_even_blocks,0,53,1,297,57,0.42452485380116955,0.4707236842105263,1.0515111684799194,-0.051511168479919434
child_spatial,22,odd_even_blocks,0,54,1,296,55,0.48989060731799317,0.45982648057336856,1.0096149444580078,-0.009614944458007812
child_spatial,22,odd_even_blocks,0,56,1,298,57,0.5360704666229891,0.5569993448351168,1.006225824356079,-0.0062258243560791016
child_spatial,22,odd_even_blocks,0,57,1,299,56,0.559266607877719,0.5415564373897708,0.9933427572250366,0.006657242774963379
child_spatial,22,odd_even_blocks,0,58,1,292,54,0.5003501400560224,0.48225957049486456,1.003271222114563,-0.0032712221145629883
child_spatial,22,odd_even_blocks,0,59,2,565,108,0.549153091822676,0.5205750060782883,0.995219349861145,0.0047806501388549805
child_spatial,22,odd_even_blocks,0,61,1,289,55,0.4876845376845376,0.4874125874125874,1.0076853036880493,-0.007685303688049316
child_spatial,22,odd_even_blocks,0,62,1,283,55,0.6374401913875598,0.5888755980861244,0.9759327173233032,0.024067282676696777
child_spatial,22,odd_even_blocks,0,63,1,281,54,0.5005710556371349,0.48258280306738455,1.010512113571167,-0.010512113571166992
child_spatial,22,odd_even_blocks,0,64,1,295,56,0.6041168559473998,0.6067692767483562,0.9789508581161499,0.021049141883850098
child_spatial,22,odd_even_blocks,0,65,1,294,55,0.5952073031570938,0.5377710155952834,0.9850387573242188,0.01496124267578125
child_spatial,22,odd_even_blocks,0,66,1,254,52,0.5743050266565117,0.5308453922315308,0.9874194860458374,0.012580513954162598
child_spatial,22,odd_even_blocks,0,67,1,299,58,0.526935183860352,0.48089855487194166,1.0021336078643799,-0.002133607864379883
child_spatial,22,odd_even_blocks,0,68,1,215,41,0.46061115783571627,0.47820297168488923,1.0177329778671265,-0.017732977867126465
child_spatial,22,odd_even_blocks,0,69,1,294,56,0.41056422569027606,0.45273109243697474,1.0373667478561401,-0.03736674785614014
child_spatial,22,odd_even_blocks,0,70,1,247,49,0.49536178107606677,0.4740775097917955,1.0178682804107666,-0.0178682804107666
child_spatial,22,odd_even_blocks,0,71,1,298,56,0.5149793388429751,0.4849468713105076,1.0033378601074219,-0.003337860107421875
child_spatial,22,odd_even_blocks,0,72,1,207,40,0.42492514970059886,0.43600299401197606,1.0345524549484253,-0.03455245494842529
child_spatial_meanfilter,22,odd_even_blocks,0,0,1,303,62,0.5923571141748093,0.5697028510239592,0.9940880537033081,0.0059119462966918945
child_spatial_meanfilter,22,odd_even_blocks,0,1,2,590,111,0.4761797287893321,0.47530515902123416,1.0018794536590576,-0.0018794536590576172
child_spatial_meanfilter,22,odd_even_blocks,0,2,1,253,52,0.5276023727516265,0.519804822043628,0.9987155199050903,0.001284480094909668
child_spatial_meanfilter,22,odd_even_blocks,0,3,1,306,58,0.5874930478309233,0.5884315906562848,0.9956097602844238,0.004390239715576172
child_spatial_meanfilter,22,odd_even_blocks,0,4,2,573,111,0.5482917982917983,0.5355972855972857,0.9976282715797424,0.0023717284202575684
child_spatial_meanfilter,22,odd_even_blocks,0,5,1,299,56,0.5995737801293357,0.5725308641975309,0.9944032430648804,0.005596756935119629
child_spatial_meanfilter,22,odd_even_blocks,0,6,1,226,40,0.4608870967741936,0.45873655913978495,1.003653645515442,-0.0036536455154418945
child_spatial_meanfilter,22,odd_even_blocks,0,8,1,289,53,0.5303405820275024,0.4760153501758874,0.9976929426193237,0.0023070573806762695
child_spatial_meanfilter,22,odd_even_blocks,0,10,1,299,57,0.6593446425982311,0.5718790778599391,0.986090898513794,0.013909101486206055
child_spatial_meanfilter,22,odd_even_blocks,0,11,1,256,53,0.5148247978436657,0.48703411097685656,0.9991942644119263,0.0008057355880737305
child_spatial_meanfilter,22,odd_even_blocks,0,12,1,295,57,0.5663423264042459,0.5220403951054106,0.9963634014129639,0.003636598587036133
child_spatial_meanfilter,22,odd_even_blocks,0,13,1,298,56,0.5624262101534829,0.5493654073199528,0.9946105480194092,0.00538945198059082
child_spatial_meanfilter,22,odd_even_blocks,0,14,1,295,55,0.5125378787878788,0.5208333333333333,0.9998077154159546,0.00019228458404541016
child_spatial_meanfilter,22,odd_even_blocks,0,15,1,275,51,0.4908088235294118,0.4981179971988795,1.0005594491958618,-0.0005594491958618164
child_spatial_meanfilter,22,odd_even_blocks,0,16,1,290,54,0.4945464532328939,0.4988229755178908,1.0011290311813354,-0.0011290311813354492
child_spatial_meanfilter,22,odd_even_blocks,0,17,1,242,46,0.41714729370008874,0.4265749778172139,1.0043518543243408,-0.00435185432434082
child_spatial_meanfilter,22,odd_even_blocks,0,18,1,281,52,0.6187017131340276,0.5662579778300302,0.9926314353942871,0.007368564605712891
child_spatial_meanfilter,22,odd_even_blocks,0,19,1,300,58,0.5496223995440297,0.5079794813337133,0.9979605674743652,0.0020394325256347656
child_spatial_meanfilter,22,odd_even_blocks,0,20,2,556,104,0.5604897038801906,0.5419503063308373,0.9968807101249695,0.0031192898750305176
child_spatial_meanfilter,22,odd_even_blocks,0,21,1,279,55,0.5659902597402597,0.550487012987013,0.999577522277832,0.00042247772216796875
child_spatial_meanfilter,22,odd_even_blocks,0,22,2,314,57,0.4497235306164243,0.4537511092907366,1.0044490098953247,-0.004449009895324707
child_spatial_meanfilter,22,odd_even_blocks,0,23,1,300,57,0.4619161071402786,0.47130171106779295,1.0035508871078491,-0.003550887107849121
child_spatial_meanfilter,22,odd_even_blocks,0,24,2,549,104,0.5147579948141746,0.5160004321521175,1.0007071495056152,-0.0007071495056152344
child_spatial_meanfilter,22,odd_even_blocks,0,25,2,545,106,0.5442364722568445,0.5231551123909399,0.9983199834823608,0.0016800165176391602
child_spatial_meanfilter,22,odd_even_blocks,0,26,1,290,56,0.43475274725274726,0.4308608058608059,1.0098037719726562,-0.00980377197265625
child_spatial_meanfilter,22,odd_even_blocks,0,27,1,294,56,0.48844537815126043,0.4816176470588236,1.0022374391555786,-0.0022374391555786133
child_spatial_meanfilter,22,odd_even_blocks,0,30,1,300,56,0.6093018149882904,0.5812353629976581,0.9944038987159729,0.0055961012840271
child_spatial_meanfilter,22,odd_even_blocks,0,31,2,521,101,0.5666195190947666,0.5643328618576143,0.9968898296356201,0.003110170364379883
child_spatial_meanfilter,22,odd_even_blocks,0,32,1,301,58,0.6082375478927203,0.5827302398183625,0.9924567937850952,0.007543206214904785
child_spatial_meanfilter,22,odd_even_blocks,0,33,1,295,56,0.5044829647340108,0.5059399282725643,0.9999054670333862,9.453296661376953e-05
child_spatial_meanfilter,22,odd_even_blocks,0,34,1,303,57,0.5486735130509199,0.5238553701326487,0.9968602657318115,0.0031397342681884766
child_spatial_meanfilter,22,odd_even_blocks,0,35,1,290,57,0.5355018447406069,0.5409231232587908,0.9994912147521973,0.0005087852478027344
child_spatial_meanfilter,22,odd_even_blocks,0,36,1,274,53,0.4751131221719457,0.47677793904209,1.002215027809143,-0.0022150278091430664
child_spatial_meanfilter,22,odd_even_blocks,0,37,1,230,46,0.44961011342155016,0.4592391304347826,1.005490779876709,-0.005490779876708984
child_spatial_meanfilter,22,odd_even_blocks,0,38,2,596,113,0.6476117187929424,0.5873870902728155,0.9905019998550415,0.009498000144958496
child_spatial_meanfilter,22,odd_even_blocks,0,39,1,299,54,0.5674603174603174,0.5159108087679516,0.996776819229126,0.0032231807708740234
child_spatial_meanfilter,22,odd_even_blocks,0,40,1,259,47,0.3954737053392212,0.4262846246487354,1.0063823461532593,-0.006382346153259277
child_spatial_meanfilter,22,odd_even_blocks,0,41,1,326,67,0.4133867342822567,0.44162392669855355,1.0053064823150635,-0.0053064823150634766
child_spatial_meanfilter,22,odd_even_blocks,0,42,1,286,54,0.5065852490421456,0.5051085568326947,0.999605655670166,0.0003943443298339844
child_spatial_meanfilter,22,odd_even_blocks,0,43,1,297,53,0.6239174141664089,0.5941076399628827,0.9916367530822754,0.00836324691772461
child_spatial_meanfilter,22,odd_even_blocks,0,44,1,257,50,0.4910144927536232,0.5005314009661835,1.000980019569397,-0.0009800195693969727
child_spatial_meanfilter,22,odd_even_blocks,0,45,2,574,109,0.5324454966952747,0.5394495412844037,0.9996777772903442,0.0003222227096557617
child_spatial_meanfilter,22,odd_even_blocks,0,46,1,270,53,0.5410833840535606,0.5184766542039823,0.9981062412261963,0.001893758773803711
child_spatial_meanfilter,22,odd_even_blocks,0,47,1,301,58,0.4117354902795516,0.4332340002838087,1.0049314498901367,-0.004931449890136719
child_spatial_meanfilter,22,odd_even_blocks,0,48,1,229,43,0.5414478619654914,0.5486996749187297,0.9981988668441772,0.001801133155822754
child_spatial_meanfilter,22,odd_even_blocks,0,49,1,301,56,0.5997448979591836,0.5821428571428572,0.9953030943870544,0.004696905612945557
child_spatial_meanfilter,22,odd_even_blocks,0,50,1,220,40,0.6141666666666667,0.5986111111111111,0.9938786029815674,0.006121397018432617
child_spatial_meanfilter,22,odd_even_blocks,0,51,2,604,113,0.5471676008867581,0.5065876034100536,0.9981025457382202,0.0018974542617797852
child_spatial_meanfilter,22,odd_even_blocks,0,52,1,297,55,0.4931254695717507,0.4582644628099174,0.9994276762008667,0.0005723237991333008
child_spatial_meanfilter,22,odd_even_blocks,0,53,1,297,57,0.4870614035087719,0.48640350877192984,1.001030683517456,-0.0010306835174560547
child_spatial_meanfilter,22,odd_even_blocks,0,54,1,296,55,0.5379479441720105,0.5401735194266315,1.0006474256515503,-0.000647425651550293
child_spatial_meanfilter,22,odd_even_blocks,0,56,1,298,57,0.5402562422654146,0.5552158404309528,0.9991512298583984,0.0008487701416015625
child_spatial_meanfilter,22,odd_even_blocks,0,57,1,299,56,0.5385802469135802,0.5285493827160493,0.9979930520057678,0.0020069479942321777
child_spatial_meanfilter,22,odd_even_blocks,0,58,1,292,54,0.5003501400560224,0.475645813881108,0.9988253116607666,0.0011746883392333984
child_spatial_meanfilter,22,odd_even_blocks,0,59,2,565,108,0.5567002998622255,0.5590505713591052,0.9970727562904358,0.002927243709564209
child_spatial_meanfilter,22,odd_even_blocks,0,61,1,289,55,0.5155400155400155,0.5281662781662781,0.9991922974586487,0.0008077025413513184
child_spatial_meanfilter,22,odd_even_blocks,0,62,1,283,55,0.5901116427432217,0.586682615629984,0.9966814517974854,0.0033185482025146484
child_spatial_meanfilter,22,odd_even_blocks,0,63,1,281,54,0.519905367922989,0.504650024473813,0.9990559816360474,0.0009440183639526367
child_spatial_meanfilter,22,odd_even_blocks,0,64,1,295,56,0.6345636580992229,0.5724745965331739,0.9912464618682861,0.008753538131713867
child_spatial_meanfilter,22,odd_even_blocks,0,65,1,294,55,0.5842525675161658,0.5644731837200456,0.995268702507019,0.004731297492980957
child_spatial_meanfilter,22,odd_even_blocks,0,66,1,254,52,0.6112909367859863,0.5840632140137091,0.9925620555877686,0.007437944412231445
child_spatial_meanfilter,22,odd_even_blocks,0,67,1,299,58,0.5360208899699528,0.5382744312491057,0.9983867406845093,0.0016132593154907227
child_spatial_meanfilter,22,odd_even_blocks,0,68,1,215,41,0.537636669470143,0.5131763386599384,0.9990007877349854,0.0009992122650146484
child_spatial_meanfilter,22,odd_even_blocks,0,69,1,294,56,0.5771683673469388,0.5378151260504203,0.994320809841156,0.005679190158843994
child_spatial_meanfilter,22,odd_even_blocks,0,70,1,247,49,0.5628220985363843,0.5392702535559678,0.9954637289047241,0.004536271095275879
child_spatial_meanfilter,22,odd_even_blocks,0,71,1,298,56,0.5065304014167651,0.5039108618654073,1.0013539791107178,-0.0013539791107177734
child_spatial_meanfilter,22,odd_even_blocks,0,72,1,207,40,0.5115269461077844,0.5085329341317366,1.0000684261322021,-6.842613220214844e-05
child_spatial,22,odd_even_blocks,1,0,1,267,53,0.5170163992241228,0.5017633574325515,1.0036449432373047,-0.0036449432373046875
child_spatial,22,odd_even_blocks,1,1,2,697,141,0.4585629368845349,0.4697752436348793,1.017846941947937,-0.01784694194793701
child_spatial,22,odd_even_blocks,1,2,1,311,68,0.5556463326071168,0.5075042362624063,0.9894329905509949,0.010567009449005127
child_spatial,22,odd_even_blocks,1,3,1,349,70,0.5490783410138249,0.5421146953405018,0.9953421354293823,0.004657864570617676
child_spatial,22,odd_even_blocks,1,4,2,688,143,0.5508564829665747,0.5235516776801181,0.9947081804275513,0.0052918195724487305
child_spatial,22,odd_even_blocks,1,5,1,351,72,0.4541517323775388,0.4415322580645161,1.0137712955474854,-0.013771295547485352
child_spatial,22,odd_even_blocks,1,6,1,292,58,0.452402004126142,0.46750663129973474,1.0427119731903076,-0.04271197319030762
child_spatial,22,odd_even_blocks,1,8,1,338,70,0.5136993603411514,0.5015991471215352,0.9996262788772583,0.0003737211227416992
child_spatial,22,odd_even_blocks,1,10,1,347,72,0.47873737373737374,0.45924242424242423,1.0306751728057861,-0.030675172805786133
child_spatial,22,odd_even_blocks,1,11,1,318,67,0.5203068323720045,0.49925670452518284,1.0119678974151611,-0.011967897415161133
child_spatial,22,odd_even_blocks,1,12,1,346,70,0.46513975155279497,0.512888198757764,1.0234839916229248,-0.023483991622924805
child_spatial,22,odd_even_blocks,1,13,1,351,72,0.510205097570689,0.5183691756272402,1.0136245489120483,-0.01362454891204834
child_spatial,22,odd_even_blocks,1,14,1,345,73,0.48161764705882354,0.46550161160354553,1.0121848583221436,-0.012184858322143555
child_spatial,22,odd_even_blocks,1,15,1,329,69,0.4823857302118172,0.5092530657748049,1.0067081451416016,-0.0067081451416015625
child_spatial,22,odd_even_blocks,1,16,1,343,71,0.4737986743993372,0.4640120132560066,1.0183473825454712,-0.01834738254547119
child_spatial,22,odd_even_blocks,1,17,1,255,50,0.4908780487804878,0.48317073170731706,1.0035998821258545,-0.003599882125854492
child_spatial,22,odd_even_blocks,1,18,1,320,63,0.5376752516830338,0.48931505157186095,0.9909849166870117,0.009015083312988281
child_spatial,22,odd_even_blocks,1,19,1,349,71,0.4565812139021178,0.4919951362853379,1.0120267868041992,-0.012026786804199219
child_spatial,22,odd_even_blocks,1,20,2,638,138,0.4952536231884058,0.4821449275362319,1.0209087133407593,-0.020908713340759277
child_spatial,22,odd_even_blocks,1,21,1,292,61,0.5032644950677738,0.5200127741111348,1.0129673480987549,-0.012967348098754883
child_spatial,22,odd_even_blocks,1,22,2,340,67,0.45563391832048544,0.4762178120387076,1.021876573562622,-0.02187657356262207
child_spatial,22,odd_even_blocks,1,23,1,351,71,0.5553319919517102,0.5545020120724345,0.9925826787948608,0.00741732120513916
child_spatial,22,odd_even_blocks,1,24,2,640,132,0.4854971963731806,0.49236459078978767,1.0052789449691772,-0.005278944969177246
child_spatial,22,odd_even_blocks,1,25,2,621,129,0.46469086783891095,0.4560408394781622,1.0150731801986694,-0.015073180198669434
child_spatial,22,odd_even_blocks,1,26,1,343,69,0.4861684121442928,0.4913255051306464,1.0186011791229248,-0.018601179122924805
child_spatial,22,odd_even_blocks,1,27,1,346,70,0.49293478260869567,0.4742753623188406,1.0051683187484741,-0.005168318748474121
child_spatial,22,odd_even_blocks,1,30,1,355,74,0.5746369144945658,0.5396749062229489,0.9890937805175781,0.010906219482421875
child_spatial,22,odd_even_blocks,1,31,2,639,128,0.5024232509784736,0.525073385518591,1.0022752285003662,-0.002275228500366211
child_spatial,22,odd_even_blocks,1,32,1,353,70,0.584452296819788,0.5575719333669864,0.9863598346710205,0.013640165328979492
child_spatial,22,odd_even_blocks,1,33,1,342,71,0.4625019489631516,0.47513123018554126,1.0200650691986084,-0.0200650691986084
child_spatial,22,odd_even_blocks,1,34,1,354,73,0.47355335640813145,0.4660702968849022,1.012107491493225,-0.012107491493225098
child_spatial,22,odd_even_blocks,1,35,1,337,69,0.438378758382003,0.4798020765736535,1.0245026350021362,-0.02450263500213623
child_spatial,22,odd_even_blocks,1,36,1,312,61,0.4842270263209457,0.5318398536999542,1.0167405605316162,-0.01674056053161621
child_spatial,22,odd_even_blocks,1,37,1,267,59,0.4926254889178618,0.5053780964797914,1.0052621364593506,-0.005262136459350586
child_spatial,22,odd_even_blocks,1,38,2,700,144,0.5347721822541966,0.5238309352517986,1.0010278224945068,-0.001027822494506836
child_spatial,22,odd_even_blocks,1,39,1,354,71,0.4787985865724381,0.4764345792066889,1.0070515871047974,-0.007051587104797363
child_spatial,22,odd_even_blocks,1,40,1,239,46,0.4097206578058122,0.4464969587744988,1.034127950668335,-0.03412795066833496
child_spatial,22,odd_even_blocks,1,41,1,319,64,0.408639705882353,0.41510416666666666,1.024965524673462,-0.024965524673461914
child_spatial,22,odd_even_blocks,1,42,1,347,67,0.5549040511727079,0.5617004264392325,0.993813157081604,0.006186842918395996
child_spatial,22,odd_even_blocks,1,43,1,347,69,0.47213533521009277,0.4635335210092796,1.0152995586395264,-0.015299558639526367
child_spatial,22,odd_even_blocks,1,44,1,290,60,0.4978260869565217,0.5025362318840579,1.0019278526306152,-0.0019278526306152344
child_spatial,22,odd_even_blocks,1,45,2,686,142,0.4889511702568351,0.4796758492129246,1.0034968852996826,-0.003496885299682617
child_spatial,22,odd_even_blocks,1,46,1,307,63,0.4761579495186053,0.48119958365860005,1.0110747814178467,-0.01107478141784668
child_spatial,22,odd_even_blocks,1,47,1,352,70,0.5228470111448835,0.5195542046605877,1.0005751848220825,-0.0005751848220825195
child_spatial,22,odd_even_blocks,1,48,1,280,58,0.434645852749301,0.43856787822305066,1.0178248882293701,-0.017824888229370117
child_spatial,22,odd_even_blocks,1,49,1,348,67,0.4957507834493015,0.49182025813990543,1.0023752450942993,-0.0023752450942993164
child_spatial,22,odd_even_blocks,1,50,1,250,52,0.5456487956487956,0.5352564102564102,0.9932470321655273,0.006752967834472656
child_spatial,22,odd_even_blocks,1,51,2,690,140,0.46303896103896103,0.4588311688311688,1.01358962059021,-0.013589620590209961
child_spatial,22,odd_even_blocks,1,52,1,349,71,0.5246225554767454,0.5269024217245921,1.0088930130004883,-0.008893013000488281
child_spatial,22,odd_even_blocks,1,53,1,347,72,0.5071717171717172,0.493459595959596,1.0107518434524536,-0.010751843452453613
child_spatial,22,odd_even_blocks,1,54,1,352,72,0.5606646825396826,0.5581349206349207,0.9929065704345703,0.0070934295654296875
child_spatial,22,odd_even_blocks,1,56,1,352,72,0.5012896825396825,0.5263888888888889,1.0058856010437012,-0.005885601043701172
child_spatial,22,odd_even_blocks,1,57,1,352,72,0.47351190476190474,0.4646825396825397,1.0096113681793213,-0.009611368179321289
child_spatial,22,odd_even_blocks,1,58,1,335,70,0.48946091644204853,0.4769541778975741,1.0051631927490234,-0.0051631927490234375
child_spatial,22,odd_even_blocks,1,59,2,652,137,0.4252994118063922,0.4453192544823188,1.0222382545471191,-0.02223825454711914
child_spatial,22,odd_even_blocks,1,61,1,320,65,0.5103770739064857,0.5098039215686274,1.0072307586669922,-0.0072307586669921875
child_spatial,22,odd_even_blocks,1,62,1,318,66,0.5142195767195766,0.5449134199134199,1.0053807497024536,-0.005380749702453613
child_spatial,22,odd_even_blocks,1,63,1,324,64,0.4981971153846154,0.48197115384615385,1.0181314945220947,-0.018131494522094727
child_spatial,22,odd_even_blocks,1,64,1,345,70,0.47924675324675325,0.4768831168831169,1.0116239786148071,-0.011623978614807129
child_spatial,22,odd_even_blocks,1,65,1,352,71,0.5120044108064759,0.5225051375870884,1.0093638896942139,-0.009363889694213867
child_spatial,22,odd_even_blocks,1,66,1,312,66,0.4692658290219266,0.45805617147080563,1.0219756364822388,-0.02197563648223877
child_spatial,22,odd_even_blocks,1,67,1,349,72,0.5293822703569996,0.53823204973927,0.9987479448318481,0.0012520551681518555
child_spatial,22,odd_even_blocks,1,68,1,236,41,0.5876172607879925,0.5291432145090682,0.9839085340499878,0.016091465950012207
child_spatial,22,odd_even_blocks,1,69,1,346,71,0.42791293213828424,0.43241997439180535,1.0326099395751953,-0.03260993957519531
child_spatial,22,odd_even_blocks,1,70,1,268,56,0.5213106469002695,0.5146563342318059,1.023913860321045,-0.023913860321044922
child_spatial,22,odd_even_blocks,1,71,1,313,66,0.4755858176910809,0.5087105876579561,1.0223411321640015,-0.022341132164001465
child_spatial,22,odd_even_blocks,1,72,1,230,49,0.48675160672003615,0.45523734355620704,1.003967046737671,-0.0039670467376708984
child_spatial_meanfilter,22,odd_even_blocks,1,0,1,267,53,0.5255245988361841,0.5009257626520895,0.9998286962509155,0.00017130374908447266
child_spatial_meanfilter,22,odd_even_blocks,1,1,2,697,141,0.5065692127149344,0.4915046686055411,1.0003470182418823,-0.0003470182418823242
child_spatial_meanfilter,22,odd_even_blocks,1,2,1,311,68,0.4552166545630598,0.48169329460179133,1.0016472339630127,-0.0016472339630126953
child_spatial_meanfilter,22,odd_even_blocks,1,3,1,349,70,0.5280593958013314,0.5416794674859191,0.9996026754379272,0.0003973245620727539
child_spatial_meanfilter,22,odd_even_blocks,1,4,2,688,143,0.5317636491948419,0.5165009302623982,0.9995589256286621,0.0004410743713378906
child_spatial_meanfilter,22,odd_even_blocks,1,5,1,351,72,0.45263341298287535,0.46662186379928317,1.0014034509658813,-0.0014034509658813477
child_spatial_meanfilter,22,odd_even_blocks,1,6,1,292,58,0.4905319776009431,0.45741231948128497,1.0015840530395508,-0.0015840530395507812
child_spatial_meanfilter,22,odd_even_blocks,1,8,1,338,70,0.5464019189765459,0.5337420042643923,0.9985223412513733,0.001477658748626709
child_spatial_meanfilter,22,odd_even_blocks,1,10,1,347,72,0.48702020202020213,0.45199494949494945,1.0002777576446533,-0.0002777576446533203
child_spatial_meanfilter,22,odd_even_blocks,1,11,1,318,67,0.5435868466432776,0.5155794731521675,0.9980286359786987,0.0019713640213012695
child_spatial_meanfilter,22,odd_even_blocks,1,12,1,346,70,0.49523809523809526,0.4702898550724638,0.9992685317993164,0.0007314682006835938
child_spatial_meanfilter,22,odd_even_blocks,1,13,1,351,72,0.5664078056551174,0.5752688172043011,0.9980685114860535,0.0019314885139465332
child_spatial_meanfilter,22,odd_even_blocks,1,14,1,345,73,0.48237308622078967,0.48718271555197423,1.0012577772140503,-0.001257777214050293
child_spatial_meanfilter,22,odd_even_blocks,1,15,1,329,69,0.5657190635451507,0.5398272017837236,0.998222291469574,0.0017777085304260254
child_spatial_meanfilter,22,odd_even_blocks,1,16,1,343,71,0.5580985915492959,0.5524544324772163,0.9962435960769653,0.003756403923034668
child_spatial_meanfilter,22,odd_even_blocks,1,17,1,255,50,0.49429268292682926,0.49658536585365853,1.000535011291504,-0.0005350112915039062
child_spatial_meanfilter,22,odd_even_blocks,1,18,1,320,63,0.4904576616638874,0.5012661355073806,0.9995044469833374,0.0004955530166625977
child_spatial_meanfilter,22,odd_even_blocks,1,19,1,349,71,0.5933985206201237,0.534805958050461,0.9975370168685913,0.0024629831314086914
child_spatial_meanfilter,22,odd_even_blocks,1,20,2,638,138,0.544159420289855,0.5364492753623189,0.9981890916824341,0.001810908317565918
child_spatial_meanfilter,22,odd_even_blocks,1,21,1,292,61,0.5262224114683131,0.4997870981477539,0.9983537197113037,0.001646280288696289
child_spatial_meanfilter,22,odd_even_blocks,1,22,2,340,67,0.46358865015581424,0.4750150347165273,1.0015132427215576,-0.0015132427215576172
child_spatial_meanfilter,22,odd_even_blocks,1,23,1,351,71,0.5560110663983905,0.5724346076458753,0.9982686042785645,0.0017313957214355469
child_spatial_meanfilter,22,odd_even_blocks,1,24,2,640,132,0.45922810785015505,0.45773681698878554,1.0012723207473755,-0.0012723207473754883
child_spatial_meanfilter,22,odd_even_blocks,1,25,2,621,129,0.5441482321799962,0.5221213840045378,0.9984472990036011,0.0015527009963989258
child_spatial_meanfilter,22,odd_even_blocks,1,26,1,343,69,0.45969533481434466,0.439543002221517,1.001494288444519,-0.001494288444519043
child_spatial_meanfilter,22,odd_even_blocks,1,27,1,346,70,0.47722567287784673,0.4623188405797101,1.0012396574020386,-0.0012396574020385742
child_spatial_meanfilter,22,odd_even_blocks,1,30,1,355,74,0.4759786476868328,0.520727132826777,1.0010113716125488,-0.0010113716125488281
child_spatial_meanfilter,22,odd_even_blocks,1,31,2,639,128,0.5635549168297456,0.5442529965753424,0.9984819889068604,0.0015180110931396484
child_spatial_meanfilter,22,odd_even_blocks,1,32,1,353,70,0.5666582534073701,0.49679454820797575,0.9978574514389038,0.0021425485610961914
child_spatial_meanfilter,22,odd_even_blocks,1,33,1,342,71,0.537705940439686,0.5399667376955459,0.9996923208236694,0.0003076791763305664
child_spatial_meanfilter,22,odd_even_blocks,1,34,1,354,73,0.5503095597913518,0.5602544727733632,0.99866783618927,0.0013321638107299805
child_spatial_meanfilter,22,odd_even_blocks,1,35,1,337,69,0.5114644170452087,0.5097069002812027,1.0002508163452148,-0.00025081634521484375
child_spatial_meanfilter,22,odd_even_blocks,1,36,1,312,61,0.5257984455620142,0.5071517209849128,0.9975658059120178,0.0024341940879821777
child_spatial_meanfilter,22,odd_even_blocks,1,37,1,267,59,0.5683262711864407,0.54379889178618,0.9976900815963745,0.0023099184036254883
child_spatial_meanfilter,22,odd_even_blocks,1,38,2,700,144,0.5061201039168665,0.5128397282174261,0.9996018409729004,0.0003981590270996094
child_spatial_meanfilter,22,odd_even_blocks,1,39,1,354,71,0.5363310605683571,0.5374757378191409,0.9991692304611206,0.0008307695388793945
child_spatial_meanfilter,22,odd_even_blocks,1,40,1,239,46,0.5558684388375761,0.5052939851317865,0.9995527267456055,0.00044727325439453125
child_spatial_meanfilter,22,odd_even_blocks,1,41,1,319,64,0.49892769607843135,0.5122549019607843,0.9998133778572083,0.00018662214279174805
child_spatial_meanfilter,22,odd_even_blocks,1,42,1,347,67,0.5231876332622601,0.5362739872068231,0.9992170333862305,0.0007829666137695312
child_spatial_meanfilter,22,odd_even_blocks,1,43,1,347,69,0.5204879574601188,0.5131373162339694,0.9986088275909424,0.0013911724090576172
child_spatial_meanfilter,22,odd_even_blocks,1,44,1,290,60,0.4294565217391304,0.46376811594202894,1.002164363861084,-0.0021643638610839844
child_spatial_meanfilter,22,odd_even_blocks,1,45,2,686,142,0.48392838649544334,0.503003314001657,1.0010154247283936,-0.0010154247283935547
child_spatial_meanfilter,22,odd_even_blocks,1,46,1,307,63,0.47833723653395777,0.4872820712984648,1.0003914833068848,-0.0003914833068847656
child_spatial_meanfilter,22,odd_even_blocks,1,47,1,352,70,0.5152482269503545,0.4879939209726444,0.9992639422416687,0.0007360577583312988
child_spatial_meanfilter,22,odd_even_blocks,1,48,1,280,58,0.47642901522211867,0.5152221186703945,1.0008959770202637,-0.0008959770202636719
child_spatial_meanfilter,22,odd_even_blocks,1,49,1,348,67,0.5947309714771339,0.5417751102140542,0.996902346611023,0.0030976533889770508
child_spatial_meanfilter,22,odd_even_blocks,1,50,1,250,52,0.5342365967365968,0.5411810411810412,0.9986962080001831,0.0013037919998168945
child_spatial_meanfilter,22,odd_even_blocks,1,51,2,690,140,0.5342337662337663,0.5076623376623377,0.9992388486862183,0.0007611513137817383
child_spatial_meanfilter,22,odd_even_blocks,1,52,1,349,71,0.6560695105887121,0.5773634613436012,0.9951184391975403,0.004881560802459717
child_spatial_meanfilter,22,odd_even_blocks,1,53,1,347,72,0.5017676767676768,0.48803030303030304,0.997991681098938,0.0020083189010620117
child_spatial_meanfilter,22,odd_even_blocks,1,54,1,352,72,0.5197916666666667,0.49047619047619045,0.9986308217048645,0.001369178295135498
child_spatial_meanfilter,22,odd_even_blocks,1,56,1,352,72,0.5068204365079365,0.5337301587301587,1.0002199411392212,-0.0002199411392211914
child_spatial_meanfilter,22,odd_even_blocks,1,57,1,352,72,0.5261656746031746,0.533531746031746,0.9995641708374023,0.00043582916259765625
child_spatial_meanfilter,22,odd_even_blocks,1,58,1,335,70,0.4855525606469003,0.4874663072776281,1.0006299018859863,-0.0006299018859863281
child_spatial_meanfilter,22,odd_even_blocks,1,59,2,652,137,0.49644249167316284,0.506711076465169,1.0002100467681885,-0.00021004676818847656
child_spatial_meanfilter,22,odd_even_blocks,1,61,1,320,65,0.41402714932126694,0.4660633484162896,1.0027529001235962,-0.0027529001235961914
child_spatial_meanfilter,22,odd_even_blocks,1,62,1,318,66,0.5264550264550265,0.5286796536796536,0.9999113082885742,8.869171142578125e-05
child_spatial_meanfilter,22,odd_even_blocks,1,63,1,324,64,0.47076322115384617,0.48569711538461535,1.0031342506408691,-0.0031342506408691406
child_spatial_meanfilter,22,odd_even_blocks,1,64,1,345,70,0.5633246753246755,0.552987012987013,0.9979478120803833,0.0020521879196166992
child_spatial_meanfilter,22,odd_even_blocks,1,65,1,352,71,0.4406295423788281,0.4223347200641572,1.001890778541565,-0.0018907785415649414
child_spatial_meanfilter,22,odd_even_blocks,1,66,1,312,66,0.5439763488543976,0.5378787878787878,0.999862551689148,0.00013744831085205078
child_spatial_meanfilter,22,odd_even_blocks,1,67,1,349,72,0.470517448856799,0.5108052547131969,1.0005805492401123,-0.0005805492401123047
child_spatial_meanfilter,22,odd_even_blocks,1,68,1,236,41,0.6032520325203253,0.5370231394621638,0.9977068305015564,0.0022931694984436035
child_spatial_meanfilter,22,odd_even_blocks,1,69,1,346,71,0.48322663252240716,0.5003072983354674,1.0009534358978271,-0.0009534358978271484
child_spatial_meanfilter,22,odd_even_blocks,1,70,1,268,56,0.46575977088948783,0.4814690026954178,1.000088095664978,-8.809566497802734e-05
child_spatial_meanfilter,22,odd_even_blocks,1,71,1,313,66,0.45068089804931905,0.4982824193350509,1.0020751953125,-0.0020751953125
child_spatial_meanfilter,22,odd_even_blocks,1,72,1,230,49,0.5164618333521254,0.5033261923553951,0.9992461204528809,0.0007538795471191406
child_spatial,22,early_late_halves,0,0,1,420,78,0.5345816464237516,0.5056230319388214,1.0317243337631226,-0.03172433376312256
child_spatial,22,early_late_halves,0,1,2,955,188,0.5935358817165525,0.5766214041998391,0.9825024008750916,0.017497599124908447
child_spatial,22,early_late_halves,0,2,1,390,80,0.5620362903225806,0.561491935483871,1.0029597282409668,-0.002959728240966797
child_spatial,22,early_late_halves,0,3,1,482,95,0.5980960152318782,0.5729498164014688,0.9805262088775635,0.019473791122436523
child_spatial,22,early_late_halves,0,4,2,934,187,0.5969725604736236,0.5772967091181124,0.9870548248291016,0.012945175170898438
child_spatial,22,early_late_halves,0,5,1,484,96,0.5572379725085911,0.5362435567010309,0.9935388565063477,0.006461143493652344
child_spatial,22,early_late_halves,0,6,1,373,70,0.497996228194248,0.5057755775577557,1.0260534286499023,-0.026053428649902344
child_spatial,22,early_late_halves,0,8,1,470,94,0.5017117473970122,0.5119680851063829,1.0220637321472168,-0.022063732147216797
child_spatial,22,early_late_halves,0,10,1,486,96,0.7351362179487181,0.6413461538461538,0.9020277261734009,0.09797227382659912
child_spatial,22,early_late_halves,0,11,1,407,81,0.5077444520184806,0.4953419677346057,1.0114716291427612,-0.01147162914276123
child_spatial,22,early_late_halves,0,12,1,476,93,0.5435301384092759,0.5265307841320643,1.01447594165802,-0.01447594165802002
child_spatial,22,early_late_halves,0,13,1,485,96,0.6062687446443873,0.591152527849186,0.9802868962287903,0.019713103771209717
child_spatial,22,early_late_halves,0,14,1,477,95,0.493979057591623,0.47475888674565997,1.0268938541412354,-0.02689385414123535
child_spatial,22,early_late_halves,0,15,1,472,94,0.5532477766520321,0.5543453788134639,0.999311625957489,0.0006883740425109863
child_spatial,22,early_late_halves,0,16,1,476,94,0.5413696112286955,0.5369834020274034,1.011229395866394,-0.011229395866394043
child_spatial,22,early_late_halves,0,17,1,319,61,0.5178548735544541,0.5047019951709238,1.0131652355194092,-0.01316523551940918
child_spatial,22,early_late_halves,0,18,1,483,95,0.5621405317417254,0.5338849701573521,0.9980245232582092,0.0019754767417907715
child_spatial,22,early_late_halves,0,19,1,487,96,0.6226689045183291,0.614356884057971,0.9715677499771118,0.028432250022888184
child_spatial,22,early_late_halves,0,20,2,848,170,0.49330209960090227,0.49205275030366125,1.0448119640350342,-0.04481196403503418
child_spatial,22,early_late_halves,0,21,1,405,77,0.5862765283496991,0.5538287931580614,1.000490665435791,-0.0004906654357910156
child_spatial,22,early_late_halves,0,22,2,457,83,0.4835706462212487,0.5103408285548612,1.0290565490722656,-0.029056549072265625
child_spatial,22,early_late_halves,0,23,1,480,96,0.5939670138888888,0.57421875,0.9947980642318726,0.005201935768127441
child_spatial,22,early_late_halves,0,24,2,959,189,0.5652442795299938,0.5664983164983165,0.9941556453704834,0.0058443546295166016
child_spatial,22,early_late_halves,0,25,2,850,166,0.5615091946734305,0.5558814204185162,1.004319190979004,-0.004319190979003906
child_spatial,22,early_late_halves,0,26,1,466,94,0.53363074811256,0.526767330130405,1.0143687725067139,-0.014368772506713867
child_spatial,22,early_late_halves,0,27,1,483,95,0.5124389582202931,0.5031741725447639,1.0231268405914307,-0.023126840591430664
child_spatial,22,early_late_halves,0,28,1,263,51,0.484322974472808,0.4849241583425823,1.0345304012298584,-0.0345304012298584
child_spatial,22,early_late_halves,0,30,1,479,93,0.6265390829572677,0.6081954426430441,0.9746643304824829,0.02533566951751709
child_spatial,22,early_late_halves,0,31,2,828,162,0.5444611277944611,0.5342008675342008,1.007810115814209,-0.007810115814208984
child_spatial,22,early_late_halves,0,32,1,487,96,0.6756846760443307,0.6190057544757033,0.9469352960586548,0.053064703941345215
child_spatial,22,early_late_halves,0,33,1,468,92,0.5268848288621647,0.5293709528214616,1.0158064365386963,-0.01580643653869629
child_spatial,22,early_late_halves,0,34,1,486,96,0.6210603632478633,0.5788461538461539,0.9742610454559326,0.025738954544067383
child_spatial,22,early_late_halves,0,35,1,476,95,0.5422019615969057,0.5426025694156651,1.0008423328399658,-0.0008423328399658203
child_spatial,22,early_late_halves,0,36,1,413,80,0.45756381381381384,0.4414602102102102,1.0641672611236572,-0.06416726112365723
child_spatial,22,early_late_halves,0,37,1,341,70,0.49196099103848184,0.5002635740643121,1.0214282274246216,-0.021428227424621582
child_spatial,22,early_late_halves,0,38,2,964,191,0.6990239970740233,0.644879879167993,0.9199838638305664,0.0800161361694336
child_spatial,22,early_late_halves,0,39,1,484,95,0.551982140441077,0.5341225815180626,0.9995874166488647,0.0004125833511352539
child_spatial,22,early_late_halves,0,40,1,366,69,0.4609622798028596,0.4571073049333919,1.037665605545044,-0.037665605545043945
child_spatial,22,early_late_halves,0,41,1,481,95,0.535110444505045,0.5312107990182711,1.0063567161560059,-0.006356716156005859
child_spatial,22,early_late_halves,0,42,1,472,94,0.46664978047956773,0.4798210064167511,1.0555808544158936,-0.055580854415893555
child_spatial,22,early_late_halves,0,43,1,473,90,0.5508413112851755,0.5545401798665506,1.0515594482421875,-0.0515594482421875
child_spatial,22,early_late_halves,0,44,1,406,84,0.5841467021591245,0.5693581780538302,0.9882912635803223,0.011708736419677734
child_spatial,22,early_late_halves,0,45,2,935,186,0.5646202104598246,0.5638234491867293,1.0119599103927612,-0.01195991039276123
child_spatial,22,early_late_halves,0,46,1,414,84,0.5286255411255412,0.5290043290043289,1.0032179355621338,-0.003217935562133789
child_spatial,22,early_late_halves,0,47,1,486,96,0.554193376068376,0.5385416666666667,1.0008914470672607,-0.0008914470672607422
child_spatial,22,early_late_halves,0,48,1,331,64,0.5258953651685394,0.5177317415730337,1.0408344268798828,-0.04083442687988281
child_spatial,22,early_late_halves,0,49,1,486,95,0.5730380939561179,0.5757706286175798,0.9950724840164185,0.004927515983581543
child_spatial,22,early_late_halves,0,50,1,442,85,0.5766024056681496,0.5372549019607843,0.9991046190261841,0.000895380973815918
child_spatial,22,early_late_halves,0,51,2,971,191,0.5543260840381259,0.5271076654584508,0.9980666637420654,0.0019333362579345703
child_spatial,22,early_late_halves,0,52,1,485,96,0.4898778920308483,0.5029455869751499,1.0196149349212646,-0.01961493492126465
child_spatial,22,early_late_halves,0,53,1,468,94,0.573131186710661,0.5641426783479349,1.0246760845184326,-0.024676084518432617
child_spatial,22,early_late_halves,0,54,1,474,92,0.6038584111085818,0.5545754609606192,0.9739474058151245,0.02605259418487549
child_spatial,22,early_late_halves,0,55,1,301,62,0.5192671075718721,0.5175124848157646,1.0112817287445068,-0.011281728744506836
child_spatial,22,early_late_halves,0,56,1,487,96,0.5459159207161125,0.5629262574595055,1.0224194526672363,-0.022419452667236328
child_spatial,22,early_late_halves,0,57,1,485,96,0.5263763924592973,0.5105237789203085,1.0100104808807373,-0.010010480880737305
child_spatial,22,early_late_halves,0,58,1,464,91,0.5320684677253043,0.5410835812980586,1.0362385511398315,-0.03623855113983154
child_spatial,22,early_late_halves,0,59,2,864,171,0.55709560095525,0.5509607351712615,1.0213440656661987,-0.02134406566619873
child_spatial,22,early_late_halves,0,60,1,288,41,0.5735657154142391,0.535153549916066,0.9983536005020142,0.0016463994979858398
child_spatial,22,early_late_halves,0,61,1,439,87,0.6037258359456635,0.590109064785789,0.9839198589324951,0.016080141067504883
child_spatial,22,early_late_halves,0,62,1,439,91,0.6200581028167235,0.5581028167235064,0.9758563041687012,0.024143695831298828
child_spatial,22,early_late_halves,0,63,1,453,90,0.4987450260177533,0.4659779614325069,1.0986872911453247,-0.09868729114532471
child_spatial,22,early_late_halves,0,64,1,481,96,0.6573998917748918,0.6084550865800866,0.9479680061340332,0.0520319938659668
child_spatial,22,early_late_halves,0,65,1,481,95,0.6480229070084538,0.5723343332424325,0.9583110809326172,0.04168891906738281
child_spatial,22,early_late_halves,0,66,1,409,81,0.5563647997591087,0.5501919602529358,1.0030238628387451,-0.003023862838745117
child_spatial,22,early_late_halves,0,67,1,484,96,0.44171499140893467,0.4584407216494846,1.0369073152542114,-0.036907315254211426
child_spatial,22,early_late_halves,0,68,1,372,71,0.6391839408544289,0.5911281643348463,0.9594603776931763,0.04053962230682373
child_spatial,22,early_late_halves,0,69,1,477,93,0.4704441084229391,0.490297379032258,1.0337095260620117,-0.03370952606201172
child_spatial,22,early_late_halves,0,70,1,385,79,0.44651278232812114,0.46723752792256146,1.0775341987609863,-0.07753419876098633
child_spatial,22,early_late_halves,0,71,1,444,87,0.5850961074084807,0.5526417463537139,0.9827412366867065,0.017258763313293457
child_spatial,22,early_late_halves,0,72,1,343,72,0.5472529725297254,0.5253433784337843,1.0099971294403076,-0.009997129440307617
child_spatial_meanfilter,22,early_late_halves,0,0,1,420,78,0.5752923976608187,0.5482456140350878,0.9905229806900024,0.009477019309997559
child_spatial_meanfilter,22,early_late_halves,0,1,2,955,188,0.5413152930733169,0.5388672362617548,0.9982706308364868,0.0017293691635131836
child_spatial_meanfilter,22,early_late_halves,0,2,1,390,80,0.6051814516129033,0.5590725806451613,0.9771071672439575,0.02289283275604248
child_spatial_meanfilter,22,early_late_halves,0,3,1,482,95,0.6277845777233781,0.5611859105127159,0.9757740497589111,0.024225950241088867
child_spatial_meanfilter,22,early_late_halves,0,4,2,934,187,0.5442984057441889,0.517220396738469,1.002434253692627,-0.002434253692626953
child_spatial_meanfilter,22,early_late_halves,0,5,1,484,96,0.5513450386597938,0.5551975945017182,0.9958308935165405,0.004169106483459473
child_spatial_meanfilter,22,early_late_halves,0,6,1,373,70,0.5194719471947196,0.49594530881659593,1.004955530166626,-0.0049555301666259766
child_spatial_meanfilter,22,early_late_halves,0,8,1,470,94,0.557477931190584,0.5598404255319149,0.9961427450180054,0.003857254981994629
child_spatial_meanfilter,22,early_late_halves,0,10,1,486,96,0.6654647435897436,0.6189102564102564,0.9611071944236755,0.03889280557632446
child_spatial_meanfilter,22,early_late_halves,0,11,1,407,81,0.5681095205635083,0.5100734681511777,1.0050603151321411,-0.005060315132141113
child_spatial_meanfilter,22,early_late_halves,0,12,1,476,93,0.6256773070552234,0.5766725623964738,0.9800252914428711,0.019974708557128906
child_spatial_meanfilter,22,early_late_halves,0,13,1,485,96,0.5749517994858612,0.5475310625535561,0.9879217147827148,0.012078285217285156
child_spatial_meanfilter,22,early_late_halves,0,14,1,477,95,0.505993386607881,0.4929732708735189,1.010406494140625,-0.010406494140625
child_spatial_meanfilter,22,early_late_halves,0,15,1,472,94,0.4793847799166948,0.47275695148035574,1.013843297958374,-0.013843297958374023
child_spatial_meanfilter,22,early_late_halves,0,16,1,476,94,0.5280717388882701,0.4987467973710594,0.9987965822219849,0.0012034177780151367
child_spatial_meanfilter,22,early_late_halves,0,17,1,319,61,0.4336319735671623,0.4735671622823739,1.0202162265777588,-0.02021622657775879
child_spatial_meanfilter,22,early_late_halves,0,18,1,483,95,0.5597259902333153,0.5616928920238741,0.9935024976730347,0.006497502326965332
child_spatial_meanfilter,22,early_late_halves,0,19,1,487,96,0.6379342497868712,0.6060315430520035,0.9700604677200317,0.02993953227996826
child_spatial_meanfilter,22,early_late_halves,0,20,2,848,170,0.5088495575221239,0.5193215339233038,1.0109803676605225,-0.010980367660522461
child_spatial_meanfilter,22,early_late_halves,0,21,1,405,77,0.5924532784288882,0.5414554957237884,0.9936140775680542,0.006385922431945801
child_spatial_meanfilter,22,early_late_halves,0,22,2,457,83,0.560724180143032,0.5155917788802268,0.9943410158157349,0.005658984184265137
child_spatial_meanfilter,22,early_late_halves,0,23,1,480,96,0.5817192925347222,0.578125,0.991219162940979,0.008780837059020996
child_spatial_meanfilter,22,early_late_halves,0,24,2,959,189,0.5621074692503264,0.5455747955747956,0.9942516088485718,0.005748391151428223
child_spatial_meanfilter,22,early_late_halves,0,25,2,850,166,0.6096050870147255,0.5682730923694779,0.983678936958313,0.01632106304168701
child_spatial_meanfilter,22,early_late_halves,0,26,1,466,94,0.47522020132692744,0.4840139556165637,1.0184506177902222,-0.018450617790222168
child_spatial_meanfilter,22,early_late_halves,0,27,1,483,95,0.5061855670103093,0.5212967986977753,1.0115325450897217,-0.01153254508972168
child_spatial_meanfilter,22,early_late_halves,0,28,1,263,51,0.4966703662597114,0.5122549019607843,1.012405276298523,-0.01240527629852295
child_spatial_meanfilter,22,early_late_halves,0,30,1,479,93,0.6048804947350828,0.561424034765168,0.9899142980575562,0.010085701942443848
child_spatial_meanfilter,22,early_late_halves,0,31,2,828,162,0.5566214362510659,0.5316149482816149,0.9931905269622803,0.0068094730377197266
child_spatial_meanfilter,22,early_late_halves,0,32,1,487,96,0.642569799658994,0.5757805839727196,0.971802830696106,0.028197169303894043
child_spatial_meanfilter,22,early_late_halves,0,33,1,468,92,0.5226786540240518,0.5045675300647549,1.0073810815811157,-0.007381081581115723
child_spatial_meanfilter,22,early_late_halves,0,34,1,486,96,0.6318910256410256,0.5809294871794872,0.9780938625335693,0.021906137466430664
child_spatial_meanfilter,22,early_late_halves,0,35,1,476,95,0.5791822074872219,0.5608785743887277,0.9917475581169128,0.008252441883087158
child_spatial_meanfilter,22,early_late_halves,0,36,1,413,80,0.5007695195195195,0.48913288288288287,1.0153162479400635,-0.015316247940063477
child_spatial_meanfilter,22,early_late_halves,0,37,1,341,70,0.4803110173958882,0.49507116499736425,1.0084764957427979,-0.008476495742797852
child_spatial_meanfilter,22,early_late_halves,0,38,2,964,191,0.6716471488658452,0.6161517985952603,0.962139368057251,0.03786063194274902
child_spatial_meanfilter,22,early_late_halves,0,39,1,484,95,0.5217561899607631,0.5130158300635909,1.0073572397232056,-0.007357239723205566
child_spatial_meanfilter,22,early_late_halves,0,40,1,366,69,0.5636070853462158,0.5021226760357196,0.9927756786346436,0.007224321365356445
child_spatial_meanfilter,22,early_late_halves,0,41,1,481,95,0.4359149168257431,0.45849468230160895,1.0241554975509644,-0.024155497550964355
child_spatial_meanfilter,22,early_late_halves,0,42,1,472,94,0.5081335134526624,0.5101598559045367,1.0086169242858887,-0.008616924285888672
child_spatial_meanfilter,22,early_late_halves,0,43,1,473,90,0.6178561067595009,0.5962576153176675,0.9881426095962524,0.011857390403747559
child_spatial_meanfilter,22,early_late_halves,0,44,1,406,84,0.49833629103815436,0.5214803312629399,1.0214091539382935,-0.021409153938293457
child_spatial_meanfilter,22,early_late_halves,0,45,2,935,186,0.5402113211881074,0.5105840044790904,1.0012328624725342,-0.0012328624725341797
child_spatial_meanfilter,22,early_late_halves,0,46,1,414,84,0.5670995670995671,0.5292207792207793,0.9925079345703125,0.0074920654296875
child_spatial_meanfilter,22,early_late_halves,0,47,1,486,96,0.5206330128205128,0.5231570512820513,1.0100650787353516,-0.010065078735351562
child_spatial_meanfilter,22,early_late_halves,0,48,1,331,64,0.5441537921348315,0.5298747659176031,0.9950217604637146,0.0049782395362854
child_spatial_meanfilter,22,early_late_halves,0,49,1,486,95,0.5596177143626329,0.5253466146183874,0.9946728348731995,0.005327165126800537
child_spatial_meanfilter,22,early_late_halves,0,50,1,442,85,0.5850716757291152,0.5518207282913166,0.9889146089553833,0.0110853910446167
child_spatial_meanfilter,22,early_late_halves,0,51,2,971,191,0.5415726943213854,0.5132601691502214,1.000468373298645,-0.00046837329864501953
child_spatial_meanfilter,22,early_late_halves,0,52,1,485,96,0.48567373607540704,0.5085689802913453,1.014049768447876,-0.014049768447875977
child_spatial_meanfilter,22,early_late_halves,0,53,1,468,94,0.5784076686767551,0.5629764478325179,0.99535071849823,0.0046492815017700195
child_spatial_meanfilter,22,early_late_halves,0,54,1,474,92,0.4731533120874118,0.5025608923287047,1.0176036357879639,-0.017603635787963867
child_spatial_meanfilter,22,early_late_halves,0,55,1,301,62,0.44894722634633555,0.49034957484140906,1.0139243602752686,-0.013924360275268555
child_spatial_meanfilter,22,early_late_halves,0,56,1,487,96,0.5121616581415175,0.5132139812446718,1.0156115293502808,-0.015611529350280762
child_spatial_meanfilter,22,early_late_halves,0,57,1,485,96,0.5565954370179949,0.5287998071979434,0.9976900219917297,0.0023099780082702637
child_spatial_meanfilter,22,early_late_halves,0,58,1,464,91,0.528076481159591,0.5136405149809975,1.008976936340332,-0.008976936340332031
child_spatial_meanfilter,22,early_late_halves,0,59,2,864,171,0.535876728859185,0.5317460317460317,1.002159833908081,-0.0021598339080810547
child_spatial_meanfilter,22,early_late_halves,0,60,1,288,41,0.4698331193838255,0.4906191369606004,1.0206494331359863,-0.020649433135986328
child_spatial_meanfilter,22,early_late_halves,0,61,1,439,87,0.5065144984326019,0.4692887931034483,1.011426329612732,-0.011426329612731934
child_spatial_meanfilter,22,early_late_halves,0,62,1,439,91,0.5679550334722748,0.5357774409498548,1.0047633647918701,-0.004763364791870117
child_spatial_meanfilter,22,early_late_halves,0,63,1,453,90,0.5142332415059688,0.5166666666666666,1.0105799436569214,-0.010579943656921387
child_spatial_meanfilter,22,early_late_halves,0,64,1,481,96,0.6644209956709957,0.5979707792207792,0.9605149030685425,0.03948509693145752
child_spatial_meanfilter,22,early_late_halves,0,65,1,481,95,0.6109353695118626,0.5779110989910008,0.9778456091880798,0.022154390811920166
child_spatial_meanfilter,22,early_late_halves,0,66,1,409,81,0.6176038843721771,0.5802280939476061,0.9756990671157837,0.02430093288421631
child_spatial_meanfilter,22,early_late_halves,0,67,1,484,96,0.4655820446735396,0.4761060996563574,1.0138370990753174,-0.013837099075317383
child_spatial_meanfilter,22,early_late_halves,0,68,1,372,71,0.6584857985120022,0.5920640119788498,0.970678985118866,0.029321014881134033
child_spatial_meanfilter,22,early_late_halves,0,69,1,477,93,0.5228214605734767,0.501932123655914,1.0061018466949463,-0.006101846694946289
child_spatial_meanfilter,22,early_late_halves,0,70,1,385,79,0.5420493091751468,0.52341358484322,0.9952816963195801,0.004718303680419922
child_spatial_meanfilter,22,early_late_halves,0,71,1,444,87,0.5127016323770888,0.5024147590070511,1.0097466707229614,-0.009746670722961426
child_spatial_meanfilter,22,early_late_halves,0,72,1,343,72,0.5398985239852399,0.5291615416154162,1.0022695064544678,-0.0022695064544677734
child_spatial,22,early_late_halves,1,0,1,426,86,0.5781634746922025,0.5598837209302325,0.9954330921173096,0.00456690788269043
child_spatial,22,early_late_halves,1,1,2,963,194,0.5498036008740766,0.5142540184735833,0.9940059185028076,0.005994081497192383
child_spatial,22,early_late_halves,1,2,1,432,87,0.5711311011161087,0.5521239380309845,0.9975159168243408,0.0024840831756591797
child_spatial,22,early_late_halves,1,3,1,483,97,0.576678596228834,0.564539821590727,0.9880566000938416,0.011943399906158447
child_spatial,22,early_late_halves,1,4,2,948,192,0.5772845017636684,0.5520006613756614,0.9875922203063965,0.012407779693603516
child_spatial,22,early_late_halves,1,5,1,484,98,0.5102437347996194,0.5010838532304114,1.0037586688995361,-0.003758668899536133
child_spatial,22,early_late_halves,1,6,1,373,79,0.5171144407129942,0.4676440196331697,1.0206177234649658,-0.02061772346496582
child_spatial,22,early_late_halves,1,8,1,469,95,0.5791021671826625,0.5706304531381932,0.9916321039199829,0.00836789608001709
child_spatial,22,early_late_halves,1,10,1,478,96,0.6394388089005236,0.5686900087260035,0.9763250350952148,0.023674964904785156
child_spatial,22,early_late_halves,1,11,1,458,95,0.5329563578367406,0.5181238219515731,1.0098152160644531,-0.009815216064453125
child_spatial,22,early_late_halves,1,12,1,478,95,0.48722000824515593,0.480720076954789,1.0131486654281616,-0.013148665428161621
child_spatial,22,early_late_halves,1,13,1,482,98,0.5423974277210885,0.5079453656462585,1.0007576942443848,-0.0007576942443847656
child_spatial,22,early_late_halves,1,14,1,483,98,0.5051948051948052,0.5108534322820037,1.0100302696228027,-0.010030269622802734
child_spatial,22,early_late_halves,1,15,1,433,85,0.4329783637592968,0.4638776200135226,1.0207093954086304,-0.02070939540863037
child_spatial,22,early_late_halves,1,16,1,475,94,0.46513933098788185,0.49568604456357845,1.019934892654419,-0.019934892654418945
child_spatial,22,early_late_halves,1,17,1,408,80,0.5225990853658536,0.4945121951219512,0.9985642433166504,0.0014357566833496094
child_spatial,22,early_late_halves,1,18,1,425,84,0.5619850579528,0.5546536796536796,1.00328528881073,-0.0032852888107299805
child_spatial,22,early_late_halves,1,19,1,480,98,0.6245859600384656,0.574206646009189,0.9729931354522705,0.027006864547729492
child_spatial,22,early_late_halves,1,20,2,916,184,0.5258783262057496,0.5079145877880732,1.0149017572402954,-0.01490175724029541
child_spatial,22,early_late_halves,1,21,1,446,92,0.5163350528125767,0.5046671579464506,1.0178627967834473,-0.017862796783447266
child_spatial,22,early_late_halves,1,22,2,509,101,0.5496384197243254,0.5600732867404388,0.9981530904769897,0.001846909523010254
child_spatial,22,early_late_halves,1,23,1,482,98,0.5701530612244897,0.5505952380952381,0.9915957450866699,0.008404254913330078
child_spatial,22,early_late_halves,1,24,2,819,165,0.5476971550366045,0.5549624687239366,1.0013542175292969,-0.001354217529296875
child_spatial,22,early_late_halves,1,25,2,879,179,0.5001675977653631,0.5002354349561053,1.0120738744735718,-0.012073874473571777
child_spatial,22,early_late_halves,1,26,1,475,97,0.5356188294332624,0.5278050510009273,1.002560019493103,-0.0025600194931030273
child_spatial,22,early_late_halves,1,27,1,481,98,0.5103106516758139,0.5071801566579635,1.003986120223999,-0.0039861202239990234
child_spatial,22,early_late_halves,1,28,1,248,51,0.46113267642082206,0.4728277097641087,1.0400772094726562,-0.04007720947265625
child_spatial,22,early_late_halves,1,30,1,483,98,0.6032865094089584,0.5468460111317254,0.9730453491210938,0.02695465087890625
child_spatial,22,early_late_halves,1,31,2,896,182,0.5745644411610799,0.5555914673561733,0.9892687201499939,0.010731279850006104
child_spatial,22,early_late_halves,1,32,1,486,98,0.6678545129391963,0.6097201767304861,0.9548088312149048,0.045191168785095215
child_spatial,22,early_late_halves,1,33,1,475,95,0.5425069252077562,0.5342105263157895,1.008955478668213,-0.00895547866821289
child_spatial,22,early_late_halves,1,34,1,486,98,0.5424994740164106,0.5130969913738691,0.9951400756835938,0.00485992431640625
child_spatial,22,early_late_halves,1,35,1,466,94,0.5016157629832989,0.5261381834820408,1.012342929840088,-0.01234292984008789
child_spatial,22,early_late_halves,1,36,1,445,88,0.4907212885154062,0.48505538579067986,1.0096328258514404,-0.00963282585144043
child_spatial,22,early_late_halves,1,37,1,378,82,0.4461107448912327,0.4839733025708636,1.059598445892334,-0.059598445892333984
child_spatial,22,early_late_halves,1,38,2,963,195,0.658059561965812,0.6239082532051282,0.9540368318557739,0.045963168144226074
child_spatial,22,early_late_halves,1,39,1,483,96,0.4729085917312662,0.47516957364341084,1.01125967502594,-0.011259675025939941
child_spatial,22,early_late_halves,1,40,1,394,81,0.4711473987299334,0.4680708397428312,1.0090633630752563,-0.009063363075256348
child_spatial,22,early_late_halves,1,41,1,483,97,0.46486565888574327,0.4909459964745473,1.0177829265594482,-0.017782926559448242
child_spatial,22,early_late_halves,1,42,1,482,95,0.4581123351013192,0.46801305589555287,1.0362720489501953,-0.03627204895019531
child_spatial,22,early_late_halves,1,43,1,477,96,0.5619942038495188,0.5421998031496063,0.9946774244308472,0.005322575569152832
child_spatial,22,early_late_halves,1,44,1,417,86,0.5685203400548022,0.5393978781704489,0.9880052208900452,0.011994779109954834
child_spatial,22,early_late_halves,1,45,2,955,194,0.5069665524201742,0.509875773873227,1.0073013305664062,-0.00730133056640625
child_spatial,22,early_late_halves,1,46,1,426,88,0.5174825174825175,0.5210126412049488,1.0004527568817139,-0.0004527568817138672
child_spatial,22,early_late_halves,1,47,1,486,98,0.5517173364191037,0.5426046707342731,0.9992921948432922,0.0007078051567077637
child_spatial,22,early_late_halves,1,48,1,408,85,0.5976871243853579,0.5761609907120743,0.9828864336013794,0.017113566398620605
child_spatial,22,early_late_halves,1,49,1,481,95,0.485846741205345,0.4740523588764658,1.0265448093414307,-0.026544809341430664
child_spatial,22,early_late_halves,1,50,1,293,64,0.6182792030567685,0.6140488537117904,0.9765760898590088,0.02342391014099121
child_spatial,22,early_late_halves,1,51,2,965,194,0.5396058138446521,0.5097844545174963,0.9972238540649414,0.0027761459350585938
child_spatial,22,early_late_halves,1,52,1,479,96,0.5164545256744996,0.5305972584856397,1.0111050605773926,-0.011105060577392578
child_spatial,22,early_late_halves,1,53,1,483,97,0.5505314887025266,0.5361759521393088,0.9965216517448425,0.0034783482551574707
child_spatial,22,early_late_halves,1,54,1,484,98,0.5507824891614677,0.545363223009411,0.997738242149353,0.0022617578506469727
child_spatial,22,early_late_halves,1,55,1,337,65,0.45183823529411765,0.45319570135746606,1.0452255010604858,-0.04522550106048584
child_spatial,22,early_late_halves,1,56,1,482,98,0.5738865858843538,0.5581685799319729,0.9896756410598755,0.010324358940124512
child_spatial,22,early_late_halves,1,57,1,486,98,0.5505470229328845,0.5394750683778666,0.9973164796829224,0.0026835203170776367
child_spatial,22,early_late_halves,1,58,1,479,98,0.4576436873962183,0.4637634581391612,1.0208975076675415,-0.020897507667541504
child_spatial,22,early_late_halves,1,59,2,927,191,0.4793919303437286,0.49569272137491466,1.0124802589416504,-0.01248025894165039
child_spatial,22,early_late_halves,1,60,1,287,44,0.4897119341563786,0.48760755705200154,1.0129928588867188,-0.01299285888671875
child_spatial,22,early_late_halves,1,61,1,467,94,0.5051480235012263,0.5072015287205521,1.0127124786376953,-0.012712478637695312
child_spatial,22,early_late_halves,1,62,1,457,93,0.6394600023632282,0.5967889637244477,0.9765323400497437,0.023467659950256348
child_spatial,22,early_late_halves,1,63,1,464,91,0.4503284918834517,0.4788910821082403,1.0151383876800537,-0.015138387680053711
child_spatial,22,early_late_halves,1,64,1,479,96,0.6165143603133159,0.6049689947780679,0.9707461595535278,0.029253840446472168
child_spatial,22,early_late_halves,1,65,1,477,96,0.6449994531933508,0.5932168635170604,0.9641638398170471,0.03583616018295288
child_spatial,22,early_late_halves,1,66,1,446,93,0.56215541137409,0.5342989430077066,0.9874792098999023,0.012520790100097656
child_spatial,22,early_late_halves,1,67,1,485,98,0.5033881769762169,0.5056161999683595,1.0048649311065674,-0.004864931106567383
child_spatial,22,early_late_halves,1,68,1,326,66,0.6981351981351981,0.6582167832167831,0.9421651363372803,0.05783486366271973
child_spatial,22,early_late_halves,1,69,1,465,95,0.5047652916073969,0.5056187766714082,1.0161793231964111,-0.016179323196411133
child_spatial,22,early_late_halves,1,70,1,384,78,0.4361907156024803,0.44004524886877827,1.060023307800293,-0.06002330780029297
child_spatial,22,early_late_halves,1,71,1,480,97,0.5723937444483325,0.5625420580872655,0.9915130734443665,0.008486926555633545
child_spatial,22,early_late_halves,1,72,1,341,70,0.4687401159725883,0.48110173958882446,1.015244960784912,-0.01524496078491211
child_spatial_meanfilter,22,early_late_halves,1,0,1,426,86,0.5858071135430917,0.5448700410396716,0.9943332672119141,0.0056667327880859375
child_spatial_meanfilter,22,early_late_halves,1,1,2,963,194,0.5237220650731301,0.5196734278015364,0.9988216161727905,0.0011783838272094727
child_spatial_meanfilter,22,early_late_halves,1,2,1,432,87,0.41994002998500757,0.4505247376311844,1.006457805633545,-0.006457805633544922
child_spatial_meanfilter,22,early_late_halves,1,3,1,483,97,0.615418513968271,0.5519336573900967,0.9892910718917847,0.010708928108215332
child_spatial_meanfilter,22,early_late_halves,1,4,2,948,192,0.5775531856261023,0.5467509920634921,0.9947217702865601,0.005278229713439941
child_spatial_meanfilter,22,early_late_halves,1,5,1,484,98,0.48552659405731213,0.4773183884952945,1.0009377002716064,-0.0009377002716064453
child_spatial_meanfilter,22,early_late_halves,1,6,1,373,79,0.5076422974252992,0.5279212951003186,1.002318263053894,-0.002318263053894043
child_spatial_meanfilter,22,early_late_halves,1,8,1,469,95,0.5533070644525753,0.5129186602870813,0.9961772561073303,0.0038227438926696777
child_spatial_meanfilter,22,early_late_halves,1,10,1,478,96,0.6758835078534031,0.5778523123909249,0.9842579364776611,0.015742063522338867
child_spatial_meanfilter,22,early_late_halves,1,11,1,458,95,0.4530665506742062,0.4598956067855589,1.0054922103881836,-0.005492210388183594
child_spatial_meanfilter,22,early_late_halves,1,12,1,478,95,0.4948055517383537,0.4964270990792909,1.0009098052978516,-0.0009098052978515625
child_spatial_meanfilter,22,early_late_halves,1,13,1,482,98,0.5896311649659864,0.5607727465986394,0.9901871085166931,0.009812891483306885
child_spatial_meanfilter,22,early_late_halves,1,14,1,483,98,0.484958918632388,0.4976808905380334,1.0021071434020996,-0.0021071434020996094
child_spatial_meanfilter,22,early_late_halves,1,15,1,433,85,0.4638100067613252,0.49858012170385396,1.0027633905410767,-0.00276339054107666
child_spatial_meanfilter,22,early_late_halves,1,16,1,475,94,0.5712151672530296,0.5747752275646395,0.9974132776260376,0.0025867223739624023
child_spatial_meanfilter,22,early_late_halves,1,17,1,408,80,0.4165967987804878,0.4557926829268293,1.0050814151763916,-0.0050814151763916016
child_spatial_meanfilter,22,early_late_halves,1,18,1,425,84,0.5140343527440302,0.5126378997346739,0.9989452362060547,0.0010547637939453125
child_spatial_meanfilter,22,early_late_halves,1,19,1,480,98,0.6348701784378673,0.5887648253018485,0.9914054870605469,0.008594512939453125
child_spatial_meanfilter,22,early_late_halves,1,20,2,916,184,0.6091856735566643,0.594811712995961,0.9929935932159424,0.007006406784057617
child_spatial_meanfilter,22,early_late_halves,1,21,1,446,92,0.5723870056497176,0.5322402358142962,0.9948450326919556,0.005154967308044434
child_spatial_meanfilter,22,early_late_halves,1,22,2,509,101,0.5791715200931857,0.5622330615414483,0.9959000945091248,0.004099905490875244
child_spatial_meanfilter,22,early_late_halves,1,23,1,482,98,0.5509805484693877,0.5549000850340136,0.997287392616272,0.0027126073837280273
child_spatial_meanfilter,22,early_late_halves,1,24,2,819,165,0.4603234176628672,0.4851959966638866,1.0033577680587769,-0.0033577680587768555
child_spatial_meanfilter,22,early_late_halves,1,25,2,879,179,0.5492976855546687,0.5317916999201915,0.9966557025909424,0.003344297409057617
child_spatial_meanfilter,22,early_late_halves,1,26,1,475,97,0.4946135384279714,0.4919407625593193,1.0020365715026855,-0.002036571502685547
child_spatial_meanfilter,22,early_late_halves,1,27,1,481,98,0.47443651089678696,0.4635264027281931,1.002411127090454,-0.0024111270904541016
child_spatial_meanfilter,22,early_late_halves,1,28,1,248,51,0.4604359510301582,0.4763113367174281,1.003556251525879,-0.0035562515258789062
child_spatial_meanfilter,22,early_late_halves,1,30,1,483,98,0.6101510734163795,0.5679035250463822,0.991828441619873,0.008171558380126953
child_spatial_meanfilter,22,early_late_halves,1,31,2,896,182,0.5920868347338936,0.5749299719887955,0.9948199987411499,0.005180001258850098
child_spatial_meanfilter,22,early_late_halves,1,32,1,486,98,0.6585709025878393,0.6504576057227014,0.9886362552642822,0.011363744735717773
child_spatial_meanfilter,22,early_late_halves,1,33,1,475,95,0.5211772853185596,0.5236842105263158,0.9995065927505493,0.0004934072494506836
child_spatial_meanfilter,22,early_late_halves,1,34,1,486,98,0.6269855880496529,0.5610403955396592,0.9908310174942017,0.00916898250579834
child_spatial_meanfilter,22,early_late_halves,1,35,1,466,94,0.5056051246854267,0.5088080530770991,0.9997737407684326,0.0002262592315673828
child_spatial_meanfilter,22,early_late_halves,1,36,1,445,88,0.5063820982938629,0.4903870639164757,0.9988977909088135,0.0011022090911865234
child_spatial_meanfilter,22,early_late_halves,1,37,1,378,82,0.4653098220171391,0.4919660514172709,1.0026999711990356,-0.0026999711990356445
child_spatial_meanfilter,22,early_late_halves,1,38,2,963,195,0.6439569978632479,0.612139423076923,0.9900661110877991,0.009933888912200928
child_spatial_meanfilter,22,early_late_halves,1,39,1,483,96,0.519474052540913,0.5445332687338501,0.9995729923248291,0.00042700767517089844
child_spatial_meanfilter,22,early_late_halves,1,40,1,394,81,0.521930343549087,0.5066264347414507,0.9999758005142212,2.4199485778808594e-05
child_spatial_meanfilter,22,early_late_halves,1,41,1,483,97,0.4477057849473853,0.443258907109663,1.0027955770492554,-0.002795577049255371
child_spatial_meanfilter,22,early_late_halves,1,42,1,482,95,0.5697266421868625,0.5689786481708147,0.9960777759552002,0.003922224044799805
child_spatial_meanfilter,22,early_late_halves,1,43,1,477,96,0.5344214785651794,0.5650836614173229,1.000824213027954,-0.0008242130279541016
child_spatial_meanfilter,22,early_late_halves,1,44,1,417,86,0.5284549989461111,0.5313707580973793,0.9985848665237427,0.0014151334762573242
child_spatial_meanfilter,22,early_late_halves,1,45,2,955,194,0.5511162740290176,0.5237817846837449,0.9966007471084595,0.0033992528915405273
child_spatial_meanfilter,22,early_late_halves,1,46,1,426,88,0.5504807692307692,0.5769230769230769,0.9973617196083069,0.0026382803916931152
child_spatial_meanfilter,22,early_late_halves,1,47,1,486,98,0.4805649063749211,0.48945402903429414,1.0013593435287476,-0.0013593435287475586
child_spatial_meanfilter,22,early_late_halves,1,48,1,408,85,0.633691495173921,0.5910216718266253,0.9913171529769897,0.008682847023010254
child_spatial_meanfilter,22,early_late_halves,1,49,1,481,95,0.48622852467957456,0.4737932915189528,1.0014684200286865,-0.0014684200286865234
child_spatial_meanfilter,22,early_late_halves,1,50,1,293,64,0.6433542576419214,0.5992426310043668,0.9903895854949951,0.009610414505004883
child_spatial_meanfilter,22,early_late_halves,1,51,2,965,194,0.5020290959658764,0.4824668725848075,1.000569224357605,-0.0005692243576049805
child_spatial_meanfilter,22,early_late_halves,1,52,1,479,96,0.5501523063533508,0.5398988250652741,0.9973695278167725,0.002630472183227539
child_spatial_meanfilter,22,early_late_halves,1,53,1,483,97,0.5378051386143903,0.4952326264622616,0.9974819421768188,0.0025180578231811523
child_spatial_meanfilter,22,early_late_halves,1,54,1,484,98,0.5576160516019879,0.5296076980014804,0.9968079924583435,0.003192007541656494
child_spatial_meanfilter,22,early_late_halves,1,55,1,337,65,0.5459841628959275,0.5263857466063349,0.998129665851593,0.0018703341484069824
child_spatial_meanfilter,22,early_late_halves,1,56,1,482,98,0.6476934523809524,0.597310799319728,0.9896401166915894,0.010359883308410645
child_spatial_meanfilter,22,early_late_halves,1,57,1,486,98,0.6167289080580686,0.5694298337891858,0.9923665523529053,0.0076334476470947266
child_spatial_meanfilter,22,early_late_halves,1,58,1,479,98,0.553337082864642,0.5318844073062295,0.9966846704483032,0.0033153295516967773
child_spatial_meanfilter,22,early_late_halves,1,59,2,927,191,0.5636061632142044,0.54502190985659,0.996216893196106,0.003783106803894043
child_spatial_meanfilter,22,early_late_halves,1,60,1,287,44,0.49031986531986527,0.4971006359895249,1.0020992755889893,-0.002099275588989258
child_spatial_meanfilter,22,early_late_halves,1,61,1,467,94,0.5632593691175631,0.5327990416975643,0.9969369769096375,0.003063023090362549
child_spatial_meanfilter,22,early_late_halves,1,62,1,457,93,0.5776025050218598,0.527339595887983,0.9947999119758606,0.005200088024139404
child_spatial_meanfilter,22,early_late_halves,1,63,1,464,91,0.5014583271955926,0.4983354447161418,1.002649188041687,-0.0026491880416870117
child_spatial_meanfilter,22,early_late_halves,1,64,1,479,96,0.6163375761531766,0.6064784595300261,0.9922161102294922,0.0077838897705078125
child_spatial_meanfilter,22,early_late_halves,1,65,1,477,96,0.6489774715660541,0.614624343832021,0.9889459013938904,0.01105409860610962
child_spatial_meanfilter,22,early_late_halves,1,66,1,446,93,0.6281793536202748,0.5907277102561759,0.9906461238861084,0.009353876113891602
child_spatial_meanfilter,22,early_late_halves,1,67,1,485,98,0.48386331276696726,0.4879238517112271,1.0013587474822998,-0.0013587474822998047
child_spatial_meanfilter,22,early_late_halves,1,68,1,326,66,0.6915501165501166,0.6587995337995338,0.9853396415710449,0.014660358428955078
child_spatial_meanfilter,22,early_late_halves,1,69,1,465,95,0.4954765291607397,0.48854907539118064,1.001812219619751,-0.0018122196197509766
child_spatial_meanfilter,22,early_late_halves,1,70,1,384,78,0.506514999162058,0.48315736551030675,0.9983394145965576,0.0016605854034423828
child_spatial_meanfilter,22,early_late_halves,1,71,1,480,97,0.4278619687222417,0.44515625420580873,1.007066249847412,-0.007066249847412109
child_spatial_meanfilter,22,early_late_halves,1,72,1,341,70,0.6179230363732208,0.5710332103321033,0.9918735027313232,0.008126497268676758
child_spatial,33,odd_even_blocks,0,0,1,303,62,0.49173470753580506,0.4699504751706599,1.001050591468811,-0.0010505914688110352
child_spatial,33,odd_even_blocks,0,1,2,590,111,0.5609753803908293,0.5122157648253682,0.9927101135253906,0.007289886474609375
child_spatial,33,odd_even_blocks,0,2,1,253,52,0.5660160734787599,0.5780233448143897,0.9928303956985474,0.007169604301452637
child_spatial,33,odd_even_blocks,0,3,1,306,58,0.48967602892102335,0.4853309232480534,1.0110312700271606,-0.011031270027160645
child_spatial,33,odd_even_blocks,0,4,2,573,111,0.575026325026325,0.5612495612495613,0.9913169145584106,0.008683085441589355
child_spatial,33,odd_even_blocks,0,5,1,299,56,0.505842151675485,0.49265138154027044,1.0031564235687256,-0.003156423568725586
child_spatial,33,odd_even_blocks,0,6,1,226,40,0.4288306451612904,0.4536290322580645,1.0324397087097168,-0.0324397087097168
child_spatial,33,odd_even_blocks,0,8,1,289,53,0.47205788295490886,0.4639031020147106,1.0125986337661743,-0.012598633766174316
child_spatial,33,odd_even_blocks,0,10,1,299,57,0.601348412353197,0.5662969406988546,0.9857484102249146,0.01425158977508545
child_spatial,33,odd_even_blocks,0,11,1,256,53,0.47667069430244446,0.4817826935588809,1.0227534770965576,-0.022753477096557617
child_spatial,33,odd_even_blocks,0,12,1,295,57,0.6517396432257113,0.5961963732861566,0.9740376472473145,0.025962352752685547
child_spatial,33,odd_even_blocks,0,13,1,298,56,0.582349468713105,0.5392561983471074,0.987663209438324,0.012336790561676025
child_spatial,33,odd_even_blocks,0,14,1,295,55,0.548560606060606,0.5081439393939393,0.9920181632041931,0.007981836795806885
child_spatial,33,odd_even_blocks,0,15,1,275,51,0.4821866246498599,0.4991684173669468,1.0055347681045532,-0.005534768104553223
child_spatial,33,odd_even_blocks,0,16,1,290,54,0.4838747645951036,0.5145951035781544,1.0100104808807373,-0.010010480880737305
child_spatial,33,odd_even_blocks,0,17,1,242,46,0.5841282165039929,0.5445874001774623,0.9907224178314209,0.009277582168579102
child_spatial,33,odd_even_blocks,0,18,1,281,52,0.4492777964393685,0.4984044339939536,1.0221294164657593,-0.022129416465759277
child_spatial,33,odd_even_blocks,0,19,1,300,58,0.49166429182103166,0.4874608150470219,1.0052108764648438,-0.00521087646484375
child_spatial,33,odd_even_blocks,0,20,2,556,104,0.5669566882232812,0.5334411164057181,0.9905386567115784,0.00946134328842163
child_spatial,33,odd_even_blocks,0,21,1,279,55,0.4939935064935065,0.5032467532467533,1.0149855613708496,-0.01498556137084961
child_spatial,33,odd_even_blocks,0,22,2,314,57,0.47368421052631576,0.5257014130657383,1.0102121829986572,-0.010212182998657227
child_spatial,33,odd_even_blocks,0,23,1,300,57,0.667099848386398,0.6230236084037254,0.9644484519958496,0.03555154800415039
child_spatial,33,odd_even_blocks,0,24,2,549,104,0.5070980985306828,0.4801534140017286,1.0006582736968994,-0.0006582736968994141
child_spatial,33,odd_even_blocks,0,25,2,545,106,0.4899643271586367,0.48741780203722007,1.0038926601409912,-0.003892660140991211
child_spatial,33,odd_even_blocks,0,26,1,290,56,0.4598977411477412,0.49671855921855923,1.015942096710205,-0.015942096710205078
child_spatial,33,odd_even_blocks,0,27,1,294,56,0.517219387755102,0.5052521008403361,1.0016047954559326,-0.0016047954559326172
child_spatial,33,odd_even_blocks,0,30,1,300,56,0.4243632903981265,0.44716042154566743,1.0178343057632446,-0.01783430576324463
child_spatial,33,odd_even_blocks,0,31,2,521,101,0.49019330504479014,0.4733262611975483,1.0120785236358643,-0.012078523635864258
child_spatial,33,odd_even_blocks,0,32,1,301,58,0.5040797502483326,0.5031928480204342,1.0017991065979004,-0.0017991065979003906
child_spatial,33,odd_even_blocks,0,33,1,295,56,0.5128511655708308,0.5134488942020322,1.0033235549926758,-0.0033235549926757812
child_spatial,33,odd_even_blocks,0,34,1,303,57,0.5903223505919271,0.5505990586221652,0.9877336621284485,0.012266337871551514
child_spatial,33,odd_even_blocks,0,35,1,290,57,0.4523002785934794,0.4549732700850839,1.0125362873077393,-0.012536287307739258
child_spatial,33,odd_even_blocks,0,36,1,274,53,0.5242038760351746,0.5175019209425424,1.0117284059524536,-0.011728405952453613
child_spatial,33,odd_even_blocks,0,37,1,230,46,0.5385160680529301,0.5108695652173914,0.9959872961044312,0.004012703895568848
child_spatial,33,odd_even_blocks,0,38,2,596,113,0.5560563586727496,0.5439546345664084,0.9933034181594849,0.006696581840515137
child_spatial,33,odd_even_blocks,0,39,1,299,54,0.5565003779289494,0.5332199546485261,0.9911807775497437,0.008819222450256348
child_spatial,33,odd_even_blocks,0,40,1,259,47,0.5093336009634684,0.5134985949417905,1.0034990310668945,-0.0034990310668945312
child_spatial,33,odd_even_blocks,0,41,1,326,67,0.5509710136575807,0.5363625886013945,0.9922575950622559,0.007742404937744141
child_spatial,33,odd_even_blocks,0,42,1,286,54,0.5310105363984674,0.5372765006385696,0.9967309236526489,0.0032690763473510742
child_spatial,33,odd_even_blocks,0,43,1,297,53,0.48035879987627594,0.4710408289514383,1.010875940322876,-0.010875940322875977
child_spatial,33,odd_even_blocks,0,44,1,257,50,0.5277777777777778,0.5363768115942029,1.0050842761993408,-0.00508427619934082
child_spatial,33,odd_even_blocks,0,45,2,574,109,0.48143434941304136,0.48384137318733356,1.0076565742492676,-0.007656574249267578
child_spatial,33,odd_even_blocks,0,46,1,270,53,0.5293452743239718,0.5460394748282758,1.0015716552734375,-0.0015716552734375
child_spatial,33,odd_even_blocks,0,47,1,301,58,0.41712785582517387,0.44646658152405283,1.0205203294754028,-0.020520329475402832
child_spatial,33,odd_even_blocks,0,48,1,229,43,0.5062515628907227,0.4773068267066767,1.0033535957336426,-0.003353595733642578
child_spatial,33,odd_even_blocks,0,49,1,301,56,0.4982871720116619,0.4806122448979592,1.0075726509094238,-0.007572650909423828
child_spatial,33,odd_even_blocks,0,50,1,220,40,0.5499305555555556,0.4916666666666667,0.9921313524246216,0.007868647575378418
child_spatial,33,odd_even_blocks,0,51,2,604,113,0.46544887623235953,0.4633581457383343,1.009431004524231,-0.009431004524230957
child_spatial,33,odd_even_blocks,0,52,1,297,55,0.49015777610818934,0.4946280991735537,1.0064480304718018,-0.006448030471801758
child_spatial,33,odd_even_blocks,0,53,1,297,57,0.49360380116959063,0.5059210526315789,1.0417652130126953,-0.04176521301269531
child_spatial,33,odd_even_blocks,0,54,1,296,55,0.5308185590343266,0.5271218408147869,1.0033016204833984,-0.0033016204833984375
child_spatial,33,odd_even_blocks,0,56,1,298,57,0.5396374754313169,0.48314770328310397,0.9968657493591309,0.0031342506408691406
child_spatial,33,odd_even_blocks,0,57,1,299,56,0.49426807760141095,0.4975014697236919,1.0050315856933594,-0.005031585693359375
child_spatial,33,odd_even_blocks,0,58,1,292,54,0.5529878618113911,0.5483193277310925,0.9925434589385986,0.007456541061401367
child_spatial,33,odd_even_blocks,0,59,2,565,108,0.4667821541453926,0.47066212821136233,1.0077438354492188,-0.00774383544921875
child_spatial,33,odd_even_blocks,0,61,1,289,55,0.40617715617715616,0.4505050505050505,1.0192571878433228,-0.019257187843322754
child_spatial,33,odd_even_blocks,0,62,1,283,55,0.6100079744816587,0.585725677830941,0.982223629951477,0.01777637004852295
child_spatial,33,odd_even_blocks,0,63,1,281,54,0.4399167890357317,0.4446076031979116,1.0331671237945557,-0.033167123794555664
child_spatial,33,odd_even_blocks,0,64,1,295,56,0.6421846981470414,0.6161087866108786,0.9782817363739014,0.021718263626098633
child_spatial,33,odd_even_blocks,0,65,1,294,55,0.48364397109166973,0.46930391783948266,1.0094003677368164,-0.009400367736816406
child_spatial,33,odd_even_blocks,0,66,1,254,52,0.51999238385377,0.4887661843107388,1.0004091262817383,-0.00040912628173828125
child_spatial,33,odd_even_blocks,0,67,1,299,58,0.49917727858062666,0.4887680641007297,1.0032479763031006,-0.003247976303100586
child_spatial,33,odd_even_blocks,0,68,1,215,41,0.5114942528735633,0.5054667788057191,0.9976028800010681,0.0023971199989318848
child_spatial,33,odd_even_blocks,0,69,1,294,56,0.3716236494597839,0.43907563025210083,1.035132646560669,-0.035132646560668945
child_spatial,33,odd_even_blocks,0,70,1,247,49,0.5594207379921665,0.5584415584415584,1.0010268688201904,-0.0010268688201904297
child_spatial,33,odd_even_blocks,0,71,1,298,56,0.5489964580873672,0.5380755608028336,0.9967209696769714,0.0032790303230285645
child_spatial,33,odd_even_blocks,0,72,1,207,40,0.5235778443113772,0.5214071856287426,0.9983025789260864,0.0016974210739135742
child_spatial_meanfilter,33,odd_even_blocks,0,0,1,303,62,0.5414937759336099,0.49534868156873246,0.9978680610656738,0.002131938934326172
child_spatial_meanfilter,33,odd_even_blocks,0,1,2,590,111,0.49822264853580095,0.5236133837386447,0.9999253153800964,7.468461990356445e-05
child_spatial_meanfilter,33,odd_even_blocks,0,2,1,253,52,0.5391312667432071,0.533964791427478,0.998711109161377,0.0012888908386230469
child_spatial_meanfilter,33,odd_even_blocks,0,3,1,306,58,0.5493951612903226,0.5068131256952169,0.9988517761230469,0.001148223876953125
child_spatial_meanfilter,33,odd_even_blocks,0,4,2,573,111,0.5032467532467533,0.517052767052767,0.9999395608901978,6.0439109802246094e-05
child_spatial_meanfilter,33,odd_even_blocks,0,5,1,299,56,0.49875073486184596,0.48291446208112876,0.9999809265136719,1.9073486328125e-05
child_spatial_meanfilter,33,odd_even_blocks,0,6,1,226,40,0.5170698924731183,0.4907258064516129,1.000306487083435,-0.0003064870834350586
child_spatial_meanfilter,33,odd_even_blocks,0,8,1,289,53,0.53054045410937,0.483810361368724,0.9988200664520264,0.0011799335479736328
child_spatial_meanfilter,33,odd_even_blocks,0,10,1,299,57,0.5062345947513411,0.5024648397854139,1.0008604526519775,-0.0008604526519775391
child_spatial_meanfilter,33,odd_even_blocks,0,11,1,256,53,0.49637512779998144,0.5467050841156241,1.0021225214004517,-0.00212252140045166
child_spatial_meanfilter,33,odd_even_blocks,0,12,1,295,57,0.5119784756007666,0.501953412944125,1.002142310142517,-0.00214231014251709
child_spatial_meanfilter,33,odd_even_blocks,0,13,1,298,56,0.5139093860684769,0.4943181818181818,0.9994679689407349,0.0005320310592651367
child_spatial_meanfilter,33,odd_even_blocks,0,14,1,295,55,0.5286363636363636,0.4850378787878788,0.9993953704833984,0.0006046295166015625
child_spatial_meanfilter,33,odd_even_blocks,0,15,1,275,51,0.40983893557422973,0.46244747899159666,1.0028953552246094,-0.002895355224609375
child_spatial_meanfilter,33,odd_even_blocks,0,16,1,290,54,0.4788135593220339,0.482187696170747,1.000421404838562,-0.0004214048385620117
child_spatial_meanfilter,33,odd_even_blocks,0,17,1,242,46,0.49767080745341613,0.48225377107364686,1.000601053237915,-0.0006010532379150391
child_spatial_meanfilter,33,odd_even_blocks,0,18,1,281,52,0.560421565334229,0.5437520994289553,0.9982598423957825,0.0017401576042175293
child_spatial_meanfilter,33,odd_even_blocks,0,19,1,300,58,0.5136791108577943,0.5138216015958963,0.9997458457946777,0.0002541542053222656
child_spatial_meanfilter,33,odd_even_blocks,0,20,2,556,104,0.481737151123213,0.4825136147038802,0.9999611973762512,3.88026237487793e-05
child_spatial_meanfilter,33,odd_even_blocks,0,21,1,279,55,0.589935064935065,0.5920454545454545,0.9974571466445923,0.002542853355407715
child_spatial_meanfilter,33,odd_even_blocks,0,22,2,314,57,0.44665164857669465,0.5069970646460509,1.0011200904846191,-0.0011200904846191406
child_spatial_meanfilter,33,odd_even_blocks,0,23,1,300,57,0.5916901306764855,0.586961230236084,0.996249258518219,0.003750741481781006
child_spatial_meanfilter,33,odd_even_blocks,0,24,2,549,104,0.5659788245462403,0.5098746758859118,0.9986815452575684,0.0013184547424316406
child_spatial_meanfilter,33,odd_even_blocks,0,25,2,545,106,0.5050393260841535,0.5146237159926076,1.000136137008667,-0.0001361370086669922
child_spatial_meanfilter,33,odd_even_blocks,0,26,1,290,56,0.4661172161172161,0.5041971916971917,1.003105878829956,-0.0031058788299560547
child_spatial_meanfilter,33,odd_even_blocks,0,27,1,294,56,0.46586134453781514,0.5,1.001287579536438,-0.0012875795364379883
child_spatial_meanfilter,33,odd_even_blocks,0,30,1,300,56,0.5367388758782202,0.5324941451990632,0.9983011484146118,0.0016988515853881836
child_spatial_meanfilter,33,odd_even_blocks,0,31,2,521,101,0.48365157944365866,0.5028877887788779,1.00094735622406,-0.0009473562240600586
child_spatial_meanfilter,33,odd_even_blocks,0,32,1,301,58,0.5295870583226905,0.4764793529161345,0.9994584918022156,0.0005415081977844238
child_spatial_meanfilter,33,odd_even_blocks,0,33,1,295,56,0.5776300059772863,0.5134115361625822,0.9962974786758423,0.003702521324157715
child_spatial_meanfilter,33,odd_even_blocks,0,34,1,303,57,0.5949935815147624,0.5288831835686778,0.9978008270263672,0.0021991729736328125
child_spatial_meanfilter,33,odd_even_blocks,0,35,1,290,57,0.505233039680747,0.4792937278819366,0.9997073411941528,0.00029265880584716797
child_spatial_meanfilter,33,odd_even_blocks,0,36,1,274,53,0.479125757705114,0.4845897720481516,1.0003787279129028,-0.00037872791290283203
child_spatial_meanfilter,33,odd_even_blocks,0,37,1,230,46,0.5544659735349716,0.5027173913043479,0.9981527328491211,0.0018472671508789062
child_spatial_meanfilter,33,odd_even_blocks,0,38,2,596,113,0.5299016105095367,0.4969127320031514,0.9995495080947876,0.00045049190521240234
child_spatial_meanfilter,33,odd_even_blocks,0,39,1,299,54,0.5481103552532124,0.5487906273620559,0.99866783618927,0.0013321638107299805
child_spatial_meanfilter,33,odd_even_blocks,0,40,1,259,47,0.48735447611401045,0.4646728221597752,1.0002583265304565,-0.00025832653045654297
child_spatial_meanfilter,33,odd_even_blocks,0,41,1,326,67,0.5492998328819224,0.5277761770299084,0.9985902905464172,0.0014097094535827637
child_spatial_meanfilter,33,odd_even_blocks,0,42,1,286,54,0.46819125159642394,0.501676245210728,1.0012500286102295,-0.0012500286102294922
child_spatial_meanfilter,33,odd_even_blocks,0,43,1,297,53,0.46303742653881846,0.49764150943396224,1.0023268461227417,-0.0023268461227416992
child_spatial_meanfilter,33,odd_even_blocks,0,44,1,257,50,0.5345410628019324,0.513768115942029,0.998849630355835,0.001150369644165039
child_spatial_meanfilter,33,odd_even_blocks,0,45,2,574,109,0.569616257275328,0.5053664792344875,0.9977920651435852,0.002207934856414795
child_spatial_meanfilter,33,odd_even_blocks,0,46,1,270,53,0.5294756977654117,0.49121815494304844,0.9993681311607361,0.000631868839263916
child_spatial_meanfilter,33,odd_even_blocks,0,47,1,301,58,0.514367816091954,0.49489144316730527,0.9998204708099365,0.00017952919006347656
child_spatial_meanfilter,33,odd_even_blocks,0,48,1,229,43,0.5345086271567892,0.5348212053013253,0.9989423751831055,0.0010576248168945312
child_spatial_meanfilter,33,odd_even_blocks,0,49,1,301,56,0.506960641399417,0.475765306122449,1.0000077486038208,-7.748603820800781e-06
child_spatial_meanfilter,33,odd_even_blocks,0,50,1,220,40,0.5788888888888889,0.5361111111111111,0.9981082677841187,0.0018917322158813477
child_spatial_meanfilter,33,odd_even_blocks,0,51,2,604,113,0.5457167060180597,0.5052358380044338,0.9991509914398193,0.0008490085601806641
child_spatial_meanfilter,33,odd_even_blocks,0,52,1,297,55,0.4990232907588279,0.4644628099173554,1.0004973411560059,-0.0004973411560058594
child_spatial_meanfilter,33,odd_even_blocks,0,53,1,297,57,0.552704678362573,0.512719298245614,0.9976670742034912,0.002332925796508789
child_spatial_meanfilter,33,odd_even_blocks,0,54,1,296,55,0.5585439456808752,0.5224443606186345,0.9995013475418091,0.000498652458190918
child_spatial_meanfilter,33,odd_even_blocks,0,56,1,298,57,0.5829875518672198,0.5466986969498435,0.9980747103691101,0.0019252896308898926
child_spatial_meanfilter,33,odd_even_blocks,0,57,1,299,56,0.4881687242798354,0.526197824808936,1.0005886554718018,-0.0005886554718017578
child_spatial_meanfilter,33,odd_even_blocks,0,58,1,292,54,0.49747121070650485,0.5034235916588858,0.9998403787612915,0.0001596212387084961
child_spatial_meanfilter,33,odd_even_blocks,0,59,2,565,108,0.48533106410568116,0.4834265337547613,1.0008260011672974,-0.0008260011672973633
child_spatial_meanfilter,33,odd_even_blocks,0,61,1,289,55,0.483993783993784,0.47867132867132867,1.000412940979004,-0.00041294097900390625
child_spatial_meanfilter,33,odd_even_blocks,0,62,1,283,55,0.6084130781499203,0.49031100478468903,0.9977365732192993,0.0022634267807006836
child_spatial_meanfilter,33,odd_even_blocks,0,63,1,281,54,0.4705090553108175,0.4956762930331212,1.002771258354187,-0.0027712583541870117
child_spatial_meanfilter,33,odd_even_blocks,0,64,1,295,56,0.6493947997609085,0.529587567244471,0.9962980151176453,0.0037019848823547363
child_spatial_meanfilter,33,odd_even_blocks,0,65,1,294,55,0.505287181437809,0.5077976416888551,0.9996881484985352,0.00031185150146484375
child_spatial_meanfilter,33,odd_even_blocks,0,66,1,254,52,0.5776370906321402,0.5131378522467631,0.9979492425918579,0.00205075740814209
child_spatial_meanfilter,33,odd_even_blocks,0,67,1,299,58,0.47252825869223064,0.4891615395621691,1.0004793405532837,-0.0004793405532836914
child_spatial_meanfilter,33,odd_even_blocks,0,68,1,215,41,0.6341463414634146,0.5702270815811606,0.9967278242111206,0.0032721757888793945
child_spatial_meanfilter,33,odd_even_blocks,0,69,1,294,56,0.5347764105642256,0.539390756302521,1.0004009008407593,-0.00040090084075927734
child_spatial_meanfilter,33,odd_even_blocks,0,70,1,247,49,0.5741599670171098,0.5493197278911565,0.9938973188400269,0.0061026811599731445
child_spatial_meanfilter,33,odd_even_blocks,0,71,1,298,56,0.5321723730814639,0.5582201889020071,0.9994839429855347,0.000516057014465332
child_spatial_meanfilter,33,odd_even_blocks,0,72,1,207,40,0.45157185628742513,0.5436377245508982,0.9996792078018188,0.00032079219818115234
child_spatial,33,odd_even_blocks,1,0,1,267,53,0.5688591077411391,0.533283371539411,0.9948416948318481,0.0051583051681518555
child_spatial,33,odd_even_blocks,1,1,2,697,141,0.5047897851931221,0.4959372927190163,1.0023585557937622,-0.002358555793762207
child_spatial,33,odd_even_blocks,1,2,1,311,68,0.5245400629387558,0.5113168724279835,1.000327229499817,-0.00032722949981689453
child_spatial,33,odd_even_blocks,1,3,1,349,70,0.5306451612903226,0.5135176651305684,0.9967468976974487,0.0032531023025512695
child_spatial,33,odd_even_blocks,1,4,2,688,143,0.4896644639763906,0.49012638737409375,1.008305549621582,-0.008305549621582031
child_spatial,33,odd_even_blocks,1,5,1,351,72,0.5013938669852648,0.5105286738351255,1.0027713775634766,-0.0027713775634765625
child_spatial,33,odd_even_blocks,1,6,1,292,58,0.46485411140583555,0.5256410256410257,1.0633459091186523,-0.06334590911865234
child_spatial,33,odd_even_blocks,1,8,1,338,70,0.4962420042643923,0.5264392324093816,1.0050673484802246,-0.005067348480224609
child_spatial,33,odd_even_blocks,1,10,1,347,72,0.5351767676767677,0.5159343434343435,0.99454265832901,0.00545734167098999
child_spatial,33,odd_even_blocks,1,11,1,318,67,0.39629541535351126,0.4365225664506155,1.0316720008850098,-0.031672000885009766
child_spatial,33,odd_even_blocks,1,12,1,346,70,0.5126035196687371,0.5093685300207039,1.0044142007827759,-0.004414200782775879
child_spatial,33,odd_even_blocks,1,13,1,351,72,0.38311429709279177,0.4014336917562724,1.02736234664917,-0.027362346649169922
child_spatial,33,odd_even_blocks,1,14,1,345,73,0.5212782030620468,0.5197925060435133,1.0014598369598389,-0.0014598369598388672
child_spatial,33,odd_even_blocks,1,15,1,329,69,0.49874581939799334,0.49489966555183945,1.0047674179077148,-0.004767417907714844
child_spatial,33,odd_even_blocks,1,16,1,343,71,0.4695008285004142,0.46465927920463956,1.0252447128295898,-0.025244712829589844
child_spatial,33,odd_even_blocks,1,17,1,255,50,0.5399024390243903,0.5234146341463415,0.9980212450027466,0.001978754997253418
child_spatial,33,odd_even_blocks,1,18,1,320,63,0.5195787783336422,0.4978691865851399,1.0030498504638672,-0.0030498504638671875
child_spatial,33,odd_even_blocks,1,19,1,349,71,0.5159843955821258,0.4884993413719729,1.002920150756836,-0.0029201507568359375
child_spatial,33,odd_even_blocks,1,20,2,638,138,0.47830434782608694,0.4798840579710145,1.0197994709014893,-0.019799470901489258
child_spatial,33,odd_even_blocks,1,21,1,292,61,0.5025193385849124,0.4874033070754382,1.0148987770080566,-0.01489877700805664
child_spatial,33,odd_even_blocks,1,22,2,340,67,0.5056038488874309,0.49081515499425943,1.0064409971237183,-0.006440997123718262
child_spatial,33,odd_even_blocks,1,23,1,351,71,0.5043259557344064,0.522761569416499,1.0068302154541016,-0.0068302154541015625
child_spatial,33,odd_even_blocks,1,24,2,640,132,0.485087091386304,0.47628847530422336,1.0042287111282349,-0.004228711128234863
child_spatial,33,odd_even_blocks,1,25,2,621,129,0.5182375370265331,0.5112261297031575,1.0000348091125488,-3.4809112548828125e-05
child_spatial,33,odd_even_blocks,1,26,1,343,69,0.5152332592827674,0.5215540040198878,1.01228666305542,-0.012286663055419922
child_spatial,33,odd_even_blocks,1,27,1,346,70,0.5260351966873706,0.5231366459627329,0.9997245073318481,0.00027549266815185547
child_spatial,33,odd_even_blocks,1,30,1,355,74,0.572208329325767,0.5695633355775704,0.9920899271965027,0.007910072803497314
child_spatial,33,odd_even_blocks,1,31,2,639,128,0.4738946306262231,0.4710280088062622,1.0088450908660889,-0.008845090866088867
child_spatial,33,odd_even_blocks,1,32,1,353,70,0.5759464916708733,0.5428319030792529,0.991360068321228,0.008639931678771973
child_spatial,33,odd_even_blocks,1,33,1,342,71,0.5058988618055195,0.5225560002078894,1.0031108856201172,-0.0031108856201171875
child_spatial,33,odd_even_blocks,1,34,1,354,73,0.4951981670160386,0.4602934724321162,1.004307508468628,-0.00430750846862793
child_spatial,33,odd_even_blocks,1,35,1,337,69,0.47999134760977724,0.4669586848366861,1.0071732997894287,-0.007173299789428711
child_spatial,33,odd_even_blocks,1,36,1,312,61,0.4432760760237738,0.48363921363725426,1.0383646488189697,-0.03836464881896973
child_spatial,33,odd_even_blocks,1,37,1,267,59,0.43187744458930905,0.43998533246414606,1.0159484148025513,-0.01594841480255127
child_spatial,33,odd_even_blocks,1,38,2,700,144,0.6051658673061551,0.5970723421262989,0.9863731861114502,0.013626813888549805
child_spatial,33,odd_even_blocks,1,39,1,354,71,0.4684964913153835,0.48163539541133726,1.0070750713348389,-0.007075071334838867
child_spatial,33,odd_even_blocks,1,40,1,239,46,0.5038296913719307,0.5364383870241045,1.0011012554168701,-0.0011012554168701172
child_spatial,33,odd_even_blocks,1,41,1,319,64,0.5295649509803921,0.5265318627450981,1.002193570137024,-0.0021935701370239258
child_spatial,33,odd_even_blocks,1,42,1,347,67,0.49005863539445627,0.4957622601279318,1.0046168565750122,-0.004616856575012207
child_spatial,33,odd_even_blocks,1,43,1,347,69,0.5045355020331561,0.4839432801584819,1.0030817985534668,-0.003081798553466797
child_spatial,33,odd_even_blocks,1,44,1,290,60,0.4989130434782608,0.5014492753623189,1.0075552463531494,-0.007555246353149414
child_spatial,33,odd_even_blocks,1,45,2,686,142,0.4840513670256835,0.488517502071251,1.0090688467025757,-0.009068846702575684
child_spatial,33,odd_even_blocks,1,46,1,307,63,0.5446265938069217,0.5364949258391882,0.9976041316986084,0.0023958683013916016
child_spatial,33,odd_even_blocks,1,47,1,352,70,0.5500253292806485,0.5285207700101318,0.9938451051712036,0.006154894828796387
child_spatial,33,odd_even_blocks,1,48,1,280,58,0.42765610438024226,0.43367505436470954,1.0277819633483887,-0.027781963348388672
child_spatial,33,odd_even_blocks,1,49,1,348,67,0.5180591703404684,0.5003186912413025,0.9988745450973511,0.0011254549026489258
child_spatial,33,odd_even_blocks,1,50,1,250,52,0.5083527583527584,0.48407148407148404,1.0049265623092651,-0.004926562309265137
child_spatial,33,odd_even_blocks,1,51,2,690,140,0.49931168831168826,0.5249350649350649,1.0063374042510986,-0.006337404251098633
child_spatial,33,odd_even_blocks,1,52,1,349,71,0.5131978923903131,0.5165670280676867,1.000664234161377,-0.0006642341613769531
child_spatial,33,odd_even_blocks,1,53,1,347,72,0.47492424242424247,0.4734848484848485,1.0084543228149414,-0.008454322814941406
child_spatial,33,odd_even_blocks,1,54,1,352,72,0.5174107142857143,0.5480158730158731,1.0091087818145752,-0.009108781814575195
child_spatial,33,odd_even_blocks,1,56,1,352,72,0.5469990079365079,0.5107142857142857,0.9962978363037109,0.0037021636962890625
child_spatial,33,odd_even_blocks,1,57,1,352,72,0.5068948412698413,0.5007936507936508,1.0038721561431885,-0.0038721561431884766
child_spatial,33,odd_even_blocks,1,58,1,335,70,0.5093261455525606,0.4747978436657682,1.0018808841705322,-0.0018808841705322266
child_spatial,33,odd_even_blocks,1,59,2,652,137,0.5643327900219687,0.5367585571539933,0.992080807685852,0.00791919231414795
child_spatial,33,odd_even_blocks,1,61,1,320,65,0.5157164404223228,0.5215686274509804,1.0075995922088623,-0.007599592208862305
child_spatial,33,odd_even_blocks,1,62,1,318,66,0.5447330447330447,0.5335497835497836,0.9959831237792969,0.004016876220703125
child_spatial,33,odd_even_blocks,1,63,1,324,64,0.460186298076923,0.45745192307692306,1.0274851322174072,-0.027485132217407227
child_spatial,33,odd_even_blocks,1,64,1,345,70,0.5040519480519481,0.5062337662337661,1.0033897161483765,-0.003389716148376465
child_spatial,33,odd_even_blocks,1,65,1,352,71,0.4340634554658914,0.4752142749736855,1.0115573406219482,-0.011557340621948242
child_spatial,33,odd_even_blocks,1,66,1,312,66,0.5299642769154964,0.5059127864005912,0.998752772808075,0.0012472271919250488
child_spatial,33,odd_even_blocks,1,67,1,349,72,0.4784145607701564,0.48503309265944644,1.0058296918869019,-0.0058296918869018555
child_spatial,33,odd_even_blocks,1,68,1,236,41,0.5296435272045029,0.5464665415884928,0.9996464252471924,0.0003535747528076172
child_spatial,33,odd_even_blocks,1,69,1,346,71,0.4401536491677337,0.4710371318822023,1.0238386392593384,-0.02383863925933838
child_spatial,33,odd_even_blocks,1,70,1,268,56,0.5263645552560646,0.476078167115903,0.9916532039642334,0.008346796035766602
child_spatial,33,odd_even_blocks,1,71,1,313,66,0.5102134707397865,0.5147834621518832,1.0120325088500977,-0.012032508850097656
child_spatial,33,odd_even_blocks,1,72,1,230,49,0.5367008681925809,0.5067087608524072,1.00623619556427,-0.0062361955642700195
child_spatial_meanfilter,33,odd_even_blocks,1,0,1,267,53,0.6045230118144949,0.4992946570269794,0.9956299066543579,0.00437009334564209
child_spatial_meanfilter,33,odd_even_blocks,1,1,2,697,141,0.49609673962957296,0.47874253788458593,1.0005707740783691,-0.0005707740783691406
child_spatial_meanfilter,33,odd_even_blocks,1,2,1,311,68,0.5115286855482934,0.49906197046719925,1.000089168548584,-8.916854858398438e-05
child_spatial_meanfilter,33,odd_even_blocks,1,3,1,349,70,0.4956989247311828,0.5216077828981055,1.0004032850265503,-0.00040328502655029297
child_spatial_meanfilter,33,odd_even_blocks,1,4,2,688,143,0.5549496375184448,0.5250144351061782,0.9986505508422852,0.0013494491577148438
child_spatial_meanfilter,33,odd_even_blocks,1,5,1,351,72,0.5287485065710872,0.5257616487455198,0.9998399019241333,0.00016009807586669922
child_spatial_meanfilter,33,odd_even_blocks,1,6,1,292,58,0.519967580312408,0.5593869731800767,0.9988272786140442,0.0011727213859558105
child_spatial_meanfilter,33,odd_even_blocks,1,8,1,338,70,0.4689498933901919,0.49323027718550105,1.0011833906173706,-0.0011833906173706055
child_spatial_meanfilter,33,odd_even_blocks,1,10,1,347,72,0.4580050505050505,0.49964646464646467,1.0028971433639526,-0.0028971433639526367
child_spatial_meanfilter,33,odd_even_blocks,1,11,1,318,67,0.5309508235713861,0.5324076827020277,0.9986569881439209,0.0013430118560791016
child_spatial_meanfilter,33,odd_even_blocks,1,12,1,346,70,0.5248447204968945,0.5115942028985507,1.000020146369934,-2.014636993408203e-05
child_spatial_meanfilter,33,odd_even_blocks,1,13,1,351,72,0.5279022301871764,0.5103046594982079,0.9992018938064575,0.0007981061935424805
child_spatial_meanfilter,33,odd_even_blocks,1,14,1,345,73,0.5196665995165188,0.530267929089444,0.9998317956924438,0.00016820430755615234
child_spatial_meanfilter,33,odd_even_blocks,1,15,1,329,69,0.5157748049052396,0.5235228539576366,0.999610424041748,0.0003895759582519531
child_spatial_meanfilter,33,odd_even_blocks,1,16,1,343,71,0.4929577464788732,0.4801418806959403,1.0023512840270996,-0.0023512840270996094
child_spatial_meanfilter,33,odd_even_blocks,1,17,1,255,50,0.5383902439024391,0.48121951219512193,0.9992728233337402,0.0007271766662597656
child_spatial_meanfilter,33,odd_even_blocks,1,18,1,320,63,0.5180347106417145,0.5204743375949602,0.9995321035385132,0.0004678964614868164
child_spatial_meanfilter,33,odd_even_blocks,1,19,1,349,71,0.6363866653156349,0.5188975580099301,0.9964643716812134,0.003535628318786621
child_spatial_meanfilter,33,odd_even_blocks,1,20,2,638,138,0.4915942028985507,0.4900434782608696,1.0022470951080322,-0.0022470951080322266
child_spatial_meanfilter,33,odd_even_blocks,1,21,1,292,61,0.5020935348804201,0.4804839968774395,1.0007538795471191,-0.0007538795471191406
child_spatial_meanfilter,33,odd_even_blocks,1,22,2,340,67,0.4848832759280521,0.47624514788693895,1.0007691383361816,-0.0007691383361816406
child_spatial_meanfilter,33,odd_even_blocks,1,23,1,351,71,0.5071931589537224,0.5134054325955735,1.0003844499588013,-0.00038444995880126953
child_spatial_meanfilter,33,odd_even_blocks,1,24,2,640,132,0.4983670365068003,0.4968682891911238,1.0000017881393433,-1.7881393432617188e-06
child_spatial_meanfilter,33,odd_even_blocks,1,25,2,621,129,0.6027446902376,0.5306059746643979,0.996856689453125,0.003143310546875
child_spatial_meanfilter,33,odd_even_blocks,1,26,1,343,69,0.5630223209563101,0.5150745794985718,0.9979220628738403,0.002077937126159668
child_spatial_meanfilter,33,odd_even_blocks,1,27,1,346,70,0.44567805383022774,0.48995859213250514,1.00226891040802,-0.0022689104080200195
child_spatial_meanfilter,33,odd_even_blocks,1,30,1,355,74,0.5263778012888334,0.4612869096854862,0.9997330904006958,0.0002669095993041992
child_spatial_meanfilter,33,odd_even_blocks,1,31,2,639,128,0.5347663894324853,0.5323125611545988,0.998356282711029,0.0016437172889709473
child_spatial_meanfilter,33,odd_even_blocks,1,32,1,353,70,0.5535083291267037,0.5083796062594649,0.9986093640327454,0.0013906359672546387
child_spatial_meanfilter,33,odd_even_blocks,1,33,1,342,71,0.543656774595915,0.522322124629697,0.9993971586227417,0.0006028413772583008
child_spatial_meanfilter,33,odd_even_blocks,1,34,1,354,73,0.5220104324087165,0.4977818944084239,0.9997351169586182,0.00026488304138183594
child_spatial_meanfilter,33,odd_even_blocks,1,35,1,337,69,0.4919695003244646,0.4797750378542072,1.002029299736023,-0.0020292997360229492
child_spatial_meanfilter,33,odd_even_blocks,1,36,1,312,61,0.5558748612108941,0.5225328195415061,0.9996477365493774,0.0003522634506225586
child_spatial_meanfilter,33,odd_even_blocks,1,37,1,267,59,0.5359354628422426,0.4873696219035202,0.9992129802703857,0.0007870197296142578
child_spatial_meanfilter,33,odd_even_blocks,1,38,2,700,144,0.5463753996802557,0.5175609512390088,0.9990368485450745,0.0009631514549255371
child_spatial_meanfilter,33,odd_even_blocks,1,39,1,354,71,0.4104165629821331,0.463196137958493,1.002612590789795,-0.002612590789794922
child_spatial_meanfilter,33,odd_even_blocks,1,40,1,239,46,0.6468799279116919,0.5611624239693624,0.9950591921806335,0.004940807819366455
child_spatial_meanfilter,33,odd_even_blocks,1,41,1,319,64,0.5130821078431373,0.4904411764705882,1.001205325126648,-0.0012053251266479492
child_spatial_meanfilter,33,odd_even_blocks,1,42,1,347,67,0.5096215351812367,0.48347547974413646,1.000145673751831,-0.0001456737518310547
child_spatial_meanfilter,33,odd_even_blocks,1,43,1,347,69,0.5318788447502867,0.5013293712855802,0.9991635084152222,0.000836491584777832
child_spatial_meanfilter,33,odd_even_blocks,1,44,1,290,60,0.5317753623188406,0.5239130434782608,0.9996381998062134,0.0003618001937866211
child_spatial_meanfilter,33,odd_even_blocks,1,45,2,686,142,0.5590630178127589,0.5075341756420878,0.9985169172286987,0.0014830827713012695
child_spatial_meanfilter,33,odd_even_blocks,1,46,1,307,63,0.5704852979443144,0.5248503773093937,0.9984275102615356,0.0015724897384643555
child_spatial_meanfilter,33,odd_even_blocks,1,47,1,352,70,0.46215805471124616,0.49594731509625123,1.0026291608810425,-0.0026291608810424805
child_spatial_meanfilter,33,odd_even_blocks,1,48,1,280,58,0.507067412239826,0.52143522833178,0.999512791633606,0.00048720836639404297
child_spatial_meanfilter,33,odd_even_blocks,1,49,1,348,67,0.5121633823763744,0.49792850693153445,1.0002483129501343,-0.00024831295013427734
child_spatial_meanfilter,33,odd_even_blocks,1,50,1,250,52,0.472027972027972,0.5232128982128982,1.0012389421463013,-0.0012389421463012695
child_spatial_meanfilter,33,odd_even_blocks,1,51,2,690,140,0.5422597402597402,0.4915584415584416,0.9990929365158081,0.0009070634841918945
child_spatial_meanfilter,33,odd_even_blocks,1,52,1,349,71,0.5216333975073462,0.515148444624582,0.999607503414154,0.00039249658584594727
child_spatial_meanfilter,33,odd_even_blocks,1,53,1,347,72,0.4905303030303031,0.48558080808080806,1.0010231733322144,-0.0010231733322143555
child_spatial_meanfilter,33,odd_even_blocks,1,54,1,352,72,0.5008928571428571,0.5154761904761904,1.0012190341949463,-0.001219034194946289
child_spatial_meanfilter,33,odd_even_blocks,1,56,1,352,72,0.5252232142857143,0.5313492063492063,0.998852550983429,0.001147449016571045
child_spatial_meanfilter,33,odd_even_blocks,1,57,1,352,72,0.6063492063492063,0.5164682539682539,0.9973776936531067,0.0026223063468933105
child_spatial_meanfilter,33,odd_even_blocks,1,58,1,335,70,0.5163881401617251,0.5013477088948787,0.9991768002510071,0.0008231997489929199
child_spatial_meanfilter,33,odd_even_blocks,1,59,2,652,137,0.5202253561051662,0.5076961235915243,0.9998655319213867,0.00013446807861328125
child_spatial_meanfilter,33,odd_even_blocks,1,61,1,320,65,0.5232579185520363,0.5069381598793363,0.9999380111694336,6.198883056640625e-05
child_spatial_meanfilter,33,odd_even_blocks,1,62,1,318,66,0.5594035594035595,0.5050505050505051,0.9988844394683838,0.001115560531616211
child_spatial_meanfilter,33,odd_even_blocks,1,63,1,324,64,0.4517427884615385,0.48665865384615387,1.0034259557724,-0.0034259557723999023
child_spatial_meanfilter,33,odd_even_blocks,1,64,1,345,70,0.5485194805194805,0.5154545454545455,0.9993106126785278,0.000689387321472168
child_spatial_meanfilter,33,odd_even_blocks,1,65,1,352,71,0.46980101248057743,0.47947471304696504,1.0013535022735596,-0.0013535022735595703
child_spatial_meanfilter,33,odd_even_blocks,1,66,1,312,66,0.5352919438285293,0.5048041389504804,0.9997221231460571,0.0002778768539428711
child_spatial_meanfilter,33,odd_even_blocks,1,67,1,349,72,0.4329873646209387,0.4969414360208584,1.0015369653701782,-0.0015369653701782227
child_spatial_meanfilter,33,odd_even_blocks,1,68,1,236,41,0.541588492808005,0.49287054409005626,1.0000320672988892,-3.2067298889160156e-05
child_spatial_meanfilter,33,odd_even_blocks,1,69,1,346,71,0.5414084507042254,0.5300384122919334,0.9995418190956116,0.00045818090438842773
child_spatial_meanfilter,33,odd_even_blocks,1,70,1,268,56,0.503032345013477,0.4961253369272237,0.9975118041038513,0.0024881958961486816
child_spatial_meanfilter,33,odd_even_blocks,1,71,1,313,66,0.5059808612440191,0.48444976076555024,0.9996081590652466,0.00039184093475341797
child_spatial_meanfilter,33,odd_even_blocks,1,72,1,230,49,0.5116134851730747,0.5152779343781712,1.0001099109649658,-0.00010991096496582031
child_spatial,33,early_late_halves,0,0,1,420,78,0.5478520017993702,0.5412730544309492,1.0111416578292847,-0.011141657829284668
child_spatial,33,early_late_halves,0,1,2,955,188,0.5710734000943162,0.5470262697994397,0.9891295433044434,0.01087045669555664
child_spatial,33,early_late_halves,0,2,1,390,80,0.504133064516129,0.49798387096774194,1.0169603824615479,-0.01696038246154785
child_spatial,33,early_late_halves,0,3,1,482,95,0.5332109343125255,0.49107847137222904,1.0044739246368408,-0.00447392463684082
child_spatial,33,early_late_halves,0,4,2,934,187,0.5288283257808417,0.5144213216502374,1.0185667276382446,-0.01856672763824463
child_spatial,33,early_late_halves,0,5,1,484,96,0.4946842783505154,0.4855025773195876,1.015015959739685,-0.015015959739685059
child_spatial,33,early_late_halves,0,6,1,373,70,0.5037482319660538,0.46897689768976897,1.0324528217315674,-0.03245282173156738
child_spatial,33,early_late_halves,0,8,1,470,94,0.5351969216840199,0.5186170212765957,1.0001771450042725,-0.00017714500427246094
child_spatial,33,early_late_halves,0,10,1,486,96,0.6843349358974359,0.6444711538461538,0.932293176651001,0.06770682334899902
child_spatial,33,early_late_halves,0,11,1,407,81,0.5151291373172764,0.5061160342346436,1.0210375785827637,-0.021037578582763672
child_spatial,33,early_late_halves,0,12,1,476,93,0.566734046435891,0.5330581992756676,0.9947123527526855,0.005287647247314453
child_spatial,33,early_late_halves,0,13,1,485,96,0.5906839117395031,0.5822889888603255,0.9877371788024902,0.012262821197509766
child_spatial,33,early_late_halves,0,14,1,477,95,0.46658859189859464,0.4839763020115735,1.0407118797302246,-0.04071187973022461
child_spatial,33,early_late_halves,0,15,1,472,94,0.5205730046155579,0.5584543510075425,1.0052552223205566,-0.005255222320556641
child_spatial,33,early_late_halves,0,16,1,476,94,0.53876573465523,0.5382923025509636,1.0089532136917114,-0.008953213691711426
child_spatial,33,early_late_halves,0,17,1,319,61,0.5718642775447961,0.5467340195704664,0.9946936964988708,0.00530630350112915
child_spatial,33,early_late_halves,0,18,1,483,95,0.5425529028757461,0.5162642430819316,1.0082130432128906,-0.008213043212890625
child_spatial,33,early_late_halves,0,19,1,487,96,0.6202179241261723,0.5863171355498722,0.9642480611801147,0.035751938819885254
child_spatial,33,early_late_halves,0,20,2,848,170,0.5121811556481,0.49569668575394765,1.0404276847839355,-0.04042768478393555
child_spatial,33,early_late_halves,0,21,1,405,77,0.5949675324675324,0.5756255939182768,0.9844180345535278,0.015581965446472168
child_spatial,33,early_late_halves,0,22,2,457,83,0.49724566716062113,0.4882256297918949,1.0191142559051514,-0.019114255905151367
child_spatial,33,early_late_halves,0,23,1,480,96,0.6504584418402777,0.5846354166666666,0.9490765929222107,0.05092340707778931
child_spatial,33,early_late_halves,0,24,2,959,189,0.5521438878581736,0.5405723905723906,0.9948804378509521,0.0051195621490478516
child_spatial,33,early_late_halves,0,25,2,850,166,0.5553133586979497,0.5405305432255337,0.999193012714386,0.0008069872856140137
child_spatial,33,early_late_halves,0,26,1,466,94,0.5417524593914436,0.5253660489590483,1.0099103450775146,-0.009910345077514648
child_spatial,33,early_late_halves,0,27,1,483,95,0.5477346717308735,0.5409658166033641,1.0128986835479736,-0.012898683547973633
child_spatial,33,early_late_halves,0,28,1,263,51,0.540140584535701,0.5622456529781724,1.0145187377929688,-0.01451873779296875
child_spatial,33,early_late_halves,0,30,1,479,93,0.5743774026408157,0.5444593013538359,1.0000579357147217,-5.793571472167969e-05
child_spatial,33,early_late_halves,0,31,2,828,162,0.5366060504949395,0.5199366032699366,1.0075608491897583,-0.007560849189758301
child_spatial,33,early_late_halves,0,32,1,487,96,0.6488171355498721,0.5619938192668372,0.9601738452911377,0.039826154708862305
child_spatial,33,early_late_halves,0,33,1,468,92,0.47026769195189644,0.4952012025901943,1.0419557094573975,-0.04195570945739746
child_spatial,33,early_late_halves,0,34,1,486,96,0.6125267094017094,0.5727564102564102,0.9791837930679321,0.02081620693206787
child_spatial,33,early_late_halves,0,35,1,476,95,0.5187180549799696,0.5242713081917392,1.0109477043151855,-0.010947704315185547
child_spatial,33,early_late_halves,0,36,1,413,80,0.4512012012012013,0.46632882882882887,1.0711687803268433,-0.07116878032684326
child_spatial,33,early_late_halves,0,37,1,341,70,0.44267264101212445,0.451396942540854,1.0454216003417969,-0.045421600341796875
child_spatial,33,early_late_halves,0,38,2,964,191,0.682192857094478,0.6376428276315165,0.9360839128494263,0.06391608715057373
child_spatial,33,early_late_halves,0,39,1,484,95,0.5241509944527127,0.5352320389663103,1.0156036615371704,-0.01560366153717041
child_spatial,33,early_late_halves,0,40,1,366,69,0.5444786024496169,0.5305958132045089,0.9996634721755981,0.00033652782440185547
child_spatial,33,early_late_halves,0,41,1,481,95,0.5301745295882193,0.5346877556585765,1.0102487802505493,-0.010248780250549316
child_spatial,33,early_late_halves,0,42,1,472,94,0.47907519981988067,0.47312281886749974,1.034696340560913,-0.034696340560913086
child_spatial,33,early_late_halves,0,43,1,473,90,0.627966347548593,0.6038149115172613,0.9656651616096497,0.03433483839035034
child_spatial,33,early_late_halves,0,44,1,406,84,0.5695245489500148,0.5401138716356108,0.9933569431304932,0.006643056869506836
child_spatial,33,early_late_halves,0,45,2,935,186,0.5559096716769312,0.5337295605610348,1.0081758499145508,-0.008175849914550781
child_spatial,33,early_late_halves,0,46,1,414,84,0.5612373737373737,0.5301948051948051,0.9946814179420471,0.005318582057952881
child_spatial,33,early_late_halves,0,47,1,486,96,0.5438568376068376,0.515224358974359,1.0067085027694702,-0.006708502769470215
child_spatial,33,early_late_halves,0,48,1,331,64,0.5766619850187266,0.5474309456928839,0.9928117394447327,0.007188260555267334
child_spatial,33,early_late_halves,0,49,1,486,95,0.5780858796607888,0.5518643155202585,0.9818621873855591,0.018137812614440918
child_spatial,33,early_late_halves,0,50,1,442,85,0.6216015818091942,0.5719887955182072,0.97788405418396,0.02211594581604004
child_spatial,33,early_late_halves,0,51,2,971,191,0.514085783326621,0.5145590012082158,1.012454867362976,-0.012454867362976074
child_spatial,33,early_late_halves,0,52,1,485,96,0.5241002570694088,0.5291211439588689,1.0140811204910278,-0.014081120491027832
child_spatial,33,early_late_halves,0,53,1,468,94,0.5108374103993629,0.5028444646717487,1.062962532043457,-0.06296253204345703
child_spatial,33,early_late_halves,0,54,1,474,92,0.5604939676758479,0.5534657409515138,1.0002473592758179,-0.0002473592758178711
child_spatial,33,early_late_halves,0,55,1,301,62,0.5013159670670806,0.5165676879470914,1.0355323553085327,-0.035532355308532715
child_spatial,33,early_late_halves,0,56,1,487,96,0.5668824595055413,0.5556265984654731,1.000357985496521,-0.0003579854965209961
child_spatial,33,early_late_halves,0,57,1,485,96,0.5562874892887746,0.5408231576692374,0.9945440888404846,0.005455911159515381
child_spatial,33,early_late_halves,0,58,1,464,91,0.4719677105736087,0.5101346374804819,1.049546718597412,-0.04954671859741211
child_spatial,33,early_late_halves,0,59,2,864,171,0.5685636650548932,0.5726057568162831,0.9998122453689575,0.00018775463104248047
child_spatial,33,early_late_halves,0,60,1,288,41,0.4485039992100326,0.4823244791152365,1.0485843420028687,-0.04858434200286865
child_spatial,33,early_late_halves,0,61,1,439,87,0.4865791536050157,0.504555250783699,1.0234756469726562,-0.02347564697265625
child_spatial,33,early_late_halves,0,62,1,439,91,0.6631615510925856,0.645935960591133,0.9454907178878784,0.05450928211212158
child_spatial,33,early_late_halves,0,63,1,453,90,0.513973063973064,0.5184573002754821,1.0233927965164185,-0.023392796516418457
child_spatial,33,early_late_halves,0,64,1,481,96,0.7000676406926407,0.6423430735930735,0.9227916598320007,0.07720834016799927
child_spatial,33,early_late_halves,0,65,1,481,95,0.6131442596127625,0.5726615762203436,0.9772300720214844,0.022769927978515625
child_spatial,33,early_late_halves,0,66,1,409,81,0.5879065040650406,0.5456940680517917,0.9881365895271301,0.011863410472869873
child_spatial,33,early_late_halves,0,67,1,484,96,0.5075842998281787,0.5203500859106529,1.0099246501922607,-0.009924650192260742
child_spatial,33,early_late_halves,0,68,1,372,71,0.6540405222029853,0.6308548968227973,0.954163670539856,0.04583632946014404
child_spatial,33,early_late_halves,0,69,1,477,93,0.4731462813620072,0.4751344086021505,1.0396487712860107,-0.03964877128601074
child_spatial,33,early_late_halves,0,70,1,385,79,0.5477165549764209,0.535016960370646,1.0044556856155396,-0.004455685615539551
child_spatial,33,early_late_halves,0,71,1,444,87,0.5480698026336972,0.5520622041920216,0.9985468983650208,0.001453101634979248
child_spatial,33,early_late_halves,0,72,1,343,72,0.5277521525215252,0.5381560065600657,1.0178453922271729,-0.01784539222717285
child_spatial_meanfilter,33,early_late_halves,0,0,1,420,78,0.5673451791872844,0.5494826810616285,0.9921508431434631,0.007849156856536865
child_spatial_meanfilter,33,early_late_halves,0,1,2,955,188,0.5496893117700907,0.5305729701239978,0.9942308664321899,0.005769133567810059
child_spatial_meanfilter,33,early_late_halves,0,2,1,390,80,0.6037298387096774,0.5715725806451613,0.9820513725280762,0.017948627471923828
child_spatial_meanfilter,33,early_late_halves,0,3,1,482,95,0.6094111247110023,0.5712770297837617,0.9832907915115356,0.016709208488464355
child_spatial_meanfilter,33,early_late_halves,0,4,2,934,187,0.5425087157900765,0.5458983885631653,0.9977908134460449,0.002209186553955078
child_spatial_meanfilter,33,early_late_halves,0,5,1,484,96,0.562768470790378,0.546606529209622,0.9914738535881042,0.008526146411895752
child_spatial_meanfilter,33,early_late_halves,0,6,1,373,70,0.5296558227251296,0.49368222536539363,0.9988851547241211,0.0011148452758789062
child_spatial_meanfilter,33,early_late_halves,0,8,1,470,94,0.5700684698958804,0.5638297872340425,0.9900391101837158,0.00996088981628418
child_spatial_meanfilter,33,early_late_halves,0,10,1,486,96,0.6609375000000001,0.607852564102564,0.9761604070663452,0.023839592933654785
child_spatial_meanfilter,33,early_late_halves,0,11,1,407,81,0.5706657577823222,0.5382488828296599,1.0009381771087646,-0.0009381771087646484
child_spatial_meanfilter,33,early_late_halves,0,12,1,476,93,0.5955669726831185,0.5783710940790028,0.9878460168838501,0.012153983116149902
child_spatial_meanfilter,33,early_late_halves,0,13,1,485,96,0.601060411311054,0.5662623179091688,0.9840329885482788,0.01596701145172119
child_spatial_meanfilter,33,early_late_halves,0,14,1,477,95,0.5031413612565445,0.49976577569578395,1.0057811737060547,-0.0057811737060546875
child_spatial_meanfilter,33,early_late_halves,0,15,1,472,94,0.49097996172464264,0.46518631093099183,1.005907416343689,-0.005907416343688965
child_spatial_meanfilter,33,early_late_halves,0,16,1,476,94,0.5496825220006684,0.5436114514871337,0.9956597685813904,0.004340231418609619
child_spatial_meanfilter,33,early_late_halves,0,17,1,319,61,0.4539649256576439,0.45984241962129874,1.0092055797576904,-0.00920557975769043
child_spatial_meanfilter,33,early_late_halves,0,18,1,483,95,0.5703336950623983,0.5576234400434075,0.989745557308197,0.010254442691802979
child_spatial_meanfilter,33,early_late_halves,0,19,1,487,96,0.6341778559249787,0.6210304774083546,0.9732040166854858,0.02679598331451416
child_spatial_meanfilter,33,early_late_halves,0,20,2,848,170,0.5070449418705535,0.505960437272254,1.0068126916885376,-0.006812691688537598
child_spatial_meanfilter,33,early_late_halves,0,21,1,405,77,0.5729133671206842,0.5370011086474501,0.9944538474082947,0.005546152591705322
child_spatial_meanfilter,33,early_late_halves,0,22,2,457,83,0.5383995876554346,0.5384318020746086,0.9968222975730896,0.0031777024269104004
child_spatial_meanfilter,33,early_late_halves,0,23,1,480,96,0.6114095052083333,0.5911458333333333,0.9766428470611572,0.023357152938842773
child_spatial_meanfilter,33,early_late_halves,0,24,2,959,189,0.5328076685219543,0.5201058201058201,0.9980146884918213,0.001985311508178711
child_spatial_meanfilter,33,early_late_halves,0,25,2,850,166,0.5915504121750159,0.576322835200451,0.9887067079544067,0.011293292045593262
child_spatial_meanfilter,33,early_late_halves,0,26,1,466,94,0.4533573552962708,0.43943033630748113,1.0149307250976562,-0.01493072509765625
child_spatial_meanfilter,33,early_late_halves,0,27,1,483,95,0.5089256646771567,0.5106755290287575,1.00348699092865,-0.0034869909286499023
child_spatial_meanfilter,33,early_late_halves,0,28,1,263,51,0.5202552719200888,0.5411579726230115,1.0050967931747437,-0.005096793174743652
child_spatial_meanfilter,33,early_late_halves,0,30,1,479,93,0.5691264137277844,0.5275502813527215,0.9923819303512573,0.007618069648742676
child_spatial_meanfilter,33,early_late_halves,0,31,2,828,162,0.5496005264523782,0.5316149482816149,0.9951304197311401,0.004869580268859863
child_spatial_meanfilter,33,early_late_halves,0,32,1,487,96,0.6444746376811594,0.5907795183290707,0.976155698299408,0.02384430170059204
child_spatial_meanfilter,33,early_late_halves,0,33,1,468,92,0.5454006706753007,0.5230111008325624,0.9956181049346924,0.004381895065307617
child_spatial_meanfilter,33,early_late_halves,0,34,1,486,96,0.6128472222222223,0.5735576923076923,0.9845626354217529,0.01543736457824707
child_spatial_meanfilter,33,early_late_halves,0,35,1,476,95,0.5769857715154028,0.5504489570382649,0.9898797273635864,0.010120272636413574
child_spatial_meanfilter,33,early_late_halves,0,36,1,413,80,0.5080893393393393,0.5208333333333333,1.0053160190582275,-0.005316019058227539
child_spatial_meanfilter,33,early_late_halves,0,37,1,341,70,0.4654717975751186,0.44960463890353186,1.0054209232330322,-0.0054209232330322266
child_spatial_meanfilter,33,early_late_halves,0,38,2,964,191,0.6704042860142371,0.6226742886557439,0.9689880609512329,0.03101193904876709
child_spatial_meanfilter,33,early_late_halves,0,39,1,484,95,0.515112975240157,0.522310918684887,1.0047786235809326,-0.004778623580932617
child_spatial_meanfilter,33,early_late_halves,0,40,1,366,69,0.5741228712243205,0.5203484116527595,0.9899109601974487,0.01008903980255127
child_spatial_meanfilter,33,early_late_halves,0,41,1,481,95,0.43616034905917644,0.46214889555494953,1.0207396745681763,-0.02073967456817627
child_spatial_meanfilter,33,early_late_halves,0,42,1,472,94,0.4733620398514016,0.46532702915681645,1.0114328861236572,-0.011432886123657227
child_spatial_meanfilter,33,early_late_halves,0,43,1,473,90,0.5762547142442704,0.5423991876994488,0.9933542609214783,0.0066457390785217285
child_spatial_meanfilter,33,early_late_halves,0,44,1,406,84,0.5018670511682934,0.5020703933747412,1.0069522857666016,-0.0069522857666015625
child_spatial_meanfilter,33,early_late_halves,0,45,2,935,186,0.5558630144852634,0.5491192557819027,0.9949908256530762,0.005009174346923828
child_spatial_meanfilter,33,early_late_halves,0,46,1,414,84,0.5653138528138528,0.5085497835497835,0.9927257299423218,0.007274270057678223
child_spatial_meanfilter,33,early_late_halves,0,47,1,486,96,0.5132745726495727,0.4978365384615385,1.0055122375488281,-0.005512237548828125
child_spatial_meanfilter,33,early_late_halves,0,48,1,331,64,0.5229693352059925,0.48964185393258425,0.9979491233825684,0.0020508766174316406
child_spatial_meanfilter,33,early_late_halves,0,49,1,486,95,0.5724996634809529,0.5515681787589177,0.9891821146011353,0.010817885398864746
child_spatial_meanfilter,33,early_late_halves,0,50,1,442,85,0.5818256714450486,0.5299719887955182,0.9855363368988037,0.014463663101196289
child_spatial_meanfilter,33,early_late_halves,0,51,2,971,191,0.538203114512015,0.5174889246878775,0.997105598449707,0.0028944015502929688
child_spatial_meanfilter,33,early_late_halves,0,52,1,485,96,0.4950862253641817,0.4973355826906598,1.0072591304779053,-0.0072591304779052734
child_spatial_meanfilter,33,early_late_halves,0,53,1,468,94,0.566418250085334,0.5468198884969848,0.9950304627418518,0.004969537258148193
child_spatial_meanfilter,33,early_late_halves,0,54,1,474,92,0.4873093557933076,0.47496016389710904,1.0077773332595825,-0.0077773332595825195
child_spatial_meanfilter,33,early_late_halves,0,55,1,301,62,0.47799973005803753,0.47148738021325415,1.0058664083480835,-0.005866408348083496
child_spatial_meanfilter,33,early_late_halves,0,56,1,487,96,0.5046488704177323,0.4944053708439898,1.0078092813491821,-0.007809281349182129
child_spatial_meanfilter,33,early_late_halves,0,57,1,485,96,0.5745635175664096,0.591152527849186,0.994002103805542,0.005997896194458008
child_spatial_meanfilter,33,early_late_halves,0,58,1,464,91,0.5237604218837463,0.5132280588044663,1.0024137496948242,-0.0024137496948242188
child_spatial_meanfilter,33,early_late_halves,0,59,2,864,171,0.5210543192999333,0.517885623148781,1.0017931461334229,-0.0017931461334228516
child_spatial_meanfilter,33,early_late_halves,0,60,1,288,41,0.49348276883578557,0.5030117507652809,1.0113520622253418,-0.011352062225341797
child_spatial_meanfilter,33,early_late_halves,0,61,1,439,87,0.5163923719958203,0.4882771682340648,1.0043082237243652,-0.004308223724365234
child_spatial_meanfilter,33,early_late_halves,0,62,1,439,91,0.5780598711633194,0.5758494379184035,0.9967501163482666,0.0032498836517333984
child_spatial_meanfilter,33,early_late_halves,0,63,1,453,90,0.4796449341903887,0.5017906336088154,1.0123995542526245,-0.012399554252624512
child_spatial_meanfilter,33,early_late_halves,0,64,1,481,96,0.6837391774891776,0.6345238095238095,0.9615325331687927,0.038467466831207275
child_spatial_meanfilter,33,early_late_halves,0,65,1,481,95,0.6273656940278156,0.5784837742023452,0.9761313199996948,0.023868680000305176
child_spatial_meanfilter,33,early_late_halves,0,66,1,409,81,0.5902213188798555,0.568334086118639,0.9846220016479492,0.015377998352050781
child_spatial_meanfilter,33,early_late_halves,0,67,1,484,96,0.4682801761168385,0.4661189862542955,1.0086590051651,-0.008659005165100098
child_spatial_meanfilter,33,early_late_halves,0,68,1,372,71,0.6455711010247532,0.6295915025033925,0.9779222011566162,0.02207779884338379
child_spatial_meanfilter,33,early_late_halves,0,69,1,477,93,0.4949176747311828,0.4915574596774194,1.007908821105957,-0.007908821105957031
child_spatial_meanfilter,33,early_late_halves,0,70,1,385,79,0.5297840655249442,0.5246132208157525,0.9976547360420227,0.002345263957977295
child_spatial_meanfilter,33,early_late_halves,0,71,1,444,87,0.509208281013555,0.5094658553076403,1.0066118240356445,-0.006611824035644531
child_spatial_meanfilter,33,early_late_halves,0,72,1,343,72,0.5261633866338664,0.5284952849528495,1.0006047487258911,-0.0006047487258911133
child_spatial,33,early_late_halves,1,0,1,426,86,0.5312927496580027,0.5162790697674419,0.9991182088851929,0.0008817911148071289
child_spatial,33,early_late_halves,1,1,2,963,194,0.5629113991929537,0.5466163044789726,0.9970058798789978,0.0029941201210021973
child_spatial,33,early_late_halves,1,2,1,432,87,0.5430951191071131,0.5612193903048476,0.9963886141777039,0.0036113858222961426
child_spatial,33,early_late_halves,1,3,1,483,97,0.5418914587895945,0.5363361999893168,0.9983863830566406,0.001613616943359375
child_spatial,33,early_late_halves,1,4,2,948,192,0.5670159556878307,0.568245701058201,0.9929826259613037,0.007017374038696289
child_spatial,33,early_late_halves,1,5,1,484,98,0.5091070106799196,0.5260917838638046,0.9991836547851562,0.00081634521484375
child_spatial,33,early_late_halves,1,6,1,373,79,0.47922586756221475,0.48303625247567383,1.022057294845581,-0.022057294845581055
child_spatial,33,early_late_halves,1,8,1,469,95,0.5099774838164931,0.5134815648747537,1.0008838176727295,-0.0008838176727294922
child_spatial,33,early_late_halves,1,10,1,478,96,0.6830415575916231,0.5921684118673647,0.9573861360549927,0.042613863945007324
child_spatial,33,early_late_halves,1,11,1,458,95,0.5002464839785414,0.5170943888647238,1.0043747425079346,-0.00437474250793457
child_spatial,33,early_late_halves,1,12,1,478,95,0.48594200906967155,0.49586368008794834,1.0045573711395264,-0.004557371139526367
child_spatial,33,early_late_halves,1,13,1,482,98,0.5269451530612245,0.5075999149659864,0.9941918253898621,0.0058081746101379395
child_spatial,33,early_late_halves,1,14,1,483,98,0.4731778425655977,0.4823747680890538,1.0104637145996094,-0.010463714599609375
child_spatial,33,early_late_halves,1,15,1,433,85,0.48793103448275865,0.5149763353617309,1.0059081315994263,-0.0059081315994262695
child_spatial,33,early_late_halves,1,16,1,475,94,0.5422320880102753,0.5515022058412911,0.9964500665664673,0.003549933433532715
child_spatial,33,early_late_halves,1,17,1,408,80,0.5390815548780489,0.5160060975609756,0.998075008392334,0.0019249916076660156
child_spatial,33,early_late_halves,1,18,1,425,84,0.5377740539030862,0.5310187124703254,0.9955300688743591,0.004469931125640869
child_spatial,33,early_late_halves,1,19,1,480,98,0.5496981515119137,0.5206485735655519,0.9921773672103882,0.007822632789611816
child_spatial,33,early_late_halves,1,20,2,916,184,0.5046774768353528,0.4936742694226657,1.0034658908843994,-0.003465890884399414
child_spatial,33,early_late_halves,1,21,1,446,92,0.5425878162613608,0.5296917219356423,1.0061936378479004,-0.006193637847900391
child_spatial,33,early_late_halves,1,22,2,509,101,0.5364735002912056,0.5446757911085226,1.0013647079467773,-0.0013647079467773438
child_spatial,33,early_late_halves,1,23,1,482,98,0.5898570365646258,0.5751488095238095,0.9824687242507935,0.017531275749206543
child_spatial,33,early_late_halves,1,24,2,819,165,0.5531739412473358,0.5122602168473729,0.993969738483429,0.006030261516571045
child_spatial,33,early_late_halves,1,25,2,879,179,0.5483280127693535,0.5094812450119712,0.9965325593948364,0.0034674406051635742
child_spatial,33,early_late_halves,1,26,1,475,97,0.47477226858670163,0.4971090383461517,1.0067204236984253,-0.006720423698425293
child_spatial,33,early_late_halves,1,27,1,481,98,0.5282410614376299,0.5141871369957904,0.9992333650588989,0.0007666349411010742
child_spatial,33,early_late_halves,1,28,1,248,51,0.5755449387876979,0.5663879765104012,0.9902483224868774,0.009751677513122559
child_spatial,33,early_late_halves,1,30,1,483,98,0.5082692817386695,0.5089053803339517,1.0012634992599487,-0.0012634992599487305
child_spatial,33,early_late_halves,1,31,2,896,182,0.5077531012404962,0.5149752208575737,1.0042593479156494,-0.004259347915649414
child_spatial,33,early_late_halves,1,32,1,486,98,0.653442562592047,0.6165316642120766,0.9649159908294678,0.03508400917053223
child_spatial,33,early_late_halves,1,33,1,475,95,0.4581163434903047,0.475,1.0237282514572144,-0.023728251457214355
child_spatial,33,early_late_halves,1,34,1,486,98,0.5591205554386703,0.5641173995371345,0.9972431659698486,0.002756834030151367
child_spatial,33,early_late_halves,1,35,1,466,94,0.5242078471745596,0.5316289178677648,1.003070592880249,-0.0030705928802490234
child_spatial,33,early_late_halves,1,36,1,445,88,0.43272536287242164,0.44787687802393683,1.0334750413894653,-0.03347504138946533
child_spatial,33,early_late_halves,1,37,1,378,82,0.4082481872116019,0.43243243243243246,1.0254542827606201,-0.025454282760620117
child_spatial,33,early_late_halves,1,38,2,963,195,0.6424579326923078,0.5914362980769231,0.9721335768699646,0.0278664231300354
child_spatial,33,early_late_halves,1,39,1,483,96,0.4902158699397071,0.508640180878553,1.0045946836471558,-0.004594683647155762
child_spatial,33,early_late_halves,1,40,1,394,81,0.533704098134343,0.5269001696051749,0.9998174905776978,0.0001825094223022461
child_spatial,33,early_late_halves,1,41,1,483,97,0.5355750227017787,0.5411169275145559,0.9989528656005859,0.0010471343994140625
child_spatial,33,early_late_halves,1,42,1,482,95,0.50125118999048,0.530640554875561,1.001307487487793,-0.0013074874877929688
child_spatial,33,early_late_halves,1,43,1,477,96,0.5371691819772528,0.5423228346456693,1.0008265972137451,-0.0008265972137451172
child_spatial,33,early_late_halves,1,44,1,417,86,0.5339176561511979,0.5399423874095413,0.9972296953201294,0.0027703046798706055
child_spatial,33,early_late_halves,1,45,2,955,194,0.5844216101981927,0.5557120988390208,0.9859589338302612,0.01404106616973877
child_spatial,33,early_late_halves,1,46,1,426,88,0.5248957772996234,0.47976062399139324,0.9971200227737427,0.0028799772262573242
child_spatial,33,early_late_halves,1,47,1,486,98,0.5255233536713654,0.49802756154008,1.0014781951904297,-0.0014781951904296875
child_spatial,33,early_late_halves,1,48,1,408,85,0.48632307412128933,0.4758513931888545,1.006376028060913,-0.006376028060913086
child_spatial,33,early_late_halves,1,49,1,481,95,0.5557812926097628,0.5409326424870466,0.9956941604614258,0.004305839538574219
child_spatial,33,early_late_halves,1,50,1,293,64,0.5322393558951966,0.5384484170305677,0.998757541179657,0.0012424588203430176
child_spatial,33,early_late_halves,1,51,2,965,194,0.5056259777768863,0.5003710537927715,1.004238247871399,-0.004238247871398926
child_spatial,33,early_late_halves,1,52,1,479,96,0.5641590513489991,0.567055591818973,0.9918301701545715,0.008169829845428467
child_spatial,33,early_late_halves,1,53,1,483,97,0.44360611078468026,0.4700870679985043,1.024506688117981,-0.024506688117980957
child_spatial,33,early_late_halves,1,54,1,484,98,0.57565824257164,0.5379084276197525,0.9880394339561462,0.01196056604385376
child_spatial,33,early_late_halves,1,55,1,337,65,0.504722850678733,0.504722850678733,1.0013550519943237,-0.0013550519943237305
child_spatial,33,early_late_halves,1,56,1,482,98,0.5073341836734694,0.5191326530612245,1.0033491849899292,-0.0033491849899291992
child_spatial,33,early_late_halves,1,57,1,486,98,0.5596596886177151,0.5684304649694929,0.9982057213783264,0.001794278621673584
child_spatial,33,early_late_halves,1,58,1,479,98,0.4951122181155927,0.5007900798114522,1.0127204656600952,-0.012720465660095215
child_spatial,33,early_late_halves,1,59,2,927,191,0.5736363248349647,0.5491442351468245,0.9901426434516907,0.009857356548309326
child_spatial,33,early_late_halves,1,60,1,287,44,0.5092124953236064,0.4934062850729517,1.0030272006988525,-0.003027200698852539
child_spatial,33,early_late_halves,1,61,1,467,94,0.5100108379442131,0.4764132108835777,1.0018079280853271,-0.0018079280853271484
child_spatial,33,early_late_halves,1,62,1,457,93,0.6653521209972824,0.6065225097483162,0.978285551071167,0.021714448928833008
child_spatial,33,early_late_halves,1,63,1,464,91,0.5249241375246737,0.5208290369148278,1.0065068006515503,-0.006506800651550293
child_spatial,33,early_late_halves,1,64,1,479,96,0.5880113141862489,0.5761803742384682,0.9838612079620361,0.016138792037963867
child_spatial,33,early_late_halves,1,65,1,477,96,0.5079833770778653,0.5092273622047244,1.0006887912750244,-0.0006887912750244141
child_spatial,33,early_late_halves,1,66,1,446,93,0.5013555088488837,0.46321849584209085,1.0015050172805786,-0.0015050172805786133
child_spatial,33,early_late_halves,1,67,1,485,98,0.477390180878553,0.4802114644307335,1.006020426750183,-0.0060204267501831055
child_spatial,33,early_late_halves,1,68,1,326,66,0.5707750582750584,0.5716783216783217,0.9928128719329834,0.0071871280670166016
child_spatial,33,early_late_halves,1,69,1,465,95,0.42624466571834996,0.4237553342816501,1.0222499370574951,-0.022249937057495117
child_spatial,33,early_late_halves,1,70,1,384,78,0.4588989441930618,0.4381598793363499,1.0061936378479004,-0.006193637847900391
child_spatial,33,early_late_halves,1,71,1,480,97,0.45981265645608466,0.4265430271055961,1.0081509351730347,-0.008150935173034668
child_spatial,33,early_late_halves,1,72,1,341,70,0.5286505007907222,0.5275962045334739,1.0005548000335693,-0.0005548000335693359
child_spatial_meanfilter,33,early_late_halves,1,0,1,426,86,0.6315663474692202,0.6005129958960328,0.9916180372238159,0.008381962776184082
child_spatial_meanfilter,33,early_late_halves,1,1,2,963,194,0.5144551097287948,0.5144115399568324,1.0002086162567139,-0.0002086162567138672
child_spatial_meanfilter,33,early_late_halves,1,2,1,432,87,0.4521739130434783,0.49305347326336835,1.0034873485565186,-0.0034873485565185547
child_spatial_meanfilter,33,early_late_halves,1,3,1,483,97,0.6071924576678596,0.5708295497035415,0.9928330183029175,0.0071669816970825195
child_spatial_meanfilter,33,early_late_halves,1,4,2,948,192,0.576089203042328,0.5657655423280423,0.995367169380188,0.004632830619812012
child_spatial_meanfilter,33,early_late_halves,1,5,1,484,98,0.511089669028233,0.5052077825949033,0.9997000694274902,0.0002999305725097656
child_spatial_meanfilter,33,early_late_halves,1,6,1,373,79,0.49336949969861366,0.4991819512615172,1.002220630645752,-0.002220630645751953
child_spatial_meanfilter,33,early_late_halves,1,8,1,469,95,0.5556712637207993,0.5504925415142133,0.9964452981948853,0.003554701805114746
child_spatial_meanfilter,33,early_late_halves,1,10,1,478,96,0.6353621291448517,0.5592277486910995,0.9920092821121216,0.007990717887878418
child_spatial_meanfilter,33,early_late_halves,1,11,1,458,95,0.5103668261562998,0.5196027258228215,1.0014479160308838,-0.001447916030883789
child_spatial_meanfilter,33,early_late_halves,1,12,1,478,95,0.5551051257386286,0.53144152810224,0.9969749450683594,0.003025054931640625
child_spatial_meanfilter,33,early_late_halves,1,13,1,482,98,0.5979086947278912,0.5742718962585034,0.9911636710166931,0.008836328983306885
child_spatial_meanfilter,33,early_late_halves,1,14,1,483,98,0.5090379008746356,0.5167903525046382,0.9998950958251953,0.0001049041748046875
child_spatial_meanfilter,33,early_late_halves,1,15,1,433,85,0.5037525354969574,0.4999830966869506,0.9995041489601135,0.0004958510398864746
child_spatial_meanfilter,33,early_late_halves,1,16,1,475,94,0.5687301055453174,0.5483330541129168,0.9968584775924683,0.0031415224075317383
child_spatial_meanfilter,33,early_late_halves,1,17,1,408,80,0.44765625,0.45716463414634145,1.0036462545394897,-0.003646254539489746
child_spatial_meanfilter,33,early_late_halves,1,18,1,425,84,0.584939254294093,0.5494868035190617,0.9932190179824829,0.00678098201751709
child_spatial_meanfilter,33,early_late_halves,1,19,1,480,98,0.6388636606475051,0.6057003953413826,0.9911823272705078,0.008817672729492188
child_spatial_meanfilter,33,early_late_halves,1,20,2,916,184,0.5748953136136851,0.5540211451651224,0.9947761297225952,0.005223870277404785
child_spatial_meanfilter,33,early_late_halves,1,21,1,446,92,0.5275423728813559,0.5372758535986244,1.0009677410125732,-0.0009677410125732422
child_spatial_meanfilter,33,early_late_halves,1,22,2,509,101,0.5439720442632499,0.5200689186565716,0.9974387884140015,0.002561211585998535
child_spatial_meanfilter,33,early_late_halves,1,23,1,482,98,0.4910581420068027,0.515093537414966,1.0021560192108154,-0.0021560192108154297
child_spatial_meanfilter,33,early_late_halves,1,24,2,819,165,0.45106570290056525,0.4741729218793439,1.0047969818115234,-0.0047969818115234375
child_spatial_meanfilter,33,early_late_halves,1,25,2,879,179,0.5618675179569035,0.5319672785315244,0.9966098070144653,0.003390192985534668
child_spatial_meanfilter,33,early_late_halves,1,26,1,475,97,0.5253777341406207,0.5148093601701849,0.9988158345222473,0.0011841654777526855
child_spatial_meanfilter,33,early_late_halves,1,27,1,481,98,0.4458091330526989,0.4652848084403474,1.0044753551483154,-0.00447535514831543
child_spatial_meanfilter,33,early_late_halves,1,28,1,248,51,0.51079924355529,0.538568726983179,1.0005239248275757,-0.0005239248275756836
child_spatial_meanfilter,33,early_late_halves,1,30,1,483,98,0.5589451364961568,0.5648423005565862,0.9974601864814758,0.00253981351852417
child_spatial_meanfilter,33,early_late_halves,1,31,2,896,182,0.580697663680857,0.5454104718810601,0.995198667049408,0.004801332950592041
child_spatial_meanfilter,33,early_late_halves,1,32,1,486,98,0.6725357668840732,0.5837891857774038,0.9880128502845764,0.011987149715423584
child_spatial_meanfilter,33,early_late_halves,1,33,1,475,95,0.5052216066481995,0.506578947368421,1.0020184516906738,-0.002018451690673828
child_spatial_meanfilter,33,early_late_halves,1,34,1,486,98,0.6223043341047759,0.58297391121397,0.9919626712799072,0.008037328720092773
child_spatial_meanfilter,33,early_late_halves,1,35,1,466,94,0.5594972546328072,0.5409231297185999,0.9963103532791138,0.0036896467208862305
child_spatial_meanfilter,33,early_late_halves,1,36,1,445,88,0.49018016297428063,0.4777342755283932,1.0018391609191895,-0.0018391609191894531
child_spatial_meanfilter,33,early_late_halves,1,37,1,378,82,0.4974044166117337,0.49913480553724454,1.0005388259887695,-0.0005388259887695312
child_spatial_meanfilter,33,early_late_halves,1,38,2,963,195,0.6319544604700855,0.5832732371794872,0.9914717674255371,0.00852823257446289
child_spatial_meanfilter,33,early_late_halves,1,39,1,483,96,0.4760039836347976,0.4893410852713178,1.0018000602722168,-0.0018000602722167969
child_spatial_meanfilter,33,early_late_halves,1,40,1,394,81,0.49291997002327137,0.4839861160414941,1.0003740787506104,-0.00037407875061035156
child_spatial_meanfilter,33,early_late_halves,1,41,1,483,97,0.5402222103520111,0.522661716788633,0.99848473072052,0.0015152692794799805
child_spatial_meanfilter,33,early_late_halves,1,42,1,482,95,0.5323949408404732,0.49537603699170407,0.9989171028137207,0.0010828971862792969
child_spatial_meanfilter,33,early_late_halves,1,43,1,477,96,0.5871746500437445,0.6035925196850394,0.9961604475975037,0.003839552402496338
child_spatial_meanfilter,33,early_late_halves,1,44,1,417,86,0.4931497224759362,0.4848240005620741,1.0018398761749268,-0.0018398761749267578
child_spatial_meanfilter,33,early_late_halves,1,45,2,955,194,0.5924312827668423,0.5714774374466587,0.9946943521499634,0.005305647850036621
child_spatial_meanfilter,33,early_late_halves,1,46,1,426,88,0.561256051640667,0.5391339429800968,0.9968960285186768,0.003103971481323242
child_spatial_meanfilter,33,early_late_halves,1,47,1,486,98,0.46832263833368404,0.475568062276457,1.0025533437728882,-0.0025533437728881836
child_spatial_meanfilter,33,early_late_halves,1,48,1,408,85,0.6060826807503187,0.5835913312693498,0.9941592812538147,0.005840718746185303
child_spatial_meanfilter,33,early_late_halves,1,49,1,481,95,0.5184483228797382,0.5360785383146986,1.0000735521316528,-7.355213165283203e-05
child_spatial_meanfilter,33,early_late_halves,1,50,1,293,64,0.5932723799126638,0.552674672489083,0.9935696721076965,0.006430327892303467
child_spatial_meanfilter,33,early_late_halves,1,51,2,965,194,0.5524121839357108,0.5176300693970877,0.9979432821273804,0.002056717872619629
child_spatial_meanfilter,33,early_late_halves,1,52,1,479,96,0.5443864229765013,0.5226827676240209,0.9973815679550171,0.00261843204498291
child_spatial_meanfilter,33,early_late_halves,1,53,1,483,97,0.5585839431654293,0.5475134875273757,0.9971075057983398,0.0028924942016601562
child_spatial_meanfilter,33,early_late_halves,1,54,1,484,98,0.5435259596066406,0.5365337844982553,0.9966323375701904,0.0033676624298095703
child_spatial_meanfilter,33,early_late_halves,1,55,1,337,65,0.5035067873303167,0.4785067873303167,0.9996775388717651,0.0003224611282348633
child_spatial_meanfilter,33,early_late_halves,1,56,1,482,98,0.6048708545918368,0.5757599914965986,0.9934425354003906,0.006557464599609375
child_spatial_meanfilter,33,early_late_halves,1,57,1,486,98,0.5954002735114664,0.5527561540079949,0.9944730997085571,0.005526900291442871
child_spatial_meanfilter,33,early_late_halves,1,58,1,479,98,0.5804676201189137,0.5491992072419518,0.9944982528686523,0.005501747131347656
child_spatial_meanfilter,33,early_late_halves,1,59,2,927,191,0.5758877760072842,0.5581856077851126,0.9954650402069092,0.00453495979309082
child_spatial_meanfilter,33,early_late_halves,1,60,1,287,44,0.48063973063973064,0.4746539468761691,1.0023090839385986,-0.002309083938598633
child_spatial_meanfilter,33,early_late_halves,1,61,1,467,94,0.5226598596771433,0.4946665906109178,0.9988508820533752,0.0011491179466247559
child_spatial_meanfilter,33,early_late_halves,1,62,1,457,93,0.5634822167080231,0.5398499350112254,0.9962366819381714,0.0037633180618286133
child_spatial_meanfilter,33,early_late_halves,1,63,1,464,91,0.5287098960021213,0.5277966001826592,0.998560905456543,0.0014390945434570312
child_spatial_meanfilter,33,early_late_halves,1,64,1,479,96,0.6226882071366405,0.5931108572671888,0.9904821515083313,0.009517848491668701
child_spatial_meanfilter,33,early_late_halves,1,65,1,477,96,0.5896352799650044,0.5578248031496063,0.9936513304710388,0.006348669528961182
child_spatial_meanfilter,33,early_late_halves,1,66,1,446,93,0.6021962289439216,0.5786956654177708,0.9923690557479858,0.00763094425201416
child_spatial_meanfilter,33,early_late_halves,1,67,1,485,98,0.5160839529610294,0.4854453409270685,0.9990970492362976,0.0009029507637023926
child_spatial_meanfilter,33,early_late_halves,1,68,1,326,66,0.6348193473193473,0.5595571095571096,0.9925696849822998,0.007430315017700195
child_spatial_meanfilter,33,early_late_halves,1,69,1,465,95,0.514950213371266,0.5372688477951636,1.0009784698486328,-0.0009784698486328125
child_spatial_meanfilter,33,early_late_halves,1,70,1,384,78,0.5438034188034189,0.544746103569633,0.9966179132461548,0.003382086753845215
child_spatial_meanfilter,33,early_late_halves,1,71,1,480,97,0.4780490430943985,0.49060590562838147,1.0029981136322021,-0.0029981136322021484
child_spatial_meanfilter,33,early_late_halves,1,72,1,341,70,0.6113073273589879,0.5850289931470743,0.9931985139846802,0.006801486015319824
