packet,source_run,mode,population,calibration,metric,estimate,ci_lower,ci_upper,n_candidates,n_observations,aggregation,bootstrap_scope,bank,family,view,window
G0_within,G0_readouts_001,L0,P_bal,mixture_diagnostic,ce_bits,0.9952196366634585,0.9911569565977638,0.9992176814468224,57,15976,macro candidate mean,fixed OOF candidate bootstrap; no refit,,,,
G0_within,G0_readouts_001,L0,P_bal,mixture_diagnostic,bacc,0.5383519414026579,0.5257928046248131,0.5510146976568764,57,15976,macro candidate mean,fixed OOF candidate bootstrap; no refit,,,,
G0_within,G0_readouts_001,L0,P_bal,mixture_diagnostic,auroc,0.5516078475652906,0.5349375693552244,0.5685394224808704,57,15976,macro candidate mean,fixed OOF candidate bootstrap; no refit,,,,
G0_within,G0_readouts_001,L0,P_bal,mixture_diagnostic,brier_two_class_sum,0.4967072112181973,0.4939435306460323,0.49942974584369487,57,15976,macro candidate mean,fixed OOF candidate bootstrap; no refit,,,,
G0_within,G0_readouts_001,L0,P_bal,raw,ce_bits,0.9948250546548082,0.9904676318654769,0.9989537055508059,57,15976,macro candidate mean,fixed OOF candidate bootstrap; no refit,,,,
G0_within,G0_readouts_001,L0,P_bal,raw,bacc,0.5383519414026579,0.5257928046248131,0.5510146976568764,57,15976,macro candidate mean,fixed OOF candidate bootstrap; no refit,,,,
G0_within,G0_readouts_001,L0,P_bal,raw,auroc,0.5516078475652906,0.5349375693552244,0.5685394224808704,57,15976,macro candidate mean,fixed OOF candidate bootstrap; no refit,,,,
G0_within,G0_readouts_001,L0,P_bal,raw,brier_two_class_sum,0.4964552470798611,0.4934756909301535,0.49926626893882536,57,15976,macro candidate mean,fixed OOF candidate bootstrap; no refit,,,,
G0_within,G0_readouts_001,L0,P_bal,temperature,ce_bits,0.9952196366634585,0.9911569565977638,0.9992176814468224,57,15976,macro candidate mean,fixed OOF candidate bootstrap; no refit,,,,
G0_within,G0_readouts_001,L0,P_bal,temperature,bacc,0.5383519414026579,0.5257928046248131,0.5510146976568764,57,15976,macro candidate mean,fixed OOF candidate bootstrap; no refit,,,,
G0_within,G0_readouts_001,L0,P_bal,temperature,auroc,0.5516078475652906,0.5349375693552244,0.5685394224808704,57,15976,macro candidate mean,fixed OOF candidate bootstrap; no refit,,,,
G0_within,G0_readouts_001,L0,P_bal,temperature,brier_two_class_sum,0.4967072112181973,0.4939435306460323,0.49942974584369487,57,15976,macro candidate mean,fixed OOF candidate bootstrap; no refit,,,,
G0_within,G0_readouts_001,R_RAND,P_bal,mixture_diagnostic,ce_bits,0.9933677832436922,0.9898260262647435,0.9968361779478526,57,15976,macro candidate mean,fixed OOF candidate bootstrap; no refit,,,,
G0_within,G0_readouts_001,R_RAND,P_bal,mixture_diagnostic,bacc,0.531802085690703,0.5222344531743864,0.541622551875583,57,15976,macro candidate mean,fixed OOF candidate bootstrap; no refit,,,,
G0_within,G0_readouts_001,R_RAND,P_bal,mixture_diagnostic,auroc,0.5516799401224266,0.5391341804091232,0.5646105271699523,57,15976,macro candidate mean,fixed OOF candidate bootstrap; no refit,,,,
G0_within,G0_readouts_001,R_RAND,P_bal,mixture_diagnostic,brier_two_class_sum,0.4954441495371837,0.4930106279634844,0.49780382765413766,57,15976,macro candidate mean,fixed OOF candidate bootstrap; no refit,,,,
G0_within,G0_readouts_001,R_RAND,P_bal,raw,ce_bits,0.9937373597829591,0.989514135926244,0.9978247820997795,57,15976,macro candidate mean,fixed OOF candidate bootstrap; no refit,,,,
G0_within,G0_readouts_001,R_RAND,P_bal,raw,bacc,0.531802085690703,0.5222344531743864,0.541622551875583,57,15976,macro candidate mean,fixed OOF candidate bootstrap; no refit,,,,
G0_within,G0_readouts_001,R_RAND,P_bal,raw,auroc,0.5516799401224266,0.5391341804091232,0.5646105271699523,57,15976,macro candidate mean,fixed OOF candidate bootstrap; no refit,,,,
G0_within,G0_readouts_001,R_RAND,P_bal,raw,brier_two_class_sum,0.49570621145283505,0.49283758376819725,0.49845381043968756,57,15976,macro candidate mean,fixed OOF candidate bootstrap; no refit,,,,
G0_within,G0_readouts_001,R_RAND,P_bal,temperature,ce_bits,0.9933677832436922,0.9898260262647435,0.9968361779478526,57,15976,macro candidate mean,fixed OOF candidate bootstrap; no refit,,,,
G0_within,G0_readouts_001,R_RAND,P_bal,temperature,bacc,0.531802085690703,0.5222344531743864,0.541622551875583,57,15976,macro candidate mean,fixed OOF candidate bootstrap; no refit,,,,
G0_within,G0_readouts_001,R_RAND,P_bal,temperature,auroc,0.5516799401224266,0.5391341804091232,0.5646105271699523,57,15976,macro candidate mean,fixed OOF candidate bootstrap; no refit,,,,
G0_within,G0_readouts_001,R_RAND,P_bal,temperature,brier_two_class_sum,0.4954441495371837,0.4930106279634844,0.49780382765413766,57,15976,macro candidate mean,fixed OOF candidate bootstrap; no refit,,,,
G0_within,G0_readouts_001,R_SIM,P_bal,mixture_diagnostic,ce_bits,0.9993870654747871,0.9967908395200554,1.0018097747877672,57,15976,macro candidate mean,fixed OOF candidate bootstrap; no refit,,,,
G0_within,G0_readouts_001,R_SIM,P_bal,mixture_diagnostic,bacc,0.510448774125655,0.49914502697649615,0.5215792328538947,57,15976,macro candidate mean,fixed OOF candidate bootstrap; no refit,,,,
G0_within,G0_readouts_001,R_SIM,P_bal,mixture_diagnostic,auroc,0.5182067688481306,0.5035086553259999,0.5333125352728159,57,15976,macro candidate mean,fixed OOF candidate bootstrap; no refit,,,,
G0_within,G0_readouts_001,R_SIM,P_bal,mixture_diagnostic,brier_two_class_sum,0.49957345407690684,0.4977844806656761,0.5012458579499038,57,15976,macro candidate mean,fixed OOF candidate bootstrap; no refit,,,,
G0_within,G0_readouts_001,R_SIM,P_bal,raw,ce_bits,1.0000828789526741,0.9961621215866998,1.0036150529759944,57,15976,macro candidate mean,fixed OOF candidate bootstrap; no refit,,,,
G0_within,G0_readouts_001,R_SIM,P_bal,raw,bacc,0.5157157888620847,0.5033695017519826,0.5284275857349129,57,15976,macro candidate mean,fixed OOF candidate bootstrap; no refit,,,,
G0_within,G0_readouts_001,R_SIM,P_bal,raw,auroc,0.5259808305581303,0.5106239277227304,0.5426065397433746,57,15976,macro candidate mean,fixed OOF candidate bootstrap; no refit,,,,
G0_within,G0_readouts_001,R_SIM,P_bal,raw,brier_two_class_sum,0.5000531017315814,0.4973817127188572,0.5024518715603882,57,15976,macro candidate mean,fixed OOF candidate bootstrap; no refit,,,,
G0_within,G0_readouts_001,R_SIM,P_bal,temperature,ce_bits,0.9993841071530539,0.996789749257077,1.001806886015285,57,15976,macro candidate mean,fixed OOF candidate bootstrap; no refit,,,,
G0_within,G0_readouts_001,R_SIM,P_bal,temperature,bacc,0.5157157888620847,0.5033695017519826,0.5284275857349129,57,15976,macro candidate mean,fixed OOF candidate bootstrap; no refit,,,,
G0_within,G0_readouts_001,R_SIM,P_bal,temperature,auroc,0.5259808305581303,0.5106239277227304,0.5426065397433746,57,15976,macro candidate mean,fixed OOF candidate bootstrap; no refit,,,,
G0_within,G0_readouts_001,R_SIM,P_bal,temperature,brier_two_class_sum,0.4995714035245981,0.49778369312750054,0.5012452343725967,57,15976,macro candidate mean,fixed OOF candidate bootstrap; no refit,,,,
G0_within,G0_readouts_001,R_SUP,P_bal,mixture_diagnostic,ce_bits,0.996238453595228,0.9908963918401057,1.0013131767810552,57,15976,macro candidate mean,fixed OOF candidate bootstrap; no refit,,,,
G0_within,G0_readouts_001,R_SUP,P_bal,mixture_diagnostic,bacc,0.5262440246899021,0.5113489321123936,0.5414317168982237,57,15976,macro candidate mean,fixed OOF candidate bootstrap; no refit,,,,
G0_within,G0_readouts_001,R_SUP,P_bal,mixture_diagnostic,auroc,0.5388965827568216,0.5208154047647451,0.5560888035243678,57,15976,macro candidate mean,fixed OOF candidate bootstrap; no refit,,,,
G0_within,G0_readouts_001,R_SUP,P_bal,mixture_diagnostic,brier_two_class_sum,0.49741435169682857,0.4937711853422952,0.5008889459167443,57,15976,macro candidate mean,fixed OOF candidate bootstrap; no refit,,,,
G0_within,G0_readouts_001,R_SUP,P_bal,raw,ce_bits,0.9979643519233168,0.9918951199268973,1.0038094048512634,57,15976,macro candidate mean,fixed OOF candidate bootstrap; no refit,,,,
G0_within,G0_readouts_001,R_SUP,P_bal,raw,bacc,0.5262440246899021,0.5113489321123936,0.5414317168982237,57,15976,macro candidate mean,fixed OOF candidate bootstrap; no refit,,,,
G0_within,G0_readouts_001,R_SUP,P_bal,raw,auroc,0.5388965827568216,0.5208154047647451,0.5560888035243678,57,15976,macro candidate mean,fixed OOF candidate bootstrap; no refit,,,,
G0_within,G0_readouts_001,R_SUP,P_bal,raw,brier_two_class_sum,0.4985845563644411,0.4944815355277989,0.5025751538160382,57,15976,macro candidate mean,fixed OOF candidate bootstrap; no refit,,,,
G0_within,G0_readouts_001,R_SUP,P_bal,temperature,ce_bits,0.996238453595228,0.9908963918401057,1.0013131767810552,57,15976,macro candidate mean,fixed OOF candidate bootstrap; no refit,,,,
G0_within,G0_readouts_001,R_SUP,P_bal,temperature,bacc,0.5262440246899021,0.5113489321123936,0.5414317168982237,57,15976,macro candidate mean,fixed OOF candidate bootstrap; no refit,,,,
G0_within,G0_readouts_001,R_SUP,P_bal,temperature,auroc,0.5388965827568216,0.5208154047647451,0.5560888035243678,57,15976,macro candidate mean,fixed OOF candidate bootstrap; no refit,,,,
G0_within,G0_readouts_001,R_SUP,P_bal,temperature,brier_two_class_sum,0.49741435169682857,0.4937711853422952,0.5008889459167443,57,15976,macro candidate mean,fixed OOF candidate bootstrap; no refit,,,,
G0_bridge,G0_readouts_001,,P_bal,mixture_diagnostic,ce_bits,0.9977619417771239,0.99598746785709,0.999479295126224,59,38409,macro candidate mean,fixed OOF candidate bootstrap; no refit,causal,,,
G0_bridge,G0_readouts_001,,P_bal,mixture_diagnostic,bacc,0.5279141276085417,0.5187634635012316,0.5370964688933926,59,38409,macro candidate mean,fixed OOF candidate bootstrap; no refit,causal,,,
G0_bridge,G0_readouts_001,,P_bal,mixture_diagnostic,auroc,0.5376121222404483,0.5245200181903087,0.5509534710880938,59,38409,macro candidate mean,fixed OOF candidate bootstrap; no refit,causal,,,
G0_bridge,G0_readouts_001,,P_bal,mixture_diagnostic,brier_two_class_sum,0.49844428001245045,0.4972184747995673,0.49962406683886307,59,38409,macro candidate mean,fixed OOF candidate bootstrap; no refit,causal,,,
G0_bridge,G0_readouts_001,,P_bal,raw,ce_bits,0.9978213678165444,0.9963712129289009,0.9992031525577275,59,38409,macro candidate mean,fixed OOF candidate bootstrap; no refit,causal,,,
G0_bridge,G0_readouts_001,,P_bal,raw,bacc,0.5279141276085417,0.5187634635012316,0.5370964688933926,59,38409,macro candidate mean,fixed OOF candidate bootstrap; no refit,causal,,,
G0_bridge,G0_readouts_001,,P_bal,raw,auroc,0.5376121222404483,0.5245200181903087,0.5509534710880938,59,38409,macro candidate mean,fixed OOF candidate bootstrap; no refit,causal,,,
G0_bridge,G0_readouts_001,,P_bal,raw,brier_two_class_sum,0.4984885078224722,0.49748687752433485,0.49944354816996744,59,38409,macro candidate mean,fixed OOF candidate bootstrap; no refit,causal,,,
G0_bridge,G0_readouts_001,,P_bal,temperature,ce_bits,0.9977619417771239,0.99598746785709,0.999479295126224,59,38409,macro candidate mean,fixed OOF candidate bootstrap; no refit,causal,,,
G0_bridge,G0_readouts_001,,P_bal,temperature,bacc,0.5279141276085417,0.5187634635012316,0.5370964688933926,59,38409,macro candidate mean,fixed OOF candidate bootstrap; no refit,causal,,,
G0_bridge,G0_readouts_001,,P_bal,temperature,auroc,0.5376121222404483,0.5245200181903087,0.5509534710880938,59,38409,macro candidate mean,fixed OOF candidate bootstrap; no refit,causal,,,
G0_bridge,G0_readouts_001,,P_bal,temperature,brier_two_class_sum,0.49844428001245045,0.4972184747995673,0.49962406683886307,59,38409,macro candidate mean,fixed OOF candidate bootstrap; no refit,causal,,,
G0_bridge,G0_readouts_001,,P_bal,mixture_diagnostic,ce_bits,0.9983666986831662,0.9972024801717838,0.9995688571149982,59,38409,macro candidate mean,fixed OOF candidate bootstrap; no refit,offline,,,
G0_bridge,G0_readouts_001,,P_bal,mixture_diagnostic,bacc,0.5249109771536226,0.5162958223147801,0.5340112323639854,59,38409,macro candidate mean,fixed OOF candidate bootstrap; no refit,offline,,,
G0_bridge,G0_readouts_001,,P_bal,mixture_diagnostic,auroc,0.5358751988729794,0.5249034734357175,0.5468004434562449,59,38409,macro candidate mean,fixed OOF candidate bootstrap; no refit,offline,,,
G0_bridge,G0_readouts_001,,P_bal,mixture_diagnostic,brier_two_class_sum,0.4988663292426996,0.4980619401779568,0.4996976908183606,59,38409,macro candidate mean,fixed OOF candidate bootstrap; no refit,offline,,,
G0_bridge,G0_readouts_001,,P_bal,raw,ce_bits,0.9987959652131706,0.9971567979100747,1.000557218029461,59,38409,macro candidate mean,fixed OOF candidate bootstrap; no refit,offline,,,
G0_bridge,G0_readouts_001,,P_bal,raw,bacc,0.5249109771536226,0.5162958223147801,0.5340112323639854,59,38409,macro candidate mean,fixed OOF candidate bootstrap; no refit,offline,,,
G0_bridge,G0_readouts_001,,P_bal,raw,auroc,0.5358751988729794,0.5249034734357175,0.5468004434562449,59,38409,macro candidate mean,fixed OOF candidate bootstrap; no refit,offline,,,
G0_bridge,G0_readouts_001,,P_bal,raw,brier_two_class_sum,0.499153287120367,0.4980326173175156,0.5003602667413641,59,38409,macro candidate mean,fixed OOF candidate bootstrap; no refit,offline,,,
G0_bridge,G0_readouts_001,,P_bal,temperature,ce_bits,0.9983666986831662,0.9972024801717838,0.9995688571149982,59,38409,macro candidate mean,fixed OOF candidate bootstrap; no refit,offline,,,
G0_bridge,G0_readouts_001,,P_bal,temperature,bacc,0.5249109771536226,0.5162958223147801,0.5340112323639854,59,38409,macro candidate mean,fixed OOF candidate bootstrap; no refit,offline,,,
G0_bridge,G0_readouts_001,,P_bal,temperature,auroc,0.5358751988729794,0.5249034734357175,0.5468004434562449,59,38409,macro candidate mean,fixed OOF candidate bootstrap; no refit,offline,,,
G0_bridge,G0_readouts_001,,P_bal,temperature,brier_two_class_sum,0.4988663292426996,0.4980619401779568,0.4996976908183606,59,38409,macro candidate mean,fixed OOF candidate bootstrap; no refit,offline,,,
N3,N3_core_001,L0,P_bal,mixture_diagnostic,ce_bits,0.9571646437386901,0.9518673719708886,0.9638489870653099,60,24527,macro candidate mean,fixed OOF candidate bootstrap; no refit,,logistic,H,
N3,N3_core_001,L0,P_bal,mixture_diagnostic,bacc,0.5868926844577007,0.5816213572740079,0.5916559740504514,60,24527,macro candidate mean,fixed OOF candidate bootstrap; no refit,,logistic,H,
N3,N3_core_001,L0,P_bal,mixture_diagnostic,auroc,0.6385973173385388,0.6308537816942578,0.6452542380497651,60,24527,macro candidate mean,fixed OOF candidate bootstrap; no refit,,logistic,H,
N3,N3_core_001,L0,P_bal,mixture_diagnostic,brier_two_class_sum,0.4709210377011607,0.46750971059822005,0.4752006414291958,60,24527,macro candidate mean,fixed OOF candidate bootstrap; no refit,,logistic,H,
N3,N3_core_001,L0,P_bal,raw,ce_bits,0.9573769931056842,0.9527941505608155,0.9629502662274995,60,24527,macro candidate mean,fixed OOF candidate bootstrap; no refit,,logistic,H,
N3,N3_core_001,L0,P_bal,raw,bacc,0.5868926844577007,0.5816213572740079,0.5916559740504514,60,24527,macro candidate mean,fixed OOF candidate bootstrap; no refit,,logistic,H,
N3,N3_core_001,L0,P_bal,raw,auroc,0.6385973173385388,0.6308537816942578,0.6452542380497651,60,24527,macro candidate mean,fixed OOF candidate bootstrap; no refit,,logistic,H,
N3,N3_core_001,L0,P_bal,raw,brier_two_class_sum,0.4710242163601267,0.46799648094135127,0.47465672026020295,60,24527,macro candidate mean,fixed OOF candidate bootstrap; no refit,,logistic,H,
N3,N3_core_001,L0,P_bal,temperature,ce_bits,0.9571646437386901,0.9518673719708886,0.9638489870653099,60,24527,macro candidate mean,fixed OOF candidate bootstrap; no refit,,logistic,H,
N3,N3_core_001,L0,P_bal,temperature,bacc,0.5868926844577007,0.5816213572740079,0.5916559740504514,60,24527,macro candidate mean,fixed OOF candidate bootstrap; no refit,,logistic,H,
N3,N3_core_001,L0,P_bal,temperature,auroc,0.6385973173385388,0.6308537816942578,0.6452542380497651,60,24527,macro candidate mean,fixed OOF candidate bootstrap; no refit,,logistic,H,
N3,N3_core_001,L0,P_bal,temperature,brier_two_class_sum,0.4709210377011607,0.46750971059822005,0.4752006414291958,60,24527,macro candidate mean,fixed OOF candidate bootstrap; no refit,,logistic,H,
N3,N3_core_001,L0,P_bal,mixture_diagnostic,ce_bits,0.9594781792065178,0.954809885395412,0.9653309645546432,60,24527,macro candidate mean,fixed OOF candidate bootstrap; no refit,,logistic,HB,
N3,N3_core_001,L0,P_bal,mixture_diagnostic,bacc,0.5906127296802212,0.5861591586282564,0.594923367810437,60,24527,macro candidate mean,fixed OOF candidate bootstrap; no refit,,logistic,HB,
N3,N3_core_001,L0,P_bal,mixture_diagnostic,auroc,0.6364538396422184,0.6290614928346013,0.6426572870488488,60,24527,macro candidate mean,fixed OOF candidate bootstrap; no refit,,logistic,HB,
N3,N3_core_001,L0,P_bal,mixture_diagnostic,brier_two_class_sum,0.47240333247776456,0.4694060487092041,0.4761973691786838,60,24527,macro candidate mean,fixed OOF candidate bootstrap; no refit,,logistic,HB,
N3,N3_core_001,L0,P_bal,raw,ce_bits,0.9594308531892133,0.9549239300611819,0.9650225455869823,60,24527,macro candidate mean,fixed OOF candidate bootstrap; no refit,,logistic,HB,
N3,N3_core_001,L0,P_bal,raw,bacc,0.5906127296802212,0.5861591586282564,0.594923367810437,60,24527,macro candidate mean,fixed OOF candidate bootstrap; no refit,,logistic,HB,
N3,N3_core_001,L0,P_bal,raw,auroc,0.6364538396422184,0.6290614928346013,0.6426572870488488,60,24527,macro candidate mean,fixed OOF candidate bootstrap; no refit,,logistic,HB,
N3,N3_core_001,L0,P_bal,raw,brier_two_class_sum,0.4723702682200123,0.4694671169637029,0.47597520040923214,60,24527,macro candidate mean,fixed OOF candidate bootstrap; no refit,,logistic,HB,
N3,N3_core_001,L0,P_bal,temperature,ce_bits,0.9594781792065178,0.954809885395412,0.9653309645546432,60,24527,macro candidate mean,fixed OOF candidate bootstrap; no refit,,logistic,HB,
N3,N3_core_001,L0,P_bal,temperature,bacc,0.5906127296802212,0.5861591586282564,0.594923367810437,60,24527,macro candidate mean,fixed OOF candidate bootstrap; no refit,,logistic,HB,
N3,N3_core_001,L0,P_bal,temperature,auroc,0.6364538396422184,0.6290614928346013,0.6426572870488488,60,24527,macro candidate mean,fixed OOF candidate bootstrap; no refit,,logistic,HB,
N3,N3_core_001,L0,P_bal,temperature,brier_two_class_sum,0.47240333247776456,0.4694060487092041,0.4761973691786838,60,24527,macro candidate mean,fixed OOF candidate bootstrap; no refit,,logistic,HB,
N3,N3_core_001,L0,P_bal,mixture_diagnostic,ce_bits,0.9596257264577068,0.9546902513199164,0.9652037624627738,60,24527,macro candidate mean,fixed OOF candidate bootstrap; no refit,,logistic,HBP,
N3,N3_core_001,L0,P_bal,mixture_diagnostic,bacc,0.5946131054356076,0.5895548264230801,0.5994201514100107,60,24527,macro candidate mean,fixed OOF candidate bootstrap; no refit,,logistic,HBP,
N3,N3_core_001,L0,P_bal,mixture_diagnostic,auroc,0.6360708444780485,0.6285333816482543,0.6429740499791701,60,24527,macro candidate mean,fixed OOF candidate bootstrap; no refit,,logistic,HBP,
N3,N3_core_001,L0,P_bal,mixture_diagnostic,brier_two_class_sum,0.47250992495118455,0.4693372441848369,0.4760985727486463,60,24527,macro candidate mean,fixed OOF candidate bootstrap; no refit,,logistic,HBP,
N3,N3_core_001,L0,P_bal,raw,ce_bits,0.9594788380130894,0.9540959551016059,0.9655225503389177,60,24527,macro candidate mean,fixed OOF candidate bootstrap; no refit,,logistic,HBP,
N3,N3_core_001,L0,P_bal,raw,bacc,0.5946131054356076,0.5895548264230801,0.5994201514100107,60,24527,macro candidate mean,fixed OOF candidate bootstrap; no refit,,logistic,HBP,
N3,N3_core_001,L0,P_bal,raw,auroc,0.6360708444780485,0.6285333816482543,0.6429740499791701,60,24527,macro candidate mean,fixed OOF candidate bootstrap; no refit,,logistic,HBP,
N3,N3_core_001,L0,P_bal,raw,brier_two_class_sum,0.4723905924715475,0.4689781965501518,0.47624102411486813,60,24527,macro candidate mean,fixed OOF candidate bootstrap; no refit,,logistic,HBP,
N3,N3_core_001,L0,P_bal,temperature,ce_bits,0.9596257264577068,0.9546902513199164,0.9652037624627738,60,24527,macro candidate mean,fixed OOF candidate bootstrap; no refit,,logistic,HBP,
N3,N3_core_001,L0,P_bal,temperature,bacc,0.5946131054356076,0.5895548264230801,0.5994201514100107,60,24527,macro candidate mean,fixed OOF candidate bootstrap; no refit,,logistic,HBP,
N3,N3_core_001,L0,P_bal,temperature,auroc,0.6360708444780485,0.6285333816482543,0.6429740499791701,60,24527,macro candidate mean,fixed OOF candidate bootstrap; no refit,,logistic,HBP,
N3,N3_core_001,L0,P_bal,temperature,brier_two_class_sum,0.47250992495118455,0.4693372441848369,0.4760985727486463,60,24527,macro candidate mean,fixed OOF candidate bootstrap; no refit,,logistic,HBP,
N3,N3_core_001,L0,P_bal,mixture_diagnostic,ce_bits,0.9574554317777261,0.9521341467673533,0.9635602520441469,60,24527,macro candidate mean,fixed OOF candidate bootstrap; no refit,,logistic,HP,
N3,N3_core_001,L0,P_bal,mixture_diagnostic,bacc,0.5948393998686197,0.5899790075852244,0.5995988556445804,60,24527,macro candidate mean,fixed OOF candidate bootstrap; no refit,,logistic,HP,
N3,N3_core_001,L0,P_bal,mixture_diagnostic,auroc,0.6393451375204948,0.6317940726254158,0.6462521287765361,60,24527,macro candidate mean,fixed OOF candidate bootstrap; no refit,,logistic,HP,
N3,N3_core_001,L0,P_bal,mixture_diagnostic,brier_two_class_sum,0.4711000575702177,0.46764936819739955,0.4750474337565563,60,24527,macro candidate mean,fixed OOF candidate bootstrap; no refit,,logistic,HP,
N3,N3_core_001,L0,P_bal,raw,ce_bits,0.9572910136310144,0.9519531010471048,0.9633130143974982,60,24527,macro candidate mean,fixed OOF candidate bootstrap; no refit,,logistic,HP,
N3,N3_core_001,L0,P_bal,raw,bacc,0.5948393998686197,0.5899790075852244,0.5995988556445804,60,24527,macro candidate mean,fixed OOF candidate bootstrap; no refit,,logistic,HP,
N3,N3_core_001,L0,P_bal,raw,auroc,0.6393451375204948,0.6317940726254158,0.6462521287765361,60,24527,macro candidate mean,fixed OOF candidate bootstrap; no refit,,logistic,HP,
N3,N3_core_001,L0,P_bal,raw,brier_two_class_sum,0.47099850916124425,0.4675689399478032,0.474865678474859,60,24527,macro candidate mean,fixed OOF candidate bootstrap; no refit,,logistic,HP,
N3,N3_core_001,L0,P_bal,temperature,ce_bits,0.9574554317777261,0.9521341467673533,0.9635602520441469,60,24527,macro candidate mean,fixed OOF candidate bootstrap; no refit,,logistic,HP,
N3,N3_core_001,L0,P_bal,temperature,bacc,0.5948393998686197,0.5899790075852244,0.5995988556445804,60,24527,macro candidate mean,fixed OOF candidate bootstrap; no refit,,logistic,HP,
N3,N3_core_001,L0,P_bal,temperature,auroc,0.6393451375204948,0.6317940726254158,0.6462521287765361,60,24527,macro candidate mean,fixed OOF candidate bootstrap; no refit,,logistic,HP,
N3,N3_core_001,L0,P_bal,temperature,brier_two_class_sum,0.4711000575702177,0.46764936819739955,0.4750474337565563,60,24527,macro candidate mean,fixed OOF candidate bootstrap; no refit,,logistic,HP,
N3,N3_core_001,L0,P_bal,mixture_diagnostic,ce_bits,0.9581353341580426,0.9526314559711502,0.9645524149651036,60,24527,macro candidate mean,fixed OOF candidate bootstrap; no refit,,logistic,Hnoise,
N3,N3_core_001,L0,P_bal,mixture_diagnostic,bacc,0.5898682992236205,0.5827163389728793,0.5961327765634196,60,24527,macro candidate mean,fixed OOF candidate bootstrap; no refit,,logistic,Hnoise,
N3,N3_core_001,L0,P_bal,mixture_diagnostic,auroc,0.6380057882231107,0.6294954860599542,0.6457273102016907,60,24527,macro candidate mean,fixed OOF candidate bootstrap; no refit,,logistic,Hnoise,
N3,N3_core_001,L0,P_bal,mixture_diagnostic,brier_two_class_sum,0.4715804779684844,0.46796235988494755,0.47583331442844695,60,24527,macro candidate mean,fixed OOF candidate bootstrap; no refit,,logistic,Hnoise,
N3,N3_core_001,L0,P_bal,raw,ce_bits,0.9581841654472114,0.9530317811981166,0.9642991131524051,60,24527,macro candidate mean,fixed OOF candidate bootstrap; no refit,,logistic,Hnoise,
N3,N3_core_001,L0,P_bal,raw,bacc,0.5898682992236205,0.5827163389728793,0.5961327765634196,60,24527,macro candidate mean,fixed OOF candidate bootstrap; no refit,,logistic,Hnoise,
N3,N3_core_001,L0,P_bal,raw,auroc,0.6380057882231107,0.6294954860599542,0.6457273102016907,60,24527,macro candidate mean,fixed OOF candidate bootstrap; no refit,,logistic,Hnoise,
N3,N3_core_001,L0,P_bal,raw,brier_two_class_sum,0.47159401566595044,0.4681841009283899,0.47559087619242596,60,24527,macro candidate mean,fixed OOF candidate bootstrap; no refit,,logistic,Hnoise,
N3,N3_core_001,L0,P_bal,temperature,ce_bits,0.9581353341580426,0.9526314559711502,0.9645524149651036,60,24527,macro candidate mean,fixed OOF candidate bootstrap; no refit,,logistic,Hnoise,
N3,N3_core_001,L0,P_bal,temperature,bacc,0.5898682992236205,0.5827163389728793,0.5961327765634196,60,24527,macro candidate mean,fixed OOF candidate bootstrap; no refit,,logistic,Hnoise,
N3,N3_core_001,L0,P_bal,temperature,auroc,0.6380057882231107,0.6294954860599542,0.6457273102016907,60,24527,macro candidate mean,fixed OOF candidate bootstrap; no refit,,logistic,Hnoise,
N3,N3_core_001,L0,P_bal,temperature,brier_two_class_sum,0.4715804779684844,0.46796235988494755,0.47583331442844695,60,24527,macro candidate mean,fixed OOF candidate bootstrap; no refit,,logistic,Hnoise,
N3,N3_core_001,L0,P_nat,mixture_diagnostic,ce_bits,0.8157495346233741,0.8055410528208818,0.8238556030168733,60,24527,macro candidate mean,fixed OOF candidate bootstrap; no refit,,logistic,H,
N3,N3_core_001,L0,P_nat,mixture_diagnostic,bacc,0.5043256875553204,0.5035435325805954,0.5051683897578405,60,24527,macro candidate mean,fixed OOF candidate bootstrap; no refit,,logistic,H,
N3,N3_core_001,L0,P_nat,mixture_diagnostic,auroc,0.6410927319099687,0.6329239641836066,0.6479619076544251,60,24527,macro candidate mean,fixed OOF candidate bootstrap; no refit,,logistic,H,
N3,N3_core_001,L0,P_nat,mixture_diagnostic,brier_two_class_sum,0.3802119290128817,0.37381084744376686,0.38536088911291855,60,24527,macro candidate mean,fixed OOF candidate bootstrap; no refit,,logistic,H,
N3,N3_core_001,L0,P_nat,raw,ce_bits,0.8158898205434751,0.8058238391485024,0.8238982632423087,60,24527,macro candidate mean,fixed OOF candidate bootstrap; no refit,,logistic,H,
N3,N3_core_001,L0,P_nat,raw,bacc,0.5043256875553204,0.5035435325805954,0.5051683897578405,60,24527,macro candidate mean,fixed OOF candidate bootstrap; no refit,,logistic,H,
N3,N3_core_001,L0,P_nat,raw,auroc,0.6410927319099687,0.6329239641836066,0.6479619076544251,60,24527,macro candidate mean,fixed OOF candidate bootstrap; no refit,,logistic,H,
N3,N3_core_001,L0,P_nat,raw,brier_two_class_sum,0.3802930752480934,0.37398169609123816,0.38536406885255087,60,24527,macro candidate mean,fixed OOF candidate bootstrap; no refit,,logistic,H,
N3,N3_core_001,L0,P_nat,temperature,ce_bits,0.8157495346233741,0.8055410528208818,0.8238556030168733,60,24527,macro candidate mean,fixed OOF candidate bootstrap; no refit,,logistic,H,
N3,N3_core_001,L0,P_nat,temperature,bacc,0.5043256875553204,0.5035435325805954,0.5051683897578405,60,24527,macro candidate mean,fixed OOF candidate bootstrap; no refit,,logistic,H,
N3,N3_core_001,L0,P_nat,temperature,auroc,0.6410927319099687,0.6329239641836066,0.6479619076544251,60,24527,macro candidate mean,fixed OOF candidate bootstrap; no refit,,logistic,H,
N3,N3_core_001,L0,P_nat,temperature,brier_two_class_sum,0.3802119290128817,0.37381084744376686,0.38536088911291855,60,24527,macro candidate mean,fixed OOF candidate bootstrap; no refit,,logistic,H,
N3,N3_core_001,L0,P_nat,mixture_diagnostic,ce_bits,0.817245398007364,0.8069177365847071,0.8254506676221782,60,24527,macro candidate mean,fixed OOF candidate bootstrap; no refit,,logistic,HB,
N3,N3_core_001,L0,P_nat,mixture_diagnostic,bacc,0.5071887769347464,0.505311345213348,0.5092968317290846,60,24527,macro candidate mean,fixed OOF candidate bootstrap; no refit,,logistic,HB,
N3,N3_core_001,L0,P_nat,mixture_diagnostic,auroc,0.637754708111721,0.6298399285367781,0.6441392017366985,60,24527,macro candidate mean,fixed OOF candidate bootstrap; no refit,,logistic,HB,
N3,N3_core_001,L0,P_nat,mixture_diagnostic,brier_two_class_sum,0.38099160913363933,0.3745601151771098,0.3861596499883814,60,24527,macro candidate mean,fixed OOF candidate bootstrap; no refit,,logistic,HB,
N3,N3_core_001,L0,P_nat,raw,ce_bits,0.8172990524738473,0.8070089195460303,0.8254868161434878,60,24527,macro candidate mean,fixed OOF candidate bootstrap; no refit,,logistic,HB,
N3,N3_core_001,L0,P_nat,raw,bacc,0.5071887769347464,0.505311345213348,0.5092968317290846,60,24527,macro candidate mean,fixed OOF candidate bootstrap; no refit,,logistic,HB,
N3,N3_core_001,L0,P_nat,raw,auroc,0.637754708111721,0.6298399285367781,0.6441392017366985,60,24527,macro candidate mean,fixed OOF candidate bootstrap; no refit,,logistic,HB,
N3,N3_core_001,L0,P_nat,raw,brier_two_class_sum,0.381020444798775,0.374609090330967,0.3861743044041367,60,24527,macro candidate mean,fixed OOF candidate bootstrap; no refit,,logistic,HB,
N3,N3_core_001,L0,P_nat,temperature,ce_bits,0.817245398007364,0.8069177365847071,0.8254506676221782,60,24527,macro candidate mean,fixed OOF candidate bootstrap; no refit,,logistic,HB,
N3,N3_core_001,L0,P_nat,temperature,bacc,0.5071887769347464,0.505311345213348,0.5092968317290846,60,24527,macro candidate mean,fixed OOF candidate bootstrap; no refit,,logistic,HB,
N3,N3_core_001,L0,P_nat,temperature,auroc,0.637754708111721,0.6298399285367781,0.6441392017366985,60,24527,macro candidate mean,fixed OOF candidate bootstrap; no refit,,logistic,HB,
N3,N3_core_001,L0,P_nat,temperature,brier_two_class_sum,0.38099160913363933,0.3745601151771098,0.3861596499883814,60,24527,macro candidate mean,fixed OOF candidate bootstrap; no refit,,logistic,HB,
N3,N3_core_001,L0,P_nat,mixture_diagnostic,ce_bits,0.8174024758796351,0.8070252467472939,0.8258722939148332,60,24527,macro candidate mean,fixed OOF candidate bootstrap; no refit,,logistic,HBP,
N3,N3_core_001,L0,P_nat,mixture_diagnostic,bacc,0.5155237359207681,0.5118460053047513,0.5203236170571621,60,24527,macro candidate mean,fixed OOF candidate bootstrap; no refit,,logistic,HBP,
N3,N3_core_001,L0,P_nat,mixture_diagnostic,auroc,0.6380580105835256,0.6304575088183411,0.644686651985956,60,24527,macro candidate mean,fixed OOF candidate bootstrap; no refit,,logistic,HBP,
N3,N3_core_001,L0,P_nat,mixture_diagnostic,brier_two_class_sum,0.3810976872851299,0.3746208038719273,0.38640963780788834,60,24527,macro candidate mean,fixed OOF candidate bootstrap; no refit,,logistic,HBP,
N3,N3_core_001,L0,P_nat,raw,ce_bits,0.8174095751298548,0.8069772178716614,0.8260484737997654,60,24527,macro candidate mean,fixed OOF candidate bootstrap; no refit,,logistic,HBP,
N3,N3_core_001,L0,P_nat,raw,bacc,0.5155237359207681,0.5118460053047513,0.5203236170571621,60,24527,macro candidate mean,fixed OOF candidate bootstrap; no refit,,logistic,HBP,
N3,N3_core_001,L0,P_nat,raw,auroc,0.6380580105835256,0.6304575088183411,0.644686651985956,60,24527,macro candidate mean,fixed OOF candidate bootstrap; no refit,,logistic,HBP,
N3,N3_core_001,L0,P_nat,raw,brier_two_class_sum,0.381064961601336,0.37456283929426054,0.38646038748563144,60,24527,macro candidate mean,fixed OOF candidate bootstrap; no refit,,logistic,HBP,
N3,N3_core_001,L0,P_nat,temperature,ce_bits,0.8174024758796351,0.8070252467472939,0.8258722939148332,60,24527,macro candidate mean,fixed OOF candidate bootstrap; no refit,,logistic,HBP,
N3,N3_core_001,L0,P_nat,temperature,bacc,0.5155237359207681,0.5118460053047513,0.5203236170571621,60,24527,macro candidate mean,fixed OOF candidate bootstrap; no refit,,logistic,HBP,
N3,N3_core_001,L0,P_nat,temperature,auroc,0.6380580105835256,0.6304575088183411,0.644686651985956,60,24527,macro candidate mean,fixed OOF candidate bootstrap; no refit,,logistic,HBP,
N3,N3_core_001,L0,P_nat,temperature,brier_two_class_sum,0.3810976872851299,0.3746208038719273,0.38640963780788834,60,24527,macro candidate mean,fixed OOF candidate bootstrap; no refit,,logistic,HBP,
N3,N3_core_001,L0,P_nat,mixture_diagnostic,ce_bits,0.8158266391511464,0.8054721981347823,0.8242202944513302,60,24527,macro candidate mean,fixed OOF candidate bootstrap; no refit,,logistic,HP,
N3,N3_core_001,L0,P_nat,mixture_diagnostic,bacc,0.5117411913446529,0.5090988964934376,0.5143710465917004,60,24527,macro candidate mean,fixed OOF candidate bootstrap; no refit,,logistic,HP,
N3,N3_core_001,L0,P_nat,mixture_diagnostic,auroc,0.6406025577415392,0.6325486222954524,0.6475633990972128,60,24527,macro candidate mean,fixed OOF candidate bootstrap; no refit,,logistic,HP,
N3,N3_core_001,L0,P_nat,mixture_diagnostic,brier_two_class_sum,0.38026348727602877,0.37385896522921963,0.3854540261004851,60,24527,macro candidate mean,fixed OOF candidate bootstrap; no refit,,logistic,HP,
N3,N3_core_001,L0,P_nat,raw,ce_bits,0.8158782789654864,0.8055406321455953,0.8242901119040165,60,24527,macro candidate mean,fixed OOF candidate bootstrap; no refit,,logistic,HP,
N3,N3_core_001,L0,P_nat,raw,bacc,0.5117411913446529,0.5090988964934376,0.5143710465917004,60,24527,macro candidate mean,fixed OOF candidate bootstrap; no refit,,logistic,HP,
N3,N3_core_001,L0,P_nat,raw,auroc,0.6406025577415392,0.6325486222954524,0.6475633990972128,60,24527,macro candidate mean,fixed OOF candidate bootstrap; no refit,,logistic,HP,
N3,N3_core_001,L0,P_nat,raw,brier_two_class_sum,0.380288432040256,0.3738937483238718,0.3854839380269015,60,24527,macro candidate mean,fixed OOF candidate bootstrap; no refit,,logistic,HP,
N3,N3_core_001,L0,P_nat,temperature,ce_bits,0.8158266391511464,0.8054721981347823,0.8242202944513302,60,24527,macro candidate mean,fixed OOF candidate bootstrap; no refit,,logistic,HP,
N3,N3_core_001,L0,P_nat,temperature,bacc,0.5117411913446529,0.5090988964934376,0.5143710465917004,60,24527,macro candidate mean,fixed OOF candidate bootstrap; no refit,,logistic,HP,
N3,N3_core_001,L0,P_nat,temperature,auroc,0.6406025577415392,0.6325486222954524,0.6475633990972128,60,24527,macro candidate mean,fixed OOF candidate bootstrap; no refit,,logistic,HP,
N3,N3_core_001,L0,P_nat,temperature,brier_two_class_sum,0.38026348727602877,0.37385896522921963,0.3854540261004851,60,24527,macro candidate mean,fixed OOF candidate bootstrap; no refit,,logistic,HP,
N3,N3_core_001,L0,P_nat,mixture_diagnostic,ce_bits,0.8163627099895987,0.8062500819668795,0.8246094733081969,60,24527,macro candidate mean,fixed OOF candidate bootstrap; no refit,,logistic,Hnoise,
N3,N3_core_001,L0,P_nat,mixture_diagnostic,bacc,0.5071206723857823,0.5054101383003804,0.5089134583111967,60,24527,macro candidate mean,fixed OOF candidate bootstrap; no refit,,logistic,Hnoise,
N3,N3_core_001,L0,P_nat,mixture_diagnostic,auroc,0.6395804925852232,0.6304769468218561,0.6475690196626456,60,24527,macro candidate mean,fixed OOF candidate bootstrap; no refit,,logistic,Hnoise,
N3,N3_core_001,L0,P_nat,mixture_diagnostic,brier_two_class_sum,0.3805475577987961,0.3741894188302299,0.3857676295184752,60,24527,macro candidate mean,fixed OOF candidate bootstrap; no refit,,logistic,Hnoise,
N3,N3_core_001,L0,P_nat,raw,ce_bits,0.8164491476791781,0.8063962050648688,0.8246323585249028,60,24527,macro candidate mean,fixed OOF candidate bootstrap; no refit,,logistic,Hnoise,
N3,N3_core_001,L0,P_nat,raw,bacc,0.5071206723857823,0.5054101383003804,0.5089134583111967,60,24527,macro candidate mean,fixed OOF candidate bootstrap; no refit,,logistic,Hnoise,
N3,N3_core_001,L0,P_nat,raw,auroc,0.6395804925852232,0.6304769468218561,0.6475690196626456,60,24527,macro candidate mean,fixed OOF candidate bootstrap; no refit,,logistic,Hnoise,
N3,N3_core_001,L0,P_nat,raw,brier_two_class_sum,0.3805981606595835,0.37427619526455325,0.38577631895058273,60,24527,macro candidate mean,fixed OOF candidate bootstrap; no refit,,logistic,Hnoise,
N3,N3_core_001,L0,P_nat,temperature,ce_bits,0.8163627099895987,0.8062500819668795,0.8246094733081969,60,24527,macro candidate mean,fixed OOF candidate bootstrap; no refit,,logistic,Hnoise,
N3,N3_core_001,L0,P_nat,temperature,bacc,0.5071206723857823,0.5054101383003804,0.5089134583111967,60,24527,macro candidate mean,fixed OOF candidate bootstrap; no refit,,logistic,Hnoise,
N3,N3_core_001,L0,P_nat,temperature,auroc,0.6395804925852232,0.6304769468218561,0.6475690196626456,60,24527,macro candidate mean,fixed OOF candidate bootstrap; no refit,,logistic,Hnoise,
N3,N3_core_001,L0,P_nat,temperature,brier_two_class_sum,0.3805475577987961,0.3741894188302299,0.3857676295184752,60,24527,macro candidate mean,fixed OOF candidate bootstrap; no refit,,logistic,Hnoise,
N3,N3_core_001,R_SIM,P_bal,mixture_diagnostic,ce_bits,0.9571646437386901,0.9518673719708886,0.9638489870653099,60,24527,macro candidate mean,fixed OOF candidate bootstrap; no refit,,logistic,H,
N3,N3_core_001,R_SIM,P_bal,mixture_diagnostic,bacc,0.5868926844577007,0.5816213572740079,0.5916559740504514,60,24527,macro candidate mean,fixed OOF candidate bootstrap; no refit,,logistic,H,
N3,N3_core_001,R_SIM,P_bal,mixture_diagnostic,auroc,0.6385973173385388,0.6308537816942578,0.6452542380497651,60,24527,macro candidate mean,fixed OOF candidate bootstrap; no refit,,logistic,H,
N3,N3_core_001,R_SIM,P_bal,mixture_diagnostic,brier_two_class_sum,0.4709210377011607,0.46750971059822005,0.4752006414291958,60,24527,macro candidate mean,fixed OOF candidate bootstrap; no refit,,logistic,H,
N3,N3_core_001,R_SIM,P_bal,raw,ce_bits,0.9573769931056842,0.9527941505608155,0.9629502662274995,60,24527,macro candidate mean,fixed OOF candidate bootstrap; no refit,,logistic,H,
N3,N3_core_001,R_SIM,P_bal,raw,bacc,0.5868926844577007,0.5816213572740079,0.5916559740504514,60,24527,macro candidate mean,fixed OOF candidate bootstrap; no refit,,logistic,H,
N3,N3_core_001,R_SIM,P_bal,raw,auroc,0.6385973173385388,0.6308537816942578,0.6452542380497651,60,24527,macro candidate mean,fixed OOF candidate bootstrap; no refit,,logistic,H,
N3,N3_core_001,R_SIM,P_bal,raw,brier_two_class_sum,0.4710242163601267,0.46799648094135127,0.47465672026020295,60,24527,macro candidate mean,fixed OOF candidate bootstrap; no refit,,logistic,H,
N3,N3_core_001,R_SIM,P_bal,temperature,ce_bits,0.9571646437386901,0.9518673719708886,0.9638489870653099,60,24527,macro candidate mean,fixed OOF candidate bootstrap; no refit,,logistic,H,
N3,N3_core_001,R_SIM,P_bal,temperature,bacc,0.5868926844577007,0.5816213572740079,0.5916559740504514,60,24527,macro candidate mean,fixed OOF candidate bootstrap; no refit,,logistic,H,
N3,N3_core_001,R_SIM,P_bal,temperature,auroc,0.6385973173385388,0.6308537816942578,0.6452542380497651,60,24527,macro candidate mean,fixed OOF candidate bootstrap; no refit,,logistic,H,
N3,N3_core_001,R_SIM,P_bal,temperature,brier_two_class_sum,0.4709210377011607,0.46750971059822005,0.4752006414291958,60,24527,macro candidate mean,fixed OOF candidate bootstrap; no refit,,logistic,H,
N3,N3_core_001,R_SIM,P_bal,mixture_diagnostic,ce_bits,0.9611369041606121,0.9559179493301121,0.9674970843233752,60,24527,macro candidate mean,fixed OOF candidate bootstrap; no refit,,logistic,HB,
N3,N3_core_001,R_SIM,P_bal,mixture_diagnostic,bacc,0.5925004332998837,0.5877834208979628,0.5972252567493139,60,24527,macro candidate mean,fixed OOF candidate bootstrap; no refit,,logistic,HB,
N3,N3_core_001,R_SIM,P_bal,mixture_diagnostic,auroc,0.6335730215075324,0.6261920295948208,0.639922968371143,60,24527,macro candidate mean,fixed OOF candidate bootstrap; no refit,,logistic,HB,
N3,N3_core_001,R_SIM,P_bal,mixture_diagnostic,brier_two_class_sum,0.4734666862021955,0.4701205505280109,0.47749524034295215,60,24527,macro candidate mean,fixed OOF candidate bootstrap; no refit,,logistic,HB,
N3,N3_core_001,R_SIM,P_bal,raw,ce_bits,0.9609782799746219,0.9559621144230823,0.9671443629354017,60,24527,macro candidate mean,fixed OOF candidate bootstrap; no refit,,logistic,HB,
N3,N3_core_001,R_SIM,P_bal,raw,bacc,0.5925004332998837,0.5877834208979628,0.5972252567493139,60,24527,macro candidate mean,fixed OOF candidate bootstrap; no refit,,logistic,HB,
N3,N3_core_001,R_SIM,P_bal,raw,auroc,0.6335730215075324,0.6261920295948208,0.639922968371143,60,24527,macro candidate mean,fixed OOF candidate bootstrap; no refit,,logistic,HB,
N3,N3_core_001,R_SIM,P_bal,raw,brier_two_class_sum,0.4733672949078567,0.47013448305275063,0.47729547599835437,60,24527,macro candidate mean,fixed OOF candidate bootstrap; no refit,,logistic,HB,
N3,N3_core_001,R_SIM,P_bal,temperature,ce_bits,0.9611369041606121,0.9559179493301121,0.9674970843233752,60,24527,macro candidate mean,fixed OOF candidate bootstrap; no refit,,logistic,HB,
N3,N3_core_001,R_SIM,P_bal,temperature,bacc,0.5925004332998837,0.5877834208979628,0.5972252567493139,60,24527,macro candidate mean,fixed OOF candidate bootstrap; no refit,,logistic,HB,
N3,N3_core_001,R_SIM,P_bal,temperature,auroc,0.6335730215075324,0.6261920295948208,0.639922968371143,60,24527,macro candidate mean,fixed OOF candidate bootstrap; no refit,,logistic,HB,
N3,N3_core_001,R_SIM,P_bal,temperature,brier_two_class_sum,0.4734666862021955,0.4701205505280109,0.47749524034295215,60,24527,macro candidate mean,fixed OOF candidate bootstrap; no refit,,logistic,HB,
N3,N3_core_001,R_SIM,P_bal,mixture_diagnostic,ce_bits,0.9616525803629404,0.9562448701690088,0.9681115335233513,60,24527,macro candidate mean,fixed OOF candidate bootstrap; no refit,,logistic,HBP,
N3,N3_core_001,R_SIM,P_bal,mixture_diagnostic,bacc,0.594954102671769,0.5891676064120173,0.6002408274742568,60,24527,macro candidate mean,fixed OOF candidate bootstrap; no refit,,logistic,HBP,
N3,N3_core_001,R_SIM,P_bal,mixture_diagnostic,auroc,0.6325834078509076,0.6245870087787394,0.6398505562016013,60,24527,macro candidate mean,fixed OOF candidate bootstrap; no refit,,logistic,HBP,
N3,N3_core_001,R_SIM,P_bal,mixture_diagnostic,brier_two_class_sum,0.4737841210762021,0.4703324123850564,0.4778130127616145,60,24527,macro candidate mean,fixed OOF candidate bootstrap; no refit,,logistic,HBP,
N3,N3_core_001,R_SIM,P_bal,raw,ce_bits,0.9617478496734422,0.9560003436620044,0.9685565884360782,60,24527,macro candidate mean,fixed OOF candidate bootstrap; no refit,,logistic,HBP,
N3,N3_core_001,R_SIM,P_bal,raw,bacc,0.594954102671769,0.5891676064120173,0.6002408274742568,60,24527,macro candidate mean,fixed OOF candidate bootstrap; no refit,,logistic,HBP,
N3,N3_core_001,R_SIM,P_bal,raw,auroc,0.6325834078509076,0.6245870087787394,0.6398505562016013,60,24527,macro candidate mean,fixed OOF candidate bootstrap; no refit,,logistic,HBP,
N3,N3_core_001,R_SIM,P_bal,raw,brier_two_class_sum,0.4738214000812316,0.4701787851528325,0.47800789088938855,60,24527,macro candidate mean,fixed OOF candidate bootstrap; no refit,,logistic,HBP,
N3,N3_core_001,R_SIM,P_bal,temperature,ce_bits,0.9616525803629404,0.9562448701690088,0.9681115335233513,60,24527,macro candidate mean,fixed OOF candidate bootstrap; no refit,,logistic,HBP,
N3,N3_core_001,R_SIM,P_bal,temperature,bacc,0.594954102671769,0.5891676064120173,0.6002408274742568,60,24527,macro candidate mean,fixed OOF candidate bootstrap; no refit,,logistic,HBP,
N3,N3_core_001,R_SIM,P_bal,temperature,auroc,0.6325834078509076,0.6245870087787394,0.6398505562016013,60,24527,macro candidate mean,fixed OOF candidate bootstrap; no refit,,logistic,HBP,
N3,N3_core_001,R_SIM,P_bal,temperature,brier_two_class_sum,0.4737841210762021,0.4703324123850564,0.4778130127616145,60,24527,macro candidate mean,fixed OOF candidate bootstrap; no refit,,logistic,HBP,
N3,N3_core_001,R_SIM,P_bal,mixture_diagnostic,ce_bits,0.9584800967944936,0.9528945750327633,0.9655649915492436,60,24527,macro candidate mean,fixed OOF candidate bootstrap; no refit,,logistic,HP,
N3,N3_core_001,R_SIM,P_bal,mixture_diagnostic,bacc,0.5970903432648306,0.5921455029565192,0.6020159544105882,60,24527,macro candidate mean,fixed OOF candidate bootstrap; no refit,,logistic,HP,
N3,N3_core_001,R_SIM,P_bal,mixture_diagnostic,auroc,0.6380796322662639,0.6298360339862431,0.6453892778761877,60,24527,macro candidate mean,fixed OOF candidate bootstrap; no refit,,logistic,HP,
N3,N3_core_001,R_SIM,P_bal,mixture_diagnostic,brier_two_class_sum,0.4716889768252617,0.468087655187069,0.47616059540950745,60,24527,macro candidate mean,fixed OOF candidate bootstrap; no refit,,logistic,HP,
N3,N3_core_001,R_SIM,P_bal,raw,ce_bits,0.9582999857907538,0.9528692180197901,0.9649685933282252,60,24527,macro candidate mean,fixed OOF candidate bootstrap; no refit,,logistic,HP,
N3,N3_core_001,R_SIM,P_bal,raw,bacc,0.5970903432648306,0.5921455029565192,0.6020159544105882,60,24527,macro candidate mean,fixed OOF candidate bootstrap; no refit,,logistic,HP,
N3,N3_core_001,R_SIM,P_bal,raw,auroc,0.6380796322662639,0.6298360339862431,0.6453892778761877,60,24527,macro candidate mean,fixed OOF candidate bootstrap; no refit,,logistic,HP,
N3,N3_core_001,R_SIM,P_bal,raw,brier_two_class_sum,0.47158846950563277,0.4680792803242785,0.47584184720512807,60,24527,macro candidate mean,fixed OOF candidate bootstrap; no refit,,logistic,HP,
N3,N3_core_001,R_SIM,P_bal,temperature,ce_bits,0.9584800967944936,0.9528945750327633,0.9655649915492436,60,24527,macro candidate mean,fixed OOF candidate bootstrap; no refit,,logistic,HP,
N3,N3_core_001,R_SIM,P_bal,temperature,bacc,0.5970903432648306,0.5921455029565192,0.6020159544105882,60,24527,macro candidate mean,fixed OOF candidate bootstrap; no refit,,logistic,HP,
N3,N3_core_001,R_SIM,P_bal,temperature,auroc,0.6380796322662639,0.6298360339862431,0.6453892778761877,60,24527,macro candidate mean,fixed OOF candidate bootstrap; no refit,,logistic,HP,
N3,N3_core_001,R_SIM,P_bal,temperature,brier_two_class_sum,0.4716889768252617,0.468087655187069,0.47616059540950745,60,24527,macro candidate mean,fixed OOF candidate bootstrap; no refit,,logistic,HP,
N3,N3_core_001,R_SIM,P_bal,mixture_diagnostic,ce_bits,0.9590574492592447,0.9538913592891075,0.965244683194816,60,24527,macro candidate mean,fixed OOF candidate bootstrap; no refit,,logistic,Hnoise,
N3,N3_core_001,R_SIM,P_bal,mixture_diagnostic,bacc,0.590808469393013,0.5845065811034045,0.5968722476871099,60,24527,macro candidate mean,fixed OOF candidate bootstrap; no refit,,logistic,Hnoise,
N3,N3_core_001,R_SIM,P_bal,mixture_diagnostic,auroc,0.6367133366288236,0.6284856646599869,0.6441563325456172,60,24527,macro candidate mean,fixed OOF candidate bootstrap; no refit,,logistic,Hnoise,
N3,N3_core_001,R_SIM,P_bal,mixture_diagnostic,brier_two_class_sum,0.4721818509512291,0.4688126121851939,0.4761868900813616,60,24527,macro candidate mean,fixed OOF candidate bootstrap; no refit,,logistic,Hnoise,
N3,N3_core_001,R_SIM,P_bal,raw,ce_bits,0.9590454675160267,0.9539949136693571,0.9651021329879887,60,24527,macro candidate mean,fixed OOF candidate bootstrap; no refit,,logistic,Hnoise,
N3,N3_core_001,R_SIM,P_bal,raw,bacc,0.590808469393013,0.5845065811034045,0.5968722476871099,60,24527,macro candidate mean,fixed OOF candidate bootstrap; no refit,,logistic,Hnoise,
N3,N3_core_001,R_SIM,P_bal,raw,auroc,0.6367133366288236,0.6284856646599869,0.6441563325456172,60,24527,macro candidate mean,fixed OOF candidate bootstrap; no refit,,logistic,Hnoise,
N3,N3_core_001,R_SIM,P_bal,raw,brier_two_class_sum,0.4721668453870837,0.4688704255430289,0.47614491726673236,60,24527,macro candidate mean,fixed OOF candidate bootstrap; no refit,,logistic,Hnoise,
N3,N3_core_001,R_SIM,P_bal,temperature,ce_bits,0.9590574492592447,0.9538913592891075,0.965244683194816,60,24527,macro candidate mean,fixed OOF candidate bootstrap; no refit,,logistic,Hnoise,
N3,N3_core_001,R_SIM,P_bal,temperature,bacc,0.590808469393013,0.5845065811034045,0.5968722476871099,60,24527,macro candidate mean,fixed OOF candidate bootstrap; no refit,,logistic,Hnoise,
N3,N3_core_001,R_SIM,P_bal,temperature,auroc,0.6367133366288236,0.6284856646599869,0.6441563325456172,60,24527,macro candidate mean,fixed OOF candidate bootstrap; no refit,,logistic,Hnoise,
N3,N3_core_001,R_SIM,P_bal,temperature,brier_two_class_sum,0.4721818509512291,0.4688126121851939,0.4761868900813616,60,24527,macro candidate mean,fixed OOF candidate bootstrap; no refit,,logistic,Hnoise,
N3,N3_core_001,R_SIM,P_bal,mixture_diagnostic,ce_bits,0.7634127077121525,0.71496520572871,0.8322095244977264,60,24527,macro candidate mean,fixed OOF candidate bootstrap; no refit,,mlp32,H,
N3,N3_core_001,R_SIM,P_bal,mixture_diagnostic,bacc,0.7491621215379928,0.7328881299524258,0.7617516106535697,60,24527,macro candidate mean,fixed OOF candidate bootstrap; no refit,,mlp32,H,
N3,N3_core_001,R_SIM,P_bal,mixture_diagnostic,auroc,0.8258383053612082,0.8056938018194,0.8408656334624115,60,24527,macro candidate mean,fixed OOF candidate bootstrap; no refit,,mlp32,H,
N3,N3_core_001,R_SIM,P_bal,mixture_diagnostic,brier_two_class_sum,0.3456407574181927,0.3273292498199152,0.37060983561690836,60,24527,macro candidate mean,fixed OOF candidate bootstrap; no refit,,mlp32,H,
N3,N3_core_001,R_SIM,P_bal,raw,ce_bits,0.7756354554361181,0.7451887450719805,0.8182442199936562,60,24527,macro candidate mean,fixed OOF candidate bootstrap; no refit,,mlp32,H,
N3,N3_core_001,R_SIM,P_bal,raw,bacc,0.7491621215379928,0.7328881299524258,0.7617516106535697,60,24527,macro candidate mean,fixed OOF candidate bootstrap; no refit,,mlp32,H,
N3,N3_core_001,R_SIM,P_bal,raw,auroc,0.8258383053612082,0.8056938018194,0.8408656334624115,60,24527,macro candidate mean,fixed OOF candidate bootstrap; no refit,,mlp32,H,
N3,N3_core_001,R_SIM,P_bal,raw,brier_two_class_sum,0.35510887566057714,0.34051853874690136,0.37520480499352243,60,24527,macro candidate mean,fixed OOF candidate bootstrap; no refit,,mlp32,H,
N3,N3_core_001,R_SIM,P_bal,temperature,ce_bits,0.7634127077121525,0.71496520572871,0.8322095244977264,60,24527,macro candidate mean,fixed OOF candidate bootstrap; no refit,,mlp32,H,
N3,N3_core_001,R_SIM,P_bal,temperature,bacc,0.7491621215379928,0.7328881299524258,0.7617516106535697,60,24527,macro candidate mean,fixed OOF candidate bootstrap; no refit,,mlp32,H,
N3,N3_core_001,R_SIM,P_bal,temperature,auroc,0.8258383053612082,0.8056938018194,0.8408656334624115,60,24527,macro candidate mean,fixed OOF candidate bootstrap; no refit,,mlp32,H,
N3,N3_core_001,R_SIM,P_bal,temperature,brier_two_class_sum,0.3456407574181927,0.3273292498199152,0.37060983561690836,60,24527,macro candidate mean,fixed OOF candidate bootstrap; no refit,,mlp32,H,
N3,N3_core_001,R_SIM,P_bal,mixture_diagnostic,ce_bits,0.9807155042474501,0.9771154003941536,0.9852758942277371,60,24527,macro candidate mean,fixed OOF candidate bootstrap; no refit,,mlp32,HB,
N3,N3_core_001,R_SIM,P_bal,mixture_diagnostic,bacc,0.5781743815125856,0.5717113890937201,0.5845016182965214,60,24527,macro candidate mean,fixed OOF candidate bootstrap; no refit,,mlp32,HB,
N3,N3_core_001,R_SIM,P_bal,mixture_diagnostic,auroc,0.6040723262156711,0.5954491376606683,0.611991578041887,60,24527,macro candidate mean,fixed OOF candidate bootstrap; no refit,,mlp32,HB,
N3,N3_core_001,R_SIM,P_bal,mixture_diagnostic,brier_two_class_sum,0.48665956950391026,0.48427518295209687,0.4896384512072057,60,24527,macro candidate mean,fixed OOF candidate bootstrap; no refit,,mlp32,HB,
N3,N3_core_001,R_SIM,P_bal,raw,ce_bits,1.0926259947140022,1.0679600913517342,1.1258858239305047,60,24527,macro candidate mean,fixed OOF candidate bootstrap; no refit,,mlp32,HB,
N3,N3_core_001,R_SIM,P_bal,raw,bacc,0.5781743815125856,0.5717113890937201,0.5845016182965214,60,24527,macro candidate mean,fixed OOF candidate bootstrap; no refit,,mlp32,HB,
N3,N3_core_001,R_SIM,P_bal,raw,auroc,0.6040723262156711,0.5954491376606683,0.611991578041887,60,24527,macro candidate mean,fixed OOF candidate bootstrap; no refit,,mlp32,HB,
N3,N3_core_001,R_SIM,P_bal,raw,brier_two_class_sum,0.5320893007085323,0.5231569189055367,0.5429471878511807,60,24527,macro candidate mean,fixed OOF candidate bootstrap; no refit,,mlp32,HB,
N3,N3_core_001,R_SIM,P_bal,temperature,ce_bits,0.9807155042474501,0.9771154003941536,0.9852758942277371,60,24527,macro candidate mean,fixed OOF candidate bootstrap; no refit,,mlp32,HB,
N3,N3_core_001,R_SIM,P_bal,temperature,bacc,0.5781743815125856,0.5717113890937201,0.5845016182965214,60,24527,macro candidate mean,fixed OOF candidate bootstrap; no refit,,mlp32,HB,
N3,N3_core_001,R_SIM,P_bal,temperature,auroc,0.6040723262156711,0.5954491376606683,0.611991578041887,60,24527,macro candidate mean,fixed OOF candidate bootstrap; no refit,,mlp32,HB,
N3,N3_core_001,R_SIM,P_bal,temperature,brier_two_class_sum,0.48665956950391026,0.48427518295209687,0.4896384512072057,60,24527,macro candidate mean,fixed OOF candidate bootstrap; no refit,,mlp32,HB,
N3,N3_core_001,R_SIM,P_bal,mixture_diagnostic,ce_bits,0.9889090979802316,0.9866216387945071,0.9912627443054023,60,24527,macro candidate mean,fixed OOF candidate bootstrap; no refit,,mlp32,HBP,
N3,N3_core_001,R_SIM,P_bal,mixture_diagnostic,bacc,0.5577720817141786,0.5505465222519733,0.5653407040901939,60,24527,macro candidate mean,fixed OOF candidate bootstrap; no refit,,mlp32,HBP,
N3,N3_core_001,R_SIM,P_bal,mixture_diagnostic,auroc,0.5794849106667798,0.5703352984712676,0.5886192154159872,60,24527,macro candidate mean,fixed OOF candidate bootstrap; no refit,,mlp32,HBP,
N3,N3_core_001,R_SIM,P_bal,mixture_diagnostic,brier_two_class_sum,0.49233951306941653,0.49076310357051506,0.4939474628513445,60,24527,macro candidate mean,fixed OOF candidate bootstrap; no refit,,mlp32,HBP,
N3,N3_core_001,R_SIM,P_bal,raw,ce_bits,1.3459440773063411,1.311850941103806,1.3864277268052456,60,24527,macro candidate mean,fixed OOF candidate bootstrap; no refit,,mlp32,HBP,
N3,N3_core_001,R_SIM,P_bal,raw,bacc,0.5577720817141786,0.5505465222519733,0.5653407040901939,60,24527,macro candidate mean,fixed OOF candidate bootstrap; no refit,,mlp32,HBP,
N3,N3_core_001,R_SIM,P_bal,raw,auroc,0.5794849106667798,0.5703352984712676,0.5886192154159872,60,24527,macro candidate mean,fixed OOF candidate bootstrap; no refit,,mlp32,HBP,
N3,N3_core_001,R_SIM,P_bal,raw,brier_two_class_sum,0.6116662137352697,0.6010942403295162,0.6230732161028645,60,24527,macro candidate mean,fixed OOF candidate bootstrap; no refit,,mlp32,HBP,
N3,N3_core_001,R_SIM,P_bal,temperature,ce_bits,0.9889090979802316,0.9866216387945071,0.9912627443054023,60,24527,macro candidate mean,fixed OOF candidate bootstrap; no refit,,mlp32,HBP,
N3,N3_core_001,R_SIM,P_bal,temperature,bacc,0.5577720817141786,0.5505465222519733,0.5653407040901939,60,24527,macro candidate mean,fixed OOF candidate bootstrap; no refit,,mlp32,HBP,
N3,N3_core_001,R_SIM,P_bal,temperature,auroc,0.5794849106667798,0.5703352984712676,0.5886192154159872,60,24527,macro candidate mean,fixed OOF candidate bootstrap; no refit,,mlp32,HBP,
N3,N3_core_001,R_SIM,P_bal,temperature,brier_two_class_sum,0.49233951306941653,0.49076310357051506,0.4939474628513445,60,24527,macro candidate mean,fixed OOF candidate bootstrap; no refit,,mlp32,HBP,
N3,N3_core_001,R_SIM,P_bal,mixture_diagnostic,ce_bits,0.9807829425728888,0.9777140591873786,0.984316296218009,60,24527,macro candidate mean,fixed OOF candidate bootstrap; no refit,,mlp32,HP,
N3,N3_core_001,R_SIM,P_bal,mixture_diagnostic,bacc,0.5723844671367665,0.5637278426898478,0.5816728193459823,60,24527,macro candidate mean,fixed OOF candidate bootstrap; no refit,,mlp32,HP,
N3,N3_core_001,R_SIM,P_bal,mixture_diagnostic,auroc,0.6003898875176323,0.5922211569855056,0.6084882574344065,60,24527,macro candidate mean,fixed OOF candidate bootstrap; no refit,,mlp32,HP,
N3,N3_core_001,R_SIM,P_bal,mixture_diagnostic,brier_two_class_sum,0.4867779616470135,0.4847006582782459,0.489139200736894,60,24527,macro candidate mean,fixed OOF candidate bootstrap; no refit,,mlp32,HP,
N3,N3_core_001,R_SIM,P_bal,raw,ce_bits,1.1070449274673442,1.0848494108200448,1.1345774219742908,60,24527,macro candidate mean,fixed OOF candidate bootstrap; no refit,,mlp32,HP,
N3,N3_core_001,R_SIM,P_bal,raw,bacc,0.5723844671367665,0.5637278426898478,0.5816728193459823,60,24527,macro candidate mean,fixed OOF candidate bootstrap; no refit,,mlp32,HP,
N3,N3_core_001,R_SIM,P_bal,raw,auroc,0.6003898875176323,0.5922211569855056,0.6084882574344065,60,24527,macro candidate mean,fixed OOF candidate bootstrap; no refit,,mlp32,HP,
N3,N3_core_001,R_SIM,P_bal,raw,brier_two_class_sum,0.5398337292379084,0.5305310427439264,0.5501047890538624,60,24527,macro candidate mean,fixed OOF candidate bootstrap; no refit,,mlp32,HP,
N3,N3_core_001,R_SIM,P_bal,temperature,ce_bits,0.9807829425728888,0.9777140591873786,0.984316296218009,60,24527,macro candidate mean,fixed OOF candidate bootstrap; no refit,,mlp32,HP,
N3,N3_core_001,R_SIM,P_bal,temperature,bacc,0.5723844671367665,0.5637278426898478,0.5816728193459823,60,24527,macro candidate mean,fixed OOF candidate bootstrap; no refit,,mlp32,HP,
N3,N3_core_001,R_SIM,P_bal,temperature,auroc,0.6003898875176323,0.5922211569855056,0.6084882574344065,60,24527,macro candidate mean,fixed OOF candidate bootstrap; no refit,,mlp32,HP,
N3,N3_core_001,R_SIM,P_bal,temperature,brier_two_class_sum,0.4867779616470135,0.4847006582782459,0.489139200736894,60,24527,macro candidate mean,fixed OOF candidate bootstrap; no refit,,mlp32,HP,
N3,N3_core_001,R_SIM,P_bal,mixture_diagnostic,ce_bits,0.9819504975739588,0.9791742573158437,0.9856068209110179,60,24527,macro candidate mean,fixed OOF candidate bootstrap; no refit,,mlp32,Hnoise,
N3,N3_core_001,R_SIM,P_bal,mixture_diagnostic,bacc,0.5723805597903717,0.5646191379670719,0.5802596557265891,60,24527,macro candidate mean,fixed OOF candidate bootstrap; no refit,,mlp32,Hnoise,
N3,N3_core_001,R_SIM,P_bal,mixture_diagnostic,auroc,0.5986694833856335,0.5904200005917212,0.6064646849631308,60,24527,macro candidate mean,fixed OOF candidate bootstrap; no refit,,mlp32,Hnoise,
N3,N3_core_001,R_SIM,P_bal,mixture_diagnostic,brier_two_class_sum,0.48752698904810426,0.4856745301305318,0.4899319666921848,60,24527,macro candidate mean,fixed OOF candidate bootstrap; no refit,,mlp32,Hnoise,
N3,N3_core_001,R_SIM,P_bal,raw,ce_bits,1.1187729896215477,1.096611657265382,1.1498912706006594,60,24527,macro candidate mean,fixed OOF candidate bootstrap; no refit,,mlp32,Hnoise,
N3,N3_core_001,R_SIM,P_bal,raw,bacc,0.5723805597903717,0.5646191379670719,0.5802596557265891,60,24527,macro candidate mean,fixed OOF candidate bootstrap; no refit,,mlp32,Hnoise,
N3,N3_core_001,R_SIM,P_bal,raw,auroc,0.5986694833856335,0.5904200005917212,0.6064646849631308,60,24527,macro candidate mean,fixed OOF candidate bootstrap; no refit,,mlp32,Hnoise,
N3,N3_core_001,R_SIM,P_bal,raw,brier_two_class_sum,0.5428536945386963,0.5348165495437504,0.5529550321452348,60,24527,macro candidate mean,fixed OOF candidate bootstrap; no refit,,mlp32,Hnoise,
N3,N3_core_001,R_SIM,P_bal,temperature,ce_bits,0.9819504975739588,0.9791742573158437,0.9856068209110179,60,24527,macro candidate mean,fixed OOF candidate bootstrap; no refit,,mlp32,Hnoise,
N3,N3_core_001,R_SIM,P_bal,temperature,bacc,0.5723805597903717,0.5646191379670719,0.5802596557265891,60,24527,macro candidate mean,fixed OOF candidate bootstrap; no refit,,mlp32,Hnoise,
N3,N3_core_001,R_SIM,P_bal,temperature,auroc,0.5986694833856335,0.5904200005917212,0.6064646849631308,60,24527,macro candidate mean,fixed OOF candidate bootstrap; no refit,,mlp32,Hnoise,
N3,N3_core_001,R_SIM,P_bal,temperature,brier_two_class_sum,0.48752698904810426,0.4856745301305318,0.4899319666921848,60,24527,macro candidate mean,fixed OOF candidate bootstrap; no refit,,mlp32,Hnoise,
N3,N3_core_001,R_SIM,P_nat,mixture_diagnostic,ce_bits,0.8157495346233741,0.8055410528208818,0.8238556030168733,60,24527,macro candidate mean,fixed OOF candidate bootstrap; no refit,,logistic,H,
N3,N3_core_001,R_SIM,P_nat,mixture_diagnostic,bacc,0.5043256875553204,0.5035435325805954,0.5051683897578405,60,24527,macro candidate mean,fixed OOF candidate bootstrap; no refit,,logistic,H,
N3,N3_core_001,R_SIM,P_nat,mixture_diagnostic,auroc,0.6410927319099687,0.6329239641836066,0.6479619076544251,60,24527,macro candidate mean,fixed OOF candidate bootstrap; no refit,,logistic,H,
N3,N3_core_001,R_SIM,P_nat,mixture_diagnostic,brier_two_class_sum,0.3802119290128817,0.37381084744376686,0.38536088911291855,60,24527,macro candidate mean,fixed OOF candidate bootstrap; no refit,,logistic,H,
N3,N3_core_001,R_SIM,P_nat,raw,ce_bits,0.8158898205434751,0.8058238391485024,0.8238982632423087,60,24527,macro candidate mean,fixed OOF candidate bootstrap; no refit,,logistic,H,
N3,N3_core_001,R_SIM,P_nat,raw,bacc,0.5043256875553204,0.5035435325805954,0.5051683897578405,60,24527,macro candidate mean,fixed OOF candidate bootstrap; no refit,,logistic,H,
N3,N3_core_001,R_SIM,P_nat,raw,auroc,0.6410927319099687,0.6329239641836066,0.6479619076544251,60,24527,macro candidate mean,fixed OOF candidate bootstrap; no refit,,logistic,H,
N3,N3_core_001,R_SIM,P_nat,raw,brier_two_class_sum,0.3802930752480934,0.37398169609123816,0.38536406885255087,60,24527,macro candidate mean,fixed OOF candidate bootstrap; no refit,,logistic,H,
N3,N3_core_001,R_SIM,P_nat,temperature,ce_bits,0.8157495346233741,0.8055410528208818,0.8238556030168733,60,24527,macro candidate mean,fixed OOF candidate bootstrap; no refit,,logistic,H,
N3,N3_core_001,R_SIM,P_nat,temperature,bacc,0.5043256875553204,0.5035435325805954,0.5051683897578405,60,24527,macro candidate mean,fixed OOF candidate bootstrap; no refit,,logistic,H,
N3,N3_core_001,R_SIM,P_nat,temperature,auroc,0.6410927319099687,0.6329239641836066,0.6479619076544251,60,24527,macro candidate mean,fixed OOF candidate bootstrap; no refit,,logistic,H,
N3,N3_core_001,R_SIM,P_nat,temperature,brier_two_class_sum,0.3802119290128817,0.37381084744376686,0.38536088911291855,60,24527,macro candidate mean,fixed OOF candidate bootstrap; no refit,,logistic,H,
N3,N3_core_001,R_SIM,P_nat,mixture_diagnostic,ce_bits,0.8183336119028356,0.8080351298861365,0.8264922818166527,60,24527,macro candidate mean,fixed OOF candidate bootstrap; no refit,,logistic,HB,
N3,N3_core_001,R_SIM,P_nat,mixture_diagnostic,bacc,0.5062037016427512,0.504515825835739,0.5080331812623596,60,24527,macro candidate mean,fixed OOF candidate bootstrap; no refit,,logistic,HB,
N3,N3_core_001,R_SIM,P_nat,mixture_diagnostic,auroc,0.6359292347131463,0.628187116734381,0.642784010110689,60,24527,macro candidate mean,fixed OOF candidate bootstrap; no refit,,logistic,HB,
N3,N3_core_001,R_SIM,P_nat,mixture_diagnostic,brier_two_class_sum,0.38158168881229154,0.37512123116029117,0.38675398768969593,60,24527,macro candidate mean,fixed OOF candidate bootstrap; no refit,,logistic,HB,
N3,N3_core_001,R_SIM,P_nat,raw,ce_bits,0.8183997743555713,0.8081838347431647,0.8265220813981482,60,24527,macro candidate mean,fixed OOF candidate bootstrap; no refit,,logistic,HB,
N3,N3_core_001,R_SIM,P_nat,raw,bacc,0.5062037016427512,0.504515825835739,0.5080331812623596,60,24527,macro candidate mean,fixed OOF candidate bootstrap; no refit,,logistic,HB,
N3,N3_core_001,R_SIM,P_nat,raw,auroc,0.6359292347131463,0.628187116734381,0.642784010110689,60,24527,macro candidate mean,fixed OOF candidate bootstrap; no refit,,logistic,HB,
N3,N3_core_001,R_SIM,P_nat,raw,brier_two_class_sum,0.3816208602433282,0.3751632700292776,0.3867672547845187,60,24527,macro candidate mean,fixed OOF candidate bootstrap; no refit,,logistic,HB,
N3,N3_core_001,R_SIM,P_nat,temperature,ce_bits,0.8183336119028356,0.8080351298861365,0.8264922818166527,60,24527,macro candidate mean,fixed OOF candidate bootstrap; no refit,,logistic,HB,
N3,N3_core_001,R_SIM,P_nat,temperature,bacc,0.5062037016427512,0.504515825835739,0.5080331812623596,60,24527,macro candidate mean,fixed OOF candidate bootstrap; no refit,,logistic,HB,
N3,N3_core_001,R_SIM,P_nat,temperature,auroc,0.6359292347131463,0.628187116734381,0.642784010110689,60,24527,macro candidate mean,fixed OOF candidate bootstrap; no refit,,logistic,HB,
N3,N3_core_001,R_SIM,P_nat,temperature,brier_two_class_sum,0.38158168881229154,0.37512123116029117,0.38675398768969593,60,24527,macro candidate mean,fixed OOF candidate bootstrap; no refit,,logistic,HB,
N3,N3_core_001,R_SIM,P_nat,mixture_diagnostic,ce_bits,0.8182332116645133,0.8082223110500023,0.826700170572449,60,24527,macro candidate mean,fixed OOF candidate bootstrap; no refit,,logistic,HBP,
N3,N3_core_001,R_SIM,P_nat,mixture_diagnostic,bacc,0.5143077076225571,0.5114526612561212,0.5171656891130265,60,24527,macro candidate mean,fixed OOF candidate bootstrap; no refit,,logistic,HBP,
N3,N3_core_001,R_SIM,P_nat,mixture_diagnostic,auroc,0.6352050052558923,0.6272613844250999,0.6425239757239553,60,24527,macro candidate mean,fixed OOF candidate bootstrap; no refit,,logistic,HBP,
N3,N3_core_001,R_SIM,P_nat,mixture_diagnostic,brier_two_class_sum,0.3814867711728894,0.37520198213238803,0.3867319199257065,60,24527,macro candidate mean,fixed OOF candidate bootstrap; no refit,,logistic,HBP,
N3,N3_core_001,R_SIM,P_nat,raw,ce_bits,0.8182957583078143,0.8082494864936349,0.8267914365537025,60,24527,macro candidate mean,fixed OOF candidate bootstrap; no refit,,logistic,HBP,
N3,N3_core_001,R_SIM,P_nat,raw,bacc,0.5143077076225571,0.5114526612561212,0.5171656891130265,60,24527,macro candidate mean,fixed OOF candidate bootstrap; no refit,,logistic,HBP,
N3,N3_core_001,R_SIM,P_nat,raw,auroc,0.6352050052558923,0.6272613844250999,0.6425239757239553,60,24527,macro candidate mean,fixed OOF candidate bootstrap; no refit,,logistic,HBP,
N3,N3_core_001,R_SIM,P_nat,raw,brier_two_class_sum,0.3814944422746145,0.37518303108214557,0.38676794596878084,60,24527,macro candidate mean,fixed OOF candidate bootstrap; no refit,,logistic,HBP,
N3,N3_core_001,R_SIM,P_nat,temperature,ce_bits,0.8182332116645133,0.8082223110500023,0.826700170572449,60,24527,macro candidate mean,fixed OOF candidate bootstrap; no refit,,logistic,HBP,
N3,N3_core_001,R_SIM,P_nat,temperature,bacc,0.5143077076225571,0.5114526612561212,0.5171656891130265,60,24527,macro candidate mean,fixed OOF candidate bootstrap; no refit,,logistic,HBP,
N3,N3_core_001,R_SIM,P_nat,temperature,auroc,0.6352050052558923,0.6272613844250999,0.6425239757239553,60,24527,macro candidate mean,fixed OOF candidate bootstrap; no refit,,logistic,HBP,
N3,N3_core_001,R_SIM,P_nat,temperature,brier_two_class_sum,0.3814867711728894,0.37520198213238803,0.3867319199257065,60,24527,macro candidate mean,fixed OOF candidate bootstrap; no refit,,logistic,HBP,
N3,N3_core_001,R_SIM,P_nat,mixture_diagnostic,ce_bits,0.8159380310265736,0.806076968120524,0.8241352544084134,60,24527,macro candidate mean,fixed OOF candidate bootstrap; no refit,,logistic,HP,
N3,N3_core_001,R_SIM,P_nat,mixture_diagnostic,bacc,0.5107464232627433,0.5081261552350594,0.5132997869756438,60,24527,macro candidate mean,fixed OOF candidate bootstrap; no refit,,logistic,HP,
N3,N3_core_001,R_SIM,P_nat,mixture_diagnostic,auroc,0.6395578351889494,0.6312377248748939,0.6470939986751552,60,24527,macro candidate mean,fixed OOF candidate bootstrap; no refit,,logistic,HP,
N3,N3_core_001,R_SIM,P_nat,mixture_diagnostic,brier_two_class_sum,0.3802649598396273,0.3740655511034028,0.3853654462090728,60,24527,macro candidate mean,fixed OOF candidate bootstrap; no refit,,logistic,HP,
N3,N3_core_001,R_SIM,P_nat,raw,ce_bits,0.8159947623972206,0.8061892486798199,0.8241335435468432,60,24527,macro candidate mean,fixed OOF candidate bootstrap; no refit,,logistic,HP,
N3,N3_core_001,R_SIM,P_nat,raw,bacc,0.5107464232627433,0.5081261552350594,0.5132997869756438,60,24527,macro candidate mean,fixed OOF candidate bootstrap; no refit,,logistic,HP,
N3,N3_core_001,R_SIM,P_nat,raw,auroc,0.6395578351889494,0.6312377248748939,0.6470939986751552,60,24527,macro candidate mean,fixed OOF candidate bootstrap; no refit,,logistic,HP,
N3,N3_core_001,R_SIM,P_nat,raw,brier_two_class_sum,0.380300321999496,0.3741272979359593,0.3853970448120253,60,24527,macro candidate mean,fixed OOF candidate bootstrap; no refit,,logistic,HP,
N3,N3_core_001,R_SIM,P_nat,temperature,ce_bits,0.8159380310265736,0.806076968120524,0.8241352544084134,60,24527,macro candidate mean,fixed OOF candidate bootstrap; no refit,,logistic,HP,
N3,N3_core_001,R_SIM,P_nat,temperature,bacc,0.5107464232627433,0.5081261552350594,0.5132997869756438,60,24527,macro candidate mean,fixed OOF candidate bootstrap; no refit,,logistic,HP,
N3,N3_core_001,R_SIM,P_nat,temperature,auroc,0.6395578351889494,0.6312377248748939,0.6470939986751552,60,24527,macro candidate mean,fixed OOF candidate bootstrap; no refit,,logistic,HP,
N3,N3_core_001,R_SIM,P_nat,temperature,brier_two_class_sum,0.3802649598396273,0.3740655511034028,0.3853654462090728,60,24527,macro candidate mean,fixed OOF candidate bootstrap; no refit,,logistic,HP,
N3,N3_core_001,R_SIM,P_nat,mixture_diagnostic,ce_bits,0.8172166754254823,0.8070427389482789,0.8252415261734304,60,24527,macro candidate mean,fixed OOF candidate bootstrap; no refit,,logistic,Hnoise,
N3,N3_core_001,R_SIM,P_nat,mixture_diagnostic,bacc,0.506953962486104,0.5051253708857694,0.508781347752491,60,24527,macro candidate mean,fixed OOF candidate bootstrap; no refit,,logistic,Hnoise,
N3,N3_core_001,R_SIM,P_nat,mixture_diagnostic,auroc,0.6379484865310581,0.629201107395313,0.6455948347626259,60,24527,macro candidate mean,fixed OOF candidate bootstrap; no refit,,logistic,Hnoise,
N3,N3_core_001,R_SIM,P_nat,mixture_diagnostic,brier_two_class_sum,0.38111133543613446,0.3746690107254562,0.3861783321297901,60,24527,macro candidate mean,fixed OOF candidate bootstrap; no refit,,logistic,Hnoise,
N3,N3_core_001,R_SIM,P_nat,raw,ce_bits,0.8172584513841646,0.807120946629884,0.8252583181189259,60,24527,macro candidate mean,fixed OOF candidate bootstrap; no refit,,logistic,Hnoise,
N3,N3_core_001,R_SIM,P_nat,raw,bacc,0.506953962486104,0.5051253708857694,0.508781347752491,60,24527,macro candidate mean,fixed OOF candidate bootstrap; no refit,,logistic,Hnoise,
N3,N3_core_001,R_SIM,P_nat,raw,auroc,0.6379484865310581,0.629201107395313,0.6455948347626259,60,24527,macro candidate mean,fixed OOF candidate bootstrap; no refit,,logistic,Hnoise,
N3,N3_core_001,R_SIM,P_nat,raw,brier_two_class_sum,0.38113520476519086,0.374708069641247,0.38619273689202394,60,24527,macro candidate mean,fixed OOF candidate bootstrap; no refit,,logistic,Hnoise,
N3,N3_core_001,R_SIM,P_nat,temperature,ce_bits,0.8172166754254823,0.8070427389482789,0.8252415261734304,60,24527,macro candidate mean,fixed OOF candidate bootstrap; no refit,,logistic,Hnoise,
N3,N3_core_001,R_SIM,P_nat,temperature,bacc,0.506953962486104,0.5051253708857694,0.508781347752491,60,24527,macro candidate mean,fixed OOF candidate bootstrap; no refit,,logistic,Hnoise,
N3,N3_core_001,R_SIM,P_nat,temperature,auroc,0.6379484865310581,0.629201107395313,0.6455948347626259,60,24527,macro candidate mean,fixed OOF candidate bootstrap; no refit,,logistic,Hnoise,
N3,N3_core_001,R_SIM,P_nat,temperature,brier_two_class_sum,0.38111133543613446,0.3746690107254562,0.3861783321297901,60,24527,macro candidate mean,fixed OOF candidate bootstrap; no refit,,logistic,Hnoise,
N3,N3_core_001,R_SIM,P_nat,mixture_diagnostic,ce_bits,0.7653063722679033,0.7599001436075518,0.7703434872196671,60,24527,macro candidate mean,fixed OOF candidate bootstrap; no refit,,mlp32,H,
N3,N3_core_001,R_SIM,P_nat,mixture_diagnostic,bacc,0.5693354908829352,0.564810266098376,0.5737795187167852,60,24527,macro candidate mean,fixed OOF candidate bootstrap; no refit,,mlp32,H,
N3,N3_core_001,R_SIM,P_nat,mixture_diagnostic,auroc,0.7168086732669584,0.7017963465117483,0.7273480070277386,60,24527,macro candidate mean,fixed OOF candidate bootstrap; no refit,,mlp32,H,
N3,N3_core_001,R_SIM,P_nat,mixture_diagnostic,brier_two_class_sum,0.35239162037431127,0.34894320303810733,0.35560964549795077,60,24527,macro candidate mean,fixed OOF candidate bootstrap; no refit,,mlp32,H,
N3,N3_core_001,R_SIM,P_nat,raw,ce_bits,0.766183948622093,0.7612118880019464,0.7708938735142995,60,24527,macro candidate mean,fixed OOF candidate bootstrap; no refit,,mlp32,H,
N3,N3_core_001,R_SIM,P_nat,raw,bacc,0.5693354908829352,0.564810266098376,0.5737795187167852,60,24527,macro candidate mean,fixed OOF candidate bootstrap; no refit,,mlp32,H,
N3,N3_core_001,R_SIM,P_nat,raw,auroc,0.7168086732669584,0.7017963465117483,0.7273480070277386,60,24527,macro candidate mean,fixed OOF candidate bootstrap; no refit,,mlp32,H,
N3,N3_core_001,R_SIM,P_nat,raw,brier_two_class_sum,0.3526675719886784,0.3493503336274329,0.3557087166472738,60,24527,macro candidate mean,fixed OOF candidate bootstrap; no refit,,mlp32,H,
N3,N3_core_001,R_SIM,P_nat,temperature,ce_bits,0.7653063722679033,0.7599001436075518,0.7703434872196671,60,24527,macro candidate mean,fixed OOF candidate bootstrap; no refit,,mlp32,H,
N3,N3_core_001,R_SIM,P_nat,temperature,bacc,0.5693354908829352,0.564810266098376,0.5737795187167852,60,24527,macro candidate mean,fixed OOF candidate bootstrap; no refit,,mlp32,H,
N3,N3_core_001,R_SIM,P_nat,temperature,auroc,0.7168086732669584,0.7017963465117483,0.7273480070277386,60,24527,macro candidate mean,fixed OOF candidate bootstrap; no refit,,mlp32,H,
N3,N3_core_001,R_SIM,P_nat,temperature,brier_two_class_sum,0.35239162037431127,0.34894320303810733,0.35560964549795077,60,24527,macro candidate mean,fixed OOF candidate bootstrap; no refit,,mlp32,H,
N3,N3_core_001,R_SIM,P_nat,mixture_diagnostic,ce_bits,0.8299921720148933,0.8223328278388042,0.8364780953902857,60,24527,macro candidate mean,fixed OOF candidate bootstrap; no refit,,mlp32,HB,
N3,N3_core_001,R_SIM,P_nat,mixture_diagnostic,bacc,0.5029075838078707,0.5018750552302774,0.5041089398921625,60,24527,macro candidate mean,fixed OOF candidate bootstrap; no refit,,mlp32,HB,
N3,N3_core_001,R_SIM,P_nat,mixture_diagnostic,auroc,0.6291630114115894,0.6186377620307575,0.6375816677175989,60,24527,macro candidate mean,fixed OOF candidate bootstrap; no refit,,mlp32,HB,
N3,N3_core_001,R_SIM,P_nat,mixture_diagnostic,brier_two_class_sum,0.3880961507333964,0.38314486474338677,0.39226545931609963,60,24527,macro candidate mean,fixed OOF candidate bootstrap; no refit,,mlp32,HB,
N3,N3_core_001,R_SIM,P_nat,raw,ce_bits,0.8458466673857605,0.8361083391008796,0.8556082013222219,60,24527,macro candidate mean,fixed OOF candidate bootstrap; no refit,,mlp32,HB,
N3,N3_core_001,R_SIM,P_nat,raw,bacc,0.5578068138122673,0.5518515341392685,0.5642683784624685,60,24527,macro candidate mean,fixed OOF candidate bootstrap; no refit,,mlp32,HB,
N3,N3_core_001,R_SIM,P_nat,raw,auroc,0.6291630114115894,0.6186377620307575,0.6375816677175989,60,24527,macro candidate mean,fixed OOF candidate bootstrap; no refit,,mlp32,HB,
N3,N3_core_001,R_SIM,P_nat,raw,brier_two_class_sum,0.3931235390906137,0.38772087867557764,0.3982100710904748,60,24527,macro candidate mean,fixed OOF candidate bootstrap; no refit,,mlp32,HB,
N3,N3_core_001,R_SIM,P_nat,temperature,ce_bits,0.8378239151811048,0.8308311079399191,0.8445236911967503,60,24527,macro candidate mean,fixed OOF candidate bootstrap; no refit,,mlp32,HB,
N3,N3_core_001,R_SIM,P_nat,temperature,bacc,0.5578068138122673,0.5518515341392685,0.5642683784624685,60,24527,macro candidate mean,fixed OOF candidate bootstrap; no refit,,mlp32,HB,
N3,N3_core_001,R_SIM,P_nat,temperature,auroc,0.6291630114115894,0.6186377620307575,0.6375816677175989,60,24527,macro candidate mean,fixed OOF candidate bootstrap; no refit,,mlp32,HB,
N3,N3_core_001,R_SIM,P_nat,temperature,brier_two_class_sum,0.3933261136154825,0.3891031488271865,0.39732461384409296,60,24527,macro candidate mean,fixed OOF candidate bootstrap; no refit,,mlp32,HB,
N3,N3_core_001,R_SIM,P_nat,mixture_diagnostic,ce_bits,0.8458112426907187,0.8374823741588429,0.8528568037544191,60,24527,macro candidate mean,fixed OOF candidate bootstrap; no refit,,mlp32,HBP,
N3,N3_core_001,R_SIM,P_nat,mixture_diagnostic,bacc,0.5,0.5,0.5,60,24527,macro candidate mean,fixed OOF candidate bootstrap; no refit,,mlp32,HBP,
N3,N3_core_001,R_SIM,P_nat,mixture_diagnostic,auroc,0.5976906580803002,0.5867300008261914,0.6081935914070008,60,24527,macro candidate mean,fixed OOF candidate bootstrap; no refit,,mlp32,HBP,
N3,N3_core_001,R_SIM,P_nat,mixture_diagnostic,brier_two_class_sum,0.3974404384517597,0.3919538146290782,0.4020469060864668,60,24527,macro candidate mean,fixed OOF candidate bootstrap; no refit,,mlp32,HBP,
N3,N3_core_001,R_SIM,P_nat,raw,ce_bits,0.975197460733936,0.9582242330766586,0.9908291238683745,60,24527,macro candidate mean,fixed OOF candidate bootstrap; no refit,,mlp32,HBP,
N3,N3_core_001,R_SIM,P_nat,raw,bacc,0.550752165913507,0.5441545312887309,0.557100526765441,60,24527,macro candidate mean,fixed OOF candidate bootstrap; no refit,,mlp32,HBP,
N3,N3_core_001,R_SIM,P_nat,raw,auroc,0.5976906580803002,0.5867300008261914,0.6081935914070008,60,24527,macro candidate mean,fixed OOF candidate bootstrap; no refit,,mlp32,HBP,
N3,N3_core_001,R_SIM,P_nat,raw,brier_two_class_sum,0.4453955550635402,0.43787910955764947,0.45246720056968115,60,24527,macro candidate mean,fixed OOF candidate bootstrap; no refit,,mlp32,HBP,
N3,N3_core_001,R_SIM,P_nat,temperature,ce_bits,0.8852904316463069,0.8790431525343563,0.8914296066435632,60,24527,macro candidate mean,fixed OOF candidate bootstrap; no refit,,mlp32,HBP,
N3,N3_core_001,R_SIM,P_nat,temperature,bacc,0.550752165913507,0.5441545312887309,0.557100526765441,60,24527,macro candidate mean,fixed OOF candidate bootstrap; no refit,,mlp32,HBP,
N3,N3_core_001,R_SIM,P_nat,temperature,auroc,0.5976906580803002,0.5867300008261914,0.6081935914070008,60,24527,macro candidate mean,fixed OOF candidate bootstrap; no refit,,mlp32,HBP,
N3,N3_core_001,R_SIM,P_nat,temperature,brier_two_class_sum,0.42376966295672225,0.41973865864275267,0.4276927729544704,60,24527,macro candidate mean,fixed OOF candidate bootstrap; no refit,,mlp32,HBP,
N3,N3_core_001,R_SIM,P_nat,mixture_diagnostic,ce_bits,0.8319713280977158,0.8237704862666381,0.8388596700184611,60,24527,macro candidate mean,fixed OOF candidate bootstrap; no refit,,mlp32,HP,
N3,N3_core_001,R_SIM,P_nat,mixture_diagnostic,bacc,0.5029615016570981,0.5020399714877803,0.5038926437772963,60,24527,macro candidate mean,fixed OOF candidate bootstrap; no refit,,mlp32,HP,
N3,N3_core_001,R_SIM,P_nat,mixture_diagnostic,auroc,0.626658137941664,0.6172491333068066,0.635455590859374,60,24527,macro candidate mean,fixed OOF candidate bootstrap; no refit,,mlp32,HP,
N3,N3_core_001,R_SIM,P_nat,mixture_diagnostic,brier_two_class_sum,0.3893698534640016,0.38423314538347164,0.3937677198926447,60,24527,macro candidate mean,fixed OOF candidate bootstrap; no refit,,mlp32,HP,
N3,N3_core_001,R_SIM,P_nat,raw,ce_bits,0.8539868588077254,0.8425002567785618,0.8646574414594627,60,24527,macro candidate mean,fixed OOF candidate bootstrap; no refit,,mlp32,HP,
N3,N3_core_001,R_SIM,P_nat,raw,bacc,0.5561701900484363,0.5508409256701596,0.5616705419331429,60,24527,macro candidate mean,fixed OOF candidate bootstrap; no refit,,mlp32,HP,
N3,N3_core_001,R_SIM,P_nat,raw,auroc,0.626658137941664,0.6172491333068066,0.635455590859374,60,24527,macro candidate mean,fixed OOF candidate bootstrap; no refit,,mlp32,HP,
N3,N3_core_001,R_SIM,P_nat,raw,brier_two_class_sum,0.3983128521105536,0.392609177611104,0.40350819693014034,60,24527,macro candidate mean,fixed OOF candidate bootstrap; no refit,,mlp32,HP,
N3,N3_core_001,R_SIM,P_nat,temperature,ce_bits,0.8430879627434602,0.8350892088379308,0.8500970444588017,60,24527,macro candidate mean,fixed OOF candidate bootstrap; no refit,,mlp32,HP,
N3,N3_core_001,R_SIM,P_nat,temperature,bacc,0.5561701900484363,0.5508409256701596,0.5616705419331429,60,24527,macro candidate mean,fixed OOF candidate bootstrap; no refit,,mlp32,HP,
N3,N3_core_001,R_SIM,P_nat,temperature,auroc,0.626658137941664,0.6172491333068066,0.635455590859374,60,24527,macro candidate mean,fixed OOF candidate bootstrap; no refit,,mlp32,HP,
N3,N3_core_001,R_SIM,P_nat,temperature,brier_two_class_sum,0.3971633052611265,0.39247666788823155,0.40128710745940366,60,24527,macro candidate mean,fixed OOF candidate bootstrap; no refit,,mlp32,HP,
N3,N3_core_001,R_SIM,P_nat,mixture_diagnostic,ce_bits,0.8381045278553445,0.8304051159447896,0.8445038919301747,60,24527,macro candidate mean,fixed OOF candidate bootstrap; no refit,,mlp32,Hnoise,
N3,N3_core_001,R_SIM,P_nat,mixture_diagnostic,bacc,0.5024100500959381,0.5013038471815384,0.503507919936182,60,24527,macro candidate mean,fixed OOF candidate bootstrap; no refit,,mlp32,Hnoise,
N3,N3_core_001,R_SIM,P_nat,mixture_diagnostic,auroc,0.6074648665465108,0.5988967819460087,0.6155872629111796,60,24527,macro candidate mean,fixed OOF candidate bootstrap; no refit,,mlp32,Hnoise,
N3,N3_core_001,R_SIM,P_nat,mixture_diagnostic,brier_two_class_sum,0.3929433510921756,0.38799670403550385,0.39707308041853306,60,24527,macro candidate mean,fixed OOF candidate bootstrap; no refit,,mlp32,Hnoise,
N3,N3_core_001,R_SIM,P_nat,raw,ce_bits,0.8789268394588383,0.8694928781024724,0.8882345223086471,60,24527,macro candidate mean,fixed OOF candidate bootstrap; no refit,,mlp32,Hnoise,
N3,N3_core_001,R_SIM,P_nat,raw,bacc,0.5543989275499076,0.5470829126321971,0.561172023869432,60,24527,macro candidate mean,fixed OOF candidate bootstrap; no refit,,mlp32,Hnoise,
N3,N3_core_001,R_SIM,P_nat,raw,auroc,0.6074648665465108,0.5988967819460087,0.6155872629111796,60,24527,macro candidate mean,fixed OOF candidate bootstrap; no refit,,mlp32,Hnoise,
N3,N3_core_001,R_SIM,P_nat,raw,brier_two_class_sum,0.40906721332507445,0.40330621898020336,0.41444727572940954,60,24527,macro candidate mean,fixed OOF candidate bootstrap; no refit,,mlp32,Hnoise,
N3,N3_core_001,R_SIM,P_nat,temperature,ce_bits,0.8563722787669646,0.8505041517016553,0.8620271678477276,60,24527,macro candidate mean,fixed OOF candidate bootstrap; no refit,,mlp32,Hnoise,
N3,N3_core_001,R_SIM,P_nat,temperature,bacc,0.5543989275499076,0.5470829126321971,0.561172023869432,60,24527,macro candidate mean,fixed OOF candidate bootstrap; no refit,,mlp32,Hnoise,
N3,N3_core_001,R_SIM,P_nat,temperature,auroc,0.6074648665465108,0.5988967819460087,0.6155872629111796,60,24527,macro candidate mean,fixed OOF candidate bootstrap; no refit,,mlp32,Hnoise,
N3,N3_core_001,R_SIM,P_nat,temperature,brier_two_class_sum,0.40500819777118025,0.4010967384159089,0.4087630887475142,60,24527,macro candidate mean,fixed OOF candidate bootstrap; no refit,,mlp32,Hnoise,
N3_selected,N3_core_001,L0,P_bal,mixture_diagnostic,ce_bits,0.9571646437386901,0.9518673719708886,0.9638489870653099,60,24527,macro candidate mean,fixed OOF candidate bootstrap; no refit,,training_OOF_selected,H,
N3_selected,N3_core_001,L0,P_bal,mixture_diagnostic,bacc,0.5868926844577007,0.5816213572740079,0.5916559740504514,60,24527,macro candidate mean,fixed OOF candidate bootstrap; no refit,,training_OOF_selected,H,
N3_selected,N3_core_001,L0,P_bal,mixture_diagnostic,auroc,0.6385973173385388,0.6308537816942578,0.6452542380497651,60,24527,macro candidate mean,fixed OOF candidate bootstrap; no refit,,training_OOF_selected,H,
N3_selected,N3_core_001,L0,P_bal,mixture_diagnostic,brier_two_class_sum,0.4709210377011607,0.46750971059822005,0.4752006414291958,60,24527,macro candidate mean,fixed OOF candidate bootstrap; no refit,,training_OOF_selected,H,
N3_selected,N3_core_001,L0,P_bal,raw,ce_bits,0.9573769931056842,0.9527941505608155,0.9629502662274995,60,24527,macro candidate mean,fixed OOF candidate bootstrap; no refit,,training_OOF_selected,H,
N3_selected,N3_core_001,L0,P_bal,raw,bacc,0.5868926844577007,0.5816213572740079,0.5916559740504514,60,24527,macro candidate mean,fixed OOF candidate bootstrap; no refit,,training_OOF_selected,H,
N3_selected,N3_core_001,L0,P_bal,raw,auroc,0.6385973173385388,0.6308537816942578,0.6452542380497651,60,24527,macro candidate mean,fixed OOF candidate bootstrap; no refit,,training_OOF_selected,H,
N3_selected,N3_core_001,L0,P_bal,raw,brier_two_class_sum,0.4710242163601267,0.46799648094135127,0.47465672026020295,60,24527,macro candidate mean,fixed OOF candidate bootstrap; no refit,,training_OOF_selected,H,
N3_selected,N3_core_001,L0,P_bal,temperature,ce_bits,0.9571646437386901,0.9518673719708886,0.9638489870653099,60,24527,macro candidate mean,fixed OOF candidate bootstrap; no refit,,training_OOF_selected,H,
N3_selected,N3_core_001,L0,P_bal,temperature,bacc,0.5868926844577007,0.5816213572740079,0.5916559740504514,60,24527,macro candidate mean,fixed OOF candidate bootstrap; no refit,,training_OOF_selected,H,
N3_selected,N3_core_001,L0,P_bal,temperature,auroc,0.6385973173385388,0.6308537816942578,0.6452542380497651,60,24527,macro candidate mean,fixed OOF candidate bootstrap; no refit,,training_OOF_selected,H,
N3_selected,N3_core_001,L0,P_bal,temperature,brier_two_class_sum,0.4709210377011607,0.46750971059822005,0.4752006414291958,60,24527,macro candidate mean,fixed OOF candidate bootstrap; no refit,,training_OOF_selected,H,
N3_selected,N3_core_001,L0,P_bal,mixture_diagnostic,ce_bits,0.9594781792065178,0.954809885395412,0.9653309645546432,60,24527,macro candidate mean,fixed OOF candidate bootstrap; no refit,,training_OOF_selected,HB,
N3_selected,N3_core_001,L0,P_bal,mixture_diagnostic,bacc,0.5906127296802212,0.5861591586282564,0.594923367810437,60,24527,macro candidate mean,fixed OOF candidate bootstrap; no refit,,training_OOF_selected,HB,
N3_selected,N3_core_001,L0,P_bal,mixture_diagnostic,auroc,0.6364538396422184,0.6290614928346013,0.6426572870488488,60,24527,macro candidate mean,fixed OOF candidate bootstrap; no refit,,training_OOF_selected,HB,
N3_selected,N3_core_001,L0,P_bal,mixture_diagnostic,brier_two_class_sum,0.47240333247776456,0.4694060487092041,0.4761973691786838,60,24527,macro candidate mean,fixed OOF candidate bootstrap; no refit,,training_OOF_selected,HB,
N3_selected,N3_core_001,L0,P_bal,raw,ce_bits,0.9594308531892133,0.9549239300611819,0.9650225455869823,60,24527,macro candidate mean,fixed OOF candidate bootstrap; no refit,,training_OOF_selected,HB,
N3_selected,N3_core_001,L0,P_bal,raw,bacc,0.5906127296802212,0.5861591586282564,0.594923367810437,60,24527,macro candidate mean,fixed OOF candidate bootstrap; no refit,,training_OOF_selected,HB,
N3_selected,N3_core_001,L0,P_bal,raw,auroc,0.6364538396422184,0.6290614928346013,0.6426572870488488,60,24527,macro candidate mean,fixed OOF candidate bootstrap; no refit,,training_OOF_selected,HB,
N3_selected,N3_core_001,L0,P_bal,raw,brier_two_class_sum,0.4723702682200123,0.4694671169637029,0.47597520040923214,60,24527,macro candidate mean,fixed OOF candidate bootstrap; no refit,,training_OOF_selected,HB,
N3_selected,N3_core_001,L0,P_bal,temperature,ce_bits,0.9594781792065178,0.954809885395412,0.9653309645546432,60,24527,macro candidate mean,fixed OOF candidate bootstrap; no refit,,training_OOF_selected,HB,
N3_selected,N3_core_001,L0,P_bal,temperature,bacc,0.5906127296802212,0.5861591586282564,0.594923367810437,60,24527,macro candidate mean,fixed OOF candidate bootstrap; no refit,,training_OOF_selected,HB,
N3_selected,N3_core_001,L0,P_bal,temperature,auroc,0.6364538396422184,0.6290614928346013,0.6426572870488488,60,24527,macro candidate mean,fixed OOF candidate bootstrap; no refit,,training_OOF_selected,HB,
N3_selected,N3_core_001,L0,P_bal,temperature,brier_two_class_sum,0.47240333247776456,0.4694060487092041,0.4761973691786838,60,24527,macro candidate mean,fixed OOF candidate bootstrap; no refit,,training_OOF_selected,HB,
N3_selected,N3_core_001,L0,P_bal,mixture_diagnostic,ce_bits,0.9596257264577068,0.9546902513199164,0.9652037624627738,60,24527,macro candidate mean,fixed OOF candidate bootstrap; no refit,,training_OOF_selected,HBP,
N3_selected,N3_core_001,L0,P_bal,mixture_diagnostic,bacc,0.5946131054356076,0.5895548264230801,0.5994201514100107,60,24527,macro candidate mean,fixed OOF candidate bootstrap; no refit,,training_OOF_selected,HBP,
N3_selected,N3_core_001,L0,P_bal,mixture_diagnostic,auroc,0.6360708444780485,0.6285333816482543,0.6429740499791701,60,24527,macro candidate mean,fixed OOF candidate bootstrap; no refit,,training_OOF_selected,HBP,
N3_selected,N3_core_001,L0,P_bal,mixture_diagnostic,brier_two_class_sum,0.47250992495118455,0.4693372441848369,0.4760985727486463,60,24527,macro candidate mean,fixed OOF candidate bootstrap; no refit,,training_OOF_selected,HBP,
N3_selected,N3_core_001,L0,P_bal,raw,ce_bits,0.9594788380130894,0.9540959551016059,0.9655225503389177,60,24527,macro candidate mean,fixed OOF candidate bootstrap; no refit,,training_OOF_selected,HBP,
N3_selected,N3_core_001,L0,P_bal,raw,bacc,0.5946131054356076,0.5895548264230801,0.5994201514100107,60,24527,macro candidate mean,fixed OOF candidate bootstrap; no refit,,training_OOF_selected,HBP,
N3_selected,N3_core_001,L0,P_bal,raw,auroc,0.6360708444780485,0.6285333816482543,0.6429740499791701,60,24527,macro candidate mean,fixed OOF candidate bootstrap; no refit,,training_OOF_selected,HBP,
N3_selected,N3_core_001,L0,P_bal,raw,brier_two_class_sum,0.4723905924715475,0.4689781965501518,0.47624102411486813,60,24527,macro candidate mean,fixed OOF candidate bootstrap; no refit,,training_OOF_selected,HBP,
N3_selected,N3_core_001,L0,P_bal,temperature,ce_bits,0.9596257264577068,0.9546902513199164,0.9652037624627738,60,24527,macro candidate mean,fixed OOF candidate bootstrap; no refit,,training_OOF_selected,HBP,
N3_selected,N3_core_001,L0,P_bal,temperature,bacc,0.5946131054356076,0.5895548264230801,0.5994201514100107,60,24527,macro candidate mean,fixed OOF candidate bootstrap; no refit,,training_OOF_selected,HBP,
N3_selected,N3_core_001,L0,P_bal,temperature,auroc,0.6360708444780485,0.6285333816482543,0.6429740499791701,60,24527,macro candidate mean,fixed OOF candidate bootstrap; no refit,,training_OOF_selected,HBP,
N3_selected,N3_core_001,L0,P_bal,temperature,brier_two_class_sum,0.47250992495118455,0.4693372441848369,0.4760985727486463,60,24527,macro candidate mean,fixed OOF candidate bootstrap; no refit,,training_OOF_selected,HBP,
N3_selected,N3_core_001,L0,P_bal,mixture_diagnostic,ce_bits,0.9574554317777261,0.9521341467673533,0.9635602520441469,60,24527,macro candidate mean,fixed OOF candidate bootstrap; no refit,,training_OOF_selected,HP,
N3_selected,N3_core_001,L0,P_bal,mixture_diagnostic,bacc,0.5948393998686197,0.5899790075852244,0.5995988556445804,60,24527,macro candidate mean,fixed OOF candidate bootstrap; no refit,,training_OOF_selected,HP,
N3_selected,N3_core_001,L0,P_bal,mixture_diagnostic,auroc,0.6393451375204948,0.6317940726254158,0.6462521287765361,60,24527,macro candidate mean,fixed OOF candidate bootstrap; no refit,,training_OOF_selected,HP,
N3_selected,N3_core_001,L0,P_bal,mixture_diagnostic,brier_two_class_sum,0.4711000575702177,0.46764936819739955,0.4750474337565563,60,24527,macro candidate mean,fixed OOF candidate bootstrap; no refit,,training_OOF_selected,HP,
N3_selected,N3_core_001,L0,P_bal,raw,ce_bits,0.9572910136310144,0.9519531010471048,0.9633130143974982,60,24527,macro candidate mean,fixed OOF candidate bootstrap; no refit,,training_OOF_selected,HP,
N3_selected,N3_core_001,L0,P_bal,raw,bacc,0.5948393998686197,0.5899790075852244,0.5995988556445804,60,24527,macro candidate mean,fixed OOF candidate bootstrap; no refit,,training_OOF_selected,HP,
N3_selected,N3_core_001,L0,P_bal,raw,auroc,0.6393451375204948,0.6317940726254158,0.6462521287765361,60,24527,macro candidate mean,fixed OOF candidate bootstrap; no refit,,training_OOF_selected,HP,
N3_selected,N3_core_001,L0,P_bal,raw,brier_two_class_sum,0.47099850916124425,0.4675689399478032,0.474865678474859,60,24527,macro candidate mean,fixed OOF candidate bootstrap; no refit,,training_OOF_selected,HP,
N3_selected,N3_core_001,L0,P_bal,temperature,ce_bits,0.9574554317777261,0.9521341467673533,0.9635602520441469,60,24527,macro candidate mean,fixed OOF candidate bootstrap; no refit,,training_OOF_selected,HP,
N3_selected,N3_core_001,L0,P_bal,temperature,bacc,0.5948393998686197,0.5899790075852244,0.5995988556445804,60,24527,macro candidate mean,fixed OOF candidate bootstrap; no refit,,training_OOF_selected,HP,
N3_selected,N3_core_001,L0,P_bal,temperature,auroc,0.6393451375204948,0.6317940726254158,0.6462521287765361,60,24527,macro candidate mean,fixed OOF candidate bootstrap; no refit,,training_OOF_selected,HP,
N3_selected,N3_core_001,L0,P_bal,temperature,brier_two_class_sum,0.4711000575702177,0.46764936819739955,0.4750474337565563,60,24527,macro candidate mean,fixed OOF candidate bootstrap; no refit,,training_OOF_selected,HP,
N3_selected,N3_core_001,L0,P_bal,mixture_diagnostic,ce_bits,0.9581353341580426,0.9526314559711502,0.9645524149651036,60,24527,macro candidate mean,fixed OOF candidate bootstrap; no refit,,training_OOF_selected,Hnoise,
N3_selected,N3_core_001,L0,P_bal,mixture_diagnostic,bacc,0.5898682992236205,0.5827163389728793,0.5961327765634196,60,24527,macro candidate mean,fixed OOF candidate bootstrap; no refit,,training_OOF_selected,Hnoise,
N3_selected,N3_core_001,L0,P_bal,mixture_diagnostic,auroc,0.6380057882231107,0.6294954860599542,0.6457273102016907,60,24527,macro candidate mean,fixed OOF candidate bootstrap; no refit,,training_OOF_selected,Hnoise,
N3_selected,N3_core_001,L0,P_bal,mixture_diagnostic,brier_two_class_sum,0.4715804779684844,0.46796235988494755,0.47583331442844695,60,24527,macro candidate mean,fixed OOF candidate bootstrap; no refit,,training_OOF_selected,Hnoise,
N3_selected,N3_core_001,L0,P_bal,raw,ce_bits,0.9581841654472114,0.9530317811981166,0.9642991131524051,60,24527,macro candidate mean,fixed OOF candidate bootstrap; no refit,,training_OOF_selected,Hnoise,
N3_selected,N3_core_001,L0,P_bal,raw,bacc,0.5898682992236205,0.5827163389728793,0.5961327765634196,60,24527,macro candidate mean,fixed OOF candidate bootstrap; no refit,,training_OOF_selected,Hnoise,
N3_selected,N3_core_001,L0,P_bal,raw,auroc,0.6380057882231107,0.6294954860599542,0.6457273102016907,60,24527,macro candidate mean,fixed OOF candidate bootstrap; no refit,,training_OOF_selected,Hnoise,
N3_selected,N3_core_001,L0,P_bal,raw,brier_two_class_sum,0.47159401566595044,0.4681841009283899,0.47559087619242596,60,24527,macro candidate mean,fixed OOF candidate bootstrap; no refit,,training_OOF_selected,Hnoise,
N3_selected,N3_core_001,L0,P_bal,temperature,ce_bits,0.9581353341580426,0.9526314559711502,0.9645524149651036,60,24527,macro candidate mean,fixed OOF candidate bootstrap; no refit,,training_OOF_selected,Hnoise,
N3_selected,N3_core_001,L0,P_bal,temperature,bacc,0.5898682992236205,0.5827163389728793,0.5961327765634196,60,24527,macro candidate mean,fixed OOF candidate bootstrap; no refit,,training_OOF_selected,Hnoise,
N3_selected,N3_core_001,L0,P_bal,temperature,auroc,0.6380057882231107,0.6294954860599542,0.6457273102016907,60,24527,macro candidate mean,fixed OOF candidate bootstrap; no refit,,training_OOF_selected,Hnoise,
N3_selected,N3_core_001,L0,P_bal,temperature,brier_two_class_sum,0.4715804779684844,0.46796235988494755,0.47583331442844695,60,24527,macro candidate mean,fixed OOF candidate bootstrap; no refit,,training_OOF_selected,Hnoise,
N3_selected,N3_core_001,L0,P_nat,mixture_diagnostic,ce_bits,0.8157495346233741,0.8055410528208818,0.8238556030168733,60,24527,macro candidate mean,fixed OOF candidate bootstrap; no refit,,training_OOF_selected,H,
N3_selected,N3_core_001,L0,P_nat,mixture_diagnostic,bacc,0.5043256875553204,0.5035435325805954,0.5051683897578405,60,24527,macro candidate mean,fixed OOF candidate bootstrap; no refit,,training_OOF_selected,H,
N3_selected,N3_core_001,L0,P_nat,mixture_diagnostic,auroc,0.6410927319099687,0.6329239641836066,0.6479619076544251,60,24527,macro candidate mean,fixed OOF candidate bootstrap; no refit,,training_OOF_selected,H,
N3_selected,N3_core_001,L0,P_nat,mixture_diagnostic,brier_two_class_sum,0.3802119290128817,0.37381084744376686,0.38536088911291855,60,24527,macro candidate mean,fixed OOF candidate bootstrap; no refit,,training_OOF_selected,H,
N3_selected,N3_core_001,L0,P_nat,raw,ce_bits,0.8158898205434751,0.8058238391485024,0.8238982632423087,60,24527,macro candidate mean,fixed OOF candidate bootstrap; no refit,,training_OOF_selected,H,
N3_selected,N3_core_001,L0,P_nat,raw,bacc,0.5043256875553204,0.5035435325805954,0.5051683897578405,60,24527,macro candidate mean,fixed OOF candidate bootstrap; no refit,,training_OOF_selected,H,
N3_selected,N3_core_001,L0,P_nat,raw,auroc,0.6410927319099687,0.6329239641836066,0.6479619076544251,60,24527,macro candidate mean,fixed OOF candidate bootstrap; no refit,,training_OOF_selected,H,
N3_selected,N3_core_001,L0,P_nat,raw,brier_two_class_sum,0.3802930752480934,0.37398169609123816,0.38536406885255087,60,24527,macro candidate mean,fixed OOF candidate bootstrap; no refit,,training_OOF_selected,H,
N3_selected,N3_core_001,L0,P_nat,temperature,ce_bits,0.8157495346233741,0.8055410528208818,0.8238556030168733,60,24527,macro candidate mean,fixed OOF candidate bootstrap; no refit,,training_OOF_selected,H,
N3_selected,N3_core_001,L0,P_nat,temperature,bacc,0.5043256875553204,0.5035435325805954,0.5051683897578405,60,24527,macro candidate mean,fixed OOF candidate bootstrap; no refit,,training_OOF_selected,H,
N3_selected,N3_core_001,L0,P_nat,temperature,auroc,0.6410927319099687,0.6329239641836066,0.6479619076544251,60,24527,macro candidate mean,fixed OOF candidate bootstrap; no refit,,training_OOF_selected,H,
N3_selected,N3_core_001,L0,P_nat,temperature,brier_two_class_sum,0.3802119290128817,0.37381084744376686,0.38536088911291855,60,24527,macro candidate mean,fixed OOF candidate bootstrap; no refit,,training_OOF_selected,H,
N3_selected,N3_core_001,L0,P_nat,mixture_diagnostic,ce_bits,0.817245398007364,0.8069177365847071,0.8254506676221782,60,24527,macro candidate mean,fixed OOF candidate bootstrap; no refit,,training_OOF_selected,HB,
N3_selected,N3_core_001,L0,P_nat,mixture_diagnostic,bacc,0.5071887769347464,0.505311345213348,0.5092968317290846,60,24527,macro candidate mean,fixed OOF candidate bootstrap; no refit,,training_OOF_selected,HB,
N3_selected,N3_core_001,L0,P_nat,mixture_diagnostic,auroc,0.637754708111721,0.6298399285367781,0.6441392017366985,60,24527,macro candidate mean,fixed OOF candidate bootstrap; no refit,,training_OOF_selected,HB,
N3_selected,N3_core_001,L0,P_nat,mixture_diagnostic,brier_two_class_sum,0.38099160913363933,0.3745601151771098,0.3861596499883814,60,24527,macro candidate mean,fixed OOF candidate bootstrap; no refit,,training_OOF_selected,HB,
N3_selected,N3_core_001,L0,P_nat,raw,ce_bits,0.8172990524738473,0.8070089195460303,0.8254868161434878,60,24527,macro candidate mean,fixed OOF candidate bootstrap; no refit,,training_OOF_selected,HB,
N3_selected,N3_core_001,L0,P_nat,raw,bacc,0.5071887769347464,0.505311345213348,0.5092968317290846,60,24527,macro candidate mean,fixed OOF candidate bootstrap; no refit,,training_OOF_selected,HB,
N3_selected,N3_core_001,L0,P_nat,raw,auroc,0.637754708111721,0.6298399285367781,0.6441392017366985,60,24527,macro candidate mean,fixed OOF candidate bootstrap; no refit,,training_OOF_selected,HB,
N3_selected,N3_core_001,L0,P_nat,raw,brier_two_class_sum,0.381020444798775,0.374609090330967,0.3861743044041367,60,24527,macro candidate mean,fixed OOF candidate bootstrap; no refit,,training_OOF_selected,HB,
N3_selected,N3_core_001,L0,P_nat,temperature,ce_bits,0.817245398007364,0.8069177365847071,0.8254506676221782,60,24527,macro candidate mean,fixed OOF candidate bootstrap; no refit,,training_OOF_selected,HB,
N3_selected,N3_core_001,L0,P_nat,temperature,bacc,0.5071887769347464,0.505311345213348,0.5092968317290846,60,24527,macro candidate mean,fixed OOF candidate bootstrap; no refit,,training_OOF_selected,HB,
N3_selected,N3_core_001,L0,P_nat,temperature,auroc,0.637754708111721,0.6298399285367781,0.6441392017366985,60,24527,macro candidate mean,fixed OOF candidate bootstrap; no refit,,training_OOF_selected,HB,
N3_selected,N3_core_001,L0,P_nat,temperature,brier_two_class_sum,0.38099160913363933,0.3745601151771098,0.3861596499883814,60,24527,macro candidate mean,fixed OOF candidate bootstrap; no refit,,training_OOF_selected,HB,
N3_selected,N3_core_001,L0,P_nat,mixture_diagnostic,ce_bits,0.8174024758796351,0.8070252467472939,0.8258722939148332,60,24527,macro candidate mean,fixed OOF candidate bootstrap; no refit,,training_OOF_selected,HBP,
N3_selected,N3_core_001,L0,P_nat,mixture_diagnostic,bacc,0.5155237359207681,0.5118460053047513,0.5203236170571621,60,24527,macro candidate mean,fixed OOF candidate bootstrap; no refit,,training_OOF_selected,HBP,
N3_selected,N3_core_001,L0,P_nat,mixture_diagnostic,auroc,0.6380580105835256,0.6304575088183411,0.644686651985956,60,24527,macro candidate mean,fixed OOF candidate bootstrap; no refit,,training_OOF_selected,HBP,
N3_selected,N3_core_001,L0,P_nat,mixture_diagnostic,brier_two_class_sum,0.3810976872851299,0.3746208038719273,0.38640963780788834,60,24527,macro candidate mean,fixed OOF candidate bootstrap; no refit,,training_OOF_selected,HBP,
N3_selected,N3_core_001,L0,P_nat,raw,ce_bits,0.8174095751298548,0.8069772178716614,0.8260484737997654,60,24527,macro candidate mean,fixed OOF candidate bootstrap; no refit,,training_OOF_selected,HBP,
N3_selected,N3_core_001,L0,P_nat,raw,bacc,0.5155237359207681,0.5118460053047513,0.5203236170571621,60,24527,macro candidate mean,fixed OOF candidate bootstrap; no refit,,training_OOF_selected,HBP,
N3_selected,N3_core_001,L0,P_nat,raw,auroc,0.6380580105835256,0.6304575088183411,0.644686651985956,60,24527,macro candidate mean,fixed OOF candidate bootstrap; no refit,,training_OOF_selected,HBP,
N3_selected,N3_core_001,L0,P_nat,raw,brier_two_class_sum,0.381064961601336,0.37456283929426054,0.38646038748563144,60,24527,macro candidate mean,fixed OOF candidate bootstrap; no refit,,training_OOF_selected,HBP,
N3_selected,N3_core_001,L0,P_nat,temperature,ce_bits,0.8174024758796351,0.8070252467472939,0.8258722939148332,60,24527,macro candidate mean,fixed OOF candidate bootstrap; no refit,,training_OOF_selected,HBP,
N3_selected,N3_core_001,L0,P_nat,temperature,bacc,0.5155237359207681,0.5118460053047513,0.5203236170571621,60,24527,macro candidate mean,fixed OOF candidate bootstrap; no refit,,training_OOF_selected,HBP,
N3_selected,N3_core_001,L0,P_nat,temperature,auroc,0.6380580105835256,0.6304575088183411,0.644686651985956,60,24527,macro candidate mean,fixed OOF candidate bootstrap; no refit,,training_OOF_selected,HBP,
N3_selected,N3_core_001,L0,P_nat,temperature,brier_two_class_sum,0.3810976872851299,0.3746208038719273,0.38640963780788834,60,24527,macro candidate mean,fixed OOF candidate bootstrap; no refit,,training_OOF_selected,HBP,
N3_selected,N3_core_001,L0,P_nat,mixture_diagnostic,ce_bits,0.8158266391511464,0.8054721981347823,0.8242202944513302,60,24527,macro candidate mean,fixed OOF candidate bootstrap; no refit,,training_OOF_selected,HP,
N3_selected,N3_core_001,L0,P_nat,mixture_diagnostic,bacc,0.5117411913446529,0.5090988964934376,0.5143710465917004,60,24527,macro candidate mean,fixed OOF candidate bootstrap; no refit,,training_OOF_selected,HP,
N3_selected,N3_core_001,L0,P_nat,mixture_diagnostic,auroc,0.6406025577415392,0.6325486222954524,0.6475633990972128,60,24527,macro candidate mean,fixed OOF candidate bootstrap; no refit,,training_OOF_selected,HP,
N3_selected,N3_core_001,L0,P_nat,mixture_diagnostic,brier_two_class_sum,0.38026348727602877,0.37385896522921963,0.3854540261004851,60,24527,macro candidate mean,fixed OOF candidate bootstrap; no refit,,training_OOF_selected,HP,
N3_selected,N3_core_001,L0,P_nat,raw,ce_bits,0.8158782789654864,0.8055406321455953,0.8242901119040165,60,24527,macro candidate mean,fixed OOF candidate bootstrap; no refit,,training_OOF_selected,HP,
N3_selected,N3_core_001,L0,P_nat,raw,bacc,0.5117411913446529,0.5090988964934376,0.5143710465917004,60,24527,macro candidate mean,fixed OOF candidate bootstrap; no refit,,training_OOF_selected,HP,
N3_selected,N3_core_001,L0,P_nat,raw,auroc,0.6406025577415392,0.6325486222954524,0.6475633990972128,60,24527,macro candidate mean,fixed OOF candidate bootstrap; no refit,,training_OOF_selected,HP,
N3_selected,N3_core_001,L0,P_nat,raw,brier_two_class_sum,0.380288432040256,0.3738937483238718,0.3854839380269015,60,24527,macro candidate mean,fixed OOF candidate bootstrap; no refit,,training_OOF_selected,HP,
N3_selected,N3_core_001,L0,P_nat,temperature,ce_bits,0.8158266391511464,0.8054721981347823,0.8242202944513302,60,24527,macro candidate mean,fixed OOF candidate bootstrap; no refit,,training_OOF_selected,HP,
N3_selected,N3_core_001,L0,P_nat,temperature,bacc,0.5117411913446529,0.5090988964934376,0.5143710465917004,60,24527,macro candidate mean,fixed OOF candidate bootstrap; no refit,,training_OOF_selected,HP,
N3_selected,N3_core_001,L0,P_nat,temperature,auroc,0.6406025577415392,0.6325486222954524,0.6475633990972128,60,24527,macro candidate mean,fixed OOF candidate bootstrap; no refit,,training_OOF_selected,HP,
N3_selected,N3_core_001,L0,P_nat,temperature,brier_two_class_sum,0.38026348727602877,0.37385896522921963,0.3854540261004851,60,24527,macro candidate mean,fixed OOF candidate bootstrap; no refit,,training_OOF_selected,HP,
N3_selected,N3_core_001,L0,P_nat,mixture_diagnostic,ce_bits,0.8163627099895987,0.8062500819668795,0.8246094733081969,60,24527,macro candidate mean,fixed OOF candidate bootstrap; no refit,,training_OOF_selected,Hnoise,
N3_selected,N3_core_001,L0,P_nat,mixture_diagnostic,bacc,0.5071206723857823,0.5054101383003804,0.5089134583111967,60,24527,macro candidate mean,fixed OOF candidate bootstrap; no refit,,training_OOF_selected,Hnoise,
N3_selected,N3_core_001,L0,P_nat,mixture_diagnostic,auroc,0.6395804925852232,0.6304769468218561,0.6475690196626456,60,24527,macro candidate mean,fixed OOF candidate bootstrap; no refit,,training_OOF_selected,Hnoise,
N3_selected,N3_core_001,L0,P_nat,mixture_diagnostic,brier_two_class_sum,0.3805475577987961,0.3741894188302299,0.3857676295184752,60,24527,macro candidate mean,fixed OOF candidate bootstrap; no refit,,training_OOF_selected,Hnoise,
N3_selected,N3_core_001,L0,P_nat,raw,ce_bits,0.8164491476791781,0.8063962050648688,0.8246323585249028,60,24527,macro candidate mean,fixed OOF candidate bootstrap; no refit,,training_OOF_selected,Hnoise,
N3_selected,N3_core_001,L0,P_nat,raw,bacc,0.5071206723857823,0.5054101383003804,0.5089134583111967,60,24527,macro candidate mean,fixed OOF candidate bootstrap; no refit,,training_OOF_selected,Hnoise,
N3_selected,N3_core_001,L0,P_nat,raw,auroc,0.6395804925852232,0.6304769468218561,0.6475690196626456,60,24527,macro candidate mean,fixed OOF candidate bootstrap; no refit,,training_OOF_selected,Hnoise,
N3_selected,N3_core_001,L0,P_nat,raw,brier_two_class_sum,0.3805981606595835,0.37427619526455325,0.38577631895058273,60,24527,macro candidate mean,fixed OOF candidate bootstrap; no refit,,training_OOF_selected,Hnoise,
N3_selected,N3_core_001,L0,P_nat,temperature,ce_bits,0.8163627099895987,0.8062500819668795,0.8246094733081969,60,24527,macro candidate mean,fixed OOF candidate bootstrap; no refit,,training_OOF_selected,Hnoise,
N3_selected,N3_core_001,L0,P_nat,temperature,bacc,0.5071206723857823,0.5054101383003804,0.5089134583111967,60,24527,macro candidate mean,fixed OOF candidate bootstrap; no refit,,training_OOF_selected,Hnoise,
N3_selected,N3_core_001,L0,P_nat,temperature,auroc,0.6395804925852232,0.6304769468218561,0.6475690196626456,60,24527,macro candidate mean,fixed OOF candidate bootstrap; no refit,,training_OOF_selected,Hnoise,
N3_selected,N3_core_001,L0,P_nat,temperature,brier_two_class_sum,0.3805475577987961,0.3741894188302299,0.3857676295184752,60,24527,macro candidate mean,fixed OOF candidate bootstrap; no refit,,training_OOF_selected,Hnoise,
N3_selected,N3_core_001,R_SIM,P_bal,mixture_diagnostic,ce_bits,0.7634127077121525,0.71496520572871,0.8322095244977264,60,24527,macro candidate mean,fixed OOF candidate bootstrap; no refit,,training_OOF_selected,H,
N3_selected,N3_core_001,R_SIM,P_bal,mixture_diagnostic,bacc,0.7491621215379928,0.7328881299524258,0.7617516106535697,60,24527,macro candidate mean,fixed OOF candidate bootstrap; no refit,,training_OOF_selected,H,
N3_selected,N3_core_001,R_SIM,P_bal,mixture_diagnostic,auroc,0.8258383053612082,0.8056938018194,0.8408656334624115,60,24527,macro candidate mean,fixed OOF candidate bootstrap; no refit,,training_OOF_selected,H,
N3_selected,N3_core_001,R_SIM,P_bal,mixture_diagnostic,brier_two_class_sum,0.3456407574181927,0.3273292498199152,0.37060983561690836,60,24527,macro candidate mean,fixed OOF candidate bootstrap; no refit,,training_OOF_selected,H,
N3_selected,N3_core_001,R_SIM,P_bal,raw,ce_bits,0.7756354554361181,0.7451887450719805,0.8182442199936562,60,24527,macro candidate mean,fixed OOF candidate bootstrap; no refit,,training_OOF_selected,H,
N3_selected,N3_core_001,R_SIM,P_bal,raw,bacc,0.7491621215379928,0.7328881299524258,0.7617516106535697,60,24527,macro candidate mean,fixed OOF candidate bootstrap; no refit,,training_OOF_selected,H,
N3_selected,N3_core_001,R_SIM,P_bal,raw,auroc,0.8258383053612082,0.8056938018194,0.8408656334624115,60,24527,macro candidate mean,fixed OOF candidate bootstrap; no refit,,training_OOF_selected,H,
N3_selected,N3_core_001,R_SIM,P_bal,raw,brier_two_class_sum,0.35510887566057714,0.34051853874690136,0.37520480499352243,60,24527,macro candidate mean,fixed OOF candidate bootstrap; no refit,,training_OOF_selected,H,
N3_selected,N3_core_001,R_SIM,P_bal,temperature,ce_bits,0.7634127077121525,0.71496520572871,0.8322095244977264,60,24527,macro candidate mean,fixed OOF candidate bootstrap; no refit,,training_OOF_selected,H,
N3_selected,N3_core_001,R_SIM,P_bal,temperature,bacc,0.7491621215379928,0.7328881299524258,0.7617516106535697,60,24527,macro candidate mean,fixed OOF candidate bootstrap; no refit,,training_OOF_selected,H,
N3_selected,N3_core_001,R_SIM,P_bal,temperature,auroc,0.8258383053612082,0.8056938018194,0.8408656334624115,60,24527,macro candidate mean,fixed OOF candidate bootstrap; no refit,,training_OOF_selected,H,
N3_selected,N3_core_001,R_SIM,P_bal,temperature,brier_two_class_sum,0.3456407574181927,0.3273292498199152,0.37060983561690836,60,24527,macro candidate mean,fixed OOF candidate bootstrap; no refit,,training_OOF_selected,H,
N3_selected,N3_core_001,R_SIM,P_bal,mixture_diagnostic,ce_bits,0.9611369041606121,0.9559179493301121,0.9674970843233752,60,24527,macro candidate mean,fixed OOF candidate bootstrap; no refit,,training_OOF_selected,HB,
N3_selected,N3_core_001,R_SIM,P_bal,mixture_diagnostic,bacc,0.5925004332998837,0.5877834208979628,0.5972252567493139,60,24527,macro candidate mean,fixed OOF candidate bootstrap; no refit,,training_OOF_selected,HB,
N3_selected,N3_core_001,R_SIM,P_bal,mixture_diagnostic,auroc,0.6335730215075324,0.6261920295948208,0.639922968371143,60,24527,macro candidate mean,fixed OOF candidate bootstrap; no refit,,training_OOF_selected,HB,
N3_selected,N3_core_001,R_SIM,P_bal,mixture_diagnostic,brier_two_class_sum,0.4734666862021955,0.4701205505280109,0.47749524034295215,60,24527,macro candidate mean,fixed OOF candidate bootstrap; no refit,,training_OOF_selected,HB,
N3_selected,N3_core_001,R_SIM,P_bal,raw,ce_bits,0.9609782799746219,0.9559621144230823,0.9671443629354017,60,24527,macro candidate mean,fixed OOF candidate bootstrap; no refit,,training_OOF_selected,HB,
N3_selected,N3_core_001,R_SIM,P_bal,raw,bacc,0.5925004332998837,0.5877834208979628,0.5972252567493139,60,24527,macro candidate mean,fixed OOF candidate bootstrap; no refit,,training_OOF_selected,HB,
N3_selected,N3_core_001,R_SIM,P_bal,raw,auroc,0.6335730215075324,0.6261920295948208,0.639922968371143,60,24527,macro candidate mean,fixed OOF candidate bootstrap; no refit,,training_OOF_selected,HB,
N3_selected,N3_core_001,R_SIM,P_bal,raw,brier_two_class_sum,0.4733672949078567,0.47013448305275063,0.47729547599835437,60,24527,macro candidate mean,fixed OOF candidate bootstrap; no refit,,training_OOF_selected,HB,
N3_selected,N3_core_001,R_SIM,P_bal,temperature,ce_bits,0.9611369041606121,0.9559179493301121,0.9674970843233752,60,24527,macro candidate mean,fixed OOF candidate bootstrap; no refit,,training_OOF_selected,HB,
N3_selected,N3_core_001,R_SIM,P_bal,temperature,bacc,0.5925004332998837,0.5877834208979628,0.5972252567493139,60,24527,macro candidate mean,fixed OOF candidate bootstrap; no refit,,training_OOF_selected,HB,
N3_selected,N3_core_001,R_SIM,P_bal,temperature,auroc,0.6335730215075324,0.6261920295948208,0.639922968371143,60,24527,macro candidate mean,fixed OOF candidate bootstrap; no refit,,training_OOF_selected,HB,
N3_selected,N3_core_001,R_SIM,P_bal,temperature,brier_two_class_sum,0.4734666862021955,0.4701205505280109,0.47749524034295215,60,24527,macro candidate mean,fixed OOF candidate bootstrap; no refit,,training_OOF_selected,HB,
N3_selected,N3_core_001,R_SIM,P_bal,mixture_diagnostic,ce_bits,0.9616525803629404,0.9562448701690088,0.9681115335233513,60,24527,macro candidate mean,fixed OOF candidate bootstrap; no refit,,training_OOF_selected,HBP,
N3_selected,N3_core_001,R_SIM,P_bal,mixture_diagnostic,bacc,0.594954102671769,0.5891676064120173,0.6002408274742568,60,24527,macro candidate mean,fixed OOF candidate bootstrap; no refit,,training_OOF_selected,HBP,
N3_selected,N3_core_001,R_SIM,P_bal,mixture_diagnostic,auroc,0.6325834078509076,0.6245870087787394,0.6398505562016013,60,24527,macro candidate mean,fixed OOF candidate bootstrap; no refit,,training_OOF_selected,HBP,
N3_selected,N3_core_001,R_SIM,P_bal,mixture_diagnostic,brier_two_class_sum,0.4737841210762021,0.4703324123850564,0.4778130127616145,60,24527,macro candidate mean,fixed OOF candidate bootstrap; no refit,,training_OOF_selected,HBP,
N3_selected,N3_core_001,R_SIM,P_bal,raw,ce_bits,0.9617478496734422,0.9560003436620044,0.9685565884360782,60,24527,macro candidate mean,fixed OOF candidate bootstrap; no refit,,training_OOF_selected,HBP,
N3_selected,N3_core_001,R_SIM,P_bal,raw,bacc,0.594954102671769,0.5891676064120173,0.6002408274742568,60,24527,macro candidate mean,fixed OOF candidate bootstrap; no refit,,training_OOF_selected,HBP,
N3_selected,N3_core_001,R_SIM,P_bal,raw,auroc,0.6325834078509076,0.6245870087787394,0.6398505562016013,60,24527,macro candidate mean,fixed OOF candidate bootstrap; no refit,,training_OOF_selected,HBP,
N3_selected,N3_core_001,R_SIM,P_bal,raw,brier_two_class_sum,0.4738214000812316,0.4701787851528325,0.47800789088938855,60,24527,macro candidate mean,fixed OOF candidate bootstrap; no refit,,training_OOF_selected,HBP,
N3_selected,N3_core_001,R_SIM,P_bal,temperature,ce_bits,0.9616525803629404,0.9562448701690088,0.9681115335233513,60,24527,macro candidate mean,fixed OOF candidate bootstrap; no refit,,training_OOF_selected,HBP,
N3_selected,N3_core_001,R_SIM,P_bal,temperature,bacc,0.594954102671769,0.5891676064120173,0.6002408274742568,60,24527,macro candidate mean,fixed OOF candidate bootstrap; no refit,,training_OOF_selected,HBP,
N3_selected,N3_core_001,R_SIM,P_bal,temperature,auroc,0.6325834078509076,0.6245870087787394,0.6398505562016013,60,24527,macro candidate mean,fixed OOF candidate bootstrap; no refit,,training_OOF_selected,HBP,
N3_selected,N3_core_001,R_SIM,P_bal,temperature,brier_two_class_sum,0.4737841210762021,0.4703324123850564,0.4778130127616145,60,24527,macro candidate mean,fixed OOF candidate bootstrap; no refit,,training_OOF_selected,HBP,
N3_selected,N3_core_001,R_SIM,P_bal,mixture_diagnostic,ce_bits,0.9584800967944936,0.9528945750327633,0.9655649915492436,60,24527,macro candidate mean,fixed OOF candidate bootstrap; no refit,,training_OOF_selected,HP,
N3_selected,N3_core_001,R_SIM,P_bal,mixture_diagnostic,bacc,0.5970903432648306,0.5921455029565192,0.6020159544105882,60,24527,macro candidate mean,fixed OOF candidate bootstrap; no refit,,training_OOF_selected,HP,
N3_selected,N3_core_001,R_SIM,P_bal,mixture_diagnostic,auroc,0.6380796322662639,0.6298360339862431,0.6453892778761877,60,24527,macro candidate mean,fixed OOF candidate bootstrap; no refit,,training_OOF_selected,HP,
N3_selected,N3_core_001,R_SIM,P_bal,mixture_diagnostic,brier_two_class_sum,0.4716889768252617,0.468087655187069,0.47616059540950745,60,24527,macro candidate mean,fixed OOF candidate bootstrap; no refit,,training_OOF_selected,HP,
N3_selected,N3_core_001,R_SIM,P_bal,raw,ce_bits,0.9582999857907538,0.9528692180197901,0.9649685933282252,60,24527,macro candidate mean,fixed OOF candidate bootstrap; no refit,,training_OOF_selected,HP,
N3_selected,N3_core_001,R_SIM,P_bal,raw,bacc,0.5970903432648306,0.5921455029565192,0.6020159544105882,60,24527,macro candidate mean,fixed OOF candidate bootstrap; no refit,,training_OOF_selected,HP,
N3_selected,N3_core_001,R_SIM,P_bal,raw,auroc,0.6380796322662639,0.6298360339862431,0.6453892778761877,60,24527,macro candidate mean,fixed OOF candidate bootstrap; no refit,,training_OOF_selected,HP,
N3_selected,N3_core_001,R_SIM,P_bal,raw,brier_two_class_sum,0.47158846950563277,0.4680792803242785,0.47584184720512807,60,24527,macro candidate mean,fixed OOF candidate bootstrap; no refit,,training_OOF_selected,HP,
N3_selected,N3_core_001,R_SIM,P_bal,temperature,ce_bits,0.9584800967944936,0.9528945750327633,0.9655649915492436,60,24527,macro candidate mean,fixed OOF candidate bootstrap; no refit,,training_OOF_selected,HP,
N3_selected,N3_core_001,R_SIM,P_bal,temperature,bacc,0.5970903432648306,0.5921455029565192,0.6020159544105882,60,24527,macro candidate mean,fixed OOF candidate bootstrap; no refit,,training_OOF_selected,HP,
N3_selected,N3_core_001,R_SIM,P_bal,temperature,auroc,0.6380796322662639,0.6298360339862431,0.6453892778761877,60,24527,macro candidate mean,fixed OOF candidate bootstrap; no refit,,training_OOF_selected,HP,
N3_selected,N3_core_001,R_SIM,P_bal,temperature,brier_two_class_sum,0.4716889768252617,0.468087655187069,0.47616059540950745,60,24527,macro candidate mean,fixed OOF candidate bootstrap; no refit,,training_OOF_selected,HP,
N3_selected,N3_core_001,R_SIM,P_bal,mixture_diagnostic,ce_bits,0.9590574492592447,0.9538913592891075,0.965244683194816,60,24527,macro candidate mean,fixed OOF candidate bootstrap; no refit,,training_OOF_selected,Hnoise,
N3_selected,N3_core_001,R_SIM,P_bal,mixture_diagnostic,bacc,0.590808469393013,0.5845065811034045,0.5968722476871099,60,24527,macro candidate mean,fixed OOF candidate bootstrap; no refit,,training_OOF_selected,Hnoise,
N3_selected,N3_core_001,R_SIM,P_bal,mixture_diagnostic,auroc,0.6367133366288236,0.6284856646599869,0.6441563325456172,60,24527,macro candidate mean,fixed OOF candidate bootstrap; no refit,,training_OOF_selected,Hnoise,
N3_selected,N3_core_001,R_SIM,P_bal,mixture_diagnostic,brier_two_class_sum,0.4721818509512291,0.4688126121851939,0.4761868900813616,60,24527,macro candidate mean,fixed OOF candidate bootstrap; no refit,,training_OOF_selected,Hnoise,
N3_selected,N3_core_001,R_SIM,P_bal,raw,ce_bits,0.9590454675160267,0.9539949136693571,0.9651021329879887,60,24527,macro candidate mean,fixed OOF candidate bootstrap; no refit,,training_OOF_selected,Hnoise,
N3_selected,N3_core_001,R_SIM,P_bal,raw,bacc,0.590808469393013,0.5845065811034045,0.5968722476871099,60,24527,macro candidate mean,fixed OOF candidate bootstrap; no refit,,training_OOF_selected,Hnoise,
N3_selected,N3_core_001,R_SIM,P_bal,raw,auroc,0.6367133366288236,0.6284856646599869,0.6441563325456172,60,24527,macro candidate mean,fixed OOF candidate bootstrap; no refit,,training_OOF_selected,Hnoise,
N3_selected,N3_core_001,R_SIM,P_bal,raw,brier_two_class_sum,0.4721668453870837,0.4688704255430289,0.47614491726673236,60,24527,macro candidate mean,fixed OOF candidate bootstrap; no refit,,training_OOF_selected,Hnoise,
N3_selected,N3_core_001,R_SIM,P_bal,temperature,ce_bits,0.9590574492592447,0.9538913592891075,0.965244683194816,60,24527,macro candidate mean,fixed OOF candidate bootstrap; no refit,,training_OOF_selected,Hnoise,
N3_selected,N3_core_001,R_SIM,P_bal,temperature,bacc,0.590808469393013,0.5845065811034045,0.5968722476871099,60,24527,macro candidate mean,fixed OOF candidate bootstrap; no refit,,training_OOF_selected,Hnoise,
N3_selected,N3_core_001,R_SIM,P_bal,temperature,auroc,0.6367133366288236,0.6284856646599869,0.6441563325456172,60,24527,macro candidate mean,fixed OOF candidate bootstrap; no refit,,training_OOF_selected,Hnoise,
N3_selected,N3_core_001,R_SIM,P_bal,temperature,brier_two_class_sum,0.4721818509512291,0.4688126121851939,0.4761868900813616,60,24527,macro candidate mean,fixed OOF candidate bootstrap; no refit,,training_OOF_selected,Hnoise,
N3_selected,N3_core_001,R_SIM,P_nat,mixture_diagnostic,ce_bits,0.7653063722679033,0.7599001436075518,0.7703434872196671,60,24527,macro candidate mean,fixed OOF candidate bootstrap; no refit,,training_OOF_selected,H,
N3_selected,N3_core_001,R_SIM,P_nat,mixture_diagnostic,bacc,0.5693354908829352,0.564810266098376,0.5737795187167852,60,24527,macro candidate mean,fixed OOF candidate bootstrap; no refit,,training_OOF_selected,H,
N3_selected,N3_core_001,R_SIM,P_nat,mixture_diagnostic,auroc,0.7168086732669584,0.7017963465117483,0.7273480070277386,60,24527,macro candidate mean,fixed OOF candidate bootstrap; no refit,,training_OOF_selected,H,
N3_selected,N3_core_001,R_SIM,P_nat,mixture_diagnostic,brier_two_class_sum,0.35239162037431127,0.34894320303810733,0.35560964549795077,60,24527,macro candidate mean,fixed OOF candidate bootstrap; no refit,,training_OOF_selected,H,
N3_selected,N3_core_001,R_SIM,P_nat,raw,ce_bits,0.766183948622093,0.7612118880019464,0.7708938735142995,60,24527,macro candidate mean,fixed OOF candidate bootstrap; no refit,,training_OOF_selected,H,
N3_selected,N3_core_001,R_SIM,P_nat,raw,bacc,0.5693354908829352,0.564810266098376,0.5737795187167852,60,24527,macro candidate mean,fixed OOF candidate bootstrap; no refit,,training_OOF_selected,H,
N3_selected,N3_core_001,R_SIM,P_nat,raw,auroc,0.7168086732669584,0.7017963465117483,0.7273480070277386,60,24527,macro candidate mean,fixed OOF candidate bootstrap; no refit,,training_OOF_selected,H,
N3_selected,N3_core_001,R_SIM,P_nat,raw,brier_two_class_sum,0.3526675719886784,0.3493503336274329,0.3557087166472738,60,24527,macro candidate mean,fixed OOF candidate bootstrap; no refit,,training_OOF_selected,H,
N3_selected,N3_core_001,R_SIM,P_nat,temperature,ce_bits,0.7653063722679033,0.7599001436075518,0.7703434872196671,60,24527,macro candidate mean,fixed OOF candidate bootstrap; no refit,,training_OOF_selected,H,
N3_selected,N3_core_001,R_SIM,P_nat,temperature,bacc,0.5693354908829352,0.564810266098376,0.5737795187167852,60,24527,macro candidate mean,fixed OOF candidate bootstrap; no refit,,training_OOF_selected,H,
N3_selected,N3_core_001,R_SIM,P_nat,temperature,auroc,0.7168086732669584,0.7017963465117483,0.7273480070277386,60,24527,macro candidate mean,fixed OOF candidate bootstrap; no refit,,training_OOF_selected,H,
N3_selected,N3_core_001,R_SIM,P_nat,temperature,brier_two_class_sum,0.35239162037431127,0.34894320303810733,0.35560964549795077,60,24527,macro candidate mean,fixed OOF candidate bootstrap; no refit,,training_OOF_selected,H,
N3_selected,N3_core_001,R_SIM,P_nat,mixture_diagnostic,ce_bits,0.8183336119028356,0.8080351298861365,0.8264922818166527,60,24527,macro candidate mean,fixed OOF candidate bootstrap; no refit,,training_OOF_selected,HB,
N3_selected,N3_core_001,R_SIM,P_nat,mixture_diagnostic,bacc,0.5062037016427512,0.504515825835739,0.5080331812623596,60,24527,macro candidate mean,fixed OOF candidate bootstrap; no refit,,training_OOF_selected,HB,
N3_selected,N3_core_001,R_SIM,P_nat,mixture_diagnostic,auroc,0.6359292347131463,0.628187116734381,0.642784010110689,60,24527,macro candidate mean,fixed OOF candidate bootstrap; no refit,,training_OOF_selected,HB,
N3_selected,N3_core_001,R_SIM,P_nat,mixture_diagnostic,brier_two_class_sum,0.38158168881229154,0.37512123116029117,0.38675398768969593,60,24527,macro candidate mean,fixed OOF candidate bootstrap; no refit,,training_OOF_selected,HB,
N3_selected,N3_core_001,R_SIM,P_nat,raw,ce_bits,0.8183997743555713,0.8081838347431647,0.8265220813981482,60,24527,macro candidate mean,fixed OOF candidate bootstrap; no refit,,training_OOF_selected,HB,
N3_selected,N3_core_001,R_SIM,P_nat,raw,bacc,0.5062037016427512,0.504515825835739,0.5080331812623596,60,24527,macro candidate mean,fixed OOF candidate bootstrap; no refit,,training_OOF_selected,HB,
N3_selected,N3_core_001,R_SIM,P_nat,raw,auroc,0.6359292347131463,0.628187116734381,0.642784010110689,60,24527,macro candidate mean,fixed OOF candidate bootstrap; no refit,,training_OOF_selected,HB,
N3_selected,N3_core_001,R_SIM,P_nat,raw,brier_two_class_sum,0.3816208602433282,0.3751632700292776,0.3867672547845187,60,24527,macro candidate mean,fixed OOF candidate bootstrap; no refit,,training_OOF_selected,HB,
N3_selected,N3_core_001,R_SIM,P_nat,temperature,ce_bits,0.8183336119028356,0.8080351298861365,0.8264922818166527,60,24527,macro candidate mean,fixed OOF candidate bootstrap; no refit,,training_OOF_selected,HB,
N3_selected,N3_core_001,R_SIM,P_nat,temperature,bacc,0.5062037016427512,0.504515825835739,0.5080331812623596,60,24527,macro candidate mean,fixed OOF candidate bootstrap; no refit,,training_OOF_selected,HB,
N3_selected,N3_core_001,R_SIM,P_nat,temperature,auroc,0.6359292347131463,0.628187116734381,0.642784010110689,60,24527,macro candidate mean,fixed OOF candidate bootstrap; no refit,,training_OOF_selected,HB,
N3_selected,N3_core_001,R_SIM,P_nat,temperature,brier_two_class_sum,0.38158168881229154,0.37512123116029117,0.38675398768969593,60,24527,macro candidate mean,fixed OOF candidate bootstrap; no refit,,training_OOF_selected,HB,
N3_selected,N3_core_001,R_SIM,P_nat,mixture_diagnostic,ce_bits,0.8182332116645133,0.8082223110500023,0.826700170572449,60,24527,macro candidate mean,fixed OOF candidate bootstrap; no refit,,training_OOF_selected,HBP,
N3_selected,N3_core_001,R_SIM,P_nat,mixture_diagnostic,bacc,0.5143077076225571,0.5114526612561212,0.5171656891130265,60,24527,macro candidate mean,fixed OOF candidate bootstrap; no refit,,training_OOF_selected,HBP,
N3_selected,N3_core_001,R_SIM,P_nat,mixture_diagnostic,auroc,0.6352050052558923,0.6272613844250999,0.6425239757239553,60,24527,macro candidate mean,fixed OOF candidate bootstrap; no refit,,training_OOF_selected,HBP,
N3_selected,N3_core_001,R_SIM,P_nat,mixture_diagnostic,brier_two_class_sum,0.3814867711728894,0.37520198213238803,0.3867319199257065,60,24527,macro candidate mean,fixed OOF candidate bootstrap; no refit,,training_OOF_selected,HBP,
N3_selected,N3_core_001,R_SIM,P_nat,raw,ce_bits,0.8182957583078143,0.8082494864936349,0.8267914365537025,60,24527,macro candidate mean,fixed OOF candidate bootstrap; no refit,,training_OOF_selected,HBP,
N3_selected,N3_core_001,R_SIM,P_nat,raw,bacc,0.5143077076225571,0.5114526612561212,0.5171656891130265,60,24527,macro candidate mean,fixed OOF candidate bootstrap; no refit,,training_OOF_selected,HBP,
N3_selected,N3_core_001,R_SIM,P_nat,raw,auroc,0.6352050052558923,0.6272613844250999,0.6425239757239553,60,24527,macro candidate mean,fixed OOF candidate bootstrap; no refit,,training_OOF_selected,HBP,
N3_selected,N3_core_001,R_SIM,P_nat,raw,brier_two_class_sum,0.3814944422746145,0.37518303108214557,0.38676794596878084,60,24527,macro candidate mean,fixed OOF candidate bootstrap; no refit,,training_OOF_selected,HBP,
N3_selected,N3_core_001,R_SIM,P_nat,temperature,ce_bits,0.8182332116645133,0.8082223110500023,0.826700170572449,60,24527,macro candidate mean,fixed OOF candidate bootstrap; no refit,,training_OOF_selected,HBP,
N3_selected,N3_core_001,R_SIM,P_nat,temperature,bacc,0.5143077076225571,0.5114526612561212,0.5171656891130265,60,24527,macro candidate mean,fixed OOF candidate bootstrap; no refit,,training_OOF_selected,HBP,
N3_selected,N3_core_001,R_SIM,P_nat,temperature,auroc,0.6352050052558923,0.6272613844250999,0.6425239757239553,60,24527,macro candidate mean,fixed OOF candidate bootstrap; no refit,,training_OOF_selected,HBP,
N3_selected,N3_core_001,R_SIM,P_nat,temperature,brier_two_class_sum,0.3814867711728894,0.37520198213238803,0.3867319199257065,60,24527,macro candidate mean,fixed OOF candidate bootstrap; no refit,,training_OOF_selected,HBP,
N3_selected,N3_core_001,R_SIM,P_nat,mixture_diagnostic,ce_bits,0.8159380310265736,0.806076968120524,0.8241352544084134,60,24527,macro candidate mean,fixed OOF candidate bootstrap; no refit,,training_OOF_selected,HP,
N3_selected,N3_core_001,R_SIM,P_nat,mixture_diagnostic,bacc,0.5107464232627433,0.5081261552350594,0.5132997869756438,60,24527,macro candidate mean,fixed OOF candidate bootstrap; no refit,,training_OOF_selected,HP,
N3_selected,N3_core_001,R_SIM,P_nat,mixture_diagnostic,auroc,0.6395578351889494,0.6312377248748939,0.6470939986751552,60,24527,macro candidate mean,fixed OOF candidate bootstrap; no refit,,training_OOF_selected,HP,
N3_selected,N3_core_001,R_SIM,P_nat,mixture_diagnostic,brier_two_class_sum,0.3802649598396273,0.3740655511034028,0.3853654462090728,60,24527,macro candidate mean,fixed OOF candidate bootstrap; no refit,,training_OOF_selected,HP,
N3_selected,N3_core_001,R_SIM,P_nat,raw,ce_bits,0.8159947623972206,0.8061892486798199,0.8241335435468432,60,24527,macro candidate mean,fixed OOF candidate bootstrap; no refit,,training_OOF_selected,HP,
N3_selected,N3_core_001,R_SIM,P_nat,raw,bacc,0.5107464232627433,0.5081261552350594,0.5132997869756438,60,24527,macro candidate mean,fixed OOF candidate bootstrap; no refit,,training_OOF_selected,HP,
N3_selected,N3_core_001,R_SIM,P_nat,raw,auroc,0.6395578351889494,0.6312377248748939,0.6470939986751552,60,24527,macro candidate mean,fixed OOF candidate bootstrap; no refit,,training_OOF_selected,HP,
N3_selected,N3_core_001,R_SIM,P_nat,raw,brier_two_class_sum,0.380300321999496,0.3741272979359593,0.3853970448120253,60,24527,macro candidate mean,fixed OOF candidate bootstrap; no refit,,training_OOF_selected,HP,
N3_selected,N3_core_001,R_SIM,P_nat,temperature,ce_bits,0.8159380310265736,0.806076968120524,0.8241352544084134,60,24527,macro candidate mean,fixed OOF candidate bootstrap; no refit,,training_OOF_selected,HP,
N3_selected,N3_core_001,R_SIM,P_nat,temperature,bacc,0.5107464232627433,0.5081261552350594,0.5132997869756438,60,24527,macro candidate mean,fixed OOF candidate bootstrap; no refit,,training_OOF_selected,HP,
N3_selected,N3_core_001,R_SIM,P_nat,temperature,auroc,0.6395578351889494,0.6312377248748939,0.6470939986751552,60,24527,macro candidate mean,fixed OOF candidate bootstrap; no refit,,training_OOF_selected,HP,
N3_selected,N3_core_001,R_SIM,P_nat,temperature,brier_two_class_sum,0.3802649598396273,0.3740655511034028,0.3853654462090728,60,24527,macro candidate mean,fixed OOF candidate bootstrap; no refit,,training_OOF_selected,HP,
N3_selected,N3_core_001,R_SIM,P_nat,mixture_diagnostic,ce_bits,0.8172166754254823,0.8070427389482789,0.8252415261734304,60,24527,macro candidate mean,fixed OOF candidate bootstrap; no refit,,training_OOF_selected,Hnoise,
N3_selected,N3_core_001,R_SIM,P_nat,mixture_diagnostic,bacc,0.506953962486104,0.5051253708857694,0.508781347752491,60,24527,macro candidate mean,fixed OOF candidate bootstrap; no refit,,training_OOF_selected,Hnoise,
N3_selected,N3_core_001,R_SIM,P_nat,mixture_diagnostic,auroc,0.6379484865310581,0.629201107395313,0.6455948347626259,60,24527,macro candidate mean,fixed OOF candidate bootstrap; no refit,,training_OOF_selected,Hnoise,
N3_selected,N3_core_001,R_SIM,P_nat,mixture_diagnostic,brier_two_class_sum,0.38111133543613446,0.3746690107254562,0.3861783321297901,60,24527,macro candidate mean,fixed OOF candidate bootstrap; no refit,,training_OOF_selected,Hnoise,
N3_selected,N3_core_001,R_SIM,P_nat,raw,ce_bits,0.8172584513841646,0.807120946629884,0.8252583181189259,60,24527,macro candidate mean,fixed OOF candidate bootstrap; no refit,,training_OOF_selected,Hnoise,
N3_selected,N3_core_001,R_SIM,P_nat,raw,bacc,0.506953962486104,0.5051253708857694,0.508781347752491,60,24527,macro candidate mean,fixed OOF candidate bootstrap; no refit,,training_OOF_selected,Hnoise,
N3_selected,N3_core_001,R_SIM,P_nat,raw,auroc,0.6379484865310581,0.629201107395313,0.6455948347626259,60,24527,macro candidate mean,fixed OOF candidate bootstrap; no refit,,training_OOF_selected,Hnoise,
N3_selected,N3_core_001,R_SIM,P_nat,raw,brier_two_class_sum,0.38113520476519086,0.374708069641247,0.38619273689202394,60,24527,macro candidate mean,fixed OOF candidate bootstrap; no refit,,training_OOF_selected,Hnoise,
N3_selected,N3_core_001,R_SIM,P_nat,temperature,ce_bits,0.8172166754254823,0.8070427389482789,0.8252415261734304,60,24527,macro candidate mean,fixed OOF candidate bootstrap; no refit,,training_OOF_selected,Hnoise,
N3_selected,N3_core_001,R_SIM,P_nat,temperature,bacc,0.506953962486104,0.5051253708857694,0.508781347752491,60,24527,macro candidate mean,fixed OOF candidate bootstrap; no refit,,training_OOF_selected,Hnoise,
N3_selected,N3_core_001,R_SIM,P_nat,temperature,auroc,0.6379484865310581,0.629201107395313,0.6455948347626259,60,24527,macro candidate mean,fixed OOF candidate bootstrap; no refit,,training_OOF_selected,Hnoise,
N3_selected,N3_core_001,R_SIM,P_nat,temperature,brier_two_class_sum,0.38111133543613446,0.3746690107254562,0.3861783321297901,60,24527,macro candidate mean,fixed OOF candidate bootstrap; no refit,,training_OOF_selected,Hnoise,
N2,N2_core_001,L0,P_bal,mixture_diagnostic,ce_bits,0.13167763949755032,0.04103957423651949,0.30543683259761567,57,3307,macro candidate mean,fixed OOF candidate bootstrap; no refit,,logistic,H,post
N2,N2_core_001,L0,P_bal,mixture_diagnostic,bacc,0.9828834045697921,0.9665593462892383,0.9921385816004067,57,3307,macro candidate mean,fixed OOF candidate bootstrap; no refit,,logistic,H,post
N2,N2_core_001,L0,P_bal,mixture_diagnostic,auroc,0.9923421910946788,0.9773288596467482,0.9999124149192208,57,3307,macro candidate mean,fixed OOF candidate bootstrap; no refit,,logistic,H,post
N2,N2_core_001,L0,P_bal,mixture_diagnostic,brier_two_class_sum,0.029453784024594882,0.013073394035908823,0.059237228281959986,57,3307,macro candidate mean,fixed OOF candidate bootstrap; no refit,,logistic,H,post
N2,N2_core_001,L0,P_bal,raw,ce_bits,0.13109576986564092,0.09677057207774553,0.1945594708505775,57,3307,macro candidate mean,fixed OOF candidate bootstrap; no refit,,logistic,H,post
N2,N2_core_001,L0,P_bal,raw,bacc,0.9828834045697921,0.9665593462892383,0.9921385816004067,57,3307,macro candidate mean,fixed OOF candidate bootstrap; no refit,,logistic,H,post
N2,N2_core_001,L0,P_bal,raw,auroc,0.9923421910946788,0.9773288596467482,0.9999124149192208,57,3307,macro candidate mean,fixed OOF candidate bootstrap; no refit,,logistic,H,post
N2,N2_core_001,L0,P_bal,raw,brier_two_class_sum,0.03615424661953112,0.022336653578703805,0.061353997467718226,57,3307,macro candidate mean,fixed OOF candidate bootstrap; no refit,,logistic,H,post
N2,N2_core_001,L0,P_bal,temperature,ce_bits,0.13167763949755032,0.04103957423651949,0.30543683259761567,57,3307,macro candidate mean,fixed OOF candidate bootstrap; no refit,,logistic,H,post
N2,N2_core_001,L0,P_bal,temperature,bacc,0.9828834045697921,0.9665593462892383,0.9921385816004067,57,3307,macro candidate mean,fixed OOF candidate bootstrap; no refit,,logistic,H,post
N2,N2_core_001,L0,P_bal,temperature,auroc,0.9923421910946788,0.9773288596467482,0.9999124149192208,57,3307,macro candidate mean,fixed OOF candidate bootstrap; no refit,,logistic,H,post
N2,N2_core_001,L0,P_bal,temperature,brier_two_class_sum,0.029453784024594882,0.013073394035908823,0.059237228281959986,57,3307,macro candidate mean,fixed OOF candidate bootstrap; no refit,,logistic,H,post
N2,N2_core_001,L0,P_bal,mixture_diagnostic,ce_bits,0.13167763949755032,0.04103957423651949,0.30543683259761567,57,3307,macro candidate mean,fixed OOF candidate bootstrap; no refit,,logistic,H,pre
N2,N2_core_001,L0,P_bal,mixture_diagnostic,bacc,0.9828834045697921,0.9665593462892383,0.9921385816004067,57,3307,macro candidate mean,fixed OOF candidate bootstrap; no refit,,logistic,H,pre
N2,N2_core_001,L0,P_bal,mixture_diagnostic,auroc,0.9923421910946788,0.9773288596467482,0.9999124149192208,57,3307,macro candidate mean,fixed OOF candidate bootstrap; no refit,,logistic,H,pre
N2,N2_core_001,L0,P_bal,mixture_diagnostic,brier_two_class_sum,0.029453784024594882,0.013073394035908823,0.059237228281959986,57,3307,macro candidate mean,fixed OOF candidate bootstrap; no refit,,logistic,H,pre
N2,N2_core_001,L0,P_bal,raw,ce_bits,0.13109576986564092,0.09677057207774553,0.1945594708505775,57,3307,macro candidate mean,fixed OOF candidate bootstrap; no refit,,logistic,H,pre
N2,N2_core_001,L0,P_bal,raw,bacc,0.9828834045697921,0.9665593462892383,0.9921385816004067,57,3307,macro candidate mean,fixed OOF candidate bootstrap; no refit,,logistic,H,pre
N2,N2_core_001,L0,P_bal,raw,auroc,0.9923421910946788,0.9773288596467482,0.9999124149192208,57,3307,macro candidate mean,fixed OOF candidate bootstrap; no refit,,logistic,H,pre
N2,N2_core_001,L0,P_bal,raw,brier_two_class_sum,0.03615424661953112,0.022336653578703805,0.061353997467718226,57,3307,macro candidate mean,fixed OOF candidate bootstrap; no refit,,logistic,H,pre
N2,N2_core_001,L0,P_bal,temperature,ce_bits,0.13167763949755032,0.04103957423651949,0.30543683259761567,57,3307,macro candidate mean,fixed OOF candidate bootstrap; no refit,,logistic,H,pre
N2,N2_core_001,L0,P_bal,temperature,bacc,0.9828834045697921,0.9665593462892383,0.9921385816004067,57,3307,macro candidate mean,fixed OOF candidate bootstrap; no refit,,logistic,H,pre
N2,N2_core_001,L0,P_bal,temperature,auroc,0.9923421910946788,0.9773288596467482,0.9999124149192208,57,3307,macro candidate mean,fixed OOF candidate bootstrap; no refit,,logistic,H,pre
N2,N2_core_001,L0,P_bal,temperature,brier_two_class_sum,0.029453784024594882,0.013073394035908823,0.059237228281959986,57,3307,macro candidate mean,fixed OOF candidate bootstrap; no refit,,logistic,H,pre
N2,N2_core_001,L0,P_bal,mixture_diagnostic,ce_bits,0.1310694608270171,0.04149158466017075,0.30341242444934813,57,3307,macro candidate mean,fixed OOF candidate bootstrap; no refit,,logistic,HMU,post
N2,N2_core_001,L0,P_bal,mixture_diagnostic,bacc,0.9831944547696633,0.9669115093698251,0.9924282990768662,57,3307,macro candidate mean,fixed OOF candidate bootstrap; no refit,,logistic,HMU,post
N2,N2_core_001,L0,P_bal,mixture_diagnostic,auroc,0.9923123324471423,0.9772949301705226,0.9998874404969427,57,3307,macro candidate mean,fixed OOF candidate bootstrap; no refit,,logistic,HMU,post
N2,N2_core_001,L0,P_bal,mixture_diagnostic,brier_two_class_sum,0.029637836276494484,0.013063062953676617,0.0596066096709473,57,3307,macro candidate mean,fixed OOF candidate bootstrap; no refit,,logistic,HMU,post
N2,N2_core_001,L0,P_bal,raw,ce_bits,0.13194885487630226,0.0975363338798669,0.19563586506163025,57,3307,macro candidate mean,fixed OOF candidate bootstrap; no refit,,logistic,HMU,post
N2,N2_core_001,L0,P_bal,raw,bacc,0.9831944547696633,0.9669115093698251,0.9924282990768662,57,3307,macro candidate mean,fixed OOF candidate bootstrap; no refit,,logistic,HMU,post
N2,N2_core_001,L0,P_bal,raw,auroc,0.9923123324471423,0.9772949301705226,0.9998874404969427,57,3307,macro candidate mean,fixed OOF candidate bootstrap; no refit,,logistic,HMU,post
N2,N2_core_001,L0,P_bal,raw,brier_two_class_sum,0.036504749725024446,0.02263552103549093,0.06194804157189338,57,3307,macro candidate mean,fixed OOF candidate bootstrap; no refit,,logistic,HMU,post
N2,N2_core_001,L0,P_bal,temperature,ce_bits,0.1310694608270171,0.04149158466017075,0.30341242444934813,57,3307,macro candidate mean,fixed OOF candidate bootstrap; no refit,,logistic,HMU,post
N2,N2_core_001,L0,P_bal,temperature,bacc,0.9831944547696633,0.9669115093698251,0.9924282990768662,57,3307,macro candidate mean,fixed OOF candidate bootstrap; no refit,,logistic,HMU,post
N2,N2_core_001,L0,P_bal,temperature,auroc,0.9923123324471423,0.9772949301705226,0.9998874404969427,57,3307,macro candidate mean,fixed OOF candidate bootstrap; no refit,,logistic,HMU,post
N2,N2_core_001,L0,P_bal,temperature,brier_two_class_sum,0.029637836276494484,0.013063062953676617,0.0596066096709473,57,3307,macro candidate mean,fixed OOF candidate bootstrap; no refit,,logistic,HMU,post
N2,N2_core_001,L0,P_bal,mixture_diagnostic,ce_bits,0.13273822504918803,0.04120864936596195,0.3081211123350146,57,3307,macro candidate mean,fixed OOF candidate bootstrap; no refit,,logistic,HMU,pre
N2,N2_core_001,L0,P_bal,mixture_diagnostic,bacc,0.9826342367221197,0.9666485733417527,0.9919521607472084,57,3307,macro candidate mean,fixed OOF candidate bootstrap; no refit,,logistic,HMU,pre
N2,N2_core_001,L0,P_bal,mixture_diagnostic,auroc,0.9923634306342055,0.9773666406538404,0.9999173011541228,57,3307,macro candidate mean,fixed OOF candidate bootstrap; no refit,,logistic,HMU,pre
N2,N2_core_001,L0,P_bal,mixture_diagnostic,brier_two_class_sum,0.029348045027840237,0.012904392130134917,0.05895339066474571,57,3307,macro candidate mean,fixed OOF candidate bootstrap; no refit,,logistic,HMU,pre
N2,N2_core_001,L0,P_bal,raw,ce_bits,0.1317463017015003,0.09762547605419951,0.19485168700866812,57,3307,macro candidate mean,fixed OOF candidate bootstrap; no refit,,logistic,HMU,pre
N2,N2_core_001,L0,P_bal,raw,bacc,0.9826342367221197,0.9666485733417527,0.9919521607472084,57,3307,macro candidate mean,fixed OOF candidate bootstrap; no refit,,logistic,HMU,pre
N2,N2_core_001,L0,P_bal,raw,auroc,0.9923634306342055,0.9773666406538404,0.9999173011541228,57,3307,macro candidate mean,fixed OOF candidate bootstrap; no refit,,logistic,HMU,pre
N2,N2_core_001,L0,P_bal,raw,brier_two_class_sum,0.03639072241870633,0.022551661204419322,0.06154538050111691,57,3307,macro candidate mean,fixed OOF candidate bootstrap; no refit,,logistic,HMU,pre
N2,N2_core_001,L0,P_bal,temperature,ce_bits,0.13273822504918803,0.04120864936596195,0.3081211123350146,57,3307,macro candidate mean,fixed OOF candidate bootstrap; no refit,,logistic,HMU,pre
N2,N2_core_001,L0,P_bal,temperature,bacc,0.9826342367221197,0.9666485733417527,0.9919521607472084,57,3307,macro candidate mean,fixed OOF candidate bootstrap; no refit,,logistic,HMU,pre
N2,N2_core_001,L0,P_bal,temperature,auroc,0.9923634306342055,0.9773666406538404,0.9999173011541228,57,3307,macro candidate mean,fixed OOF candidate bootstrap; no refit,,logistic,HMU,pre
N2,N2_core_001,L0,P_bal,temperature,brier_two_class_sum,0.029348045027840237,0.012904392130134917,0.05895339066474571,57,3307,macro candidate mean,fixed OOF candidate bootstrap; no refit,,logistic,HMU,pre
N2,N2_core_001,L0,P_bal,mixture_diagnostic,ce_bits,0.13085082126601763,0.041592748267307356,0.30227731067125396,57,3307,macro candidate mean,fixed OOF candidate bootstrap; no refit,,logistic,HMUMU,post
N2,N2_core_001,L0,P_bal,mixture_diagnostic,bacc,0.9831944547696633,0.9669115093698251,0.9924282990768662,57,3307,macro candidate mean,fixed OOF candidate bootstrap; no refit,,logistic,HMUMU,post
N2,N2_core_001,L0,P_bal,mixture_diagnostic,auroc,0.9923123324471423,0.9772949301705226,0.9998874404969427,57,3307,macro candidate mean,fixed OOF candidate bootstrap; no refit,,logistic,HMUMU,post
N2,N2_core_001,L0,P_bal,mixture_diagnostic,brier_two_class_sum,0.029704171247114396,0.013152006318035219,0.05975355661276508,57,3307,macro candidate mean,fixed OOF candidate bootstrap; no refit,,logistic,HMUMU,post
N2,N2_core_001,L0,P_bal,raw,ce_bits,0.1321664354474804,0.0976548038552441,0.19588674191582375,57,3307,macro candidate mean,fixed OOF candidate bootstrap; no refit,,logistic,HMUMU,post
N2,N2_core_001,L0,P_bal,raw,bacc,0.9831944547696633,0.9669115093698251,0.9924282990768662,57,3307,macro candidate mean,fixed OOF candidate bootstrap; no refit,,logistic,HMUMU,post
N2,N2_core_001,L0,P_bal,raw,auroc,0.9923123324471423,0.9772949301705226,0.9998874404969427,57,3307,macro candidate mean,fixed OOF candidate bootstrap; no refit,,logistic,HMUMU,post
N2,N2_core_001,L0,P_bal,raw,brier_two_class_sum,0.036609406319419,0.02269424772339843,0.062082702560794005,57,3307,macro candidate mean,fixed OOF candidate bootstrap; no refit,,logistic,HMUMU,post
N2,N2_core_001,L0,P_bal,temperature,ce_bits,0.13085082126601763,0.041592748267307356,0.30227731067125396,57,3307,macro candidate mean,fixed OOF candidate bootstrap; no refit,,logistic,HMUMU,post
N2,N2_core_001,L0,P_bal,temperature,bacc,0.9831944547696633,0.9669115093698251,0.9924282990768662,57,3307,macro candidate mean,fixed OOF candidate bootstrap; no refit,,logistic,HMUMU,post
N2,N2_core_001,L0,P_bal,temperature,auroc,0.9923123324471423,0.9772949301705226,0.9998874404969427,57,3307,macro candidate mean,fixed OOF candidate bootstrap; no refit,,logistic,HMUMU,post
N2,N2_core_001,L0,P_bal,temperature,brier_two_class_sum,0.029704171247114396,0.013152006318035219,0.05975355661276508,57,3307,macro candidate mean,fixed OOF candidate bootstrap; no refit,,logistic,HMUMU,post
N2,N2_core_001,L0,P_bal,mixture_diagnostic,ce_bits,0.13304958796936153,0.04135488177684839,0.3086741781207411,57,3307,macro candidate mean,fixed OOF candidate bootstrap; no refit,,logistic,HMUMU,pre
N2,N2_core_001,L0,P_bal,mixture_diagnostic,bacc,0.9830053568300819,0.9674736587432285,0.9920887673657041,57,3307,macro candidate mean,fixed OOF candidate bootstrap; no refit,,logistic,HMUMU,pre
N2,N2_core_001,L0,P_bal,mixture_diagnostic,auroc,0.9923634306342055,0.9773666406538404,0.9999173011541228,57,3307,macro candidate mean,fixed OOF candidate bootstrap; no refit,,logistic,HMUMU,pre
N2,N2_core_001,L0,P_bal,mixture_diagnostic,brier_two_class_sum,0.029366393753912798,0.012907748867877954,0.058939764958800864,57,3307,macro candidate mean,fixed OOF candidate bootstrap; no refit,,logistic,HMUMU,pre
N2,N2_core_001,L0,P_bal,raw,ce_bits,0.13195109211643313,0.09790667223057453,0.19495218793010735,57,3307,macro candidate mean,fixed OOF candidate bootstrap; no refit,,logistic,HMUMU,pre
N2,N2_core_001,L0,P_bal,raw,bacc,0.9830053568300819,0.9674736587432285,0.9920887673657041,57,3307,macro candidate mean,fixed OOF candidate bootstrap; no refit,,logistic,HMUMU,pre
N2,N2_core_001,L0,P_bal,raw,auroc,0.9923634306342055,0.9773666406538404,0.9999173011541228,57,3307,macro candidate mean,fixed OOF candidate bootstrap; no refit,,logistic,HMUMU,pre
N2,N2_core_001,L0,P_bal,raw,brier_two_class_sum,0.03648916750576483,0.022655143951017434,0.0616589277546378,57,3307,macro candidate mean,fixed OOF candidate bootstrap; no refit,,logistic,HMUMU,pre
N2,N2_core_001,L0,P_bal,temperature,ce_bits,0.13304958796936153,0.04135488177684839,0.3086741781207411,57,3307,macro candidate mean,fixed OOF candidate bootstrap; no refit,,logistic,HMUMU,pre
N2,N2_core_001,L0,P_bal,temperature,bacc,0.9830053568300819,0.9674736587432285,0.9920887673657041,57,3307,macro candidate mean,fixed OOF candidate bootstrap; no refit,,logistic,HMUMU,pre
N2,N2_core_001,L0,P_bal,temperature,auroc,0.9923634306342055,0.9773666406538404,0.9999173011541228,57,3307,macro candidate mean,fixed OOF candidate bootstrap; no refit,,logistic,HMUMU,pre
N2,N2_core_001,L0,P_bal,temperature,brier_two_class_sum,0.029366393753912798,0.012907748867877954,0.058939764958800864,57,3307,macro candidate mean,fixed OOF candidate bootstrap; no refit,,logistic,HMUMU,pre
N2,N2_core_001,L0,P_bal,mixture_diagnostic,ce_bits,0.132520710895277,0.042590404802461956,0.304813382173483,57,3307,macro candidate mean,fixed OOF candidate bootstrap; no refit,,logistic,HMUVAR,post
N2,N2_core_001,L0,P_bal,mixture_diagnostic,bacc,0.9828685051653862,0.9666508376243464,0.9922745527472255,57,3307,macro candidate mean,fixed OOF candidate bootstrap; no refit,,logistic,HMUVAR,post
N2,N2_core_001,L0,P_bal,mixture_diagnostic,auroc,0.9922223639361213,0.9770250246374591,0.9998874404969427,57,3307,macro candidate mean,fixed OOF candidate bootstrap; no refit,,logistic,HMUVAR,post
N2,N2_core_001,L0,P_bal,mixture_diagnostic,brier_two_class_sum,0.030127995187572157,0.01364126851892878,0.059909580626561376,57,3307,macro candidate mean,fixed OOF candidate bootstrap; no refit,,logistic,HMUVAR,post
N2,N2_core_001,L0,P_bal,raw,ce_bits,0.13353979450310174,0.09854381326302117,0.19827965255792096,57,3307,macro candidate mean,fixed OOF candidate bootstrap; no refit,,logistic,HMUVAR,post
N2,N2_core_001,L0,P_bal,raw,bacc,0.9828685051653862,0.9666508376243464,0.9922745527472255,57,3307,macro candidate mean,fixed OOF candidate bootstrap; no refit,,logistic,HMUVAR,post
N2,N2_core_001,L0,P_bal,raw,auroc,0.9922223639361213,0.9770250246374591,0.9998874404969427,57,3307,macro candidate mean,fixed OOF candidate bootstrap; no refit,,logistic,HMUVAR,post
N2,N2_core_001,L0,P_bal,raw,brier_two_class_sum,0.037064347445285487,0.023097962013298477,0.06241870114341953,57,3307,macro candidate mean,fixed OOF candidate bootstrap; no refit,,logistic,HMUVAR,post
N2,N2_core_001,L0,P_bal,temperature,ce_bits,0.132520710895277,0.042590404802461956,0.304813382173483,57,3307,macro candidate mean,fixed OOF candidate bootstrap; no refit,,logistic,HMUVAR,post
N2,N2_core_001,L0,P_bal,temperature,bacc,0.9828685051653862,0.9666508376243464,0.9922745527472255,57,3307,macro candidate mean,fixed OOF candidate bootstrap; no refit,,logistic,HMUVAR,post
N2,N2_core_001,L0,P_bal,temperature,auroc,0.9922223639361213,0.9770250246374591,0.9998874404969427,57,3307,macro candidate mean,fixed OOF candidate bootstrap; no refit,,logistic,HMUVAR,post
N2,N2_core_001,L0,P_bal,temperature,brier_two_class_sum,0.030127995187572157,0.01364126851892878,0.059909580626561376,57,3307,macro candidate mean,fixed OOF candidate bootstrap; no refit,,logistic,HMUVAR,post
N2,N2_core_001,L0,P_bal,mixture_diagnostic,ce_bits,0.13258650056404608,0.04131779683394044,0.30745564309068746,57,3307,macro candidate mean,fixed OOF candidate bootstrap; no refit,,logistic,HMUVAR,pre
N2,N2_core_001,L0,P_bal,mixture_diagnostic,bacc,0.9834815279976001,0.9680583528979531,0.992509247224373,57,3307,macro candidate mean,fixed OOF candidate bootstrap; no refit,,logistic,HMUVAR,pre
N2,N2_core_001,L0,P_bal,mixture_diagnostic,auroc,0.9922734621231845,0.9770967351207769,0.9999173011541228,57,3307,macro candidate mean,fixed OOF candidate bootstrap; no refit,,logistic,HMUVAR,pre
N2,N2_core_001,L0,P_bal,mixture_diagnostic,brier_two_class_sum,0.029488621289699403,0.012911436477807701,0.05928320246357306,57,3307,macro candidate mean,fixed OOF candidate bootstrap; no refit,,logistic,HMUVAR,pre
N2,N2_core_001,L0,P_bal,raw,ce_bits,0.1321234660463303,0.09795886829368927,0.19521572125266692,57,3307,macro candidate mean,fixed OOF candidate bootstrap; no refit,,logistic,HMUVAR,pre
N2,N2_core_001,L0,P_bal,raw,bacc,0.9834815279976001,0.9680583528979531,0.992509247224373,57,3307,macro candidate mean,fixed OOF candidate bootstrap; no refit,,logistic,HMUVAR,pre
N2,N2_core_001,L0,P_bal,raw,auroc,0.9922734621231845,0.9770967351207769,0.9999173011541228,57,3307,macro candidate mean,fixed OOF candidate bootstrap; no refit,,logistic,HMUVAR,pre
N2,N2_core_001,L0,P_bal,raw,brier_two_class_sum,0.036574454484807076,0.022676370956009755,0.06183710101014731,57,3307,macro candidate mean,fixed OOF candidate bootstrap; no refit,,logistic,HMUVAR,pre
N2,N2_core_001,L0,P_bal,temperature,ce_bits,0.13258650056404608,0.04131779683394044,0.30745564309068746,57,3307,macro candidate mean,fixed OOF candidate bootstrap; no refit,,logistic,HMUVAR,pre
N2,N2_core_001,L0,P_bal,temperature,bacc,0.9834815279976001,0.9680583528979531,0.992509247224373,57,3307,macro candidate mean,fixed OOF candidate bootstrap; no refit,,logistic,HMUVAR,pre
N2,N2_core_001,L0,P_bal,temperature,auroc,0.9922734621231845,0.9770967351207769,0.9999173011541228,57,3307,macro candidate mean,fixed OOF candidate bootstrap; no refit,,logistic,HMUVAR,pre
N2,N2_core_001,L0,P_bal,temperature,brier_two_class_sum,0.029488621289699403,0.012911436477807701,0.05928320246357306,57,3307,macro candidate mean,fixed OOF candidate bootstrap; no refit,,logistic,HMUVAR,pre
N2,N2_core_001,L0,P_bal,mixture_diagnostic,ce_bits,0.13076943362919827,0.041757274815882865,0.3013696828695574,57,3307,macro candidate mean,fixed OOF candidate bootstrap; no refit,,logistic,HRFF,post
N2,N2_core_001,L0,P_bal,mixture_diagnostic,bacc,0.9830103596423729,0.9666095776579675,0.9923931382615093,57,3307,macro candidate mean,fixed OOF candidate bootstrap; no refit,,logistic,HRFF,post
N2,N2_core_001,L0,P_bal,mixture_diagnostic,auroc,0.992337323700204,0.977308672450656,0.9999045929649764,57,3307,macro candidate mean,fixed OOF candidate bootstrap; no refit,,logistic,HRFF,post
N2,N2_core_001,L0,P_bal,mixture_diagnostic,brier_two_class_sum,0.030032765836687875,0.01324798945787506,0.060473236451393894,57,3307,macro candidate mean,fixed OOF candidate bootstrap; no refit,,logistic,HRFF,post
N2,N2_core_001,L0,P_bal,raw,ce_bits,0.13222899977288866,0.09772295603269546,0.19595615275818823,57,3307,macro candidate mean,fixed OOF candidate bootstrap; no refit,,logistic,HRFF,post
N2,N2_core_001,L0,P_bal,raw,bacc,0.9830103596423729,0.9666095776579675,0.9923931382615093,57,3307,macro candidate mean,fixed OOF candidate bootstrap; no refit,,logistic,HRFF,post
N2,N2_core_001,L0,P_bal,raw,auroc,0.992337323700204,0.977308672450656,0.9999045929649764,57,3307,macro candidate mean,fixed OOF candidate bootstrap; no refit,,logistic,HRFF,post
N2,N2_core_001,L0,P_bal,raw,brier_two_class_sum,0.03668934466687824,0.022670019513959642,0.062311012925169544,57,3307,macro candidate mean,fixed OOF candidate bootstrap; no refit,,logistic,HRFF,post
N2,N2_core_001,L0,P_bal,temperature,ce_bits,0.13076943362919827,0.041757274815882865,0.3013696828695574,57,3307,macro candidate mean,fixed OOF candidate bootstrap; no refit,,logistic,HRFF,post
N2,N2_core_001,L0,P_bal,temperature,bacc,0.9830103596423729,0.9666095776579675,0.9923931382615093,57,3307,macro candidate mean,fixed OOF candidate bootstrap; no refit,,logistic,HRFF,post
N2,N2_core_001,L0,P_bal,temperature,auroc,0.992337323700204,0.977308672450656,0.9999045929649764,57,3307,macro candidate mean,fixed OOF candidate bootstrap; no refit,,logistic,HRFF,post
N2,N2_core_001,L0,P_bal,temperature,brier_two_class_sum,0.030032765836687875,0.01324798945787506,0.060473236451393894,57,3307,macro candidate mean,fixed OOF candidate bootstrap; no refit,,logistic,HRFF,post
N2,N2_core_001,L0,P_bal,mixture_diagnostic,ce_bits,0.1321577878818286,0.041590228367984323,0.3051090173768433,57,3307,macro candidate mean,fixed OOF candidate bootstrap; no refit,,logistic,HRFF,pre
N2,N2_core_001,L0,P_bal,mixture_diagnostic,bacc,0.983332774319522,0.9670341643984582,0.9927025040171363,57,3307,macro candidate mean,fixed OOF candidate bootstrap; no refit,,logistic,HRFF,pre
N2,N2_core_001,L0,P_bal,mixture_diagnostic,auroc,0.9922967298415519,0.9771201185748737,0.9999388880521798,57,3307,macro candidate mean,fixed OOF candidate bootstrap; no refit,,logistic,HRFF,pre
N2,N2_core_001,L0,P_bal,mixture_diagnostic,brier_two_class_sum,0.029695091483697197,0.013167868698116689,0.059514335919642905,57,3307,macro candidate mean,fixed OOF candidate bootstrap; no refit,,logistic,HRFF,pre
N2,N2_core_001,L0,P_bal,raw,ce_bits,0.13161433642648543,0.09757689204245333,0.19441583490913147,57,3307,macro candidate mean,fixed OOF candidate bootstrap; no refit,,logistic,HRFF,pre
N2,N2_core_001,L0,P_bal,raw,bacc,0.983332774319522,0.9670341643984582,0.9927025040171363,57,3307,macro candidate mean,fixed OOF candidate bootstrap; no refit,,logistic,HRFF,pre
N2,N2_core_001,L0,P_bal,raw,auroc,0.9922967298415519,0.9771201185748737,0.9999388880521798,57,3307,macro candidate mean,fixed OOF candidate bootstrap; no refit,,logistic,HRFF,pre
N2,N2_core_001,L0,P_bal,raw,brier_two_class_sum,0.03641512294205145,0.02257867382730387,0.06163611925767656,57,3307,macro candidate mean,fixed OOF candidate bootstrap; no refit,,logistic,HRFF,pre
N2,N2_core_001,L0,P_bal,temperature,ce_bits,0.1321577878818286,0.041590228367984323,0.3051090173768433,57,3307,macro candidate mean,fixed OOF candidate bootstrap; no refit,,logistic,HRFF,pre
N2,N2_core_001,L0,P_bal,temperature,bacc,0.983332774319522,0.9670341643984582,0.9927025040171363,57,3307,macro candidate mean,fixed OOF candidate bootstrap; no refit,,logistic,HRFF,pre
N2,N2_core_001,L0,P_bal,temperature,auroc,0.9922967298415519,0.9771201185748737,0.9999388880521798,57,3307,macro candidate mean,fixed OOF candidate bootstrap; no refit,,logistic,HRFF,pre
N2,N2_core_001,L0,P_bal,temperature,brier_two_class_sum,0.029695091483697197,0.013167868698116689,0.059514335919642905,57,3307,macro candidate mean,fixed OOF candidate bootstrap; no refit,,logistic,HRFF,pre
N2,N2_core_001,L0,P_bal,mixture_diagnostic,ce_bits,0.13349397802903584,0.04243527566298704,0.308003359855611,57,3307,macro candidate mean,fixed OOF candidate bootstrap; no refit,,logistic,HVAR,post
N2,N2_core_001,L0,P_bal,mixture_diagnostic,bacc,0.9830201750517834,0.9668084669698811,0.9923890800304123,57,3307,macro candidate mean,fixed OOF candidate bootstrap; no refit,,logistic,HVAR,post
N2,N2_core_001,L0,P_bal,mixture_diagnostic,auroc,0.9923421910946788,0.9773288596467482,0.9999124149192208,57,3307,macro candidate mean,fixed OOF candidate bootstrap; no refit,,logistic,HVAR,post
N2,N2_core_001,L0,P_bal,mixture_diagnostic,brier_two_class_sum,0.030007555931088066,0.013563210349831972,0.05952810767532456,57,3307,macro candidate mean,fixed OOF candidate bootstrap; no refit,,logistic,HVAR,post
N2,N2_core_001,L0,P_bal,raw,ce_bits,0.13268633402411434,0.09791348988832377,0.1971406504433942,57,3307,macro candidate mean,fixed OOF candidate bootstrap; no refit,,logistic,HVAR,post
N2,N2_core_001,L0,P_bal,raw,bacc,0.9830201750517834,0.9668084669698811,0.9923890800304123,57,3307,macro candidate mean,fixed OOF candidate bootstrap; no refit,,logistic,HVAR,post
N2,N2_core_001,L0,P_bal,raw,auroc,0.9923421910946788,0.9773288596467482,0.9999124149192208,57,3307,macro candidate mean,fixed OOF candidate bootstrap; no refit,,logistic,HVAR,post
N2,N2_core_001,L0,P_bal,raw,brier_two_class_sum,0.036723596575292616,0.02283515635840308,0.061989851032609615,57,3307,macro candidate mean,fixed OOF candidate bootstrap; no refit,,logistic,HVAR,post
N2,N2_core_001,L0,P_bal,temperature,ce_bits,0.13349397802903584,0.04243527566298704,0.308003359855611,57,3307,macro candidate mean,fixed OOF candidate bootstrap; no refit,,logistic,HVAR,post
N2,N2_core_001,L0,P_bal,temperature,bacc,0.9830201750517834,0.9668084669698811,0.9923890800304123,57,3307,macro candidate mean,fixed OOF candidate bootstrap; no refit,,logistic,HVAR,post
N2,N2_core_001,L0,P_bal,temperature,auroc,0.9923421910946788,0.9773288596467482,0.9999124149192208,57,3307,macro candidate mean,fixed OOF candidate bootstrap; no refit,,logistic,HVAR,post
N2,N2_core_001,L0,P_bal,temperature,brier_two_class_sum,0.030007555931088066,0.013563210349831972,0.05952810767532456,57,3307,macro candidate mean,fixed OOF candidate bootstrap; no refit,,logistic,HVAR,post
N2,N2_core_001,L0,P_bal,mixture_diagnostic,ce_bits,0.1312945219106828,0.04123100112839964,0.304178114537713,57,3307,macro candidate mean,fixed OOF candidate bootstrap; no refit,,logistic,HVAR,pre
N2,N2_core_001,L0,P_bal,mixture_diagnostic,bacc,0.9832572427526876,0.9673515786384538,0.9923024215384284,57,3307,macro candidate mean,fixed OOF candidate bootstrap; no refit,,logistic,HVAR,pre
N2,N2_core_001,L0,P_bal,mixture_diagnostic,auroc,0.9922522225836576,0.9770589541136847,0.9999124149192208,57,3307,macro candidate mean,fixed OOF candidate bootstrap; no refit,,logistic,HVAR,pre
N2,N2_core_001,L0,P_bal,mixture_diagnostic,brier_two_class_sum,0.029563872452573036,0.013006648907073192,0.05945548486998621,57,3307,macro candidate mean,fixed OOF candidate bootstrap; no refit,,logistic,HVAR,pre
N2,N2_core_001,L0,P_bal,raw,ce_bits,0.13140006875550092,0.0972156185473057,0.19477891253216154,57,3307,macro candidate mean,fixed OOF candidate bootstrap; no refit,,logistic,HVAR,pre
N2,N2_core_001,L0,P_bal,raw,bacc,0.9832572427526876,0.9673515786384538,0.9923024215384284,57,3307,macro candidate mean,fixed OOF candidate bootstrap; no refit,,logistic,HVAR,pre
N2,N2_core_001,L0,P_bal,raw,auroc,0.9922522225836576,0.9770589541136847,0.9999124149192208,57,3307,macro candidate mean,fixed OOF candidate bootstrap; no refit,,logistic,HVAR,pre
N2,N2_core_001,L0,P_bal,raw,brier_two_class_sum,0.036310352502082414,0.022437623816011946,0.06162558467296602,57,3307,macro candidate mean,fixed OOF candidate bootstrap; no refit,,logistic,HVAR,pre
N2,N2_core_001,L0,P_bal,temperature,ce_bits,0.1312945219106828,0.04123100112839964,0.304178114537713,57,3307,macro candidate mean,fixed OOF candidate bootstrap; no refit,,logistic,HVAR,pre
N2,N2_core_001,L0,P_bal,temperature,bacc,0.9832572427526876,0.9673515786384538,0.9923024215384284,57,3307,macro candidate mean,fixed OOF candidate bootstrap; no refit,,logistic,HVAR,pre
N2,N2_core_001,L0,P_bal,temperature,auroc,0.9922522225836576,0.9770589541136847,0.9999124149192208,57,3307,macro candidate mean,fixed OOF candidate bootstrap; no refit,,logistic,HVAR,pre
N2,N2_core_001,L0,P_bal,temperature,brier_two_class_sum,0.029563872452573036,0.013006648907073192,0.05945548486998621,57,3307,macro candidate mean,fixed OOF candidate bootstrap; no refit,,logistic,HVAR,pre
N2,N2_core_001,R_SIM,P_bal,mixture_diagnostic,ce_bits,0.13167763949755032,0.04103957423651949,0.30543683259761567,57,3307,macro candidate mean,fixed OOF candidate bootstrap; no refit,,logistic,H,post
N2,N2_core_001,R_SIM,P_bal,mixture_diagnostic,bacc,0.9828834045697921,0.9665593462892383,0.9921385816004067,57,3307,macro candidate mean,fixed OOF candidate bootstrap; no refit,,logistic,H,post
N2,N2_core_001,R_SIM,P_bal,mixture_diagnostic,auroc,0.9923421910946788,0.9773288596467482,0.9999124149192208,57,3307,macro candidate mean,fixed OOF candidate bootstrap; no refit,,logistic,H,post
N2,N2_core_001,R_SIM,P_bal,mixture_diagnostic,brier_two_class_sum,0.029453784024594882,0.013073394035908823,0.059237228281959986,57,3307,macro candidate mean,fixed OOF candidate bootstrap; no refit,,logistic,H,post
N2,N2_core_001,R_SIM,P_bal,raw,ce_bits,0.13109576986564092,0.09677057207774553,0.1945594708505775,57,3307,macro candidate mean,fixed OOF candidate bootstrap; no refit,,logistic,H,post
N2,N2_core_001,R_SIM,P_bal,raw,bacc,0.9828834045697921,0.9665593462892383,0.9921385816004067,57,3307,macro candidate mean,fixed OOF candidate bootstrap; no refit,,logistic,H,post
N2,N2_core_001,R_SIM,P_bal,raw,auroc,0.9923421910946788,0.9773288596467482,0.9999124149192208,57,3307,macro candidate mean,fixed OOF candidate bootstrap; no refit,,logistic,H,post
N2,N2_core_001,R_SIM,P_bal,raw,brier_two_class_sum,0.03615424661953112,0.022336653578703805,0.061353997467718226,57,3307,macro candidate mean,fixed OOF candidate bootstrap; no refit,,logistic,H,post
N2,N2_core_001,R_SIM,P_bal,temperature,ce_bits,0.13167763949755032,0.04103957423651949,0.30543683259761567,57,3307,macro candidate mean,fixed OOF candidate bootstrap; no refit,,logistic,H,post
N2,N2_core_001,R_SIM,P_bal,temperature,bacc,0.9828834045697921,0.9665593462892383,0.9921385816004067,57,3307,macro candidate mean,fixed OOF candidate bootstrap; no refit,,logistic,H,post
N2,N2_core_001,R_SIM,P_bal,temperature,auroc,0.9923421910946788,0.9773288596467482,0.9999124149192208,57,3307,macro candidate mean,fixed OOF candidate bootstrap; no refit,,logistic,H,post
N2,N2_core_001,R_SIM,P_bal,temperature,brier_two_class_sum,0.029453784024594882,0.013073394035908823,0.059237228281959986,57,3307,macro candidate mean,fixed OOF candidate bootstrap; no refit,,logistic,H,post
N2,N2_core_001,R_SIM,P_bal,mixture_diagnostic,ce_bits,0.13167763949755032,0.04103957423651949,0.30543683259761567,57,3307,macro candidate mean,fixed OOF candidate bootstrap; no refit,,logistic,H,pre
N2,N2_core_001,R_SIM,P_bal,mixture_diagnostic,bacc,0.9828834045697921,0.9665593462892383,0.9921385816004067,57,3307,macro candidate mean,fixed OOF candidate bootstrap; no refit,,logistic,H,pre
N2,N2_core_001,R_SIM,P_bal,mixture_diagnostic,auroc,0.9923421910946788,0.9773288596467482,0.9999124149192208,57,3307,macro candidate mean,fixed OOF candidate bootstrap; no refit,,logistic,H,pre
N2,N2_core_001,R_SIM,P_bal,mixture_diagnostic,brier_two_class_sum,0.029453784024594882,0.013073394035908823,0.059237228281959986,57,3307,macro candidate mean,fixed OOF candidate bootstrap; no refit,,logistic,H,pre
N2,N2_core_001,R_SIM,P_bal,raw,ce_bits,0.13109576986564092,0.09677057207774553,0.1945594708505775,57,3307,macro candidate mean,fixed OOF candidate bootstrap; no refit,,logistic,H,pre
N2,N2_core_001,R_SIM,P_bal,raw,bacc,0.9828834045697921,0.9665593462892383,0.9921385816004067,57,3307,macro candidate mean,fixed OOF candidate bootstrap; no refit,,logistic,H,pre
N2,N2_core_001,R_SIM,P_bal,raw,auroc,0.9923421910946788,0.9773288596467482,0.9999124149192208,57,3307,macro candidate mean,fixed OOF candidate bootstrap; no refit,,logistic,H,pre
N2,N2_core_001,R_SIM,P_bal,raw,brier_two_class_sum,0.03615424661953112,0.022336653578703805,0.061353997467718226,57,3307,macro candidate mean,fixed OOF candidate bootstrap; no refit,,logistic,H,pre
N2,N2_core_001,R_SIM,P_bal,temperature,ce_bits,0.13167763949755032,0.04103957423651949,0.30543683259761567,57,3307,macro candidate mean,fixed OOF candidate bootstrap; no refit,,logistic,H,pre
N2,N2_core_001,R_SIM,P_bal,temperature,bacc,0.9828834045697921,0.9665593462892383,0.9921385816004067,57,3307,macro candidate mean,fixed OOF candidate bootstrap; no refit,,logistic,H,pre
N2,N2_core_001,R_SIM,P_bal,temperature,auroc,0.9923421910946788,0.9773288596467482,0.9999124149192208,57,3307,macro candidate mean,fixed OOF candidate bootstrap; no refit,,logistic,H,pre
N2,N2_core_001,R_SIM,P_bal,temperature,brier_two_class_sum,0.029453784024594882,0.013073394035908823,0.059237228281959986,57,3307,macro candidate mean,fixed OOF candidate bootstrap; no refit,,logistic,H,pre
N2,N2_core_001,R_SIM,P_bal,mixture_diagnostic,ce_bits,0.134407589765505,0.04133658554489296,0.31258126267405345,57,3307,macro candidate mean,fixed OOF candidate bootstrap; no refit,,logistic,HMU,post
N2,N2_core_001,R_SIM,P_bal,mixture_diagnostic,bacc,0.9836186358260465,0.9676135218935319,0.9926828539534891,57,3307,macro candidate mean,fixed OOF candidate bootstrap; no refit,,logistic,HMU,post
N2,N2_core_001,R_SIM,P_bal,mixture_diagnostic,auroc,0.9923421910946788,0.9773288596467482,0.9999124149192208,57,3307,macro candidate mean,fixed OOF candidate bootstrap; no refit,,logistic,HMU,post
N2,N2_core_001,R_SIM,P_bal,mixture_diagnostic,brier_two_class_sum,0.029698944581695145,0.013120379832211634,0.05969817604218343,57,3307,macro candidate mean,fixed OOF candidate bootstrap; no refit,,logistic,HMU,post
N2,N2_core_001,R_SIM,P_bal,raw,ce_bits,0.1314841480519106,0.09678429205439716,0.19537378271580327,57,3307,macro candidate mean,fixed OOF candidate bootstrap; no refit,,logistic,HMU,post
N2,N2_core_001,R_SIM,P_bal,raw,bacc,0.9836186358260465,0.9676135218935319,0.9926828539534891,57,3307,macro candidate mean,fixed OOF candidate bootstrap; no refit,,logistic,HMU,post
N2,N2_core_001,R_SIM,P_bal,raw,auroc,0.9923421910946788,0.9773288596467482,0.9999124149192208,57,3307,macro candidate mean,fixed OOF candidate bootstrap; no refit,,logistic,HMU,post
N2,N2_core_001,R_SIM,P_bal,raw,brier_two_class_sum,0.03645704974659871,0.02250973401293001,0.06180583342973096,57,3307,macro candidate mean,fixed OOF candidate bootstrap; no refit,,logistic,HMU,post
N2,N2_core_001,R_SIM,P_bal,temperature,ce_bits,0.134407589765505,0.04133658554489296,0.31258126267405345,57,3307,macro candidate mean,fixed OOF candidate bootstrap; no refit,,logistic,HMU,post
N2,N2_core_001,R_SIM,P_bal,temperature,bacc,0.9836186358260465,0.9676135218935319,0.9926828539534891,57,3307,macro candidate mean,fixed OOF candidate bootstrap; no refit,,logistic,HMU,post
N2,N2_core_001,R_SIM,P_bal,temperature,auroc,0.9923421910946788,0.9773288596467482,0.9999124149192208,57,3307,macro candidate mean,fixed OOF candidate bootstrap; no refit,,logistic,HMU,post
N2,N2_core_001,R_SIM,P_bal,temperature,brier_two_class_sum,0.029698944581695145,0.013120379832211634,0.05969817604218343,57,3307,macro candidate mean,fixed OOF candidate bootstrap; no refit,,logistic,HMU,post
N2,N2_core_001,R_SIM,P_bal,mixture_diagnostic,ce_bits,0.13205802789305762,0.04100605042294258,0.3068333380118442,57,3307,macro candidate mean,fixed OOF candidate bootstrap; no refit,,logistic,HMU,pre
N2,N2_core_001,R_SIM,P_bal,mixture_diagnostic,bacc,0.9841883861379314,0.9685221065423957,0.9933261447658384,57,3307,macro candidate mean,fixed OOF candidate bootstrap; no refit,,logistic,HMU,pre
N2,N2_core_001,R_SIM,P_bal,mixture_diagnostic,auroc,0.9923634306342055,0.9773666406538404,0.9999173011541228,57,3307,macro candidate mean,fixed OOF candidate bootstrap; no refit,,logistic,HMU,pre
N2,N2_core_001,R_SIM,P_bal,mixture_diagnostic,brier_two_class_sum,0.029466578894341323,0.012907296707184159,0.05941799644376484,57,3307,macro candidate mean,fixed OOF candidate bootstrap; no refit,,logistic,HMU,pre
N2,N2_core_001,R_SIM,P_bal,raw,ce_bits,0.13151346578078313,0.09708234159155328,0.19522709116617548,57,3307,macro candidate mean,fixed OOF candidate bootstrap; no refit,,logistic,HMU,pre
N2,N2_core_001,R_SIM,P_bal,raw,bacc,0.9841883861379314,0.9685221065423957,0.9933261447658384,57,3307,macro candidate mean,fixed OOF candidate bootstrap; no refit,,logistic,HMU,pre
N2,N2_core_001,R_SIM,P_bal,raw,auroc,0.9923634306342055,0.9773666406538404,0.9999173011541228,57,3307,macro candidate mean,fixed OOF candidate bootstrap; no refit,,logistic,HMU,pre
N2,N2_core_001,R_SIM,P_bal,raw,brier_two_class_sum,0.036265150034607174,0.022351898250536583,0.06176633979651038,57,3307,macro candidate mean,fixed OOF candidate bootstrap; no refit,,logistic,HMU,pre
N2,N2_core_001,R_SIM,P_bal,temperature,ce_bits,0.13205802789305762,0.04100605042294258,0.3068333380118442,57,3307,macro candidate mean,fixed OOF candidate bootstrap; no refit,,logistic,HMU,pre
N2,N2_core_001,R_SIM,P_bal,temperature,bacc,0.9841883861379314,0.9685221065423957,0.9933261447658384,57,3307,macro candidate mean,fixed OOF candidate bootstrap; no refit,,logistic,HMU,pre
N2,N2_core_001,R_SIM,P_bal,temperature,auroc,0.9923634306342055,0.9773666406538404,0.9999173011541228,57,3307,macro candidate mean,fixed OOF candidate bootstrap; no refit,,logistic,HMU,pre
N2,N2_core_001,R_SIM,P_bal,temperature,brier_two_class_sum,0.029466578894341323,0.012907296707184159,0.05941799644376484,57,3307,macro candidate mean,fixed OOF candidate bootstrap; no refit,,logistic,HMU,pre
N2,N2_core_001,R_SIM,P_bal,mixture_diagnostic,ce_bits,0.13507235760892994,0.041531335796578486,0.31402348900555577,57,3307,macro candidate mean,fixed OOF candidate bootstrap; no refit,,logistic,HMUMU,post
N2,N2_core_001,R_SIM,P_bal,mixture_diagnostic,bacc,0.983469959049359,0.9674214211017851,0.992569551594943,57,3307,macro candidate mean,fixed OOF candidate bootstrap; no refit,,logistic,HMUMU,post
N2,N2_core_001,R_SIM,P_bal,mixture_diagnostic,auroc,0.9923421910946788,0.9773288596467482,0.9999124149192208,57,3307,macro candidate mean,fixed OOF candidate bootstrap; no refit,,logistic,HMUMU,post
N2,N2_core_001,R_SIM,P_bal,mixture_diagnostic,brier_two_class_sum,0.02980841685566401,0.013193474812991586,0.05983985106767861,57,3307,macro candidate mean,fixed OOF candidate bootstrap; no refit,,logistic,HMUMU,post
N2,N2_core_001,R_SIM,P_bal,raw,ce_bits,0.1316311639935986,0.09686427596106342,0.19557642588916654,57,3307,macro candidate mean,fixed OOF candidate bootstrap; no refit,,logistic,HMUMU,post
N2,N2_core_001,R_SIM,P_bal,raw,bacc,0.983469959049359,0.9674214211017851,0.992569551594943,57,3307,macro candidate mean,fixed OOF candidate bootstrap; no refit,,logistic,HMUMU,post
N2,N2_core_001,R_SIM,P_bal,raw,auroc,0.9923421910946788,0.9773288596467482,0.9999124149192208,57,3307,macro candidate mean,fixed OOF candidate bootstrap; no refit,,logistic,HMUMU,post
N2,N2_core_001,R_SIM,P_bal,raw,brier_two_class_sum,0.036569243033978176,0.02257608727049991,0.061930354120334125,57,3307,macro candidate mean,fixed OOF candidate bootstrap; no refit,,logistic,HMUMU,post
N2,N2_core_001,R_SIM,P_bal,temperature,ce_bits,0.13507235760892994,0.041531335796578486,0.31402348900555577,57,3307,macro candidate mean,fixed OOF candidate bootstrap; no refit,,logistic,HMUMU,post
N2,N2_core_001,R_SIM,P_bal,temperature,bacc,0.983469959049359,0.9674214211017851,0.992569551594943,57,3307,macro candidate mean,fixed OOF candidate bootstrap; no refit,,logistic,HMUMU,post
N2,N2_core_001,R_SIM,P_bal,temperature,auroc,0.9923421910946788,0.9773288596467482,0.9999124149192208,57,3307,macro candidate mean,fixed OOF candidate bootstrap; no refit,,logistic,HMUMU,post
N2,N2_core_001,R_SIM,P_bal,temperature,brier_two_class_sum,0.02980841685566401,0.013193474812991586,0.05983985106767861,57,3307,macro candidate mean,fixed OOF candidate bootstrap; no refit,,logistic,HMUMU,post
N2,N2_core_001,R_SIM,P_bal,mixture_diagnostic,ce_bits,0.13212559503386007,0.041055607826135564,0.30703733516771065,57,3307,macro candidate mean,fixed OOF candidate bootstrap; no refit,,logistic,HMUMU,pre
N2,N2_core_001,R_SIM,P_bal,mixture_diagnostic,bacc,0.9841883861379314,0.9685221065423957,0.9933261447658384,57,3307,macro candidate mean,fixed OOF candidate bootstrap; no refit,,logistic,HMUMU,pre
N2,N2_core_001,R_SIM,P_bal,mixture_diagnostic,auroc,0.9923634306342055,0.9773666406538404,0.9999173011541228,57,3307,macro candidate mean,fixed OOF candidate bootstrap; no refit,,logistic,HMUMU,pre
N2,N2_core_001,R_SIM,P_bal,mixture_diagnostic,brier_two_class_sum,0.029506090866957824,0.012908026203819796,0.0595048356022977,57,3307,macro candidate mean,fixed OOF candidate bootstrap; no refit,,logistic,HMUMU,pre
N2,N2_core_001,R_SIM,P_bal,raw,ce_bits,0.13163239972161325,0.09709253981881316,0.1954124159276821,57,3307,macro candidate mean,fixed OOF candidate bootstrap; no refit,,logistic,HMUMU,pre
N2,N2_core_001,R_SIM,P_bal,raw,bacc,0.9841883861379314,0.9685221065423957,0.9933261447658384,57,3307,macro candidate mean,fixed OOF candidate bootstrap; no refit,,logistic,HMUMU,pre
N2,N2_core_001,R_SIM,P_bal,raw,auroc,0.9923634306342055,0.9773666406538404,0.9999173011541228,57,3307,macro candidate mean,fixed OOF candidate bootstrap; no refit,,logistic,HMUMU,pre
N2,N2_core_001,R_SIM,P_bal,raw,brier_two_class_sum,0.0363131922760427,0.022389876075782578,0.061870511764239626,57,3307,macro candidate mean,fixed OOF candidate bootstrap; no refit,,logistic,HMUMU,pre
N2,N2_core_001,R_SIM,P_bal,temperature,ce_bits,0.13212559503386007,0.041055607826135564,0.30703733516771065,57,3307,macro candidate mean,fixed OOF candidate bootstrap; no refit,,logistic,HMUMU,pre
N2,N2_core_001,R_SIM,P_bal,temperature,bacc,0.9841883861379314,0.9685221065423957,0.9933261447658384,57,3307,macro candidate mean,fixed OOF candidate bootstrap; no refit,,logistic,HMUMU,pre
N2,N2_core_001,R_SIM,P_bal,temperature,auroc,0.9923634306342055,0.9773666406538404,0.9999173011541228,57,3307,macro candidate mean,fixed OOF candidate bootstrap; no refit,,logistic,HMUMU,pre
N2,N2_core_001,R_SIM,P_bal,temperature,brier_two_class_sum,0.029506090866957824,0.012908026203819796,0.0595048356022977,57,3307,macro candidate mean,fixed OOF candidate bootstrap; no refit,,logistic,HMUMU,pre
N2,N2_core_001,R_SIM,P_bal,mixture_diagnostic,ce_bits,0.13590109360026795,0.04229326743567872,0.3156224299706782,57,3307,macro candidate mean,fixed OOF candidate bootstrap; no refit,,logistic,HMUVAR,post
N2,N2_core_001,R_SIM,P_bal,mixture_diagnostic,bacc,0.9830656469551166,0.9666221353137908,0.9924464253062879,57,3307,macro candidate mean,fixed OOF candidate bootstrap; no refit,,logistic,HMUVAR,post
N2,N2_core_001,R_SIM,P_bal,mixture_diagnostic,auroc,0.9923634306342055,0.9773666406538404,0.9999173011541228,57,3307,macro candidate mean,fixed OOF candidate bootstrap; no refit,,logistic,HMUVAR,post
N2,N2_core_001,R_SIM,P_bal,mixture_diagnostic,brier_two_class_sum,0.030096711980138125,0.01330194554460072,0.06055235546731308,57,3307,macro candidate mean,fixed OOF candidate bootstrap; no refit,,logistic,HMUVAR,post
N2,N2_core_001,R_SIM,P_bal,raw,ce_bits,0.13180553632117248,0.09723390505073368,0.19551027789425654,57,3307,macro candidate mean,fixed OOF candidate bootstrap; no refit,,logistic,HMUVAR,post
N2,N2_core_001,R_SIM,P_bal,raw,bacc,0.9830656469551166,0.9666221353137908,0.9924464253062879,57,3307,macro candidate mean,fixed OOF candidate bootstrap; no refit,,logistic,HMUVAR,post
N2,N2_core_001,R_SIM,P_bal,raw,auroc,0.9923634306342055,0.9773666406538404,0.9999173011541228,57,3307,macro candidate mean,fixed OOF candidate bootstrap; no refit,,logistic,HMUVAR,post
N2,N2_core_001,R_SIM,P_bal,raw,brier_two_class_sum,0.03668586488498078,0.022694313005307797,0.06216880616453491,57,3307,macro candidate mean,fixed OOF candidate bootstrap; no refit,,logistic,HMUVAR,post
N2,N2_core_001,R_SIM,P_bal,temperature,ce_bits,0.13590109360026795,0.04229326743567872,0.3156224299706782,57,3307,macro candidate mean,fixed OOF candidate bootstrap; no refit,,logistic,HMUVAR,post
N2,N2_core_001,R_SIM,P_bal,temperature,bacc,0.9830656469551166,0.9666221353137908,0.9924464253062879,57,3307,macro candidate mean,fixed OOF candidate bootstrap; no refit,,logistic,HMUVAR,post
N2,N2_core_001,R_SIM,P_bal,temperature,auroc,0.9923634306342055,0.9773666406538404,0.9999173011541228,57,3307,macro candidate mean,fixed OOF candidate bootstrap; no refit,,logistic,HMUVAR,post
N2,N2_core_001,R_SIM,P_bal,temperature,brier_two_class_sum,0.030096711980138125,0.01330194554460072,0.06055235546731308,57,3307,macro candidate mean,fixed OOF candidate bootstrap; no refit,,logistic,HMUVAR,post
N2,N2_core_001,R_SIM,P_bal,mixture_diagnostic,ce_bits,0.13114815714953715,0.040383581199936146,0.30572309095448147,57,3307,macro candidate mean,fixed OOF candidate bootstrap; no refit,,logistic,HMUVAR,pre
N2,N2_core_001,R_SIM,P_bal,mixture_diagnostic,bacc,0.9836610096203868,0.967366387950882,0.9929724018991097,57,3307,macro candidate mean,fixed OOF candidate bootstrap; no refit,,logistic,HMUVAR,pre
N2,N2_core_001,R_SIM,P_bal,mixture_diagnostic,auroc,0.9923634306342055,0.9773666406538404,0.9999173011541228,57,3307,macro candidate mean,fixed OOF candidate bootstrap; no refit,,logistic,HMUVAR,pre
N2,N2_core_001,R_SIM,P_bal,mixture_diagnostic,brier_two_class_sum,0.029336165157058534,0.012577242735008116,0.059833172926353755,57,3307,macro candidate mean,fixed OOF candidate bootstrap; no refit,,logistic,HMUVAR,pre
N2,N2_core_001,R_SIM,P_bal,raw,ce_bits,0.13098832104485036,0.09657261696028319,0.19470596959162043,57,3307,macro candidate mean,fixed OOF candidate bootstrap; no refit,,logistic,HMUVAR,pre
N2,N2_core_001,R_SIM,P_bal,raw,bacc,0.9836610096203868,0.967366387950882,0.9929724018991097,57,3307,macro candidate mean,fixed OOF candidate bootstrap; no refit,,logistic,HMUVAR,pre
N2,N2_core_001,R_SIM,P_bal,raw,auroc,0.9923634306342055,0.9773666406538404,0.9999173011541228,57,3307,macro candidate mean,fixed OOF candidate bootstrap; no refit,,logistic,HMUVAR,pre
N2,N2_core_001,R_SIM,P_bal,raw,brier_two_class_sum,0.036074797322774695,0.022166030534162093,0.06165705211134143,57,3307,macro candidate mean,fixed OOF candidate bootstrap; no refit,,logistic,HMUVAR,pre
N2,N2_core_001,R_SIM,P_bal,temperature,ce_bits,0.13114815714953715,0.040383581199936146,0.30572309095448147,57,3307,macro candidate mean,fixed OOF candidate bootstrap; no refit,,logistic,HMUVAR,pre
N2,N2_core_001,R_SIM,P_bal,temperature,bacc,0.9836610096203868,0.967366387950882,0.9929724018991097,57,3307,macro candidate mean,fixed OOF candidate bootstrap; no refit,,logistic,HMUVAR,pre
N2,N2_core_001,R_SIM,P_bal,temperature,auroc,0.9923634306342055,0.9773666406538404,0.9999173011541228,57,3307,macro candidate mean,fixed OOF candidate bootstrap; no refit,,logistic,HMUVAR,pre
N2,N2_core_001,R_SIM,P_bal,temperature,brier_two_class_sum,0.029336165157058534,0.012577242735008116,0.059833172926353755,57,3307,macro candidate mean,fixed OOF candidate bootstrap; no refit,,logistic,HMUVAR,pre
N2,N2_core_001,R_SIM,P_bal,mixture_diagnostic,ce_bits,0.13487568251742862,0.041637146688215936,0.31300010831090763,57,3307,macro candidate mean,fixed OOF candidate bootstrap; no refit,,logistic,HRFF,post
N2,N2_core_001,R_SIM,P_bal,mixture_diagnostic,bacc,0.9826006393127968,0.966193766529442,0.9919441022041375,57,3307,macro candidate mean,fixed OOF candidate bootstrap; no refit,,logistic,HRFF,post
N2,N2_core_001,R_SIM,P_bal,mixture_diagnostic,auroc,0.9923421910946788,0.9773288596467482,0.9999124149192208,57,3307,macro candidate mean,fixed OOF candidate bootstrap; no refit,,logistic,HRFF,post
N2,N2_core_001,R_SIM,P_bal,mixture_diagnostic,brier_two_class_sum,0.029947403719307115,0.013334834715684864,0.05991458706006664,57,3307,macro candidate mean,fixed OOF candidate bootstrap; no refit,,logistic,HRFF,post
N2,N2_core_001,R_SIM,P_bal,raw,ce_bits,0.1314457465696109,0.09701102902148814,0.19468433159619994,57,3307,macro candidate mean,fixed OOF candidate bootstrap; no refit,,logistic,HRFF,post
N2,N2_core_001,R_SIM,P_bal,raw,bacc,0.9826006393127968,0.966193766529442,0.9919441022041375,57,3307,macro candidate mean,fixed OOF candidate bootstrap; no refit,,logistic,HRFF,post
N2,N2_core_001,R_SIM,P_bal,raw,auroc,0.9923421910946788,0.9773288596467482,0.9999124149192208,57,3307,macro candidate mean,fixed OOF candidate bootstrap; no refit,,logistic,HRFF,post
N2,N2_core_001,R_SIM,P_bal,raw,brier_two_class_sum,0.03654174151536069,0.022680431771384395,0.06187615620972024,57,3307,macro candidate mean,fixed OOF candidate bootstrap; no refit,,logistic,HRFF,post
N2,N2_core_001,R_SIM,P_bal,temperature,ce_bits,0.13487568251742862,0.041637146688215936,0.31300010831090763,57,3307,macro candidate mean,fixed OOF candidate bootstrap; no refit,,logistic,HRFF,post
N2,N2_core_001,R_SIM,P_bal,temperature,bacc,0.9826006393127968,0.966193766529442,0.9919441022041375,57,3307,macro candidate mean,fixed OOF candidate bootstrap; no refit,,logistic,HRFF,post
N2,N2_core_001,R_SIM,P_bal,temperature,auroc,0.9923421910946788,0.9773288596467482,0.9999124149192208,57,3307,macro candidate mean,fixed OOF candidate bootstrap; no refit,,logistic,HRFF,post
N2,N2_core_001,R_SIM,P_bal,temperature,brier_two_class_sum,0.029947403719307115,0.013334834715684864,0.05991458706006664,57,3307,macro candidate mean,fixed OOF candidate bootstrap; no refit,,logistic,HRFF,post
N2,N2_core_001,R_SIM,P_bal,mixture_diagnostic,ce_bits,0.13281867394990932,0.04107881155365516,0.3086402104088894,57,3307,macro candidate mean,fixed OOF candidate bootstrap; no refit,,logistic,HRFF,pre
N2,N2_core_001,R_SIM,P_bal,mixture_diagnostic,bacc,0.983328544225458,0.9668905980623914,0.9926815765461956,57,3307,macro candidate mean,fixed OOF candidate bootstrap; no refit,,logistic,HRFF,pre
N2,N2_core_001,R_SIM,P_bal,mixture_diagnostic,auroc,0.9923421910946788,0.9773288596467482,0.9999124149192208,57,3307,macro candidate mean,fixed OOF candidate bootstrap; no refit,,logistic,HRFF,pre
N2,N2_core_001,R_SIM,P_bal,mixture_diagnostic,brier_two_class_sum,0.029660877449805334,0.01299606918741312,0.059820351188803696,57,3307,macro candidate mean,fixed OOF candidate bootstrap; no refit,,logistic,HRFF,pre
N2,N2_core_001,R_SIM,P_bal,raw,ce_bits,0.13168967413907656,0.09731496482903045,0.19537130933800514,57,3307,macro candidate mean,fixed OOF candidate bootstrap; no refit,,logistic,HRFF,pre
N2,N2_core_001,R_SIM,P_bal,raw,bacc,0.983328544225458,0.9668905980623914,0.9926815765461956,57,3307,macro candidate mean,fixed OOF candidate bootstrap; no refit,,logistic,HRFF,pre
N2,N2_core_001,R_SIM,P_bal,raw,auroc,0.9923421910946788,0.9773288596467482,0.9999124149192208,57,3307,macro candidate mean,fixed OOF candidate bootstrap; no refit,,logistic,HRFF,pre
N2,N2_core_001,R_SIM,P_bal,raw,brier_two_class_sum,0.03641570620441292,0.0225028010843984,0.06178663603888498,57,3307,macro candidate mean,fixed OOF candidate bootstrap; no refit,,logistic,HRFF,pre
N2,N2_core_001,R_SIM,P_bal,temperature,ce_bits,0.13281867394990932,0.04107881155365516,0.3086402104088894,57,3307,macro candidate mean,fixed OOF candidate bootstrap; no refit,,logistic,HRFF,pre
N2,N2_core_001,R_SIM,P_bal,temperature,bacc,0.983328544225458,0.9668905980623914,0.9926815765461956,57,3307,macro candidate mean,fixed OOF candidate bootstrap; no refit,,logistic,HRFF,pre
N2,N2_core_001,R_SIM,P_bal,temperature,auroc,0.9923421910946788,0.9773288596467482,0.9999124149192208,57,3307,macro candidate mean,fixed OOF candidate bootstrap; no refit,,logistic,HRFF,pre
N2,N2_core_001,R_SIM,P_bal,temperature,brier_two_class_sum,0.029660877449805334,0.01299606918741312,0.059820351188803696,57,3307,macro candidate mean,fixed OOF candidate bootstrap; no refit,,logistic,HRFF,pre
N2,N2_core_001,R_SIM,P_bal,mixture_diagnostic,ce_bits,0.1329928573584442,0.04188215568120073,0.3079558288299015,57,3307,macro candidate mean,fixed OOF candidate bootstrap; no refit,,logistic,HVAR,post
N2,N2_core_001,R_SIM,P_bal,mixture_diagnostic,bacc,0.983523363968677,0.9670638910534302,0.993056263282231,57,3307,macro candidate mean,fixed OOF candidate bootstrap; no refit,,logistic,HVAR,post
N2,N2_core_001,R_SIM,P_bal,mixture_diagnostic,auroc,0.9923634306342055,0.9773666406538404,0.9999173011541228,57,3307,macro candidate mean,fixed OOF candidate bootstrap; no refit,,logistic,HVAR,post
N2,N2_core_001,R_SIM,P_bal,mixture_diagnostic,brier_two_class_sum,0.029793558443114102,0.01309631435259486,0.06011031269504606,57,3307,macro candidate mean,fixed OOF candidate bootstrap; no refit,,logistic,HVAR,post
N2,N2_core_001,R_SIM,P_bal,raw,ce_bits,0.13132780832699387,0.09725390224883385,0.1946091947244526,57,3307,macro candidate mean,fixed OOF candidate bootstrap; no refit,,logistic,HVAR,post
N2,N2_core_001,R_SIM,P_bal,raw,bacc,0.983523363968677,0.9670638910534302,0.993056263282231,57,3307,macro candidate mean,fixed OOF candidate bootstrap; no refit,,logistic,HVAR,post
N2,N2_core_001,R_SIM,P_bal,raw,auroc,0.9923634306342055,0.9773666406538404,0.9999173011541228,57,3307,macro candidate mean,fixed OOF candidate bootstrap; no refit,,logistic,HVAR,post
N2,N2_core_001,R_SIM,P_bal,raw,brier_two_class_sum,0.03633105554714236,0.02247641690981269,0.061564870668957716,57,3307,macro candidate mean,fixed OOF candidate bootstrap; no refit,,logistic,HVAR,post
N2,N2_core_001,R_SIM,P_bal,temperature,ce_bits,0.1329928573584442,0.04188215568120073,0.3079558288299015,57,3307,macro candidate mean,fixed OOF candidate bootstrap; no refit,,logistic,HVAR,post
N2,N2_core_001,R_SIM,P_bal,temperature,bacc,0.983523363968677,0.9670638910534302,0.993056263282231,57,3307,macro candidate mean,fixed OOF candidate bootstrap; no refit,,logistic,HVAR,post
N2,N2_core_001,R_SIM,P_bal,temperature,auroc,0.9923634306342055,0.9773666406538404,0.9999173011541228,57,3307,macro candidate mean,fixed OOF candidate bootstrap; no refit,,logistic,HVAR,post
N2,N2_core_001,R_SIM,P_bal,temperature,brier_two_class_sum,0.029793558443114102,0.01309631435259486,0.06011031269504606,57,3307,macro candidate mean,fixed OOF candidate bootstrap; no refit,,logistic,HVAR,post
N2,N2_core_001,R_SIM,P_bal,mixture_diagnostic,ce_bits,0.13090970210922487,0.040627858943172133,0.3045164345009909,57,3307,macro candidate mean,fixed OOF candidate bootstrap; no refit,,logistic,HVAR,pre
N2,N2_core_001,R_SIM,P_bal,mixture_diagnostic,bacc,0.9826666579239624,0.965916054193232,0.9921916788620958,57,3307,macro candidate mean,fixed OOF candidate bootstrap; no refit,,logistic,HVAR,pre
N2,N2_core_001,R_SIM,P_bal,mixture_diagnostic,auroc,0.9923634306342055,0.9773666406538404,0.9999173011541228,57,3307,macro candidate mean,fixed OOF candidate bootstrap; no refit,,logistic,HVAR,pre
N2,N2_core_001,R_SIM,P_bal,mixture_diagnostic,brier_two_class_sum,0.02932121592098562,0.012731146145539707,0.0595203220499117,57,3307,macro candidate mean,fixed OOF candidate bootstrap; no refit,,logistic,HVAR,pre
N2,N2_core_001,R_SIM,P_bal,raw,ce_bits,0.13071163624285423,0.09652561812248041,0.1941015554358118,57,3307,macro candidate mean,fixed OOF candidate bootstrap; no refit,,logistic,HVAR,pre
N2,N2_core_001,R_SIM,P_bal,raw,bacc,0.9826666579239624,0.965916054193232,0.9921916788620958,57,3307,macro candidate mean,fixed OOF candidate bootstrap; no refit,,logistic,HVAR,pre
N2,N2_core_001,R_SIM,P_bal,raw,auroc,0.9923634306342055,0.9773666406538404,0.9999173011541228,57,3307,macro candidate mean,fixed OOF candidate bootstrap; no refit,,logistic,HVAR,pre
N2,N2_core_001,R_SIM,P_bal,raw,brier_two_class_sum,0.03600655428653899,0.022179614544541742,0.06139095346118207,57,3307,macro candidate mean,fixed OOF candidate bootstrap; no refit,,logistic,HVAR,pre
N2,N2_core_001,R_SIM,P_bal,temperature,ce_bits,0.13090970210922487,0.040627858943172133,0.3045164345009909,57,3307,macro candidate mean,fixed OOF candidate bootstrap; no refit,,logistic,HVAR,pre
N2,N2_core_001,R_SIM,P_bal,temperature,bacc,0.9826666579239624,0.965916054193232,0.9921916788620958,57,3307,macro candidate mean,fixed OOF candidate bootstrap; no refit,,logistic,HVAR,pre
N2,N2_core_001,R_SIM,P_bal,temperature,auroc,0.9923634306342055,0.9773666406538404,0.9999173011541228,57,3307,macro candidate mean,fixed OOF candidate bootstrap; no refit,,logistic,HVAR,pre
N2,N2_core_001,R_SIM,P_bal,temperature,brier_two_class_sum,0.02932121592098562,0.012731146145539707,0.0595203220499117,57,3307,macro candidate mean,fixed OOF candidate bootstrap; no refit,,logistic,HVAR,pre
