packet,analysis_id,representation,population_id,model,readout_family,calibration,metric,estimate,ci_lower,ci_upper,n_candidates,n_records,n_trials,n_bags,unit,aggregation,bootstrap_scope,source_run,code_hash,notes
G0,G0_within__,L0,P_bal,,,mixture_diagnostic,ce_bits,0.9952196366634584,0.991156956597764,0.9992176814468224,57.0,,15976.0,,bits/trial,macro candidate mean,fixed OOF candidate bootstrap; no refit,G0_readouts_001,c55a5c6bb34c52931e03b25a9988475bdd752e5d5e45a55785555cb68eb969cc,补充表从固定外预测计算；保留原packet与source_run，未重拟合。 补充派生来源=metrics_001
G0,G0_within__,L0,P_bal,,,mixture_diagnostic,J_bits,0.004780363336541638,0.0007823185531775634,0.008843043402235962,57.0,,15976.0,,bits/trial,macro candidate mean,fixed OOF candidate bootstrap; no refit,G0_readouts_001,c55a5c6bb34c52931e03b25a9988475bdd752e5d5e45a55785555cb68eb969cc,补充表从固定外预测计算；保留原packet与source_run，未重拟合。 补充派生来源=metrics_001 P_bal二分类先验CE=1，J及区间仅精确代数变换；无新bootstrap/fit。
G0,G0_within__,L0,P_bal,,,mixture_diagnostic,bacc,0.5383519414026579,0.5257928046248131,0.5510146976568764,57.0,,15976.0,,unitless,macro candidate mean,fixed OOF candidate bootstrap; no refit,G0_readouts_001,c55a5c6bb34c52931e03b25a9988475bdd752e5d5e45a55785555cb68eb969cc,补充表从固定外预测计算；保留原packet与source_run，未重拟合。 补充派生来源=metrics_001
G0,G0_within__,L0,P_bal,,,mixture_diagnostic,auroc,0.5516078475652906,0.5349375693552244,0.5685394224808704,57.0,,15976.0,,unitless,macro candidate mean,fixed OOF candidate bootstrap; no refit,G0_readouts_001,c55a5c6bb34c52931e03b25a9988475bdd752e5d5e45a55785555cb68eb969cc,补充表从固定外预测计算；保留原packet与source_run，未重拟合。 补充派生来源=metrics_001
G0,G0_within__,L0,P_bal,,,mixture_diagnostic,brier_two_class_sum,0.4967072112181973,0.4939435306460323,0.4994297458436948,57.0,,15976.0,,unitless,macro candidate mean,fixed OOF candidate bootstrap; no refit,G0_readouts_001,c55a5c6bb34c52931e03b25a9988475bdd752e5d5e45a55785555cb68eb969cc,补充表从固定外预测计算；保留原packet与source_run，未重拟合。 补充派生来源=metrics_001
G0,G0_within__,L0,P_bal,,,raw,ce_bits,0.9948250546548082,0.9904676318654768,0.998953705550806,57.0,,15976.0,,bits/trial,macro candidate mean,fixed OOF candidate bootstrap; no refit,G0_readouts_001,c55a5c6bb34c52931e03b25a9988475bdd752e5d5e45a55785555cb68eb969cc,补充表从固定外预测计算；保留原packet与source_run，未重拟合。 补充派生来源=metrics_001
G0,G0_within__,L0,P_bal,,,raw,J_bits,0.005174945345191806,0.0010462944491940185,0.009532368134523184,57.0,,15976.0,,bits/trial,macro candidate mean,fixed OOF candidate bootstrap; no refit,G0_readouts_001,c55a5c6bb34c52931e03b25a9988475bdd752e5d5e45a55785555cb68eb969cc,补充表从固定外预测计算；保留原packet与source_run，未重拟合。 补充派生来源=metrics_001 P_bal二分类先验CE=1，J及区间仅精确代数变换；无新bootstrap/fit。
G0,G0_within__,L0,P_bal,,,raw,bacc,0.5383519414026579,0.5257928046248131,0.5510146976568764,57.0,,15976.0,,unitless,macro candidate mean,fixed OOF candidate bootstrap; no refit,G0_readouts_001,c55a5c6bb34c52931e03b25a9988475bdd752e5d5e45a55785555cb68eb969cc,补充表从固定外预测计算；保留原packet与source_run，未重拟合。 补充派生来源=metrics_001
G0,G0_within__,L0,P_bal,,,raw,auroc,0.5516078475652906,0.5349375693552244,0.5685394224808704,57.0,,15976.0,,unitless,macro candidate mean,fixed OOF candidate bootstrap; no refit,G0_readouts_001,c55a5c6bb34c52931e03b25a9988475bdd752e5d5e45a55785555cb68eb969cc,补充表从固定外预测计算；保留原packet与source_run，未重拟合。 补充派生来源=metrics_001
G0,G0_within__,L0,P_bal,,,raw,brier_two_class_sum,0.4964552470798611,0.4934756909301535,0.4992662689388253,57.0,,15976.0,,unitless,macro candidate mean,fixed OOF candidate bootstrap; no refit,G0_readouts_001,c55a5c6bb34c52931e03b25a9988475bdd752e5d5e45a55785555cb68eb969cc,补充表从固定外预测计算；保留原packet与source_run，未重拟合。 补充派生来源=metrics_001
G0,G0_within__,L0,P_bal,,,temperature,ce_bits,0.9952196366634584,0.991156956597764,0.9992176814468224,57.0,,15976.0,,bits/trial,macro candidate mean,fixed OOF candidate bootstrap; no refit,G0_readouts_001,c55a5c6bb34c52931e03b25a9988475bdd752e5d5e45a55785555cb68eb969cc,补充表从固定外预测计算；保留原packet与source_run，未重拟合。 补充派生来源=metrics_001
G0,G0_within__,L0,P_bal,,,temperature,J_bits,0.004780363336541638,0.0007823185531775634,0.008843043402235962,57.0,,15976.0,,bits/trial,macro candidate mean,fixed OOF candidate bootstrap; no refit,G0_readouts_001,c55a5c6bb34c52931e03b25a9988475bdd752e5d5e45a55785555cb68eb969cc,补充表从固定外预测计算；保留原packet与source_run，未重拟合。 补充派生来源=metrics_001 P_bal二分类先验CE=1，J及区间仅精确代数变换；无新bootstrap/fit。
G0,G0_within__,L0,P_bal,,,temperature,bacc,0.5383519414026579,0.5257928046248131,0.5510146976568764,57.0,,15976.0,,unitless,macro candidate mean,fixed OOF candidate bootstrap; no refit,G0_readouts_001,c55a5c6bb34c52931e03b25a9988475bdd752e5d5e45a55785555cb68eb969cc,补充表从固定外预测计算；保留原packet与source_run，未重拟合。 补充派生来源=metrics_001
G0,G0_within__,L0,P_bal,,,temperature,auroc,0.5516078475652906,0.5349375693552244,0.5685394224808704,57.0,,15976.0,,unitless,macro candidate mean,fixed OOF candidate bootstrap; no refit,G0_readouts_001,c55a5c6bb34c52931e03b25a9988475bdd752e5d5e45a55785555cb68eb969cc,补充表从固定外预测计算；保留原packet与source_run，未重拟合。 补充派生来源=metrics_001
G0,G0_within__,L0,P_bal,,,temperature,brier_two_class_sum,0.4967072112181973,0.4939435306460323,0.4994297458436948,57.0,,15976.0,,unitless,macro candidate mean,fixed OOF candidate bootstrap; no refit,G0_readouts_001,c55a5c6bb34c52931e03b25a9988475bdd752e5d5e45a55785555cb68eb969cc,补充表从固定外预测计算；保留原packet与source_run，未重拟合。 补充派生来源=metrics_001
G0,G0_within__,R_RAND,P_bal,,,mixture_diagnostic,ce_bits,0.9933677832436922,0.9898260262647436,0.9968361779478526,57.0,,15976.0,,bits/trial,macro candidate mean,fixed OOF candidate bootstrap; no refit,G0_readouts_001,c55a5c6bb34c52931e03b25a9988475bdd752e5d5e45a55785555cb68eb969cc,补充表从固定外预测计算；保留原packet与source_run，未重拟合。 补充派生来源=metrics_001
G0,G0_within__,R_RAND,P_bal,,,mixture_diagnostic,J_bits,0.006632216756307763,0.0031638220521473803,0.010173973735256414,57.0,,15976.0,,bits/trial,macro candidate mean,fixed OOF candidate bootstrap; no refit,G0_readouts_001,c55a5c6bb34c52931e03b25a9988475bdd752e5d5e45a55785555cb68eb969cc,补充表从固定外预测计算；保留原packet与source_run，未重拟合。 补充派生来源=metrics_001 P_bal二分类先验CE=1，J及区间仅精确代数变换；无新bootstrap/fit。
G0,G0_within__,R_RAND,P_bal,,,mixture_diagnostic,bacc,0.531802085690703,0.5222344531743864,0.541622551875583,57.0,,15976.0,,unitless,macro candidate mean,fixed OOF candidate bootstrap; no refit,G0_readouts_001,c55a5c6bb34c52931e03b25a9988475bdd752e5d5e45a55785555cb68eb969cc,补充表从固定外预测计算；保留原packet与source_run，未重拟合。 补充派生来源=metrics_001
G0,G0_within__,R_RAND,P_bal,,,mixture_diagnostic,auroc,0.5516799401224266,0.5391341804091232,0.5646105271699523,57.0,,15976.0,,unitless,macro candidate mean,fixed OOF candidate bootstrap; no refit,G0_readouts_001,c55a5c6bb34c52931e03b25a9988475bdd752e5d5e45a55785555cb68eb969cc,补充表从固定外预测计算；保留原packet与source_run，未重拟合。 补充派生来源=metrics_001
G0,G0_within__,R_RAND,P_bal,,,mixture_diagnostic,brier_two_class_sum,0.4954441495371837,0.4930106279634844,0.4978038276541376,57.0,,15976.0,,unitless,macro candidate mean,fixed OOF candidate bootstrap; no refit,G0_readouts_001,c55a5c6bb34c52931e03b25a9988475bdd752e5d5e45a55785555cb68eb969cc,补充表从固定外预测计算；保留原packet与source_run，未重拟合。 补充派生来源=metrics_001
G0,G0_within__,R_RAND,P_bal,,,raw,ce_bits,0.9937373597829592,0.9895141359262438,0.99782478209978,57.0,,15976.0,,bits/trial,macro candidate mean,fixed OOF candidate bootstrap; no refit,G0_readouts_001,c55a5c6bb34c52931e03b25a9988475bdd752e5d5e45a55785555cb68eb969cc,补充表从固定外预测计算；保留原packet与source_run，未重拟合。 补充派生来源=metrics_001
G0,G0_within__,R_RAND,P_bal,,,raw,J_bits,0.006262640217040816,0.0021752179002200167,0.01048586407375618,57.0,,15976.0,,bits/trial,macro candidate mean,fixed OOF candidate bootstrap; no refit,G0_readouts_001,c55a5c6bb34c52931e03b25a9988475bdd752e5d5e45a55785555cb68eb969cc,补充表从固定外预测计算；保留原packet与source_run，未重拟合。 补充派生来源=metrics_001 P_bal二分类先验CE=1，J及区间仅精确代数变换；无新bootstrap/fit。
G0,G0_within__,R_RAND,P_bal,,,raw,bacc,0.531802085690703,0.5222344531743864,0.541622551875583,57.0,,15976.0,,unitless,macro candidate mean,fixed OOF candidate bootstrap; no refit,G0_readouts_001,c55a5c6bb34c52931e03b25a9988475bdd752e5d5e45a55785555cb68eb969cc,补充表从固定外预测计算；保留原packet与source_run，未重拟合。 补充派生来源=metrics_001
G0,G0_within__,R_RAND,P_bal,,,raw,auroc,0.5516799401224266,0.5391341804091232,0.5646105271699523,57.0,,15976.0,,unitless,macro candidate mean,fixed OOF candidate bootstrap; no refit,G0_readouts_001,c55a5c6bb34c52931e03b25a9988475bdd752e5d5e45a55785555cb68eb969cc,补充表从固定外预测计算；保留原packet与source_run，未重拟合。 补充派生来源=metrics_001
G0,G0_within__,R_RAND,P_bal,,,raw,brier_two_class_sum,0.495706211452835,0.4928375837681972,0.4984538104396875,57.0,,15976.0,,unitless,macro candidate mean,fixed OOF candidate bootstrap; no refit,G0_readouts_001,c55a5c6bb34c52931e03b25a9988475bdd752e5d5e45a55785555cb68eb969cc,补充表从固定外预测计算；保留原packet与source_run，未重拟合。 补充派生来源=metrics_001
G0,G0_within__,R_RAND,P_bal,,,temperature,ce_bits,0.9933677832436922,0.9898260262647436,0.9968361779478526,57.0,,15976.0,,bits/trial,macro candidate mean,fixed OOF candidate bootstrap; no refit,G0_readouts_001,c55a5c6bb34c52931e03b25a9988475bdd752e5d5e45a55785555cb68eb969cc,补充表从固定外预测计算；保留原packet与source_run，未重拟合。 补充派生来源=metrics_001
G0,G0_within__,R_RAND,P_bal,,,temperature,J_bits,0.006632216756307763,0.0031638220521473803,0.010173973735256414,57.0,,15976.0,,bits/trial,macro candidate mean,fixed OOF candidate bootstrap; no refit,G0_readouts_001,c55a5c6bb34c52931e03b25a9988475bdd752e5d5e45a55785555cb68eb969cc,补充表从固定外预测计算；保留原packet与source_run，未重拟合。 补充派生来源=metrics_001 P_bal二分类先验CE=1，J及区间仅精确代数变换；无新bootstrap/fit。
G0,G0_within__,R_RAND,P_bal,,,temperature,bacc,0.531802085690703,0.5222344531743864,0.541622551875583,57.0,,15976.0,,unitless,macro candidate mean,fixed OOF candidate bootstrap; no refit,G0_readouts_001,c55a5c6bb34c52931e03b25a9988475bdd752e5d5e45a55785555cb68eb969cc,补充表从固定外预测计算；保留原packet与source_run，未重拟合。 补充派生来源=metrics_001
G0,G0_within__,R_RAND,P_bal,,,temperature,auroc,0.5516799401224266,0.5391341804091232,0.5646105271699523,57.0,,15976.0,,unitless,macro candidate mean,fixed OOF candidate bootstrap; no refit,G0_readouts_001,c55a5c6bb34c52931e03b25a9988475bdd752e5d5e45a55785555cb68eb969cc,补充表从固定外预测计算；保留原packet与source_run，未重拟合。 补充派生来源=metrics_001
G0,G0_within__,R_RAND,P_bal,,,temperature,brier_two_class_sum,0.4954441495371837,0.4930106279634844,0.4978038276541376,57.0,,15976.0,,unitless,macro candidate mean,fixed OOF candidate bootstrap; no refit,G0_readouts_001,c55a5c6bb34c52931e03b25a9988475bdd752e5d5e45a55785555cb68eb969cc,补充表从固定外预测计算；保留原packet与source_run，未重拟合。 补充派生来源=metrics_001
G0,G0_within__,R_SIM,P_bal,,,mixture_diagnostic,ce_bits,0.9993870654747872,0.9967908395200556,1.0018097747877672,57.0,,15976.0,,bits/trial,macro candidate mean,fixed OOF candidate bootstrap; no refit,G0_readouts_001,c55a5c6bb34c52931e03b25a9988475bdd752e5d5e45a55785555cb68eb969cc,补充表从固定外预测计算；保留原packet与source_run，未重拟合。 补充派生来源=metrics_001
G0,G0_within__,R_SIM,P_bal,,,mixture_diagnostic,J_bits,0.0006129345252128271,-0.0018097747877672266,0.0032091604799443507,57.0,,15976.0,,bits/trial,macro candidate mean,fixed OOF candidate bootstrap; no refit,G0_readouts_001,c55a5c6bb34c52931e03b25a9988475bdd752e5d5e45a55785555cb68eb969cc,补充表从固定外预测计算；保留原packet与source_run，未重拟合。 补充派生来源=metrics_001 P_bal二分类先验CE=1，J及区间仅精确代数变换；无新bootstrap/fit。
G0,G0_within__,R_SIM,P_bal,,,mixture_diagnostic,bacc,0.510448774125655,0.4991450269764961,0.5215792328538947,57.0,,15976.0,,unitless,macro candidate mean,fixed OOF candidate bootstrap; no refit,G0_readouts_001,c55a5c6bb34c52931e03b25a9988475bdd752e5d5e45a55785555cb68eb969cc,补充表从固定外预测计算；保留原packet与source_run，未重拟合。 补充派生来源=metrics_001
G0,G0_within__,R_SIM,P_bal,,,mixture_diagnostic,auroc,0.5182067688481306,0.5035086553259999,0.5333125352728159,57.0,,15976.0,,unitless,macro candidate mean,fixed OOF candidate bootstrap; no refit,G0_readouts_001,c55a5c6bb34c52931e03b25a9988475bdd752e5d5e45a55785555cb68eb969cc,补充表从固定外预测计算；保留原packet与source_run，未重拟合。 补充派生来源=metrics_001
G0,G0_within__,R_SIM,P_bal,,,mixture_diagnostic,brier_two_class_sum,0.4995734540769068,0.4977844806656761,0.5012458579499038,57.0,,15976.0,,unitless,macro candidate mean,fixed OOF candidate bootstrap; no refit,G0_readouts_001,c55a5c6bb34c52931e03b25a9988475bdd752e5d5e45a55785555cb68eb969cc,补充表从固定外预测计算；保留原packet与source_run，未重拟合。 补充派生来源=metrics_001
G0,G0_within__,R_SIM,P_bal,,,raw,ce_bits,1.000082878952674,0.9961621215866998,1.0036150529759944,57.0,,15976.0,,bits/trial,macro candidate mean,fixed OOF candidate bootstrap; no refit,G0_readouts_001,c55a5c6bb34c52931e03b25a9988475bdd752e5d5e45a55785555cb68eb969cc,补充表从固定外预测计算；保留原packet与source_run，未重拟合。 补充派生来源=metrics_001
G0,G0_within__,R_SIM,P_bal,,,raw,J_bits,-8.287895267389267e-05,-0.003615052975994404,0.0038378784133001886,57.0,,15976.0,,bits/trial,macro candidate mean,fixed OOF candidate bootstrap; no refit,G0_readouts_001,c55a5c6bb34c52931e03b25a9988475bdd752e5d5e45a55785555cb68eb969cc,补充表从固定外预测计算；保留原packet与source_run，未重拟合。 补充派生来源=metrics_001 P_bal二分类先验CE=1，J及区间仅精确代数变换；无新bootstrap/fit。
G0,G0_within__,R_SIM,P_bal,,,raw,bacc,0.5157157888620847,0.5033695017519826,0.5284275857349129,57.0,,15976.0,,unitless,macro candidate mean,fixed OOF candidate bootstrap; no refit,G0_readouts_001,c55a5c6bb34c52931e03b25a9988475bdd752e5d5e45a55785555cb68eb969cc,补充表从固定外预测计算；保留原packet与source_run，未重拟合。 补充派生来源=metrics_001
G0,G0_within__,R_SIM,P_bal,,,raw,auroc,0.5259808305581303,0.5106239277227304,0.5426065397433746,57.0,,15976.0,,unitless,macro candidate mean,fixed OOF candidate bootstrap; no refit,G0_readouts_001,c55a5c6bb34c52931e03b25a9988475bdd752e5d5e45a55785555cb68eb969cc,补充表从固定外预测计算；保留原packet与source_run，未重拟合。 补充派生来源=metrics_001
G0,G0_within__,R_SIM,P_bal,,,raw,brier_two_class_sum,0.5000531017315814,0.4973817127188572,0.5024518715603882,57.0,,15976.0,,unitless,macro candidate mean,fixed OOF candidate bootstrap; no refit,G0_readouts_001,c55a5c6bb34c52931e03b25a9988475bdd752e5d5e45a55785555cb68eb969cc,补充表从固定外预测计算；保留原packet与source_run，未重拟合。 补充派生来源=metrics_001
G0,G0_within__,R_SIM,P_bal,,,temperature,ce_bits,0.999384107153054,0.996789749257077,1.001806886015285,57.0,,15976.0,,bits/trial,macro candidate mean,fixed OOF candidate bootstrap; no refit,G0_readouts_001,c55a5c6bb34c52931e03b25a9988475bdd752e5d5e45a55785555cb68eb969cc,补充表从固定外预测计算；保留原packet与source_run，未重拟合。 补充派生来源=metrics_001
G0,G0_within__,R_SIM,P_bal,,,temperature,J_bits,0.0006158928469459646,-0.001806886015284892,0.0032102507429230265,57.0,,15976.0,,bits/trial,macro candidate mean,fixed OOF candidate bootstrap; no refit,G0_readouts_001,c55a5c6bb34c52931e03b25a9988475bdd752e5d5e45a55785555cb68eb969cc,补充表从固定外预测计算；保留原packet与source_run，未重拟合。 补充派生来源=metrics_001 P_bal二分类先验CE=1，J及区间仅精确代数变换；无新bootstrap/fit。
G0,G0_within__,R_SIM,P_bal,,,temperature,bacc,0.5157157888620847,0.5033695017519826,0.5284275857349129,57.0,,15976.0,,unitless,macro candidate mean,fixed OOF candidate bootstrap; no refit,G0_readouts_001,c55a5c6bb34c52931e03b25a9988475bdd752e5d5e45a55785555cb68eb969cc,补充表从固定外预测计算；保留原packet与source_run，未重拟合。 补充派生来源=metrics_001
G0,G0_within__,R_SIM,P_bal,,,temperature,auroc,0.5259808305581303,0.5106239277227304,0.5426065397433746,57.0,,15976.0,,unitless,macro candidate mean,fixed OOF candidate bootstrap; no refit,G0_readouts_001,c55a5c6bb34c52931e03b25a9988475bdd752e5d5e45a55785555cb68eb969cc,补充表从固定外预测计算；保留原packet与source_run，未重拟合。 补充派生来源=metrics_001
G0,G0_within__,R_SIM,P_bal,,,temperature,brier_two_class_sum,0.4995714035245981,0.4977836931275005,0.5012452343725967,57.0,,15976.0,,unitless,macro candidate mean,fixed OOF candidate bootstrap; no refit,G0_readouts_001,c55a5c6bb34c52931e03b25a9988475bdd752e5d5e45a55785555cb68eb969cc,补充表从固定外预测计算；保留原packet与source_run，未重拟合。 补充派生来源=metrics_001
G0,G0_within__,R_SUP,P_bal,,,mixture_diagnostic,ce_bits,0.996238453595228,0.9908963918401058,1.0013131767810552,57.0,,15976.0,,bits/trial,macro candidate mean,fixed OOF candidate bootstrap; no refit,G0_readouts_001,c55a5c6bb34c52931e03b25a9988475bdd752e5d5e45a55785555cb68eb969cc,补充表从固定外预测计算；保留原packet与source_run，未重拟合。 补充派生来源=metrics_001
G0,G0_within__,R_SUP,P_bal,,,mixture_diagnostic,J_bits,0.003761546404771998,-0.0013131767810552475,0.009103608159894194,57.0,,15976.0,,bits/trial,macro candidate mean,fixed OOF candidate bootstrap; no refit,G0_readouts_001,c55a5c6bb34c52931e03b25a9988475bdd752e5d5e45a55785555cb68eb969cc,补充表从固定外预测计算；保留原packet与source_run，未重拟合。 补充派生来源=metrics_001 P_bal二分类先验CE=1，J及区间仅精确代数变换；无新bootstrap/fit。
G0,G0_within__,R_SUP,P_bal,,,mixture_diagnostic,bacc,0.5262440246899021,0.5113489321123936,0.5414317168982237,57.0,,15976.0,,unitless,macro candidate mean,fixed OOF candidate bootstrap; no refit,G0_readouts_001,c55a5c6bb34c52931e03b25a9988475bdd752e5d5e45a55785555cb68eb969cc,补充表从固定外预测计算；保留原packet与source_run，未重拟合。 补充派生来源=metrics_001
G0,G0_within__,R_SUP,P_bal,,,mixture_diagnostic,auroc,0.5388965827568216,0.5208154047647451,0.5560888035243678,57.0,,15976.0,,unitless,macro candidate mean,fixed OOF candidate bootstrap; no refit,G0_readouts_001,c55a5c6bb34c52931e03b25a9988475bdd752e5d5e45a55785555cb68eb969cc,补充表从固定外预测计算；保留原packet与source_run，未重拟合。 补充派生来源=metrics_001
G0,G0_within__,R_SUP,P_bal,,,mixture_diagnostic,brier_two_class_sum,0.4974143516968285,0.4937711853422952,0.5008889459167443,57.0,,15976.0,,unitless,macro candidate mean,fixed OOF candidate bootstrap; no refit,G0_readouts_001,c55a5c6bb34c52931e03b25a9988475bdd752e5d5e45a55785555cb68eb969cc,补充表从固定外预测计算；保留原packet与source_run，未重拟合。 补充派生来源=metrics_001
G0,G0_within__,R_SUP,P_bal,,,raw,ce_bits,0.9979643519233168,0.9918951199268972,1.0038094048512634,57.0,,15976.0,,bits/trial,macro candidate mean,fixed OOF candidate bootstrap; no refit,G0_readouts_001,c55a5c6bb34c52931e03b25a9988475bdd752e5d5e45a55785555cb68eb969cc,补充表从固定外预测计算；保留原packet与source_run，未重拟合。 补充派生来源=metrics_001
G0,G0_within__,R_SUP,P_bal,,,raw,J_bits,0.0020356480766832163,-0.003809404851263354,0.008104880073102838,57.0,,15976.0,,bits/trial,macro candidate mean,fixed OOF candidate bootstrap; no refit,G0_readouts_001,c55a5c6bb34c52931e03b25a9988475bdd752e5d5e45a55785555cb68eb969cc,补充表从固定外预测计算；保留原packet与source_run，未重拟合。 补充派生来源=metrics_001 P_bal二分类先验CE=1，J及区间仅精确代数变换；无新bootstrap/fit。
G0,G0_within__,R_SUP,P_bal,,,raw,bacc,0.5262440246899021,0.5113489321123936,0.5414317168982237,57.0,,15976.0,,unitless,macro candidate mean,fixed OOF candidate bootstrap; no refit,G0_readouts_001,c55a5c6bb34c52931e03b25a9988475bdd752e5d5e45a55785555cb68eb969cc,补充表从固定外预测计算；保留原packet与source_run，未重拟合。 补充派生来源=metrics_001
G0,G0_within__,R_SUP,P_bal,,,raw,auroc,0.5388965827568216,0.5208154047647451,0.5560888035243678,57.0,,15976.0,,unitless,macro candidate mean,fixed OOF candidate bootstrap; no refit,G0_readouts_001,c55a5c6bb34c52931e03b25a9988475bdd752e5d5e45a55785555cb68eb969cc,补充表从固定外预测计算；保留原packet与source_run，未重拟合。 补充派生来源=metrics_001
G0,G0_within__,R_SUP,P_bal,,,raw,brier_two_class_sum,0.4985845563644411,0.4944815355277989,0.5025751538160382,57.0,,15976.0,,unitless,macro candidate mean,fixed OOF candidate bootstrap; no refit,G0_readouts_001,c55a5c6bb34c52931e03b25a9988475bdd752e5d5e45a55785555cb68eb969cc,补充表从固定外预测计算；保留原packet与source_run，未重拟合。 补充派生来源=metrics_001
G0,G0_within__,R_SUP,P_bal,,,temperature,ce_bits,0.996238453595228,0.9908963918401058,1.0013131767810552,57.0,,15976.0,,bits/trial,macro candidate mean,fixed OOF candidate bootstrap; no refit,G0_readouts_001,c55a5c6bb34c52931e03b25a9988475bdd752e5d5e45a55785555cb68eb969cc,补充表从固定外预测计算；保留原packet与source_run，未重拟合。 补充派生来源=metrics_001
G0,G0_within__,R_SUP,P_bal,,,temperature,J_bits,0.003761546404771998,-0.0013131767810552475,0.009103608159894194,57.0,,15976.0,,bits/trial,macro candidate mean,fixed OOF candidate bootstrap; no refit,G0_readouts_001,c55a5c6bb34c52931e03b25a9988475bdd752e5d5e45a55785555cb68eb969cc,补充表从固定外预测计算；保留原packet与source_run，未重拟合。 补充派生来源=metrics_001 P_bal二分类先验CE=1，J及区间仅精确代数变换；无新bootstrap/fit。
G0,G0_within__,R_SUP,P_bal,,,temperature,bacc,0.5262440246899021,0.5113489321123936,0.5414317168982237,57.0,,15976.0,,unitless,macro candidate mean,fixed OOF candidate bootstrap; no refit,G0_readouts_001,c55a5c6bb34c52931e03b25a9988475bdd752e5d5e45a55785555cb68eb969cc,补充表从固定外预测计算；保留原packet与source_run，未重拟合。 补充派生来源=metrics_001
G0,G0_within__,R_SUP,P_bal,,,temperature,auroc,0.5388965827568216,0.5208154047647451,0.5560888035243678,57.0,,15976.0,,unitless,macro candidate mean,fixed OOF candidate bootstrap; no refit,G0_readouts_001,c55a5c6bb34c52931e03b25a9988475bdd752e5d5e45a55785555cb68eb969cc,补充表从固定外预测计算；保留原packet与source_run，未重拟合。 补充派生来源=metrics_001
G0,G0_within__,R_SUP,P_bal,,,temperature,brier_two_class_sum,0.4974143516968285,0.4937711853422952,0.5008889459167443,57.0,,15976.0,,unitless,macro candidate mean,fixed OOF candidate bootstrap; no refit,G0_readouts_001,c55a5c6bb34c52931e03b25a9988475bdd752e5d5e45a55785555cb68eb969cc,补充表从固定外预测计算；保留原packet与source_run，未重拟合。 补充派生来源=metrics_001
G0,G0_bridge__causal,,P_bal,,,mixture_diagnostic,ce_bits,0.997761941777124,0.99598746785709,0.999479295126224,59.0,,38409.0,,bits/trial,macro candidate mean,fixed OOF candidate bootstrap; no refit,G0_readouts_001,c55a5c6bb34c52931e03b25a9988475bdd752e5d5e45a55785555cb68eb969cc,补充表从固定外预测计算；保留原packet与source_run，未重拟合。 补充派生来源=metrics_001
G0,G0_bridge__causal,,P_bal,,,mixture_diagnostic,J_bits,0.002238058222876038,0.000520704873775979,0.004012532142909975,59.0,,38409.0,,bits/trial,macro candidate mean,fixed OOF candidate bootstrap; no refit,G0_readouts_001,c55a5c6bb34c52931e03b25a9988475bdd752e5d5e45a55785555cb68eb969cc,补充表从固定外预测计算；保留原packet与source_run，未重拟合。 补充派生来源=metrics_001 P_bal二分类先验CE=1，J及区间仅精确代数变换；无新bootstrap/fit。
G0,G0_bridge__causal,,P_bal,,,mixture_diagnostic,bacc,0.5279141276085417,0.5187634635012316,0.5370964688933926,59.0,,38409.0,,unitless,macro candidate mean,fixed OOF candidate bootstrap; no refit,G0_readouts_001,c55a5c6bb34c52931e03b25a9988475bdd752e5d5e45a55785555cb68eb969cc,补充表从固定外预测计算；保留原packet与source_run，未重拟合。 补充派生来源=metrics_001
G0,G0_bridge__causal,,P_bal,,,mixture_diagnostic,auroc,0.5376121222404483,0.5245200181903087,0.5509534710880938,59.0,,38409.0,,unitless,macro candidate mean,fixed OOF candidate bootstrap; no refit,G0_readouts_001,c55a5c6bb34c52931e03b25a9988475bdd752e5d5e45a55785555cb68eb969cc,补充表从固定外预测计算；保留原packet与source_run，未重拟合。 补充派生来源=metrics_001
G0,G0_bridge__causal,,P_bal,,,mixture_diagnostic,brier_two_class_sum,0.4984442800124504,0.4972184747995673,0.499624066838863,59.0,,38409.0,,unitless,macro candidate mean,fixed OOF candidate bootstrap; no refit,G0_readouts_001,c55a5c6bb34c52931e03b25a9988475bdd752e5d5e45a55785555cb68eb969cc,补充表从固定外预测计算；保留原packet与source_run，未重拟合。 补充派生来源=metrics_001
G0,G0_bridge__causal,,P_bal,,,raw,ce_bits,0.9978213678165444,0.9963712129289009,0.9992031525577276,59.0,,38409.0,,bits/trial,macro candidate mean,fixed OOF candidate bootstrap; no refit,G0_readouts_001,c55a5c6bb34c52931e03b25a9988475bdd752e5d5e45a55785555cb68eb969cc,补充表从固定外预测计算；保留原packet与source_run，未重拟合。 补充派生来源=metrics_001
G0,G0_bridge__causal,,P_bal,,,raw,J_bits,0.0021786321834555977,0.0007968474422723748,0.0036287870710991488,59.0,,38409.0,,bits/trial,macro candidate mean,fixed OOF candidate bootstrap; no refit,G0_readouts_001,c55a5c6bb34c52931e03b25a9988475bdd752e5d5e45a55785555cb68eb969cc,补充表从固定外预测计算；保留原packet与source_run，未重拟合。 补充派生来源=metrics_001 P_bal二分类先验CE=1，J及区间仅精确代数变换；无新bootstrap/fit。
G0,G0_bridge__causal,,P_bal,,,raw,bacc,0.5279141276085417,0.5187634635012316,0.5370964688933926,59.0,,38409.0,,unitless,macro candidate mean,fixed OOF candidate bootstrap; no refit,G0_readouts_001,c55a5c6bb34c52931e03b25a9988475bdd752e5d5e45a55785555cb68eb969cc,补充表从固定外预测计算；保留原packet与source_run，未重拟合。 补充派生来源=metrics_001
G0,G0_bridge__causal,,P_bal,,,raw,auroc,0.5376121222404483,0.5245200181903087,0.5509534710880938,59.0,,38409.0,,unitless,macro candidate mean,fixed OOF candidate bootstrap; no refit,G0_readouts_001,c55a5c6bb34c52931e03b25a9988475bdd752e5d5e45a55785555cb68eb969cc,补充表从固定外预测计算；保留原packet与source_run，未重拟合。 补充派生来源=metrics_001
G0,G0_bridge__causal,,P_bal,,,raw,brier_two_class_sum,0.4984885078224722,0.4974868775243348,0.4994435481699674,59.0,,38409.0,,unitless,macro candidate mean,fixed OOF candidate bootstrap; no refit,G0_readouts_001,c55a5c6bb34c52931e03b25a9988475bdd752e5d5e45a55785555cb68eb969cc,补充表从固定外预测计算；保留原packet与source_run，未重拟合。 补充派生来源=metrics_001
G0,G0_bridge__causal,,P_bal,,,temperature,ce_bits,0.997761941777124,0.99598746785709,0.999479295126224,59.0,,38409.0,,bits/trial,macro candidate mean,fixed OOF candidate bootstrap; no refit,G0_readouts_001,c55a5c6bb34c52931e03b25a9988475bdd752e5d5e45a55785555cb68eb969cc,补充表从固定外预测计算；保留原packet与source_run，未重拟合。 补充派生来源=metrics_001
G0,G0_bridge__causal,,P_bal,,,temperature,J_bits,0.002238058222876038,0.000520704873775979,0.004012532142909975,59.0,,38409.0,,bits/trial,macro candidate mean,fixed OOF candidate bootstrap; no refit,G0_readouts_001,c55a5c6bb34c52931e03b25a9988475bdd752e5d5e45a55785555cb68eb969cc,补充表从固定外预测计算；保留原packet与source_run，未重拟合。 补充派生来源=metrics_001 P_bal二分类先验CE=1，J及区间仅精确代数变换；无新bootstrap/fit。
G0,G0_bridge__causal,,P_bal,,,temperature,bacc,0.5279141276085417,0.5187634635012316,0.5370964688933926,59.0,,38409.0,,unitless,macro candidate mean,fixed OOF candidate bootstrap; no refit,G0_readouts_001,c55a5c6bb34c52931e03b25a9988475bdd752e5d5e45a55785555cb68eb969cc,补充表从固定外预测计算；保留原packet与source_run，未重拟合。 补充派生来源=metrics_001
G0,G0_bridge__causal,,P_bal,,,temperature,auroc,0.5376121222404483,0.5245200181903087,0.5509534710880938,59.0,,38409.0,,unitless,macro candidate mean,fixed OOF candidate bootstrap; no refit,G0_readouts_001,c55a5c6bb34c52931e03b25a9988475bdd752e5d5e45a55785555cb68eb969cc,补充表从固定外预测计算；保留原packet与source_run，未重拟合。 补充派生来源=metrics_001
G0,G0_bridge__causal,,P_bal,,,temperature,brier_two_class_sum,0.4984442800124504,0.4972184747995673,0.499624066838863,59.0,,38409.0,,unitless,macro candidate mean,fixed OOF candidate bootstrap; no refit,G0_readouts_001,c55a5c6bb34c52931e03b25a9988475bdd752e5d5e45a55785555cb68eb969cc,补充表从固定外预测计算；保留原packet与source_run，未重拟合。 补充派生来源=metrics_001
G0,G0_bridge__offline,,P_bal,,,mixture_diagnostic,ce_bits,0.9983666986831662,0.9972024801717836,0.9995688571149984,59.0,,38409.0,,bits/trial,macro candidate mean,fixed OOF candidate bootstrap; no refit,G0_readouts_001,c55a5c6bb34c52931e03b25a9988475bdd752e5d5e45a55785555cb68eb969cc,补充表从固定外预测计算；保留原packet与source_run，未重拟合。 补充派生来源=metrics_001
G0,G0_bridge__offline,,P_bal,,,mixture_diagnostic,J_bits,0.0016333013168338129,0.0004311428850015675,0.0027975198282164104,59.0,,38409.0,,bits/trial,macro candidate mean,fixed OOF candidate bootstrap; no refit,G0_readouts_001,c55a5c6bb34c52931e03b25a9988475bdd752e5d5e45a55785555cb68eb969cc,补充表从固定外预测计算；保留原packet与source_run，未重拟合。 补充派生来源=metrics_001 P_bal二分类先验CE=1，J及区间仅精确代数变换；无新bootstrap/fit。
G0,G0_bridge__offline,,P_bal,,,mixture_diagnostic,bacc,0.5249109771536226,0.5162958223147801,0.5340112323639854,59.0,,38409.0,,unitless,macro candidate mean,fixed OOF candidate bootstrap; no refit,G0_readouts_001,c55a5c6bb34c52931e03b25a9988475bdd752e5d5e45a55785555cb68eb969cc,补充表从固定外预测计算；保留原packet与source_run，未重拟合。 补充派生来源=metrics_001
G0,G0_bridge__offline,,P_bal,,,mixture_diagnostic,auroc,0.5358751988729794,0.5249034734357175,0.5468004434562449,59.0,,38409.0,,unitless,macro candidate mean,fixed OOF candidate bootstrap; no refit,G0_readouts_001,c55a5c6bb34c52931e03b25a9988475bdd752e5d5e45a55785555cb68eb969cc,补充表从固定外预测计算；保留原packet与source_run，未重拟合。 补充派生来源=metrics_001
G0,G0_bridge__offline,,P_bal,,,mixture_diagnostic,brier_two_class_sum,0.4988663292426996,0.4980619401779568,0.4996976908183606,59.0,,38409.0,,unitless,macro candidate mean,fixed OOF candidate bootstrap; no refit,G0_readouts_001,c55a5c6bb34c52931e03b25a9988475bdd752e5d5e45a55785555cb68eb969cc,补充表从固定外预测计算；保留原packet与source_run，未重拟合。 补充派生来源=metrics_001
G0,G0_bridge__offline,,P_bal,,,raw,ce_bits,0.9987959652131706,0.9971567979100748,1.000557218029461,59.0,,38409.0,,bits/trial,macro candidate mean,fixed OOF candidate bootstrap; no refit,G0_readouts_001,c55a5c6bb34c52931e03b25a9988475bdd752e5d5e45a55785555cb68eb969cc,补充表从固定外预测计算；保留原packet与source_run，未重拟合。 补充派生来源=metrics_001
G0,G0_bridge__offline,,P_bal,,,raw,J_bits,0.0012040347868294,-0.0005572180294610707,0.0028432020899251675,59.0,,38409.0,,bits/trial,macro candidate mean,fixed OOF candidate bootstrap; no refit,G0_readouts_001,c55a5c6bb34c52931e03b25a9988475bdd752e5d5e45a55785555cb68eb969cc,补充表从固定外预测计算；保留原packet与source_run，未重拟合。 补充派生来源=metrics_001 P_bal二分类先验CE=1，J及区间仅精确代数变换；无新bootstrap/fit。
G0,G0_bridge__offline,,P_bal,,,raw,bacc,0.5249109771536226,0.5162958223147801,0.5340112323639854,59.0,,38409.0,,unitless,macro candidate mean,fixed OOF candidate bootstrap; no refit,G0_readouts_001,c55a5c6bb34c52931e03b25a9988475bdd752e5d5e45a55785555cb68eb969cc,补充表从固定外预测计算；保留原packet与source_run，未重拟合。 补充派生来源=metrics_001
G0,G0_bridge__offline,,P_bal,,,raw,auroc,0.5358751988729794,0.5249034734357175,0.5468004434562449,59.0,,38409.0,,unitless,macro candidate mean,fixed OOF candidate bootstrap; no refit,G0_readouts_001,c55a5c6bb34c52931e03b25a9988475bdd752e5d5e45a55785555cb68eb969cc,补充表从固定外预测计算；保留原packet与source_run，未重拟合。 补充派生来源=metrics_001
G0,G0_bridge__offline,,P_bal,,,raw,brier_two_class_sum,0.499153287120367,0.4980326173175156,0.5003602667413641,59.0,,38409.0,,unitless,macro candidate mean,fixed OOF candidate bootstrap; no refit,G0_readouts_001,c55a5c6bb34c52931e03b25a9988475bdd752e5d5e45a55785555cb68eb969cc,补充表从固定外预测计算；保留原packet与source_run，未重拟合。 补充派生来源=metrics_001
G0,G0_bridge__offline,,P_bal,,,temperature,ce_bits,0.9983666986831662,0.9972024801717836,0.9995688571149984,59.0,,38409.0,,bits/trial,macro candidate mean,fixed OOF candidate bootstrap; no refit,G0_readouts_001,c55a5c6bb34c52931e03b25a9988475bdd752e5d5e45a55785555cb68eb969cc,补充表从固定外预测计算；保留原packet与source_run，未重拟合。 补充派生来源=metrics_001
G0,G0_bridge__offline,,P_bal,,,temperature,J_bits,0.0016333013168338129,0.0004311428850015675,0.0027975198282164104,59.0,,38409.0,,bits/trial,macro candidate mean,fixed OOF candidate bootstrap; no refit,G0_readouts_001,c55a5c6bb34c52931e03b25a9988475bdd752e5d5e45a55785555cb68eb969cc,补充表从固定外预测计算；保留原packet与source_run，未重拟合。 补充派生来源=metrics_001 P_bal二分类先验CE=1，J及区间仅精确代数变换；无新bootstrap/fit。
G0,G0_bridge__offline,,P_bal,,,temperature,bacc,0.5249109771536226,0.5162958223147801,0.5340112323639854,59.0,,38409.0,,unitless,macro candidate mean,fixed OOF candidate bootstrap; no refit,G0_readouts_001,c55a5c6bb34c52931e03b25a9988475bdd752e5d5e45a55785555cb68eb969cc,补充表从固定外预测计算；保留原packet与source_run，未重拟合。 补充派生来源=metrics_001
G0,G0_bridge__offline,,P_bal,,,temperature,auroc,0.5358751988729794,0.5249034734357175,0.5468004434562449,59.0,,38409.0,,unitless,macro candidate mean,fixed OOF candidate bootstrap; no refit,G0_readouts_001,c55a5c6bb34c52931e03b25a9988475bdd752e5d5e45a55785555cb68eb969cc,补充表从固定外预测计算；保留原packet与source_run，未重拟合。 补充派生来源=metrics_001
G0,G0_bridge__offline,,P_bal,,,temperature,brier_two_class_sum,0.4988663292426996,0.4980619401779568,0.4996976908183606,59.0,,38409.0,,unitless,macro candidate mean,fixed OOF candidate bootstrap; no refit,G0_readouts_001,c55a5c6bb34c52931e03b25a9988475bdd752e5d5e45a55785555cb68eb969cc,补充表从固定外预测计算；保留原packet与source_run，未重拟合。 补充派生来源=metrics_001
N1,N1__,L0,P_bal,H,logistic,mixture_diagnostic,ce_bits,0.6816646689589353,0.615715531370024,0.7817816728054325,59.0,,43788.0,,bits/trial,macro candidate mean,fixed OOF candidate bootstrap; no refit,N1_core_001,771fd4ec025f2d2d846cbe5eae0f8e33dc543bccb9b591b9dfba6d1931ded21e,补充表从固定外预测计算；保留原packet与source_run，未重拟合。 补充派生来源=metrics_001
N1,N1__,L0,P_bal,H,logistic,mixture_diagnostic,J_bits,0.3183353310410647,0.21821832719456746,0.384284468629976,59.0,,43788.0,,bits/trial,macro candidate mean,fixed OOF candidate bootstrap; no refit,N1_core_001,771fd4ec025f2d2d846cbe5eae0f8e33dc543bccb9b591b9dfba6d1931ded21e,补充表从固定外预测计算；保留原packet与source_run，未重拟合。 补充派生来源=metrics_001 P_bal二分类先验CE=1，J及区间仅精确代数变换；无新bootstrap/fit。
N1,N1__,L0,P_bal,H,logistic,mixture_diagnostic,bacc,0.7592954109045562,0.7434866670636346,0.7706574442969031,59.0,,43788.0,,unitless,macro candidate mean,fixed OOF candidate bootstrap; no refit,N1_core_001,771fd4ec025f2d2d846cbe5eae0f8e33dc543bccb9b591b9dfba6d1931ded21e,补充表从固定外预测计算；保留原packet与source_run，未重拟合。 补充派生来源=metrics_001
N1,N1__,L0,P_bal,H,logistic,mixture_diagnostic,auroc,0.8426594105099581,0.8225383871706956,0.8565309511949266,59.0,,43788.0,,unitless,macro candidate mean,fixed OOF candidate bootstrap; no refit,N1_core_001,771fd4ec025f2d2d846cbe5eae0f8e33dc543bccb9b591b9dfba6d1931ded21e,补充表从固定外预测计算；保留原packet与source_run，未重拟合。 补充派生来源=metrics_001
N1,N1__,L0,P_bal,H,logistic,mixture_diagnostic,brier_two_class_sum,0.3134634416277177,0.2938069064323975,0.3424542507998204,59.0,,43788.0,,unitless,macro candidate mean,fixed OOF candidate bootstrap; no refit,N1_core_001,771fd4ec025f2d2d846cbe5eae0f8e33dc543bccb9b591b9dfba6d1931ded21e,补充表从固定外预测计算；保留原packet与source_run，未重拟合。 补充派生来源=metrics_001
N1,N1__,L0,P_bal,H,logistic,raw,ce_bits,0.6784942931111156,0.6288133523034758,0.7530002928833428,59.0,,43788.0,,bits/trial,macro candidate mean,fixed OOF candidate bootstrap; no refit,N1_core_001,771fd4ec025f2d2d846cbe5eae0f8e33dc543bccb9b591b9dfba6d1931ded21e,补充表从固定外预测计算；保留原packet与source_run，未重拟合。 补充派生来源=metrics_001
N1,N1__,L0,P_bal,H,logistic,raw,J_bits,0.32150570688888436,0.2469997071166572,0.3711866476965242,59.0,,43788.0,,bits/trial,macro candidate mean,fixed OOF candidate bootstrap; no refit,N1_core_001,771fd4ec025f2d2d846cbe5eae0f8e33dc543bccb9b591b9dfba6d1931ded21e,补充表从固定外预测计算；保留原packet与source_run，未重拟合。 补充派生来源=metrics_001 P_bal二分类先验CE=1，J及区间仅精确代数变换；无新bootstrap/fit。
N1,N1__,L0,P_bal,H,logistic,raw,bacc,0.7592954109045562,0.7434866670636346,0.7706574442969031,59.0,,43788.0,,unitless,macro candidate mean,fixed OOF candidate bootstrap; no refit,N1_core_001,771fd4ec025f2d2d846cbe5eae0f8e33dc543bccb9b591b9dfba6d1931ded21e,补充表从固定外预测计算；保留原packet与source_run，未重拟合。 补充派生来源=metrics_001
N1,N1__,L0,P_bal,H,logistic,raw,auroc,0.8426594105099581,0.8225383871706956,0.8565309511949266,59.0,,43788.0,,unitless,macro candidate mean,fixed OOF candidate bootstrap; no refit,N1_core_001,771fd4ec025f2d2d846cbe5eae0f8e33dc543bccb9b591b9dfba6d1931ded21e,补充表从固定外预测计算；保留原packet与source_run，未重拟合。 补充派生来源=metrics_001
N1,N1__,L0,P_bal,H,logistic,raw,brier_two_class_sum,0.3132558792309157,0.2948825385451167,0.3404888359306295,59.0,,43788.0,,unitless,macro candidate mean,fixed OOF candidate bootstrap; no refit,N1_core_001,771fd4ec025f2d2d846cbe5eae0f8e33dc543bccb9b591b9dfba6d1931ded21e,补充表从固定外预测计算；保留原packet与source_run，未重拟合。 补充派生来源=metrics_001
N1,N1__,L0,P_bal,H,logistic,temperature,ce_bits,0.6816646689589353,0.615715531370024,0.7817816728054325,59.0,,43788.0,,bits/trial,macro candidate mean,fixed OOF candidate bootstrap; no refit,N1_core_001,771fd4ec025f2d2d846cbe5eae0f8e33dc543bccb9b591b9dfba6d1931ded21e,补充表从固定外预测计算；保留原packet与source_run，未重拟合。 补充派生来源=metrics_001
N1,N1__,L0,P_bal,H,logistic,temperature,J_bits,0.3183353310410647,0.21821832719456746,0.384284468629976,59.0,,43788.0,,bits/trial,macro candidate mean,fixed OOF candidate bootstrap; no refit,N1_core_001,771fd4ec025f2d2d846cbe5eae0f8e33dc543bccb9b591b9dfba6d1931ded21e,补充表从固定外预测计算；保留原packet与source_run，未重拟合。 补充派生来源=metrics_001 P_bal二分类先验CE=1，J及区间仅精确代数变换；无新bootstrap/fit。
N1,N1__,L0,P_bal,H,logistic,temperature,bacc,0.7592954109045562,0.7434866670636346,0.7706574442969031,59.0,,43788.0,,unitless,macro candidate mean,fixed OOF candidate bootstrap; no refit,N1_core_001,771fd4ec025f2d2d846cbe5eae0f8e33dc543bccb9b591b9dfba6d1931ded21e,补充表从固定外预测计算；保留原packet与source_run，未重拟合。 补充派生来源=metrics_001
N1,N1__,L0,P_bal,H,logistic,temperature,auroc,0.8426594105099581,0.8225383871706956,0.8565309511949266,59.0,,43788.0,,unitless,macro candidate mean,fixed OOF candidate bootstrap; no refit,N1_core_001,771fd4ec025f2d2d846cbe5eae0f8e33dc543bccb9b591b9dfba6d1931ded21e,补充表从固定外预测计算；保留原packet与source_run，未重拟合。 补充派生来源=metrics_001
N1,N1__,L0,P_bal,H,logistic,temperature,brier_two_class_sum,0.3134634416277177,0.2938069064323975,0.3424542507998204,59.0,,43788.0,,unitless,macro candidate mean,fixed OOF candidate bootstrap; no refit,N1_core_001,771fd4ec025f2d2d846cbe5eae0f8e33dc543bccb9b591b9dfba6d1931ded21e,补充表从固定外预测计算；保留原packet与source_run，未重拟合。 补充派生来源=metrics_001
N1,N1__,L0,P_bal,HB,logistic,mixture_diagnostic,ce_bits,0.6826324291503479,0.6180985772472891,0.7802615586750894,59.0,,43788.0,,bits/trial,macro candidate mean,fixed OOF candidate bootstrap; no refit,N1_core_001,771fd4ec025f2d2d846cbe5eae0f8e33dc543bccb9b591b9dfba6d1931ded21e,补充表从固定外预测计算；保留原packet与source_run，未重拟合。 补充派生来源=metrics_001
N1,N1__,L0,P_bal,HB,logistic,mixture_diagnostic,J_bits,0.31736757084965206,0.2197384413249106,0.3819014227527109,59.0,,43788.0,,bits/trial,macro candidate mean,fixed OOF candidate bootstrap; no refit,N1_core_001,771fd4ec025f2d2d846cbe5eae0f8e33dc543bccb9b591b9dfba6d1931ded21e,补充表从固定外预测计算；保留原packet与source_run，未重拟合。 补充派生来源=metrics_001 P_bal二分类先验CE=1，J及区间仅精确代数变换；无新bootstrap/fit。
N1,N1__,L0,P_bal,HB,logistic,mixture_diagnostic,bacc,0.7536227118251613,0.7386906913506722,0.7644238523618141,59.0,,43788.0,,unitless,macro candidate mean,fixed OOF candidate bootstrap; no refit,N1_core_001,771fd4ec025f2d2d846cbe5eae0f8e33dc543bccb9b591b9dfba6d1931ded21e,补充表从固定外预测计算；保留原packet与source_run，未重拟合。 补充派生来源=metrics_001
N1,N1__,L0,P_bal,HB,logistic,mixture_diagnostic,auroc,0.840268903764392,0.8201128797865563,0.8540995379917996,59.0,,43788.0,,unitless,macro candidate mean,fixed OOF candidate bootstrap; no refit,N1_core_001,771fd4ec025f2d2d846cbe5eae0f8e33dc543bccb9b591b9dfba6d1931ded21e,补充表从固定外预测计算；保留原packet与source_run，未重拟合。 补充派生来源=metrics_001
N1,N1__,L0,P_bal,HB,logistic,mixture_diagnostic,brier_two_class_sum,0.3143664013697643,0.2946967725101884,0.3431824624840311,59.0,,43788.0,,unitless,macro candidate mean,fixed OOF candidate bootstrap; no refit,N1_core_001,771fd4ec025f2d2d846cbe5eae0f8e33dc543bccb9b591b9dfba6d1931ded21e,补充表从固定外预测计算；保留原packet与source_run，未重拟合。 补充派生来源=metrics_001
N1,N1__,L0,P_bal,HB,logistic,raw,ce_bits,0.6798330843463932,0.6300708032077155,0.7543212784235854,59.0,,43788.0,,bits/trial,macro candidate mean,fixed OOF candidate bootstrap; no refit,N1_core_001,771fd4ec025f2d2d846cbe5eae0f8e33dc543bccb9b591b9dfba6d1931ded21e,补充表从固定外预测计算；保留原packet与source_run，未重拟合。 补充派生来源=metrics_001
N1,N1__,L0,P_bal,HB,logistic,raw,J_bits,0.3201669156536068,0.24567872157641457,0.36992919679228453,59.0,,43788.0,,bits/trial,macro candidate mean,fixed OOF candidate bootstrap; no refit,N1_core_001,771fd4ec025f2d2d846cbe5eae0f8e33dc543bccb9b591b9dfba6d1931ded21e,补充表从固定外预测计算；保留原packet与source_run，未重拟合。 补充派生来源=metrics_001 P_bal二分类先验CE=1，J及区间仅精确代数变换；无新bootstrap/fit。
N1,N1__,L0,P_bal,HB,logistic,raw,bacc,0.7536227118251613,0.7386906913506722,0.7644238523618141,59.0,,43788.0,,unitless,macro candidate mean,fixed OOF candidate bootstrap; no refit,N1_core_001,771fd4ec025f2d2d846cbe5eae0f8e33dc543bccb9b591b9dfba6d1931ded21e,补充表从固定外预测计算；保留原packet与source_run，未重拟合。 补充派生来源=metrics_001
N1,N1__,L0,P_bal,HB,logistic,raw,auroc,0.840268903764392,0.8201128797865563,0.8540995379917996,59.0,,43788.0,,unitless,macro candidate mean,fixed OOF candidate bootstrap; no refit,N1_core_001,771fd4ec025f2d2d846cbe5eae0f8e33dc543bccb9b591b9dfba6d1931ded21e,补充表从固定外预测计算；保留原packet与source_run，未重拟合。 补充派生来源=metrics_001
N1,N1__,L0,P_bal,HB,logistic,raw,brier_two_class_sum,0.3140961251831795,0.2956418426144865,0.3413767195289873,59.0,,43788.0,,unitless,macro candidate mean,fixed OOF candidate bootstrap; no refit,N1_core_001,771fd4ec025f2d2d846cbe5eae0f8e33dc543bccb9b591b9dfba6d1931ded21e,补充表从固定外预测计算；保留原packet与source_run，未重拟合。 补充派生来源=metrics_001
N1,N1__,L0,P_bal,HB,logistic,temperature,ce_bits,0.6826324291503479,0.6180985772472891,0.7802615586750894,59.0,,43788.0,,bits/trial,macro candidate mean,fixed OOF candidate bootstrap; no refit,N1_core_001,771fd4ec025f2d2d846cbe5eae0f8e33dc543bccb9b591b9dfba6d1931ded21e,补充表从固定外预测计算；保留原packet与source_run，未重拟合。 补充派生来源=metrics_001
N1,N1__,L0,P_bal,HB,logistic,temperature,J_bits,0.31736757084965206,0.2197384413249106,0.3819014227527109,59.0,,43788.0,,bits/trial,macro candidate mean,fixed OOF candidate bootstrap; no refit,N1_core_001,771fd4ec025f2d2d846cbe5eae0f8e33dc543bccb9b591b9dfba6d1931ded21e,补充表从固定外预测计算；保留原packet与source_run，未重拟合。 补充派生来源=metrics_001 P_bal二分类先验CE=1，J及区间仅精确代数变换；无新bootstrap/fit。
N1,N1__,L0,P_bal,HB,logistic,temperature,bacc,0.7536227118251613,0.7386906913506722,0.7644238523618141,59.0,,43788.0,,unitless,macro candidate mean,fixed OOF candidate bootstrap; no refit,N1_core_001,771fd4ec025f2d2d846cbe5eae0f8e33dc543bccb9b591b9dfba6d1931ded21e,补充表从固定外预测计算；保留原packet与source_run，未重拟合。 补充派生来源=metrics_001
N1,N1__,L0,P_bal,HB,logistic,temperature,auroc,0.840268903764392,0.8201128797865563,0.8540995379917996,59.0,,43788.0,,unitless,macro candidate mean,fixed OOF candidate bootstrap; no refit,N1_core_001,771fd4ec025f2d2d846cbe5eae0f8e33dc543bccb9b591b9dfba6d1931ded21e,补充表从固定外预测计算；保留原packet与source_run，未重拟合。 补充派生来源=metrics_001
N1,N1__,L0,P_bal,HB,logistic,temperature,brier_two_class_sum,0.3143664013697643,0.2946967725101884,0.3431824624840311,59.0,,43788.0,,unitless,macro candidate mean,fixed OOF candidate bootstrap; no refit,N1_core_001,771fd4ec025f2d2d846cbe5eae0f8e33dc543bccb9b591b9dfba6d1931ded21e,补充表从固定外预测计算；保留原packet与source_run，未重拟合。 补充派生来源=metrics_001
N1,N1__,L0,P_bal,HP,logistic,mixture_diagnostic,ce_bits,0.6818467766733127,0.6172347608684853,0.7792942871878095,59.0,,43788.0,,bits/trial,macro candidate mean,fixed OOF candidate bootstrap; no refit,N1_core_001,771fd4ec025f2d2d846cbe5eae0f8e33dc543bccb9b591b9dfba6d1931ded21e,补充表从固定外预测计算；保留原packet与source_run，未重拟合。 补充派生来源=metrics_001
N1,N1__,L0,P_bal,HP,logistic,mixture_diagnostic,J_bits,0.3181532233266873,0.22070571281219054,0.3827652391315147,59.0,,43788.0,,bits/trial,macro candidate mean,fixed OOF candidate bootstrap; no refit,N1_core_001,771fd4ec025f2d2d846cbe5eae0f8e33dc543bccb9b591b9dfba6d1931ded21e,补充表从固定外预测计算；保留原packet与source_run，未重拟合。 补充派生来源=metrics_001 P_bal二分类先验CE=1，J及区间仅精确代数变换；无新bootstrap/fit。
N1,N1__,L0,P_bal,HP,logistic,mixture_diagnostic,bacc,0.7539367187264326,0.7386225043861374,0.7649590694026864,59.0,,43788.0,,unitless,macro candidate mean,fixed OOF candidate bootstrap; no refit,N1_core_001,771fd4ec025f2d2d846cbe5eae0f8e33dc543bccb9b591b9dfba6d1931ded21e,补充表从固定外预测计算；保留原packet与source_run，未重拟合。 补充派生来源=metrics_001
N1,N1__,L0,P_bal,HP,logistic,mixture_diagnostic,auroc,0.8407152523776946,0.8203950222145984,0.8547487972077888,59.0,,43788.0,,unitless,macro candidate mean,fixed OOF candidate bootstrap; no refit,N1_core_001,771fd4ec025f2d2d846cbe5eae0f8e33dc543bccb9b591b9dfba6d1931ded21e,补充表从固定外预测计算；保留原packet与source_run，未重拟合。 补充派生来源=metrics_001
N1,N1__,L0,P_bal,HP,logistic,mixture_diagnostic,brier_two_class_sum,0.3138683749228033,0.2941489072054297,0.3427962352722701,59.0,,43788.0,,unitless,macro candidate mean,fixed OOF candidate bootstrap; no refit,N1_core_001,771fd4ec025f2d2d846cbe5eae0f8e33dc543bccb9b591b9dfba6d1931ded21e,补充表从固定外预测计算；保留原packet与source_run，未重拟合。 补充派生来源=metrics_001
N1,N1__,L0,P_bal,HP,logistic,raw,ce_bits,0.6787526199425636,0.6289944844261628,0.7529755868739583,59.0,,43788.0,,bits/trial,macro candidate mean,fixed OOF candidate bootstrap; no refit,N1_core_001,771fd4ec025f2d2d846cbe5eae0f8e33dc543bccb9b591b9dfba6d1931ded21e,补充表从固定外预测计算；保留原packet与source_run，未重拟合。 补充派生来源=metrics_001
N1,N1__,L0,P_bal,HP,logistic,raw,J_bits,0.32124738005743636,0.24702441312604173,0.3710055155738372,59.0,,43788.0,,bits/trial,macro candidate mean,fixed OOF candidate bootstrap; no refit,N1_core_001,771fd4ec025f2d2d846cbe5eae0f8e33dc543bccb9b591b9dfba6d1931ded21e,补充表从固定外预测计算；保留原packet与source_run，未重拟合。 补充派生来源=metrics_001 P_bal二分类先验CE=1，J及区间仅精确代数变换；无新bootstrap/fit。
N1,N1__,L0,P_bal,HP,logistic,raw,bacc,0.7539367187264326,0.7386225043861374,0.7649590694026864,59.0,,43788.0,,unitless,macro candidate mean,fixed OOF candidate bootstrap; no refit,N1_core_001,771fd4ec025f2d2d846cbe5eae0f8e33dc543bccb9b591b9dfba6d1931ded21e,补充表从固定外预测计算；保留原packet与source_run，未重拟合。 补充派生来源=metrics_001
N1,N1__,L0,P_bal,HP,logistic,raw,auroc,0.8407152523776946,0.8203950222145984,0.8547487972077888,59.0,,43788.0,,unitless,macro candidate mean,fixed OOF candidate bootstrap; no refit,N1_core_001,771fd4ec025f2d2d846cbe5eae0f8e33dc543bccb9b591b9dfba6d1931ded21e,补充表从固定外预测计算；保留原packet与source_run，未重拟合。 补充派生来源=metrics_001
N1,N1__,L0,P_bal,HP,logistic,raw,brier_two_class_sum,0.3134982982325203,0.2950144096371272,0.3407574518099778,59.0,,43788.0,,unitless,macro candidate mean,fixed OOF candidate bootstrap; no refit,N1_core_001,771fd4ec025f2d2d846cbe5eae0f8e33dc543bccb9b591b9dfba6d1931ded21e,补充表从固定外预测计算；保留原packet与source_run，未重拟合。 补充派生来源=metrics_001
N1,N1__,L0,P_bal,HP,logistic,temperature,ce_bits,0.6818467766733127,0.6172347608684853,0.7792942871878095,59.0,,43788.0,,bits/trial,macro candidate mean,fixed OOF candidate bootstrap; no refit,N1_core_001,771fd4ec025f2d2d846cbe5eae0f8e33dc543bccb9b591b9dfba6d1931ded21e,补充表从固定外预测计算；保留原packet与source_run，未重拟合。 补充派生来源=metrics_001
N1,N1__,L0,P_bal,HP,logistic,temperature,J_bits,0.3181532233266873,0.22070571281219054,0.3827652391315147,59.0,,43788.0,,bits/trial,macro candidate mean,fixed OOF candidate bootstrap; no refit,N1_core_001,771fd4ec025f2d2d846cbe5eae0f8e33dc543bccb9b591b9dfba6d1931ded21e,补充表从固定外预测计算；保留原packet与source_run，未重拟合。 补充派生来源=metrics_001 P_bal二分类先验CE=1，J及区间仅精确代数变换；无新bootstrap/fit。
N1,N1__,L0,P_bal,HP,logistic,temperature,bacc,0.7539367187264326,0.7386225043861374,0.7649590694026864,59.0,,43788.0,,unitless,macro candidate mean,fixed OOF candidate bootstrap; no refit,N1_core_001,771fd4ec025f2d2d846cbe5eae0f8e33dc543bccb9b591b9dfba6d1931ded21e,补充表从固定外预测计算；保留原packet与source_run，未重拟合。 补充派生来源=metrics_001
N1,N1__,L0,P_bal,HP,logistic,temperature,auroc,0.8407152523776946,0.8203950222145984,0.8547487972077888,59.0,,43788.0,,unitless,macro candidate mean,fixed OOF candidate bootstrap; no refit,N1_core_001,771fd4ec025f2d2d846cbe5eae0f8e33dc543bccb9b591b9dfba6d1931ded21e,补充表从固定外预测计算；保留原packet与source_run，未重拟合。 补充派生来源=metrics_001
N1,N1__,L0,P_bal,HP,logistic,temperature,brier_two_class_sum,0.3138683749228033,0.2941489072054297,0.3427962352722701,59.0,,43788.0,,unitless,macro candidate mean,fixed OOF candidate bootstrap; no refit,N1_core_001,771fd4ec025f2d2d846cbe5eae0f8e33dc543bccb9b591b9dfba6d1931ded21e,补充表从固定外预测计算；保留原packet与source_run，未重拟合。 补充派生来源=metrics_001
N1,N1__,L0,P_bal,HPB,logistic,mixture_diagnostic,ce_bits,0.6828137520849988,0.6195908217070192,0.7776990236010952,59.0,,43788.0,,bits/trial,macro candidate mean,fixed OOF candidate bootstrap; no refit,N1_core_001,771fd4ec025f2d2d846cbe5eae0f8e33dc543bccb9b591b9dfba6d1931ded21e,补充表从固定外预测计算；保留原packet与source_run，未重拟合。 补充派生来源=metrics_001
N1,N1__,L0,P_bal,HPB,logistic,mixture_diagnostic,J_bits,0.31718624791500116,0.22230097639890478,0.3804091782929808,59.0,,43788.0,,bits/trial,macro candidate mean,fixed OOF candidate bootstrap; no refit,N1_core_001,771fd4ec025f2d2d846cbe5eae0f8e33dc543bccb9b591b9dfba6d1931ded21e,补充表从固定外预测计算；保留原packet与source_run，未重拟合。 补充派生来源=metrics_001 P_bal二分类先验CE=1，J及区间仅精确代数变换；无新bootstrap/fit。
N1,N1__,L0,P_bal,HPB,logistic,mixture_diagnostic,bacc,0.7504839104327774,0.7348652620740461,0.7616986688071774,59.0,,43788.0,,unitless,macro candidate mean,fixed OOF candidate bootstrap; no refit,N1_core_001,771fd4ec025f2d2d846cbe5eae0f8e33dc543bccb9b591b9dfba6d1931ded21e,补充表从固定外预测计算；保留原packet与source_run，未重拟合。 补充派生来源=metrics_001
N1,N1__,L0,P_bal,HPB,logistic,mixture_diagnostic,auroc,0.8391045580554503,0.8189014067227188,0.8531318358449984,59.0,,43788.0,,unitless,macro candidate mean,fixed OOF candidate bootstrap; no refit,N1_core_001,771fd4ec025f2d2d846cbe5eae0f8e33dc543bccb9b591b9dfba6d1931ded21e,补充表从固定外预测计算；保留原packet与source_run，未重拟合。 补充派生来源=metrics_001
N1,N1__,L0,P_bal,HPB,logistic,mixture_diagnostic,brier_two_class_sum,0.3147815396571751,0.2951698307387961,0.3435475258631751,59.0,,43788.0,,unitless,macro candidate mean,fixed OOF candidate bootstrap; no refit,N1_core_001,771fd4ec025f2d2d846cbe5eae0f8e33dc543bccb9b591b9dfba6d1931ded21e,补充表从固定外预测计算；保留原packet与source_run，未重拟合。 补充派生来源=metrics_001
N1,N1__,L0,P_bal,HPB,logistic,raw,ce_bits,0.68013072715388,0.6303808292297337,0.7543635584620888,59.0,,43788.0,,bits/trial,macro candidate mean,fixed OOF candidate bootstrap; no refit,N1_core_001,771fd4ec025f2d2d846cbe5eae0f8e33dc543bccb9b591b9dfba6d1931ded21e,补充表从固定外预测计算；保留原packet与source_run，未重拟合。 补充派生来源=metrics_001
N1,N1__,L0,P_bal,HPB,logistic,raw,J_bits,0.31986927284612,0.2456364415379112,0.3696191707702663,59.0,,43788.0,,bits/trial,macro candidate mean,fixed OOF candidate bootstrap; no refit,N1_core_001,771fd4ec025f2d2d846cbe5eae0f8e33dc543bccb9b591b9dfba6d1931ded21e,补充表从固定外预测计算；保留原packet与source_run，未重拟合。 补充派生来源=metrics_001 P_bal二分类先验CE=1，J及区间仅精确代数变换；无新bootstrap/fit。
N1,N1__,L0,P_bal,HPB,logistic,raw,bacc,0.7504839104327774,0.7348652620740461,0.7616986688071774,59.0,,43788.0,,unitless,macro candidate mean,fixed OOF candidate bootstrap; no refit,N1_core_001,771fd4ec025f2d2d846cbe5eae0f8e33dc543bccb9b591b9dfba6d1931ded21e,补充表从固定外预测计算；保留原packet与source_run，未重拟合。 补充派生来源=metrics_001
N1,N1__,L0,P_bal,HPB,logistic,raw,auroc,0.8391045580554503,0.8189014067227188,0.8531318358449984,59.0,,43788.0,,unitless,macro candidate mean,fixed OOF candidate bootstrap; no refit,N1_core_001,771fd4ec025f2d2d846cbe5eae0f8e33dc543bccb9b591b9dfba6d1931ded21e,补充表从固定外预测计算；保留原packet与source_run，未重拟合。 补充派生来源=metrics_001
N1,N1__,L0,P_bal,HPB,logistic,raw,brier_two_class_sum,0.314379406026439,0.2958788228093018,0.3415788940338078,59.0,,43788.0,,unitless,macro candidate mean,fixed OOF candidate bootstrap; no refit,N1_core_001,771fd4ec025f2d2d846cbe5eae0f8e33dc543bccb9b591b9dfba6d1931ded21e,补充表从固定外预测计算；保留原packet与source_run，未重拟合。 补充派生来源=metrics_001
N1,N1__,L0,P_bal,HPB,logistic,temperature,ce_bits,0.6828137520849988,0.6195908217070192,0.7776990236010952,59.0,,43788.0,,bits/trial,macro candidate mean,fixed OOF candidate bootstrap; no refit,N1_core_001,771fd4ec025f2d2d846cbe5eae0f8e33dc543bccb9b591b9dfba6d1931ded21e,补充表从固定外预测计算；保留原packet与source_run，未重拟合。 补充派生来源=metrics_001
N1,N1__,L0,P_bal,HPB,logistic,temperature,J_bits,0.31718624791500116,0.22230097639890478,0.3804091782929808,59.0,,43788.0,,bits/trial,macro candidate mean,fixed OOF candidate bootstrap; no refit,N1_core_001,771fd4ec025f2d2d846cbe5eae0f8e33dc543bccb9b591b9dfba6d1931ded21e,补充表从固定外预测计算；保留原packet与source_run，未重拟合。 补充派生来源=metrics_001 P_bal二分类先验CE=1，J及区间仅精确代数变换；无新bootstrap/fit。
N1,N1__,L0,P_bal,HPB,logistic,temperature,bacc,0.7504839104327774,0.7348652620740461,0.7616986688071774,59.0,,43788.0,,unitless,macro candidate mean,fixed OOF candidate bootstrap; no refit,N1_core_001,771fd4ec025f2d2d846cbe5eae0f8e33dc543bccb9b591b9dfba6d1931ded21e,补充表从固定外预测计算；保留原packet与source_run，未重拟合。 补充派生来源=metrics_001
N1,N1__,L0,P_bal,HPB,logistic,temperature,auroc,0.8391045580554503,0.8189014067227188,0.8531318358449984,59.0,,43788.0,,unitless,macro candidate mean,fixed OOF candidate bootstrap; no refit,N1_core_001,771fd4ec025f2d2d846cbe5eae0f8e33dc543bccb9b591b9dfba6d1931ded21e,补充表从固定外预测计算；保留原packet与source_run，未重拟合。 补充派生来源=metrics_001
N1,N1__,L0,P_bal,HPB,logistic,temperature,brier_two_class_sum,0.3147815396571751,0.2951698307387961,0.3435475258631751,59.0,,43788.0,,unitless,macro candidate mean,fixed OOF candidate bootstrap; no refit,N1_core_001,771fd4ec025f2d2d846cbe5eae0f8e33dc543bccb9b591b9dfba6d1931ded21e,补充表从固定外预测计算；保留原packet与source_run，未重拟合。 补充派生来源=metrics_001
N1,N1__,L0,P_bal,HPBnoise,logistic,mixture_diagnostic,ce_bits,0.6823815984413184,0.6184635332367358,0.778223153511472,59.0,,43788.0,,bits/trial,macro candidate mean,fixed OOF candidate bootstrap; no refit,N1_core_001,771fd4ec025f2d2d846cbe5eae0f8e33dc543bccb9b591b9dfba6d1931ded21e,补充表从固定外预测计算；保留原packet与source_run，未重拟合。 补充派生来源=metrics_001
N1,N1__,L0,P_bal,HPBnoise,logistic,mixture_diagnostic,J_bits,0.3176184015586816,0.22177684648852802,0.38153646676326425,59.0,,43788.0,,bits/trial,macro candidate mean,fixed OOF candidate bootstrap; no refit,N1_core_001,771fd4ec025f2d2d846cbe5eae0f8e33dc543bccb9b591b9dfba6d1931ded21e,补充表从固定外预测计算；保留原packet与source_run，未重拟合。 补充派生来源=metrics_001 P_bal二分类先验CE=1，J及区间仅精确代数变换；无新bootstrap/fit。
N1,N1__,L0,P_bal,HPBnoise,logistic,mixture_diagnostic,bacc,0.7507259102444152,0.7347313149926431,0.7621040049827441,59.0,,43788.0,,unitless,macro candidate mean,fixed OOF candidate bootstrap; no refit,N1_core_001,771fd4ec025f2d2d846cbe5eae0f8e33dc543bccb9b591b9dfba6d1931ded21e,补充表从固定外预测计算；保留原packet与source_run，未重拟合。 补充派生来源=metrics_001
N1,N1__,L0,P_bal,HPBnoise,logistic,mixture_diagnostic,auroc,0.8395361300722418,0.8194042620754672,0.8535869796227562,59.0,,43788.0,,unitless,macro candidate mean,fixed OOF candidate bootstrap; no refit,N1_core_001,771fd4ec025f2d2d846cbe5eae0f8e33dc543bccb9b591b9dfba6d1931ded21e,补充表从固定外预测计算；保留原packet与source_run，未重拟合。 补充派生来源=metrics_001
N1,N1__,L0,P_bal,HPBnoise,logistic,mixture_diagnostic,brier_two_class_sum,0.314346499643478,0.2946158124888204,0.3430315309444676,59.0,,43788.0,,unitless,macro candidate mean,fixed OOF candidate bootstrap; no refit,N1_core_001,771fd4ec025f2d2d846cbe5eae0f8e33dc543bccb9b591b9dfba6d1931ded21e,补充表从固定外预测计算；保留原packet与source_run，未重拟合。 补充派生来源=metrics_001
N1,N1__,L0,P_bal,HPBnoise,logistic,raw,ce_bits,0.679226793252778,0.6295289016920004,0.7532419666582499,59.0,,43788.0,,bits/trial,macro candidate mean,fixed OOF candidate bootstrap; no refit,N1_core_001,771fd4ec025f2d2d846cbe5eae0f8e33dc543bccb9b591b9dfba6d1931ded21e,补充表从固定外预测计算；保留原packet与source_run，未重拟合。 补充派生来源=metrics_001
N1,N1__,L0,P_bal,HPBnoise,logistic,raw,J_bits,0.320773206747222,0.24675803334175006,0.3704710983079996,59.0,,43788.0,,bits/trial,macro candidate mean,fixed OOF candidate bootstrap; no refit,N1_core_001,771fd4ec025f2d2d846cbe5eae0f8e33dc543bccb9b591b9dfba6d1931ded21e,补充表从固定外预测计算；保留原packet与source_run，未重拟合。 补充派生来源=metrics_001 P_bal二分类先验CE=1，J及区间仅精确代数变换；无新bootstrap/fit。
N1,N1__,L0,P_bal,HPBnoise,logistic,raw,bacc,0.7507259102444152,0.7347313149926431,0.7621040049827441,59.0,,43788.0,,unitless,macro candidate mean,fixed OOF candidate bootstrap; no refit,N1_core_001,771fd4ec025f2d2d846cbe5eae0f8e33dc543bccb9b591b9dfba6d1931ded21e,补充表从固定外预测计算；保留原packet与source_run，未重拟合。 补充派生来源=metrics_001
N1,N1__,L0,P_bal,HPBnoise,logistic,raw,auroc,0.8395361300722418,0.8194042620754672,0.8535869796227562,59.0,,43788.0,,unitless,macro candidate mean,fixed OOF candidate bootstrap; no refit,N1_core_001,771fd4ec025f2d2d846cbe5eae0f8e33dc543bccb9b591b9dfba6d1931ded21e,补充表从固定外预测计算；保留原packet与source_run，未重拟合。 补充派生来源=metrics_001
N1,N1__,L0,P_bal,HPBnoise,logistic,raw,brier_two_class_sum,0.3138644005078602,0.2953599662436986,0.3411598378628483,59.0,,43788.0,,unitless,macro candidate mean,fixed OOF candidate bootstrap; no refit,N1_core_001,771fd4ec025f2d2d846cbe5eae0f8e33dc543bccb9b591b9dfba6d1931ded21e,补充表从固定外预测计算；保留原packet与source_run，未重拟合。 补充派生来源=metrics_001
N1,N1__,L0,P_bal,HPBnoise,logistic,temperature,ce_bits,0.6823815984413184,0.6184635332367358,0.778223153511472,59.0,,43788.0,,bits/trial,macro candidate mean,fixed OOF candidate bootstrap; no refit,N1_core_001,771fd4ec025f2d2d846cbe5eae0f8e33dc543bccb9b591b9dfba6d1931ded21e,补充表从固定外预测计算；保留原packet与source_run，未重拟合。 补充派生来源=metrics_001
N1,N1__,L0,P_bal,HPBnoise,logistic,temperature,J_bits,0.3176184015586816,0.22177684648852802,0.38153646676326425,59.0,,43788.0,,bits/trial,macro candidate mean,fixed OOF candidate bootstrap; no refit,N1_core_001,771fd4ec025f2d2d846cbe5eae0f8e33dc543bccb9b591b9dfba6d1931ded21e,补充表从固定外预测计算；保留原packet与source_run，未重拟合。 补充派生来源=metrics_001 P_bal二分类先验CE=1，J及区间仅精确代数变换；无新bootstrap/fit。
N1,N1__,L0,P_bal,HPBnoise,logistic,temperature,bacc,0.7507259102444152,0.7347313149926431,0.7621040049827441,59.0,,43788.0,,unitless,macro candidate mean,fixed OOF candidate bootstrap; no refit,N1_core_001,771fd4ec025f2d2d846cbe5eae0f8e33dc543bccb9b591b9dfba6d1931ded21e,补充表从固定外预测计算；保留原packet与source_run，未重拟合。 补充派生来源=metrics_001
N1,N1__,L0,P_bal,HPBnoise,logistic,temperature,auroc,0.8395361300722418,0.8194042620754672,0.8535869796227562,59.0,,43788.0,,unitless,macro candidate mean,fixed OOF candidate bootstrap; no refit,N1_core_001,771fd4ec025f2d2d846cbe5eae0f8e33dc543bccb9b591b9dfba6d1931ded21e,补充表从固定外预测计算；保留原packet与source_run，未重拟合。 补充派生来源=metrics_001
N1,N1__,L0,P_bal,HPBnoise,logistic,temperature,brier_two_class_sum,0.314346499643478,0.2946158124888204,0.3430315309444676,59.0,,43788.0,,unitless,macro candidate mean,fixed OOF candidate bootstrap; no refit,N1_core_001,771fd4ec025f2d2d846cbe5eae0f8e33dc543bccb9b591b9dfba6d1931ded21e,补充表从固定外预测计算；保留原packet与source_run，未重拟合。 补充派生来源=metrics_001
N1,N1__,L0,P_bal,HPP,logistic,mixture_diagnostic,ce_bits,0.6818783906529151,0.6173357593894979,0.7791852916556798,59.0,,43788.0,,bits/trial,macro candidate mean,fixed OOF candidate bootstrap; no refit,N1_core_001,771fd4ec025f2d2d846cbe5eae0f8e33dc543bccb9b591b9dfba6d1931ded21e,补充表从固定外预测计算；保留原packet与source_run，未重拟合。 补充派生来源=metrics_001
N1,N1__,L0,P_bal,HPP,logistic,mixture_diagnostic,J_bits,0.3181216093470849,0.22081470834432015,0.3826642406105021,59.0,,43788.0,,bits/trial,macro candidate mean,fixed OOF candidate bootstrap; no refit,N1_core_001,771fd4ec025f2d2d846cbe5eae0f8e33dc543bccb9b591b9dfba6d1931ded21e,补充表从固定外预测计算；保留原packet与source_run，未重拟合。 补充派生来源=metrics_001 P_bal二分类先验CE=1，J及区间仅精确代数变换；无新bootstrap/fit。
N1,N1__,L0,P_bal,HPP,logistic,mixture_diagnostic,bacc,0.7540199091084676,0.7387301074727143,0.76499811999026,59.0,,43788.0,,unitless,macro candidate mean,fixed OOF candidate bootstrap; no refit,N1_core_001,771fd4ec025f2d2d846cbe5eae0f8e33dc543bccb9b591b9dfba6d1931ded21e,补充表从固定外预测计算；保留原packet与source_run，未重拟合。 补充派生来源=metrics_001
N1,N1__,L0,P_bal,HPP,logistic,mixture_diagnostic,auroc,0.840654931755498,0.8203441095052102,0.854688662157452,59.0,,43788.0,,unitless,macro candidate mean,fixed OOF candidate bootstrap; no refit,N1_core_001,771fd4ec025f2d2d846cbe5eae0f8e33dc543bccb9b591b9dfba6d1931ded21e,补充表从固定外预测计算；保留原packet与source_run，未重拟合。 补充派生来源=metrics_001
N1,N1__,L0,P_bal,HPP,logistic,mixture_diagnostic,brier_two_class_sum,0.3139003279591335,0.2941866427697794,0.3428275456902587,59.0,,43788.0,,unitless,macro candidate mean,fixed OOF candidate bootstrap; no refit,N1_core_001,771fd4ec025f2d2d846cbe5eae0f8e33dc543bccb9b591b9dfba6d1931ded21e,补充表从固定外预测计算；保留原packet与source_run，未重拟合。 补充派生来源=metrics_001
N1,N1__,L0,P_bal,HPP,logistic,raw,ce_bits,0.6787988282264692,0.6290443594515402,0.7530261859222709,59.0,,43788.0,,bits/trial,macro candidate mean,fixed OOF candidate bootstrap; no refit,N1_core_001,771fd4ec025f2d2d846cbe5eae0f8e33dc543bccb9b591b9dfba6d1931ded21e,补充表从固定外预测计算；保留原packet与source_run，未重拟合。 补充派生来源=metrics_001
N1,N1__,L0,P_bal,HPP,logistic,raw,J_bits,0.3212011717735308,0.24697381407772911,0.37095564054845975,59.0,,43788.0,,bits/trial,macro candidate mean,fixed OOF candidate bootstrap; no refit,N1_core_001,771fd4ec025f2d2d846cbe5eae0f8e33dc543bccb9b591b9dfba6d1931ded21e,补充表从固定外预测计算；保留原packet与source_run，未重拟合。 补充派生来源=metrics_001 P_bal二分类先验CE=1，J及区间仅精确代数变换；无新bootstrap/fit。
N1,N1__,L0,P_bal,HPP,logistic,raw,bacc,0.7540199091084676,0.7387301074727143,0.76499811999026,59.0,,43788.0,,unitless,macro candidate mean,fixed OOF candidate bootstrap; no refit,N1_core_001,771fd4ec025f2d2d846cbe5eae0f8e33dc543bccb9b591b9dfba6d1931ded21e,补充表从固定外预测计算；保留原packet与source_run，未重拟合。 补充派生来源=metrics_001
N1,N1__,L0,P_bal,HPP,logistic,raw,auroc,0.840654931755498,0.8203441095052102,0.854688662157452,59.0,,43788.0,,unitless,macro candidate mean,fixed OOF candidate bootstrap; no refit,N1_core_001,771fd4ec025f2d2d846cbe5eae0f8e33dc543bccb9b591b9dfba6d1931ded21e,补充表从固定外预测计算；保留原packet与source_run，未重拟合。 补充派生来源=metrics_001
N1,N1__,L0,P_bal,HPP,logistic,raw,brier_two_class_sum,0.3135278833004457,0.2950407286655991,0.3407843169941432,59.0,,43788.0,,unitless,macro candidate mean,fixed OOF candidate bootstrap; no refit,N1_core_001,771fd4ec025f2d2d846cbe5eae0f8e33dc543bccb9b591b9dfba6d1931ded21e,补充表从固定外预测计算；保留原packet与source_run，未重拟合。 补充派生来源=metrics_001
N1,N1__,L0,P_bal,HPP,logistic,temperature,ce_bits,0.6818783906529151,0.6173357593894979,0.7791852916556798,59.0,,43788.0,,bits/trial,macro candidate mean,fixed OOF candidate bootstrap; no refit,N1_core_001,771fd4ec025f2d2d846cbe5eae0f8e33dc543bccb9b591b9dfba6d1931ded21e,补充表从固定外预测计算；保留原packet与source_run，未重拟合。 补充派生来源=metrics_001
N1,N1__,L0,P_bal,HPP,logistic,temperature,J_bits,0.3181216093470849,0.22081470834432015,0.3826642406105021,59.0,,43788.0,,bits/trial,macro candidate mean,fixed OOF candidate bootstrap; no refit,N1_core_001,771fd4ec025f2d2d846cbe5eae0f8e33dc543bccb9b591b9dfba6d1931ded21e,补充表从固定外预测计算；保留原packet与source_run，未重拟合。 补充派生来源=metrics_001 P_bal二分类先验CE=1，J及区间仅精确代数变换；无新bootstrap/fit。
N1,N1__,L0,P_bal,HPP,logistic,temperature,bacc,0.7540199091084676,0.7387301074727143,0.76499811999026,59.0,,43788.0,,unitless,macro candidate mean,fixed OOF candidate bootstrap; no refit,N1_core_001,771fd4ec025f2d2d846cbe5eae0f8e33dc543bccb9b591b9dfba6d1931ded21e,补充表从固定外预测计算；保留原packet与source_run，未重拟合。 补充派生来源=metrics_001
N1,N1__,L0,P_bal,HPP,logistic,temperature,auroc,0.840654931755498,0.8203441095052102,0.854688662157452,59.0,,43788.0,,unitless,macro candidate mean,fixed OOF candidate bootstrap; no refit,N1_core_001,771fd4ec025f2d2d846cbe5eae0f8e33dc543bccb9b591b9dfba6d1931ded21e,补充表从固定外预测计算；保留原packet与source_run，未重拟合。 补充派生来源=metrics_001
N1,N1__,L0,P_bal,HPP,logistic,temperature,brier_two_class_sum,0.3139003279591335,0.2941866427697794,0.3428275456902587,59.0,,43788.0,,unitless,macro candidate mean,fixed OOF candidate bootstrap; no refit,N1_core_001,771fd4ec025f2d2d846cbe5eae0f8e33dc543bccb9b591b9dfba6d1931ded21e,补充表从固定外预测计算；保留原packet与source_run，未重拟合。 补充派生来源=metrics_001
N1,N1__,L0,P_nat,H,logistic,mixture_diagnostic,ce_bits,0.5168787240299256,0.4854082842310701,0.562709126199008,59.0,,43788.0,,bits/trial,macro candidate mean,fixed OOF candidate bootstrap; no refit,N1_core_001,771fd4ec025f2d2d846cbe5eae0f8e33dc543bccb9b591b9dfba6d1931ded21e,补充表从固定外预测计算；保留原packet与source_run，未重拟合。 补充派生来源=metrics_001
N1,N1__,L0,P_nat,H,logistic,mixture_diagnostic,bacc,0.5960072439282826,0.5890294646339228,0.6015014259714037,59.0,,43788.0,,unitless,macro candidate mean,fixed OOF candidate bootstrap; no refit,N1_core_001,771fd4ec025f2d2d846cbe5eae0f8e33dc543bccb9b591b9dfba6d1931ded21e,补充表从固定外预测计算；保留原packet与source_run，未重拟合。 补充派生来源=metrics_001
N1,N1__,L0,P_nat,H,logistic,mixture_diagnostic,auroc,0.8372670501661229,0.8168661393035163,0.8510535740530644,59.0,,43788.0,,unitless,macro candidate mean,fixed OOF candidate bootstrap; no refit,N1_core_001,771fd4ec025f2d2d846cbe5eae0f8e33dc543bccb9b591b9dfba6d1931ded21e,补充表从固定外预测计算；保留原packet与source_run，未重拟合。 补充派生来源=metrics_001
N1,N1__,L0,P_nat,H,logistic,mixture_diagnostic,brier_two_class_sum,0.23557905002074,0.2229393450065389,0.2537785699830158,59.0,,43788.0,,unitless,macro candidate mean,fixed OOF candidate bootstrap; no refit,N1_core_001,771fd4ec025f2d2d846cbe5eae0f8e33dc543bccb9b591b9dfba6d1931ded21e,补充表从固定外预测计算；保留原packet与source_run，未重拟合。 补充派生来源=metrics_001
N1,N1__,L0,P_nat,H,logistic,raw,ce_bits,0.5173377428698002,0.4896935770250972,0.5577032357817301,59.0,,43788.0,,bits/trial,macro candidate mean,fixed OOF candidate bootstrap; no refit,N1_core_001,771fd4ec025f2d2d846cbe5eae0f8e33dc543bccb9b591b9dfba6d1931ded21e,补充表从固定外预测计算；保留原packet与source_run，未重拟合。 补充派生来源=metrics_001
N1,N1__,L0,P_nat,H,logistic,raw,bacc,0.5960072439282826,0.5890294646339228,0.6015014259714037,59.0,,43788.0,,unitless,macro candidate mean,fixed OOF candidate bootstrap; no refit,N1_core_001,771fd4ec025f2d2d846cbe5eae0f8e33dc543bccb9b591b9dfba6d1931ded21e,补充表从固定外预测计算；保留原packet与source_run，未重拟合。 补充派生来源=metrics_001
N1,N1__,L0,P_nat,H,logistic,raw,auroc,0.8372670501661229,0.8168661393035163,0.8510535740530644,59.0,,43788.0,,unitless,macro candidate mean,fixed OOF candidate bootstrap; no refit,N1_core_001,771fd4ec025f2d2d846cbe5eae0f8e33dc543bccb9b591b9dfba6d1931ded21e,补充表从固定外预测计算；保留原packet与source_run，未重拟合。 补充派生来源=metrics_001
N1,N1__,L0,P_nat,H,logistic,raw,brier_two_class_sum,0.2350908090288238,0.2232420446419561,0.2522943948347232,59.0,,43788.0,,unitless,macro candidate mean,fixed OOF candidate bootstrap; no refit,N1_core_001,771fd4ec025f2d2d846cbe5eae0f8e33dc543bccb9b591b9dfba6d1931ded21e,补充表从固定外预测计算；保留原packet与source_run，未重拟合。 补充派生来源=metrics_001
N1,N1__,L0,P_nat,H,logistic,temperature,ce_bits,0.5168787240299256,0.4854082842310701,0.562709126199008,59.0,,43788.0,,bits/trial,macro candidate mean,fixed OOF candidate bootstrap; no refit,N1_core_001,771fd4ec025f2d2d846cbe5eae0f8e33dc543bccb9b591b9dfba6d1931ded21e,补充表从固定外预测计算；保留原packet与source_run，未重拟合。 补充派生来源=metrics_001
N1,N1__,L0,P_nat,H,logistic,temperature,bacc,0.5960072439282826,0.5890294646339228,0.6015014259714037,59.0,,43788.0,,unitless,macro candidate mean,fixed OOF candidate bootstrap; no refit,N1_core_001,771fd4ec025f2d2d846cbe5eae0f8e33dc543bccb9b591b9dfba6d1931ded21e,补充表从固定外预测计算；保留原packet与source_run，未重拟合。 补充派生来源=metrics_001
N1,N1__,L0,P_nat,H,logistic,temperature,auroc,0.8372670501661229,0.8168661393035163,0.8510535740530644,59.0,,43788.0,,unitless,macro candidate mean,fixed OOF candidate bootstrap; no refit,N1_core_001,771fd4ec025f2d2d846cbe5eae0f8e33dc543bccb9b591b9dfba6d1931ded21e,补充表从固定外预测计算；保留原packet与source_run，未重拟合。 补充派生来源=metrics_001
N1,N1__,L0,P_nat,H,logistic,temperature,brier_two_class_sum,0.23557905002074,0.2229393450065389,0.2537785699830158,59.0,,43788.0,,unitless,macro candidate mean,fixed OOF candidate bootstrap; no refit,N1_core_001,771fd4ec025f2d2d846cbe5eae0f8e33dc543bccb9b591b9dfba6d1931ded21e,补充表从固定外预测计算；保留原packet与source_run，未重拟合。 补充派生来源=metrics_001
N1,N1__,L0,P_nat,HB,logistic,mixture_diagnostic,ce_bits,0.5176488654073991,0.4864012622352835,0.5630974596246463,59.0,,43788.0,,bits/trial,macro candidate mean,fixed OOF candidate bootstrap; no refit,N1_core_001,771fd4ec025f2d2d846cbe5eae0f8e33dc543bccb9b591b9dfba6d1931ded21e,补充表从固定外预测计算；保留原packet与source_run，未重拟合。 补充派生来源=metrics_001
N1,N1__,L0,P_nat,HB,logistic,mixture_diagnostic,bacc,0.5958278434121863,0.5886761344016732,0.6012613215053115,59.0,,43788.0,,unitless,macro candidate mean,fixed OOF candidate bootstrap; no refit,N1_core_001,771fd4ec025f2d2d846cbe5eae0f8e33dc543bccb9b591b9dfba6d1931ded21e,补充表从固定外预测计算；保留原packet与source_run，未重拟合。 补充派生来源=metrics_001
N1,N1__,L0,P_nat,HB,logistic,mixture_diagnostic,auroc,0.836356937267181,0.81628277220478,0.8500195185560753,59.0,,43788.0,,unitless,macro candidate mean,fixed OOF candidate bootstrap; no refit,N1_core_001,771fd4ec025f2d2d846cbe5eae0f8e33dc543bccb9b591b9dfba6d1931ded21e,补充表从固定外预测计算；保留原packet与source_run，未重拟合。 补充派生来源=metrics_001
N1,N1__,L0,P_nat,HB,logistic,mixture_diagnostic,brier_two_class_sum,0.2359367566052839,0.2232916602909611,0.2539470695074683,59.0,,43788.0,,unitless,macro candidate mean,fixed OOF candidate bootstrap; no refit,N1_core_001,771fd4ec025f2d2d846cbe5eae0f8e33dc543bccb9b591b9dfba6d1931ded21e,补充表从固定外预测计算；保留原packet与source_run，未重拟合。 补充派生来源=metrics_001
N1,N1__,L0,P_nat,HB,logistic,raw,ce_bits,0.5180718545365347,0.4903142690799507,0.5586369089107345,59.0,,43788.0,,bits/trial,macro candidate mean,fixed OOF candidate bootstrap; no refit,N1_core_001,771fd4ec025f2d2d846cbe5eae0f8e33dc543bccb9b591b9dfba6d1931ded21e,补充表从固定外预测计算；保留原packet与source_run，未重拟合。 补充派生来源=metrics_001
N1,N1__,L0,P_nat,HB,logistic,raw,bacc,0.5958278434121863,0.5886761344016732,0.6012613215053115,59.0,,43788.0,,unitless,macro candidate mean,fixed OOF candidate bootstrap; no refit,N1_core_001,771fd4ec025f2d2d846cbe5eae0f8e33dc543bccb9b591b9dfba6d1931ded21e,补充表从固定外预测计算；保留原packet与source_run，未重拟合。 补充派生来源=metrics_001
N1,N1__,L0,P_nat,HB,logistic,raw,auroc,0.836356937267181,0.81628277220478,0.8500195185560753,59.0,,43788.0,,unitless,macro candidate mean,fixed OOF candidate bootstrap; no refit,N1_core_001,771fd4ec025f2d2d846cbe5eae0f8e33dc543bccb9b591b9dfba6d1931ded21e,补充表从固定外预测计算；保留原packet与source_run，未重拟合。 补充派生来源=metrics_001
N1,N1__,L0,P_nat,HB,logistic,raw,brier_two_class_sum,0.2354838126168651,0.2235700401735865,0.2527077128816066,59.0,,43788.0,,unitless,macro candidate mean,fixed OOF candidate bootstrap; no refit,N1_core_001,771fd4ec025f2d2d846cbe5eae0f8e33dc543bccb9b591b9dfba6d1931ded21e,补充表从固定外预测计算；保留原packet与source_run，未重拟合。 补充派生来源=metrics_001
N1,N1__,L0,P_nat,HB,logistic,temperature,ce_bits,0.5176488654073991,0.4864012622352835,0.5630974596246463,59.0,,43788.0,,bits/trial,macro candidate mean,fixed OOF candidate bootstrap; no refit,N1_core_001,771fd4ec025f2d2d846cbe5eae0f8e33dc543bccb9b591b9dfba6d1931ded21e,补充表从固定外预测计算；保留原packet与source_run，未重拟合。 补充派生来源=metrics_001
N1,N1__,L0,P_nat,HB,logistic,temperature,bacc,0.5958278434121863,0.5886761344016732,0.6012613215053115,59.0,,43788.0,,unitless,macro candidate mean,fixed OOF candidate bootstrap; no refit,N1_core_001,771fd4ec025f2d2d846cbe5eae0f8e33dc543bccb9b591b9dfba6d1931ded21e,补充表从固定外预测计算；保留原packet与source_run，未重拟合。 补充派生来源=metrics_001
N1,N1__,L0,P_nat,HB,logistic,temperature,auroc,0.836356937267181,0.81628277220478,0.8500195185560753,59.0,,43788.0,,unitless,macro candidate mean,fixed OOF candidate bootstrap; no refit,N1_core_001,771fd4ec025f2d2d846cbe5eae0f8e33dc543bccb9b591b9dfba6d1931ded21e,补充表从固定外预测计算；保留原packet与source_run，未重拟合。 补充派生来源=metrics_001
N1,N1__,L0,P_nat,HB,logistic,temperature,brier_two_class_sum,0.2359367566052839,0.2232916602909611,0.2539470695074683,59.0,,43788.0,,unitless,macro candidate mean,fixed OOF candidate bootstrap; no refit,N1_core_001,771fd4ec025f2d2d846cbe5eae0f8e33dc543bccb9b591b9dfba6d1931ded21e,补充表从固定外预测计算；保留原packet与source_run，未重拟合。 补充派生来源=metrics_001
N1,N1__,L0,P_nat,HP,logistic,mixture_diagnostic,ce_bits,0.5174078787545053,0.4861857209069933,0.5630623408715435,59.0,,43788.0,,bits/trial,macro candidate mean,fixed OOF candidate bootstrap; no refit,N1_core_001,771fd4ec025f2d2d846cbe5eae0f8e33dc543bccb9b591b9dfba6d1931ded21e,补充表从固定外预测计算；保留原packet与source_run，未重拟合。 补充派生来源=metrics_001
N1,N1__,L0,P_nat,HP,logistic,mixture_diagnostic,bacc,0.5979792663040185,0.5905042533092109,0.6037612649604212,59.0,,43788.0,,unitless,macro candidate mean,fixed OOF candidate bootstrap; no refit,N1_core_001,771fd4ec025f2d2d846cbe5eae0f8e33dc543bccb9b591b9dfba6d1931ded21e,补充表从固定外预测计算；保留原packet与source_run，未重拟合。 补充派生来源=metrics_001
N1,N1__,L0,P_nat,HP,logistic,mixture_diagnostic,auroc,0.837058823691613,0.8168132919678577,0.8511785575194176,59.0,,43788.0,,unitless,macro candidate mean,fixed OOF candidate bootstrap; no refit,N1_core_001,771fd4ec025f2d2d846cbe5eae0f8e33dc543bccb9b591b9dfba6d1931ded21e,补充表从固定外预测计算；保留原packet与source_run，未重拟合。 补充派生来源=metrics_001
N1,N1__,L0,P_nat,HP,logistic,mixture_diagnostic,brier_two_class_sum,0.2358067553301693,0.2231302762133244,0.254056046193624,59.0,,43788.0,,unitless,macro candidate mean,fixed OOF candidate bootstrap; no refit,N1_core_001,771fd4ec025f2d2d846cbe5eae0f8e33dc543bccb9b591b9dfba6d1931ded21e,补充表从固定外预测计算；保留原packet与source_run，未重拟合。 补充派生来源=metrics_001
N1,N1__,L0,P_nat,HP,logistic,raw,ce_bits,0.5176684210096687,0.4898580021093286,0.5583872560325597,59.0,,43788.0,,bits/trial,macro candidate mean,fixed OOF candidate bootstrap; no refit,N1_core_001,771fd4ec025f2d2d846cbe5eae0f8e33dc543bccb9b591b9dfba6d1931ded21e,补充表从固定外预测计算；保留原packet与source_run，未重拟合。 补充派生来源=metrics_001
N1,N1__,L0,P_nat,HP,logistic,raw,bacc,0.5979792663040185,0.5905042533092109,0.6037612649604212,59.0,,43788.0,,unitless,macro candidate mean,fixed OOF candidate bootstrap; no refit,N1_core_001,771fd4ec025f2d2d846cbe5eae0f8e33dc543bccb9b591b9dfba6d1931ded21e,补充表从固定外预测计算；保留原packet与source_run，未重拟合。 补充派生来源=metrics_001
N1,N1__,L0,P_nat,HP,logistic,raw,auroc,0.837058823691613,0.8168132919678577,0.8511785575194176,59.0,,43788.0,,unitless,macro candidate mean,fixed OOF candidate bootstrap; no refit,N1_core_001,771fd4ec025f2d2d846cbe5eae0f8e33dc543bccb9b591b9dfba6d1931ded21e,补充表从固定外预测计算；保留原packet与source_run，未重拟合。 补充派生来源=metrics_001
N1,N1__,L0,P_nat,HP,logistic,raw,brier_two_class_sum,0.2353172984743988,0.2233188760377503,0.2527090476743178,59.0,,43788.0,,unitless,macro candidate mean,fixed OOF candidate bootstrap; no refit,N1_core_001,771fd4ec025f2d2d846cbe5eae0f8e33dc543bccb9b591b9dfba6d1931ded21e,补充表从固定外预测计算；保留原packet与source_run，未重拟合。 补充派生来源=metrics_001
N1,N1__,L0,P_nat,HP,logistic,temperature,ce_bits,0.5174078787545053,0.4861857209069933,0.5630623408715435,59.0,,43788.0,,bits/trial,macro candidate mean,fixed OOF candidate bootstrap; no refit,N1_core_001,771fd4ec025f2d2d846cbe5eae0f8e33dc543bccb9b591b9dfba6d1931ded21e,补充表从固定外预测计算；保留原packet与source_run，未重拟合。 补充派生来源=metrics_001
N1,N1__,L0,P_nat,HP,logistic,temperature,bacc,0.5979792663040185,0.5905042533092109,0.6037612649604212,59.0,,43788.0,,unitless,macro candidate mean,fixed OOF candidate bootstrap; no refit,N1_core_001,771fd4ec025f2d2d846cbe5eae0f8e33dc543bccb9b591b9dfba6d1931ded21e,补充表从固定外预测计算；保留原packet与source_run，未重拟合。 补充派生来源=metrics_001
N1,N1__,L0,P_nat,HP,logistic,temperature,auroc,0.837058823691613,0.8168132919678577,0.8511785575194176,59.0,,43788.0,,unitless,macro candidate mean,fixed OOF candidate bootstrap; no refit,N1_core_001,771fd4ec025f2d2d846cbe5eae0f8e33dc543bccb9b591b9dfba6d1931ded21e,补充表从固定外预测计算；保留原packet与source_run，未重拟合。 补充派生来源=metrics_001
N1,N1__,L0,P_nat,HP,logistic,temperature,brier_two_class_sum,0.2358067553301693,0.2231302762133244,0.254056046193624,59.0,,43788.0,,unitless,macro candidate mean,fixed OOF candidate bootstrap; no refit,N1_core_001,771fd4ec025f2d2d846cbe5eae0f8e33dc543bccb9b591b9dfba6d1931ded21e,补充表从固定外预测计算；保留原packet与source_run，未重拟合。 补充派生来源=metrics_001
N1,N1__,L0,P_nat,HPB,logistic,mixture_diagnostic,ce_bits,0.5181274930550498,0.4871033348511925,0.5633811225090242,59.0,,43788.0,,bits/trial,macro candidate mean,fixed OOF candidate bootstrap; no refit,N1_core_001,771fd4ec025f2d2d846cbe5eae0f8e33dc543bccb9b591b9dfba6d1931ded21e,补充表从固定外预测计算；保留原packet与source_run，未重拟合。 补充派生来源=metrics_001
N1,N1__,L0,P_nat,HPB,logistic,mixture_diagnostic,bacc,0.599367281157731,0.5920513104724775,0.6050064423495756,59.0,,43788.0,,unitless,macro candidate mean,fixed OOF candidate bootstrap; no refit,N1_core_001,771fd4ec025f2d2d846cbe5eae0f8e33dc543bccb9b591b9dfba6d1931ded21e,补充表从固定外预测计算；保留原packet与source_run，未重拟合。 补充派生来源=metrics_001
N1,N1__,L0,P_nat,HPB,logistic,mixture_diagnostic,auroc,0.8362033690013726,0.8159674173633492,0.8502142371015633,59.0,,43788.0,,unitless,macro candidate mean,fixed OOF candidate bootstrap; no refit,N1_core_001,771fd4ec025f2d2d846cbe5eae0f8e33dc543bccb9b591b9dfba6d1931ded21e,补充表从固定外预测计算；保留原packet与source_run，未重拟合。 补充派生来源=metrics_001
N1,N1__,L0,P_nat,HPB,logistic,mixture_diagnostic,brier_two_class_sum,0.2361315893774981,0.2235013937139769,0.2542343559615099,59.0,,43788.0,,unitless,macro candidate mean,fixed OOF candidate bootstrap; no refit,N1_core_001,771fd4ec025f2d2d846cbe5eae0f8e33dc543bccb9b591b9dfba6d1931ded21e,补充表从固定外预测计算；保留原packet与source_run，未重拟合。 补充派生来源=metrics_001
N1,N1__,L0,P_nat,HPB,logistic,raw,ce_bits,0.5183635251736755,0.4904409413917219,0.5591412193094794,59.0,,43788.0,,bits/trial,macro candidate mean,fixed OOF candidate bootstrap; no refit,N1_core_001,771fd4ec025f2d2d846cbe5eae0f8e33dc543bccb9b591b9dfba6d1931ded21e,补充表从固定外预测计算；保留原packet与source_run，未重拟合。 补充派生来源=metrics_001
N1,N1__,L0,P_nat,HPB,logistic,raw,bacc,0.599367281157731,0.5920513104724775,0.6050064423495756,59.0,,43788.0,,unitless,macro candidate mean,fixed OOF candidate bootstrap; no refit,N1_core_001,771fd4ec025f2d2d846cbe5eae0f8e33dc543bccb9b591b9dfba6d1931ded21e,补充表从固定外预测计算；保留原packet与source_run，未重拟合。 补充派生来源=metrics_001
N1,N1__,L0,P_nat,HPB,logistic,raw,auroc,0.8362033690013726,0.8159674173633492,0.8502142371015633,59.0,,43788.0,,unitless,macro candidate mean,fixed OOF candidate bootstrap; no refit,N1_core_001,771fd4ec025f2d2d846cbe5eae0f8e33dc543bccb9b591b9dfba6d1931ded21e,补充表从固定外预测计算；保留原packet与source_run，未重拟合。 补充派生来源=metrics_001
N1,N1__,L0,P_nat,HPB,logistic,raw,brier_two_class_sum,0.2356814149470569,0.2236869946349797,0.2529940336105218,59.0,,43788.0,,unitless,macro candidate mean,fixed OOF candidate bootstrap; no refit,N1_core_001,771fd4ec025f2d2d846cbe5eae0f8e33dc543bccb9b591b9dfba6d1931ded21e,补充表从固定外预测计算；保留原packet与source_run，未重拟合。 补充派生来源=metrics_001
N1,N1__,L0,P_nat,HPB,logistic,temperature,ce_bits,0.5181274930550498,0.4871033348511925,0.5633811225090242,59.0,,43788.0,,bits/trial,macro candidate mean,fixed OOF candidate bootstrap; no refit,N1_core_001,771fd4ec025f2d2d846cbe5eae0f8e33dc543bccb9b591b9dfba6d1931ded21e,补充表从固定外预测计算；保留原packet与source_run，未重拟合。 补充派生来源=metrics_001
N1,N1__,L0,P_nat,HPB,logistic,temperature,bacc,0.599367281157731,0.5920513104724775,0.6050064423495756,59.0,,43788.0,,unitless,macro candidate mean,fixed OOF candidate bootstrap; no refit,N1_core_001,771fd4ec025f2d2d846cbe5eae0f8e33dc543bccb9b591b9dfba6d1931ded21e,补充表从固定外预测计算；保留原packet与source_run，未重拟合。 补充派生来源=metrics_001
N1,N1__,L0,P_nat,HPB,logistic,temperature,auroc,0.8362033690013726,0.8159674173633492,0.8502142371015633,59.0,,43788.0,,unitless,macro candidate mean,fixed OOF candidate bootstrap; no refit,N1_core_001,771fd4ec025f2d2d846cbe5eae0f8e33dc543bccb9b591b9dfba6d1931ded21e,补充表从固定外预测计算；保留原packet与source_run，未重拟合。 补充派生来源=metrics_001
N1,N1__,L0,P_nat,HPB,logistic,temperature,brier_two_class_sum,0.2361315893774981,0.2235013937139769,0.2542343559615099,59.0,,43788.0,,unitless,macro candidate mean,fixed OOF candidate bootstrap; no refit,N1_core_001,771fd4ec025f2d2d846cbe5eae0f8e33dc543bccb9b591b9dfba6d1931ded21e,补充表从固定外预测计算；保留原packet与source_run，未重拟合。 补充派生来源=metrics_001
N1,N1__,L0,P_nat,HPBnoise,logistic,mixture_diagnostic,ce_bits,0.5176662977419385,0.4867514928816455,0.562998157066107,59.0,,43788.0,,bits/trial,macro candidate mean,fixed OOF candidate bootstrap; no refit,N1_core_001,771fd4ec025f2d2d846cbe5eae0f8e33dc543bccb9b591b9dfba6d1931ded21e,补充表从固定外预测计算；保留原packet与source_run，未重拟合。 补充派生来源=metrics_001
N1,N1__,L0,P_nat,HPBnoise,logistic,mixture_diagnostic,bacc,0.5992065159831401,0.5917133733371861,0.6049707320720076,59.0,,43788.0,,unitless,macro candidate mean,fixed OOF candidate bootstrap; no refit,N1_core_001,771fd4ec025f2d2d846cbe5eae0f8e33dc543bccb9b591b9dfba6d1931ded21e,补充表从固定外预测计算；保留原packet与source_run，未重拟合。 补充派生来源=metrics_001
N1,N1__,L0,P_nat,HPBnoise,logistic,mixture_diagnostic,auroc,0.8366066319261156,0.8164213168932467,0.8508246211915002,59.0,,43788.0,,unitless,macro candidate mean,fixed OOF candidate bootstrap; no refit,N1_core_001,771fd4ec025f2d2d846cbe5eae0f8e33dc543bccb9b591b9dfba6d1931ded21e,补充表从固定外预测计算；保留原packet与source_run，未重拟合。 补充派生来源=metrics_001
N1,N1__,L0,P_nat,HPBnoise,logistic,mixture_diagnostic,brier_two_class_sum,0.2359622026768336,0.223387302167843,0.2541546026354419,59.0,,43788.0,,unitless,macro candidate mean,fixed OOF candidate bootstrap; no refit,N1_core_001,771fd4ec025f2d2d846cbe5eae0f8e33dc543bccb9b591b9dfba6d1931ded21e,补充表从固定外预测计算；保留原packet与source_run，未重拟合。 补充派生来源=metrics_001
N1,N1__,L0,P_nat,HPBnoise,logistic,raw,ce_bits,0.5178796431152287,0.4901895924384723,0.5584034927896325,59.0,,43788.0,,bits/trial,macro candidate mean,fixed OOF candidate bootstrap; no refit,N1_core_001,771fd4ec025f2d2d846cbe5eae0f8e33dc543bccb9b591b9dfba6d1931ded21e,补充表从固定外预测计算；保留原packet与source_run，未重拟合。 补充派生来源=metrics_001
N1,N1__,L0,P_nat,HPBnoise,logistic,raw,bacc,0.5992065159831401,0.5917133733371861,0.6049707320720076,59.0,,43788.0,,unitless,macro candidate mean,fixed OOF candidate bootstrap; no refit,N1_core_001,771fd4ec025f2d2d846cbe5eae0f8e33dc543bccb9b591b9dfba6d1931ded21e,补充表从固定外预测计算；保留原packet与source_run，未重拟合。 补充派生来源=metrics_001
N1,N1__,L0,P_nat,HPBnoise,logistic,raw,auroc,0.8366066319261156,0.8164213168932467,0.8508246211915002,59.0,,43788.0,,unitless,macro candidate mean,fixed OOF candidate bootstrap; no refit,N1_core_001,771fd4ec025f2d2d846cbe5eae0f8e33dc543bccb9b591b9dfba6d1931ded21e,补充表从固定外预测计算；保留原packet与source_run，未重拟合。 补充派生来源=metrics_001
N1,N1__,L0,P_nat,HPBnoise,logistic,raw,brier_two_class_sum,0.2354746188843712,0.2235605014246889,0.2527160805729879,59.0,,43788.0,,unitless,macro candidate mean,fixed OOF candidate bootstrap; no refit,N1_core_001,771fd4ec025f2d2d846cbe5eae0f8e33dc543bccb9b591b9dfba6d1931ded21e,补充表从固定外预测计算；保留原packet与source_run，未重拟合。 补充派生来源=metrics_001
N1,N1__,L0,P_nat,HPBnoise,logistic,temperature,ce_bits,0.5176662977419385,0.4867514928816455,0.562998157066107,59.0,,43788.0,,bits/trial,macro candidate mean,fixed OOF candidate bootstrap; no refit,N1_core_001,771fd4ec025f2d2d846cbe5eae0f8e33dc543bccb9b591b9dfba6d1931ded21e,补充表从固定外预测计算；保留原packet与source_run，未重拟合。 补充派生来源=metrics_001
N1,N1__,L0,P_nat,HPBnoise,logistic,temperature,bacc,0.5992065159831401,0.5917133733371861,0.6049707320720076,59.0,,43788.0,,unitless,macro candidate mean,fixed OOF candidate bootstrap; no refit,N1_core_001,771fd4ec025f2d2d846cbe5eae0f8e33dc543bccb9b591b9dfba6d1931ded21e,补充表从固定外预测计算；保留原packet与source_run，未重拟合。 补充派生来源=metrics_001
N1,N1__,L0,P_nat,HPBnoise,logistic,temperature,auroc,0.8366066319261156,0.8164213168932467,0.8508246211915002,59.0,,43788.0,,unitless,macro candidate mean,fixed OOF candidate bootstrap; no refit,N1_core_001,771fd4ec025f2d2d846cbe5eae0f8e33dc543bccb9b591b9dfba6d1931ded21e,补充表从固定外预测计算；保留原packet与source_run，未重拟合。 补充派生来源=metrics_001
N1,N1__,L0,P_nat,HPBnoise,logistic,temperature,brier_two_class_sum,0.2359622026768336,0.223387302167843,0.2541546026354419,59.0,,43788.0,,unitless,macro candidate mean,fixed OOF candidate bootstrap; no refit,N1_core_001,771fd4ec025f2d2d846cbe5eae0f8e33dc543bccb9b591b9dfba6d1931ded21e,补充表从固定外预测计算；保留原packet与source_run，未重拟合。 补充派生来源=metrics_001
N1,N1__,L0,P_nat,HPP,logistic,mixture_diagnostic,ce_bits,0.5174557076517331,0.4862879444383458,0.5631087844167438,59.0,,43788.0,,bits/trial,macro candidate mean,fixed OOF candidate bootstrap; no refit,N1_core_001,771fd4ec025f2d2d846cbe5eae0f8e33dc543bccb9b591b9dfba6d1931ded21e,补充表从固定外预测计算；保留原packet与source_run，未重拟合。 补充派生来源=metrics_001
N1,N1__,L0,P_nat,HPP,logistic,mixture_diagnostic,bacc,0.5979612809956782,0.5905576335636846,0.6037803204728562,59.0,,43788.0,,unitless,macro candidate mean,fixed OOF candidate bootstrap; no refit,N1_core_001,771fd4ec025f2d2d846cbe5eae0f8e33dc543bccb9b591b9dfba6d1931ded21e,补充表从固定外预测计算；保留原packet与source_run，未重拟合。 补充派生来源=metrics_001
N1,N1__,L0,P_nat,HPP,logistic,mixture_diagnostic,auroc,0.8369990756214091,0.8167525670952913,0.8511198919856301,59.0,,43788.0,,unitless,macro candidate mean,fixed OOF candidate bootstrap; no refit,N1_core_001,771fd4ec025f2d2d846cbe5eae0f8e33dc543bccb9b591b9dfba6d1931ded21e,补充表从固定外预测计算；保留原packet与source_run，未重拟合。 补充派生来源=metrics_001
N1,N1__,L0,P_nat,HPP,logistic,mixture_diagnostic,brier_two_class_sum,0.235828151385304,0.2231489262395226,0.2540867773705462,59.0,,43788.0,,unitless,macro candidate mean,fixed OOF candidate bootstrap; no refit,N1_core_001,771fd4ec025f2d2d846cbe5eae0f8e33dc543bccb9b591b9dfba6d1931ded21e,补充表从固定外预测计算；保留原packet与source_run，未重拟合。 补充派生来源=metrics_001
N1,N1__,L0,P_nat,HPP,logistic,raw,ce_bits,0.5177118911732955,0.4898915746748538,0.558442801021723,59.0,,43788.0,,bits/trial,macro candidate mean,fixed OOF candidate bootstrap; no refit,N1_core_001,771fd4ec025f2d2d846cbe5eae0f8e33dc543bccb9b591b9dfba6d1931ded21e,补充表从固定外预测计算；保留原packet与source_run，未重拟合。 补充派生来源=metrics_001
N1,N1__,L0,P_nat,HPP,logistic,raw,bacc,0.5979612809956782,0.5905576335636846,0.6037803204728562,59.0,,43788.0,,unitless,macro candidate mean,fixed OOF candidate bootstrap; no refit,N1_core_001,771fd4ec025f2d2d846cbe5eae0f8e33dc543bccb9b591b9dfba6d1931ded21e,补充表从固定外预测计算；保留原packet与source_run，未重拟合。 补充派生来源=metrics_001
N1,N1__,L0,P_nat,HPP,logistic,raw,auroc,0.8369990756214091,0.8167525670952913,0.8511198919856301,59.0,,43788.0,,unitless,macro candidate mean,fixed OOF candidate bootstrap; no refit,N1_core_001,771fd4ec025f2d2d846cbe5eae0f8e33dc543bccb9b591b9dfba6d1931ded21e,补充表从固定外预测计算；保留原packet与source_run，未重拟合。 补充派生来源=metrics_001
N1,N1__,L0,P_nat,HPP,logistic,raw,brier_two_class_sum,0.2353409922471519,0.2233489520242852,0.2527336532280427,59.0,,43788.0,,unitless,macro candidate mean,fixed OOF candidate bootstrap; no refit,N1_core_001,771fd4ec025f2d2d846cbe5eae0f8e33dc543bccb9b591b9dfba6d1931ded21e,补充表从固定外预测计算；保留原packet与source_run，未重拟合。 补充派生来源=metrics_001
N1,N1__,L0,P_nat,HPP,logistic,temperature,ce_bits,0.5174557076517331,0.4862879444383458,0.5631087844167438,59.0,,43788.0,,bits/trial,macro candidate mean,fixed OOF candidate bootstrap; no refit,N1_core_001,771fd4ec025f2d2d846cbe5eae0f8e33dc543bccb9b591b9dfba6d1931ded21e,补充表从固定外预测计算；保留原packet与source_run，未重拟合。 补充派生来源=metrics_001
N1,N1__,L0,P_nat,HPP,logistic,temperature,bacc,0.5979612809956782,0.5905576335636846,0.6037803204728562,59.0,,43788.0,,unitless,macro candidate mean,fixed OOF candidate bootstrap; no refit,N1_core_001,771fd4ec025f2d2d846cbe5eae0f8e33dc543bccb9b591b9dfba6d1931ded21e,补充表从固定外预测计算；保留原packet与source_run，未重拟合。 补充派生来源=metrics_001
N1,N1__,L0,P_nat,HPP,logistic,temperature,auroc,0.8369990756214091,0.8167525670952913,0.8511198919856301,59.0,,43788.0,,unitless,macro candidate mean,fixed OOF candidate bootstrap; no refit,N1_core_001,771fd4ec025f2d2d846cbe5eae0f8e33dc543bccb9b591b9dfba6d1931ded21e,补充表从固定外预测计算；保留原packet与source_run，未重拟合。 补充派生来源=metrics_001
N1,N1__,L0,P_nat,HPP,logistic,temperature,brier_two_class_sum,0.235828151385304,0.2231489262395226,0.2540867773705462,59.0,,43788.0,,unitless,macro candidate mean,fixed OOF candidate bootstrap; no refit,N1_core_001,771fd4ec025f2d2d846cbe5eae0f8e33dc543bccb9b591b9dfba6d1931ded21e,补充表从固定外预测计算；保留原packet与source_run，未重拟合。 补充派生来源=metrics_001
N1,N1__,R_SIM,P_bal,H,logistic,mixture_diagnostic,ce_bits,0.6816646689589353,0.615715531370024,0.7817816728054325,59.0,,43788.0,,bits/trial,macro candidate mean,fixed OOF candidate bootstrap; no refit,N1_core_001,771fd4ec025f2d2d846cbe5eae0f8e33dc543bccb9b591b9dfba6d1931ded21e,补充表从固定外预测计算；保留原packet与source_run，未重拟合。 补充派生来源=metrics_001
N1,N1__,R_SIM,P_bal,H,logistic,mixture_diagnostic,J_bits,0.3183353310410647,0.21821832719456746,0.384284468629976,59.0,,43788.0,,bits/trial,macro candidate mean,fixed OOF candidate bootstrap; no refit,N1_core_001,771fd4ec025f2d2d846cbe5eae0f8e33dc543bccb9b591b9dfba6d1931ded21e,补充表从固定外预测计算；保留原packet与source_run，未重拟合。 补充派生来源=metrics_001 P_bal二分类先验CE=1，J及区间仅精确代数变换；无新bootstrap/fit。
N1,N1__,R_SIM,P_bal,H,logistic,mixture_diagnostic,bacc,0.7592954109045562,0.7434866670636346,0.7706574442969031,59.0,,43788.0,,unitless,macro candidate mean,fixed OOF candidate bootstrap; no refit,N1_core_001,771fd4ec025f2d2d846cbe5eae0f8e33dc543bccb9b591b9dfba6d1931ded21e,补充表从固定外预测计算；保留原packet与source_run，未重拟合。 补充派生来源=metrics_001
N1,N1__,R_SIM,P_bal,H,logistic,mixture_diagnostic,auroc,0.8426594105099581,0.8225383871706956,0.8565309511949266,59.0,,43788.0,,unitless,macro candidate mean,fixed OOF candidate bootstrap; no refit,N1_core_001,771fd4ec025f2d2d846cbe5eae0f8e33dc543bccb9b591b9dfba6d1931ded21e,补充表从固定外预测计算；保留原packet与source_run，未重拟合。 补充派生来源=metrics_001
N1,N1__,R_SIM,P_bal,H,logistic,mixture_diagnostic,brier_two_class_sum,0.3134634416277177,0.2938069064323975,0.3424542507998204,59.0,,43788.0,,unitless,macro candidate mean,fixed OOF candidate bootstrap; no refit,N1_core_001,771fd4ec025f2d2d846cbe5eae0f8e33dc543bccb9b591b9dfba6d1931ded21e,补充表从固定外预测计算；保留原packet与source_run，未重拟合。 补充派生来源=metrics_001
N1,N1__,R_SIM,P_bal,H,logistic,raw,ce_bits,0.6784942931111156,0.6288133523034758,0.7530002928833428,59.0,,43788.0,,bits/trial,macro candidate mean,fixed OOF candidate bootstrap; no refit,N1_core_001,771fd4ec025f2d2d846cbe5eae0f8e33dc543bccb9b591b9dfba6d1931ded21e,补充表从固定外预测计算；保留原packet与source_run，未重拟合。 补充派生来源=metrics_001
N1,N1__,R_SIM,P_bal,H,logistic,raw,J_bits,0.32150570688888436,0.2469997071166572,0.3711866476965242,59.0,,43788.0,,bits/trial,macro candidate mean,fixed OOF candidate bootstrap; no refit,N1_core_001,771fd4ec025f2d2d846cbe5eae0f8e33dc543bccb9b591b9dfba6d1931ded21e,补充表从固定外预测计算；保留原packet与source_run，未重拟合。 补充派生来源=metrics_001 P_bal二分类先验CE=1，J及区间仅精确代数变换；无新bootstrap/fit。
N1,N1__,R_SIM,P_bal,H,logistic,raw,bacc,0.7592954109045562,0.7434866670636346,0.7706574442969031,59.0,,43788.0,,unitless,macro candidate mean,fixed OOF candidate bootstrap; no refit,N1_core_001,771fd4ec025f2d2d846cbe5eae0f8e33dc543bccb9b591b9dfba6d1931ded21e,补充表从固定外预测计算；保留原packet与source_run，未重拟合。 补充派生来源=metrics_001
N1,N1__,R_SIM,P_bal,H,logistic,raw,auroc,0.8426594105099581,0.8225383871706956,0.8565309511949266,59.0,,43788.0,,unitless,macro candidate mean,fixed OOF candidate bootstrap; no refit,N1_core_001,771fd4ec025f2d2d846cbe5eae0f8e33dc543bccb9b591b9dfba6d1931ded21e,补充表从固定外预测计算；保留原packet与source_run，未重拟合。 补充派生来源=metrics_001
N1,N1__,R_SIM,P_bal,H,logistic,raw,brier_two_class_sum,0.3132558792309157,0.2948825385451167,0.3404888359306295,59.0,,43788.0,,unitless,macro candidate mean,fixed OOF candidate bootstrap; no refit,N1_core_001,771fd4ec025f2d2d846cbe5eae0f8e33dc543bccb9b591b9dfba6d1931ded21e,补充表从固定外预测计算；保留原packet与source_run，未重拟合。 补充派生来源=metrics_001
N1,N1__,R_SIM,P_bal,H,logistic,temperature,ce_bits,0.6816646689589353,0.615715531370024,0.7817816728054325,59.0,,43788.0,,bits/trial,macro candidate mean,fixed OOF candidate bootstrap; no refit,N1_core_001,771fd4ec025f2d2d846cbe5eae0f8e33dc543bccb9b591b9dfba6d1931ded21e,补充表从固定外预测计算；保留原packet与source_run，未重拟合。 补充派生来源=metrics_001
N1,N1__,R_SIM,P_bal,H,logistic,temperature,J_bits,0.3183353310410647,0.21821832719456746,0.384284468629976,59.0,,43788.0,,bits/trial,macro candidate mean,fixed OOF candidate bootstrap; no refit,N1_core_001,771fd4ec025f2d2d846cbe5eae0f8e33dc543bccb9b591b9dfba6d1931ded21e,补充表从固定外预测计算；保留原packet与source_run，未重拟合。 补充派生来源=metrics_001 P_bal二分类先验CE=1，J及区间仅精确代数变换；无新bootstrap/fit。
N1,N1__,R_SIM,P_bal,H,logistic,temperature,bacc,0.7592954109045562,0.7434866670636346,0.7706574442969031,59.0,,43788.0,,unitless,macro candidate mean,fixed OOF candidate bootstrap; no refit,N1_core_001,771fd4ec025f2d2d846cbe5eae0f8e33dc543bccb9b591b9dfba6d1931ded21e,补充表从固定外预测计算；保留原packet与source_run，未重拟合。 补充派生来源=metrics_001
N1,N1__,R_SIM,P_bal,H,logistic,temperature,auroc,0.8426594105099581,0.8225383871706956,0.8565309511949266,59.0,,43788.0,,unitless,macro candidate mean,fixed OOF candidate bootstrap; no refit,N1_core_001,771fd4ec025f2d2d846cbe5eae0f8e33dc543bccb9b591b9dfba6d1931ded21e,补充表从固定外预测计算；保留原packet与source_run，未重拟合。 补充派生来源=metrics_001
N1,N1__,R_SIM,P_bal,H,logistic,temperature,brier_two_class_sum,0.3134634416277177,0.2938069064323975,0.3424542507998204,59.0,,43788.0,,unitless,macro candidate mean,fixed OOF candidate bootstrap; no refit,N1_core_001,771fd4ec025f2d2d846cbe5eae0f8e33dc543bccb9b591b9dfba6d1931ded21e,补充表从固定外预测计算；保留原packet与source_run，未重拟合。 补充派生来源=metrics_001
N1,N1__,R_SIM,P_bal,HB,logistic,mixture_diagnostic,ce_bits,0.6838943264566825,0.6188922967096954,0.782448542549118,59.0,,43788.0,,bits/trial,macro candidate mean,fixed OOF candidate bootstrap; no refit,N1_core_001,771fd4ec025f2d2d846cbe5eae0f8e33dc543bccb9b591b9dfba6d1931ded21e,补充表从固定外预测计算；保留原packet与source_run，未重拟合。 补充派生来源=metrics_001
N1,N1__,R_SIM,P_bal,HB,logistic,mixture_diagnostic,J_bits,0.31610567354331753,0.217551457450882,0.38110770329030463,59.0,,43788.0,,bits/trial,macro candidate mean,fixed OOF candidate bootstrap; no refit,N1_core_001,771fd4ec025f2d2d846cbe5eae0f8e33dc543bccb9b591b9dfba6d1931ded21e,补充表从固定外预测计算；保留原packet与source_run，未重拟合。 补充派生来源=metrics_001 P_bal二分类先验CE=1，J及区间仅精确代数变换；无新bootstrap/fit。
N1,N1__,R_SIM,P_bal,HB,logistic,mixture_diagnostic,bacc,0.7492669970902255,0.7342271551742174,0.7600482167303835,59.0,,43788.0,,unitless,macro candidate mean,fixed OOF candidate bootstrap; no refit,N1_core_001,771fd4ec025f2d2d846cbe5eae0f8e33dc543bccb9b591b9dfba6d1931ded21e,补充表从固定外预测计算；保留原packet与source_run，未重拟合。 补充派生来源=metrics_001
N1,N1__,R_SIM,P_bal,HB,logistic,mixture_diagnostic,auroc,0.8393038938957568,0.8191797665069275,0.8529750079485758,59.0,,43788.0,,unitless,macro candidate mean,fixed OOF candidate bootstrap; no refit,N1_core_001,771fd4ec025f2d2d846cbe5eae0f8e33dc543bccb9b591b9dfba6d1931ded21e,补充表从固定外预测计算；保留原packet与source_run，未重拟合。 补充派生来源=metrics_001
N1,N1__,R_SIM,P_bal,HB,logistic,mixture_diagnostic,brier_two_class_sum,0.3149760432209402,0.2953253994462756,0.3438934725508127,59.0,,43788.0,,unitless,macro candidate mean,fixed OOF candidate bootstrap; no refit,N1_core_001,771fd4ec025f2d2d846cbe5eae0f8e33dc543bccb9b591b9dfba6d1931ded21e,补充表从固定外预测计算；保留原packet与source_run，未重拟合。 补充派生来源=metrics_001
N1,N1__,R_SIM,P_bal,HB,logistic,raw,ce_bits,0.6805251649863637,0.6307227502512999,0.7554248971363585,59.0,,43788.0,,bits/trial,macro candidate mean,fixed OOF candidate bootstrap; no refit,N1_core_001,771fd4ec025f2d2d846cbe5eae0f8e33dc543bccb9b591b9dfba6d1931ded21e,补充表从固定外预测计算；保留原packet与source_run，未重拟合。 补充派生来源=metrics_001
N1,N1__,R_SIM,P_bal,HB,logistic,raw,J_bits,0.31947483501363627,0.24457510286364148,0.36927724974870013,59.0,,43788.0,,bits/trial,macro candidate mean,fixed OOF candidate bootstrap; no refit,N1_core_001,771fd4ec025f2d2d846cbe5eae0f8e33dc543bccb9b591b9dfba6d1931ded21e,补充表从固定外预测计算；保留原packet与source_run，未重拟合。 补充派生来源=metrics_001 P_bal二分类先验CE=1，J及区间仅精确代数变换；无新bootstrap/fit。
N1,N1__,R_SIM,P_bal,HB,logistic,raw,bacc,0.7492669970902255,0.7342271551742174,0.7600482167303835,59.0,,43788.0,,unitless,macro candidate mean,fixed OOF candidate bootstrap; no refit,N1_core_001,771fd4ec025f2d2d846cbe5eae0f8e33dc543bccb9b591b9dfba6d1931ded21e,补充表从固定外预测计算；保留原packet与source_run，未重拟合。 补充派生来源=metrics_001
N1,N1__,R_SIM,P_bal,HB,logistic,raw,auroc,0.8393038938957568,0.8191797665069275,0.8529750079485758,59.0,,43788.0,,unitless,macro candidate mean,fixed OOF candidate bootstrap; no refit,N1_core_001,771fd4ec025f2d2d846cbe5eae0f8e33dc543bccb9b591b9dfba6d1931ded21e,补充表从固定外预测计算；保留原packet与source_run，未重拟合。 补充派生来源=metrics_001
N1,N1__,R_SIM,P_bal,HB,logistic,raw,brier_two_class_sum,0.3144836325642977,0.2960902601218889,0.3417370505665921,59.0,,43788.0,,unitless,macro candidate mean,fixed OOF candidate bootstrap; no refit,N1_core_001,771fd4ec025f2d2d846cbe5eae0f8e33dc543bccb9b591b9dfba6d1931ded21e,补充表从固定外预测计算；保留原packet与source_run，未重拟合。 补充派生来源=metrics_001
N1,N1__,R_SIM,P_bal,HB,logistic,temperature,ce_bits,0.6838943264566825,0.6188922967096954,0.782448542549118,59.0,,43788.0,,bits/trial,macro candidate mean,fixed OOF candidate bootstrap; no refit,N1_core_001,771fd4ec025f2d2d846cbe5eae0f8e33dc543bccb9b591b9dfba6d1931ded21e,补充表从固定外预测计算；保留原packet与source_run，未重拟合。 补充派生来源=metrics_001
N1,N1__,R_SIM,P_bal,HB,logistic,temperature,J_bits,0.31610567354331753,0.217551457450882,0.38110770329030463,59.0,,43788.0,,bits/trial,macro candidate mean,fixed OOF candidate bootstrap; no refit,N1_core_001,771fd4ec025f2d2d846cbe5eae0f8e33dc543bccb9b591b9dfba6d1931ded21e,补充表从固定外预测计算；保留原packet与source_run，未重拟合。 补充派生来源=metrics_001 P_bal二分类先验CE=1，J及区间仅精确代数变换；无新bootstrap/fit。
N1,N1__,R_SIM,P_bal,HB,logistic,temperature,bacc,0.7492669970902255,0.7342271551742174,0.7600482167303835,59.0,,43788.0,,unitless,macro candidate mean,fixed OOF candidate bootstrap; no refit,N1_core_001,771fd4ec025f2d2d846cbe5eae0f8e33dc543bccb9b591b9dfba6d1931ded21e,补充表从固定外预测计算；保留原packet与source_run，未重拟合。 补充派生来源=metrics_001
N1,N1__,R_SIM,P_bal,HB,logistic,temperature,auroc,0.8393038938957568,0.8191797665069275,0.8529750079485758,59.0,,43788.0,,unitless,macro candidate mean,fixed OOF candidate bootstrap; no refit,N1_core_001,771fd4ec025f2d2d846cbe5eae0f8e33dc543bccb9b591b9dfba6d1931ded21e,补充表从固定外预测计算；保留原packet与source_run，未重拟合。 补充派生来源=metrics_001
N1,N1__,R_SIM,P_bal,HB,logistic,temperature,brier_two_class_sum,0.3149760432209402,0.2953253994462756,0.3438934725508127,59.0,,43788.0,,unitless,macro candidate mean,fixed OOF candidate bootstrap; no refit,N1_core_001,771fd4ec025f2d2d846cbe5eae0f8e33dc543bccb9b591b9dfba6d1931ded21e,补充表从固定外预测计算；保留原packet与source_run，未重拟合。 补充派生来源=metrics_001
N1,N1__,R_SIM,P_bal,HP,logistic,mixture_diagnostic,ce_bits,0.681940301899874,0.6169501731939675,0.7803372185551298,59.0,,43788.0,,bits/trial,macro candidate mean,fixed OOF candidate bootstrap; no refit,N1_core_001,771fd4ec025f2d2d846cbe5eae0f8e33dc543bccb9b591b9dfba6d1931ded21e,补充表从固定外预测计算；保留原packet与source_run，未重拟合。 补充派生来源=metrics_001
N1,N1__,R_SIM,P_bal,HP,logistic,mixture_diagnostic,J_bits,0.318059698100126,0.21966278144487017,0.3830498268060325,59.0,,43788.0,,bits/trial,macro candidate mean,fixed OOF candidate bootstrap; no refit,N1_core_001,771fd4ec025f2d2d846cbe5eae0f8e33dc543bccb9b591b9dfba6d1931ded21e,补充表从固定外预测计算；保留原packet与source_run，未重拟合。 补充派生来源=metrics_001 P_bal二分类先验CE=1，J及区间仅精确代数变换；无新bootstrap/fit。
N1,N1__,R_SIM,P_bal,HP,logistic,mixture_diagnostic,bacc,0.7517139649300288,0.7360797866731087,0.7628817333234947,59.0,,43788.0,,unitless,macro candidate mean,fixed OOF candidate bootstrap; no refit,N1_core_001,771fd4ec025f2d2d846cbe5eae0f8e33dc543bccb9b591b9dfba6d1931ded21e,补充表从固定外预测计算；保留原packet与source_run，未重拟合。 补充派生来源=metrics_001
N1,N1__,R_SIM,P_bal,HP,logistic,mixture_diagnostic,auroc,0.8408365737178469,0.8207036704559921,0.854716989647904,59.0,,43788.0,,unitless,macro candidate mean,fixed OOF candidate bootstrap; no refit,N1_core_001,771fd4ec025f2d2d846cbe5eae0f8e33dc543bccb9b591b9dfba6d1931ded21e,补充表从固定外预测计算；保留原packet与source_run，未重拟合。 补充派生来源=metrics_001
N1,N1__,R_SIM,P_bal,HP,logistic,mixture_diagnostic,brier_two_class_sum,0.3138905798794775,0.2941295662281959,0.3428090453627689,59.0,,43788.0,,unitless,macro candidate mean,fixed OOF candidate bootstrap; no refit,N1_core_001,771fd4ec025f2d2d846cbe5eae0f8e33dc543bccb9b591b9dfba6d1931ded21e,补充表从固定外预测计算；保留原packet与source_run，未重拟合。 补充派生来源=metrics_001
N1,N1__,R_SIM,P_bal,HP,logistic,raw,ce_bits,0.6784803639919306,0.6288422744235285,0.7526704408804248,59.0,,43788.0,,bits/trial,macro candidate mean,fixed OOF candidate bootstrap; no refit,N1_core_001,771fd4ec025f2d2d846cbe5eae0f8e33dc543bccb9b591b9dfba6d1931ded21e,补充表从固定外预测计算；保留原packet与source_run，未重拟合。 补充派生来源=metrics_001
N1,N1__,R_SIM,P_bal,HP,logistic,raw,J_bits,0.32151963600806943,0.24732955911957522,0.37115772557647153,59.0,,43788.0,,bits/trial,macro candidate mean,fixed OOF candidate bootstrap; no refit,N1_core_001,771fd4ec025f2d2d846cbe5eae0f8e33dc543bccb9b591b9dfba6d1931ded21e,补充表从固定外预测计算；保留原packet与source_run，未重拟合。 补充派生来源=metrics_001 P_bal二分类先验CE=1，J及区间仅精确代数变换；无新bootstrap/fit。
N1,N1__,R_SIM,P_bal,HP,logistic,raw,bacc,0.7517139649300288,0.7360797866731087,0.7628817333234947,59.0,,43788.0,,unitless,macro candidate mean,fixed OOF candidate bootstrap; no refit,N1_core_001,771fd4ec025f2d2d846cbe5eae0f8e33dc543bccb9b591b9dfba6d1931ded21e,补充表从固定外预测计算；保留原packet与source_run，未重拟合。 补充派生来源=metrics_001
N1,N1__,R_SIM,P_bal,HP,logistic,raw,auroc,0.8408365737178469,0.8207036704559921,0.854716989647904,59.0,,43788.0,,unitless,macro candidate mean,fixed OOF candidate bootstrap; no refit,N1_core_001,771fd4ec025f2d2d846cbe5eae0f8e33dc543bccb9b591b9dfba6d1931ded21e,补充表从固定外预测计算；保留原packet与source_run，未重拟合。 补充派生来源=metrics_001
N1,N1__,R_SIM,P_bal,HP,logistic,raw,brier_two_class_sum,0.3133603738131396,0.2948885538007614,0.3406237102230979,59.0,,43788.0,,unitless,macro candidate mean,fixed OOF candidate bootstrap; no refit,N1_core_001,771fd4ec025f2d2d846cbe5eae0f8e33dc543bccb9b591b9dfba6d1931ded21e,补充表从固定外预测计算；保留原packet与source_run，未重拟合。 补充派生来源=metrics_001
N1,N1__,R_SIM,P_bal,HP,logistic,temperature,ce_bits,0.681940301899874,0.6169501731939675,0.7803372185551298,59.0,,43788.0,,bits/trial,macro candidate mean,fixed OOF candidate bootstrap; no refit,N1_core_001,771fd4ec025f2d2d846cbe5eae0f8e33dc543bccb9b591b9dfba6d1931ded21e,补充表从固定外预测计算；保留原packet与source_run，未重拟合。 补充派生来源=metrics_001
N1,N1__,R_SIM,P_bal,HP,logistic,temperature,J_bits,0.318059698100126,0.21966278144487017,0.3830498268060325,59.0,,43788.0,,bits/trial,macro candidate mean,fixed OOF candidate bootstrap; no refit,N1_core_001,771fd4ec025f2d2d846cbe5eae0f8e33dc543bccb9b591b9dfba6d1931ded21e,补充表从固定外预测计算；保留原packet与source_run，未重拟合。 补充派生来源=metrics_001 P_bal二分类先验CE=1，J及区间仅精确代数变换；无新bootstrap/fit。
N1,N1__,R_SIM,P_bal,HP,logistic,temperature,bacc,0.7517139649300288,0.7360797866731087,0.7628817333234947,59.0,,43788.0,,unitless,macro candidate mean,fixed OOF candidate bootstrap; no refit,N1_core_001,771fd4ec025f2d2d846cbe5eae0f8e33dc543bccb9b591b9dfba6d1931ded21e,补充表从固定外预测计算；保留原packet与source_run，未重拟合。 补充派生来源=metrics_001
N1,N1__,R_SIM,P_bal,HP,logistic,temperature,auroc,0.8408365737178469,0.8207036704559921,0.854716989647904,59.0,,43788.0,,unitless,macro candidate mean,fixed OOF candidate bootstrap; no refit,N1_core_001,771fd4ec025f2d2d846cbe5eae0f8e33dc543bccb9b591b9dfba6d1931ded21e,补充表从固定外预测计算；保留原packet与source_run，未重拟合。 补充派生来源=metrics_001
N1,N1__,R_SIM,P_bal,HP,logistic,temperature,brier_two_class_sum,0.3138905798794775,0.2941295662281959,0.3428090453627689,59.0,,43788.0,,unitless,macro candidate mean,fixed OOF candidate bootstrap; no refit,N1_core_001,771fd4ec025f2d2d846cbe5eae0f8e33dc543bccb9b591b9dfba6d1931ded21e,补充表从固定外预测计算；保留原packet与source_run，未重拟合。 补充派生来源=metrics_001
N1,N1__,R_SIM,P_bal,HPB,logistic,mixture_diagnostic,ce_bits,0.6839717661564899,0.6199528758770108,0.7805596856099494,59.0,,43788.0,,bits/trial,macro candidate mean,fixed OOF candidate bootstrap; no refit,N1_core_001,771fd4ec025f2d2d846cbe5eae0f8e33dc543bccb9b591b9dfba6d1931ded21e,补充表从固定外预测计算；保留原packet与source_run，未重拟合。 补充派生来源=metrics_001
N1,N1__,R_SIM,P_bal,HPB,logistic,mixture_diagnostic,J_bits,0.3160282338435101,0.21944031439005063,0.38004712412298924,59.0,,43788.0,,bits/trial,macro candidate mean,fixed OOF candidate bootstrap; no refit,N1_core_001,771fd4ec025f2d2d846cbe5eae0f8e33dc543bccb9b591b9dfba6d1931ded21e,补充表从固定外预测计算；保留原packet与source_run，未重拟合。 补充派生来源=metrics_001 P_bal二分类先验CE=1，J及区间仅精确代数变换；无新bootstrap/fit。
N1,N1__,R_SIM,P_bal,HPB,logistic,mixture_diagnostic,bacc,0.7485199765509246,0.7327690845178161,0.7598272109232329,59.0,,43788.0,,unitless,macro candidate mean,fixed OOF candidate bootstrap; no refit,N1_core_001,771fd4ec025f2d2d846cbe5eae0f8e33dc543bccb9b591b9dfba6d1931ded21e,补充表从固定外预测计算；保留原packet与source_run，未重拟合。 补充派生来源=metrics_001
N1,N1__,R_SIM,P_bal,HPB,logistic,mixture_diagnostic,auroc,0.8388754775745713,0.8189472712153293,0.8525608414865642,59.0,,43788.0,,unitless,macro candidate mean,fixed OOF candidate bootstrap; no refit,N1_core_001,771fd4ec025f2d2d846cbe5eae0f8e33dc543bccb9b591b9dfba6d1931ded21e,补充表从固定外预测计算；保留原packet与source_run，未重拟合。 补充派生来源=metrics_001
N1,N1__,R_SIM,P_bal,HPB,logistic,mixture_diagnostic,brier_two_class_sum,0.3152924333907527,0.2955965662446863,0.3441225595702074,59.0,,43788.0,,unitless,macro candidate mean,fixed OOF candidate bootstrap; no refit,N1_core_001,771fd4ec025f2d2d846cbe5eae0f8e33dc543bccb9b591b9dfba6d1931ded21e,补充表从固定外预测计算；保留原packet与source_run，未重拟合。 补充派生来源=metrics_001
N1,N1__,R_SIM,P_bal,HPB,logistic,raw,ce_bits,0.6804446960964674,0.6305966656447625,0.7549458322833197,59.0,,43788.0,,bits/trial,macro candidate mean,fixed OOF candidate bootstrap; no refit,N1_core_001,771fd4ec025f2d2d846cbe5eae0f8e33dc543bccb9b591b9dfba6d1931ded21e,补充表从固定外预测计算；保留原packet与source_run，未重拟合。 补充派生来源=metrics_001
N1,N1__,R_SIM,P_bal,HPB,logistic,raw,J_bits,0.3195553039035326,0.24505416771668032,0.36940333435523753,59.0,,43788.0,,bits/trial,macro candidate mean,fixed OOF candidate bootstrap; no refit,N1_core_001,771fd4ec025f2d2d846cbe5eae0f8e33dc543bccb9b591b9dfba6d1931ded21e,补充表从固定外预测计算；保留原packet与source_run，未重拟合。 补充派生来源=metrics_001 P_bal二分类先验CE=1，J及区间仅精确代数变换；无新bootstrap/fit。
N1,N1__,R_SIM,P_bal,HPB,logistic,raw,bacc,0.7485199765509246,0.7327690845178161,0.7598272109232329,59.0,,43788.0,,unitless,macro candidate mean,fixed OOF candidate bootstrap; no refit,N1_core_001,771fd4ec025f2d2d846cbe5eae0f8e33dc543bccb9b591b9dfba6d1931ded21e,补充表从固定外预测计算；保留原packet与source_run，未重拟合。 补充派生来源=metrics_001
N1,N1__,R_SIM,P_bal,HPB,logistic,raw,auroc,0.8388754775745713,0.8189472712153293,0.8525608414865642,59.0,,43788.0,,unitless,macro candidate mean,fixed OOF candidate bootstrap; no refit,N1_core_001,771fd4ec025f2d2d846cbe5eae0f8e33dc543bccb9b591b9dfba6d1931ded21e,补充表从固定外预测计算；保留原packet与source_run，未重拟合。 补充派生来源=metrics_001
N1,N1__,R_SIM,P_bal,HPB,logistic,raw,brier_two_class_sum,0.3145340777244296,0.2960670864642526,0.3418167822331834,59.0,,43788.0,,unitless,macro candidate mean,fixed OOF candidate bootstrap; no refit,N1_core_001,771fd4ec025f2d2d846cbe5eae0f8e33dc543bccb9b591b9dfba6d1931ded21e,补充表从固定外预测计算；保留原packet与source_run，未重拟合。 补充派生来源=metrics_001
N1,N1__,R_SIM,P_bal,HPB,logistic,temperature,ce_bits,0.6839717661564899,0.6199528758770108,0.7805596856099494,59.0,,43788.0,,bits/trial,macro candidate mean,fixed OOF candidate bootstrap; no refit,N1_core_001,771fd4ec025f2d2d846cbe5eae0f8e33dc543bccb9b591b9dfba6d1931ded21e,补充表从固定外预测计算；保留原packet与source_run，未重拟合。 补充派生来源=metrics_001
N1,N1__,R_SIM,P_bal,HPB,logistic,temperature,J_bits,0.3160282338435101,0.21944031439005063,0.38004712412298924,59.0,,43788.0,,bits/trial,macro candidate mean,fixed OOF candidate bootstrap; no refit,N1_core_001,771fd4ec025f2d2d846cbe5eae0f8e33dc543bccb9b591b9dfba6d1931ded21e,补充表从固定外预测计算；保留原packet与source_run，未重拟合。 补充派生来源=metrics_001 P_bal二分类先验CE=1，J及区间仅精确代数变换；无新bootstrap/fit。
N1,N1__,R_SIM,P_bal,HPB,logistic,temperature,bacc,0.7485199765509246,0.7327690845178161,0.7598272109232329,59.0,,43788.0,,unitless,macro candidate mean,fixed OOF candidate bootstrap; no refit,N1_core_001,771fd4ec025f2d2d846cbe5eae0f8e33dc543bccb9b591b9dfba6d1931ded21e,补充表从固定外预测计算；保留原packet与source_run，未重拟合。 补充派生来源=metrics_001
N1,N1__,R_SIM,P_bal,HPB,logistic,temperature,auroc,0.8388754775745713,0.8189472712153293,0.8525608414865642,59.0,,43788.0,,unitless,macro candidate mean,fixed OOF candidate bootstrap; no refit,N1_core_001,771fd4ec025f2d2d846cbe5eae0f8e33dc543bccb9b591b9dfba6d1931ded21e,补充表从固定外预测计算；保留原packet与source_run，未重拟合。 补充派生来源=metrics_001
N1,N1__,R_SIM,P_bal,HPB,logistic,temperature,brier_two_class_sum,0.3152924333907527,0.2955965662446863,0.3441225595702074,59.0,,43788.0,,unitless,macro candidate mean,fixed OOF candidate bootstrap; no refit,N1_core_001,771fd4ec025f2d2d846cbe5eae0f8e33dc543bccb9b591b9dfba6d1931ded21e,补充表从固定外预测计算；保留原packet与source_run，未重拟合。 补充派生来源=metrics_001
N1,N1__,R_SIM,P_bal,HPBnoise,logistic,mixture_diagnostic,ce_bits,0.6826365450728091,0.6189001769347153,0.7791266392981626,59.0,,43788.0,,bits/trial,macro candidate mean,fixed OOF candidate bootstrap; no refit,N1_core_001,771fd4ec025f2d2d846cbe5eae0f8e33dc543bccb9b591b9dfba6d1931ded21e,补充表从固定外预测计算；保留原packet与source_run，未重拟合。 补充派生来源=metrics_001
N1,N1__,R_SIM,P_bal,HPBnoise,logistic,mixture_diagnostic,J_bits,0.31736345492719087,0.22087336070183738,0.38109982306528467,59.0,,43788.0,,bits/trial,macro candidate mean,fixed OOF candidate bootstrap; no refit,N1_core_001,771fd4ec025f2d2d846cbe5eae0f8e33dc543bccb9b591b9dfba6d1931ded21e,补充表从固定外预测计算；保留原packet与source_run，未重拟合。 补充派生来源=metrics_001 P_bal二分类先验CE=1，J及区间仅精确代数变换；无新bootstrap/fit。
N1,N1__,R_SIM,P_bal,HPBnoise,logistic,mixture_diagnostic,bacc,0.7505952962238893,0.7352374728763631,0.7616502650640188,59.0,,43788.0,,unitless,macro candidate mean,fixed OOF candidate bootstrap; no refit,N1_core_001,771fd4ec025f2d2d846cbe5eae0f8e33dc543bccb9b591b9dfba6d1931ded21e,补充表从固定外预测计算；保留原packet与source_run，未重拟合。 补充派生来源=metrics_001
N1,N1__,R_SIM,P_bal,HPBnoise,logistic,mixture_diagnostic,auroc,0.8394600999761789,0.8192682481419576,0.8533437084563462,59.0,,43788.0,,unitless,macro candidate mean,fixed OOF candidate bootstrap; no refit,N1_core_001,771fd4ec025f2d2d846cbe5eae0f8e33dc543bccb9b591b9dfba6d1931ded21e,补充表从固定外预测计算；保留原packet与source_run，未重拟合。 补充派生来源=metrics_001
N1,N1__,R_SIM,P_bal,HPBnoise,logistic,mixture_diagnostic,brier_two_class_sum,0.3146992325398696,0.2948358086114244,0.3437229590823409,59.0,,43788.0,,unitless,macro candidate mean,fixed OOF candidate bootstrap; no refit,N1_core_001,771fd4ec025f2d2d846cbe5eae0f8e33dc543bccb9b591b9dfba6d1931ded21e,补充表从固定外预测计算；保留原packet与source_run，未重拟合。 补充派生来源=metrics_001
N1,N1__,R_SIM,P_bal,HPBnoise,logistic,raw,ce_bits,0.679144654743595,0.6295464304827373,0.7529860318788613,59.0,,43788.0,,bits/trial,macro candidate mean,fixed OOF candidate bootstrap; no refit,N1_core_001,771fd4ec025f2d2d846cbe5eae0f8e33dc543bccb9b591b9dfba6d1931ded21e,补充表从固定外预测计算；保留原packet与source_run，未重拟合。 补充派生来源=metrics_001
N1,N1__,R_SIM,P_bal,HPBnoise,logistic,raw,J_bits,0.320855345256405,0.24701396812113874,0.3704535695172627,59.0,,43788.0,,bits/trial,macro candidate mean,fixed OOF candidate bootstrap; no refit,N1_core_001,771fd4ec025f2d2d846cbe5eae0f8e33dc543bccb9b591b9dfba6d1931ded21e,补充表从固定外预测计算；保留原packet与source_run，未重拟合。 补充派生来源=metrics_001 P_bal二分类先验CE=1，J及区间仅精确代数变换；无新bootstrap/fit。
N1,N1__,R_SIM,P_bal,HPBnoise,logistic,raw,bacc,0.7505952962238893,0.7352374728763631,0.7616502650640188,59.0,,43788.0,,unitless,macro candidate mean,fixed OOF candidate bootstrap; no refit,N1_core_001,771fd4ec025f2d2d846cbe5eae0f8e33dc543bccb9b591b9dfba6d1931ded21e,补充表从固定外预测计算；保留原packet与source_run，未重拟合。 补充派生来源=metrics_001
N1,N1__,R_SIM,P_bal,HPBnoise,logistic,raw,auroc,0.8394600999761789,0.8192682481419576,0.8533437084563462,59.0,,43788.0,,unitless,macro candidate mean,fixed OOF candidate bootstrap; no refit,N1_core_001,771fd4ec025f2d2d846cbe5eae0f8e33dc543bccb9b591b9dfba6d1931ded21e,补充表从固定外预测计算；保留原packet与source_run，未重拟合。 补充派生来源=metrics_001
N1,N1__,R_SIM,P_bal,HPBnoise,logistic,raw,brier_two_class_sum,0.3139759203692032,0.2954043424783635,0.3412774261294154,59.0,,43788.0,,unitless,macro candidate mean,fixed OOF candidate bootstrap; no refit,N1_core_001,771fd4ec025f2d2d846cbe5eae0f8e33dc543bccb9b591b9dfba6d1931ded21e,补充表从固定外预测计算；保留原packet与source_run，未重拟合。 补充派生来源=metrics_001
N1,N1__,R_SIM,P_bal,HPBnoise,logistic,temperature,ce_bits,0.6826365450728091,0.6189001769347153,0.7791266392981626,59.0,,43788.0,,bits/trial,macro candidate mean,fixed OOF candidate bootstrap; no refit,N1_core_001,771fd4ec025f2d2d846cbe5eae0f8e33dc543bccb9b591b9dfba6d1931ded21e,补充表从固定外预测计算；保留原packet与source_run，未重拟合。 补充派生来源=metrics_001
N1,N1__,R_SIM,P_bal,HPBnoise,logistic,temperature,J_bits,0.31736345492719087,0.22087336070183738,0.38109982306528467,59.0,,43788.0,,bits/trial,macro candidate mean,fixed OOF candidate bootstrap; no refit,N1_core_001,771fd4ec025f2d2d846cbe5eae0f8e33dc543bccb9b591b9dfba6d1931ded21e,补充表从固定外预测计算；保留原packet与source_run，未重拟合。 补充派生来源=metrics_001 P_bal二分类先验CE=1，J及区间仅精确代数变换；无新bootstrap/fit。
N1,N1__,R_SIM,P_bal,HPBnoise,logistic,temperature,bacc,0.7505952962238893,0.7352374728763631,0.7616502650640188,59.0,,43788.0,,unitless,macro candidate mean,fixed OOF candidate bootstrap; no refit,N1_core_001,771fd4ec025f2d2d846cbe5eae0f8e33dc543bccb9b591b9dfba6d1931ded21e,补充表从固定外预测计算；保留原packet与source_run，未重拟合。 补充派生来源=metrics_001
N1,N1__,R_SIM,P_bal,HPBnoise,logistic,temperature,auroc,0.8394600999761789,0.8192682481419576,0.8533437084563462,59.0,,43788.0,,unitless,macro candidate mean,fixed OOF candidate bootstrap; no refit,N1_core_001,771fd4ec025f2d2d846cbe5eae0f8e33dc543bccb9b591b9dfba6d1931ded21e,补充表从固定外预测计算；保留原packet与source_run，未重拟合。 补充派生来源=metrics_001
N1,N1__,R_SIM,P_bal,HPBnoise,logistic,temperature,brier_two_class_sum,0.3146992325398696,0.2948358086114244,0.3437229590823409,59.0,,43788.0,,unitless,macro candidate mean,fixed OOF candidate bootstrap; no refit,N1_core_001,771fd4ec025f2d2d846cbe5eae0f8e33dc543bccb9b591b9dfba6d1931ded21e,补充表从固定外预测计算；保留原packet与source_run，未重拟合。 补充派生来源=metrics_001
N1,N1__,R_SIM,P_bal,HPP,logistic,mixture_diagnostic,ce_bits,0.6822176460061098,0.6176565113042913,0.7800234269409457,59.0,,43788.0,,bits/trial,macro candidate mean,fixed OOF candidate bootstrap; no refit,N1_core_001,771fd4ec025f2d2d846cbe5eae0f8e33dc543bccb9b591b9dfba6d1931ded21e,补充表从固定外预测计算；保留原packet与source_run，未重拟合。 补充派生来源=metrics_001
N1,N1__,R_SIM,P_bal,HPP,logistic,mixture_diagnostic,J_bits,0.3177823539938902,0.21997657305905427,0.38234348869570867,59.0,,43788.0,,bits/trial,macro candidate mean,fixed OOF candidate bootstrap; no refit,N1_core_001,771fd4ec025f2d2d846cbe5eae0f8e33dc543bccb9b591b9dfba6d1931ded21e,补充表从固定外预测计算；保留原packet与source_run，未重拟合。 补充派生来源=metrics_001 P_bal二分类先验CE=1，J及区间仅精确代数变换；无新bootstrap/fit。
N1,N1__,R_SIM,P_bal,HPP,logistic,mixture_diagnostic,bacc,0.7514326457864384,0.7362083603083768,0.7625533659728755,59.0,,43788.0,,unitless,macro candidate mean,fixed OOF candidate bootstrap; no refit,N1_core_001,771fd4ec025f2d2d846cbe5eae0f8e33dc543bccb9b591b9dfba6d1931ded21e,补充表从固定外预测计算；保留原packet与source_run，未重拟合。 补充派生来源=metrics_001
N1,N1__,R_SIM,P_bal,HPP,logistic,mixture_diagnostic,auroc,0.8404288329180424,0.8203380380258645,0.8542969196814407,59.0,,43788.0,,unitless,macro candidate mean,fixed OOF candidate bootstrap; no refit,N1_core_001,771fd4ec025f2d2d846cbe5eae0f8e33dc543bccb9b591b9dfba6d1931ded21e,补充表从固定外预测计算；保留原packet与source_run，未重拟合。 补充派生来源=metrics_001
N1,N1__,R_SIM,P_bal,HPP,logistic,mixture_diagnostic,brier_two_class_sum,0.3141213857249839,0.2943635724189881,0.3429977645606965,59.0,,43788.0,,unitless,macro candidate mean,fixed OOF candidate bootstrap; no refit,N1_core_001,771fd4ec025f2d2d846cbe5eae0f8e33dc543bccb9b591b9dfba6d1931ded21e,补充表从固定外预测计算；保留原packet与source_run，未重拟合。 补充派生来源=metrics_001
N1,N1__,R_SIM,P_bal,HPP,logistic,raw,ce_bits,0.6787760675448486,0.6290785416803903,0.7528957707210749,59.0,,43788.0,,bits/trial,macro candidate mean,fixed OOF candidate bootstrap; no refit,N1_core_001,771fd4ec025f2d2d846cbe5eae0f8e33dc543bccb9b591b9dfba6d1931ded21e,补充表从固定外预测计算；保留原packet与source_run，未重拟合。 补充派生来源=metrics_001
N1,N1__,R_SIM,P_bal,HPP,logistic,raw,J_bits,0.32122393245515135,0.24710422927892506,0.37092145831960965,59.0,,43788.0,,bits/trial,macro candidate mean,fixed OOF candidate bootstrap; no refit,N1_core_001,771fd4ec025f2d2d846cbe5eae0f8e33dc543bccb9b591b9dfba6d1931ded21e,补充表从固定外预测计算；保留原packet与source_run，未重拟合。 补充派生来源=metrics_001 P_bal二分类先验CE=1，J及区间仅精确代数变换；无新bootstrap/fit。
N1,N1__,R_SIM,P_bal,HPP,logistic,raw,bacc,0.7514326457864384,0.7362083603083768,0.7625533659728755,59.0,,43788.0,,unitless,macro candidate mean,fixed OOF candidate bootstrap; no refit,N1_core_001,771fd4ec025f2d2d846cbe5eae0f8e33dc543bccb9b591b9dfba6d1931ded21e,补充表从固定外预测计算；保留原packet与source_run，未重拟合。 补充派生来源=metrics_001
N1,N1__,R_SIM,P_bal,HPP,logistic,raw,auroc,0.8404288329180424,0.8203380380258645,0.8542969196814407,59.0,,43788.0,,unitless,macro candidate mean,fixed OOF candidate bootstrap; no refit,N1_core_001,771fd4ec025f2d2d846cbe5eae0f8e33dc543bccb9b591b9dfba6d1931ded21e,补充表从固定外预测计算；保留原packet与source_run，未重拟合。 补充派生来源=metrics_001
N1,N1__,R_SIM,P_bal,HPP,logistic,raw,brier_two_class_sum,0.3135421977409547,0.2950733837906434,0.3407812240379936,59.0,,43788.0,,unitless,macro candidate mean,fixed OOF candidate bootstrap; no refit,N1_core_001,771fd4ec025f2d2d846cbe5eae0f8e33dc543bccb9b591b9dfba6d1931ded21e,补充表从固定外预测计算；保留原packet与source_run，未重拟合。 补充派生来源=metrics_001
N1,N1__,R_SIM,P_bal,HPP,logistic,temperature,ce_bits,0.6822176460061098,0.6176565113042913,0.7800234269409457,59.0,,43788.0,,bits/trial,macro candidate mean,fixed OOF candidate bootstrap; no refit,N1_core_001,771fd4ec025f2d2d846cbe5eae0f8e33dc543bccb9b591b9dfba6d1931ded21e,补充表从固定外预测计算；保留原packet与source_run，未重拟合。 补充派生来源=metrics_001
N1,N1__,R_SIM,P_bal,HPP,logistic,temperature,J_bits,0.3177823539938902,0.21997657305905427,0.38234348869570867,59.0,,43788.0,,bits/trial,macro candidate mean,fixed OOF candidate bootstrap; no refit,N1_core_001,771fd4ec025f2d2d846cbe5eae0f8e33dc543bccb9b591b9dfba6d1931ded21e,补充表从固定外预测计算；保留原packet与source_run，未重拟合。 补充派生来源=metrics_001 P_bal二分类先验CE=1，J及区间仅精确代数变换；无新bootstrap/fit。
N1,N1__,R_SIM,P_bal,HPP,logistic,temperature,bacc,0.7514326457864384,0.7362083603083768,0.7625533659728755,59.0,,43788.0,,unitless,macro candidate mean,fixed OOF candidate bootstrap; no refit,N1_core_001,771fd4ec025f2d2d846cbe5eae0f8e33dc543bccb9b591b9dfba6d1931ded21e,补充表从固定外预测计算；保留原packet与source_run，未重拟合。 补充派生来源=metrics_001
N1,N1__,R_SIM,P_bal,HPP,logistic,temperature,auroc,0.8404288329180424,0.8203380380258645,0.8542969196814407,59.0,,43788.0,,unitless,macro candidate mean,fixed OOF candidate bootstrap; no refit,N1_core_001,771fd4ec025f2d2d846cbe5eae0f8e33dc543bccb9b591b9dfba6d1931ded21e,补充表从固定外预测计算；保留原packet与source_run，未重拟合。 补充派生来源=metrics_001
N1,N1__,R_SIM,P_bal,HPP,logistic,temperature,brier_two_class_sum,0.3141213857249839,0.2943635724189881,0.3429977645606965,59.0,,43788.0,,unitless,macro candidate mean,fixed OOF candidate bootstrap; no refit,N1_core_001,771fd4ec025f2d2d846cbe5eae0f8e33dc543bccb9b591b9dfba6d1931ded21e,补充表从固定外预测计算；保留原packet与source_run，未重拟合。 补充派生来源=metrics_001
N1,N1__,R_SIM,P_bal,H,mlp32,mixture_diagnostic,ce_bits,0.5974988715589957,0.5561056430841236,0.6629475536474032,59.0,,43788.0,,bits/trial,macro candidate mean,fixed OOF candidate bootstrap; no refit,N1_core_001,771fd4ec025f2d2d846cbe5eae0f8e33dc543bccb9b591b9dfba6d1931ded21e,补充表从固定外预测计算；保留原packet与source_run，未重拟合。 补充派生来源=metrics_001
N1,N1__,R_SIM,P_bal,H,mlp32,mixture_diagnostic,J_bits,0.4025011284410043,0.3370524463525968,0.4438943569158764,59.0,,43788.0,,bits/trial,macro candidate mean,fixed OOF candidate bootstrap; no refit,N1_core_001,771fd4ec025f2d2d846cbe5eae0f8e33dc543bccb9b591b9dfba6d1931ded21e,补充表从固定外预测计算；保留原packet与source_run，未重拟合。 补充派生来源=metrics_001 P_bal二分类先验CE=1，J及区间仅精确代数变换；无新bootstrap/fit。
N1,N1__,R_SIM,P_bal,H,mlp32,mixture_diagnostic,bacc,0.7900614651620187,0.7722640424372186,0.8019870113180696,59.0,,43788.0,,unitless,macro candidate mean,fixed OOF candidate bootstrap; no refit,N1_core_001,771fd4ec025f2d2d846cbe5eae0f8e33dc543bccb9b591b9dfba6d1931ded21e,补充表从固定外预测计算；保留原packet与source_run，未重拟合。 补充派生来源=metrics_001
N1,N1__,R_SIM,P_bal,H,mlp32,mixture_diagnostic,auroc,0.8789805403518652,0.8565958612400173,0.8941901280144124,59.0,,43788.0,,unitless,macro candidate mean,fixed OOF candidate bootstrap; no refit,N1_core_001,771fd4ec025f2d2d846cbe5eae0f8e33dc543bccb9b591b9dfba6d1931ded21e,补充表从固定外预测计算；保留原packet与source_run，未重拟合。 补充派生来源=metrics_001
N1,N1__,R_SIM,P_bal,H,mlp32,mixture_diagnostic,brier_two_class_sum,0.2778976780291502,0.2616537745592853,0.3024274037552751,59.0,,43788.0,,unitless,macro candidate mean,fixed OOF candidate bootstrap; no refit,N1_core_001,771fd4ec025f2d2d846cbe5eae0f8e33dc543bccb9b591b9dfba6d1931ded21e,补充表从固定外预测计算；保留原packet与source_run，未重拟合。 补充派生来源=metrics_001
N1,N1__,R_SIM,P_bal,H,mlp32,raw,ce_bits,0.5960156234972178,0.5568118844595162,0.6544151750488068,59.0,,43788.0,,bits/trial,macro candidate mean,fixed OOF candidate bootstrap; no refit,N1_core_001,771fd4ec025f2d2d846cbe5eae0f8e33dc543bccb9b591b9dfba6d1931ded21e,补充表从固定外预测计算；保留原packet与source_run，未重拟合。 补充派生来源=metrics_001
N1,N1__,R_SIM,P_bal,H,mlp32,raw,J_bits,0.4039843765027822,0.34558482495119325,0.44318811554048376,59.0,,43788.0,,bits/trial,macro candidate mean,fixed OOF candidate bootstrap; no refit,N1_core_001,771fd4ec025f2d2d846cbe5eae0f8e33dc543bccb9b591b9dfba6d1931ded21e,补充表从固定外预测计算；保留原packet与source_run，未重拟合。 补充派生来源=metrics_001 P_bal二分类先验CE=1，J及区间仅精确代数变换；无新bootstrap/fit。
N1,N1__,R_SIM,P_bal,H,mlp32,raw,bacc,0.7900614651620187,0.7722640424372186,0.8019870113180696,59.0,,43788.0,,unitless,macro candidate mean,fixed OOF candidate bootstrap; no refit,N1_core_001,771fd4ec025f2d2d846cbe5eae0f8e33dc543bccb9b591b9dfba6d1931ded21e,补充表从固定外预测计算；保留原packet与source_run，未重拟合。 补充派生来源=metrics_001
N1,N1__,R_SIM,P_bal,H,mlp32,raw,auroc,0.8789805403518652,0.8565958612400173,0.8941901280144124,59.0,,43788.0,,unitless,macro candidate mean,fixed OOF candidate bootstrap; no refit,N1_core_001,771fd4ec025f2d2d846cbe5eae0f8e33dc543bccb9b591b9dfba6d1931ded21e,补充表从固定外预测计算；保留原packet与source_run，未重拟合。 补充派生来源=metrics_001
N1,N1__,R_SIM,P_bal,H,mlp32,raw,brier_two_class_sum,0.277494481600471,0.2616144563627787,0.3010839707728888,59.0,,43788.0,,unitless,macro candidate mean,fixed OOF candidate bootstrap; no refit,N1_core_001,771fd4ec025f2d2d846cbe5eae0f8e33dc543bccb9b591b9dfba6d1931ded21e,补充表从固定外预测计算；保留原packet与source_run，未重拟合。 补充派生来源=metrics_001
N1,N1__,R_SIM,P_bal,H,mlp32,temperature,ce_bits,0.5974988715589957,0.5561056430841236,0.6629475536474032,59.0,,43788.0,,bits/trial,macro candidate mean,fixed OOF candidate bootstrap; no refit,N1_core_001,771fd4ec025f2d2d846cbe5eae0f8e33dc543bccb9b591b9dfba6d1931ded21e,补充表从固定外预测计算；保留原packet与source_run，未重拟合。 补充派生来源=metrics_001
N1,N1__,R_SIM,P_bal,H,mlp32,temperature,J_bits,0.4025011284410043,0.3370524463525968,0.4438943569158764,59.0,,43788.0,,bits/trial,macro candidate mean,fixed OOF candidate bootstrap; no refit,N1_core_001,771fd4ec025f2d2d846cbe5eae0f8e33dc543bccb9b591b9dfba6d1931ded21e,补充表从固定外预测计算；保留原packet与source_run，未重拟合。 补充派生来源=metrics_001 P_bal二分类先验CE=1，J及区间仅精确代数变换；无新bootstrap/fit。
N1,N1__,R_SIM,P_bal,H,mlp32,temperature,bacc,0.7900614651620187,0.7722640424372186,0.8019870113180696,59.0,,43788.0,,unitless,macro candidate mean,fixed OOF candidate bootstrap; no refit,N1_core_001,771fd4ec025f2d2d846cbe5eae0f8e33dc543bccb9b591b9dfba6d1931ded21e,补充表从固定外预测计算；保留原packet与source_run，未重拟合。 补充派生来源=metrics_001
N1,N1__,R_SIM,P_bal,H,mlp32,temperature,auroc,0.8789805403518652,0.8565958612400173,0.8941901280144124,59.0,,43788.0,,unitless,macro candidate mean,fixed OOF candidate bootstrap; no refit,N1_core_001,771fd4ec025f2d2d846cbe5eae0f8e33dc543bccb9b591b9dfba6d1931ded21e,补充表从固定外预测计算；保留原packet与source_run，未重拟合。 补充派生来源=metrics_001
N1,N1__,R_SIM,P_bal,H,mlp32,temperature,brier_two_class_sum,0.2778976780291502,0.2616537745592853,0.3024274037552751,59.0,,43788.0,,unitless,macro candidate mean,fixed OOF candidate bootstrap; no refit,N1_core_001,771fd4ec025f2d2d846cbe5eae0f8e33dc543bccb9b591b9dfba6d1931ded21e,补充表从固定外预测计算；保留原packet与source_run，未重拟合。 补充派生来源=metrics_001
N1,N1__,R_SIM,P_bal,HB,mlp32,mixture_diagnostic,ce_bits,0.6638285900472644,0.6360805024991172,0.7056853788327865,59.0,,43788.0,,bits/trial,macro candidate mean,fixed OOF candidate bootstrap; no refit,N1_core_001,771fd4ec025f2d2d846cbe5eae0f8e33dc543bccb9b591b9dfba6d1931ded21e,补充表从固定外预测计算；保留原packet与source_run，未重拟合。 补充派生来源=metrics_001
N1,N1__,R_SIM,P_bal,HB,mlp32,mixture_diagnostic,J_bits,0.33617140995273564,0.2943146211672135,0.3639194975008828,59.0,,43788.0,,bits/trial,macro candidate mean,fixed OOF candidate bootstrap; no refit,N1_core_001,771fd4ec025f2d2d846cbe5eae0f8e33dc543bccb9b591b9dfba6d1931ded21e,补充表从固定外预测计算；保留原packet与source_run，未重拟合。 补充派生来源=metrics_001 P_bal二分类先验CE=1，J及区间仅精确代数变换；无新bootstrap/fit。
N1,N1__,R_SIM,P_bal,HB,mlp32,mixture_diagnostic,bacc,0.73944443783777,0.7250648681624771,0.7501782866638865,59.0,,43788.0,,unitless,macro candidate mean,fixed OOF candidate bootstrap; no refit,N1_core_001,771fd4ec025f2d2d846cbe5eae0f8e33dc543bccb9b591b9dfba6d1931ded21e,补充表从固定外预测计算；保留原packet与source_run，未重拟合。 补充派生来源=metrics_001
N1,N1__,R_SIM,P_bal,HB,mlp32,mixture_diagnostic,auroc,0.8324287983356887,0.8125727152490938,0.8463956764130556,59.0,,43788.0,,unitless,macro candidate mean,fixed OOF candidate bootstrap; no refit,N1_core_001,771fd4ec025f2d2d846cbe5eae0f8e33dc543bccb9b591b9dfba6d1931ded21e,补充表从固定外预测计算；保留原packet与source_run，未重拟合。 补充派生来源=metrics_001
N1,N1__,R_SIM,P_bal,HB,mlp32,mixture_diagnostic,brier_two_class_sum,0.3174883737451496,0.3042748852282347,0.3368741769645944,59.0,,43788.0,,unitless,macro candidate mean,fixed OOF candidate bootstrap; no refit,N1_core_001,771fd4ec025f2d2d846cbe5eae0f8e33dc543bccb9b591b9dfba6d1931ded21e,补充表从固定外预测计算；保留原packet与source_run，未重拟合。 补充派生来源=metrics_001
N1,N1__,R_SIM,P_bal,HB,mlp32,raw,ce_bits,0.6741419349915044,0.6303069858497452,0.7386567082002662,59.0,,43788.0,,bits/trial,macro candidate mean,fixed OOF candidate bootstrap; no refit,N1_core_001,771fd4ec025f2d2d846cbe5eae0f8e33dc543bccb9b591b9dfba6d1931ded21e,补充表从固定外预测计算；保留原packet与source_run，未重拟合。 补充派生来源=metrics_001
N1,N1__,R_SIM,P_bal,HB,mlp32,raw,J_bits,0.32585806500849557,0.2613432917997338,0.3696930141502548,59.0,,43788.0,,bits/trial,macro candidate mean,fixed OOF candidate bootstrap; no refit,N1_core_001,771fd4ec025f2d2d846cbe5eae0f8e33dc543bccb9b591b9dfba6d1931ded21e,补充表从固定外预测计算；保留原packet与source_run，未重拟合。 补充派生来源=metrics_001 P_bal二分类先验CE=1，J及区间仅精确代数变换；无新bootstrap/fit。
N1,N1__,R_SIM,P_bal,HB,mlp32,raw,bacc,0.73944443783777,0.7250648681624771,0.7501782866638865,59.0,,43788.0,,unitless,macro candidate mean,fixed OOF candidate bootstrap; no refit,N1_core_001,771fd4ec025f2d2d846cbe5eae0f8e33dc543bccb9b591b9dfba6d1931ded21e,补充表从固定外预测计算；保留原packet与source_run，未重拟合。 补充派生来源=metrics_001
N1,N1__,R_SIM,P_bal,HB,mlp32,raw,auroc,0.8324287983356887,0.8125727152490938,0.8463956764130556,59.0,,43788.0,,unitless,macro candidate mean,fixed OOF candidate bootstrap; no refit,N1_core_001,771fd4ec025f2d2d846cbe5eae0f8e33dc543bccb9b591b9dfba6d1931ded21e,补充表从固定外预测计算；保留原packet与source_run，未重拟合。 补充派生来源=metrics_001
N1,N1__,R_SIM,P_bal,HB,mlp32,raw,brier_two_class_sum,0.3229986311912703,0.306615588196593,0.3465794304281939,59.0,,43788.0,,unitless,macro candidate mean,fixed OOF candidate bootstrap; no refit,N1_core_001,771fd4ec025f2d2d846cbe5eae0f8e33dc543bccb9b591b9dfba6d1931ded21e,补充表从固定外预测计算；保留原packet与source_run，未重拟合。 补充派生来源=metrics_001
N1,N1__,R_SIM,P_bal,HB,mlp32,temperature,ce_bits,0.6638285900472644,0.6360805024991172,0.7056853788327865,59.0,,43788.0,,bits/trial,macro candidate mean,fixed OOF candidate bootstrap; no refit,N1_core_001,771fd4ec025f2d2d846cbe5eae0f8e33dc543bccb9b591b9dfba6d1931ded21e,补充表从固定外预测计算；保留原packet与source_run，未重拟合。 补充派生来源=metrics_001
N1,N1__,R_SIM,P_bal,HB,mlp32,temperature,J_bits,0.33617140995273564,0.2943146211672135,0.3639194975008828,59.0,,43788.0,,bits/trial,macro candidate mean,fixed OOF candidate bootstrap; no refit,N1_core_001,771fd4ec025f2d2d846cbe5eae0f8e33dc543bccb9b591b9dfba6d1931ded21e,补充表从固定外预测计算；保留原packet与source_run，未重拟合。 补充派生来源=metrics_001 P_bal二分类先验CE=1，J及区间仅精确代数变换；无新bootstrap/fit。
N1,N1__,R_SIM,P_bal,HB,mlp32,temperature,bacc,0.73944443783777,0.7250648681624771,0.7501782866638865,59.0,,43788.0,,unitless,macro candidate mean,fixed OOF candidate bootstrap; no refit,N1_core_001,771fd4ec025f2d2d846cbe5eae0f8e33dc543bccb9b591b9dfba6d1931ded21e,补充表从固定外预测计算；保留原packet与source_run，未重拟合。 补充派生来源=metrics_001
N1,N1__,R_SIM,P_bal,HB,mlp32,temperature,auroc,0.8324287983356887,0.8125727152490938,0.8463956764130556,59.0,,43788.0,,unitless,macro candidate mean,fixed OOF candidate bootstrap; no refit,N1_core_001,771fd4ec025f2d2d846cbe5eae0f8e33dc543bccb9b591b9dfba6d1931ded21e,补充表从固定外预测计算；保留原packet与source_run，未重拟合。 补充派生来源=metrics_001
N1,N1__,R_SIM,P_bal,HB,mlp32,temperature,brier_two_class_sum,0.3174883737451496,0.3042748852282347,0.3368741769645944,59.0,,43788.0,,unitless,macro candidate mean,fixed OOF candidate bootstrap; no refit,N1_core_001,771fd4ec025f2d2d846cbe5eae0f8e33dc543bccb9b591b9dfba6d1931ded21e,补充表从固定外预测计算；保留原packet与source_run，未重拟合。 补充派生来源=metrics_001
N1,N1__,R_SIM,P_bal,HP,mlp32,mixture_diagnostic,ce_bits,0.664780542257348,0.6387443609379745,0.7029948147154567,59.0,,43788.0,,bits/trial,macro candidate mean,fixed OOF candidate bootstrap; no refit,N1_core_001,771fd4ec025f2d2d846cbe5eae0f8e33dc543bccb9b591b9dfba6d1931ded21e,补充表从固定外预测计算；保留原packet与source_run，未重拟合。 补充派生来源=metrics_001
N1,N1__,R_SIM,P_bal,HP,mlp32,mixture_diagnostic,J_bits,0.33521945774265205,0.29700518528454334,0.3612556390620255,59.0,,43788.0,,bits/trial,macro candidate mean,fixed OOF candidate bootstrap; no refit,N1_core_001,771fd4ec025f2d2d846cbe5eae0f8e33dc543bccb9b591b9dfba6d1931ded21e,补充表从固定外预测计算；保留原packet与source_run，未重拟合。 补充派生来源=metrics_001 P_bal二分类先验CE=1，J及区间仅精确代数变换；无新bootstrap/fit。
N1,N1__,R_SIM,P_bal,HP,mlp32,mixture_diagnostic,bacc,0.7352023349879699,0.7205914165095121,0.7468668416045642,59.0,,43788.0,,unitless,macro candidate mean,fixed OOF candidate bootstrap; no refit,N1_core_001,771fd4ec025f2d2d846cbe5eae0f8e33dc543bccb9b591b9dfba6d1931ded21e,补充表从固定外预测计算；保留原packet与source_run，未重拟合。 补充派生来源=metrics_001
N1,N1__,R_SIM,P_bal,HP,mlp32,mixture_diagnostic,auroc,0.8310566303939192,0.8110434388611262,0.8454403758493122,59.0,,43788.0,,unitless,macro candidate mean,fixed OOF candidate bootstrap; no refit,N1_core_001,771fd4ec025f2d2d846cbe5eae0f8e33dc543bccb9b591b9dfba6d1931ded21e,补充表从固定外预测计算；保留原packet与source_run，未重拟合。 补充派生来源=metrics_001
N1,N1__,R_SIM,P_bal,HP,mlp32,mixture_diagnostic,brier_two_class_sum,0.3183316827222673,0.3057110091284056,0.3363659841932364,59.0,,43788.0,,unitless,macro candidate mean,fixed OOF candidate bootstrap; no refit,N1_core_001,771fd4ec025f2d2d846cbe5eae0f8e33dc543bccb9b591b9dfba6d1931ded21e,补充表从固定外预测计算；保留原packet与source_run，未重拟合。 补充派生来源=metrics_001
N1,N1__,R_SIM,P_bal,HP,mlp32,raw,ce_bits,0.6793461011997349,0.6374586612749836,0.7396923862344222,59.0,,43788.0,,bits/trial,macro candidate mean,fixed OOF candidate bootstrap; no refit,N1_core_001,771fd4ec025f2d2d846cbe5eae0f8e33dc543bccb9b591b9dfba6d1931ded21e,补充表从固定外预测计算；保留原packet与source_run，未重拟合。 补充派生来源=metrics_001
N1,N1__,R_SIM,P_bal,HP,mlp32,raw,J_bits,0.32065389880026507,0.26030761376557776,0.36254133872501637,59.0,,43788.0,,bits/trial,macro candidate mean,fixed OOF candidate bootstrap; no refit,N1_core_001,771fd4ec025f2d2d846cbe5eae0f8e33dc543bccb9b591b9dfba6d1931ded21e,补充表从固定外预测计算；保留原packet与source_run，未重拟合。 补充派生来源=metrics_001 P_bal二分类先验CE=1，J及区间仅精确代数变换；无新bootstrap/fit。
N1,N1__,R_SIM,P_bal,HP,mlp32,raw,bacc,0.7352023349879699,0.7205914165095121,0.7468668416045642,59.0,,43788.0,,unitless,macro candidate mean,fixed OOF candidate bootstrap; no refit,N1_core_001,771fd4ec025f2d2d846cbe5eae0f8e33dc543bccb9b591b9dfba6d1931ded21e,补充表从固定外预测计算；保留原packet与source_run，未重拟合。 补充派生来源=metrics_001
N1,N1__,R_SIM,P_bal,HP,mlp32,raw,auroc,0.8310566303939192,0.8110434388611262,0.8454403758493122,59.0,,43788.0,,unitless,macro candidate mean,fixed OOF candidate bootstrap; no refit,N1_core_001,771fd4ec025f2d2d846cbe5eae0f8e33dc543bccb9b591b9dfba6d1931ded21e,补充表从固定外预测计算；保留原packet与source_run，未重拟合。 补充派生来源=metrics_001
N1,N1__,R_SIM,P_bal,HP,mlp32,raw,brier_two_class_sum,0.3267413645664966,0.310491106908393,0.3494349924287467,59.0,,43788.0,,unitless,macro candidate mean,fixed OOF candidate bootstrap; no refit,N1_core_001,771fd4ec025f2d2d846cbe5eae0f8e33dc543bccb9b591b9dfba6d1931ded21e,补充表从固定外预测计算；保留原packet与source_run，未重拟合。 补充派生来源=metrics_001
N1,N1__,R_SIM,P_bal,HP,mlp32,temperature,ce_bits,0.664780542257348,0.6387443609379745,0.7029948147154567,59.0,,43788.0,,bits/trial,macro candidate mean,fixed OOF candidate bootstrap; no refit,N1_core_001,771fd4ec025f2d2d846cbe5eae0f8e33dc543bccb9b591b9dfba6d1931ded21e,补充表从固定外预测计算；保留原packet与source_run，未重拟合。 补充派生来源=metrics_001
N1,N1__,R_SIM,P_bal,HP,mlp32,temperature,J_bits,0.33521945774265205,0.29700518528454334,0.3612556390620255,59.0,,43788.0,,bits/trial,macro candidate mean,fixed OOF candidate bootstrap; no refit,N1_core_001,771fd4ec025f2d2d846cbe5eae0f8e33dc543bccb9b591b9dfba6d1931ded21e,补充表从固定外预测计算；保留原packet与source_run，未重拟合。 补充派生来源=metrics_001 P_bal二分类先验CE=1，J及区间仅精确代数变换；无新bootstrap/fit。
N1,N1__,R_SIM,P_bal,HP,mlp32,temperature,bacc,0.7352023349879699,0.7205914165095121,0.7468668416045642,59.0,,43788.0,,unitless,macro candidate mean,fixed OOF candidate bootstrap; no refit,N1_core_001,771fd4ec025f2d2d846cbe5eae0f8e33dc543bccb9b591b9dfba6d1931ded21e,补充表从固定外预测计算；保留原packet与source_run，未重拟合。 补充派生来源=metrics_001
N1,N1__,R_SIM,P_bal,HP,mlp32,temperature,auroc,0.8310566303939192,0.8110434388611262,0.8454403758493122,59.0,,43788.0,,unitless,macro candidate mean,fixed OOF candidate bootstrap; no refit,N1_core_001,771fd4ec025f2d2d846cbe5eae0f8e33dc543bccb9b591b9dfba6d1931ded21e,补充表从固定外预测计算；保留原packet与source_run，未重拟合。 补充派生来源=metrics_001
N1,N1__,R_SIM,P_bal,HP,mlp32,temperature,brier_two_class_sum,0.3183316827222673,0.3057110091284056,0.3363659841932364,59.0,,43788.0,,unitless,macro candidate mean,fixed OOF candidate bootstrap; no refit,N1_core_001,771fd4ec025f2d2d846cbe5eae0f8e33dc543bccb9b591b9dfba6d1931ded21e,补充表从固定外预测计算；保留原packet与source_run，未重拟合。 补充派生来源=metrics_001
N1,N1__,R_SIM,P_bal,HPB,mlp32,mixture_diagnostic,ce_bits,0.7108820030851594,0.688431820235743,0.7433882114609142,59.0,,43788.0,,bits/trial,macro candidate mean,fixed OOF candidate bootstrap; no refit,N1_core_001,771fd4ec025f2d2d846cbe5eae0f8e33dc543bccb9b591b9dfba6d1931ded21e,补充表从固定外预测计算；保留原packet与source_run，未重拟合。 补充派生来源=metrics_001
N1,N1__,R_SIM,P_bal,HPB,mlp32,mixture_diagnostic,J_bits,0.28911799691484064,0.25661178853908584,0.311568179764257,59.0,,43788.0,,bits/trial,macro candidate mean,fixed OOF candidate bootstrap; no refit,N1_core_001,771fd4ec025f2d2d846cbe5eae0f8e33dc543bccb9b591b9dfba6d1931ded21e,补充表从固定外预测计算；保留原packet与source_run，未重拟合。 补充派生来源=metrics_001 P_bal二分类先验CE=1，J及区间仅精确代数变换；无新bootstrap/fit。
N1,N1__,R_SIM,P_bal,HPB,mlp32,mixture_diagnostic,bacc,0.7096835605908637,0.6955044817074735,0.7206465616399909,59.0,,43788.0,,unitless,macro candidate mean,fixed OOF candidate bootstrap; no refit,N1_core_001,771fd4ec025f2d2d846cbe5eae0f8e33dc543bccb9b591b9dfba6d1931ded21e,补充表从固定外预测计算；保留原packet与source_run，未重拟合。 补充派生来源=metrics_001
N1,N1__,R_SIM,P_bal,HPB,mlp32,mixture_diagnostic,auroc,0.8182377872843648,0.7986253717426699,0.8317812209585902,59.0,,43788.0,,unitless,macro candidate mean,fixed OOF candidate bootstrap; no refit,N1_core_001,771fd4ec025f2d2d846cbe5eae0f8e33dc543bccb9b591b9dfba6d1931ded21e,补充表从固定外预测计算；保留原packet与source_run，未重拟合。 补充派生来源=metrics_001
N1,N1__,R_SIM,P_bal,HPB,mlp32,mixture_diagnostic,brier_two_class_sum,0.3393855108328851,0.3275967197899445,0.3563876961854018,59.0,,43788.0,,unitless,macro candidate mean,fixed OOF candidate bootstrap; no refit,N1_core_001,771fd4ec025f2d2d846cbe5eae0f8e33dc543bccb9b591b9dfba6d1931ded21e,补充表从固定外预测计算；保留原packet与source_run，未重拟合。 补充派生来源=metrics_001
N1,N1__,R_SIM,P_bal,HPB,mlp32,raw,ce_bits,0.7919634319720443,0.7351066067627976,0.8737408764911657,59.0,,43788.0,,bits/trial,macro candidate mean,fixed OOF candidate bootstrap; no refit,N1_core_001,771fd4ec025f2d2d846cbe5eae0f8e33dc543bccb9b591b9dfba6d1931ded21e,补充表从固定外预测计算；保留原packet与source_run，未重拟合。 补充派生来源=metrics_001
N1,N1__,R_SIM,P_bal,HPB,mlp32,raw,J_bits,0.20803656802795567,0.12625912350883428,0.2648933932372024,59.0,,43788.0,,bits/trial,macro candidate mean,fixed OOF candidate bootstrap; no refit,N1_core_001,771fd4ec025f2d2d846cbe5eae0f8e33dc543bccb9b591b9dfba6d1931ded21e,补充表从固定外预测计算；保留原packet与source_run，未重拟合。 补充派生来源=metrics_001 P_bal二分类先验CE=1，J及区间仅精确代数变换；无新bootstrap/fit。
N1,N1__,R_SIM,P_bal,HPB,mlp32,raw,bacc,0.7096835605908637,0.6955044817074735,0.7206465616399909,59.0,,43788.0,,unitless,macro candidate mean,fixed OOF candidate bootstrap; no refit,N1_core_001,771fd4ec025f2d2d846cbe5eae0f8e33dc543bccb9b591b9dfba6d1931ded21e,补充表从固定外预测计算；保留原packet与source_run，未重拟合。 补充派生来源=metrics_001
N1,N1__,R_SIM,P_bal,HPB,mlp32,raw,auroc,0.8182377872843648,0.7986253717426699,0.8317812209585902,59.0,,43788.0,,unitless,macro candidate mean,fixed OOF candidate bootstrap; no refit,N1_core_001,771fd4ec025f2d2d846cbe5eae0f8e33dc543bccb9b591b9dfba6d1931ded21e,补充表从固定外预测计算；保留原packet与source_run，未重拟合。 补充派生来源=metrics_001
N1,N1__,R_SIM,P_bal,HPB,mlp32,raw,brier_two_class_sum,0.3748646856643,0.3568375065711471,0.4008655708907608,59.0,,43788.0,,unitless,macro candidate mean,fixed OOF candidate bootstrap; no refit,N1_core_001,771fd4ec025f2d2d846cbe5eae0f8e33dc543bccb9b591b9dfba6d1931ded21e,补充表从固定外预测计算；保留原packet与source_run，未重拟合。 补充派生来源=metrics_001
N1,N1__,R_SIM,P_bal,HPB,mlp32,temperature,ce_bits,0.7108820030851594,0.688431820235743,0.7433882114609142,59.0,,43788.0,,bits/trial,macro candidate mean,fixed OOF candidate bootstrap; no refit,N1_core_001,771fd4ec025f2d2d846cbe5eae0f8e33dc543bccb9b591b9dfba6d1931ded21e,补充表从固定外预测计算；保留原packet与source_run，未重拟合。 补充派生来源=metrics_001
N1,N1__,R_SIM,P_bal,HPB,mlp32,temperature,J_bits,0.28911799691484064,0.25661178853908584,0.311568179764257,59.0,,43788.0,,bits/trial,macro candidate mean,fixed OOF candidate bootstrap; no refit,N1_core_001,771fd4ec025f2d2d846cbe5eae0f8e33dc543bccb9b591b9dfba6d1931ded21e,补充表从固定外预测计算；保留原packet与source_run，未重拟合。 补充派生来源=metrics_001 P_bal二分类先验CE=1，J及区间仅精确代数变换；无新bootstrap/fit。
N1,N1__,R_SIM,P_bal,HPB,mlp32,temperature,bacc,0.7096835605908637,0.6955044817074735,0.7206465616399909,59.0,,43788.0,,unitless,macro candidate mean,fixed OOF candidate bootstrap; no refit,N1_core_001,771fd4ec025f2d2d846cbe5eae0f8e33dc543bccb9b591b9dfba6d1931ded21e,补充表从固定外预测计算；保留原packet与source_run，未重拟合。 补充派生来源=metrics_001
N1,N1__,R_SIM,P_bal,HPB,mlp32,temperature,auroc,0.8182377872843648,0.7986253717426699,0.8317812209585902,59.0,,43788.0,,unitless,macro candidate mean,fixed OOF candidate bootstrap; no refit,N1_core_001,771fd4ec025f2d2d846cbe5eae0f8e33dc543bccb9b591b9dfba6d1931ded21e,补充表从固定外预测计算；保留原packet与source_run，未重拟合。 补充派生来源=metrics_001
N1,N1__,R_SIM,P_bal,HPB,mlp32,temperature,brier_two_class_sum,0.3393855108328851,0.3275967197899445,0.3563876961854018,59.0,,43788.0,,unitless,macro candidate mean,fixed OOF candidate bootstrap; no refit,N1_core_001,771fd4ec025f2d2d846cbe5eae0f8e33dc543bccb9b591b9dfba6d1931ded21e,补充表从固定外预测计算；保留原packet与source_run，未重拟合。 补充派生来源=metrics_001
N1,N1__,R_SIM,P_bal,HPBnoise,mlp32,mixture_diagnostic,ce_bits,0.7198670763246329,0.698437420740833,0.7497389193216332,59.0,,43788.0,,bits/trial,macro candidate mean,fixed OOF candidate bootstrap; no refit,N1_core_001,771fd4ec025f2d2d846cbe5eae0f8e33dc543bccb9b591b9dfba6d1931ded21e,补充表从固定外预测计算；保留原packet与source_run，未重拟合。 补充派生来源=metrics_001
N1,N1__,R_SIM,P_bal,HPBnoise,mlp32,mixture_diagnostic,J_bits,0.28013292367536713,0.25026108067836683,0.30156257925916696,59.0,,43788.0,,bits/trial,macro candidate mean,fixed OOF candidate bootstrap; no refit,N1_core_001,771fd4ec025f2d2d846cbe5eae0f8e33dc543bccb9b591b9dfba6d1931ded21e,补充表从固定外预测计算；保留原packet与source_run，未重拟合。 补充派生来源=metrics_001 P_bal二分类先验CE=1，J及区间仅精确代数变换；无新bootstrap/fit。
N1,N1__,R_SIM,P_bal,HPBnoise,mlp32,mixture_diagnostic,bacc,0.7062928031162161,0.6941703131247182,0.716000229403836,59.0,,43788.0,,unitless,macro candidate mean,fixed OOF candidate bootstrap; no refit,N1_core_001,771fd4ec025f2d2d846cbe5eae0f8e33dc543bccb9b591b9dfba6d1931ded21e,补充表从固定外预测计算；保留原packet与source_run，未重拟合。 补充派生来源=metrics_001
N1,N1__,R_SIM,P_bal,HPBnoise,mlp32,mixture_diagnostic,auroc,0.8171455258312761,0.8000298768459829,0.8296703254826271,59.0,,43788.0,,unitless,macro candidate mean,fixed OOF candidate bootstrap; no refit,N1_core_001,771fd4ec025f2d2d846cbe5eae0f8e33dc543bccb9b591b9dfba6d1931ded21e,补充表从固定外预测计算；保留原packet与source_run，未重拟合。 补充派生来源=metrics_001
N1,N1__,R_SIM,P_bal,HPBnoise,mlp32,mixture_diagnostic,brier_two_class_sum,0.3427632610943609,0.3316032126203855,0.3579661816273263,59.0,,43788.0,,unitless,macro candidate mean,fixed OOF candidate bootstrap; no refit,N1_core_001,771fd4ec025f2d2d846cbe5eae0f8e33dc543bccb9b591b9dfba6d1931ded21e,补充表从固定外预测计算；保留原packet与source_run，未重拟合。 补充派生来源=metrics_001
N1,N1__,R_SIM,P_bal,HPBnoise,mlp32,raw,ce_bits,0.8211294622393456,0.7636351764944613,0.9013385224281232,59.0,,43788.0,,bits/trial,macro candidate mean,fixed OOF candidate bootstrap; no refit,N1_core_001,771fd4ec025f2d2d846cbe5eae0f8e33dc543bccb9b591b9dfba6d1931ded21e,补充表从固定外预测计算；保留原packet与source_run，未重拟合。 补充派生来源=metrics_001
N1,N1__,R_SIM,P_bal,HPBnoise,mlp32,raw,J_bits,0.17887053776065442,0.09866147757187682,0.23636482350553867,59.0,,43788.0,,bits/trial,macro candidate mean,fixed OOF candidate bootstrap; no refit,N1_core_001,771fd4ec025f2d2d846cbe5eae0f8e33dc543bccb9b591b9dfba6d1931ded21e,补充表从固定外预测计算；保留原packet与source_run，未重拟合。 补充派生来源=metrics_001 P_bal二分类先验CE=1，J及区间仅精确代数变换；无新bootstrap/fit。
N1,N1__,R_SIM,P_bal,HPBnoise,mlp32,raw,bacc,0.7062928031162161,0.6941703131247182,0.716000229403836,59.0,,43788.0,,unitless,macro candidate mean,fixed OOF candidate bootstrap; no refit,N1_core_001,771fd4ec025f2d2d846cbe5eae0f8e33dc543bccb9b591b9dfba6d1931ded21e,补充表从固定外预测计算；保留原packet与source_run，未重拟合。 补充派生来源=metrics_001
N1,N1__,R_SIM,P_bal,HPBnoise,mlp32,raw,auroc,0.8171455258312761,0.8000298768459829,0.8296703254826271,59.0,,43788.0,,unitless,macro candidate mean,fixed OOF candidate bootstrap; no refit,N1_core_001,771fd4ec025f2d2d846cbe5eae0f8e33dc543bccb9b591b9dfba6d1931ded21e,补充表从固定外预测计算；保留原packet与source_run，未重拟合。 补充派生来源=metrics_001
N1,N1__,R_SIM,P_bal,HPBnoise,mlp32,raw,brier_two_class_sum,0.3842785480776949,0.3675878221457713,0.4063017390976752,59.0,,43788.0,,unitless,macro candidate mean,fixed OOF candidate bootstrap; no refit,N1_core_001,771fd4ec025f2d2d846cbe5eae0f8e33dc543bccb9b591b9dfba6d1931ded21e,补充表从固定外预测计算；保留原packet与source_run，未重拟合。 补充派生来源=metrics_001
N1,N1__,R_SIM,P_bal,HPBnoise,mlp32,temperature,ce_bits,0.7198670763246329,0.698437420740833,0.7497389193216332,59.0,,43788.0,,bits/trial,macro candidate mean,fixed OOF candidate bootstrap; no refit,N1_core_001,771fd4ec025f2d2d846cbe5eae0f8e33dc543bccb9b591b9dfba6d1931ded21e,补充表从固定外预测计算；保留原packet与source_run，未重拟合。 补充派生来源=metrics_001
N1,N1__,R_SIM,P_bal,HPBnoise,mlp32,temperature,J_bits,0.28013292367536713,0.25026108067836683,0.30156257925916696,59.0,,43788.0,,bits/trial,macro candidate mean,fixed OOF candidate bootstrap; no refit,N1_core_001,771fd4ec025f2d2d846cbe5eae0f8e33dc543bccb9b591b9dfba6d1931ded21e,补充表从固定外预测计算；保留原packet与source_run，未重拟合。 补充派生来源=metrics_001 P_bal二分类先验CE=1，J及区间仅精确代数变换；无新bootstrap/fit。
N1,N1__,R_SIM,P_bal,HPBnoise,mlp32,temperature,bacc,0.7062928031162161,0.6941703131247182,0.716000229403836,59.0,,43788.0,,unitless,macro candidate mean,fixed OOF candidate bootstrap; no refit,N1_core_001,771fd4ec025f2d2d846cbe5eae0f8e33dc543bccb9b591b9dfba6d1931ded21e,补充表从固定外预测计算；保留原packet与source_run，未重拟合。 补充派生来源=metrics_001
N1,N1__,R_SIM,P_bal,HPBnoise,mlp32,temperature,auroc,0.8171455258312761,0.8000298768459829,0.8296703254826271,59.0,,43788.0,,unitless,macro candidate mean,fixed OOF candidate bootstrap; no refit,N1_core_001,771fd4ec025f2d2d846cbe5eae0f8e33dc543bccb9b591b9dfba6d1931ded21e,补充表从固定外预测计算；保留原packet与source_run，未重拟合。 补充派生来源=metrics_001
N1,N1__,R_SIM,P_bal,HPBnoise,mlp32,temperature,brier_two_class_sum,0.3427632610943609,0.3316032126203855,0.3579661816273263,59.0,,43788.0,,unitless,macro candidate mean,fixed OOF candidate bootstrap; no refit,N1_core_001,771fd4ec025f2d2d846cbe5eae0f8e33dc543bccb9b591b9dfba6d1931ded21e,补充表从固定外预测计算；保留原packet与source_run，未重拟合。 补充派生来源=metrics_001
N1,N1__,R_SIM,P_bal,HPP,mlp32,mixture_diagnostic,ce_bits,0.6818471532294217,0.6565681235639379,0.7189300098702359,59.0,,43788.0,,bits/trial,macro candidate mean,fixed OOF candidate bootstrap; no refit,N1_core_001,771fd4ec025f2d2d846cbe5eae0f8e33dc543bccb9b591b9dfba6d1931ded21e,补充表从固定外预测计算；保留原packet与source_run，未重拟合。 补充派生来源=metrics_001
N1,N1__,R_SIM,P_bal,HPP,mlp32,mixture_diagnostic,J_bits,0.3181528467705783,0.2810699901297641,0.3434318764360621,59.0,,43788.0,,bits/trial,macro candidate mean,fixed OOF candidate bootstrap; no refit,N1_core_001,771fd4ec025f2d2d846cbe5eae0f8e33dc543bccb9b591b9dfba6d1931ded21e,补充表从固定外预测计算；保留原packet与source_run，未重拟合。 补充派生来源=metrics_001 P_bal二分类先验CE=1，J及区间仅精确代数变换；无新bootstrap/fit。
N1,N1__,R_SIM,P_bal,HPP,mlp32,mixture_diagnostic,bacc,0.7296584523934543,0.7154091049801344,0.7397529809700117,59.0,,43788.0,,unitless,macro candidate mean,fixed OOF candidate bootstrap; no refit,N1_core_001,771fd4ec025f2d2d846cbe5eae0f8e33dc543bccb9b591b9dfba6d1931ded21e,补充表从固定外预测计算；保留原packet与source_run，未重拟合。 补充派生来源=metrics_001
N1,N1__,R_SIM,P_bal,HPP,mlp32,mixture_diagnostic,auroc,0.8264992602519442,0.8071823285213241,0.8401817692090845,59.0,,43788.0,,unitless,macro candidate mean,fixed OOF candidate bootstrap; no refit,N1_core_001,771fd4ec025f2d2d846cbe5eae0f8e33dc543bccb9b591b9dfba6d1931ded21e,补充表从固定外预测计算；保留原packet与source_run，未重拟合。 补充派生来源=metrics_001
N1,N1__,R_SIM,P_bal,HPP,mlp32,mixture_diagnostic,brier_two_class_sum,0.3252539512225104,0.3127545764367263,0.3430333366606997,59.0,,43788.0,,unitless,macro candidate mean,fixed OOF candidate bootstrap; no refit,N1_core_001,771fd4ec025f2d2d846cbe5eae0f8e33dc543bccb9b591b9dfba6d1931ded21e,补充表从固定外预测计算；保留原packet与source_run，未重拟合。 补充派生来源=metrics_001
N1,N1__,R_SIM,P_bal,HPP,mlp32,raw,ce_bits,0.7112204558376191,0.6629213745956188,0.781623044419339,59.0,,43788.0,,bits/trial,macro candidate mean,fixed OOF candidate bootstrap; no refit,N1_core_001,771fd4ec025f2d2d846cbe5eae0f8e33dc543bccb9b591b9dfba6d1931ded21e,补充表从固定外预测计算；保留原packet与source_run，未重拟合。 补充派生来源=metrics_001
N1,N1__,R_SIM,P_bal,HPP,mlp32,raw,J_bits,0.28877954416238094,0.21837695558066095,0.33707862540438116,59.0,,43788.0,,bits/trial,macro candidate mean,fixed OOF candidate bootstrap; no refit,N1_core_001,771fd4ec025f2d2d846cbe5eae0f8e33dc543bccb9b591b9dfba6d1931ded21e,补充表从固定外预测计算；保留原packet与source_run，未重拟合。 补充派生来源=metrics_001 P_bal二分类先验CE=1，J及区间仅精确代数变换；无新bootstrap/fit。
N1,N1__,R_SIM,P_bal,HPP,mlp32,raw,bacc,0.7296584523934543,0.7154091049801344,0.7397529809700117,59.0,,43788.0,,unitless,macro candidate mean,fixed OOF candidate bootstrap; no refit,N1_core_001,771fd4ec025f2d2d846cbe5eae0f8e33dc543bccb9b591b9dfba6d1931ded21e,补充表从固定外预测计算；保留原packet与source_run，未重拟合。 补充派生来源=metrics_001
N1,N1__,R_SIM,P_bal,HPP,mlp32,raw,auroc,0.8264992602519442,0.8071823285213241,0.8401817692090845,59.0,,43788.0,,unitless,macro candidate mean,fixed OOF candidate bootstrap; no refit,N1_core_001,771fd4ec025f2d2d846cbe5eae0f8e33dc543bccb9b591b9dfba6d1931ded21e,补充表从固定外预测计算；保留原packet与source_run，未重拟合。 补充派生来源=metrics_001
N1,N1__,R_SIM,P_bal,HPP,mlp32,raw,brier_two_class_sum,0.3399189747818052,0.323285356163046,0.36365657335535,59.0,,43788.0,,unitless,macro candidate mean,fixed OOF candidate bootstrap; no refit,N1_core_001,771fd4ec025f2d2d846cbe5eae0f8e33dc543bccb9b591b9dfba6d1931ded21e,补充表从固定外预测计算；保留原packet与source_run，未重拟合。 补充派生来源=metrics_001
N1,N1__,R_SIM,P_bal,HPP,mlp32,temperature,ce_bits,0.6818471532294217,0.6565681235639379,0.7189300098702359,59.0,,43788.0,,bits/trial,macro candidate mean,fixed OOF candidate bootstrap; no refit,N1_core_001,771fd4ec025f2d2d846cbe5eae0f8e33dc543bccb9b591b9dfba6d1931ded21e,补充表从固定外预测计算；保留原packet与source_run，未重拟合。 补充派生来源=metrics_001
N1,N1__,R_SIM,P_bal,HPP,mlp32,temperature,J_bits,0.3181528467705783,0.2810699901297641,0.3434318764360621,59.0,,43788.0,,bits/trial,macro candidate mean,fixed OOF candidate bootstrap; no refit,N1_core_001,771fd4ec025f2d2d846cbe5eae0f8e33dc543bccb9b591b9dfba6d1931ded21e,补充表从固定外预测计算；保留原packet与source_run，未重拟合。 补充派生来源=metrics_001 P_bal二分类先验CE=1，J及区间仅精确代数变换；无新bootstrap/fit。
N1,N1__,R_SIM,P_bal,HPP,mlp32,temperature,bacc,0.7296584523934543,0.7154091049801344,0.7397529809700117,59.0,,43788.0,,unitless,macro candidate mean,fixed OOF candidate bootstrap; no refit,N1_core_001,771fd4ec025f2d2d846cbe5eae0f8e33dc543bccb9b591b9dfba6d1931ded21e,补充表从固定外预测计算；保留原packet与source_run，未重拟合。 补充派生来源=metrics_001
N1,N1__,R_SIM,P_bal,HPP,mlp32,temperature,auroc,0.8264992602519442,0.8071823285213241,0.8401817692090845,59.0,,43788.0,,unitless,macro candidate mean,fixed OOF candidate bootstrap; no refit,N1_core_001,771fd4ec025f2d2d846cbe5eae0f8e33dc543bccb9b591b9dfba6d1931ded21e,补充表从固定外预测计算；保留原packet与source_run，未重拟合。 补充派生来源=metrics_001
N1,N1__,R_SIM,P_bal,HPP,mlp32,temperature,brier_two_class_sum,0.3252539512225104,0.3127545764367263,0.3430333366606997,59.0,,43788.0,,unitless,macro candidate mean,fixed OOF candidate bootstrap; no refit,N1_core_001,771fd4ec025f2d2d846cbe5eae0f8e33dc543bccb9b591b9dfba6d1931ded21e,补充表从固定外预测计算；保留原packet与source_run，未重拟合。 补充派生来源=metrics_001
N1,N1__,R_SIM,P_nat,H,logistic,mixture_diagnostic,ce_bits,0.5168787240299256,0.4854082842310701,0.562709126199008,59.0,,43788.0,,bits/trial,macro candidate mean,fixed OOF candidate bootstrap; no refit,N1_core_001,771fd4ec025f2d2d846cbe5eae0f8e33dc543bccb9b591b9dfba6d1931ded21e,补充表从固定外预测计算；保留原packet与source_run，未重拟合。 补充派生来源=metrics_001
N1,N1__,R_SIM,P_nat,H,logistic,mixture_diagnostic,bacc,0.5960072439282826,0.5890294646339228,0.6015014259714037,59.0,,43788.0,,unitless,macro candidate mean,fixed OOF candidate bootstrap; no refit,N1_core_001,771fd4ec025f2d2d846cbe5eae0f8e33dc543bccb9b591b9dfba6d1931ded21e,补充表从固定外预测计算；保留原packet与source_run，未重拟合。 补充派生来源=metrics_001
N1,N1__,R_SIM,P_nat,H,logistic,mixture_diagnostic,auroc,0.8372670501661229,0.8168661393035163,0.8510535740530644,59.0,,43788.0,,unitless,macro candidate mean,fixed OOF candidate bootstrap; no refit,N1_core_001,771fd4ec025f2d2d846cbe5eae0f8e33dc543bccb9b591b9dfba6d1931ded21e,补充表从固定外预测计算；保留原packet与source_run，未重拟合。 补充派生来源=metrics_001
N1,N1__,R_SIM,P_nat,H,logistic,mixture_diagnostic,brier_two_class_sum,0.23557905002074,0.2229393450065389,0.2537785699830158,59.0,,43788.0,,unitless,macro candidate mean,fixed OOF candidate bootstrap; no refit,N1_core_001,771fd4ec025f2d2d846cbe5eae0f8e33dc543bccb9b591b9dfba6d1931ded21e,补充表从固定外预测计算；保留原packet与source_run，未重拟合。 补充派生来源=metrics_001
N1,N1__,R_SIM,P_nat,H,logistic,raw,ce_bits,0.5173377428698002,0.4896935770250972,0.5577032357817301,59.0,,43788.0,,bits/trial,macro candidate mean,fixed OOF candidate bootstrap; no refit,N1_core_001,771fd4ec025f2d2d846cbe5eae0f8e33dc543bccb9b591b9dfba6d1931ded21e,补充表从固定外预测计算；保留原packet与source_run，未重拟合。 补充派生来源=metrics_001
N1,N1__,R_SIM,P_nat,H,logistic,raw,bacc,0.5960072439282826,0.5890294646339228,0.6015014259714037,59.0,,43788.0,,unitless,macro candidate mean,fixed OOF candidate bootstrap; no refit,N1_core_001,771fd4ec025f2d2d846cbe5eae0f8e33dc543bccb9b591b9dfba6d1931ded21e,补充表从固定外预测计算；保留原packet与source_run，未重拟合。 补充派生来源=metrics_001
N1,N1__,R_SIM,P_nat,H,logistic,raw,auroc,0.8372670501661229,0.8168661393035163,0.8510535740530644,59.0,,43788.0,,unitless,macro candidate mean,fixed OOF candidate bootstrap; no refit,N1_core_001,771fd4ec025f2d2d846cbe5eae0f8e33dc543bccb9b591b9dfba6d1931ded21e,补充表从固定外预测计算；保留原packet与source_run，未重拟合。 补充派生来源=metrics_001
N1,N1__,R_SIM,P_nat,H,logistic,raw,brier_two_class_sum,0.2350908090288238,0.2232420446419561,0.2522943948347232,59.0,,43788.0,,unitless,macro candidate mean,fixed OOF candidate bootstrap; no refit,N1_core_001,771fd4ec025f2d2d846cbe5eae0f8e33dc543bccb9b591b9dfba6d1931ded21e,补充表从固定外预测计算；保留原packet与source_run，未重拟合。 补充派生来源=metrics_001
N1,N1__,R_SIM,P_nat,H,logistic,temperature,ce_bits,0.5168787240299256,0.4854082842310701,0.562709126199008,59.0,,43788.0,,bits/trial,macro candidate mean,fixed OOF candidate bootstrap; no refit,N1_core_001,771fd4ec025f2d2d846cbe5eae0f8e33dc543bccb9b591b9dfba6d1931ded21e,补充表从固定外预测计算；保留原packet与source_run，未重拟合。 补充派生来源=metrics_001
N1,N1__,R_SIM,P_nat,H,logistic,temperature,bacc,0.5960072439282826,0.5890294646339228,0.6015014259714037,59.0,,43788.0,,unitless,macro candidate mean,fixed OOF candidate bootstrap; no refit,N1_core_001,771fd4ec025f2d2d846cbe5eae0f8e33dc543bccb9b591b9dfba6d1931ded21e,补充表从固定外预测计算；保留原packet与source_run，未重拟合。 补充派生来源=metrics_001
N1,N1__,R_SIM,P_nat,H,logistic,temperature,auroc,0.8372670501661229,0.8168661393035163,0.8510535740530644,59.0,,43788.0,,unitless,macro candidate mean,fixed OOF candidate bootstrap; no refit,N1_core_001,771fd4ec025f2d2d846cbe5eae0f8e33dc543bccb9b591b9dfba6d1931ded21e,补充表从固定外预测计算；保留原packet与source_run，未重拟合。 补充派生来源=metrics_001
N1,N1__,R_SIM,P_nat,H,logistic,temperature,brier_two_class_sum,0.23557905002074,0.2229393450065389,0.2537785699830158,59.0,,43788.0,,unitless,macro candidate mean,fixed OOF candidate bootstrap; no refit,N1_core_001,771fd4ec025f2d2d846cbe5eae0f8e33dc543bccb9b591b9dfba6d1931ded21e,补充表从固定外预测计算；保留原packet与source_run，未重拟合。 补充派生来源=metrics_001
N1,N1__,R_SIM,P_nat,HB,logistic,mixture_diagnostic,ce_bits,0.5184389061795361,0.4867874514598857,0.5642595660956659,59.0,,43788.0,,bits/trial,macro candidate mean,fixed OOF candidate bootstrap; no refit,N1_core_001,771fd4ec025f2d2d846cbe5eae0f8e33dc543bccb9b591b9dfba6d1931ded21e,补充表从固定外预测计算；保留原packet与source_run，未重拟合。 补充派生来源=metrics_001
N1,N1__,R_SIM,P_nat,HB,logistic,mixture_diagnostic,bacc,0.596286157601168,0.5891405175353669,0.6019543578888509,59.0,,43788.0,,unitless,macro candidate mean,fixed OOF candidate bootstrap; no refit,N1_core_001,771fd4ec025f2d2d846cbe5eae0f8e33dc543bccb9b591b9dfba6d1931ded21e,补充表从固定外预测计算；保留原packet与source_run，未重拟合。 补充派生来源=metrics_001
N1,N1__,R_SIM,P_nat,HB,logistic,mixture_diagnostic,auroc,0.8361440245788082,0.8159081269749335,0.8499429994195109,59.0,,43788.0,,unitless,macro candidate mean,fixed OOF candidate bootstrap; no refit,N1_core_001,771fd4ec025f2d2d846cbe5eae0f8e33dc543bccb9b591b9dfba6d1931ded21e,补充表从固定外预测计算；保留原packet与source_run，未重拟合。 补充派生来源=metrics_001
N1,N1__,R_SIM,P_nat,HB,logistic,mixture_diagnostic,brier_two_class_sum,0.2362667792292424,0.2234452797840785,0.2547175858472995,59.0,,43788.0,,unitless,macro candidate mean,fixed OOF candidate bootstrap; no refit,N1_core_001,771fd4ec025f2d2d846cbe5eae0f8e33dc543bccb9b591b9dfba6d1931ded21e,补充表从固定外预测计算；保留原packet与source_run，未重拟合。 补充派生来源=metrics_001
N1,N1__,R_SIM,P_nat,HB,logistic,raw,ce_bits,0.5186775354987646,0.4905761759832691,0.5597821819707892,59.0,,43788.0,,bits/trial,macro candidate mean,fixed OOF candidate bootstrap; no refit,N1_core_001,771fd4ec025f2d2d846cbe5eae0f8e33dc543bccb9b591b9dfba6d1931ded21e,补充表从固定外预测计算；保留原packet与source_run，未重拟合。 补充派生来源=metrics_001
N1,N1__,R_SIM,P_nat,HB,logistic,raw,bacc,0.596286157601168,0.5891405175353669,0.6019543578888509,59.0,,43788.0,,unitless,macro candidate mean,fixed OOF candidate bootstrap; no refit,N1_core_001,771fd4ec025f2d2d846cbe5eae0f8e33dc543bccb9b591b9dfba6d1931ded21e,补充表从固定外预测计算；保留原packet与source_run，未重拟合。 补充派生来源=metrics_001
N1,N1__,R_SIM,P_nat,HB,logistic,raw,auroc,0.8361440245788082,0.8159081269749335,0.8499429994195109,59.0,,43788.0,,unitless,macro candidate mean,fixed OOF candidate bootstrap; no refit,N1_core_001,771fd4ec025f2d2d846cbe5eae0f8e33dc543bccb9b591b9dfba6d1931ded21e,补充表从固定外预测计算；保留原packet与source_run，未重拟合。 补充派生来源=metrics_001
N1,N1__,R_SIM,P_nat,HB,logistic,raw,brier_two_class_sum,0.2357626598840804,0.2236803758126387,0.253065960237026,59.0,,43788.0,,unitless,macro candidate mean,fixed OOF candidate bootstrap; no refit,N1_core_001,771fd4ec025f2d2d846cbe5eae0f8e33dc543bccb9b591b9dfba6d1931ded21e,补充表从固定外预测计算；保留原packet与source_run，未重拟合。 补充派生来源=metrics_001
N1,N1__,R_SIM,P_nat,HB,logistic,temperature,ce_bits,0.5184389061795361,0.4867874514598857,0.5642595660956659,59.0,,43788.0,,bits/trial,macro candidate mean,fixed OOF candidate bootstrap; no refit,N1_core_001,771fd4ec025f2d2d846cbe5eae0f8e33dc543bccb9b591b9dfba6d1931ded21e,补充表从固定外预测计算；保留原packet与source_run，未重拟合。 补充派生来源=metrics_001
N1,N1__,R_SIM,P_nat,HB,logistic,temperature,bacc,0.596286157601168,0.5891405175353669,0.6019543578888509,59.0,,43788.0,,unitless,macro candidate mean,fixed OOF candidate bootstrap; no refit,N1_core_001,771fd4ec025f2d2d846cbe5eae0f8e33dc543bccb9b591b9dfba6d1931ded21e,补充表从固定外预测计算；保留原packet与source_run，未重拟合。 补充派生来源=metrics_001
N1,N1__,R_SIM,P_nat,HB,logistic,temperature,auroc,0.8361440245788082,0.8159081269749335,0.8499429994195109,59.0,,43788.0,,unitless,macro candidate mean,fixed OOF candidate bootstrap; no refit,N1_core_001,771fd4ec025f2d2d846cbe5eae0f8e33dc543bccb9b591b9dfba6d1931ded21e,补充表从固定外预测计算；保留原packet与source_run，未重拟合。 补充派生来源=metrics_001
N1,N1__,R_SIM,P_nat,HB,logistic,temperature,brier_two_class_sum,0.2362667792292424,0.2234452797840785,0.2547175858472995,59.0,,43788.0,,unitless,macro candidate mean,fixed OOF candidate bootstrap; no refit,N1_core_001,771fd4ec025f2d2d846cbe5eae0f8e33dc543bccb9b591b9dfba6d1931ded21e,补充表从固定外预测计算；保留原packet与source_run，未重拟合。 补充派生来源=metrics_001
N1,N1__,R_SIM,P_nat,HP,logistic,mixture_diagnostic,ce_bits,0.5172168957393931,0.4852876893627936,0.563770614909887,59.0,,43788.0,,bits/trial,macro candidate mean,fixed OOF candidate bootstrap; no refit,N1_core_001,771fd4ec025f2d2d846cbe5eae0f8e33dc543bccb9b591b9dfba6d1931ded21e,补充表从固定外预测计算；保留原packet与source_run，未重拟合。 补充派生来源=metrics_001
N1,N1__,R_SIM,P_nat,HP,logistic,mixture_diagnostic,bacc,0.5983195763327688,0.5909072998115513,0.6041482638148895,59.0,,43788.0,,unitless,macro candidate mean,fixed OOF candidate bootstrap; no refit,N1_core_001,771fd4ec025f2d2d846cbe5eae0f8e33dc543bccb9b591b9dfba6d1931ded21e,补充表从固定外预测计算；保留原packet与source_run，未重拟合。 补充派生来源=metrics_001
N1,N1__,R_SIM,P_nat,HP,logistic,mixture_diagnostic,auroc,0.8378085187169156,0.8176131305506126,0.8516566190040122,59.0,,43788.0,,unitless,macro candidate mean,fixed OOF candidate bootstrap; no refit,N1_core_001,771fd4ec025f2d2d846cbe5eae0f8e33dc543bccb9b591b9dfba6d1931ded21e,补充表从固定外预测计算；保留原packet与source_run，未重拟合。 补充派生来源=metrics_001
N1,N1__,R_SIM,P_nat,HP,logistic,mixture_diagnostic,brier_two_class_sum,0.2355855824678724,0.2226693341000935,0.2542416671635003,59.0,,43788.0,,unitless,macro candidate mean,fixed OOF candidate bootstrap; no refit,N1_core_001,771fd4ec025f2d2d846cbe5eae0f8e33dc543bccb9b591b9dfba6d1931ded21e,补充表从固定外预测计算；保留原packet与source_run，未重拟合。 补充派生来源=metrics_001
N1,N1__,R_SIM,P_nat,HP,logistic,raw,ce_bits,0.5175377583131758,0.4892691652766149,0.5589772633612912,59.0,,43788.0,,bits/trial,macro candidate mean,fixed OOF candidate bootstrap; no refit,N1_core_001,771fd4ec025f2d2d846cbe5eae0f8e33dc543bccb9b591b9dfba6d1931ded21e,补充表从固定外预测计算；保留原packet与source_run，未重拟合。 补充派生来源=metrics_001
N1,N1__,R_SIM,P_nat,HP,logistic,raw,bacc,0.5983195763327688,0.5909072998115513,0.6041482638148895,59.0,,43788.0,,unitless,macro candidate mean,fixed OOF candidate bootstrap; no refit,N1_core_001,771fd4ec025f2d2d846cbe5eae0f8e33dc543bccb9b591b9dfba6d1931ded21e,补充表从固定外预测计算；保留原packet与source_run，未重拟合。 补充派生来源=metrics_001
N1,N1__,R_SIM,P_nat,HP,logistic,raw,auroc,0.8378085187169156,0.8176131305506126,0.8516566190040122,59.0,,43788.0,,unitless,macro candidate mean,fixed OOF candidate bootstrap; no refit,N1_core_001,771fd4ec025f2d2d846cbe5eae0f8e33dc543bccb9b591b9dfba6d1931ded21e,补充表从固定外预测计算；保留原packet与source_run，未重拟合。 补充派生来源=metrics_001
N1,N1__,R_SIM,P_nat,HP,logistic,raw,brier_two_class_sum,0.2351334613899541,0.2229572044313554,0.2527629448918668,59.0,,43788.0,,unitless,macro candidate mean,fixed OOF candidate bootstrap; no refit,N1_core_001,771fd4ec025f2d2d846cbe5eae0f8e33dc543bccb9b591b9dfba6d1931ded21e,补充表从固定外预测计算；保留原packet与source_run，未重拟合。 补充派生来源=metrics_001
N1,N1__,R_SIM,P_nat,HP,logistic,temperature,ce_bits,0.5172168957393931,0.4852876893627936,0.563770614909887,59.0,,43788.0,,bits/trial,macro candidate mean,fixed OOF candidate bootstrap; no refit,N1_core_001,771fd4ec025f2d2d846cbe5eae0f8e33dc543bccb9b591b9dfba6d1931ded21e,补充表从固定外预测计算；保留原packet与source_run，未重拟合。 补充派生来源=metrics_001
N1,N1__,R_SIM,P_nat,HP,logistic,temperature,bacc,0.5983195763327688,0.5909072998115513,0.6041482638148895,59.0,,43788.0,,unitless,macro candidate mean,fixed OOF candidate bootstrap; no refit,N1_core_001,771fd4ec025f2d2d846cbe5eae0f8e33dc543bccb9b591b9dfba6d1931ded21e,补充表从固定外预测计算；保留原packet与source_run，未重拟合。 补充派生来源=metrics_001
N1,N1__,R_SIM,P_nat,HP,logistic,temperature,auroc,0.8378085187169156,0.8176131305506126,0.8516566190040122,59.0,,43788.0,,unitless,macro candidate mean,fixed OOF candidate bootstrap; no refit,N1_core_001,771fd4ec025f2d2d846cbe5eae0f8e33dc543bccb9b591b9dfba6d1931ded21e,补充表从固定外预测计算；保留原packet与source_run，未重拟合。 补充派生来源=metrics_001
N1,N1__,R_SIM,P_nat,HP,logistic,temperature,brier_two_class_sum,0.2355855824678724,0.2226693341000935,0.2542416671635003,59.0,,43788.0,,unitless,macro candidate mean,fixed OOF candidate bootstrap; no refit,N1_core_001,771fd4ec025f2d2d846cbe5eae0f8e33dc543bccb9b591b9dfba6d1931ded21e,补充表从固定外预测计算；保留原packet与source_run，未重拟合。 补充派生来源=metrics_001
N1,N1__,R_SIM,P_nat,HPB,logistic,mixture_diagnostic,ce_bits,0.5185906053364068,0.4864576725943297,0.5653501199666141,59.0,,43788.0,,bits/trial,macro candidate mean,fixed OOF candidate bootstrap; no refit,N1_core_001,771fd4ec025f2d2d846cbe5eae0f8e33dc543bccb9b591b9dfba6d1931ded21e,补充表从固定外预测计算；保留原packet与source_run，未重拟合。 补充派生来源=metrics_001
N1,N1__,R_SIM,P_nat,HPB,logistic,mixture_diagnostic,bacc,0.5994118799771317,0.5917385534608478,0.6052218440032825,59.0,,43788.0,,unitless,macro candidate mean,fixed OOF candidate bootstrap; no refit,N1_core_001,771fd4ec025f2d2d846cbe5eae0f8e33dc543bccb9b591b9dfba6d1931ded21e,补充表从固定外预测计算；保留原packet与source_run，未重拟合。 补充派生来源=metrics_001
N1,N1__,R_SIM,P_nat,HPB,logistic,mixture_diagnostic,auroc,0.8366911811834836,0.8164571152784933,0.8505308185279243,59.0,,43788.0,,unitless,macro candidate mean,fixed OOF candidate bootstrap; no refit,N1_core_001,771fd4ec025f2d2d846cbe5eae0f8e33dc543bccb9b591b9dfba6d1931ded21e,补充表从固定外预测计算；保留原packet与source_run，未重拟合。 补充派生来源=metrics_001
N1,N1__,R_SIM,P_nat,HPB,logistic,mixture_diagnostic,brier_two_class_sum,0.236172144827105,0.2231310485900399,0.2549162797596722,59.0,,43788.0,,unitless,macro candidate mean,fixed OOF candidate bootstrap; no refit,N1_core_001,771fd4ec025f2d2d846cbe5eae0f8e33dc543bccb9b591b9dfba6d1931ded21e,补充表从固定外预测计算；保留原packet与source_run，未重拟合。 补充派生来源=metrics_001
N1,N1__,R_SIM,P_nat,HPB,logistic,raw,ce_bits,0.5187320935374278,0.4901887825184781,0.5605321187046103,59.0,,43788.0,,bits/trial,macro candidate mean,fixed OOF candidate bootstrap; no refit,N1_core_001,771fd4ec025f2d2d846cbe5eae0f8e33dc543bccb9b591b9dfba6d1931ded21e,补充表从固定外预测计算；保留原packet与source_run，未重拟合。 补充派生来源=metrics_001
N1,N1__,R_SIM,P_nat,HPB,logistic,raw,bacc,0.5994118799771317,0.5917385534608478,0.6052218440032825,59.0,,43788.0,,unitless,macro candidate mean,fixed OOF candidate bootstrap; no refit,N1_core_001,771fd4ec025f2d2d846cbe5eae0f8e33dc543bccb9b591b9dfba6d1931ded21e,补充表从固定外预测计算；保留原packet与source_run，未重拟合。 补充派生来源=metrics_001
N1,N1__,R_SIM,P_nat,HPB,logistic,raw,auroc,0.8366911811834836,0.8164571152784933,0.8505308185279243,59.0,,43788.0,,unitless,macro candidate mean,fixed OOF candidate bootstrap; no refit,N1_core_001,771fd4ec025f2d2d846cbe5eae0f8e33dc543bccb9b591b9dfba6d1931ded21e,补充表从固定外预测计算；保留原packet与source_run，未重拟合。 补充派生来源=metrics_001
N1,N1__,R_SIM,P_nat,HPB,logistic,raw,brier_two_class_sum,0.2357135439406126,0.2234118393472751,0.2535260991757984,59.0,,43788.0,,unitless,macro candidate mean,fixed OOF candidate bootstrap; no refit,N1_core_001,771fd4ec025f2d2d846cbe5eae0f8e33dc543bccb9b591b9dfba6d1931ded21e,补充表从固定外预测计算；保留原packet与source_run，未重拟合。 补充派生来源=metrics_001
N1,N1__,R_SIM,P_nat,HPB,logistic,temperature,ce_bits,0.5185906053364068,0.4864576725943297,0.5653501199666141,59.0,,43788.0,,bits/trial,macro candidate mean,fixed OOF candidate bootstrap; no refit,N1_core_001,771fd4ec025f2d2d846cbe5eae0f8e33dc543bccb9b591b9dfba6d1931ded21e,补充表从固定外预测计算；保留原packet与source_run，未重拟合。 补充派生来源=metrics_001
N1,N1__,R_SIM,P_nat,HPB,logistic,temperature,bacc,0.5994118799771317,0.5917385534608478,0.6052218440032825,59.0,,43788.0,,unitless,macro candidate mean,fixed OOF candidate bootstrap; no refit,N1_core_001,771fd4ec025f2d2d846cbe5eae0f8e33dc543bccb9b591b9dfba6d1931ded21e,补充表从固定外预测计算；保留原packet与source_run，未重拟合。 补充派生来源=metrics_001
N1,N1__,R_SIM,P_nat,HPB,logistic,temperature,auroc,0.8366911811834836,0.8164571152784933,0.8505308185279243,59.0,,43788.0,,unitless,macro candidate mean,fixed OOF candidate bootstrap; no refit,N1_core_001,771fd4ec025f2d2d846cbe5eae0f8e33dc543bccb9b591b9dfba6d1931ded21e,补充表从固定外预测计算；保留原packet与source_run，未重拟合。 补充派生来源=metrics_001
N1,N1__,R_SIM,P_nat,HPB,logistic,temperature,brier_two_class_sum,0.236172144827105,0.2231310485900399,0.2549162797596722,59.0,,43788.0,,unitless,macro candidate mean,fixed OOF candidate bootstrap; no refit,N1_core_001,771fd4ec025f2d2d846cbe5eae0f8e33dc543bccb9b591b9dfba6d1931ded21e,补充表从固定外预测计算；保留原packet与source_run，未重拟合。 补充派生来源=metrics_001
N1,N1__,R_SIM,P_nat,HPBnoise,logistic,mixture_diagnostic,ce_bits,0.5174763719742054,0.4856750855104371,0.5636027870666132,59.0,,43788.0,,bits/trial,macro candidate mean,fixed OOF candidate bootstrap; no refit,N1_core_001,771fd4ec025f2d2d846cbe5eae0f8e33dc543bccb9b591b9dfba6d1931ded21e,补充表从固定外预测计算；保留原packet与source_run，未重拟合。 补充派生来源=metrics_001
N1,N1__,R_SIM,P_nat,HPBnoise,logistic,mixture_diagnostic,bacc,0.6007880074097856,0.5934666018044239,0.6066497614642072,59.0,,43788.0,,unitless,macro candidate mean,fixed OOF candidate bootstrap; no refit,N1_core_001,771fd4ec025f2d2d846cbe5eae0f8e33dc543bccb9b591b9dfba6d1931ded21e,补充表从固定外预测计算；保留原packet与source_run，未重拟合。 补充派生来源=metrics_001
N1,N1__,R_SIM,P_nat,HPBnoise,logistic,mixture_diagnostic,auroc,0.8374994496466381,0.8171436275616902,0.8514616758869727,59.0,,43788.0,,unitless,macro candidate mean,fixed OOF candidate bootstrap; no refit,N1_core_001,771fd4ec025f2d2d846cbe5eae0f8e33dc543bccb9b591b9dfba6d1931ded21e,补充表从固定外预测计算；保留原packet与source_run，未重拟合。 补充派生来源=metrics_001
N1,N1__,R_SIM,P_nat,HPBnoise,logistic,mixture_diagnostic,brier_two_class_sum,0.2357310403428455,0.2228656315426491,0.254276374997923,59.0,,43788.0,,unitless,macro candidate mean,fixed OOF candidate bootstrap; no refit,N1_core_001,771fd4ec025f2d2d846cbe5eae0f8e33dc543bccb9b591b9dfba6d1931ded21e,补充表从固定外预测计算；保留原packet与source_run，未重拟合。 补充派生来源=metrics_001
N1,N1__,R_SIM,P_nat,HPBnoise,logistic,raw,ce_bits,0.5177251733969486,0.4894283791980034,0.5587347365169758,59.0,,43788.0,,bits/trial,macro candidate mean,fixed OOF candidate bootstrap; no refit,N1_core_001,771fd4ec025f2d2d846cbe5eae0f8e33dc543bccb9b591b9dfba6d1931ded21e,补充表从固定外预测计算；保留原packet与source_run，未重拟合。 补充派生来源=metrics_001
N1,N1__,R_SIM,P_nat,HPBnoise,logistic,raw,bacc,0.6007880074097856,0.5934666018044239,0.6066497614642072,59.0,,43788.0,,unitless,macro candidate mean,fixed OOF candidate bootstrap; no refit,N1_core_001,771fd4ec025f2d2d846cbe5eae0f8e33dc543bccb9b591b9dfba6d1931ded21e,补充表从固定外预测计算；保留原packet与source_run，未重拟合。 补充派生来源=metrics_001
N1,N1__,R_SIM,P_nat,HPBnoise,logistic,raw,auroc,0.8374994496466381,0.8171436275616902,0.8514616758869727,59.0,,43788.0,,unitless,macro candidate mean,fixed OOF candidate bootstrap; no refit,N1_core_001,771fd4ec025f2d2d846cbe5eae0f8e33dc543bccb9b591b9dfba6d1931ded21e,补充表从固定外预测计算；保留原packet与source_run，未重拟合。 补充派生来源=metrics_001
N1,N1__,R_SIM,P_nat,HPBnoise,logistic,raw,brier_two_class_sum,0.2352894817027316,0.2231133048090973,0.2528723232805668,59.0,,43788.0,,unitless,macro candidate mean,fixed OOF candidate bootstrap; no refit,N1_core_001,771fd4ec025f2d2d846cbe5eae0f8e33dc543bccb9b591b9dfba6d1931ded21e,补充表从固定外预测计算；保留原packet与source_run，未重拟合。 补充派生来源=metrics_001
N1,N1__,R_SIM,P_nat,HPBnoise,logistic,temperature,ce_bits,0.5174763719742054,0.4856750855104371,0.5636027870666132,59.0,,43788.0,,bits/trial,macro candidate mean,fixed OOF candidate bootstrap; no refit,N1_core_001,771fd4ec025f2d2d846cbe5eae0f8e33dc543bccb9b591b9dfba6d1931ded21e,补充表从固定外预测计算；保留原packet与source_run，未重拟合。 补充派生来源=metrics_001
N1,N1__,R_SIM,P_nat,HPBnoise,logistic,temperature,bacc,0.6007880074097856,0.5934666018044239,0.6066497614642072,59.0,,43788.0,,unitless,macro candidate mean,fixed OOF candidate bootstrap; no refit,N1_core_001,771fd4ec025f2d2d846cbe5eae0f8e33dc543bccb9b591b9dfba6d1931ded21e,补充表从固定外预测计算；保留原packet与source_run，未重拟合。 补充派生来源=metrics_001
N1,N1__,R_SIM,P_nat,HPBnoise,logistic,temperature,auroc,0.8374994496466381,0.8171436275616902,0.8514616758869727,59.0,,43788.0,,unitless,macro candidate mean,fixed OOF candidate bootstrap; no refit,N1_core_001,771fd4ec025f2d2d846cbe5eae0f8e33dc543bccb9b591b9dfba6d1931ded21e,补充表从固定外预测计算；保留原packet与source_run，未重拟合。 补充派生来源=metrics_001
N1,N1__,R_SIM,P_nat,HPBnoise,logistic,temperature,brier_two_class_sum,0.2357310403428455,0.2228656315426491,0.254276374997923,59.0,,43788.0,,unitless,macro candidate mean,fixed OOF candidate bootstrap; no refit,N1_core_001,771fd4ec025f2d2d846cbe5eae0f8e33dc543bccb9b591b9dfba6d1931ded21e,补充表从固定外预测计算；保留原packet与source_run，未重拟合。 补充派生来源=metrics_001
N1,N1__,R_SIM,P_nat,HPP,logistic,mixture_diagnostic,ce_bits,0.5175120013175425,0.4856227550208974,0.5641929508055683,59.0,,43788.0,,bits/trial,macro candidate mean,fixed OOF candidate bootstrap; no refit,N1_core_001,771fd4ec025f2d2d846cbe5eae0f8e33dc543bccb9b591b9dfba6d1931ded21e,补充表从固定外预测计算；保留原packet与source_run，未重拟合。 补充派生来源=metrics_001
N1,N1__,R_SIM,P_nat,HPP,logistic,mixture_diagnostic,bacc,0.5993044848991945,0.5916577212443046,0.6051434802300214,59.0,,43788.0,,unitless,macro candidate mean,fixed OOF candidate bootstrap; no refit,N1_core_001,771fd4ec025f2d2d846cbe5eae0f8e33dc543bccb9b591b9dfba6d1931ded21e,补充表从固定外预测计算；保留原packet与source_run，未重拟合。 补充派生来源=metrics_001
N1,N1__,R_SIM,P_nat,HPP,logistic,mixture_diagnostic,auroc,0.8375756162836091,0.8173824688414655,0.8514947826131581,59.0,,43788.0,,unitless,macro candidate mean,fixed OOF candidate bootstrap; no refit,N1_core_001,771fd4ec025f2d2d846cbe5eae0f8e33dc543bccb9b591b9dfba6d1931ded21e,补充表从固定外预测计算；保留原packet与source_run，未重拟合。 补充派生来源=metrics_001
N1,N1__,R_SIM,P_nat,HPP,logistic,mixture_diagnostic,brier_two_class_sum,0.2357101268949832,0.2227817182788092,0.254382836314893,59.0,,43788.0,,unitless,macro candidate mean,fixed OOF candidate bootstrap; no refit,N1_core_001,771fd4ec025f2d2d846cbe5eae0f8e33dc543bccb9b591b9dfba6d1931ded21e,补充表从固定外预测计算；保留原packet与source_run，未重拟合。 补充派生来源=metrics_001
N1,N1__,R_SIM,P_nat,HPP,logistic,raw,ce_bits,0.5178036898629143,0.4894837835160726,0.5593040138883205,59.0,,43788.0,,bits/trial,macro candidate mean,fixed OOF candidate bootstrap; no refit,N1_core_001,771fd4ec025f2d2d846cbe5eae0f8e33dc543bccb9b591b9dfba6d1931ded21e,补充表从固定外预测计算；保留原packet与source_run，未重拟合。 补充派生来源=metrics_001
N1,N1__,R_SIM,P_nat,HPP,logistic,raw,bacc,0.5993044848991945,0.5916577212443046,0.6051434802300214,59.0,,43788.0,,unitless,macro candidate mean,fixed OOF candidate bootstrap; no refit,N1_core_001,771fd4ec025f2d2d846cbe5eae0f8e33dc543bccb9b591b9dfba6d1931ded21e,补充表从固定外预测计算；保留原packet与source_run，未重拟合。 补充派生来源=metrics_001
N1,N1__,R_SIM,P_nat,HPP,logistic,raw,auroc,0.8375756162836091,0.8173824688414655,0.8514947826131581,59.0,,43788.0,,unitless,macro candidate mean,fixed OOF candidate bootstrap; no refit,N1_core_001,771fd4ec025f2d2d846cbe5eae0f8e33dc543bccb9b591b9dfba6d1931ded21e,补充表从固定外预测计算；保留原packet与source_run，未重拟合。 补充派生来源=metrics_001
N1,N1__,R_SIM,P_nat,HPP,logistic,raw,brier_two_class_sum,0.2352672829881471,0.2230666555954583,0.2529614066307472,59.0,,43788.0,,unitless,macro candidate mean,fixed OOF candidate bootstrap; no refit,N1_core_001,771fd4ec025f2d2d846cbe5eae0f8e33dc543bccb9b591b9dfba6d1931ded21e,补充表从固定外预测计算；保留原packet与source_run，未重拟合。 补充派生来源=metrics_001
N1,N1__,R_SIM,P_nat,HPP,logistic,temperature,ce_bits,0.5175120013175425,0.4856227550208974,0.5641929508055683,59.0,,43788.0,,bits/trial,macro candidate mean,fixed OOF candidate bootstrap; no refit,N1_core_001,771fd4ec025f2d2d846cbe5eae0f8e33dc543bccb9b591b9dfba6d1931ded21e,补充表从固定外预测计算；保留原packet与source_run，未重拟合。 补充派生来源=metrics_001
N1,N1__,R_SIM,P_nat,HPP,logistic,temperature,bacc,0.5993044848991945,0.5916577212443046,0.6051434802300214,59.0,,43788.0,,unitless,macro candidate mean,fixed OOF candidate bootstrap; no refit,N1_core_001,771fd4ec025f2d2d846cbe5eae0f8e33dc543bccb9b591b9dfba6d1931ded21e,补充表从固定外预测计算；保留原packet与source_run，未重拟合。 补充派生来源=metrics_001
N1,N1__,R_SIM,P_nat,HPP,logistic,temperature,auroc,0.8375756162836091,0.8173824688414655,0.8514947826131581,59.0,,43788.0,,unitless,macro candidate mean,fixed OOF candidate bootstrap; no refit,N1_core_001,771fd4ec025f2d2d846cbe5eae0f8e33dc543bccb9b591b9dfba6d1931ded21e,补充表从固定外预测计算；保留原packet与source_run，未重拟合。 补充派生来源=metrics_001
N1,N1__,R_SIM,P_nat,HPP,logistic,temperature,brier_two_class_sum,0.2357101268949832,0.2227817182788092,0.254382836314893,59.0,,43788.0,,unitless,macro candidate mean,fixed OOF candidate bootstrap; no refit,N1_core_001,771fd4ec025f2d2d846cbe5eae0f8e33dc543bccb9b591b9dfba6d1931ded21e,补充表从固定外预测计算；保留原packet与source_run，未重拟合。 补充派生来源=metrics_001
N1,N1__,R_SIM,P_nat,H,mlp32,mixture_diagnostic,ce_bits,0.464342194257184,0.4448913809749162,0.4926395961536024,59.0,,43788.0,,bits/trial,macro candidate mean,fixed OOF candidate bootstrap; no refit,N1_core_001,771fd4ec025f2d2d846cbe5eae0f8e33dc543bccb9b591b9dfba6d1931ded21e,补充表从固定外预测计算；保留原packet与source_run，未重拟合。 补充派生来源=metrics_001
N1,N1__,R_SIM,P_nat,H,mlp32,mixture_diagnostic,bacc,0.6254978598844075,0.6179160828660061,0.6314068324335649,59.0,,43788.0,,unitless,macro candidate mean,fixed OOF candidate bootstrap; no refit,N1_core_001,771fd4ec025f2d2d846cbe5eae0f8e33dc543bccb9b591b9dfba6d1931ded21e,补充表从固定外预测计算；保留原packet与source_run，未重拟合。 补充派生来源=metrics_001
N1,N1__,R_SIM,P_nat,H,mlp32,mixture_diagnostic,auroc,0.8674483481788426,0.846282489107018,0.8820266231671563,59.0,,43788.0,,unitless,macro candidate mean,fixed OOF candidate bootstrap; no refit,N1_core_001,771fd4ec025f2d2d846cbe5eae0f8e33dc543bccb9b591b9dfba6d1931ded21e,补充表从固定外预测计算；保留原packet与source_run，未重拟合。 补充派生来源=metrics_001
N1,N1__,R_SIM,P_nat,H,mlp32,mixture_diagnostic,brier_two_class_sum,0.2110626962891353,0.2048173368720186,0.2197313037121105,59.0,,43788.0,,unitless,macro candidate mean,fixed OOF candidate bootstrap; no refit,N1_core_001,771fd4ec025f2d2d846cbe5eae0f8e33dc543bccb9b591b9dfba6d1931ded21e,补充表从固定外预测计算；保留原packet与source_run，未重拟合。 补充派生来源=metrics_001
N1,N1__,R_SIM,P_nat,H,mlp32,raw,ce_bits,0.4645251968298909,0.4454303564105643,0.4920221144852825,59.0,,43788.0,,bits/trial,macro candidate mean,fixed OOF candidate bootstrap; no refit,N1_core_001,771fd4ec025f2d2d846cbe5eae0f8e33dc543bccb9b591b9dfba6d1931ded21e,补充表从固定外预测计算；保留原packet与source_run，未重拟合。 补充派生来源=metrics_001
N1,N1__,R_SIM,P_nat,H,mlp32,raw,bacc,0.6254978598844075,0.6179160828660061,0.6314068324335649,59.0,,43788.0,,unitless,macro candidate mean,fixed OOF candidate bootstrap; no refit,N1_core_001,771fd4ec025f2d2d846cbe5eae0f8e33dc543bccb9b591b9dfba6d1931ded21e,补充表从固定外预测计算；保留原packet与source_run，未重拟合。 补充派生来源=metrics_001
N1,N1__,R_SIM,P_nat,H,mlp32,raw,auroc,0.8674483481788426,0.846282489107018,0.8820266231671563,59.0,,43788.0,,unitless,macro candidate mean,fixed OOF candidate bootstrap; no refit,N1_core_001,771fd4ec025f2d2d846cbe5eae0f8e33dc543bccb9b591b9dfba6d1931ded21e,补充表从固定外预测计算；保留原packet与source_run，未重拟合。 补充派生来源=metrics_001
N1,N1__,R_SIM,P_nat,H,mlp32,raw,brier_two_class_sum,0.2110006007032605,0.2047455192131674,0.2198989041212718,59.0,,43788.0,,unitless,macro candidate mean,fixed OOF candidate bootstrap; no refit,N1_core_001,771fd4ec025f2d2d846cbe5eae0f8e33dc543bccb9b591b9dfba6d1931ded21e,补充表从固定外预测计算；保留原packet与source_run，未重拟合。 补充派生来源=metrics_001
N1,N1__,R_SIM,P_nat,H,mlp32,temperature,ce_bits,0.464342194257184,0.4448913809749162,0.4926395961536024,59.0,,43788.0,,bits/trial,macro candidate mean,fixed OOF candidate bootstrap; no refit,N1_core_001,771fd4ec025f2d2d846cbe5eae0f8e33dc543bccb9b591b9dfba6d1931ded21e,补充表从固定外预测计算；保留原packet与source_run，未重拟合。 补充派生来源=metrics_001
N1,N1__,R_SIM,P_nat,H,mlp32,temperature,bacc,0.6254978598844075,0.6179160828660061,0.6314068324335649,59.0,,43788.0,,unitless,macro candidate mean,fixed OOF candidate bootstrap; no refit,N1_core_001,771fd4ec025f2d2d846cbe5eae0f8e33dc543bccb9b591b9dfba6d1931ded21e,补充表从固定外预测计算；保留原packet与source_run，未重拟合。 补充派生来源=metrics_001
N1,N1__,R_SIM,P_nat,H,mlp32,temperature,auroc,0.8674483481788426,0.846282489107018,0.8820266231671563,59.0,,43788.0,,unitless,macro candidate mean,fixed OOF candidate bootstrap; no refit,N1_core_001,771fd4ec025f2d2d846cbe5eae0f8e33dc543bccb9b591b9dfba6d1931ded21e,补充表从固定外预测计算；保留原packet与source_run，未重拟合。 补充派生来源=metrics_001
N1,N1__,R_SIM,P_nat,H,mlp32,temperature,brier_two_class_sum,0.2110626962891353,0.2048173368720186,0.2197313037121105,59.0,,43788.0,,unitless,macro candidate mean,fixed OOF candidate bootstrap; no refit,N1_core_001,771fd4ec025f2d2d846cbe5eae0f8e33dc543bccb9b591b9dfba6d1931ded21e,补充表从固定外预测计算；保留原packet与source_run，未重拟合。 补充派生来源=metrics_001
N1,N1__,R_SIM,P_nat,HB,mlp32,mixture_diagnostic,ce_bits,0.4981091337345744,0.4806446182843839,0.523259244929028,59.0,,43788.0,,bits/trial,macro candidate mean,fixed OOF candidate bootstrap; no refit,N1_core_001,771fd4ec025f2d2d846cbe5eae0f8e33dc543bccb9b591b9dfba6d1931ded21e,补充表从固定外预测计算；保留原packet与source_run，未重拟合。 补充派生来源=metrics_001
N1,N1__,R_SIM,P_nat,HB,mlp32,mixture_diagnostic,bacc,0.6145358570133902,0.6063065518150129,0.6213307234587658,59.0,,43788.0,,unitless,macro candidate mean,fixed OOF candidate bootstrap; no refit,N1_core_001,771fd4ec025f2d2d846cbe5eae0f8e33dc543bccb9b591b9dfba6d1931ded21e,补充表从固定外预测计算；保留原packet与source_run，未重拟合。 补充派生来源=metrics_001
N1,N1__,R_SIM,P_nat,HB,mlp32,mixture_diagnostic,auroc,0.8400886433079108,0.8198904359632528,0.8540853780740738,59.0,,43788.0,,unitless,macro candidate mean,fixed OOF candidate bootstrap; no refit,N1_core_001,771fd4ec025f2d2d846cbe5eae0f8e33dc543bccb9b591b9dfba6d1931ded21e,补充表从固定外预测计算；保留原packet与source_run，未重拟合。 补充派生来源=metrics_001
N1,N1__,R_SIM,P_nat,HB,mlp32,mixture_diagnostic,brier_two_class_sum,0.2270117325484284,0.2207123562956443,0.2358999531217318,59.0,,43788.0,,unitless,macro candidate mean,fixed OOF candidate bootstrap; no refit,N1_core_001,771fd4ec025f2d2d846cbe5eae0f8e33dc543bccb9b591b9dfba6d1931ded21e,补充表从固定外预测计算；保留原packet与source_run，未重拟合。 补充派生来源=metrics_001
N1,N1__,R_SIM,P_nat,HB,mlp32,raw,ce_bits,0.4932018393933314,0.4706841457705231,0.5254875290254597,59.0,,43788.0,,bits/trial,macro candidate mean,fixed OOF candidate bootstrap; no refit,N1_core_001,771fd4ec025f2d2d846cbe5eae0f8e33dc543bccb9b591b9dfba6d1931ded21e,补充表从固定外预测计算；保留原packet与source_run，未重拟合。 补充派生来源=metrics_001
N1,N1__,R_SIM,P_nat,HB,mlp32,raw,bacc,0.6181902087031488,0.6088903084311078,0.6249977811567861,59.0,,43788.0,,unitless,macro candidate mean,fixed OOF candidate bootstrap; no refit,N1_core_001,771fd4ec025f2d2d846cbe5eae0f8e33dc543bccb9b591b9dfba6d1931ded21e,补充表从固定外预测计算；保留原packet与source_run，未重拟合。 补充派生来源=metrics_001
N1,N1__,R_SIM,P_nat,HB,mlp32,raw,auroc,0.8400886433079108,0.8198904359632528,0.8540853780740738,59.0,,43788.0,,unitless,macro candidate mean,fixed OOF candidate bootstrap; no refit,N1_core_001,771fd4ec025f2d2d846cbe5eae0f8e33dc543bccb9b591b9dfba6d1931ded21e,补充表从固定外预测计算；保留原packet与source_run，未重拟合。 补充派生来源=metrics_001
N1,N1__,R_SIM,P_nat,HB,mlp32,raw,brier_two_class_sum,0.2266349884862207,0.2185627151167108,0.2378246768431959,59.0,,43788.0,,unitless,macro candidate mean,fixed OOF candidate bootstrap; no refit,N1_core_001,771fd4ec025f2d2d846cbe5eae0f8e33dc543bccb9b591b9dfba6d1931ded21e,补充表从固定外预测计算；保留原packet与source_run，未重拟合。 补充派生来源=metrics_001
N1,N1__,R_SIM,P_nat,HB,mlp32,temperature,ce_bits,0.4941164259421147,0.47474592938935,0.5221583633553374,59.0,,43788.0,,bits/trial,macro candidate mean,fixed OOF candidate bootstrap; no refit,N1_core_001,771fd4ec025f2d2d846cbe5eae0f8e33dc543bccb9b591b9dfba6d1931ded21e,补充表从固定外预测计算；保留原packet与source_run，未重拟合。 补充派生来源=metrics_001
N1,N1__,R_SIM,P_nat,HB,mlp32,temperature,bacc,0.6181902087031488,0.6088903084311078,0.6249977811567861,59.0,,43788.0,,unitless,macro candidate mean,fixed OOF candidate bootstrap; no refit,N1_core_001,771fd4ec025f2d2d846cbe5eae0f8e33dc543bccb9b591b9dfba6d1931ded21e,补充表从固定外预测计算；保留原packet与source_run，未重拟合。 补充派生来源=metrics_001
N1,N1__,R_SIM,P_nat,HB,mlp32,temperature,auroc,0.8400886433079108,0.8198904359632528,0.8540853780740738,59.0,,43788.0,,unitless,macro candidate mean,fixed OOF candidate bootstrap; no refit,N1_core_001,771fd4ec025f2d2d846cbe5eae0f8e33dc543bccb9b591b9dfba6d1931ded21e,补充表从固定外预测计算；保留原packet与source_run，未重拟合。 补充派生来源=metrics_001
N1,N1__,R_SIM,P_nat,HB,mlp32,temperature,brier_two_class_sum,0.2271033044645977,0.219581654882652,0.2375807010927471,59.0,,43788.0,,unitless,macro candidate mean,fixed OOF candidate bootstrap; no refit,N1_core_001,771fd4ec025f2d2d846cbe5eae0f8e33dc543bccb9b591b9dfba6d1931ded21e,补充表从固定外预测计算；保留原packet与source_run，未重拟合。 补充派生来源=metrics_001
N1,N1__,R_SIM,P_nat,HP,mlp32,mixture_diagnostic,ce_bits,0.4971607925603595,0.4802512512689053,0.5212819880167932,59.0,,43788.0,,bits/trial,macro candidate mean,fixed OOF candidate bootstrap; no refit,N1_core_001,771fd4ec025f2d2d846cbe5eae0f8e33dc543bccb9b591b9dfba6d1931ded21e,补充表从固定外预测计算；保留原packet与source_run，未重拟合。 补充派生来源=metrics_001
N1,N1__,R_SIM,P_nat,HP,mlp32,mixture_diagnostic,bacc,0.6167524578723982,0.6092263432988867,0.6232846127222501,59.0,,43788.0,,unitless,macro candidate mean,fixed OOF candidate bootstrap; no refit,N1_core_001,771fd4ec025f2d2d846cbe5eae0f8e33dc543bccb9b591b9dfba6d1931ded21e,补充表从固定外预测计算；保留原packet与source_run，未重拟合。 补充派生来源=metrics_001
N1,N1__,R_SIM,P_nat,HP,mlp32,mixture_diagnostic,auroc,0.8407508368366262,0.8207462712083066,0.8545612326117977,59.0,,43788.0,,unitless,macro candidate mean,fixed OOF candidate bootstrap; no refit,N1_core_001,771fd4ec025f2d2d846cbe5eae0f8e33dc543bccb9b591b9dfba6d1931ded21e,补充表从固定外预测计算；保留原packet与source_run，未重拟合。 补充派生来源=metrics_001
N1,N1__,R_SIM,P_nat,HP,mlp32,mixture_diagnostic,brier_two_class_sum,0.2266808473479018,0.2205068828767975,0.2353283471414494,59.0,,43788.0,,unitless,macro candidate mean,fixed OOF candidate bootstrap; no refit,N1_core_001,771fd4ec025f2d2d846cbe5eae0f8e33dc543bccb9b591b9dfba6d1931ded21e,补充表从固定外预测计算；保留原packet与source_run，未重拟合。 补充派生来源=metrics_001
N1,N1__,R_SIM,P_nat,HP,mlp32,raw,ce_bits,0.4931415338488413,0.4706120062152874,0.5253821264206842,59.0,,43788.0,,bits/trial,macro candidate mean,fixed OOF candidate bootstrap; no refit,N1_core_001,771fd4ec025f2d2d846cbe5eae0f8e33dc543bccb9b591b9dfba6d1931ded21e,补充表从固定外预测计算；保留原packet与source_run，未重拟合。 补充派生来源=metrics_001
N1,N1__,R_SIM,P_nat,HP,mlp32,raw,bacc,0.6213819945087977,0.6136848802837344,0.6274990522775377,59.0,,43788.0,,unitless,macro candidate mean,fixed OOF candidate bootstrap; no refit,N1_core_001,771fd4ec025f2d2d846cbe5eae0f8e33dc543bccb9b591b9dfba6d1931ded21e,补充表从固定外预测计算；保留原packet与source_run，未重拟合。 补充派生来源=metrics_001
N1,N1__,R_SIM,P_nat,HP,mlp32,raw,auroc,0.8407508368366262,0.8207462712083066,0.8545612326117977,59.0,,43788.0,,unitless,macro candidate mean,fixed OOF candidate bootstrap; no refit,N1_core_001,771fd4ec025f2d2d846cbe5eae0f8e33dc543bccb9b591b9dfba6d1931ded21e,补充表从固定外预测计算；保留原packet与source_run，未重拟合。 补充派生来源=metrics_001
N1,N1__,R_SIM,P_nat,HP,mlp32,raw,brier_two_class_sum,0.2265055501311643,0.2186954526278347,0.2375502854344648,59.0,,43788.0,,unitless,macro candidate mean,fixed OOF candidate bootstrap; no refit,N1_core_001,771fd4ec025f2d2d846cbe5eae0f8e33dc543bccb9b591b9dfba6d1931ded21e,补充表从固定外预测计算；保留原packet与source_run，未重拟合。 补充派生来源=metrics_001
N1,N1__,R_SIM,P_nat,HP,mlp32,temperature,ce_bits,0.4933125570499458,0.4744217452802981,0.5207403106941679,59.0,,43788.0,,bits/trial,macro candidate mean,fixed OOF candidate bootstrap; no refit,N1_core_001,771fd4ec025f2d2d846cbe5eae0f8e33dc543bccb9b591b9dfba6d1931ded21e,补充表从固定外预测计算；保留原packet与source_run，未重拟合。 补充派生来源=metrics_001
N1,N1__,R_SIM,P_nat,HP,mlp32,temperature,bacc,0.6213819945087977,0.6136848802837344,0.6274990522775377,59.0,,43788.0,,unitless,macro candidate mean,fixed OOF candidate bootstrap; no refit,N1_core_001,771fd4ec025f2d2d846cbe5eae0f8e33dc543bccb9b591b9dfba6d1931ded21e,补充表从固定外预测计算；保留原packet与source_run，未重拟合。 补充派生来源=metrics_001
N1,N1__,R_SIM,P_nat,HP,mlp32,temperature,auroc,0.8407508368366262,0.8207462712083066,0.8545612326117977,59.0,,43788.0,,unitless,macro candidate mean,fixed OOF candidate bootstrap; no refit,N1_core_001,771fd4ec025f2d2d846cbe5eae0f8e33dc543bccb9b591b9dfba6d1931ded21e,补充表从固定外预测计算；保留原packet与source_run，未重拟合。 补充派生来源=metrics_001
N1,N1__,R_SIM,P_nat,HP,mlp32,temperature,brier_two_class_sum,0.2268444290897741,0.2194942041413042,0.2371551757535026,59.0,,43788.0,,unitless,macro candidate mean,fixed OOF candidate bootstrap; no refit,N1_core_001,771fd4ec025f2d2d846cbe5eae0f8e33dc543bccb9b591b9dfba6d1931ded21e,补充表从固定外预测计算；保留原packet与source_run，未重拟合。 补充派生来源=metrics_001
N1,N1__,R_SIM,P_nat,HPB,mlp32,mixture_diagnostic,ce_bits,0.520087398839531,0.5029134446031672,0.5446236485165237,59.0,,43788.0,,bits/trial,macro candidate mean,fixed OOF candidate bootstrap; no refit,N1_core_001,771fd4ec025f2d2d846cbe5eae0f8e33dc543bccb9b591b9dfba6d1931ded21e,补充表从固定外预测计算；保留原packet与source_run，未重拟合。 补充派生来源=metrics_001
N1,N1__,R_SIM,P_nat,HPB,mlp32,mixture_diagnostic,bacc,0.6339136681136992,0.6246988761218154,0.6421343010441132,59.0,,43788.0,,unitless,macro candidate mean,fixed OOF candidate bootstrap; no refit,N1_core_001,771fd4ec025f2d2d846cbe5eae0f8e33dc543bccb9b591b9dfba6d1931ded21e,补充表从固定外预测计算；保留原packet与source_run，未重拟合。 补充派生来源=metrics_001
N1,N1__,R_SIM,P_nat,HPB,mlp32,mixture_diagnostic,auroc,0.8276648547844112,0.8072008960578482,0.8421311211858286,59.0,,43788.0,,unitless,macro candidate mean,fixed OOF candidate bootstrap; no refit,N1_core_001,771fd4ec025f2d2d846cbe5eae0f8e33dc543bccb9b591b9dfba6d1931ded21e,补充表从固定外预测计算；保留原packet与source_run，未重拟合。 补充派生来源=metrics_001
N1,N1__,R_SIM,P_nat,HPB,mlp32,mixture_diagnostic,brier_two_class_sum,0.2381143399858758,0.2309368481425117,0.2479988816327568,59.0,,43788.0,,unitless,macro candidate mean,fixed OOF candidate bootstrap; no refit,N1_core_001,771fd4ec025f2d2d846cbe5eae0f8e33dc543bccb9b591b9dfba6d1931ded21e,补充表从固定外预测计算；保留原packet与source_run，未重拟合。 补充派生来源=metrics_001
N1,N1__,R_SIM,P_nat,HPB,mlp32,raw,ce_bits,0.5264476720495863,0.4960301739116243,0.5703844413798939,59.0,,43788.0,,bits/trial,macro candidate mean,fixed OOF candidate bootstrap; no refit,N1_core_001,771fd4ec025f2d2d846cbe5eae0f8e33dc543bccb9b591b9dfba6d1931ded21e,补充表从固定外预测计算；保留原packet与source_run，未重拟合。 补充派生来源=metrics_001
N1,N1__,R_SIM,P_nat,HPB,mlp32,raw,bacc,0.641582087356711,0.632124159111239,0.6495148487484562,59.0,,43788.0,,unitless,macro candidate mean,fixed OOF candidate bootstrap; no refit,N1_core_001,771fd4ec025f2d2d846cbe5eae0f8e33dc543bccb9b591b9dfba6d1931ded21e,补充表从固定外预测计算；保留原packet与source_run，未重拟合。 补充派生来源=metrics_001
N1,N1__,R_SIM,P_nat,HPB,mlp32,raw,auroc,0.8276648547844112,0.8072008960578482,0.8421311211858286,59.0,,43788.0,,unitless,macro candidate mean,fixed OOF candidate bootstrap; no refit,N1_core_001,771fd4ec025f2d2d846cbe5eae0f8e33dc543bccb9b591b9dfba6d1931ded21e,补充表从固定外预测计算；保留原packet与source_run，未重拟合。 补充派生来源=metrics_001
N1,N1__,R_SIM,P_nat,HPB,mlp32,raw,brier_two_class_sum,0.2414127273926667,0.2314537121530195,0.255619545146253,59.0,,43788.0,,unitless,macro candidate mean,fixed OOF candidate bootstrap; no refit,N1_core_001,771fd4ec025f2d2d846cbe5eae0f8e33dc543bccb9b591b9dfba6d1931ded21e,补充表从固定外预测计算；保留原packet与source_run，未重拟合。 补充派生来源=metrics_001
N1,N1__,R_SIM,P_nat,HPB,mlp32,temperature,ce_bits,0.5182692397088782,0.4981590567949723,0.5467690675230501,59.0,,43788.0,,bits/trial,macro candidate mean,fixed OOF candidate bootstrap; no refit,N1_core_001,771fd4ec025f2d2d846cbe5eae0f8e33dc543bccb9b591b9dfba6d1931ded21e,补充表从固定外预测计算；保留原packet与source_run，未重拟合。 补充派生来源=metrics_001
N1,N1__,R_SIM,P_nat,HPB,mlp32,temperature,bacc,0.641582087356711,0.632124159111239,0.6495148487484562,59.0,,43788.0,,unitless,macro candidate mean,fixed OOF candidate bootstrap; no refit,N1_core_001,771fd4ec025f2d2d846cbe5eae0f8e33dc543bccb9b591b9dfba6d1931ded21e,补充表从固定外预测计算；保留原packet与source_run，未重拟合。 补充派生来源=metrics_001
N1,N1__,R_SIM,P_nat,HPB,mlp32,temperature,auroc,0.8276648547844112,0.8072008960578482,0.8421311211858286,59.0,,43788.0,,unitless,macro candidate mean,fixed OOF candidate bootstrap; no refit,N1_core_001,771fd4ec025f2d2d846cbe5eae0f8e33dc543bccb9b591b9dfba6d1931ded21e,补充表从固定外预测计算；保留原packet与source_run，未重拟合。 补充派生来源=metrics_001
N1,N1__,R_SIM,P_nat,HPB,mlp32,temperature,brier_two_class_sum,0.2392300138266349,0.2305748687097661,0.2513227023280629,59.0,,43788.0,,unitless,macro candidate mean,fixed OOF candidate bootstrap; no refit,N1_core_001,771fd4ec025f2d2d846cbe5eae0f8e33dc543bccb9b591b9dfba6d1931ded21e,补充表从固定外预测计算；保留原packet与source_run，未重拟合。 补充派生来源=metrics_001
N1,N1__,R_SIM,P_nat,HPB_donor_support_reference,mlp32,mixture_diagnostic,ce_bits,0.5206021156339025,0.503619959732452,0.5448212521001721,59.0,,43788.0,,bits/trial,macro candidate mean,fixed OOF candidate bootstrap; no refit,N1_core_001,771fd4ec025f2d2d846cbe5eae0f8e33dc543bccb9b591b9dfba6d1931ded21e,补充表从固定外预测计算；保留原packet与source_run，未重拟合。 补充派生来源=metrics_001
N1,N1__,R_SIM,P_nat,HPB_donor_support_reference,mlp32,mixture_diagnostic,bacc,0.633222467480011,0.623775831100899,0.6419040099748861,59.0,,43788.0,,unitless,macro candidate mean,fixed OOF candidate bootstrap; no refit,N1_core_001,771fd4ec025f2d2d846cbe5eae0f8e33dc543bccb9b591b9dfba6d1931ded21e,补充表从固定外预测计算；保留原packet与source_run，未重拟合。 补充派生来源=metrics_001
N1,N1__,R_SIM,P_nat,HPB_donor_support_reference,mlp32,mixture_diagnostic,auroc,0.8273670404686244,0.8070529529308219,0.8416840674548607,59.0,,43788.0,,unitless,macro candidate mean,fixed OOF candidate bootstrap; no refit,N1_core_001,771fd4ec025f2d2d846cbe5eae0f8e33dc543bccb9b591b9dfba6d1931ded21e,补充表从固定外预测计算；保留原packet与source_run，未重拟合。 补充派生来源=metrics_001
N1,N1__,R_SIM,P_nat,HPB_donor_support_reference,mlp32,mixture_diagnostic,brier_two_class_sum,0.2382547324599694,0.2311992793582808,0.2480124545968486,59.0,,43788.0,,unitless,macro candidate mean,fixed OOF candidate bootstrap; no refit,N1_core_001,771fd4ec025f2d2d846cbe5eae0f8e33dc543bccb9b591b9dfba6d1931ded21e,补充表从固定外预测计算；保留原packet与source_run，未重拟合。 补充派生来源=metrics_001
N1,N1__,R_SIM,P_nat,HPB_donor_support_reference,mlp32,raw,ce_bits,0.5277049347988536,0.4962760468553628,0.5728280432695768,59.0,,43788.0,,bits/trial,macro candidate mean,fixed OOF candidate bootstrap; no refit,N1_core_001,771fd4ec025f2d2d846cbe5eae0f8e33dc543bccb9b591b9dfba6d1931ded21e,补充表从固定外预测计算；保留原packet与source_run，未重拟合。 补充派生来源=metrics_001
N1,N1__,R_SIM,P_nat,HPB_donor_support_reference,mlp32,raw,bacc,0.64121063679215,0.6309519020374244,0.6494596535460724,59.0,,43788.0,,unitless,macro candidate mean,fixed OOF candidate bootstrap; no refit,N1_core_001,771fd4ec025f2d2d846cbe5eae0f8e33dc543bccb9b591b9dfba6d1931ded21e,补充表从固定外预测计算；保留原packet与source_run，未重拟合。 补充派生来源=metrics_001
N1,N1__,R_SIM,P_nat,HPB_donor_support_reference,mlp32,raw,auroc,0.8273670404686244,0.8070529529308219,0.8416840674548607,59.0,,43788.0,,unitless,macro candidate mean,fixed OOF candidate bootstrap; no refit,N1_core_001,771fd4ec025f2d2d846cbe5eae0f8e33dc543bccb9b591b9dfba6d1931ded21e,补充表从固定外预测计算；保留原packet与source_run，未重拟合。 补充派生来源=metrics_001
N1,N1__,R_SIM,P_nat,HPB_donor_support_reference,mlp32,raw,brier_two_class_sum,0.2415839856104383,0.2316973272952038,0.2554322694085894,59.0,,43788.0,,unitless,macro candidate mean,fixed OOF candidate bootstrap; no refit,N1_core_001,771fd4ec025f2d2d846cbe5eae0f8e33dc543bccb9b591b9dfba6d1931ded21e,补充表从固定外预测计算；保留原packet与source_run，未重拟合。 补充派生来源=metrics_001
N1,N1__,R_SIM,P_nat,HPB_donor_support_reference,mlp32,temperature,ce_bits,0.518998061772856,0.4987262209992136,0.5476550852227112,59.0,,43788.0,,bits/trial,macro candidate mean,fixed OOF candidate bootstrap; no refit,N1_core_001,771fd4ec025f2d2d846cbe5eae0f8e33dc543bccb9b591b9dfba6d1931ded21e,补充表从固定外预测计算；保留原packet与source_run，未重拟合。 补充派生来源=metrics_001
N1,N1__,R_SIM,P_nat,HPB_donor_support_reference,mlp32,temperature,bacc,0.64121063679215,0.6309519020374244,0.6494596535460724,59.0,,43788.0,,unitless,macro candidate mean,fixed OOF candidate bootstrap; no refit,N1_core_001,771fd4ec025f2d2d846cbe5eae0f8e33dc543bccb9b591b9dfba6d1931ded21e,补充表从固定外预测计算；保留原packet与source_run，未重拟合。 补充派生来源=metrics_001
N1,N1__,R_SIM,P_nat,HPB_donor_support_reference,mlp32,temperature,auroc,0.8273670404686244,0.8070529529308219,0.8416840674548607,59.0,,43788.0,,unitless,macro candidate mean,fixed OOF candidate bootstrap; no refit,N1_core_001,771fd4ec025f2d2d846cbe5eae0f8e33dc543bccb9b591b9dfba6d1931ded21e,补充表从固定外预测计算；保留原packet与source_run，未重拟合。 补充派生来源=metrics_001
N1,N1__,R_SIM,P_nat,HPB_donor_support_reference,mlp32,temperature,brier_two_class_sum,0.2394259051941657,0.2308313411451055,0.2514576514931064,59.0,,43788.0,,unitless,macro candidate mean,fixed OOF candidate bootstrap; no refit,N1_core_001,771fd4ec025f2d2d846cbe5eae0f8e33dc543bccb9b591b9dfba6d1931ded21e,补充表从固定外预测计算；保留原packet与source_run，未重拟合。 补充派生来源=metrics_001
N1,N1__,R_SIM,P_nat,HPB_training_child_donor,mlp32,mixture_diagnostic,ce_bits,0.5261005613945,0.5062847580033659,0.5554717039002944,59.0,,43788.0,,bits/trial,macro candidate mean,fixed OOF candidate bootstrap; no refit,N1_core_001,771fd4ec025f2d2d846cbe5eae0f8e33dc543bccb9b591b9dfba6d1931ded21e,补充表从固定外预测计算；保留原packet与source_run，未重拟合。 补充派生来源=metrics_001
N1,N1__,R_SIM,P_nat,HPB_training_child_donor,mlp32,mixture_diagnostic,bacc,0.6339804709036801,0.6246092258466602,0.6419450518827439,59.0,,43788.0,,unitless,macro candidate mean,fixed OOF candidate bootstrap; no refit,N1_core_001,771fd4ec025f2d2d846cbe5eae0f8e33dc543bccb9b591b9dfba6d1931ded21e,补充表从固定外预测计算；保留原packet与source_run，未重拟合。 补充派生来源=metrics_001
N1,N1__,R_SIM,P_nat,HPB_training_child_donor,mlp32,mixture_diagnostic,auroc,0.8253686641587525,0.8056207319146029,0.839421138376118,59.0,,43788.0,,unitless,macro candidate mean,fixed OOF candidate bootstrap; no refit,N1_core_001,771fd4ec025f2d2d846cbe5eae0f8e33dc543bccb9b591b9dfba6d1931ded21e,补充表从固定外预测计算；保留原packet与source_run，未重拟合。 补充派生来源=metrics_001
N1,N1__,R_SIM,P_nat,HPB_training_child_donor,mlp32,mixture_diagnostic,brier_two_class_sum,0.2412117376521308,0.232674500246525,0.2537060055040859,59.0,,43788.0,,unitless,macro candidate mean,fixed OOF candidate bootstrap; no refit,N1_core_001,771fd4ec025f2d2d846cbe5eae0f8e33dc543bccb9b591b9dfba6d1931ded21e,补充表从固定外预测计算；保留原packet与source_run，未重拟合。 补充派生来源=metrics_001
N1,N1__,R_SIM,P_nat,HPB_training_child_donor,mlp32,raw,ce_bits,0.5378880217935676,0.5019115444866347,0.5899379885529414,59.0,,43788.0,,bits/trial,macro candidate mean,fixed OOF candidate bootstrap; no refit,N1_core_001,771fd4ec025f2d2d846cbe5eae0f8e33dc543bccb9b591b9dfba6d1931ded21e,补充表从固定外预测计算；保留原packet与source_run，未重拟合。 补充派生来源=metrics_001
N1,N1__,R_SIM,P_nat,HPB_training_child_donor,mlp32,raw,bacc,0.64050285264189,0.6307184538949918,0.6481891771991674,59.0,,43788.0,,unitless,macro candidate mean,fixed OOF candidate bootstrap; no refit,N1_core_001,771fd4ec025f2d2d846cbe5eae0f8e33dc543bccb9b591b9dfba6d1931ded21e,补充表从固定外预测计算；保留原packet与source_run，未重拟合。 补充派生来源=metrics_001
N1,N1__,R_SIM,P_nat,HPB_training_child_donor,mlp32,raw,auroc,0.8253686641587525,0.8056207319146029,0.839421138376118,59.0,,43788.0,,unitless,macro candidate mean,fixed OOF candidate bootstrap; no refit,N1_core_001,771fd4ec025f2d2d846cbe5eae0f8e33dc543bccb9b591b9dfba6d1931ded21e,补充表从固定外预测计算；保留原packet与source_run，未重拟合。 补充派生来源=metrics_001
N1,N1__,R_SIM,P_nat,HPB_training_child_donor,mlp32,raw,brier_two_class_sum,0.2461206514787495,0.2339382850406756,0.263359040834748,59.0,,43788.0,,unitless,macro candidate mean,fixed OOF candidate bootstrap; no refit,N1_core_001,771fd4ec025f2d2d846cbe5eae0f8e33dc543bccb9b591b9dfba6d1931ded21e,补充表从固定外预测计算；保留原packet与source_run，未重拟合。 补充派生来源=metrics_001
N1,N1__,R_SIM,P_nat,HPB_training_child_donor,mlp32,temperature,ce_bits,0.5252065036179342,0.5017493498597769,0.5588317085158632,59.0,,43788.0,,bits/trial,macro candidate mean,fixed OOF candidate bootstrap; no refit,N1_core_001,771fd4ec025f2d2d846cbe5eae0f8e33dc543bccb9b591b9dfba6d1931ded21e,补充表从固定外预测计算；保留原packet与source_run，未重拟合。 补充派生来源=metrics_001
N1,N1__,R_SIM,P_nat,HPB_training_child_donor,mlp32,temperature,bacc,0.64050285264189,0.6307184538949918,0.6481891771991674,59.0,,43788.0,,unitless,macro candidate mean,fixed OOF candidate bootstrap; no refit,N1_core_001,771fd4ec025f2d2d846cbe5eae0f8e33dc543bccb9b591b9dfba6d1931ded21e,补充表从固定外预测计算；保留原packet与source_run，未重拟合。 补充派生来源=metrics_001
N1,N1__,R_SIM,P_nat,HPB_training_child_donor,mlp32,temperature,auroc,0.8253686641587525,0.8056207319146029,0.839421138376118,59.0,,43788.0,,unitless,macro candidate mean,fixed OOF candidate bootstrap; no refit,N1_core_001,771fd4ec025f2d2d846cbe5eae0f8e33dc543bccb9b591b9dfba6d1931ded21e,补充表从固定外预测计算；保留原packet与source_run，未重拟合。 补充派生来源=metrics_001
N1,N1__,R_SIM,P_nat,HPB_training_child_donor,mlp32,temperature,brier_two_class_sum,0.2427488208503909,0.2323815412229168,0.2573394865116372,59.0,,43788.0,,unitless,macro candidate mean,fixed OOF candidate bootstrap; no refit,N1_core_001,771fd4ec025f2d2d846cbe5eae0f8e33dc543bccb9b591b9dfba6d1931ded21e,补充表从固定外预测计算；保留原packet与source_run，未重拟合。 补充派生来源=metrics_001
N1,N1__,R_SIM,P_nat,HPBnoise,mlp32,mixture_diagnostic,ce_bits,0.5253496546619018,0.5113148212708666,0.5449018354455344,59.0,,43788.0,,bits/trial,macro candidate mean,fixed OOF candidate bootstrap; no refit,N1_core_001,771fd4ec025f2d2d846cbe5eae0f8e33dc543bccb9b591b9dfba6d1931ded21e,补充表从固定外预测计算；保留原packet与source_run，未重拟合。 补充派生来源=metrics_001
N1,N1__,R_SIM,P_nat,HPBnoise,mlp32,mixture_diagnostic,bacc,0.6301914677395509,0.6213351553668033,0.6378692787368453,59.0,,43788.0,,unitless,macro candidate mean,fixed OOF candidate bootstrap; no refit,N1_core_001,771fd4ec025f2d2d846cbe5eae0f8e33dc543bccb9b591b9dfba6d1931ded21e,补充表从固定外预测计算；保留原packet与source_run，未重拟合。 补充派生来源=metrics_001
N1,N1__,R_SIM,P_nat,HPBnoise,mlp32,mixture_diagnostic,auroc,0.823096790697296,0.8047765997643104,0.8361021672337953,59.0,,43788.0,,unitless,macro candidate mean,fixed OOF candidate bootstrap; no refit,N1_core_001,771fd4ec025f2d2d846cbe5eae0f8e33dc543bccb9b591b9dfba6d1931ded21e,补充表从固定外预测计算；保留原packet与source_run，未重拟合。 补充派生来源=metrics_001
N1,N1__,R_SIM,P_nat,HPBnoise,mlp32,mixture_diagnostic,brier_two_class_sum,0.2410739093852847,0.2351563675287076,0.2491503847621914,59.0,,43788.0,,unitless,macro candidate mean,fixed OOF candidate bootstrap; no refit,N1_core_001,771fd4ec025f2d2d846cbe5eae0f8e33dc543bccb9b591b9dfba6d1931ded21e,补充表从固定外预测计算；保留原packet与source_run，未重拟合。 补充派生来源=metrics_001
N1,N1__,R_SIM,P_nat,HPBnoise,mlp32,raw,ce_bits,0.5349605621322999,0.509846950959969,0.570448659453732,59.0,,43788.0,,bits/trial,macro candidate mean,fixed OOF candidate bootstrap; no refit,N1_core_001,771fd4ec025f2d2d846cbe5eae0f8e33dc543bccb9b591b9dfba6d1931ded21e,补充表从固定外预测计算；保留原packet与source_run，未重拟合。 补充派生来源=metrics_001
N1,N1__,R_SIM,P_nat,HPBnoise,mlp32,raw,bacc,0.6367551402507866,0.6279361941790867,0.6433720963458293,59.0,,43788.0,,unitless,macro candidate mean,fixed OOF candidate bootstrap; no refit,N1_core_001,771fd4ec025f2d2d846cbe5eae0f8e33dc543bccb9b591b9dfba6d1931ded21e,补充表从固定外预测计算；保留原packet与source_run，未重拟合。 补充派生来源=metrics_001
N1,N1__,R_SIM,P_nat,HPBnoise,mlp32,raw,auroc,0.823096790697296,0.8047765997643104,0.8361021672337953,59.0,,43788.0,,unitless,macro candidate mean,fixed OOF candidate bootstrap; no refit,N1_core_001,771fd4ec025f2d2d846cbe5eae0f8e33dc543bccb9b591b9dfba6d1931ded21e,补充表从固定外预测计算；保留原packet与source_run，未重拟合。 补充派生来源=metrics_001
N1,N1__,R_SIM,P_nat,HPBnoise,mlp32,raw,brier_two_class_sum,0.2462816531033285,0.2379153117637223,0.2580408164107038,59.0,,43788.0,,unitless,macro candidate mean,fixed OOF candidate bootstrap; no refit,N1_core_001,771fd4ec025f2d2d846cbe5eae0f8e33dc543bccb9b591b9dfba6d1931ded21e,补充表从固定外预测计算；保留原packet与source_run，未重拟合。 补充派生来源=metrics_001
N1,N1__,R_SIM,P_nat,HPBnoise,mlp32,temperature,ce_bits,0.5231553609549712,0.5070024460860415,0.5458775340618757,59.0,,43788.0,,bits/trial,macro candidate mean,fixed OOF candidate bootstrap; no refit,N1_core_001,771fd4ec025f2d2d846cbe5eae0f8e33dc543bccb9b591b9dfba6d1931ded21e,补充表从固定外预测计算；保留原packet与source_run，未重拟合。 补充派生来源=metrics_001
N1,N1__,R_SIM,P_nat,HPBnoise,mlp32,temperature,bacc,0.6367551402507866,0.6279361941790867,0.6433720963458293,59.0,,43788.0,,unitless,macro candidate mean,fixed OOF candidate bootstrap; no refit,N1_core_001,771fd4ec025f2d2d846cbe5eae0f8e33dc543bccb9b591b9dfba6d1931ded21e,补充表从固定外预测计算；保留原packet与source_run，未重拟合。 补充派生来源=metrics_001
N1,N1__,R_SIM,P_nat,HPBnoise,mlp32,temperature,auroc,0.823096790697296,0.8047765997643104,0.8361021672337953,59.0,,43788.0,,unitless,macro candidate mean,fixed OOF candidate bootstrap; no refit,N1_core_001,771fd4ec025f2d2d846cbe5eae0f8e33dc543bccb9b591b9dfba6d1931ded21e,补充表从固定外预测计算；保留原packet与source_run，未重拟合。 补充派生来源=metrics_001
N1,N1__,R_SIM,P_nat,HPBnoise,mlp32,temperature,brier_two_class_sum,0.2421133644631294,0.2349093854638549,0.2520584259396247,59.0,,43788.0,,unitless,macro candidate mean,fixed OOF candidate bootstrap; no refit,N1_core_001,771fd4ec025f2d2d846cbe5eae0f8e33dc543bccb9b591b9dfba6d1931ded21e,补充表从固定外预测计算；保留原packet与source_run，未重拟合。 补充派生来源=metrics_001
N1,N1__,R_SIM,P_nat,HPP,mlp32,mixture_diagnostic,ce_bits,0.5088702368551136,0.4921708739499656,0.5314622035788031,59.0,,43788.0,,bits/trial,macro candidate mean,fixed OOF candidate bootstrap; no refit,N1_core_001,771fd4ec025f2d2d846cbe5eae0f8e33dc543bccb9b591b9dfba6d1931ded21e,补充表从固定外预测计算；保留原packet与source_run，未重拟合。 补充派生来源=metrics_001
N1,N1__,R_SIM,P_nat,HPP,mlp32,mixture_diagnostic,bacc,0.6273494036926149,0.6191875669227078,0.6353115907009873,59.0,,43788.0,,unitless,macro candidate mean,fixed OOF candidate bootstrap; no refit,N1_core_001,771fd4ec025f2d2d846cbe5eae0f8e33dc543bccb9b591b9dfba6d1931ded21e,补充表从固定外预测计算；保留原packet与source_run，未重拟合。 补充派生来源=metrics_001
N1,N1__,R_SIM,P_nat,HPP,mlp32,mixture_diagnostic,auroc,0.8335535992969451,0.8136133402011255,0.847796666820062,59.0,,43788.0,,unitless,macro candidate mean,fixed OOF candidate bootstrap; no refit,N1_core_001,771fd4ec025f2d2d846cbe5eae0f8e33dc543bccb9b591b9dfba6d1931ded21e,补充表从固定外预测计算；保留原packet与source_run，未重拟合。 补充派生来源=metrics_001
N1,N1__,R_SIM,P_nat,HPP,mlp32,mixture_diagnostic,brier_two_class_sum,0.2325252191985393,0.2262142347230006,0.2410796628701463,59.0,,43788.0,,unitless,macro candidate mean,fixed OOF candidate bootstrap; no refit,N1_core_001,771fd4ec025f2d2d846cbe5eae0f8e33dc543bccb9b591b9dfba6d1931ded21e,补充表从固定外预测计算；保留原packet与source_run，未重拟合。 补充派生来源=metrics_001
N1,N1__,R_SIM,P_nat,HPP,mlp32,raw,ce_bits,0.5085714943980838,0.482793418122258,0.5453909241547645,59.0,,43788.0,,bits/trial,macro candidate mean,fixed OOF candidate bootstrap; no refit,N1_core_001,771fd4ec025f2d2d846cbe5eae0f8e33dc543bccb9b591b9dfba6d1931ded21e,补充表从固定外预测计算；保留原packet与source_run，未重拟合。 补充派生来源=metrics_001
N1,N1__,R_SIM,P_nat,HPP,mlp32,raw,bacc,0.6323018551602554,0.6234626778558922,0.6398016087681095,59.0,,43788.0,,unitless,macro candidate mean,fixed OOF candidate bootstrap; no refit,N1_core_001,771fd4ec025f2d2d846cbe5eae0f8e33dc543bccb9b591b9dfba6d1931ded21e,补充表从固定外预测计算；保留原packet与source_run，未重拟合。 补充派生来源=metrics_001
N1,N1__,R_SIM,P_nat,HPP,mlp32,raw,auroc,0.8335535992969451,0.8136133402011255,0.847796666820062,59.0,,43788.0,,unitless,macro candidate mean,fixed OOF candidate bootstrap; no refit,N1_core_001,771fd4ec025f2d2d846cbe5eae0f8e33dc543bccb9b591b9dfba6d1931ded21e,补充表从固定外预测计算；保留原packet与source_run，未重拟合。 补充派生来源=metrics_001
N1,N1__,R_SIM,P_nat,HPP,mlp32,raw,brier_two_class_sum,0.2336678128577121,0.2251554400244698,0.2456281922370342,59.0,,43788.0,,unitless,macro candidate mean,fixed OOF candidate bootstrap; no refit,N1_core_001,771fd4ec025f2d2d846cbe5eae0f8e33dc543bccb9b591b9dfba6d1931ded21e,补充表从固定外预测计算；保留原packet与source_run，未重拟合。 补充派生来源=metrics_001
N1,N1__,R_SIM,P_nat,HPP,mlp32,temperature,ce_bits,0.5062818016185635,0.4873076805111612,0.5330814275168769,59.0,,43788.0,,bits/trial,macro candidate mean,fixed OOF candidate bootstrap; no refit,N1_core_001,771fd4ec025f2d2d846cbe5eae0f8e33dc543bccb9b591b9dfba6d1931ded21e,补充表从固定外预测计算；保留原packet与source_run，未重拟合。 补充派生来源=metrics_001
N1,N1__,R_SIM,P_nat,HPP,mlp32,temperature,bacc,0.6323018551602554,0.6234626778558922,0.6398016087681095,59.0,,43788.0,,unitless,macro candidate mean,fixed OOF candidate bootstrap; no refit,N1_core_001,771fd4ec025f2d2d846cbe5eae0f8e33dc543bccb9b591b9dfba6d1931ded21e,补充表从固定外预测计算；保留原packet与source_run，未重拟合。 补充派生来源=metrics_001
N1,N1__,R_SIM,P_nat,HPP,mlp32,temperature,auroc,0.8335535992969451,0.8136133402011255,0.847796666820062,59.0,,43788.0,,unitless,macro candidate mean,fixed OOF candidate bootstrap; no refit,N1_core_001,771fd4ec025f2d2d846cbe5eae0f8e33dc543bccb9b591b9dfba6d1931ded21e,补充表从固定外预测计算；保留原packet与source_run，未重拟合。 补充派生来源=metrics_001
N1,N1__,R_SIM,P_nat,HPP,mlp32,temperature,brier_two_class_sum,0.233283200246237,0.2256018295208301,0.2441916074324324,59.0,,43788.0,,unitless,macro candidate mean,fixed OOF candidate bootstrap; no refit,N1_core_001,771fd4ec025f2d2d846cbe5eae0f8e33dc543bccb9b591b9dfba6d1931ded21e,补充表从固定外预测计算；保留原packet与source_run，未重拟合。 补充派生来源=metrics_001
N3,N3__,L0,P_bal,H,logistic,mixture_diagnostic,ce_bits,0.95716464373869,0.9518673719708886,0.96384898706531,60.0,,24527.0,,bits/trial,macro candidate mean,fixed OOF candidate bootstrap; no refit,N3_core_001,0dee0f0f7308645afdce98d058add79ab68e6a740cb30d69c62d9162834eb4f6,补充表从固定外预测计算；保留原packet与source_run，未重拟合。 补充派生来源=metrics_001
N3,N3__,L0,P_bal,H,logistic,mixture_diagnostic,J_bits,0.042835356261309965,0.03615101293469003,0.048132628029111446,60.0,,24527.0,,bits/trial,macro candidate mean,fixed OOF candidate bootstrap; no refit,N3_core_001,0dee0f0f7308645afdce98d058add79ab68e6a740cb30d69c62d9162834eb4f6,补充表从固定外预测计算；保留原packet与source_run，未重拟合。 补充派生来源=metrics_001 P_bal二分类先验CE=1，J及区间仅精确代数变换；无新bootstrap/fit。
N3,N3__,L0,P_bal,H,logistic,mixture_diagnostic,bacc,0.5868926844577007,0.5816213572740079,0.5916559740504514,60.0,,24527.0,,unitless,macro candidate mean,fixed OOF candidate bootstrap; no refit,N3_core_001,0dee0f0f7308645afdce98d058add79ab68e6a740cb30d69c62d9162834eb4f6,补充表从固定外预测计算；保留原packet与source_run，未重拟合。 补充派生来源=metrics_001
N3,N3__,L0,P_bal,H,logistic,mixture_diagnostic,auroc,0.6385973173385388,0.6308537816942578,0.6452542380497651,60.0,,24527.0,,unitless,macro candidate mean,fixed OOF candidate bootstrap; no refit,N3_core_001,0dee0f0f7308645afdce98d058add79ab68e6a740cb30d69c62d9162834eb4f6,补充表从固定外预测计算；保留原packet与source_run，未重拟合。 补充派生来源=metrics_001
N3,N3__,L0,P_bal,H,logistic,mixture_diagnostic,brier_two_class_sum,0.4709210377011607,0.46750971059822,0.4752006414291958,60.0,,24527.0,,unitless,macro candidate mean,fixed OOF candidate bootstrap; no refit,N3_core_001,0dee0f0f7308645afdce98d058add79ab68e6a740cb30d69c62d9162834eb4f6,补充表从固定外预测计算；保留原packet与source_run，未重拟合。 补充派生来源=metrics_001
N3,N3__,L0,P_bal,H,logistic,raw,ce_bits,0.9573769931056842,0.9527941505608154,0.9629502662274996,60.0,,24527.0,,bits/trial,macro candidate mean,fixed OOF candidate bootstrap; no refit,N3_core_001,0dee0f0f7308645afdce98d058add79ab68e6a740cb30d69c62d9162834eb4f6,补充表从固定外预测计算；保留原packet与source_run，未重拟合。 补充派生来源=metrics_001
N3,N3__,L0,P_bal,H,logistic,raw,J_bits,0.04262300689431575,0.037049733772500426,0.0472058494391846,60.0,,24527.0,,bits/trial,macro candidate mean,fixed OOF candidate bootstrap; no refit,N3_core_001,0dee0f0f7308645afdce98d058add79ab68e6a740cb30d69c62d9162834eb4f6,补充表从固定外预测计算；保留原packet与source_run，未重拟合。 补充派生来源=metrics_001 P_bal二分类先验CE=1，J及区间仅精确代数变换；无新bootstrap/fit。
N3,N3__,L0,P_bal,H,logistic,raw,bacc,0.5868926844577007,0.5816213572740079,0.5916559740504514,60.0,,24527.0,,unitless,macro candidate mean,fixed OOF candidate bootstrap; no refit,N3_core_001,0dee0f0f7308645afdce98d058add79ab68e6a740cb30d69c62d9162834eb4f6,补充表从固定外预测计算；保留原packet与source_run，未重拟合。 补充派生来源=metrics_001
N3,N3__,L0,P_bal,H,logistic,raw,auroc,0.6385973173385388,0.6308537816942578,0.6452542380497651,60.0,,24527.0,,unitless,macro candidate mean,fixed OOF candidate bootstrap; no refit,N3_core_001,0dee0f0f7308645afdce98d058add79ab68e6a740cb30d69c62d9162834eb4f6,补充表从固定外预测计算；保留原packet与source_run，未重拟合。 补充派生来源=metrics_001
N3,N3__,L0,P_bal,H,logistic,raw,brier_two_class_sum,0.4710242163601267,0.4679964809413512,0.4746567202602029,60.0,,24527.0,,unitless,macro candidate mean,fixed OOF candidate bootstrap; no refit,N3_core_001,0dee0f0f7308645afdce98d058add79ab68e6a740cb30d69c62d9162834eb4f6,补充表从固定外预测计算；保留原packet与source_run，未重拟合。 补充派生来源=metrics_001
N3,N3__,L0,P_bal,H,logistic,temperature,ce_bits,0.95716464373869,0.9518673719708886,0.96384898706531,60.0,,24527.0,,bits/trial,macro candidate mean,fixed OOF candidate bootstrap; no refit,N3_core_001,0dee0f0f7308645afdce98d058add79ab68e6a740cb30d69c62d9162834eb4f6,补充表从固定外预测计算；保留原packet与source_run，未重拟合。 补充派生来源=metrics_001
N3,N3__,L0,P_bal,H,logistic,temperature,J_bits,0.042835356261309965,0.03615101293469003,0.048132628029111446,60.0,,24527.0,,bits/trial,macro candidate mean,fixed OOF candidate bootstrap; no refit,N3_core_001,0dee0f0f7308645afdce98d058add79ab68e6a740cb30d69c62d9162834eb4f6,补充表从固定外预测计算；保留原packet与source_run，未重拟合。 补充派生来源=metrics_001 P_bal二分类先验CE=1，J及区间仅精确代数变换；无新bootstrap/fit。
N3,N3__,L0,P_bal,H,logistic,temperature,bacc,0.5868926844577007,0.5816213572740079,0.5916559740504514,60.0,,24527.0,,unitless,macro candidate mean,fixed OOF candidate bootstrap; no refit,N3_core_001,0dee0f0f7308645afdce98d058add79ab68e6a740cb30d69c62d9162834eb4f6,补充表从固定外预测计算；保留原packet与source_run，未重拟合。 补充派生来源=metrics_001
N3,N3__,L0,P_bal,H,logistic,temperature,auroc,0.6385973173385388,0.6308537816942578,0.6452542380497651,60.0,,24527.0,,unitless,macro candidate mean,fixed OOF candidate bootstrap; no refit,N3_core_001,0dee0f0f7308645afdce98d058add79ab68e6a740cb30d69c62d9162834eb4f6,补充表从固定外预测计算；保留原packet与source_run，未重拟合。 补充派生来源=metrics_001
N3,N3__,L0,P_bal,H,logistic,temperature,brier_two_class_sum,0.4709210377011607,0.46750971059822,0.4752006414291958,60.0,,24527.0,,unitless,macro candidate mean,fixed OOF candidate bootstrap; no refit,N3_core_001,0dee0f0f7308645afdce98d058add79ab68e6a740cb30d69c62d9162834eb4f6,补充表从固定外预测计算；保留原packet与source_run，未重拟合。 补充派生来源=metrics_001
N3,N3__,L0,P_bal,HB,logistic,mixture_diagnostic,ce_bits,0.9594781792065176,0.9548098853954118,0.9653309645546432,60.0,,24527.0,,bits/trial,macro candidate mean,fixed OOF candidate bootstrap; no refit,N3_core_001,0dee0f0f7308645afdce98d058add79ab68e6a740cb30d69c62d9162834eb4f6,补充表从固定外预测计算；保留原packet与source_run，未重拟合。 补充派生来源=metrics_001
N3,N3__,L0,P_bal,HB,logistic,mixture_diagnostic,J_bits,0.04052182079348243,0.03466903544535682,0.045190114604588216,60.0,,24527.0,,bits/trial,macro candidate mean,fixed OOF candidate bootstrap; no refit,N3_core_001,0dee0f0f7308645afdce98d058add79ab68e6a740cb30d69c62d9162834eb4f6,补充表从固定外预测计算；保留原packet与source_run，未重拟合。 补充派生来源=metrics_001 P_bal二分类先验CE=1，J及区间仅精确代数变换；无新bootstrap/fit。
N3,N3__,L0,P_bal,HB,logistic,mixture_diagnostic,bacc,0.5906127296802212,0.5861591586282564,0.594923367810437,60.0,,24527.0,,unitless,macro candidate mean,fixed OOF candidate bootstrap; no refit,N3_core_001,0dee0f0f7308645afdce98d058add79ab68e6a740cb30d69c62d9162834eb4f6,补充表从固定外预测计算；保留原packet与source_run，未重拟合。 补充派生来源=metrics_001
N3,N3__,L0,P_bal,HB,logistic,mixture_diagnostic,auroc,0.6364538396422184,0.6290614928346013,0.6426572870488488,60.0,,24527.0,,unitless,macro candidate mean,fixed OOF candidate bootstrap; no refit,N3_core_001,0dee0f0f7308645afdce98d058add79ab68e6a740cb30d69c62d9162834eb4f6,补充表从固定外预测计算；保留原packet与source_run，未重拟合。 补充派生来源=metrics_001
N3,N3__,L0,P_bal,HB,logistic,mixture_diagnostic,brier_two_class_sum,0.4724033324777645,0.4694060487092041,0.4761973691786838,60.0,,24527.0,,unitless,macro candidate mean,fixed OOF candidate bootstrap; no refit,N3_core_001,0dee0f0f7308645afdce98d058add79ab68e6a740cb30d69c62d9162834eb4f6,补充表从固定外预测计算；保留原packet与source_run，未重拟合。 补充派生来源=metrics_001
N3,N3__,L0,P_bal,HB,logistic,raw,ce_bits,0.9594308531892132,0.954923930061182,0.9650225455869824,60.0,,24527.0,,bits/trial,macro candidate mean,fixed OOF candidate bootstrap; no refit,N3_core_001,0dee0f0f7308645afdce98d058add79ab68e6a740cb30d69c62d9162834eb4f6,补充表从固定外预测计算；保留原packet与source_run，未重拟合。 补充派生来源=metrics_001
N3,N3__,L0,P_bal,HB,logistic,raw,J_bits,0.04056914681078683,0.034977454413017584,0.045076069938817964,60.0,,24527.0,,bits/trial,macro candidate mean,fixed OOF candidate bootstrap; no refit,N3_core_001,0dee0f0f7308645afdce98d058add79ab68e6a740cb30d69c62d9162834eb4f6,补充表从固定外预测计算；保留原packet与source_run，未重拟合。 补充派生来源=metrics_001 P_bal二分类先验CE=1，J及区间仅精确代数变换；无新bootstrap/fit。
N3,N3__,L0,P_bal,HB,logistic,raw,bacc,0.5906127296802212,0.5861591586282564,0.594923367810437,60.0,,24527.0,,unitless,macro candidate mean,fixed OOF candidate bootstrap; no refit,N3_core_001,0dee0f0f7308645afdce98d058add79ab68e6a740cb30d69c62d9162834eb4f6,补充表从固定外预测计算；保留原packet与source_run，未重拟合。 补充派生来源=metrics_001
N3,N3__,L0,P_bal,HB,logistic,raw,auroc,0.6364538396422184,0.6290614928346013,0.6426572870488488,60.0,,24527.0,,unitless,macro candidate mean,fixed OOF candidate bootstrap; no refit,N3_core_001,0dee0f0f7308645afdce98d058add79ab68e6a740cb30d69c62d9162834eb4f6,补充表从固定外预测计算；保留原packet与source_run，未重拟合。 补充派生来源=metrics_001
N3,N3__,L0,P_bal,HB,logistic,raw,brier_two_class_sum,0.4723702682200123,0.4694671169637029,0.4759752004092321,60.0,,24527.0,,unitless,macro candidate mean,fixed OOF candidate bootstrap; no refit,N3_core_001,0dee0f0f7308645afdce98d058add79ab68e6a740cb30d69c62d9162834eb4f6,补充表从固定外预测计算；保留原packet与source_run，未重拟合。 补充派生来源=metrics_001
N3,N3__,L0,P_bal,HB,logistic,temperature,ce_bits,0.9594781792065176,0.9548098853954118,0.9653309645546432,60.0,,24527.0,,bits/trial,macro candidate mean,fixed OOF candidate bootstrap; no refit,N3_core_001,0dee0f0f7308645afdce98d058add79ab68e6a740cb30d69c62d9162834eb4f6,补充表从固定外预测计算；保留原packet与source_run，未重拟合。 补充派生来源=metrics_001
N3,N3__,L0,P_bal,HB,logistic,temperature,J_bits,0.04052182079348243,0.03466903544535682,0.045190114604588216,60.0,,24527.0,,bits/trial,macro candidate mean,fixed OOF candidate bootstrap; no refit,N3_core_001,0dee0f0f7308645afdce98d058add79ab68e6a740cb30d69c62d9162834eb4f6,补充表从固定外预测计算；保留原packet与source_run，未重拟合。 补充派生来源=metrics_001 P_bal二分类先验CE=1，J及区间仅精确代数变换；无新bootstrap/fit。
N3,N3__,L0,P_bal,HB,logistic,temperature,bacc,0.5906127296802212,0.5861591586282564,0.594923367810437,60.0,,24527.0,,unitless,macro candidate mean,fixed OOF candidate bootstrap; no refit,N3_core_001,0dee0f0f7308645afdce98d058add79ab68e6a740cb30d69c62d9162834eb4f6,补充表从固定外预测计算；保留原packet与source_run，未重拟合。 补充派生来源=metrics_001
N3,N3__,L0,P_bal,HB,logistic,temperature,auroc,0.6364538396422184,0.6290614928346013,0.6426572870488488,60.0,,24527.0,,unitless,macro candidate mean,fixed OOF candidate bootstrap; no refit,N3_core_001,0dee0f0f7308645afdce98d058add79ab68e6a740cb30d69c62d9162834eb4f6,补充表从固定外预测计算；保留原packet与source_run，未重拟合。 补充派生来源=metrics_001
N3,N3__,L0,P_bal,HB,logistic,temperature,brier_two_class_sum,0.4724033324777645,0.4694060487092041,0.4761973691786838,60.0,,24527.0,,unitless,macro candidate mean,fixed OOF candidate bootstrap; no refit,N3_core_001,0dee0f0f7308645afdce98d058add79ab68e6a740cb30d69c62d9162834eb4f6,补充表从固定外预测计算；保留原packet与source_run，未重拟合。 补充派生来源=metrics_001
N3,N3__,L0,P_bal,HBP,logistic,mixture_diagnostic,ce_bits,0.9596257264577068,0.9546902513199162,0.9652037624627738,60.0,,24527.0,,bits/trial,macro candidate mean,fixed OOF candidate bootstrap; no refit,N3_core_001,0dee0f0f7308645afdce98d058add79ab68e6a740cb30d69c62d9162834eb4f6,补充表从固定外预测计算；保留原packet与source_run，未重拟合。 补充派生来源=metrics_001
N3,N3__,L0,P_bal,HBP,logistic,mixture_diagnostic,J_bits,0.04037427354229317,0.03479623753722616,0.04530974868008375,60.0,,24527.0,,bits/trial,macro candidate mean,fixed OOF candidate bootstrap; no refit,N3_core_001,0dee0f0f7308645afdce98d058add79ab68e6a740cb30d69c62d9162834eb4f6,补充表从固定外预测计算；保留原packet与source_run，未重拟合。 补充派生来源=metrics_001 P_bal二分类先验CE=1，J及区间仅精确代数变换；无新bootstrap/fit。
N3,N3__,L0,P_bal,HBP,logistic,mixture_diagnostic,bacc,0.5946131054356076,0.5895548264230801,0.5994201514100107,60.0,,24527.0,,unitless,macro candidate mean,fixed OOF candidate bootstrap; no refit,N3_core_001,0dee0f0f7308645afdce98d058add79ab68e6a740cb30d69c62d9162834eb4f6,补充表从固定外预测计算；保留原packet与source_run，未重拟合。 补充派生来源=metrics_001
N3,N3__,L0,P_bal,HBP,logistic,mixture_diagnostic,auroc,0.6360708444780485,0.6285333816482543,0.6429740499791701,60.0,,24527.0,,unitless,macro candidate mean,fixed OOF candidate bootstrap; no refit,N3_core_001,0dee0f0f7308645afdce98d058add79ab68e6a740cb30d69c62d9162834eb4f6,补充表从固定外预测计算；保留原packet与source_run，未重拟合。 补充派生来源=metrics_001
N3,N3__,L0,P_bal,HBP,logistic,mixture_diagnostic,brier_two_class_sum,0.4725099249511845,0.4693372441848369,0.4760985727486463,60.0,,24527.0,,unitless,macro candidate mean,fixed OOF candidate bootstrap; no refit,N3_core_001,0dee0f0f7308645afdce98d058add79ab68e6a740cb30d69c62d9162834eb4f6,补充表从固定外预测计算；保留原packet与source_run，未重拟合。 补充派生来源=metrics_001
N3,N3__,L0,P_bal,HBP,logistic,raw,ce_bits,0.9594788380130894,0.954095955101606,0.9655225503389177,60.0,,24527.0,,bits/trial,macro candidate mean,fixed OOF candidate bootstrap; no refit,N3_core_001,0dee0f0f7308645afdce98d058add79ab68e6a740cb30d69c62d9162834eb4f6,补充表从固定外预测计算；保留原packet与source_run，未重拟合。 补充派生来源=metrics_001
N3,N3__,L0,P_bal,HBP,logistic,raw,J_bits,0.04052116198691058,0.03447744966108235,0.04590404489839395,60.0,,24527.0,,bits/trial,macro candidate mean,fixed OOF candidate bootstrap; no refit,N3_core_001,0dee0f0f7308645afdce98d058add79ab68e6a740cb30d69c62d9162834eb4f6,补充表从固定外预测计算；保留原packet与source_run，未重拟合。 补充派生来源=metrics_001 P_bal二分类先验CE=1，J及区间仅精确代数变换；无新bootstrap/fit。
N3,N3__,L0,P_bal,HBP,logistic,raw,bacc,0.5946131054356076,0.5895548264230801,0.5994201514100107,60.0,,24527.0,,unitless,macro candidate mean,fixed OOF candidate bootstrap; no refit,N3_core_001,0dee0f0f7308645afdce98d058add79ab68e6a740cb30d69c62d9162834eb4f6,补充表从固定外预测计算；保留原packet与source_run，未重拟合。 补充派生来源=metrics_001
N3,N3__,L0,P_bal,HBP,logistic,raw,auroc,0.6360708444780485,0.6285333816482543,0.6429740499791701,60.0,,24527.0,,unitless,macro candidate mean,fixed OOF candidate bootstrap; no refit,N3_core_001,0dee0f0f7308645afdce98d058add79ab68e6a740cb30d69c62d9162834eb4f6,补充表从固定外预测计算；保留原packet与source_run，未重拟合。 补充派生来源=metrics_001
N3,N3__,L0,P_bal,HBP,logistic,raw,brier_two_class_sum,0.4723905924715475,0.4689781965501518,0.4762410241148681,60.0,,24527.0,,unitless,macro candidate mean,fixed OOF candidate bootstrap; no refit,N3_core_001,0dee0f0f7308645afdce98d058add79ab68e6a740cb30d69c62d9162834eb4f6,补充表从固定外预测计算；保留原packet与source_run，未重拟合。 补充派生来源=metrics_001
N3,N3__,L0,P_bal,HBP,logistic,temperature,ce_bits,0.9596257264577068,0.9546902513199162,0.9652037624627738,60.0,,24527.0,,bits/trial,macro candidate mean,fixed OOF candidate bootstrap; no refit,N3_core_001,0dee0f0f7308645afdce98d058add79ab68e6a740cb30d69c62d9162834eb4f6,补充表从固定外预测计算；保留原packet与source_run，未重拟合。 补充派生来源=metrics_001
N3,N3__,L0,P_bal,HBP,logistic,temperature,J_bits,0.04037427354229317,0.03479623753722616,0.04530974868008375,60.0,,24527.0,,bits/trial,macro candidate mean,fixed OOF candidate bootstrap; no refit,N3_core_001,0dee0f0f7308645afdce98d058add79ab68e6a740cb30d69c62d9162834eb4f6,补充表从固定外预测计算；保留原packet与source_run，未重拟合。 补充派生来源=metrics_001 P_bal二分类先验CE=1，J及区间仅精确代数变换；无新bootstrap/fit。
N3,N3__,L0,P_bal,HBP,logistic,temperature,bacc,0.5946131054356076,0.5895548264230801,0.5994201514100107,60.0,,24527.0,,unitless,macro candidate mean,fixed OOF candidate bootstrap; no refit,N3_core_001,0dee0f0f7308645afdce98d058add79ab68e6a740cb30d69c62d9162834eb4f6,补充表从固定外预测计算；保留原packet与source_run，未重拟合。 补充派生来源=metrics_001
N3,N3__,L0,P_bal,HBP,logistic,temperature,auroc,0.6360708444780485,0.6285333816482543,0.6429740499791701,60.0,,24527.0,,unitless,macro candidate mean,fixed OOF candidate bootstrap; no refit,N3_core_001,0dee0f0f7308645afdce98d058add79ab68e6a740cb30d69c62d9162834eb4f6,补充表从固定外预测计算；保留原packet与source_run，未重拟合。 补充派生来源=metrics_001
N3,N3__,L0,P_bal,HBP,logistic,temperature,brier_two_class_sum,0.4725099249511845,0.4693372441848369,0.4760985727486463,60.0,,24527.0,,unitless,macro candidate mean,fixed OOF candidate bootstrap; no refit,N3_core_001,0dee0f0f7308645afdce98d058add79ab68e6a740cb30d69c62d9162834eb4f6,补充表从固定外预测计算；保留原packet与source_run，未重拟合。 补充派生来源=metrics_001
N3,N3__,L0,P_bal,HP,logistic,mixture_diagnostic,ce_bits,0.957455431777726,0.9521341467673532,0.9635602520441472,60.0,,24527.0,,bits/trial,macro candidate mean,fixed OOF candidate bootstrap; no refit,N3_core_001,0dee0f0f7308645afdce98d058add79ab68e6a740cb30d69c62d9162834eb4f6,补充表从固定外预测计算；保留原packet与source_run，未重拟合。 补充派生来源=metrics_001
N3,N3__,L0,P_bal,HP,logistic,mixture_diagnostic,J_bits,0.04254456822227404,0.03643974795585281,0.047865853232646804,60.0,,24527.0,,bits/trial,macro candidate mean,fixed OOF candidate bootstrap; no refit,N3_core_001,0dee0f0f7308645afdce98d058add79ab68e6a740cb30d69c62d9162834eb4f6,补充表从固定外预测计算；保留原packet与source_run，未重拟合。 补充派生来源=metrics_001 P_bal二分类先验CE=1，J及区间仅精确代数变换；无新bootstrap/fit。
N3,N3__,L0,P_bal,HP,logistic,mixture_diagnostic,bacc,0.5948393998686197,0.5899790075852244,0.5995988556445804,60.0,,24527.0,,unitless,macro candidate mean,fixed OOF candidate bootstrap; no refit,N3_core_001,0dee0f0f7308645afdce98d058add79ab68e6a740cb30d69c62d9162834eb4f6,补充表从固定外预测计算；保留原packet与source_run，未重拟合。 补充派生来源=metrics_001
N3,N3__,L0,P_bal,HP,logistic,mixture_diagnostic,auroc,0.6393451375204948,0.6317940726254158,0.6462521287765361,60.0,,24527.0,,unitless,macro candidate mean,fixed OOF candidate bootstrap; no refit,N3_core_001,0dee0f0f7308645afdce98d058add79ab68e6a740cb30d69c62d9162834eb4f6,补充表从固定外预测计算；保留原packet与source_run，未重拟合。 补充派生来源=metrics_001
N3,N3__,L0,P_bal,HP,logistic,mixture_diagnostic,brier_two_class_sum,0.4711000575702177,0.4676493681973995,0.4750474337565563,60.0,,24527.0,,unitless,macro candidate mean,fixed OOF candidate bootstrap; no refit,N3_core_001,0dee0f0f7308645afdce98d058add79ab68e6a740cb30d69c62d9162834eb4f6,补充表从固定外预测计算；保留原packet与source_run，未重拟合。 补充派生来源=metrics_001
N3,N3__,L0,P_bal,HP,logistic,raw,ce_bits,0.9572910136310144,0.9519531010471052,0.9633130143974982,60.0,,24527.0,,bits/trial,macro candidate mean,fixed OOF candidate bootstrap; no refit,N3_core_001,0dee0f0f7308645afdce98d058add79ab68e6a740cb30d69c62d9162834eb4f6,补充表从固定外预测计算；保留原packet与source_run，未重拟合。 补充派生来源=metrics_001
N3,N3__,L0,P_bal,HP,logistic,raw,J_bits,0.04270898636898557,0.03668698560250183,0.04804689895289482,60.0,,24527.0,,bits/trial,macro candidate mean,fixed OOF candidate bootstrap; no refit,N3_core_001,0dee0f0f7308645afdce98d058add79ab68e6a740cb30d69c62d9162834eb4f6,补充表从固定外预测计算；保留原packet与source_run，未重拟合。 补充派生来源=metrics_001 P_bal二分类先验CE=1，J及区间仅精确代数变换；无新bootstrap/fit。
N3,N3__,L0,P_bal,HP,logistic,raw,bacc,0.5948393998686197,0.5899790075852244,0.5995988556445804,60.0,,24527.0,,unitless,macro candidate mean,fixed OOF candidate bootstrap; no refit,N3_core_001,0dee0f0f7308645afdce98d058add79ab68e6a740cb30d69c62d9162834eb4f6,补充表从固定外预测计算；保留原packet与source_run，未重拟合。 补充派生来源=metrics_001
N3,N3__,L0,P_bal,HP,logistic,raw,auroc,0.6393451375204948,0.6317940726254158,0.6462521287765361,60.0,,24527.0,,unitless,macro candidate mean,fixed OOF candidate bootstrap; no refit,N3_core_001,0dee0f0f7308645afdce98d058add79ab68e6a740cb30d69c62d9162834eb4f6,补充表从固定外预测计算；保留原packet与source_run，未重拟合。 补充派生来源=metrics_001
N3,N3__,L0,P_bal,HP,logistic,raw,brier_two_class_sum,0.4709985091612442,0.4675689399478032,0.474865678474859,60.0,,24527.0,,unitless,macro candidate mean,fixed OOF candidate bootstrap; no refit,N3_core_001,0dee0f0f7308645afdce98d058add79ab68e6a740cb30d69c62d9162834eb4f6,补充表从固定外预测计算；保留原packet与source_run，未重拟合。 补充派生来源=metrics_001
N3,N3__,L0,P_bal,HP,logistic,temperature,ce_bits,0.957455431777726,0.9521341467673532,0.9635602520441472,60.0,,24527.0,,bits/trial,macro candidate mean,fixed OOF candidate bootstrap; no refit,N3_core_001,0dee0f0f7308645afdce98d058add79ab68e6a740cb30d69c62d9162834eb4f6,补充表从固定外预测计算；保留原packet与source_run，未重拟合。 补充派生来源=metrics_001
N3,N3__,L0,P_bal,HP,logistic,temperature,J_bits,0.04254456822227404,0.03643974795585281,0.047865853232646804,60.0,,24527.0,,bits/trial,macro candidate mean,fixed OOF candidate bootstrap; no refit,N3_core_001,0dee0f0f7308645afdce98d058add79ab68e6a740cb30d69c62d9162834eb4f6,补充表从固定外预测计算；保留原packet与source_run，未重拟合。 补充派生来源=metrics_001 P_bal二分类先验CE=1，J及区间仅精确代数变换；无新bootstrap/fit。
N3,N3__,L0,P_bal,HP,logistic,temperature,bacc,0.5948393998686197,0.5899790075852244,0.5995988556445804,60.0,,24527.0,,unitless,macro candidate mean,fixed OOF candidate bootstrap; no refit,N3_core_001,0dee0f0f7308645afdce98d058add79ab68e6a740cb30d69c62d9162834eb4f6,补充表从固定外预测计算；保留原packet与source_run，未重拟合。 补充派生来源=metrics_001
N3,N3__,L0,P_bal,HP,logistic,temperature,auroc,0.6393451375204948,0.6317940726254158,0.6462521287765361,60.0,,24527.0,,unitless,macro candidate mean,fixed OOF candidate bootstrap; no refit,N3_core_001,0dee0f0f7308645afdce98d058add79ab68e6a740cb30d69c62d9162834eb4f6,补充表从固定外预测计算；保留原packet与source_run，未重拟合。 补充派生来源=metrics_001
N3,N3__,L0,P_bal,HP,logistic,temperature,brier_two_class_sum,0.4711000575702177,0.4676493681973995,0.4750474337565563,60.0,,24527.0,,unitless,macro candidate mean,fixed OOF candidate bootstrap; no refit,N3_core_001,0dee0f0f7308645afdce98d058add79ab68e6a740cb30d69c62d9162834eb4f6,补充表从固定外预测计算；保留原packet与source_run，未重拟合。 补充派生来源=metrics_001
N3,N3__,L0,P_bal,Hnoise,logistic,mixture_diagnostic,ce_bits,0.9581353341580426,0.95263145597115,0.9645524149651036,60.0,,24527.0,,bits/trial,macro candidate mean,fixed OOF candidate bootstrap; no refit,N3_core_001,0dee0f0f7308645afdce98d058add79ab68e6a740cb30d69c62d9162834eb4f6,补充表从固定外预测计算；保留原packet与source_run，未重拟合。 补充派生来源=metrics_001
N3,N3__,L0,P_bal,Hnoise,logistic,mixture_diagnostic,J_bits,0.04186466584195736,0.03544758503489642,0.047368544028850046,60.0,,24527.0,,bits/trial,macro candidate mean,fixed OOF candidate bootstrap; no refit,N3_core_001,0dee0f0f7308645afdce98d058add79ab68e6a740cb30d69c62d9162834eb4f6,补充表从固定外预测计算；保留原packet与source_run，未重拟合。 补充派生来源=metrics_001 P_bal二分类先验CE=1，J及区间仅精确代数变换；无新bootstrap/fit。
N3,N3__,L0,P_bal,Hnoise,logistic,mixture_diagnostic,bacc,0.5898682992236205,0.5827163389728793,0.5961327765634196,60.0,,24527.0,,unitless,macro candidate mean,fixed OOF candidate bootstrap; no refit,N3_core_001,0dee0f0f7308645afdce98d058add79ab68e6a740cb30d69c62d9162834eb4f6,补充表从固定外预测计算；保留原packet与source_run，未重拟合。 补充派生来源=metrics_001
N3,N3__,L0,P_bal,Hnoise,logistic,mixture_diagnostic,auroc,0.6380057882231107,0.6294954860599542,0.6457273102016907,60.0,,24527.0,,unitless,macro candidate mean,fixed OOF candidate bootstrap; no refit,N3_core_001,0dee0f0f7308645afdce98d058add79ab68e6a740cb30d69c62d9162834eb4f6,补充表从固定外预测计算；保留原packet与source_run，未重拟合。 补充派生来源=metrics_001
N3,N3__,L0,P_bal,Hnoise,logistic,mixture_diagnostic,brier_two_class_sum,0.4715804779684844,0.4679623598849475,0.4758333144284469,60.0,,24527.0,,unitless,macro candidate mean,fixed OOF candidate bootstrap; no refit,N3_core_001,0dee0f0f7308645afdce98d058add79ab68e6a740cb30d69c62d9162834eb4f6,补充表从固定外预测计算；保留原packet与source_run，未重拟合。 补充派生来源=metrics_001
N3,N3__,L0,P_bal,Hnoise,logistic,raw,ce_bits,0.9581841654472114,0.9530317811981166,0.9642991131524052,60.0,,24527.0,,bits/trial,macro candidate mean,fixed OOF candidate bootstrap; no refit,N3_core_001,0dee0f0f7308645afdce98d058add79ab68e6a740cb30d69c62d9162834eb4f6,补充表从固定外预测计算；保留原packet与source_run，未重拟合。 补充派生来源=metrics_001
N3,N3__,L0,P_bal,Hnoise,logistic,raw,J_bits,0.04181583455278859,0.03570088684759476,0.0469682188018834,60.0,,24527.0,,bits/trial,macro candidate mean,fixed OOF candidate bootstrap; no refit,N3_core_001,0dee0f0f7308645afdce98d058add79ab68e6a740cb30d69c62d9162834eb4f6,补充表从固定外预测计算；保留原packet与source_run，未重拟合。 补充派生来源=metrics_001 P_bal二分类先验CE=1，J及区间仅精确代数变换；无新bootstrap/fit。
N3,N3__,L0,P_bal,Hnoise,logistic,raw,bacc,0.5898682992236205,0.5827163389728793,0.5961327765634196,60.0,,24527.0,,unitless,macro candidate mean,fixed OOF candidate bootstrap; no refit,N3_core_001,0dee0f0f7308645afdce98d058add79ab68e6a740cb30d69c62d9162834eb4f6,补充表从固定外预测计算；保留原packet与source_run，未重拟合。 补充派生来源=metrics_001
N3,N3__,L0,P_bal,Hnoise,logistic,raw,auroc,0.6380057882231107,0.6294954860599542,0.6457273102016907,60.0,,24527.0,,unitless,macro candidate mean,fixed OOF candidate bootstrap; no refit,N3_core_001,0dee0f0f7308645afdce98d058add79ab68e6a740cb30d69c62d9162834eb4f6,补充表从固定外预测计算；保留原packet与source_run，未重拟合。 补充派生来源=metrics_001
N3,N3__,L0,P_bal,Hnoise,logistic,raw,brier_two_class_sum,0.4715940156659504,0.4681841009283899,0.4755908761924259,60.0,,24527.0,,unitless,macro candidate mean,fixed OOF candidate bootstrap; no refit,N3_core_001,0dee0f0f7308645afdce98d058add79ab68e6a740cb30d69c62d9162834eb4f6,补充表从固定外预测计算；保留原packet与source_run，未重拟合。 补充派生来源=metrics_001
N3,N3__,L0,P_bal,Hnoise,logistic,temperature,ce_bits,0.9581353341580426,0.95263145597115,0.9645524149651036,60.0,,24527.0,,bits/trial,macro candidate mean,fixed OOF candidate bootstrap; no refit,N3_core_001,0dee0f0f7308645afdce98d058add79ab68e6a740cb30d69c62d9162834eb4f6,补充表从固定外预测计算；保留原packet与source_run，未重拟合。 补充派生来源=metrics_001
N3,N3__,L0,P_bal,Hnoise,logistic,temperature,J_bits,0.04186466584195736,0.03544758503489642,0.047368544028850046,60.0,,24527.0,,bits/trial,macro candidate mean,fixed OOF candidate bootstrap; no refit,N3_core_001,0dee0f0f7308645afdce98d058add79ab68e6a740cb30d69c62d9162834eb4f6,补充表从固定外预测计算；保留原packet与source_run，未重拟合。 补充派生来源=metrics_001 P_bal二分类先验CE=1，J及区间仅精确代数变换；无新bootstrap/fit。
N3,N3__,L0,P_bal,Hnoise,logistic,temperature,bacc,0.5898682992236205,0.5827163389728793,0.5961327765634196,60.0,,24527.0,,unitless,macro candidate mean,fixed OOF candidate bootstrap; no refit,N3_core_001,0dee0f0f7308645afdce98d058add79ab68e6a740cb30d69c62d9162834eb4f6,补充表从固定外预测计算；保留原packet与source_run，未重拟合。 补充派生来源=metrics_001
N3,N3__,L0,P_bal,Hnoise,logistic,temperature,auroc,0.6380057882231107,0.6294954860599542,0.6457273102016907,60.0,,24527.0,,unitless,macro candidate mean,fixed OOF candidate bootstrap; no refit,N3_core_001,0dee0f0f7308645afdce98d058add79ab68e6a740cb30d69c62d9162834eb4f6,补充表从固定外预测计算；保留原packet与source_run，未重拟合。 补充派生来源=metrics_001
N3,N3__,L0,P_bal,Hnoise,logistic,temperature,brier_two_class_sum,0.4715804779684844,0.4679623598849475,0.4758333144284469,60.0,,24527.0,,unitless,macro candidate mean,fixed OOF candidate bootstrap; no refit,N3_core_001,0dee0f0f7308645afdce98d058add79ab68e6a740cb30d69c62d9162834eb4f6,补充表从固定外预测计算；保留原packet与source_run，未重拟合。 补充派生来源=metrics_001
N3,N3__,L0,P_nat,H,logistic,mixture_diagnostic,ce_bits,0.8157495346233741,0.8055410528208818,0.8238556030168733,60.0,,24527.0,,bits/trial,macro candidate mean,fixed OOF candidate bootstrap; no refit,N3_core_001,0dee0f0f7308645afdce98d058add79ab68e6a740cb30d69c62d9162834eb4f6,补充表从固定外预测计算；保留原packet与source_run，未重拟合。 补充派生来源=metrics_001
N3,N3__,L0,P_nat,H,logistic,mixture_diagnostic,bacc,0.5043256875553204,0.5035435325805954,0.5051683897578405,60.0,,24527.0,,unitless,macro candidate mean,fixed OOF candidate bootstrap; no refit,N3_core_001,0dee0f0f7308645afdce98d058add79ab68e6a740cb30d69c62d9162834eb4f6,补充表从固定外预测计算；保留原packet与source_run，未重拟合。 补充派生来源=metrics_001
N3,N3__,L0,P_nat,H,logistic,mixture_diagnostic,auroc,0.6410927319099687,0.6329239641836066,0.6479619076544251,60.0,,24527.0,,unitless,macro candidate mean,fixed OOF candidate bootstrap; no refit,N3_core_001,0dee0f0f7308645afdce98d058add79ab68e6a740cb30d69c62d9162834eb4f6,补充表从固定外预测计算；保留原packet与source_run，未重拟合。 补充派生来源=metrics_001
N3,N3__,L0,P_nat,H,logistic,mixture_diagnostic,brier_two_class_sum,0.3802119290128817,0.3738108474437668,0.3853608891129185,60.0,,24527.0,,unitless,macro candidate mean,fixed OOF candidate bootstrap; no refit,N3_core_001,0dee0f0f7308645afdce98d058add79ab68e6a740cb30d69c62d9162834eb4f6,补充表从固定外预测计算；保留原packet与source_run，未重拟合。 补充派生来源=metrics_001
N3,N3__,L0,P_nat,H,logistic,raw,ce_bits,0.8158898205434751,0.8058238391485024,0.8238982632423087,60.0,,24527.0,,bits/trial,macro candidate mean,fixed OOF candidate bootstrap; no refit,N3_core_001,0dee0f0f7308645afdce98d058add79ab68e6a740cb30d69c62d9162834eb4f6,补充表从固定外预测计算；保留原packet与source_run，未重拟合。 补充派生来源=metrics_001
N3,N3__,L0,P_nat,H,logistic,raw,bacc,0.5043256875553204,0.5035435325805954,0.5051683897578405,60.0,,24527.0,,unitless,macro candidate mean,fixed OOF candidate bootstrap; no refit,N3_core_001,0dee0f0f7308645afdce98d058add79ab68e6a740cb30d69c62d9162834eb4f6,补充表从固定外预测计算；保留原packet与source_run，未重拟合。 补充派生来源=metrics_001
N3,N3__,L0,P_nat,H,logistic,raw,auroc,0.6410927319099687,0.6329239641836066,0.6479619076544251,60.0,,24527.0,,unitless,macro candidate mean,fixed OOF candidate bootstrap; no refit,N3_core_001,0dee0f0f7308645afdce98d058add79ab68e6a740cb30d69c62d9162834eb4f6,补充表从固定外预测计算；保留原packet与source_run，未重拟合。 补充派生来源=metrics_001
N3,N3__,L0,P_nat,H,logistic,raw,brier_two_class_sum,0.3802930752480934,0.3739816960912381,0.3853640688525508,60.0,,24527.0,,unitless,macro candidate mean,fixed OOF candidate bootstrap; no refit,N3_core_001,0dee0f0f7308645afdce98d058add79ab68e6a740cb30d69c62d9162834eb4f6,补充表从固定外预测计算；保留原packet与source_run，未重拟合。 补充派生来源=metrics_001
N3,N3__,L0,P_nat,H,logistic,temperature,ce_bits,0.8157495346233741,0.8055410528208818,0.8238556030168733,60.0,,24527.0,,bits/trial,macro candidate mean,fixed OOF candidate bootstrap; no refit,N3_core_001,0dee0f0f7308645afdce98d058add79ab68e6a740cb30d69c62d9162834eb4f6,补充表从固定外预测计算；保留原packet与source_run，未重拟合。 补充派生来源=metrics_001
N3,N3__,L0,P_nat,H,logistic,temperature,bacc,0.5043256875553204,0.5035435325805954,0.5051683897578405,60.0,,24527.0,,unitless,macro candidate mean,fixed OOF candidate bootstrap; no refit,N3_core_001,0dee0f0f7308645afdce98d058add79ab68e6a740cb30d69c62d9162834eb4f6,补充表从固定外预测计算；保留原packet与source_run，未重拟合。 补充派生来源=metrics_001
N3,N3__,L0,P_nat,H,logistic,temperature,auroc,0.6410927319099687,0.6329239641836066,0.6479619076544251,60.0,,24527.0,,unitless,macro candidate mean,fixed OOF candidate bootstrap; no refit,N3_core_001,0dee0f0f7308645afdce98d058add79ab68e6a740cb30d69c62d9162834eb4f6,补充表从固定外预测计算；保留原packet与source_run，未重拟合。 补充派生来源=metrics_001
N3,N3__,L0,P_nat,H,logistic,temperature,brier_two_class_sum,0.3802119290128817,0.3738108474437668,0.3853608891129185,60.0,,24527.0,,unitless,macro candidate mean,fixed OOF candidate bootstrap; no refit,N3_core_001,0dee0f0f7308645afdce98d058add79ab68e6a740cb30d69c62d9162834eb4f6,补充表从固定外预测计算；保留原packet与source_run，未重拟合。 补充派生来源=metrics_001
N3,N3__,L0,P_nat,HB,logistic,mixture_diagnostic,ce_bits,0.817245398007364,0.8069177365847071,0.8254506676221782,60.0,,24527.0,,bits/trial,macro candidate mean,fixed OOF candidate bootstrap; no refit,N3_core_001,0dee0f0f7308645afdce98d058add79ab68e6a740cb30d69c62d9162834eb4f6,补充表从固定外预测计算；保留原packet与source_run，未重拟合。 补充派生来源=metrics_001
N3,N3__,L0,P_nat,HB,logistic,mixture_diagnostic,bacc,0.5071887769347464,0.505311345213348,0.5092968317290846,60.0,,24527.0,,unitless,macro candidate mean,fixed OOF candidate bootstrap; no refit,N3_core_001,0dee0f0f7308645afdce98d058add79ab68e6a740cb30d69c62d9162834eb4f6,补充表从固定外预测计算；保留原packet与source_run，未重拟合。 补充派生来源=metrics_001
N3,N3__,L0,P_nat,HB,logistic,mixture_diagnostic,auroc,0.637754708111721,0.6298399285367781,0.6441392017366985,60.0,,24527.0,,unitless,macro candidate mean,fixed OOF candidate bootstrap; no refit,N3_core_001,0dee0f0f7308645afdce98d058add79ab68e6a740cb30d69c62d9162834eb4f6,补充表从固定外预测计算；保留原packet与source_run，未重拟合。 补充派生来源=metrics_001
N3,N3__,L0,P_nat,HB,logistic,mixture_diagnostic,brier_two_class_sum,0.3809916091336393,0.3745601151771098,0.3861596499883814,60.0,,24527.0,,unitless,macro candidate mean,fixed OOF candidate bootstrap; no refit,N3_core_001,0dee0f0f7308645afdce98d058add79ab68e6a740cb30d69c62d9162834eb4f6,补充表从固定外预测计算；保留原packet与source_run，未重拟合。 补充派生来源=metrics_001
N3,N3__,L0,P_nat,HB,logistic,raw,ce_bits,0.8172990524738473,0.8070089195460303,0.8254868161434878,60.0,,24527.0,,bits/trial,macro candidate mean,fixed OOF candidate bootstrap; no refit,N3_core_001,0dee0f0f7308645afdce98d058add79ab68e6a740cb30d69c62d9162834eb4f6,补充表从固定外预测计算；保留原packet与source_run，未重拟合。 补充派生来源=metrics_001
N3,N3__,L0,P_nat,HB,logistic,raw,bacc,0.5071887769347464,0.505311345213348,0.5092968317290846,60.0,,24527.0,,unitless,macro candidate mean,fixed OOF candidate bootstrap; no refit,N3_core_001,0dee0f0f7308645afdce98d058add79ab68e6a740cb30d69c62d9162834eb4f6,补充表从固定外预测计算；保留原packet与source_run，未重拟合。 补充派生来源=metrics_001
N3,N3__,L0,P_nat,HB,logistic,raw,auroc,0.637754708111721,0.6298399285367781,0.6441392017366985,60.0,,24527.0,,unitless,macro candidate mean,fixed OOF candidate bootstrap; no refit,N3_core_001,0dee0f0f7308645afdce98d058add79ab68e6a740cb30d69c62d9162834eb4f6,补充表从固定外预测计算；保留原packet与source_run，未重拟合。 补充派生来源=metrics_001
N3,N3__,L0,P_nat,HB,logistic,raw,brier_two_class_sum,0.381020444798775,0.374609090330967,0.3861743044041367,60.0,,24527.0,,unitless,macro candidate mean,fixed OOF candidate bootstrap; no refit,N3_core_001,0dee0f0f7308645afdce98d058add79ab68e6a740cb30d69c62d9162834eb4f6,补充表从固定外预测计算；保留原packet与source_run，未重拟合。 补充派生来源=metrics_001
N3,N3__,L0,P_nat,HB,logistic,temperature,ce_bits,0.817245398007364,0.8069177365847071,0.8254506676221782,60.0,,24527.0,,bits/trial,macro candidate mean,fixed OOF candidate bootstrap; no refit,N3_core_001,0dee0f0f7308645afdce98d058add79ab68e6a740cb30d69c62d9162834eb4f6,补充表从固定外预测计算；保留原packet与source_run，未重拟合。 补充派生来源=metrics_001
N3,N3__,L0,P_nat,HB,logistic,temperature,bacc,0.5071887769347464,0.505311345213348,0.5092968317290846,60.0,,24527.0,,unitless,macro candidate mean,fixed OOF candidate bootstrap; no refit,N3_core_001,0dee0f0f7308645afdce98d058add79ab68e6a740cb30d69c62d9162834eb4f6,补充表从固定外预测计算；保留原packet与source_run，未重拟合。 补充派生来源=metrics_001
N3,N3__,L0,P_nat,HB,logistic,temperature,auroc,0.637754708111721,0.6298399285367781,0.6441392017366985,60.0,,24527.0,,unitless,macro candidate mean,fixed OOF candidate bootstrap; no refit,N3_core_001,0dee0f0f7308645afdce98d058add79ab68e6a740cb30d69c62d9162834eb4f6,补充表从固定外预测计算；保留原packet与source_run，未重拟合。 补充派生来源=metrics_001
N3,N3__,L0,P_nat,HB,logistic,temperature,brier_two_class_sum,0.3809916091336393,0.3745601151771098,0.3861596499883814,60.0,,24527.0,,unitless,macro candidate mean,fixed OOF candidate bootstrap; no refit,N3_core_001,0dee0f0f7308645afdce98d058add79ab68e6a740cb30d69c62d9162834eb4f6,补充表从固定外预测计算；保留原packet与source_run，未重拟合。 补充派生来源=metrics_001
N3,N3__,L0,P_nat,HBP,logistic,mixture_diagnostic,ce_bits,0.8174024758796351,0.8070252467472939,0.8258722939148332,60.0,,24527.0,,bits/trial,macro candidate mean,fixed OOF candidate bootstrap; no refit,N3_core_001,0dee0f0f7308645afdce98d058add79ab68e6a740cb30d69c62d9162834eb4f6,补充表从固定外预测计算；保留原packet与source_run，未重拟合。 补充派生来源=metrics_001
N3,N3__,L0,P_nat,HBP,logistic,mixture_diagnostic,bacc,0.5155237359207681,0.5118460053047513,0.5203236170571621,60.0,,24527.0,,unitless,macro candidate mean,fixed OOF candidate bootstrap; no refit,N3_core_001,0dee0f0f7308645afdce98d058add79ab68e6a740cb30d69c62d9162834eb4f6,补充表从固定外预测计算；保留原packet与source_run，未重拟合。 补充派生来源=metrics_001
N3,N3__,L0,P_nat,HBP,logistic,mixture_diagnostic,auroc,0.6380580105835256,0.6304575088183411,0.644686651985956,60.0,,24527.0,,unitless,macro candidate mean,fixed OOF candidate bootstrap; no refit,N3_core_001,0dee0f0f7308645afdce98d058add79ab68e6a740cb30d69c62d9162834eb4f6,补充表从固定外预测计算；保留原packet与source_run，未重拟合。 补充派生来源=metrics_001
N3,N3__,L0,P_nat,HBP,logistic,mixture_diagnostic,brier_two_class_sum,0.3810976872851299,0.3746208038719273,0.3864096378078883,60.0,,24527.0,,unitless,macro candidate mean,fixed OOF candidate bootstrap; no refit,N3_core_001,0dee0f0f7308645afdce98d058add79ab68e6a740cb30d69c62d9162834eb4f6,补充表从固定外预测计算；保留原packet与source_run，未重拟合。 补充派生来源=metrics_001
N3,N3__,L0,P_nat,HBP,logistic,raw,ce_bits,0.8174095751298549,0.8069772178716614,0.8260484737997654,60.0,,24527.0,,bits/trial,macro candidate mean,fixed OOF candidate bootstrap; no refit,N3_core_001,0dee0f0f7308645afdce98d058add79ab68e6a740cb30d69c62d9162834eb4f6,补充表从固定外预测计算；保留原packet与source_run，未重拟合。 补充派生来源=metrics_001
N3,N3__,L0,P_nat,HBP,logistic,raw,bacc,0.5155237359207681,0.5118460053047513,0.5203236170571621,60.0,,24527.0,,unitless,macro candidate mean,fixed OOF candidate bootstrap; no refit,N3_core_001,0dee0f0f7308645afdce98d058add79ab68e6a740cb30d69c62d9162834eb4f6,补充表从固定外预测计算；保留原packet与source_run，未重拟合。 补充派生来源=metrics_001
N3,N3__,L0,P_nat,HBP,logistic,raw,auroc,0.6380580105835256,0.6304575088183411,0.644686651985956,60.0,,24527.0,,unitless,macro candidate mean,fixed OOF candidate bootstrap; no refit,N3_core_001,0dee0f0f7308645afdce98d058add79ab68e6a740cb30d69c62d9162834eb4f6,补充表从固定外预测计算；保留原packet与source_run，未重拟合。 补充派生来源=metrics_001
N3,N3__,L0,P_nat,HBP,logistic,raw,brier_two_class_sum,0.381064961601336,0.3745628392942605,0.3864603874856314,60.0,,24527.0,,unitless,macro candidate mean,fixed OOF candidate bootstrap; no refit,N3_core_001,0dee0f0f7308645afdce98d058add79ab68e6a740cb30d69c62d9162834eb4f6,补充表从固定外预测计算；保留原packet与source_run，未重拟合。 补充派生来源=metrics_001
N3,N3__,L0,P_nat,HBP,logistic,temperature,ce_bits,0.8174024758796351,0.8070252467472939,0.8258722939148332,60.0,,24527.0,,bits/trial,macro candidate mean,fixed OOF candidate bootstrap; no refit,N3_core_001,0dee0f0f7308645afdce98d058add79ab68e6a740cb30d69c62d9162834eb4f6,补充表从固定外预测计算；保留原packet与source_run，未重拟合。 补充派生来源=metrics_001
N3,N3__,L0,P_nat,HBP,logistic,temperature,bacc,0.5155237359207681,0.5118460053047513,0.5203236170571621,60.0,,24527.0,,unitless,macro candidate mean,fixed OOF candidate bootstrap; no refit,N3_core_001,0dee0f0f7308645afdce98d058add79ab68e6a740cb30d69c62d9162834eb4f6,补充表从固定外预测计算；保留原packet与source_run，未重拟合。 补充派生来源=metrics_001
N3,N3__,L0,P_nat,HBP,logistic,temperature,auroc,0.6380580105835256,0.6304575088183411,0.644686651985956,60.0,,24527.0,,unitless,macro candidate mean,fixed OOF candidate bootstrap; no refit,N3_core_001,0dee0f0f7308645afdce98d058add79ab68e6a740cb30d69c62d9162834eb4f6,补充表从固定外预测计算；保留原packet与source_run，未重拟合。 补充派生来源=metrics_001
N3,N3__,L0,P_nat,HBP,logistic,temperature,brier_two_class_sum,0.3810976872851299,0.3746208038719273,0.3864096378078883,60.0,,24527.0,,unitless,macro candidate mean,fixed OOF candidate bootstrap; no refit,N3_core_001,0dee0f0f7308645afdce98d058add79ab68e6a740cb30d69c62d9162834eb4f6,补充表从固定外预测计算；保留原packet与source_run，未重拟合。 补充派生来源=metrics_001
N3,N3__,L0,P_nat,HP,logistic,mixture_diagnostic,ce_bits,0.8158266391511464,0.8054721981347824,0.8242202944513302,60.0,,24527.0,,bits/trial,macro candidate mean,fixed OOF candidate bootstrap; no refit,N3_core_001,0dee0f0f7308645afdce98d058add79ab68e6a740cb30d69c62d9162834eb4f6,补充表从固定外预测计算；保留原packet与source_run，未重拟合。 补充派生来源=metrics_001
N3,N3__,L0,P_nat,HP,logistic,mixture_diagnostic,bacc,0.5117411913446529,0.5090988964934376,0.5143710465917004,60.0,,24527.0,,unitless,macro candidate mean,fixed OOF candidate bootstrap; no refit,N3_core_001,0dee0f0f7308645afdce98d058add79ab68e6a740cb30d69c62d9162834eb4f6,补充表从固定外预测计算；保留原packet与source_run，未重拟合。 补充派生来源=metrics_001
N3,N3__,L0,P_nat,HP,logistic,mixture_diagnostic,auroc,0.6406025577415392,0.6325486222954524,0.6475633990972128,60.0,,24527.0,,unitless,macro candidate mean,fixed OOF candidate bootstrap; no refit,N3_core_001,0dee0f0f7308645afdce98d058add79ab68e6a740cb30d69c62d9162834eb4f6,补充表从固定外预测计算；保留原packet与source_run，未重拟合。 补充派生来源=metrics_001
N3,N3__,L0,P_nat,HP,logistic,mixture_diagnostic,brier_two_class_sum,0.3802634872760287,0.3738589652292196,0.3854540261004851,60.0,,24527.0,,unitless,macro candidate mean,fixed OOF candidate bootstrap; no refit,N3_core_001,0dee0f0f7308645afdce98d058add79ab68e6a740cb30d69c62d9162834eb4f6,补充表从固定外预测计算；保留原packet与source_run，未重拟合。 补充派生来源=metrics_001
N3,N3__,L0,P_nat,HP,logistic,raw,ce_bits,0.8158782789654865,0.8055406321455953,0.8242901119040165,60.0,,24527.0,,bits/trial,macro candidate mean,fixed OOF candidate bootstrap; no refit,N3_core_001,0dee0f0f7308645afdce98d058add79ab68e6a740cb30d69c62d9162834eb4f6,补充表从固定外预测计算；保留原packet与source_run，未重拟合。 补充派生来源=metrics_001
N3,N3__,L0,P_nat,HP,logistic,raw,bacc,0.5117411913446529,0.5090988964934376,0.5143710465917004,60.0,,24527.0,,unitless,macro candidate mean,fixed OOF candidate bootstrap; no refit,N3_core_001,0dee0f0f7308645afdce98d058add79ab68e6a740cb30d69c62d9162834eb4f6,补充表从固定外预测计算；保留原packet与source_run，未重拟合。 补充派生来源=metrics_001
N3,N3__,L0,P_nat,HP,logistic,raw,auroc,0.6406025577415392,0.6325486222954524,0.6475633990972128,60.0,,24527.0,,unitless,macro candidate mean,fixed OOF candidate bootstrap; no refit,N3_core_001,0dee0f0f7308645afdce98d058add79ab68e6a740cb30d69c62d9162834eb4f6,补充表从固定外预测计算；保留原packet与source_run，未重拟合。 补充派生来源=metrics_001
N3,N3__,L0,P_nat,HP,logistic,raw,brier_two_class_sum,0.380288432040256,0.3738937483238718,0.3854839380269015,60.0,,24527.0,,unitless,macro candidate mean,fixed OOF candidate bootstrap; no refit,N3_core_001,0dee0f0f7308645afdce98d058add79ab68e6a740cb30d69c62d9162834eb4f6,补充表从固定外预测计算；保留原packet与source_run，未重拟合。 补充派生来源=metrics_001
N3,N3__,L0,P_nat,HP,logistic,temperature,ce_bits,0.8158266391511464,0.8054721981347824,0.8242202944513302,60.0,,24527.0,,bits/trial,macro candidate mean,fixed OOF candidate bootstrap; no refit,N3_core_001,0dee0f0f7308645afdce98d058add79ab68e6a740cb30d69c62d9162834eb4f6,补充表从固定外预测计算；保留原packet与source_run，未重拟合。 补充派生来源=metrics_001
N3,N3__,L0,P_nat,HP,logistic,temperature,bacc,0.5117411913446529,0.5090988964934376,0.5143710465917004,60.0,,24527.0,,unitless,macro candidate mean,fixed OOF candidate bootstrap; no refit,N3_core_001,0dee0f0f7308645afdce98d058add79ab68e6a740cb30d69c62d9162834eb4f6,补充表从固定外预测计算；保留原packet与source_run，未重拟合。 补充派生来源=metrics_001
N3,N3__,L0,P_nat,HP,logistic,temperature,auroc,0.6406025577415392,0.6325486222954524,0.6475633990972128,60.0,,24527.0,,unitless,macro candidate mean,fixed OOF candidate bootstrap; no refit,N3_core_001,0dee0f0f7308645afdce98d058add79ab68e6a740cb30d69c62d9162834eb4f6,补充表从固定外预测计算；保留原packet与source_run，未重拟合。 补充派生来源=metrics_001
N3,N3__,L0,P_nat,HP,logistic,temperature,brier_two_class_sum,0.3802634872760287,0.3738589652292196,0.3854540261004851,60.0,,24527.0,,unitless,macro candidate mean,fixed OOF candidate bootstrap; no refit,N3_core_001,0dee0f0f7308645afdce98d058add79ab68e6a740cb30d69c62d9162834eb4f6,补充表从固定外预测计算；保留原packet与source_run，未重拟合。 补充派生来源=metrics_001
N3,N3__,L0,P_nat,Hnoise,logistic,mixture_diagnostic,ce_bits,0.8163627099895986,0.8062500819668796,0.8246094733081969,60.0,,24527.0,,bits/trial,macro candidate mean,fixed OOF candidate bootstrap; no refit,N3_core_001,0dee0f0f7308645afdce98d058add79ab68e6a740cb30d69c62d9162834eb4f6,补充表从固定外预测计算；保留原packet与source_run，未重拟合。 补充派生来源=metrics_001
N3,N3__,L0,P_nat,Hnoise,logistic,mixture_diagnostic,bacc,0.5071206723857823,0.5054101383003804,0.5089134583111967,60.0,,24527.0,,unitless,macro candidate mean,fixed OOF candidate bootstrap; no refit,N3_core_001,0dee0f0f7308645afdce98d058add79ab68e6a740cb30d69c62d9162834eb4f6,补充表从固定外预测计算；保留原packet与source_run，未重拟合。 补充派生来源=metrics_001
N3,N3__,L0,P_nat,Hnoise,logistic,mixture_diagnostic,auroc,0.6395804925852232,0.6304769468218561,0.6475690196626456,60.0,,24527.0,,unitless,macro candidate mean,fixed OOF candidate bootstrap; no refit,N3_core_001,0dee0f0f7308645afdce98d058add79ab68e6a740cb30d69c62d9162834eb4f6,补充表从固定外预测计算；保留原packet与source_run，未重拟合。 补充派生来源=metrics_001
N3,N3__,L0,P_nat,Hnoise,logistic,mixture_diagnostic,brier_two_class_sum,0.3805475577987961,0.3741894188302299,0.3857676295184752,60.0,,24527.0,,unitless,macro candidate mean,fixed OOF candidate bootstrap; no refit,N3_core_001,0dee0f0f7308645afdce98d058add79ab68e6a740cb30d69c62d9162834eb4f6,补充表从固定外预测计算；保留原packet与source_run，未重拟合。 补充派生来源=metrics_001
N3,N3__,L0,P_nat,Hnoise,logistic,raw,ce_bits,0.8164491476791781,0.8063962050648688,0.8246323585249028,60.0,,24527.0,,bits/trial,macro candidate mean,fixed OOF candidate bootstrap; no refit,N3_core_001,0dee0f0f7308645afdce98d058add79ab68e6a740cb30d69c62d9162834eb4f6,补充表从固定外预测计算；保留原packet与source_run，未重拟合。 补充派生来源=metrics_001
N3,N3__,L0,P_nat,Hnoise,logistic,raw,bacc,0.5071206723857823,0.5054101383003804,0.5089134583111967,60.0,,24527.0,,unitless,macro candidate mean,fixed OOF candidate bootstrap; no refit,N3_core_001,0dee0f0f7308645afdce98d058add79ab68e6a740cb30d69c62d9162834eb4f6,补充表从固定外预测计算；保留原packet与source_run，未重拟合。 补充派生来源=metrics_001
N3,N3__,L0,P_nat,Hnoise,logistic,raw,auroc,0.6395804925852232,0.6304769468218561,0.6475690196626456,60.0,,24527.0,,unitless,macro candidate mean,fixed OOF candidate bootstrap; no refit,N3_core_001,0dee0f0f7308645afdce98d058add79ab68e6a740cb30d69c62d9162834eb4f6,补充表从固定外预测计算；保留原packet与source_run，未重拟合。 补充派生来源=metrics_001
N3,N3__,L0,P_nat,Hnoise,logistic,raw,brier_two_class_sum,0.3805981606595835,0.3742761952645532,0.3857763189505827,60.0,,24527.0,,unitless,macro candidate mean,fixed OOF candidate bootstrap; no refit,N3_core_001,0dee0f0f7308645afdce98d058add79ab68e6a740cb30d69c62d9162834eb4f6,补充表从固定外预测计算；保留原packet与source_run，未重拟合。 补充派生来源=metrics_001
N3,N3__,L0,P_nat,Hnoise,logistic,temperature,ce_bits,0.8163627099895986,0.8062500819668796,0.8246094733081969,60.0,,24527.0,,bits/trial,macro candidate mean,fixed OOF candidate bootstrap; no refit,N3_core_001,0dee0f0f7308645afdce98d058add79ab68e6a740cb30d69c62d9162834eb4f6,补充表从固定外预测计算；保留原packet与source_run，未重拟合。 补充派生来源=metrics_001
N3,N3__,L0,P_nat,Hnoise,logistic,temperature,bacc,0.5071206723857823,0.5054101383003804,0.5089134583111967,60.0,,24527.0,,unitless,macro candidate mean,fixed OOF candidate bootstrap; no refit,N3_core_001,0dee0f0f7308645afdce98d058add79ab68e6a740cb30d69c62d9162834eb4f6,补充表从固定外预测计算；保留原packet与source_run，未重拟合。 补充派生来源=metrics_001
N3,N3__,L0,P_nat,Hnoise,logistic,temperature,auroc,0.6395804925852232,0.6304769468218561,0.6475690196626456,60.0,,24527.0,,unitless,macro candidate mean,fixed OOF candidate bootstrap; no refit,N3_core_001,0dee0f0f7308645afdce98d058add79ab68e6a740cb30d69c62d9162834eb4f6,补充表从固定外预测计算；保留原packet与source_run，未重拟合。 补充派生来源=metrics_001
N3,N3__,L0,P_nat,Hnoise,logistic,temperature,brier_two_class_sum,0.3805475577987961,0.3741894188302299,0.3857676295184752,60.0,,24527.0,,unitless,macro candidate mean,fixed OOF candidate bootstrap; no refit,N3_core_001,0dee0f0f7308645afdce98d058add79ab68e6a740cb30d69c62d9162834eb4f6,补充表从固定外预测计算；保留原packet与source_run，未重拟合。 补充派生来源=metrics_001
N3,N3__,R_SIM,P_bal,H,logistic,mixture_diagnostic,ce_bits,0.95716464373869,0.9518673719708886,0.96384898706531,60.0,,24527.0,,bits/trial,macro candidate mean,fixed OOF candidate bootstrap; no refit,N3_core_001,0dee0f0f7308645afdce98d058add79ab68e6a740cb30d69c62d9162834eb4f6,补充表从固定外预测计算；保留原packet与source_run，未重拟合。 补充派生来源=metrics_001
N3,N3__,R_SIM,P_bal,H,logistic,mixture_diagnostic,J_bits,0.042835356261309965,0.03615101293469003,0.048132628029111446,60.0,,24527.0,,bits/trial,macro candidate mean,fixed OOF candidate bootstrap; no refit,N3_core_001,0dee0f0f7308645afdce98d058add79ab68e6a740cb30d69c62d9162834eb4f6,补充表从固定外预测计算；保留原packet与source_run，未重拟合。 补充派生来源=metrics_001 P_bal二分类先验CE=1，J及区间仅精确代数变换；无新bootstrap/fit。
N3,N3__,R_SIM,P_bal,H,logistic,mixture_diagnostic,bacc,0.5868926844577007,0.5816213572740079,0.5916559740504514,60.0,,24527.0,,unitless,macro candidate mean,fixed OOF candidate bootstrap; no refit,N3_core_001,0dee0f0f7308645afdce98d058add79ab68e6a740cb30d69c62d9162834eb4f6,补充表从固定外预测计算；保留原packet与source_run，未重拟合。 补充派生来源=metrics_001
N3,N3__,R_SIM,P_bal,H,logistic,mixture_diagnostic,auroc,0.6385973173385388,0.6308537816942578,0.6452542380497651,60.0,,24527.0,,unitless,macro candidate mean,fixed OOF candidate bootstrap; no refit,N3_core_001,0dee0f0f7308645afdce98d058add79ab68e6a740cb30d69c62d9162834eb4f6,补充表从固定外预测计算；保留原packet与source_run，未重拟合。 补充派生来源=metrics_001
N3,N3__,R_SIM,P_bal,H,logistic,mixture_diagnostic,brier_two_class_sum,0.4709210377011607,0.46750971059822,0.4752006414291958,60.0,,24527.0,,unitless,macro candidate mean,fixed OOF candidate bootstrap; no refit,N3_core_001,0dee0f0f7308645afdce98d058add79ab68e6a740cb30d69c62d9162834eb4f6,补充表从固定外预测计算；保留原packet与source_run，未重拟合。 补充派生来源=metrics_001
N3,N3__,R_SIM,P_bal,H,logistic,raw,ce_bits,0.9573769931056842,0.9527941505608154,0.9629502662274996,60.0,,24527.0,,bits/trial,macro candidate mean,fixed OOF candidate bootstrap; no refit,N3_core_001,0dee0f0f7308645afdce98d058add79ab68e6a740cb30d69c62d9162834eb4f6,补充表从固定外预测计算；保留原packet与source_run，未重拟合。 补充派生来源=metrics_001
N3,N3__,R_SIM,P_bal,H,logistic,raw,J_bits,0.04262300689431575,0.037049733772500426,0.0472058494391846,60.0,,24527.0,,bits/trial,macro candidate mean,fixed OOF candidate bootstrap; no refit,N3_core_001,0dee0f0f7308645afdce98d058add79ab68e6a740cb30d69c62d9162834eb4f6,补充表从固定外预测计算；保留原packet与source_run，未重拟合。 补充派生来源=metrics_001 P_bal二分类先验CE=1，J及区间仅精确代数变换；无新bootstrap/fit。
N3,N3__,R_SIM,P_bal,H,logistic,raw,bacc,0.5868926844577007,0.5816213572740079,0.5916559740504514,60.0,,24527.0,,unitless,macro candidate mean,fixed OOF candidate bootstrap; no refit,N3_core_001,0dee0f0f7308645afdce98d058add79ab68e6a740cb30d69c62d9162834eb4f6,补充表从固定外预测计算；保留原packet与source_run，未重拟合。 补充派生来源=metrics_001
N3,N3__,R_SIM,P_bal,H,logistic,raw,auroc,0.6385973173385388,0.6308537816942578,0.6452542380497651,60.0,,24527.0,,unitless,macro candidate mean,fixed OOF candidate bootstrap; no refit,N3_core_001,0dee0f0f7308645afdce98d058add79ab68e6a740cb30d69c62d9162834eb4f6,补充表从固定外预测计算；保留原packet与source_run，未重拟合。 补充派生来源=metrics_001
N3,N3__,R_SIM,P_bal,H,logistic,raw,brier_two_class_sum,0.4710242163601267,0.4679964809413512,0.4746567202602029,60.0,,24527.0,,unitless,macro candidate mean,fixed OOF candidate bootstrap; no refit,N3_core_001,0dee0f0f7308645afdce98d058add79ab68e6a740cb30d69c62d9162834eb4f6,补充表从固定外预测计算；保留原packet与source_run，未重拟合。 补充派生来源=metrics_001
N3,N3__,R_SIM,P_bal,H,logistic,temperature,ce_bits,0.95716464373869,0.9518673719708886,0.96384898706531,60.0,,24527.0,,bits/trial,macro candidate mean,fixed OOF candidate bootstrap; no refit,N3_core_001,0dee0f0f7308645afdce98d058add79ab68e6a740cb30d69c62d9162834eb4f6,补充表从固定外预测计算；保留原packet与source_run，未重拟合。 补充派生来源=metrics_001
N3,N3__,R_SIM,P_bal,H,logistic,temperature,J_bits,0.042835356261309965,0.03615101293469003,0.048132628029111446,60.0,,24527.0,,bits/trial,macro candidate mean,fixed OOF candidate bootstrap; no refit,N3_core_001,0dee0f0f7308645afdce98d058add79ab68e6a740cb30d69c62d9162834eb4f6,补充表从固定外预测计算；保留原packet与source_run，未重拟合。 补充派生来源=metrics_001 P_bal二分类先验CE=1，J及区间仅精确代数变换；无新bootstrap/fit。
N3,N3__,R_SIM,P_bal,H,logistic,temperature,bacc,0.5868926844577007,0.5816213572740079,0.5916559740504514,60.0,,24527.0,,unitless,macro candidate mean,fixed OOF candidate bootstrap; no refit,N3_core_001,0dee0f0f7308645afdce98d058add79ab68e6a740cb30d69c62d9162834eb4f6,补充表从固定外预测计算；保留原packet与source_run，未重拟合。 补充派生来源=metrics_001
N3,N3__,R_SIM,P_bal,H,logistic,temperature,auroc,0.6385973173385388,0.6308537816942578,0.6452542380497651,60.0,,24527.0,,unitless,macro candidate mean,fixed OOF candidate bootstrap; no refit,N3_core_001,0dee0f0f7308645afdce98d058add79ab68e6a740cb30d69c62d9162834eb4f6,补充表从固定外预测计算；保留原packet与source_run，未重拟合。 补充派生来源=metrics_001
N3,N3__,R_SIM,P_bal,H,logistic,temperature,brier_two_class_sum,0.4709210377011607,0.46750971059822,0.4752006414291958,60.0,,24527.0,,unitless,macro candidate mean,fixed OOF candidate bootstrap; no refit,N3_core_001,0dee0f0f7308645afdce98d058add79ab68e6a740cb30d69c62d9162834eb4f6,补充表从固定外预测计算；保留原packet与source_run，未重拟合。 补充派生来源=metrics_001
N3,N3__,R_SIM,P_bal,HB,logistic,mixture_diagnostic,ce_bits,0.961136904160612,0.9559179493301122,0.9674970843233752,60.0,,24527.0,,bits/trial,macro candidate mean,fixed OOF candidate bootstrap; no refit,N3_core_001,0dee0f0f7308645afdce98d058add79ab68e6a740cb30d69c62d9162834eb4f6,补充表从固定外预测计算；保留原packet与source_run，未重拟合。 补充派生来源=metrics_001
N3,N3__,R_SIM,P_bal,HB,logistic,mixture_diagnostic,J_bits,0.03886309583938796,0.03250291567662478,0.044082050669887796,60.0,,24527.0,,bits/trial,macro candidate mean,fixed OOF candidate bootstrap; no refit,N3_core_001,0dee0f0f7308645afdce98d058add79ab68e6a740cb30d69c62d9162834eb4f6,补充表从固定外预测计算；保留原packet与source_run，未重拟合。 补充派生来源=metrics_001 P_bal二分类先验CE=1，J及区间仅精确代数变换；无新bootstrap/fit。
N3,N3__,R_SIM,P_bal,HB,logistic,mixture_diagnostic,bacc,0.5925004332998837,0.5877834208979628,0.5972252567493139,60.0,,24527.0,,unitless,macro candidate mean,fixed OOF candidate bootstrap; no refit,N3_core_001,0dee0f0f7308645afdce98d058add79ab68e6a740cb30d69c62d9162834eb4f6,补充表从固定外预测计算；保留原packet与source_run，未重拟合。 补充派生来源=metrics_001
N3,N3__,R_SIM,P_bal,HB,logistic,mixture_diagnostic,auroc,0.6335730215075324,0.6261920295948208,0.639922968371143,60.0,,24527.0,,unitless,macro candidate mean,fixed OOF candidate bootstrap; no refit,N3_core_001,0dee0f0f7308645afdce98d058add79ab68e6a740cb30d69c62d9162834eb4f6,补充表从固定外预测计算；保留原packet与source_run，未重拟合。 补充派生来源=metrics_001
N3,N3__,R_SIM,P_bal,HB,logistic,mixture_diagnostic,brier_two_class_sum,0.4734666862021955,0.4701205505280109,0.4774952403429521,60.0,,24527.0,,unitless,macro candidate mean,fixed OOF candidate bootstrap; no refit,N3_core_001,0dee0f0f7308645afdce98d058add79ab68e6a740cb30d69c62d9162834eb4f6,补充表从固定外预测计算；保留原packet与source_run，未重拟合。 补充派生来源=metrics_001
N3,N3__,R_SIM,P_bal,HB,logistic,raw,ce_bits,0.9609782799746218,0.9559621144230824,0.9671443629354016,60.0,,24527.0,,bits/trial,macro candidate mean,fixed OOF candidate bootstrap; no refit,N3_core_001,0dee0f0f7308645afdce98d058add79ab68e6a740cb30d69c62d9162834eb4f6,补充表从固定外预测计算；保留原packet与source_run，未重拟合。 补充派生来源=metrics_001
N3,N3__,R_SIM,P_bal,HB,logistic,raw,J_bits,0.03902172002537818,0.032855637064598375,0.04403788557691757,60.0,,24527.0,,bits/trial,macro candidate mean,fixed OOF candidate bootstrap; no refit,N3_core_001,0dee0f0f7308645afdce98d058add79ab68e6a740cb30d69c62d9162834eb4f6,补充表从固定外预测计算；保留原packet与source_run，未重拟合。 补充派生来源=metrics_001 P_bal二分类先验CE=1，J及区间仅精确代数变换；无新bootstrap/fit。
N3,N3__,R_SIM,P_bal,HB,logistic,raw,bacc,0.5925004332998837,0.5877834208979628,0.5972252567493139,60.0,,24527.0,,unitless,macro candidate mean,fixed OOF candidate bootstrap; no refit,N3_core_001,0dee0f0f7308645afdce98d058add79ab68e6a740cb30d69c62d9162834eb4f6,补充表从固定外预测计算；保留原packet与source_run，未重拟合。 补充派生来源=metrics_001
N3,N3__,R_SIM,P_bal,HB,logistic,raw,auroc,0.6335730215075324,0.6261920295948208,0.639922968371143,60.0,,24527.0,,unitless,macro candidate mean,fixed OOF candidate bootstrap; no refit,N3_core_001,0dee0f0f7308645afdce98d058add79ab68e6a740cb30d69c62d9162834eb4f6,补充表从固定外预测计算；保留原packet与source_run，未重拟合。 补充派生来源=metrics_001
N3,N3__,R_SIM,P_bal,HB,logistic,raw,brier_two_class_sum,0.4733672949078567,0.4701344830527506,0.4772954759983543,60.0,,24527.0,,unitless,macro candidate mean,fixed OOF candidate bootstrap; no refit,N3_core_001,0dee0f0f7308645afdce98d058add79ab68e6a740cb30d69c62d9162834eb4f6,补充表从固定外预测计算；保留原packet与source_run，未重拟合。 补充派生来源=metrics_001
N3,N3__,R_SIM,P_bal,HB,logistic,temperature,ce_bits,0.961136904160612,0.9559179493301122,0.9674970843233752,60.0,,24527.0,,bits/trial,macro candidate mean,fixed OOF candidate bootstrap; no refit,N3_core_001,0dee0f0f7308645afdce98d058add79ab68e6a740cb30d69c62d9162834eb4f6,补充表从固定外预测计算；保留原packet与source_run，未重拟合。 补充派生来源=metrics_001
N3,N3__,R_SIM,P_bal,HB,logistic,temperature,J_bits,0.03886309583938796,0.03250291567662478,0.044082050669887796,60.0,,24527.0,,bits/trial,macro candidate mean,fixed OOF candidate bootstrap; no refit,N3_core_001,0dee0f0f7308645afdce98d058add79ab68e6a740cb30d69c62d9162834eb4f6,补充表从固定外预测计算；保留原packet与source_run，未重拟合。 补充派生来源=metrics_001 P_bal二分类先验CE=1，J及区间仅精确代数变换；无新bootstrap/fit。
N3,N3__,R_SIM,P_bal,HB,logistic,temperature,bacc,0.5925004332998837,0.5877834208979628,0.5972252567493139,60.0,,24527.0,,unitless,macro candidate mean,fixed OOF candidate bootstrap; no refit,N3_core_001,0dee0f0f7308645afdce98d058add79ab68e6a740cb30d69c62d9162834eb4f6,补充表从固定外预测计算；保留原packet与source_run，未重拟合。 补充派生来源=metrics_001
N3,N3__,R_SIM,P_bal,HB,logistic,temperature,auroc,0.6335730215075324,0.6261920295948208,0.639922968371143,60.0,,24527.0,,unitless,macro candidate mean,fixed OOF candidate bootstrap; no refit,N3_core_001,0dee0f0f7308645afdce98d058add79ab68e6a740cb30d69c62d9162834eb4f6,补充表从固定外预测计算；保留原packet与source_run，未重拟合。 补充派生来源=metrics_001
N3,N3__,R_SIM,P_bal,HB,logistic,temperature,brier_two_class_sum,0.4734666862021955,0.4701205505280109,0.4774952403429521,60.0,,24527.0,,unitless,macro candidate mean,fixed OOF candidate bootstrap; no refit,N3_core_001,0dee0f0f7308645afdce98d058add79ab68e6a740cb30d69c62d9162834eb4f6,补充表从固定外预测计算；保留原packet与source_run，未重拟合。 补充派生来源=metrics_001
N3,N3__,R_SIM,P_bal,HBP,logistic,mixture_diagnostic,ce_bits,0.9616525803629404,0.9562448701690088,0.9681115335233512,60.0,,24527.0,,bits/trial,macro candidate mean,fixed OOF candidate bootstrap; no refit,N3_core_001,0dee0f0f7308645afdce98d058add79ab68e6a740cb30d69c62d9162834eb4f6,补充表从固定外预测计算；保留原packet与source_run，未重拟合。 补充派生来源=metrics_001
N3,N3__,R_SIM,P_bal,HBP,logistic,mixture_diagnostic,J_bits,0.038347419637059565,0.03188846647664878,0.04375512983099117,60.0,,24527.0,,bits/trial,macro candidate mean,fixed OOF candidate bootstrap; no refit,N3_core_001,0dee0f0f7308645afdce98d058add79ab68e6a740cb30d69c62d9162834eb4f6,补充表从固定外预测计算；保留原packet与source_run，未重拟合。 补充派生来源=metrics_001 P_bal二分类先验CE=1，J及区间仅精确代数变换；无新bootstrap/fit。
N3,N3__,R_SIM,P_bal,HBP,logistic,mixture_diagnostic,bacc,0.594954102671769,0.5891676064120173,0.6002408274742568,60.0,,24527.0,,unitless,macro candidate mean,fixed OOF candidate bootstrap; no refit,N3_core_001,0dee0f0f7308645afdce98d058add79ab68e6a740cb30d69c62d9162834eb4f6,补充表从固定外预测计算；保留原packet与source_run，未重拟合。 补充派生来源=metrics_001
N3,N3__,R_SIM,P_bal,HBP,logistic,mixture_diagnostic,auroc,0.6325834078509076,0.6245870087787394,0.6398505562016013,60.0,,24527.0,,unitless,macro candidate mean,fixed OOF candidate bootstrap; no refit,N3_core_001,0dee0f0f7308645afdce98d058add79ab68e6a740cb30d69c62d9162834eb4f6,补充表从固定外预测计算；保留原packet与source_run，未重拟合。 补充派生来源=metrics_001
N3,N3__,R_SIM,P_bal,HBP,logistic,mixture_diagnostic,brier_two_class_sum,0.4737841210762021,0.4703324123850564,0.4778130127616145,60.0,,24527.0,,unitless,macro candidate mean,fixed OOF candidate bootstrap; no refit,N3_core_001,0dee0f0f7308645afdce98d058add79ab68e6a740cb30d69c62d9162834eb4f6,补充表从固定外预测计算；保留原packet与source_run，未重拟合。 补充派生来源=metrics_001
N3,N3__,R_SIM,P_bal,HBP,logistic,raw,ce_bits,0.9617478496734422,0.9560003436620044,0.9685565884360782,60.0,,24527.0,,bits/trial,macro candidate mean,fixed OOF candidate bootstrap; no refit,N3_core_001,0dee0f0f7308645afdce98d058add79ab68e6a740cb30d69c62d9162834eb4f6,补充表从固定外预测计算；保留原packet与source_run，未重拟合。 补充派生来源=metrics_001
N3,N3__,R_SIM,P_bal,HBP,logistic,raw,J_bits,0.03825215032655782,0.03144341156392183,0.04399965633799563,60.0,,24527.0,,bits/trial,macro candidate mean,fixed OOF candidate bootstrap; no refit,N3_core_001,0dee0f0f7308645afdce98d058add79ab68e6a740cb30d69c62d9162834eb4f6,补充表从固定外预测计算；保留原packet与source_run，未重拟合。 补充派生来源=metrics_001 P_bal二分类先验CE=1，J及区间仅精确代数变换；无新bootstrap/fit。
N3,N3__,R_SIM,P_bal,HBP,logistic,raw,bacc,0.594954102671769,0.5891676064120173,0.6002408274742568,60.0,,24527.0,,unitless,macro candidate mean,fixed OOF candidate bootstrap; no refit,N3_core_001,0dee0f0f7308645afdce98d058add79ab68e6a740cb30d69c62d9162834eb4f6,补充表从固定外预测计算；保留原packet与source_run，未重拟合。 补充派生来源=metrics_001
N3,N3__,R_SIM,P_bal,HBP,logistic,raw,auroc,0.6325834078509076,0.6245870087787394,0.6398505562016013,60.0,,24527.0,,unitless,macro candidate mean,fixed OOF candidate bootstrap; no refit,N3_core_001,0dee0f0f7308645afdce98d058add79ab68e6a740cb30d69c62d9162834eb4f6,补充表从固定外预测计算；保留原packet与source_run，未重拟合。 补充派生来源=metrics_001
N3,N3__,R_SIM,P_bal,HBP,logistic,raw,brier_two_class_sum,0.4738214000812316,0.4701787851528325,0.4780078908893885,60.0,,24527.0,,unitless,macro candidate mean,fixed OOF candidate bootstrap; no refit,N3_core_001,0dee0f0f7308645afdce98d058add79ab68e6a740cb30d69c62d9162834eb4f6,补充表从固定外预测计算；保留原packet与source_run，未重拟合。 补充派生来源=metrics_001
N3,N3__,R_SIM,P_bal,HBP,logistic,temperature,ce_bits,0.9616525803629404,0.9562448701690088,0.9681115335233512,60.0,,24527.0,,bits/trial,macro candidate mean,fixed OOF candidate bootstrap; no refit,N3_core_001,0dee0f0f7308645afdce98d058add79ab68e6a740cb30d69c62d9162834eb4f6,补充表从固定外预测计算；保留原packet与source_run，未重拟合。 补充派生来源=metrics_001
N3,N3__,R_SIM,P_bal,HBP,logistic,temperature,J_bits,0.038347419637059565,0.03188846647664878,0.04375512983099117,60.0,,24527.0,,bits/trial,macro candidate mean,fixed OOF candidate bootstrap; no refit,N3_core_001,0dee0f0f7308645afdce98d058add79ab68e6a740cb30d69c62d9162834eb4f6,补充表从固定外预测计算；保留原packet与source_run，未重拟合。 补充派生来源=metrics_001 P_bal二分类先验CE=1，J及区间仅精确代数变换；无新bootstrap/fit。
N3,N3__,R_SIM,P_bal,HBP,logistic,temperature,bacc,0.594954102671769,0.5891676064120173,0.6002408274742568,60.0,,24527.0,,unitless,macro candidate mean,fixed OOF candidate bootstrap; no refit,N3_core_001,0dee0f0f7308645afdce98d058add79ab68e6a740cb30d69c62d9162834eb4f6,补充表从固定外预测计算；保留原packet与source_run，未重拟合。 补充派生来源=metrics_001
N3,N3__,R_SIM,P_bal,HBP,logistic,temperature,auroc,0.6325834078509076,0.6245870087787394,0.6398505562016013,60.0,,24527.0,,unitless,macro candidate mean,fixed OOF candidate bootstrap; no refit,N3_core_001,0dee0f0f7308645afdce98d058add79ab68e6a740cb30d69c62d9162834eb4f6,补充表从固定外预测计算；保留原packet与source_run，未重拟合。 补充派生来源=metrics_001
N3,N3__,R_SIM,P_bal,HBP,logistic,temperature,brier_two_class_sum,0.4737841210762021,0.4703324123850564,0.4778130127616145,60.0,,24527.0,,unitless,macro candidate mean,fixed OOF candidate bootstrap; no refit,N3_core_001,0dee0f0f7308645afdce98d058add79ab68e6a740cb30d69c62d9162834eb4f6,补充表从固定外预测计算；保留原packet与source_run，未重拟合。 补充派生来源=metrics_001
N3,N3__,R_SIM,P_bal,HP,logistic,mixture_diagnostic,ce_bits,0.9584800967944934,0.9528945750327632,0.9655649915492436,60.0,,24527.0,,bits/trial,macro candidate mean,fixed OOF candidate bootstrap; no refit,N3_core_001,0dee0f0f7308645afdce98d058add79ab68e6a740cb30d69c62d9162834eb4f6,补充表从固定外预测计算；保留原packet与source_run，未重拟合。 补充派生来源=metrics_001
N3,N3__,R_SIM,P_bal,HP,logistic,mixture_diagnostic,J_bits,0.04151990320550658,0.03443500845075642,0.0471054249672368,60.0,,24527.0,,bits/trial,macro candidate mean,fixed OOF candidate bootstrap; no refit,N3_core_001,0dee0f0f7308645afdce98d058add79ab68e6a740cb30d69c62d9162834eb4f6,补充表从固定外预测计算；保留原packet与source_run，未重拟合。 补充派生来源=metrics_001 P_bal二分类先验CE=1，J及区间仅精确代数变换；无新bootstrap/fit。
N3,N3__,R_SIM,P_bal,HP,logistic,mixture_diagnostic,bacc,0.5970903432648306,0.5921455029565192,0.6020159544105882,60.0,,24527.0,,unitless,macro candidate mean,fixed OOF candidate bootstrap; no refit,N3_core_001,0dee0f0f7308645afdce98d058add79ab68e6a740cb30d69c62d9162834eb4f6,补充表从固定外预测计算；保留原packet与source_run，未重拟合。 补充派生来源=metrics_001
N3,N3__,R_SIM,P_bal,HP,logistic,mixture_diagnostic,auroc,0.6380796322662639,0.6298360339862431,0.6453892778761877,60.0,,24527.0,,unitless,macro candidate mean,fixed OOF candidate bootstrap; no refit,N3_core_001,0dee0f0f7308645afdce98d058add79ab68e6a740cb30d69c62d9162834eb4f6,补充表从固定外预测计算；保留原packet与source_run，未重拟合。 补充派生来源=metrics_001
N3,N3__,R_SIM,P_bal,HP,logistic,mixture_diagnostic,brier_two_class_sum,0.4716889768252617,0.468087655187069,0.4761605954095074,60.0,,24527.0,,unitless,macro candidate mean,fixed OOF candidate bootstrap; no refit,N3_core_001,0dee0f0f7308645afdce98d058add79ab68e6a740cb30d69c62d9162834eb4f6,补充表从固定外预测计算；保留原packet与source_run，未重拟合。 补充派生来源=metrics_001
N3,N3__,R_SIM,P_bal,HP,logistic,raw,ce_bits,0.9582999857907538,0.95286921801979,0.9649685933282252,60.0,,24527.0,,bits/trial,macro candidate mean,fixed OOF candidate bootstrap; no refit,N3_core_001,0dee0f0f7308645afdce98d058add79ab68e6a740cb30d69c62d9162834eb4f6,补充表从固定外预测计算；保留原packet与source_run，未重拟合。 补充派生来源=metrics_001
N3,N3__,R_SIM,P_bal,HP,logistic,raw,J_bits,0.04170001420924618,0.035031406671774845,0.047130781980210035,60.0,,24527.0,,bits/trial,macro candidate mean,fixed OOF candidate bootstrap; no refit,N3_core_001,0dee0f0f7308645afdce98d058add79ab68e6a740cb30d69c62d9162834eb4f6,补充表从固定外预测计算；保留原packet与source_run，未重拟合。 补充派生来源=metrics_001 P_bal二分类先验CE=1，J及区间仅精确代数变换；无新bootstrap/fit。
N3,N3__,R_SIM,P_bal,HP,logistic,raw,bacc,0.5970903432648306,0.5921455029565192,0.6020159544105882,60.0,,24527.0,,unitless,macro candidate mean,fixed OOF candidate bootstrap; no refit,N3_core_001,0dee0f0f7308645afdce98d058add79ab68e6a740cb30d69c62d9162834eb4f6,补充表从固定外预测计算；保留原packet与source_run，未重拟合。 补充派生来源=metrics_001
N3,N3__,R_SIM,P_bal,HP,logistic,raw,auroc,0.6380796322662639,0.6298360339862431,0.6453892778761877,60.0,,24527.0,,unitless,macro candidate mean,fixed OOF candidate bootstrap; no refit,N3_core_001,0dee0f0f7308645afdce98d058add79ab68e6a740cb30d69c62d9162834eb4f6,补充表从固定外预测计算；保留原packet与source_run，未重拟合。 补充派生来源=metrics_001
N3,N3__,R_SIM,P_bal,HP,logistic,raw,brier_two_class_sum,0.4715884695056327,0.4680792803242785,0.475841847205128,60.0,,24527.0,,unitless,macro candidate mean,fixed OOF candidate bootstrap; no refit,N3_core_001,0dee0f0f7308645afdce98d058add79ab68e6a740cb30d69c62d9162834eb4f6,补充表从固定外预测计算；保留原packet与source_run，未重拟合。 补充派生来源=metrics_001
N3,N3__,R_SIM,P_bal,HP,logistic,temperature,ce_bits,0.9584800967944934,0.9528945750327632,0.9655649915492436,60.0,,24527.0,,bits/trial,macro candidate mean,fixed OOF candidate bootstrap; no refit,N3_core_001,0dee0f0f7308645afdce98d058add79ab68e6a740cb30d69c62d9162834eb4f6,补充表从固定外预测计算；保留原packet与source_run，未重拟合。 补充派生来源=metrics_001
N3,N3__,R_SIM,P_bal,HP,logistic,temperature,J_bits,0.04151990320550658,0.03443500845075642,0.0471054249672368,60.0,,24527.0,,bits/trial,macro candidate mean,fixed OOF candidate bootstrap; no refit,N3_core_001,0dee0f0f7308645afdce98d058add79ab68e6a740cb30d69c62d9162834eb4f6,补充表从固定外预测计算；保留原packet与source_run，未重拟合。 补充派生来源=metrics_001 P_bal二分类先验CE=1，J及区间仅精确代数变换；无新bootstrap/fit。
N3,N3__,R_SIM,P_bal,HP,logistic,temperature,bacc,0.5970903432648306,0.5921455029565192,0.6020159544105882,60.0,,24527.0,,unitless,macro candidate mean,fixed OOF candidate bootstrap; no refit,N3_core_001,0dee0f0f7308645afdce98d058add79ab68e6a740cb30d69c62d9162834eb4f6,补充表从固定外预测计算；保留原packet与source_run，未重拟合。 补充派生来源=metrics_001
N3,N3__,R_SIM,P_bal,HP,logistic,temperature,auroc,0.6380796322662639,0.6298360339862431,0.6453892778761877,60.0,,24527.0,,unitless,macro candidate mean,fixed OOF candidate bootstrap; no refit,N3_core_001,0dee0f0f7308645afdce98d058add79ab68e6a740cb30d69c62d9162834eb4f6,补充表从固定外预测计算；保留原packet与source_run，未重拟合。 补充派生来源=metrics_001
N3,N3__,R_SIM,P_bal,HP,logistic,temperature,brier_two_class_sum,0.4716889768252617,0.468087655187069,0.4761605954095074,60.0,,24527.0,,unitless,macro candidate mean,fixed OOF candidate bootstrap; no refit,N3_core_001,0dee0f0f7308645afdce98d058add79ab68e6a740cb30d69c62d9162834eb4f6,补充表从固定外预测计算；保留原packet与source_run，未重拟合。 补充派生来源=metrics_001
N3,N3__,R_SIM,P_bal,Hnoise,logistic,mixture_diagnostic,ce_bits,0.9590574492592449,0.9538913592891076,0.965244683194816,60.0,,24527.0,,bits/trial,macro candidate mean,fixed OOF candidate bootstrap; no refit,N3_core_001,0dee0f0f7308645afdce98d058add79ab68e6a740cb30d69c62d9162834eb4f6,补充表从固定外预测计算；保留原packet与source_run，未重拟合。 补充派生来源=metrics_001
N3,N3__,R_SIM,P_bal,Hnoise,logistic,mixture_diagnostic,J_bits,0.040942550740755146,0.034755316805183956,0.04610864071089238,60.0,,24527.0,,bits/trial,macro candidate mean,fixed OOF candidate bootstrap; no refit,N3_core_001,0dee0f0f7308645afdce98d058add79ab68e6a740cb30d69c62d9162834eb4f6,补充表从固定外预测计算；保留原packet与source_run，未重拟合。 补充派生来源=metrics_001 P_bal二分类先验CE=1，J及区间仅精确代数变换；无新bootstrap/fit。
N3,N3__,R_SIM,P_bal,Hnoise,logistic,mixture_diagnostic,bacc,0.590808469393013,0.5845065811034045,0.5968722476871099,60.0,,24527.0,,unitless,macro candidate mean,fixed OOF candidate bootstrap; no refit,N3_core_001,0dee0f0f7308645afdce98d058add79ab68e6a740cb30d69c62d9162834eb4f6,补充表从固定外预测计算；保留原packet与source_run，未重拟合。 补充派生来源=metrics_001
N3,N3__,R_SIM,P_bal,Hnoise,logistic,mixture_diagnostic,auroc,0.6367133366288236,0.6284856646599869,0.6441563325456172,60.0,,24527.0,,unitless,macro candidate mean,fixed OOF candidate bootstrap; no refit,N3_core_001,0dee0f0f7308645afdce98d058add79ab68e6a740cb30d69c62d9162834eb4f6,补充表从固定外预测计算；保留原packet与source_run，未重拟合。 补充派生来源=metrics_001
N3,N3__,R_SIM,P_bal,Hnoise,logistic,mixture_diagnostic,brier_two_class_sum,0.4721818509512291,0.4688126121851939,0.4761868900813616,60.0,,24527.0,,unitless,macro candidate mean,fixed OOF candidate bootstrap; no refit,N3_core_001,0dee0f0f7308645afdce98d058add79ab68e6a740cb30d69c62d9162834eb4f6,补充表从固定外预测计算；保留原packet与source_run，未重拟合。 补充派生来源=metrics_001
N3,N3__,R_SIM,P_bal,Hnoise,logistic,raw,ce_bits,0.9590454675160268,0.9539949136693572,0.9651021329879887,60.0,,24527.0,,bits/trial,macro candidate mean,fixed OOF candidate bootstrap; no refit,N3_core_001,0dee0f0f7308645afdce98d058add79ab68e6a740cb30d69c62d9162834eb4f6,补充表从固定外预测计算；保留原packet与source_run，未重拟合。 补充派生来源=metrics_001
N3,N3__,R_SIM,P_bal,Hnoise,logistic,raw,J_bits,0.04095453248397318,0.03489786701201125,0.04600508633064282,60.0,,24527.0,,bits/trial,macro candidate mean,fixed OOF candidate bootstrap; no refit,N3_core_001,0dee0f0f7308645afdce98d058add79ab68e6a740cb30d69c62d9162834eb4f6,补充表从固定外预测计算；保留原packet与source_run，未重拟合。 补充派生来源=metrics_001 P_bal二分类先验CE=1，J及区间仅精确代数变换；无新bootstrap/fit。
N3,N3__,R_SIM,P_bal,Hnoise,logistic,raw,bacc,0.590808469393013,0.5845065811034045,0.5968722476871099,60.0,,24527.0,,unitless,macro candidate mean,fixed OOF candidate bootstrap; no refit,N3_core_001,0dee0f0f7308645afdce98d058add79ab68e6a740cb30d69c62d9162834eb4f6,补充表从固定外预测计算；保留原packet与source_run，未重拟合。 补充派生来源=metrics_001
N3,N3__,R_SIM,P_bal,Hnoise,logistic,raw,auroc,0.6367133366288236,0.6284856646599869,0.6441563325456172,60.0,,24527.0,,unitless,macro candidate mean,fixed OOF candidate bootstrap; no refit,N3_core_001,0dee0f0f7308645afdce98d058add79ab68e6a740cb30d69c62d9162834eb4f6,补充表从固定外预测计算；保留原packet与source_run，未重拟合。 补充派生来源=metrics_001
N3,N3__,R_SIM,P_bal,Hnoise,logistic,raw,brier_two_class_sum,0.4721668453870837,0.4688704255430289,0.4761449172667323,60.0,,24527.0,,unitless,macro candidate mean,fixed OOF candidate bootstrap; no refit,N3_core_001,0dee0f0f7308645afdce98d058add79ab68e6a740cb30d69c62d9162834eb4f6,补充表从固定外预测计算；保留原packet与source_run，未重拟合。 补充派生来源=metrics_001
N3,N3__,R_SIM,P_bal,Hnoise,logistic,temperature,ce_bits,0.9590574492592449,0.9538913592891076,0.965244683194816,60.0,,24527.0,,bits/trial,macro candidate mean,fixed OOF candidate bootstrap; no refit,N3_core_001,0dee0f0f7308645afdce98d058add79ab68e6a740cb30d69c62d9162834eb4f6,补充表从固定外预测计算；保留原packet与source_run，未重拟合。 补充派生来源=metrics_001
N3,N3__,R_SIM,P_bal,Hnoise,logistic,temperature,J_bits,0.040942550740755146,0.034755316805183956,0.04610864071089238,60.0,,24527.0,,bits/trial,macro candidate mean,fixed OOF candidate bootstrap; no refit,N3_core_001,0dee0f0f7308645afdce98d058add79ab68e6a740cb30d69c62d9162834eb4f6,补充表从固定外预测计算；保留原packet与source_run，未重拟合。 补充派生来源=metrics_001 P_bal二分类先验CE=1，J及区间仅精确代数变换；无新bootstrap/fit。
N3,N3__,R_SIM,P_bal,Hnoise,logistic,temperature,bacc,0.590808469393013,0.5845065811034045,0.5968722476871099,60.0,,24527.0,,unitless,macro candidate mean,fixed OOF candidate bootstrap; no refit,N3_core_001,0dee0f0f7308645afdce98d058add79ab68e6a740cb30d69c62d9162834eb4f6,补充表从固定外预测计算；保留原packet与source_run，未重拟合。 补充派生来源=metrics_001
N3,N3__,R_SIM,P_bal,Hnoise,logistic,temperature,auroc,0.6367133366288236,0.6284856646599869,0.6441563325456172,60.0,,24527.0,,unitless,macro candidate mean,fixed OOF candidate bootstrap; no refit,N3_core_001,0dee0f0f7308645afdce98d058add79ab68e6a740cb30d69c62d9162834eb4f6,补充表从固定外预测计算；保留原packet与source_run，未重拟合。 补充派生来源=metrics_001
N3,N3__,R_SIM,P_bal,Hnoise,logistic,temperature,brier_two_class_sum,0.4721818509512291,0.4688126121851939,0.4761868900813616,60.0,,24527.0,,unitless,macro candidate mean,fixed OOF candidate bootstrap; no refit,N3_core_001,0dee0f0f7308645afdce98d058add79ab68e6a740cb30d69c62d9162834eb4f6,补充表从固定外预测计算；保留原packet与source_run，未重拟合。 补充派生来源=metrics_001
N3,N3__,R_SIM,P_bal,H,mlp32,mixture_diagnostic,ce_bits,0.7634127077121525,0.71496520572871,0.8322095244977264,60.0,,24527.0,,bits/trial,macro candidate mean,fixed OOF candidate bootstrap; no refit,N3_core_001,0dee0f0f7308645afdce98d058add79ab68e6a740cb30d69c62d9162834eb4f6,补充表从固定外预测计算；保留原packet与source_run，未重拟合。 补充派生来源=metrics_001
N3,N3__,R_SIM,P_bal,H,mlp32,mixture_diagnostic,J_bits,0.23658729228784747,0.16779047550227355,0.28503479427128997,60.0,,24527.0,,bits/trial,macro candidate mean,fixed OOF candidate bootstrap; no refit,N3_core_001,0dee0f0f7308645afdce98d058add79ab68e6a740cb30d69c62d9162834eb4f6,补充表从固定外预测计算；保留原packet与source_run，未重拟合。 补充派生来源=metrics_001 P_bal二分类先验CE=1，J及区间仅精确代数变换；无新bootstrap/fit。
N3,N3__,R_SIM,P_bal,H,mlp32,mixture_diagnostic,bacc,0.7491621215379928,0.7328881299524258,0.7617516106535697,60.0,,24527.0,,unitless,macro candidate mean,fixed OOF candidate bootstrap; no refit,N3_core_001,0dee0f0f7308645afdce98d058add79ab68e6a740cb30d69c62d9162834eb4f6,补充表从固定外预测计算；保留原packet与source_run，未重拟合。 补充派生来源=metrics_001
N3,N3__,R_SIM,P_bal,H,mlp32,mixture_diagnostic,auroc,0.8258383053612082,0.8056938018194,0.8408656334624115,60.0,,24527.0,,unitless,macro candidate mean,fixed OOF candidate bootstrap; no refit,N3_core_001,0dee0f0f7308645afdce98d058add79ab68e6a740cb30d69c62d9162834eb4f6,补充表从固定外预测计算；保留原packet与source_run，未重拟合。 补充派生来源=metrics_001
N3,N3__,R_SIM,P_bal,H,mlp32,mixture_diagnostic,brier_two_class_sum,0.3456407574181927,0.3273292498199152,0.3706098356169083,60.0,,24527.0,,unitless,macro candidate mean,fixed OOF candidate bootstrap; no refit,N3_core_001,0dee0f0f7308645afdce98d058add79ab68e6a740cb30d69c62d9162834eb4f6,补充表从固定外预测计算；保留原packet与source_run，未重拟合。 补充派生来源=metrics_001
N3,N3__,R_SIM,P_bal,H,mlp32,raw,ce_bits,0.775635455436118,0.7451887450719805,0.8182442199936562,60.0,,24527.0,,bits/trial,macro candidate mean,fixed OOF candidate bootstrap; no refit,N3_core_001,0dee0f0f7308645afdce98d058add79ab68e6a740cb30d69c62d9162834eb4f6,补充表从固定外预测计算；保留原packet与source_run，未重拟合。 补充派生来源=metrics_001
N3,N3__,R_SIM,P_bal,H,mlp32,raw,J_bits,0.224364544563882,0.18175578000634385,0.2548112549280195,60.0,,24527.0,,bits/trial,macro candidate mean,fixed OOF candidate bootstrap; no refit,N3_core_001,0dee0f0f7308645afdce98d058add79ab68e6a740cb30d69c62d9162834eb4f6,补充表从固定外预测计算；保留原packet与source_run，未重拟合。 补充派生来源=metrics_001 P_bal二分类先验CE=1，J及区间仅精确代数变换；无新bootstrap/fit。
N3,N3__,R_SIM,P_bal,H,mlp32,raw,bacc,0.7491621215379928,0.7328881299524258,0.7617516106535697,60.0,,24527.0,,unitless,macro candidate mean,fixed OOF candidate bootstrap; no refit,N3_core_001,0dee0f0f7308645afdce98d058add79ab68e6a740cb30d69c62d9162834eb4f6,补充表从固定外预测计算；保留原packet与source_run，未重拟合。 补充派生来源=metrics_001
N3,N3__,R_SIM,P_bal,H,mlp32,raw,auroc,0.8258383053612082,0.8056938018194,0.8408656334624115,60.0,,24527.0,,unitless,macro candidate mean,fixed OOF candidate bootstrap; no refit,N3_core_001,0dee0f0f7308645afdce98d058add79ab68e6a740cb30d69c62d9162834eb4f6,补充表从固定外预测计算；保留原packet与source_run，未重拟合。 补充派生来源=metrics_001
N3,N3__,R_SIM,P_bal,H,mlp32,raw,brier_two_class_sum,0.3551088756605771,0.3405185387469013,0.3752048049935224,60.0,,24527.0,,unitless,macro candidate mean,fixed OOF candidate bootstrap; no refit,N3_core_001,0dee0f0f7308645afdce98d058add79ab68e6a740cb30d69c62d9162834eb4f6,补充表从固定外预测计算；保留原packet与source_run，未重拟合。 补充派生来源=metrics_001
N3,N3__,R_SIM,P_bal,H,mlp32,temperature,ce_bits,0.7634127077121525,0.71496520572871,0.8322095244977264,60.0,,24527.0,,bits/trial,macro candidate mean,fixed OOF candidate bootstrap; no refit,N3_core_001,0dee0f0f7308645afdce98d058add79ab68e6a740cb30d69c62d9162834eb4f6,补充表从固定外预测计算；保留原packet与source_run，未重拟合。 补充派生来源=metrics_001
N3,N3__,R_SIM,P_bal,H,mlp32,temperature,J_bits,0.23658729228784747,0.16779047550227355,0.28503479427128997,60.0,,24527.0,,bits/trial,macro candidate mean,fixed OOF candidate bootstrap; no refit,N3_core_001,0dee0f0f7308645afdce98d058add79ab68e6a740cb30d69c62d9162834eb4f6,补充表从固定外预测计算；保留原packet与source_run，未重拟合。 补充派生来源=metrics_001 P_bal二分类先验CE=1，J及区间仅精确代数变换；无新bootstrap/fit。
N3,N3__,R_SIM,P_bal,H,mlp32,temperature,bacc,0.7491621215379928,0.7328881299524258,0.7617516106535697,60.0,,24527.0,,unitless,macro candidate mean,fixed OOF candidate bootstrap; no refit,N3_core_001,0dee0f0f7308645afdce98d058add79ab68e6a740cb30d69c62d9162834eb4f6,补充表从固定外预测计算；保留原packet与source_run，未重拟合。 补充派生来源=metrics_001
N3,N3__,R_SIM,P_bal,H,mlp32,temperature,auroc,0.8258383053612082,0.8056938018194,0.8408656334624115,60.0,,24527.0,,unitless,macro candidate mean,fixed OOF candidate bootstrap; no refit,N3_core_001,0dee0f0f7308645afdce98d058add79ab68e6a740cb30d69c62d9162834eb4f6,补充表从固定外预测计算；保留原packet与source_run，未重拟合。 补充派生来源=metrics_001
N3,N3__,R_SIM,P_bal,H,mlp32,temperature,brier_two_class_sum,0.3456407574181927,0.3273292498199152,0.3706098356169083,60.0,,24527.0,,unitless,macro candidate mean,fixed OOF candidate bootstrap; no refit,N3_core_001,0dee0f0f7308645afdce98d058add79ab68e6a740cb30d69c62d9162834eb4f6,补充表从固定外预测计算；保留原packet与source_run，未重拟合。 补充派生来源=metrics_001
N3,N3__,R_SIM,P_bal,HB,mlp32,mixture_diagnostic,ce_bits,0.98071550424745,0.9771154003941536,0.9852758942277372,60.0,,24527.0,,bits/trial,macro candidate mean,fixed OOF candidate bootstrap; no refit,N3_core_001,0dee0f0f7308645afdce98d058add79ab68e6a740cb30d69c62d9162834eb4f6,补充表从固定外预测计算；保留原packet与source_run，未重拟合。 补充派生来源=metrics_001
N3,N3__,R_SIM,P_bal,HB,mlp32,mixture_diagnostic,J_bits,0.01928449575254998,0.014724105772262797,0.022884599605846434,60.0,,24527.0,,bits/trial,macro candidate mean,fixed OOF candidate bootstrap; no refit,N3_core_001,0dee0f0f7308645afdce98d058add79ab68e6a740cb30d69c62d9162834eb4f6,补充表从固定外预测计算；保留原packet与source_run，未重拟合。 补充派生来源=metrics_001 P_bal二分类先验CE=1，J及区间仅精确代数变换；无新bootstrap/fit。
N3,N3__,R_SIM,P_bal,HB,mlp32,mixture_diagnostic,bacc,0.5781743815125856,0.5717113890937201,0.5845016182965214,60.0,,24527.0,,unitless,macro candidate mean,fixed OOF candidate bootstrap; no refit,N3_core_001,0dee0f0f7308645afdce98d058add79ab68e6a740cb30d69c62d9162834eb4f6,补充表从固定外预测计算；保留原packet与source_run，未重拟合。 补充派生来源=metrics_001
N3,N3__,R_SIM,P_bal,HB,mlp32,mixture_diagnostic,auroc,0.6040723262156711,0.5954491376606683,0.611991578041887,60.0,,24527.0,,unitless,macro candidate mean,fixed OOF candidate bootstrap; no refit,N3_core_001,0dee0f0f7308645afdce98d058add79ab68e6a740cb30d69c62d9162834eb4f6,补充表从固定外预测计算；保留原packet与source_run，未重拟合。 补充派生来源=metrics_001
N3,N3__,R_SIM,P_bal,HB,mlp32,mixture_diagnostic,brier_two_class_sum,0.4866595695039102,0.4842751829520968,0.4896384512072057,60.0,,24527.0,,unitless,macro candidate mean,fixed OOF candidate bootstrap; no refit,N3_core_001,0dee0f0f7308645afdce98d058add79ab68e6a740cb30d69c62d9162834eb4f6,补充表从固定外预测计算；保留原packet与source_run，未重拟合。 补充派生来源=metrics_001
N3,N3__,R_SIM,P_bal,HB,mlp32,raw,ce_bits,1.0926259947140022,1.0679600913517342,1.1258858239305047,60.0,,24527.0,,bits/trial,macro candidate mean,fixed OOF candidate bootstrap; no refit,N3_core_001,0dee0f0f7308645afdce98d058add79ab68e6a740cb30d69c62d9162834eb4f6,补充表从固定外预测计算；保留原packet与source_run，未重拟合。 补充派生来源=metrics_001
N3,N3__,R_SIM,P_bal,HB,mlp32,raw,J_bits,-0.09262599471400224,-0.12588582393050474,-0.0679600913517342,60.0,,24527.0,,bits/trial,macro candidate mean,fixed OOF candidate bootstrap; no refit,N3_core_001,0dee0f0f7308645afdce98d058add79ab68e6a740cb30d69c62d9162834eb4f6,补充表从固定外预测计算；保留原packet与source_run，未重拟合。 补充派生来源=metrics_001 P_bal二分类先验CE=1，J及区间仅精确代数变换；无新bootstrap/fit。
N3,N3__,R_SIM,P_bal,HB,mlp32,raw,bacc,0.5781743815125856,0.5717113890937201,0.5845016182965214,60.0,,24527.0,,unitless,macro candidate mean,fixed OOF candidate bootstrap; no refit,N3_core_001,0dee0f0f7308645afdce98d058add79ab68e6a740cb30d69c62d9162834eb4f6,补充表从固定外预测计算；保留原packet与source_run，未重拟合。 补充派生来源=metrics_001
N3,N3__,R_SIM,P_bal,HB,mlp32,raw,auroc,0.6040723262156711,0.5954491376606683,0.611991578041887,60.0,,24527.0,,unitless,macro candidate mean,fixed OOF candidate bootstrap; no refit,N3_core_001,0dee0f0f7308645afdce98d058add79ab68e6a740cb30d69c62d9162834eb4f6,补充表从固定外预测计算；保留原packet与source_run，未重拟合。 补充派生来源=metrics_001
N3,N3__,R_SIM,P_bal,HB,mlp32,raw,brier_two_class_sum,0.5320893007085323,0.5231569189055367,0.5429471878511807,60.0,,24527.0,,unitless,macro candidate mean,fixed OOF candidate bootstrap; no refit,N3_core_001,0dee0f0f7308645afdce98d058add79ab68e6a740cb30d69c62d9162834eb4f6,补充表从固定外预测计算；保留原packet与source_run，未重拟合。 补充派生来源=metrics_001
N3,N3__,R_SIM,P_bal,HB,mlp32,temperature,ce_bits,0.98071550424745,0.9771154003941536,0.9852758942277372,60.0,,24527.0,,bits/trial,macro candidate mean,fixed OOF candidate bootstrap; no refit,N3_core_001,0dee0f0f7308645afdce98d058add79ab68e6a740cb30d69c62d9162834eb4f6,补充表从固定外预测计算；保留原packet与source_run，未重拟合。 补充派生来源=metrics_001
N3,N3__,R_SIM,P_bal,HB,mlp32,temperature,J_bits,0.01928449575254998,0.014724105772262797,0.022884599605846434,60.0,,24527.0,,bits/trial,macro candidate mean,fixed OOF candidate bootstrap; no refit,N3_core_001,0dee0f0f7308645afdce98d058add79ab68e6a740cb30d69c62d9162834eb4f6,补充表从固定外预测计算；保留原packet与source_run，未重拟合。 补充派生来源=metrics_001 P_bal二分类先验CE=1，J及区间仅精确代数变换；无新bootstrap/fit。
N3,N3__,R_SIM,P_bal,HB,mlp32,temperature,bacc,0.5781743815125856,0.5717113890937201,0.5845016182965214,60.0,,24527.0,,unitless,macro candidate mean,fixed OOF candidate bootstrap; no refit,N3_core_001,0dee0f0f7308645afdce98d058add79ab68e6a740cb30d69c62d9162834eb4f6,补充表从固定外预测计算；保留原packet与source_run，未重拟合。 补充派生来源=metrics_001
N3,N3__,R_SIM,P_bal,HB,mlp32,temperature,auroc,0.6040723262156711,0.5954491376606683,0.611991578041887,60.0,,24527.0,,unitless,macro candidate mean,fixed OOF candidate bootstrap; no refit,N3_core_001,0dee0f0f7308645afdce98d058add79ab68e6a740cb30d69c62d9162834eb4f6,补充表从固定外预测计算；保留原packet与source_run，未重拟合。 补充派生来源=metrics_001
N3,N3__,R_SIM,P_bal,HB,mlp32,temperature,brier_two_class_sum,0.4866595695039102,0.4842751829520968,0.4896384512072057,60.0,,24527.0,,unitless,macro candidate mean,fixed OOF candidate bootstrap; no refit,N3_core_001,0dee0f0f7308645afdce98d058add79ab68e6a740cb30d69c62d9162834eb4f6,补充表从固定外预测计算；保留原packet与source_run，未重拟合。 补充派生来源=metrics_001
N3,N3__,R_SIM,P_bal,HBP,mlp32,mixture_diagnostic,ce_bits,0.9889090979802316,0.9866216387945071,0.9912627443054024,60.0,,24527.0,,bits/trial,macro candidate mean,fixed OOF candidate bootstrap; no refit,N3_core_001,0dee0f0f7308645afdce98d058add79ab68e6a740cb30d69c62d9162834eb4f6,补充表从固定外预测计算；保留原packet与source_run，未重拟合。 补充派生来源=metrics_001
N3,N3__,R_SIM,P_bal,HBP,mlp32,mixture_diagnostic,J_bits,0.011090902019768367,0.008737255694597601,0.01337836120549285,60.0,,24527.0,,bits/trial,macro candidate mean,fixed OOF candidate bootstrap; no refit,N3_core_001,0dee0f0f7308645afdce98d058add79ab68e6a740cb30d69c62d9162834eb4f6,补充表从固定外预测计算；保留原packet与source_run，未重拟合。 补充派生来源=metrics_001 P_bal二分类先验CE=1，J及区间仅精确代数变换；无新bootstrap/fit。
N3,N3__,R_SIM,P_bal,HBP,mlp32,mixture_diagnostic,bacc,0.5577720817141786,0.5505465222519733,0.5653407040901939,60.0,,24527.0,,unitless,macro candidate mean,fixed OOF candidate bootstrap; no refit,N3_core_001,0dee0f0f7308645afdce98d058add79ab68e6a740cb30d69c62d9162834eb4f6,补充表从固定外预测计算；保留原packet与source_run，未重拟合。 补充派生来源=metrics_001
N3,N3__,R_SIM,P_bal,HBP,mlp32,mixture_diagnostic,auroc,0.5794849106667798,0.5703352984712676,0.5886192154159872,60.0,,24527.0,,unitless,macro candidate mean,fixed OOF candidate bootstrap; no refit,N3_core_001,0dee0f0f7308645afdce98d058add79ab68e6a740cb30d69c62d9162834eb4f6,补充表从固定外预测计算；保留原packet与source_run，未重拟合。 补充派生来源=metrics_001
N3,N3__,R_SIM,P_bal,HBP,mlp32,mixture_diagnostic,brier_two_class_sum,0.4923395130694165,0.490763103570515,0.4939474628513445,60.0,,24527.0,,unitless,macro candidate mean,fixed OOF candidate bootstrap; no refit,N3_core_001,0dee0f0f7308645afdce98d058add79ab68e6a740cb30d69c62d9162834eb4f6,补充表从固定外预测计算；保留原packet与source_run，未重拟合。 补充派生来源=metrics_001
N3,N3__,R_SIM,P_bal,HBP,mlp32,raw,ce_bits,1.3459440773063414,1.311850941103806,1.3864277268052456,60.0,,24527.0,,bits/trial,macro candidate mean,fixed OOF candidate bootstrap; no refit,N3_core_001,0dee0f0f7308645afdce98d058add79ab68e6a740cb30d69c62d9162834eb4f6,补充表从固定外预测计算；保留原packet与source_run，未重拟合。 补充派生来源=metrics_001
N3,N3__,R_SIM,P_bal,HBP,mlp32,raw,J_bits,-0.34594407730634136,-0.3864277268052456,-0.31185094110380596,60.0,,24527.0,,bits/trial,macro candidate mean,fixed OOF candidate bootstrap; no refit,N3_core_001,0dee0f0f7308645afdce98d058add79ab68e6a740cb30d69c62d9162834eb4f6,补充表从固定外预测计算；保留原packet与source_run，未重拟合。 补充派生来源=metrics_001 P_bal二分类先验CE=1，J及区间仅精确代数变换；无新bootstrap/fit。
N3,N3__,R_SIM,P_bal,HBP,mlp32,raw,bacc,0.5577720817141786,0.5505465222519733,0.5653407040901939,60.0,,24527.0,,unitless,macro candidate mean,fixed OOF candidate bootstrap; no refit,N3_core_001,0dee0f0f7308645afdce98d058add79ab68e6a740cb30d69c62d9162834eb4f6,补充表从固定外预测计算；保留原packet与source_run，未重拟合。 补充派生来源=metrics_001
N3,N3__,R_SIM,P_bal,HBP,mlp32,raw,auroc,0.5794849106667798,0.5703352984712676,0.5886192154159872,60.0,,24527.0,,unitless,macro candidate mean,fixed OOF candidate bootstrap; no refit,N3_core_001,0dee0f0f7308645afdce98d058add79ab68e6a740cb30d69c62d9162834eb4f6,补充表从固定外预测计算；保留原packet与source_run，未重拟合。 补充派生来源=metrics_001
N3,N3__,R_SIM,P_bal,HBP,mlp32,raw,brier_two_class_sum,0.6116662137352697,0.6010942403295162,0.6230732161028645,60.0,,24527.0,,unitless,macro candidate mean,fixed OOF candidate bootstrap; no refit,N3_core_001,0dee0f0f7308645afdce98d058add79ab68e6a740cb30d69c62d9162834eb4f6,补充表从固定外预测计算；保留原packet与source_run，未重拟合。 补充派生来源=metrics_001
N3,N3__,R_SIM,P_bal,HBP,mlp32,temperature,ce_bits,0.9889090979802316,0.9866216387945071,0.9912627443054024,60.0,,24527.0,,bits/trial,macro candidate mean,fixed OOF candidate bootstrap; no refit,N3_core_001,0dee0f0f7308645afdce98d058add79ab68e6a740cb30d69c62d9162834eb4f6,补充表从固定外预测计算；保留原packet与source_run，未重拟合。 补充派生来源=metrics_001
N3,N3__,R_SIM,P_bal,HBP,mlp32,temperature,J_bits,0.011090902019768367,0.008737255694597601,0.01337836120549285,60.0,,24527.0,,bits/trial,macro candidate mean,fixed OOF candidate bootstrap; no refit,N3_core_001,0dee0f0f7308645afdce98d058add79ab68e6a740cb30d69c62d9162834eb4f6,补充表从固定外预测计算；保留原packet与source_run，未重拟合。 补充派生来源=metrics_001 P_bal二分类先验CE=1，J及区间仅精确代数变换；无新bootstrap/fit。
N3,N3__,R_SIM,P_bal,HBP,mlp32,temperature,bacc,0.5577720817141786,0.5505465222519733,0.5653407040901939,60.0,,24527.0,,unitless,macro candidate mean,fixed OOF candidate bootstrap; no refit,N3_core_001,0dee0f0f7308645afdce98d058add79ab68e6a740cb30d69c62d9162834eb4f6,补充表从固定外预测计算；保留原packet与source_run，未重拟合。 补充派生来源=metrics_001
N3,N3__,R_SIM,P_bal,HBP,mlp32,temperature,auroc,0.5794849106667798,0.5703352984712676,0.5886192154159872,60.0,,24527.0,,unitless,macro candidate mean,fixed OOF candidate bootstrap; no refit,N3_core_001,0dee0f0f7308645afdce98d058add79ab68e6a740cb30d69c62d9162834eb4f6,补充表从固定外预测计算；保留原packet与source_run，未重拟合。 补充派生来源=metrics_001
N3,N3__,R_SIM,P_bal,HBP,mlp32,temperature,brier_two_class_sum,0.4923395130694165,0.490763103570515,0.4939474628513445,60.0,,24527.0,,unitless,macro candidate mean,fixed OOF candidate bootstrap; no refit,N3_core_001,0dee0f0f7308645afdce98d058add79ab68e6a740cb30d69c62d9162834eb4f6,补充表从固定外预测计算；保留原packet与source_run，未重拟合。 补充派生来源=metrics_001
N3,N3__,R_SIM,P_bal,HP,mlp32,mixture_diagnostic,ce_bits,0.9807829425728888,0.9777140591873787,0.9843162962180092,60.0,,24527.0,,bits/trial,macro candidate mean,fixed OOF candidate bootstrap; no refit,N3_core_001,0dee0f0f7308645afdce98d058add79ab68e6a740cb30d69c62d9162834eb4f6,补充表从固定外预测计算；保留原packet与source_run，未重拟合。 补充派生来源=metrics_001
N3,N3__,R_SIM,P_bal,HP,mlp32,mixture_diagnostic,J_bits,0.019217057427111217,0.0156837037819908,0.022285940812621252,60.0,,24527.0,,bits/trial,macro candidate mean,fixed OOF candidate bootstrap; no refit,N3_core_001,0dee0f0f7308645afdce98d058add79ab68e6a740cb30d69c62d9162834eb4f6,补充表从固定外预测计算；保留原packet与source_run，未重拟合。 补充派生来源=metrics_001 P_bal二分类先验CE=1，J及区间仅精确代数变换；无新bootstrap/fit。
N3,N3__,R_SIM,P_bal,HP,mlp32,mixture_diagnostic,bacc,0.5723844671367665,0.5637278426898478,0.5816728193459823,60.0,,24527.0,,unitless,macro candidate mean,fixed OOF candidate bootstrap; no refit,N3_core_001,0dee0f0f7308645afdce98d058add79ab68e6a740cb30d69c62d9162834eb4f6,补充表从固定外预测计算；保留原packet与source_run，未重拟合。 补充派生来源=metrics_001
N3,N3__,R_SIM,P_bal,HP,mlp32,mixture_diagnostic,auroc,0.6003898875176323,0.5922211569855056,0.6084882574344065,60.0,,24527.0,,unitless,macro candidate mean,fixed OOF candidate bootstrap; no refit,N3_core_001,0dee0f0f7308645afdce98d058add79ab68e6a740cb30d69c62d9162834eb4f6,补充表从固定外预测计算；保留原packet与source_run，未重拟合。 补充派生来源=metrics_001
N3,N3__,R_SIM,P_bal,HP,mlp32,mixture_diagnostic,brier_two_class_sum,0.4867779616470135,0.4847006582782459,0.489139200736894,60.0,,24527.0,,unitless,macro candidate mean,fixed OOF candidate bootstrap; no refit,N3_core_001,0dee0f0f7308645afdce98d058add79ab68e6a740cb30d69c62d9162834eb4f6,补充表从固定外预测计算；保留原packet与source_run，未重拟合。 补充派生来源=metrics_001
N3,N3__,R_SIM,P_bal,HP,mlp32,raw,ce_bits,1.1070449274673442,1.0848494108200448,1.1345774219742908,60.0,,24527.0,,bits/trial,macro candidate mean,fixed OOF candidate bootstrap; no refit,N3_core_001,0dee0f0f7308645afdce98d058add79ab68e6a740cb30d69c62d9162834eb4f6,补充表从固定外预测计算；保留原packet与source_run，未重拟合。 补充派生来源=metrics_001
N3,N3__,R_SIM,P_bal,HP,mlp32,raw,J_bits,-0.10704492746734418,-0.1345774219742908,-0.08484941082004482,60.0,,24527.0,,bits/trial,macro candidate mean,fixed OOF candidate bootstrap; no refit,N3_core_001,0dee0f0f7308645afdce98d058add79ab68e6a740cb30d69c62d9162834eb4f6,补充表从固定外预测计算；保留原packet与source_run，未重拟合。 补充派生来源=metrics_001 P_bal二分类先验CE=1，J及区间仅精确代数变换；无新bootstrap/fit。
N3,N3__,R_SIM,P_bal,HP,mlp32,raw,bacc,0.5723844671367665,0.5637278426898478,0.5816728193459823,60.0,,24527.0,,unitless,macro candidate mean,fixed OOF candidate bootstrap; no refit,N3_core_001,0dee0f0f7308645afdce98d058add79ab68e6a740cb30d69c62d9162834eb4f6,补充表从固定外预测计算；保留原packet与source_run，未重拟合。 补充派生来源=metrics_001
N3,N3__,R_SIM,P_bal,HP,mlp32,raw,auroc,0.6003898875176323,0.5922211569855056,0.6084882574344065,60.0,,24527.0,,unitless,macro candidate mean,fixed OOF candidate bootstrap; no refit,N3_core_001,0dee0f0f7308645afdce98d058add79ab68e6a740cb30d69c62d9162834eb4f6,补充表从固定外预测计算；保留原packet与source_run，未重拟合。 补充派生来源=metrics_001
N3,N3__,R_SIM,P_bal,HP,mlp32,raw,brier_two_class_sum,0.5398337292379084,0.5305310427439264,0.5501047890538624,60.0,,24527.0,,unitless,macro candidate mean,fixed OOF candidate bootstrap; no refit,N3_core_001,0dee0f0f7308645afdce98d058add79ab68e6a740cb30d69c62d9162834eb4f6,补充表从固定外预测计算；保留原packet与source_run，未重拟合。 补充派生来源=metrics_001
N3,N3__,R_SIM,P_bal,HP,mlp32,temperature,ce_bits,0.9807829425728888,0.9777140591873787,0.9843162962180092,60.0,,24527.0,,bits/trial,macro candidate mean,fixed OOF candidate bootstrap; no refit,N3_core_001,0dee0f0f7308645afdce98d058add79ab68e6a740cb30d69c62d9162834eb4f6,补充表从固定外预测计算；保留原packet与source_run，未重拟合。 补充派生来源=metrics_001
N3,N3__,R_SIM,P_bal,HP,mlp32,temperature,J_bits,0.019217057427111217,0.0156837037819908,0.022285940812621252,60.0,,24527.0,,bits/trial,macro candidate mean,fixed OOF candidate bootstrap; no refit,N3_core_001,0dee0f0f7308645afdce98d058add79ab68e6a740cb30d69c62d9162834eb4f6,补充表从固定外预测计算；保留原packet与source_run，未重拟合。 补充派生来源=metrics_001 P_bal二分类先验CE=1，J及区间仅精确代数变换；无新bootstrap/fit。
N3,N3__,R_SIM,P_bal,HP,mlp32,temperature,bacc,0.5723844671367665,0.5637278426898478,0.5816728193459823,60.0,,24527.0,,unitless,macro candidate mean,fixed OOF candidate bootstrap; no refit,N3_core_001,0dee0f0f7308645afdce98d058add79ab68e6a740cb30d69c62d9162834eb4f6,补充表从固定外预测计算；保留原packet与source_run，未重拟合。 补充派生来源=metrics_001
N3,N3__,R_SIM,P_bal,HP,mlp32,temperature,auroc,0.6003898875176323,0.5922211569855056,0.6084882574344065,60.0,,24527.0,,unitless,macro candidate mean,fixed OOF candidate bootstrap; no refit,N3_core_001,0dee0f0f7308645afdce98d058add79ab68e6a740cb30d69c62d9162834eb4f6,补充表从固定外预测计算；保留原packet与source_run，未重拟合。 补充派生来源=metrics_001
N3,N3__,R_SIM,P_bal,HP,mlp32,temperature,brier_two_class_sum,0.4867779616470135,0.4847006582782459,0.489139200736894,60.0,,24527.0,,unitless,macro candidate mean,fixed OOF candidate bootstrap; no refit,N3_core_001,0dee0f0f7308645afdce98d058add79ab68e6a740cb30d69c62d9162834eb4f6,补充表从固定外预测计算；保留原packet与source_run，未重拟合。 补充派生来源=metrics_001
N3,N3__,R_SIM,P_bal,Hnoise,mlp32,mixture_diagnostic,ce_bits,0.9819504975739588,0.9791742573158436,0.985606820911018,60.0,,24527.0,,bits/trial,macro candidate mean,fixed OOF candidate bootstrap; no refit,N3_core_001,0dee0f0f7308645afdce98d058add79ab68e6a740cb30d69c62d9162834eb4f6,补充表从固定外预测计算；保留原packet与source_run，未重拟合。 补充派生来源=metrics_001
N3,N3__,R_SIM,P_bal,Hnoise,mlp32,mixture_diagnostic,J_bits,0.018049502426041197,0.014393179088981967,0.02082574268415638,60.0,,24527.0,,bits/trial,macro candidate mean,fixed OOF candidate bootstrap; no refit,N3_core_001,0dee0f0f7308645afdce98d058add79ab68e6a740cb30d69c62d9162834eb4f6,补充表从固定外预测计算；保留原packet与source_run，未重拟合。 补充派生来源=metrics_001 P_bal二分类先验CE=1，J及区间仅精确代数变换；无新bootstrap/fit。
N3,N3__,R_SIM,P_bal,Hnoise,mlp32,mixture_diagnostic,bacc,0.5723805597903717,0.5646191379670719,0.5802596557265891,60.0,,24527.0,,unitless,macro candidate mean,fixed OOF candidate bootstrap; no refit,N3_core_001,0dee0f0f7308645afdce98d058add79ab68e6a740cb30d69c62d9162834eb4f6,补充表从固定外预测计算；保留原packet与source_run，未重拟合。 补充派生来源=metrics_001
N3,N3__,R_SIM,P_bal,Hnoise,mlp32,mixture_diagnostic,auroc,0.5986694833856335,0.5904200005917212,0.6064646849631308,60.0,,24527.0,,unitless,macro candidate mean,fixed OOF candidate bootstrap; no refit,N3_core_001,0dee0f0f7308645afdce98d058add79ab68e6a740cb30d69c62d9162834eb4f6,补充表从固定外预测计算；保留原packet与source_run，未重拟合。 补充派生来源=metrics_001
N3,N3__,R_SIM,P_bal,Hnoise,mlp32,mixture_diagnostic,brier_two_class_sum,0.4875269890481042,0.4856745301305318,0.4899319666921848,60.0,,24527.0,,unitless,macro candidate mean,fixed OOF candidate bootstrap; no refit,N3_core_001,0dee0f0f7308645afdce98d058add79ab68e6a740cb30d69c62d9162834eb4f6,补充表从固定外预测计算；保留原packet与source_run，未重拟合。 补充派生来源=metrics_001
N3,N3__,R_SIM,P_bal,Hnoise,mlp32,raw,ce_bits,1.118772989621548,1.096611657265382,1.1498912706006597,60.0,,24527.0,,bits/trial,macro candidate mean,fixed OOF candidate bootstrap; no refit,N3_core_001,0dee0f0f7308645afdce98d058add79ab68e6a740cb30d69c62d9162834eb4f6,补充表从固定外预测计算；保留原packet与source_run，未重拟合。 补充派生来源=metrics_001
N3,N3__,R_SIM,P_bal,Hnoise,mlp32,raw,J_bits,-0.11877298962154792,-0.14989127060065965,-0.0966116572653819,60.0,,24527.0,,bits/trial,macro candidate mean,fixed OOF candidate bootstrap; no refit,N3_core_001,0dee0f0f7308645afdce98d058add79ab68e6a740cb30d69c62d9162834eb4f6,补充表从固定外预测计算；保留原packet与source_run，未重拟合。 补充派生来源=metrics_001 P_bal二分类先验CE=1，J及区间仅精确代数变换；无新bootstrap/fit。
N3,N3__,R_SIM,P_bal,Hnoise,mlp32,raw,bacc,0.5723805597903717,0.5646191379670719,0.5802596557265891,60.0,,24527.0,,unitless,macro candidate mean,fixed OOF candidate bootstrap; no refit,N3_core_001,0dee0f0f7308645afdce98d058add79ab68e6a740cb30d69c62d9162834eb4f6,补充表从固定外预测计算；保留原packet与source_run，未重拟合。 补充派生来源=metrics_001
N3,N3__,R_SIM,P_bal,Hnoise,mlp32,raw,auroc,0.5986694833856335,0.5904200005917212,0.6064646849631308,60.0,,24527.0,,unitless,macro candidate mean,fixed OOF candidate bootstrap; no refit,N3_core_001,0dee0f0f7308645afdce98d058add79ab68e6a740cb30d69c62d9162834eb4f6,补充表从固定外预测计算；保留原packet与source_run，未重拟合。 补充派生来源=metrics_001
N3,N3__,R_SIM,P_bal,Hnoise,mlp32,raw,brier_two_class_sum,0.5428536945386963,0.5348165495437504,0.5529550321452348,60.0,,24527.0,,unitless,macro candidate mean,fixed OOF candidate bootstrap; no refit,N3_core_001,0dee0f0f7308645afdce98d058add79ab68e6a740cb30d69c62d9162834eb4f6,补充表从固定外预测计算；保留原packet与source_run，未重拟合。 补充派生来源=metrics_001
N3,N3__,R_SIM,P_bal,Hnoise,mlp32,temperature,ce_bits,0.9819504975739588,0.9791742573158436,0.985606820911018,60.0,,24527.0,,bits/trial,macro candidate mean,fixed OOF candidate bootstrap; no refit,N3_core_001,0dee0f0f7308645afdce98d058add79ab68e6a740cb30d69c62d9162834eb4f6,补充表从固定外预测计算；保留原packet与source_run，未重拟合。 补充派生来源=metrics_001
N3,N3__,R_SIM,P_bal,Hnoise,mlp32,temperature,J_bits,0.018049502426041197,0.014393179088981967,0.02082574268415638,60.0,,24527.0,,bits/trial,macro candidate mean,fixed OOF candidate bootstrap; no refit,N3_core_001,0dee0f0f7308645afdce98d058add79ab68e6a740cb30d69c62d9162834eb4f6,补充表从固定外预测计算；保留原packet与source_run，未重拟合。 补充派生来源=metrics_001 P_bal二分类先验CE=1，J及区间仅精确代数变换；无新bootstrap/fit。
N3,N3__,R_SIM,P_bal,Hnoise,mlp32,temperature,bacc,0.5723805597903717,0.5646191379670719,0.5802596557265891,60.0,,24527.0,,unitless,macro candidate mean,fixed OOF candidate bootstrap; no refit,N3_core_001,0dee0f0f7308645afdce98d058add79ab68e6a740cb30d69c62d9162834eb4f6,补充表从固定外预测计算；保留原packet与source_run，未重拟合。 补充派生来源=metrics_001
N3,N3__,R_SIM,P_bal,Hnoise,mlp32,temperature,auroc,0.5986694833856335,0.5904200005917212,0.6064646849631308,60.0,,24527.0,,unitless,macro candidate mean,fixed OOF candidate bootstrap; no refit,N3_core_001,0dee0f0f7308645afdce98d058add79ab68e6a740cb30d69c62d9162834eb4f6,补充表从固定外预测计算；保留原packet与source_run，未重拟合。 补充派生来源=metrics_001
N3,N3__,R_SIM,P_bal,Hnoise,mlp32,temperature,brier_two_class_sum,0.4875269890481042,0.4856745301305318,0.4899319666921848,60.0,,24527.0,,unitless,macro candidate mean,fixed OOF candidate bootstrap; no refit,N3_core_001,0dee0f0f7308645afdce98d058add79ab68e6a740cb30d69c62d9162834eb4f6,补充表从固定外预测计算；保留原packet与source_run，未重拟合。 补充派生来源=metrics_001
N3,N3__,R_SIM,P_nat,H,logistic,mixture_diagnostic,ce_bits,0.8157495346233741,0.8055410528208818,0.8238556030168733,60.0,,24527.0,,bits/trial,macro candidate mean,fixed OOF candidate bootstrap; no refit,N3_core_001,0dee0f0f7308645afdce98d058add79ab68e6a740cb30d69c62d9162834eb4f6,补充表从固定外预测计算；保留原packet与source_run，未重拟合。 补充派生来源=metrics_001
N3,N3__,R_SIM,P_nat,H,logistic,mixture_diagnostic,bacc,0.5043256875553204,0.5035435325805954,0.5051683897578405,60.0,,24527.0,,unitless,macro candidate mean,fixed OOF candidate bootstrap; no refit,N3_core_001,0dee0f0f7308645afdce98d058add79ab68e6a740cb30d69c62d9162834eb4f6,补充表从固定外预测计算；保留原packet与source_run，未重拟合。 补充派生来源=metrics_001
N3,N3__,R_SIM,P_nat,H,logistic,mixture_diagnostic,auroc,0.6410927319099687,0.6329239641836066,0.6479619076544251,60.0,,24527.0,,unitless,macro candidate mean,fixed OOF candidate bootstrap; no refit,N3_core_001,0dee0f0f7308645afdce98d058add79ab68e6a740cb30d69c62d9162834eb4f6,补充表从固定外预测计算；保留原packet与source_run，未重拟合。 补充派生来源=metrics_001
N3,N3__,R_SIM,P_nat,H,logistic,mixture_diagnostic,brier_two_class_sum,0.3802119290128817,0.3738108474437668,0.3853608891129185,60.0,,24527.0,,unitless,macro candidate mean,fixed OOF candidate bootstrap; no refit,N3_core_001,0dee0f0f7308645afdce98d058add79ab68e6a740cb30d69c62d9162834eb4f6,补充表从固定外预测计算；保留原packet与source_run，未重拟合。 补充派生来源=metrics_001
N3,N3__,R_SIM,P_nat,H,logistic,raw,ce_bits,0.8158898205434751,0.8058238391485024,0.8238982632423087,60.0,,24527.0,,bits/trial,macro candidate mean,fixed OOF candidate bootstrap; no refit,N3_core_001,0dee0f0f7308645afdce98d058add79ab68e6a740cb30d69c62d9162834eb4f6,补充表从固定外预测计算；保留原packet与source_run，未重拟合。 补充派生来源=metrics_001
N3,N3__,R_SIM,P_nat,H,logistic,raw,bacc,0.5043256875553204,0.5035435325805954,0.5051683897578405,60.0,,24527.0,,unitless,macro candidate mean,fixed OOF candidate bootstrap; no refit,N3_core_001,0dee0f0f7308645afdce98d058add79ab68e6a740cb30d69c62d9162834eb4f6,补充表从固定外预测计算；保留原packet与source_run，未重拟合。 补充派生来源=metrics_001
N3,N3__,R_SIM,P_nat,H,logistic,raw,auroc,0.6410927319099687,0.6329239641836066,0.6479619076544251,60.0,,24527.0,,unitless,macro candidate mean,fixed OOF candidate bootstrap; no refit,N3_core_001,0dee0f0f7308645afdce98d058add79ab68e6a740cb30d69c62d9162834eb4f6,补充表从固定外预测计算；保留原packet与source_run，未重拟合。 补充派生来源=metrics_001
N3,N3__,R_SIM,P_nat,H,logistic,raw,brier_two_class_sum,0.3802930752480934,0.3739816960912381,0.3853640688525508,60.0,,24527.0,,unitless,macro candidate mean,fixed OOF candidate bootstrap; no refit,N3_core_001,0dee0f0f7308645afdce98d058add79ab68e6a740cb30d69c62d9162834eb4f6,补充表从固定外预测计算；保留原packet与source_run，未重拟合。 补充派生来源=metrics_001
N3,N3__,R_SIM,P_nat,H,logistic,temperature,ce_bits,0.8157495346233741,0.8055410528208818,0.8238556030168733,60.0,,24527.0,,bits/trial,macro candidate mean,fixed OOF candidate bootstrap; no refit,N3_core_001,0dee0f0f7308645afdce98d058add79ab68e6a740cb30d69c62d9162834eb4f6,补充表从固定外预测计算；保留原packet与source_run，未重拟合。 补充派生来源=metrics_001
N3,N3__,R_SIM,P_nat,H,logistic,temperature,bacc,0.5043256875553204,0.5035435325805954,0.5051683897578405,60.0,,24527.0,,unitless,macro candidate mean,fixed OOF candidate bootstrap; no refit,N3_core_001,0dee0f0f7308645afdce98d058add79ab68e6a740cb30d69c62d9162834eb4f6,补充表从固定外预测计算；保留原packet与source_run，未重拟合。 补充派生来源=metrics_001
N3,N3__,R_SIM,P_nat,H,logistic,temperature,auroc,0.6410927319099687,0.6329239641836066,0.6479619076544251,60.0,,24527.0,,unitless,macro candidate mean,fixed OOF candidate bootstrap; no refit,N3_core_001,0dee0f0f7308645afdce98d058add79ab68e6a740cb30d69c62d9162834eb4f6,补充表从固定外预测计算；保留原packet与source_run，未重拟合。 补充派生来源=metrics_001
N3,N3__,R_SIM,P_nat,H,logistic,temperature,brier_two_class_sum,0.3802119290128817,0.3738108474437668,0.3853608891129185,60.0,,24527.0,,unitless,macro candidate mean,fixed OOF candidate bootstrap; no refit,N3_core_001,0dee0f0f7308645afdce98d058add79ab68e6a740cb30d69c62d9162834eb4f6,补充表从固定外预测计算；保留原packet与source_run，未重拟合。 补充派生来源=metrics_001
N3,N3__,R_SIM,P_nat,HB,logistic,mixture_diagnostic,ce_bits,0.8183336119028356,0.8080351298861365,0.8264922818166528,60.0,,24527.0,,bits/trial,macro candidate mean,fixed OOF candidate bootstrap; no refit,N3_core_001,0dee0f0f7308645afdce98d058add79ab68e6a740cb30d69c62d9162834eb4f6,补充表从固定外预测计算；保留原packet与source_run，未重拟合。 补充派生来源=metrics_001
N3,N3__,R_SIM,P_nat,HB,logistic,mixture_diagnostic,bacc,0.5062037016427512,0.504515825835739,0.5080331812623596,60.0,,24527.0,,unitless,macro candidate mean,fixed OOF candidate bootstrap; no refit,N3_core_001,0dee0f0f7308645afdce98d058add79ab68e6a740cb30d69c62d9162834eb4f6,补充表从固定外预测计算；保留原packet与source_run，未重拟合。 补充派生来源=metrics_001
N3,N3__,R_SIM,P_nat,HB,logistic,mixture_diagnostic,auroc,0.6359292347131463,0.628187116734381,0.642784010110689,60.0,,24527.0,,unitless,macro candidate mean,fixed OOF candidate bootstrap; no refit,N3_core_001,0dee0f0f7308645afdce98d058add79ab68e6a740cb30d69c62d9162834eb4f6,补充表从固定外预测计算；保留原packet与source_run，未重拟合。 补充派生来源=metrics_001
N3,N3__,R_SIM,P_nat,HB,logistic,mixture_diagnostic,brier_two_class_sum,0.3815816888122915,0.3751212311602911,0.3867539876896959,60.0,,24527.0,,unitless,macro candidate mean,fixed OOF candidate bootstrap; no refit,N3_core_001,0dee0f0f7308645afdce98d058add79ab68e6a740cb30d69c62d9162834eb4f6,补充表从固定外预测计算；保留原packet与source_run，未重拟合。 补充派生来源=metrics_001
N3,N3__,R_SIM,P_nat,HB,logistic,raw,ce_bits,0.8183997743555713,0.8081838347431647,0.8265220813981482,60.0,,24527.0,,bits/trial,macro candidate mean,fixed OOF candidate bootstrap; no refit,N3_core_001,0dee0f0f7308645afdce98d058add79ab68e6a740cb30d69c62d9162834eb4f6,补充表从固定外预测计算；保留原packet与source_run，未重拟合。 补充派生来源=metrics_001
N3,N3__,R_SIM,P_nat,HB,logistic,raw,bacc,0.5062037016427512,0.504515825835739,0.5080331812623596,60.0,,24527.0,,unitless,macro candidate mean,fixed OOF candidate bootstrap; no refit,N3_core_001,0dee0f0f7308645afdce98d058add79ab68e6a740cb30d69c62d9162834eb4f6,补充表从固定外预测计算；保留原packet与source_run，未重拟合。 补充派生来源=metrics_001
N3,N3__,R_SIM,P_nat,HB,logistic,raw,auroc,0.6359292347131463,0.628187116734381,0.642784010110689,60.0,,24527.0,,unitless,macro candidate mean,fixed OOF candidate bootstrap; no refit,N3_core_001,0dee0f0f7308645afdce98d058add79ab68e6a740cb30d69c62d9162834eb4f6,补充表从固定外预测计算；保留原packet与source_run，未重拟合。 补充派生来源=metrics_001
N3,N3__,R_SIM,P_nat,HB,logistic,raw,brier_two_class_sum,0.3816208602433282,0.3751632700292776,0.3867672547845187,60.0,,24527.0,,unitless,macro candidate mean,fixed OOF candidate bootstrap; no refit,N3_core_001,0dee0f0f7308645afdce98d058add79ab68e6a740cb30d69c62d9162834eb4f6,补充表从固定外预测计算；保留原packet与source_run，未重拟合。 补充派生来源=metrics_001
N3,N3__,R_SIM,P_nat,HB,logistic,temperature,ce_bits,0.8183336119028356,0.8080351298861365,0.8264922818166528,60.0,,24527.0,,bits/trial,macro candidate mean,fixed OOF candidate bootstrap; no refit,N3_core_001,0dee0f0f7308645afdce98d058add79ab68e6a740cb30d69c62d9162834eb4f6,补充表从固定外预测计算；保留原packet与source_run，未重拟合。 补充派生来源=metrics_001
N3,N3__,R_SIM,P_nat,HB,logistic,temperature,bacc,0.5062037016427512,0.504515825835739,0.5080331812623596,60.0,,24527.0,,unitless,macro candidate mean,fixed OOF candidate bootstrap; no refit,N3_core_001,0dee0f0f7308645afdce98d058add79ab68e6a740cb30d69c62d9162834eb4f6,补充表从固定外预测计算；保留原packet与source_run，未重拟合。 补充派生来源=metrics_001
N3,N3__,R_SIM,P_nat,HB,logistic,temperature,auroc,0.6359292347131463,0.628187116734381,0.642784010110689,60.0,,24527.0,,unitless,macro candidate mean,fixed OOF candidate bootstrap; no refit,N3_core_001,0dee0f0f7308645afdce98d058add79ab68e6a740cb30d69c62d9162834eb4f6,补充表从固定外预测计算；保留原packet与source_run，未重拟合。 补充派生来源=metrics_001
N3,N3__,R_SIM,P_nat,HB,logistic,temperature,brier_two_class_sum,0.3815816888122915,0.3751212311602911,0.3867539876896959,60.0,,24527.0,,unitless,macro candidate mean,fixed OOF candidate bootstrap; no refit,N3_core_001,0dee0f0f7308645afdce98d058add79ab68e6a740cb30d69c62d9162834eb4f6,补充表从固定外预测计算；保留原packet与source_run，未重拟合。 补充派生来源=metrics_001
N3,N3__,R_SIM,P_nat,HBP,logistic,mixture_diagnostic,ce_bits,0.8182332116645135,0.8082223110500023,0.8267001705724492,60.0,,24527.0,,bits/trial,macro candidate mean,fixed OOF candidate bootstrap; no refit,N3_core_001,0dee0f0f7308645afdce98d058add79ab68e6a740cb30d69c62d9162834eb4f6,补充表从固定外预测计算；保留原packet与source_run，未重拟合。 补充派生来源=metrics_001
N3,N3__,R_SIM,P_nat,HBP,logistic,mixture_diagnostic,bacc,0.5143077076225571,0.5114526612561212,0.5171656891130265,60.0,,24527.0,,unitless,macro candidate mean,fixed OOF candidate bootstrap; no refit,N3_core_001,0dee0f0f7308645afdce98d058add79ab68e6a740cb30d69c62d9162834eb4f6,补充表从固定外预测计算；保留原packet与source_run，未重拟合。 补充派生来源=metrics_001
N3,N3__,R_SIM,P_nat,HBP,logistic,mixture_diagnostic,auroc,0.6352050052558923,0.6272613844250999,0.6425239757239553,60.0,,24527.0,,unitless,macro candidate mean,fixed OOF candidate bootstrap; no refit,N3_core_001,0dee0f0f7308645afdce98d058add79ab68e6a740cb30d69c62d9162834eb4f6,补充表从固定外预测计算；保留原packet与source_run，未重拟合。 补充派生来源=metrics_001
N3,N3__,R_SIM,P_nat,HBP,logistic,mixture_diagnostic,brier_two_class_sum,0.3814867711728894,0.375201982132388,0.3867319199257065,60.0,,24527.0,,unitless,macro candidate mean,fixed OOF candidate bootstrap; no refit,N3_core_001,0dee0f0f7308645afdce98d058add79ab68e6a740cb30d69c62d9162834eb4f6,补充表从固定外预测计算；保留原packet与source_run，未重拟合。 补充派生来源=metrics_001
N3,N3__,R_SIM,P_nat,HBP,logistic,raw,ce_bits,0.8182957583078143,0.8082494864936349,0.8267914365537026,60.0,,24527.0,,bits/trial,macro candidate mean,fixed OOF candidate bootstrap; no refit,N3_core_001,0dee0f0f7308645afdce98d058add79ab68e6a740cb30d69c62d9162834eb4f6,补充表从固定外预测计算；保留原packet与source_run，未重拟合。 补充派生来源=metrics_001
N3,N3__,R_SIM,P_nat,HBP,logistic,raw,bacc,0.5143077076225571,0.5114526612561212,0.5171656891130265,60.0,,24527.0,,unitless,macro candidate mean,fixed OOF candidate bootstrap; no refit,N3_core_001,0dee0f0f7308645afdce98d058add79ab68e6a740cb30d69c62d9162834eb4f6,补充表从固定外预测计算；保留原packet与source_run，未重拟合。 补充派生来源=metrics_001
N3,N3__,R_SIM,P_nat,HBP,logistic,raw,auroc,0.6352050052558923,0.6272613844250999,0.6425239757239553,60.0,,24527.0,,unitless,macro candidate mean,fixed OOF candidate bootstrap; no refit,N3_core_001,0dee0f0f7308645afdce98d058add79ab68e6a740cb30d69c62d9162834eb4f6,补充表从固定外预测计算；保留原packet与source_run，未重拟合。 补充派生来源=metrics_001
N3,N3__,R_SIM,P_nat,HBP,logistic,raw,brier_two_class_sum,0.3814944422746145,0.3751830310821455,0.3867679459687808,60.0,,24527.0,,unitless,macro candidate mean,fixed OOF candidate bootstrap; no refit,N3_core_001,0dee0f0f7308645afdce98d058add79ab68e6a740cb30d69c62d9162834eb4f6,补充表从固定外预测计算；保留原packet与source_run，未重拟合。 补充派生来源=metrics_001
N3,N3__,R_SIM,P_nat,HBP,logistic,temperature,ce_bits,0.8182332116645135,0.8082223110500023,0.8267001705724492,60.0,,24527.0,,bits/trial,macro candidate mean,fixed OOF candidate bootstrap; no refit,N3_core_001,0dee0f0f7308645afdce98d058add79ab68e6a740cb30d69c62d9162834eb4f6,补充表从固定外预测计算；保留原packet与source_run，未重拟合。 补充派生来源=metrics_001
N3,N3__,R_SIM,P_nat,HBP,logistic,temperature,bacc,0.5143077076225571,0.5114526612561212,0.5171656891130265,60.0,,24527.0,,unitless,macro candidate mean,fixed OOF candidate bootstrap; no refit,N3_core_001,0dee0f0f7308645afdce98d058add79ab68e6a740cb30d69c62d9162834eb4f6,补充表从固定外预测计算；保留原packet与source_run，未重拟合。 补充派生来源=metrics_001
N3,N3__,R_SIM,P_nat,HBP,logistic,temperature,auroc,0.6352050052558923,0.6272613844250999,0.6425239757239553,60.0,,24527.0,,unitless,macro candidate mean,fixed OOF candidate bootstrap; no refit,N3_core_001,0dee0f0f7308645afdce98d058add79ab68e6a740cb30d69c62d9162834eb4f6,补充表从固定外预测计算；保留原packet与source_run，未重拟合。 补充派生来源=metrics_001
N3,N3__,R_SIM,P_nat,HBP,logistic,temperature,brier_two_class_sum,0.3814867711728894,0.375201982132388,0.3867319199257065,60.0,,24527.0,,unitless,macro candidate mean,fixed OOF candidate bootstrap; no refit,N3_core_001,0dee0f0f7308645afdce98d058add79ab68e6a740cb30d69c62d9162834eb4f6,补充表从固定外预测计算；保留原packet与source_run，未重拟合。 补充派生来源=metrics_001
N3,N3__,R_SIM,P_nat,HP,logistic,mixture_diagnostic,ce_bits,0.8159380310265735,0.806076968120524,0.8241352544084134,60.0,,24527.0,,bits/trial,macro candidate mean,fixed OOF candidate bootstrap; no refit,N3_core_001,0dee0f0f7308645afdce98d058add79ab68e6a740cb30d69c62d9162834eb4f6,补充表从固定外预测计算；保留原packet与source_run，未重拟合。 补充派生来源=metrics_001
N3,N3__,R_SIM,P_nat,HP,logistic,mixture_diagnostic,bacc,0.5107464232627433,0.5081261552350594,0.5132997869756438,60.0,,24527.0,,unitless,macro candidate mean,fixed OOF candidate bootstrap; no refit,N3_core_001,0dee0f0f7308645afdce98d058add79ab68e6a740cb30d69c62d9162834eb4f6,补充表从固定外预测计算；保留原packet与source_run，未重拟合。 补充派生来源=metrics_001
N3,N3__,R_SIM,P_nat,HP,logistic,mixture_diagnostic,auroc,0.6395578351889494,0.6312377248748939,0.6470939986751552,60.0,,24527.0,,unitless,macro candidate mean,fixed OOF candidate bootstrap; no refit,N3_core_001,0dee0f0f7308645afdce98d058add79ab68e6a740cb30d69c62d9162834eb4f6,补充表从固定外预测计算；保留原packet与source_run，未重拟合。 补充派生来源=metrics_001
N3,N3__,R_SIM,P_nat,HP,logistic,mixture_diagnostic,brier_two_class_sum,0.3802649598396273,0.3740655511034028,0.3853654462090728,60.0,,24527.0,,unitless,macro candidate mean,fixed OOF candidate bootstrap; no refit,N3_core_001,0dee0f0f7308645afdce98d058add79ab68e6a740cb30d69c62d9162834eb4f6,补充表从固定外预测计算；保留原packet与source_run，未重拟合。 补充派生来源=metrics_001
N3,N3__,R_SIM,P_nat,HP,logistic,raw,ce_bits,0.8159947623972206,0.8061892486798199,0.8241335435468433,60.0,,24527.0,,bits/trial,macro candidate mean,fixed OOF candidate bootstrap; no refit,N3_core_001,0dee0f0f7308645afdce98d058add79ab68e6a740cb30d69c62d9162834eb4f6,补充表从固定外预测计算；保留原packet与source_run，未重拟合。 补充派生来源=metrics_001
N3,N3__,R_SIM,P_nat,HP,logistic,raw,bacc,0.5107464232627433,0.5081261552350594,0.5132997869756438,60.0,,24527.0,,unitless,macro candidate mean,fixed OOF candidate bootstrap; no refit,N3_core_001,0dee0f0f7308645afdce98d058add79ab68e6a740cb30d69c62d9162834eb4f6,补充表从固定外预测计算；保留原packet与source_run，未重拟合。 补充派生来源=metrics_001
N3,N3__,R_SIM,P_nat,HP,logistic,raw,auroc,0.6395578351889494,0.6312377248748939,0.6470939986751552,60.0,,24527.0,,unitless,macro candidate mean,fixed OOF candidate bootstrap; no refit,N3_core_001,0dee0f0f7308645afdce98d058add79ab68e6a740cb30d69c62d9162834eb4f6,补充表从固定外预测计算；保留原packet与source_run，未重拟合。 补充派生来源=metrics_001
N3,N3__,R_SIM,P_nat,HP,logistic,raw,brier_two_class_sum,0.380300321999496,0.3741272979359593,0.3853970448120253,60.0,,24527.0,,unitless,macro candidate mean,fixed OOF candidate bootstrap; no refit,N3_core_001,0dee0f0f7308645afdce98d058add79ab68e6a740cb30d69c62d9162834eb4f6,补充表从固定外预测计算；保留原packet与source_run，未重拟合。 补充派生来源=metrics_001
N3,N3__,R_SIM,P_nat,HP,logistic,temperature,ce_bits,0.8159380310265735,0.806076968120524,0.8241352544084134,60.0,,24527.0,,bits/trial,macro candidate mean,fixed OOF candidate bootstrap; no refit,N3_core_001,0dee0f0f7308645afdce98d058add79ab68e6a740cb30d69c62d9162834eb4f6,补充表从固定外预测计算；保留原packet与source_run，未重拟合。 补充派生来源=metrics_001
N3,N3__,R_SIM,P_nat,HP,logistic,temperature,bacc,0.5107464232627433,0.5081261552350594,0.5132997869756438,60.0,,24527.0,,unitless,macro candidate mean,fixed OOF candidate bootstrap; no refit,N3_core_001,0dee0f0f7308645afdce98d058add79ab68e6a740cb30d69c62d9162834eb4f6,补充表从固定外预测计算；保留原packet与source_run，未重拟合。 补充派生来源=metrics_001
N3,N3__,R_SIM,P_nat,HP,logistic,temperature,auroc,0.6395578351889494,0.6312377248748939,0.6470939986751552,60.0,,24527.0,,unitless,macro candidate mean,fixed OOF candidate bootstrap; no refit,N3_core_001,0dee0f0f7308645afdce98d058add79ab68e6a740cb30d69c62d9162834eb4f6,补充表从固定外预测计算；保留原packet与source_run，未重拟合。 补充派生来源=metrics_001
N3,N3__,R_SIM,P_nat,HP,logistic,temperature,brier_two_class_sum,0.3802649598396273,0.3740655511034028,0.3853654462090728,60.0,,24527.0,,unitless,macro candidate mean,fixed OOF candidate bootstrap; no refit,N3_core_001,0dee0f0f7308645afdce98d058add79ab68e6a740cb30d69c62d9162834eb4f6,补充表从固定外预测计算；保留原packet与source_run，未重拟合。 补充派生来源=metrics_001
N3,N3__,R_SIM,P_nat,Hnoise,logistic,mixture_diagnostic,ce_bits,0.8172166754254823,0.8070427389482789,0.8252415261734305,60.0,,24527.0,,bits/trial,macro candidate mean,fixed OOF candidate bootstrap; no refit,N3_core_001,0dee0f0f7308645afdce98d058add79ab68e6a740cb30d69c62d9162834eb4f6,补充表从固定外预测计算；保留原packet与source_run，未重拟合。 补充派生来源=metrics_001
N3,N3__,R_SIM,P_nat,Hnoise,logistic,mixture_diagnostic,bacc,0.506953962486104,0.5051253708857694,0.508781347752491,60.0,,24527.0,,unitless,macro candidate mean,fixed OOF candidate bootstrap; no refit,N3_core_001,0dee0f0f7308645afdce98d058add79ab68e6a740cb30d69c62d9162834eb4f6,补充表从固定外预测计算；保留原packet与source_run，未重拟合。 补充派生来源=metrics_001
N3,N3__,R_SIM,P_nat,Hnoise,logistic,mixture_diagnostic,auroc,0.6379484865310581,0.629201107395313,0.6455948347626259,60.0,,24527.0,,unitless,macro candidate mean,fixed OOF candidate bootstrap; no refit,N3_core_001,0dee0f0f7308645afdce98d058add79ab68e6a740cb30d69c62d9162834eb4f6,补充表从固定外预测计算；保留原packet与source_run，未重拟合。 补充派生来源=metrics_001
N3,N3__,R_SIM,P_nat,Hnoise,logistic,mixture_diagnostic,brier_two_class_sum,0.3811113354361344,0.3746690107254562,0.3861783321297901,60.0,,24527.0,,unitless,macro candidate mean,fixed OOF candidate bootstrap; no refit,N3_core_001,0dee0f0f7308645afdce98d058add79ab68e6a740cb30d69c62d9162834eb4f6,补充表从固定外预测计算；保留原packet与source_run，未重拟合。 补充派生来源=metrics_001
N3,N3__,R_SIM,P_nat,Hnoise,logistic,raw,ce_bits,0.8172584513841645,0.8071209466298839,0.8252583181189259,60.0,,24527.0,,bits/trial,macro candidate mean,fixed OOF candidate bootstrap; no refit,N3_core_001,0dee0f0f7308645afdce98d058add79ab68e6a740cb30d69c62d9162834eb4f6,补充表从固定外预测计算；保留原packet与source_run，未重拟合。 补充派生来源=metrics_001
N3,N3__,R_SIM,P_nat,Hnoise,logistic,raw,bacc,0.506953962486104,0.5051253708857694,0.508781347752491,60.0,,24527.0,,unitless,macro candidate mean,fixed OOF candidate bootstrap; no refit,N3_core_001,0dee0f0f7308645afdce98d058add79ab68e6a740cb30d69c62d9162834eb4f6,补充表从固定外预测计算；保留原packet与source_run，未重拟合。 补充派生来源=metrics_001
N3,N3__,R_SIM,P_nat,Hnoise,logistic,raw,auroc,0.6379484865310581,0.629201107395313,0.6455948347626259,60.0,,24527.0,,unitless,macro candidate mean,fixed OOF candidate bootstrap; no refit,N3_core_001,0dee0f0f7308645afdce98d058add79ab68e6a740cb30d69c62d9162834eb4f6,补充表从固定外预测计算；保留原packet与source_run，未重拟合。 补充派生来源=metrics_001
N3,N3__,R_SIM,P_nat,Hnoise,logistic,raw,brier_two_class_sum,0.3811352047651908,0.374708069641247,0.3861927368920239,60.0,,24527.0,,unitless,macro candidate mean,fixed OOF candidate bootstrap; no refit,N3_core_001,0dee0f0f7308645afdce98d058add79ab68e6a740cb30d69c62d9162834eb4f6,补充表从固定外预测计算；保留原packet与source_run，未重拟合。 补充派生来源=metrics_001
N3,N3__,R_SIM,P_nat,Hnoise,logistic,temperature,ce_bits,0.8172166754254823,0.8070427389482789,0.8252415261734305,60.0,,24527.0,,bits/trial,macro candidate mean,fixed OOF candidate bootstrap; no refit,N3_core_001,0dee0f0f7308645afdce98d058add79ab68e6a740cb30d69c62d9162834eb4f6,补充表从固定外预测计算；保留原packet与source_run，未重拟合。 补充派生来源=metrics_001
N3,N3__,R_SIM,P_nat,Hnoise,logistic,temperature,bacc,0.506953962486104,0.5051253708857694,0.508781347752491,60.0,,24527.0,,unitless,macro candidate mean,fixed OOF candidate bootstrap; no refit,N3_core_001,0dee0f0f7308645afdce98d058add79ab68e6a740cb30d69c62d9162834eb4f6,补充表从固定外预测计算；保留原packet与source_run，未重拟合。 补充派生来源=metrics_001
N3,N3__,R_SIM,P_nat,Hnoise,logistic,temperature,auroc,0.6379484865310581,0.629201107395313,0.6455948347626259,60.0,,24527.0,,unitless,macro candidate mean,fixed OOF candidate bootstrap; no refit,N3_core_001,0dee0f0f7308645afdce98d058add79ab68e6a740cb30d69c62d9162834eb4f6,补充表从固定外预测计算；保留原packet与source_run，未重拟合。 补充派生来源=metrics_001
N3,N3__,R_SIM,P_nat,Hnoise,logistic,temperature,brier_two_class_sum,0.3811113354361344,0.3746690107254562,0.3861783321297901,60.0,,24527.0,,unitless,macro candidate mean,fixed OOF candidate bootstrap; no refit,N3_core_001,0dee0f0f7308645afdce98d058add79ab68e6a740cb30d69c62d9162834eb4f6,补充表从固定外预测计算；保留原packet与source_run，未重拟合。 补充派生来源=metrics_001
N3,N3__,R_SIM,P_nat,H,mlp32,mixture_diagnostic,ce_bits,0.7653063722679035,0.7599001436075518,0.7703434872196671,60.0,,24527.0,,bits/trial,macro candidate mean,fixed OOF candidate bootstrap; no refit,N3_core_001,0dee0f0f7308645afdce98d058add79ab68e6a740cb30d69c62d9162834eb4f6,补充表从固定外预测计算；保留原packet与source_run，未重拟合。 补充派生来源=metrics_001
N3,N3__,R_SIM,P_nat,H,mlp32,mixture_diagnostic,bacc,0.5693354908829352,0.564810266098376,0.5737795187167852,60.0,,24527.0,,unitless,macro candidate mean,fixed OOF candidate bootstrap; no refit,N3_core_001,0dee0f0f7308645afdce98d058add79ab68e6a740cb30d69c62d9162834eb4f6,补充表从固定外预测计算；保留原packet与source_run，未重拟合。 补充派生来源=metrics_001
N3,N3__,R_SIM,P_nat,H,mlp32,mixture_diagnostic,auroc,0.7168086732669584,0.7017963465117483,0.7273480070277386,60.0,,24527.0,,unitless,macro candidate mean,fixed OOF candidate bootstrap; no refit,N3_core_001,0dee0f0f7308645afdce98d058add79ab68e6a740cb30d69c62d9162834eb4f6,补充表从固定外预测计算；保留原packet与source_run，未重拟合。 补充派生来源=metrics_001
N3,N3__,R_SIM,P_nat,H,mlp32,mixture_diagnostic,brier_two_class_sum,0.3523916203743112,0.3489432030381073,0.3556096454979507,60.0,,24527.0,,unitless,macro candidate mean,fixed OOF candidate bootstrap; no refit,N3_core_001,0dee0f0f7308645afdce98d058add79ab68e6a740cb30d69c62d9162834eb4f6,补充表从固定外预测计算；保留原packet与source_run，未重拟合。 补充派生来源=metrics_001
N3,N3__,R_SIM,P_nat,H,mlp32,raw,ce_bits,0.766183948622093,0.7612118880019464,0.7708938735142995,60.0,,24527.0,,bits/trial,macro candidate mean,fixed OOF candidate bootstrap; no refit,N3_core_001,0dee0f0f7308645afdce98d058add79ab68e6a740cb30d69c62d9162834eb4f6,补充表从固定外预测计算；保留原packet与source_run，未重拟合。 补充派生来源=metrics_001
N3,N3__,R_SIM,P_nat,H,mlp32,raw,bacc,0.5693354908829352,0.564810266098376,0.5737795187167852,60.0,,24527.0,,unitless,macro candidate mean,fixed OOF candidate bootstrap; no refit,N3_core_001,0dee0f0f7308645afdce98d058add79ab68e6a740cb30d69c62d9162834eb4f6,补充表从固定外预测计算；保留原packet与source_run，未重拟合。 补充派生来源=metrics_001
N3,N3__,R_SIM,P_nat,H,mlp32,raw,auroc,0.7168086732669584,0.7017963465117483,0.7273480070277386,60.0,,24527.0,,unitless,macro candidate mean,fixed OOF candidate bootstrap; no refit,N3_core_001,0dee0f0f7308645afdce98d058add79ab68e6a740cb30d69c62d9162834eb4f6,补充表从固定外预测计算；保留原packet与source_run，未重拟合。 补充派生来源=metrics_001
N3,N3__,R_SIM,P_nat,H,mlp32,raw,brier_two_class_sum,0.3526675719886784,0.3493503336274329,0.3557087166472738,60.0,,24527.0,,unitless,macro candidate mean,fixed OOF candidate bootstrap; no refit,N3_core_001,0dee0f0f7308645afdce98d058add79ab68e6a740cb30d69c62d9162834eb4f6,补充表从固定外预测计算；保留原packet与source_run，未重拟合。 补充派生来源=metrics_001
N3,N3__,R_SIM,P_nat,H,mlp32,temperature,ce_bits,0.7653063722679035,0.7599001436075518,0.7703434872196671,60.0,,24527.0,,bits/trial,macro candidate mean,fixed OOF candidate bootstrap; no refit,N3_core_001,0dee0f0f7308645afdce98d058add79ab68e6a740cb30d69c62d9162834eb4f6,补充表从固定外预测计算；保留原packet与source_run，未重拟合。 补充派生来源=metrics_001
N3,N3__,R_SIM,P_nat,H,mlp32,temperature,bacc,0.5693354908829352,0.564810266098376,0.5737795187167852,60.0,,24527.0,,unitless,macro candidate mean,fixed OOF candidate bootstrap; no refit,N3_core_001,0dee0f0f7308645afdce98d058add79ab68e6a740cb30d69c62d9162834eb4f6,补充表从固定外预测计算；保留原packet与source_run，未重拟合。 补充派生来源=metrics_001
N3,N3__,R_SIM,P_nat,H,mlp32,temperature,auroc,0.7168086732669584,0.7017963465117483,0.7273480070277386,60.0,,24527.0,,unitless,macro candidate mean,fixed OOF candidate bootstrap; no refit,N3_core_001,0dee0f0f7308645afdce98d058add79ab68e6a740cb30d69c62d9162834eb4f6,补充表从固定外预测计算；保留原packet与source_run，未重拟合。 补充派生来源=metrics_001
N3,N3__,R_SIM,P_nat,H,mlp32,temperature,brier_two_class_sum,0.3523916203743112,0.3489432030381073,0.3556096454979507,60.0,,24527.0,,unitless,macro candidate mean,fixed OOF candidate bootstrap; no refit,N3_core_001,0dee0f0f7308645afdce98d058add79ab68e6a740cb30d69c62d9162834eb4f6,补充表从固定外预测计算；保留原packet与source_run，未重拟合。 补充派生来源=metrics_001
N3,N3__,R_SIM,P_nat,HB,mlp32,mixture_diagnostic,ce_bits,0.8299921720148932,0.8223328278388042,0.8364780953902857,60.0,,24527.0,,bits/trial,macro candidate mean,fixed OOF candidate bootstrap; no refit,N3_core_001,0dee0f0f7308645afdce98d058add79ab68e6a740cb30d69c62d9162834eb4f6,补充表从固定外预测计算；保留原packet与source_run，未重拟合。 补充派生来源=metrics_001
N3,N3__,R_SIM,P_nat,HB,mlp32,mixture_diagnostic,bacc,0.5029075838078707,0.5018750552302774,0.5041089398921625,60.0,,24527.0,,unitless,macro candidate mean,fixed OOF candidate bootstrap; no refit,N3_core_001,0dee0f0f7308645afdce98d058add79ab68e6a740cb30d69c62d9162834eb4f6,补充表从固定外预测计算；保留原packet与source_run，未重拟合。 补充派生来源=metrics_001
N3,N3__,R_SIM,P_nat,HB,mlp32,mixture_diagnostic,auroc,0.6291630114115894,0.6186377620307575,0.6375816677175989,60.0,,24527.0,,unitless,macro candidate mean,fixed OOF candidate bootstrap; no refit,N3_core_001,0dee0f0f7308645afdce98d058add79ab68e6a740cb30d69c62d9162834eb4f6,补充表从固定外预测计算；保留原packet与source_run，未重拟合。 补充派生来源=metrics_001
N3,N3__,R_SIM,P_nat,HB,mlp32,mixture_diagnostic,brier_two_class_sum,0.3880961507333964,0.3831448647433867,0.3922654593160996,60.0,,24527.0,,unitless,macro candidate mean,fixed OOF candidate bootstrap; no refit,N3_core_001,0dee0f0f7308645afdce98d058add79ab68e6a740cb30d69c62d9162834eb4f6,补充表从固定外预测计算；保留原packet与source_run，未重拟合。 补充派生来源=metrics_001
N3,N3__,R_SIM,P_nat,HB,mlp32,raw,ce_bits,0.8458466673857605,0.8361083391008796,0.855608201322222,60.0,,24527.0,,bits/trial,macro candidate mean,fixed OOF candidate bootstrap; no refit,N3_core_001,0dee0f0f7308645afdce98d058add79ab68e6a740cb30d69c62d9162834eb4f6,补充表从固定外预测计算；保留原packet与source_run，未重拟合。 补充派生来源=metrics_001
N3,N3__,R_SIM,P_nat,HB,mlp32,raw,bacc,0.5578068138122673,0.5518515341392685,0.5642683784624685,60.0,,24527.0,,unitless,macro candidate mean,fixed OOF candidate bootstrap; no refit,N3_core_001,0dee0f0f7308645afdce98d058add79ab68e6a740cb30d69c62d9162834eb4f6,补充表从固定外预测计算；保留原packet与source_run，未重拟合。 补充派生来源=metrics_001
N3,N3__,R_SIM,P_nat,HB,mlp32,raw,auroc,0.6291630114115894,0.6186377620307575,0.6375816677175989,60.0,,24527.0,,unitless,macro candidate mean,fixed OOF candidate bootstrap; no refit,N3_core_001,0dee0f0f7308645afdce98d058add79ab68e6a740cb30d69c62d9162834eb4f6,补充表从固定外预测计算；保留原packet与source_run，未重拟合。 补充派生来源=metrics_001
N3,N3__,R_SIM,P_nat,HB,mlp32,raw,brier_two_class_sum,0.3931235390906137,0.3877208786755776,0.3982100710904748,60.0,,24527.0,,unitless,macro candidate mean,fixed OOF candidate bootstrap; no refit,N3_core_001,0dee0f0f7308645afdce98d058add79ab68e6a740cb30d69c62d9162834eb4f6,补充表从固定外预测计算；保留原packet与source_run，未重拟合。 补充派生来源=metrics_001
N3,N3__,R_SIM,P_nat,HB,mlp32,temperature,ce_bits,0.8378239151811048,0.8308311079399191,0.8445236911967503,60.0,,24527.0,,bits/trial,macro candidate mean,fixed OOF candidate bootstrap; no refit,N3_core_001,0dee0f0f7308645afdce98d058add79ab68e6a740cb30d69c62d9162834eb4f6,补充表从固定外预测计算；保留原packet与source_run，未重拟合。 补充派生来源=metrics_001
N3,N3__,R_SIM,P_nat,HB,mlp32,temperature,bacc,0.5578068138122673,0.5518515341392685,0.5642683784624685,60.0,,24527.0,,unitless,macro candidate mean,fixed OOF candidate bootstrap; no refit,N3_core_001,0dee0f0f7308645afdce98d058add79ab68e6a740cb30d69c62d9162834eb4f6,补充表从固定外预测计算；保留原packet与source_run，未重拟合。 补充派生来源=metrics_001
N3,N3__,R_SIM,P_nat,HB,mlp32,temperature,auroc,0.6291630114115894,0.6186377620307575,0.6375816677175989,60.0,,24527.0,,unitless,macro candidate mean,fixed OOF candidate bootstrap; no refit,N3_core_001,0dee0f0f7308645afdce98d058add79ab68e6a740cb30d69c62d9162834eb4f6,补充表从固定外预测计算；保留原packet与source_run，未重拟合。 补充派生来源=metrics_001
N3,N3__,R_SIM,P_nat,HB,mlp32,temperature,brier_two_class_sum,0.3933261136154825,0.3891031488271865,0.3973246138440929,60.0,,24527.0,,unitless,macro candidate mean,fixed OOF candidate bootstrap; no refit,N3_core_001,0dee0f0f7308645afdce98d058add79ab68e6a740cb30d69c62d9162834eb4f6,补充表从固定外预测计算；保留原packet与source_run，未重拟合。 补充派生来源=metrics_001
N3,N3__,R_SIM,P_nat,HBP,mlp32,mixture_diagnostic,ce_bits,0.8458112426907187,0.8374823741588427,0.8528568037544191,60.0,,24527.0,,bits/trial,macro candidate mean,fixed OOF candidate bootstrap; no refit,N3_core_001,0dee0f0f7308645afdce98d058add79ab68e6a740cb30d69c62d9162834eb4f6,补充表从固定外预测计算；保留原packet与source_run，未重拟合。 补充派生来源=metrics_001
N3,N3__,R_SIM,P_nat,HBP,mlp32,mixture_diagnostic,bacc,0.5,0.5,0.5,60.0,,24527.0,,unitless,macro candidate mean,fixed OOF candidate bootstrap; no refit,N3_core_001,0dee0f0f7308645afdce98d058add79ab68e6a740cb30d69c62d9162834eb4f6,补充表从固定外预测计算；保留原packet与source_run，未重拟合。 补充派生来源=metrics_001
N3,N3__,R_SIM,P_nat,HBP,mlp32,mixture_diagnostic,auroc,0.5976906580803002,0.5867300008261914,0.6081935914070008,60.0,,24527.0,,unitless,macro candidate mean,fixed OOF candidate bootstrap; no refit,N3_core_001,0dee0f0f7308645afdce98d058add79ab68e6a740cb30d69c62d9162834eb4f6,补充表从固定外预测计算；保留原packet与source_run，未重拟合。 补充派生来源=metrics_001
N3,N3__,R_SIM,P_nat,HBP,mlp32,mixture_diagnostic,brier_two_class_sum,0.3974404384517597,0.3919538146290782,0.4020469060864668,60.0,,24527.0,,unitless,macro candidate mean,fixed OOF candidate bootstrap; no refit,N3_core_001,0dee0f0f7308645afdce98d058add79ab68e6a740cb30d69c62d9162834eb4f6,补充表从固定外预测计算；保留原packet与source_run，未重拟合。 补充派生来源=metrics_001
N3,N3__,R_SIM,P_nat,HBP,mlp32,raw,ce_bits,0.975197460733936,0.9582242330766588,0.9908291238683744,60.0,,24527.0,,bits/trial,macro candidate mean,fixed OOF candidate bootstrap; no refit,N3_core_001,0dee0f0f7308645afdce98d058add79ab68e6a740cb30d69c62d9162834eb4f6,补充表从固定外预测计算；保留原packet与source_run，未重拟合。 补充派生来源=metrics_001
N3,N3__,R_SIM,P_nat,HBP,mlp32,raw,bacc,0.550752165913507,0.5441545312887309,0.557100526765441,60.0,,24527.0,,unitless,macro candidate mean,fixed OOF candidate bootstrap; no refit,N3_core_001,0dee0f0f7308645afdce98d058add79ab68e6a740cb30d69c62d9162834eb4f6,补充表从固定外预测计算；保留原packet与source_run，未重拟合。 补充派生来源=metrics_001
N3,N3__,R_SIM,P_nat,HBP,mlp32,raw,auroc,0.5976906580803002,0.5867300008261914,0.6081935914070008,60.0,,24527.0,,unitless,macro candidate mean,fixed OOF candidate bootstrap; no refit,N3_core_001,0dee0f0f7308645afdce98d058add79ab68e6a740cb30d69c62d9162834eb4f6,补充表从固定外预测计算；保留原packet与source_run，未重拟合。 补充派生来源=metrics_001
N3,N3__,R_SIM,P_nat,HBP,mlp32,raw,brier_two_class_sum,0.4453955550635402,0.4378791095576494,0.4524672005696811,60.0,,24527.0,,unitless,macro candidate mean,fixed OOF candidate bootstrap; no refit,N3_core_001,0dee0f0f7308645afdce98d058add79ab68e6a740cb30d69c62d9162834eb4f6,补充表从固定外预测计算；保留原packet与source_run，未重拟合。 补充派生来源=metrics_001
N3,N3__,R_SIM,P_nat,HBP,mlp32,temperature,ce_bits,0.8852904316463069,0.8790431525343563,0.8914296066435632,60.0,,24527.0,,bits/trial,macro candidate mean,fixed OOF candidate bootstrap; no refit,N3_core_001,0dee0f0f7308645afdce98d058add79ab68e6a740cb30d69c62d9162834eb4f6,补充表从固定外预测计算；保留原packet与source_run，未重拟合。 补充派生来源=metrics_001
N3,N3__,R_SIM,P_nat,HBP,mlp32,temperature,bacc,0.550752165913507,0.5441545312887309,0.557100526765441,60.0,,24527.0,,unitless,macro candidate mean,fixed OOF candidate bootstrap; no refit,N3_core_001,0dee0f0f7308645afdce98d058add79ab68e6a740cb30d69c62d9162834eb4f6,补充表从固定外预测计算；保留原packet与source_run，未重拟合。 补充派生来源=metrics_001
N3,N3__,R_SIM,P_nat,HBP,mlp32,temperature,auroc,0.5976906580803002,0.5867300008261914,0.6081935914070008,60.0,,24527.0,,unitless,macro candidate mean,fixed OOF candidate bootstrap; no refit,N3_core_001,0dee0f0f7308645afdce98d058add79ab68e6a740cb30d69c62d9162834eb4f6,补充表从固定外预测计算；保留原packet与source_run，未重拟合。 补充派生来源=metrics_001
N3,N3__,R_SIM,P_nat,HBP,mlp32,temperature,brier_two_class_sum,0.4237696629567222,0.4197386586427526,0.4276927729544704,60.0,,24527.0,,unitless,macro candidate mean,fixed OOF candidate bootstrap; no refit,N3_core_001,0dee0f0f7308645afdce98d058add79ab68e6a740cb30d69c62d9162834eb4f6,补充表从固定外预测计算；保留原packet与source_run，未重拟合。 补充派生来源=metrics_001
N3,N3__,R_SIM,P_nat,HP,mlp32,mixture_diagnostic,ce_bits,0.8319713280977157,0.8237704862666381,0.8388596700184611,60.0,,24527.0,,bits/trial,macro candidate mean,fixed OOF candidate bootstrap; no refit,N3_core_001,0dee0f0f7308645afdce98d058add79ab68e6a740cb30d69c62d9162834eb4f6,补充表从固定外预测计算；保留原packet与source_run，未重拟合。 补充派生来源=metrics_001
N3,N3__,R_SIM,P_nat,HP,mlp32,mixture_diagnostic,bacc,0.5029615016570981,0.5020399714877803,0.5038926437772963,60.0,,24527.0,,unitless,macro candidate mean,fixed OOF candidate bootstrap; no refit,N3_core_001,0dee0f0f7308645afdce98d058add79ab68e6a740cb30d69c62d9162834eb4f6,补充表从固定外预测计算；保留原packet与source_run，未重拟合。 补充派生来源=metrics_001
N3,N3__,R_SIM,P_nat,HP,mlp32,mixture_diagnostic,auroc,0.626658137941664,0.6172491333068066,0.635455590859374,60.0,,24527.0,,unitless,macro candidate mean,fixed OOF candidate bootstrap; no refit,N3_core_001,0dee0f0f7308645afdce98d058add79ab68e6a740cb30d69c62d9162834eb4f6,补充表从固定外预测计算；保留原packet与source_run，未重拟合。 补充派生来源=metrics_001
N3,N3__,R_SIM,P_nat,HP,mlp32,mixture_diagnostic,brier_two_class_sum,0.3893698534640016,0.3842331453834716,0.3937677198926447,60.0,,24527.0,,unitless,macro candidate mean,fixed OOF candidate bootstrap; no refit,N3_core_001,0dee0f0f7308645afdce98d058add79ab68e6a740cb30d69c62d9162834eb4f6,补充表从固定外预测计算；保留原packet与source_run，未重拟合。 补充派生来源=metrics_001
N3,N3__,R_SIM,P_nat,HP,mlp32,raw,ce_bits,0.8539868588077255,0.8425002567785618,0.8646574414594627,60.0,,24527.0,,bits/trial,macro candidate mean,fixed OOF candidate bootstrap; no refit,N3_core_001,0dee0f0f7308645afdce98d058add79ab68e6a740cb30d69c62d9162834eb4f6,补充表从固定外预测计算；保留原packet与source_run，未重拟合。 补充派生来源=metrics_001
N3,N3__,R_SIM,P_nat,HP,mlp32,raw,bacc,0.5561701900484363,0.5508409256701596,0.5616705419331429,60.0,,24527.0,,unitless,macro candidate mean,fixed OOF candidate bootstrap; no refit,N3_core_001,0dee0f0f7308645afdce98d058add79ab68e6a740cb30d69c62d9162834eb4f6,补充表从固定外预测计算；保留原packet与source_run，未重拟合。 补充派生来源=metrics_001
N3,N3__,R_SIM,P_nat,HP,mlp32,raw,auroc,0.626658137941664,0.6172491333068066,0.635455590859374,60.0,,24527.0,,unitless,macro candidate mean,fixed OOF candidate bootstrap; no refit,N3_core_001,0dee0f0f7308645afdce98d058add79ab68e6a740cb30d69c62d9162834eb4f6,补充表从固定外预测计算；保留原packet与source_run，未重拟合。 补充派生来源=metrics_001
N3,N3__,R_SIM,P_nat,HP,mlp32,raw,brier_two_class_sum,0.3983128521105536,0.392609177611104,0.4035081969301403,60.0,,24527.0,,unitless,macro candidate mean,fixed OOF candidate bootstrap; no refit,N3_core_001,0dee0f0f7308645afdce98d058add79ab68e6a740cb30d69c62d9162834eb4f6,补充表从固定外预测计算；保留原packet与source_run，未重拟合。 补充派生来源=metrics_001
N3,N3__,R_SIM,P_nat,HP,mlp32,temperature,ce_bits,0.8430879627434601,0.8350892088379308,0.8500970444588017,60.0,,24527.0,,bits/trial,macro candidate mean,fixed OOF candidate bootstrap; no refit,N3_core_001,0dee0f0f7308645afdce98d058add79ab68e6a740cb30d69c62d9162834eb4f6,补充表从固定外预测计算；保留原packet与source_run，未重拟合。 补充派生来源=metrics_001
N3,N3__,R_SIM,P_nat,HP,mlp32,temperature,bacc,0.5561701900484363,0.5508409256701596,0.5616705419331429,60.0,,24527.0,,unitless,macro candidate mean,fixed OOF candidate bootstrap; no refit,N3_core_001,0dee0f0f7308645afdce98d058add79ab68e6a740cb30d69c62d9162834eb4f6,补充表从固定外预测计算；保留原packet与source_run，未重拟合。 补充派生来源=metrics_001
N3,N3__,R_SIM,P_nat,HP,mlp32,temperature,auroc,0.626658137941664,0.6172491333068066,0.635455590859374,60.0,,24527.0,,unitless,macro candidate mean,fixed OOF candidate bootstrap; no refit,N3_core_001,0dee0f0f7308645afdce98d058add79ab68e6a740cb30d69c62d9162834eb4f6,补充表从固定外预测计算；保留原packet与source_run，未重拟合。 补充派生来源=metrics_001
N3,N3__,R_SIM,P_nat,HP,mlp32,temperature,brier_two_class_sum,0.3971633052611265,0.3924766678882315,0.4012871074594036,60.0,,24527.0,,unitless,macro candidate mean,fixed OOF candidate bootstrap; no refit,N3_core_001,0dee0f0f7308645afdce98d058add79ab68e6a740cb30d69c62d9162834eb4f6,补充表从固定外预测计算；保留原packet与source_run，未重拟合。 补充派生来源=metrics_001
N3,N3__,R_SIM,P_nat,Hnoise,mlp32,mixture_diagnostic,ce_bits,0.8381045278553444,0.8304051159447896,0.8445038919301747,60.0,,24527.0,,bits/trial,macro candidate mean,fixed OOF candidate bootstrap; no refit,N3_core_001,0dee0f0f7308645afdce98d058add79ab68e6a740cb30d69c62d9162834eb4f6,补充表从固定外预测计算；保留原packet与source_run，未重拟合。 补充派生来源=metrics_001
N3,N3__,R_SIM,P_nat,Hnoise,mlp32,mixture_diagnostic,bacc,0.5024100500959381,0.5013038471815384,0.503507919936182,60.0,,24527.0,,unitless,macro candidate mean,fixed OOF candidate bootstrap; no refit,N3_core_001,0dee0f0f7308645afdce98d058add79ab68e6a740cb30d69c62d9162834eb4f6,补充表从固定外预测计算；保留原packet与source_run，未重拟合。 补充派生来源=metrics_001
N3,N3__,R_SIM,P_nat,Hnoise,mlp32,mixture_diagnostic,auroc,0.6074648665465108,0.5988967819460087,0.6155872629111796,60.0,,24527.0,,unitless,macro candidate mean,fixed OOF candidate bootstrap; no refit,N3_core_001,0dee0f0f7308645afdce98d058add79ab68e6a740cb30d69c62d9162834eb4f6,补充表从固定外预测计算；保留原packet与source_run，未重拟合。 补充派生来源=metrics_001
N3,N3__,R_SIM,P_nat,Hnoise,mlp32,mixture_diagnostic,brier_two_class_sum,0.3929433510921756,0.3879967040355038,0.397073080418533,60.0,,24527.0,,unitless,macro candidate mean,fixed OOF candidate bootstrap; no refit,N3_core_001,0dee0f0f7308645afdce98d058add79ab68e6a740cb30d69c62d9162834eb4f6,补充表从固定外预测计算；保留原packet与source_run，未重拟合。 补充派生来源=metrics_001
N3,N3__,R_SIM,P_nat,Hnoise,mlp32,raw,ce_bits,0.8789268394588382,0.8694928781024724,0.8882345223086471,60.0,,24527.0,,bits/trial,macro candidate mean,fixed OOF candidate bootstrap; no refit,N3_core_001,0dee0f0f7308645afdce98d058add79ab68e6a740cb30d69c62d9162834eb4f6,补充表从固定外预测计算；保留原packet与source_run，未重拟合。 补充派生来源=metrics_001
N3,N3__,R_SIM,P_nat,Hnoise,mlp32,raw,bacc,0.5543989275499076,0.5470829126321971,0.561172023869432,60.0,,24527.0,,unitless,macro candidate mean,fixed OOF candidate bootstrap; no refit,N3_core_001,0dee0f0f7308645afdce98d058add79ab68e6a740cb30d69c62d9162834eb4f6,补充表从固定外预测计算；保留原packet与source_run，未重拟合。 补充派生来源=metrics_001
N3,N3__,R_SIM,P_nat,Hnoise,mlp32,raw,auroc,0.6074648665465108,0.5988967819460087,0.6155872629111796,60.0,,24527.0,,unitless,macro candidate mean,fixed OOF candidate bootstrap; no refit,N3_core_001,0dee0f0f7308645afdce98d058add79ab68e6a740cb30d69c62d9162834eb4f6,补充表从固定外预测计算；保留原packet与source_run，未重拟合。 补充派生来源=metrics_001
N3,N3__,R_SIM,P_nat,Hnoise,mlp32,raw,brier_two_class_sum,0.4090672133250744,0.4033062189802033,0.4144472757294095,60.0,,24527.0,,unitless,macro candidate mean,fixed OOF candidate bootstrap; no refit,N3_core_001,0dee0f0f7308645afdce98d058add79ab68e6a740cb30d69c62d9162834eb4f6,补充表从固定外预测计算；保留原packet与source_run，未重拟合。 补充派生来源=metrics_001
N3,N3__,R_SIM,P_nat,Hnoise,mlp32,temperature,ce_bits,0.8563722787669646,0.8505041517016553,0.8620271678477276,60.0,,24527.0,,bits/trial,macro candidate mean,fixed OOF candidate bootstrap; no refit,N3_core_001,0dee0f0f7308645afdce98d058add79ab68e6a740cb30d69c62d9162834eb4f6,补充表从固定外预测计算；保留原packet与source_run，未重拟合。 补充派生来源=metrics_001
N3,N3__,R_SIM,P_nat,Hnoise,mlp32,temperature,bacc,0.5543989275499076,0.5470829126321971,0.561172023869432,60.0,,24527.0,,unitless,macro candidate mean,fixed OOF candidate bootstrap; no refit,N3_core_001,0dee0f0f7308645afdce98d058add79ab68e6a740cb30d69c62d9162834eb4f6,补充表从固定外预测计算；保留原packet与source_run，未重拟合。 补充派生来源=metrics_001
N3,N3__,R_SIM,P_nat,Hnoise,mlp32,temperature,auroc,0.6074648665465108,0.5988967819460087,0.6155872629111796,60.0,,24527.0,,unitless,macro candidate mean,fixed OOF candidate bootstrap; no refit,N3_core_001,0dee0f0f7308645afdce98d058add79ab68e6a740cb30d69c62d9162834eb4f6,补充表从固定外预测计算；保留原packet与source_run，未重拟合。 补充派生来源=metrics_001
N3,N3__,R_SIM,P_nat,Hnoise,mlp32,temperature,brier_two_class_sum,0.4050081977711802,0.4010967384159089,0.4087630887475142,60.0,,24527.0,,unitless,macro candidate mean,fixed OOF candidate bootstrap; no refit,N3_core_001,0dee0f0f7308645afdce98d058add79ab68e6a740cb30d69c62d9162834eb4f6,补充表从固定外预测计算；保留原packet与source_run，未重拟合。 补充派生来源=metrics_001
N3,N3_selected__,L0,P_bal,H,training_OOF_selected,mixture_diagnostic,ce_bits,0.95716464373869,0.9518673719708886,0.96384898706531,60.0,,24527.0,,bits/trial,macro candidate mean,fixed OOF candidate bootstrap; no refit,N3_core_001,0dee0f0f7308645afdce98d058add79ab68e6a740cb30d69c62d9162834eb4f6,补充表从固定外预测计算；保留原packet与source_run，未重拟合。 补充派生来源=metrics_001
N3,N3_selected__,L0,P_bal,H,training_OOF_selected,mixture_diagnostic,J_bits,0.042835356261309965,0.03615101293469003,0.048132628029111446,60.0,,24527.0,,bits/trial,macro candidate mean,fixed OOF candidate bootstrap; no refit,N3_core_001,0dee0f0f7308645afdce98d058add79ab68e6a740cb30d69c62d9162834eb4f6,补充表从固定外预测计算；保留原packet与source_run，未重拟合。 补充派生来源=metrics_001 P_bal二分类先验CE=1，J及区间仅精确代数变换；无新bootstrap/fit。
N3,N3_selected__,L0,P_bal,H,training_OOF_selected,mixture_diagnostic,bacc,0.5868926844577007,0.5816213572740079,0.5916559740504514,60.0,,24527.0,,unitless,macro candidate mean,fixed OOF candidate bootstrap; no refit,N3_core_001,0dee0f0f7308645afdce98d058add79ab68e6a740cb30d69c62d9162834eb4f6,补充表从固定外预测计算；保留原packet与source_run，未重拟合。 补充派生来源=metrics_001
N3,N3_selected__,L0,P_bal,H,training_OOF_selected,mixture_diagnostic,auroc,0.6385973173385388,0.6308537816942578,0.6452542380497651,60.0,,24527.0,,unitless,macro candidate mean,fixed OOF candidate bootstrap; no refit,N3_core_001,0dee0f0f7308645afdce98d058add79ab68e6a740cb30d69c62d9162834eb4f6,补充表从固定外预测计算；保留原packet与source_run，未重拟合。 补充派生来源=metrics_001
N3,N3_selected__,L0,P_bal,H,training_OOF_selected,mixture_diagnostic,brier_two_class_sum,0.4709210377011607,0.46750971059822,0.4752006414291958,60.0,,24527.0,,unitless,macro candidate mean,fixed OOF candidate bootstrap; no refit,N3_core_001,0dee0f0f7308645afdce98d058add79ab68e6a740cb30d69c62d9162834eb4f6,补充表从固定外预测计算；保留原packet与source_run，未重拟合。 补充派生来源=metrics_001
N3,N3_selected__,L0,P_bal,H,training_OOF_selected,raw,ce_bits,0.9573769931056842,0.9527941505608154,0.9629502662274996,60.0,,24527.0,,bits/trial,macro candidate mean,fixed OOF candidate bootstrap; no refit,N3_core_001,0dee0f0f7308645afdce98d058add79ab68e6a740cb30d69c62d9162834eb4f6,补充表从固定外预测计算；保留原packet与source_run，未重拟合。 补充派生来源=metrics_001
N3,N3_selected__,L0,P_bal,H,training_OOF_selected,raw,J_bits,0.04262300689431575,0.037049733772500426,0.0472058494391846,60.0,,24527.0,,bits/trial,macro candidate mean,fixed OOF candidate bootstrap; no refit,N3_core_001,0dee0f0f7308645afdce98d058add79ab68e6a740cb30d69c62d9162834eb4f6,补充表从固定外预测计算；保留原packet与source_run，未重拟合。 补充派生来源=metrics_001 P_bal二分类先验CE=1，J及区间仅精确代数变换；无新bootstrap/fit。
N3,N3_selected__,L0,P_bal,H,training_OOF_selected,raw,bacc,0.5868926844577007,0.5816213572740079,0.5916559740504514,60.0,,24527.0,,unitless,macro candidate mean,fixed OOF candidate bootstrap; no refit,N3_core_001,0dee0f0f7308645afdce98d058add79ab68e6a740cb30d69c62d9162834eb4f6,补充表从固定外预测计算；保留原packet与source_run，未重拟合。 补充派生来源=metrics_001
N3,N3_selected__,L0,P_bal,H,training_OOF_selected,raw,auroc,0.6385973173385388,0.6308537816942578,0.6452542380497651,60.0,,24527.0,,unitless,macro candidate mean,fixed OOF candidate bootstrap; no refit,N3_core_001,0dee0f0f7308645afdce98d058add79ab68e6a740cb30d69c62d9162834eb4f6,补充表从固定外预测计算；保留原packet与source_run，未重拟合。 补充派生来源=metrics_001
N3,N3_selected__,L0,P_bal,H,training_OOF_selected,raw,brier_two_class_sum,0.4710242163601267,0.4679964809413512,0.4746567202602029,60.0,,24527.0,,unitless,macro candidate mean,fixed OOF candidate bootstrap; no refit,N3_core_001,0dee0f0f7308645afdce98d058add79ab68e6a740cb30d69c62d9162834eb4f6,补充表从固定外预测计算；保留原packet与source_run，未重拟合。 补充派生来源=metrics_001
N3,N3_selected__,L0,P_bal,H,training_OOF_selected,temperature,ce_bits,0.95716464373869,0.9518673719708886,0.96384898706531,60.0,,24527.0,,bits/trial,macro candidate mean,fixed OOF candidate bootstrap; no refit,N3_core_001,0dee0f0f7308645afdce98d058add79ab68e6a740cb30d69c62d9162834eb4f6,补充表从固定外预测计算；保留原packet与source_run，未重拟合。 补充派生来源=metrics_001
N3,N3_selected__,L0,P_bal,H,training_OOF_selected,temperature,J_bits,0.042835356261309965,0.03615101293469003,0.048132628029111446,60.0,,24527.0,,bits/trial,macro candidate mean,fixed OOF candidate bootstrap; no refit,N3_core_001,0dee0f0f7308645afdce98d058add79ab68e6a740cb30d69c62d9162834eb4f6,补充表从固定外预测计算；保留原packet与source_run，未重拟合。 补充派生来源=metrics_001 P_bal二分类先验CE=1，J及区间仅精确代数变换；无新bootstrap/fit。
N3,N3_selected__,L0,P_bal,H,training_OOF_selected,temperature,bacc,0.5868926844577007,0.5816213572740079,0.5916559740504514,60.0,,24527.0,,unitless,macro candidate mean,fixed OOF candidate bootstrap; no refit,N3_core_001,0dee0f0f7308645afdce98d058add79ab68e6a740cb30d69c62d9162834eb4f6,补充表从固定外预测计算；保留原packet与source_run，未重拟合。 补充派生来源=metrics_001
N3,N3_selected__,L0,P_bal,H,training_OOF_selected,temperature,auroc,0.6385973173385388,0.6308537816942578,0.6452542380497651,60.0,,24527.0,,unitless,macro candidate mean,fixed OOF candidate bootstrap; no refit,N3_core_001,0dee0f0f7308645afdce98d058add79ab68e6a740cb30d69c62d9162834eb4f6,补充表从固定外预测计算；保留原packet与source_run，未重拟合。 补充派生来源=metrics_001
N3,N3_selected__,L0,P_bal,H,training_OOF_selected,temperature,brier_two_class_sum,0.4709210377011607,0.46750971059822,0.4752006414291958,60.0,,24527.0,,unitless,macro candidate mean,fixed OOF candidate bootstrap; no refit,N3_core_001,0dee0f0f7308645afdce98d058add79ab68e6a740cb30d69c62d9162834eb4f6,补充表从固定外预测计算；保留原packet与source_run，未重拟合。 补充派生来源=metrics_001
N3,N3_selected__,L0,P_bal,HB,training_OOF_selected,mixture_diagnostic,ce_bits,0.9594781792065176,0.9548098853954118,0.9653309645546432,60.0,,24527.0,,bits/trial,macro candidate mean,fixed OOF candidate bootstrap; no refit,N3_core_001,0dee0f0f7308645afdce98d058add79ab68e6a740cb30d69c62d9162834eb4f6,补充表从固定外预测计算；保留原packet与source_run，未重拟合。 补充派生来源=metrics_001
N3,N3_selected__,L0,P_bal,HB,training_OOF_selected,mixture_diagnostic,J_bits,0.04052182079348243,0.03466903544535682,0.045190114604588216,60.0,,24527.0,,bits/trial,macro candidate mean,fixed OOF candidate bootstrap; no refit,N3_core_001,0dee0f0f7308645afdce98d058add79ab68e6a740cb30d69c62d9162834eb4f6,补充表从固定外预测计算；保留原packet与source_run，未重拟合。 补充派生来源=metrics_001 P_bal二分类先验CE=1，J及区间仅精确代数变换；无新bootstrap/fit。
N3,N3_selected__,L0,P_bal,HB,training_OOF_selected,mixture_diagnostic,bacc,0.5906127296802212,0.5861591586282564,0.594923367810437,60.0,,24527.0,,unitless,macro candidate mean,fixed OOF candidate bootstrap; no refit,N3_core_001,0dee0f0f7308645afdce98d058add79ab68e6a740cb30d69c62d9162834eb4f6,补充表从固定外预测计算；保留原packet与source_run，未重拟合。 补充派生来源=metrics_001
N3,N3_selected__,L0,P_bal,HB,training_OOF_selected,mixture_diagnostic,auroc,0.6364538396422184,0.6290614928346013,0.6426572870488488,60.0,,24527.0,,unitless,macro candidate mean,fixed OOF candidate bootstrap; no refit,N3_core_001,0dee0f0f7308645afdce98d058add79ab68e6a740cb30d69c62d9162834eb4f6,补充表从固定外预测计算；保留原packet与source_run，未重拟合。 补充派生来源=metrics_001
N3,N3_selected__,L0,P_bal,HB,training_OOF_selected,mixture_diagnostic,brier_two_class_sum,0.4724033324777645,0.4694060487092041,0.4761973691786838,60.0,,24527.0,,unitless,macro candidate mean,fixed OOF candidate bootstrap; no refit,N3_core_001,0dee0f0f7308645afdce98d058add79ab68e6a740cb30d69c62d9162834eb4f6,补充表从固定外预测计算；保留原packet与source_run，未重拟合。 补充派生来源=metrics_001
N3,N3_selected__,L0,P_bal,HB,training_OOF_selected,raw,ce_bits,0.9594308531892132,0.954923930061182,0.9650225455869824,60.0,,24527.0,,bits/trial,macro candidate mean,fixed OOF candidate bootstrap; no refit,N3_core_001,0dee0f0f7308645afdce98d058add79ab68e6a740cb30d69c62d9162834eb4f6,补充表从固定外预测计算；保留原packet与source_run，未重拟合。 补充派生来源=metrics_001
N3,N3_selected__,L0,P_bal,HB,training_OOF_selected,raw,J_bits,0.04056914681078683,0.034977454413017584,0.045076069938817964,60.0,,24527.0,,bits/trial,macro candidate mean,fixed OOF candidate bootstrap; no refit,N3_core_001,0dee0f0f7308645afdce98d058add79ab68e6a740cb30d69c62d9162834eb4f6,补充表从固定外预测计算；保留原packet与source_run，未重拟合。 补充派生来源=metrics_001 P_bal二分类先验CE=1，J及区间仅精确代数变换；无新bootstrap/fit。
N3,N3_selected__,L0,P_bal,HB,training_OOF_selected,raw,bacc,0.5906127296802212,0.5861591586282564,0.594923367810437,60.0,,24527.0,,unitless,macro candidate mean,fixed OOF candidate bootstrap; no refit,N3_core_001,0dee0f0f7308645afdce98d058add79ab68e6a740cb30d69c62d9162834eb4f6,补充表从固定外预测计算；保留原packet与source_run，未重拟合。 补充派生来源=metrics_001
N3,N3_selected__,L0,P_bal,HB,training_OOF_selected,raw,auroc,0.6364538396422184,0.6290614928346013,0.6426572870488488,60.0,,24527.0,,unitless,macro candidate mean,fixed OOF candidate bootstrap; no refit,N3_core_001,0dee0f0f7308645afdce98d058add79ab68e6a740cb30d69c62d9162834eb4f6,补充表从固定外预测计算；保留原packet与source_run，未重拟合。 补充派生来源=metrics_001
N3,N3_selected__,L0,P_bal,HB,training_OOF_selected,raw,brier_two_class_sum,0.4723702682200123,0.4694671169637029,0.4759752004092321,60.0,,24527.0,,unitless,macro candidate mean,fixed OOF candidate bootstrap; no refit,N3_core_001,0dee0f0f7308645afdce98d058add79ab68e6a740cb30d69c62d9162834eb4f6,补充表从固定外预测计算；保留原packet与source_run，未重拟合。 补充派生来源=metrics_001
N3,N3_selected__,L0,P_bal,HB,training_OOF_selected,temperature,ce_bits,0.9594781792065176,0.9548098853954118,0.9653309645546432,60.0,,24527.0,,bits/trial,macro candidate mean,fixed OOF candidate bootstrap; no refit,N3_core_001,0dee0f0f7308645afdce98d058add79ab68e6a740cb30d69c62d9162834eb4f6,补充表从固定外预测计算；保留原packet与source_run，未重拟合。 补充派生来源=metrics_001
N3,N3_selected__,L0,P_bal,HB,training_OOF_selected,temperature,J_bits,0.04052182079348243,0.03466903544535682,0.045190114604588216,60.0,,24527.0,,bits/trial,macro candidate mean,fixed OOF candidate bootstrap; no refit,N3_core_001,0dee0f0f7308645afdce98d058add79ab68e6a740cb30d69c62d9162834eb4f6,补充表从固定外预测计算；保留原packet与source_run，未重拟合。 补充派生来源=metrics_001 P_bal二分类先验CE=1，J及区间仅精确代数变换；无新bootstrap/fit。
N3,N3_selected__,L0,P_bal,HB,training_OOF_selected,temperature,bacc,0.5906127296802212,0.5861591586282564,0.594923367810437,60.0,,24527.0,,unitless,macro candidate mean,fixed OOF candidate bootstrap; no refit,N3_core_001,0dee0f0f7308645afdce98d058add79ab68e6a740cb30d69c62d9162834eb4f6,补充表从固定外预测计算；保留原packet与source_run，未重拟合。 补充派生来源=metrics_001
N3,N3_selected__,L0,P_bal,HB,training_OOF_selected,temperature,auroc,0.6364538396422184,0.6290614928346013,0.6426572870488488,60.0,,24527.0,,unitless,macro candidate mean,fixed OOF candidate bootstrap; no refit,N3_core_001,0dee0f0f7308645afdce98d058add79ab68e6a740cb30d69c62d9162834eb4f6,补充表从固定外预测计算；保留原packet与source_run，未重拟合。 补充派生来源=metrics_001
N3,N3_selected__,L0,P_bal,HB,training_OOF_selected,temperature,brier_two_class_sum,0.4724033324777645,0.4694060487092041,0.4761973691786838,60.0,,24527.0,,unitless,macro candidate mean,fixed OOF candidate bootstrap; no refit,N3_core_001,0dee0f0f7308645afdce98d058add79ab68e6a740cb30d69c62d9162834eb4f6,补充表从固定外预测计算；保留原packet与source_run，未重拟合。 补充派生来源=metrics_001
N3,N3_selected__,L0,P_bal,HBP,training_OOF_selected,mixture_diagnostic,ce_bits,0.9596257264577068,0.9546902513199162,0.9652037624627738,60.0,,24527.0,,bits/trial,macro candidate mean,fixed OOF candidate bootstrap; no refit,N3_core_001,0dee0f0f7308645afdce98d058add79ab68e6a740cb30d69c62d9162834eb4f6,补充表从固定外预测计算；保留原packet与source_run，未重拟合。 补充派生来源=metrics_001
N3,N3_selected__,L0,P_bal,HBP,training_OOF_selected,mixture_diagnostic,J_bits,0.04037427354229317,0.03479623753722616,0.04530974868008375,60.0,,24527.0,,bits/trial,macro candidate mean,fixed OOF candidate bootstrap; no refit,N3_core_001,0dee0f0f7308645afdce98d058add79ab68e6a740cb30d69c62d9162834eb4f6,补充表从固定外预测计算；保留原packet与source_run，未重拟合。 补充派生来源=metrics_001 P_bal二分类先验CE=1，J及区间仅精确代数变换；无新bootstrap/fit。
N3,N3_selected__,L0,P_bal,HBP,training_OOF_selected,mixture_diagnostic,bacc,0.5946131054356076,0.5895548264230801,0.5994201514100107,60.0,,24527.0,,unitless,macro candidate mean,fixed OOF candidate bootstrap; no refit,N3_core_001,0dee0f0f7308645afdce98d058add79ab68e6a740cb30d69c62d9162834eb4f6,补充表从固定外预测计算；保留原packet与source_run，未重拟合。 补充派生来源=metrics_001
N3,N3_selected__,L0,P_bal,HBP,training_OOF_selected,mixture_diagnostic,auroc,0.6360708444780485,0.6285333816482543,0.6429740499791701,60.0,,24527.0,,unitless,macro candidate mean,fixed OOF candidate bootstrap; no refit,N3_core_001,0dee0f0f7308645afdce98d058add79ab68e6a740cb30d69c62d9162834eb4f6,补充表从固定外预测计算；保留原packet与source_run，未重拟合。 补充派生来源=metrics_001
N3,N3_selected__,L0,P_bal,HBP,training_OOF_selected,mixture_diagnostic,brier_two_class_sum,0.4725099249511845,0.4693372441848369,0.4760985727486463,60.0,,24527.0,,unitless,macro candidate mean,fixed OOF candidate bootstrap; no refit,N3_core_001,0dee0f0f7308645afdce98d058add79ab68e6a740cb30d69c62d9162834eb4f6,补充表从固定外预测计算；保留原packet与source_run，未重拟合。 补充派生来源=metrics_001
N3,N3_selected__,L0,P_bal,HBP,training_OOF_selected,raw,ce_bits,0.9594788380130894,0.954095955101606,0.9655225503389177,60.0,,24527.0,,bits/trial,macro candidate mean,fixed OOF candidate bootstrap; no refit,N3_core_001,0dee0f0f7308645afdce98d058add79ab68e6a740cb30d69c62d9162834eb4f6,补充表从固定外预测计算；保留原packet与source_run，未重拟合。 补充派生来源=metrics_001
N3,N3_selected__,L0,P_bal,HBP,training_OOF_selected,raw,J_bits,0.04052116198691058,0.03447744966108235,0.04590404489839395,60.0,,24527.0,,bits/trial,macro candidate mean,fixed OOF candidate bootstrap; no refit,N3_core_001,0dee0f0f7308645afdce98d058add79ab68e6a740cb30d69c62d9162834eb4f6,补充表从固定外预测计算；保留原packet与source_run，未重拟合。 补充派生来源=metrics_001 P_bal二分类先验CE=1，J及区间仅精确代数变换；无新bootstrap/fit。
N3,N3_selected__,L0,P_bal,HBP,training_OOF_selected,raw,bacc,0.5946131054356076,0.5895548264230801,0.5994201514100107,60.0,,24527.0,,unitless,macro candidate mean,fixed OOF candidate bootstrap; no refit,N3_core_001,0dee0f0f7308645afdce98d058add79ab68e6a740cb30d69c62d9162834eb4f6,补充表从固定外预测计算；保留原packet与source_run，未重拟合。 补充派生来源=metrics_001
N3,N3_selected__,L0,P_bal,HBP,training_OOF_selected,raw,auroc,0.6360708444780485,0.6285333816482543,0.6429740499791701,60.0,,24527.0,,unitless,macro candidate mean,fixed OOF candidate bootstrap; no refit,N3_core_001,0dee0f0f7308645afdce98d058add79ab68e6a740cb30d69c62d9162834eb4f6,补充表从固定外预测计算；保留原packet与source_run，未重拟合。 补充派生来源=metrics_001
N3,N3_selected__,L0,P_bal,HBP,training_OOF_selected,raw,brier_two_class_sum,0.4723905924715475,0.4689781965501518,0.4762410241148681,60.0,,24527.0,,unitless,macro candidate mean,fixed OOF candidate bootstrap; no refit,N3_core_001,0dee0f0f7308645afdce98d058add79ab68e6a740cb30d69c62d9162834eb4f6,补充表从固定外预测计算；保留原packet与source_run，未重拟合。 补充派生来源=metrics_001
N3,N3_selected__,L0,P_bal,HBP,training_OOF_selected,temperature,ce_bits,0.9596257264577068,0.9546902513199162,0.9652037624627738,60.0,,24527.0,,bits/trial,macro candidate mean,fixed OOF candidate bootstrap; no refit,N3_core_001,0dee0f0f7308645afdce98d058add79ab68e6a740cb30d69c62d9162834eb4f6,补充表从固定外预测计算；保留原packet与source_run，未重拟合。 补充派生来源=metrics_001
N3,N3_selected__,L0,P_bal,HBP,training_OOF_selected,temperature,J_bits,0.04037427354229317,0.03479623753722616,0.04530974868008375,60.0,,24527.0,,bits/trial,macro candidate mean,fixed OOF candidate bootstrap; no refit,N3_core_001,0dee0f0f7308645afdce98d058add79ab68e6a740cb30d69c62d9162834eb4f6,补充表从固定外预测计算；保留原packet与source_run，未重拟合。 补充派生来源=metrics_001 P_bal二分类先验CE=1，J及区间仅精确代数变换；无新bootstrap/fit。
N3,N3_selected__,L0,P_bal,HBP,training_OOF_selected,temperature,bacc,0.5946131054356076,0.5895548264230801,0.5994201514100107,60.0,,24527.0,,unitless,macro candidate mean,fixed OOF candidate bootstrap; no refit,N3_core_001,0dee0f0f7308645afdce98d058add79ab68e6a740cb30d69c62d9162834eb4f6,补充表从固定外预测计算；保留原packet与source_run，未重拟合。 补充派生来源=metrics_001
N3,N3_selected__,L0,P_bal,HBP,training_OOF_selected,temperature,auroc,0.6360708444780485,0.6285333816482543,0.6429740499791701,60.0,,24527.0,,unitless,macro candidate mean,fixed OOF candidate bootstrap; no refit,N3_core_001,0dee0f0f7308645afdce98d058add79ab68e6a740cb30d69c62d9162834eb4f6,补充表从固定外预测计算；保留原packet与source_run，未重拟合。 补充派生来源=metrics_001
N3,N3_selected__,L0,P_bal,HBP,training_OOF_selected,temperature,brier_two_class_sum,0.4725099249511845,0.4693372441848369,0.4760985727486463,60.0,,24527.0,,unitless,macro candidate mean,fixed OOF candidate bootstrap; no refit,N3_core_001,0dee0f0f7308645afdce98d058add79ab68e6a740cb30d69c62d9162834eb4f6,补充表从固定外预测计算；保留原packet与source_run，未重拟合。 补充派生来源=metrics_001
N3,N3_selected__,L0,P_bal,HP,training_OOF_selected,mixture_diagnostic,ce_bits,0.957455431777726,0.9521341467673532,0.9635602520441472,60.0,,24527.0,,bits/trial,macro candidate mean,fixed OOF candidate bootstrap; no refit,N3_core_001,0dee0f0f7308645afdce98d058add79ab68e6a740cb30d69c62d9162834eb4f6,补充表从固定外预测计算；保留原packet与source_run，未重拟合。 补充派生来源=metrics_001
N3,N3_selected__,L0,P_bal,HP,training_OOF_selected,mixture_diagnostic,J_bits,0.04254456822227404,0.03643974795585281,0.047865853232646804,60.0,,24527.0,,bits/trial,macro candidate mean,fixed OOF candidate bootstrap; no refit,N3_core_001,0dee0f0f7308645afdce98d058add79ab68e6a740cb30d69c62d9162834eb4f6,补充表从固定外预测计算；保留原packet与source_run，未重拟合。 补充派生来源=metrics_001 P_bal二分类先验CE=1，J及区间仅精确代数变换；无新bootstrap/fit。
N3,N3_selected__,L0,P_bal,HP,training_OOF_selected,mixture_diagnostic,bacc,0.5948393998686197,0.5899790075852244,0.5995988556445804,60.0,,24527.0,,unitless,macro candidate mean,fixed OOF candidate bootstrap; no refit,N3_core_001,0dee0f0f7308645afdce98d058add79ab68e6a740cb30d69c62d9162834eb4f6,补充表从固定外预测计算；保留原packet与source_run，未重拟合。 补充派生来源=metrics_001
N3,N3_selected__,L0,P_bal,HP,training_OOF_selected,mixture_diagnostic,auroc,0.6393451375204948,0.6317940726254158,0.6462521287765361,60.0,,24527.0,,unitless,macro candidate mean,fixed OOF candidate bootstrap; no refit,N3_core_001,0dee0f0f7308645afdce98d058add79ab68e6a740cb30d69c62d9162834eb4f6,补充表从固定外预测计算；保留原packet与source_run，未重拟合。 补充派生来源=metrics_001
N3,N3_selected__,L0,P_bal,HP,training_OOF_selected,mixture_diagnostic,brier_two_class_sum,0.4711000575702177,0.4676493681973995,0.4750474337565563,60.0,,24527.0,,unitless,macro candidate mean,fixed OOF candidate bootstrap; no refit,N3_core_001,0dee0f0f7308645afdce98d058add79ab68e6a740cb30d69c62d9162834eb4f6,补充表从固定外预测计算；保留原packet与source_run，未重拟合。 补充派生来源=metrics_001
N3,N3_selected__,L0,P_bal,HP,training_OOF_selected,raw,ce_bits,0.9572910136310144,0.9519531010471052,0.9633130143974982,60.0,,24527.0,,bits/trial,macro candidate mean,fixed OOF candidate bootstrap; no refit,N3_core_001,0dee0f0f7308645afdce98d058add79ab68e6a740cb30d69c62d9162834eb4f6,补充表从固定外预测计算；保留原packet与source_run，未重拟合。 补充派生来源=metrics_001
N3,N3_selected__,L0,P_bal,HP,training_OOF_selected,raw,J_bits,0.04270898636898557,0.03668698560250183,0.04804689895289482,60.0,,24527.0,,bits/trial,macro candidate mean,fixed OOF candidate bootstrap; no refit,N3_core_001,0dee0f0f7308645afdce98d058add79ab68e6a740cb30d69c62d9162834eb4f6,补充表从固定外预测计算；保留原packet与source_run，未重拟合。 补充派生来源=metrics_001 P_bal二分类先验CE=1，J及区间仅精确代数变换；无新bootstrap/fit。
N3,N3_selected__,L0,P_bal,HP,training_OOF_selected,raw,bacc,0.5948393998686197,0.5899790075852244,0.5995988556445804,60.0,,24527.0,,unitless,macro candidate mean,fixed OOF candidate bootstrap; no refit,N3_core_001,0dee0f0f7308645afdce98d058add79ab68e6a740cb30d69c62d9162834eb4f6,补充表从固定外预测计算；保留原packet与source_run，未重拟合。 补充派生来源=metrics_001
N3,N3_selected__,L0,P_bal,HP,training_OOF_selected,raw,auroc,0.6393451375204948,0.6317940726254158,0.6462521287765361,60.0,,24527.0,,unitless,macro candidate mean,fixed OOF candidate bootstrap; no refit,N3_core_001,0dee0f0f7308645afdce98d058add79ab68e6a740cb30d69c62d9162834eb4f6,补充表从固定外预测计算；保留原packet与source_run，未重拟合。 补充派生来源=metrics_001
N3,N3_selected__,L0,P_bal,HP,training_OOF_selected,raw,brier_two_class_sum,0.4709985091612442,0.4675689399478032,0.474865678474859,60.0,,24527.0,,unitless,macro candidate mean,fixed OOF candidate bootstrap; no refit,N3_core_001,0dee0f0f7308645afdce98d058add79ab68e6a740cb30d69c62d9162834eb4f6,补充表从固定外预测计算；保留原packet与source_run，未重拟合。 补充派生来源=metrics_001
N3,N3_selected__,L0,P_bal,HP,training_OOF_selected,temperature,ce_bits,0.957455431777726,0.9521341467673532,0.9635602520441472,60.0,,24527.0,,bits/trial,macro candidate mean,fixed OOF candidate bootstrap; no refit,N3_core_001,0dee0f0f7308645afdce98d058add79ab68e6a740cb30d69c62d9162834eb4f6,补充表从固定外预测计算；保留原packet与source_run，未重拟合。 补充派生来源=metrics_001
N3,N3_selected__,L0,P_bal,HP,training_OOF_selected,temperature,J_bits,0.04254456822227404,0.03643974795585281,0.047865853232646804,60.0,,24527.0,,bits/trial,macro candidate mean,fixed OOF candidate bootstrap; no refit,N3_core_001,0dee0f0f7308645afdce98d058add79ab68e6a740cb30d69c62d9162834eb4f6,补充表从固定外预测计算；保留原packet与source_run，未重拟合。 补充派生来源=metrics_001 P_bal二分类先验CE=1，J及区间仅精确代数变换；无新bootstrap/fit。
N3,N3_selected__,L0,P_bal,HP,training_OOF_selected,temperature,bacc,0.5948393998686197,0.5899790075852244,0.5995988556445804,60.0,,24527.0,,unitless,macro candidate mean,fixed OOF candidate bootstrap; no refit,N3_core_001,0dee0f0f7308645afdce98d058add79ab68e6a740cb30d69c62d9162834eb4f6,补充表从固定外预测计算；保留原packet与source_run，未重拟合。 补充派生来源=metrics_001
N3,N3_selected__,L0,P_bal,HP,training_OOF_selected,temperature,auroc,0.6393451375204948,0.6317940726254158,0.6462521287765361,60.0,,24527.0,,unitless,macro candidate mean,fixed OOF candidate bootstrap; no refit,N3_core_001,0dee0f0f7308645afdce98d058add79ab68e6a740cb30d69c62d9162834eb4f6,补充表从固定外预测计算；保留原packet与source_run，未重拟合。 补充派生来源=metrics_001
N3,N3_selected__,L0,P_bal,HP,training_OOF_selected,temperature,brier_two_class_sum,0.4711000575702177,0.4676493681973995,0.4750474337565563,60.0,,24527.0,,unitless,macro candidate mean,fixed OOF candidate bootstrap; no refit,N3_core_001,0dee0f0f7308645afdce98d058add79ab68e6a740cb30d69c62d9162834eb4f6,补充表从固定外预测计算；保留原packet与source_run，未重拟合。 补充派生来源=metrics_001
N3,N3_selected__,L0,P_bal,Hnoise,training_OOF_selected,mixture_diagnostic,ce_bits,0.9581353341580426,0.95263145597115,0.9645524149651036,60.0,,24527.0,,bits/trial,macro candidate mean,fixed OOF candidate bootstrap; no refit,N3_core_001,0dee0f0f7308645afdce98d058add79ab68e6a740cb30d69c62d9162834eb4f6,补充表从固定外预测计算；保留原packet与source_run，未重拟合。 补充派生来源=metrics_001
N3,N3_selected__,L0,P_bal,Hnoise,training_OOF_selected,mixture_diagnostic,J_bits,0.04186466584195736,0.03544758503489642,0.047368544028850046,60.0,,24527.0,,bits/trial,macro candidate mean,fixed OOF candidate bootstrap; no refit,N3_core_001,0dee0f0f7308645afdce98d058add79ab68e6a740cb30d69c62d9162834eb4f6,补充表从固定外预测计算；保留原packet与source_run，未重拟合。 补充派生来源=metrics_001 P_bal二分类先验CE=1，J及区间仅精确代数变换；无新bootstrap/fit。
N3,N3_selected__,L0,P_bal,Hnoise,training_OOF_selected,mixture_diagnostic,bacc,0.5898682992236205,0.5827163389728793,0.5961327765634196,60.0,,24527.0,,unitless,macro candidate mean,fixed OOF candidate bootstrap; no refit,N3_core_001,0dee0f0f7308645afdce98d058add79ab68e6a740cb30d69c62d9162834eb4f6,补充表从固定外预测计算；保留原packet与source_run，未重拟合。 补充派生来源=metrics_001
N3,N3_selected__,L0,P_bal,Hnoise,training_OOF_selected,mixture_diagnostic,auroc,0.6380057882231107,0.6294954860599542,0.6457273102016907,60.0,,24527.0,,unitless,macro candidate mean,fixed OOF candidate bootstrap; no refit,N3_core_001,0dee0f0f7308645afdce98d058add79ab68e6a740cb30d69c62d9162834eb4f6,补充表从固定外预测计算；保留原packet与source_run，未重拟合。 补充派生来源=metrics_001
N3,N3_selected__,L0,P_bal,Hnoise,training_OOF_selected,mixture_diagnostic,brier_two_class_sum,0.4715804779684844,0.4679623598849475,0.4758333144284469,60.0,,24527.0,,unitless,macro candidate mean,fixed OOF candidate bootstrap; no refit,N3_core_001,0dee0f0f7308645afdce98d058add79ab68e6a740cb30d69c62d9162834eb4f6,补充表从固定外预测计算；保留原packet与source_run，未重拟合。 补充派生来源=metrics_001
N3,N3_selected__,L0,P_bal,Hnoise,training_OOF_selected,raw,ce_bits,0.9581841654472114,0.9530317811981166,0.9642991131524052,60.0,,24527.0,,bits/trial,macro candidate mean,fixed OOF candidate bootstrap; no refit,N3_core_001,0dee0f0f7308645afdce98d058add79ab68e6a740cb30d69c62d9162834eb4f6,补充表从固定外预测计算；保留原packet与source_run，未重拟合。 补充派生来源=metrics_001
N3,N3_selected__,L0,P_bal,Hnoise,training_OOF_selected,raw,J_bits,0.04181583455278859,0.03570088684759476,0.0469682188018834,60.0,,24527.0,,bits/trial,macro candidate mean,fixed OOF candidate bootstrap; no refit,N3_core_001,0dee0f0f7308645afdce98d058add79ab68e6a740cb30d69c62d9162834eb4f6,补充表从固定外预测计算；保留原packet与source_run，未重拟合。 补充派生来源=metrics_001 P_bal二分类先验CE=1，J及区间仅精确代数变换；无新bootstrap/fit。
N3,N3_selected__,L0,P_bal,Hnoise,training_OOF_selected,raw,bacc,0.5898682992236205,0.5827163389728793,0.5961327765634196,60.0,,24527.0,,unitless,macro candidate mean,fixed OOF candidate bootstrap; no refit,N3_core_001,0dee0f0f7308645afdce98d058add79ab68e6a740cb30d69c62d9162834eb4f6,补充表从固定外预测计算；保留原packet与source_run，未重拟合。 补充派生来源=metrics_001
N3,N3_selected__,L0,P_bal,Hnoise,training_OOF_selected,raw,auroc,0.6380057882231107,0.6294954860599542,0.6457273102016907,60.0,,24527.0,,unitless,macro candidate mean,fixed OOF candidate bootstrap; no refit,N3_core_001,0dee0f0f7308645afdce98d058add79ab68e6a740cb30d69c62d9162834eb4f6,补充表从固定外预测计算；保留原packet与source_run，未重拟合。 补充派生来源=metrics_001
N3,N3_selected__,L0,P_bal,Hnoise,training_OOF_selected,raw,brier_two_class_sum,0.4715940156659504,0.4681841009283899,0.4755908761924259,60.0,,24527.0,,unitless,macro candidate mean,fixed OOF candidate bootstrap; no refit,N3_core_001,0dee0f0f7308645afdce98d058add79ab68e6a740cb30d69c62d9162834eb4f6,补充表从固定外预测计算；保留原packet与source_run，未重拟合。 补充派生来源=metrics_001
N3,N3_selected__,L0,P_bal,Hnoise,training_OOF_selected,temperature,ce_bits,0.9581353341580426,0.95263145597115,0.9645524149651036,60.0,,24527.0,,bits/trial,macro candidate mean,fixed OOF candidate bootstrap; no refit,N3_core_001,0dee0f0f7308645afdce98d058add79ab68e6a740cb30d69c62d9162834eb4f6,补充表从固定外预测计算；保留原packet与source_run，未重拟合。 补充派生来源=metrics_001
N3,N3_selected__,L0,P_bal,Hnoise,training_OOF_selected,temperature,J_bits,0.04186466584195736,0.03544758503489642,0.047368544028850046,60.0,,24527.0,,bits/trial,macro candidate mean,fixed OOF candidate bootstrap; no refit,N3_core_001,0dee0f0f7308645afdce98d058add79ab68e6a740cb30d69c62d9162834eb4f6,补充表从固定外预测计算；保留原packet与source_run，未重拟合。 补充派生来源=metrics_001 P_bal二分类先验CE=1，J及区间仅精确代数变换；无新bootstrap/fit。
N3,N3_selected__,L0,P_bal,Hnoise,training_OOF_selected,temperature,bacc,0.5898682992236205,0.5827163389728793,0.5961327765634196,60.0,,24527.0,,unitless,macro candidate mean,fixed OOF candidate bootstrap; no refit,N3_core_001,0dee0f0f7308645afdce98d058add79ab68e6a740cb30d69c62d9162834eb4f6,补充表从固定外预测计算；保留原packet与source_run，未重拟合。 补充派生来源=metrics_001
N3,N3_selected__,L0,P_bal,Hnoise,training_OOF_selected,temperature,auroc,0.6380057882231107,0.6294954860599542,0.6457273102016907,60.0,,24527.0,,unitless,macro candidate mean,fixed OOF candidate bootstrap; no refit,N3_core_001,0dee0f0f7308645afdce98d058add79ab68e6a740cb30d69c62d9162834eb4f6,补充表从固定外预测计算；保留原packet与source_run，未重拟合。 补充派生来源=metrics_001
N3,N3_selected__,L0,P_bal,Hnoise,training_OOF_selected,temperature,brier_two_class_sum,0.4715804779684844,0.4679623598849475,0.4758333144284469,60.0,,24527.0,,unitless,macro candidate mean,fixed OOF candidate bootstrap; no refit,N3_core_001,0dee0f0f7308645afdce98d058add79ab68e6a740cb30d69c62d9162834eb4f6,补充表从固定外预测计算；保留原packet与source_run，未重拟合。 补充派生来源=metrics_001
N3,N3_selected__,L0,P_nat,H,training_OOF_selected,mixture_diagnostic,ce_bits,0.8157495346233741,0.8055410528208818,0.8238556030168733,60.0,,24527.0,,bits/trial,macro candidate mean,fixed OOF candidate bootstrap; no refit,N3_core_001,0dee0f0f7308645afdce98d058add79ab68e6a740cb30d69c62d9162834eb4f6,补充表从固定外预测计算；保留原packet与source_run，未重拟合。 补充派生来源=metrics_001
N3,N3_selected__,L0,P_nat,H,training_OOF_selected,mixture_diagnostic,bacc,0.5043256875553204,0.5035435325805954,0.5051683897578405,60.0,,24527.0,,unitless,macro candidate mean,fixed OOF candidate bootstrap; no refit,N3_core_001,0dee0f0f7308645afdce98d058add79ab68e6a740cb30d69c62d9162834eb4f6,补充表从固定外预测计算；保留原packet与source_run，未重拟合。 补充派生来源=metrics_001
N3,N3_selected__,L0,P_nat,H,training_OOF_selected,mixture_diagnostic,auroc,0.6410927319099687,0.6329239641836066,0.6479619076544251,60.0,,24527.0,,unitless,macro candidate mean,fixed OOF candidate bootstrap; no refit,N3_core_001,0dee0f0f7308645afdce98d058add79ab68e6a740cb30d69c62d9162834eb4f6,补充表从固定外预测计算；保留原packet与source_run，未重拟合。 补充派生来源=metrics_001
N3,N3_selected__,L0,P_nat,H,training_OOF_selected,mixture_diagnostic,brier_two_class_sum,0.3802119290128817,0.3738108474437668,0.3853608891129185,60.0,,24527.0,,unitless,macro candidate mean,fixed OOF candidate bootstrap; no refit,N3_core_001,0dee0f0f7308645afdce98d058add79ab68e6a740cb30d69c62d9162834eb4f6,补充表从固定外预测计算；保留原packet与source_run，未重拟合。 补充派生来源=metrics_001
N3,N3_selected__,L0,P_nat,H,training_OOF_selected,raw,ce_bits,0.8158898205434751,0.8058238391485024,0.8238982632423087,60.0,,24527.0,,bits/trial,macro candidate mean,fixed OOF candidate bootstrap; no refit,N3_core_001,0dee0f0f7308645afdce98d058add79ab68e6a740cb30d69c62d9162834eb4f6,补充表从固定外预测计算；保留原packet与source_run，未重拟合。 补充派生来源=metrics_001
N3,N3_selected__,L0,P_nat,H,training_OOF_selected,raw,bacc,0.5043256875553204,0.5035435325805954,0.5051683897578405,60.0,,24527.0,,unitless,macro candidate mean,fixed OOF candidate bootstrap; no refit,N3_core_001,0dee0f0f7308645afdce98d058add79ab68e6a740cb30d69c62d9162834eb4f6,补充表从固定外预测计算；保留原packet与source_run，未重拟合。 补充派生来源=metrics_001
N3,N3_selected__,L0,P_nat,H,training_OOF_selected,raw,auroc,0.6410927319099687,0.6329239641836066,0.6479619076544251,60.0,,24527.0,,unitless,macro candidate mean,fixed OOF candidate bootstrap; no refit,N3_core_001,0dee0f0f7308645afdce98d058add79ab68e6a740cb30d69c62d9162834eb4f6,补充表从固定外预测计算；保留原packet与source_run，未重拟合。 补充派生来源=metrics_001
N3,N3_selected__,L0,P_nat,H,training_OOF_selected,raw,brier_two_class_sum,0.3802930752480934,0.3739816960912381,0.3853640688525508,60.0,,24527.0,,unitless,macro candidate mean,fixed OOF candidate bootstrap; no refit,N3_core_001,0dee0f0f7308645afdce98d058add79ab68e6a740cb30d69c62d9162834eb4f6,补充表从固定外预测计算；保留原packet与source_run，未重拟合。 补充派生来源=metrics_001
N3,N3_selected__,L0,P_nat,H,training_OOF_selected,temperature,ce_bits,0.8157495346233741,0.8055410528208818,0.8238556030168733,60.0,,24527.0,,bits/trial,macro candidate mean,fixed OOF candidate bootstrap; no refit,N3_core_001,0dee0f0f7308645afdce98d058add79ab68e6a740cb30d69c62d9162834eb4f6,补充表从固定外预测计算；保留原packet与source_run，未重拟合。 补充派生来源=metrics_001
N3,N3_selected__,L0,P_nat,H,training_OOF_selected,temperature,bacc,0.5043256875553204,0.5035435325805954,0.5051683897578405,60.0,,24527.0,,unitless,macro candidate mean,fixed OOF candidate bootstrap; no refit,N3_core_001,0dee0f0f7308645afdce98d058add79ab68e6a740cb30d69c62d9162834eb4f6,补充表从固定外预测计算；保留原packet与source_run，未重拟合。 补充派生来源=metrics_001
N3,N3_selected__,L0,P_nat,H,training_OOF_selected,temperature,auroc,0.6410927319099687,0.6329239641836066,0.6479619076544251,60.0,,24527.0,,unitless,macro candidate mean,fixed OOF candidate bootstrap; no refit,N3_core_001,0dee0f0f7308645afdce98d058add79ab68e6a740cb30d69c62d9162834eb4f6,补充表从固定外预测计算；保留原packet与source_run，未重拟合。 补充派生来源=metrics_001
N3,N3_selected__,L0,P_nat,H,training_OOF_selected,temperature,brier_two_class_sum,0.3802119290128817,0.3738108474437668,0.3853608891129185,60.0,,24527.0,,unitless,macro candidate mean,fixed OOF candidate bootstrap; no refit,N3_core_001,0dee0f0f7308645afdce98d058add79ab68e6a740cb30d69c62d9162834eb4f6,补充表从固定外预测计算；保留原packet与source_run，未重拟合。 补充派生来源=metrics_001
N3,N3_selected__,L0,P_nat,HB,training_OOF_selected,mixture_diagnostic,ce_bits,0.817245398007364,0.8069177365847071,0.8254506676221782,60.0,,24527.0,,bits/trial,macro candidate mean,fixed OOF candidate bootstrap; no refit,N3_core_001,0dee0f0f7308645afdce98d058add79ab68e6a740cb30d69c62d9162834eb4f6,补充表从固定外预测计算；保留原packet与source_run，未重拟合。 补充派生来源=metrics_001
N3,N3_selected__,L0,P_nat,HB,training_OOF_selected,mixture_diagnostic,bacc,0.5071887769347464,0.505311345213348,0.5092968317290846,60.0,,24527.0,,unitless,macro candidate mean,fixed OOF candidate bootstrap; no refit,N3_core_001,0dee0f0f7308645afdce98d058add79ab68e6a740cb30d69c62d9162834eb4f6,补充表从固定外预测计算；保留原packet与source_run，未重拟合。 补充派生来源=metrics_001
N3,N3_selected__,L0,P_nat,HB,training_OOF_selected,mixture_diagnostic,auroc,0.637754708111721,0.6298399285367781,0.6441392017366985,60.0,,24527.0,,unitless,macro candidate mean,fixed OOF candidate bootstrap; no refit,N3_core_001,0dee0f0f7308645afdce98d058add79ab68e6a740cb30d69c62d9162834eb4f6,补充表从固定外预测计算；保留原packet与source_run，未重拟合。 补充派生来源=metrics_001
N3,N3_selected__,L0,P_nat,HB,training_OOF_selected,mixture_diagnostic,brier_two_class_sum,0.3809916091336393,0.3745601151771098,0.3861596499883814,60.0,,24527.0,,unitless,macro candidate mean,fixed OOF candidate bootstrap; no refit,N3_core_001,0dee0f0f7308645afdce98d058add79ab68e6a740cb30d69c62d9162834eb4f6,补充表从固定外预测计算；保留原packet与source_run，未重拟合。 补充派生来源=metrics_001
N3,N3_selected__,L0,P_nat,HB,training_OOF_selected,raw,ce_bits,0.8172990524738473,0.8070089195460303,0.8254868161434878,60.0,,24527.0,,bits/trial,macro candidate mean,fixed OOF candidate bootstrap; no refit,N3_core_001,0dee0f0f7308645afdce98d058add79ab68e6a740cb30d69c62d9162834eb4f6,补充表从固定外预测计算；保留原packet与source_run，未重拟合。 补充派生来源=metrics_001
N3,N3_selected__,L0,P_nat,HB,training_OOF_selected,raw,bacc,0.5071887769347464,0.505311345213348,0.5092968317290846,60.0,,24527.0,,unitless,macro candidate mean,fixed OOF candidate bootstrap; no refit,N3_core_001,0dee0f0f7308645afdce98d058add79ab68e6a740cb30d69c62d9162834eb4f6,补充表从固定外预测计算；保留原packet与source_run，未重拟合。 补充派生来源=metrics_001
N3,N3_selected__,L0,P_nat,HB,training_OOF_selected,raw,auroc,0.637754708111721,0.6298399285367781,0.6441392017366985,60.0,,24527.0,,unitless,macro candidate mean,fixed OOF candidate bootstrap; no refit,N3_core_001,0dee0f0f7308645afdce98d058add79ab68e6a740cb30d69c62d9162834eb4f6,补充表从固定外预测计算；保留原packet与source_run，未重拟合。 补充派生来源=metrics_001
N3,N3_selected__,L0,P_nat,HB,training_OOF_selected,raw,brier_two_class_sum,0.381020444798775,0.374609090330967,0.3861743044041367,60.0,,24527.0,,unitless,macro candidate mean,fixed OOF candidate bootstrap; no refit,N3_core_001,0dee0f0f7308645afdce98d058add79ab68e6a740cb30d69c62d9162834eb4f6,补充表从固定外预测计算；保留原packet与source_run，未重拟合。 补充派生来源=metrics_001
N3,N3_selected__,L0,P_nat,HB,training_OOF_selected,temperature,ce_bits,0.817245398007364,0.8069177365847071,0.8254506676221782,60.0,,24527.0,,bits/trial,macro candidate mean,fixed OOF candidate bootstrap; no refit,N3_core_001,0dee0f0f7308645afdce98d058add79ab68e6a740cb30d69c62d9162834eb4f6,补充表从固定外预测计算；保留原packet与source_run，未重拟合。 补充派生来源=metrics_001
N3,N3_selected__,L0,P_nat,HB,training_OOF_selected,temperature,bacc,0.5071887769347464,0.505311345213348,0.5092968317290846,60.0,,24527.0,,unitless,macro candidate mean,fixed OOF candidate bootstrap; no refit,N3_core_001,0dee0f0f7308645afdce98d058add79ab68e6a740cb30d69c62d9162834eb4f6,补充表从固定外预测计算；保留原packet与source_run，未重拟合。 补充派生来源=metrics_001
N3,N3_selected__,L0,P_nat,HB,training_OOF_selected,temperature,auroc,0.637754708111721,0.6298399285367781,0.6441392017366985,60.0,,24527.0,,unitless,macro candidate mean,fixed OOF candidate bootstrap; no refit,N3_core_001,0dee0f0f7308645afdce98d058add79ab68e6a740cb30d69c62d9162834eb4f6,补充表从固定外预测计算；保留原packet与source_run，未重拟合。 补充派生来源=metrics_001
N3,N3_selected__,L0,P_nat,HB,training_OOF_selected,temperature,brier_two_class_sum,0.3809916091336393,0.3745601151771098,0.3861596499883814,60.0,,24527.0,,unitless,macro candidate mean,fixed OOF candidate bootstrap; no refit,N3_core_001,0dee0f0f7308645afdce98d058add79ab68e6a740cb30d69c62d9162834eb4f6,补充表从固定外预测计算；保留原packet与source_run，未重拟合。 补充派生来源=metrics_001
N3,N3_selected__,L0,P_nat,HBP,training_OOF_selected,mixture_diagnostic,ce_bits,0.8174024758796351,0.8070252467472939,0.8258722939148332,60.0,,24527.0,,bits/trial,macro candidate mean,fixed OOF candidate bootstrap; no refit,N3_core_001,0dee0f0f7308645afdce98d058add79ab68e6a740cb30d69c62d9162834eb4f6,补充表从固定外预测计算；保留原packet与source_run，未重拟合。 补充派生来源=metrics_001
N3,N3_selected__,L0,P_nat,HBP,training_OOF_selected,mixture_diagnostic,bacc,0.5155237359207681,0.5118460053047513,0.5203236170571621,60.0,,24527.0,,unitless,macro candidate mean,fixed OOF candidate bootstrap; no refit,N3_core_001,0dee0f0f7308645afdce98d058add79ab68e6a740cb30d69c62d9162834eb4f6,补充表从固定外预测计算；保留原packet与source_run，未重拟合。 补充派生来源=metrics_001
N3,N3_selected__,L0,P_nat,HBP,training_OOF_selected,mixture_diagnostic,auroc,0.6380580105835256,0.6304575088183411,0.644686651985956,60.0,,24527.0,,unitless,macro candidate mean,fixed OOF candidate bootstrap; no refit,N3_core_001,0dee0f0f7308645afdce98d058add79ab68e6a740cb30d69c62d9162834eb4f6,补充表从固定外预测计算；保留原packet与source_run，未重拟合。 补充派生来源=metrics_001
N3,N3_selected__,L0,P_nat,HBP,training_OOF_selected,mixture_diagnostic,brier_two_class_sum,0.3810976872851299,0.3746208038719273,0.3864096378078883,60.0,,24527.0,,unitless,macro candidate mean,fixed OOF candidate bootstrap; no refit,N3_core_001,0dee0f0f7308645afdce98d058add79ab68e6a740cb30d69c62d9162834eb4f6,补充表从固定外预测计算；保留原packet与source_run，未重拟合。 补充派生来源=metrics_001
N3,N3_selected__,L0,P_nat,HBP,training_OOF_selected,raw,ce_bits,0.8174095751298549,0.8069772178716614,0.8260484737997654,60.0,,24527.0,,bits/trial,macro candidate mean,fixed OOF candidate bootstrap; no refit,N3_core_001,0dee0f0f7308645afdce98d058add79ab68e6a740cb30d69c62d9162834eb4f6,补充表从固定外预测计算；保留原packet与source_run，未重拟合。 补充派生来源=metrics_001
N3,N3_selected__,L0,P_nat,HBP,training_OOF_selected,raw,bacc,0.5155237359207681,0.5118460053047513,0.5203236170571621,60.0,,24527.0,,unitless,macro candidate mean,fixed OOF candidate bootstrap; no refit,N3_core_001,0dee0f0f7308645afdce98d058add79ab68e6a740cb30d69c62d9162834eb4f6,补充表从固定外预测计算；保留原packet与source_run，未重拟合。 补充派生来源=metrics_001
N3,N3_selected__,L0,P_nat,HBP,training_OOF_selected,raw,auroc,0.6380580105835256,0.6304575088183411,0.644686651985956,60.0,,24527.0,,unitless,macro candidate mean,fixed OOF candidate bootstrap; no refit,N3_core_001,0dee0f0f7308645afdce98d058add79ab68e6a740cb30d69c62d9162834eb4f6,补充表从固定外预测计算；保留原packet与source_run，未重拟合。 补充派生来源=metrics_001
N3,N3_selected__,L0,P_nat,HBP,training_OOF_selected,raw,brier_two_class_sum,0.381064961601336,0.3745628392942605,0.3864603874856314,60.0,,24527.0,,unitless,macro candidate mean,fixed OOF candidate bootstrap; no refit,N3_core_001,0dee0f0f7308645afdce98d058add79ab68e6a740cb30d69c62d9162834eb4f6,补充表从固定外预测计算；保留原packet与source_run，未重拟合。 补充派生来源=metrics_001
N3,N3_selected__,L0,P_nat,HBP,training_OOF_selected,temperature,ce_bits,0.8174024758796351,0.8070252467472939,0.8258722939148332,60.0,,24527.0,,bits/trial,macro candidate mean,fixed OOF candidate bootstrap; no refit,N3_core_001,0dee0f0f7308645afdce98d058add79ab68e6a740cb30d69c62d9162834eb4f6,补充表从固定外预测计算；保留原packet与source_run，未重拟合。 补充派生来源=metrics_001
N3,N3_selected__,L0,P_nat,HBP,training_OOF_selected,temperature,bacc,0.5155237359207681,0.5118460053047513,0.5203236170571621,60.0,,24527.0,,unitless,macro candidate mean,fixed OOF candidate bootstrap; no refit,N3_core_001,0dee0f0f7308645afdce98d058add79ab68e6a740cb30d69c62d9162834eb4f6,补充表从固定外预测计算；保留原packet与source_run，未重拟合。 补充派生来源=metrics_001
N3,N3_selected__,L0,P_nat,HBP,training_OOF_selected,temperature,auroc,0.6380580105835256,0.6304575088183411,0.644686651985956,60.0,,24527.0,,unitless,macro candidate mean,fixed OOF candidate bootstrap; no refit,N3_core_001,0dee0f0f7308645afdce98d058add79ab68e6a740cb30d69c62d9162834eb4f6,补充表从固定外预测计算；保留原packet与source_run，未重拟合。 补充派生来源=metrics_001
N3,N3_selected__,L0,P_nat,HBP,training_OOF_selected,temperature,brier_two_class_sum,0.3810976872851299,0.3746208038719273,0.3864096378078883,60.0,,24527.0,,unitless,macro candidate mean,fixed OOF candidate bootstrap; no refit,N3_core_001,0dee0f0f7308645afdce98d058add79ab68e6a740cb30d69c62d9162834eb4f6,补充表从固定外预测计算；保留原packet与source_run，未重拟合。 补充派生来源=metrics_001
N3,N3_selected__,L0,P_nat,HP,training_OOF_selected,mixture_diagnostic,ce_bits,0.8158266391511464,0.8054721981347824,0.8242202944513302,60.0,,24527.0,,bits/trial,macro candidate mean,fixed OOF candidate bootstrap; no refit,N3_core_001,0dee0f0f7308645afdce98d058add79ab68e6a740cb30d69c62d9162834eb4f6,补充表从固定外预测计算；保留原packet与source_run，未重拟合。 补充派生来源=metrics_001
N3,N3_selected__,L0,P_nat,HP,training_OOF_selected,mixture_diagnostic,bacc,0.5117411913446529,0.5090988964934376,0.5143710465917004,60.0,,24527.0,,unitless,macro candidate mean,fixed OOF candidate bootstrap; no refit,N3_core_001,0dee0f0f7308645afdce98d058add79ab68e6a740cb30d69c62d9162834eb4f6,补充表从固定外预测计算；保留原packet与source_run，未重拟合。 补充派生来源=metrics_001
N3,N3_selected__,L0,P_nat,HP,training_OOF_selected,mixture_diagnostic,auroc,0.6406025577415392,0.6325486222954524,0.6475633990972128,60.0,,24527.0,,unitless,macro candidate mean,fixed OOF candidate bootstrap; no refit,N3_core_001,0dee0f0f7308645afdce98d058add79ab68e6a740cb30d69c62d9162834eb4f6,补充表从固定外预测计算；保留原packet与source_run，未重拟合。 补充派生来源=metrics_001
N3,N3_selected__,L0,P_nat,HP,training_OOF_selected,mixture_diagnostic,brier_two_class_sum,0.3802634872760287,0.3738589652292196,0.3854540261004851,60.0,,24527.0,,unitless,macro candidate mean,fixed OOF candidate bootstrap; no refit,N3_core_001,0dee0f0f7308645afdce98d058add79ab68e6a740cb30d69c62d9162834eb4f6,补充表从固定外预测计算；保留原packet与source_run，未重拟合。 补充派生来源=metrics_001
N3,N3_selected__,L0,P_nat,HP,training_OOF_selected,raw,ce_bits,0.8158782789654865,0.8055406321455953,0.8242901119040165,60.0,,24527.0,,bits/trial,macro candidate mean,fixed OOF candidate bootstrap; no refit,N3_core_001,0dee0f0f7308645afdce98d058add79ab68e6a740cb30d69c62d9162834eb4f6,补充表从固定外预测计算；保留原packet与source_run，未重拟合。 补充派生来源=metrics_001
N3,N3_selected__,L0,P_nat,HP,training_OOF_selected,raw,bacc,0.5117411913446529,0.5090988964934376,0.5143710465917004,60.0,,24527.0,,unitless,macro candidate mean,fixed OOF candidate bootstrap; no refit,N3_core_001,0dee0f0f7308645afdce98d058add79ab68e6a740cb30d69c62d9162834eb4f6,补充表从固定外预测计算；保留原packet与source_run，未重拟合。 补充派生来源=metrics_001
N3,N3_selected__,L0,P_nat,HP,training_OOF_selected,raw,auroc,0.6406025577415392,0.6325486222954524,0.6475633990972128,60.0,,24527.0,,unitless,macro candidate mean,fixed OOF candidate bootstrap; no refit,N3_core_001,0dee0f0f7308645afdce98d058add79ab68e6a740cb30d69c62d9162834eb4f6,补充表从固定外预测计算；保留原packet与source_run，未重拟合。 补充派生来源=metrics_001
N3,N3_selected__,L0,P_nat,HP,training_OOF_selected,raw,brier_two_class_sum,0.380288432040256,0.3738937483238718,0.3854839380269015,60.0,,24527.0,,unitless,macro candidate mean,fixed OOF candidate bootstrap; no refit,N3_core_001,0dee0f0f7308645afdce98d058add79ab68e6a740cb30d69c62d9162834eb4f6,补充表从固定外预测计算；保留原packet与source_run，未重拟合。 补充派生来源=metrics_001
N3,N3_selected__,L0,P_nat,HP,training_OOF_selected,temperature,ce_bits,0.8158266391511464,0.8054721981347824,0.8242202944513302,60.0,,24527.0,,bits/trial,macro candidate mean,fixed OOF candidate bootstrap; no refit,N3_core_001,0dee0f0f7308645afdce98d058add79ab68e6a740cb30d69c62d9162834eb4f6,补充表从固定外预测计算；保留原packet与source_run，未重拟合。 补充派生来源=metrics_001
N3,N3_selected__,L0,P_nat,HP,training_OOF_selected,temperature,bacc,0.5117411913446529,0.5090988964934376,0.5143710465917004,60.0,,24527.0,,unitless,macro candidate mean,fixed OOF candidate bootstrap; no refit,N3_core_001,0dee0f0f7308645afdce98d058add79ab68e6a740cb30d69c62d9162834eb4f6,补充表从固定外预测计算；保留原packet与source_run，未重拟合。 补充派生来源=metrics_001
N3,N3_selected__,L0,P_nat,HP,training_OOF_selected,temperature,auroc,0.6406025577415392,0.6325486222954524,0.6475633990972128,60.0,,24527.0,,unitless,macro candidate mean,fixed OOF candidate bootstrap; no refit,N3_core_001,0dee0f0f7308645afdce98d058add79ab68e6a740cb30d69c62d9162834eb4f6,补充表从固定外预测计算；保留原packet与source_run，未重拟合。 补充派生来源=metrics_001
N3,N3_selected__,L0,P_nat,HP,training_OOF_selected,temperature,brier_two_class_sum,0.3802634872760287,0.3738589652292196,0.3854540261004851,60.0,,24527.0,,unitless,macro candidate mean,fixed OOF candidate bootstrap; no refit,N3_core_001,0dee0f0f7308645afdce98d058add79ab68e6a740cb30d69c62d9162834eb4f6,补充表从固定外预测计算；保留原packet与source_run，未重拟合。 补充派生来源=metrics_001
N3,N3_selected__,L0,P_nat,Hnoise,training_OOF_selected,mixture_diagnostic,ce_bits,0.8163627099895986,0.8062500819668796,0.8246094733081969,60.0,,24527.0,,bits/trial,macro candidate mean,fixed OOF candidate bootstrap; no refit,N3_core_001,0dee0f0f7308645afdce98d058add79ab68e6a740cb30d69c62d9162834eb4f6,补充表从固定外预测计算；保留原packet与source_run，未重拟合。 补充派生来源=metrics_001
N3,N3_selected__,L0,P_nat,Hnoise,training_OOF_selected,mixture_diagnostic,bacc,0.5071206723857823,0.5054101383003804,0.5089134583111967,60.0,,24527.0,,unitless,macro candidate mean,fixed OOF candidate bootstrap; no refit,N3_core_001,0dee0f0f7308645afdce98d058add79ab68e6a740cb30d69c62d9162834eb4f6,补充表从固定外预测计算；保留原packet与source_run，未重拟合。 补充派生来源=metrics_001
N3,N3_selected__,L0,P_nat,Hnoise,training_OOF_selected,mixture_diagnostic,auroc,0.6395804925852232,0.6304769468218561,0.6475690196626456,60.0,,24527.0,,unitless,macro candidate mean,fixed OOF candidate bootstrap; no refit,N3_core_001,0dee0f0f7308645afdce98d058add79ab68e6a740cb30d69c62d9162834eb4f6,补充表从固定外预测计算；保留原packet与source_run，未重拟合。 补充派生来源=metrics_001
N3,N3_selected__,L0,P_nat,Hnoise,training_OOF_selected,mixture_diagnostic,brier_two_class_sum,0.3805475577987961,0.3741894188302299,0.3857676295184752,60.0,,24527.0,,unitless,macro candidate mean,fixed OOF candidate bootstrap; no refit,N3_core_001,0dee0f0f7308645afdce98d058add79ab68e6a740cb30d69c62d9162834eb4f6,补充表从固定外预测计算；保留原packet与source_run，未重拟合。 补充派生来源=metrics_001
N3,N3_selected__,L0,P_nat,Hnoise,training_OOF_selected,raw,ce_bits,0.8164491476791781,0.8063962050648688,0.8246323585249028,60.0,,24527.0,,bits/trial,macro candidate mean,fixed OOF candidate bootstrap; no refit,N3_core_001,0dee0f0f7308645afdce98d058add79ab68e6a740cb30d69c62d9162834eb4f6,补充表从固定外预测计算；保留原packet与source_run，未重拟合。 补充派生来源=metrics_001
N3,N3_selected__,L0,P_nat,Hnoise,training_OOF_selected,raw,bacc,0.5071206723857823,0.5054101383003804,0.5089134583111967,60.0,,24527.0,,unitless,macro candidate mean,fixed OOF candidate bootstrap; no refit,N3_core_001,0dee0f0f7308645afdce98d058add79ab68e6a740cb30d69c62d9162834eb4f6,补充表从固定外预测计算；保留原packet与source_run，未重拟合。 补充派生来源=metrics_001
N3,N3_selected__,L0,P_nat,Hnoise,training_OOF_selected,raw,auroc,0.6395804925852232,0.6304769468218561,0.6475690196626456,60.0,,24527.0,,unitless,macro candidate mean,fixed OOF candidate bootstrap; no refit,N3_core_001,0dee0f0f7308645afdce98d058add79ab68e6a740cb30d69c62d9162834eb4f6,补充表从固定外预测计算；保留原packet与source_run，未重拟合。 补充派生来源=metrics_001
N3,N3_selected__,L0,P_nat,Hnoise,training_OOF_selected,raw,brier_two_class_sum,0.3805981606595835,0.3742761952645532,0.3857763189505827,60.0,,24527.0,,unitless,macro candidate mean,fixed OOF candidate bootstrap; no refit,N3_core_001,0dee0f0f7308645afdce98d058add79ab68e6a740cb30d69c62d9162834eb4f6,补充表从固定外预测计算；保留原packet与source_run，未重拟合。 补充派生来源=metrics_001
N3,N3_selected__,L0,P_nat,Hnoise,training_OOF_selected,temperature,ce_bits,0.8163627099895986,0.8062500819668796,0.8246094733081969,60.0,,24527.0,,bits/trial,macro candidate mean,fixed OOF candidate bootstrap; no refit,N3_core_001,0dee0f0f7308645afdce98d058add79ab68e6a740cb30d69c62d9162834eb4f6,补充表从固定外预测计算；保留原packet与source_run，未重拟合。 补充派生来源=metrics_001
N3,N3_selected__,L0,P_nat,Hnoise,training_OOF_selected,temperature,bacc,0.5071206723857823,0.5054101383003804,0.5089134583111967,60.0,,24527.0,,unitless,macro candidate mean,fixed OOF candidate bootstrap; no refit,N3_core_001,0dee0f0f7308645afdce98d058add79ab68e6a740cb30d69c62d9162834eb4f6,补充表从固定外预测计算；保留原packet与source_run，未重拟合。 补充派生来源=metrics_001
N3,N3_selected__,L0,P_nat,Hnoise,training_OOF_selected,temperature,auroc,0.6395804925852232,0.6304769468218561,0.6475690196626456,60.0,,24527.0,,unitless,macro candidate mean,fixed OOF candidate bootstrap; no refit,N3_core_001,0dee0f0f7308645afdce98d058add79ab68e6a740cb30d69c62d9162834eb4f6,补充表从固定外预测计算；保留原packet与source_run，未重拟合。 补充派生来源=metrics_001
N3,N3_selected__,L0,P_nat,Hnoise,training_OOF_selected,temperature,brier_two_class_sum,0.3805475577987961,0.3741894188302299,0.3857676295184752,60.0,,24527.0,,unitless,macro candidate mean,fixed OOF candidate bootstrap; no refit,N3_core_001,0dee0f0f7308645afdce98d058add79ab68e6a740cb30d69c62d9162834eb4f6,补充表从固定外预测计算；保留原packet与source_run，未重拟合。 补充派生来源=metrics_001
N3,N3_selected__,R_SIM,P_bal,H,training_OOF_selected,mixture_diagnostic,ce_bits,0.7634127077121525,0.71496520572871,0.8322095244977264,60.0,,24527.0,,bits/trial,macro candidate mean,fixed OOF candidate bootstrap; no refit,N3_core_001,0dee0f0f7308645afdce98d058add79ab68e6a740cb30d69c62d9162834eb4f6,补充表从固定外预测计算；保留原packet与source_run，未重拟合。 补充派生来源=metrics_001
N3,N3_selected__,R_SIM,P_bal,H,training_OOF_selected,mixture_diagnostic,J_bits,0.23658729228784747,0.16779047550227355,0.28503479427128997,60.0,,24527.0,,bits/trial,macro candidate mean,fixed OOF candidate bootstrap; no refit,N3_core_001,0dee0f0f7308645afdce98d058add79ab68e6a740cb30d69c62d9162834eb4f6,补充表从固定外预测计算；保留原packet与source_run，未重拟合。 补充派生来源=metrics_001 P_bal二分类先验CE=1，J及区间仅精确代数变换；无新bootstrap/fit。
N3,N3_selected__,R_SIM,P_bal,H,training_OOF_selected,mixture_diagnostic,bacc,0.7491621215379928,0.7328881299524258,0.7617516106535697,60.0,,24527.0,,unitless,macro candidate mean,fixed OOF candidate bootstrap; no refit,N3_core_001,0dee0f0f7308645afdce98d058add79ab68e6a740cb30d69c62d9162834eb4f6,补充表从固定外预测计算；保留原packet与source_run，未重拟合。 补充派生来源=metrics_001
N3,N3_selected__,R_SIM,P_bal,H,training_OOF_selected,mixture_diagnostic,auroc,0.8258383053612082,0.8056938018194,0.8408656334624115,60.0,,24527.0,,unitless,macro candidate mean,fixed OOF candidate bootstrap; no refit,N3_core_001,0dee0f0f7308645afdce98d058add79ab68e6a740cb30d69c62d9162834eb4f6,补充表从固定外预测计算；保留原packet与source_run，未重拟合。 补充派生来源=metrics_001
N3,N3_selected__,R_SIM,P_bal,H,training_OOF_selected,mixture_diagnostic,brier_two_class_sum,0.3456407574181927,0.3273292498199152,0.3706098356169083,60.0,,24527.0,,unitless,macro candidate mean,fixed OOF candidate bootstrap; no refit,N3_core_001,0dee0f0f7308645afdce98d058add79ab68e6a740cb30d69c62d9162834eb4f6,补充表从固定外预测计算；保留原packet与source_run，未重拟合。 补充派生来源=metrics_001
N3,N3_selected__,R_SIM,P_bal,H,training_OOF_selected,raw,ce_bits,0.775635455436118,0.7451887450719805,0.8182442199936562,60.0,,24527.0,,bits/trial,macro candidate mean,fixed OOF candidate bootstrap; no refit,N3_core_001,0dee0f0f7308645afdce98d058add79ab68e6a740cb30d69c62d9162834eb4f6,补充表从固定外预测计算；保留原packet与source_run，未重拟合。 补充派生来源=metrics_001
N3,N3_selected__,R_SIM,P_bal,H,training_OOF_selected,raw,J_bits,0.224364544563882,0.18175578000634385,0.2548112549280195,60.0,,24527.0,,bits/trial,macro candidate mean,fixed OOF candidate bootstrap; no refit,N3_core_001,0dee0f0f7308645afdce98d058add79ab68e6a740cb30d69c62d9162834eb4f6,补充表从固定外预测计算；保留原packet与source_run，未重拟合。 补充派生来源=metrics_001 P_bal二分类先验CE=1，J及区间仅精确代数变换；无新bootstrap/fit。
N3,N3_selected__,R_SIM,P_bal,H,training_OOF_selected,raw,bacc,0.7491621215379928,0.7328881299524258,0.7617516106535697,60.0,,24527.0,,unitless,macro candidate mean,fixed OOF candidate bootstrap; no refit,N3_core_001,0dee0f0f7308645afdce98d058add79ab68e6a740cb30d69c62d9162834eb4f6,补充表从固定外预测计算；保留原packet与source_run，未重拟合。 补充派生来源=metrics_001
N3,N3_selected__,R_SIM,P_bal,H,training_OOF_selected,raw,auroc,0.8258383053612082,0.8056938018194,0.8408656334624115,60.0,,24527.0,,unitless,macro candidate mean,fixed OOF candidate bootstrap; no refit,N3_core_001,0dee0f0f7308645afdce98d058add79ab68e6a740cb30d69c62d9162834eb4f6,补充表从固定外预测计算；保留原packet与source_run，未重拟合。 补充派生来源=metrics_001
N3,N3_selected__,R_SIM,P_bal,H,training_OOF_selected,raw,brier_two_class_sum,0.3551088756605771,0.3405185387469013,0.3752048049935224,60.0,,24527.0,,unitless,macro candidate mean,fixed OOF candidate bootstrap; no refit,N3_core_001,0dee0f0f7308645afdce98d058add79ab68e6a740cb30d69c62d9162834eb4f6,补充表从固定外预测计算；保留原packet与source_run，未重拟合。 补充派生来源=metrics_001
N3,N3_selected__,R_SIM,P_bal,H,training_OOF_selected,temperature,ce_bits,0.7634127077121525,0.71496520572871,0.8322095244977264,60.0,,24527.0,,bits/trial,macro candidate mean,fixed OOF candidate bootstrap; no refit,N3_core_001,0dee0f0f7308645afdce98d058add79ab68e6a740cb30d69c62d9162834eb4f6,补充表从固定外预测计算；保留原packet与source_run，未重拟合。 补充派生来源=metrics_001
N3,N3_selected__,R_SIM,P_bal,H,training_OOF_selected,temperature,J_bits,0.23658729228784747,0.16779047550227355,0.28503479427128997,60.0,,24527.0,,bits/trial,macro candidate mean,fixed OOF candidate bootstrap; no refit,N3_core_001,0dee0f0f7308645afdce98d058add79ab68e6a740cb30d69c62d9162834eb4f6,补充表从固定外预测计算；保留原packet与source_run，未重拟合。 补充派生来源=metrics_001 P_bal二分类先验CE=1，J及区间仅精确代数变换；无新bootstrap/fit。
N3,N3_selected__,R_SIM,P_bal,H,training_OOF_selected,temperature,bacc,0.7491621215379928,0.7328881299524258,0.7617516106535697,60.0,,24527.0,,unitless,macro candidate mean,fixed OOF candidate bootstrap; no refit,N3_core_001,0dee0f0f7308645afdce98d058add79ab68e6a740cb30d69c62d9162834eb4f6,补充表从固定外预测计算；保留原packet与source_run，未重拟合。 补充派生来源=metrics_001
N3,N3_selected__,R_SIM,P_bal,H,training_OOF_selected,temperature,auroc,0.8258383053612082,0.8056938018194,0.8408656334624115,60.0,,24527.0,,unitless,macro candidate mean,fixed OOF candidate bootstrap; no refit,N3_core_001,0dee0f0f7308645afdce98d058add79ab68e6a740cb30d69c62d9162834eb4f6,补充表从固定外预测计算；保留原packet与source_run，未重拟合。 补充派生来源=metrics_001
N3,N3_selected__,R_SIM,P_bal,H,training_OOF_selected,temperature,brier_two_class_sum,0.3456407574181927,0.3273292498199152,0.3706098356169083,60.0,,24527.0,,unitless,macro candidate mean,fixed OOF candidate bootstrap; no refit,N3_core_001,0dee0f0f7308645afdce98d058add79ab68e6a740cb30d69c62d9162834eb4f6,补充表从固定外预测计算；保留原packet与source_run，未重拟合。 补充派生来源=metrics_001
N3,N3_selected__,R_SIM,P_bal,HB,training_OOF_selected,mixture_diagnostic,ce_bits,0.961136904160612,0.9559179493301122,0.9674970843233752,60.0,,24527.0,,bits/trial,macro candidate mean,fixed OOF candidate bootstrap; no refit,N3_core_001,0dee0f0f7308645afdce98d058add79ab68e6a740cb30d69c62d9162834eb4f6,补充表从固定外预测计算；保留原packet与source_run，未重拟合。 补充派生来源=metrics_001
N3,N3_selected__,R_SIM,P_bal,HB,training_OOF_selected,mixture_diagnostic,J_bits,0.03886309583938796,0.03250291567662478,0.044082050669887796,60.0,,24527.0,,bits/trial,macro candidate mean,fixed OOF candidate bootstrap; no refit,N3_core_001,0dee0f0f7308645afdce98d058add79ab68e6a740cb30d69c62d9162834eb4f6,补充表从固定外预测计算；保留原packet与source_run，未重拟合。 补充派生来源=metrics_001 P_bal二分类先验CE=1，J及区间仅精确代数变换；无新bootstrap/fit。
N3,N3_selected__,R_SIM,P_bal,HB,training_OOF_selected,mixture_diagnostic,bacc,0.5925004332998837,0.5877834208979628,0.5972252567493139,60.0,,24527.0,,unitless,macro candidate mean,fixed OOF candidate bootstrap; no refit,N3_core_001,0dee0f0f7308645afdce98d058add79ab68e6a740cb30d69c62d9162834eb4f6,补充表从固定外预测计算；保留原packet与source_run，未重拟合。 补充派生来源=metrics_001
N3,N3_selected__,R_SIM,P_bal,HB,training_OOF_selected,mixture_diagnostic,auroc,0.6335730215075324,0.6261920295948208,0.639922968371143,60.0,,24527.0,,unitless,macro candidate mean,fixed OOF candidate bootstrap; no refit,N3_core_001,0dee0f0f7308645afdce98d058add79ab68e6a740cb30d69c62d9162834eb4f6,补充表从固定外预测计算；保留原packet与source_run，未重拟合。 补充派生来源=metrics_001
N3,N3_selected__,R_SIM,P_bal,HB,training_OOF_selected,mixture_diagnostic,brier_two_class_sum,0.4734666862021955,0.4701205505280109,0.4774952403429521,60.0,,24527.0,,unitless,macro candidate mean,fixed OOF candidate bootstrap; no refit,N3_core_001,0dee0f0f7308645afdce98d058add79ab68e6a740cb30d69c62d9162834eb4f6,补充表从固定外预测计算；保留原packet与source_run，未重拟合。 补充派生来源=metrics_001
N3,N3_selected__,R_SIM,P_bal,HB,training_OOF_selected,raw,ce_bits,0.9609782799746218,0.9559621144230824,0.9671443629354016,60.0,,24527.0,,bits/trial,macro candidate mean,fixed OOF candidate bootstrap; no refit,N3_core_001,0dee0f0f7308645afdce98d058add79ab68e6a740cb30d69c62d9162834eb4f6,补充表从固定外预测计算；保留原packet与source_run，未重拟合。 补充派生来源=metrics_001
N3,N3_selected__,R_SIM,P_bal,HB,training_OOF_selected,raw,J_bits,0.03902172002537818,0.032855637064598375,0.04403788557691757,60.0,,24527.0,,bits/trial,macro candidate mean,fixed OOF candidate bootstrap; no refit,N3_core_001,0dee0f0f7308645afdce98d058add79ab68e6a740cb30d69c62d9162834eb4f6,补充表从固定外预测计算；保留原packet与source_run，未重拟合。 补充派生来源=metrics_001 P_bal二分类先验CE=1，J及区间仅精确代数变换；无新bootstrap/fit。
N3,N3_selected__,R_SIM,P_bal,HB,training_OOF_selected,raw,bacc,0.5925004332998837,0.5877834208979628,0.5972252567493139,60.0,,24527.0,,unitless,macro candidate mean,fixed OOF candidate bootstrap; no refit,N3_core_001,0dee0f0f7308645afdce98d058add79ab68e6a740cb30d69c62d9162834eb4f6,补充表从固定外预测计算；保留原packet与source_run，未重拟合。 补充派生来源=metrics_001
N3,N3_selected__,R_SIM,P_bal,HB,training_OOF_selected,raw,auroc,0.6335730215075324,0.6261920295948208,0.639922968371143,60.0,,24527.0,,unitless,macro candidate mean,fixed OOF candidate bootstrap; no refit,N3_core_001,0dee0f0f7308645afdce98d058add79ab68e6a740cb30d69c62d9162834eb4f6,补充表从固定外预测计算；保留原packet与source_run，未重拟合。 补充派生来源=metrics_001
N3,N3_selected__,R_SIM,P_bal,HB,training_OOF_selected,raw,brier_two_class_sum,0.4733672949078567,0.4701344830527506,0.4772954759983543,60.0,,24527.0,,unitless,macro candidate mean,fixed OOF candidate bootstrap; no refit,N3_core_001,0dee0f0f7308645afdce98d058add79ab68e6a740cb30d69c62d9162834eb4f6,补充表从固定外预测计算；保留原packet与source_run，未重拟合。 补充派生来源=metrics_001
N3,N3_selected__,R_SIM,P_bal,HB,training_OOF_selected,temperature,ce_bits,0.961136904160612,0.9559179493301122,0.9674970843233752,60.0,,24527.0,,bits/trial,macro candidate mean,fixed OOF candidate bootstrap; no refit,N3_core_001,0dee0f0f7308645afdce98d058add79ab68e6a740cb30d69c62d9162834eb4f6,补充表从固定外预测计算；保留原packet与source_run，未重拟合。 补充派生来源=metrics_001
N3,N3_selected__,R_SIM,P_bal,HB,training_OOF_selected,temperature,J_bits,0.03886309583938796,0.03250291567662478,0.044082050669887796,60.0,,24527.0,,bits/trial,macro candidate mean,fixed OOF candidate bootstrap; no refit,N3_core_001,0dee0f0f7308645afdce98d058add79ab68e6a740cb30d69c62d9162834eb4f6,补充表从固定外预测计算；保留原packet与source_run，未重拟合。 补充派生来源=metrics_001 P_bal二分类先验CE=1，J及区间仅精确代数变换；无新bootstrap/fit。
N3,N3_selected__,R_SIM,P_bal,HB,training_OOF_selected,temperature,bacc,0.5925004332998837,0.5877834208979628,0.5972252567493139,60.0,,24527.0,,unitless,macro candidate mean,fixed OOF candidate bootstrap; no refit,N3_core_001,0dee0f0f7308645afdce98d058add79ab68e6a740cb30d69c62d9162834eb4f6,补充表从固定外预测计算；保留原packet与source_run，未重拟合。 补充派生来源=metrics_001
N3,N3_selected__,R_SIM,P_bal,HB,training_OOF_selected,temperature,auroc,0.6335730215075324,0.6261920295948208,0.639922968371143,60.0,,24527.0,,unitless,macro candidate mean,fixed OOF candidate bootstrap; no refit,N3_core_001,0dee0f0f7308645afdce98d058add79ab68e6a740cb30d69c62d9162834eb4f6,补充表从固定外预测计算；保留原packet与source_run，未重拟合。 补充派生来源=metrics_001
N3,N3_selected__,R_SIM,P_bal,HB,training_OOF_selected,temperature,brier_two_class_sum,0.4734666862021955,0.4701205505280109,0.4774952403429521,60.0,,24527.0,,unitless,macro candidate mean,fixed OOF candidate bootstrap; no refit,N3_core_001,0dee0f0f7308645afdce98d058add79ab68e6a740cb30d69c62d9162834eb4f6,补充表从固定外预测计算；保留原packet与source_run，未重拟合。 补充派生来源=metrics_001
N3,N3_selected__,R_SIM,P_bal,HBP,training_OOF_selected,mixture_diagnostic,ce_bits,0.9616525803629404,0.9562448701690088,0.9681115335233512,60.0,,24527.0,,bits/trial,macro candidate mean,fixed OOF candidate bootstrap; no refit,N3_core_001,0dee0f0f7308645afdce98d058add79ab68e6a740cb30d69c62d9162834eb4f6,补充表从固定外预测计算；保留原packet与source_run，未重拟合。 补充派生来源=metrics_001
N3,N3_selected__,R_SIM,P_bal,HBP,training_OOF_selected,mixture_diagnostic,J_bits,0.038347419637059565,0.03188846647664878,0.04375512983099117,60.0,,24527.0,,bits/trial,macro candidate mean,fixed OOF candidate bootstrap; no refit,N3_core_001,0dee0f0f7308645afdce98d058add79ab68e6a740cb30d69c62d9162834eb4f6,补充表从固定外预测计算；保留原packet与source_run，未重拟合。 补充派生来源=metrics_001 P_bal二分类先验CE=1，J及区间仅精确代数变换；无新bootstrap/fit。
N3,N3_selected__,R_SIM,P_bal,HBP,training_OOF_selected,mixture_diagnostic,bacc,0.594954102671769,0.5891676064120173,0.6002408274742568,60.0,,24527.0,,unitless,macro candidate mean,fixed OOF candidate bootstrap; no refit,N3_core_001,0dee0f0f7308645afdce98d058add79ab68e6a740cb30d69c62d9162834eb4f6,补充表从固定外预测计算；保留原packet与source_run，未重拟合。 补充派生来源=metrics_001
N3,N3_selected__,R_SIM,P_bal,HBP,training_OOF_selected,mixture_diagnostic,auroc,0.6325834078509076,0.6245870087787394,0.6398505562016013,60.0,,24527.0,,unitless,macro candidate mean,fixed OOF candidate bootstrap; no refit,N3_core_001,0dee0f0f7308645afdce98d058add79ab68e6a740cb30d69c62d9162834eb4f6,补充表从固定外预测计算；保留原packet与source_run，未重拟合。 补充派生来源=metrics_001
N3,N3_selected__,R_SIM,P_bal,HBP,training_OOF_selected,mixture_diagnostic,brier_two_class_sum,0.4737841210762021,0.4703324123850564,0.4778130127616145,60.0,,24527.0,,unitless,macro candidate mean,fixed OOF candidate bootstrap; no refit,N3_core_001,0dee0f0f7308645afdce98d058add79ab68e6a740cb30d69c62d9162834eb4f6,补充表从固定外预测计算；保留原packet与source_run，未重拟合。 补充派生来源=metrics_001
N3,N3_selected__,R_SIM,P_bal,HBP,training_OOF_selected,raw,ce_bits,0.9617478496734422,0.9560003436620044,0.9685565884360782,60.0,,24527.0,,bits/trial,macro candidate mean,fixed OOF candidate bootstrap; no refit,N3_core_001,0dee0f0f7308645afdce98d058add79ab68e6a740cb30d69c62d9162834eb4f6,补充表从固定外预测计算；保留原packet与source_run，未重拟合。 补充派生来源=metrics_001
N3,N3_selected__,R_SIM,P_bal,HBP,training_OOF_selected,raw,J_bits,0.03825215032655782,0.03144341156392183,0.04399965633799563,60.0,,24527.0,,bits/trial,macro candidate mean,fixed OOF candidate bootstrap; no refit,N3_core_001,0dee0f0f7308645afdce98d058add79ab68e6a740cb30d69c62d9162834eb4f6,补充表从固定外预测计算；保留原packet与source_run，未重拟合。 补充派生来源=metrics_001 P_bal二分类先验CE=1，J及区间仅精确代数变换；无新bootstrap/fit。
N3,N3_selected__,R_SIM,P_bal,HBP,training_OOF_selected,raw,bacc,0.594954102671769,0.5891676064120173,0.6002408274742568,60.0,,24527.0,,unitless,macro candidate mean,fixed OOF candidate bootstrap; no refit,N3_core_001,0dee0f0f7308645afdce98d058add79ab68e6a740cb30d69c62d9162834eb4f6,补充表从固定外预测计算；保留原packet与source_run，未重拟合。 补充派生来源=metrics_001
N3,N3_selected__,R_SIM,P_bal,HBP,training_OOF_selected,raw,auroc,0.6325834078509076,0.6245870087787394,0.6398505562016013,60.0,,24527.0,,unitless,macro candidate mean,fixed OOF candidate bootstrap; no refit,N3_core_001,0dee0f0f7308645afdce98d058add79ab68e6a740cb30d69c62d9162834eb4f6,补充表从固定外预测计算；保留原packet与source_run，未重拟合。 补充派生来源=metrics_001
N3,N3_selected__,R_SIM,P_bal,HBP,training_OOF_selected,raw,brier_two_class_sum,0.4738214000812316,0.4701787851528325,0.4780078908893885,60.0,,24527.0,,unitless,macro candidate mean,fixed OOF candidate bootstrap; no refit,N3_core_001,0dee0f0f7308645afdce98d058add79ab68e6a740cb30d69c62d9162834eb4f6,补充表从固定外预测计算；保留原packet与source_run，未重拟合。 补充派生来源=metrics_001
N3,N3_selected__,R_SIM,P_bal,HBP,training_OOF_selected,temperature,ce_bits,0.9616525803629404,0.9562448701690088,0.9681115335233512,60.0,,24527.0,,bits/trial,macro candidate mean,fixed OOF candidate bootstrap; no refit,N3_core_001,0dee0f0f7308645afdce98d058add79ab68e6a740cb30d69c62d9162834eb4f6,补充表从固定外预测计算；保留原packet与source_run，未重拟合。 补充派生来源=metrics_001
N3,N3_selected__,R_SIM,P_bal,HBP,training_OOF_selected,temperature,J_bits,0.038347419637059565,0.03188846647664878,0.04375512983099117,60.0,,24527.0,,bits/trial,macro candidate mean,fixed OOF candidate bootstrap; no refit,N3_core_001,0dee0f0f7308645afdce98d058add79ab68e6a740cb30d69c62d9162834eb4f6,补充表从固定外预测计算；保留原packet与source_run，未重拟合。 补充派生来源=metrics_001 P_bal二分类先验CE=1，J及区间仅精确代数变换；无新bootstrap/fit。
N3,N3_selected__,R_SIM,P_bal,HBP,training_OOF_selected,temperature,bacc,0.594954102671769,0.5891676064120173,0.6002408274742568,60.0,,24527.0,,unitless,macro candidate mean,fixed OOF candidate bootstrap; no refit,N3_core_001,0dee0f0f7308645afdce98d058add79ab68e6a740cb30d69c62d9162834eb4f6,补充表从固定外预测计算；保留原packet与source_run，未重拟合。 补充派生来源=metrics_001
N3,N3_selected__,R_SIM,P_bal,HBP,training_OOF_selected,temperature,auroc,0.6325834078509076,0.6245870087787394,0.6398505562016013,60.0,,24527.0,,unitless,macro candidate mean,fixed OOF candidate bootstrap; no refit,N3_core_001,0dee0f0f7308645afdce98d058add79ab68e6a740cb30d69c62d9162834eb4f6,补充表从固定外预测计算；保留原packet与source_run，未重拟合。 补充派生来源=metrics_001
N3,N3_selected__,R_SIM,P_bal,HBP,training_OOF_selected,temperature,brier_two_class_sum,0.4737841210762021,0.4703324123850564,0.4778130127616145,60.0,,24527.0,,unitless,macro candidate mean,fixed OOF candidate bootstrap; no refit,N3_core_001,0dee0f0f7308645afdce98d058add79ab68e6a740cb30d69c62d9162834eb4f6,补充表从固定外预测计算；保留原packet与source_run，未重拟合。 补充派生来源=metrics_001
N3,N3_selected__,R_SIM,P_bal,HP,training_OOF_selected,mixture_diagnostic,ce_bits,0.9584800967944934,0.9528945750327632,0.9655649915492436,60.0,,24527.0,,bits/trial,macro candidate mean,fixed OOF candidate bootstrap; no refit,N3_core_001,0dee0f0f7308645afdce98d058add79ab68e6a740cb30d69c62d9162834eb4f6,补充表从固定外预测计算；保留原packet与source_run，未重拟合。 补充派生来源=metrics_001
N3,N3_selected__,R_SIM,P_bal,HP,training_OOF_selected,mixture_diagnostic,J_bits,0.04151990320550658,0.03443500845075642,0.0471054249672368,60.0,,24527.0,,bits/trial,macro candidate mean,fixed OOF candidate bootstrap; no refit,N3_core_001,0dee0f0f7308645afdce98d058add79ab68e6a740cb30d69c62d9162834eb4f6,补充表从固定外预测计算；保留原packet与source_run，未重拟合。 补充派生来源=metrics_001 P_bal二分类先验CE=1，J及区间仅精确代数变换；无新bootstrap/fit。
N3,N3_selected__,R_SIM,P_bal,HP,training_OOF_selected,mixture_diagnostic,bacc,0.5970903432648306,0.5921455029565192,0.6020159544105882,60.0,,24527.0,,unitless,macro candidate mean,fixed OOF candidate bootstrap; no refit,N3_core_001,0dee0f0f7308645afdce98d058add79ab68e6a740cb30d69c62d9162834eb4f6,补充表从固定外预测计算；保留原packet与source_run，未重拟合。 补充派生来源=metrics_001
N3,N3_selected__,R_SIM,P_bal,HP,training_OOF_selected,mixture_diagnostic,auroc,0.6380796322662639,0.6298360339862431,0.6453892778761877,60.0,,24527.0,,unitless,macro candidate mean,fixed OOF candidate bootstrap; no refit,N3_core_001,0dee0f0f7308645afdce98d058add79ab68e6a740cb30d69c62d9162834eb4f6,补充表从固定外预测计算；保留原packet与source_run，未重拟合。 补充派生来源=metrics_001
N3,N3_selected__,R_SIM,P_bal,HP,training_OOF_selected,mixture_diagnostic,brier_two_class_sum,0.4716889768252617,0.468087655187069,0.4761605954095074,60.0,,24527.0,,unitless,macro candidate mean,fixed OOF candidate bootstrap; no refit,N3_core_001,0dee0f0f7308645afdce98d058add79ab68e6a740cb30d69c62d9162834eb4f6,补充表从固定外预测计算；保留原packet与source_run，未重拟合。 补充派生来源=metrics_001
N3,N3_selected__,R_SIM,P_bal,HP,training_OOF_selected,raw,ce_bits,0.9582999857907538,0.95286921801979,0.9649685933282252,60.0,,24527.0,,bits/trial,macro candidate mean,fixed OOF candidate bootstrap; no refit,N3_core_001,0dee0f0f7308645afdce98d058add79ab68e6a740cb30d69c62d9162834eb4f6,补充表从固定外预测计算；保留原packet与source_run，未重拟合。 补充派生来源=metrics_001
N3,N3_selected__,R_SIM,P_bal,HP,training_OOF_selected,raw,J_bits,0.04170001420924618,0.035031406671774845,0.047130781980210035,60.0,,24527.0,,bits/trial,macro candidate mean,fixed OOF candidate bootstrap; no refit,N3_core_001,0dee0f0f7308645afdce98d058add79ab68e6a740cb30d69c62d9162834eb4f6,补充表从固定外预测计算；保留原packet与source_run，未重拟合。 补充派生来源=metrics_001 P_bal二分类先验CE=1，J及区间仅精确代数变换；无新bootstrap/fit。
N3,N3_selected__,R_SIM,P_bal,HP,training_OOF_selected,raw,bacc,0.5970903432648306,0.5921455029565192,0.6020159544105882,60.0,,24527.0,,unitless,macro candidate mean,fixed OOF candidate bootstrap; no refit,N3_core_001,0dee0f0f7308645afdce98d058add79ab68e6a740cb30d69c62d9162834eb4f6,补充表从固定外预测计算；保留原packet与source_run，未重拟合。 补充派生来源=metrics_001
N3,N3_selected__,R_SIM,P_bal,HP,training_OOF_selected,raw,auroc,0.6380796322662639,0.6298360339862431,0.6453892778761877,60.0,,24527.0,,unitless,macro candidate mean,fixed OOF candidate bootstrap; no refit,N3_core_001,0dee0f0f7308645afdce98d058add79ab68e6a740cb30d69c62d9162834eb4f6,补充表从固定外预测计算；保留原packet与source_run，未重拟合。 补充派生来源=metrics_001
N3,N3_selected__,R_SIM,P_bal,HP,training_OOF_selected,raw,brier_two_class_sum,0.4715884695056327,0.4680792803242785,0.475841847205128,60.0,,24527.0,,unitless,macro candidate mean,fixed OOF candidate bootstrap; no refit,N3_core_001,0dee0f0f7308645afdce98d058add79ab68e6a740cb30d69c62d9162834eb4f6,补充表从固定外预测计算；保留原packet与source_run，未重拟合。 补充派生来源=metrics_001
N3,N3_selected__,R_SIM,P_bal,HP,training_OOF_selected,temperature,ce_bits,0.9584800967944934,0.9528945750327632,0.9655649915492436,60.0,,24527.0,,bits/trial,macro candidate mean,fixed OOF candidate bootstrap; no refit,N3_core_001,0dee0f0f7308645afdce98d058add79ab68e6a740cb30d69c62d9162834eb4f6,补充表从固定外预测计算；保留原packet与source_run，未重拟合。 补充派生来源=metrics_001
N3,N3_selected__,R_SIM,P_bal,HP,training_OOF_selected,temperature,J_bits,0.04151990320550658,0.03443500845075642,0.0471054249672368,60.0,,24527.0,,bits/trial,macro candidate mean,fixed OOF candidate bootstrap; no refit,N3_core_001,0dee0f0f7308645afdce98d058add79ab68e6a740cb30d69c62d9162834eb4f6,补充表从固定外预测计算；保留原packet与source_run，未重拟合。 补充派生来源=metrics_001 P_bal二分类先验CE=1，J及区间仅精确代数变换；无新bootstrap/fit。
N3,N3_selected__,R_SIM,P_bal,HP,training_OOF_selected,temperature,bacc,0.5970903432648306,0.5921455029565192,0.6020159544105882,60.0,,24527.0,,unitless,macro candidate mean,fixed OOF candidate bootstrap; no refit,N3_core_001,0dee0f0f7308645afdce98d058add79ab68e6a740cb30d69c62d9162834eb4f6,补充表从固定外预测计算；保留原packet与source_run，未重拟合。 补充派生来源=metrics_001
N3,N3_selected__,R_SIM,P_bal,HP,training_OOF_selected,temperature,auroc,0.6380796322662639,0.6298360339862431,0.6453892778761877,60.0,,24527.0,,unitless,macro candidate mean,fixed OOF candidate bootstrap; no refit,N3_core_001,0dee0f0f7308645afdce98d058add79ab68e6a740cb30d69c62d9162834eb4f6,补充表从固定外预测计算；保留原packet与source_run，未重拟合。 补充派生来源=metrics_001
N3,N3_selected__,R_SIM,P_bal,HP,training_OOF_selected,temperature,brier_two_class_sum,0.4716889768252617,0.468087655187069,0.4761605954095074,60.0,,24527.0,,unitless,macro candidate mean,fixed OOF candidate bootstrap; no refit,N3_core_001,0dee0f0f7308645afdce98d058add79ab68e6a740cb30d69c62d9162834eb4f6,补充表从固定外预测计算；保留原packet与source_run，未重拟合。 补充派生来源=metrics_001
N3,N3_selected__,R_SIM,P_bal,Hnoise,training_OOF_selected,mixture_diagnostic,ce_bits,0.9590574492592449,0.9538913592891076,0.965244683194816,60.0,,24527.0,,bits/trial,macro candidate mean,fixed OOF candidate bootstrap; no refit,N3_core_001,0dee0f0f7308645afdce98d058add79ab68e6a740cb30d69c62d9162834eb4f6,补充表从固定外预测计算；保留原packet与source_run，未重拟合。 补充派生来源=metrics_001
N3,N3_selected__,R_SIM,P_bal,Hnoise,training_OOF_selected,mixture_diagnostic,J_bits,0.040942550740755146,0.034755316805183956,0.04610864071089238,60.0,,24527.0,,bits/trial,macro candidate mean,fixed OOF candidate bootstrap; no refit,N3_core_001,0dee0f0f7308645afdce98d058add79ab68e6a740cb30d69c62d9162834eb4f6,补充表从固定外预测计算；保留原packet与source_run，未重拟合。 补充派生来源=metrics_001 P_bal二分类先验CE=1，J及区间仅精确代数变换；无新bootstrap/fit。
N3,N3_selected__,R_SIM,P_bal,Hnoise,training_OOF_selected,mixture_diagnostic,bacc,0.590808469393013,0.5845065811034045,0.5968722476871099,60.0,,24527.0,,unitless,macro candidate mean,fixed OOF candidate bootstrap; no refit,N3_core_001,0dee0f0f7308645afdce98d058add79ab68e6a740cb30d69c62d9162834eb4f6,补充表从固定外预测计算；保留原packet与source_run，未重拟合。 补充派生来源=metrics_001
N3,N3_selected__,R_SIM,P_bal,Hnoise,training_OOF_selected,mixture_diagnostic,auroc,0.6367133366288236,0.6284856646599869,0.6441563325456172,60.0,,24527.0,,unitless,macro candidate mean,fixed OOF candidate bootstrap; no refit,N3_core_001,0dee0f0f7308645afdce98d058add79ab68e6a740cb30d69c62d9162834eb4f6,补充表从固定外预测计算；保留原packet与source_run，未重拟合。 补充派生来源=metrics_001
N3,N3_selected__,R_SIM,P_bal,Hnoise,training_OOF_selected,mixture_diagnostic,brier_two_class_sum,0.4721818509512291,0.4688126121851939,0.4761868900813616,60.0,,24527.0,,unitless,macro candidate mean,fixed OOF candidate bootstrap; no refit,N3_core_001,0dee0f0f7308645afdce98d058add79ab68e6a740cb30d69c62d9162834eb4f6,补充表从固定外预测计算；保留原packet与source_run，未重拟合。 补充派生来源=metrics_001
N3,N3_selected__,R_SIM,P_bal,Hnoise,training_OOF_selected,raw,ce_bits,0.9590454675160268,0.9539949136693572,0.9651021329879887,60.0,,24527.0,,bits/trial,macro candidate mean,fixed OOF candidate bootstrap; no refit,N3_core_001,0dee0f0f7308645afdce98d058add79ab68e6a740cb30d69c62d9162834eb4f6,补充表从固定外预测计算；保留原packet与source_run，未重拟合。 补充派生来源=metrics_001
N3,N3_selected__,R_SIM,P_bal,Hnoise,training_OOF_selected,raw,J_bits,0.04095453248397318,0.03489786701201125,0.04600508633064282,60.0,,24527.0,,bits/trial,macro candidate mean,fixed OOF candidate bootstrap; no refit,N3_core_001,0dee0f0f7308645afdce98d058add79ab68e6a740cb30d69c62d9162834eb4f6,补充表从固定外预测计算；保留原packet与source_run，未重拟合。 补充派生来源=metrics_001 P_bal二分类先验CE=1，J及区间仅精确代数变换；无新bootstrap/fit。
N3,N3_selected__,R_SIM,P_bal,Hnoise,training_OOF_selected,raw,bacc,0.590808469393013,0.5845065811034045,0.5968722476871099,60.0,,24527.0,,unitless,macro candidate mean,fixed OOF candidate bootstrap; no refit,N3_core_001,0dee0f0f7308645afdce98d058add79ab68e6a740cb30d69c62d9162834eb4f6,补充表从固定外预测计算；保留原packet与source_run，未重拟合。 补充派生来源=metrics_001
N3,N3_selected__,R_SIM,P_bal,Hnoise,training_OOF_selected,raw,auroc,0.6367133366288236,0.6284856646599869,0.6441563325456172,60.0,,24527.0,,unitless,macro candidate mean,fixed OOF candidate bootstrap; no refit,N3_core_001,0dee0f0f7308645afdce98d058add79ab68e6a740cb30d69c62d9162834eb4f6,补充表从固定外预测计算；保留原packet与source_run，未重拟合。 补充派生来源=metrics_001
N3,N3_selected__,R_SIM,P_bal,Hnoise,training_OOF_selected,raw,brier_two_class_sum,0.4721668453870837,0.4688704255430289,0.4761449172667323,60.0,,24527.0,,unitless,macro candidate mean,fixed OOF candidate bootstrap; no refit,N3_core_001,0dee0f0f7308645afdce98d058add79ab68e6a740cb30d69c62d9162834eb4f6,补充表从固定外预测计算；保留原packet与source_run，未重拟合。 补充派生来源=metrics_001
N3,N3_selected__,R_SIM,P_bal,Hnoise,training_OOF_selected,temperature,ce_bits,0.9590574492592449,0.9538913592891076,0.965244683194816,60.0,,24527.0,,bits/trial,macro candidate mean,fixed OOF candidate bootstrap; no refit,N3_core_001,0dee0f0f7308645afdce98d058add79ab68e6a740cb30d69c62d9162834eb4f6,补充表从固定外预测计算；保留原packet与source_run，未重拟合。 补充派生来源=metrics_001
N3,N3_selected__,R_SIM,P_bal,Hnoise,training_OOF_selected,temperature,J_bits,0.040942550740755146,0.034755316805183956,0.04610864071089238,60.0,,24527.0,,bits/trial,macro candidate mean,fixed OOF candidate bootstrap; no refit,N3_core_001,0dee0f0f7308645afdce98d058add79ab68e6a740cb30d69c62d9162834eb4f6,补充表从固定外预测计算；保留原packet与source_run，未重拟合。 补充派生来源=metrics_001 P_bal二分类先验CE=1，J及区间仅精确代数变换；无新bootstrap/fit。
N3,N3_selected__,R_SIM,P_bal,Hnoise,training_OOF_selected,temperature,bacc,0.590808469393013,0.5845065811034045,0.5968722476871099,60.0,,24527.0,,unitless,macro candidate mean,fixed OOF candidate bootstrap; no refit,N3_core_001,0dee0f0f7308645afdce98d058add79ab68e6a740cb30d69c62d9162834eb4f6,补充表从固定外预测计算；保留原packet与source_run，未重拟合。 补充派生来源=metrics_001
N3,N3_selected__,R_SIM,P_bal,Hnoise,training_OOF_selected,temperature,auroc,0.6367133366288236,0.6284856646599869,0.6441563325456172,60.0,,24527.0,,unitless,macro candidate mean,fixed OOF candidate bootstrap; no refit,N3_core_001,0dee0f0f7308645afdce98d058add79ab68e6a740cb30d69c62d9162834eb4f6,补充表从固定外预测计算；保留原packet与source_run，未重拟合。 补充派生来源=metrics_001
N3,N3_selected__,R_SIM,P_bal,Hnoise,training_OOF_selected,temperature,brier_two_class_sum,0.4721818509512291,0.4688126121851939,0.4761868900813616,60.0,,24527.0,,unitless,macro candidate mean,fixed OOF candidate bootstrap; no refit,N3_core_001,0dee0f0f7308645afdce98d058add79ab68e6a740cb30d69c62d9162834eb4f6,补充表从固定外预测计算；保留原packet与source_run，未重拟合。 补充派生来源=metrics_001
N3,N3_selected__,R_SIM,P_nat,H,training_OOF_selected,mixture_diagnostic,ce_bits,0.7653063722679035,0.7599001436075518,0.7703434872196671,60.0,,24527.0,,bits/trial,macro candidate mean,fixed OOF candidate bootstrap; no refit,N3_core_001,0dee0f0f7308645afdce98d058add79ab68e6a740cb30d69c62d9162834eb4f6,补充表从固定外预测计算；保留原packet与source_run，未重拟合。 补充派生来源=metrics_001
N3,N3_selected__,R_SIM,P_nat,H,training_OOF_selected,mixture_diagnostic,bacc,0.5693354908829352,0.564810266098376,0.5737795187167852,60.0,,24527.0,,unitless,macro candidate mean,fixed OOF candidate bootstrap; no refit,N3_core_001,0dee0f0f7308645afdce98d058add79ab68e6a740cb30d69c62d9162834eb4f6,补充表从固定外预测计算；保留原packet与source_run，未重拟合。 补充派生来源=metrics_001
N3,N3_selected__,R_SIM,P_nat,H,training_OOF_selected,mixture_diagnostic,auroc,0.7168086732669584,0.7017963465117483,0.7273480070277386,60.0,,24527.0,,unitless,macro candidate mean,fixed OOF candidate bootstrap; no refit,N3_core_001,0dee0f0f7308645afdce98d058add79ab68e6a740cb30d69c62d9162834eb4f6,补充表从固定外预测计算；保留原packet与source_run，未重拟合。 补充派生来源=metrics_001
N3,N3_selected__,R_SIM,P_nat,H,training_OOF_selected,mixture_diagnostic,brier_two_class_sum,0.3523916203743112,0.3489432030381073,0.3556096454979507,60.0,,24527.0,,unitless,macro candidate mean,fixed OOF candidate bootstrap; no refit,N3_core_001,0dee0f0f7308645afdce98d058add79ab68e6a740cb30d69c62d9162834eb4f6,补充表从固定外预测计算；保留原packet与source_run，未重拟合。 补充派生来源=metrics_001
N3,N3_selected__,R_SIM,P_nat,H,training_OOF_selected,raw,ce_bits,0.766183948622093,0.7612118880019464,0.7708938735142995,60.0,,24527.0,,bits/trial,macro candidate mean,fixed OOF candidate bootstrap; no refit,N3_core_001,0dee0f0f7308645afdce98d058add79ab68e6a740cb30d69c62d9162834eb4f6,补充表从固定外预测计算；保留原packet与source_run，未重拟合。 补充派生来源=metrics_001
N3,N3_selected__,R_SIM,P_nat,H,training_OOF_selected,raw,bacc,0.5693354908829352,0.564810266098376,0.5737795187167852,60.0,,24527.0,,unitless,macro candidate mean,fixed OOF candidate bootstrap; no refit,N3_core_001,0dee0f0f7308645afdce98d058add79ab68e6a740cb30d69c62d9162834eb4f6,补充表从固定外预测计算；保留原packet与source_run，未重拟合。 补充派生来源=metrics_001
N3,N3_selected__,R_SIM,P_nat,H,training_OOF_selected,raw,auroc,0.7168086732669584,0.7017963465117483,0.7273480070277386,60.0,,24527.0,,unitless,macro candidate mean,fixed OOF candidate bootstrap; no refit,N3_core_001,0dee0f0f7308645afdce98d058add79ab68e6a740cb30d69c62d9162834eb4f6,补充表从固定外预测计算；保留原packet与source_run，未重拟合。 补充派生来源=metrics_001
N3,N3_selected__,R_SIM,P_nat,H,training_OOF_selected,raw,brier_two_class_sum,0.3526675719886784,0.3493503336274329,0.3557087166472738,60.0,,24527.0,,unitless,macro candidate mean,fixed OOF candidate bootstrap; no refit,N3_core_001,0dee0f0f7308645afdce98d058add79ab68e6a740cb30d69c62d9162834eb4f6,补充表从固定外预测计算；保留原packet与source_run，未重拟合。 补充派生来源=metrics_001
N3,N3_selected__,R_SIM,P_nat,H,training_OOF_selected,temperature,ce_bits,0.7653063722679035,0.7599001436075518,0.7703434872196671,60.0,,24527.0,,bits/trial,macro candidate mean,fixed OOF candidate bootstrap; no refit,N3_core_001,0dee0f0f7308645afdce98d058add79ab68e6a740cb30d69c62d9162834eb4f6,补充表从固定外预测计算；保留原packet与source_run，未重拟合。 补充派生来源=metrics_001
N3,N3_selected__,R_SIM,P_nat,H,training_OOF_selected,temperature,bacc,0.5693354908829352,0.564810266098376,0.5737795187167852,60.0,,24527.0,,unitless,macro candidate mean,fixed OOF candidate bootstrap; no refit,N3_core_001,0dee0f0f7308645afdce98d058add79ab68e6a740cb30d69c62d9162834eb4f6,补充表从固定外预测计算；保留原packet与source_run，未重拟合。 补充派生来源=metrics_001
N3,N3_selected__,R_SIM,P_nat,H,training_OOF_selected,temperature,auroc,0.7168086732669584,0.7017963465117483,0.7273480070277386,60.0,,24527.0,,unitless,macro candidate mean,fixed OOF candidate bootstrap; no refit,N3_core_001,0dee0f0f7308645afdce98d058add79ab68e6a740cb30d69c62d9162834eb4f6,补充表从固定外预测计算；保留原packet与source_run，未重拟合。 补充派生来源=metrics_001
N3,N3_selected__,R_SIM,P_nat,H,training_OOF_selected,temperature,brier_two_class_sum,0.3523916203743112,0.3489432030381073,0.3556096454979507,60.0,,24527.0,,unitless,macro candidate mean,fixed OOF candidate bootstrap; no refit,N3_core_001,0dee0f0f7308645afdce98d058add79ab68e6a740cb30d69c62d9162834eb4f6,补充表从固定外预测计算；保留原packet与source_run，未重拟合。 补充派生来源=metrics_001
N3,N3_selected__,R_SIM,P_nat,HB,training_OOF_selected,mixture_diagnostic,ce_bits,0.8183336119028356,0.8080351298861365,0.8264922818166528,60.0,,24527.0,,bits/trial,macro candidate mean,fixed OOF candidate bootstrap; no refit,N3_core_001,0dee0f0f7308645afdce98d058add79ab68e6a740cb30d69c62d9162834eb4f6,补充表从固定外预测计算；保留原packet与source_run，未重拟合。 补充派生来源=metrics_001
N3,N3_selected__,R_SIM,P_nat,HB,training_OOF_selected,mixture_diagnostic,bacc,0.5062037016427512,0.504515825835739,0.5080331812623596,60.0,,24527.0,,unitless,macro candidate mean,fixed OOF candidate bootstrap; no refit,N3_core_001,0dee0f0f7308645afdce98d058add79ab68e6a740cb30d69c62d9162834eb4f6,补充表从固定外预测计算；保留原packet与source_run，未重拟合。 补充派生来源=metrics_001
N3,N3_selected__,R_SIM,P_nat,HB,training_OOF_selected,mixture_diagnostic,auroc,0.6359292347131463,0.628187116734381,0.642784010110689,60.0,,24527.0,,unitless,macro candidate mean,fixed OOF candidate bootstrap; no refit,N3_core_001,0dee0f0f7308645afdce98d058add79ab68e6a740cb30d69c62d9162834eb4f6,补充表从固定外预测计算；保留原packet与source_run，未重拟合。 补充派生来源=metrics_001
N3,N3_selected__,R_SIM,P_nat,HB,training_OOF_selected,mixture_diagnostic,brier_two_class_sum,0.3815816888122915,0.3751212311602911,0.3867539876896959,60.0,,24527.0,,unitless,macro candidate mean,fixed OOF candidate bootstrap; no refit,N3_core_001,0dee0f0f7308645afdce98d058add79ab68e6a740cb30d69c62d9162834eb4f6,补充表从固定外预测计算；保留原packet与source_run，未重拟合。 补充派生来源=metrics_001
N3,N3_selected__,R_SIM,P_nat,HB,training_OOF_selected,raw,ce_bits,0.8183997743555713,0.8081838347431647,0.8265220813981482,60.0,,24527.0,,bits/trial,macro candidate mean,fixed OOF candidate bootstrap; no refit,N3_core_001,0dee0f0f7308645afdce98d058add79ab68e6a740cb30d69c62d9162834eb4f6,补充表从固定外预测计算；保留原packet与source_run，未重拟合。 补充派生来源=metrics_001
N3,N3_selected__,R_SIM,P_nat,HB,training_OOF_selected,raw,bacc,0.5062037016427512,0.504515825835739,0.5080331812623596,60.0,,24527.0,,unitless,macro candidate mean,fixed OOF candidate bootstrap; no refit,N3_core_001,0dee0f0f7308645afdce98d058add79ab68e6a740cb30d69c62d9162834eb4f6,补充表从固定外预测计算；保留原packet与source_run，未重拟合。 补充派生来源=metrics_001
N3,N3_selected__,R_SIM,P_nat,HB,training_OOF_selected,raw,auroc,0.6359292347131463,0.628187116734381,0.642784010110689,60.0,,24527.0,,unitless,macro candidate mean,fixed OOF candidate bootstrap; no refit,N3_core_001,0dee0f0f7308645afdce98d058add79ab68e6a740cb30d69c62d9162834eb4f6,补充表从固定外预测计算；保留原packet与source_run，未重拟合。 补充派生来源=metrics_001
N3,N3_selected__,R_SIM,P_nat,HB,training_OOF_selected,raw,brier_two_class_sum,0.3816208602433282,0.3751632700292776,0.3867672547845187,60.0,,24527.0,,unitless,macro candidate mean,fixed OOF candidate bootstrap; no refit,N3_core_001,0dee0f0f7308645afdce98d058add79ab68e6a740cb30d69c62d9162834eb4f6,补充表从固定外预测计算；保留原packet与source_run，未重拟合。 补充派生来源=metrics_001
N3,N3_selected__,R_SIM,P_nat,HB,training_OOF_selected,temperature,ce_bits,0.8183336119028356,0.8080351298861365,0.8264922818166528,60.0,,24527.0,,bits/trial,macro candidate mean,fixed OOF candidate bootstrap; no refit,N3_core_001,0dee0f0f7308645afdce98d058add79ab68e6a740cb30d69c62d9162834eb4f6,补充表从固定外预测计算；保留原packet与source_run，未重拟合。 补充派生来源=metrics_001
N3,N3_selected__,R_SIM,P_nat,HB,training_OOF_selected,temperature,bacc,0.5062037016427512,0.504515825835739,0.5080331812623596,60.0,,24527.0,,unitless,macro candidate mean,fixed OOF candidate bootstrap; no refit,N3_core_001,0dee0f0f7308645afdce98d058add79ab68e6a740cb30d69c62d9162834eb4f6,补充表从固定外预测计算；保留原packet与source_run，未重拟合。 补充派生来源=metrics_001
N3,N3_selected__,R_SIM,P_nat,HB,training_OOF_selected,temperature,auroc,0.6359292347131463,0.628187116734381,0.642784010110689,60.0,,24527.0,,unitless,macro candidate mean,fixed OOF candidate bootstrap; no refit,N3_core_001,0dee0f0f7308645afdce98d058add79ab68e6a740cb30d69c62d9162834eb4f6,补充表从固定外预测计算；保留原packet与source_run，未重拟合。 补充派生来源=metrics_001
N3,N3_selected__,R_SIM,P_nat,HB,training_OOF_selected,temperature,brier_two_class_sum,0.3815816888122915,0.3751212311602911,0.3867539876896959,60.0,,24527.0,,unitless,macro candidate mean,fixed OOF candidate bootstrap; no refit,N3_core_001,0dee0f0f7308645afdce98d058add79ab68e6a740cb30d69c62d9162834eb4f6,补充表从固定外预测计算；保留原packet与source_run，未重拟合。 补充派生来源=metrics_001
N3,N3_selected__,R_SIM,P_nat,HBP,training_OOF_selected,mixture_diagnostic,ce_bits,0.8182332116645135,0.8082223110500023,0.8267001705724492,60.0,,24527.0,,bits/trial,macro candidate mean,fixed OOF candidate bootstrap; no refit,N3_core_001,0dee0f0f7308645afdce98d058add79ab68e6a740cb30d69c62d9162834eb4f6,补充表从固定外预测计算；保留原packet与source_run，未重拟合。 补充派生来源=metrics_001
N3,N3_selected__,R_SIM,P_nat,HBP,training_OOF_selected,mixture_diagnostic,bacc,0.5143077076225571,0.5114526612561212,0.5171656891130265,60.0,,24527.0,,unitless,macro candidate mean,fixed OOF candidate bootstrap; no refit,N3_core_001,0dee0f0f7308645afdce98d058add79ab68e6a740cb30d69c62d9162834eb4f6,补充表从固定外预测计算；保留原packet与source_run，未重拟合。 补充派生来源=metrics_001
N3,N3_selected__,R_SIM,P_nat,HBP,training_OOF_selected,mixture_diagnostic,auroc,0.6352050052558923,0.6272613844250999,0.6425239757239553,60.0,,24527.0,,unitless,macro candidate mean,fixed OOF candidate bootstrap; no refit,N3_core_001,0dee0f0f7308645afdce98d058add79ab68e6a740cb30d69c62d9162834eb4f6,补充表从固定外预测计算；保留原packet与source_run，未重拟合。 补充派生来源=metrics_001
N3,N3_selected__,R_SIM,P_nat,HBP,training_OOF_selected,mixture_diagnostic,brier_two_class_sum,0.3814867711728894,0.375201982132388,0.3867319199257065,60.0,,24527.0,,unitless,macro candidate mean,fixed OOF candidate bootstrap; no refit,N3_core_001,0dee0f0f7308645afdce98d058add79ab68e6a740cb30d69c62d9162834eb4f6,补充表从固定外预测计算；保留原packet与source_run，未重拟合。 补充派生来源=metrics_001
N3,N3_selected__,R_SIM,P_nat,HBP,training_OOF_selected,raw,ce_bits,0.8182957583078143,0.8082494864936349,0.8267914365537026,60.0,,24527.0,,bits/trial,macro candidate mean,fixed OOF candidate bootstrap; no refit,N3_core_001,0dee0f0f7308645afdce98d058add79ab68e6a740cb30d69c62d9162834eb4f6,补充表从固定外预测计算；保留原packet与source_run，未重拟合。 补充派生来源=metrics_001
N3,N3_selected__,R_SIM,P_nat,HBP,training_OOF_selected,raw,bacc,0.5143077076225571,0.5114526612561212,0.5171656891130265,60.0,,24527.0,,unitless,macro candidate mean,fixed OOF candidate bootstrap; no refit,N3_core_001,0dee0f0f7308645afdce98d058add79ab68e6a740cb30d69c62d9162834eb4f6,补充表从固定外预测计算；保留原packet与source_run，未重拟合。 补充派生来源=metrics_001
N3,N3_selected__,R_SIM,P_nat,HBP,training_OOF_selected,raw,auroc,0.6352050052558923,0.6272613844250999,0.6425239757239553,60.0,,24527.0,,unitless,macro candidate mean,fixed OOF candidate bootstrap; no refit,N3_core_001,0dee0f0f7308645afdce98d058add79ab68e6a740cb30d69c62d9162834eb4f6,补充表从固定外预测计算；保留原packet与source_run，未重拟合。 补充派生来源=metrics_001
N3,N3_selected__,R_SIM,P_nat,HBP,training_OOF_selected,raw,brier_two_class_sum,0.3814944422746145,0.3751830310821455,0.3867679459687808,60.0,,24527.0,,unitless,macro candidate mean,fixed OOF candidate bootstrap; no refit,N3_core_001,0dee0f0f7308645afdce98d058add79ab68e6a740cb30d69c62d9162834eb4f6,补充表从固定外预测计算；保留原packet与source_run，未重拟合。 补充派生来源=metrics_001
N3,N3_selected__,R_SIM,P_nat,HBP,training_OOF_selected,temperature,ce_bits,0.8182332116645135,0.8082223110500023,0.8267001705724492,60.0,,24527.0,,bits/trial,macro candidate mean,fixed OOF candidate bootstrap; no refit,N3_core_001,0dee0f0f7308645afdce98d058add79ab68e6a740cb30d69c62d9162834eb4f6,补充表从固定外预测计算；保留原packet与source_run，未重拟合。 补充派生来源=metrics_001
N3,N3_selected__,R_SIM,P_nat,HBP,training_OOF_selected,temperature,bacc,0.5143077076225571,0.5114526612561212,0.5171656891130265,60.0,,24527.0,,unitless,macro candidate mean,fixed OOF candidate bootstrap; no refit,N3_core_001,0dee0f0f7308645afdce98d058add79ab68e6a740cb30d69c62d9162834eb4f6,补充表从固定外预测计算；保留原packet与source_run，未重拟合。 补充派生来源=metrics_001
N3,N3_selected__,R_SIM,P_nat,HBP,training_OOF_selected,temperature,auroc,0.6352050052558923,0.6272613844250999,0.6425239757239553,60.0,,24527.0,,unitless,macro candidate mean,fixed OOF candidate bootstrap; no refit,N3_core_001,0dee0f0f7308645afdce98d058add79ab68e6a740cb30d69c62d9162834eb4f6,补充表从固定外预测计算；保留原packet与source_run，未重拟合。 补充派生来源=metrics_001
N3,N3_selected__,R_SIM,P_nat,HBP,training_OOF_selected,temperature,brier_two_class_sum,0.3814867711728894,0.375201982132388,0.3867319199257065,60.0,,24527.0,,unitless,macro candidate mean,fixed OOF candidate bootstrap; no refit,N3_core_001,0dee0f0f7308645afdce98d058add79ab68e6a740cb30d69c62d9162834eb4f6,补充表从固定外预测计算；保留原packet与source_run，未重拟合。 补充派生来源=metrics_001
N3,N3_selected__,R_SIM,P_nat,HP,training_OOF_selected,mixture_diagnostic,ce_bits,0.8159380310265735,0.806076968120524,0.8241352544084134,60.0,,24527.0,,bits/trial,macro candidate mean,fixed OOF candidate bootstrap; no refit,N3_core_001,0dee0f0f7308645afdce98d058add79ab68e6a740cb30d69c62d9162834eb4f6,补充表从固定外预测计算；保留原packet与source_run，未重拟合。 补充派生来源=metrics_001
N3,N3_selected__,R_SIM,P_nat,HP,training_OOF_selected,mixture_diagnostic,bacc,0.5107464232627433,0.5081261552350594,0.5132997869756438,60.0,,24527.0,,unitless,macro candidate mean,fixed OOF candidate bootstrap; no refit,N3_core_001,0dee0f0f7308645afdce98d058add79ab68e6a740cb30d69c62d9162834eb4f6,补充表从固定外预测计算；保留原packet与source_run，未重拟合。 补充派生来源=metrics_001
N3,N3_selected__,R_SIM,P_nat,HP,training_OOF_selected,mixture_diagnostic,auroc,0.6395578351889494,0.6312377248748939,0.6470939986751552,60.0,,24527.0,,unitless,macro candidate mean,fixed OOF candidate bootstrap; no refit,N3_core_001,0dee0f0f7308645afdce98d058add79ab68e6a740cb30d69c62d9162834eb4f6,补充表从固定外预测计算；保留原packet与source_run，未重拟合。 补充派生来源=metrics_001
N3,N3_selected__,R_SIM,P_nat,HP,training_OOF_selected,mixture_diagnostic,brier_two_class_sum,0.3802649598396273,0.3740655511034028,0.3853654462090728,60.0,,24527.0,,unitless,macro candidate mean,fixed OOF candidate bootstrap; no refit,N3_core_001,0dee0f0f7308645afdce98d058add79ab68e6a740cb30d69c62d9162834eb4f6,补充表从固定外预测计算；保留原packet与source_run，未重拟合。 补充派生来源=metrics_001
N3,N3_selected__,R_SIM,P_nat,HP,training_OOF_selected,raw,ce_bits,0.8159947623972206,0.8061892486798199,0.8241335435468433,60.0,,24527.0,,bits/trial,macro candidate mean,fixed OOF candidate bootstrap; no refit,N3_core_001,0dee0f0f7308645afdce98d058add79ab68e6a740cb30d69c62d9162834eb4f6,补充表从固定外预测计算；保留原packet与source_run，未重拟合。 补充派生来源=metrics_001
N3,N3_selected__,R_SIM,P_nat,HP,training_OOF_selected,raw,bacc,0.5107464232627433,0.5081261552350594,0.5132997869756438,60.0,,24527.0,,unitless,macro candidate mean,fixed OOF candidate bootstrap; no refit,N3_core_001,0dee0f0f7308645afdce98d058add79ab68e6a740cb30d69c62d9162834eb4f6,补充表从固定外预测计算；保留原packet与source_run，未重拟合。 补充派生来源=metrics_001
N3,N3_selected__,R_SIM,P_nat,HP,training_OOF_selected,raw,auroc,0.6395578351889494,0.6312377248748939,0.6470939986751552,60.0,,24527.0,,unitless,macro candidate mean,fixed OOF candidate bootstrap; no refit,N3_core_001,0dee0f0f7308645afdce98d058add79ab68e6a740cb30d69c62d9162834eb4f6,补充表从固定外预测计算；保留原packet与source_run，未重拟合。 补充派生来源=metrics_001
N3,N3_selected__,R_SIM,P_nat,HP,training_OOF_selected,raw,brier_two_class_sum,0.380300321999496,0.3741272979359593,0.3853970448120253,60.0,,24527.0,,unitless,macro candidate mean,fixed OOF candidate bootstrap; no refit,N3_core_001,0dee0f0f7308645afdce98d058add79ab68e6a740cb30d69c62d9162834eb4f6,补充表从固定外预测计算；保留原packet与source_run，未重拟合。 补充派生来源=metrics_001
N3,N3_selected__,R_SIM,P_nat,HP,training_OOF_selected,temperature,ce_bits,0.8159380310265735,0.806076968120524,0.8241352544084134,60.0,,24527.0,,bits/trial,macro candidate mean,fixed OOF candidate bootstrap; no refit,N3_core_001,0dee0f0f7308645afdce98d058add79ab68e6a740cb30d69c62d9162834eb4f6,补充表从固定外预测计算；保留原packet与source_run，未重拟合。 补充派生来源=metrics_001
N3,N3_selected__,R_SIM,P_nat,HP,training_OOF_selected,temperature,bacc,0.5107464232627433,0.5081261552350594,0.5132997869756438,60.0,,24527.0,,unitless,macro candidate mean,fixed OOF candidate bootstrap; no refit,N3_core_001,0dee0f0f7308645afdce98d058add79ab68e6a740cb30d69c62d9162834eb4f6,补充表从固定外预测计算；保留原packet与source_run，未重拟合。 补充派生来源=metrics_001
N3,N3_selected__,R_SIM,P_nat,HP,training_OOF_selected,temperature,auroc,0.6395578351889494,0.6312377248748939,0.6470939986751552,60.0,,24527.0,,unitless,macro candidate mean,fixed OOF candidate bootstrap; no refit,N3_core_001,0dee0f0f7308645afdce98d058add79ab68e6a740cb30d69c62d9162834eb4f6,补充表从固定外预测计算；保留原packet与source_run，未重拟合。 补充派生来源=metrics_001
N3,N3_selected__,R_SIM,P_nat,HP,training_OOF_selected,temperature,brier_two_class_sum,0.3802649598396273,0.3740655511034028,0.3853654462090728,60.0,,24527.0,,unitless,macro candidate mean,fixed OOF candidate bootstrap; no refit,N3_core_001,0dee0f0f7308645afdce98d058add79ab68e6a740cb30d69c62d9162834eb4f6,补充表从固定外预测计算；保留原packet与source_run，未重拟合。 补充派生来源=metrics_001
N3,N3_selected__,R_SIM,P_nat,Hnoise,training_OOF_selected,mixture_diagnostic,ce_bits,0.8172166754254823,0.8070427389482789,0.8252415261734305,60.0,,24527.0,,bits/trial,macro candidate mean,fixed OOF candidate bootstrap; no refit,N3_core_001,0dee0f0f7308645afdce98d058add79ab68e6a740cb30d69c62d9162834eb4f6,补充表从固定外预测计算；保留原packet与source_run，未重拟合。 补充派生来源=metrics_001
N3,N3_selected__,R_SIM,P_nat,Hnoise,training_OOF_selected,mixture_diagnostic,bacc,0.506953962486104,0.5051253708857694,0.508781347752491,60.0,,24527.0,,unitless,macro candidate mean,fixed OOF candidate bootstrap; no refit,N3_core_001,0dee0f0f7308645afdce98d058add79ab68e6a740cb30d69c62d9162834eb4f6,补充表从固定外预测计算；保留原packet与source_run，未重拟合。 补充派生来源=metrics_001
N3,N3_selected__,R_SIM,P_nat,Hnoise,training_OOF_selected,mixture_diagnostic,auroc,0.6379484865310581,0.629201107395313,0.6455948347626259,60.0,,24527.0,,unitless,macro candidate mean,fixed OOF candidate bootstrap; no refit,N3_core_001,0dee0f0f7308645afdce98d058add79ab68e6a740cb30d69c62d9162834eb4f6,补充表从固定外预测计算；保留原packet与source_run，未重拟合。 补充派生来源=metrics_001
N3,N3_selected__,R_SIM,P_nat,Hnoise,training_OOF_selected,mixture_diagnostic,brier_two_class_sum,0.3811113354361344,0.3746690107254562,0.3861783321297901,60.0,,24527.0,,unitless,macro candidate mean,fixed OOF candidate bootstrap; no refit,N3_core_001,0dee0f0f7308645afdce98d058add79ab68e6a740cb30d69c62d9162834eb4f6,补充表从固定外预测计算；保留原packet与source_run，未重拟合。 补充派生来源=metrics_001
N3,N3_selected__,R_SIM,P_nat,Hnoise,training_OOF_selected,raw,ce_bits,0.8172584513841645,0.8071209466298839,0.8252583181189259,60.0,,24527.0,,bits/trial,macro candidate mean,fixed OOF candidate bootstrap; no refit,N3_core_001,0dee0f0f7308645afdce98d058add79ab68e6a740cb30d69c62d9162834eb4f6,补充表从固定外预测计算；保留原packet与source_run，未重拟合。 补充派生来源=metrics_001
N3,N3_selected__,R_SIM,P_nat,Hnoise,training_OOF_selected,raw,bacc,0.506953962486104,0.5051253708857694,0.508781347752491,60.0,,24527.0,,unitless,macro candidate mean,fixed OOF candidate bootstrap; no refit,N3_core_001,0dee0f0f7308645afdce98d058add79ab68e6a740cb30d69c62d9162834eb4f6,补充表从固定外预测计算；保留原packet与source_run，未重拟合。 补充派生来源=metrics_001
N3,N3_selected__,R_SIM,P_nat,Hnoise,training_OOF_selected,raw,auroc,0.6379484865310581,0.629201107395313,0.6455948347626259,60.0,,24527.0,,unitless,macro candidate mean,fixed OOF candidate bootstrap; no refit,N3_core_001,0dee0f0f7308645afdce98d058add79ab68e6a740cb30d69c62d9162834eb4f6,补充表从固定外预测计算；保留原packet与source_run，未重拟合。 补充派生来源=metrics_001
N3,N3_selected__,R_SIM,P_nat,Hnoise,training_OOF_selected,raw,brier_two_class_sum,0.3811352047651908,0.374708069641247,0.3861927368920239,60.0,,24527.0,,unitless,macro candidate mean,fixed OOF candidate bootstrap; no refit,N3_core_001,0dee0f0f7308645afdce98d058add79ab68e6a740cb30d69c62d9162834eb4f6,补充表从固定外预测计算；保留原packet与source_run，未重拟合。 补充派生来源=metrics_001
N3,N3_selected__,R_SIM,P_nat,Hnoise,training_OOF_selected,temperature,ce_bits,0.8172166754254823,0.8070427389482789,0.8252415261734305,60.0,,24527.0,,bits/trial,macro candidate mean,fixed OOF candidate bootstrap; no refit,N3_core_001,0dee0f0f7308645afdce98d058add79ab68e6a740cb30d69c62d9162834eb4f6,补充表从固定外预测计算；保留原packet与source_run，未重拟合。 补充派生来源=metrics_001
N3,N3_selected__,R_SIM,P_nat,Hnoise,training_OOF_selected,temperature,bacc,0.506953962486104,0.5051253708857694,0.508781347752491,60.0,,24527.0,,unitless,macro candidate mean,fixed OOF candidate bootstrap; no refit,N3_core_001,0dee0f0f7308645afdce98d058add79ab68e6a740cb30d69c62d9162834eb4f6,补充表从固定外预测计算；保留原packet与source_run，未重拟合。 补充派生来源=metrics_001
N3,N3_selected__,R_SIM,P_nat,Hnoise,training_OOF_selected,temperature,auroc,0.6379484865310581,0.629201107395313,0.6455948347626259,60.0,,24527.0,,unitless,macro candidate mean,fixed OOF candidate bootstrap; no refit,N3_core_001,0dee0f0f7308645afdce98d058add79ab68e6a740cb30d69c62d9162834eb4f6,补充表从固定外预测计算；保留原packet与source_run，未重拟合。 补充派生来源=metrics_001
N3,N3_selected__,R_SIM,P_nat,Hnoise,training_OOF_selected,temperature,brier_two_class_sum,0.3811113354361344,0.3746690107254562,0.3861783321297901,60.0,,24527.0,,unitless,macro candidate mean,fixed OOF candidate bootstrap; no refit,N3_core_001,0dee0f0f7308645afdce98d058add79ab68e6a740cb30d69c62d9162834eb4f6,补充表从固定外预测计算；保留原packet与source_run，未重拟合。 补充派生来源=metrics_001
N2,N2_post_,L0,P_bal,H,logistic,mixture_diagnostic,ce_bits,0.1316776394975503,0.0410395742365194,0.3054368325976156,57.0,,,3307.0,bits/bag,macro candidate mean,fixed OOF candidate bootstrap; no refit,N2_core_001,6ef59158bbe2cbc2324356fc4e7de146eaf46ba614781c7339068d4ff818f8c6,补充表从固定外预测计算；保留原packet与source_run，未重拟合。 补充派生来源=metrics_001
N2,N2_post_,L0,P_bal,H,logistic,mixture_diagnostic,J_bits,0.8683223605024497,0.6945631674023844,0.9589604257634806,57.0,,,3307.0,bits/bag,macro candidate mean,fixed OOF candidate bootstrap; no refit,N2_core_001,6ef59158bbe2cbc2324356fc4e7de146eaf46ba614781c7339068d4ff818f8c6,补充表从固定外预测计算；保留原packet与source_run，未重拟合。 补充派生来源=metrics_001 P_bal二分类先验CE=1，J及区间仅精确代数变换；无新bootstrap/fit。
N2,N2_post_,L0,P_bal,H,logistic,mixture_diagnostic,bacc,0.982883404569792,0.9665593462892385,0.9921385816004068,57.0,,,3307.0,unitless,macro candidate mean,fixed OOF candidate bootstrap; no refit,N2_core_001,6ef59158bbe2cbc2324356fc4e7de146eaf46ba614781c7339068d4ff818f8c6,补充表从固定外预测计算；保留原packet与source_run，未重拟合。 补充派生来源=metrics_001
N2,N2_post_,L0,P_bal,H,logistic,mixture_diagnostic,auroc,0.9923421910946788,0.9773288596467482,0.9999124149192208,57.0,,,3307.0,unitless,macro candidate mean,fixed OOF candidate bootstrap; no refit,N2_core_001,6ef59158bbe2cbc2324356fc4e7de146eaf46ba614781c7339068d4ff818f8c6,补充表从固定外预测计算；保留原packet与source_run，未重拟合。 补充派生来源=metrics_001
N2,N2_post_,L0,P_bal,H,logistic,mixture_diagnostic,brier_two_class_sum,0.0294537840245948,0.0130733940359088,0.0592372282819599,57.0,,,3307.0,unitless,macro candidate mean,fixed OOF candidate bootstrap; no refit,N2_core_001,6ef59158bbe2cbc2324356fc4e7de146eaf46ba614781c7339068d4ff818f8c6,补充表从固定外预测计算；保留原packet与source_run，未重拟合。 补充派生来源=metrics_001
N2,N2_post_,L0,P_bal,H,logistic,raw,ce_bits,0.1310957698656409,0.0967705720777455,0.1945594708505775,57.0,,,3307.0,bits/bag,macro candidate mean,fixed OOF candidate bootstrap; no refit,N2_core_001,6ef59158bbe2cbc2324356fc4e7de146eaf46ba614781c7339068d4ff818f8c6,补充表从固定外预测计算；保留原packet与source_run，未重拟合。 补充派生来源=metrics_001
N2,N2_post_,L0,P_bal,H,logistic,raw,J_bits,0.8689042301343591,0.8054405291494224,0.9032294279222545,57.0,,,3307.0,bits/bag,macro candidate mean,fixed OOF candidate bootstrap; no refit,N2_core_001,6ef59158bbe2cbc2324356fc4e7de146eaf46ba614781c7339068d4ff818f8c6,补充表从固定外预测计算；保留原packet与source_run，未重拟合。 补充派生来源=metrics_001 P_bal二分类先验CE=1，J及区间仅精确代数变换；无新bootstrap/fit。
N2,N2_post_,L0,P_bal,H,logistic,raw,bacc,0.982883404569792,0.9665593462892385,0.9921385816004068,57.0,,,3307.0,unitless,macro candidate mean,fixed OOF candidate bootstrap; no refit,N2_core_001,6ef59158bbe2cbc2324356fc4e7de146eaf46ba614781c7339068d4ff818f8c6,补充表从固定外预测计算；保留原packet与source_run，未重拟合。 补充派生来源=metrics_001
N2,N2_post_,L0,P_bal,H,logistic,raw,auroc,0.9923421910946788,0.9773288596467482,0.9999124149192208,57.0,,,3307.0,unitless,macro candidate mean,fixed OOF candidate bootstrap; no refit,N2_core_001,6ef59158bbe2cbc2324356fc4e7de146eaf46ba614781c7339068d4ff818f8c6,补充表从固定外预测计算；保留原packet与source_run，未重拟合。 补充派生来源=metrics_001
N2,N2_post_,L0,P_bal,H,logistic,raw,brier_two_class_sum,0.0361542466195311,0.0223366535787038,0.0613539974677182,57.0,,,3307.0,unitless,macro candidate mean,fixed OOF candidate bootstrap; no refit,N2_core_001,6ef59158bbe2cbc2324356fc4e7de146eaf46ba614781c7339068d4ff818f8c6,补充表从固定外预测计算；保留原packet与source_run，未重拟合。 补充派生来源=metrics_001
N2,N2_post_,L0,P_bal,H,logistic,temperature,ce_bits,0.1316776394975503,0.0410395742365194,0.3054368325976156,57.0,,,3307.0,bits/bag,macro candidate mean,fixed OOF candidate bootstrap; no refit,N2_core_001,6ef59158bbe2cbc2324356fc4e7de146eaf46ba614781c7339068d4ff818f8c6,补充表从固定外预测计算；保留原packet与source_run，未重拟合。 补充派生来源=metrics_001
N2,N2_post_,L0,P_bal,H,logistic,temperature,J_bits,0.8683223605024497,0.6945631674023844,0.9589604257634806,57.0,,,3307.0,bits/bag,macro candidate mean,fixed OOF candidate bootstrap; no refit,N2_core_001,6ef59158bbe2cbc2324356fc4e7de146eaf46ba614781c7339068d4ff818f8c6,补充表从固定外预测计算；保留原packet与source_run，未重拟合。 补充派生来源=metrics_001 P_bal二分类先验CE=1，J及区间仅精确代数变换；无新bootstrap/fit。
N2,N2_post_,L0,P_bal,H,logistic,temperature,bacc,0.982883404569792,0.9665593462892385,0.9921385816004068,57.0,,,3307.0,unitless,macro candidate mean,fixed OOF candidate bootstrap; no refit,N2_core_001,6ef59158bbe2cbc2324356fc4e7de146eaf46ba614781c7339068d4ff818f8c6,补充表从固定外预测计算；保留原packet与source_run，未重拟合。 补充派生来源=metrics_001
N2,N2_post_,L0,P_bal,H,logistic,temperature,auroc,0.9923421910946788,0.9773288596467482,0.9999124149192208,57.0,,,3307.0,unitless,macro candidate mean,fixed OOF candidate bootstrap; no refit,N2_core_001,6ef59158bbe2cbc2324356fc4e7de146eaf46ba614781c7339068d4ff818f8c6,补充表从固定外预测计算；保留原packet与source_run，未重拟合。 补充派生来源=metrics_001
N2,N2_post_,L0,P_bal,H,logistic,temperature,brier_two_class_sum,0.0294537840245948,0.0130733940359088,0.0592372282819599,57.0,,,3307.0,unitless,macro candidate mean,fixed OOF candidate bootstrap; no refit,N2_core_001,6ef59158bbe2cbc2324356fc4e7de146eaf46ba614781c7339068d4ff818f8c6,补充表从固定外预测计算；保留原packet与source_run，未重拟合。 补充派生来源=metrics_001
N2,N2_pre_,L0,P_bal,H,logistic,mixture_diagnostic,ce_bits,0.1316776394975503,0.0410395742365194,0.3054368325976156,57.0,,,3307.0,bits/bag,macro candidate mean,fixed OOF candidate bootstrap; no refit,N2_core_001,6ef59158bbe2cbc2324356fc4e7de146eaf46ba614781c7339068d4ff818f8c6,补充表从固定外预测计算；保留原packet与source_run，未重拟合。 补充派生来源=metrics_001
N2,N2_pre_,L0,P_bal,H,logistic,mixture_diagnostic,J_bits,0.8683223605024497,0.6945631674023844,0.9589604257634806,57.0,,,3307.0,bits/bag,macro candidate mean,fixed OOF candidate bootstrap; no refit,N2_core_001,6ef59158bbe2cbc2324356fc4e7de146eaf46ba614781c7339068d4ff818f8c6,补充表从固定外预测计算；保留原packet与source_run，未重拟合。 补充派生来源=metrics_001 P_bal二分类先验CE=1，J及区间仅精确代数变换；无新bootstrap/fit。
N2,N2_pre_,L0,P_bal,H,logistic,mixture_diagnostic,bacc,0.982883404569792,0.9665593462892385,0.9921385816004068,57.0,,,3307.0,unitless,macro candidate mean,fixed OOF candidate bootstrap; no refit,N2_core_001,6ef59158bbe2cbc2324356fc4e7de146eaf46ba614781c7339068d4ff818f8c6,补充表从固定外预测计算；保留原packet与source_run，未重拟合。 补充派生来源=metrics_001
N2,N2_pre_,L0,P_bal,H,logistic,mixture_diagnostic,auroc,0.9923421910946788,0.9773288596467482,0.9999124149192208,57.0,,,3307.0,unitless,macro candidate mean,fixed OOF candidate bootstrap; no refit,N2_core_001,6ef59158bbe2cbc2324356fc4e7de146eaf46ba614781c7339068d4ff818f8c6,补充表从固定外预测计算；保留原packet与source_run，未重拟合。 补充派生来源=metrics_001
N2,N2_pre_,L0,P_bal,H,logistic,mixture_diagnostic,brier_two_class_sum,0.0294537840245948,0.0130733940359088,0.0592372282819599,57.0,,,3307.0,unitless,macro candidate mean,fixed OOF candidate bootstrap; no refit,N2_core_001,6ef59158bbe2cbc2324356fc4e7de146eaf46ba614781c7339068d4ff818f8c6,补充表从固定外预测计算；保留原packet与source_run，未重拟合。 补充派生来源=metrics_001
N2,N2_pre_,L0,P_bal,H,logistic,raw,ce_bits,0.1310957698656409,0.0967705720777455,0.1945594708505775,57.0,,,3307.0,bits/bag,macro candidate mean,fixed OOF candidate bootstrap; no refit,N2_core_001,6ef59158bbe2cbc2324356fc4e7de146eaf46ba614781c7339068d4ff818f8c6,补充表从固定外预测计算；保留原packet与source_run，未重拟合。 补充派生来源=metrics_001
N2,N2_pre_,L0,P_bal,H,logistic,raw,J_bits,0.8689042301343591,0.8054405291494224,0.9032294279222545,57.0,,,3307.0,bits/bag,macro candidate mean,fixed OOF candidate bootstrap; no refit,N2_core_001,6ef59158bbe2cbc2324356fc4e7de146eaf46ba614781c7339068d4ff818f8c6,补充表从固定外预测计算；保留原packet与source_run，未重拟合。 补充派生来源=metrics_001 P_bal二分类先验CE=1，J及区间仅精确代数变换；无新bootstrap/fit。
N2,N2_pre_,L0,P_bal,H,logistic,raw,bacc,0.982883404569792,0.9665593462892385,0.9921385816004068,57.0,,,3307.0,unitless,macro candidate mean,fixed OOF candidate bootstrap; no refit,N2_core_001,6ef59158bbe2cbc2324356fc4e7de146eaf46ba614781c7339068d4ff818f8c6,补充表从固定外预测计算；保留原packet与source_run，未重拟合。 补充派生来源=metrics_001
N2,N2_pre_,L0,P_bal,H,logistic,raw,auroc,0.9923421910946788,0.9773288596467482,0.9999124149192208,57.0,,,3307.0,unitless,macro candidate mean,fixed OOF candidate bootstrap; no refit,N2_core_001,6ef59158bbe2cbc2324356fc4e7de146eaf46ba614781c7339068d4ff818f8c6,补充表从固定外预测计算；保留原packet与source_run，未重拟合。 补充派生来源=metrics_001
N2,N2_pre_,L0,P_bal,H,logistic,raw,brier_two_class_sum,0.0361542466195311,0.0223366535787038,0.0613539974677182,57.0,,,3307.0,unitless,macro candidate mean,fixed OOF candidate bootstrap; no refit,N2_core_001,6ef59158bbe2cbc2324356fc4e7de146eaf46ba614781c7339068d4ff818f8c6,补充表从固定外预测计算；保留原packet与source_run，未重拟合。 补充派生来源=metrics_001
N2,N2_pre_,L0,P_bal,H,logistic,temperature,ce_bits,0.1316776394975503,0.0410395742365194,0.3054368325976156,57.0,,,3307.0,bits/bag,macro candidate mean,fixed OOF candidate bootstrap; no refit,N2_core_001,6ef59158bbe2cbc2324356fc4e7de146eaf46ba614781c7339068d4ff818f8c6,补充表从固定外预测计算；保留原packet与source_run，未重拟合。 补充派生来源=metrics_001
N2,N2_pre_,L0,P_bal,H,logistic,temperature,J_bits,0.8683223605024497,0.6945631674023844,0.9589604257634806,57.0,,,3307.0,bits/bag,macro candidate mean,fixed OOF candidate bootstrap; no refit,N2_core_001,6ef59158bbe2cbc2324356fc4e7de146eaf46ba614781c7339068d4ff818f8c6,补充表从固定外预测计算；保留原packet与source_run，未重拟合。 补充派生来源=metrics_001 P_bal二分类先验CE=1，J及区间仅精确代数变换；无新bootstrap/fit。
N2,N2_pre_,L0,P_bal,H,logistic,temperature,bacc,0.982883404569792,0.9665593462892385,0.9921385816004068,57.0,,,3307.0,unitless,macro candidate mean,fixed OOF candidate bootstrap; no refit,N2_core_001,6ef59158bbe2cbc2324356fc4e7de146eaf46ba614781c7339068d4ff818f8c6,补充表从固定外预测计算；保留原packet与source_run，未重拟合。 补充派生来源=metrics_001
N2,N2_pre_,L0,P_bal,H,logistic,temperature,auroc,0.9923421910946788,0.9773288596467482,0.9999124149192208,57.0,,,3307.0,unitless,macro candidate mean,fixed OOF candidate bootstrap; no refit,N2_core_001,6ef59158bbe2cbc2324356fc4e7de146eaf46ba614781c7339068d4ff818f8c6,补充表从固定外预测计算；保留原packet与source_run，未重拟合。 补充派生来源=metrics_001
N2,N2_pre_,L0,P_bal,H,logistic,temperature,brier_two_class_sum,0.0294537840245948,0.0130733940359088,0.0592372282819599,57.0,,,3307.0,unitless,macro candidate mean,fixed OOF candidate bootstrap; no refit,N2_core_001,6ef59158bbe2cbc2324356fc4e7de146eaf46ba614781c7339068d4ff818f8c6,补充表从固定外预测计算；保留原packet与source_run，未重拟合。 补充派生来源=metrics_001
N2,N2_post_,L0,P_bal,HMU,logistic,mixture_diagnostic,ce_bits,0.1310694608270171,0.0414915846601707,0.3034124244493481,57.0,,,3307.0,bits/bag,macro candidate mean,fixed OOF candidate bootstrap; no refit,N2_core_001,6ef59158bbe2cbc2324356fc4e7de146eaf46ba614781c7339068d4ff818f8c6,补充表从固定外预测计算；保留原packet与source_run，未重拟合。 补充派生来源=metrics_001
N2,N2_post_,L0,P_bal,HMU,logistic,mixture_diagnostic,J_bits,0.8689305391729829,0.6965875755506519,0.9585084153398293,57.0,,,3307.0,bits/bag,macro candidate mean,fixed OOF candidate bootstrap; no refit,N2_core_001,6ef59158bbe2cbc2324356fc4e7de146eaf46ba614781c7339068d4ff818f8c6,补充表从固定外预测计算；保留原packet与source_run，未重拟合。 补充派生来源=metrics_001 P_bal二分类先验CE=1，J及区间仅精确代数变换；无新bootstrap/fit。
N2,N2_post_,L0,P_bal,HMU,logistic,mixture_diagnostic,bacc,0.9831944547696632,0.9669115093698252,0.9924282990768662,57.0,,,3307.0,unitless,macro candidate mean,fixed OOF candidate bootstrap; no refit,N2_core_001,6ef59158bbe2cbc2324356fc4e7de146eaf46ba614781c7339068d4ff818f8c6,补充表从固定外预测计算；保留原packet与source_run，未重拟合。 补充派生来源=metrics_001
N2,N2_post_,L0,P_bal,HMU,logistic,mixture_diagnostic,auroc,0.9923123324471425,0.9772949301705226,0.9998874404969428,57.0,,,3307.0,unitless,macro candidate mean,fixed OOF candidate bootstrap; no refit,N2_core_001,6ef59158bbe2cbc2324356fc4e7de146eaf46ba614781c7339068d4ff818f8c6,补充表从固定外预测计算；保留原packet与source_run，未重拟合。 补充派生来源=metrics_001
N2,N2_post_,L0,P_bal,HMU,logistic,mixture_diagnostic,brier_two_class_sum,0.0296378362764944,0.0130630629536766,0.0596066096709473,57.0,,,3307.0,unitless,macro candidate mean,fixed OOF candidate bootstrap; no refit,N2_core_001,6ef59158bbe2cbc2324356fc4e7de146eaf46ba614781c7339068d4ff818f8c6,补充表从固定外预测计算；保留原packet与source_run，未重拟合。 补充派生来源=metrics_001
N2,N2_post_,L0,P_bal,HMU,logistic,raw,ce_bits,0.1319488548763022,0.0975363338798669,0.1956358650616302,57.0,,,3307.0,bits/bag,macro candidate mean,fixed OOF candidate bootstrap; no refit,N2_core_001,6ef59158bbe2cbc2324356fc4e7de146eaf46ba614781c7339068d4ff818f8c6,补充表从固定外预测计算；保留原packet与source_run，未重拟合。 补充派生来源=metrics_001
N2,N2_post_,L0,P_bal,HMU,logistic,raw,J_bits,0.8680511451236979,0.8043641349383698,0.9024636661201331,57.0,,,3307.0,bits/bag,macro candidate mean,fixed OOF candidate bootstrap; no refit,N2_core_001,6ef59158bbe2cbc2324356fc4e7de146eaf46ba614781c7339068d4ff818f8c6,补充表从固定外预测计算；保留原packet与source_run，未重拟合。 补充派生来源=metrics_001 P_bal二分类先验CE=1，J及区间仅精确代数变换；无新bootstrap/fit。
N2,N2_post_,L0,P_bal,HMU,logistic,raw,bacc,0.9831944547696632,0.9669115093698252,0.9924282990768662,57.0,,,3307.0,unitless,macro candidate mean,fixed OOF candidate bootstrap; no refit,N2_core_001,6ef59158bbe2cbc2324356fc4e7de146eaf46ba614781c7339068d4ff818f8c6,补充表从固定外预测计算；保留原packet与source_run，未重拟合。 补充派生来源=metrics_001
N2,N2_post_,L0,P_bal,HMU,logistic,raw,auroc,0.9923123324471425,0.9772949301705226,0.9998874404969428,57.0,,,3307.0,unitless,macro candidate mean,fixed OOF candidate bootstrap; no refit,N2_core_001,6ef59158bbe2cbc2324356fc4e7de146eaf46ba614781c7339068d4ff818f8c6,补充表从固定外预测计算；保留原packet与source_run，未重拟合。 补充派生来源=metrics_001
N2,N2_post_,L0,P_bal,HMU,logistic,raw,brier_two_class_sum,0.0365047497250244,0.0226355210354909,0.0619480415718933,57.0,,,3307.0,unitless,macro candidate mean,fixed OOF candidate bootstrap; no refit,N2_core_001,6ef59158bbe2cbc2324356fc4e7de146eaf46ba614781c7339068d4ff818f8c6,补充表从固定外预测计算；保留原packet与source_run，未重拟合。 补充派生来源=metrics_001
N2,N2_post_,L0,P_bal,HMU,logistic,temperature,ce_bits,0.1310694608270171,0.0414915846601707,0.3034124244493481,57.0,,,3307.0,bits/bag,macro candidate mean,fixed OOF candidate bootstrap; no refit,N2_core_001,6ef59158bbe2cbc2324356fc4e7de146eaf46ba614781c7339068d4ff818f8c6,补充表从固定外预测计算；保留原packet与source_run，未重拟合。 补充派生来源=metrics_001
N2,N2_post_,L0,P_bal,HMU,logistic,temperature,J_bits,0.8689305391729829,0.6965875755506519,0.9585084153398293,57.0,,,3307.0,bits/bag,macro candidate mean,fixed OOF candidate bootstrap; no refit,N2_core_001,6ef59158bbe2cbc2324356fc4e7de146eaf46ba614781c7339068d4ff818f8c6,补充表从固定外预测计算；保留原packet与source_run，未重拟合。 补充派生来源=metrics_001 P_bal二分类先验CE=1，J及区间仅精确代数变换；无新bootstrap/fit。
N2,N2_post_,L0,P_bal,HMU,logistic,temperature,bacc,0.9831944547696632,0.9669115093698252,0.9924282990768662,57.0,,,3307.0,unitless,macro candidate mean,fixed OOF candidate bootstrap; no refit,N2_core_001,6ef59158bbe2cbc2324356fc4e7de146eaf46ba614781c7339068d4ff818f8c6,补充表从固定外预测计算；保留原packet与source_run，未重拟合。 补充派生来源=metrics_001
N2,N2_post_,L0,P_bal,HMU,logistic,temperature,auroc,0.9923123324471425,0.9772949301705226,0.9998874404969428,57.0,,,3307.0,unitless,macro candidate mean,fixed OOF candidate bootstrap; no refit,N2_core_001,6ef59158bbe2cbc2324356fc4e7de146eaf46ba614781c7339068d4ff818f8c6,补充表从固定外预测计算；保留原packet与source_run，未重拟合。 补充派生来源=metrics_001
N2,N2_post_,L0,P_bal,HMU,logistic,temperature,brier_two_class_sum,0.0296378362764944,0.0130630629536766,0.0596066096709473,57.0,,,3307.0,unitless,macro candidate mean,fixed OOF candidate bootstrap; no refit,N2_core_001,6ef59158bbe2cbc2324356fc4e7de146eaf46ba614781c7339068d4ff818f8c6,补充表从固定外预测计算；保留原packet与source_run，未重拟合。 补充派生来源=metrics_001
N2,N2_pre_,L0,P_bal,HMU,logistic,mixture_diagnostic,ce_bits,0.132738225049188,0.0412086493659619,0.3081211123350146,57.0,,,3307.0,bits/bag,macro candidate mean,fixed OOF candidate bootstrap; no refit,N2_core_001,6ef59158bbe2cbc2324356fc4e7de146eaf46ba614781c7339068d4ff818f8c6,补充表从固定外预测计算；保留原packet与source_run，未重拟合。 补充派生来源=metrics_001
N2,N2_pre_,L0,P_bal,HMU,logistic,mixture_diagnostic,J_bits,0.867261774950812,0.6918788876649854,0.9587913506340381,57.0,,,3307.0,bits/bag,macro candidate mean,fixed OOF candidate bootstrap; no refit,N2_core_001,6ef59158bbe2cbc2324356fc4e7de146eaf46ba614781c7339068d4ff818f8c6,补充表从固定外预测计算；保留原packet与source_run，未重拟合。 补充派生来源=metrics_001 P_bal二分类先验CE=1，J及区间仅精确代数变换；无新bootstrap/fit。
N2,N2_pre_,L0,P_bal,HMU,logistic,mixture_diagnostic,bacc,0.9826342367221196,0.9666485733417528,0.9919521607472084,57.0,,,3307.0,unitless,macro candidate mean,fixed OOF candidate bootstrap; no refit,N2_core_001,6ef59158bbe2cbc2324356fc4e7de146eaf46ba614781c7339068d4ff818f8c6,补充表从固定外预测计算；保留原packet与source_run，未重拟合。 补充派生来源=metrics_001
N2,N2_pre_,L0,P_bal,HMU,logistic,mixture_diagnostic,auroc,0.9923634306342056,0.9773666406538404,0.9999173011541228,57.0,,,3307.0,unitless,macro candidate mean,fixed OOF candidate bootstrap; no refit,N2_core_001,6ef59158bbe2cbc2324356fc4e7de146eaf46ba614781c7339068d4ff818f8c6,补充表从固定外预测计算；保留原packet与source_run，未重拟合。 补充派生来源=metrics_001
N2,N2_pre_,L0,P_bal,HMU,logistic,mixture_diagnostic,brier_two_class_sum,0.0293480450278402,0.0129043921301349,0.0589533906647457,57.0,,,3307.0,unitless,macro candidate mean,fixed OOF candidate bootstrap; no refit,N2_core_001,6ef59158bbe2cbc2324356fc4e7de146eaf46ba614781c7339068d4ff818f8c6,补充表从固定外预测计算；保留原packet与source_run，未重拟合。 补充派生来源=metrics_001
N2,N2_pre_,L0,P_bal,HMU,logistic,raw,ce_bits,0.1317463017015003,0.0976254760541995,0.1948516870086681,57.0,,,3307.0,bits/bag,macro candidate mean,fixed OOF candidate bootstrap; no refit,N2_core_001,6ef59158bbe2cbc2324356fc4e7de146eaf46ba614781c7339068d4ff818f8c6,补充表从固定外预测计算；保留原packet与source_run，未重拟合。 补充派生来源=metrics_001
N2,N2_pre_,L0,P_bal,HMU,logistic,raw,J_bits,0.8682536982984996,0.8051483129913319,0.9023745239458005,57.0,,,3307.0,bits/bag,macro candidate mean,fixed OOF candidate bootstrap; no refit,N2_core_001,6ef59158bbe2cbc2324356fc4e7de146eaf46ba614781c7339068d4ff818f8c6,补充表从固定外预测计算；保留原packet与source_run，未重拟合。 补充派生来源=metrics_001 P_bal二分类先验CE=1，J及区间仅精确代数变换；无新bootstrap/fit。
N2,N2_pre_,L0,P_bal,HMU,logistic,raw,bacc,0.9826342367221196,0.9666485733417528,0.9919521607472084,57.0,,,3307.0,unitless,macro candidate mean,fixed OOF candidate bootstrap; no refit,N2_core_001,6ef59158bbe2cbc2324356fc4e7de146eaf46ba614781c7339068d4ff818f8c6,补充表从固定外预测计算；保留原packet与source_run，未重拟合。 补充派生来源=metrics_001
N2,N2_pre_,L0,P_bal,HMU,logistic,raw,auroc,0.9923634306342056,0.9773666406538404,0.9999173011541228,57.0,,,3307.0,unitless,macro candidate mean,fixed OOF candidate bootstrap; no refit,N2_core_001,6ef59158bbe2cbc2324356fc4e7de146eaf46ba614781c7339068d4ff818f8c6,补充表从固定外预测计算；保留原packet与source_run，未重拟合。 补充派生来源=metrics_001
N2,N2_pre_,L0,P_bal,HMU,logistic,raw,brier_two_class_sum,0.0363907224187063,0.0225516612044193,0.0615453805011169,57.0,,,3307.0,unitless,macro candidate mean,fixed OOF candidate bootstrap; no refit,N2_core_001,6ef59158bbe2cbc2324356fc4e7de146eaf46ba614781c7339068d4ff818f8c6,补充表从固定外预测计算；保留原packet与source_run，未重拟合。 补充派生来源=metrics_001
N2,N2_pre_,L0,P_bal,HMU,logistic,temperature,ce_bits,0.132738225049188,0.0412086493659619,0.3081211123350146,57.0,,,3307.0,bits/bag,macro candidate mean,fixed OOF candidate bootstrap; no refit,N2_core_001,6ef59158bbe2cbc2324356fc4e7de146eaf46ba614781c7339068d4ff818f8c6,补充表从固定外预测计算；保留原packet与source_run，未重拟合。 补充派生来源=metrics_001
N2,N2_pre_,L0,P_bal,HMU,logistic,temperature,J_bits,0.867261774950812,0.6918788876649854,0.9587913506340381,57.0,,,3307.0,bits/bag,macro candidate mean,fixed OOF candidate bootstrap; no refit,N2_core_001,6ef59158bbe2cbc2324356fc4e7de146eaf46ba614781c7339068d4ff818f8c6,补充表从固定外预测计算；保留原packet与source_run，未重拟合。 补充派生来源=metrics_001 P_bal二分类先验CE=1，J及区间仅精确代数变换；无新bootstrap/fit。
N2,N2_pre_,L0,P_bal,HMU,logistic,temperature,bacc,0.9826342367221196,0.9666485733417528,0.9919521607472084,57.0,,,3307.0,unitless,macro candidate mean,fixed OOF candidate bootstrap; no refit,N2_core_001,6ef59158bbe2cbc2324356fc4e7de146eaf46ba614781c7339068d4ff818f8c6,补充表从固定外预测计算；保留原packet与source_run，未重拟合。 补充派生来源=metrics_001
N2,N2_pre_,L0,P_bal,HMU,logistic,temperature,auroc,0.9923634306342056,0.9773666406538404,0.9999173011541228,57.0,,,3307.0,unitless,macro candidate mean,fixed OOF candidate bootstrap; no refit,N2_core_001,6ef59158bbe2cbc2324356fc4e7de146eaf46ba614781c7339068d4ff818f8c6,补充表从固定外预测计算；保留原packet与source_run，未重拟合。 补充派生来源=metrics_001
N2,N2_pre_,L0,P_bal,HMU,logistic,temperature,brier_two_class_sum,0.0293480450278402,0.0129043921301349,0.0589533906647457,57.0,,,3307.0,unitless,macro candidate mean,fixed OOF candidate bootstrap; no refit,N2_core_001,6ef59158bbe2cbc2324356fc4e7de146eaf46ba614781c7339068d4ff818f8c6,补充表从固定外预测计算；保留原packet与source_run，未重拟合。 补充派生来源=metrics_001
N2,N2_post_,L0,P_bal,HMUMU,logistic,mixture_diagnostic,ce_bits,0.1308508212660176,0.0415927482673073,0.3022773106712539,57.0,,,3307.0,bits/bag,macro candidate mean,fixed OOF candidate bootstrap; no refit,N2_core_001,6ef59158bbe2cbc2324356fc4e7de146eaf46ba614781c7339068d4ff818f8c6,补充表从固定外预测计算；保留原packet与source_run，未重拟合。 补充派生来源=metrics_001
N2,N2_post_,L0,P_bal,HMUMU,logistic,mixture_diagnostic,J_bits,0.8691491787339825,0.697722689328746,0.9584072517326927,57.0,,,3307.0,bits/bag,macro candidate mean,fixed OOF candidate bootstrap; no refit,N2_core_001,6ef59158bbe2cbc2324356fc4e7de146eaf46ba614781c7339068d4ff818f8c6,补充表从固定外预测计算；保留原packet与source_run，未重拟合。 补充派生来源=metrics_001 P_bal二分类先验CE=1，J及区间仅精确代数变换；无新bootstrap/fit。
N2,N2_post_,L0,P_bal,HMUMU,logistic,mixture_diagnostic,bacc,0.9831944547696632,0.9669115093698252,0.9924282990768662,57.0,,,3307.0,unitless,macro candidate mean,fixed OOF candidate bootstrap; no refit,N2_core_001,6ef59158bbe2cbc2324356fc4e7de146eaf46ba614781c7339068d4ff818f8c6,补充表从固定外预测计算；保留原packet与source_run，未重拟合。 补充派生来源=metrics_001
N2,N2_post_,L0,P_bal,HMUMU,logistic,mixture_diagnostic,auroc,0.9923123324471425,0.9772949301705226,0.9998874404969428,57.0,,,3307.0,unitless,macro candidate mean,fixed OOF candidate bootstrap; no refit,N2_core_001,6ef59158bbe2cbc2324356fc4e7de146eaf46ba614781c7339068d4ff818f8c6,补充表从固定外预测计算；保留原packet与source_run，未重拟合。 补充派生来源=metrics_001
N2,N2_post_,L0,P_bal,HMUMU,logistic,mixture_diagnostic,brier_two_class_sum,0.0297041712471143,0.0131520063180352,0.059753556612765,57.0,,,3307.0,unitless,macro candidate mean,fixed OOF candidate bootstrap; no refit,N2_core_001,6ef59158bbe2cbc2324356fc4e7de146eaf46ba614781c7339068d4ff818f8c6,补充表从固定外预测计算；保留原packet与source_run，未重拟合。 补充派生来源=metrics_001
N2,N2_post_,L0,P_bal,HMUMU,logistic,raw,ce_bits,0.1321664354474804,0.0976548038552441,0.1958867419158237,57.0,,,3307.0,bits/bag,macro candidate mean,fixed OOF candidate bootstrap; no refit,N2_core_001,6ef59158bbe2cbc2324356fc4e7de146eaf46ba614781c7339068d4ff818f8c6,补充表从固定外预测计算；保留原packet与source_run，未重拟合。 补充派生来源=metrics_001
N2,N2_post_,L0,P_bal,HMUMU,logistic,raw,J_bits,0.8678335645525196,0.8041132580841763,0.902345196144756,57.0,,,3307.0,bits/bag,macro candidate mean,fixed OOF candidate bootstrap; no refit,N2_core_001,6ef59158bbe2cbc2324356fc4e7de146eaf46ba614781c7339068d4ff818f8c6,补充表从固定外预测计算；保留原packet与source_run，未重拟合。 补充派生来源=metrics_001 P_bal二分类先验CE=1，J及区间仅精确代数变换；无新bootstrap/fit。
N2,N2_post_,L0,P_bal,HMUMU,logistic,raw,bacc,0.9831944547696632,0.9669115093698252,0.9924282990768662,57.0,,,3307.0,unitless,macro candidate mean,fixed OOF candidate bootstrap; no refit,N2_core_001,6ef59158bbe2cbc2324356fc4e7de146eaf46ba614781c7339068d4ff818f8c6,补充表从固定外预测计算；保留原packet与source_run，未重拟合。 补充派生来源=metrics_001
N2,N2_post_,L0,P_bal,HMUMU,logistic,raw,auroc,0.9923123324471425,0.9772949301705226,0.9998874404969428,57.0,,,3307.0,unitless,macro candidate mean,fixed OOF candidate bootstrap; no refit,N2_core_001,6ef59158bbe2cbc2324356fc4e7de146eaf46ba614781c7339068d4ff818f8c6,补充表从固定外预测计算；保留原packet与source_run，未重拟合。 补充派生来源=metrics_001
N2,N2_post_,L0,P_bal,HMUMU,logistic,raw,brier_two_class_sum,0.036609406319419,0.0226942477233984,0.062082702560794,57.0,,,3307.0,unitless,macro candidate mean,fixed OOF candidate bootstrap; no refit,N2_core_001,6ef59158bbe2cbc2324356fc4e7de146eaf46ba614781c7339068d4ff818f8c6,补充表从固定外预测计算；保留原packet与source_run，未重拟合。 补充派生来源=metrics_001
N2,N2_post_,L0,P_bal,HMUMU,logistic,temperature,ce_bits,0.1308508212660176,0.0415927482673073,0.3022773106712539,57.0,,,3307.0,bits/bag,macro candidate mean,fixed OOF candidate bootstrap; no refit,N2_core_001,6ef59158bbe2cbc2324356fc4e7de146eaf46ba614781c7339068d4ff818f8c6,补充表从固定外预测计算；保留原packet与source_run，未重拟合。 补充派生来源=metrics_001
N2,N2_post_,L0,P_bal,HMUMU,logistic,temperature,J_bits,0.8691491787339825,0.697722689328746,0.9584072517326927,57.0,,,3307.0,bits/bag,macro candidate mean,fixed OOF candidate bootstrap; no refit,N2_core_001,6ef59158bbe2cbc2324356fc4e7de146eaf46ba614781c7339068d4ff818f8c6,补充表从固定外预测计算；保留原packet与source_run，未重拟合。 补充派生来源=metrics_001 P_bal二分类先验CE=1，J及区间仅精确代数变换；无新bootstrap/fit。
N2,N2_post_,L0,P_bal,HMUMU,logistic,temperature,bacc,0.9831944547696632,0.9669115093698252,0.9924282990768662,57.0,,,3307.0,unitless,macro candidate mean,fixed OOF candidate bootstrap; no refit,N2_core_001,6ef59158bbe2cbc2324356fc4e7de146eaf46ba614781c7339068d4ff818f8c6,补充表从固定外预测计算；保留原packet与source_run，未重拟合。 补充派生来源=metrics_001
N2,N2_post_,L0,P_bal,HMUMU,logistic,temperature,auroc,0.9923123324471425,0.9772949301705226,0.9998874404969428,57.0,,,3307.0,unitless,macro candidate mean,fixed OOF candidate bootstrap; no refit,N2_core_001,6ef59158bbe2cbc2324356fc4e7de146eaf46ba614781c7339068d4ff818f8c6,补充表从固定外预测计算；保留原packet与source_run，未重拟合。 补充派生来源=metrics_001
N2,N2_post_,L0,P_bal,HMUMU,logistic,temperature,brier_two_class_sum,0.0297041712471143,0.0131520063180352,0.059753556612765,57.0,,,3307.0,unitless,macro candidate mean,fixed OOF candidate bootstrap; no refit,N2_core_001,6ef59158bbe2cbc2324356fc4e7de146eaf46ba614781c7339068d4ff818f8c6,补充表从固定外预测计算；保留原packet与source_run，未重拟合。 补充派生来源=metrics_001
N2,N2_pre_,L0,P_bal,HMUMU,logistic,mixture_diagnostic,ce_bits,0.1330495879693615,0.0413548817768483,0.3086741781207411,57.0,,,3307.0,bits/bag,macro candidate mean,fixed OOF candidate bootstrap; no refit,N2_core_001,6ef59158bbe2cbc2324356fc4e7de146eaf46ba614781c7339068d4ff818f8c6,补充表从固定外预测计算；保留原packet与source_run，未重拟合。 补充派生来源=metrics_001
N2,N2_pre_,L0,P_bal,HMUMU,logistic,mixture_diagnostic,J_bits,0.8669504120306385,0.6913258218792588,0.9586451182231517,57.0,,,3307.0,bits/bag,macro candidate mean,fixed OOF candidate bootstrap; no refit,N2_core_001,6ef59158bbe2cbc2324356fc4e7de146eaf46ba614781c7339068d4ff818f8c6,补充表从固定外预测计算；保留原packet与source_run，未重拟合。 补充派生来源=metrics_001 P_bal二分类先验CE=1，J及区间仅精确代数变换；无新bootstrap/fit。
N2,N2_pre_,L0,P_bal,HMUMU,logistic,mixture_diagnostic,bacc,0.983005356830082,0.9674736587432284,0.992088767365704,57.0,,,3307.0,unitless,macro candidate mean,fixed OOF candidate bootstrap; no refit,N2_core_001,6ef59158bbe2cbc2324356fc4e7de146eaf46ba614781c7339068d4ff818f8c6,补充表从固定外预测计算；保留原packet与source_run，未重拟合。 补充派生来源=metrics_001
N2,N2_pre_,L0,P_bal,HMUMU,logistic,mixture_diagnostic,auroc,0.9923634306342056,0.9773666406538404,0.9999173011541228,57.0,,,3307.0,unitless,macro candidate mean,fixed OOF candidate bootstrap; no refit,N2_core_001,6ef59158bbe2cbc2324356fc4e7de146eaf46ba614781c7339068d4ff818f8c6,补充表从固定外预测计算；保留原packet与source_run，未重拟合。 补充派生来源=metrics_001
N2,N2_pre_,L0,P_bal,HMUMU,logistic,mixture_diagnostic,brier_two_class_sum,0.0293663937539127,0.0129077488678779,0.0589397649588008,57.0,,,3307.0,unitless,macro candidate mean,fixed OOF candidate bootstrap; no refit,N2_core_001,6ef59158bbe2cbc2324356fc4e7de146eaf46ba614781c7339068d4ff818f8c6,补充表从固定外预测计算；保留原packet与source_run，未重拟合。 补充派生来源=metrics_001
N2,N2_pre_,L0,P_bal,HMUMU,logistic,raw,ce_bits,0.1319510921164331,0.0979066722305745,0.1949521879301073,57.0,,,3307.0,bits/bag,macro candidate mean,fixed OOF candidate bootstrap; no refit,N2_core_001,6ef59158bbe2cbc2324356fc4e7de146eaf46ba614781c7339068d4ff818f8c6,补充表从固定外预测计算；保留原packet与source_run，未重拟合。 补充派生来源=metrics_001
N2,N2_pre_,L0,P_bal,HMUMU,logistic,raw,J_bits,0.8680489078835669,0.8050478120698927,0.9020933277694255,57.0,,,3307.0,bits/bag,macro candidate mean,fixed OOF candidate bootstrap; no refit,N2_core_001,6ef59158bbe2cbc2324356fc4e7de146eaf46ba614781c7339068d4ff818f8c6,补充表从固定外预测计算；保留原packet与source_run，未重拟合。 补充派生来源=metrics_001 P_bal二分类先验CE=1，J及区间仅精确代数变换；无新bootstrap/fit。
N2,N2_pre_,L0,P_bal,HMUMU,logistic,raw,bacc,0.983005356830082,0.9674736587432284,0.992088767365704,57.0,,,3307.0,unitless,macro candidate mean,fixed OOF candidate bootstrap; no refit,N2_core_001,6ef59158bbe2cbc2324356fc4e7de146eaf46ba614781c7339068d4ff818f8c6,补充表从固定外预测计算；保留原packet与source_run，未重拟合。 补充派生来源=metrics_001
N2,N2_pre_,L0,P_bal,HMUMU,logistic,raw,auroc,0.9923634306342056,0.9773666406538404,0.9999173011541228,57.0,,,3307.0,unitless,macro candidate mean,fixed OOF candidate bootstrap; no refit,N2_core_001,6ef59158bbe2cbc2324356fc4e7de146eaf46ba614781c7339068d4ff818f8c6,补充表从固定外预测计算；保留原packet与source_run，未重拟合。 补充派生来源=metrics_001
N2,N2_pre_,L0,P_bal,HMUMU,logistic,raw,brier_two_class_sum,0.0364891675057648,0.0226551439510174,0.0616589277546378,57.0,,,3307.0,unitless,macro candidate mean,fixed OOF candidate bootstrap; no refit,N2_core_001,6ef59158bbe2cbc2324356fc4e7de146eaf46ba614781c7339068d4ff818f8c6,补充表从固定外预测计算；保留原packet与source_run，未重拟合。 补充派生来源=metrics_001
N2,N2_pre_,L0,P_bal,HMUMU,logistic,temperature,ce_bits,0.1330495879693615,0.0413548817768483,0.3086741781207411,57.0,,,3307.0,bits/bag,macro candidate mean,fixed OOF candidate bootstrap; no refit,N2_core_001,6ef59158bbe2cbc2324356fc4e7de146eaf46ba614781c7339068d4ff818f8c6,补充表从固定外预测计算；保留原packet与source_run，未重拟合。 补充派生来源=metrics_001
N2,N2_pre_,L0,P_bal,HMUMU,logistic,temperature,J_bits,0.8669504120306385,0.6913258218792588,0.9586451182231517,57.0,,,3307.0,bits/bag,macro candidate mean,fixed OOF candidate bootstrap; no refit,N2_core_001,6ef59158bbe2cbc2324356fc4e7de146eaf46ba614781c7339068d4ff818f8c6,补充表从固定外预测计算；保留原packet与source_run，未重拟合。 补充派生来源=metrics_001 P_bal二分类先验CE=1，J及区间仅精确代数变换；无新bootstrap/fit。
N2,N2_pre_,L0,P_bal,HMUMU,logistic,temperature,bacc,0.983005356830082,0.9674736587432284,0.992088767365704,57.0,,,3307.0,unitless,macro candidate mean,fixed OOF candidate bootstrap; no refit,N2_core_001,6ef59158bbe2cbc2324356fc4e7de146eaf46ba614781c7339068d4ff818f8c6,补充表从固定外预测计算；保留原packet与source_run，未重拟合。 补充派生来源=metrics_001
N2,N2_pre_,L0,P_bal,HMUMU,logistic,temperature,auroc,0.9923634306342056,0.9773666406538404,0.9999173011541228,57.0,,,3307.0,unitless,macro candidate mean,fixed OOF candidate bootstrap; no refit,N2_core_001,6ef59158bbe2cbc2324356fc4e7de146eaf46ba614781c7339068d4ff818f8c6,补充表从固定外预测计算；保留原packet与source_run，未重拟合。 补充派生来源=metrics_001
N2,N2_pre_,L0,P_bal,HMUMU,logistic,temperature,brier_two_class_sum,0.0293663937539127,0.0129077488678779,0.0589397649588008,57.0,,,3307.0,unitless,macro candidate mean,fixed OOF candidate bootstrap; no refit,N2_core_001,6ef59158bbe2cbc2324356fc4e7de146eaf46ba614781c7339068d4ff818f8c6,补充表从固定外预测计算；保留原packet与source_run，未重拟合。 补充派生来源=metrics_001
N2,N2_post_,L0,P_bal,HMUVAR,logistic,mixture_diagnostic,ce_bits,0.132520710895277,0.0425904048024619,0.304813382173483,57.0,,,3307.0,bits/bag,macro candidate mean,fixed OOF candidate bootstrap; no refit,N2_core_001,6ef59158bbe2cbc2324356fc4e7de146eaf46ba614781c7339068d4ff818f8c6,补充表从固定外预测计算；保留原packet与source_run，未重拟合。 补充派生来源=metrics_001
N2,N2_post_,L0,P_bal,HMUVAR,logistic,mixture_diagnostic,J_bits,0.8674792891047229,0.6951866178265169,0.9574095951975381,57.0,,,3307.0,bits/bag,macro candidate mean,fixed OOF candidate bootstrap; no refit,N2_core_001,6ef59158bbe2cbc2324356fc4e7de146eaf46ba614781c7339068d4ff818f8c6,补充表从固定外预测计算；保留原packet与source_run，未重拟合。 补充派生来源=metrics_001 P_bal二分类先验CE=1，J及区间仅精确代数变换；无新bootstrap/fit。
N2,N2_post_,L0,P_bal,HMUVAR,logistic,mixture_diagnostic,bacc,0.9828685051653862,0.9666508376243464,0.9922745527472256,57.0,,,3307.0,unitless,macro candidate mean,fixed OOF candidate bootstrap; no refit,N2_core_001,6ef59158bbe2cbc2324356fc4e7de146eaf46ba614781c7339068d4ff818f8c6,补充表从固定外预测计算；保留原packet与source_run，未重拟合。 补充派生来源=metrics_001
N2,N2_post_,L0,P_bal,HMUVAR,logistic,mixture_diagnostic,auroc,0.9922223639361212,0.9770250246374592,0.9998874404969428,57.0,,,3307.0,unitless,macro candidate mean,fixed OOF candidate bootstrap; no refit,N2_core_001,6ef59158bbe2cbc2324356fc4e7de146eaf46ba614781c7339068d4ff818f8c6,补充表从固定外预测计算；保留原packet与source_run，未重拟合。 补充派生来源=metrics_001
N2,N2_post_,L0,P_bal,HMUVAR,logistic,mixture_diagnostic,brier_two_class_sum,0.0301279951875721,0.0136412685189287,0.0599095806265613,57.0,,,3307.0,unitless,macro candidate mean,fixed OOF candidate bootstrap; no refit,N2_core_001,6ef59158bbe2cbc2324356fc4e7de146eaf46ba614781c7339068d4ff818f8c6,补充表从固定外预测计算；保留原packet与source_run，未重拟合。 补充派生来源=metrics_001
N2,N2_post_,L0,P_bal,HMUVAR,logistic,raw,ce_bits,0.1335397945031017,0.0985438132630211,0.1982796525579209,57.0,,,3307.0,bits/bag,macro candidate mean,fixed OOF candidate bootstrap; no refit,N2_core_001,6ef59158bbe2cbc2324356fc4e7de146eaf46ba614781c7339068d4ff818f8c6,补充表从固定外预测计算；保留原packet与source_run，未重拟合。 补充派生来源=metrics_001
N2,N2_post_,L0,P_bal,HMUVAR,logistic,raw,J_bits,0.8664602054968983,0.8017203474420791,0.9014561867369789,57.0,,,3307.0,bits/bag,macro candidate mean,fixed OOF candidate bootstrap; no refit,N2_core_001,6ef59158bbe2cbc2324356fc4e7de146eaf46ba614781c7339068d4ff818f8c6,补充表从固定外预测计算；保留原packet与source_run，未重拟合。 补充派生来源=metrics_001 P_bal二分类先验CE=1，J及区间仅精确代数变换；无新bootstrap/fit。
N2,N2_post_,L0,P_bal,HMUVAR,logistic,raw,bacc,0.9828685051653862,0.9666508376243464,0.9922745527472256,57.0,,,3307.0,unitless,macro candidate mean,fixed OOF candidate bootstrap; no refit,N2_core_001,6ef59158bbe2cbc2324356fc4e7de146eaf46ba614781c7339068d4ff818f8c6,补充表从固定外预测计算；保留原packet与source_run，未重拟合。 补充派生来源=metrics_001
N2,N2_post_,L0,P_bal,HMUVAR,logistic,raw,auroc,0.9922223639361212,0.9770250246374592,0.9998874404969428,57.0,,,3307.0,unitless,macro candidate mean,fixed OOF candidate bootstrap; no refit,N2_core_001,6ef59158bbe2cbc2324356fc4e7de146eaf46ba614781c7339068d4ff818f8c6,补充表从固定外预测计算；保留原packet与source_run，未重拟合。 补充派生来源=metrics_001
N2,N2_post_,L0,P_bal,HMUVAR,logistic,raw,brier_two_class_sum,0.0370643474452854,0.0230979620132984,0.0624187011434195,57.0,,,3307.0,unitless,macro candidate mean,fixed OOF candidate bootstrap; no refit,N2_core_001,6ef59158bbe2cbc2324356fc4e7de146eaf46ba614781c7339068d4ff818f8c6,补充表从固定外预测计算；保留原packet与source_run，未重拟合。 补充派生来源=metrics_001
N2,N2_post_,L0,P_bal,HMUVAR,logistic,temperature,ce_bits,0.132520710895277,0.0425904048024619,0.304813382173483,57.0,,,3307.0,bits/bag,macro candidate mean,fixed OOF candidate bootstrap; no refit,N2_core_001,6ef59158bbe2cbc2324356fc4e7de146eaf46ba614781c7339068d4ff818f8c6,补充表从固定外预测计算；保留原packet与source_run，未重拟合。 补充派生来源=metrics_001
N2,N2_post_,L0,P_bal,HMUVAR,logistic,temperature,J_bits,0.8674792891047229,0.6951866178265169,0.9574095951975381,57.0,,,3307.0,bits/bag,macro candidate mean,fixed OOF candidate bootstrap; no refit,N2_core_001,6ef59158bbe2cbc2324356fc4e7de146eaf46ba614781c7339068d4ff818f8c6,补充表从固定外预测计算；保留原packet与source_run，未重拟合。 补充派生来源=metrics_001 P_bal二分类先验CE=1，J及区间仅精确代数变换；无新bootstrap/fit。
N2,N2_post_,L0,P_bal,HMUVAR,logistic,temperature,bacc,0.9828685051653862,0.9666508376243464,0.9922745527472256,57.0,,,3307.0,unitless,macro candidate mean,fixed OOF candidate bootstrap; no refit,N2_core_001,6ef59158bbe2cbc2324356fc4e7de146eaf46ba614781c7339068d4ff818f8c6,补充表从固定外预测计算；保留原packet与source_run，未重拟合。 补充派生来源=metrics_001
N2,N2_post_,L0,P_bal,HMUVAR,logistic,temperature,auroc,0.9922223639361212,0.9770250246374592,0.9998874404969428,57.0,,,3307.0,unitless,macro candidate mean,fixed OOF candidate bootstrap; no refit,N2_core_001,6ef59158bbe2cbc2324356fc4e7de146eaf46ba614781c7339068d4ff818f8c6,补充表从固定外预测计算；保留原packet与source_run，未重拟合。 补充派生来源=metrics_001
N2,N2_post_,L0,P_bal,HMUVAR,logistic,temperature,brier_two_class_sum,0.0301279951875721,0.0136412685189287,0.0599095806265613,57.0,,,3307.0,unitless,macro candidate mean,fixed OOF candidate bootstrap; no refit,N2_core_001,6ef59158bbe2cbc2324356fc4e7de146eaf46ba614781c7339068d4ff818f8c6,补充表从固定外预测计算；保留原packet与source_run，未重拟合。 补充派生来源=metrics_001
N2,N2_pre_,L0,P_bal,HMUVAR,logistic,mixture_diagnostic,ce_bits,0.132586500564046,0.0413177968339404,0.3074556430906874,57.0,,,3307.0,bits/bag,macro candidate mean,fixed OOF candidate bootstrap; no refit,N2_core_001,6ef59158bbe2cbc2324356fc4e7de146eaf46ba614781c7339068d4ff818f8c6,补充表从固定外预测计算；保留原packet与source_run，未重拟合。 补充派生来源=metrics_001
N2,N2_pre_,L0,P_bal,HMUVAR,logistic,mixture_diagnostic,J_bits,0.867413499435954,0.6925443569093126,0.9586822031660596,57.0,,,3307.0,bits/bag,macro candidate mean,fixed OOF candidate bootstrap; no refit,N2_core_001,6ef59158bbe2cbc2324356fc4e7de146eaf46ba614781c7339068d4ff818f8c6,补充表从固定外预测计算；保留原packet与source_run，未重拟合。 补充派生来源=metrics_001 P_bal二分类先验CE=1，J及区间仅精确代数变换；无新bootstrap/fit。
N2,N2_pre_,L0,P_bal,HMUVAR,logistic,mixture_diagnostic,bacc,0.9834815279976,0.9680583528979532,0.992509247224373,57.0,,,3307.0,unitless,macro candidate mean,fixed OOF candidate bootstrap; no refit,N2_core_001,6ef59158bbe2cbc2324356fc4e7de146eaf46ba614781c7339068d4ff818f8c6,补充表从固定外预测计算；保留原packet与source_run，未重拟合。 补充派生来源=metrics_001
N2,N2_pre_,L0,P_bal,HMUVAR,logistic,mixture_diagnostic,auroc,0.9922734621231843,0.9770967351207768,0.9999173011541228,57.0,,,3307.0,unitless,macro candidate mean,fixed OOF candidate bootstrap; no refit,N2_core_001,6ef59158bbe2cbc2324356fc4e7de146eaf46ba614781c7339068d4ff818f8c6,补充表从固定外预测计算；保留原packet与source_run，未重拟合。 补充派生来源=metrics_001
N2,N2_pre_,L0,P_bal,HMUVAR,logistic,mixture_diagnostic,brier_two_class_sum,0.0294886212896994,0.0129114364778077,0.059283202463573,57.0,,,3307.0,unitless,macro candidate mean,fixed OOF candidate bootstrap; no refit,N2_core_001,6ef59158bbe2cbc2324356fc4e7de146eaf46ba614781c7339068d4ff818f8c6,补充表从固定外预测计算；保留原packet与source_run，未重拟合。 补充派生来源=metrics_001
N2,N2_pre_,L0,P_bal,HMUVAR,logistic,raw,ce_bits,0.1321234660463303,0.0979588682936892,0.1952157212526669,57.0,,,3307.0,bits/bag,macro candidate mean,fixed OOF candidate bootstrap; no refit,N2_core_001,6ef59158bbe2cbc2324356fc4e7de146eaf46ba614781c7339068d4ff818f8c6,补充表从固定外预测计算；保留原packet与source_run，未重拟合。 补充派生来源=metrics_001
N2,N2_pre_,L0,P_bal,HMUVAR,logistic,raw,J_bits,0.8678765339536697,0.8047842787473332,0.9020411317063108,57.0,,,3307.0,bits/bag,macro candidate mean,fixed OOF candidate bootstrap; no refit,N2_core_001,6ef59158bbe2cbc2324356fc4e7de146eaf46ba614781c7339068d4ff818f8c6,补充表从固定外预测计算；保留原packet与source_run，未重拟合。 补充派生来源=metrics_001 P_bal二分类先验CE=1，J及区间仅精确代数变换；无新bootstrap/fit。
N2,N2_pre_,L0,P_bal,HMUVAR,logistic,raw,bacc,0.9834815279976,0.9680583528979532,0.992509247224373,57.0,,,3307.0,unitless,macro candidate mean,fixed OOF candidate bootstrap; no refit,N2_core_001,6ef59158bbe2cbc2324356fc4e7de146eaf46ba614781c7339068d4ff818f8c6,补充表从固定外预测计算；保留原packet与source_run，未重拟合。 补充派生来源=metrics_001
N2,N2_pre_,L0,P_bal,HMUVAR,logistic,raw,auroc,0.9922734621231843,0.9770967351207768,0.9999173011541228,57.0,,,3307.0,unitless,macro candidate mean,fixed OOF candidate bootstrap; no refit,N2_core_001,6ef59158bbe2cbc2324356fc4e7de146eaf46ba614781c7339068d4ff818f8c6,补充表从固定外预测计算；保留原packet与source_run，未重拟合。 补充派生来源=metrics_001
N2,N2_pre_,L0,P_bal,HMUVAR,logistic,raw,brier_two_class_sum,0.036574454484807,0.0226763709560097,0.0618371010101473,57.0,,,3307.0,unitless,macro candidate mean,fixed OOF candidate bootstrap; no refit,N2_core_001,6ef59158bbe2cbc2324356fc4e7de146eaf46ba614781c7339068d4ff818f8c6,补充表从固定外预测计算；保留原packet与source_run，未重拟合。 补充派生来源=metrics_001
N2,N2_pre_,L0,P_bal,HMUVAR,logistic,temperature,ce_bits,0.132586500564046,0.0413177968339404,0.3074556430906874,57.0,,,3307.0,bits/bag,macro candidate mean,fixed OOF candidate bootstrap; no refit,N2_core_001,6ef59158bbe2cbc2324356fc4e7de146eaf46ba614781c7339068d4ff818f8c6,补充表从固定外预测计算；保留原packet与source_run，未重拟合。 补充派生来源=metrics_001
N2,N2_pre_,L0,P_bal,HMUVAR,logistic,temperature,J_bits,0.867413499435954,0.6925443569093126,0.9586822031660596,57.0,,,3307.0,bits/bag,macro candidate mean,fixed OOF candidate bootstrap; no refit,N2_core_001,6ef59158bbe2cbc2324356fc4e7de146eaf46ba614781c7339068d4ff818f8c6,补充表从固定外预测计算；保留原packet与source_run，未重拟合。 补充派生来源=metrics_001 P_bal二分类先验CE=1，J及区间仅精确代数变换；无新bootstrap/fit。
N2,N2_pre_,L0,P_bal,HMUVAR,logistic,temperature,bacc,0.9834815279976,0.9680583528979532,0.992509247224373,57.0,,,3307.0,unitless,macro candidate mean,fixed OOF candidate bootstrap; no refit,N2_core_001,6ef59158bbe2cbc2324356fc4e7de146eaf46ba614781c7339068d4ff818f8c6,补充表从固定外预测计算；保留原packet与source_run，未重拟合。 补充派生来源=metrics_001
N2,N2_pre_,L0,P_bal,HMUVAR,logistic,temperature,auroc,0.9922734621231843,0.9770967351207768,0.9999173011541228,57.0,,,3307.0,unitless,macro candidate mean,fixed OOF candidate bootstrap; no refit,N2_core_001,6ef59158bbe2cbc2324356fc4e7de146eaf46ba614781c7339068d4ff818f8c6,补充表从固定外预测计算；保留原packet与source_run，未重拟合。 补充派生来源=metrics_001
N2,N2_pre_,L0,P_bal,HMUVAR,logistic,temperature,brier_two_class_sum,0.0294886212896994,0.0129114364778077,0.059283202463573,57.0,,,3307.0,unitless,macro candidate mean,fixed OOF candidate bootstrap; no refit,N2_core_001,6ef59158bbe2cbc2324356fc4e7de146eaf46ba614781c7339068d4ff818f8c6,补充表从固定外预测计算；保留原packet与source_run，未重拟合。 补充派生来源=metrics_001
N2,N2_post_,L0,P_bal,HRFF,logistic,mixture_diagnostic,ce_bits,0.1307694336291982,0.0417572748158828,0.3013696828695573,57.0,,,3307.0,bits/bag,macro candidate mean,fixed OOF candidate bootstrap; no refit,N2_core_001,6ef59158bbe2cbc2324356fc4e7de146eaf46ba614781c7339068d4ff818f8c6,补充表从固定外预测计算；保留原packet与source_run，未重拟合。 补充派生来源=metrics_001
N2,N2_post_,L0,P_bal,HRFF,logistic,mixture_diagnostic,J_bits,0.8692305663708018,0.6986303171304427,0.9582427251841172,57.0,,,3307.0,bits/bag,macro candidate mean,fixed OOF candidate bootstrap; no refit,N2_core_001,6ef59158bbe2cbc2324356fc4e7de146eaf46ba614781c7339068d4ff818f8c6,补充表从固定外预测计算；保留原packet与source_run，未重拟合。 补充派生来源=metrics_001 P_bal二分类先验CE=1，J及区间仅精确代数变换；无新bootstrap/fit。
N2,N2_post_,L0,P_bal,HRFF,logistic,mixture_diagnostic,bacc,0.9830103596423728,0.9666095776579676,0.9923931382615092,57.0,,,3307.0,unitless,macro candidate mean,fixed OOF candidate bootstrap; no refit,N2_core_001,6ef59158bbe2cbc2324356fc4e7de146eaf46ba614781c7339068d4ff818f8c6,补充表从固定外预测计算；保留原packet与source_run，未重拟合。 补充派生来源=metrics_001
N2,N2_post_,L0,P_bal,HRFF,logistic,mixture_diagnostic,auroc,0.992337323700204,0.977308672450656,0.9999045929649764,57.0,,,3307.0,unitless,macro candidate mean,fixed OOF candidate bootstrap; no refit,N2_core_001,6ef59158bbe2cbc2324356fc4e7de146eaf46ba614781c7339068d4ff818f8c6,补充表从固定外预测计算；保留原packet与source_run，未重拟合。 补充派生来源=metrics_001
N2,N2_post_,L0,P_bal,HRFF,logistic,mixture_diagnostic,brier_two_class_sum,0.0300327658366878,0.013247989457875,0.0604732364513938,57.0,,,3307.0,unitless,macro candidate mean,fixed OOF candidate bootstrap; no refit,N2_core_001,6ef59158bbe2cbc2324356fc4e7de146eaf46ba614781c7339068d4ff818f8c6,补充表从固定外预测计算；保留原packet与source_run，未重拟合。 补充派生来源=metrics_001
N2,N2_post_,L0,P_bal,HRFF,logistic,raw,ce_bits,0.1322289997728886,0.0977229560326954,0.1959561527581882,57.0,,,3307.0,bits/bag,macro candidate mean,fixed OOF candidate bootstrap; no refit,N2_core_001,6ef59158bbe2cbc2324356fc4e7de146eaf46ba614781c7339068d4ff818f8c6,补充表从固定外预测计算；保留原packet与source_run，未重拟合。 补充派生来源=metrics_001
N2,N2_post_,L0,P_bal,HRFF,logistic,raw,J_bits,0.8677710002271114,0.8040438472418118,0.9022770439673046,57.0,,,3307.0,bits/bag,macro candidate mean,fixed OOF candidate bootstrap; no refit,N2_core_001,6ef59158bbe2cbc2324356fc4e7de146eaf46ba614781c7339068d4ff818f8c6,补充表从固定外预测计算；保留原packet与source_run，未重拟合。 补充派生来源=metrics_001 P_bal二分类先验CE=1，J及区间仅精确代数变换；无新bootstrap/fit。
N2,N2_post_,L0,P_bal,HRFF,logistic,raw,bacc,0.9830103596423728,0.9666095776579676,0.9923931382615092,57.0,,,3307.0,unitless,macro candidate mean,fixed OOF candidate bootstrap; no refit,N2_core_001,6ef59158bbe2cbc2324356fc4e7de146eaf46ba614781c7339068d4ff818f8c6,补充表从固定外预测计算；保留原packet与source_run，未重拟合。 补充派生来源=metrics_001
N2,N2_post_,L0,P_bal,HRFF,logistic,raw,auroc,0.992337323700204,0.977308672450656,0.9999045929649764,57.0,,,3307.0,unitless,macro candidate mean,fixed OOF candidate bootstrap; no refit,N2_core_001,6ef59158bbe2cbc2324356fc4e7de146eaf46ba614781c7339068d4ff818f8c6,补充表从固定外预测计算；保留原packet与source_run，未重拟合。 补充派生来源=metrics_001
N2,N2_post_,L0,P_bal,HRFF,logistic,raw,brier_two_class_sum,0.0366893446668782,0.0226700195139596,0.0623110129251695,57.0,,,3307.0,unitless,macro candidate mean,fixed OOF candidate bootstrap; no refit,N2_core_001,6ef59158bbe2cbc2324356fc4e7de146eaf46ba614781c7339068d4ff818f8c6,补充表从固定外预测计算；保留原packet与source_run，未重拟合。 补充派生来源=metrics_001
N2,N2_post_,L0,P_bal,HRFF,logistic,temperature,ce_bits,0.1307694336291982,0.0417572748158828,0.3013696828695573,57.0,,,3307.0,bits/bag,macro candidate mean,fixed OOF candidate bootstrap; no refit,N2_core_001,6ef59158bbe2cbc2324356fc4e7de146eaf46ba614781c7339068d4ff818f8c6,补充表从固定外预测计算；保留原packet与source_run，未重拟合。 补充派生来源=metrics_001
N2,N2_post_,L0,P_bal,HRFF,logistic,temperature,J_bits,0.8692305663708018,0.6986303171304427,0.9582427251841172,57.0,,,3307.0,bits/bag,macro candidate mean,fixed OOF candidate bootstrap; no refit,N2_core_001,6ef59158bbe2cbc2324356fc4e7de146eaf46ba614781c7339068d4ff818f8c6,补充表从固定外预测计算；保留原packet与source_run，未重拟合。 补充派生来源=metrics_001 P_bal二分类先验CE=1，J及区间仅精确代数变换；无新bootstrap/fit。
N2,N2_post_,L0,P_bal,HRFF,logistic,temperature,bacc,0.9830103596423728,0.9666095776579676,0.9923931382615092,57.0,,,3307.0,unitless,macro candidate mean,fixed OOF candidate bootstrap; no refit,N2_core_001,6ef59158bbe2cbc2324356fc4e7de146eaf46ba614781c7339068d4ff818f8c6,补充表从固定外预测计算；保留原packet与source_run，未重拟合。 补充派生来源=metrics_001
N2,N2_post_,L0,P_bal,HRFF,logistic,temperature,auroc,0.992337323700204,0.977308672450656,0.9999045929649764,57.0,,,3307.0,unitless,macro candidate mean,fixed OOF candidate bootstrap; no refit,N2_core_001,6ef59158bbe2cbc2324356fc4e7de146eaf46ba614781c7339068d4ff818f8c6,补充表从固定外预测计算；保留原packet与source_run，未重拟合。 补充派生来源=metrics_001
N2,N2_post_,L0,P_bal,HRFF,logistic,temperature,brier_two_class_sum,0.0300327658366878,0.013247989457875,0.0604732364513938,57.0,,,3307.0,unitless,macro candidate mean,fixed OOF candidate bootstrap; no refit,N2_core_001,6ef59158bbe2cbc2324356fc4e7de146eaf46ba614781c7339068d4ff818f8c6,补充表从固定外预测计算；保留原packet与source_run，未重拟合。 补充派生来源=metrics_001
N2,N2_pre_,L0,P_bal,HRFF,logistic,mixture_diagnostic,ce_bits,0.1321577878818285,0.0415902283679843,0.3051090173768433,57.0,,,3307.0,bits/bag,macro candidate mean,fixed OOF candidate bootstrap; no refit,N2_core_001,6ef59158bbe2cbc2324356fc4e7de146eaf46ba614781c7339068d4ff818f8c6,补充表从固定外预测计算；保留原packet与source_run，未重拟合。 补充派生来源=metrics_001
N2,N2_pre_,L0,P_bal,HRFF,logistic,mixture_diagnostic,J_bits,0.8678422121181715,0.6948909826231566,0.9584097716320157,57.0,,,3307.0,bits/bag,macro candidate mean,fixed OOF candidate bootstrap; no refit,N2_core_001,6ef59158bbe2cbc2324356fc4e7de146eaf46ba614781c7339068d4ff818f8c6,补充表从固定外预测计算；保留原packet与source_run，未重拟合。 补充派生来源=metrics_001 P_bal二分类先验CE=1，J及区间仅精确代数变换；无新bootstrap/fit。
N2,N2_pre_,L0,P_bal,HRFF,logistic,mixture_diagnostic,bacc,0.983332774319522,0.9670341643984582,0.9927025040171364,57.0,,,3307.0,unitless,macro candidate mean,fixed OOF candidate bootstrap; no refit,N2_core_001,6ef59158bbe2cbc2324356fc4e7de146eaf46ba614781c7339068d4ff818f8c6,补充表从固定外预测计算；保留原packet与source_run，未重拟合。 补充派生来源=metrics_001
N2,N2_pre_,L0,P_bal,HRFF,logistic,mixture_diagnostic,auroc,0.992296729841552,0.9771201185748736,0.9999388880521798,57.0,,,3307.0,unitless,macro candidate mean,fixed OOF candidate bootstrap; no refit,N2_core_001,6ef59158bbe2cbc2324356fc4e7de146eaf46ba614781c7339068d4ff818f8c6,补充表从固定外预测计算；保留原packet与source_run，未重拟合。 补充派生来源=metrics_001
N2,N2_pre_,L0,P_bal,HRFF,logistic,mixture_diagnostic,brier_two_class_sum,0.0296950914836971,0.0131678686981166,0.0595143359196429,57.0,,,3307.0,unitless,macro candidate mean,fixed OOF candidate bootstrap; no refit,N2_core_001,6ef59158bbe2cbc2324356fc4e7de146eaf46ba614781c7339068d4ff818f8c6,补充表从固定外预测计算；保留原packet与source_run，未重拟合。 补充派生来源=metrics_001
N2,N2_pre_,L0,P_bal,HRFF,logistic,raw,ce_bits,0.1316143364264854,0.0975768920424533,0.1944158349091314,57.0,,,3307.0,bits/bag,macro candidate mean,fixed OOF candidate bootstrap; no refit,N2_core_001,6ef59158bbe2cbc2324356fc4e7de146eaf46ba614781c7339068d4ff818f8c6,补充表从固定外预测计算；保留原packet与source_run，未重拟合。 补充派生来源=metrics_001
N2,N2_pre_,L0,P_bal,HRFF,logistic,raw,J_bits,0.8683856635735145,0.8055841650908686,0.9024231079575467,57.0,,,3307.0,bits/bag,macro candidate mean,fixed OOF candidate bootstrap; no refit,N2_core_001,6ef59158bbe2cbc2324356fc4e7de146eaf46ba614781c7339068d4ff818f8c6,补充表从固定外预测计算；保留原packet与source_run，未重拟合。 补充派生来源=metrics_001 P_bal二分类先验CE=1，J及区间仅精确代数变换；无新bootstrap/fit。
N2,N2_pre_,L0,P_bal,HRFF,logistic,raw,bacc,0.983332774319522,0.9670341643984582,0.9927025040171364,57.0,,,3307.0,unitless,macro candidate mean,fixed OOF candidate bootstrap; no refit,N2_core_001,6ef59158bbe2cbc2324356fc4e7de146eaf46ba614781c7339068d4ff818f8c6,补充表从固定外预测计算；保留原packet与source_run，未重拟合。 补充派生来源=metrics_001
N2,N2_pre_,L0,P_bal,HRFF,logistic,raw,auroc,0.992296729841552,0.9771201185748736,0.9999388880521798,57.0,,,3307.0,unitless,macro candidate mean,fixed OOF candidate bootstrap; no refit,N2_core_001,6ef59158bbe2cbc2324356fc4e7de146eaf46ba614781c7339068d4ff818f8c6,补充表从固定外预测计算；保留原packet与source_run，未重拟合。 补充派生来源=metrics_001
N2,N2_pre_,L0,P_bal,HRFF,logistic,raw,brier_two_class_sum,0.0364151229420514,0.0225786738273038,0.0616361192576765,57.0,,,3307.0,unitless,macro candidate mean,fixed OOF candidate bootstrap; no refit,N2_core_001,6ef59158bbe2cbc2324356fc4e7de146eaf46ba614781c7339068d4ff818f8c6,补充表从固定外预测计算；保留原packet与source_run，未重拟合。 补充派生来源=metrics_001
N2,N2_pre_,L0,P_bal,HRFF,logistic,temperature,ce_bits,0.1321577878818285,0.0415902283679843,0.3051090173768433,57.0,,,3307.0,bits/bag,macro candidate mean,fixed OOF candidate bootstrap; no refit,N2_core_001,6ef59158bbe2cbc2324356fc4e7de146eaf46ba614781c7339068d4ff818f8c6,补充表从固定外预测计算；保留原packet与source_run，未重拟合。 补充派生来源=metrics_001
N2,N2_pre_,L0,P_bal,HRFF,logistic,temperature,J_bits,0.8678422121181715,0.6948909826231566,0.9584097716320157,57.0,,,3307.0,bits/bag,macro candidate mean,fixed OOF candidate bootstrap; no refit,N2_core_001,6ef59158bbe2cbc2324356fc4e7de146eaf46ba614781c7339068d4ff818f8c6,补充表从固定外预测计算；保留原packet与source_run，未重拟合。 补充派生来源=metrics_001 P_bal二分类先验CE=1，J及区间仅精确代数变换；无新bootstrap/fit。
N2,N2_pre_,L0,P_bal,HRFF,logistic,temperature,bacc,0.983332774319522,0.9670341643984582,0.9927025040171364,57.0,,,3307.0,unitless,macro candidate mean,fixed OOF candidate bootstrap; no refit,N2_core_001,6ef59158bbe2cbc2324356fc4e7de146eaf46ba614781c7339068d4ff818f8c6,补充表从固定外预测计算；保留原packet与source_run，未重拟合。 补充派生来源=metrics_001
N2,N2_pre_,L0,P_bal,HRFF,logistic,temperature,auroc,0.992296729841552,0.9771201185748736,0.9999388880521798,57.0,,,3307.0,unitless,macro candidate mean,fixed OOF candidate bootstrap; no refit,N2_core_001,6ef59158bbe2cbc2324356fc4e7de146eaf46ba614781c7339068d4ff818f8c6,补充表从固定外预测计算；保留原packet与source_run，未重拟合。 补充派生来源=metrics_001
N2,N2_pre_,L0,P_bal,HRFF,logistic,temperature,brier_two_class_sum,0.0296950914836971,0.0131678686981166,0.0595143359196429,57.0,,,3307.0,unitless,macro candidate mean,fixed OOF candidate bootstrap; no refit,N2_core_001,6ef59158bbe2cbc2324356fc4e7de146eaf46ba614781c7339068d4ff818f8c6,补充表从固定外预测计算；保留原packet与source_run，未重拟合。 补充派生来源=metrics_001
N2,N2_post_,L0,P_bal,HVAR,logistic,mixture_diagnostic,ce_bits,0.1334939780290358,0.042435275662987,0.308003359855611,57.0,,,3307.0,bits/bag,macro candidate mean,fixed OOF candidate bootstrap; no refit,N2_core_001,6ef59158bbe2cbc2324356fc4e7de146eaf46ba614781c7339068d4ff818f8c6,补充表从固定外预测计算；保留原packet与source_run，未重拟合。 补充派生来源=metrics_001
N2,N2_post_,L0,P_bal,HVAR,logistic,mixture_diagnostic,J_bits,0.8665060219709642,0.691996640144389,0.957564724337013,57.0,,,3307.0,bits/bag,macro candidate mean,fixed OOF candidate bootstrap; no refit,N2_core_001,6ef59158bbe2cbc2324356fc4e7de146eaf46ba614781c7339068d4ff818f8c6,补充表从固定外预测计算；保留原packet与source_run，未重拟合。 补充派生来源=metrics_001 P_bal二分类先验CE=1，J及区间仅精确代数变换；无新bootstrap/fit。
N2,N2_post_,L0,P_bal,HVAR,logistic,mixture_diagnostic,bacc,0.9830201750517834,0.9668084669698812,0.9923890800304124,57.0,,,3307.0,unitless,macro candidate mean,fixed OOF candidate bootstrap; no refit,N2_core_001,6ef59158bbe2cbc2324356fc4e7de146eaf46ba614781c7339068d4ff818f8c6,补充表从固定外预测计算；保留原packet与source_run，未重拟合。 补充派生来源=metrics_001
N2,N2_post_,L0,P_bal,HVAR,logistic,mixture_diagnostic,auroc,0.9923421910946788,0.9773288596467482,0.9999124149192208,57.0,,,3307.0,unitless,macro candidate mean,fixed OOF candidate bootstrap; no refit,N2_core_001,6ef59158bbe2cbc2324356fc4e7de146eaf46ba614781c7339068d4ff818f8c6,补充表从固定外预测计算；保留原packet与source_run，未重拟合。 补充派生来源=metrics_001
N2,N2_post_,L0,P_bal,HVAR,logistic,mixture_diagnostic,brier_two_class_sum,0.030007555931088,0.0135632103498319,0.0595281076753245,57.0,,,3307.0,unitless,macro candidate mean,fixed OOF candidate bootstrap; no refit,N2_core_001,6ef59158bbe2cbc2324356fc4e7de146eaf46ba614781c7339068d4ff818f8c6,补充表从固定外预测计算；保留原packet与source_run，未重拟合。 补充派生来源=metrics_001
N2,N2_post_,L0,P_bal,HVAR,logistic,raw,ce_bits,0.1326863340241143,0.0979134898883237,0.1971406504433942,57.0,,,3307.0,bits/bag,macro candidate mean,fixed OOF candidate bootstrap; no refit,N2_core_001,6ef59158bbe2cbc2324356fc4e7de146eaf46ba614781c7339068d4ff818f8c6,补充表从固定外预测计算；保留原packet与source_run，未重拟合。 补充派生来源=metrics_001
N2,N2_post_,L0,P_bal,HVAR,logistic,raw,J_bits,0.8673136659758857,0.8028593495566058,0.9020865101116763,57.0,,,3307.0,bits/bag,macro candidate mean,fixed OOF candidate bootstrap; no refit,N2_core_001,6ef59158bbe2cbc2324356fc4e7de146eaf46ba614781c7339068d4ff818f8c6,补充表从固定外预测计算；保留原packet与source_run，未重拟合。 补充派生来源=metrics_001 P_bal二分类先验CE=1，J及区间仅精确代数变换；无新bootstrap/fit。
N2,N2_post_,L0,P_bal,HVAR,logistic,raw,bacc,0.9830201750517834,0.9668084669698812,0.9923890800304124,57.0,,,3307.0,unitless,macro candidate mean,fixed OOF candidate bootstrap; no refit,N2_core_001,6ef59158bbe2cbc2324356fc4e7de146eaf46ba614781c7339068d4ff818f8c6,补充表从固定外预测计算；保留原packet与source_run，未重拟合。 补充派生来源=metrics_001
N2,N2_post_,L0,P_bal,HVAR,logistic,raw,auroc,0.9923421910946788,0.9773288596467482,0.9999124149192208,57.0,,,3307.0,unitless,macro candidate mean,fixed OOF candidate bootstrap; no refit,N2_core_001,6ef59158bbe2cbc2324356fc4e7de146eaf46ba614781c7339068d4ff818f8c6,补充表从固定外预测计算；保留原packet与source_run，未重拟合。 补充派生来源=metrics_001
N2,N2_post_,L0,P_bal,HVAR,logistic,raw,brier_two_class_sum,0.0367235965752926,0.022835156358403,0.0619898510326096,57.0,,,3307.0,unitless,macro candidate mean,fixed OOF candidate bootstrap; no refit,N2_core_001,6ef59158bbe2cbc2324356fc4e7de146eaf46ba614781c7339068d4ff818f8c6,补充表从固定外预测计算；保留原packet与source_run，未重拟合。 补充派生来源=metrics_001
N2,N2_post_,L0,P_bal,HVAR,logistic,temperature,ce_bits,0.1334939780290358,0.042435275662987,0.308003359855611,57.0,,,3307.0,bits/bag,macro candidate mean,fixed OOF candidate bootstrap; no refit,N2_core_001,6ef59158bbe2cbc2324356fc4e7de146eaf46ba614781c7339068d4ff818f8c6,补充表从固定外预测计算；保留原packet与source_run，未重拟合。 补充派生来源=metrics_001
N2,N2_post_,L0,P_bal,HVAR,logistic,temperature,J_bits,0.8665060219709642,0.691996640144389,0.957564724337013,57.0,,,3307.0,bits/bag,macro candidate mean,fixed OOF candidate bootstrap; no refit,N2_core_001,6ef59158bbe2cbc2324356fc4e7de146eaf46ba614781c7339068d4ff818f8c6,补充表从固定外预测计算；保留原packet与source_run，未重拟合。 补充派生来源=metrics_001 P_bal二分类先验CE=1，J及区间仅精确代数变换；无新bootstrap/fit。
N2,N2_post_,L0,P_bal,HVAR,logistic,temperature,bacc,0.9830201750517834,0.9668084669698812,0.9923890800304124,57.0,,,3307.0,unitless,macro candidate mean,fixed OOF candidate bootstrap; no refit,N2_core_001,6ef59158bbe2cbc2324356fc4e7de146eaf46ba614781c7339068d4ff818f8c6,补充表从固定外预测计算；保留原packet与source_run，未重拟合。 补充派生来源=metrics_001
N2,N2_post_,L0,P_bal,HVAR,logistic,temperature,auroc,0.9923421910946788,0.9773288596467482,0.9999124149192208,57.0,,,3307.0,unitless,macro candidate mean,fixed OOF candidate bootstrap; no refit,N2_core_001,6ef59158bbe2cbc2324356fc4e7de146eaf46ba614781c7339068d4ff818f8c6,补充表从固定外预测计算；保留原packet与source_run，未重拟合。 补充派生来源=metrics_001
N2,N2_post_,L0,P_bal,HVAR,logistic,temperature,brier_two_class_sum,0.030007555931088,0.0135632103498319,0.0595281076753245,57.0,,,3307.0,unitless,macro candidate mean,fixed OOF candidate bootstrap; no refit,N2_core_001,6ef59158bbe2cbc2324356fc4e7de146eaf46ba614781c7339068d4ff818f8c6,补充表从固定外预测计算；保留原packet与source_run，未重拟合。 补充派生来源=metrics_001
N2,N2_pre_,L0,P_bal,HVAR,logistic,mixture_diagnostic,ce_bits,0.1312945219106828,0.0412310011283996,0.304178114537713,57.0,,,3307.0,bits/bag,macro candidate mean,fixed OOF candidate bootstrap; no refit,N2_core_001,6ef59158bbe2cbc2324356fc4e7de146eaf46ba614781c7339068d4ff818f8c6,补充表从固定外预测计算；保留原packet与source_run，未重拟合。 补充派生来源=metrics_001
N2,N2_pre_,L0,P_bal,HVAR,logistic,mixture_diagnostic,J_bits,0.8687054780893172,0.6958218854622871,0.9587689988716004,57.0,,,3307.0,bits/bag,macro candidate mean,fixed OOF candidate bootstrap; no refit,N2_core_001,6ef59158bbe2cbc2324356fc4e7de146eaf46ba614781c7339068d4ff818f8c6,补充表从固定外预测计算；保留原packet与source_run，未重拟合。 补充派生来源=metrics_001 P_bal二分类先验CE=1，J及区间仅精确代数变换；无新bootstrap/fit。
N2,N2_pre_,L0,P_bal,HVAR,logistic,mixture_diagnostic,bacc,0.9832572427526876,0.9673515786384538,0.9923024215384284,57.0,,,3307.0,unitless,macro candidate mean,fixed OOF candidate bootstrap; no refit,N2_core_001,6ef59158bbe2cbc2324356fc4e7de146eaf46ba614781c7339068d4ff818f8c6,补充表从固定外预测计算；保留原packet与source_run，未重拟合。 补充派生来源=metrics_001
N2,N2_pre_,L0,P_bal,HVAR,logistic,mixture_diagnostic,auroc,0.9922522225836576,0.9770589541136848,0.9999124149192208,57.0,,,3307.0,unitless,macro candidate mean,fixed OOF candidate bootstrap; no refit,N2_core_001,6ef59158bbe2cbc2324356fc4e7de146eaf46ba614781c7339068d4ff818f8c6,补充表从固定外预测计算；保留原packet与source_run，未重拟合。 补充派生来源=metrics_001
N2,N2_pre_,L0,P_bal,HVAR,logistic,mixture_diagnostic,brier_two_class_sum,0.029563872452573,0.0130066489070731,0.0594554848699862,57.0,,,3307.0,unitless,macro candidate mean,fixed OOF candidate bootstrap; no refit,N2_core_001,6ef59158bbe2cbc2324356fc4e7de146eaf46ba614781c7339068d4ff818f8c6,补充表从固定外预测计算；保留原packet与source_run，未重拟合。 补充派生来源=metrics_001
N2,N2_pre_,L0,P_bal,HVAR,logistic,raw,ce_bits,0.1314000687555009,0.0972156185473057,0.1947789125321615,57.0,,,3307.0,bits/bag,macro candidate mean,fixed OOF candidate bootstrap; no refit,N2_core_001,6ef59158bbe2cbc2324356fc4e7de146eaf46ba614781c7339068d4ff818f8c6,补充表从固定外预测计算；保留原packet与source_run，未重拟合。 补充派生来源=metrics_001
N2,N2_pre_,L0,P_bal,HVAR,logistic,raw,J_bits,0.8685999312444991,0.8052210874678385,0.9027843814526944,57.0,,,3307.0,bits/bag,macro candidate mean,fixed OOF candidate bootstrap; no refit,N2_core_001,6ef59158bbe2cbc2324356fc4e7de146eaf46ba614781c7339068d4ff818f8c6,补充表从固定外预测计算；保留原packet与source_run，未重拟合。 补充派生来源=metrics_001 P_bal二分类先验CE=1，J及区间仅精确代数变换；无新bootstrap/fit。
N2,N2_pre_,L0,P_bal,HVAR,logistic,raw,bacc,0.9832572427526876,0.9673515786384538,0.9923024215384284,57.0,,,3307.0,unitless,macro candidate mean,fixed OOF candidate bootstrap; no refit,N2_core_001,6ef59158bbe2cbc2324356fc4e7de146eaf46ba614781c7339068d4ff818f8c6,补充表从固定外预测计算；保留原packet与source_run，未重拟合。 补充派生来源=metrics_001
N2,N2_pre_,L0,P_bal,HVAR,logistic,raw,auroc,0.9922522225836576,0.9770589541136848,0.9999124149192208,57.0,,,3307.0,unitless,macro candidate mean,fixed OOF candidate bootstrap; no refit,N2_core_001,6ef59158bbe2cbc2324356fc4e7de146eaf46ba614781c7339068d4ff818f8c6,补充表从固定外预测计算；保留原packet与source_run，未重拟合。 补充派生来源=metrics_001
N2,N2_pre_,L0,P_bal,HVAR,logistic,raw,brier_two_class_sum,0.0363103525020824,0.0224376238160119,0.061625584672966,57.0,,,3307.0,unitless,macro candidate mean,fixed OOF candidate bootstrap; no refit,N2_core_001,6ef59158bbe2cbc2324356fc4e7de146eaf46ba614781c7339068d4ff818f8c6,补充表从固定外预测计算；保留原packet与source_run，未重拟合。 补充派生来源=metrics_001
N2,N2_pre_,L0,P_bal,HVAR,logistic,temperature,ce_bits,0.1312945219106828,0.0412310011283996,0.304178114537713,57.0,,,3307.0,bits/bag,macro candidate mean,fixed OOF candidate bootstrap; no refit,N2_core_001,6ef59158bbe2cbc2324356fc4e7de146eaf46ba614781c7339068d4ff818f8c6,补充表从固定外预测计算；保留原packet与source_run，未重拟合。 补充派生来源=metrics_001
N2,N2_pre_,L0,P_bal,HVAR,logistic,temperature,J_bits,0.8687054780893172,0.6958218854622871,0.9587689988716004,57.0,,,3307.0,bits/bag,macro candidate mean,fixed OOF candidate bootstrap; no refit,N2_core_001,6ef59158bbe2cbc2324356fc4e7de146eaf46ba614781c7339068d4ff818f8c6,补充表从固定外预测计算；保留原packet与source_run，未重拟合。 补充派生来源=metrics_001 P_bal二分类先验CE=1，J及区间仅精确代数变换；无新bootstrap/fit。
N2,N2_pre_,L0,P_bal,HVAR,logistic,temperature,bacc,0.9832572427526876,0.9673515786384538,0.9923024215384284,57.0,,,3307.0,unitless,macro candidate mean,fixed OOF candidate bootstrap; no refit,N2_core_001,6ef59158bbe2cbc2324356fc4e7de146eaf46ba614781c7339068d4ff818f8c6,补充表从固定外预测计算；保留原packet与source_run，未重拟合。 补充派生来源=metrics_001
N2,N2_pre_,L0,P_bal,HVAR,logistic,temperature,auroc,0.9922522225836576,0.9770589541136848,0.9999124149192208,57.0,,,3307.0,unitless,macro candidate mean,fixed OOF candidate bootstrap; no refit,N2_core_001,6ef59158bbe2cbc2324356fc4e7de146eaf46ba614781c7339068d4ff818f8c6,补充表从固定外预测计算；保留原packet与source_run，未重拟合。 补充派生来源=metrics_001
N2,N2_pre_,L0,P_bal,HVAR,logistic,temperature,brier_two_class_sum,0.029563872452573,0.0130066489070731,0.0594554848699862,57.0,,,3307.0,unitless,macro candidate mean,fixed OOF candidate bootstrap; no refit,N2_core_001,6ef59158bbe2cbc2324356fc4e7de146eaf46ba614781c7339068d4ff818f8c6,补充表从固定外预测计算；保留原packet与source_run，未重拟合。 补充派生来源=metrics_001
N2,N2_post_,R_SIM,P_bal,H,logistic,mixture_diagnostic,ce_bits,0.1316776394975503,0.0410395742365194,0.3054368325976156,57.0,,,3307.0,bits/bag,macro candidate mean,fixed OOF candidate bootstrap; no refit,N2_core_001,6ef59158bbe2cbc2324356fc4e7de146eaf46ba614781c7339068d4ff818f8c6,补充表从固定外预测计算；保留原packet与source_run，未重拟合。 补充派生来源=metrics_001
N2,N2_post_,R_SIM,P_bal,H,logistic,mixture_diagnostic,J_bits,0.8683223605024497,0.6945631674023844,0.9589604257634806,57.0,,,3307.0,bits/bag,macro candidate mean,fixed OOF candidate bootstrap; no refit,N2_core_001,6ef59158bbe2cbc2324356fc4e7de146eaf46ba614781c7339068d4ff818f8c6,补充表从固定外预测计算；保留原packet与source_run，未重拟合。 补充派生来源=metrics_001 P_bal二分类先验CE=1，J及区间仅精确代数变换；无新bootstrap/fit。
N2,N2_post_,R_SIM,P_bal,H,logistic,mixture_diagnostic,bacc,0.982883404569792,0.9665593462892385,0.9921385816004068,57.0,,,3307.0,unitless,macro candidate mean,fixed OOF candidate bootstrap; no refit,N2_core_001,6ef59158bbe2cbc2324356fc4e7de146eaf46ba614781c7339068d4ff818f8c6,补充表从固定外预测计算；保留原packet与source_run，未重拟合。 补充派生来源=metrics_001
N2,N2_post_,R_SIM,P_bal,H,logistic,mixture_diagnostic,auroc,0.9923421910946788,0.9773288596467482,0.9999124149192208,57.0,,,3307.0,unitless,macro candidate mean,fixed OOF candidate bootstrap; no refit,N2_core_001,6ef59158bbe2cbc2324356fc4e7de146eaf46ba614781c7339068d4ff818f8c6,补充表从固定外预测计算；保留原packet与source_run，未重拟合。 补充派生来源=metrics_001
N2,N2_post_,R_SIM,P_bal,H,logistic,mixture_diagnostic,brier_two_class_sum,0.0294537840245948,0.0130733940359088,0.0592372282819599,57.0,,,3307.0,unitless,macro candidate mean,fixed OOF candidate bootstrap; no refit,N2_core_001,6ef59158bbe2cbc2324356fc4e7de146eaf46ba614781c7339068d4ff818f8c6,补充表从固定外预测计算；保留原packet与source_run，未重拟合。 补充派生来源=metrics_001
N2,N2_post_,R_SIM,P_bal,H,logistic,raw,ce_bits,0.1310957698656409,0.0967705720777455,0.1945594708505775,57.0,,,3307.0,bits/bag,macro candidate mean,fixed OOF candidate bootstrap; no refit,N2_core_001,6ef59158bbe2cbc2324356fc4e7de146eaf46ba614781c7339068d4ff818f8c6,补充表从固定外预测计算；保留原packet与source_run，未重拟合。 补充派生来源=metrics_001
N2,N2_post_,R_SIM,P_bal,H,logistic,raw,J_bits,0.8689042301343591,0.8054405291494224,0.9032294279222545,57.0,,,3307.0,bits/bag,macro candidate mean,fixed OOF candidate bootstrap; no refit,N2_core_001,6ef59158bbe2cbc2324356fc4e7de146eaf46ba614781c7339068d4ff818f8c6,补充表从固定外预测计算；保留原packet与source_run，未重拟合。 补充派生来源=metrics_001 P_bal二分类先验CE=1，J及区间仅精确代数变换；无新bootstrap/fit。
N2,N2_post_,R_SIM,P_bal,H,logistic,raw,bacc,0.982883404569792,0.9665593462892385,0.9921385816004068,57.0,,,3307.0,unitless,macro candidate mean,fixed OOF candidate bootstrap; no refit,N2_core_001,6ef59158bbe2cbc2324356fc4e7de146eaf46ba614781c7339068d4ff818f8c6,补充表从固定外预测计算；保留原packet与source_run，未重拟合。 补充派生来源=metrics_001
N2,N2_post_,R_SIM,P_bal,H,logistic,raw,auroc,0.9923421910946788,0.9773288596467482,0.9999124149192208,57.0,,,3307.0,unitless,macro candidate mean,fixed OOF candidate bootstrap; no refit,N2_core_001,6ef59158bbe2cbc2324356fc4e7de146eaf46ba614781c7339068d4ff818f8c6,补充表从固定外预测计算；保留原packet与source_run，未重拟合。 补充派生来源=metrics_001
N2,N2_post_,R_SIM,P_bal,H,logistic,raw,brier_two_class_sum,0.0361542466195311,0.0223366535787038,0.0613539974677182,57.0,,,3307.0,unitless,macro candidate mean,fixed OOF candidate bootstrap; no refit,N2_core_001,6ef59158bbe2cbc2324356fc4e7de146eaf46ba614781c7339068d4ff818f8c6,补充表从固定外预测计算；保留原packet与source_run，未重拟合。 补充派生来源=metrics_001
N2,N2_post_,R_SIM,P_bal,H,logistic,temperature,ce_bits,0.1316776394975503,0.0410395742365194,0.3054368325976156,57.0,,,3307.0,bits/bag,macro candidate mean,fixed OOF candidate bootstrap; no refit,N2_core_001,6ef59158bbe2cbc2324356fc4e7de146eaf46ba614781c7339068d4ff818f8c6,补充表从固定外预测计算；保留原packet与source_run，未重拟合。 补充派生来源=metrics_001
N2,N2_post_,R_SIM,P_bal,H,logistic,temperature,J_bits,0.8683223605024497,0.6945631674023844,0.9589604257634806,57.0,,,3307.0,bits/bag,macro candidate mean,fixed OOF candidate bootstrap; no refit,N2_core_001,6ef59158bbe2cbc2324356fc4e7de146eaf46ba614781c7339068d4ff818f8c6,补充表从固定外预测计算；保留原packet与source_run，未重拟合。 补充派生来源=metrics_001 P_bal二分类先验CE=1，J及区间仅精确代数变换；无新bootstrap/fit。
N2,N2_post_,R_SIM,P_bal,H,logistic,temperature,bacc,0.982883404569792,0.9665593462892385,0.9921385816004068,57.0,,,3307.0,unitless,macro candidate mean,fixed OOF candidate bootstrap; no refit,N2_core_001,6ef59158bbe2cbc2324356fc4e7de146eaf46ba614781c7339068d4ff818f8c6,补充表从固定外预测计算；保留原packet与source_run，未重拟合。 补充派生来源=metrics_001
N2,N2_post_,R_SIM,P_bal,H,logistic,temperature,auroc,0.9923421910946788,0.9773288596467482,0.9999124149192208,57.0,,,3307.0,unitless,macro candidate mean,fixed OOF candidate bootstrap; no refit,N2_core_001,6ef59158bbe2cbc2324356fc4e7de146eaf46ba614781c7339068d4ff818f8c6,补充表从固定外预测计算；保留原packet与source_run，未重拟合。 补充派生来源=metrics_001
N2,N2_post_,R_SIM,P_bal,H,logistic,temperature,brier_two_class_sum,0.0294537840245948,0.0130733940359088,0.0592372282819599,57.0,,,3307.0,unitless,macro candidate mean,fixed OOF candidate bootstrap; no refit,N2_core_001,6ef59158bbe2cbc2324356fc4e7de146eaf46ba614781c7339068d4ff818f8c6,补充表从固定外预测计算；保留原packet与source_run，未重拟合。 补充派生来源=metrics_001
N2,N2_pre_,R_SIM,P_bal,H,logistic,mixture_diagnostic,ce_bits,0.1316776394975503,0.0410395742365194,0.3054368325976156,57.0,,,3307.0,bits/bag,macro candidate mean,fixed OOF candidate bootstrap; no refit,N2_core_001,6ef59158bbe2cbc2324356fc4e7de146eaf46ba614781c7339068d4ff818f8c6,补充表从固定外预测计算；保留原packet与source_run，未重拟合。 补充派生来源=metrics_001
N2,N2_pre_,R_SIM,P_bal,H,logistic,mixture_diagnostic,J_bits,0.8683223605024497,0.6945631674023844,0.9589604257634806,57.0,,,3307.0,bits/bag,macro candidate mean,fixed OOF candidate bootstrap; no refit,N2_core_001,6ef59158bbe2cbc2324356fc4e7de146eaf46ba614781c7339068d4ff818f8c6,补充表从固定外预测计算；保留原packet与source_run，未重拟合。 补充派生来源=metrics_001 P_bal二分类先验CE=1，J及区间仅精确代数变换；无新bootstrap/fit。
N2,N2_pre_,R_SIM,P_bal,H,logistic,mixture_diagnostic,bacc,0.982883404569792,0.9665593462892385,0.9921385816004068,57.0,,,3307.0,unitless,macro candidate mean,fixed OOF candidate bootstrap; no refit,N2_core_001,6ef59158bbe2cbc2324356fc4e7de146eaf46ba614781c7339068d4ff818f8c6,补充表从固定外预测计算；保留原packet与source_run，未重拟合。 补充派生来源=metrics_001
N2,N2_pre_,R_SIM,P_bal,H,logistic,mixture_diagnostic,auroc,0.9923421910946788,0.9773288596467482,0.9999124149192208,57.0,,,3307.0,unitless,macro candidate mean,fixed OOF candidate bootstrap; no refit,N2_core_001,6ef59158bbe2cbc2324356fc4e7de146eaf46ba614781c7339068d4ff818f8c6,补充表从固定外预测计算；保留原packet与source_run，未重拟合。 补充派生来源=metrics_001
N2,N2_pre_,R_SIM,P_bal,H,logistic,mixture_diagnostic,brier_two_class_sum,0.0294537840245948,0.0130733940359088,0.0592372282819599,57.0,,,3307.0,unitless,macro candidate mean,fixed OOF candidate bootstrap; no refit,N2_core_001,6ef59158bbe2cbc2324356fc4e7de146eaf46ba614781c7339068d4ff818f8c6,补充表从固定外预测计算；保留原packet与source_run，未重拟合。 补充派生来源=metrics_001
N2,N2_pre_,R_SIM,P_bal,H,logistic,raw,ce_bits,0.1310957698656409,0.0967705720777455,0.1945594708505775,57.0,,,3307.0,bits/bag,macro candidate mean,fixed OOF candidate bootstrap; no refit,N2_core_001,6ef59158bbe2cbc2324356fc4e7de146eaf46ba614781c7339068d4ff818f8c6,补充表从固定外预测计算；保留原packet与source_run，未重拟合。 补充派生来源=metrics_001
N2,N2_pre_,R_SIM,P_bal,H,logistic,raw,J_bits,0.8689042301343591,0.8054405291494224,0.9032294279222545,57.0,,,3307.0,bits/bag,macro candidate mean,fixed OOF candidate bootstrap; no refit,N2_core_001,6ef59158bbe2cbc2324356fc4e7de146eaf46ba614781c7339068d4ff818f8c6,补充表从固定外预测计算；保留原packet与source_run，未重拟合。 补充派生来源=metrics_001 P_bal二分类先验CE=1，J及区间仅精确代数变换；无新bootstrap/fit。
N2,N2_pre_,R_SIM,P_bal,H,logistic,raw,bacc,0.982883404569792,0.9665593462892385,0.9921385816004068,57.0,,,3307.0,unitless,macro candidate mean,fixed OOF candidate bootstrap; no refit,N2_core_001,6ef59158bbe2cbc2324356fc4e7de146eaf46ba614781c7339068d4ff818f8c6,补充表从固定外预测计算；保留原packet与source_run，未重拟合。 补充派生来源=metrics_001
N2,N2_pre_,R_SIM,P_bal,H,logistic,raw,auroc,0.9923421910946788,0.9773288596467482,0.9999124149192208,57.0,,,3307.0,unitless,macro candidate mean,fixed OOF candidate bootstrap; no refit,N2_core_001,6ef59158bbe2cbc2324356fc4e7de146eaf46ba614781c7339068d4ff818f8c6,补充表从固定外预测计算；保留原packet与source_run，未重拟合。 补充派生来源=metrics_001
N2,N2_pre_,R_SIM,P_bal,H,logistic,raw,brier_two_class_sum,0.0361542466195311,0.0223366535787038,0.0613539974677182,57.0,,,3307.0,unitless,macro candidate mean,fixed OOF candidate bootstrap; no refit,N2_core_001,6ef59158bbe2cbc2324356fc4e7de146eaf46ba614781c7339068d4ff818f8c6,补充表从固定外预测计算；保留原packet与source_run，未重拟合。 补充派生来源=metrics_001
N2,N2_pre_,R_SIM,P_bal,H,logistic,temperature,ce_bits,0.1316776394975503,0.0410395742365194,0.3054368325976156,57.0,,,3307.0,bits/bag,macro candidate mean,fixed OOF candidate bootstrap; no refit,N2_core_001,6ef59158bbe2cbc2324356fc4e7de146eaf46ba614781c7339068d4ff818f8c6,补充表从固定外预测计算；保留原packet与source_run，未重拟合。 补充派生来源=metrics_001
N2,N2_pre_,R_SIM,P_bal,H,logistic,temperature,J_bits,0.8683223605024497,0.6945631674023844,0.9589604257634806,57.0,,,3307.0,bits/bag,macro candidate mean,fixed OOF candidate bootstrap; no refit,N2_core_001,6ef59158bbe2cbc2324356fc4e7de146eaf46ba614781c7339068d4ff818f8c6,补充表从固定外预测计算；保留原packet与source_run，未重拟合。 补充派生来源=metrics_001 P_bal二分类先验CE=1，J及区间仅精确代数变换；无新bootstrap/fit。
N2,N2_pre_,R_SIM,P_bal,H,logistic,temperature,bacc,0.982883404569792,0.9665593462892385,0.9921385816004068,57.0,,,3307.0,unitless,macro candidate mean,fixed OOF candidate bootstrap; no refit,N2_core_001,6ef59158bbe2cbc2324356fc4e7de146eaf46ba614781c7339068d4ff818f8c6,补充表从固定外预测计算；保留原packet与source_run，未重拟合。 补充派生来源=metrics_001
N2,N2_pre_,R_SIM,P_bal,H,logistic,temperature,auroc,0.9923421910946788,0.9773288596467482,0.9999124149192208,57.0,,,3307.0,unitless,macro candidate mean,fixed OOF candidate bootstrap; no refit,N2_core_001,6ef59158bbe2cbc2324356fc4e7de146eaf46ba614781c7339068d4ff818f8c6,补充表从固定外预测计算；保留原packet与source_run，未重拟合。 补充派生来源=metrics_001
N2,N2_pre_,R_SIM,P_bal,H,logistic,temperature,brier_two_class_sum,0.0294537840245948,0.0130733940359088,0.0592372282819599,57.0,,,3307.0,unitless,macro candidate mean,fixed OOF candidate bootstrap; no refit,N2_core_001,6ef59158bbe2cbc2324356fc4e7de146eaf46ba614781c7339068d4ff818f8c6,补充表从固定外预测计算；保留原packet与source_run，未重拟合。 补充派生来源=metrics_001
N2,N2_post_,R_SIM,P_bal,HMU,logistic,mixture_diagnostic,ce_bits,0.134407589765505,0.0413365855448929,0.3125812626740535,57.0,,,3307.0,bits/bag,macro candidate mean,fixed OOF candidate bootstrap; no refit,N2_core_001,6ef59158bbe2cbc2324356fc4e7de146eaf46ba614781c7339068d4ff818f8c6,补充表从固定外预测计算；保留原packet与source_run，未重拟合。 补充派生来源=metrics_001
N2,N2_post_,R_SIM,P_bal,HMU,logistic,mixture_diagnostic,J_bits,0.865592410234495,0.6874187373259465,0.958663414455107,57.0,,,3307.0,bits/bag,macro candidate mean,fixed OOF candidate bootstrap; no refit,N2_core_001,6ef59158bbe2cbc2324356fc4e7de146eaf46ba614781c7339068d4ff818f8c6,补充表从固定外预测计算；保留原packet与source_run，未重拟合。 补充派生来源=metrics_001 P_bal二分类先验CE=1，J及区间仅精确代数变换；无新bootstrap/fit。
N2,N2_post_,R_SIM,P_bal,HMU,logistic,mixture_diagnostic,bacc,0.9836186358260464,0.967613521893532,0.9926828539534892,57.0,,,3307.0,unitless,macro candidate mean,fixed OOF candidate bootstrap; no refit,N2_core_001,6ef59158bbe2cbc2324356fc4e7de146eaf46ba614781c7339068d4ff818f8c6,补充表从固定外预测计算；保留原packet与source_run，未重拟合。 补充派生来源=metrics_001
N2,N2_post_,R_SIM,P_bal,HMU,logistic,mixture_diagnostic,auroc,0.9923421910946788,0.9773288596467482,0.9999124149192208,57.0,,,3307.0,unitless,macro candidate mean,fixed OOF candidate bootstrap; no refit,N2_core_001,6ef59158bbe2cbc2324356fc4e7de146eaf46ba614781c7339068d4ff818f8c6,补充表从固定外预测计算；保留原packet与source_run，未重拟合。 补充派生来源=metrics_001
N2,N2_post_,R_SIM,P_bal,HMU,logistic,mixture_diagnostic,brier_two_class_sum,0.0296989445816951,0.0131203798322116,0.0596981760421834,57.0,,,3307.0,unitless,macro candidate mean,fixed OOF candidate bootstrap; no refit,N2_core_001,6ef59158bbe2cbc2324356fc4e7de146eaf46ba614781c7339068d4ff818f8c6,补充表从固定外预测计算；保留原packet与source_run，未重拟合。 补充派生来源=metrics_001
N2,N2_post_,R_SIM,P_bal,HMU,logistic,raw,ce_bits,0.1314841480519106,0.0967842920543971,0.1953737827158032,57.0,,,3307.0,bits/bag,macro candidate mean,fixed OOF candidate bootstrap; no refit,N2_core_001,6ef59158bbe2cbc2324356fc4e7de146eaf46ba614781c7339068d4ff818f8c6,补充表从固定外预测计算；保留原packet与source_run，未重拟合。 补充派生来源=metrics_001
N2,N2_post_,R_SIM,P_bal,HMU,logistic,raw,J_bits,0.8685158519480893,0.8046262172841968,0.9032157079456029,57.0,,,3307.0,bits/bag,macro candidate mean,fixed OOF candidate bootstrap; no refit,N2_core_001,6ef59158bbe2cbc2324356fc4e7de146eaf46ba614781c7339068d4ff818f8c6,补充表从固定外预测计算；保留原packet与source_run，未重拟合。 补充派生来源=metrics_001 P_bal二分类先验CE=1，J及区间仅精确代数变换；无新bootstrap/fit。
N2,N2_post_,R_SIM,P_bal,HMU,logistic,raw,bacc,0.9836186358260464,0.967613521893532,0.9926828539534892,57.0,,,3307.0,unitless,macro candidate mean,fixed OOF candidate bootstrap; no refit,N2_core_001,6ef59158bbe2cbc2324356fc4e7de146eaf46ba614781c7339068d4ff818f8c6,补充表从固定外预测计算；保留原packet与source_run，未重拟合。 补充派生来源=metrics_001
N2,N2_post_,R_SIM,P_bal,HMU,logistic,raw,auroc,0.9923421910946788,0.9773288596467482,0.9999124149192208,57.0,,,3307.0,unitless,macro candidate mean,fixed OOF candidate bootstrap; no refit,N2_core_001,6ef59158bbe2cbc2324356fc4e7de146eaf46ba614781c7339068d4ff818f8c6,补充表从固定外预测计算；保留原packet与source_run，未重拟合。 补充派生来源=metrics_001
N2,N2_post_,R_SIM,P_bal,HMU,logistic,raw,brier_two_class_sum,0.0364570497465987,0.02250973401293,0.0618058334297309,57.0,,,3307.0,unitless,macro candidate mean,fixed OOF candidate bootstrap; no refit,N2_core_001,6ef59158bbe2cbc2324356fc4e7de146eaf46ba614781c7339068d4ff818f8c6,补充表从固定外预测计算；保留原packet与source_run，未重拟合。 补充派生来源=metrics_001
N2,N2_post_,R_SIM,P_bal,HMU,logistic,temperature,ce_bits,0.134407589765505,0.0413365855448929,0.3125812626740535,57.0,,,3307.0,bits/bag,macro candidate mean,fixed OOF candidate bootstrap; no refit,N2_core_001,6ef59158bbe2cbc2324356fc4e7de146eaf46ba614781c7339068d4ff818f8c6,补充表从固定外预测计算；保留原packet与source_run，未重拟合。 补充派生来源=metrics_001
N2,N2_post_,R_SIM,P_bal,HMU,logistic,temperature,J_bits,0.865592410234495,0.6874187373259465,0.958663414455107,57.0,,,3307.0,bits/bag,macro candidate mean,fixed OOF candidate bootstrap; no refit,N2_core_001,6ef59158bbe2cbc2324356fc4e7de146eaf46ba614781c7339068d4ff818f8c6,补充表从固定外预测计算；保留原packet与source_run，未重拟合。 补充派生来源=metrics_001 P_bal二分类先验CE=1，J及区间仅精确代数变换；无新bootstrap/fit。
N2,N2_post_,R_SIM,P_bal,HMU,logistic,temperature,bacc,0.9836186358260464,0.967613521893532,0.9926828539534892,57.0,,,3307.0,unitless,macro candidate mean,fixed OOF candidate bootstrap; no refit,N2_core_001,6ef59158bbe2cbc2324356fc4e7de146eaf46ba614781c7339068d4ff818f8c6,补充表从固定外预测计算；保留原packet与source_run，未重拟合。 补充派生来源=metrics_001
N2,N2_post_,R_SIM,P_bal,HMU,logistic,temperature,auroc,0.9923421910946788,0.9773288596467482,0.9999124149192208,57.0,,,3307.0,unitless,macro candidate mean,fixed OOF candidate bootstrap; no refit,N2_core_001,6ef59158bbe2cbc2324356fc4e7de146eaf46ba614781c7339068d4ff818f8c6,补充表从固定外预测计算；保留原packet与source_run，未重拟合。 补充派生来源=metrics_001
N2,N2_post_,R_SIM,P_bal,HMU,logistic,temperature,brier_two_class_sum,0.0296989445816951,0.0131203798322116,0.0596981760421834,57.0,,,3307.0,unitless,macro candidate mean,fixed OOF candidate bootstrap; no refit,N2_core_001,6ef59158bbe2cbc2324356fc4e7de146eaf46ba614781c7339068d4ff818f8c6,补充表从固定外预测计算；保留原packet与source_run，未重拟合。 补充派生来源=metrics_001
N2,N2_pre_,R_SIM,P_bal,HMU,logistic,mixture_diagnostic,ce_bits,0.1320580278930576,0.0410060504229425,0.3068333380118441,57.0,,,3307.0,bits/bag,macro candidate mean,fixed OOF candidate bootstrap; no refit,N2_core_001,6ef59158bbe2cbc2324356fc4e7de146eaf46ba614781c7339068d4ff818f8c6,补充表从固定外预测计算；保留原packet与source_run，未重拟合。 补充派生来源=metrics_001
N2,N2_pre_,R_SIM,P_bal,HMU,logistic,mixture_diagnostic,J_bits,0.8679419721069423,0.6931666619881559,0.9589939495770575,57.0,,,3307.0,bits/bag,macro candidate mean,fixed OOF candidate bootstrap; no refit,N2_core_001,6ef59158bbe2cbc2324356fc4e7de146eaf46ba614781c7339068d4ff818f8c6,补充表从固定外预测计算；保留原packet与source_run，未重拟合。 补充派生来源=metrics_001 P_bal二分类先验CE=1，J及区间仅精确代数变换；无新bootstrap/fit。
N2,N2_pre_,R_SIM,P_bal,HMU,logistic,mixture_diagnostic,bacc,0.9841883861379314,0.9685221065423956,0.9933261447658384,57.0,,,3307.0,unitless,macro candidate mean,fixed OOF candidate bootstrap; no refit,N2_core_001,6ef59158bbe2cbc2324356fc4e7de146eaf46ba614781c7339068d4ff818f8c6,补充表从固定外预测计算；保留原packet与source_run，未重拟合。 补充派生来源=metrics_001
N2,N2_pre_,R_SIM,P_bal,HMU,logistic,mixture_diagnostic,auroc,0.9923634306342056,0.9773666406538404,0.9999173011541228,57.0,,,3307.0,unitless,macro candidate mean,fixed OOF candidate bootstrap; no refit,N2_core_001,6ef59158bbe2cbc2324356fc4e7de146eaf46ba614781c7339068d4ff818f8c6,补充表从固定外预测计算；保留原packet与source_run，未重拟合。 补充派生来源=metrics_001
N2,N2_pre_,R_SIM,P_bal,HMU,logistic,mixture_diagnostic,brier_two_class_sum,0.0294665788943413,0.0129072967071841,0.0594179964437648,57.0,,,3307.0,unitless,macro candidate mean,fixed OOF candidate bootstrap; no refit,N2_core_001,6ef59158bbe2cbc2324356fc4e7de146eaf46ba614781c7339068d4ff818f8c6,补充表从固定外预测计算；保留原packet与source_run，未重拟合。 补充派生来源=metrics_001
N2,N2_pre_,R_SIM,P_bal,HMU,logistic,raw,ce_bits,0.1315134657807831,0.0970823415915532,0.1952270911661754,57.0,,,3307.0,bits/bag,macro candidate mean,fixed OOF candidate bootstrap; no refit,N2_core_001,6ef59158bbe2cbc2324356fc4e7de146eaf46ba614781c7339068d4ff818f8c6,补充表从固定外预测计算；保留原packet与source_run，未重拟合。 补充派生来源=metrics_001
N2,N2_pre_,R_SIM,P_bal,HMU,logistic,raw,J_bits,0.868486534219217,0.8047729088338246,0.9029176584084468,57.0,,,3307.0,bits/bag,macro candidate mean,fixed OOF candidate bootstrap; no refit,N2_core_001,6ef59158bbe2cbc2324356fc4e7de146eaf46ba614781c7339068d4ff818f8c6,补充表从固定外预测计算；保留原packet与source_run，未重拟合。 补充派生来源=metrics_001 P_bal二分类先验CE=1，J及区间仅精确代数变换；无新bootstrap/fit。
N2,N2_pre_,R_SIM,P_bal,HMU,logistic,raw,bacc,0.9841883861379314,0.9685221065423956,0.9933261447658384,57.0,,,3307.0,unitless,macro candidate mean,fixed OOF candidate bootstrap; no refit,N2_core_001,6ef59158bbe2cbc2324356fc4e7de146eaf46ba614781c7339068d4ff818f8c6,补充表从固定外预测计算；保留原packet与source_run，未重拟合。 补充派生来源=metrics_001
N2,N2_pre_,R_SIM,P_bal,HMU,logistic,raw,auroc,0.9923634306342056,0.9773666406538404,0.9999173011541228,57.0,,,3307.0,unitless,macro candidate mean,fixed OOF candidate bootstrap; no refit,N2_core_001,6ef59158bbe2cbc2324356fc4e7de146eaf46ba614781c7339068d4ff818f8c6,补充表从固定外预测计算；保留原packet与source_run，未重拟合。 补充派生来源=metrics_001
N2,N2_pre_,R_SIM,P_bal,HMU,logistic,raw,brier_two_class_sum,0.0362651500346071,0.0223518982505365,0.0617663397965103,57.0,,,3307.0,unitless,macro candidate mean,fixed OOF candidate bootstrap; no refit,N2_core_001,6ef59158bbe2cbc2324356fc4e7de146eaf46ba614781c7339068d4ff818f8c6,补充表从固定外预测计算；保留原packet与source_run，未重拟合。 补充派生来源=metrics_001
N2,N2_pre_,R_SIM,P_bal,HMU,logistic,temperature,ce_bits,0.1320580278930576,0.0410060504229425,0.3068333380118441,57.0,,,3307.0,bits/bag,macro candidate mean,fixed OOF candidate bootstrap; no refit,N2_core_001,6ef59158bbe2cbc2324356fc4e7de146eaf46ba614781c7339068d4ff818f8c6,补充表从固定外预测计算；保留原packet与source_run，未重拟合。 补充派生来源=metrics_001
N2,N2_pre_,R_SIM,P_bal,HMU,logistic,temperature,J_bits,0.8679419721069423,0.6931666619881559,0.9589939495770575,57.0,,,3307.0,bits/bag,macro candidate mean,fixed OOF candidate bootstrap; no refit,N2_core_001,6ef59158bbe2cbc2324356fc4e7de146eaf46ba614781c7339068d4ff818f8c6,补充表从固定外预测计算；保留原packet与source_run，未重拟合。 补充派生来源=metrics_001 P_bal二分类先验CE=1，J及区间仅精确代数变换；无新bootstrap/fit。
N2,N2_pre_,R_SIM,P_bal,HMU,logistic,temperature,bacc,0.9841883861379314,0.9685221065423956,0.9933261447658384,57.0,,,3307.0,unitless,macro candidate mean,fixed OOF candidate bootstrap; no refit,N2_core_001,6ef59158bbe2cbc2324356fc4e7de146eaf46ba614781c7339068d4ff818f8c6,补充表从固定外预测计算；保留原packet与source_run，未重拟合。 补充派生来源=metrics_001
N2,N2_pre_,R_SIM,P_bal,HMU,logistic,temperature,auroc,0.9923634306342056,0.9773666406538404,0.9999173011541228,57.0,,,3307.0,unitless,macro candidate mean,fixed OOF candidate bootstrap; no refit,N2_core_001,6ef59158bbe2cbc2324356fc4e7de146eaf46ba614781c7339068d4ff818f8c6,补充表从固定外预测计算；保留原packet与source_run，未重拟合。 补充派生来源=metrics_001
N2,N2_pre_,R_SIM,P_bal,HMU,logistic,temperature,brier_two_class_sum,0.0294665788943413,0.0129072967071841,0.0594179964437648,57.0,,,3307.0,unitless,macro candidate mean,fixed OOF candidate bootstrap; no refit,N2_core_001,6ef59158bbe2cbc2324356fc4e7de146eaf46ba614781c7339068d4ff818f8c6,补充表从固定外预测计算；保留原packet与source_run，未重拟合。 补充派生来源=metrics_001
N2,N2_post_,R_SIM,P_bal,HMUMU,logistic,mixture_diagnostic,ce_bits,0.1350723576089299,0.0415313357965784,0.3140234890055557,57.0,,,3307.0,bits/bag,macro candidate mean,fixed OOF candidate bootstrap; no refit,N2_core_001,6ef59158bbe2cbc2324356fc4e7de146eaf46ba614781c7339068d4ff818f8c6,补充表从固定外预测计算；保留原packet与source_run，未重拟合。 补充派生来源=metrics_001
N2,N2_post_,R_SIM,P_bal,HMUMU,logistic,mixture_diagnostic,J_bits,0.8649276423910701,0.6859765109944442,0.9584686642034216,57.0,,,3307.0,bits/bag,macro candidate mean,fixed OOF candidate bootstrap; no refit,N2_core_001,6ef59158bbe2cbc2324356fc4e7de146eaf46ba614781c7339068d4ff818f8c6,补充表从固定外预测计算；保留原packet与source_run，未重拟合。 补充派生来源=metrics_001 P_bal二分类先验CE=1，J及区间仅精确代数变换；无新bootstrap/fit。
N2,N2_post_,R_SIM,P_bal,HMUMU,logistic,mixture_diagnostic,bacc,0.983469959049359,0.9674214211017852,0.992569551594943,57.0,,,3307.0,unitless,macro candidate mean,fixed OOF candidate bootstrap; no refit,N2_core_001,6ef59158bbe2cbc2324356fc4e7de146eaf46ba614781c7339068d4ff818f8c6,补充表从固定外预测计算；保留原packet与source_run，未重拟合。 补充派生来源=metrics_001
N2,N2_post_,R_SIM,P_bal,HMUMU,logistic,mixture_diagnostic,auroc,0.9923421910946788,0.9773288596467482,0.9999124149192208,57.0,,,3307.0,unitless,macro candidate mean,fixed OOF candidate bootstrap; no refit,N2_core_001,6ef59158bbe2cbc2324356fc4e7de146eaf46ba614781c7339068d4ff818f8c6,补充表从固定外预测计算；保留原packet与source_run，未重拟合。 补充派生来源=metrics_001
N2,N2_post_,R_SIM,P_bal,HMUMU,logistic,mixture_diagnostic,brier_two_class_sum,0.029808416855664,0.0131934748129915,0.0598398510676786,57.0,,,3307.0,unitless,macro candidate mean,fixed OOF candidate bootstrap; no refit,N2_core_001,6ef59158bbe2cbc2324356fc4e7de146eaf46ba614781c7339068d4ff818f8c6,补充表从固定外预测计算；保留原packet与source_run，未重拟合。 补充派生来源=metrics_001
N2,N2_post_,R_SIM,P_bal,HMUMU,logistic,raw,ce_bits,0.1316311639935985,0.0968642759610634,0.1955764258891665,57.0,,,3307.0,bits/bag,macro candidate mean,fixed OOF candidate bootstrap; no refit,N2_core_001,6ef59158bbe2cbc2324356fc4e7de146eaf46ba614781c7339068d4ff818f8c6,补充表从固定外预测计算；保留原packet与source_run，未重拟合。 补充派生来源=metrics_001
N2,N2_post_,R_SIM,P_bal,HMUMU,logistic,raw,J_bits,0.8683688360064015,0.8044235741108335,0.9031357240389366,57.0,,,3307.0,bits/bag,macro candidate mean,fixed OOF candidate bootstrap; no refit,N2_core_001,6ef59158bbe2cbc2324356fc4e7de146eaf46ba614781c7339068d4ff818f8c6,补充表从固定外预测计算；保留原packet与source_run，未重拟合。 补充派生来源=metrics_001 P_bal二分类先验CE=1，J及区间仅精确代数变换；无新bootstrap/fit。
N2,N2_post_,R_SIM,P_bal,HMUMU,logistic,raw,bacc,0.983469959049359,0.9674214211017852,0.992569551594943,57.0,,,3307.0,unitless,macro candidate mean,fixed OOF candidate bootstrap; no refit,N2_core_001,6ef59158bbe2cbc2324356fc4e7de146eaf46ba614781c7339068d4ff818f8c6,补充表从固定外预测计算；保留原packet与source_run，未重拟合。 补充派生来源=metrics_001
N2,N2_post_,R_SIM,P_bal,HMUMU,logistic,raw,auroc,0.9923421910946788,0.9773288596467482,0.9999124149192208,57.0,,,3307.0,unitless,macro candidate mean,fixed OOF candidate bootstrap; no refit,N2_core_001,6ef59158bbe2cbc2324356fc4e7de146eaf46ba614781c7339068d4ff818f8c6,补充表从固定外预测计算；保留原packet与source_run，未重拟合。 补充派生来源=metrics_001
N2,N2_post_,R_SIM,P_bal,HMUMU,logistic,raw,brier_two_class_sum,0.0365692430339781,0.0225760872704999,0.0619303541203341,57.0,,,3307.0,unitless,macro candidate mean,fixed OOF candidate bootstrap; no refit,N2_core_001,6ef59158bbe2cbc2324356fc4e7de146eaf46ba614781c7339068d4ff818f8c6,补充表从固定外预测计算；保留原packet与source_run，未重拟合。 补充派生来源=metrics_001
N2,N2_post_,R_SIM,P_bal,HMUMU,logistic,temperature,ce_bits,0.1350723576089299,0.0415313357965784,0.3140234890055557,57.0,,,3307.0,bits/bag,macro candidate mean,fixed OOF candidate bootstrap; no refit,N2_core_001,6ef59158bbe2cbc2324356fc4e7de146eaf46ba614781c7339068d4ff818f8c6,补充表从固定外预测计算；保留原packet与source_run，未重拟合。 补充派生来源=metrics_001
N2,N2_post_,R_SIM,P_bal,HMUMU,logistic,temperature,J_bits,0.8649276423910701,0.6859765109944442,0.9584686642034216,57.0,,,3307.0,bits/bag,macro candidate mean,fixed OOF candidate bootstrap; no refit,N2_core_001,6ef59158bbe2cbc2324356fc4e7de146eaf46ba614781c7339068d4ff818f8c6,补充表从固定外预测计算；保留原packet与source_run，未重拟合。 补充派生来源=metrics_001 P_bal二分类先验CE=1，J及区间仅精确代数变换；无新bootstrap/fit。
N2,N2_post_,R_SIM,P_bal,HMUMU,logistic,temperature,bacc,0.983469959049359,0.9674214211017852,0.992569551594943,57.0,,,3307.0,unitless,macro candidate mean,fixed OOF candidate bootstrap; no refit,N2_core_001,6ef59158bbe2cbc2324356fc4e7de146eaf46ba614781c7339068d4ff818f8c6,补充表从固定外预测计算；保留原packet与source_run，未重拟合。 补充派生来源=metrics_001
N2,N2_post_,R_SIM,P_bal,HMUMU,logistic,temperature,auroc,0.9923421910946788,0.9773288596467482,0.9999124149192208,57.0,,,3307.0,unitless,macro candidate mean,fixed OOF candidate bootstrap; no refit,N2_core_001,6ef59158bbe2cbc2324356fc4e7de146eaf46ba614781c7339068d4ff818f8c6,补充表从固定外预测计算；保留原packet与source_run，未重拟合。 补充派生来源=metrics_001
N2,N2_post_,R_SIM,P_bal,HMUMU,logistic,temperature,brier_two_class_sum,0.029808416855664,0.0131934748129915,0.0598398510676786,57.0,,,3307.0,unitless,macro candidate mean,fixed OOF candidate bootstrap; no refit,N2_core_001,6ef59158bbe2cbc2324356fc4e7de146eaf46ba614781c7339068d4ff818f8c6,补充表从固定外预测计算；保留原packet与source_run，未重拟合。 补充派生来源=metrics_001
N2,N2_pre_,R_SIM,P_bal,HMUMU,logistic,mixture_diagnostic,ce_bits,0.13212559503386,0.0410556078261355,0.3070373351677106,57.0,,,3307.0,bits/bag,macro candidate mean,fixed OOF candidate bootstrap; no refit,N2_core_001,6ef59158bbe2cbc2324356fc4e7de146eaf46ba614781c7339068d4ff818f8c6,补充表从固定外预测计算；保留原packet与source_run，未重拟合。 补充派生来源=metrics_001
N2,N2_pre_,R_SIM,P_bal,HMUMU,logistic,mixture_diagnostic,J_bits,0.86787440496614,0.6929626648322894,0.9589443921738645,57.0,,,3307.0,bits/bag,macro candidate mean,fixed OOF candidate bootstrap; no refit,N2_core_001,6ef59158bbe2cbc2324356fc4e7de146eaf46ba614781c7339068d4ff818f8c6,补充表从固定外预测计算；保留原packet与source_run，未重拟合。 补充派生来源=metrics_001 P_bal二分类先验CE=1，J及区间仅精确代数变换；无新bootstrap/fit。
N2,N2_pre_,R_SIM,P_bal,HMUMU,logistic,mixture_diagnostic,bacc,0.9841883861379314,0.9685221065423956,0.9933261447658384,57.0,,,3307.0,unitless,macro candidate mean,fixed OOF candidate bootstrap; no refit,N2_core_001,6ef59158bbe2cbc2324356fc4e7de146eaf46ba614781c7339068d4ff818f8c6,补充表从固定外预测计算；保留原packet与source_run，未重拟合。 补充派生来源=metrics_001
N2,N2_pre_,R_SIM,P_bal,HMUMU,logistic,mixture_diagnostic,auroc,0.9923634306342056,0.9773666406538404,0.9999173011541228,57.0,,,3307.0,unitless,macro candidate mean,fixed OOF candidate bootstrap; no refit,N2_core_001,6ef59158bbe2cbc2324356fc4e7de146eaf46ba614781c7339068d4ff818f8c6,补充表从固定外预测计算；保留原packet与source_run，未重拟合。 补充派生来源=metrics_001
N2,N2_pre_,R_SIM,P_bal,HMUMU,logistic,mixture_diagnostic,brier_two_class_sum,0.0295060908669578,0.0129080262038197,0.0595048356022977,57.0,,,3307.0,unitless,macro candidate mean,fixed OOF candidate bootstrap; no refit,N2_core_001,6ef59158bbe2cbc2324356fc4e7de146eaf46ba614781c7339068d4ff818f8c6,补充表从固定外预测计算；保留原packet与source_run，未重拟合。 补充派生来源=metrics_001
N2,N2_pre_,R_SIM,P_bal,HMUMU,logistic,raw,ce_bits,0.1316323997216132,0.0970925398188131,0.1954124159276821,57.0,,,3307.0,bits/bag,macro candidate mean,fixed OOF candidate bootstrap; no refit,N2_core_001,6ef59158bbe2cbc2324356fc4e7de146eaf46ba614781c7339068d4ff818f8c6,补充表从固定外预测计算；保留原packet与source_run，未重拟合。 补充派生来源=metrics_001
N2,N2_pre_,R_SIM,P_bal,HMUMU,logistic,raw,J_bits,0.8683676002783868,0.8045875840723179,0.9029074601811868,57.0,,,3307.0,bits/bag,macro candidate mean,fixed OOF candidate bootstrap; no refit,N2_core_001,6ef59158bbe2cbc2324356fc4e7de146eaf46ba614781c7339068d4ff818f8c6,补充表从固定外预测计算；保留原packet与source_run，未重拟合。 补充派生来源=metrics_001 P_bal二分类先验CE=1，J及区间仅精确代数变换；无新bootstrap/fit。
N2,N2_pre_,R_SIM,P_bal,HMUMU,logistic,raw,bacc,0.9841883861379314,0.9685221065423956,0.9933261447658384,57.0,,,3307.0,unitless,macro candidate mean,fixed OOF candidate bootstrap; no refit,N2_core_001,6ef59158bbe2cbc2324356fc4e7de146eaf46ba614781c7339068d4ff818f8c6,补充表从固定外预测计算；保留原packet与source_run，未重拟合。 补充派生来源=metrics_001
N2,N2_pre_,R_SIM,P_bal,HMUMU,logistic,raw,auroc,0.9923634306342056,0.9773666406538404,0.9999173011541228,57.0,,,3307.0,unitless,macro candidate mean,fixed OOF candidate bootstrap; no refit,N2_core_001,6ef59158bbe2cbc2324356fc4e7de146eaf46ba614781c7339068d4ff818f8c6,补充表从固定外预测计算；保留原packet与source_run，未重拟合。 补充派生来源=metrics_001
N2,N2_pre_,R_SIM,P_bal,HMUMU,logistic,raw,brier_two_class_sum,0.0363131922760427,0.0223898760757825,0.0618705117642396,57.0,,,3307.0,unitless,macro candidate mean,fixed OOF candidate bootstrap; no refit,N2_core_001,6ef59158bbe2cbc2324356fc4e7de146eaf46ba614781c7339068d4ff818f8c6,补充表从固定外预测计算；保留原packet与source_run，未重拟合。 补充派生来源=metrics_001
N2,N2_pre_,R_SIM,P_bal,HMUMU,logistic,temperature,ce_bits,0.13212559503386,0.0410556078261355,0.3070373351677106,57.0,,,3307.0,bits/bag,macro candidate mean,fixed OOF candidate bootstrap; no refit,N2_core_001,6ef59158bbe2cbc2324356fc4e7de146eaf46ba614781c7339068d4ff818f8c6,补充表从固定外预测计算；保留原packet与source_run，未重拟合。 补充派生来源=metrics_001
N2,N2_pre_,R_SIM,P_bal,HMUMU,logistic,temperature,J_bits,0.86787440496614,0.6929626648322894,0.9589443921738645,57.0,,,3307.0,bits/bag,macro candidate mean,fixed OOF candidate bootstrap; no refit,N2_core_001,6ef59158bbe2cbc2324356fc4e7de146eaf46ba614781c7339068d4ff818f8c6,补充表从固定外预测计算；保留原packet与source_run，未重拟合。 补充派生来源=metrics_001 P_bal二分类先验CE=1，J及区间仅精确代数变换；无新bootstrap/fit。
N2,N2_pre_,R_SIM,P_bal,HMUMU,logistic,temperature,bacc,0.9841883861379314,0.9685221065423956,0.9933261447658384,57.0,,,3307.0,unitless,macro candidate mean,fixed OOF candidate bootstrap; no refit,N2_core_001,6ef59158bbe2cbc2324356fc4e7de146eaf46ba614781c7339068d4ff818f8c6,补充表从固定外预测计算；保留原packet与source_run，未重拟合。 补充派生来源=metrics_001
N2,N2_pre_,R_SIM,P_bal,HMUMU,logistic,temperature,auroc,0.9923634306342056,0.9773666406538404,0.9999173011541228,57.0,,,3307.0,unitless,macro candidate mean,fixed OOF candidate bootstrap; no refit,N2_core_001,6ef59158bbe2cbc2324356fc4e7de146eaf46ba614781c7339068d4ff818f8c6,补充表从固定外预测计算；保留原packet与source_run，未重拟合。 补充派生来源=metrics_001
N2,N2_pre_,R_SIM,P_bal,HMUMU,logistic,temperature,brier_two_class_sum,0.0295060908669578,0.0129080262038197,0.0595048356022977,57.0,,,3307.0,unitless,macro candidate mean,fixed OOF candidate bootstrap; no refit,N2_core_001,6ef59158bbe2cbc2324356fc4e7de146eaf46ba614781c7339068d4ff818f8c6,补充表从固定外预测计算；保留原packet与source_run，未重拟合。 补充派生来源=metrics_001
N2,N2_post_,R_SIM,P_bal,HMUVAR,logistic,mixture_diagnostic,ce_bits,0.1359010936002679,0.0422932674356787,0.3156224299706782,57.0,,,3307.0,bits/bag,macro candidate mean,fixed OOF candidate bootstrap; no refit,N2_core_001,6ef59158bbe2cbc2324356fc4e7de146eaf46ba614781c7339068d4ff818f8c6,补充表从固定外预测计算；保留原packet与source_run，未重拟合。 补充派生来源=metrics_001
N2,N2_post_,R_SIM,P_bal,HMUVAR,logistic,mixture_diagnostic,J_bits,0.8640989063997321,0.6843775700293218,0.9577067325643213,57.0,,,3307.0,bits/bag,macro candidate mean,fixed OOF candidate bootstrap; no refit,N2_core_001,6ef59158bbe2cbc2324356fc4e7de146eaf46ba614781c7339068d4ff818f8c6,补充表从固定外预测计算；保留原packet与source_run，未重拟合。 补充派生来源=metrics_001 P_bal二分类先验CE=1，J及区间仅精确代数变换；无新bootstrap/fit。
N2,N2_post_,R_SIM,P_bal,HMUVAR,logistic,mixture_diagnostic,bacc,0.9830656469551166,0.9666221353137908,0.992446425306288,57.0,,,3307.0,unitless,macro candidate mean,fixed OOF candidate bootstrap; no refit,N2_core_001,6ef59158bbe2cbc2324356fc4e7de146eaf46ba614781c7339068d4ff818f8c6,补充表从固定外预测计算；保留原packet与source_run，未重拟合。 补充派生来源=metrics_001
N2,N2_post_,R_SIM,P_bal,HMUVAR,logistic,mixture_diagnostic,auroc,0.9923634306342056,0.9773666406538404,0.9999173011541228,57.0,,,3307.0,unitless,macro candidate mean,fixed OOF candidate bootstrap; no refit,N2_core_001,6ef59158bbe2cbc2324356fc4e7de146eaf46ba614781c7339068d4ff818f8c6,补充表从固定外预测计算；保留原packet与source_run，未重拟合。 补充派生来源=metrics_001
N2,N2_post_,R_SIM,P_bal,HMUVAR,logistic,mixture_diagnostic,brier_two_class_sum,0.0300967119801381,0.0133019455446007,0.060552355467313,57.0,,,3307.0,unitless,macro candidate mean,fixed OOF candidate bootstrap; no refit,N2_core_001,6ef59158bbe2cbc2324356fc4e7de146eaf46ba614781c7339068d4ff818f8c6,补充表从固定外预测计算；保留原packet与source_run，未重拟合。 补充派生来源=metrics_001
N2,N2_post_,R_SIM,P_bal,HMUVAR,logistic,raw,ce_bits,0.1318055363211724,0.0972339050507336,0.1955102778942565,57.0,,,3307.0,bits/bag,macro candidate mean,fixed OOF candidate bootstrap; no refit,N2_core_001,6ef59158bbe2cbc2324356fc4e7de146eaf46ba614781c7339068d4ff818f8c6,补充表从固定外预测计算；保留原packet与source_run，未重拟合。 补充派生来源=metrics_001
N2,N2_post_,R_SIM,P_bal,HMUVAR,logistic,raw,J_bits,0.8681944636788276,0.8044897221057434,0.9027660949492664,57.0,,,3307.0,bits/bag,macro candidate mean,fixed OOF candidate bootstrap; no refit,N2_core_001,6ef59158bbe2cbc2324356fc4e7de146eaf46ba614781c7339068d4ff818f8c6,补充表从固定外预测计算；保留原packet与source_run，未重拟合。 补充派生来源=metrics_001 P_bal二分类先验CE=1，J及区间仅精确代数变换；无新bootstrap/fit。
N2,N2_post_,R_SIM,P_bal,HMUVAR,logistic,raw,bacc,0.9830656469551166,0.9666221353137908,0.992446425306288,57.0,,,3307.0,unitless,macro candidate mean,fixed OOF candidate bootstrap; no refit,N2_core_001,6ef59158bbe2cbc2324356fc4e7de146eaf46ba614781c7339068d4ff818f8c6,补充表从固定外预测计算；保留原packet与source_run，未重拟合。 补充派生来源=metrics_001
N2,N2_post_,R_SIM,P_bal,HMUVAR,logistic,raw,auroc,0.9923634306342056,0.9773666406538404,0.9999173011541228,57.0,,,3307.0,unitless,macro candidate mean,fixed OOF candidate bootstrap; no refit,N2_core_001,6ef59158bbe2cbc2324356fc4e7de146eaf46ba614781c7339068d4ff818f8c6,补充表从固定外预测计算；保留原packet与source_run，未重拟合。 补充派生来源=metrics_001
N2,N2_post_,R_SIM,P_bal,HMUVAR,logistic,raw,brier_two_class_sum,0.0366858648849807,0.0226943130053077,0.0621688061645349,57.0,,,3307.0,unitless,macro candidate mean,fixed OOF candidate bootstrap; no refit,N2_core_001,6ef59158bbe2cbc2324356fc4e7de146eaf46ba614781c7339068d4ff818f8c6,补充表从固定外预测计算；保留原packet与source_run，未重拟合。 补充派生来源=metrics_001
N2,N2_post_,R_SIM,P_bal,HMUVAR,logistic,temperature,ce_bits,0.1359010936002679,0.0422932674356787,0.3156224299706782,57.0,,,3307.0,bits/bag,macro candidate mean,fixed OOF candidate bootstrap; no refit,N2_core_001,6ef59158bbe2cbc2324356fc4e7de146eaf46ba614781c7339068d4ff818f8c6,补充表从固定外预测计算；保留原packet与source_run，未重拟合。 补充派生来源=metrics_001
N2,N2_post_,R_SIM,P_bal,HMUVAR,logistic,temperature,J_bits,0.8640989063997321,0.6843775700293218,0.9577067325643213,57.0,,,3307.0,bits/bag,macro candidate mean,fixed OOF candidate bootstrap; no refit,N2_core_001,6ef59158bbe2cbc2324356fc4e7de146eaf46ba614781c7339068d4ff818f8c6,补充表从固定外预测计算；保留原packet与source_run，未重拟合。 补充派生来源=metrics_001 P_bal二分类先验CE=1，J及区间仅精确代数变换；无新bootstrap/fit。
N2,N2_post_,R_SIM,P_bal,HMUVAR,logistic,temperature,bacc,0.9830656469551166,0.9666221353137908,0.992446425306288,57.0,,,3307.0,unitless,macro candidate mean,fixed OOF candidate bootstrap; no refit,N2_core_001,6ef59158bbe2cbc2324356fc4e7de146eaf46ba614781c7339068d4ff818f8c6,补充表从固定外预测计算；保留原packet与source_run，未重拟合。 补充派生来源=metrics_001
N2,N2_post_,R_SIM,P_bal,HMUVAR,logistic,temperature,auroc,0.9923634306342056,0.9773666406538404,0.9999173011541228,57.0,,,3307.0,unitless,macro candidate mean,fixed OOF candidate bootstrap; no refit,N2_core_001,6ef59158bbe2cbc2324356fc4e7de146eaf46ba614781c7339068d4ff818f8c6,补充表从固定外预测计算；保留原packet与source_run，未重拟合。 补充派生来源=metrics_001
N2,N2_post_,R_SIM,P_bal,HMUVAR,logistic,temperature,brier_two_class_sum,0.0300967119801381,0.0133019455446007,0.060552355467313,57.0,,,3307.0,unitless,macro candidate mean,fixed OOF candidate bootstrap; no refit,N2_core_001,6ef59158bbe2cbc2324356fc4e7de146eaf46ba614781c7339068d4ff818f8c6,补充表从固定外预测计算；保留原packet与source_run，未重拟合。 补充派生来源=metrics_001
N2,N2_pre_,R_SIM,P_bal,HMUVAR,logistic,mixture_diagnostic,ce_bits,0.1311481571495371,0.0403835811999361,0.3057230909544814,57.0,,,3307.0,bits/bag,macro candidate mean,fixed OOF candidate bootstrap; no refit,N2_core_001,6ef59158bbe2cbc2324356fc4e7de146eaf46ba614781c7339068d4ff818f8c6,补充表从固定外预测计算；保留原packet与source_run，未重拟合。 补充派生来源=metrics_001
N2,N2_pre_,R_SIM,P_bal,HMUVAR,logistic,mixture_diagnostic,J_bits,0.8688518428504629,0.6942769090455185,0.9596164188000639,57.0,,,3307.0,bits/bag,macro candidate mean,fixed OOF candidate bootstrap; no refit,N2_core_001,6ef59158bbe2cbc2324356fc4e7de146eaf46ba614781c7339068d4ff818f8c6,补充表从固定外预测计算；保留原packet与source_run，未重拟合。 补充派生来源=metrics_001 P_bal二分类先验CE=1，J及区间仅精确代数变换；无新bootstrap/fit。
N2,N2_pre_,R_SIM,P_bal,HMUVAR,logistic,mixture_diagnostic,bacc,0.9836610096203868,0.967366387950882,0.9929724018991096,57.0,,,3307.0,unitless,macro candidate mean,fixed OOF candidate bootstrap; no refit,N2_core_001,6ef59158bbe2cbc2324356fc4e7de146eaf46ba614781c7339068d4ff818f8c6,补充表从固定外预测计算；保留原packet与source_run，未重拟合。 补充派生来源=metrics_001
N2,N2_pre_,R_SIM,P_bal,HMUVAR,logistic,mixture_diagnostic,auroc,0.9923634306342056,0.9773666406538404,0.9999173011541228,57.0,,,3307.0,unitless,macro candidate mean,fixed OOF candidate bootstrap; no refit,N2_core_001,6ef59158bbe2cbc2324356fc4e7de146eaf46ba614781c7339068d4ff818f8c6,补充表从固定外预测计算；保留原packet与source_run，未重拟合。 补充派生来源=metrics_001
N2,N2_pre_,R_SIM,P_bal,HMUVAR,logistic,mixture_diagnostic,brier_two_class_sum,0.0293361651570585,0.0125772427350081,0.0598331729263537,57.0,,,3307.0,unitless,macro candidate mean,fixed OOF candidate bootstrap; no refit,N2_core_001,6ef59158bbe2cbc2324356fc4e7de146eaf46ba614781c7339068d4ff818f8c6,补充表从固定外预测计算；保留原packet与source_run，未重拟合。 补充派生来源=metrics_001
N2,N2_pre_,R_SIM,P_bal,HMUVAR,logistic,raw,ce_bits,0.1309883210448503,0.0965726169602831,0.1947059695916204,57.0,,,3307.0,bits/bag,macro candidate mean,fixed OOF candidate bootstrap; no refit,N2_core_001,6ef59158bbe2cbc2324356fc4e7de146eaf46ba614781c7339068d4ff818f8c6,补充表从固定外预测计算；保留原packet与source_run，未重拟合。 补充派生来源=metrics_001
N2,N2_pre_,R_SIM,P_bal,HMUVAR,logistic,raw,J_bits,0.8690116789551496,0.8052940304083795,0.9034273830397169,57.0,,,3307.0,bits/bag,macro candidate mean,fixed OOF candidate bootstrap; no refit,N2_core_001,6ef59158bbe2cbc2324356fc4e7de146eaf46ba614781c7339068d4ff818f8c6,补充表从固定外预测计算；保留原packet与source_run，未重拟合。 补充派生来源=metrics_001 P_bal二分类先验CE=1，J及区间仅精确代数变换；无新bootstrap/fit。
N2,N2_pre_,R_SIM,P_bal,HMUVAR,logistic,raw,bacc,0.9836610096203868,0.967366387950882,0.9929724018991096,57.0,,,3307.0,unitless,macro candidate mean,fixed OOF candidate bootstrap; no refit,N2_core_001,6ef59158bbe2cbc2324356fc4e7de146eaf46ba614781c7339068d4ff818f8c6,补充表从固定外预测计算；保留原packet与source_run，未重拟合。 补充派生来源=metrics_001
N2,N2_pre_,R_SIM,P_bal,HMUVAR,logistic,raw,auroc,0.9923634306342056,0.9773666406538404,0.9999173011541228,57.0,,,3307.0,unitless,macro candidate mean,fixed OOF candidate bootstrap; no refit,N2_core_001,6ef59158bbe2cbc2324356fc4e7de146eaf46ba614781c7339068d4ff818f8c6,补充表从固定外预测计算；保留原packet与source_run，未重拟合。 补充派生来源=metrics_001
N2,N2_pre_,R_SIM,P_bal,HMUVAR,logistic,raw,brier_two_class_sum,0.0360747973227746,0.022166030534162,0.0616570521113414,57.0,,,3307.0,unitless,macro candidate mean,fixed OOF candidate bootstrap; no refit,N2_core_001,6ef59158bbe2cbc2324356fc4e7de146eaf46ba614781c7339068d4ff818f8c6,补充表从固定外预测计算；保留原packet与source_run，未重拟合。 补充派生来源=metrics_001
N2,N2_pre_,R_SIM,P_bal,HMUVAR,logistic,temperature,ce_bits,0.1311481571495371,0.0403835811999361,0.3057230909544814,57.0,,,3307.0,bits/bag,macro candidate mean,fixed OOF candidate bootstrap; no refit,N2_core_001,6ef59158bbe2cbc2324356fc4e7de146eaf46ba614781c7339068d4ff818f8c6,补充表从固定外预测计算；保留原packet与source_run，未重拟合。 补充派生来源=metrics_001
N2,N2_pre_,R_SIM,P_bal,HMUVAR,logistic,temperature,J_bits,0.8688518428504629,0.6942769090455185,0.9596164188000639,57.0,,,3307.0,bits/bag,macro candidate mean,fixed OOF candidate bootstrap; no refit,N2_core_001,6ef59158bbe2cbc2324356fc4e7de146eaf46ba614781c7339068d4ff818f8c6,补充表从固定外预测计算；保留原packet与source_run，未重拟合。 补充派生来源=metrics_001 P_bal二分类先验CE=1，J及区间仅精确代数变换；无新bootstrap/fit。
N2,N2_pre_,R_SIM,P_bal,HMUVAR,logistic,temperature,bacc,0.9836610096203868,0.967366387950882,0.9929724018991096,57.0,,,3307.0,unitless,macro candidate mean,fixed OOF candidate bootstrap; no refit,N2_core_001,6ef59158bbe2cbc2324356fc4e7de146eaf46ba614781c7339068d4ff818f8c6,补充表从固定外预测计算；保留原packet与source_run，未重拟合。 补充派生来源=metrics_001
N2,N2_pre_,R_SIM,P_bal,HMUVAR,logistic,temperature,auroc,0.9923634306342056,0.9773666406538404,0.9999173011541228,57.0,,,3307.0,unitless,macro candidate mean,fixed OOF candidate bootstrap; no refit,N2_core_001,6ef59158bbe2cbc2324356fc4e7de146eaf46ba614781c7339068d4ff818f8c6,补充表从固定外预测计算；保留原packet与source_run，未重拟合。 补充派生来源=metrics_001
N2,N2_pre_,R_SIM,P_bal,HMUVAR,logistic,temperature,brier_two_class_sum,0.0293361651570585,0.0125772427350081,0.0598331729263537,57.0,,,3307.0,unitless,macro candidate mean,fixed OOF candidate bootstrap; no refit,N2_core_001,6ef59158bbe2cbc2324356fc4e7de146eaf46ba614781c7339068d4ff818f8c6,补充表从固定外预测计算；保留原packet与source_run，未重拟合。 补充派生来源=metrics_001
N2,N2_post_,R_SIM,P_bal,HRFF,logistic,mixture_diagnostic,ce_bits,0.1348756825174286,0.0416371466882159,0.3130001083109076,57.0,,,3307.0,bits/bag,macro candidate mean,fixed OOF candidate bootstrap; no refit,N2_core_001,6ef59158bbe2cbc2324356fc4e7de146eaf46ba614781c7339068d4ff818f8c6,补充表从固定外预测计算；保留原packet与source_run，未重拟合。 补充派生来源=metrics_001
N2,N2_post_,R_SIM,P_bal,HRFF,logistic,mixture_diagnostic,J_bits,0.8651243174825713,0.6869998916890925,0.9583628533117841,57.0,,,3307.0,bits/bag,macro candidate mean,fixed OOF candidate bootstrap; no refit,N2_core_001,6ef59158bbe2cbc2324356fc4e7de146eaf46ba614781c7339068d4ff818f8c6,补充表从固定外预测计算；保留原packet与source_run，未重拟合。 补充派生来源=metrics_001 P_bal二分类先验CE=1，J及区间仅精确代数变换；无新bootstrap/fit。
N2,N2_post_,R_SIM,P_bal,HRFF,logistic,mixture_diagnostic,bacc,0.9826006393127968,0.966193766529442,0.9919441022041376,57.0,,,3307.0,unitless,macro candidate mean,fixed OOF candidate bootstrap; no refit,N2_core_001,6ef59158bbe2cbc2324356fc4e7de146eaf46ba614781c7339068d4ff818f8c6,补充表从固定外预测计算；保留原packet与source_run，未重拟合。 补充派生来源=metrics_001
N2,N2_post_,R_SIM,P_bal,HRFF,logistic,mixture_diagnostic,auroc,0.9923421910946788,0.9773288596467482,0.9999124149192208,57.0,,,3307.0,unitless,macro candidate mean,fixed OOF candidate bootstrap; no refit,N2_core_001,6ef59158bbe2cbc2324356fc4e7de146eaf46ba614781c7339068d4ff818f8c6,补充表从固定外预测计算；保留原packet与source_run，未重拟合。 补充派生来源=metrics_001
N2,N2_post_,R_SIM,P_bal,HRFF,logistic,mixture_diagnostic,brier_two_class_sum,0.0299474037193071,0.0133348347156848,0.0599145870600666,57.0,,,3307.0,unitless,macro candidate mean,fixed OOF candidate bootstrap; no refit,N2_core_001,6ef59158bbe2cbc2324356fc4e7de146eaf46ba614781c7339068d4ff818f8c6,补充表从固定外预测计算；保留原packet与source_run，未重拟合。 补充派生来源=metrics_001
N2,N2_post_,R_SIM,P_bal,HRFF,logistic,raw,ce_bits,0.1314457465696109,0.0970110290214881,0.1946843315961999,57.0,,,3307.0,bits/bag,macro candidate mean,fixed OOF candidate bootstrap; no refit,N2_core_001,6ef59158bbe2cbc2324356fc4e7de146eaf46ba614781c7339068d4ff818f8c6,补充表从固定外预测计算；保留原packet与source_run，未重拟合。 补充派生来源=metrics_001
N2,N2_post_,R_SIM,P_bal,HRFF,logistic,raw,J_bits,0.8685542534303892,0.8053156684038001,0.9029889709785119,57.0,,,3307.0,bits/bag,macro candidate mean,fixed OOF candidate bootstrap; no refit,N2_core_001,6ef59158bbe2cbc2324356fc4e7de146eaf46ba614781c7339068d4ff818f8c6,补充表从固定外预测计算；保留原packet与source_run，未重拟合。 补充派生来源=metrics_001 P_bal二分类先验CE=1，J及区间仅精确代数变换；无新bootstrap/fit。
N2,N2_post_,R_SIM,P_bal,HRFF,logistic,raw,bacc,0.9826006393127968,0.966193766529442,0.9919441022041376,57.0,,,3307.0,unitless,macro candidate mean,fixed OOF candidate bootstrap; no refit,N2_core_001,6ef59158bbe2cbc2324356fc4e7de146eaf46ba614781c7339068d4ff818f8c6,补充表从固定外预测计算；保留原packet与source_run，未重拟合。 补充派生来源=metrics_001
N2,N2_post_,R_SIM,P_bal,HRFF,logistic,raw,auroc,0.9923421910946788,0.9773288596467482,0.9999124149192208,57.0,,,3307.0,unitless,macro candidate mean,fixed OOF candidate bootstrap; no refit,N2_core_001,6ef59158bbe2cbc2324356fc4e7de146eaf46ba614781c7339068d4ff818f8c6,补充表从固定外预测计算；保留原packet与source_run，未重拟合。 补充派生来源=metrics_001
N2,N2_post_,R_SIM,P_bal,HRFF,logistic,raw,brier_two_class_sum,0.0365417415153606,0.0226804317713843,0.0618761562097202,57.0,,,3307.0,unitless,macro candidate mean,fixed OOF candidate bootstrap; no refit,N2_core_001,6ef59158bbe2cbc2324356fc4e7de146eaf46ba614781c7339068d4ff818f8c6,补充表从固定外预测计算；保留原packet与source_run，未重拟合。 补充派生来源=metrics_001
N2,N2_post_,R_SIM,P_bal,HRFF,logistic,temperature,ce_bits,0.1348756825174286,0.0416371466882159,0.3130001083109076,57.0,,,3307.0,bits/bag,macro candidate mean,fixed OOF candidate bootstrap; no refit,N2_core_001,6ef59158bbe2cbc2324356fc4e7de146eaf46ba614781c7339068d4ff818f8c6,补充表从固定外预测计算；保留原packet与source_run，未重拟合。 补充派生来源=metrics_001
N2,N2_post_,R_SIM,P_bal,HRFF,logistic,temperature,J_bits,0.8651243174825713,0.6869998916890925,0.9583628533117841,57.0,,,3307.0,bits/bag,macro candidate mean,fixed OOF candidate bootstrap; no refit,N2_core_001,6ef59158bbe2cbc2324356fc4e7de146eaf46ba614781c7339068d4ff818f8c6,补充表从固定外预测计算；保留原packet与source_run，未重拟合。 补充派生来源=metrics_001 P_bal二分类先验CE=1，J及区间仅精确代数变换；无新bootstrap/fit。
N2,N2_post_,R_SIM,P_bal,HRFF,logistic,temperature,bacc,0.9826006393127968,0.966193766529442,0.9919441022041376,57.0,,,3307.0,unitless,macro candidate mean,fixed OOF candidate bootstrap; no refit,N2_core_001,6ef59158bbe2cbc2324356fc4e7de146eaf46ba614781c7339068d4ff818f8c6,补充表从固定外预测计算；保留原packet与source_run，未重拟合。 补充派生来源=metrics_001
N2,N2_post_,R_SIM,P_bal,HRFF,logistic,temperature,auroc,0.9923421910946788,0.9773288596467482,0.9999124149192208,57.0,,,3307.0,unitless,macro candidate mean,fixed OOF candidate bootstrap; no refit,N2_core_001,6ef59158bbe2cbc2324356fc4e7de146eaf46ba614781c7339068d4ff818f8c6,补充表从固定外预测计算；保留原packet与source_run，未重拟合。 补充派生来源=metrics_001
N2,N2_post_,R_SIM,P_bal,HRFF,logistic,temperature,brier_two_class_sum,0.0299474037193071,0.0133348347156848,0.0599145870600666,57.0,,,3307.0,unitless,macro candidate mean,fixed OOF candidate bootstrap; no refit,N2_core_001,6ef59158bbe2cbc2324356fc4e7de146eaf46ba614781c7339068d4ff818f8c6,补充表从固定外预测计算；保留原packet与source_run，未重拟合。 补充派生来源=metrics_001
N2,N2_pre_,R_SIM,P_bal,HRFF,logistic,mixture_diagnostic,ce_bits,0.1328186739499093,0.0410788115536551,0.3086402104088894,57.0,,,3307.0,bits/bag,macro candidate mean,fixed OOF candidate bootstrap; no refit,N2_core_001,6ef59158bbe2cbc2324356fc4e7de146eaf46ba614781c7339068d4ff818f8c6,补充表从固定外预测计算；保留原packet与source_run，未重拟合。 补充派生来源=metrics_001
N2,N2_pre_,R_SIM,P_bal,HRFF,logistic,mixture_diagnostic,J_bits,0.8671813260500907,0.6913597895911106,0.9589211884463449,57.0,,,3307.0,bits/bag,macro candidate mean,fixed OOF candidate bootstrap; no refit,N2_core_001,6ef59158bbe2cbc2324356fc4e7de146eaf46ba614781c7339068d4ff818f8c6,补充表从固定外预测计算；保留原packet与source_run，未重拟合。 补充派生来源=metrics_001 P_bal二分类先验CE=1，J及区间仅精确代数变换；无新bootstrap/fit。
N2,N2_pre_,R_SIM,P_bal,HRFF,logistic,mixture_diagnostic,bacc,0.983328544225458,0.9668905980623914,0.9926815765461956,57.0,,,3307.0,unitless,macro candidate mean,fixed OOF candidate bootstrap; no refit,N2_core_001,6ef59158bbe2cbc2324356fc4e7de146eaf46ba614781c7339068d4ff818f8c6,补充表从固定外预测计算；保留原packet与source_run，未重拟合。 补充派生来源=metrics_001
N2,N2_pre_,R_SIM,P_bal,HRFF,logistic,mixture_diagnostic,auroc,0.9923421910946788,0.9773288596467482,0.9999124149192208,57.0,,,3307.0,unitless,macro candidate mean,fixed OOF candidate bootstrap; no refit,N2_core_001,6ef59158bbe2cbc2324356fc4e7de146eaf46ba614781c7339068d4ff818f8c6,补充表从固定外预测计算；保留原packet与source_run，未重拟合。 补充派生来源=metrics_001
N2,N2_pre_,R_SIM,P_bal,HRFF,logistic,mixture_diagnostic,brier_two_class_sum,0.0296608774498053,0.0129960691874131,0.0598203511888036,57.0,,,3307.0,unitless,macro candidate mean,fixed OOF candidate bootstrap; no refit,N2_core_001,6ef59158bbe2cbc2324356fc4e7de146eaf46ba614781c7339068d4ff818f8c6,补充表从固定外预测计算；保留原packet与source_run，未重拟合。 补充派生来源=metrics_001
N2,N2_pre_,R_SIM,P_bal,HRFF,logistic,raw,ce_bits,0.1316896741390765,0.0973149648290304,0.1953713093380051,57.0,,,3307.0,bits/bag,macro candidate mean,fixed OOF candidate bootstrap; no refit,N2_core_001,6ef59158bbe2cbc2324356fc4e7de146eaf46ba614781c7339068d4ff818f8c6,补充表从固定外预测计算；保留原packet与source_run，未重拟合。 补充派生来源=metrics_001
N2,N2_pre_,R_SIM,P_bal,HRFF,logistic,raw,J_bits,0.8683103258609235,0.8046286906619949,0.9026850351709697,57.0,,,3307.0,bits/bag,macro candidate mean,fixed OOF candidate bootstrap; no refit,N2_core_001,6ef59158bbe2cbc2324356fc4e7de146eaf46ba614781c7339068d4ff818f8c6,补充表从固定外预测计算；保留原packet与source_run，未重拟合。 补充派生来源=metrics_001 P_bal二分类先验CE=1，J及区间仅精确代数变换；无新bootstrap/fit。
N2,N2_pre_,R_SIM,P_bal,HRFF,logistic,raw,bacc,0.983328544225458,0.9668905980623914,0.9926815765461956,57.0,,,3307.0,unitless,macro candidate mean,fixed OOF candidate bootstrap; no refit,N2_core_001,6ef59158bbe2cbc2324356fc4e7de146eaf46ba614781c7339068d4ff818f8c6,补充表从固定外预测计算；保留原packet与source_run，未重拟合。 补充派生来源=metrics_001
N2,N2_pre_,R_SIM,P_bal,HRFF,logistic,raw,auroc,0.9923421910946788,0.9773288596467482,0.9999124149192208,57.0,,,3307.0,unitless,macro candidate mean,fixed OOF candidate bootstrap; no refit,N2_core_001,6ef59158bbe2cbc2324356fc4e7de146eaf46ba614781c7339068d4ff818f8c6,补充表从固定外预测计算；保留原packet与source_run，未重拟合。 补充派生来源=metrics_001
N2,N2_pre_,R_SIM,P_bal,HRFF,logistic,raw,brier_two_class_sum,0.0364157062044129,0.0225028010843984,0.0617866360388849,57.0,,,3307.0,unitless,macro candidate mean,fixed OOF candidate bootstrap; no refit,N2_core_001,6ef59158bbe2cbc2324356fc4e7de146eaf46ba614781c7339068d4ff818f8c6,补充表从固定外预测计算；保留原packet与source_run，未重拟合。 补充派生来源=metrics_001
N2,N2_pre_,R_SIM,P_bal,HRFF,logistic,temperature,ce_bits,0.1328186739499093,0.0410788115536551,0.3086402104088894,57.0,,,3307.0,bits/bag,macro candidate mean,fixed OOF candidate bootstrap; no refit,N2_core_001,6ef59158bbe2cbc2324356fc4e7de146eaf46ba614781c7339068d4ff818f8c6,补充表从固定外预测计算；保留原packet与source_run，未重拟合。 补充派生来源=metrics_001
N2,N2_pre_,R_SIM,P_bal,HRFF,logistic,temperature,J_bits,0.8671813260500907,0.6913597895911106,0.9589211884463449,57.0,,,3307.0,bits/bag,macro candidate mean,fixed OOF candidate bootstrap; no refit,N2_core_001,6ef59158bbe2cbc2324356fc4e7de146eaf46ba614781c7339068d4ff818f8c6,补充表从固定外预测计算；保留原packet与source_run，未重拟合。 补充派生来源=metrics_001 P_bal二分类先验CE=1，J及区间仅精确代数变换；无新bootstrap/fit。
N2,N2_pre_,R_SIM,P_bal,HRFF,logistic,temperature,bacc,0.983328544225458,0.9668905980623914,0.9926815765461956,57.0,,,3307.0,unitless,macro candidate mean,fixed OOF candidate bootstrap; no refit,N2_core_001,6ef59158bbe2cbc2324356fc4e7de146eaf46ba614781c7339068d4ff818f8c6,补充表从固定外预测计算；保留原packet与source_run，未重拟合。 补充派生来源=metrics_001
N2,N2_pre_,R_SIM,P_bal,HRFF,logistic,temperature,auroc,0.9923421910946788,0.9773288596467482,0.9999124149192208,57.0,,,3307.0,unitless,macro candidate mean,fixed OOF candidate bootstrap; no refit,N2_core_001,6ef59158bbe2cbc2324356fc4e7de146eaf46ba614781c7339068d4ff818f8c6,补充表从固定外预测计算；保留原packet与source_run，未重拟合。 补充派生来源=metrics_001
N2,N2_pre_,R_SIM,P_bal,HRFF,logistic,temperature,brier_two_class_sum,0.0296608774498053,0.0129960691874131,0.0598203511888036,57.0,,,3307.0,unitless,macro candidate mean,fixed OOF candidate bootstrap; no refit,N2_core_001,6ef59158bbe2cbc2324356fc4e7de146eaf46ba614781c7339068d4ff818f8c6,补充表从固定外预测计算；保留原packet与source_run，未重拟合。 补充派生来源=metrics_001
N2,N2_post_,R_SIM,P_bal,HVAR,logistic,mixture_diagnostic,ce_bits,0.1329928573584442,0.0418821556812007,0.3079558288299015,57.0,,,3307.0,bits/bag,macro candidate mean,fixed OOF candidate bootstrap; no refit,N2_core_001,6ef59158bbe2cbc2324356fc4e7de146eaf46ba614781c7339068d4ff818f8c6,补充表从固定外预测计算；保留原packet与source_run，未重拟合。 补充派生来源=metrics_001
N2,N2_post_,R_SIM,P_bal,HVAR,logistic,mixture_diagnostic,J_bits,0.8670071426415558,0.6920441711700984,0.9581178443187993,57.0,,,3307.0,bits/bag,macro candidate mean,fixed OOF candidate bootstrap; no refit,N2_core_001,6ef59158bbe2cbc2324356fc4e7de146eaf46ba614781c7339068d4ff818f8c6,补充表从固定外预测计算；保留原packet与source_run，未重拟合。 补充派生来源=metrics_001 P_bal二分类先验CE=1，J及区间仅精确代数变换；无新bootstrap/fit。
N2,N2_post_,R_SIM,P_bal,HVAR,logistic,mixture_diagnostic,bacc,0.983523363968677,0.9670638910534302,0.993056263282231,57.0,,,3307.0,unitless,macro candidate mean,fixed OOF candidate bootstrap; no refit,N2_core_001,6ef59158bbe2cbc2324356fc4e7de146eaf46ba614781c7339068d4ff818f8c6,补充表从固定外预测计算；保留原packet与source_run，未重拟合。 补充派生来源=metrics_001
N2,N2_post_,R_SIM,P_bal,HVAR,logistic,mixture_diagnostic,auroc,0.9923634306342056,0.9773666406538404,0.9999173011541228,57.0,,,3307.0,unitless,macro candidate mean,fixed OOF candidate bootstrap; no refit,N2_core_001,6ef59158bbe2cbc2324356fc4e7de146eaf46ba614781c7339068d4ff818f8c6,补充表从固定外预测计算；保留原packet与source_run，未重拟合。 补充派生来源=metrics_001
N2,N2_post_,R_SIM,P_bal,HVAR,logistic,mixture_diagnostic,brier_two_class_sum,0.0297935584431141,0.0130963143525948,0.060110312695046,57.0,,,3307.0,unitless,macro candidate mean,fixed OOF candidate bootstrap; no refit,N2_core_001,6ef59158bbe2cbc2324356fc4e7de146eaf46ba614781c7339068d4ff818f8c6,补充表从固定外预测计算；保留原packet与source_run，未重拟合。 补充派生来源=metrics_001
N2,N2_post_,R_SIM,P_bal,HVAR,logistic,raw,ce_bits,0.1313278083269938,0.0972539022488338,0.1946091947244526,57.0,,,3307.0,bits/bag,macro candidate mean,fixed OOF candidate bootstrap; no refit,N2_core_001,6ef59158bbe2cbc2324356fc4e7de146eaf46ba614781c7339068d4ff818f8c6,补充表从固定外预测计算；保留原packet与source_run，未重拟合。 补充派生来源=metrics_001
N2,N2_post_,R_SIM,P_bal,HVAR,logistic,raw,J_bits,0.8686721916730062,0.8053908052755474,0.9027460977511662,57.0,,,3307.0,bits/bag,macro candidate mean,fixed OOF candidate bootstrap; no refit,N2_core_001,6ef59158bbe2cbc2324356fc4e7de146eaf46ba614781c7339068d4ff818f8c6,补充表从固定外预测计算；保留原packet与source_run，未重拟合。 补充派生来源=metrics_001 P_bal二分类先验CE=1，J及区间仅精确代数变换；无新bootstrap/fit。
N2,N2_post_,R_SIM,P_bal,HVAR,logistic,raw,bacc,0.983523363968677,0.9670638910534302,0.993056263282231,57.0,,,3307.0,unitless,macro candidate mean,fixed OOF candidate bootstrap; no refit,N2_core_001,6ef59158bbe2cbc2324356fc4e7de146eaf46ba614781c7339068d4ff818f8c6,补充表从固定外预测计算；保留原packet与source_run，未重拟合。 补充派生来源=metrics_001
N2,N2_post_,R_SIM,P_bal,HVAR,logistic,raw,auroc,0.9923634306342056,0.9773666406538404,0.9999173011541228,57.0,,,3307.0,unitless,macro candidate mean,fixed OOF candidate bootstrap; no refit,N2_core_001,6ef59158bbe2cbc2324356fc4e7de146eaf46ba614781c7339068d4ff818f8c6,补充表从固定外预测计算；保留原packet与source_run，未重拟合。 补充派生来源=metrics_001
N2,N2_post_,R_SIM,P_bal,HVAR,logistic,raw,brier_two_class_sum,0.0363310555471423,0.0224764169098126,0.0615648706689577,57.0,,,3307.0,unitless,macro candidate mean,fixed OOF candidate bootstrap; no refit,N2_core_001,6ef59158bbe2cbc2324356fc4e7de146eaf46ba614781c7339068d4ff818f8c6,补充表从固定外预测计算；保留原packet与source_run，未重拟合。 补充派生来源=metrics_001
N2,N2_post_,R_SIM,P_bal,HVAR,logistic,temperature,ce_bits,0.1329928573584442,0.0418821556812007,0.3079558288299015,57.0,,,3307.0,bits/bag,macro candidate mean,fixed OOF candidate bootstrap; no refit,N2_core_001,6ef59158bbe2cbc2324356fc4e7de146eaf46ba614781c7339068d4ff818f8c6,补充表从固定外预测计算；保留原packet与source_run，未重拟合。 补充派生来源=metrics_001
N2,N2_post_,R_SIM,P_bal,HVAR,logistic,temperature,J_bits,0.8670071426415558,0.6920441711700984,0.9581178443187993,57.0,,,3307.0,bits/bag,macro candidate mean,fixed OOF candidate bootstrap; no refit,N2_core_001,6ef59158bbe2cbc2324356fc4e7de146eaf46ba614781c7339068d4ff818f8c6,补充表从固定外预测计算；保留原packet与source_run，未重拟合。 补充派生来源=metrics_001 P_bal二分类先验CE=1，J及区间仅精确代数变换；无新bootstrap/fit。
N2,N2_post_,R_SIM,P_bal,HVAR,logistic,temperature,bacc,0.983523363968677,0.9670638910534302,0.993056263282231,57.0,,,3307.0,unitless,macro candidate mean,fixed OOF candidate bootstrap; no refit,N2_core_001,6ef59158bbe2cbc2324356fc4e7de146eaf46ba614781c7339068d4ff818f8c6,补充表从固定外预测计算；保留原packet与source_run，未重拟合。 补充派生来源=metrics_001
N2,N2_post_,R_SIM,P_bal,HVAR,logistic,temperature,auroc,0.9923634306342056,0.9773666406538404,0.9999173011541228,57.0,,,3307.0,unitless,macro candidate mean,fixed OOF candidate bootstrap; no refit,N2_core_001,6ef59158bbe2cbc2324356fc4e7de146eaf46ba614781c7339068d4ff818f8c6,补充表从固定外预测计算；保留原packet与source_run，未重拟合。 补充派生来源=metrics_001
N2,N2_post_,R_SIM,P_bal,HVAR,logistic,temperature,brier_two_class_sum,0.0297935584431141,0.0130963143525948,0.060110312695046,57.0,,,3307.0,unitless,macro candidate mean,fixed OOF candidate bootstrap; no refit,N2_core_001,6ef59158bbe2cbc2324356fc4e7de146eaf46ba614781c7339068d4ff818f8c6,补充表从固定外预测计算；保留原packet与source_run，未重拟合。 补充派生来源=metrics_001
N2,N2_pre_,R_SIM,P_bal,HVAR,logistic,mixture_diagnostic,ce_bits,0.1309097021092248,0.0406278589431721,0.304516434500991,57.0,,,3307.0,bits/bag,macro candidate mean,fixed OOF candidate bootstrap; no refit,N2_core_001,6ef59158bbe2cbc2324356fc4e7de146eaf46ba614781c7339068d4ff818f8c6,补充表从固定外预测计算；保留原packet与source_run，未重拟合。 补充派生来源=metrics_001
N2,N2_pre_,R_SIM,P_bal,HVAR,logistic,mixture_diagnostic,J_bits,0.8690902978907752,0.695483565499009,0.9593721410568279,57.0,,,3307.0,bits/bag,macro candidate mean,fixed OOF candidate bootstrap; no refit,N2_core_001,6ef59158bbe2cbc2324356fc4e7de146eaf46ba614781c7339068d4ff818f8c6,补充表从固定外预测计算；保留原packet与source_run，未重拟合。 补充派生来源=metrics_001 P_bal二分类先验CE=1，J及区间仅精确代数变换；无新bootstrap/fit。
N2,N2_pre_,R_SIM,P_bal,HVAR,logistic,mixture_diagnostic,bacc,0.9826666579239624,0.965916054193232,0.9921916788620958,57.0,,,3307.0,unitless,macro candidate mean,fixed OOF candidate bootstrap; no refit,N2_core_001,6ef59158bbe2cbc2324356fc4e7de146eaf46ba614781c7339068d4ff818f8c6,补充表从固定外预测计算；保留原packet与source_run，未重拟合。 补充派生来源=metrics_001
N2,N2_pre_,R_SIM,P_bal,HVAR,logistic,mixture_diagnostic,auroc,0.9923634306342056,0.9773666406538404,0.9999173011541228,57.0,,,3307.0,unitless,macro candidate mean,fixed OOF candidate bootstrap; no refit,N2_core_001,6ef59158bbe2cbc2324356fc4e7de146eaf46ba614781c7339068d4ff818f8c6,补充表从固定外预测计算；保留原packet与source_run，未重拟合。 补充派生来源=metrics_001
N2,N2_pre_,R_SIM,P_bal,HVAR,logistic,mixture_diagnostic,brier_two_class_sum,0.0293212159209856,0.0127311461455397,0.0595203220499117,57.0,,,3307.0,unitless,macro candidate mean,fixed OOF candidate bootstrap; no refit,N2_core_001,6ef59158bbe2cbc2324356fc4e7de146eaf46ba614781c7339068d4ff818f8c6,补充表从固定外预测计算；保留原packet与source_run，未重拟合。 补充派生来源=metrics_001
N2,N2_pre_,R_SIM,P_bal,HVAR,logistic,raw,ce_bits,0.1307116362428542,0.0965256181224804,0.1941015554358118,57.0,,,3307.0,bits/bag,macro candidate mean,fixed OOF candidate bootstrap; no refit,N2_core_001,6ef59158bbe2cbc2324356fc4e7de146eaf46ba614781c7339068d4ff818f8c6,补充表从固定外预测计算；保留原packet与source_run，未重拟合。 补充派生来源=metrics_001
N2,N2_pre_,R_SIM,P_bal,HVAR,logistic,raw,J_bits,0.8692883637571458,0.8058984445641881,0.9034743818775196,57.0,,,3307.0,bits/bag,macro candidate mean,fixed OOF candidate bootstrap; no refit,N2_core_001,6ef59158bbe2cbc2324356fc4e7de146eaf46ba614781c7339068d4ff818f8c6,补充表从固定外预测计算；保留原packet与source_run，未重拟合。 补充派生来源=metrics_001 P_bal二分类先验CE=1，J及区间仅精确代数变换；无新bootstrap/fit。
N2,N2_pre_,R_SIM,P_bal,HVAR,logistic,raw,bacc,0.9826666579239624,0.965916054193232,0.9921916788620958,57.0,,,3307.0,unitless,macro candidate mean,fixed OOF candidate bootstrap; no refit,N2_core_001,6ef59158bbe2cbc2324356fc4e7de146eaf46ba614781c7339068d4ff818f8c6,补充表从固定外预测计算；保留原packet与source_run，未重拟合。 补充派生来源=metrics_001
N2,N2_pre_,R_SIM,P_bal,HVAR,logistic,raw,auroc,0.9923634306342056,0.9773666406538404,0.9999173011541228,57.0,,,3307.0,unitless,macro candidate mean,fixed OOF candidate bootstrap; no refit,N2_core_001,6ef59158bbe2cbc2324356fc4e7de146eaf46ba614781c7339068d4ff818f8c6,补充表从固定外预测计算；保留原packet与source_run，未重拟合。 补充派生来源=metrics_001
N2,N2_pre_,R_SIM,P_bal,HVAR,logistic,raw,brier_two_class_sum,0.0360065542865389,0.0221796145445417,0.061390953461182,57.0,,,3307.0,unitless,macro candidate mean,fixed OOF candidate bootstrap; no refit,N2_core_001,6ef59158bbe2cbc2324356fc4e7de146eaf46ba614781c7339068d4ff818f8c6,补充表从固定外预测计算；保留原packet与source_run，未重拟合。 补充派生来源=metrics_001
N2,N2_pre_,R_SIM,P_bal,HVAR,logistic,temperature,ce_bits,0.1309097021092248,0.0406278589431721,0.304516434500991,57.0,,,3307.0,bits/bag,macro candidate mean,fixed OOF candidate bootstrap; no refit,N2_core_001,6ef59158bbe2cbc2324356fc4e7de146eaf46ba614781c7339068d4ff818f8c6,补充表从固定外预测计算；保留原packet与source_run，未重拟合。 补充派生来源=metrics_001
N2,N2_pre_,R_SIM,P_bal,HVAR,logistic,temperature,J_bits,0.8690902978907752,0.695483565499009,0.9593721410568279,57.0,,,3307.0,bits/bag,macro candidate mean,fixed OOF candidate bootstrap; no refit,N2_core_001,6ef59158bbe2cbc2324356fc4e7de146eaf46ba614781c7339068d4ff818f8c6,补充表从固定外预测计算；保留原packet与source_run，未重拟合。 补充派生来源=metrics_001 P_bal二分类先验CE=1，J及区间仅精确代数变换；无新bootstrap/fit。
N2,N2_pre_,R_SIM,P_bal,HVAR,logistic,temperature,bacc,0.9826666579239624,0.965916054193232,0.9921916788620958,57.0,,,3307.0,unitless,macro candidate mean,fixed OOF candidate bootstrap; no refit,N2_core_001,6ef59158bbe2cbc2324356fc4e7de146eaf46ba614781c7339068d4ff818f8c6,补充表从固定外预测计算；保留原packet与source_run，未重拟合。 补充派生来源=metrics_001
N2,N2_pre_,R_SIM,P_bal,HVAR,logistic,temperature,auroc,0.9923634306342056,0.9773666406538404,0.9999173011541228,57.0,,,3307.0,unitless,macro candidate mean,fixed OOF candidate bootstrap; no refit,N2_core_001,6ef59158bbe2cbc2324356fc4e7de146eaf46ba614781c7339068d4ff818f8c6,补充表从固定外预测计算；保留原packet与source_run，未重拟合。 补充派生来源=metrics_001
N2,N2_pre_,R_SIM,P_bal,HVAR,logistic,temperature,brier_two_class_sum,0.0293212159209856,0.0127311461455397,0.0595203220499117,57.0,,,3307.0,unitless,macro candidate mean,fixed OOF candidate bootstrap; no refit,N2_core_001,6ef59158bbe2cbc2324356fc4e7de146eaf46ba614781c7339068d4ff818f8c6,补充表从固定外预测计算；保留原packet与source_run，未重拟合。 补充派生来源=metrics_001
G0,legacy_refit_probe_all_post,L0,P_bal,,legacy_logistic_probe,raw,ce_bits,0.9988505050795872,,,58.0,,43963.0,,bits,source aggregate; no new pooling,source fixed predictions; no refit,G0_001,b659998af42043e56e0b553ed5996d5ba6ebd6d457c712411d87b5bbc4cad4d1,旧共享表复算；这是冻结表征后的logistic probe，不是原监督CNN head。
G0,legacy_refit_probe_all_post,L0,P_bal,,legacy_logistic_probe,raw,J_bits,0.0011494949204128,,,58.0,,43963.0,,bits,source aggregate; no new pooling,source fixed predictions; no refit,G0_001,b659998af42043e56e0b553ed5996d5ba6ebd6d457c712411d87b5bbc4cad4d1,旧共享表复算；这是冻结表征后的logistic probe，不是原监督CNN head。
G0,legacy_refit_probe_all_post,L0,P_bal,,legacy_logistic_probe,raw,bacc,0.5246289829691019,,,58.0,,43963.0,,unitless,source aggregate; no new pooling,source fixed predictions; no refit,G0_001,b659998af42043e56e0b553ed5996d5ba6ebd6d457c712411d87b5bbc4cad4d1,旧共享表复算；这是冻结表征后的logistic probe，不是原监督CNN head。
G0,legacy_refit_probe_all_post,L0,P_bal,,legacy_logistic_probe,raw,auroc,0.5325569463967026,,,58.0,,43963.0,,unitless,source aggregate; no new pooling,source fixed predictions; no refit,G0_001,b659998af42043e56e0b553ed5996d5ba6ebd6d457c712411d87b5bbc4cad4d1,旧共享表复算；这是冻结表征后的logistic probe，不是原监督CNN head。
G0,legacy_refit_probe_all_post,L0,P_bal,,legacy_logistic_probe,raw,brier,0.4991887237135006,,,58.0,,43963.0,,unitless,source aggregate; no new pooling,source fixed predictions; no refit,G0_001,b659998af42043e56e0b553ed5996d5ba6ebd6d457c712411d87b5bbc4cad4d1,旧共享表复算；这是冻结表征后的logistic probe，不是原监督CNN head。
G0,legacy_refit_probe_all_post,L0,P_bal,,legacy_logistic_probe,calibrated,ce_bits,0.9988023399452384,,,58.0,,43963.0,,bits,source aggregate; no new pooling,source fixed predictions; no refit,G0_001,b659998af42043e56e0b553ed5996d5ba6ebd6d457c712411d87b5bbc4cad4d1,旧共享表复算；这是冻结表征后的logistic probe，不是原监督CNN head。
G0,legacy_refit_probe_all_post,L0,P_bal,,legacy_logistic_probe,calibrated,J_bits,0.0011976600547617,,,58.0,,43963.0,,bits,source aggregate; no new pooling,source fixed predictions; no refit,G0_001,b659998af42043e56e0b553ed5996d5ba6ebd6d457c712411d87b5bbc4cad4d1,旧共享表复算；这是冻结表征后的logistic probe，不是原监督CNN head。
G0,legacy_refit_probe_all_post,L0,P_bal,,legacy_logistic_probe,calibrated,bacc,0.5246289829691019,,,58.0,,43963.0,,unitless,source aggregate; no new pooling,source fixed predictions; no refit,G0_001,b659998af42043e56e0b553ed5996d5ba6ebd6d457c712411d87b5bbc4cad4d1,旧共享表复算；这是冻结表征后的logistic probe，不是原监督CNN head。
G0,legacy_refit_probe_all_post,L0,P_bal,,legacy_logistic_probe,calibrated,auroc,0.5325569463967026,,,58.0,,43963.0,,unitless,source aggregate; no new pooling,source fixed predictions; no refit,G0_001,b659998af42043e56e0b553ed5996d5ba6ebd6d457c712411d87b5bbc4cad4d1,旧共享表复算；这是冻结表征后的logistic probe，不是原监督CNN head。
G0,legacy_refit_probe_all_post,L0,P_bal,,legacy_logistic_probe,calibrated,brier,0.4991634506163936,,,58.0,,43963.0,,unitless,source aggregate; no new pooling,source fixed predictions; no refit,G0_001,b659998af42043e56e0b553ed5996d5ba6ebd6d457c712411d87b5bbc4cad4d1,旧共享表复算；这是冻结表征后的logistic probe，不是原监督CNN head。
G0,legacy_refit_probe_all_pre,L0,P_bal,,legacy_logistic_probe,raw,ce_bits,0.9999526065627492,,,58.0,,43963.0,,bits,source aggregate; no new pooling,source fixed predictions; no refit,G0_001,b659998af42043e56e0b553ed5996d5ba6ebd6d457c712411d87b5bbc4cad4d1,旧共享表复算；这是冻结表征后的logistic probe，不是原监督CNN head。
G0,legacy_refit_probe_all_pre,L0,P_bal,,legacy_logistic_probe,raw,J_bits,4.739343725079781e-05,,,58.0,,43963.0,,bits,source aggregate; no new pooling,source fixed predictions; no refit,G0_001,b659998af42043e56e0b553ed5996d5ba6ebd6d457c712411d87b5bbc4cad4d1,旧共享表复算；这是冻结表征后的logistic probe，不是原监督CNN head。
G0,legacy_refit_probe_all_pre,L0,P_bal,,legacy_logistic_probe,raw,bacc,0.5053319079962925,,,58.0,,43963.0,,unitless,source aggregate; no new pooling,source fixed predictions; no refit,G0_001,b659998af42043e56e0b553ed5996d5ba6ebd6d457c712411d87b5bbc4cad4d1,旧共享表复算；这是冻结表征后的logistic probe，不是原监督CNN head。
G0,legacy_refit_probe_all_pre,L0,P_bal,,legacy_logistic_probe,raw,auroc,0.5062380690570379,,,58.0,,43963.0,,unitless,source aggregate; no new pooling,source fixed predictions; no refit,G0_001,b659998af42043e56e0b553ed5996d5ba6ebd6d457c712411d87b5bbc4cad4d1,旧共享表复算；这是冻结表征后的logistic probe，不是原监督CNN head。
G0,legacy_refit_probe_all_pre,L0,P_bal,,legacy_logistic_probe,raw,brier,0.4999671637019116,,,58.0,,43963.0,,unitless,source aggregate; no new pooling,source fixed predictions; no refit,G0_001,b659998af42043e56e0b553ed5996d5ba6ebd6d457c712411d87b5bbc4cad4d1,旧共享表复算；这是冻结表征后的logistic probe，不是原监督CNN head。
G0,legacy_refit_probe_all_pre,L0,P_bal,,legacy_logistic_probe,calibrated,ce_bits,0.999955848164407,,,58.0,,43963.0,,bits,source aggregate; no new pooling,source fixed predictions; no refit,G0_001,b659998af42043e56e0b553ed5996d5ba6ebd6d457c712411d87b5bbc4cad4d1,旧共享表复算；这是冻结表征后的logistic probe，不是原监督CNN head。
G0,legacy_refit_probe_all_pre,L0,P_bal,,legacy_logistic_probe,calibrated,J_bits,4.4151835593031485e-05,,,58.0,,43963.0,,bits,source aggregate; no new pooling,source fixed predictions; no refit,G0_001,b659998af42043e56e0b553ed5996d5ba6ebd6d457c712411d87b5bbc4cad4d1,旧共享表复算；这是冻结表征后的logistic probe，不是原监督CNN head。
G0,legacy_refit_probe_all_pre,L0,P_bal,,legacy_logistic_probe,calibrated,bacc,0.5053319079962925,,,58.0,,43963.0,,unitless,source aggregate; no new pooling,source fixed predictions; no refit,G0_001,b659998af42043e56e0b553ed5996d5ba6ebd6d457c712411d87b5bbc4cad4d1,旧共享表复算；这是冻结表征后的logistic probe，不是原监督CNN head。
G0,legacy_refit_probe_all_pre,L0,P_bal,,legacy_logistic_probe,calibrated,auroc,0.5062380690570379,,,58.0,,43963.0,,unitless,source aggregate; no new pooling,source fixed predictions; no refit,G0_001,b659998af42043e56e0b553ed5996d5ba6ebd6d457c712411d87b5bbc4cad4d1,旧共享表复算；这是冻结表征后的logistic probe，不是原监督CNN head。
G0,legacy_refit_probe_all_pre,L0,P_bal,,legacy_logistic_probe,calibrated,brier,0.4999694112609615,,,58.0,,43963.0,,unitless,source aggregate; no new pooling,source fixed predictions; no refit,G0_001,b659998af42043e56e0b553ed5996d5ba6ebd6d457c712411d87b5bbc4cad4d1,旧共享表复算；这是冻结表征后的logistic probe，不是原监督CNN head。
G0,legacy_refit_probe_all_post,R_RAND,P_bal,,legacy_logistic_probe,raw,ce_bits,0.9973874870293644,,,58.0,,43963.0,,bits,source aggregate; no new pooling,source fixed predictions; no refit,G0_001,b659998af42043e56e0b553ed5996d5ba6ebd6d457c712411d87b5bbc4cad4d1,旧共享表复算；这是冻结表征后的logistic probe，不是原监督CNN head。
G0,legacy_refit_probe_all_post,R_RAND,P_bal,,legacy_logistic_probe,raw,J_bits,0.0026125129706356,,,58.0,,43963.0,,bits,source aggregate; no new pooling,source fixed predictions; no refit,G0_001,b659998af42043e56e0b553ed5996d5ba6ebd6d457c712411d87b5bbc4cad4d1,旧共享表复算；这是冻结表征后的logistic probe，不是原监督CNN head。
G0,legacy_refit_probe_all_post,R_RAND,P_bal,,legacy_logistic_probe,raw,bacc,0.5252104558273203,,,58.0,,43963.0,,unitless,source aggregate; no new pooling,source fixed predictions; no refit,G0_001,b659998af42043e56e0b553ed5996d5ba6ebd6d457c712411d87b5bbc4cad4d1,旧共享表复算；这是冻结表征后的logistic probe，不是原监督CNN head。
G0,legacy_refit_probe_all_post,R_RAND,P_bal,,legacy_logistic_probe,raw,auroc,0.5341618511347971,,,58.0,,43963.0,,unitless,source aggregate; no new pooling,source fixed predictions; no refit,G0_001,b659998af42043e56e0b553ed5996d5ba6ebd6d457c712411d87b5bbc4cad4d1,旧共享表复算；这是冻结表征后的logistic probe，不是原监督CNN head。
G0,legacy_refit_probe_all_post,R_RAND,P_bal,,legacy_logistic_probe,raw,brier,0.4981924131878392,,,58.0,,43963.0,,unitless,source aggregate; no new pooling,source fixed predictions; no refit,G0_001,b659998af42043e56e0b553ed5996d5ba6ebd6d457c712411d87b5bbc4cad4d1,旧共享表复算；这是冻结表征后的logistic probe，不是原监督CNN head。
G0,legacy_refit_probe_all_post,R_RAND,P_bal,,legacy_logistic_probe,calibrated,ce_bits,0.997509395146845,,,58.0,,43963.0,,bits,source aggregate; no new pooling,source fixed predictions; no refit,G0_001,b659998af42043e56e0b553ed5996d5ba6ebd6d457c712411d87b5bbc4cad4d1,旧共享表复算；这是冻结表征后的logistic probe，不是原监督CNN head。
G0,legacy_refit_probe_all_post,R_RAND,P_bal,,legacy_logistic_probe,calibrated,J_bits,0.0024906048531549,,,58.0,,43963.0,,bits,source aggregate; no new pooling,source fixed predictions; no refit,G0_001,b659998af42043e56e0b553ed5996d5ba6ebd6d457c712411d87b5bbc4cad4d1,旧共享表复算；这是冻结表征后的logistic probe，不是原监督CNN head。
G0,legacy_refit_probe_all_post,R_RAND,P_bal,,legacy_logistic_probe,calibrated,bacc,0.5252104558273203,,,58.0,,43963.0,,unitless,source aggregate; no new pooling,source fixed predictions; no refit,G0_001,b659998af42043e56e0b553ed5996d5ba6ebd6d457c712411d87b5bbc4cad4d1,旧共享表复算；这是冻结表征后的logistic probe，不是原监督CNN head。
G0,legacy_refit_probe_all_post,R_RAND,P_bal,,legacy_logistic_probe,calibrated,auroc,0.5341618511347971,,,58.0,,43963.0,,unitless,source aggregate; no new pooling,source fixed predictions; no refit,G0_001,b659998af42043e56e0b553ed5996d5ba6ebd6d457c712411d87b5bbc4cad4d1,旧共享表复算；这是冻结表征后的logistic probe，不是原监督CNN head。
G0,legacy_refit_probe_all_post,R_RAND,P_bal,,legacy_logistic_probe,calibrated,brier,0.4982759652791624,,,58.0,,43963.0,,unitless,source aggregate; no new pooling,source fixed predictions; no refit,G0_001,b659998af42043e56e0b553ed5996d5ba6ebd6d457c712411d87b5bbc4cad4d1,旧共享表复算；这是冻结表征后的logistic probe，不是原监督CNN head。
G0,legacy_refit_probe_all_pre,R_RAND,P_bal,,legacy_logistic_probe,raw,ce_bits,1.0001627996622442,,,58.0,,43963.0,,bits,source aggregate; no new pooling,source fixed predictions; no refit,G0_001,b659998af42043e56e0b553ed5996d5ba6ebd6d457c712411d87b5bbc4cad4d1,旧共享表复算；这是冻结表征后的logistic probe，不是原监督CNN head。
G0,legacy_refit_probe_all_pre,R_RAND,P_bal,,legacy_logistic_probe,raw,J_bits,-0.0001627996622441,,,58.0,,43963.0,,bits,source aggregate; no new pooling,source fixed predictions; no refit,G0_001,b659998af42043e56e0b553ed5996d5ba6ebd6d457c712411d87b5bbc4cad4d1,旧共享表复算；这是冻结表征后的logistic probe，不是原监督CNN head。
G0,legacy_refit_probe_all_pre,R_RAND,P_bal,,legacy_logistic_probe,raw,bacc,0.5068876238903076,,,58.0,,43963.0,,unitless,source aggregate; no new pooling,source fixed predictions; no refit,G0_001,b659998af42043e56e0b553ed5996d5ba6ebd6d457c712411d87b5bbc4cad4d1,旧共享表复算；这是冻结表征后的logistic probe，不是原监督CNN head。
G0,legacy_refit_probe_all_pre,R_RAND,P_bal,,legacy_logistic_probe,raw,auroc,0.5084286751899886,,,58.0,,43963.0,,unitless,source aggregate; no new pooling,source fixed predictions; no refit,G0_001,b659998af42043e56e0b553ed5996d5ba6ebd6d457c712411d87b5bbc4cad4d1,旧共享表复算；这是冻结表征后的logistic probe，不是原监督CNN head。
G0,legacy_refit_probe_all_pre,R_RAND,P_bal,,legacy_logistic_probe,raw,brier,0.5001124564836507,,,58.0,,43963.0,,unitless,source aggregate; no new pooling,source fixed predictions; no refit,G0_001,b659998af42043e56e0b553ed5996d5ba6ebd6d457c712411d87b5bbc4cad4d1,旧共享表复算；这是冻结表征后的logistic probe，不是原监督CNN head。
G0,legacy_refit_probe_all_pre,R_RAND,P_bal,,legacy_logistic_probe,calibrated,ce_bits,1.0000469003481478,,,58.0,,43963.0,,bits,source aggregate; no new pooling,source fixed predictions; no refit,G0_001,b659998af42043e56e0b553ed5996d5ba6ebd6d457c712411d87b5bbc4cad4d1,旧共享表复算；这是冻结表征后的logistic probe，不是原监督CNN head。
G0,legacy_refit_probe_all_pre,R_RAND,P_bal,,legacy_logistic_probe,calibrated,J_bits,-4.690034814780475e-05,,,58.0,,43963.0,,bits,source aggregate; no new pooling,source fixed predictions; no refit,G0_001,b659998af42043e56e0b553ed5996d5ba6ebd6d457c712411d87b5bbc4cad4d1,旧共享表复算；这是冻结表征后的logistic probe，不是原监督CNN head。
G0,legacy_refit_probe_all_pre,R_RAND,P_bal,,legacy_logistic_probe,calibrated,bacc,0.5068876238903076,,,58.0,,43963.0,,unitless,source aggregate; no new pooling,source fixed predictions; no refit,G0_001,b659998af42043e56e0b553ed5996d5ba6ebd6d457c712411d87b5bbc4cad4d1,旧共享表复算；这是冻结表征后的logistic probe，不是原监督CNN head。
G0,legacy_refit_probe_all_pre,R_RAND,P_bal,,legacy_logistic_probe,calibrated,auroc,0.5084286751899886,,,58.0,,43963.0,,unitless,source aggregate; no new pooling,source fixed predictions; no refit,G0_001,b659998af42043e56e0b553ed5996d5ba6ebd6d457c712411d87b5bbc4cad4d1,旧共享表复算；这是冻结表征后的logistic probe，不是原监督CNN head。
G0,legacy_refit_probe_all_pre,R_RAND,P_bal,,legacy_logistic_probe,calibrated,brier,0.5000324208679043,,,58.0,,43963.0,,unitless,source aggregate; no new pooling,source fixed predictions; no refit,G0_001,b659998af42043e56e0b553ed5996d5ba6ebd6d457c712411d87b5bbc4cad4d1,旧共享表复算；这是冻结表征后的logistic probe，不是原监督CNN head。
G0,legacy_refit_probe_all_post,R_SUP,P_bal,,legacy_logistic_probe,raw,ce_bits,1.0092881369560724,,,58.0,,43963.0,,bits,source aggregate; no new pooling,source fixed predictions; no refit,G0_001,b659998af42043e56e0b553ed5996d5ba6ebd6d457c712411d87b5bbc4cad4d1,旧共享表复算；这是冻结表征后的logistic probe，不是原监督CNN head。
G0,legacy_refit_probe_all_post,R_SUP,P_bal,,legacy_logistic_probe,raw,J_bits,-0.0092881369560724,,,58.0,,43963.0,,bits,source aggregate; no new pooling,source fixed predictions; no refit,G0_001,b659998af42043e56e0b553ed5996d5ba6ebd6d457c712411d87b5bbc4cad4d1,旧共享表复算；这是冻结表征后的logistic probe，不是原监督CNN head。
G0,legacy_refit_probe_all_post,R_SUP,P_bal,,legacy_logistic_probe,raw,bacc,0.5226025068305528,,,58.0,,43963.0,,unitless,source aggregate; no new pooling,source fixed predictions; no refit,G0_001,b659998af42043e56e0b553ed5996d5ba6ebd6d457c712411d87b5bbc4cad4d1,旧共享表复算；这是冻结表征后的logistic probe，不是原监督CNN head。
G0,legacy_refit_probe_all_post,R_SUP,P_bal,,legacy_logistic_probe,raw,auroc,0.5339922643199895,,,58.0,,43963.0,,unitless,source aggregate; no new pooling,source fixed predictions; no refit,G0_001,b659998af42043e56e0b553ed5996d5ba6ebd6d457c712411d87b5bbc4cad4d1,旧共享表复算；这是冻结表征后的logistic probe，不是原监督CNN head。
G0,legacy_refit_probe_all_post,R_SUP,P_bal,,legacy_logistic_probe,raw,brier,0.5059231195780951,,,58.0,,43963.0,,unitless,source aggregate; no new pooling,source fixed predictions; no refit,G0_001,b659998af42043e56e0b553ed5996d5ba6ebd6d457c712411d87b5bbc4cad4d1,旧共享表复算；这是冻结表征后的logistic probe，不是原监督CNN head。
G0,legacy_refit_probe_all_post,R_SUP,P_bal,,legacy_logistic_probe,calibrated,ce_bits,1.0075493597715002,,,58.0,,43963.0,,bits,source aggregate; no new pooling,source fixed predictions; no refit,G0_001,b659998af42043e56e0b553ed5996d5ba6ebd6d457c712411d87b5bbc4cad4d1,旧共享表复算；这是冻结表征后的logistic probe，不是原监督CNN head。
G0,legacy_refit_probe_all_post,R_SUP,P_bal,,legacy_logistic_probe,calibrated,J_bits,-0.0075493597715001,,,58.0,,43963.0,,bits,source aggregate; no new pooling,source fixed predictions; no refit,G0_001,b659998af42043e56e0b553ed5996d5ba6ebd6d457c712411d87b5bbc4cad4d1,旧共享表复算；这是冻结表征后的logistic probe，不是原监督CNN head。
G0,legacy_refit_probe_all_post,R_SUP,P_bal,,legacy_logistic_probe,calibrated,bacc,0.5226025068305528,,,58.0,,43963.0,,unitless,source aggregate; no new pooling,source fixed predictions; no refit,G0_001,b659998af42043e56e0b553ed5996d5ba6ebd6d457c712411d87b5bbc4cad4d1,旧共享表复算；这是冻结表征后的logistic probe，不是原监督CNN head。
G0,legacy_refit_probe_all_post,R_SUP,P_bal,,legacy_logistic_probe,calibrated,auroc,0.5339922643199895,,,58.0,,43963.0,,unitless,source aggregate; no new pooling,source fixed predictions; no refit,G0_001,b659998af42043e56e0b553ed5996d5ba6ebd6d457c712411d87b5bbc4cad4d1,旧共享表复算；这是冻结表征后的logistic probe，不是原监督CNN head。
G0,legacy_refit_probe_all_post,R_SUP,P_bal,,legacy_logistic_probe,calibrated,brier,0.5048278370138204,,,58.0,,43963.0,,unitless,source aggregate; no new pooling,source fixed predictions; no refit,G0_001,b659998af42043e56e0b553ed5996d5ba6ebd6d457c712411d87b5bbc4cad4d1,旧共享表复算；这是冻结表征后的logistic probe，不是原监督CNN head。
G0,legacy_refit_probe_all_pre,R_SUP,P_bal,,legacy_logistic_probe,raw,ce_bits,1.0001004361171757,,,58.0,,43963.0,,bits,source aggregate; no new pooling,source fixed predictions; no refit,G0_001,b659998af42043e56e0b553ed5996d5ba6ebd6d457c712411d87b5bbc4cad4d1,旧共享表复算；这是冻结表征后的logistic probe，不是原监督CNN head。
G0,legacy_refit_probe_all_pre,R_SUP,P_bal,,legacy_logistic_probe,raw,J_bits,-0.0001004361171756,,,58.0,,43963.0,,bits,source aggregate; no new pooling,source fixed predictions; no refit,G0_001,b659998af42043e56e0b553ed5996d5ba6ebd6d457c712411d87b5bbc4cad4d1,旧共享表复算；这是冻结表征后的logistic probe，不是原监督CNN head。
G0,legacy_refit_probe_all_pre,R_SUP,P_bal,,legacy_logistic_probe,raw,bacc,0.5063865520338209,,,58.0,,43963.0,,unitless,source aggregate; no new pooling,source fixed predictions; no refit,G0_001,b659998af42043e56e0b553ed5996d5ba6ebd6d457c712411d87b5bbc4cad4d1,旧共享表复算；这是冻结表征后的logistic probe，不是原监督CNN head。
G0,legacy_refit_probe_all_pre,R_SUP,P_bal,,legacy_logistic_probe,raw,auroc,0.5073855642714805,,,58.0,,43963.0,,unitless,source aggregate; no new pooling,source fixed predictions; no refit,G0_001,b659998af42043e56e0b553ed5996d5ba6ebd6d457c712411d87b5bbc4cad4d1,旧共享表复算；这是冻结表征后的logistic probe，不是原监督CNN head。
G0,legacy_refit_probe_all_pre,R_SUP,P_bal,,legacy_logistic_probe,raw,brier,0.5000693971019329,,,58.0,,43963.0,,unitless,source aggregate; no new pooling,source fixed predictions; no refit,G0_001,b659998af42043e56e0b553ed5996d5ba6ebd6d457c712411d87b5bbc4cad4d1,旧共享表复算；这是冻结表征后的logistic probe，不是原监督CNN head。
G0,legacy_refit_probe_all_pre,R_SUP,P_bal,,legacy_logistic_probe,calibrated,ce_bits,1.0001085125408318,,,58.0,,43963.0,,bits,source aggregate; no new pooling,source fixed predictions; no refit,G0_001,b659998af42043e56e0b553ed5996d5ba6ebd6d457c712411d87b5bbc4cad4d1,旧共享表复算；这是冻结表征后的logistic probe，不是原监督CNN head。
G0,legacy_refit_probe_all_pre,R_SUP,P_bal,,legacy_logistic_probe,calibrated,J_bits,-0.0001085125408317,,,58.0,,43963.0,,bits,source aggregate; no new pooling,source fixed predictions; no refit,G0_001,b659998af42043e56e0b553ed5996d5ba6ebd6d457c712411d87b5bbc4cad4d1,旧共享表复算；这是冻结表征后的logistic probe，不是原监督CNN head。
G0,legacy_refit_probe_all_pre,R_SUP,P_bal,,legacy_logistic_probe,calibrated,bacc,0.5063865520338209,,,58.0,,43963.0,,unitless,source aggregate; no new pooling,source fixed predictions; no refit,G0_001,b659998af42043e56e0b553ed5996d5ba6ebd6d457c712411d87b5bbc4cad4d1,旧共享表复算；这是冻结表征后的logistic probe，不是原监督CNN head。
G0,legacy_refit_probe_all_pre,R_SUP,P_bal,,legacy_logistic_probe,calibrated,auroc,0.5073855642714805,,,58.0,,43963.0,,unitless,source aggregate; no new pooling,source fixed predictions; no refit,G0_001,b659998af42043e56e0b553ed5996d5ba6ebd6d457c712411d87b5bbc4cad4d1,旧共享表复算；这是冻结表征后的logistic probe，不是原监督CNN head。
G0,legacy_refit_probe_all_pre,R_SUP,P_bal,,legacy_logistic_probe,calibrated,brier,0.5000750666495235,,,58.0,,43963.0,,unitless,source aggregate; no new pooling,source fixed predictions; no refit,G0_001,b659998af42043e56e0b553ed5996d5ba6ebd6d457c712411d87b5bbc4cad4d1,旧共享表复算；这是冻结表征后的logistic probe，不是原监督CNN head。
G0,legacy_refit_probe_all_post,R_SIM,P_bal,,legacy_logistic_probe,raw,ce_bits,0.9981892715410368,,,58.0,,43963.0,,bits,source aggregate; no new pooling,source fixed predictions; no refit,G0_001,b659998af42043e56e0b553ed5996d5ba6ebd6d457c712411d87b5bbc4cad4d1,旧共享表复算；这是冻结表征后的logistic probe，不是原监督CNN head。
G0,legacy_refit_probe_all_post,R_SIM,P_bal,,legacy_logistic_probe,raw,J_bits,0.0018107284589631,,,58.0,,43963.0,,bits,source aggregate; no new pooling,source fixed predictions; no refit,G0_001,b659998af42043e56e0b553ed5996d5ba6ebd6d457c712411d87b5bbc4cad4d1,旧共享表复算；这是冻结表征后的logistic probe，不是原监督CNN head。
G0,legacy_refit_probe_all_post,R_SIM,P_bal,,legacy_logistic_probe,raw,bacc,0.5235718589300212,,,58.0,,43963.0,,unitless,source aggregate; no new pooling,source fixed predictions; no refit,G0_001,b659998af42043e56e0b553ed5996d5ba6ebd6d457c712411d87b5bbc4cad4d1,旧共享表复算；这是冻结表征后的logistic probe，不是原监督CNN head。
G0,legacy_refit_probe_all_post,R_SIM,P_bal,,legacy_logistic_probe,raw,auroc,0.5293956467850723,,,58.0,,43963.0,,unitless,source aggregate; no new pooling,source fixed predictions; no refit,G0_001,b659998af42043e56e0b553ed5996d5ba6ebd6d457c712411d87b5bbc4cad4d1,旧共享表复算；这是冻结表征后的logistic probe，不是原监督CNN head。
G0,legacy_refit_probe_all_post,R_SIM,P_bal,,legacy_logistic_probe,raw,brier,0.4987455319893035,,,58.0,,43963.0,,unitless,source aggregate; no new pooling,source fixed predictions; no refit,G0_001,b659998af42043e56e0b553ed5996d5ba6ebd6d457c712411d87b5bbc4cad4d1,旧共享表复算；这是冻结表征后的logistic probe，不是原监督CNN head。
G0,legacy_refit_probe_all_post,R_SIM,P_bal,,legacy_logistic_probe,calibrated,ce_bits,0.9982613341990336,,,58.0,,43963.0,,bits,source aggregate; no new pooling,source fixed predictions; no refit,G0_001,b659998af42043e56e0b553ed5996d5ba6ebd6d457c712411d87b5bbc4cad4d1,旧共享表复算；这是冻结表征后的logistic probe，不是原监督CNN head。
G0,legacy_refit_probe_all_post,R_SIM,P_bal,,legacy_logistic_probe,calibrated,J_bits,0.0017386658009662,,,58.0,,43963.0,,bits,source aggregate; no new pooling,source fixed predictions; no refit,G0_001,b659998af42043e56e0b553ed5996d5ba6ebd6d457c712411d87b5bbc4cad4d1,旧共享表复算；这是冻结表征后的logistic probe，不是原监督CNN head。
G0,legacy_refit_probe_all_post,R_SIM,P_bal,,legacy_logistic_probe,calibrated,bacc,0.5235718589300212,,,58.0,,43963.0,,unitless,source aggregate; no new pooling,source fixed predictions; no refit,G0_001,b659998af42043e56e0b553ed5996d5ba6ebd6d457c712411d87b5bbc4cad4d1,旧共享表复算；这是冻结表征后的logistic probe，不是原监督CNN head。
G0,legacy_refit_probe_all_post,R_SIM,P_bal,,legacy_logistic_probe,calibrated,auroc,0.5293956467850723,,,58.0,,43963.0,,unitless,source aggregate; no new pooling,source fixed predictions; no refit,G0_001,b659998af42043e56e0b553ed5996d5ba6ebd6d457c712411d87b5bbc4cad4d1,旧共享表复算；这是冻结表征后的logistic probe，不是原监督CNN head。
G0,legacy_refit_probe_all_post,R_SIM,P_bal,,legacy_logistic_probe,calibrated,brier,0.4987937296976366,,,58.0,,43963.0,,unitless,source aggregate; no new pooling,source fixed predictions; no refit,G0_001,b659998af42043e56e0b553ed5996d5ba6ebd6d457c712411d87b5bbc4cad4d1,旧共享表复算；这是冻结表征后的logistic probe，不是原监督CNN head。
G0,legacy_refit_probe_all_pre,R_SIM,P_bal,,legacy_logistic_probe,raw,ce_bits,1.0000220332686518,,,58.0,,43963.0,,bits,source aggregate; no new pooling,source fixed predictions; no refit,G0_001,b659998af42043e56e0b553ed5996d5ba6ebd6d457c712411d87b5bbc4cad4d1,旧共享表复算；这是冻结表征后的logistic probe，不是原监督CNN head。
G0,legacy_refit_probe_all_pre,R_SIM,P_bal,,legacy_logistic_probe,raw,J_bits,-2.2033268651799887e-05,,,58.0,,43963.0,,bits,source aggregate; no new pooling,source fixed predictions; no refit,G0_001,b659998af42043e56e0b553ed5996d5ba6ebd6d457c712411d87b5bbc4cad4d1,旧共享表复算；这是冻结表征后的logistic probe，不是原监督CNN head。
G0,legacy_refit_probe_all_pre,R_SIM,P_bal,,legacy_logistic_probe,raw,bacc,0.5021795491538567,,,58.0,,43963.0,,unitless,source aggregate; no new pooling,source fixed predictions; no refit,G0_001,b659998af42043e56e0b553ed5996d5ba6ebd6d457c712411d87b5bbc4cad4d1,旧共享表复算；这是冻结表征后的logistic probe，不是原监督CNN head。
G0,legacy_refit_probe_all_pre,R_SIM,P_bal,,legacy_logistic_probe,raw,auroc,0.5018934081347901,,,58.0,,43963.0,,unitless,source aggregate; no new pooling,source fixed predictions; no refit,G0_001,b659998af42043e56e0b553ed5996d5ba6ebd6d457c712411d87b5bbc4cad4d1,旧共享表复算；这是冻结表征后的logistic probe，不是原监督CNN head。
G0,legacy_refit_probe_all_pre,R_SIM,P_bal,,legacy_logistic_probe,raw,brier,0.5000152620347551,,,58.0,,43963.0,,unitless,source aggregate; no new pooling,source fixed predictions; no refit,G0_001,b659998af42043e56e0b553ed5996d5ba6ebd6d457c712411d87b5bbc4cad4d1,旧共享表复算；这是冻结表征后的logistic probe，不是原监督CNN head。
G0,legacy_refit_probe_all_pre,R_SIM,P_bal,,legacy_logistic_probe,calibrated,ce_bits,1.0001785729015733,,,58.0,,43963.0,,bits,source aggregate; no new pooling,source fixed predictions; no refit,G0_001,b659998af42043e56e0b553ed5996d5ba6ebd6d457c712411d87b5bbc4cad4d1,旧共享表复算；这是冻结表征后的logistic probe，不是原监督CNN head。
G0,legacy_refit_probe_all_pre,R_SIM,P_bal,,legacy_logistic_probe,calibrated,J_bits,-0.0001785729015733,,,58.0,,43963.0,,bits,source aggregate; no new pooling,source fixed predictions; no refit,G0_001,b659998af42043e56e0b553ed5996d5ba6ebd6d457c712411d87b5bbc4cad4d1,旧共享表复算；这是冻结表征后的logistic probe，不是原监督CNN head。
G0,legacy_refit_probe_all_pre,R_SIM,P_bal,,legacy_logistic_probe,calibrated,bacc,0.5021795491538567,,,58.0,,43963.0,,unitless,source aggregate; no new pooling,source fixed predictions; no refit,G0_001,b659998af42043e56e0b553ed5996d5ba6ebd6d457c712411d87b5bbc4cad4d1,旧共享表复算；这是冻结表征后的logistic probe，不是原监督CNN head。
G0,legacy_refit_probe_all_pre,R_SIM,P_bal,,legacy_logistic_probe,calibrated,auroc,0.5018934081347901,,,58.0,,43963.0,,unitless,source aggregate; no new pooling,source fixed predictions; no refit,G0_001,b659998af42043e56e0b553ed5996d5ba6ebd6d457c712411d87b5bbc4cad4d1,旧共享表复算；这是冻结表征后的logistic probe，不是原监督CNN head。
G0,legacy_refit_probe_all_pre,R_SIM,P_bal,,legacy_logistic_probe,calibrated,brier,0.5001234776193507,,,58.0,,43963.0,,unitless,source aggregate; no new pooling,source fixed predictions; no refit,G0_001,b659998af42043e56e0b553ed5996d5ba6ebd6d457c712411d87b5bbc4cad4d1,旧共享表复算；这是冻结表征后的logistic probe，不是原监督CNN head。
G0,legacy_refit_probe_left_post,L0,P_bal,,legacy_logistic_probe,raw,ce_bits,0.9977398972903482,,,60.0,,47175.0,,bits,source aggregate; no new pooling,source fixed predictions; no refit,G0_001,b659998af42043e56e0b553ed5996d5ba6ebd6d457c712411d87b5bbc4cad4d1,旧共享表复算；这是冻结表征后的logistic probe，不是原监督CNN head。
G0,legacy_refit_probe_left_post,L0,P_bal,,legacy_logistic_probe,raw,J_bits,0.0022601027096518,,,60.0,,47175.0,,bits,source aggregate; no new pooling,source fixed predictions; no refit,G0_001,b659998af42043e56e0b553ed5996d5ba6ebd6d457c712411d87b5bbc4cad4d1,旧共享表复算；这是冻结表征后的logistic probe，不是原监督CNN head。
G0,legacy_refit_probe_left_post,L0,P_bal,,legacy_logistic_probe,raw,bacc,0.5258472454781712,,,60.0,,47175.0,,unitless,source aggregate; no new pooling,source fixed predictions; no refit,G0_001,b659998af42043e56e0b553ed5996d5ba6ebd6d457c712411d87b5bbc4cad4d1,旧共享表复算；这是冻结表征后的logistic probe，不是原监督CNN head。
G0,legacy_refit_probe_left_post,L0,P_bal,,legacy_logistic_probe,raw,auroc,0.5361582215181522,,,60.0,,47175.0,,unitless,source aggregate; no new pooling,source fixed predictions; no refit,G0_001,b659998af42043e56e0b553ed5996d5ba6ebd6d457c712411d87b5bbc4cad4d1,旧共享表复算；这是冻结表征后的logistic probe，不是原监督CNN head。
G0,legacy_refit_probe_left_post,L0,P_bal,,legacy_logistic_probe,raw,brier,0.4984245414645129,,,60.0,,47175.0,,unitless,source aggregate; no new pooling,source fixed predictions; no refit,G0_001,b659998af42043e56e0b553ed5996d5ba6ebd6d457c712411d87b5bbc4cad4d1,旧共享表复算；这是冻结表征后的logistic probe，不是原监督CNN head。
G0,legacy_refit_probe_left_post,L0,P_bal,,legacy_logistic_probe,calibrated,ce_bits,0.997974512804638,,,60.0,,47175.0,,bits,source aggregate; no new pooling,source fixed predictions; no refit,G0_001,b659998af42043e56e0b553ed5996d5ba6ebd6d457c712411d87b5bbc4cad4d1,旧共享表复算；这是冻结表征后的logistic probe，不是原监督CNN head。
G0,legacy_refit_probe_left_post,L0,P_bal,,legacy_logistic_probe,calibrated,J_bits,0.0020254871953621,,,60.0,,47175.0,,bits,source aggregate; no new pooling,source fixed predictions; no refit,G0_001,b659998af42043e56e0b553ed5996d5ba6ebd6d457c712411d87b5bbc4cad4d1,旧共享表复算；这是冻结表征后的logistic probe，不是原监督CNN head。
G0,legacy_refit_probe_left_post,L0,P_bal,,legacy_logistic_probe,calibrated,bacc,0.5258472454781712,,,60.0,,47175.0,,unitless,source aggregate; no new pooling,source fixed predictions; no refit,G0_001,b659998af42043e56e0b553ed5996d5ba6ebd6d457c712411d87b5bbc4cad4d1,旧共享表复算；这是冻结表征后的logistic probe，不是原监督CNN head。
G0,legacy_refit_probe_left_post,L0,P_bal,,legacy_logistic_probe,calibrated,auroc,0.5361582215181522,,,60.0,,47175.0,,unitless,source aggregate; no new pooling,source fixed predictions; no refit,G0_001,b659998af42043e56e0b553ed5996d5ba6ebd6d457c712411d87b5bbc4cad4d1,旧共享表复算；这是冻结表征后的logistic probe，不是原监督CNN head。
G0,legacy_refit_probe_left_post,L0,P_bal,,legacy_logistic_probe,calibrated,brier,0.4985939149430032,,,60.0,,47175.0,,unitless,source aggregate; no new pooling,source fixed predictions; no refit,G0_001,b659998af42043e56e0b553ed5996d5ba6ebd6d457c712411d87b5bbc4cad4d1,旧共享表复算；这是冻结表征后的logistic probe，不是原监督CNN head。
G0,legacy_refit_probe_left_pre,L0,P_bal,,legacy_logistic_probe,raw,ce_bits,0.99984158412333,,,60.0,,47175.0,,bits,source aggregate; no new pooling,source fixed predictions; no refit,G0_001,b659998af42043e56e0b553ed5996d5ba6ebd6d457c712411d87b5bbc4cad4d1,旧共享表复算；这是冻结表征后的logistic probe，不是原监督CNN head。
G0,legacy_refit_probe_left_pre,L0,P_bal,,legacy_logistic_probe,raw,J_bits,0.0001584158766699,,,60.0,,47175.0,,bits,source aggregate; no new pooling,source fixed predictions; no refit,G0_001,b659998af42043e56e0b553ed5996d5ba6ebd6d457c712411d87b5bbc4cad4d1,旧共享表复算；这是冻结表征后的logistic probe，不是原监督CNN head。
G0,legacy_refit_probe_left_pre,L0,P_bal,,legacy_logistic_probe,raw,bacc,0.5054806771330935,,,60.0,,47175.0,,unitless,source aggregate; no new pooling,source fixed predictions; no refit,G0_001,b659998af42043e56e0b553ed5996d5ba6ebd6d457c712411d87b5bbc4cad4d1,旧共享表复算；这是冻结表征后的logistic probe，不是原监督CNN head。
G0,legacy_refit_probe_left_pre,L0,P_bal,,legacy_logistic_probe,raw,auroc,0.5094655839005056,,,60.0,,47175.0,,unitless,source aggregate; no new pooling,source fixed predictions; no refit,G0_001,b659998af42043e56e0b553ed5996d5ba6ebd6d457c712411d87b5bbc4cad4d1,旧共享表复算；这是冻结表征后的logistic probe，不是原监督CNN head。
G0,legacy_refit_probe_left_pre,L0,P_bal,,legacy_logistic_probe,raw,brier,0.4998902653454519,,,60.0,,47175.0,,unitless,source aggregate; no new pooling,source fixed predictions; no refit,G0_001,b659998af42043e56e0b553ed5996d5ba6ebd6d457c712411d87b5bbc4cad4d1,旧共享表复算；这是冻结表征后的logistic probe，不是原监督CNN head。
G0,legacy_refit_probe_left_pre,L0,P_bal,,legacy_logistic_probe,calibrated,ce_bits,0.999965878093294,,,60.0,,47175.0,,bits,source aggregate; no new pooling,source fixed predictions; no refit,G0_001,b659998af42043e56e0b553ed5996d5ba6ebd6d457c712411d87b5bbc4cad4d1,旧共享表复算；这是冻结表征后的logistic probe，不是原监督CNN head。
G0,legacy_refit_probe_left_pre,L0,P_bal,,legacy_logistic_probe,calibrated,J_bits,3.412190670604165e-05,,,60.0,,47175.0,,bits,source aggregate; no new pooling,source fixed predictions; no refit,G0_001,b659998af42043e56e0b553ed5996d5ba6ebd6d457c712411d87b5bbc4cad4d1,旧共享表复算；这是冻结表征后的logistic probe，不是原监督CNN head。
G0,legacy_refit_probe_left_pre,L0,P_bal,,legacy_logistic_probe,calibrated,bacc,0.5054806771330935,,,60.0,,47175.0,,unitless,source aggregate; no new pooling,source fixed predictions; no refit,G0_001,b659998af42043e56e0b553ed5996d5ba6ebd6d457c712411d87b5bbc4cad4d1,旧共享表复算；这是冻结表征后的logistic probe，不是原监督CNN head。
G0,legacy_refit_probe_left_pre,L0,P_bal,,legacy_logistic_probe,calibrated,auroc,0.5094655839005056,,,60.0,,47175.0,,unitless,source aggregate; no new pooling,source fixed predictions; no refit,G0_001,b659998af42043e56e0b553ed5996d5ba6ebd6d457c712411d87b5bbc4cad4d1,旧共享表复算；这是冻结表征后的logistic probe，不是原监督CNN head。
G0,legacy_refit_probe_left_pre,L0,P_bal,,legacy_logistic_probe,calibrated,brier,0.4999764149764366,,,60.0,,47175.0,,unitless,source aggregate; no new pooling,source fixed predictions; no refit,G0_001,b659998af42043e56e0b553ed5996d5ba6ebd6d457c712411d87b5bbc4cad4d1,旧共享表复算；这是冻结表征后的logistic probe，不是原监督CNN head。
G0,legacy_refit_probe_left_post,R_RAND,P_bal,,legacy_logistic_probe,raw,ce_bits,0.9982398135991812,,,60.0,,47175.0,,bits,source aggregate; no new pooling,source fixed predictions; no refit,G0_001,b659998af42043e56e0b553ed5996d5ba6ebd6d457c712411d87b5bbc4cad4d1,旧共享表复算；这是冻结表征后的logistic probe，不是原监督CNN head。
G0,legacy_refit_probe_left_post,R_RAND,P_bal,,legacy_logistic_probe,raw,J_bits,0.0017601864008187,,,60.0,,47175.0,,bits,source aggregate; no new pooling,source fixed predictions; no refit,G0_001,b659998af42043e56e0b553ed5996d5ba6ebd6d457c712411d87b5bbc4cad4d1,旧共享表复算；这是冻结表征后的logistic probe，不是原监督CNN head。
G0,legacy_refit_probe_left_post,R_RAND,P_bal,,legacy_logistic_probe,raw,bacc,0.5228400472579644,,,60.0,,47175.0,,unitless,source aggregate; no new pooling,source fixed predictions; no refit,G0_001,b659998af42043e56e0b553ed5996d5ba6ebd6d457c712411d87b5bbc4cad4d1,旧共享表复算；这是冻结表征后的logistic probe，不是原监督CNN head。
G0,legacy_refit_probe_left_post,R_RAND,P_bal,,legacy_logistic_probe,raw,auroc,0.5302680814842401,,,60.0,,47175.0,,unitless,source aggregate; no new pooling,source fixed predictions; no refit,G0_001,b659998af42043e56e0b553ed5996d5ba6ebd6d457c712411d87b5bbc4cad4d1,旧共享表复算；这是冻结表征后的logistic probe，不是原监督CNN head。
G0,legacy_refit_probe_left_post,R_RAND,P_bal,,legacy_logistic_probe,raw,brier,0.4987803541299335,,,60.0,,47175.0,,unitless,source aggregate; no new pooling,source fixed predictions; no refit,G0_001,b659998af42043e56e0b553ed5996d5ba6ebd6d457c712411d87b5bbc4cad4d1,旧共享表复算；这是冻结表征后的logistic probe，不是原监督CNN head。
G0,legacy_refit_probe_left_post,R_RAND,P_bal,,legacy_logistic_probe,calibrated,ce_bits,0.9984713522225992,,,60.0,,47175.0,,bits,source aggregate; no new pooling,source fixed predictions; no refit,G0_001,b659998af42043e56e0b553ed5996d5ba6ebd6d457c712411d87b5bbc4cad4d1,旧共享表复算；这是冻结表征后的logistic probe，不是原监督CNN head。
G0,legacy_refit_probe_left_post,R_RAND,P_bal,,legacy_logistic_probe,calibrated,J_bits,0.0015286477774006,,,60.0,,47175.0,,bits,source aggregate; no new pooling,source fixed predictions; no refit,G0_001,b659998af42043e56e0b553ed5996d5ba6ebd6d457c712411d87b5bbc4cad4d1,旧共享表复算；这是冻结表征后的logistic probe，不是原监督CNN head。
G0,legacy_refit_probe_left_post,R_RAND,P_bal,,legacy_logistic_probe,calibrated,bacc,0.5228400472579644,,,60.0,,47175.0,,unitless,source aggregate; no new pooling,source fixed predictions; no refit,G0_001,b659998af42043e56e0b553ed5996d5ba6ebd6d457c712411d87b5bbc4cad4d1,旧共享表复算；这是冻结表征后的logistic probe，不是原监督CNN head。
G0,legacy_refit_probe_left_post,R_RAND,P_bal,,legacy_logistic_probe,calibrated,auroc,0.5302680814842401,,,60.0,,47175.0,,unitless,source aggregate; no new pooling,source fixed predictions; no refit,G0_001,b659998af42043e56e0b553ed5996d5ba6ebd6d457c712411d87b5bbc4cad4d1,旧共享表复算；这是冻结表征后的logistic probe，不是原监督CNN head。
G0,legacy_refit_probe_left_post,R_RAND,P_bal,,legacy_logistic_probe,calibrated,brier,0.4989400434670183,,,60.0,,47175.0,,unitless,source aggregate; no new pooling,source fixed predictions; no refit,G0_001,b659998af42043e56e0b553ed5996d5ba6ebd6d457c712411d87b5bbc4cad4d1,旧共享表复算；这是冻结表征后的logistic probe，不是原监督CNN head。
G0,legacy_refit_probe_left_pre,R_RAND,P_bal,,legacy_logistic_probe,raw,ce_bits,0.99992159779911,,,60.0,,47175.0,,bits,source aggregate; no new pooling,source fixed predictions; no refit,G0_001,b659998af42043e56e0b553ed5996d5ba6ebd6d457c712411d87b5bbc4cad4d1,旧共享表复算；这是冻结表征后的logistic probe，不是原监督CNN head。
G0,legacy_refit_probe_left_pre,R_RAND,P_bal,,legacy_logistic_probe,raw,J_bits,7.840220089005978e-05,,,60.0,,47175.0,,bits,source aggregate; no new pooling,source fixed predictions; no refit,G0_001,b659998af42043e56e0b553ed5996d5ba6ebd6d457c712411d87b5bbc4cad4d1,旧共享表复算；这是冻结表征后的logistic probe，不是原监督CNN head。
G0,legacy_refit_probe_left_pre,R_RAND,P_bal,,legacy_logistic_probe,raw,bacc,0.5043750635012847,,,60.0,,47175.0,,unitless,source aggregate; no new pooling,source fixed predictions; no refit,G0_001,b659998af42043e56e0b553ed5996d5ba6ebd6d457c712411d87b5bbc4cad4d1,旧共享表复算；这是冻结表征后的logistic probe，不是原监督CNN head。
G0,legacy_refit_probe_left_pre,R_RAND,P_bal,,legacy_logistic_probe,raw,auroc,0.5073229833451832,,,60.0,,47175.0,,unitless,source aggregate; no new pooling,source fixed predictions; no refit,G0_001,b659998af42043e56e0b553ed5996d5ba6ebd6d457c712411d87b5bbc4cad4d1,旧共享表复算；这是冻结表征后的logistic probe，不是原监督CNN head。
G0,legacy_refit_probe_left_pre,R_RAND,P_bal,,legacy_logistic_probe,raw,brier,0.4999456531546217,,,60.0,,47175.0,,unitless,source aggregate; no new pooling,source fixed predictions; no refit,G0_001,b659998af42043e56e0b553ed5996d5ba6ebd6d457c712411d87b5bbc4cad4d1,旧共享表复算；这是冻结表征后的logistic probe，不是原监督CNN head。
G0,legacy_refit_probe_left_pre,R_RAND,P_bal,,legacy_logistic_probe,calibrated,ce_bits,1.0000254391672998,,,60.0,,47175.0,,bits,source aggregate; no new pooling,source fixed predictions; no refit,G0_001,b659998af42043e56e0b553ed5996d5ba6ebd6d457c712411d87b5bbc4cad4d1,旧共享表复算；这是冻结表征后的logistic probe，不是原监督CNN head。
G0,legacy_refit_probe_left_pre,R_RAND,P_bal,,legacy_logistic_probe,calibrated,J_bits,-2.5439167299801117e-05,,,60.0,,47175.0,,bits,source aggregate; no new pooling,source fixed predictions; no refit,G0_001,b659998af42043e56e0b553ed5996d5ba6ebd6d457c712411d87b5bbc4cad4d1,旧共享表复算；这是冻结表征后的logistic probe，不是原监督CNN head。
G0,legacy_refit_probe_left_pre,R_RAND,P_bal,,legacy_logistic_probe,calibrated,bacc,0.5043750635012847,,,60.0,,47175.0,,unitless,source aggregate; no new pooling,source fixed predictions; no refit,G0_001,b659998af42043e56e0b553ed5996d5ba6ebd6d457c712411d87b5bbc4cad4d1,旧共享表复算；这是冻结表征后的logistic probe，不是原监督CNN head。
G0,legacy_refit_probe_left_pre,R_RAND,P_bal,,legacy_logistic_probe,calibrated,auroc,0.5073229833451832,,,60.0,,47175.0,,unitless,source aggregate; no new pooling,source fixed predictions; no refit,G0_001,b659998af42043e56e0b553ed5996d5ba6ebd6d457c712411d87b5bbc4cad4d1,旧共享表复算；这是冻结表征后的logistic probe，不是原监督CNN head。
G0,legacy_refit_probe_left_pre,R_RAND,P_bal,,legacy_logistic_probe,calibrated,brier,0.5000175997633136,,,60.0,,47175.0,,unitless,source aggregate; no new pooling,source fixed predictions; no refit,G0_001,b659998af42043e56e0b553ed5996d5ba6ebd6d457c712411d87b5bbc4cad4d1,旧共享表复算；这是冻结表征后的logistic probe，不是原监督CNN head。
G0,legacy_refit_probe_left_post,R_SUP,P_bal,,legacy_logistic_probe,raw,ce_bits,1.00934159272497,,,60.0,,47175.0,,bits,source aggregate; no new pooling,source fixed predictions; no refit,G0_001,b659998af42043e56e0b553ed5996d5ba6ebd6d457c712411d87b5bbc4cad4d1,旧共享表复算；这是冻结表征后的logistic probe，不是原监督CNN head。
G0,legacy_refit_probe_left_post,R_SUP,P_bal,,legacy_logistic_probe,raw,J_bits,-0.00934159272497,,,60.0,,47175.0,,bits,source aggregate; no new pooling,source fixed predictions; no refit,G0_001,b659998af42043e56e0b553ed5996d5ba6ebd6d457c712411d87b5bbc4cad4d1,旧共享表复算；这是冻结表征后的logistic probe，不是原监督CNN head。
G0,legacy_refit_probe_left_post,R_SUP,P_bal,,legacy_logistic_probe,raw,bacc,0.5137369183718109,,,60.0,,47175.0,,unitless,source aggregate; no new pooling,source fixed predictions; no refit,G0_001,b659998af42043e56e0b553ed5996d5ba6ebd6d457c712411d87b5bbc4cad4d1,旧共享表复算；这是冻结表征后的logistic probe，不是原监督CNN head。
G0,legacy_refit_probe_left_post,R_SUP,P_bal,,legacy_logistic_probe,raw,auroc,0.5192857114566868,,,60.0,,47175.0,,unitless,source aggregate; no new pooling,source fixed predictions; no refit,G0_001,b659998af42043e56e0b553ed5996d5ba6ebd6d457c712411d87b5bbc4cad4d1,旧共享表复算；这是冻结表征后的logistic probe，不是原监督CNN head。
G0,legacy_refit_probe_left_post,R_SUP,P_bal,,legacy_logistic_probe,raw,brier,0.5061315555390201,,,60.0,,47175.0,,unitless,source aggregate; no new pooling,source fixed predictions; no refit,G0_001,b659998af42043e56e0b553ed5996d5ba6ebd6d457c712411d87b5bbc4cad4d1,旧共享表复算；这是冻结表征后的logistic probe，不是原监督CNN head。
G0,legacy_refit_probe_left_post,R_SUP,P_bal,,legacy_logistic_probe,calibrated,ce_bits,1.00913566849076,,,60.0,,47175.0,,bits,source aggregate; no new pooling,source fixed predictions; no refit,G0_001,b659998af42043e56e0b553ed5996d5ba6ebd6d457c712411d87b5bbc4cad4d1,旧共享表复算；这是冻结表征后的logistic probe，不是原监督CNN head。
G0,legacy_refit_probe_left_post,R_SUP,P_bal,,legacy_logistic_probe,calibrated,J_bits,-0.0091356684907599,,,60.0,,47175.0,,bits,source aggregate; no new pooling,source fixed predictions; no refit,G0_001,b659998af42043e56e0b553ed5996d5ba6ebd6d457c712411d87b5bbc4cad4d1,旧共享表复算；这是冻结表征后的logistic probe，不是原监督CNN head。
G0,legacy_refit_probe_left_post,R_SUP,P_bal,,legacy_logistic_probe,calibrated,bacc,0.5137369183718109,,,60.0,,47175.0,,unitless,source aggregate; no new pooling,source fixed predictions; no refit,G0_001,b659998af42043e56e0b553ed5996d5ba6ebd6d457c712411d87b5bbc4cad4d1,旧共享表复算；这是冻结表征后的logistic probe，不是原监督CNN head。
G0,legacy_refit_probe_left_post,R_SUP,P_bal,,legacy_logistic_probe,calibrated,auroc,0.5192857114566868,,,60.0,,47175.0,,unitless,source aggregate; no new pooling,source fixed predictions; no refit,G0_001,b659998af42043e56e0b553ed5996d5ba6ebd6d457c712411d87b5bbc4cad4d1,旧共享表复算；这是冻结表征后的logistic probe，不是原监督CNN head。
G0,legacy_refit_probe_left_post,R_SUP,P_bal,,legacy_logistic_probe,calibrated,brier,0.5060083890135803,,,60.0,,47175.0,,unitless,source aggregate; no new pooling,source fixed predictions; no refit,G0_001,b659998af42043e56e0b553ed5996d5ba6ebd6d457c712411d87b5bbc4cad4d1,旧共享表复算；这是冻结表征后的logistic probe，不是原监督CNN head。
G0,legacy_refit_probe_left_pre,R_SUP,P_bal,,legacy_logistic_probe,raw,ce_bits,0.9999049749476596,,,60.0,,47175.0,,bits,source aggregate; no new pooling,source fixed predictions; no refit,G0_001,b659998af42043e56e0b553ed5996d5ba6ebd6d457c712411d87b5bbc4cad4d1,旧共享表复算；这是冻结表征后的logistic probe，不是原监督CNN head。
G0,legacy_refit_probe_left_pre,R_SUP,P_bal,,legacy_logistic_probe,raw,J_bits,9.502505234049163e-05,,,60.0,,47175.0,,bits,source aggregate; no new pooling,source fixed predictions; no refit,G0_001,b659998af42043e56e0b553ed5996d5ba6ebd6d457c712411d87b5bbc4cad4d1,旧共享表复算；这是冻结表征后的logistic probe，不是原监督CNN head。
G0,legacy_refit_probe_left_pre,R_SUP,P_bal,,legacy_logistic_probe,raw,bacc,0.5068521634852766,,,60.0,,47175.0,,unitless,source aggregate; no new pooling,source fixed predictions; no refit,G0_001,b659998af42043e56e0b553ed5996d5ba6ebd6d457c712411d87b5bbc4cad4d1,旧共享表复算；这是冻结表征后的logistic probe，不是原监督CNN head。
G0,legacy_refit_probe_left_pre,R_SUP,P_bal,,legacy_logistic_probe,raw,auroc,0.5090630050713141,,,60.0,,47175.0,,unitless,source aggregate; no new pooling,source fixed predictions; no refit,G0_001,b659998af42043e56e0b553ed5996d5ba6ebd6d457c712411d87b5bbc4cad4d1,旧共享表复算；这是冻结表征后的logistic probe，不是原监督CNN head。
G0,legacy_refit_probe_left_pre,R_SUP,P_bal,,legacy_logistic_probe,raw,brier,0.4999341393053893,,,60.0,,47175.0,,unitless,source aggregate; no new pooling,source fixed predictions; no refit,G0_001,b659998af42043e56e0b553ed5996d5ba6ebd6d457c712411d87b5bbc4cad4d1,旧共享表复算；这是冻结表征后的logistic probe，不是原监督CNN head。
G0,legacy_refit_probe_left_pre,R_SUP,P_bal,,legacy_logistic_probe,calibrated,ce_bits,0.9999467707629334,,,60.0,,47175.0,,bits,source aggregate; no new pooling,source fixed predictions; no refit,G0_001,b659998af42043e56e0b553ed5996d5ba6ebd6d457c712411d87b5bbc4cad4d1,旧共享表复算；这是冻结表征后的logistic probe，不是原监督CNN head。
G0,legacy_refit_probe_left_pre,R_SUP,P_bal,,legacy_logistic_probe,calibrated,J_bits,5.322923706663208e-05,,,60.0,,47175.0,,bits,source aggregate; no new pooling,source fixed predictions; no refit,G0_001,b659998af42043e56e0b553ed5996d5ba6ebd6d457c712411d87b5bbc4cad4d1,旧共享表复算；这是冻结表征后的logistic probe，不是原监督CNN head。
G0,legacy_refit_probe_left_pre,R_SUP,P_bal,,legacy_logistic_probe,calibrated,bacc,0.5068521634852766,,,60.0,,47175.0,,unitless,source aggregate; no new pooling,source fixed predictions; no refit,G0_001,b659998af42043e56e0b553ed5996d5ba6ebd6d457c712411d87b5bbc4cad4d1,旧共享表复算；这是冻结表征后的logistic probe，不是原监督CNN head。
G0,legacy_refit_probe_left_pre,R_SUP,P_bal,,legacy_logistic_probe,calibrated,auroc,0.5090630050713141,,,60.0,,47175.0,,unitless,source aggregate; no new pooling,source fixed predictions; no refit,G0_001,b659998af42043e56e0b553ed5996d5ba6ebd6d457c712411d87b5bbc4cad4d1,旧共享表复算；这是冻结表征后的logistic probe，不是原监督CNN head。
G0,legacy_refit_probe_left_pre,R_SUP,P_bal,,legacy_logistic_probe,calibrated,brier,0.499963116326405,,,60.0,,47175.0,,unitless,source aggregate; no new pooling,source fixed predictions; no refit,G0_001,b659998af42043e56e0b553ed5996d5ba6ebd6d457c712411d87b5bbc4cad4d1,旧共享表复算；这是冻结表征后的logistic probe，不是原监督CNN head。
G0,legacy_refit_probe_left_post,R_SIM,P_bal,,legacy_logistic_probe,raw,ce_bits,0.9987406087996396,,,60.0,,47175.0,,bits,source aggregate; no new pooling,source fixed predictions; no refit,G0_001,b659998af42043e56e0b553ed5996d5ba6ebd6d457c712411d87b5bbc4cad4d1,旧共享表复算；这是冻结表征后的logistic probe，不是原监督CNN head。
G0,legacy_refit_probe_left_post,R_SIM,P_bal,,legacy_logistic_probe,raw,J_bits,0.0012593912003603,,,60.0,,47175.0,,bits,source aggregate; no new pooling,source fixed predictions; no refit,G0_001,b659998af42043e56e0b553ed5996d5ba6ebd6d457c712411d87b5bbc4cad4d1,旧共享表复算；这是冻结表征后的logistic probe，不是原监督CNN head。
G0,legacy_refit_probe_left_post,R_SIM,P_bal,,legacy_logistic_probe,raw,bacc,0.5130858979596017,,,60.0,,47175.0,,unitless,source aggregate; no new pooling,source fixed predictions; no refit,G0_001,b659998af42043e56e0b553ed5996d5ba6ebd6d457c712411d87b5bbc4cad4d1,旧共享表复算；这是冻结表征后的logistic probe，不是原监督CNN head。
G0,legacy_refit_probe_left_post,R_SIM,P_bal,,legacy_logistic_probe,raw,auroc,0.5234660888094685,,,60.0,,47175.0,,unitless,source aggregate; no new pooling,source fixed predictions; no refit,G0_001,b659998af42043e56e0b553ed5996d5ba6ebd6d457c712411d87b5bbc4cad4d1,旧共享表复算；这是冻结表征后的logistic probe，不是原监督CNN head。
G0,legacy_refit_probe_left_post,R_SIM,P_bal,,legacy_logistic_probe,raw,brier,0.4991280460042472,,,60.0,,47175.0,,unitless,source aggregate; no new pooling,source fixed predictions; no refit,G0_001,b659998af42043e56e0b553ed5996d5ba6ebd6d457c712411d87b5bbc4cad4d1,旧共享表复算；这是冻结表征后的logistic probe，不是原监督CNN head。
G0,legacy_refit_probe_left_post,R_SIM,P_bal,,legacy_logistic_probe,calibrated,ce_bits,0.9988480781563956,,,60.0,,47175.0,,bits,source aggregate; no new pooling,source fixed predictions; no refit,G0_001,b659998af42043e56e0b553ed5996d5ba6ebd6d457c712411d87b5bbc4cad4d1,旧共享表复算；这是冻结表征后的logistic probe，不是原监督CNN head。
G0,legacy_refit_probe_left_post,R_SIM,P_bal,,legacy_logistic_probe,calibrated,J_bits,0.0011519218436043,,,60.0,,47175.0,,bits,source aggregate; no new pooling,source fixed predictions; no refit,G0_001,b659998af42043e56e0b553ed5996d5ba6ebd6d457c712411d87b5bbc4cad4d1,旧共享表复算；这是冻结表征后的logistic probe，不是原监督CNN head。
G0,legacy_refit_probe_left_post,R_SIM,P_bal,,legacy_logistic_probe,calibrated,bacc,0.5130858979596017,,,60.0,,47175.0,,unitless,source aggregate; no new pooling,source fixed predictions; no refit,G0_001,b659998af42043e56e0b553ed5996d5ba6ebd6d457c712411d87b5bbc4cad4d1,旧共享表复算；这是冻结表征后的logistic probe，不是原监督CNN head。
G0,legacy_refit_probe_left_post,R_SIM,P_bal,,legacy_logistic_probe,calibrated,auroc,0.5234660888094685,,,60.0,,47175.0,,unitless,source aggregate; no new pooling,source fixed predictions; no refit,G0_001,b659998af42043e56e0b553ed5996d5ba6ebd6d457c712411d87b5bbc4cad4d1,旧共享表复算；这是冻结表征后的logistic probe，不是原监督CNN head。
G0,legacy_refit_probe_left_post,R_SIM,P_bal,,legacy_logistic_probe,calibrated,brier,0.4992021169060106,,,60.0,,47175.0,,unitless,source aggregate; no new pooling,source fixed predictions; no refit,G0_001,b659998af42043e56e0b553ed5996d5ba6ebd6d457c712411d87b5bbc4cad4d1,旧共享表复算；这是冻结表征后的logistic probe，不是原监督CNN head。
G0,legacy_refit_probe_left_pre,R_SIM,P_bal,,legacy_logistic_probe,raw,ce_bits,0.9999450285610012,,,60.0,,47175.0,,bits,source aggregate; no new pooling,source fixed predictions; no refit,G0_001,b659998af42043e56e0b553ed5996d5ba6ebd6d457c712411d87b5bbc4cad4d1,旧共享表复算；这是冻结表征后的logistic probe，不是原监督CNN head。
G0,legacy_refit_probe_left_pre,R_SIM,P_bal,,legacy_logistic_probe,raw,J_bits,5.497143899879653e-05,,,60.0,,47175.0,,bits,source aggregate; no new pooling,source fixed predictions; no refit,G0_001,b659998af42043e56e0b553ed5996d5ba6ebd6d457c712411d87b5bbc4cad4d1,旧共享表复算；这是冻结表征后的logistic probe，不是原监督CNN head。
G0,legacy_refit_probe_left_pre,R_SIM,P_bal,,legacy_logistic_probe,raw,bacc,0.5063639287283442,,,60.0,,47175.0,,unitless,source aggregate; no new pooling,source fixed predictions; no refit,G0_001,b659998af42043e56e0b553ed5996d5ba6ebd6d457c712411d87b5bbc4cad4d1,旧共享表复算；这是冻结表征后的logistic probe，不是原监督CNN head。
G0,legacy_refit_probe_left_pre,R_SIM,P_bal,,legacy_logistic_probe,raw,auroc,0.5072714954749895,,,60.0,,47175.0,,unitless,source aggregate; no new pooling,source fixed predictions; no refit,G0_001,b659998af42043e56e0b553ed5996d5ba6ebd6d457c712411d87b5bbc4cad4d1,旧共享表复算；这是冻结表征后的logistic probe，不是原监督CNN head。
G0,legacy_refit_probe_left_pre,R_SIM,P_bal,,legacy_logistic_probe,raw,brier,0.499961895488223,,,60.0,,47175.0,,unitless,source aggregate; no new pooling,source fixed predictions; no refit,G0_001,b659998af42043e56e0b553ed5996d5ba6ebd6d457c712411d87b5bbc4cad4d1,旧共享表复算；这是冻结表征后的logistic probe，不是原监督CNN head。
G0,legacy_refit_probe_left_pre,R_SIM,P_bal,,legacy_logistic_probe,calibrated,ce_bits,1.0000651042867332,,,60.0,,47175.0,,bits,source aggregate; no new pooling,source fixed predictions; no refit,G0_001,b659998af42043e56e0b553ed5996d5ba6ebd6d457c712411d87b5bbc4cad4d1,旧共享表复算；这是冻结表征后的logistic probe，不是原监督CNN head。
G0,legacy_refit_probe_left_pre,R_SIM,P_bal,,legacy_logistic_probe,calibrated,J_bits,-6.510428673323077e-05,,,60.0,,47175.0,,bits,source aggregate; no new pooling,source fixed predictions; no refit,G0_001,b659998af42043e56e0b553ed5996d5ba6ebd6d457c712411d87b5bbc4cad4d1,旧共享表复算；这是冻结表征后的logistic probe，不是原监督CNN head。
G0,legacy_refit_probe_left_pre,R_SIM,P_bal,,legacy_logistic_probe,calibrated,bacc,0.5063639287283442,,,60.0,,47175.0,,unitless,source aggregate; no new pooling,source fixed predictions; no refit,G0_001,b659998af42043e56e0b553ed5996d5ba6ebd6d457c712411d87b5bbc4cad4d1,旧共享表复算；这是冻结表征后的logistic probe，不是原监督CNN head。
G0,legacy_refit_probe_left_pre,R_SIM,P_bal,,legacy_logistic_probe,calibrated,auroc,0.5072714954749895,,,60.0,,47175.0,,unitless,source aggregate; no new pooling,source fixed predictions; no refit,G0_001,b659998af42043e56e0b553ed5996d5ba6ebd6d457c712411d87b5bbc4cad4d1,旧共享表复算；这是冻结表征后的logistic probe，不是原监督CNN head。
G0,legacy_refit_probe_left_pre,R_SIM,P_bal,,legacy_logistic_probe,calibrated,brier,0.5000450514633649,,,60.0,,47175.0,,unitless,source aggregate; no new pooling,source fixed predictions; no refit,G0_001,b659998af42043e56e0b553ed5996d5ba6ebd6d457c712411d87b5bbc4cad4d1,旧共享表复算；这是冻结表征后的logistic probe，不是原监督CNN head。
G0,legacy_refit_probe_right_post,L0,P_bal,,legacy_logistic_probe,raw,ce_bits,0.9990377760655098,,,60.0,,47175.0,,bits,source aggregate; no new pooling,source fixed predictions; no refit,G0_001,b659998af42043e56e0b553ed5996d5ba6ebd6d457c712411d87b5bbc4cad4d1,旧共享表复算；这是冻结表征后的logistic probe，不是原监督CNN head。
G0,legacy_refit_probe_right_post,L0,P_bal,,legacy_logistic_probe,raw,J_bits,0.0009622239344901,,,60.0,,47175.0,,bits,source aggregate; no new pooling,source fixed predictions; no refit,G0_001,b659998af42043e56e0b553ed5996d5ba6ebd6d457c712411d87b5bbc4cad4d1,旧共享表复算；这是冻结表征后的logistic probe，不是原监督CNN head。
G0,legacy_refit_probe_right_post,L0,P_bal,,legacy_logistic_probe,raw,bacc,0.5262781607146675,,,60.0,,47175.0,,unitless,source aggregate; no new pooling,source fixed predictions; no refit,G0_001,b659998af42043e56e0b553ed5996d5ba6ebd6d457c712411d87b5bbc4cad4d1,旧共享表复算；这是冻结表征后的logistic probe，不是原监督CNN head。
G0,legacy_refit_probe_right_post,L0,P_bal,,legacy_logistic_probe,raw,auroc,0.5338201092378,,,60.0,,47175.0,,unitless,source aggregate; no new pooling,source fixed predictions; no refit,G0_001,b659998af42043e56e0b553ed5996d5ba6ebd6d457c712411d87b5bbc4cad4d1,旧共享表复算；这是冻结表征后的logistic probe，不是原监督CNN head。
G0,legacy_refit_probe_right_post,L0,P_bal,,legacy_logistic_probe,raw,brier,0.4993132696267449,,,60.0,,47175.0,,unitless,source aggregate; no new pooling,source fixed predictions; no refit,G0_001,b659998af42043e56e0b553ed5996d5ba6ebd6d457c712411d87b5bbc4cad4d1,旧共享表复算；这是冻结表征后的logistic probe，不是原监督CNN head。
G0,legacy_refit_probe_right_post,L0,P_bal,,legacy_logistic_probe,calibrated,ce_bits,0.9986251159678172,,,60.0,,47175.0,,bits,source aggregate; no new pooling,source fixed predictions; no refit,G0_001,b659998af42043e56e0b553ed5996d5ba6ebd6d457c712411d87b5bbc4cad4d1,旧共享表复算；这是冻结表征后的logistic probe，不是原监督CNN head。
G0,legacy_refit_probe_right_post,L0,P_bal,,legacy_logistic_probe,calibrated,J_bits,0.0013748840321826,,,60.0,,47175.0,,bits,source aggregate; no new pooling,source fixed predictions; no refit,G0_001,b659998af42043e56e0b553ed5996d5ba6ebd6d457c712411d87b5bbc4cad4d1,旧共享表复算；这是冻结表征后的logistic probe，不是原监督CNN head。
G0,legacy_refit_probe_right_post,L0,P_bal,,legacy_logistic_probe,calibrated,bacc,0.5262781607146675,,,60.0,,47175.0,,unitless,source aggregate; no new pooling,source fixed predictions; no refit,G0_001,b659998af42043e56e0b553ed5996d5ba6ebd6d457c712411d87b5bbc4cad4d1,旧共享表复算；这是冻结表征后的logistic probe，不是原监督CNN head。
G0,legacy_refit_probe_right_post,L0,P_bal,,legacy_logistic_probe,calibrated,auroc,0.5338201092378,,,60.0,,47175.0,,unitless,source aggregate; no new pooling,source fixed predictions; no refit,G0_001,b659998af42043e56e0b553ed5996d5ba6ebd6d457c712411d87b5bbc4cad4d1,旧共享表复算；这是冻结表征后的logistic probe，不是原监督CNN head。
G0,legacy_refit_probe_right_post,L0,P_bal,,legacy_logistic_probe,calibrated,brier,0.4990414158199245,,,60.0,,47175.0,,unitless,source aggregate; no new pooling,source fixed predictions; no refit,G0_001,b659998af42043e56e0b553ed5996d5ba6ebd6d457c712411d87b5bbc4cad4d1,旧共享表复算；这是冻结表征后的logistic probe，不是原监督CNN head。
G0,legacy_refit_probe_right_pre,L0,P_bal,,legacy_logistic_probe,raw,ce_bits,1.000143069646622,,,60.0,,47175.0,,bits,source aggregate; no new pooling,source fixed predictions; no refit,G0_001,b659998af42043e56e0b553ed5996d5ba6ebd6d457c712411d87b5bbc4cad4d1,旧共享表复算；这是冻结表征后的logistic probe，不是原监督CNN head。
G0,legacy_refit_probe_right_pre,L0,P_bal,,legacy_logistic_probe,raw,J_bits,-0.000143069646622,,,60.0,,47175.0,,bits,source aggregate; no new pooling,source fixed predictions; no refit,G0_001,b659998af42043e56e0b553ed5996d5ba6ebd6d457c712411d87b5bbc4cad4d1,旧共享表复算；这是冻结表征后的logistic probe，不是原监督CNN head。
G0,legacy_refit_probe_right_pre,L0,P_bal,,legacy_logistic_probe,raw,bacc,0.4974701115361554,,,60.0,,47175.0,,unitless,source aggregate; no new pooling,source fixed predictions; no refit,G0_001,b659998af42043e56e0b553ed5996d5ba6ebd6d457c712411d87b5bbc4cad4d1,旧共享表复算；这是冻结表征后的logistic probe，不是原监督CNN head。
G0,legacy_refit_probe_right_pre,L0,P_bal,,legacy_logistic_probe,raw,auroc,0.4961615495294629,,,60.0,,47175.0,,unitless,source aggregate; no new pooling,source fixed predictions; no refit,G0_001,b659998af42043e56e0b553ed5996d5ba6ebd6d457c712411d87b5bbc4cad4d1,旧共享表复算；这是冻结表征后的logistic probe，不是原监督CNN head。
G0,legacy_refit_probe_right_pre,L0,P_bal,,legacy_logistic_probe,raw,brier,0.50009911791131,,,60.0,,47175.0,,unitless,source aggregate; no new pooling,source fixed predictions; no refit,G0_001,b659998af42043e56e0b553ed5996d5ba6ebd6d457c712411d87b5bbc4cad4d1,旧共享表复算；这是冻结表征后的logistic probe，不是原监督CNN head。
G0,legacy_refit_probe_right_pre,L0,P_bal,,legacy_logistic_probe,calibrated,ce_bits,1.0000244566599803,,,60.0,,47175.0,,bits,source aggregate; no new pooling,source fixed predictions; no refit,G0_001,b659998af42043e56e0b553ed5996d5ba6ebd6d457c712411d87b5bbc4cad4d1,旧共享表复算；这是冻结表征后的logistic probe，不是原监督CNN head。
G0,legacy_refit_probe_right_pre,L0,P_bal,,legacy_logistic_probe,calibrated,J_bits,-2.4456659980520712e-05,,,60.0,,47175.0,,bits,source aggregate; no new pooling,source fixed predictions; no refit,G0_001,b659998af42043e56e0b553ed5996d5ba6ebd6d457c712411d87b5bbc4cad4d1,旧共享表复算；这是冻结表征后的logistic probe，不是原监督CNN head。
G0,legacy_refit_probe_right_pre,L0,P_bal,,legacy_logistic_probe,calibrated,bacc,0.4974701115361554,,,60.0,,47175.0,,unitless,source aggregate; no new pooling,source fixed predictions; no refit,G0_001,b659998af42043e56e0b553ed5996d5ba6ebd6d457c712411d87b5bbc4cad4d1,旧共享表复算；这是冻结表征后的logistic probe，不是原监督CNN head。
G0,legacy_refit_probe_right_pre,L0,P_bal,,legacy_logistic_probe,calibrated,auroc,0.4961615495294629,,,60.0,,47175.0,,unitless,source aggregate; no new pooling,source fixed predictions; no refit,G0_001,b659998af42043e56e0b553ed5996d5ba6ebd6d457c712411d87b5bbc4cad4d1,旧共享表复算；这是冻结表征后的logistic probe，不是原监督CNN head。
G0,legacy_refit_probe_right_pre,L0,P_bal,,legacy_logistic_probe,calibrated,brier,0.5000169514803894,,,60.0,,47175.0,,unitless,source aggregate; no new pooling,source fixed predictions; no refit,G0_001,b659998af42043e56e0b553ed5996d5ba6ebd6d457c712411d87b5bbc4cad4d1,旧共享表复算；这是冻结表征后的logistic probe，不是原监督CNN head。
G0,legacy_refit_probe_right_post,R_RAND,P_bal,,legacy_logistic_probe,raw,ce_bits,0.9988447571845032,,,60.0,,47175.0,,bits,source aggregate; no new pooling,source fixed predictions; no refit,G0_001,b659998af42043e56e0b553ed5996d5ba6ebd6d457c712411d87b5bbc4cad4d1,旧共享表复算；这是冻结表征后的logistic probe，不是原监督CNN head。
G0,legacy_refit_probe_right_post,R_RAND,P_bal,,legacy_logistic_probe,raw,J_bits,0.0011552428154968,,,60.0,,47175.0,,bits,source aggregate; no new pooling,source fixed predictions; no refit,G0_001,b659998af42043e56e0b553ed5996d5ba6ebd6d457c712411d87b5bbc4cad4d1,旧共享表复算；这是冻结表征后的logistic probe，不是原监督CNN head。
G0,legacy_refit_probe_right_post,R_RAND,P_bal,,legacy_logistic_probe,raw,bacc,0.5171880933660573,,,60.0,,47175.0,,unitless,source aggregate; no new pooling,source fixed predictions; no refit,G0_001,b659998af42043e56e0b553ed5996d5ba6ebd6d457c712411d87b5bbc4cad4d1,旧共享表复算；这是冻结表征后的logistic probe，不是原监督CNN head。
G0,legacy_refit_probe_right_post,R_RAND,P_bal,,legacy_logistic_probe,raw,auroc,0.5259152889316285,,,60.0,,47175.0,,unitless,source aggregate; no new pooling,source fixed predictions; no refit,G0_001,b659998af42043e56e0b553ed5996d5ba6ebd6d457c712411d87b5bbc4cad4d1,旧共享表复算；这是冻结表征后的logistic probe，不是原监督CNN head。
G0,legacy_refit_probe_right_post,R_RAND,P_bal,,legacy_logistic_probe,raw,brier,0.4991992547765863,,,60.0,,47175.0,,unitless,source aggregate; no new pooling,source fixed predictions; no refit,G0_001,b659998af42043e56e0b553ed5996d5ba6ebd6d457c712411d87b5bbc4cad4d1,旧共享表复算；这是冻结表征后的logistic probe，不是原监督CNN head。
G0,legacy_refit_probe_right_post,R_RAND,P_bal,,legacy_logistic_probe,calibrated,ce_bits,0.9990682690048448,,,60.0,,47175.0,,bits,source aggregate; no new pooling,source fixed predictions; no refit,G0_001,b659998af42043e56e0b553ed5996d5ba6ebd6d457c712411d87b5bbc4cad4d1,旧共享表复算；这是冻结表征后的logistic probe，不是原监督CNN head。
G0,legacy_refit_probe_right_post,R_RAND,P_bal,,legacy_logistic_probe,calibrated,J_bits,0.0009317309951553,,,60.0,,47175.0,,bits,source aggregate; no new pooling,source fixed predictions; no refit,G0_001,b659998af42043e56e0b553ed5996d5ba6ebd6d457c712411d87b5bbc4cad4d1,旧共享表复算；这是冻结表征后的logistic probe，不是原监督CNN head。
G0,legacy_refit_probe_right_post,R_RAND,P_bal,,legacy_logistic_probe,calibrated,bacc,0.5171880933660573,,,60.0,,47175.0,,unitless,source aggregate; no new pooling,source fixed predictions; no refit,G0_001,b659998af42043e56e0b553ed5996d5ba6ebd6d457c712411d87b5bbc4cad4d1,旧共享表复算；这是冻结表征后的logistic probe，不是原监督CNN head。
G0,legacy_refit_probe_right_post,R_RAND,P_bal,,legacy_logistic_probe,calibrated,auroc,0.5259152889316285,,,60.0,,47175.0,,unitless,source aggregate; no new pooling,source fixed predictions; no refit,G0_001,b659998af42043e56e0b553ed5996d5ba6ebd6d457c712411d87b5bbc4cad4d1,旧共享表复算；这是冻结表征后的logistic probe，不是原监督CNN head。
G0,legacy_refit_probe_right_post,R_RAND,P_bal,,legacy_logistic_probe,calibrated,brier,0.4993522838800482,,,60.0,,47175.0,,unitless,source aggregate; no new pooling,source fixed predictions; no refit,G0_001,b659998af42043e56e0b553ed5996d5ba6ebd6d457c712411d87b5bbc4cad4d1,旧共享表复算；这是冻结表征后的logistic probe，不是原监督CNN head。
G0,legacy_refit_probe_right_pre,R_RAND,P_bal,,legacy_logistic_probe,raw,ce_bits,1.000120025423574,,,60.0,,47175.0,,bits,source aggregate; no new pooling,source fixed predictions; no refit,G0_001,b659998af42043e56e0b553ed5996d5ba6ebd6d457c712411d87b5bbc4cad4d1,旧共享表复算；这是冻结表征后的logistic probe，不是原监督CNN head。
G0,legacy_refit_probe_right_pre,R_RAND,P_bal,,legacy_logistic_probe,raw,J_bits,-0.000120025423574,,,60.0,,47175.0,,bits,source aggregate; no new pooling,source fixed predictions; no refit,G0_001,b659998af42043e56e0b553ed5996d5ba6ebd6d457c712411d87b5bbc4cad4d1,旧共享表复算；这是冻结表征后的logistic probe，不是原监督CNN head。
G0,legacy_refit_probe_right_pre,R_RAND,P_bal,,legacy_logistic_probe,raw,bacc,0.497091318623814,,,60.0,,47175.0,,unitless,source aggregate; no new pooling,source fixed predictions; no refit,G0_001,b659998af42043e56e0b553ed5996d5ba6ebd6d457c712411d87b5bbc4cad4d1,旧共享表复算；这是冻结表征后的logistic probe，不是原监督CNN head。
G0,legacy_refit_probe_right_pre,R_RAND,P_bal,,legacy_logistic_probe,raw,auroc,0.4934094696662673,,,60.0,,47175.0,,unitless,source aggregate; no new pooling,source fixed predictions; no refit,G0_001,b659998af42043e56e0b553ed5996d5ba6ebd6d457c712411d87b5bbc4cad4d1,旧共享表复算；这是冻结表征后的logistic probe，不是原监督CNN head。
G0,legacy_refit_probe_right_pre,R_RAND,P_bal,,legacy_logistic_probe,raw,brier,0.5000831923074671,,,60.0,,47175.0,,unitless,source aggregate; no new pooling,source fixed predictions; no refit,G0_001,b659998af42043e56e0b553ed5996d5ba6ebd6d457c712411d87b5bbc4cad4d1,旧共享表复算；这是冻结表征后的logistic probe，不是原监督CNN head。
G0,legacy_refit_probe_right_pre,R_RAND,P_bal,,legacy_logistic_probe,calibrated,ce_bits,1.0000246545353415,,,60.0,,47175.0,,bits,source aggregate; no new pooling,source fixed predictions; no refit,G0_001,b659998af42043e56e0b553ed5996d5ba6ebd6d457c712411d87b5bbc4cad4d1,旧共享表复算；这是冻结表征后的logistic probe，不是原监督CNN head。
G0,legacy_refit_probe_right_pre,R_RAND,P_bal,,legacy_logistic_probe,calibrated,J_bits,-2.4654535341728238e-05,,,60.0,,47175.0,,bits,source aggregate; no new pooling,source fixed predictions; no refit,G0_001,b659998af42043e56e0b553ed5996d5ba6ebd6d457c712411d87b5bbc4cad4d1,旧共享表复算；这是冻结表征后的logistic probe，不是原监督CNN head。
G0,legacy_refit_probe_right_pre,R_RAND,P_bal,,legacy_logistic_probe,calibrated,bacc,0.497091318623814,,,60.0,,47175.0,,unitless,source aggregate; no new pooling,source fixed predictions; no refit,G0_001,b659998af42043e56e0b553ed5996d5ba6ebd6d457c712411d87b5bbc4cad4d1,旧共享表复算；这是冻结表征后的logistic probe，不是原监督CNN head。
G0,legacy_refit_probe_right_pre,R_RAND,P_bal,,legacy_logistic_probe,calibrated,auroc,0.4934094696662673,,,60.0,,47175.0,,unitless,source aggregate; no new pooling,source fixed predictions; no refit,G0_001,b659998af42043e56e0b553ed5996d5ba6ebd6d457c712411d87b5bbc4cad4d1,旧共享表复算；这是冻结表征后的logistic probe，不是原监督CNN head。
G0,legacy_refit_probe_right_pre,R_RAND,P_bal,,legacy_logistic_probe,calibrated,brier,0.5000170891882773,,,60.0,,47175.0,,unitless,source aggregate; no new pooling,source fixed predictions; no refit,G0_001,b659998af42043e56e0b553ed5996d5ba6ebd6d457c712411d87b5bbc4cad4d1,旧共享表复算；这是冻结表征后的logistic probe，不是原监督CNN head。
G0,legacy_refit_probe_right_post,R_SUP,P_bal,,legacy_logistic_probe,raw,ce_bits,1.009122262735791,,,60.0,,47175.0,,bits,source aggregate; no new pooling,source fixed predictions; no refit,G0_001,b659998af42043e56e0b553ed5996d5ba6ebd6d457c712411d87b5bbc4cad4d1,旧共享表复算；这是冻结表征后的logistic probe，不是原监督CNN head。
G0,legacy_refit_probe_right_post,R_SUP,P_bal,,legacy_logistic_probe,raw,J_bits,-0.0091222627357909,,,60.0,,47175.0,,bits,source aggregate; no new pooling,source fixed predictions; no refit,G0_001,b659998af42043e56e0b553ed5996d5ba6ebd6d457c712411d87b5bbc4cad4d1,旧共享表复算；这是冻结表征后的logistic probe，不是原监督CNN head。
G0,legacy_refit_probe_right_post,R_SUP,P_bal,,legacy_logistic_probe,raw,bacc,0.5149545493927388,,,60.0,,47175.0,,unitless,source aggregate; no new pooling,source fixed predictions; no refit,G0_001,b659998af42043e56e0b553ed5996d5ba6ebd6d457c712411d87b5bbc4cad4d1,旧共享表复算；这是冻结表征后的logistic probe，不是原监督CNN head。
G0,legacy_refit_probe_right_post,R_SUP,P_bal,,legacy_logistic_probe,raw,auroc,0.5279247551913908,,,60.0,,47175.0,,unitless,source aggregate; no new pooling,source fixed predictions; no refit,G0_001,b659998af42043e56e0b553ed5996d5ba6ebd6d457c712411d87b5bbc4cad4d1,旧共享表复算；这是冻结表征后的logistic probe，不是原监督CNN head。
G0,legacy_refit_probe_right_post,R_SUP,P_bal,,legacy_logistic_probe,raw,brier,0.5059194034505502,,,60.0,,47175.0,,unitless,source aggregate; no new pooling,source fixed predictions; no refit,G0_001,b659998af42043e56e0b553ed5996d5ba6ebd6d457c712411d87b5bbc4cad4d1,旧共享表复算；这是冻结表征后的logistic probe，不是原监督CNN head。
G0,legacy_refit_probe_right_post,R_SUP,P_bal,,legacy_logistic_probe,calibrated,ce_bits,1.0086221074366923,,,60.0,,47175.0,,bits,source aggregate; no new pooling,source fixed predictions; no refit,G0_001,b659998af42043e56e0b553ed5996d5ba6ebd6d457c712411d87b5bbc4cad4d1,旧共享表复算；这是冻结表征后的logistic probe，不是原监督CNN head。
G0,legacy_refit_probe_right_post,R_SUP,P_bal,,legacy_logistic_probe,calibrated,J_bits,-0.0086221074366923,,,60.0,,47175.0,,bits,source aggregate; no new pooling,source fixed predictions; no refit,G0_001,b659998af42043e56e0b553ed5996d5ba6ebd6d457c712411d87b5bbc4cad4d1,旧共享表复算；这是冻结表征后的logistic probe，不是原监督CNN head。
G0,legacy_refit_probe_right_post,R_SUP,P_bal,,legacy_logistic_probe,calibrated,bacc,0.5149545493927388,,,60.0,,47175.0,,unitless,source aggregate; no new pooling,source fixed predictions; no refit,G0_001,b659998af42043e56e0b553ed5996d5ba6ebd6d457c712411d87b5bbc4cad4d1,旧共享表复算；这是冻结表征后的logistic probe，不是原监督CNN head。
G0,legacy_refit_probe_right_post,R_SUP,P_bal,,legacy_logistic_probe,calibrated,auroc,0.5279247551913908,,,60.0,,47175.0,,unitless,source aggregate; no new pooling,source fixed predictions; no refit,G0_001,b659998af42043e56e0b553ed5996d5ba6ebd6d457c712411d87b5bbc4cad4d1,旧共享表复算；这是冻结表征后的logistic probe，不是原监督CNN head。
G0,legacy_refit_probe_right_post,R_SUP,P_bal,,legacy_logistic_probe,calibrated,brier,0.5055998244351865,,,60.0,,47175.0,,unitless,source aggregate; no new pooling,source fixed predictions; no refit,G0_001,b659998af42043e56e0b553ed5996d5ba6ebd6d457c712411d87b5bbc4cad4d1,旧共享表复算；这是冻结表征后的logistic probe，不是原监督CNN head。
G0,legacy_refit_probe_right_pre,R_SUP,P_bal,,legacy_logistic_probe,raw,ce_bits,1.0002281702865417,,,60.0,,47175.0,,bits,source aggregate; no new pooling,source fixed predictions; no refit,G0_001,b659998af42043e56e0b553ed5996d5ba6ebd6d457c712411d87b5bbc4cad4d1,旧共享表复算；这是冻结表征后的logistic probe，不是原监督CNN head。
G0,legacy_refit_probe_right_pre,R_SUP,P_bal,,legacy_logistic_probe,raw,J_bits,-0.0002281702865416,,,60.0,,47175.0,,bits,source aggregate; no new pooling,source fixed predictions; no refit,G0_001,b659998af42043e56e0b553ed5996d5ba6ebd6d457c712411d87b5bbc4cad4d1,旧共享表复算；这是冻结表征后的logistic probe，不是原监督CNN head。
G0,legacy_refit_probe_right_pre,R_SUP,P_bal,,legacy_logistic_probe,raw,bacc,0.4903351240618409,,,60.0,,47175.0,,unitless,source aggregate; no new pooling,source fixed predictions; no refit,G0_001,b659998af42043e56e0b553ed5996d5ba6ebd6d457c712411d87b5bbc4cad4d1,旧共享表复算；这是冻结表征后的logistic probe，不是原监督CNN head。
G0,legacy_refit_probe_right_pre,R_SUP,P_bal,,legacy_logistic_probe,raw,auroc,0.4877732725994673,,,60.0,,47175.0,,unitless,source aggregate; no new pooling,source fixed predictions; no refit,G0_001,b659998af42043e56e0b553ed5996d5ba6ebd6d457c712411d87b5bbc4cad4d1,旧共享表复算；这是冻结表征后的logistic probe，不是原监督CNN head。
G0,legacy_refit_probe_right_pre,R_SUP,P_bal,,legacy_logistic_probe,raw,brier,0.5001581495314426,,,60.0,,47175.0,,unitless,source aggregate; no new pooling,source fixed predictions; no refit,G0_001,b659998af42043e56e0b553ed5996d5ba6ebd6d457c712411d87b5bbc4cad4d1,旧共享表复算；这是冻结表征后的logistic probe，不是原监督CNN head。
G0,legacy_refit_probe_right_pre,R_SUP,P_bal,,legacy_logistic_probe,calibrated,ce_bits,1.0000510844232011,,,60.0,,47175.0,,bits,source aggregate; no new pooling,source fixed predictions; no refit,G0_001,b659998af42043e56e0b553ed5996d5ba6ebd6d457c712411d87b5bbc4cad4d1,旧共享表复算；这是冻结表征后的logistic probe，不是原监督CNN head。
G0,legacy_refit_probe_right_pre,R_SUP,P_bal,,legacy_logistic_probe,calibrated,J_bits,-5.108442320111983e-05,,,60.0,,47175.0,,bits,source aggregate; no new pooling,source fixed predictions; no refit,G0_001,b659998af42043e56e0b553ed5996d5ba6ebd6d457c712411d87b5bbc4cad4d1,旧共享表复算；这是冻结表征后的logistic probe，不是原监督CNN head。
G0,legacy_refit_probe_right_pre,R_SUP,P_bal,,legacy_logistic_probe,calibrated,bacc,0.4903351240618409,,,60.0,,47175.0,,unitless,source aggregate; no new pooling,source fixed predictions; no refit,G0_001,b659998af42043e56e0b553ed5996d5ba6ebd6d457c712411d87b5bbc4cad4d1,旧共享表复算；这是冻结表征后的logistic probe，不是原监督CNN head。
G0,legacy_refit_probe_right_pre,R_SUP,P_bal,,legacy_logistic_probe,calibrated,auroc,0.4877732725994673,,,60.0,,47175.0,,unitless,source aggregate; no new pooling,source fixed predictions; no refit,G0_001,b659998af42043e56e0b553ed5996d5ba6ebd6d457c712411d87b5bbc4cad4d1,旧共享表复算；这是冻结表征后的logistic probe，不是原监督CNN head。
G0,legacy_refit_probe_right_pre,R_SUP,P_bal,,legacy_logistic_probe,calibrated,brier,0.5000354089471701,,,60.0,,47175.0,,unitless,source aggregate; no new pooling,source fixed predictions; no refit,G0_001,b659998af42043e56e0b553ed5996d5ba6ebd6d457c712411d87b5bbc4cad4d1,旧共享表复算；这是冻结表征后的logistic probe，不是原监督CNN head。
G0,legacy_refit_probe_right_post,R_SIM,P_bal,,legacy_logistic_probe,raw,ce_bits,0.9995675414615824,,,60.0,,47175.0,,bits,source aggregate; no new pooling,source fixed predictions; no refit,G0_001,b659998af42043e56e0b553ed5996d5ba6ebd6d457c712411d87b5bbc4cad4d1,旧共享表复算；这是冻结表征后的logistic probe，不是原监督CNN head。
G0,legacy_refit_probe_right_post,R_SIM,P_bal,,legacy_logistic_probe,raw,J_bits,0.0004324585384175,,,60.0,,47175.0,,bits,source aggregate; no new pooling,source fixed predictions; no refit,G0_001,b659998af42043e56e0b553ed5996d5ba6ebd6d457c712411d87b5bbc4cad4d1,旧共享表复算；这是冻结表征后的logistic probe，不是原监督CNN head。
G0,legacy_refit_probe_right_post,R_SIM,P_bal,,legacy_logistic_probe,raw,bacc,0.5128309643293304,,,60.0,,47175.0,,unitless,source aggregate; no new pooling,source fixed predictions; no refit,G0_001,b659998af42043e56e0b553ed5996d5ba6ebd6d457c712411d87b5bbc4cad4d1,旧共享表复算；这是冻结表征后的logistic probe，不是原监督CNN head。
G0,legacy_refit_probe_right_post,R_SIM,P_bal,,legacy_logistic_probe,raw,auroc,0.516512167733302,,,60.0,,47175.0,,unitless,source aggregate; no new pooling,source fixed predictions; no refit,G0_001,b659998af42043e56e0b553ed5996d5ba6ebd6d457c712411d87b5bbc4cad4d1,旧共享表复算；这是冻结表征后的logistic probe，不是原监督CNN head。
G0,legacy_refit_probe_right_post,R_SIM,P_bal,,legacy_logistic_probe,raw,brier,0.4996994043879056,,,60.0,,47175.0,,unitless,source aggregate; no new pooling,source fixed predictions; no refit,G0_001,b659998af42043e56e0b553ed5996d5ba6ebd6d457c712411d87b5bbc4cad4d1,旧共享表复算；这是冻结表征后的logistic probe，不是原监督CNN head。
G0,legacy_refit_probe_right_post,R_SIM,P_bal,,legacy_logistic_probe,calibrated,ce_bits,0.9996947067061815,,,60.0,,47175.0,,bits,source aggregate; no new pooling,source fixed predictions; no refit,G0_001,b659998af42043e56e0b553ed5996d5ba6ebd6d457c712411d87b5bbc4cad4d1,旧共享表复算；这是冻结表征后的logistic probe，不是原监督CNN head。
G0,legacy_refit_probe_right_post,R_SIM,P_bal,,legacy_logistic_probe,calibrated,J_bits,0.0003052932938183,,,60.0,,47175.0,,bits,source aggregate; no new pooling,source fixed predictions; no refit,G0_001,b659998af42043e56e0b553ed5996d5ba6ebd6d457c712411d87b5bbc4cad4d1,旧共享表复算；这是冻结表征后的logistic probe，不是原监督CNN head。
G0,legacy_refit_probe_right_post,R_SIM,P_bal,,legacy_logistic_probe,calibrated,bacc,0.5128309643293304,,,60.0,,47175.0,,unitless,source aggregate; no new pooling,source fixed predictions; no refit,G0_001,b659998af42043e56e0b553ed5996d5ba6ebd6d457c712411d87b5bbc4cad4d1,旧共享表复算；这是冻结表征后的logistic probe，不是原监督CNN head。
G0,legacy_refit_probe_right_post,R_SIM,P_bal,,legacy_logistic_probe,calibrated,auroc,0.516512167733302,,,60.0,,47175.0,,unitless,source aggregate; no new pooling,source fixed predictions; no refit,G0_001,b659998af42043e56e0b553ed5996d5ba6ebd6d457c712411d87b5bbc4cad4d1,旧共享表复算；这是冻结表征后的logistic probe，不是原监督CNN head。
G0,legacy_refit_probe_right_post,R_SIM,P_bal,,legacy_logistic_probe,calibrated,brier,0.4997864889419826,,,60.0,,47175.0,,unitless,source aggregate; no new pooling,source fixed predictions; no refit,G0_001,b659998af42043e56e0b553ed5996d5ba6ebd6d457c712411d87b5bbc4cad4d1,旧共享表复算；这是冻结表征后的logistic probe，不是原监督CNN head。
G0,legacy_refit_probe_right_pre,R_SIM,P_bal,,legacy_logistic_probe,raw,ce_bits,1.0001322243176505,,,60.0,,47175.0,,bits,source aggregate; no new pooling,source fixed predictions; no refit,G0_001,b659998af42043e56e0b553ed5996d5ba6ebd6d457c712411d87b5bbc4cad4d1,旧共享表复算；这是冻结表征后的logistic probe，不是原监督CNN head。
G0,legacy_refit_probe_right_pre,R_SIM,P_bal,,legacy_logistic_probe,raw,J_bits,-0.0001322243176504,,,60.0,,47175.0,,bits,source aggregate; no new pooling,source fixed predictions; no refit,G0_001,b659998af42043e56e0b553ed5996d5ba6ebd6d457c712411d87b5bbc4cad4d1,旧共享表复算；这是冻结表征后的logistic probe，不是原监督CNN head。
G0,legacy_refit_probe_right_pre,R_SIM,P_bal,,legacy_logistic_probe,raw,bacc,0.500307381181647,,,60.0,,47175.0,,unitless,source aggregate; no new pooling,source fixed predictions; no refit,G0_001,b659998af42043e56e0b553ed5996d5ba6ebd6d457c712411d87b5bbc4cad4d1,旧共享表复算；这是冻结表征后的logistic probe，不是原监督CNN head。
G0,legacy_refit_probe_right_pre,R_SIM,P_bal,,legacy_logistic_probe,raw,auroc,0.4971339895626266,,,60.0,,47175.0,,unitless,source aggregate; no new pooling,source fixed predictions; no refit,G0_001,b659998af42043e56e0b553ed5996d5ba6ebd6d457c712411d87b5bbc4cad4d1,旧共享表复算；这是冻结表征后的logistic probe，不是原监督CNN head。
G0,legacy_refit_probe_right_pre,R_SIM,P_bal,,legacy_logistic_probe,raw,brier,0.500091634800163,,,60.0,,47175.0,,unitless,source aggregate; no new pooling,source fixed predictions; no refit,G0_001,b659998af42043e56e0b553ed5996d5ba6ebd6d457c712411d87b5bbc4cad4d1,旧共享表复算；这是冻结表征后的logistic probe，不是原监督CNN head。
G0,legacy_refit_probe_right_pre,R_SIM,P_bal,,legacy_logistic_probe,calibrated,ce_bits,1.0000837281326276,,,60.0,,47175.0,,bits,source aggregate; no new pooling,source fixed predictions; no refit,G0_001,b659998af42043e56e0b553ed5996d5ba6ebd6d457c712411d87b5bbc4cad4d1,旧共享表复算；这是冻结表征后的logistic probe，不是原监督CNN head。
G0,legacy_refit_probe_right_pre,R_SIM,P_bal,,legacy_logistic_probe,calibrated,J_bits,-8.372813262758072e-05,,,60.0,,47175.0,,bits,source aggregate; no new pooling,source fixed predictions; no refit,G0_001,b659998af42043e56e0b553ed5996d5ba6ebd6d457c712411d87b5bbc4cad4d1,旧共享表复算；这是冻结表征后的logistic probe，不是原监督CNN head。
G0,legacy_refit_probe_right_pre,R_SIM,P_bal,,legacy_logistic_probe,calibrated,bacc,0.500307381181647,,,60.0,,47175.0,,unitless,source aggregate; no new pooling,source fixed predictions; no refit,G0_001,b659998af42043e56e0b553ed5996d5ba6ebd6d457c712411d87b5bbc4cad4d1,旧共享表复算；这是冻结表征后的logistic probe，不是原监督CNN head。
G0,legacy_refit_probe_right_pre,R_SIM,P_bal,,legacy_logistic_probe,calibrated,auroc,0.4971339895626266,,,60.0,,47175.0,,unitless,source aggregate; no new pooling,source fixed predictions; no refit,G0_001,b659998af42043e56e0b553ed5996d5ba6ebd6d457c712411d87b5bbc4cad4d1,旧共享表复算；这是冻结表征后的logistic probe，不是原监督CNN head。
G0,legacy_refit_probe_right_pre,R_SIM,P_bal,,legacy_logistic_probe,calibrated,brier,0.5000580263059432,,,60.0,,47175.0,,unitless,source aggregate; no new pooling,source fixed predictions; no refit,G0_001,b659998af42043e56e0b553ed5996d5ba6ebd6d457c712411d87b5bbc4cad4d1,旧共享表复算；这是冻结表征后的logistic probe，不是原监督CNN head。
G0,original_head_TRAIN_DIAGNOSTIC_fold0,R_SUP_ORIGINAL_HEAD,P_bal,,original_supervised_head,raw,ce_bits_stable,0.9833225562112436,,,46.0,,34182.0,,unitless,source aggregate; no new pooling,source fixed predictions; no refit,G0_001,b659998af42043e56e0b553ed5996d5ba6ebd6d457c712411d87b5bbc4cad4d1,训练组分数仅优化诊断；与OUTER_SHARED及重新拟合probe分列，不进行跨训练折平均。
G0,original_head_TRAIN_DIAGNOSTIC_fold0,R_SUP_ORIGINAL_HEAD,P_bal,,original_supervised_head,raw,bacc,0.5608197397617379,,,46.0,,34182.0,,unitless,source aggregate; no new pooling,source fixed predictions; no refit,G0_001,b659998af42043e56e0b553ed5996d5ba6ebd6d457c712411d87b5bbc4cad4d1,训练组分数仅优化诊断；与OUTER_SHARED及重新拟合probe分列，不进行跨训练折平均。
G0,original_head_TRAIN_DIAGNOSTIC_fold0,R_SUP_ORIGINAL_HEAD,P_bal,,original_supervised_head,raw,auroc,0.594922259131263,,,46.0,,34182.0,,unitless,source aggregate; no new pooling,source fixed predictions; no refit,G0_001,b659998af42043e56e0b553ed5996d5ba6ebd6d457c712411d87b5bbc4cad4d1,训练组分数仅优化诊断；与OUTER_SHARED及重新拟合probe分列，不进行跨训练折平均。
G0,original_head_TRAIN_DIAGNOSTIC_fold0,R_SUP_ORIGINAL_HEAD,P_bal,,original_supervised_head,raw,brier,0.4885599226601556,,,46.0,,34182.0,,unitless,source aggregate; no new pooling,source fixed predictions; no refit,G0_001,b659998af42043e56e0b553ed5996d5ba6ebd6d457c712411d87b5bbc4cad4d1,训练组分数仅优化诊断；与OUTER_SHARED及重新拟合probe分列，不进行跨训练折平均。
G0,original_head_OUTER_SHARED_fold0,R_SUP_ORIGINAL_HEAD,P_bal,,original_supervised_head,raw,ce_bits_stable,1.0055532444849589,,,12.0,,9781.0,,unitless,source aggregate; no new pooling,source fixed predictions; no refit,G0_001,b659998af42043e56e0b553ed5996d5ba6ebd6d457c712411d87b5bbc4cad4d1,训练组分数仅优化诊断；与OUTER_SHARED及重新拟合probe分列，不进行跨训练折平均。
G0,original_head_OUTER_SHARED_fold0,R_SUP_ORIGINAL_HEAD,P_bal,,original_supervised_head,raw,bacc,0.5184335535132054,,,12.0,,9781.0,,unitless,source aggregate; no new pooling,source fixed predictions; no refit,G0_001,b659998af42043e56e0b553ed5996d5ba6ebd6d457c712411d87b5bbc4cad4d1,训练组分数仅优化诊断；与OUTER_SHARED及重新拟合probe分列，不进行跨训练折平均。
G0,original_head_OUTER_SHARED_fold0,R_SUP_ORIGINAL_HEAD,P_bal,,original_supervised_head,raw,auroc,0.531630309429911,,,12.0,,9781.0,,unitless,source aggregate; no new pooling,source fixed predictions; no refit,G0_001,b659998af42043e56e0b553ed5996d5ba6ebd6d457c712411d87b5bbc4cad4d1,训练组分数仅优化诊断；与OUTER_SHARED及重新拟合probe分列，不进行跨训练折平均。
G0,original_head_OUTER_SHARED_fold0,R_SUP_ORIGINAL_HEAD,P_bal,,original_supervised_head,raw,brier,0.5036500641253762,,,12.0,,9781.0,,unitless,source aggregate; no new pooling,source fixed predictions; no refit,G0_001,b659998af42043e56e0b553ed5996d5ba6ebd6d457c712411d87b5bbc4cad4d1,训练组分数仅优化诊断；与OUTER_SHARED及重新拟合probe分列，不进行跨训练折平均。
G0,original_head_TRAIN_DIAGNOSTIC_fold1,R_SUP_ORIGINAL_HEAD,P_bal,,original_supervised_head,raw,ce_bits_stable,0.9793549398924872,,,47.0,,35456.0,,unitless,source aggregate; no new pooling,source fixed predictions; no refit,G0_001,b659998af42043e56e0b553ed5996d5ba6ebd6d457c712411d87b5bbc4cad4d1,训练组分数仅优化诊断；与OUTER_SHARED及重新拟合probe分列，不进行跨训练折平均。
G0,original_head_TRAIN_DIAGNOSTIC_fold1,R_SUP_ORIGINAL_HEAD,P_bal,,original_supervised_head,raw,bacc,0.5651797745243284,,,47.0,,35456.0,,unitless,source aggregate; no new pooling,source fixed predictions; no refit,G0_001,b659998af42043e56e0b553ed5996d5ba6ebd6d457c712411d87b5bbc4cad4d1,训练组分数仅优化诊断；与OUTER_SHARED及重新拟合probe分列，不进行跨训练折平均。
G0,original_head_TRAIN_DIAGNOSTIC_fold1,R_SUP_ORIGINAL_HEAD,P_bal,,original_supervised_head,raw,auroc,0.5960652821721979,,,47.0,,35456.0,,unitless,source aggregate; no new pooling,source fixed predictions; no refit,G0_001,b659998af42043e56e0b553ed5996d5ba6ebd6d457c712411d87b5bbc4cad4d1,训练组分数仅优化诊断；与OUTER_SHARED及重新拟合probe分列，不进行跨训练折平均。
G0,original_head_TRAIN_DIAGNOSTIC_fold1,R_SUP_ORIGINAL_HEAD,P_bal,,original_supervised_head,raw,brier,0.4858838066327517,,,47.0,,35456.0,,unitless,source aggregate; no new pooling,source fixed predictions; no refit,G0_001,b659998af42043e56e0b553ed5996d5ba6ebd6d457c712411d87b5bbc4cad4d1,训练组分数仅优化诊断；与OUTER_SHARED及重新拟合probe分列，不进行跨训练折平均。
G0,original_head_OUTER_SHARED_fold1,R_SUP_ORIGINAL_HEAD,P_bal,,original_supervised_head,raw,ce_bits_stable,1.007805463454801,,,11.0,,8507.0,,unitless,source aggregate; no new pooling,source fixed predictions; no refit,G0_001,b659998af42043e56e0b553ed5996d5ba6ebd6d457c712411d87b5bbc4cad4d1,训练组分数仅优化诊断；与OUTER_SHARED及重新拟合probe分列，不进行跨训练折平均。
G0,original_head_OUTER_SHARED_fold1,R_SUP_ORIGINAL_HEAD,P_bal,,original_supervised_head,raw,bacc,0.5114387556247821,,,11.0,,8507.0,,unitless,source aggregate; no new pooling,source fixed predictions; no refit,G0_001,b659998af42043e56e0b553ed5996d5ba6ebd6d457c712411d87b5bbc4cad4d1,训练组分数仅优化诊断；与OUTER_SHARED及重新拟合probe分列，不进行跨训练折平均。
G0,original_head_OUTER_SHARED_fold1,R_SUP_ORIGINAL_HEAD,P_bal,,original_supervised_head,raw,auroc,0.5220984490697153,,,11.0,,8507.0,,unitless,source aggregate; no new pooling,source fixed predictions; no refit,G0_001,b659998af42043e56e0b553ed5996d5ba6ebd6d457c712411d87b5bbc4cad4d1,训练组分数仅优化诊断；与OUTER_SHARED及重新拟合probe分列，不进行跨训练折平均。
G0,original_head_OUTER_SHARED_fold1,R_SUP_ORIGINAL_HEAD,P_bal,,original_supervised_head,raw,brier,0.5051961766401113,,,11.0,,8507.0,,unitless,source aggregate; no new pooling,source fixed predictions; no refit,G0_001,b659998af42043e56e0b553ed5996d5ba6ebd6d457c712411d87b5bbc4cad4d1,训练组分数仅优化诊断；与OUTER_SHARED及重新拟合probe分列，不进行跨训练折平均。
G0,original_head_TRAIN_DIAGNOSTIC_fold2,R_SUP_ORIGINAL_HEAD,P_bal,,original_supervised_head,raw,ce_bits_stable,0.976132836841738,,,47.0,,35639.0,,unitless,source aggregate; no new pooling,source fixed predictions; no refit,G0_001,b659998af42043e56e0b553ed5996d5ba6ebd6d457c712411d87b5bbc4cad4d1,训练组分数仅优化诊断；与OUTER_SHARED及重新拟合probe分列，不进行跨训练折平均。
G0,original_head_TRAIN_DIAGNOSTIC_fold2,R_SUP_ORIGINAL_HEAD,P_bal,,original_supervised_head,raw,bacc,0.5756753379472264,,,47.0,,35639.0,,unitless,source aggregate; no new pooling,source fixed predictions; no refit,G0_001,b659998af42043e56e0b553ed5996d5ba6ebd6d457c712411d87b5bbc4cad4d1,训练组分数仅优化诊断；与OUTER_SHARED及重新拟合probe分列，不进行跨训练折平均。
G0,original_head_TRAIN_DIAGNOSTIC_fold2,R_SUP_ORIGINAL_HEAD,P_bal,,original_supervised_head,raw,auroc,0.6057823613729959,,,47.0,,35639.0,,unitless,source aggregate; no new pooling,source fixed predictions; no refit,G0_001,b659998af42043e56e0b553ed5996d5ba6ebd6d457c712411d87b5bbc4cad4d1,训练组分数仅优化诊断；与OUTER_SHARED及重新拟合probe分列，不进行跨训练折平均。
G0,original_head_TRAIN_DIAGNOSTIC_fold2,R_SUP_ORIGINAL_HEAD,P_bal,,original_supervised_head,raw,brier,0.4836755777970758,,,47.0,,35639.0,,unitless,source aggregate; no new pooling,source fixed predictions; no refit,G0_001,b659998af42043e56e0b553ed5996d5ba6ebd6d457c712411d87b5bbc4cad4d1,训练组分数仅优化诊断；与OUTER_SHARED及重新拟合probe分列，不进行跨训练折平均。
G0,original_head_OUTER_SHARED_fold2,R_SUP_ORIGINAL_HEAD,P_bal,,original_supervised_head,raw,ce_bits_stable,0.9978967143219892,,,11.0,,8324.0,,unitless,source aggregate; no new pooling,source fixed predictions; no refit,G0_001,b659998af42043e56e0b553ed5996d5ba6ebd6d457c712411d87b5bbc4cad4d1,训练组分数仅优化诊断；与OUTER_SHARED及重新拟合probe分列，不进行跨训练折平均。
G0,original_head_OUTER_SHARED_fold2,R_SUP_ORIGINAL_HEAD,P_bal,,original_supervised_head,raw,bacc,0.5366427595114845,,,11.0,,8324.0,,unitless,source aggregate; no new pooling,source fixed predictions; no refit,G0_001,b659998af42043e56e0b553ed5996d5ba6ebd6d457c712411d87b5bbc4cad4d1,训练组分数仅优化诊断；与OUTER_SHARED及重新拟合probe分列，不进行跨训练折平均。
G0,original_head_OUTER_SHARED_fold2,R_SUP_ORIGINAL_HEAD,P_bal,,original_supervised_head,raw,auroc,0.5500958268617133,,,11.0,,8324.0,,unitless,source aggregate; no new pooling,source fixed predictions; no refit,G0_001,b659998af42043e56e0b553ed5996d5ba6ebd6d457c712411d87b5bbc4cad4d1,训练组分数仅优化诊断；与OUTER_SHARED及重新拟合probe分列，不进行跨训练折平均。
G0,original_head_OUTER_SHARED_fold2,R_SUP_ORIGINAL_HEAD,P_bal,,original_supervised_head,raw,brier,0.4984193239117646,,,11.0,,8324.0,,unitless,source aggregate; no new pooling,source fixed predictions; no refit,G0_001,b659998af42043e56e0b553ed5996d5ba6ebd6d457c712411d87b5bbc4cad4d1,训练组分数仅优化诊断；与OUTER_SHARED及重新拟合probe分列，不进行跨训练折平均。
G0,original_head_TRAIN_DIAGNOSTIC_fold3,R_SUP_ORIGINAL_HEAD,P_bal,,original_supervised_head,raw,ce_bits_stable,0.986654133910019,,,46.0,,35010.0,,unitless,source aggregate; no new pooling,source fixed predictions; no refit,G0_001,b659998af42043e56e0b553ed5996d5ba6ebd6d457c712411d87b5bbc4cad4d1,训练组分数仅优化诊断；与OUTER_SHARED及重新拟合probe分列，不进行跨训练折平均。
G0,original_head_TRAIN_DIAGNOSTIC_fold3,R_SUP_ORIGINAL_HEAD,P_bal,,original_supervised_head,raw,bacc,0.5512382408822525,,,46.0,,35010.0,,unitless,source aggregate; no new pooling,source fixed predictions; no refit,G0_001,b659998af42043e56e0b553ed5996d5ba6ebd6d457c712411d87b5bbc4cad4d1,训练组分数仅优化诊断；与OUTER_SHARED及重新拟合probe分列，不进行跨训练折平均。
G0,original_head_TRAIN_DIAGNOSTIC_fold3,R_SUP_ORIGINAL_HEAD,P_bal,,original_supervised_head,raw,auroc,0.5911279875916721,,,46.0,,35010.0,,unitless,source aggregate; no new pooling,source fixed predictions; no refit,G0_001,b659998af42043e56e0b553ed5996d5ba6ebd6d457c712411d87b5bbc4cad4d1,训练组分数仅优化诊断；与OUTER_SHARED及重新拟合probe分列，不进行跨训练折平均。
G0,original_head_TRAIN_DIAGNOSTIC_fold3,R_SUP_ORIGINAL_HEAD,P_bal,,original_supervised_head,raw,brier,0.4908434433881625,,,46.0,,35010.0,,unitless,source aggregate; no new pooling,source fixed predictions; no refit,G0_001,b659998af42043e56e0b553ed5996d5ba6ebd6d457c712411d87b5bbc4cad4d1,训练组分数仅优化诊断；与OUTER_SHARED及重新拟合probe分列，不进行跨训练折平均。
G0,original_head_OUTER_SHARED_fold3,R_SUP_ORIGINAL_HEAD,P_bal,,original_supervised_head,raw,ce_bits_stable,1.0053856155228704,,,12.0,,8953.0,,unitless,source aggregate; no new pooling,source fixed predictions; no refit,G0_001,b659998af42043e56e0b553ed5996d5ba6ebd6d457c712411d87b5bbc4cad4d1,训练组分数仅优化诊断；与OUTER_SHARED及重新拟合probe分列，不进行跨训练折平均。
G0,original_head_OUTER_SHARED_fold3,R_SUP_ORIGINAL_HEAD,P_bal,,original_supervised_head,raw,bacc,0.5158964133698111,,,12.0,,8953.0,,unitless,source aggregate; no new pooling,source fixed predictions; no refit,G0_001,b659998af42043e56e0b553ed5996d5ba6ebd6d457c712411d87b5bbc4cad4d1,训练组分数仅优化诊断；与OUTER_SHARED及重新拟合probe分列，不进行跨训练折平均。
G0,original_head_OUTER_SHARED_fold3,R_SUP_ORIGINAL_HEAD,P_bal,,original_supervised_head,raw,auroc,0.5322896850061525,,,12.0,,8953.0,,unitless,source aggregate; no new pooling,source fixed predictions; no refit,G0_001,b659998af42043e56e0b553ed5996d5ba6ebd6d457c712411d87b5bbc4cad4d1,训练组分数仅优化诊断；与OUTER_SHARED及重新拟合probe分列，不进行跨训练折平均。
G0,original_head_OUTER_SHARED_fold3,R_SUP_ORIGINAL_HEAD,P_bal,,original_supervised_head,raw,brier,0.5036165388565301,,,12.0,,8953.0,,unitless,source aggregate; no new pooling,source fixed predictions; no refit,G0_001,b659998af42043e56e0b553ed5996d5ba6ebd6d457c712411d87b5bbc4cad4d1,训练组分数仅优化诊断；与OUTER_SHARED及重新拟合probe分列，不进行跨训练折平均。
G0,original_head_TRAIN_DIAGNOSTIC_fold4,R_SUP_ORIGINAL_HEAD,P_bal,,original_supervised_head,raw,ce_bits_stable,0.977782086798661,,,46.0,,35565.0,,unitless,source aggregate; no new pooling,source fixed predictions; no refit,G0_001,b659998af42043e56e0b553ed5996d5ba6ebd6d457c712411d87b5bbc4cad4d1,训练组分数仅优化诊断；与OUTER_SHARED及重新拟合probe分列，不进行跨训练折平均。
G0,original_head_TRAIN_DIAGNOSTIC_fold4,R_SUP_ORIGINAL_HEAD,P_bal,,original_supervised_head,raw,bacc,0.5728085158903687,,,46.0,,35565.0,,unitless,source aggregate; no new pooling,source fixed predictions; no refit,G0_001,b659998af42043e56e0b553ed5996d5ba6ebd6d457c712411d87b5bbc4cad4d1,训练组分数仅优化诊断；与OUTER_SHARED及重新拟合probe分列，不进行跨训练折平均。
G0,original_head_TRAIN_DIAGNOSTIC_fold4,R_SUP_ORIGINAL_HEAD,P_bal,,original_supervised_head,raw,auroc,0.60107108458839,,,46.0,,35565.0,,unitless,source aggregate; no new pooling,source fixed predictions; no refit,G0_001,b659998af42043e56e0b553ed5996d5ba6ebd6d457c712411d87b5bbc4cad4d1,训练组分数仅优化诊断；与OUTER_SHARED及重新拟合probe分列，不进行跨训练折平均。
G0,original_head_TRAIN_DIAGNOSTIC_fold4,R_SUP_ORIGINAL_HEAD,P_bal,,original_supervised_head,raw,brier,0.4847976297508622,,,46.0,,35565.0,,unitless,source aggregate; no new pooling,source fixed predictions; no refit,G0_001,b659998af42043e56e0b553ed5996d5ba6ebd6d457c712411d87b5bbc4cad4d1,训练组分数仅优化诊断；与OUTER_SHARED及重新拟合probe分列，不进行跨训练折平均。
G0,original_head_OUTER_SHARED_fold4,R_SUP_ORIGINAL_HEAD,P_bal,,original_supervised_head,raw,ce_bits_stable,1.010329128693136,,,12.0,,8398.0,,unitless,source aggregate; no new pooling,source fixed predictions; no refit,G0_001,b659998af42043e56e0b553ed5996d5ba6ebd6d457c712411d87b5bbc4cad4d1,训练组分数仅优化诊断；与OUTER_SHARED及重新拟合probe分列，不进行跨训练折平均。
G0,original_head_OUTER_SHARED_fold4,R_SUP_ORIGINAL_HEAD,P_bal,,original_supervised_head,raw,bacc,0.5140455281457575,,,12.0,,8398.0,,unitless,source aggregate; no new pooling,source fixed predictions; no refit,G0_001,b659998af42043e56e0b553ed5996d5ba6ebd6d457c712411d87b5bbc4cad4d1,训练组分数仅优化诊断；与OUTER_SHARED及重新拟合probe分列，不进行跨训练折平均。
G0,original_head_OUTER_SHARED_fold4,R_SUP_ORIGINAL_HEAD,P_bal,,original_supervised_head,raw,auroc,0.518338267509971,,,12.0,,8398.0,,unitless,source aggregate; no new pooling,source fixed predictions; no refit,G0_001,b659998af42043e56e0b553ed5996d5ba6ebd6d457c712411d87b5bbc4cad4d1,训练组分数仅优化诊断；与OUTER_SHARED及重新拟合probe分列，不进行跨训练折平均。
G0,original_head_OUTER_SHARED_fold4,R_SUP_ORIGINAL_HEAD,P_bal,,original_supervised_head,raw,brier,0.5068625013141261,,,12.0,,8398.0,,unitless,source aggregate; no new pooling,source fixed predictions; no refit,G0_001,b659998af42043e56e0b553ed5996d5ba6ebd6d457c712411d87b5bbc4cad4d1,训练组分数仅优化诊断；与OUTER_SHARED及重新拟合probe分列，不进行跨训练折平均。
C2_S,six_view_spatial,L0,P_bal,FULL20,logistic,calibrated,ce_bits,0.997891666700872,,,,,,,bits,source aggregate; no new pooling,source fixed predictions; no refit,C2S_core_001,a1ef8cf32b38a3547e7f1bf3560ec6ebbebed985afdcae84659bca9e2d626baa,
C2_S,six_view_spatial,L0,P_bal,FULL20,logistic,calibrated,J_bits,0.0021083332991279,,,,,,,bits,source aggregate; no new pooling,source fixed predictions; no refit,C2S_core_001,a1ef8cf32b38a3547e7f1bf3560ec6ebbebed985afdcae84659bca9e2d626baa,
C2_S,six_view_spatial,L0,P_bal,FULL20,logistic,calibrated,bacc,0.5292440857825536,,,,,,,unitless,source aggregate; no new pooling,source fixed predictions; no refit,C2S_core_001,a1ef8cf32b38a3547e7f1bf3560ec6ebbebed985afdcae84659bca9e2d626baa,
C2_S,six_view_spatial,L0,P_bal,FULL20,logistic,calibrated,auroc,0.5381600513847324,,,,,,,unitless,source aggregate; no new pooling,source fixed predictions; no refit,C2S_core_001,a1ef8cf32b38a3547e7f1bf3560ec6ebbebed985afdcae84659bca9e2d626baa,
C2_S,six_view_spatial,L0,P_bal,FULL20,logistic,calibrated,brier,0.4985277997490844,,,,,,,unitless,source aggregate; no new pooling,source fixed predictions; no refit,C2S_core_001,a1ef8cf32b38a3547e7f1bf3560ec6ebbebed985afdcae84659bca9e2d626baa,
C2_S,six_view_spatial,L0,P_bal,FULL20,logistic,raw,ce_bits,0.9979365932894618,,,,,,,bits,source aggregate; no new pooling,source fixed predictions; no refit,C2S_core_001,a1ef8cf32b38a3547e7f1bf3560ec6ebbebed985afdcae84659bca9e2d626baa,
C2_S,six_view_spatial,L0,P_bal,FULL20,logistic,raw,J_bits,0.0020634067105381,,,,,,,bits,source aggregate; no new pooling,source fixed predictions; no refit,C2S_core_001,a1ef8cf32b38a3547e7f1bf3560ec6ebbebed985afdcae84659bca9e2d626baa,
C2_S,six_view_spatial,L0,P_bal,FULL20,logistic,raw,bacc,0.5292440857825536,,,,,,,unitless,source aggregate; no new pooling,source fixed predictions; no refit,C2S_core_001,a1ef8cf32b38a3547e7f1bf3560ec6ebbebed985afdcae84659bca9e2d626baa,
C2_S,six_view_spatial,L0,P_bal,FULL20,logistic,raw,auroc,0.5381600513847324,,,,,,,unitless,source aggregate; no new pooling,source fixed predictions; no refit,C2S_core_001,a1ef8cf32b38a3547e7f1bf3560ec6ebbebed985afdcae84659bca9e2d626baa,
C2_S,six_view_spatial,L0,P_bal,FULL20,logistic,raw,brier,0.4985689037941552,,,,,,,unitless,source aggregate; no new pooling,source fixed predictions; no refit,C2S_core_001,a1ef8cf32b38a3547e7f1bf3560ec6ebbebed985afdcae84659bca9e2d626baa,
C2_S,six_view_spatial,L0,P_bal,S0,logistic,calibrated,ce_bits,0.9979101685773324,,,,,,,bits,source aggregate; no new pooling,source fixed predictions; no refit,C2S_core_001,a1ef8cf32b38a3547e7f1bf3560ec6ebbebed985afdcae84659bca9e2d626baa,
C2_S,six_view_spatial,L0,P_bal,S0,logistic,calibrated,J_bits,0.0020898314226677,,,,,,,bits,source aggregate; no new pooling,source fixed predictions; no refit,C2S_core_001,a1ef8cf32b38a3547e7f1bf3560ec6ebbebed985afdcae84659bca9e2d626baa,
C2_S,six_view_spatial,L0,P_bal,S0,logistic,calibrated,bacc,0.5298939652081095,,,,,,,unitless,source aggregate; no new pooling,source fixed predictions; no refit,C2S_core_001,a1ef8cf32b38a3547e7f1bf3560ec6ebbebed985afdcae84659bca9e2d626baa,
C2_S,six_view_spatial,L0,P_bal,S0,logistic,calibrated,auroc,0.5384101558578305,,,,,,,unitless,source aggregate; no new pooling,source fixed predictions; no refit,C2S_core_001,a1ef8cf32b38a3547e7f1bf3560ec6ebbebed985afdcae84659bca9e2d626baa,
C2_S,six_view_spatial,L0,P_bal,S0,logistic,calibrated,brier,0.49854588769892,,,,,,,unitless,source aggregate; no new pooling,source fixed predictions; no refit,C2S_core_001,a1ef8cf32b38a3547e7f1bf3560ec6ebbebed985afdcae84659bca9e2d626baa,
C2_S,six_view_spatial,L0,P_bal,S0,logistic,raw,ce_bits,0.9983256472097056,,,,,,,bits,source aggregate; no new pooling,source fixed predictions; no refit,C2S_core_001,a1ef8cf32b38a3547e7f1bf3560ec6ebbebed985afdcae84659bca9e2d626baa,
C2_S,six_view_spatial,L0,P_bal,S0,logistic,raw,J_bits,0.0016743527902943,,,,,,,bits,source aggregate; no new pooling,source fixed predictions; no refit,C2S_core_001,a1ef8cf32b38a3547e7f1bf3560ec6ebbebed985afdcae84659bca9e2d626baa,
C2_S,six_view_spatial,L0,P_bal,S0,logistic,raw,bacc,0.5298939652081095,,,,,,,unitless,source aggregate; no new pooling,source fixed predictions; no refit,C2S_core_001,a1ef8cf32b38a3547e7f1bf3560ec6ebbebed985afdcae84659bca9e2d626baa,
C2_S,six_view_spatial,L0,P_bal,S0,logistic,raw,auroc,0.5384101558578305,,,,,,,unitless,source aggregate; no new pooling,source fixed predictions; no refit,C2S_core_001,a1ef8cf32b38a3547e7f1bf3560ec6ebbebed985afdcae84659bca9e2d626baa,
C2_S,six_view_spatial,L0,P_bal,S0,logistic,raw,brier,0.4988208601697216,,,,,,,unitless,source aggregate; no new pooling,source fixed predictions; no refit,C2S_core_001,a1ef8cf32b38a3547e7f1bf3560ec6ebbebed985afdcae84659bca9e2d626baa,
C2_S,six_view_spatial,L0,P_bal,S0_DUP_S1,logistic,calibrated,ce_bits,0.9979899944136092,,,,,,,bits,source aggregate; no new pooling,source fixed predictions; no refit,C2S_core_001,a1ef8cf32b38a3547e7f1bf3560ec6ebbebed985afdcae84659bca9e2d626baa,
C2_S,six_view_spatial,L0,P_bal,S0_DUP_S1,logistic,calibrated,J_bits,0.0020100055863909,,,,,,,bits,source aggregate; no new pooling,source fixed predictions; no refit,C2S_core_001,a1ef8cf32b38a3547e7f1bf3560ec6ebbebed985afdcae84659bca9e2d626baa,
C2_S,six_view_spatial,L0,P_bal,S0_DUP_S1,logistic,calibrated,bacc,0.5304283058214708,,,,,,,unitless,source aggregate; no new pooling,source fixed predictions; no refit,C2S_core_001,a1ef8cf32b38a3547e7f1bf3560ec6ebbebed985afdcae84659bca9e2d626baa,
C2_S,six_view_spatial,L0,P_bal,S0_DUP_S1,logistic,calibrated,auroc,0.538105519871912,,,,,,,unitless,source aggregate; no new pooling,source fixed predictions; no refit,C2S_core_001,a1ef8cf32b38a3547e7f1bf3560ec6ebbebed985afdcae84659bca9e2d626baa,
C2_S,six_view_spatial,L0,P_bal,S0_DUP_S1,logistic,calibrated,brier,0.4986013182874466,,,,,,,unitless,source aggregate; no new pooling,source fixed predictions; no refit,C2S_core_001,a1ef8cf32b38a3547e7f1bf3560ec6ebbebed985afdcae84659bca9e2d626baa,
C2_S,six_view_spatial,L0,P_bal,S0_DUP_S1,logistic,raw,ce_bits,0.9983569490961284,,,,,,,bits,source aggregate; no new pooling,source fixed predictions; no refit,C2S_core_001,a1ef8cf32b38a3547e7f1bf3560ec6ebbebed985afdcae84659bca9e2d626baa,
C2_S,six_view_spatial,L0,P_bal,S0_DUP_S1,logistic,raw,J_bits,0.0016430509038718,,,,,,,bits,source aggregate; no new pooling,source fixed predictions; no refit,C2S_core_001,a1ef8cf32b38a3547e7f1bf3560ec6ebbebed985afdcae84659bca9e2d626baa,
C2_S,six_view_spatial,L0,P_bal,S0_DUP_S1,logistic,raw,bacc,0.5304283058214708,,,,,,,unitless,source aggregate; no new pooling,source fixed predictions; no refit,C2S_core_001,a1ef8cf32b38a3547e7f1bf3560ec6ebbebed985afdcae84659bca9e2d626baa,
C2_S,six_view_spatial,L0,P_bal,S0_DUP_S1,logistic,raw,auroc,0.538105519871912,,,,,,,unitless,source aggregate; no new pooling,source fixed predictions; no refit,C2S_core_001,a1ef8cf32b38a3547e7f1bf3560ec6ebbebed985afdcae84659bca9e2d626baa,
C2_S,six_view_spatial,L0,P_bal,S0_DUP_S1,logistic,raw,brier,0.498841894570636,,,,,,,unitless,source aggregate; no new pooling,source fixed predictions; no refit,C2S_core_001,a1ef8cf32b38a3547e7f1bf3560ec6ebbebed985afdcae84659bca9e2d626baa,
C2_S,six_view_spatial,L0,P_bal,S0_DUP_S2,logistic,calibrated,ce_bits,0.998125993422698,,,,,,,bits,source aggregate; no new pooling,source fixed predictions; no refit,C2S_core_001,a1ef8cf32b38a3547e7f1bf3560ec6ebbebed985afdcae84659bca9e2d626baa,
C2_S,six_view_spatial,L0,P_bal,S0_DUP_S2,logistic,calibrated,J_bits,0.0018740065773018,,,,,,,bits,source aggregate; no new pooling,source fixed predictions; no refit,C2S_core_001,a1ef8cf32b38a3547e7f1bf3560ec6ebbebed985afdcae84659bca9e2d626baa,
C2_S,six_view_spatial,L0,P_bal,S0_DUP_S2,logistic,calibrated,bacc,0.5284490630779783,,,,,,,unitless,source aggregate; no new pooling,source fixed predictions; no refit,C2S_core_001,a1ef8cf32b38a3547e7f1bf3560ec6ebbebed985afdcae84659bca9e2d626baa,
C2_S,six_view_spatial,L0,P_bal,S0_DUP_S2,logistic,calibrated,auroc,0.5367051211182179,,,,,,,unitless,source aggregate; no new pooling,source fixed predictions; no refit,C2S_core_001,a1ef8cf32b38a3547e7f1bf3560ec6ebbebed985afdcae84659bca9e2d626baa,
C2_S,six_view_spatial,L0,P_bal,S0_DUP_S2,logistic,calibrated,brier,0.4986931760861442,,,,,,,unitless,source aggregate; no new pooling,source fixed predictions; no refit,C2S_core_001,a1ef8cf32b38a3547e7f1bf3560ec6ebbebed985afdcae84659bca9e2d626baa,
C2_S,six_view_spatial,L0,P_bal,S0_DUP_S2,logistic,raw,ce_bits,0.9979670904258549,,,,,,,bits,source aggregate; no new pooling,source fixed predictions; no refit,C2S_core_001,a1ef8cf32b38a3547e7f1bf3560ec6ebbebed985afdcae84659bca9e2d626baa,
C2_S,six_view_spatial,L0,P_bal,S0_DUP_S2,logistic,raw,J_bits,0.0020329095741451,,,,,,,bits,source aggregate; no new pooling,source fixed predictions; no refit,C2S_core_001,a1ef8cf32b38a3547e7f1bf3560ec6ebbebed985afdcae84659bca9e2d626baa,
C2_S,six_view_spatial,L0,P_bal,S0_DUP_S2,logistic,raw,bacc,0.5284490630779783,,,,,,,unitless,source aggregate; no new pooling,source fixed predictions; no refit,C2S_core_001,a1ef8cf32b38a3547e7f1bf3560ec6ebbebed985afdcae84659bca9e2d626baa,
C2_S,six_view_spatial,L0,P_bal,S0_DUP_S2,logistic,raw,auroc,0.5367051211182179,,,,,,,unitless,source aggregate; no new pooling,source fixed predictions; no refit,C2S_core_001,a1ef8cf32b38a3547e7f1bf3560ec6ebbebed985afdcae84659bca9e2d626baa,
C2_S,six_view_spatial,L0,P_bal,S0_DUP_S2,logistic,raw,brier,0.498590301296902,,,,,,,unitless,source aggregate; no new pooling,source fixed predictions; no refit,C2S_core_001,a1ef8cf32b38a3547e7f1bf3560ec6ebbebed985afdcae84659bca9e2d626baa,
C2_S,six_view_spatial,L0,P_bal,S1,logistic,calibrated,ce_bits,0.9981480415726328,,,,,,,bits,source aggregate; no new pooling,source fixed predictions; no refit,C2S_core_001,a1ef8cf32b38a3547e7f1bf3560ec6ebbebed985afdcae84659bca9e2d626baa,
C2_S,six_view_spatial,L0,P_bal,S1,logistic,calibrated,J_bits,0.0018519584273672,,,,,,,bits,source aggregate; no new pooling,source fixed predictions; no refit,C2S_core_001,a1ef8cf32b38a3547e7f1bf3560ec6ebbebed985afdcae84659bca9e2d626baa,
C2_S,six_view_spatial,L0,P_bal,S1,logistic,calibrated,bacc,0.5256788752491391,,,,,,,unitless,source aggregate; no new pooling,source fixed predictions; no refit,C2S_core_001,a1ef8cf32b38a3547e7f1bf3560ec6ebbebed985afdcae84659bca9e2d626baa,
C2_S,six_view_spatial,L0,P_bal,S1,logistic,calibrated,auroc,0.5361305241944758,,,,,,,unitless,source aggregate; no new pooling,source fixed predictions; no refit,C2S_core_001,a1ef8cf32b38a3547e7f1bf3560ec6ebbebed985afdcae84659bca9e2d626baa,
C2_S,six_view_spatial,L0,P_bal,S1,logistic,calibrated,brier,0.4987116589646391,,,,,,,unitless,source aggregate; no new pooling,source fixed predictions; no refit,C2S_core_001,a1ef8cf32b38a3547e7f1bf3560ec6ebbebed985afdcae84659bca9e2d626baa,
C2_S,six_view_spatial,L0,P_bal,S1,logistic,raw,ce_bits,0.9980594543121892,,,,,,,bits,source aggregate; no new pooling,source fixed predictions; no refit,C2S_core_001,a1ef8cf32b38a3547e7f1bf3560ec6ebbebed985afdcae84659bca9e2d626baa,
C2_S,six_view_spatial,L0,P_bal,S1,logistic,raw,J_bits,0.0019405456878107,,,,,,,bits,source aggregate; no new pooling,source fixed predictions; no refit,C2S_core_001,a1ef8cf32b38a3547e7f1bf3560ec6ebbebed985afdcae84659bca9e2d626baa,
C2_S,six_view_spatial,L0,P_bal,S1,logistic,raw,bacc,0.5256788752491391,,,,,,,unitless,source aggregate; no new pooling,source fixed predictions; no refit,C2S_core_001,a1ef8cf32b38a3547e7f1bf3560ec6ebbebed985afdcae84659bca9e2d626baa,
C2_S,six_view_spatial,L0,P_bal,S1,logistic,raw,auroc,0.5361305241944758,,,,,,,unitless,source aggregate; no new pooling,source fixed predictions; no refit,C2S_core_001,a1ef8cf32b38a3547e7f1bf3560ec6ebbebed985afdcae84659bca9e2d626baa,
C2_S,six_view_spatial,L0,P_bal,S1,logistic,raw,brier,0.4986466451037977,,,,,,,unitless,source aggregate; no new pooling,source fixed predictions; no refit,C2S_core_001,a1ef8cf32b38a3547e7f1bf3560ec6ebbebed985afdcae84659bca9e2d626baa,
C2_S,six_view_spatial,L0,P_bal,S2,logistic,calibrated,ce_bits,0.997953974028836,,,,,,,bits,source aggregate; no new pooling,source fixed predictions; no refit,C2S_core_001,a1ef8cf32b38a3547e7f1bf3560ec6ebbebed985afdcae84659bca9e2d626baa,
C2_S,six_view_spatial,L0,P_bal,S2,logistic,calibrated,J_bits,0.0020460259711639,,,,,,,bits,source aggregate; no new pooling,source fixed predictions; no refit,C2S_core_001,a1ef8cf32b38a3547e7f1bf3560ec6ebbebed985afdcae84659bca9e2d626baa,
C2_S,six_view_spatial,L0,P_bal,S2,logistic,calibrated,bacc,0.5274131389405733,,,,,,,unitless,source aggregate; no new pooling,source fixed predictions; no refit,C2S_core_001,a1ef8cf32b38a3547e7f1bf3560ec6ebbebed985afdcae84659bca9e2d626baa,
C2_S,six_view_spatial,L0,P_bal,S2,logistic,calibrated,auroc,0.5386151295746786,,,,,,,unitless,source aggregate; no new pooling,source fixed predictions; no refit,C2S_core_001,a1ef8cf32b38a3547e7f1bf3560ec6ebbebed985afdcae84659bca9e2d626baa,
C2_S,six_view_spatial,L0,P_bal,S2,logistic,calibrated,brier,0.4985692997845406,,,,,,,unitless,source aggregate; no new pooling,source fixed predictions; no refit,C2S_core_001,a1ef8cf32b38a3547e7f1bf3560ec6ebbebed985afdcae84659bca9e2d626baa,
C2_S,six_view_spatial,L0,P_bal,S2,logistic,raw,ce_bits,0.997841287483746,,,,,,,bits,source aggregate; no new pooling,source fixed predictions; no refit,C2S_core_001,a1ef8cf32b38a3547e7f1bf3560ec6ebbebed985afdcae84659bca9e2d626baa,
C2_S,six_view_spatial,L0,P_bal,S2,logistic,raw,J_bits,0.0021587125162539,,,,,,,bits,source aggregate; no new pooling,source fixed predictions; no refit,C2S_core_001,a1ef8cf32b38a3547e7f1bf3560ec6ebbebed985afdcae84659bca9e2d626baa,
C2_S,six_view_spatial,L0,P_bal,S2,logistic,raw,bacc,0.5274131389405733,,,,,,,unitless,source aggregate; no new pooling,source fixed predictions; no refit,C2S_core_001,a1ef8cf32b38a3547e7f1bf3560ec6ebbebed985afdcae84659bca9e2d626baa,
C2_S,six_view_spatial,L0,P_bal,S2,logistic,raw,auroc,0.5386151295746786,,,,,,,unitless,source aggregate; no new pooling,source fixed predictions; no refit,C2S_core_001,a1ef8cf32b38a3547e7f1bf3560ec6ebbebed985afdcae84659bca9e2d626baa,
C2_S,six_view_spatial,L0,P_bal,S2,logistic,raw,brier,0.4985022463794888,,,,,,,unitless,source aggregate; no new pooling,source fixed predictions; no refit,C2S_core_001,a1ef8cf32b38a3547e7f1bf3560ec6ebbebed985afdcae84659bca9e2d626baa,
C2_S,exact_spatial_reconstruction,L0,,,algebra,,max_reconstruction_error,2.842170943040401e-14,,,,60.0,,,microvolt absolute error,source aggregate; no new pooling,source fixed predictions; no refit,C2S_core_001,a1ef8cf32b38a3547e7f1bf3560ec6ebbebed985afdcae84659bca9e2d626baa,
C2_S,exact_spatial_reconstruction,L0,,,algebra,,max_full_epoch_reconstruction_error,2.842170943040401e-14,,,,60.0,,,microvolt absolute error,source aggregate; no new pooling,source fixed predictions; no refit,C2S_core_001,a1ef8cf32b38a3547e7f1bf3560ec6ebbebed985afdcae84659bca9e2d626baa,
C2_S,exact_spatial_reconstruction,L0,,,algebra,,max_19dim_reconstruction_error,1.1368683772161603e-13,,,,60.0,,,microvolt absolute error,source aggregate; no new pooling,source fixed predictions; no refit,C2S_core_001,a1ef8cf32b38a3547e7f1bf3560ec6ebbebed985afdcae84659bca9e2d626baa,
C2_R,complete_repaired_readout_matrix,R_SIM,P_bal,C_L,linear,calibrated,ce_bits,0.9988480781747344,0.997669447872081,1.0000328536479568,60.0,,,,bits,source aggregate; no new pooling,source fixed predictions; no refit,C2R_core_001,b6f774a77024ab430f4c4bbf0d2d0073ce2974929fd011b9c6077457e41c4e2e,
C2_R,complete_repaired_readout_matrix,R_SIM,P_bal,C_LL,linear,calibrated,ce_bits,0.9989432681374832,0.9977818850595468,1.00015167539036,60.0,,,,bits,source aggregate; no new pooling,source fixed predictions; no refit,C2R_core_001,b6f774a77024ab430f4c4bbf0d2d0073ce2974929fd011b9c6077457e41c4e2e,
C2_R,complete_repaired_readout_matrix,R_SIM,P_bal,C_LR,linear,calibrated,ce_bits,0.9990089025751476,0.9976195875025424,1.0004487955656018,60.0,,,,bits,source aggregate; no new pooling,source fixed predictions; no refit,C2R_core_001,b6f774a77024ab430f4c4bbf0d2d0073ce2974929fd011b9c6077457e41c4e2e,
C2_R,complete_repaired_readout_matrix,R_SIM,P_bal,C_R,linear,calibrated,ce_bits,0.9996947069767146,0.998756235829676,1.0007006291170266,60.0,,,,bits,source aggregate; no new pooling,source fixed predictions; no refit,C2R_core_001,b6f774a77024ab430f4c4bbf0d2d0073ce2974929fd011b9c6077457e41c4e2e,
C2_R,complete_repaired_readout_matrix,R_SIM,P_bal,C_RR,linear,calibrated,ce_bits,0.9996373820559944,0.9987181082213952,1.0006154631839792,60.0,,,,bits,source aggregate; no new pooling,source fixed predictions; no refit,C2R_core_001,b6f774a77024ab430f4c4bbf0d2d0073ce2974929fd011b9c6077457e41c4e2e,
C2_R,complete_repaired_readout_matrix,R_SIM,P_bal,C_L,mlp32,calibrated,ce_bits,0.9988133729585262,0.9974949833576922,1.0001338499214496,60.0,,,,bits,source aggregate; no new pooling,source fixed predictions; no refit,C2R_core_001,b6f774a77024ab430f4c4bbf0d2d0073ce2974929fd011b9c6077457e41c4e2e,
C2_R,complete_repaired_readout_matrix,R_SIM,P_bal,C_LL,mlp32,calibrated,ce_bits,0.9988180659178226,0.9976078532596948,1.0000572194899555,60.0,,,,bits,source aggregate; no new pooling,source fixed predictions; no refit,C2R_core_001,b6f774a77024ab430f4c4bbf0d2d0073ce2974929fd011b9c6077457e41c4e2e,
C2_R,complete_repaired_readout_matrix,R_SIM,P_bal,C_LR,mlp32,calibrated,ce_bits,0.9991472290372152,0.997666930858684,1.000639723408614,60.0,,,,bits,source aggregate; no new pooling,source fixed predictions; no refit,C2R_core_001,b6f774a77024ab430f4c4bbf0d2d0073ce2974929fd011b9c6077457e41c4e2e,
C2_R,complete_repaired_readout_matrix,R_SIM,P_bal,C_R,mlp32,calibrated,ce_bits,0.9999988688628116,0.9988579916279794,1.0012242645613978,60.0,,,,bits,source aggregate; no new pooling,source fixed predictions; no refit,C2R_core_001,b6f774a77024ab430f4c4bbf0d2d0073ce2974929fd011b9c6077457e41c4e2e,
C2_R,complete_repaired_readout_matrix,R_SIM,P_bal,C_RR,mlp32,calibrated,ce_bits,0.9996845845709126,0.9986290866617114,1.0007892317478444,60.0,,,,bits,source aggregate; no new pooling,source fixed predictions; no refit,C2R_core_001,b6f774a77024ab430f4c4bbf0d2d0073ce2974929fd011b9c6077457e41c4e2e,
C2_R,complete_repaired_readout_matrix,R_SIM,P_bal,C_L64,mlp32,calibrated,ce_bits,0.99880633148088,0.9974635743412316,1.000154448318385,60.0,,,,bits,source aggregate; no new pooling,source fixed predictions; no refit,C2R_core_001,b6f774a77024ab430f4c4bbf0d2d0073ce2974929fd011b9c6077457e41c4e2e,
C2_R,complete_repaired_readout_matrix,R_SIM,P_bal,C_R64,mlp32,calibrated,ce_bits,1.000004369986242,0.9988689325428968,1.0012206478768235,60.0,,,,bits,source aggregate; no new pooling,source fixed predictions; no refit,C2R_core_001,b6f774a77024ab430f4c4bbf0d2d0073ce2974929fd011b9c6077457e41c4e2e,
C2_R,complete_repaired_readout_matrix,R_SIM,P_bal,C_L,linear,raw,ce_bits,0.9987406087996396,0.9974723934904616,0.9999775761558914,60.0,,,,bits,source aggregate; no new pooling,source fixed predictions; no refit,C2R_core_001,b6f774a77024ab430f4c4bbf0d2d0073ce2974929fd011b9c6077457e41c4e2e,
C2_R,complete_repaired_readout_matrix,R_SIM,P_bal,C_LL,linear,raw,ce_bits,0.9989385477165692,0.9974683280978142,1.0004553429931675,60.0,,,,bits,source aggregate; no new pooling,source fixed predictions; no refit,C2R_core_001,b6f774a77024ab430f4c4bbf0d2d0073ce2974929fd011b9c6077457e41c4e2e,
C2_R,complete_repaired_readout_matrix,R_SIM,P_bal,C_LR,linear,raw,ce_bits,0.9989670448410428,0.9972688043425298,1.0006825586111294,60.0,,,,bits,source aggregate; no new pooling,source fixed predictions; no refit,C2R_core_001,b6f774a77024ab430f4c4bbf0d2d0073ce2974929fd011b9c6077457e41c4e2e,
C2_R,complete_repaired_readout_matrix,R_SIM,P_bal,C_R,linear,raw,ce_bits,0.9995675414597608,0.9985506402999836,1.0006103762287852,60.0,,,,bits,source aggregate; no new pooling,source fixed predictions; no refit,C2R_core_001,b6f774a77024ab430f4c4bbf0d2d0073ce2974929fd011b9c6077457e41c4e2e,
C2_R,complete_repaired_readout_matrix,R_SIM,P_bal,C_RR,linear,raw,ce_bits,1.0000995545590707,0.9989830133397856,1.0013285976045023,60.0,,,,bits,source aggregate; no new pooling,source fixed predictions; no refit,C2R_core_001,b6f774a77024ab430f4c4bbf0d2d0073ce2974929fd011b9c6077457e41c4e2e,
C2_R,complete_repaired_readout_matrix,R_SIM,P_bal,C_L,mlp32,raw,ce_bits,0.998885108148995,0.9977759865434024,0.999985099754699,60.0,,,,bits,source aggregate; no new pooling,source fixed predictions; no refit,C2R_core_001,b6f774a77024ab430f4c4bbf0d2d0073ce2974929fd011b9c6077457e41c4e2e,
C2_R,complete_repaired_readout_matrix,R_SIM,P_bal,C_LL,mlp32,raw,ce_bits,0.9988880249869516,0.997372436876132,1.000419128738012,60.0,,,,bits,source aggregate; no new pooling,source fixed predictions; no refit,C2R_core_001,b6f774a77024ab430f4c4bbf0d2d0073ce2974929fd011b9c6077457e41c4e2e,
C2_R,complete_repaired_readout_matrix,R_SIM,P_bal,C_LR,mlp32,raw,ce_bits,0.9995090278156424,0.9974984062735328,1.001513843898147,60.0,,,,bits,source aggregate; no new pooling,source fixed predictions; no refit,C2R_core_001,b6f774a77024ab430f4c4bbf0d2d0073ce2974929fd011b9c6077457e41c4e2e,
C2_R,complete_repaired_readout_matrix,R_SIM,P_bal,C_R,mlp32,raw,ce_bits,0.9995976222014196,0.9986513406128732,1.0005877128671874,60.0,,,,bits,source aggregate; no new pooling,source fixed predictions; no refit,C2R_core_001,b6f774a77024ab430f4c4bbf0d2d0073ce2974929fd011b9c6077457e41c4e2e,
C2_R,complete_repaired_readout_matrix,R_SIM,P_bal,C_RR,mlp32,raw,ce_bits,0.999863695687033,0.9985540284601682,1.0012716903764356,60.0,,,,bits,source aggregate; no new pooling,source fixed predictions; no refit,C2R_core_001,b6f774a77024ab430f4c4bbf0d2d0073ce2974929fd011b9c6077457e41c4e2e,
C2_R,complete_repaired_readout_matrix,R_SIM,P_bal,C_L64,mlp32,raw,ce_bits,0.9988769055772444,0.9977616813774908,0.999999020882544,60.0,,,,bits,source aggregate; no new pooling,source fixed predictions; no refit,C2R_core_001,b6f774a77024ab430f4c4bbf0d2d0073ce2974929fd011b9c6077457e41c4e2e,
C2_R,complete_repaired_readout_matrix,R_SIM,P_bal,C_R64,mlp32,raw,ce_bits,0.9996049105648724,0.9986523640089054,1.000589763660378,60.0,,,,bits,source aggregate; no new pooling,source fixed predictions; no refit,C2R_core_001,b6f774a77024ab430f4c4bbf0d2d0073ce2974929fd011b9c6077457e41c4e2e,
