packet,analysis_id,primary_or_secondary,representation,population_id,overlap_definition_hash,unit,model_base,model_augmented,readout_family,calibration,n_candidates,n_records,n_trials,n_bags,coverage_numerator,coverage_denominator,estimate,ci_lower,ci_upper,bootstrap_scope,raw_effect,capacity_control_margin,support_status,implementation_status,control_status,scientific_status,source_run,code_hash,descriptive_screen,notes
A2,post_delta_cosine,secondary,L0,common_Omega_equal_candidate,6376915de8d1886c07a30d411b98a912f9bb9ff33d2f31f7077ebaca76b50887,cosine_difference,different_identity,matched_identity,matching,,49.0,,,,,,0.0025168828362052,-0.0488507000525582,0.0497840469983276,fixed_oof_no_refit; shared identity draws within original folds,,,SUFFICIENT_FOR_SCREEN,PASS,MISSING,NOT_EVALUABLE,A2_core_001,ba5679e19c3d058ac1a8adfbe17b112cd58509f90ba46f55c4f59f993614f0ef,MIXED,未由源聚合提供的记录/试次/覆盖计数保留空值；不从trial推算人数。
A2,post_minus_pre_cosine,secondary,L0,common_Omega_equal_candidate,6376915de8d1886c07a30d411b98a912f9bb9ff33d2f31f7077ebaca76b50887,cosine_difference,different_identity,matched_identity,matching,,49.0,,,,,,0.0110875447865749,-0.0561528840416652,0.077695680224311,fixed_oof_no_refit; shared identity draws within original folds,,,SUFFICIENT_FOR_SCREEN,PASS,MISSING,NOT_EVALUABLE,A2_core_001,ba5679e19c3d058ac1a8adfbe17b112cd58509f90ba46f55c4f59f993614f0ef,MIXED,未由源聚合提供的记录/试次/覆盖计数保留空值；不从trial推算人数。
A2,pre_delta_cosine,secondary,L0,common_Omega_equal_candidate,6376915de8d1886c07a30d411b98a912f9bb9ff33d2f31f7077ebaca76b50887,cosine_difference,different_identity,matched_identity,matching,,49.0,,,,,,-0.0085706619503696,-0.0547189643671152,0.0423046433486136,fixed_oof_no_refit; shared identity draws within original folds,,,SUFFICIENT_FOR_SCREEN,PASS,MISSING,NOT_EVALUABLE,A2_core_001,ba5679e19c3d058ac1a8adfbe17b112cd58509f90ba46f55c4f59f993614f0ef,NEGATIVE_SCREEN,未由源聚合提供的记录/试次/覆盖计数保留空值；不从trial推算人数。
A2,common_response_cosine,secondary,L0,common_Omega_equal_candidate,6376915de8d1886c07a30d411b98a912f9bb9ff33d2f31f7077ebaca76b50887,cosine_difference,different_identity,matched_identity,matching,,49.0,,,,,,0.2598104943406987,0.1998361739932096,0.325444489644916,fixed_oof_no_refit; shared identity draws within original folds,,,SUFFICIENT_FOR_SCREEN,PASS,MISSING,NOT_EVALUABLE,A2_core_001,ba5679e19c3d058ac1a8adfbe17b112cd58509f90ba46f55c4f59f993614f0ef,SUPPORTED_SIGNAL,未由源聚合提供的记录/试次/覆盖计数保留空值；不从trial推算人数。
A2,post_delta_inner_product,secondary,L0,common_Omega_equal_candidate,6376915de8d1886c07a30d411b98a912f9bb9ff33d2f31f7077ebaca76b50887,projected_inner_product,different_identity,matched_identity,matching,,49.0,,,,,,-5.566202544904247,-70.80494664155157,44.64697632366381,fixed_oof_no_refit; shared identity draws within original folds,,,SUFFICIENT_FOR_SCREEN,PASS,MISSING,NOT_EVALUABLE,A2_core_001,ba5679e19c3d058ac1a8adfbe17b112cd58509f90ba46f55c4f59f993614f0ef,SCALE_DIAGNOSTIC,未由源聚合提供的记录/试次/覆盖计数保留空值；不从trial推算人数。
A2,post_minus_pre_inner_product,secondary,L0,common_Omega_equal_candidate,6376915de8d1886c07a30d411b98a912f9bb9ff33d2f31f7077ebaca76b50887,projected_inner_product,different_identity,matched_identity,matching,,49.0,,,,,,20.790926379589795,-24.223360064212525,67.55194202787219,fixed_oof_no_refit; shared identity draws within original folds,,,SUFFICIENT_FOR_SCREEN,PASS,MISSING,NOT_EVALUABLE,A2_core_001,ba5679e19c3d058ac1a8adfbe17b112cd58509f90ba46f55c4f59f993614f0ef,SCALE_DIAGNOSTIC,未由源聚合提供的记录/试次/覆盖计数保留空值；不从trial推算人数。
A2,pre_delta_inner_product,secondary,L0,common_Omega_equal_candidate,6376915de8d1886c07a30d411b98a912f9bb9ff33d2f31f7077ebaca76b50887,projected_inner_product,different_identity,matched_identity,matching,,49.0,,,,,,-26.35712892449404,-74.28441674738413,10.182401489708749,fixed_oof_no_refit; shared identity draws within original folds,,,SUFFICIENT_FOR_SCREEN,PASS,MISSING,NOT_EVALUABLE,A2_core_001,ba5679e19c3d058ac1a8adfbe17b112cd58509f90ba46f55c4f59f993614f0ef,SCALE_DIAGNOSTIC,未由源聚合提供的记录/试次/覆盖计数保留空值；不从trial推算人数。
A2,common_response_inner_product,secondary,L0,common_Omega_equal_candidate,6376915de8d1886c07a30d411b98a912f9bb9ff33d2f31f7077ebaca76b50887,projected_inner_product,different_identity,matched_identity,matching,,49.0,,,,,,121.59154833469772,87.64387416148254,160.60845590088962,fixed_oof_no_refit; shared identity draws within original folds,,,SUFFICIENT_FOR_SCREEN,PASS,MISSING,NOT_EVALUABLE,A2_core_001,ba5679e19c3d058ac1a8adfbe17b112cd58509f90ba46f55c4f59f993614f0ef,SCALE_DIAGNOSTIC,未由源聚合提供的记录/试次/覆盖计数保留空值；不从trial推算人数。
A2,post_delta_cosine,secondary,R_RAND,common_Omega_equal_candidate,6376915de8d1886c07a30d411b98a912f9bb9ff33d2f31f7077ebaca76b50887,cosine_difference,different_identity,matched_identity,matching,,49.0,,,,,,0.0421325580939894,-0.0040717483827635,0.0853205505884201,fixed_oof_no_refit; shared identity draws within original folds,,,SUFFICIENT_FOR_SCREEN,PASS,MISSING,NOT_EVALUABLE,A2_core_001,ba5679e19c3d058ac1a8adfbe17b112cd58509f90ba46f55c4f59f993614f0ef,MIXED,未由源聚合提供的记录/试次/覆盖计数保留空值；不从trial推算人数。
A2,post_minus_pre_cosine,secondary,R_RAND,common_Omega_equal_candidate,6376915de8d1886c07a30d411b98a912f9bb9ff33d2f31f7077ebaca76b50887,cosine_difference,different_identity,matched_identity,matching,,49.0,,,,,,0.0329603563684754,-0.0320465163815237,0.0952191614333687,fixed_oof_no_refit; shared identity draws within original folds,,,SUFFICIENT_FOR_SCREEN,PASS,MISSING,NOT_EVALUABLE,A2_core_001,ba5679e19c3d058ac1a8adfbe17b112cd58509f90ba46f55c4f59f993614f0ef,MIXED,未由源聚合提供的记录/试次/覆盖计数保留空值；不从trial推算人数。
A2,pre_delta_cosine,secondary,R_RAND,common_Omega_equal_candidate,6376915de8d1886c07a30d411b98a912f9bb9ff33d2f31f7077ebaca76b50887,cosine_difference,different_identity,matched_identity,matching,,49.0,,,,,,0.0091722017255139,-0.036508039240539,0.0553547157443682,fixed_oof_no_refit; shared identity draws within original folds,,,SUFFICIENT_FOR_SCREEN,PASS,MISSING,NOT_EVALUABLE,A2_core_001,ba5679e19c3d058ac1a8adfbe17b112cd58509f90ba46f55c4f59f993614f0ef,MIXED,未由源聚合提供的记录/试次/覆盖计数保留空值；不从trial推算人数。
A2,common_response_cosine,secondary,R_RAND,common_Omega_equal_candidate,6376915de8d1886c07a30d411b98a912f9bb9ff33d2f31f7077ebaca76b50887,cosine_difference,different_identity,matched_identity,matching,,49.0,,,,,,0.304220436985086,0.2375119523460539,0.3677351859958265,fixed_oof_no_refit; shared identity draws within original folds,,,SUFFICIENT_FOR_SCREEN,PASS,MISSING,NOT_EVALUABLE,A2_core_001,ba5679e19c3d058ac1a8adfbe17b112cd58509f90ba46f55c4f59f993614f0ef,SUPPORTED_SIGNAL,未由源聚合提供的记录/试次/覆盖计数保留空值；不从trial推算人数。
A2,post_delta_inner_product,secondary,R_RAND,common_Omega_equal_candidate,6376915de8d1886c07a30d411b98a912f9bb9ff33d2f31f7077ebaca76b50887,projected_inner_product,different_identity,matched_identity,matching,,49.0,,,,,,7.771154180089579,0.8089244329758372,14.897974606033484,fixed_oof_no_refit; shared identity draws within original folds,,,SUFFICIENT_FOR_SCREEN,PASS,MISSING,NOT_EVALUABLE,A2_core_001,ba5679e19c3d058ac1a8adfbe17b112cd58509f90ba46f55c4f59f993614f0ef,SCALE_DIAGNOSTIC,未由源聚合提供的记录/试次/覆盖计数保留空值；不从trial推算人数。
A2,post_minus_pre_inner_product,secondary,R_RAND,common_Omega_equal_candidate,6376915de8d1886c07a30d411b98a912f9bb9ff33d2f31f7077ebaca76b50887,projected_inner_product,different_identity,matched_identity,matching,,49.0,,,,,,6.321581436226996,-5.143799183298734,17.698248060392864,fixed_oof_no_refit; shared identity draws within original folds,,,SUFFICIENT_FOR_SCREEN,PASS,MISSING,NOT_EVALUABLE,A2_core_001,ba5679e19c3d058ac1a8adfbe17b112cd58509f90ba46f55c4f59f993614f0ef,SCALE_DIAGNOSTIC,未由源聚合提供的记录/试次/覆盖计数保留空值；不从trial推算人数。
A2,pre_delta_inner_product,secondary,R_RAND,common_Omega_equal_candidate,6376915de8d1886c07a30d411b98a912f9bb9ff33d2f31f7077ebaca76b50887,projected_inner_product,different_identity,matched_identity,matching,,49.0,,,,,,1.4495727438625825,-7.469560960247105,10.394673792833084,fixed_oof_no_refit; shared identity draws within original folds,,,SUFFICIENT_FOR_SCREEN,PASS,MISSING,NOT_EVALUABLE,A2_core_001,ba5679e19c3d058ac1a8adfbe17b112cd58509f90ba46f55c4f59f993614f0ef,SCALE_DIAGNOSTIC,未由源聚合提供的记录/试次/覆盖计数保留空值；不从trial推算人数。
A2,common_response_inner_product,secondary,R_RAND,common_Omega_equal_candidate,6376915de8d1886c07a30d411b98a912f9bb9ff33d2f31f7077ebaca76b50887,projected_inner_product,different_identity,matched_identity,matching,,49.0,,,,,,21.082399617985946,15.612144592207253,27.100296419753136,fixed_oof_no_refit; shared identity draws within original folds,,,SUFFICIENT_FOR_SCREEN,PASS,MISSING,NOT_EVALUABLE,A2_core_001,ba5679e19c3d058ac1a8adfbe17b112cd58509f90ba46f55c4f59f993614f0ef,SCALE_DIAGNOSTIC,未由源聚合提供的记录/试次/覆盖计数保留空值；不从trial推算人数。
A2,post_delta_cosine,secondary,R_SUP,common_Omega_equal_candidate,6376915de8d1886c07a30d411b98a912f9bb9ff33d2f31f7077ebaca76b50887,cosine_difference,different_identity,matched_identity,matching,,49.0,,,,,,0.0565188859080203,0.0159126468814959,0.0982945593329628,fixed_oof_no_refit; shared identity draws within original folds,,,SUFFICIENT_FOR_SCREEN,PASS,MISSING,NOT_EVALUABLE,A2_core_001,ba5679e19c3d058ac1a8adfbe17b112cd58509f90ba46f55c4f59f993614f0ef,SUPPORTED_SIGNAL,未由源聚合提供的记录/试次/覆盖计数保留空值；不从trial推算人数。
A2,post_minus_pre_cosine,secondary,R_SUP,common_Omega_equal_candidate,6376915de8d1886c07a30d411b98a912f9bb9ff33d2f31f7077ebaca76b50887,cosine_difference,different_identity,matched_identity,matching,,49.0,,,,,,0.0631203953825984,0.0094644994626298,0.1173356162607597,fixed_oof_no_refit; shared identity draws within original folds,,,SUFFICIENT_FOR_SCREEN,PASS,MISSING,NOT_EVALUABLE,A2_core_001,ba5679e19c3d058ac1a8adfbe17b112cd58509f90ba46f55c4f59f993614f0ef,SUPPORTED_SIGNAL,未由源聚合提供的记录/试次/覆盖计数保留空值；不从trial推算人数。
A2,pre_delta_cosine,secondary,R_SUP,common_Omega_equal_candidate,6376915de8d1886c07a30d411b98a912f9bb9ff33d2f31f7077ebaca76b50887,cosine_difference,different_identity,matched_identity,matching,,49.0,,,,,,-0.006601509474578,-0.0444602385504746,0.0344792977169283,fixed_oof_no_refit; shared identity draws within original folds,,,SUFFICIENT_FOR_SCREEN,PASS,MISSING,NOT_EVALUABLE,A2_core_001,ba5679e19c3d058ac1a8adfbe17b112cd58509f90ba46f55c4f59f993614f0ef,NEGATIVE_SCREEN,未由源聚合提供的记录/试次/覆盖计数保留空值；不从trial推算人数。
A2,common_response_cosine,secondary,R_SUP,common_Omega_equal_candidate,6376915de8d1886c07a30d411b98a912f9bb9ff33d2f31f7077ebaca76b50887,cosine_difference,different_identity,matched_identity,matching,,49.0,,,,,,0.3663614871089076,0.2912309108081082,0.4359701743975206,fixed_oof_no_refit; shared identity draws within original folds,,,SUFFICIENT_FOR_SCREEN,PASS,MISSING,NOT_EVALUABLE,A2_core_001,ba5679e19c3d058ac1a8adfbe17b112cd58509f90ba46f55c4f59f993614f0ef,SUPPORTED_SIGNAL,未由源聚合提供的记录/试次/覆盖计数保留空值；不从trial推算人数。
A2,post_delta_inner_product,secondary,R_SUP,common_Omega_equal_candidate,6376915de8d1886c07a30d411b98a912f9bb9ff33d2f31f7077ebaca76b50887,projected_inner_product,different_identity,matched_identity,matching,,49.0,,,,,,11.173026129145455,4.218304282971131,18.217659042178624,fixed_oof_no_refit; shared identity draws within original folds,,,SUFFICIENT_FOR_SCREEN,PASS,MISSING,NOT_EVALUABLE,A2_core_001,ba5679e19c3d058ac1a8adfbe17b112cd58509f90ba46f55c4f59f993614f0ef,SCALE_DIAGNOSTIC,未由源聚合提供的记录/试次/覆盖计数保留空值；不从trial推算人数。
A2,post_minus_pre_inner_product,secondary,R_SUP,common_Omega_equal_candidate,6376915de8d1886c07a30d411b98a912f9bb9ff33d2f31f7077ebaca76b50887,projected_inner_product,different_identity,matched_identity,matching,,49.0,,,,,,11.33051101526096,0.6915296803199004,22.20495838476343,fixed_oof_no_refit; shared identity draws within original folds,,,SUFFICIENT_FOR_SCREEN,PASS,MISSING,NOT_EVALUABLE,A2_core_001,ba5679e19c3d058ac1a8adfbe17b112cd58509f90ba46f55c4f59f993614f0ef,SCALE_DIAGNOSTIC,未由源聚合提供的记录/试次/覆盖计数保留空值；不从trial推算人数。
A2,pre_delta_inner_product,secondary,R_SUP,common_Omega_equal_candidate,6376915de8d1886c07a30d411b98a912f9bb9ff33d2f31f7077ebaca76b50887,projected_inner_product,different_identity,matched_identity,matching,,49.0,,,,,,-0.1574848861155028,-8.774063773320812,8.664795095265282,fixed_oof_no_refit; shared identity draws within original folds,,,SUFFICIENT_FOR_SCREEN,PASS,MISSING,NOT_EVALUABLE,A2_core_001,ba5679e19c3d058ac1a8adfbe17b112cd58509f90ba46f55c4f59f993614f0ef,SCALE_DIAGNOSTIC,未由源聚合提供的记录/试次/覆盖计数保留空值；不从trial推算人数。
A2,common_response_inner_product,secondary,R_SUP,common_Omega_equal_candidate,6376915de8d1886c07a30d411b98a912f9bb9ff33d2f31f7077ebaca76b50887,projected_inner_product,different_identity,matched_identity,matching,,49.0,,,,,,27.925357663062155,20.53856015859212,35.09335915502751,fixed_oof_no_refit; shared identity draws within original folds,,,SUFFICIENT_FOR_SCREEN,PASS,MISSING,NOT_EVALUABLE,A2_core_001,ba5679e19c3d058ac1a8adfbe17b112cd58509f90ba46f55c4f59f993614f0ef,SCALE_DIAGNOSTIC,未由源聚合提供的记录/试次/覆盖计数保留空值；不从trial推算人数。
A2,post_delta_cosine,primary,R_SIM,common_Omega_equal_candidate,6376915de8d1886c07a30d411b98a912f9bb9ff33d2f31f7077ebaca76b50887,cosine_difference,different_identity,matched_identity,matching,,49.0,,,,,,0.0153892995528579,-0.0305961865681659,0.0593237586491848,fixed_oof_no_refit; shared identity draws within original folds,,,SUFFICIENT_FOR_SCREEN,PASS,MISSING,NOT_EVALUABLE,A2_core_001,ba5679e19c3d058ac1a8adfbe17b112cd58509f90ba46f55c4f59f993614f0ef,MIXED,未由源聚合提供的记录/试次/覆盖计数保留空值；不从trial推算人数。
A2,post_minus_pre_cosine,secondary,R_SIM,common_Omega_equal_candidate,6376915de8d1886c07a30d411b98a912f9bb9ff33d2f31f7077ebaca76b50887,cosine_difference,different_identity,matched_identity,matching,,49.0,,,,,,0.0047543225696051,-0.0481146300298942,0.0561656422406773,fixed_oof_no_refit; shared identity draws within original folds,,,SUFFICIENT_FOR_SCREEN,PASS,MISSING,NOT_EVALUABLE,A2_core_001,ba5679e19c3d058ac1a8adfbe17b112cd58509f90ba46f55c4f59f993614f0ef,MIXED,未由源聚合提供的记录/试次/覆盖计数保留空值；不从trial推算人数。
A2,pre_delta_cosine,secondary,R_SIM,common_Omega_equal_candidate,6376915de8d1886c07a30d411b98a912f9bb9ff33d2f31f7077ebaca76b50887,cosine_difference,different_identity,matched_identity,matching,,49.0,,,,,,0.0106349769832528,-0.0242502542988572,0.0463774679976754,fixed_oof_no_refit; shared identity draws within original folds,,,SUFFICIENT_FOR_SCREEN,PASS,MISSING,NOT_EVALUABLE,A2_core_001,ba5679e19c3d058ac1a8adfbe17b112cd58509f90ba46f55c4f59f993614f0ef,MIXED,未由源聚合提供的记录/试次/覆盖计数保留空值；不从trial推算人数。
A2,common_response_cosine,secondary,R_SIM,common_Omega_equal_candidate,6376915de8d1886c07a30d411b98a912f9bb9ff33d2f31f7077ebaca76b50887,cosine_difference,different_identity,matched_identity,matching,,49.0,,,,,,0.3697216313782003,0.3015292795180646,0.4351233174513417,fixed_oof_no_refit; shared identity draws within original folds,,,SUFFICIENT_FOR_SCREEN,PASS,MISSING,NOT_EVALUABLE,A2_core_001,ba5679e19c3d058ac1a8adfbe17b112cd58509f90ba46f55c4f59f993614f0ef,SUPPORTED_SIGNAL,未由源聚合提供的记录/试次/覆盖计数保留空值；不从trial推算人数。
A2,post_delta_inner_product,secondary,R_SIM,common_Omega_equal_candidate,6376915de8d1886c07a30d411b98a912f9bb9ff33d2f31f7077ebaca76b50887,projected_inner_product,different_identity,matched_identity,matching,,49.0,,,,,,1.0963103382867054,-3.0039412363202587,4.989915820539414,fixed_oof_no_refit; shared identity draws within original folds,,,SUFFICIENT_FOR_SCREEN,PASS,MISSING,NOT_EVALUABLE,A2_core_001,ba5679e19c3d058ac1a8adfbe17b112cd58509f90ba46f55c4f59f993614f0ef,SCALE_DIAGNOSTIC,未由源聚合提供的记录/试次/覆盖计数保留空值；不从trial推算人数。
A2,post_minus_pre_inner_product,secondary,R_SIM,common_Omega_equal_candidate,6376915de8d1886c07a30d411b98a912f9bb9ff33d2f31f7077ebaca76b50887,projected_inner_product,different_identity,matched_identity,matching,,49.0,,,,,,-0.4967338536674277,-5.65823683547145,4.368122173215376,fixed_oof_no_refit; shared identity draws within original folds,,,SUFFICIENT_FOR_SCREEN,PASS,MISSING,NOT_EVALUABLE,A2_core_001,ba5679e19c3d058ac1a8adfbe17b112cd58509f90ba46f55c4f59f993614f0ef,SCALE_DIAGNOSTIC,未由源聚合提供的记录/试次/覆盖计数保留空值；不从trial推算人数。
A2,pre_delta_inner_product,secondary,R_SIM,common_Omega_equal_candidate,6376915de8d1886c07a30d411b98a912f9bb9ff33d2f31f7077ebaca76b50887,projected_inner_product,different_identity,matched_identity,matching,,49.0,,,,,,1.5930441919541332,-2.511678955915446,5.727955702537996,fixed_oof_no_refit; shared identity draws within original folds,,,SUFFICIENT_FOR_SCREEN,PASS,MISSING,NOT_EVALUABLE,A2_core_001,ba5679e19c3d058ac1a8adfbe17b112cd58509f90ba46f55c4f59f993614f0ef,SCALE_DIAGNOSTIC,未由源聚合提供的记录/试次/覆盖计数保留空值；不从trial推算人数。
A2,common_response_inner_product,secondary,R_SIM,common_Omega_equal_candidate,6376915de8d1886c07a30d411b98a912f9bb9ff33d2f31f7077ebaca76b50887,projected_inner_product,different_identity,matched_identity,matching,,49.0,,,,,,20.806227259594586,15.614317155572612,26.340156021774384,fixed_oof_no_refit; shared identity draws within original folds,,,SUFFICIENT_FOR_SCREEN,PASS,MISSING,NOT_EVALUABLE,A2_core_001,ba5679e19c3d058ac1a8adfbe17b112cd58509f90ba46f55c4f59f993614f0ef,SCALE_DIAGNOSTIC,未由源聚合提供的记录/试次/覆盖计数保留空值；不从trial推算人数。
A2,residual_audit_Delta_inner_product,secondary,L0,common_Omega_equal_candidate,,projected_inner_product,,,fixed_background_ridge_audit,,49.0,,,,,,-5.566202544904247,-70.80494664155157,44.64697632366381,fixed candidate identity draws within original folds; shared across quantities; no refits,,,SUFFICIENT_FOR_SCREEN,PASS,MISSING,NOT_EVALUABLE,A2_residual_recovered_001,298c016c2d315c555bb999919279f87267f77cbb8f9e24fba3e67894501d7d2d,SCALE_DIAGNOSTIC,仅诊断；恢复输出复用原20次ridge，没有新拟合。
A2,residual_audit_Delta_cosine,secondary,L0,common_Omega_equal_candidate,,cosine_difference,,,fixed_background_ridge_audit,,49.0,,,,,,0.0025168828362052,-0.0488507000525582,0.0497840469983276,fixed candidate identity draws within original folds; shared across quantities; no refits,,,SUFFICIENT_FOR_SCREEN,PASS,MISSING,NOT_EVALUABLE,A2_residual_recovered_001,298c016c2d315c555bb999919279f87267f77cbb8f9e24fba3e67894501d7d2d,MIXED,仅诊断；恢复输出复用原20次ridge，没有新拟合。
A2,residual_audit_P_inner_product,secondary,L0,common_Omega_equal_candidate,,projected_inner_product,,,fixed_background_ridge_audit,,49.0,,,,,,13.067279004146798,3.256294529367636,21.51907022746302,fixed candidate identity draws within original folds; shared across quantities; no refits,,,SUFFICIENT_FOR_SCREEN,PASS,MISSING,NOT_EVALUABLE,A2_residual_recovered_001,298c016c2d315c555bb999919279f87267f77cbb8f9e24fba3e67894501d7d2d,SCALE_DIAGNOSTIC,仅诊断；恢复输出复用原20次ridge，没有新拟合。
A2,residual_audit_P_cosine,secondary,L0,common_Omega_equal_candidate,,cosine_difference,,,fixed_background_ridge_audit,,49.0,,,,,,0.1407233545955431,0.0843444075623603,0.1986323876407884,fixed candidate identity draws within original folds; shared across quantities; no refits,,,SUFFICIENT_FOR_SCREEN,PASS,MISSING,NOT_EVALUABLE,A2_residual_recovered_001,298c016c2d315c555bb999919279f87267f77cbb8f9e24fba3e67894501d7d2d,SUPPORTED_SIGNAL,仅诊断；恢复输出复用原20次ridge，没有新拟合。
A2,residual_audit_R_inner_product,secondary,L0,common_Omega_equal_candidate,,projected_inner_product,,,fixed_background_ridge_audit,,49.0,,,,,,-11.44425713369168,-86.62240300559158,42.50465480657331,fixed candidate identity draws within original folds; shared across quantities; no refits,,,SUFFICIENT_FOR_SCREEN,PASS,MISSING,NOT_EVALUABLE,A2_residual_recovered_001,298c016c2d315c555bb999919279f87267f77cbb8f9e24fba3e67894501d7d2d,SCALE_DIAGNOSTIC,仅诊断；恢复输出复用原20次ridge，没有新拟合。
A2,residual_audit_R_cosine,secondary,L0,common_Omega_equal_candidate,,cosine_difference,,,fixed_background_ridge_audit,,49.0,,,,,,0.0136935311667107,-0.0318189035881499,0.0590033581082338,fixed candidate identity draws within original folds; shared across quantities; no refits,,,SUFFICIENT_FOR_SCREEN,PASS,MISSING,NOT_EVALUABLE,A2_residual_recovered_001,298c016c2d315c555bb999919279f87267f77cbb8f9e24fba3e67894501d7d2d,MIXED,仅诊断；恢复输出复用原20次ridge，没有新拟合。
A2,residual_audit_Delta_inner_product,secondary,R_RAND,common_Omega_equal_candidate,,projected_inner_product,,,fixed_background_ridge_audit,,49.0,,,,,,7.771154180089579,0.8089244329758358,14.897974606033486,fixed candidate identity draws within original folds; shared across quantities; no refits,,,SUFFICIENT_FOR_SCREEN,PASS,MISSING,NOT_EVALUABLE,A2_residual_recovered_001,298c016c2d315c555bb999919279f87267f77cbb8f9e24fba3e67894501d7d2d,SCALE_DIAGNOSTIC,仅诊断；恢复输出复用原20次ridge，没有新拟合。
A2,residual_audit_Delta_cosine,secondary,R_RAND,common_Omega_equal_candidate,,cosine_difference,,,fixed_background_ridge_audit,,49.0,,,,,,0.0421325580939893,-0.0040717483827635,0.0853205505884201,fixed candidate identity draws within original folds; shared across quantities; no refits,,,SUFFICIENT_FOR_SCREEN,PASS,MISSING,NOT_EVALUABLE,A2_residual_recovered_001,298c016c2d315c555bb999919279f87267f77cbb8f9e24fba3e67894501d7d2d,MIXED,仅诊断；恢复输出复用原20次ridge，没有新拟合。
A2,residual_audit_P_inner_product,secondary,R_RAND,common_Omega_equal_candidate,,projected_inner_product,,,fixed_background_ridge_audit,,49.0,,,,,,2.3549191631016533,1.1708530026736603,3.6382318985208464,fixed candidate identity draws within original folds; shared across quantities; no refits,,,SUFFICIENT_FOR_SCREEN,PASS,MISSING,NOT_EVALUABLE,A2_residual_recovered_001,298c016c2d315c555bb999919279f87267f77cbb8f9e24fba3e67894501d7d2d,SCALE_DIAGNOSTIC,仅诊断；恢复输出复用原20次ridge，没有新拟合。
A2,residual_audit_P_cosine,secondary,R_RAND,common_Omega_equal_candidate,,cosine_difference,,,fixed_background_ridge_audit,,49.0,,,,,,0.188395348621203,0.1151967467936708,0.2646715061058824,fixed candidate identity draws within original folds; shared across quantities; no refits,,,SUFFICIENT_FOR_SCREEN,PASS,MISSING,NOT_EVALUABLE,A2_residual_recovered_001,298c016c2d315c555bb999919279f87267f77cbb8f9e24fba3e67894501d7d2d,SUPPORTED_SIGNAL,仅诊断；恢复输出复用原20次ridge，没有新拟合。
A2,residual_audit_R_inner_product,secondary,R_RAND,common_Omega_equal_candidate,,projected_inner_product,,,fixed_background_ridge_audit,,49.0,,,,,,11.381825774606355,3.901880701030585,19.039719587641944,fixed candidate identity draws within original folds; shared across quantities; no refits,,,SUFFICIENT_FOR_SCREEN,PASS,MISSING,NOT_EVALUABLE,A2_residual_recovered_001,298c016c2d315c555bb999919279f87267f77cbb8f9e24fba3e67894501d7d2d,SCALE_DIAGNOSTIC,仅诊断；恢复输出复用原20次ridge，没有新拟合。
A2,residual_audit_R_cosine,secondary,R_RAND,common_Omega_equal_candidate,,cosine_difference,,,fixed_background_ridge_audit,,49.0,,,,,,0.0589493833038871,0.0141577825033399,0.1047889573233251,fixed candidate identity draws within original folds; shared across quantities; no refits,,,SUFFICIENT_FOR_SCREEN,PASS,MISSING,NOT_EVALUABLE,A2_residual_recovered_001,298c016c2d315c555bb999919279f87267f77cbb8f9e24fba3e67894501d7d2d,SUPPORTED_SIGNAL,仅诊断；恢复输出复用原20次ridge，没有新拟合。
A2,residual_audit_Delta_inner_product,secondary,R_SUP,common_Omega_equal_candidate,,projected_inner_product,,,fixed_background_ridge_audit,,49.0,,,,,,11.173026129145455,4.218304282971131,18.217659042178624,fixed candidate identity draws within original folds; shared across quantities; no refits,,,SUFFICIENT_FOR_SCREEN,PASS,MISSING,NOT_EVALUABLE,A2_residual_recovered_001,298c016c2d315c555bb999919279f87267f77cbb8f9e24fba3e67894501d7d2d,SCALE_DIAGNOSTIC,仅诊断；恢复输出复用原20次ridge，没有新拟合。
A2,residual_audit_Delta_cosine,secondary,R_SUP,common_Omega_equal_candidate,,cosine_difference,,,fixed_background_ridge_audit,,49.0,,,,,,0.0565188859080203,0.0159126468814959,0.0982945593329628,fixed candidate identity draws within original folds; shared across quantities; no refits,,,SUFFICIENT_FOR_SCREEN,PASS,MISSING,NOT_EVALUABLE,A2_residual_recovered_001,298c016c2d315c555bb999919279f87267f77cbb8f9e24fba3e67894501d7d2d,SUPPORTED_SIGNAL,仅诊断；恢复输出复用原20次ridge，没有新拟合。
A2,residual_audit_P_inner_product,secondary,R_SUP,common_Omega_equal_candidate,,projected_inner_product,,,fixed_background_ridge_audit,,49.0,,,,,,3.5016222156404675,2.0760487756712886,5.1215640533556535,fixed candidate identity draws within original folds; shared across quantities; no refits,,,SUFFICIENT_FOR_SCREEN,PASS,MISSING,NOT_EVALUABLE,A2_residual_recovered_001,298c016c2d315c555bb999919279f87267f77cbb8f9e24fba3e67894501d7d2d,SCALE_DIAGNOSTIC,仅诊断；恢复输出复用原20次ridge，没有新拟合。
A2,residual_audit_P_cosine,secondary,R_SUP,common_Omega_equal_candidate,,cosine_difference,,,fixed_background_ridge_audit,,49.0,,,,,,0.2059670821889411,0.1367746253270977,0.2763398767906825,fixed candidate identity draws within original folds; shared across quantities; no refits,,,SUFFICIENT_FOR_SCREEN,PASS,MISSING,NOT_EVALUABLE,A2_residual_recovered_001,298c016c2d315c555bb999919279f87267f77cbb8f9e24fba3e67894501d7d2d,SUPPORTED_SIGNAL,仅诊断；恢复输出复用原20次ridge，没有新拟合。
A2,residual_audit_R_inner_product,secondary,R_SUP,common_Omega_equal_candidate,,projected_inner_product,,,fixed_background_ridge_audit,,49.0,,,,,,12.44597843804591,4.7642787330215,20.514870008690547,fixed candidate identity draws within original folds; shared across quantities; no refits,,,SUFFICIENT_FOR_SCREEN,PASS,MISSING,NOT_EVALUABLE,A2_residual_recovered_001,298c016c2d315c555bb999919279f87267f77cbb8f9e24fba3e67894501d7d2d,SCALE_DIAGNOSTIC,仅诊断；恢复输出复用原20次ridge，没有新拟合。
A2,residual_audit_R_cosine,secondary,R_SUP,common_Omega_equal_candidate,,cosine_difference,,,fixed_background_ridge_audit,,49.0,,,,,,0.0654712974783382,0.023131211615834,0.1096178722954301,fixed candidate identity draws within original folds; shared across quantities; no refits,,,SUFFICIENT_FOR_SCREEN,PASS,MISSING,NOT_EVALUABLE,A2_residual_recovered_001,298c016c2d315c555bb999919279f87267f77cbb8f9e24fba3e67894501d7d2d,SUPPORTED_SIGNAL,仅诊断；恢复输出复用原20次ridge，没有新拟合。
A2,residual_audit_Delta_inner_product,secondary,R_SIM,common_Omega_equal_candidate,,projected_inner_product,,,fixed_background_ridge_audit,,49.0,,,,,,1.096310338286705,-3.0039412363202582,4.989915820539415,fixed candidate identity draws within original folds; shared across quantities; no refits,,,SUFFICIENT_FOR_SCREEN,PASS,MISSING,NOT_EVALUABLE,A2_residual_recovered_001,298c016c2d315c555bb999919279f87267f77cbb8f9e24fba3e67894501d7d2d,SCALE_DIAGNOSTIC,仅诊断；恢复输出复用原20次ridge，没有新拟合。
A2,residual_audit_Delta_cosine,secondary,R_SIM,common_Omega_equal_candidate,,cosine_difference,,,fixed_background_ridge_audit,,49.0,,,,,,0.0153892995528579,-0.0305961865681659,0.0593237586491847,fixed candidate identity draws within original folds; shared across quantities; no refits,,,SUFFICIENT_FOR_SCREEN,PASS,MISSING,NOT_EVALUABLE,A2_residual_recovered_001,298c016c2d315c555bb999919279f87267f77cbb8f9e24fba3e67894501d7d2d,MIXED,仅诊断；恢复输出复用原20次ridge，没有新拟合。
A2,residual_audit_P_inner_product,secondary,R_SIM,common_Omega_equal_candidate,,projected_inner_product,,,fixed_background_ridge_audit,,49.0,,,,,,1.6764541780278237,1.0544123234174587,2.324434811915315,fixed candidate identity draws within original folds; shared across quantities; no refits,,,SUFFICIENT_FOR_SCREEN,PASS,MISSING,NOT_EVALUABLE,A2_residual_recovered_001,298c016c2d315c555bb999919279f87267f77cbb8f9e24fba3e67894501d7d2d,SCALE_DIAGNOSTIC,仅诊断；恢复输出复用原20次ridge，没有新拟合。
A2,residual_audit_P_cosine,secondary,R_SIM,common_Omega_equal_candidate,,cosine_difference,,,fixed_background_ridge_audit,,49.0,,,,,,0.213980232084785,0.1496080676818906,0.2736170436174236,fixed candidate identity draws within original folds; shared across quantities; no refits,,,SUFFICIENT_FOR_SCREEN,PASS,MISSING,NOT_EVALUABLE,A2_residual_recovered_001,298c016c2d315c555bb999919279f87267f77cbb8f9e24fba3e67894501d7d2d,SUPPORTED_SIGNAL,仅诊断；恢复输出复用原20次ridge，没有新拟合。
A2,residual_audit_R_inner_product,secondary,R_SIM,common_Omega_equal_candidate,,projected_inner_product,,,fixed_background_ridge_audit,,49.0,,,,,,2.591068547618303,-1.9242738704105573,6.965043301622107,fixed candidate identity draws within original folds; shared across quantities; no refits,,,SUFFICIENT_FOR_SCREEN,PASS,MISSING,NOT_EVALUABLE,A2_residual_recovered_001,298c016c2d315c555bb999919279f87267f77cbb8f9e24fba3e67894501d7d2d,SCALE_DIAGNOSTIC,仅诊断；恢复输出复用原20次ridge，没有新拟合。
A2,residual_audit_R_cosine,secondary,R_SIM,common_Omega_equal_candidate,,cosine_difference,,,fixed_background_ridge_audit,,49.0,,,,,,0.0286498178622173,-0.0188015604192016,0.0735006384646873,fixed candidate identity draws within original folds; shared across quantities; no refits,,,SUFFICIENT_FOR_SCREEN,PASS,MISSING,NOT_EVALUABLE,A2_residual_recovered_001,298c016c2d315c555bb999919279f87267f77cbb8f9e24fba3e67894501d7d2d,MIXED,仅诊断；恢复输出复用原20次ridge，没有新拟合。
N1,HP_minus_HPB,secondary,R_SIM,P_nat,,bits/trial,HP,HPB,logistic,raw,59.0,,,,,,-0.0011943352242518,-0.0020392818789873,-0.0004491412029852,fixed_oof_no_refit; shared candidate draws,-0.0011943352242518,-0.0009284036745136,SUFFICIENT_FOR_SCREEN,PASS,FAILED,NOT_EVALUABLE,N1_core_001,771fd4ec025f2d2d846cbe5eae0f8e33dc543bccb9b591b9dfba6d1931ded21e,NEGATIVE_SCREEN,未由源聚合提供的记录/试次/覆盖计数保留空值；不从trial推算人数。
N1,HB_minus_HPB,secondary,R_SIM,P_nat,,bits/trial,HB,HPB,logistic,raw,59.0,,,,,,-5.455803866311907e-05,-0.0013493375776063,0.0011656778041235,fixed_oof_no_refit; shared candidate draws,-5.455803866311907e-05,,SUFFICIENT_FOR_SCREEN,PASS,FAILED,NOT_EVALUABLE,N1_core_001,771fd4ec025f2d2d846cbe5eae0f8e33dc543bccb9b591b9dfba6d1931ded21e,NEGATIVE_SCREEN,未由源聚合提供的记录/试次/覆盖计数保留空值；不从trial推算人数。
N1,H_minus_HP,secondary,R_SIM,P_nat,,bits/trial,H,HP,logistic,raw,59.0,,,,,,-0.0002000154433757,-0.0015814072678404,0.0011088718813295,fixed_oof_no_refit; shared candidate draws,-0.0002000154433757,,SUFFICIENT_FOR_SCREEN,PASS,FAILED,NOT_EVALUABLE,N1_core_001,771fd4ec025f2d2d846cbe5eae0f8e33dc543bccb9b591b9dfba6d1931ded21e,NEGATIVE_SCREEN,未由源聚合提供的记录/试次/覆盖计数保留空值；不从trial推算人数。
N1,H_minus_HB,secondary,R_SIM,P_nat,,bits/trial,H,HB,logistic,raw,59.0,,,,,,-0.0013397926289644,-0.0022920480647421,-0.0005477377367102,fixed_oof_no_refit; shared candidate draws,-0.0013397926289644,,SUFFICIENT_FOR_SCREEN,PASS,FAILED,NOT_EVALUABLE,N1_core_001,771fd4ec025f2d2d846cbe5eae0f8e33dc543bccb9b591b9dfba6d1931ded21e,NEGATIVE_SCREEN,未由源聚合提供的记录/试次/覆盖计数保留空值；不从trial推算人数。
N1,HPP_minus_HPB,secondary,R_SIM,P_nat,,bits/trial,HPP,HPB,logistic,raw,59.0,,,,,,-0.0009284036745136,-0.0017422117769638,-0.0002123352437806,fixed_oof_no_refit; shared candidate draws,-0.0009284036745136,,SUFFICIENT_FOR_SCREEN,PASS,FAILED,NOT_EVALUABLE,N1_core_001,771fd4ec025f2d2d846cbe5eae0f8e33dc543bccb9b591b9dfba6d1931ded21e,NEGATIVE_SCREEN,未由源聚合提供的记录/试次/覆盖计数保留空值；不从trial推算人数。
N1,HPBnoise_minus_HPB,secondary,R_SIM,P_nat,,bits/trial,HPBnoise,HPB,logistic,raw,59.0,,,,,,-0.0010069201404791,-0.0021222601639364,-7.768825222598516e-06,fixed_oof_no_refit; shared candidate draws,-0.0010069201404791,,SUFFICIENT_FOR_SCREEN,PASS,FAILED,NOT_EVALUABLE,N1_core_001,771fd4ec025f2d2d846cbe5eae0f8e33dc543bccb9b591b9dfba6d1931ded21e,NEGATIVE_SCREEN,未由源聚合提供的记录/试次/覆盖计数保留空值；不从trial推算人数。
N1,HP_minus_HPB,secondary,R_SIM,P_nat,,bits/trial,HP,HPB,logistic,temperature,59.0,,,,,,-0.0013737095970137,-0.0022183243860928,-0.0005168640451774,fixed_oof_no_refit; shared candidate draws,-0.0011943352242518,-0.0010786040188642,SUFFICIENT_FOR_SCREEN,PASS,FAILED,NOT_EVALUABLE,N1_core_001,771fd4ec025f2d2d846cbe5eae0f8e33dc543bccb9b591b9dfba6d1931ded21e,NEGATIVE_SCREEN,未由源聚合提供的记录/试次/覆盖计数保留空值；不从trial推算人数。
N1,HB_minus_HPB,secondary,R_SIM,P_nat,,bits/trial,HB,HPB,logistic,temperature,59.0,,,,,,-0.0001516991568706,-0.0016057468094387,0.0012409803144763,fixed_oof_no_refit; shared candidate draws,-5.455803866311907e-05,,SUFFICIENT_FOR_SCREEN,PASS,FAILED,NOT_EVALUABLE,N1_core_001,771fd4ec025f2d2d846cbe5eae0f8e33dc543bccb9b591b9dfba6d1931ded21e,NEGATIVE_SCREEN,未由源聚合提供的记录/试次/覆盖计数保留空值；不从trial推算人数。
N1,H_minus_HP,secondary,R_SIM,P_nat,,bits/trial,H,HP,logistic,temperature,59.0,,,,,,-0.0003381717094673,-0.0018594005032982,0.0011314729225369,fixed_oof_no_refit; shared candidate draws,-0.0002000154433757,,SUFFICIENT_FOR_SCREEN,PASS,FAILED,NOT_EVALUABLE,N1_core_001,771fd4ec025f2d2d846cbe5eae0f8e33dc543bccb9b591b9dfba6d1931ded21e,NEGATIVE_SCREEN,未由源聚合提供的记录/试次/覆盖计数保留空值；不从trial推算人数。
N1,H_minus_HB,secondary,R_SIM,P_nat,,bits/trial,H,HB,logistic,temperature,59.0,,,,,,-0.0015601821496104,-0.0024735784018277,-0.0007069643435403,fixed_oof_no_refit; shared candidate draws,-0.0013397926289644,,SUFFICIENT_FOR_SCREEN,PASS,FAILED,NOT_EVALUABLE,N1_core_001,771fd4ec025f2d2d846cbe5eae0f8e33dc543bccb9b591b9dfba6d1931ded21e,NEGATIVE_SCREEN,未由源聚合提供的记录/试次/覆盖计数保留空值；不从trial推算人数。
N1,HPP_minus_HPB,secondary,R_SIM,P_nat,,bits/trial,HPP,HPB,logistic,temperature,59.0,,,,,,-0.0010786040188642,-0.0019237468192184,-0.0002465096323004,fixed_oof_no_refit; shared candidate draws,-0.0009284036745136,,SUFFICIENT_FOR_SCREEN,PASS,FAILED,NOT_EVALUABLE,N1_core_001,771fd4ec025f2d2d846cbe5eae0f8e33dc543bccb9b591b9dfba6d1931ded21e,NEGATIVE_SCREEN,未由源聚合提供的记录/试次/覆盖计数保留空值；不从trial推算人数。
N1,HPBnoise_minus_HPB,secondary,R_SIM,P_nat,,bits/trial,HPBnoise,HPB,logistic,temperature,59.0,,,,,,-0.0011142333622013,-0.0023480099603497,-1.6178569470754545e-05,fixed_oof_no_refit; shared candidate draws,-0.0010069201404791,,SUFFICIENT_FOR_SCREEN,PASS,FAILED,NOT_EVALUABLE,N1_core_001,771fd4ec025f2d2d846cbe5eae0f8e33dc543bccb9b591b9dfba6d1931ded21e,NEGATIVE_SCREEN,未由源聚合提供的记录/试次/覆盖计数保留空值；不从trial推算人数。
N1,HP_minus_HPB,secondary,R_SIM,P_nat,,bits/trial,HP,HPB,logistic,mixture_diagnostic,59.0,,,,,,-0.0013737095970137,-0.0022183243860928,-0.0005168640451774,fixed_oof_no_refit; shared candidate draws,-0.0011943352242518,-0.0010786040188642,SUFFICIENT_FOR_SCREEN,PASS,FAILED,NOT_EVALUABLE,N1_core_001,771fd4ec025f2d2d846cbe5eae0f8e33dc543bccb9b591b9dfba6d1931ded21e,NEGATIVE_SCREEN,未由源聚合提供的记录/试次/覆盖计数保留空值；不从trial推算人数。
N1,HB_minus_HPB,secondary,R_SIM,P_nat,,bits/trial,HB,HPB,logistic,mixture_diagnostic,59.0,,,,,,-0.0001516991568706,-0.0016057468094387,0.0012409803144763,fixed_oof_no_refit; shared candidate draws,-5.455803866311907e-05,,SUFFICIENT_FOR_SCREEN,PASS,FAILED,NOT_EVALUABLE,N1_core_001,771fd4ec025f2d2d846cbe5eae0f8e33dc543bccb9b591b9dfba6d1931ded21e,NEGATIVE_SCREEN,未由源聚合提供的记录/试次/覆盖计数保留空值；不从trial推算人数。
N1,H_minus_HP,secondary,R_SIM,P_nat,,bits/trial,H,HP,logistic,mixture_diagnostic,59.0,,,,,,-0.0003381717094673,-0.0018594005032982,0.0011314729225369,fixed_oof_no_refit; shared candidate draws,-0.0002000154433757,,SUFFICIENT_FOR_SCREEN,PASS,FAILED,NOT_EVALUABLE,N1_core_001,771fd4ec025f2d2d846cbe5eae0f8e33dc543bccb9b591b9dfba6d1931ded21e,NEGATIVE_SCREEN,未由源聚合提供的记录/试次/覆盖计数保留空值；不从trial推算人数。
N1,H_minus_HB,secondary,R_SIM,P_nat,,bits/trial,H,HB,logistic,mixture_diagnostic,59.0,,,,,,-0.0015601821496104,-0.0024735784018277,-0.0007069643435403,fixed_oof_no_refit; shared candidate draws,-0.0013397926289644,,SUFFICIENT_FOR_SCREEN,PASS,FAILED,NOT_EVALUABLE,N1_core_001,771fd4ec025f2d2d846cbe5eae0f8e33dc543bccb9b591b9dfba6d1931ded21e,NEGATIVE_SCREEN,未由源聚合提供的记录/试次/覆盖计数保留空值；不从trial推算人数。
N1,HPP_minus_HPB,secondary,R_SIM,P_nat,,bits/trial,HPP,HPB,logistic,mixture_diagnostic,59.0,,,,,,-0.0010786040188642,-0.0019237468192184,-0.0002465096323004,fixed_oof_no_refit; shared candidate draws,-0.0009284036745136,,SUFFICIENT_FOR_SCREEN,PASS,FAILED,NOT_EVALUABLE,N1_core_001,771fd4ec025f2d2d846cbe5eae0f8e33dc543bccb9b591b9dfba6d1931ded21e,NEGATIVE_SCREEN,未由源聚合提供的记录/试次/覆盖计数保留空值；不从trial推算人数。
N1,HPBnoise_minus_HPB,secondary,R_SIM,P_nat,,bits/trial,HPBnoise,HPB,logistic,mixture_diagnostic,59.0,,,,,,-0.0011142333622013,-0.0023480099603497,-1.6178569470754545e-05,fixed_oof_no_refit; shared candidate draws,-0.0010069201404791,,SUFFICIENT_FOR_SCREEN,PASS,FAILED,NOT_EVALUABLE,N1_core_001,771fd4ec025f2d2d846cbe5eae0f8e33dc543bccb9b591b9dfba6d1931ded21e,NEGATIVE_SCREEN,未由源聚合提供的记录/试次/覆盖计数保留空值；不从trial推算人数。
N1,HP_minus_HPB,secondary,R_SIM,P_nat,,bits/trial,HP,HPB,mlp32,raw,59.0,,,,,,-0.033306138200745,-0.0453222805234276,-0.0243603874337328,fixed_oof_no_refit; shared candidate draws,-0.033306138200745,-0.0178761776515024,SUFFICIENT_FOR_SCREEN,PASS,FAILED,NOT_EVALUABLE,N1_core_001,771fd4ec025f2d2d846cbe5eae0f8e33dc543bccb9b591b9dfba6d1931ded21e,NEGATIVE_SCREEN,未由源聚合提供的记录/试次/覆盖计数保留空值；不从trial推算人数。
N1,HB_minus_HPB,secondary,R_SIM,P_nat,,bits/trial,HB,HPB,mlp32,raw,59.0,,,,,,-0.0332458326562548,-0.0453125657324657,-0.0243097833751491,fixed_oof_no_refit; shared candidate draws,-0.0332458326562548,,SUFFICIENT_FOR_SCREEN,PASS,FAILED,NOT_EVALUABLE,N1_core_001,771fd4ec025f2d2d846cbe5eae0f8e33dc543bccb9b591b9dfba6d1931ded21e,NEGATIVE_SCREEN,未由源聚合提供的记录/试次/覆盖计数保留空值；不从trial推算人数。
N1,H_minus_HP,secondary,R_SIM,P_nat,,bits/trial,H,HP,mlp32,raw,59.0,,,,,,-0.0286163370189502,-0.0335447222729114,-0.0247039546419527,fixed_oof_no_refit; shared candidate draws,-0.0286163370189502,,SUFFICIENT_FOR_SCREEN,PASS,FAILED,NOT_EVALUABLE,N1_core_001,771fd4ec025f2d2d846cbe5eae0f8e33dc543bccb9b591b9dfba6d1931ded21e,NEGATIVE_SCREEN,未由源聚合提供的记录/试次/覆盖计数保留空值；不从trial推算人数。
N1,H_minus_HB,secondary,R_SIM,P_nat,,bits/trial,H,HB,mlp32,raw,59.0,,,,,,-0.0286766425634404,-0.0336831456340746,-0.0248505721013816,fixed_oof_no_refit; shared candidate draws,-0.0286766425634404,,SUFFICIENT_FOR_SCREEN,PASS,FAILED,NOT_EVALUABLE,N1_core_001,771fd4ec025f2d2d846cbe5eae0f8e33dc543bccb9b591b9dfba6d1931ded21e,NEGATIVE_SCREEN,未由源聚合提供的记录/试次/覆盖计数保留空值；不从trial推算人数。
N1,HPP_minus_HPB,secondary,R_SIM,P_nat,,bits/trial,HPP,HPB,mlp32,raw,59.0,,,,,,-0.0178761776515024,-0.0256392235036684,-0.0118141013444666,fixed_oof_no_refit; shared candidate draws,-0.0178761776515024,,SUFFICIENT_FOR_SCREEN,PASS,FAILED,NOT_EVALUABLE,N1_core_001,771fd4ec025f2d2d846cbe5eae0f8e33dc543bccb9b591b9dfba6d1931ded21e,NEGATIVE_SCREEN,未由源聚合提供的记录/试次/覆盖计数保留空值；不从trial推算人数。
N1,HPBnoise_minus_HPB,secondary,R_SIM,P_nat,,bits/trial,HPBnoise,HPB,mlp32,raw,59.0,,,,,,0.0085128900827135,-0.0006566572194782,0.0157494627435476,fixed_oof_no_refit; shared candidate draws,0.0085128900827135,,SUFFICIENT_FOR_SCREEN,PASS,FAILED,NOT_EVALUABLE,N1_core_001,771fd4ec025f2d2d846cbe5eae0f8e33dc543bccb9b591b9dfba6d1931ded21e,MIXED,未由源聚合提供的记录/试次/覆盖计数保留空值；不从trial推算人数。
N1,HP_minus_HPB,primary,R_SIM,P_nat,,bits/trial,HP,HPB,mlp32,temperature,59.0,,,,,,-0.0249566826589322,-0.027988789208733,-0.0221691542158125,fixed_oof_no_refit; shared candidate draws,-0.033306138200745,-0.0119874380903146,SUFFICIENT_FOR_SCREEN,PASS,FAILED,NOT_EVALUABLE,N1_core_001,771fd4ec025f2d2d846cbe5eae0f8e33dc543bccb9b591b9dfba6d1931ded21e,NEGATIVE_SCREEN,未由源聚合提供的记录/试次/覆盖计数保留空值；不从trial推算人数。
N1,HB_minus_HPB,secondary,R_SIM,P_nat,,bits/trial,HB,HPB,mlp32,temperature,59.0,,,,,,-0.0241528137667634,-0.027591464758276,-0.020944091986163,fixed_oof_no_refit; shared candidate draws,-0.0332458326562548,,SUFFICIENT_FOR_SCREEN,PASS,FAILED,NOT_EVALUABLE,N1_core_001,771fd4ec025f2d2d846cbe5eae0f8e33dc543bccb9b591b9dfba6d1931ded21e,NEGATIVE_SCREEN,未由源聚合提供的记录/试次/覆盖计数保留空值；不从trial推算人数。
N1,H_minus_HP,secondary,R_SIM,P_nat,,bits/trial,H,HP,mlp32,temperature,59.0,,,,,,-0.0289703627927619,-0.0309288080290065,-0.0267778048344708,fixed_oof_no_refit; shared candidate draws,-0.0286163370189502,,SUFFICIENT_FOR_SCREEN,PASS,FAILED,NOT_EVALUABLE,N1_core_001,771fd4ec025f2d2d846cbe5eae0f8e33dc543bccb9b591b9dfba6d1931ded21e,NEGATIVE_SCREEN,未由源聚合提供的记录/试次/覆盖计数保留空值；不从trial推算人数。
N1,H_minus_HB,secondary,R_SIM,P_nat,,bits/trial,H,HB,mlp32,temperature,59.0,,,,,,-0.0297742316849307,-0.0312765631449915,-0.0283131473587145,fixed_oof_no_refit; shared candidate draws,-0.0286766425634404,,SUFFICIENT_FOR_SCREEN,PASS,FAILED,NOT_EVALUABLE,N1_core_001,771fd4ec025f2d2d846cbe5eae0f8e33dc543bccb9b591b9dfba6d1931ded21e,NEGATIVE_SCREEN,未由源聚合提供的记录/试次/覆盖计数保留空值；不从trial推算人数。
N1,HPP_minus_HPB,secondary,R_SIM,P_nat,,bits/trial,HPP,HPB,mlp32,temperature,59.0,,,,,,-0.0119874380903146,-0.0145278597463982,-0.0094226354263356,fixed_oof_no_refit; shared candidate draws,-0.0178761776515024,,SUFFICIENT_FOR_SCREEN,PASS,FAILED,NOT_EVALUABLE,N1_core_001,771fd4ec025f2d2d846cbe5eae0f8e33dc543bccb9b591b9dfba6d1931ded21e,NEGATIVE_SCREEN,未由源聚合提供的记录/试次/覆盖计数保留空值；不从trial推算人数。
N1,HPBnoise_minus_HPB,secondary,R_SIM,P_nat,,bits/trial,HPBnoise,HPB,mlp32,temperature,59.0,,,,,,0.004886121246093,-0.0011759657678446,0.0099085427205381,fixed_oof_no_refit; shared candidate draws,0.0085128900827135,,SUFFICIENT_FOR_SCREEN,PASS,FAILED,NOT_EVALUABLE,N1_core_001,771fd4ec025f2d2d846cbe5eae0f8e33dc543bccb9b591b9dfba6d1931ded21e,MIXED,未由源聚合提供的记录/试次/覆盖计数保留空值；不从trial推算人数。
N1,HP_minus_HPB,secondary,R_SIM,P_nat,,bits/trial,HP,HPB,mlp32,mixture_diagnostic,59.0,,,,,,-0.0229266062791714,-0.0255762462490584,-0.0203696612891176,fixed_oof_no_refit; shared candidate draws,-0.033306138200745,-0.0112171619844175,SUFFICIENT_FOR_SCREEN,PASS,FAILED,NOT_EVALUABLE,N1_core_001,771fd4ec025f2d2d846cbe5eae0f8e33dc543bccb9b591b9dfba6d1931ded21e,NEGATIVE_SCREEN,未由源聚合提供的记录/试次/覆盖计数保留空值；不从trial推算人数。
N1,HB_minus_HPB,secondary,R_SIM,P_nat,,bits/trial,HB,HPB,mlp32,mixture_diagnostic,59.0,,,,,,-0.0219782651049566,-0.0249505995794469,-0.0190031940850496,fixed_oof_no_refit; shared candidate draws,-0.0332458326562548,,SUFFICIENT_FOR_SCREEN,PASS,FAILED,NOT_EVALUABLE,N1_core_001,771fd4ec025f2d2d846cbe5eae0f8e33dc543bccb9b591b9dfba6d1931ded21e,NEGATIVE_SCREEN,未由源聚合提供的记录/试次/覆盖计数保留空值；不从trial推算人数。
N1,H_minus_HP,secondary,R_SIM,P_nat,,bits/trial,H,HP,mlp32,mixture_diagnostic,59.0,,,,,,-0.0328185983031756,-0.0395381502290689,-0.0247868447122389,fixed_oof_no_refit; shared candidate draws,-0.0286163370189502,,SUFFICIENT_FOR_SCREEN,PASS,FAILED,NOT_EVALUABLE,N1_core_001,771fd4ec025f2d2d846cbe5eae0f8e33dc543bccb9b591b9dfba6d1931ded21e,NEGATIVE_SCREEN,未由源聚合提供的记录/试次/覆盖计数保留空值；不从trial推算人数。
N1,H_minus_HB,secondary,R_SIM,P_nat,,bits/trial,H,HB,mlp32,mixture_diagnostic,59.0,,,,,,-0.0337669394773904,-0.0403220859809502,-0.026018089068848,fixed_oof_no_refit; shared candidate draws,-0.0286766425634404,,SUFFICIENT_FOR_SCREEN,PASS,FAILED,NOT_EVALUABLE,N1_core_001,771fd4ec025f2d2d846cbe5eae0f8e33dc543bccb9b591b9dfba6d1931ded21e,NEGATIVE_SCREEN,未由源聚合提供的记录/试次/覆盖计数保留空值；不从trial推算人数。
N1,HPP_minus_HPB,secondary,R_SIM,P_nat,,bits/trial,HPP,HPB,mlp32,mixture_diagnostic,59.0,,,,,,-0.0112171619844175,-0.01372234884547,-0.0087810575188385,fixed_oof_no_refit; shared candidate draws,-0.0178761776515024,,SUFFICIENT_FOR_SCREEN,PASS,FAILED,NOT_EVALUABLE,N1_core_001,771fd4ec025f2d2d846cbe5eae0f8e33dc543bccb9b591b9dfba6d1931ded21e,NEGATIVE_SCREEN,未由源聚合提供的记录/试次/覆盖计数保留空值；不从trial推算人数。
N1,HPBnoise_minus_HPB,secondary,R_SIM,P_nat,,bits/trial,HPBnoise,HPB,mlp32,mixture_diagnostic,59.0,,,,,,0.0052622558223706,5.572952633651843e-05,0.0096029820704697,fixed_oof_no_refit; shared candidate draws,0.0085128900827135,,SUFFICIENT_FOR_SCREEN,PASS,FAILED,NOT_EVALUABLE,N1_core_001,771fd4ec025f2d2d846cbe5eae0f8e33dc543bccb9b591b9dfba6d1931ded21e,SUPPORTED_SIGNAL,未由源聚合提供的记录/试次/覆盖计数保留空值；不从trial推算人数。
N1,HP_minus_HPB,secondary,R_SIM,P_bal,,bits/trial,HP,HPB,logistic,raw,59.0,,,,,,-0.0019643321045368,-0.0027502957151881,-0.0011643342920075,fixed_oof_no_refit; shared candidate draws,-0.0019643321045368,-0.0016686285516187,SUFFICIENT_FOR_SCREEN,PASS,FAILED,NOT_EVALUABLE,N1_core_001,771fd4ec025f2d2d846cbe5eae0f8e33dc543bccb9b591b9dfba6d1931ded21e,NEGATIVE_SCREEN,未由源聚合提供的记录/试次/覆盖计数保留空值；不从trial推算人数。
N1,HB_minus_HPB,secondary,R_SIM,P_bal,,bits/trial,HB,HPB,logistic,raw,59.0,,,,,,8.046888989626893e-05,-0.001588333982472,0.0016550272307899,fixed_oof_no_refit; shared candidate draws,8.046888989626893e-05,,SUFFICIENT_FOR_SCREEN,PASS,FAILED,NOT_EVALUABLE,N1_core_001,771fd4ec025f2d2d846cbe5eae0f8e33dc543bccb9b591b9dfba6d1931ded21e,MIXED,未由源聚合提供的记录/试次/覆盖计数保留空值；不从trial推算人数。
N1,H_minus_HP,secondary,R_SIM,P_bal,,bits/trial,H,HP,logistic,raw,59.0,,,,,,1.392911918490686e-05,-0.0016705755113627,0.0015907888581925,fixed_oof_no_refit; shared candidate draws,1.392911918490686e-05,,SUFFICIENT_FOR_SCREEN,PASS,FAILED,NOT_EVALUABLE,N1_core_001,771fd4ec025f2d2d846cbe5eae0f8e33dc543bccb9b591b9dfba6d1931ded21e,MIXED,未由源聚合提供的记录/试次/覆盖计数保留空值；不从trial推算人数。
N1,H_minus_HB,secondary,R_SIM,P_bal,,bits/trial,H,HB,logistic,raw,59.0,,,,,,-0.0020308718752482,-0.0028922832091388,-0.0011736937736696,fixed_oof_no_refit; shared candidate draws,-0.0020308718752482,,SUFFICIENT_FOR_SCREEN,PASS,FAILED,NOT_EVALUABLE,N1_core_001,771fd4ec025f2d2d846cbe5eae0f8e33dc543bccb9b591b9dfba6d1931ded21e,NEGATIVE_SCREEN,未由源聚合提供的记录/试次/覆盖计数保留空值；不从trial推算人数。
N1,HPP_minus_HPB,secondary,R_SIM,P_bal,,bits/trial,HPP,HPB,logistic,raw,59.0,,,,,,-0.0016686285516187,-0.0025013681563066,-0.0008415476936983,fixed_oof_no_refit; shared candidate draws,-0.0016686285516187,,SUFFICIENT_FOR_SCREEN,PASS,FAILED,NOT_EVALUABLE,N1_core_001,771fd4ec025f2d2d846cbe5eae0f8e33dc543bccb9b591b9dfba6d1931ded21e,NEGATIVE_SCREEN,未由源聚合提供的记录/试次/覆盖计数保留空值；不从trial推算人数。
N1,HPBnoise_minus_HPB,secondary,R_SIM,P_bal,,bits/trial,HPBnoise,HPB,logistic,raw,59.0,,,,,,-0.0013000413528724,-0.0024118431528726,-0.0001237226353737,fixed_oof_no_refit; shared candidate draws,-0.0013000413528724,,SUFFICIENT_FOR_SCREEN,PASS,FAILED,NOT_EVALUABLE,N1_core_001,771fd4ec025f2d2d846cbe5eae0f8e33dc543bccb9b591b9dfba6d1931ded21e,NEGATIVE_SCREEN,未由源聚合提供的记录/试次/覆盖计数保留空值；不从trial推算人数。
N1,HP_minus_HPB,secondary,R_SIM,P_bal,,bits/trial,HP,HPB,logistic,temperature,59.0,,,,,,-0.0020314642566158,-0.0035138265427783,0.0001554611663781,fixed_oof_no_refit; shared candidate draws,-0.0019643321045368,-0.0017541201503801,SUFFICIENT_FOR_SCREEN,PASS,FAILED,NOT_EVALUABLE,N1_core_001,771fd4ec025f2d2d846cbe5eae0f8e33dc543bccb9b591b9dfba6d1931ded21e,NEGATIVE_SCREEN,未由源聚合提供的记录/试次/覆盖计数保留空值；不从trial推算人数。
N1,HB_minus_HPB,secondary,R_SIM,P_bal,,bits/trial,HB,HPB,logistic,temperature,59.0,,,,,,-7.743969980731121e-05,-0.002419671794012,0.0022333117905842,fixed_oof_no_refit; shared candidate draws,8.046888989626893e-05,,SUFFICIENT_FOR_SCREEN,PASS,FAILED,NOT_EVALUABLE,N1_core_001,771fd4ec025f2d2d846cbe5eae0f8e33dc543bccb9b591b9dfba6d1931ded21e,NEGATIVE_SCREEN,未由源聚合提供的记录/试次/覆盖计数保留空值；不从trial推算人数。
N1,H_minus_HP,secondary,R_SIM,P_bal,,bits/trial,H,HP,logistic,temperature,59.0,,,,,,-0.0002756329409385,-0.0025648106613365,0.0020228224838984,fixed_oof_no_refit; shared candidate draws,1.392911918490686e-05,,SUFFICIENT_FOR_SCREEN,PASS,FAILED,NOT_EVALUABLE,N1_core_001,771fd4ec025f2d2d846cbe5eae0f8e33dc543bccb9b591b9dfba6d1931ded21e,NEGATIVE_SCREEN,未由源聚合提供的记录/试次/覆盖计数保留空值；不从trial推算人数。
N1,H_minus_HB,secondary,R_SIM,P_bal,,bits/trial,H,HB,logistic,temperature,59.0,,,,,,-0.0022296574977471,-0.0037810135212303,-0.0001823820082526,fixed_oof_no_refit; shared candidate draws,-0.0020308718752482,,SUFFICIENT_FOR_SCREEN,PASS,FAILED,NOT_EVALUABLE,N1_core_001,771fd4ec025f2d2d846cbe5eae0f8e33dc543bccb9b591b9dfba6d1931ded21e,NEGATIVE_SCREEN,未由源聚合提供的记录/试次/覆盖计数保留空值；不从trial推算人数。
N1,HPP_minus_HPB,secondary,R_SIM,P_bal,,bits/trial,HPP,HPB,logistic,temperature,59.0,,,,,,-0.0017541201503801,-0.0029859193743024,-7.55357180812987e-05,fixed_oof_no_refit; shared candidate draws,-0.0016686285516187,,SUFFICIENT_FOR_SCREEN,PASS,FAILED,NOT_EVALUABLE,N1_core_001,771fd4ec025f2d2d846cbe5eae0f8e33dc543bccb9b591b9dfba6d1931ded21e,NEGATIVE_SCREEN,未由源聚合提供的记录/试次/覆盖计数保留空值；不从trial推算人数。
N1,HPBnoise_minus_HPB,secondary,R_SIM,P_bal,,bits/trial,HPBnoise,HPB,logistic,temperature,59.0,,,,,,-0.0013352210836806,-0.0025770790337422,1.8838335968834616e-05,fixed_oof_no_refit; shared candidate draws,-0.0013000413528724,,SUFFICIENT_FOR_SCREEN,PASS,FAILED,NOT_EVALUABLE,N1_core_001,771fd4ec025f2d2d846cbe5eae0f8e33dc543bccb9b591b9dfba6d1931ded21e,NEGATIVE_SCREEN,未由源聚合提供的记录/试次/覆盖计数保留空值；不从trial推算人数。
N1,HP_minus_HPB,secondary,R_SIM,P_bal,,bits/trial,HP,HPB,logistic,mixture_diagnostic,59.0,,,,,,-0.0020314642566158,-0.0035138265427783,0.0001554611663781,fixed_oof_no_refit; shared candidate draws,-0.0019643321045368,-0.0017541201503801,SUFFICIENT_FOR_SCREEN,PASS,FAILED,NOT_EVALUABLE,N1_core_001,771fd4ec025f2d2d846cbe5eae0f8e33dc543bccb9b591b9dfba6d1931ded21e,NEGATIVE_SCREEN,未由源聚合提供的记录/试次/覆盖计数保留空值；不从trial推算人数。
N1,HB_minus_HPB,secondary,R_SIM,P_bal,,bits/trial,HB,HPB,logistic,mixture_diagnostic,59.0,,,,,,-7.743969980731121e-05,-0.002419671794012,0.0022333117905842,fixed_oof_no_refit; shared candidate draws,8.046888989626893e-05,,SUFFICIENT_FOR_SCREEN,PASS,FAILED,NOT_EVALUABLE,N1_core_001,771fd4ec025f2d2d846cbe5eae0f8e33dc543bccb9b591b9dfba6d1931ded21e,NEGATIVE_SCREEN,未由源聚合提供的记录/试次/覆盖计数保留空值；不从trial推算人数。
N1,H_minus_HP,secondary,R_SIM,P_bal,,bits/trial,H,HP,logistic,mixture_diagnostic,59.0,,,,,,-0.0002756329409385,-0.0025648106613365,0.0020228224838984,fixed_oof_no_refit; shared candidate draws,1.392911918490686e-05,,SUFFICIENT_FOR_SCREEN,PASS,FAILED,NOT_EVALUABLE,N1_core_001,771fd4ec025f2d2d846cbe5eae0f8e33dc543bccb9b591b9dfba6d1931ded21e,NEGATIVE_SCREEN,未由源聚合提供的记录/试次/覆盖计数保留空值；不从trial推算人数。
N1,H_minus_HB,secondary,R_SIM,P_bal,,bits/trial,H,HB,logistic,mixture_diagnostic,59.0,,,,,,-0.0022296574977471,-0.0037810135212303,-0.0001823820082526,fixed_oof_no_refit; shared candidate draws,-0.0020308718752482,,SUFFICIENT_FOR_SCREEN,PASS,FAILED,NOT_EVALUABLE,N1_core_001,771fd4ec025f2d2d846cbe5eae0f8e33dc543bccb9b591b9dfba6d1931ded21e,NEGATIVE_SCREEN,未由源聚合提供的记录/试次/覆盖计数保留空值；不从trial推算人数。
N1,HPP_minus_HPB,secondary,R_SIM,P_bal,,bits/trial,HPP,HPB,logistic,mixture_diagnostic,59.0,,,,,,-0.0017541201503801,-0.0029859193743024,-7.55357180812987e-05,fixed_oof_no_refit; shared candidate draws,-0.0016686285516187,,SUFFICIENT_FOR_SCREEN,PASS,FAILED,NOT_EVALUABLE,N1_core_001,771fd4ec025f2d2d846cbe5eae0f8e33dc543bccb9b591b9dfba6d1931ded21e,NEGATIVE_SCREEN,未由源聚合提供的记录/试次/覆盖计数保留空值；不从trial推算人数。
N1,HPBnoise_minus_HPB,secondary,R_SIM,P_bal,,bits/trial,HPBnoise,HPB,logistic,mixture_diagnostic,59.0,,,,,,-0.0013352210836806,-0.0025770790337422,1.8838335968834616e-05,fixed_oof_no_refit; shared candidate draws,-0.0013000413528724,,SUFFICIENT_FOR_SCREEN,PASS,FAILED,NOT_EVALUABLE,N1_core_001,771fd4ec025f2d2d846cbe5eae0f8e33dc543bccb9b591b9dfba6d1931ded21e,NEGATIVE_SCREEN,未由源聚合提供的记录/试次/覆盖计数保留空值；不从trial推算人数。
N1,HP_minus_HPB,secondary,R_SIM,P_bal,,bits/trial,HP,HPB,mlp32,raw,59.0,,,,,,-0.1126173307723094,-0.1365613643922981,-0.094878800968934,fixed_oof_no_refit; shared candidate draws,-0.1126173307723094,-0.0807429761344251,SUFFICIENT_FOR_SCREEN,PASS,FAILED,NOT_EVALUABLE,N1_core_001,771fd4ec025f2d2d846cbe5eae0f8e33dc543bccb9b591b9dfba6d1931ded21e,NEGATIVE_SCREEN,未由源聚合提供的记录/试次/覆盖计数保留空值；不从trial推算人数。
N1,HB_minus_HPB,secondary,R_SIM,P_bal,,bits/trial,HB,HPB,mlp32,raw,59.0,,,,,,-0.1178214969805399,-0.1380248339956508,-0.101955820989716,fixed_oof_no_refit; shared candidate draws,-0.1178214969805399,,SUFFICIENT_FOR_SCREEN,PASS,FAILED,NOT_EVALUABLE,N1_core_001,771fd4ec025f2d2d846cbe5eae0f8e33dc543bccb9b591b9dfba6d1931ded21e,NEGATIVE_SCREEN,未由源聚合提供的记录/试次/覆盖计数保留空值；不从trial推算人数。
N1,H_minus_HP,secondary,R_SIM,P_bal,,bits/trial,H,HP,mlp32,raw,59.0,,,,,,-0.0833304777025169,-0.0884937114172703,-0.0777792477755801,fixed_oof_no_refit; shared candidate draws,-0.0833304777025169,,SUFFICIENT_FOR_SCREEN,PASS,FAILED,NOT_EVALUABLE,N1_core_001,771fd4ec025f2d2d846cbe5eae0f8e33dc543bccb9b591b9dfba6d1931ded21e,NEGATIVE_SCREEN,未由源聚合提供的记录/试次/覆盖计数保留空值；不从trial推算人数。
N1,H_minus_HB,secondary,R_SIM,P_bal,,bits/trial,H,HB,mlp32,raw,59.0,,,,,,-0.0781263114942864,-0.0857106398496286,-0.0713910806078162,fixed_oof_no_refit; shared candidate draws,-0.0781263114942864,,SUFFICIENT_FOR_SCREEN,PASS,FAILED,NOT_EVALUABLE,N1_core_001,771fd4ec025f2d2d846cbe5eae0f8e33dc543bccb9b591b9dfba6d1931ded21e,NEGATIVE_SCREEN,未由源聚合提供的记录/试次/覆盖计数保留空值；不从trial推算人数。
N1,HPP_minus_HPB,secondary,R_SIM,P_bal,,bits/trial,HPP,HPB,mlp32,raw,59.0,,,,,,-0.0807429761344251,-0.093905928215083,-0.0695529176480849,fixed_oof_no_refit; shared candidate draws,-0.0807429761344251,,SUFFICIENT_FOR_SCREEN,PASS,FAILED,NOT_EVALUABLE,N1_core_001,771fd4ec025f2d2d846cbe5eae0f8e33dc543bccb9b591b9dfba6d1931ded21e,NEGATIVE_SCREEN,未由源聚合提供的记录/试次/覆盖计数保留空值；不从trial推算人数。
N1,HPBnoise_minus_HPB,secondary,R_SIM,P_bal,,bits/trial,HPBnoise,HPB,mlp32,raw,59.0,,,,,,0.0291660302673013,0.0164200766010813,0.042550030406741,fixed_oof_no_refit; shared candidate draws,0.0291660302673013,,SUFFICIENT_FOR_SCREEN,PASS,FAILED,NOT_EVALUABLE,N1_core_001,771fd4ec025f2d2d846cbe5eae0f8e33dc543bccb9b591b9dfba6d1931ded21e,SUPPORTED_SIGNAL,未由源聚合提供的记录/试次/覆盖计数保留空值；不从trial推算人数。
N1,HP_minus_HPB,secondary,R_SIM,P_bal,,bits/trial,HP,HPB,mlp32,temperature,59.0,,,,,,-0.0461014608278114,-0.051645075661909,-0.0394249332709563,fixed_oof_no_refit; shared candidate draws,-0.1126173307723094,-0.0290348498557376,SUFFICIENT_FOR_SCREEN,PASS,FAILED,NOT_EVALUABLE,N1_core_001,771fd4ec025f2d2d846cbe5eae0f8e33dc543bccb9b591b9dfba6d1931ded21e,NEGATIVE_SCREEN,未由源聚合提供的记录/试次/覆盖计数保留空值；不从trial推算人数。
N1,HB_minus_HPB,secondary,R_SIM,P_bal,,bits/trial,HB,HPB,mlp32,temperature,59.0,,,,,,-0.047053413037895,-0.054952376471046,-0.0357665855595078,fixed_oof_no_refit; shared candidate draws,-0.1178214969805399,,SUFFICIENT_FOR_SCREEN,PASS,FAILED,NOT_EVALUABLE,N1_core_001,771fd4ec025f2d2d846cbe5eae0f8e33dc543bccb9b591b9dfba6d1931ded21e,NEGATIVE_SCREEN,未由源聚合提供的记录/试次/覆盖计数保留空值；不从trial推算人数。
N1,H_minus_HP,secondary,R_SIM,P_bal,,bits/trial,H,HP,mlp32,temperature,59.0,,,,,,-0.0672816706983521,-0.085102381020162,-0.0383919580504121,fixed_oof_no_refit; shared candidate draws,-0.0833304777025169,,SUFFICIENT_FOR_SCREEN,PASS,FAILED,NOT_EVALUABLE,N1_core_001,771fd4ec025f2d2d846cbe5eae0f8e33dc543bccb9b591b9dfba6d1931ded21e,NEGATIVE_SCREEN,未由源聚合提供的记录/试次/覆盖计数保留空值；不从trial推算人数。
N1,H_minus_HB,secondary,R_SIM,P_bal,,bits/trial,H,HB,mlp32,temperature,59.0,,,,,,-0.0663297184882685,-0.0819174850335027,-0.0411653903287389,fixed_oof_no_refit; shared candidate draws,-0.0781263114942864,,SUFFICIENT_FOR_SCREEN,PASS,FAILED,NOT_EVALUABLE,N1_core_001,771fd4ec025f2d2d846cbe5eae0f8e33dc543bccb9b591b9dfba6d1931ded21e,NEGATIVE_SCREEN,未由源聚合提供的记录/试次/覆盖计数保留空值；不从trial推算人数。
N1,HPP_minus_HPB,secondary,R_SIM,P_bal,,bits/trial,HPP,HPB,mlp32,temperature,59.0,,,,,,-0.0290348498557376,-0.0336387673526832,-0.0233134158462269,fixed_oof_no_refit; shared candidate draws,-0.0807429761344251,,SUFFICIENT_FOR_SCREEN,PASS,FAILED,NOT_EVALUABLE,N1_core_001,771fd4ec025f2d2d846cbe5eae0f8e33dc543bccb9b591b9dfba6d1931ded21e,NEGATIVE_SCREEN,未由源聚合提供的记录/试次/覆盖计数保留空值；不从trial推算人数。
N1,HPBnoise_minus_HPB,secondary,R_SIM,P_bal,,bits/trial,HPBnoise,HPB,mlp32,temperature,59.0,,,,,,0.0089850732394735,0.0035834063775061,0.0144102521771332,fixed_oof_no_refit; shared candidate draws,0.0291660302673013,,SUFFICIENT_FOR_SCREEN,PASS,FAILED,NOT_EVALUABLE,N1_core_001,771fd4ec025f2d2d846cbe5eae0f8e33dc543bccb9b591b9dfba6d1931ded21e,SUPPORTED_SIGNAL,未由源聚合提供的记录/试次/覆盖计数保留空值；不从trial推算人数。
N1,HP_minus_HPB,secondary,R_SIM,P_bal,,bits/trial,HP,HPB,mlp32,mixture_diagnostic,59.0,,,,,,-0.0461014608278114,-0.051645075661909,-0.0394249332709563,fixed_oof_no_refit; shared candidate draws,-0.1126173307723094,-0.0290348498557376,SUFFICIENT_FOR_SCREEN,PASS,FAILED,NOT_EVALUABLE,N1_core_001,771fd4ec025f2d2d846cbe5eae0f8e33dc543bccb9b591b9dfba6d1931ded21e,NEGATIVE_SCREEN,未由源聚合提供的记录/试次/覆盖计数保留空值；不从trial推算人数。
N1,HB_minus_HPB,secondary,R_SIM,P_bal,,bits/trial,HB,HPB,mlp32,mixture_diagnostic,59.0,,,,,,-0.047053413037895,-0.054952376471046,-0.0357665855595078,fixed_oof_no_refit; shared candidate draws,-0.1178214969805399,,SUFFICIENT_FOR_SCREEN,PASS,FAILED,NOT_EVALUABLE,N1_core_001,771fd4ec025f2d2d846cbe5eae0f8e33dc543bccb9b591b9dfba6d1931ded21e,NEGATIVE_SCREEN,未由源聚合提供的记录/试次/覆盖计数保留空值；不从trial推算人数。
N1,H_minus_HP,secondary,R_SIM,P_bal,,bits/trial,H,HP,mlp32,mixture_diagnostic,59.0,,,,,,-0.0672816706983521,-0.085102381020162,-0.0383919580504121,fixed_oof_no_refit; shared candidate draws,-0.0833304777025169,,SUFFICIENT_FOR_SCREEN,PASS,FAILED,NOT_EVALUABLE,N1_core_001,771fd4ec025f2d2d846cbe5eae0f8e33dc543bccb9b591b9dfba6d1931ded21e,NEGATIVE_SCREEN,未由源聚合提供的记录/试次/覆盖计数保留空值；不从trial推算人数。
N1,H_minus_HB,secondary,R_SIM,P_bal,,bits/trial,H,HB,mlp32,mixture_diagnostic,59.0,,,,,,-0.0663297184882685,-0.0819174850335027,-0.0411653903287389,fixed_oof_no_refit; shared candidate draws,-0.0781263114942864,,SUFFICIENT_FOR_SCREEN,PASS,FAILED,NOT_EVALUABLE,N1_core_001,771fd4ec025f2d2d846cbe5eae0f8e33dc543bccb9b591b9dfba6d1931ded21e,NEGATIVE_SCREEN,未由源聚合提供的记录/试次/覆盖计数保留空值；不从trial推算人数。
N1,HPP_minus_HPB,secondary,R_SIM,P_bal,,bits/trial,HPP,HPB,mlp32,mixture_diagnostic,59.0,,,,,,-0.0290348498557376,-0.0336387673526832,-0.0233134158462269,fixed_oof_no_refit; shared candidate draws,-0.0807429761344251,,SUFFICIENT_FOR_SCREEN,PASS,FAILED,NOT_EVALUABLE,N1_core_001,771fd4ec025f2d2d846cbe5eae0f8e33dc543bccb9b591b9dfba6d1931ded21e,NEGATIVE_SCREEN,未由源聚合提供的记录/试次/覆盖计数保留空值；不从trial推算人数。
N1,HPBnoise_minus_HPB,secondary,R_SIM,P_bal,,bits/trial,HPBnoise,HPB,mlp32,mixture_diagnostic,59.0,,,,,,0.0089850732394735,0.0035834063775061,0.0144102521771332,fixed_oof_no_refit; shared candidate draws,0.0291660302673013,,SUFFICIENT_FOR_SCREEN,PASS,FAILED,NOT_EVALUABLE,N1_core_001,771fd4ec025f2d2d846cbe5eae0f8e33dc543bccb9b591b9dfba6d1931ded21e,SUPPORTED_SIGNAL,未由源聚合提供的记录/试次/覆盖计数保留空值；不从trial推算人数。
N1,HP_minus_HPB,secondary,L0,P_nat,,bits/trial,HP,HPB,logistic,raw,59.0,,,,,,-0.0006951041640066,-0.0010549721175991,-0.0003273752548765,fixed_oof_no_refit; shared candidate draws,-0.0006951041640066,-0.0006516340003798,SUFFICIENT_FOR_SCREEN,PASS,FAILED,NOT_EVALUABLE,N1_core_001,771fd4ec025f2d2d846cbe5eae0f8e33dc543bccb9b591b9dfba6d1931ded21e,NEGATIVE_SCREEN,未由源聚合提供的记录/试次/覆盖计数保留空值；不从trial推算人数。
N1,HB_minus_HPB,secondary,L0,P_nat,,bits/trial,HB,HPB,logistic,raw,59.0,,,,,,-0.0002916706371407,-0.0016936155762131,0.0010148125801989,fixed_oof_no_refit; shared candidate draws,-0.0002916706371407,,SUFFICIENT_FOR_SCREEN,PASS,FAILED,NOT_EVALUABLE,N1_core_001,771fd4ec025f2d2d846cbe5eae0f8e33dc543bccb9b591b9dfba6d1931ded21e,NEGATIVE_SCREEN,未由源聚合提供的记录/试次/覆盖计数保留空值；不从trial推算人数。
N1,H_minus_HP,secondary,L0,P_nat,,bits/trial,H,HP,logistic,raw,59.0,,,,,,-0.0003306781398685,-0.0017642916758044,0.001016282008306,fixed_oof_no_refit; shared candidate draws,-0.0003306781398685,,SUFFICIENT_FOR_SCREEN,PASS,FAILED,NOT_EVALUABLE,N1_core_001,771fd4ec025f2d2d846cbe5eae0f8e33dc543bccb9b591b9dfba6d1931ded21e,NEGATIVE_SCREEN,未由源聚合提供的记录/试次/覆盖计数保留空值；不从trial推算人数。
N1,H_minus_HB,secondary,L0,P_nat,,bits/trial,H,HB,logistic,raw,59.0,,,,,,-0.0007341116667344,-0.001111622200714,-0.0003872312526979,fixed_oof_no_refit; shared candidate draws,-0.0007341116667344,,SUFFICIENT_FOR_SCREEN,PASS,FAILED,NOT_EVALUABLE,N1_core_001,771fd4ec025f2d2d846cbe5eae0f8e33dc543bccb9b591b9dfba6d1931ded21e,NEGATIVE_SCREEN,未由源聚合提供的记录/试次/覆盖计数保留空值；不从trial推算人数。
N1,HPP_minus_HPB,secondary,L0,P_nat,,bits/trial,HPP,HPB,logistic,raw,59.0,,,,,,-0.0006516340003798,-0.0010056109976508,-0.0002925871530437,fixed_oof_no_refit; shared candidate draws,-0.0006516340003798,,SUFFICIENT_FOR_SCREEN,PASS,FAILED,NOT_EVALUABLE,N1_core_001,771fd4ec025f2d2d846cbe5eae0f8e33dc543bccb9b591b9dfba6d1931ded21e,NEGATIVE_SCREEN,未由源聚合提供的记录/试次/覆盖计数保留空值；不从trial推算人数。
N1,HPBnoise_minus_HPB,secondary,L0,P_nat,,bits/trial,HPBnoise,HPB,logistic,raw,59.0,,,,,,-0.0004838820584467,-0.0011217555780045,0.0001392009169024,fixed_oof_no_refit; shared candidate draws,-0.0004838820584467,,SUFFICIENT_FOR_SCREEN,PASS,FAILED,NOT_EVALUABLE,N1_core_001,771fd4ec025f2d2d846cbe5eae0f8e33dc543bccb9b591b9dfba6d1931ded21e,NEGATIVE_SCREEN,未由源聚合提供的记录/试次/覆盖计数保留空值；不从trial推算人数。
N1,HP_minus_HPB,secondary,L0,P_nat,,bits/trial,HP,HPB,logistic,temperature,59.0,,,,,,-0.0007196143005444,-0.001282512178018,-5.622536403208997e-05,fixed_oof_no_refit; shared candidate draws,-0.0006951041640066,-0.0006717854033167,SUFFICIENT_FOR_SCREEN,PASS,FAILED,NOT_EVALUABLE,N1_core_001,771fd4ec025f2d2d846cbe5eae0f8e33dc543bccb9b591b9dfba6d1931ded21e,NEGATIVE_SCREEN,未由源聚合提供的记录/试次/覆盖计数保留空值；不从trial推算人数。
N1,HB_minus_HPB,secondary,L0,P_nat,,bits/trial,HB,HPB,logistic,temperature,59.0,,,,,,-0.0004786276476508,-0.0021449091245006,0.0010635881372637,fixed_oof_no_refit; shared candidate draws,-0.0002916706371407,,SUFFICIENT_FOR_SCREEN,PASS,FAILED,NOT_EVALUABLE,N1_core_001,771fd4ec025f2d2d846cbe5eae0f8e33dc543bccb9b591b9dfba6d1931ded21e,NEGATIVE_SCREEN,未由源聚合提供的记录/试次/覆盖计数保留空值；不从trial推算人数。
N1,H_minus_HP,secondary,L0,P_nat,,bits/trial,H,HP,logistic,temperature,59.0,,,,,,-0.0005291547245797,-0.0022352368195364,0.0010299293357882,fixed_oof_no_refit; shared candidate draws,-0.0003306781398685,,SUFFICIENT_FOR_SCREEN,PASS,FAILED,NOT_EVALUABLE,N1_core_001,771fd4ec025f2d2d846cbe5eae0f8e33dc543bccb9b591b9dfba6d1931ded21e,NEGATIVE_SCREEN,未由源聚合提供的记录/试次/覆盖计数保留空值；不从trial推算人数。
N1,H_minus_HB,secondary,L0,P_nat,,bits/trial,H,HB,logistic,temperature,59.0,,,,,,-0.0007701413774733,-0.00129119012788,-0.0002076296177583,fixed_oof_no_refit; shared candidate draws,-0.0007341116667344,,SUFFICIENT_FOR_SCREEN,PASS,FAILED,NOT_EVALUABLE,N1_core_001,771fd4ec025f2d2d846cbe5eae0f8e33dc543bccb9b591b9dfba6d1931ded21e,NEGATIVE_SCREEN,未由源聚合提供的记录/试次/覆盖计数保留空值；不从trial推算人数。
N1,HPP_minus_HPB,secondary,L0,P_nat,,bits/trial,HPP,HPB,logistic,temperature,59.0,,,,,,-0.0006717854033167,-0.0012098079897938,-5.125159585697594e-05,fixed_oof_no_refit; shared candidate draws,-0.0006516340003798,,SUFFICIENT_FOR_SCREEN,PASS,FAILED,NOT_EVALUABLE,N1_core_001,771fd4ec025f2d2d846cbe5eae0f8e33dc543bccb9b591b9dfba6d1931ded21e,NEGATIVE_SCREEN,未由源聚合提供的记录/试次/覆盖计数保留空值；不从trial推算人数。
N1,HPBnoise_minus_HPB,secondary,L0,P_nat,,bits/trial,HPBnoise,HPB,logistic,temperature,59.0,,,,,,-0.0004611953131113,-0.001182498322621,0.000245021580522,fixed_oof_no_refit; shared candidate draws,-0.0004838820584467,,SUFFICIENT_FOR_SCREEN,PASS,FAILED,NOT_EVALUABLE,N1_core_001,771fd4ec025f2d2d846cbe5eae0f8e33dc543bccb9b591b9dfba6d1931ded21e,NEGATIVE_SCREEN,未由源聚合提供的记录/试次/覆盖计数保留空值；不从trial推算人数。
N1,HP_minus_HPB,secondary,L0,P_nat,,bits/trial,HP,HPB,logistic,mixture_diagnostic,59.0,,,,,,-0.0007196143005444,-0.001282512178018,-5.622536403208997e-05,fixed_oof_no_refit; shared candidate draws,-0.0006951041640066,-0.0006717854033167,SUFFICIENT_FOR_SCREEN,PASS,FAILED,NOT_EVALUABLE,N1_core_001,771fd4ec025f2d2d846cbe5eae0f8e33dc543bccb9b591b9dfba6d1931ded21e,NEGATIVE_SCREEN,未由源聚合提供的记录/试次/覆盖计数保留空值；不从trial推算人数。
N1,HB_minus_HPB,secondary,L0,P_nat,,bits/trial,HB,HPB,logistic,mixture_diagnostic,59.0,,,,,,-0.0004786276476508,-0.0021449091245006,0.0010635881372637,fixed_oof_no_refit; shared candidate draws,-0.0002916706371407,,SUFFICIENT_FOR_SCREEN,PASS,FAILED,NOT_EVALUABLE,N1_core_001,771fd4ec025f2d2d846cbe5eae0f8e33dc543bccb9b591b9dfba6d1931ded21e,NEGATIVE_SCREEN,未由源聚合提供的记录/试次/覆盖计数保留空值；不从trial推算人数。
N1,H_minus_HP,secondary,L0,P_nat,,bits/trial,H,HP,logistic,mixture_diagnostic,59.0,,,,,,-0.0005291547245797,-0.0022352368195364,0.0010299293357882,fixed_oof_no_refit; shared candidate draws,-0.0003306781398685,,SUFFICIENT_FOR_SCREEN,PASS,FAILED,NOT_EVALUABLE,N1_core_001,771fd4ec025f2d2d846cbe5eae0f8e33dc543bccb9b591b9dfba6d1931ded21e,NEGATIVE_SCREEN,未由源聚合提供的记录/试次/覆盖计数保留空值；不从trial推算人数。
N1,H_minus_HB,secondary,L0,P_nat,,bits/trial,H,HB,logistic,mixture_diagnostic,59.0,,,,,,-0.0007701413774733,-0.00129119012788,-0.0002076296177583,fixed_oof_no_refit; shared candidate draws,-0.0007341116667344,,SUFFICIENT_FOR_SCREEN,PASS,FAILED,NOT_EVALUABLE,N1_core_001,771fd4ec025f2d2d846cbe5eae0f8e33dc543bccb9b591b9dfba6d1931ded21e,NEGATIVE_SCREEN,未由源聚合提供的记录/试次/覆盖计数保留空值；不从trial推算人数。
N1,HPP_minus_HPB,secondary,L0,P_nat,,bits/trial,HPP,HPB,logistic,mixture_diagnostic,59.0,,,,,,-0.0006717854033167,-0.0012098079897938,-5.125159585697594e-05,fixed_oof_no_refit; shared candidate draws,-0.0006516340003798,,SUFFICIENT_FOR_SCREEN,PASS,FAILED,NOT_EVALUABLE,N1_core_001,771fd4ec025f2d2d846cbe5eae0f8e33dc543bccb9b591b9dfba6d1931ded21e,NEGATIVE_SCREEN,未由源聚合提供的记录/试次/覆盖计数保留空值；不从trial推算人数。
N1,HPBnoise_minus_HPB,secondary,L0,P_nat,,bits/trial,HPBnoise,HPB,logistic,mixture_diagnostic,59.0,,,,,,-0.0004611953131113,-0.001182498322621,0.000245021580522,fixed_oof_no_refit; shared candidate draws,-0.0004838820584467,,SUFFICIENT_FOR_SCREEN,PASS,FAILED,NOT_EVALUABLE,N1_core_001,771fd4ec025f2d2d846cbe5eae0f8e33dc543bccb9b591b9dfba6d1931ded21e,NEGATIVE_SCREEN,未由源聚合提供的记录/试次/覆盖计数保留空值；不从trial推算人数。
N1,HP_minus_HPB,secondary,L0,P_bal,,bits/trial,HP,HPB,logistic,raw,59.0,,,,,,-0.0013781072113164,-0.002000554644529,-0.0007894383629387,fixed_oof_no_refit; shared candidate draws,-0.0013781072113164,-0.0013318989274108,SUFFICIENT_FOR_SCREEN,PASS,FAILED,NOT_EVALUABLE,N1_core_001,771fd4ec025f2d2d846cbe5eae0f8e33dc543bccb9b591b9dfba6d1931ded21e,NEGATIVE_SCREEN,未由源聚合提供的记录/试次/覆盖计数保留空值；不从trial推算人数。
N1,HB_minus_HPB,secondary,L0,P_bal,,bits/trial,HB,HPB,logistic,raw,59.0,,,,,,-0.0002976428074867,-0.0022057555215256,0.001487994451044,fixed_oof_no_refit; shared candidate draws,-0.0002976428074867,,SUFFICIENT_FOR_SCREEN,PASS,FAILED,NOT_EVALUABLE,N1_core_001,771fd4ec025f2d2d846cbe5eae0f8e33dc543bccb9b591b9dfba6d1931ded21e,NEGATIVE_SCREEN,未由源聚合提供的记录/试次/覆盖计数保留空值；不从trial推算人数。
N1,H_minus_HP,secondary,L0,P_bal,,bits/trial,H,HP,logistic,raw,59.0,,,,,,-0.000258326831448,-0.0022715394985196,0.0015698746216501,fixed_oof_no_refit; shared candidate draws,-0.000258326831448,,SUFFICIENT_FOR_SCREEN,PASS,FAILED,NOT_EVALUABLE,N1_core_001,771fd4ec025f2d2d846cbe5eae0f8e33dc543bccb9b591b9dfba6d1931ded21e,NEGATIVE_SCREEN,未由源聚合提供的记录/试次/覆盖计数保留空值；不从trial推算人数。
N1,H_minus_HB,secondary,L0,P_bal,,bits/trial,H,HB,logistic,raw,59.0,,,,,,-0.0013387912352777,-0.001973720520493,-0.0007599679745803,fixed_oof_no_refit; shared candidate draws,-0.0013387912352777,,SUFFICIENT_FOR_SCREEN,PASS,FAILED,NOT_EVALUABLE,N1_core_001,771fd4ec025f2d2d846cbe5eae0f8e33dc543bccb9b591b9dfba6d1931ded21e,NEGATIVE_SCREEN,未由源聚合提供的记录/试次/覆盖计数保留空值；不从trial推算人数。
N1,HPP_minus_HPB,secondary,L0,P_bal,,bits/trial,HPP,HPB,logistic,raw,59.0,,,,,,-0.0013318989274108,-0.0019440963652286,-0.0007416207154647,fixed_oof_no_refit; shared candidate draws,-0.0013318989274108,,SUFFICIENT_FOR_SCREEN,PASS,FAILED,NOT_EVALUABLE,N1_core_001,771fd4ec025f2d2d846cbe5eae0f8e33dc543bccb9b591b9dfba6d1931ded21e,NEGATIVE_SCREEN,未由源聚合提供的记录/试次/覆盖计数保留空值；不从trial推算人数。
N1,HPBnoise_minus_HPB,secondary,L0,P_bal,,bits/trial,HPBnoise,HPB,logistic,raw,59.0,,,,,,-0.0009039339011018,-0.0019095568434433,0.0001249878868388,fixed_oof_no_refit; shared candidate draws,-0.0009039339011018,,SUFFICIENT_FOR_SCREEN,PASS,FAILED,NOT_EVALUABLE,N1_core_001,771fd4ec025f2d2d846cbe5eae0f8e33dc543bccb9b591b9dfba6d1931ded21e,NEGATIVE_SCREEN,未由源聚合提供的记录/试次/覆盖计数保留空值；不从trial推算人数。
N1,HP_minus_HPB,secondary,L0,P_bal,,bits/trial,HP,HPB,logistic,temperature,59.0,,,,,,-0.000966975411686,-0.0029575810342785,0.0021225589903778,fixed_oof_no_refit; shared candidate draws,-0.0013781072113164,-0.0009353614320837,SUFFICIENT_FOR_SCREEN,PASS,FAILED,NOT_EVALUABLE,N1_core_001,771fd4ec025f2d2d846cbe5eae0f8e33dc543bccb9b591b9dfba6d1931ded21e,NEGATIVE_SCREEN,未由源聚合提供的记录/试次/覆盖计数保留空值；不从trial推算人数。
N1,HB_minus_HPB,secondary,L0,P_bal,,bits/trial,HB,HPB,logistic,temperature,59.0,,,,,,-0.0001813229346508,-0.0032282313720819,0.003149277875484,fixed_oof_no_refit; shared candidate draws,-0.0002976428074867,,SUFFICIENT_FOR_SCREEN,PASS,FAILED,NOT_EVALUABLE,N1_core_001,771fd4ec025f2d2d846cbe5eae0f8e33dc543bccb9b591b9dfba6d1931ded21e,NEGATIVE_SCREEN,未由源聚合提供的记录/试次/覆盖计数保留空值；不从trial推算人数。
N1,H_minus_HP,secondary,L0,P_bal,,bits/trial,H,HP,logistic,temperature,59.0,,,,,,-0.0001821077143773,-0.0033182913698071,0.0032540017016202,fixed_oof_no_refit; shared candidate draws,-0.000258326831448,,SUFFICIENT_FOR_SCREEN,PASS,FAILED,NOT_EVALUABLE,N1_core_001,771fd4ec025f2d2d846cbe5eae0f8e33dc543bccb9b591b9dfba6d1931ded21e,NEGATIVE_SCREEN,未由源聚合提供的记录/试次/覆盖计数保留空值；不从trial推算人数。
N1,H_minus_HB,secondary,L0,P_bal,,bits/trial,H,HB,logistic,temperature,59.0,,,,,,-0.0009677601914125,-0.0029659424984869,0.0020277428238006,fixed_oof_no_refit; shared candidate draws,-0.0013387912352777,,SUFFICIENT_FOR_SCREEN,PASS,FAILED,NOT_EVALUABLE,N1_core_001,771fd4ec025f2d2d846cbe5eae0f8e33dc543bccb9b591b9dfba6d1931ded21e,NEGATIVE_SCREEN,未由源聚合提供的记录/试次/覆盖计数保留空值；不从trial推算人数。
N1,HPP_minus_HPB,secondary,L0,P_bal,,bits/trial,HPP,HPB,logistic,temperature,59.0,,,,,,-0.0009353614320837,-0.0028471280769137,0.0020224248385205,fixed_oof_no_refit; shared candidate draws,-0.0013318989274108,,SUFFICIENT_FOR_SCREEN,PASS,FAILED,NOT_EVALUABLE,N1_core_001,771fd4ec025f2d2d846cbe5eae0f8e33dc543bccb9b591b9dfba6d1931ded21e,NEGATIVE_SCREEN,未由源聚合提供的记录/试次/覆盖计数保留空值；不从trial推算人数。
N1,HPBnoise_minus_HPB,secondary,L0,P_bal,,bits/trial,HPBnoise,HPB,logistic,temperature,59.0,,,,,,-0.0004321536436804,-0.0020489585503031,0.0014621454997551,fixed_oof_no_refit; shared candidate draws,-0.0009039339011018,,SUFFICIENT_FOR_SCREEN,PASS,FAILED,NOT_EVALUABLE,N1_core_001,771fd4ec025f2d2d846cbe5eae0f8e33dc543bccb9b591b9dfba6d1931ded21e,NEGATIVE_SCREEN,未由源聚合提供的记录/试次/覆盖计数保留空值；不从trial推算人数。
N1,HP_minus_HPB,secondary,L0,P_bal,,bits/trial,HP,HPB,logistic,mixture_diagnostic,59.0,,,,,,-0.000966975411686,-0.0029575810342785,0.0021225589903778,fixed_oof_no_refit; shared candidate draws,-0.0013781072113164,-0.0009353614320837,SUFFICIENT_FOR_SCREEN,PASS,FAILED,NOT_EVALUABLE,N1_core_001,771fd4ec025f2d2d846cbe5eae0f8e33dc543bccb9b591b9dfba6d1931ded21e,NEGATIVE_SCREEN,未由源聚合提供的记录/试次/覆盖计数保留空值；不从trial推算人数。
N1,HB_minus_HPB,secondary,L0,P_bal,,bits/trial,HB,HPB,logistic,mixture_diagnostic,59.0,,,,,,-0.0001813229346508,-0.0032282313720819,0.003149277875484,fixed_oof_no_refit; shared candidate draws,-0.0002976428074867,,SUFFICIENT_FOR_SCREEN,PASS,FAILED,NOT_EVALUABLE,N1_core_001,771fd4ec025f2d2d846cbe5eae0f8e33dc543bccb9b591b9dfba6d1931ded21e,NEGATIVE_SCREEN,未由源聚合提供的记录/试次/覆盖计数保留空值；不从trial推算人数。
N1,H_minus_HP,secondary,L0,P_bal,,bits/trial,H,HP,logistic,mixture_diagnostic,59.0,,,,,,-0.0001821077143773,-0.0033182913698071,0.0032540017016202,fixed_oof_no_refit; shared candidate draws,-0.000258326831448,,SUFFICIENT_FOR_SCREEN,PASS,FAILED,NOT_EVALUABLE,N1_core_001,771fd4ec025f2d2d846cbe5eae0f8e33dc543bccb9b591b9dfba6d1931ded21e,NEGATIVE_SCREEN,未由源聚合提供的记录/试次/覆盖计数保留空值；不从trial推算人数。
N1,H_minus_HB,secondary,L0,P_bal,,bits/trial,H,HB,logistic,mixture_diagnostic,59.0,,,,,,-0.0009677601914125,-0.0029659424984869,0.0020277428238006,fixed_oof_no_refit; shared candidate draws,-0.0013387912352777,,SUFFICIENT_FOR_SCREEN,PASS,FAILED,NOT_EVALUABLE,N1_core_001,771fd4ec025f2d2d846cbe5eae0f8e33dc543bccb9b591b9dfba6d1931ded21e,NEGATIVE_SCREEN,未由源聚合提供的记录/试次/覆盖计数保留空值；不从trial推算人数。
N1,HPP_minus_HPB,secondary,L0,P_bal,,bits/trial,HPP,HPB,logistic,mixture_diagnostic,59.0,,,,,,-0.0009353614320837,-0.0028471280769137,0.0020224248385205,fixed_oof_no_refit; shared candidate draws,-0.0013318989274108,,SUFFICIENT_FOR_SCREEN,PASS,FAILED,NOT_EVALUABLE,N1_core_001,771fd4ec025f2d2d846cbe5eae0f8e33dc543bccb9b591b9dfba6d1931ded21e,NEGATIVE_SCREEN,未由源聚合提供的记录/试次/覆盖计数保留空值；不从trial推算人数。
N1,HPBnoise_minus_HPB,secondary,L0,P_bal,,bits/trial,HPBnoise,HPB,logistic,mixture_diagnostic,59.0,,,,,,-0.0004321536436804,-0.0020489585503031,0.0014621454997551,fixed_oof_no_refit; shared candidate draws,-0.0009039339011018,,SUFFICIENT_FOR_SCREEN,PASS,FAILED,NOT_EVALUABLE,N1_core_001,771fd4ec025f2d2d846cbe5eae0f8e33dc543bccb9b591b9dfba6d1931ded21e,NEGATIVE_SCREEN,未由源聚合提供的记录/试次/覆盖计数保留空值；不从trial推算人数。
N2,post_gain_mu_var,secondary,L0,P_bal,,bits/bag,HMU,HMUVAR,logistic,mixture_diagnostic,57.0,,,,,,-0.0014512500682599,-0.0025546176986971,-0.000410492612744,candidate_cluster_fixed_oof_no_refit,-0.0015909396267995,-0.0016698896292594,SUFFICIENT_FOR_SCREEN,NUMERICAL_FAILURE,MISSING,NOT_EVALUABLE,N2_core_001,6ef59158bbe2cbc2324356fc4e7de146eaf46ba614781c7339068d4ff818f8c6,NEGATIVE_SCREEN,未由源聚合提供的记录/试次/覆盖计数保留空值；不从trial推算人数。
N2,post_mv_vs_dup,secondary,L0,P_bal,,bits/bag,HMUMU,HMUVAR,logistic,mixture_diagnostic,57.0,,,,,,-0.0016698896292594,-0.003067098708886,-0.0004704923972307,candidate_cluster_fixed_oof_no_refit,-0.0013733590556213,,SUFFICIENT_FOR_SCREEN,NUMERICAL_FAILURE,MISSING,NOT_EVALUABLE,N2_core_001,6ef59158bbe2cbc2324356fc4e7de146eaf46ba614781c7339068d4ff818f8c6,NEGATIVE_SCREEN,未由源聚合提供的记录/试次/覆盖计数保留空值；不从trial推算人数。
N2,post_gain_mu_var,secondary,L0,P_bal,,bits/bag,HMU,HMUVAR,logistic,raw,57.0,,,,,,-0.0015909396267995,-0.0030250254086313,-0.0005399447500946,candidate_cluster_fixed_oof_no_refit,-0.0015909396267995,-0.0013733590556213,SUFFICIENT_FOR_SCREEN,NUMERICAL_FAILURE,MISSING,NOT_EVALUABLE,N2_core_001,6ef59158bbe2cbc2324356fc4e7de146eaf46ba614781c7339068d4ff818f8c6,NEGATIVE_SCREEN,未由源聚合提供的记录/试次/覆盖计数保留空值；不从trial推算人数。
N2,post_mv_vs_dup,secondary,L0,P_bal,,bits/bag,HMUMU,HMUVAR,logistic,raw,57.0,,,,,,-0.0013733590556213,-0.0027156575348649,-0.000361290426713,candidate_cluster_fixed_oof_no_refit,-0.0013733590556213,,SUFFICIENT_FOR_SCREEN,NUMERICAL_FAILURE,MISSING,NOT_EVALUABLE,N2_core_001,6ef59158bbe2cbc2324356fc4e7de146eaf46ba614781c7339068d4ff818f8c6,NEGATIVE_SCREEN,未由源聚合提供的记录/试次/覆盖计数保留空值；不从trial推算人数。
N2,post_gain_mu_var,secondary,L0,P_bal,,bits/bag,HMU,HMUVAR,logistic,temperature,57.0,,,,,,-0.0014512500682599,-0.0025546176986971,-0.000410492612744,candidate_cluster_fixed_oof_no_refit,-0.0015909396267995,-0.0016698896292594,SUFFICIENT_FOR_SCREEN,NUMERICAL_FAILURE,MISSING,NOT_EVALUABLE,N2_core_001,6ef59158bbe2cbc2324356fc4e7de146eaf46ba614781c7339068d4ff818f8c6,NEGATIVE_SCREEN,未由源聚合提供的记录/试次/覆盖计数保留空值；不从trial推算人数。
N2,post_mv_vs_dup,secondary,L0,P_bal,,bits/bag,HMUMU,HMUVAR,logistic,temperature,57.0,,,,,,-0.0016698896292594,-0.003067098708886,-0.0004704923972307,candidate_cluster_fixed_oof_no_refit,-0.0013733590556213,,SUFFICIENT_FOR_SCREEN,NUMERICAL_FAILURE,MISSING,NOT_EVALUABLE,N2_core_001,6ef59158bbe2cbc2324356fc4e7de146eaf46ba614781c7339068d4ff818f8c6,NEGATIVE_SCREEN,未由源聚合提供的记录/试次/覆盖计数保留空值；不从trial推算人数。
N2,pre_gain_mu_var,secondary,L0,P_bal,,bits/bag,HMU,HMUVAR,logistic,mixture_diagnostic,57.0,,,,,,0.0001517244851419,-0.0007206902514779,0.0012781480069835,candidate_cluster_fixed_oof_no_refit,-0.0003771643448299,,SUFFICIENT_FOR_SCREEN,NUMERICAL_FAILURE,MISSING,NOT_EVALUABLE,N2_core_001,6ef59158bbe2cbc2324356fc4e7de146eaf46ba614781c7339068d4ff818f8c6,MIXED,未由源聚合提供的记录/试次/覆盖计数保留空值；不从trial推算人数。
N2,pre_mv_vs_dup,secondary,L0,P_bal,,bits/bag,HMUMU,HMUVAR,logistic,mixture_diagnostic,57.0,,,,,,0.0004630874053154,-0.0005557846631949,0.0018760182504742,candidate_cluster_fixed_oof_no_refit,-0.0001723739298971,,SUFFICIENT_FOR_SCREEN,NUMERICAL_FAILURE,MISSING,NOT_EVALUABLE,N2_core_001,6ef59158bbe2cbc2324356fc4e7de146eaf46ba614781c7339068d4ff818f8c6,MIXED,未由源聚合提供的记录/试次/覆盖计数保留空值；不从trial推算人数。
N2,pre_gain_mu_var,secondary,L0,P_bal,,bits/bag,HMU,HMUVAR,logistic,raw,57.0,,,,,,-0.0003771643448299,-0.0007644723780614,-1.131060142060604e-05,candidate_cluster_fixed_oof_no_refit,-0.0003771643448299,,SUFFICIENT_FOR_SCREEN,NUMERICAL_FAILURE,MISSING,NOT_EVALUABLE,N2_core_001,6ef59158bbe2cbc2324356fc4e7de146eaf46ba614781c7339068d4ff818f8c6,NEGATIVE_SCREEN,未由源聚合提供的记录/试次/覆盖计数保留空值；不从trial推算人数。
N2,pre_mv_vs_dup,secondary,L0,P_bal,,bits/bag,HMUMU,HMUVAR,logistic,raw,57.0,,,,,,-0.0001723739298971,-0.000605809539414,0.0002564639113342,candidate_cluster_fixed_oof_no_refit,-0.0001723739298971,,SUFFICIENT_FOR_SCREEN,NUMERICAL_FAILURE,MISSING,NOT_EVALUABLE,N2_core_001,6ef59158bbe2cbc2324356fc4e7de146eaf46ba614781c7339068d4ff818f8c6,NEGATIVE_SCREEN,未由源聚合提供的记录/试次/覆盖计数保留空值；不从trial推算人数。
N2,pre_gain_mu_var,secondary,L0,P_bal,,bits/bag,HMU,HMUVAR,logistic,temperature,57.0,,,,,,0.0001517244851419,-0.0007206902514779,0.0012781480069835,candidate_cluster_fixed_oof_no_refit,-0.0003771643448299,,SUFFICIENT_FOR_SCREEN,NUMERICAL_FAILURE,MISSING,NOT_EVALUABLE,N2_core_001,6ef59158bbe2cbc2324356fc4e7de146eaf46ba614781c7339068d4ff818f8c6,MIXED,未由源聚合提供的记录/试次/覆盖计数保留空值；不从trial推算人数。
N2,pre_mv_vs_dup,secondary,L0,P_bal,,bits/bag,HMUMU,HMUVAR,logistic,temperature,57.0,,,,,,0.0004630874053154,-0.0005557846631949,0.0018760182504742,candidate_cluster_fixed_oof_no_refit,-0.0001723739298971,,SUFFICIENT_FOR_SCREEN,NUMERICAL_FAILURE,MISSING,NOT_EVALUABLE,N2_core_001,6ef59158bbe2cbc2324356fc4e7de146eaf46ba614781c7339068d4ff818f8c6,MIXED,未由源聚合提供的记录/试次/覆盖计数保留空值；不从trial推算人数。
N2,post_gain_mu_var,secondary,R_SIM,P_bal,,bits/bag,HMU,HMUVAR,logistic,mixture_diagnostic,57.0,,,,,,-0.0014935038347629,-0.0030173067911442,-0.0002579784684654,candidate_cluster_fixed_oof_no_refit,-0.0003213882692618,-0.000828735991338,SUFFICIENT_FOR_SCREEN,NUMERICAL_FAILURE,MISSING,NOT_EVALUABLE,N2_core_001,6ef59158bbe2cbc2324356fc4e7de146eaf46ba614781c7339068d4ff818f8c6,NEGATIVE_SCREEN,未由源聚合提供的记录/试次/覆盖计数保留空值；不从trial推算人数。
N2,post_mv_vs_dup,secondary,R_SIM,P_bal,,bits/bag,HMUMU,HMUVAR,logistic,mixture_diagnostic,57.0,,,,,,-0.000828735991338,-0.0017620540304157,0.0001031153272239,candidate_cluster_fixed_oof_no_refit,-0.0001743723275739,,SUFFICIENT_FOR_SCREEN,NUMERICAL_FAILURE,MISSING,NOT_EVALUABLE,N2_core_001,6ef59158bbe2cbc2324356fc4e7de146eaf46ba614781c7339068d4ff818f8c6,NEGATIVE_SCREEN,未由源聚合提供的记录/试次/覆盖计数保留空值；不从trial推算人数。
N2,post_gain_mu_var,secondary,R_SIM,P_bal,,bits/bag,HMU,HMUVAR,logistic,raw,57.0,,,,,,-0.0003213882692618,-0.0009646578919769,0.0003359429995209,candidate_cluster_fixed_oof_no_refit,-0.0003213882692618,-0.0001743723275739,SUFFICIENT_FOR_SCREEN,NUMERICAL_FAILURE,MISSING,NOT_EVALUABLE,N2_core_001,6ef59158bbe2cbc2324356fc4e7de146eaf46ba614781c7339068d4ff818f8c6,NEGATIVE_SCREEN,未由源聚合提供的记录/试次/覆盖计数保留空值；不从trial推算人数。
N2,post_mv_vs_dup,secondary,R_SIM,P_bal,,bits/bag,HMUMU,HMUVAR,logistic,raw,57.0,,,,,,-0.0001743723275739,-0.0008415012616345,0.0005072894512876,candidate_cluster_fixed_oof_no_refit,-0.0001743723275739,,SUFFICIENT_FOR_SCREEN,NUMERICAL_FAILURE,MISSING,NOT_EVALUABLE,N2_core_001,6ef59158bbe2cbc2324356fc4e7de146eaf46ba614781c7339068d4ff818f8c6,NEGATIVE_SCREEN,未由源聚合提供的记录/试次/覆盖计数保留空值；不从trial推算人数。
N2,post_gain_mu_var,primary,R_SIM,P_bal,,bits/bag,HMU,HMUVAR,logistic,temperature,57.0,,,,,,-0.0014935038347629,-0.0030173067911442,-0.0002579784684654,candidate_cluster_fixed_oof_no_refit,-0.0003213882692618,-0.000828735991338,SUFFICIENT_FOR_SCREEN,NUMERICAL_FAILURE,MISSING,NOT_EVALUABLE,N2_core_001,6ef59158bbe2cbc2324356fc4e7de146eaf46ba614781c7339068d4ff818f8c6,NEGATIVE_SCREEN,未由源聚合提供的记录/试次/覆盖计数保留空值；不从trial推算人数。
N2,post_mv_vs_dup,secondary,R_SIM,P_bal,,bits/bag,HMUMU,HMUVAR,logistic,temperature,57.0,,,,,,-0.000828735991338,-0.0017620540304157,0.0001031153272239,candidate_cluster_fixed_oof_no_refit,-0.0001743723275739,,SUFFICIENT_FOR_SCREEN,NUMERICAL_FAILURE,MISSING,NOT_EVALUABLE,N2_core_001,6ef59158bbe2cbc2324356fc4e7de146eaf46ba614781c7339068d4ff818f8c6,NEGATIVE_SCREEN,未由源聚合提供的记录/试次/覆盖计数保留空值；不从trial推算人数。
N2,pre_gain_mu_var,secondary,R_SIM,P_bal,,bits/bag,HMU,HMUVAR,logistic,mixture_diagnostic,57.0,,,,,,0.0009098707435204,-0.000192159062132,0.0021043825935774,candidate_cluster_fixed_oof_no_refit,0.0005251447359327,,SUFFICIENT_FOR_SCREEN,NUMERICAL_FAILURE,MISSING,NOT_EVALUABLE,N2_core_001,6ef59158bbe2cbc2324356fc4e7de146eaf46ba614781c7339068d4ff818f8c6,MIXED,未由源聚合提供的记录/试次/覆盖计数保留空值；不从trial推算人数。
N2,pre_mv_vs_dup,secondary,R_SIM,P_bal,,bits/bag,HMUMU,HMUVAR,logistic,mixture_diagnostic,57.0,,,,,,0.0009774378843229,-0.0001405408986573,0.0022645931820779,candidate_cluster_fixed_oof_no_refit,0.0006440786767628,,SUFFICIENT_FOR_SCREEN,NUMERICAL_FAILURE,MISSING,NOT_EVALUABLE,N2_core_001,6ef59158bbe2cbc2324356fc4e7de146eaf46ba614781c7339068d4ff818f8c6,MIXED,未由源聚合提供的记录/试次/覆盖计数保留空值；不从trial推算人数。
N2,pre_gain_mu_var,secondary,R_SIM,P_bal,,bits/bag,HMU,HMUVAR,logistic,raw,57.0,,,,,,0.0005251447359327,-0.0002706467043041,0.0013242732401941,candidate_cluster_fixed_oof_no_refit,0.0005251447359327,,SUFFICIENT_FOR_SCREEN,NUMERICAL_FAILURE,MISSING,NOT_EVALUABLE,N2_core_001,6ef59158bbe2cbc2324356fc4e7de146eaf46ba614781c7339068d4ff818f8c6,MIXED,未由源聚合提供的记录/试次/覆盖计数保留空值；不从trial推算人数。
N2,pre_mv_vs_dup,secondary,R_SIM,P_bal,,bits/bag,HMUMU,HMUVAR,logistic,raw,57.0,,,,,,0.0006440786767628,-0.0001426906712368,0.0014493720587119,candidate_cluster_fixed_oof_no_refit,0.0006440786767628,,SUFFICIENT_FOR_SCREEN,NUMERICAL_FAILURE,MISSING,NOT_EVALUABLE,N2_core_001,6ef59158bbe2cbc2324356fc4e7de146eaf46ba614781c7339068d4ff818f8c6,MIXED,未由源聚合提供的记录/试次/覆盖计数保留空值；不从trial推算人数。
N2,pre_gain_mu_var,secondary,R_SIM,P_bal,,bits/bag,HMU,HMUVAR,logistic,temperature,57.0,,,,,,0.0009098707435204,-0.000192159062132,0.0021043825935774,candidate_cluster_fixed_oof_no_refit,0.0005251447359327,,SUFFICIENT_FOR_SCREEN,NUMERICAL_FAILURE,MISSING,NOT_EVALUABLE,N2_core_001,6ef59158bbe2cbc2324356fc4e7de146eaf46ba614781c7339068d4ff818f8c6,MIXED,未由源聚合提供的记录/试次/覆盖计数保留空值；不从trial推算人数。
N2,pre_mv_vs_dup,secondary,R_SIM,P_bal,,bits/bag,HMUMU,HMUVAR,logistic,temperature,57.0,,,,,,0.0009774378843229,-0.0001405408986573,0.0022645931820779,candidate_cluster_fixed_oof_no_refit,0.0006440786767628,,SUFFICIENT_FOR_SCREEN,NUMERICAL_FAILURE,MISSING,NOT_EVALUABLE,N2_core_001,6ef59158bbe2cbc2324356fc4e7de146eaf46ba614781c7339068d4ff818f8c6,MIXED,未由源聚合提供的记录/试次/覆盖计数保留空值；不从trial推算人数。
N2,post_minus_pre_gain_mu_var_post_minus_pre,secondary,L0,P_bal,,bits/bag,post_gain,pre_gain,logistic,mixture_diagnostic,57.0,,,,,,-0.0016029745534018,-0.003296335318366,-0.0001569755724319,shared_candidate_fixed_oof_no_refit,-0.0012137752819695,,SUFFICIENT_FOR_SCREEN,NUMERICAL_FAILURE,MISSING,NOT_EVALUABLE,N2_core_001,6ef59158bbe2cbc2324356fc4e7de146eaf46ba614781c7339068d4ff818f8c6,NEGATIVE_SCREEN,未由源聚合提供的记录/试次/覆盖计数保留空值；不从trial推算人数。
N2,post_minus_pre_gain_mu_var_post_minus_pre,secondary,L0,P_bal,,bits/bag,post_gain,pre_gain,logistic,raw,57.0,,,,,,-0.0012137752819695,-0.0026908774047853,-5.949009340758457e-05,shared_candidate_fixed_oof_no_refit,-0.0012137752819695,,SUFFICIENT_FOR_SCREEN,NUMERICAL_FAILURE,MISSING,NOT_EVALUABLE,N2_core_001,6ef59158bbe2cbc2324356fc4e7de146eaf46ba614781c7339068d4ff818f8c6,NEGATIVE_SCREEN,未由源聚合提供的记录/试次/覆盖计数保留空值；不从trial推算人数。
N2,post_minus_pre_gain_mu_var_post_minus_pre,secondary,L0,P_bal,,bits/bag,post_gain,pre_gain,logistic,temperature,57.0,,,,,,-0.0016029745534018,-0.003296335318366,-0.0001569755724319,shared_candidate_fixed_oof_no_refit,-0.0012137752819695,,SUFFICIENT_FOR_SCREEN,NUMERICAL_FAILURE,MISSING,NOT_EVALUABLE,N2_core_001,6ef59158bbe2cbc2324356fc4e7de146eaf46ba614781c7339068d4ff818f8c6,NEGATIVE_SCREEN,未由源聚合提供的记录/试次/覆盖计数保留空值；不从trial推算人数。
N2,post_minus_pre_gain_mu_var_post_minus_pre,secondary,R_SIM,P_bal,,bits/bag,post_gain,pre_gain,logistic,mixture_diagnostic,57.0,,,,,,-0.0024033745782834,-0.0048201105577513,-0.0006369280766953,shared_candidate_fixed_oof_no_refit,-0.0008465330051945,,SUFFICIENT_FOR_SCREEN,NUMERICAL_FAILURE,MISSING,NOT_EVALUABLE,N2_core_001,6ef59158bbe2cbc2324356fc4e7de146eaf46ba614781c7339068d4ff818f8c6,NEGATIVE_SCREEN,未由源聚合提供的记录/试次/覆盖计数保留空值；不从trial推算人数。
N2,post_minus_pre_gain_mu_var_post_minus_pre,secondary,R_SIM,P_bal,,bits/bag,post_gain,pre_gain,logistic,raw,57.0,,,,,,-0.0008465330051945,-0.0018445337759734,0.0001176874821681,shared_candidate_fixed_oof_no_refit,-0.0008465330051945,,SUFFICIENT_FOR_SCREEN,NUMERICAL_FAILURE,MISSING,NOT_EVALUABLE,N2_core_001,6ef59158bbe2cbc2324356fc4e7de146eaf46ba614781c7339068d4ff818f8c6,NEGATIVE_SCREEN,未由源聚合提供的记录/试次/覆盖计数保留空值；不从trial推算人数。
N2,post_minus_pre_gain_mu_var_post_minus_pre,secondary,R_SIM,P_bal,,bits/bag,post_gain,pre_gain,logistic,temperature,57.0,,,,,,-0.0024033745782834,-0.0048201105577513,-0.0006369280766953,shared_candidate_fixed_oof_no_refit,-0.0008465330051945,,SUFFICIENT_FOR_SCREEN,NUMERICAL_FAILURE,MISSING,NOT_EVALUABLE,N2_core_001,6ef59158bbe2cbc2324356fc4e7de146eaf46ba614781c7339068d4ff818f8c6,NEGATIVE_SCREEN,未由源聚合提供的记录/试次/覆盖计数保留空值；不从trial推算人数。
N3,H_minus_HP,secondary,R_SIM,P_nat,,bits/trial,H,HP,logistic,raw,60.0,,,,,,-0.0001049418537455,-0.0021327996475171,0.0020005157233821,fixed_oof_no_refit; shared candidate draws,-0.0001049418537455,,SUFFICIENT_FOR_SCREEN,PASS,FAILED,NOT_EVALUABLE,N3_core_001,0dee0f0f7308645afdce98d058add79ab68e6a740cb30d69c62d9162834eb4f6,NEGATIVE_SCREEN,未由源聚合提供的记录/试次/覆盖计数保留空值；不从trial推算人数。
N3,HB_minus_HBP,secondary,R_SIM,P_nat,,bits/trial,HB,HBP,logistic,raw,60.0,,,,,,0.0001040160477569,-0.0019107708490421,0.0022381548021141,fixed_oof_no_refit; shared candidate draws,0.0001040160477569,,SUFFICIENT_FOR_SCREEN,PASS,FAILED,NOT_EVALUABLE,N3_core_001,0dee0f0f7308645afdce98d058add79ab68e6a740cb30d69c62d9162834eb4f6,MIXED,未由源聚合提供的记录/试次/覆盖计数保留空值；不从trial推算人数。
N3,H_minus_Hnoise,secondary,R_SIM,P_nat,,bits/trial,H,Hnoise,logistic,raw,60.0,,,,,,-0.0013686308406896,-0.0024153167047778,-0.0002995964807816,fixed_oof_no_refit; shared candidate draws,-0.0013686308406896,,SUFFICIENT_FOR_SCREEN,PASS,FAILED,NOT_EVALUABLE,N3_core_001,0dee0f0f7308645afdce98d058add79ab68e6a740cb30d69c62d9162834eb4f6,NEGATIVE_SCREEN,未由源聚合提供的记录/试次/覆盖计数保留空值；不从trial推算人数。
N3,H_minus_HP,secondary,R_SIM,P_nat,,bits/trial,H,HP,logistic,temperature,60.0,,,,,,-0.0001884964031992,-0.0022285848713152,0.0019399345885132,fixed_oof_no_refit; shared candidate draws,-0.0001049418537455,,SUFFICIENT_FOR_SCREEN,PASS,FAILED,NOT_EVALUABLE,N3_core_001,0dee0f0f7308645afdce98d058add79ab68e6a740cb30d69c62d9162834eb4f6,NEGATIVE_SCREEN,未由源聚合提供的记录/试次/覆盖计数保留空值；不从trial推算人数。
N3,HB_minus_HBP,secondary,R_SIM,P_nat,,bits/trial,HB,HBP,logistic,temperature,60.0,,,,,,0.0001004002383222,-0.0019035027100663,0.0021865901184356,fixed_oof_no_refit; shared candidate draws,0.0001040160477569,,SUFFICIENT_FOR_SCREEN,PASS,FAILED,NOT_EVALUABLE,N3_core_001,0dee0f0f7308645afdce98d058add79ab68e6a740cb30d69c62d9162834eb4f6,MIXED,未由源聚合提供的记录/试次/覆盖计数保留空值；不从trial推算人数。
N3,H_minus_Hnoise,secondary,R_SIM,P_nat,,bits/trial,H,Hnoise,logistic,temperature,60.0,,,,,,-0.001467140802108,-0.002473337776097,-0.0004370628000713,fixed_oof_no_refit; shared candidate draws,-0.0013686308406896,,SUFFICIENT_FOR_SCREEN,PASS,FAILED,NOT_EVALUABLE,N3_core_001,0dee0f0f7308645afdce98d058add79ab68e6a740cb30d69c62d9162834eb4f6,NEGATIVE_SCREEN,未由源聚合提供的记录/试次/覆盖计数保留空值；不从trial推算人数。
N3,H_minus_HP,secondary,R_SIM,P_nat,,bits/trial,H,HP,logistic,mixture_diagnostic,60.0,,,,,,-0.0001884964031992,-0.0022285848713152,0.0019399345885132,fixed_oof_no_refit; shared candidate draws,-0.0001049418537455,,SUFFICIENT_FOR_SCREEN,PASS,FAILED,NOT_EVALUABLE,N3_core_001,0dee0f0f7308645afdce98d058add79ab68e6a740cb30d69c62d9162834eb4f6,NEGATIVE_SCREEN,未由源聚合提供的记录/试次/覆盖计数保留空值；不从trial推算人数。
N3,HB_minus_HBP,secondary,R_SIM,P_nat,,bits/trial,HB,HBP,logistic,mixture_diagnostic,60.0,,,,,,0.0001004002383222,-0.0019035027100663,0.0021865901184356,fixed_oof_no_refit; shared candidate draws,0.0001040160477569,,SUFFICIENT_FOR_SCREEN,PASS,FAILED,NOT_EVALUABLE,N3_core_001,0dee0f0f7308645afdce98d058add79ab68e6a740cb30d69c62d9162834eb4f6,MIXED,未由源聚合提供的记录/试次/覆盖计数保留空值；不从trial推算人数。
N3,H_minus_Hnoise,secondary,R_SIM,P_nat,,bits/trial,H,Hnoise,logistic,mixture_diagnostic,60.0,,,,,,-0.001467140802108,-0.002473337776097,-0.0004370628000713,fixed_oof_no_refit; shared candidate draws,-0.0013686308406896,,SUFFICIENT_FOR_SCREEN,PASS,FAILED,NOT_EVALUABLE,N3_core_001,0dee0f0f7308645afdce98d058add79ab68e6a740cb30d69c62d9162834eb4f6,NEGATIVE_SCREEN,未由源聚合提供的记录/试次/覆盖计数保留空值；不从trial推算人数。
N3,H_minus_HP,secondary,R_SIM,P_nat,,bits/trial,H,HP,mlp32,raw,60.0,,,,,,-0.0878029101856325,-0.0952267642122767,-0.0801705399305442,fixed_oof_no_refit; shared candidate draws,-0.0878029101856325,,SUFFICIENT_FOR_SCREEN,PASS,FAILED,NOT_EVALUABLE,N3_core_001,0dee0f0f7308645afdce98d058add79ab68e6a740cb30d69c62d9162834eb4f6,NEGATIVE_SCREEN,未由源聚合提供的记录/试次/覆盖计数保留空值；不从trial推算人数。
N3,HB_minus_HBP,secondary,R_SIM,P_nat,,bits/trial,HB,HBP,mlp32,raw,60.0,,,,,,-0.1293507933481755,-0.1418862977517952,-0.116127307715529,fixed_oof_no_refit; shared candidate draws,-0.1293507933481755,,SUFFICIENT_FOR_SCREEN,PASS,FAILED,NOT_EVALUABLE,N3_core_001,0dee0f0f7308645afdce98d058add79ab68e6a740cb30d69c62d9162834eb4f6,NEGATIVE_SCREEN,未由源聚合提供的记录/试次/覆盖计数保留空值；不从trial推算人数。
N3,H_minus_Hnoise,secondary,R_SIM,P_nat,,bits/trial,H,Hnoise,mlp32,raw,60.0,,,,,,-0.1127428908367451,-0.1201663667682377,-0.1054447323416602,fixed_oof_no_refit; shared candidate draws,-0.1127428908367451,,SUFFICIENT_FOR_SCREEN,PASS,FAILED,NOT_EVALUABLE,N3_core_001,0dee0f0f7308645afdce98d058add79ab68e6a740cb30d69c62d9162834eb4f6,NEGATIVE_SCREEN,未由源聚合提供的记录/试次/覆盖计数保留空值；不从trial推算人数。
N3,H_minus_HP,secondary,R_SIM,P_nat,,bits/trial,H,HP,mlp32,temperature,60.0,,,,,,-0.0777815904755565,-0.0821899541567133,-0.0730467784337728,fixed_oof_no_refit; shared candidate draws,-0.0878029101856325,,SUFFICIENT_FOR_SCREEN,PASS,FAILED,NOT_EVALUABLE,N3_core_001,0dee0f0f7308645afdce98d058add79ab68e6a740cb30d69c62d9162834eb4f6,NEGATIVE_SCREEN,未由源聚合提供的记录/试次/覆盖计数保留空值；不从trial推算人数。
N3,HB_minus_HBP,secondary,R_SIM,P_nat,,bits/trial,HB,HBP,mlp32,temperature,60.0,,,,,,-0.0474665164652017,-0.0532598269621608,-0.0418689021443438,fixed_oof_no_refit; shared candidate draws,-0.1293507933481755,,SUFFICIENT_FOR_SCREEN,PASS,FAILED,NOT_EVALUABLE,N3_core_001,0dee0f0f7308645afdce98d058add79ab68e6a740cb30d69c62d9162834eb4f6,NEGATIVE_SCREEN,未由源聚合提供的记录/试次/覆盖计数保留空值；不从trial推算人数。
N3,H_minus_Hnoise,secondary,R_SIM,P_nat,,bits/trial,H,Hnoise,mlp32,temperature,60.0,,,,,,-0.0910659064990609,-0.0958259090464725,-0.0861339730256996,fixed_oof_no_refit; shared candidate draws,-0.1127428908367451,,SUFFICIENT_FOR_SCREEN,PASS,FAILED,NOT_EVALUABLE,N3_core_001,0dee0f0f7308645afdce98d058add79ab68e6a740cb30d69c62d9162834eb4f6,NEGATIVE_SCREEN,未由源聚合提供的记录/试次/覆盖计数保留空值；不从trial推算人数。
N3,H_minus_HP,secondary,R_SIM,P_nat,,bits/trial,H,HP,mlp32,mixture_diagnostic,60.0,,,,,,-0.0666649558298121,-0.0719271904698533,-0.0601551884488705,fixed_oof_no_refit; shared candidate draws,-0.0878029101856325,,SUFFICIENT_FOR_SCREEN,PASS,FAILED,NOT_EVALUABLE,N3_core_001,0dee0f0f7308645afdce98d058add79ab68e6a740cb30d69c62d9162834eb4f6,NEGATIVE_SCREEN,未由源聚合提供的记录/试次/覆盖计数保留空值；不从trial推算人数。
N3,HB_minus_HBP,secondary,R_SIM,P_nat,,bits/trial,HB,HBP,mlp32,mixture_diagnostic,60.0,,,,,,-0.0158190706758255,-0.0183489594874365,-0.012920372585208,fixed_oof_no_refit; shared candidate draws,-0.1293507933481755,,SUFFICIENT_FOR_SCREEN,PASS,FAILED,NOT_EVALUABLE,N3_core_001,0dee0f0f7308645afdce98d058add79ab68e6a740cb30d69c62d9162834eb4f6,NEGATIVE_SCREEN,未由源聚合提供的记录/试次/覆盖计数保留空值；不从trial推算人数。
N3,H_minus_Hnoise,secondary,R_SIM,P_nat,,bits/trial,H,Hnoise,mlp32,mixture_diagnostic,60.0,,,,,,-0.0727981555874408,-0.0785544481144192,-0.0656977900010947,fixed_oof_no_refit; shared candidate draws,-0.1127428908367451,,SUFFICIENT_FOR_SCREEN,PASS,FAILED,NOT_EVALUABLE,N3_core_001,0dee0f0f7308645afdce98d058add79ab68e6a740cb30d69c62d9162834eb4f6,NEGATIVE_SCREEN,未由源聚合提供的记录/试次/覆盖计数保留空值；不从trial推算人数。
N3,H_minus_HP,secondary,R_SIM,P_bal,,bits/trial,H,HP,logistic,raw,60.0,,,,,,-0.0009229926850695,-0.003715591554868,0.001874887100552,fixed_oof_no_refit; shared candidate draws,-0.0009229926850695,,SUFFICIENT_FOR_SCREEN,PASS,FAILED,NOT_EVALUABLE,N3_core_001,0dee0f0f7308645afdce98d058add79ab68e6a740cb30d69c62d9162834eb4f6,NEGATIVE_SCREEN,未由源聚合提供的记录/试次/覆盖计数保留空值；不从trial推算人数。
N3,HB_minus_HBP,secondary,R_SIM,P_bal,,bits/trial,HB,HBP,logistic,raw,60.0,,,,,,-0.0007695696988203,-0.003460832577656,0.0020403455970207,fixed_oof_no_refit; shared candidate draws,-0.0007695696988203,,SUFFICIENT_FOR_SCREEN,PASS,FAILED,NOT_EVALUABLE,N3_core_001,0dee0f0f7308645afdce98d058add79ab68e6a740cb30d69c62d9162834eb4f6,NEGATIVE_SCREEN,未由源聚合提供的记录/试次/覆盖计数保留空值；不从trial推算人数。
N3,H_minus_Hnoise,secondary,R_SIM,P_bal,,bits/trial,H,Hnoise,logistic,raw,60.0,,,,,,-0.0016684744103423,-0.0031418315865572,-0.0001280204619853,fixed_oof_no_refit; shared candidate draws,-0.0016684744103423,,SUFFICIENT_FOR_SCREEN,PASS,FAILED,NOT_EVALUABLE,N3_core_001,0dee0f0f7308645afdce98d058add79ab68e6a740cb30d69c62d9162834eb4f6,NEGATIVE_SCREEN,未由源聚合提供的记录/试次/覆盖计数保留空值；不从trial推算人数。
N3,H_minus_HP,secondary,R_SIM,P_bal,,bits/trial,H,HP,logistic,temperature,60.0,,,,,,-0.0013154530558033,-0.0039714596912946,0.001475081947046,fixed_oof_no_refit; shared candidate draws,-0.0009229926850695,,SUFFICIENT_FOR_SCREEN,PASS,FAILED,NOT_EVALUABLE,N3_core_001,0dee0f0f7308645afdce98d058add79ab68e6a740cb30d69c62d9162834eb4f6,NEGATIVE_SCREEN,未由源聚合提供的记录/试次/覆盖计数保留空值；不从trial推算人数。
N3,HB_minus_HBP,secondary,R_SIM,P_bal,,bits/trial,HB,HBP,logistic,temperature,60.0,,,,,,-0.0005156762023284,-0.0029866931502826,0.0020860175873169,fixed_oof_no_refit; shared candidate draws,-0.0007695696988203,,SUFFICIENT_FOR_SCREEN,PASS,FAILED,NOT_EVALUABLE,N3_core_001,0dee0f0f7308645afdce98d058add79ab68e6a740cb30d69c62d9162834eb4f6,NEGATIVE_SCREEN,未由源聚合提供的记录/试次/覆盖计数保留空值；不从trial推算人数。
N3,H_minus_Hnoise,secondary,R_SIM,P_bal,,bits/trial,H,Hnoise,logistic,temperature,60.0,,,,,,-0.0018928055205546,-0.0034420844321986,-0.0002129589211541,fixed_oof_no_refit; shared candidate draws,-0.0016684744103423,,SUFFICIENT_FOR_SCREEN,PASS,FAILED,NOT_EVALUABLE,N3_core_001,0dee0f0f7308645afdce98d058add79ab68e6a740cb30d69c62d9162834eb4f6,NEGATIVE_SCREEN,未由源聚合提供的记录/试次/覆盖计数保留空值；不从trial推算人数。
N3,H_minus_HP,secondary,R_SIM,P_bal,,bits/trial,H,HP,logistic,mixture_diagnostic,60.0,,,,,,-0.0013154530558033,-0.0039714596912946,0.001475081947046,fixed_oof_no_refit; shared candidate draws,-0.0009229926850695,,SUFFICIENT_FOR_SCREEN,PASS,FAILED,NOT_EVALUABLE,N3_core_001,0dee0f0f7308645afdce98d058add79ab68e6a740cb30d69c62d9162834eb4f6,NEGATIVE_SCREEN,未由源聚合提供的记录/试次/覆盖计数保留空值；不从trial推算人数。
N3,HB_minus_HBP,secondary,R_SIM,P_bal,,bits/trial,HB,HBP,logistic,mixture_diagnostic,60.0,,,,,,-0.0005156762023284,-0.0029866931502826,0.0020860175873169,fixed_oof_no_refit; shared candidate draws,-0.0007695696988203,,SUFFICIENT_FOR_SCREEN,PASS,FAILED,NOT_EVALUABLE,N3_core_001,0dee0f0f7308645afdce98d058add79ab68e6a740cb30d69c62d9162834eb4f6,NEGATIVE_SCREEN,未由源聚合提供的记录/试次/覆盖计数保留空值；不从trial推算人数。
N3,H_minus_Hnoise,secondary,R_SIM,P_bal,,bits/trial,H,Hnoise,logistic,mixture_diagnostic,60.0,,,,,,-0.0018928055205546,-0.0034420844321986,-0.0002129589211541,fixed_oof_no_refit; shared candidate draws,-0.0016684744103423,,SUFFICIENT_FOR_SCREEN,PASS,FAILED,NOT_EVALUABLE,N3_core_001,0dee0f0f7308645afdce98d058add79ab68e6a740cb30d69c62d9162834eb4f6,NEGATIVE_SCREEN,未由源聚合提供的记录/试次/覆盖计数保留空值；不从trial推算人数。
N3,H_minus_HP,secondary,R_SIM,P_bal,,bits/trial,H,HP,mlp32,raw,60.0,,,,,,-0.3314094720312259,-0.3497720614761167,-0.3098667651911816,fixed_oof_no_refit; shared candidate draws,-0.3314094720312259,,SUFFICIENT_FOR_SCREEN,PASS,FAILED,NOT_EVALUABLE,N3_core_001,0dee0f0f7308645afdce98d058add79ab68e6a740cb30d69c62d9162834eb4f6,NEGATIVE_SCREEN,未由源聚合提供的记录/试次/覆盖计数保留空值；不从trial推算人数。
N3,HB_minus_HBP,secondary,R_SIM,P_bal,,bits/trial,HB,HBP,mlp32,raw,60.0,,,,,,-0.2533180825923387,-0.2756422403625102,-0.2295270679727781,fixed_oof_no_refit; shared candidate draws,-0.2533180825923387,,SUFFICIENT_FOR_SCREEN,PASS,FAILED,NOT_EVALUABLE,N3_core_001,0dee0f0f7308645afdce98d058add79ab68e6a740cb30d69c62d9162834eb4f6,NEGATIVE_SCREEN,未由源聚合提供的记录/试次/覆盖计数保留空值；不从trial推算人数。
N3,H_minus_Hnoise,secondary,R_SIM,P_bal,,bits/trial,H,Hnoise,mlp32,raw,60.0,,,,,,-0.3431375341854299,-0.3612118448679051,-0.3194763556940207,fixed_oof_no_refit; shared candidate draws,-0.3431375341854299,,SUFFICIENT_FOR_SCREEN,PASS,FAILED,NOT_EVALUABLE,N3_core_001,0dee0f0f7308645afdce98d058add79ab68e6a740cb30d69c62d9162834eb4f6,NEGATIVE_SCREEN,未由源聚合提供的记录/试次/覆盖计数保留空值；不从trial推算人数。
N3,H_minus_HP,secondary,R_SIM,P_bal,,bits/trial,H,HP,mlp32,temperature,60.0,,,,,,-0.2173702348607361,-0.2642135838953647,-0.1510735022730407,fixed_oof_no_refit; shared candidate draws,-0.3314094720312259,,SUFFICIENT_FOR_SCREEN,PASS,FAILED,NOT_EVALUABLE,N3_core_001,0dee0f0f7308645afdce98d058add79ab68e6a740cb30d69c62d9162834eb4f6,NEGATIVE_SCREEN,未由源聚合提供的记录/试次/覆盖计数保留空值；不从trial推算人数。
N3,HB_minus_HBP,secondary,R_SIM,P_bal,,bits/trial,HB,HBP,mlp32,temperature,60.0,,,,,,-0.0081935937327816,-0.0111901236084974,-0.0046309443187029,fixed_oof_no_refit; shared candidate draws,-0.2533180825923387,,SUFFICIENT_FOR_SCREEN,PASS,FAILED,NOT_EVALUABLE,N3_core_001,0dee0f0f7308645afdce98d058add79ab68e6a740cb30d69c62d9162834eb4f6,NEGATIVE_SCREEN,未由源聚合提供的记录/试次/覆盖计数保留空值；不从trial推算人数。
N3,H_minus_Hnoise,secondary,R_SIM,P_bal,,bits/trial,H,Hnoise,mlp32,temperature,60.0,,,,,,-0.2185377898618061,-0.2651597087739115,-0.1521998001664041,fixed_oof_no_refit; shared candidate draws,-0.3431375341854299,,SUFFICIENT_FOR_SCREEN,PASS,FAILED,NOT_EVALUABLE,N3_core_001,0dee0f0f7308645afdce98d058add79ab68e6a740cb30d69c62d9162834eb4f6,NEGATIVE_SCREEN,未由源聚合提供的记录/试次/覆盖计数保留空值；不从trial推算人数。
N3,H_minus_HP,secondary,R_SIM,P_bal,,bits/trial,H,HP,mlp32,mixture_diagnostic,60.0,,,,,,-0.2173702348607361,-0.2642135838953647,-0.1510735022730407,fixed_oof_no_refit; shared candidate draws,-0.3314094720312259,,SUFFICIENT_FOR_SCREEN,PASS,FAILED,NOT_EVALUABLE,N3_core_001,0dee0f0f7308645afdce98d058add79ab68e6a740cb30d69c62d9162834eb4f6,NEGATIVE_SCREEN,未由源聚合提供的记录/试次/覆盖计数保留空值；不从trial推算人数。
N3,HB_minus_HBP,secondary,R_SIM,P_bal,,bits/trial,HB,HBP,mlp32,mixture_diagnostic,60.0,,,,,,-0.0081935937327816,-0.0111901236084974,-0.0046309443187029,fixed_oof_no_refit; shared candidate draws,-0.2533180825923387,,SUFFICIENT_FOR_SCREEN,PASS,FAILED,NOT_EVALUABLE,N3_core_001,0dee0f0f7308645afdce98d058add79ab68e6a740cb30d69c62d9162834eb4f6,NEGATIVE_SCREEN,未由源聚合提供的记录/试次/覆盖计数保留空值；不从trial推算人数。
N3,H_minus_Hnoise,secondary,R_SIM,P_bal,,bits/trial,H,Hnoise,mlp32,mixture_diagnostic,60.0,,,,,,-0.2185377898618061,-0.2651597087739115,-0.1521998001664041,fixed_oof_no_refit; shared candidate draws,-0.3431375341854299,,SUFFICIENT_FOR_SCREEN,PASS,FAILED,NOT_EVALUABLE,N3_core_001,0dee0f0f7308645afdce98d058add79ab68e6a740cb30d69c62d9162834eb4f6,NEGATIVE_SCREEN,未由源聚合提供的记录/试次/覆盖计数保留空值；不从trial推算人数。
N3,H_minus_HP,secondary,L0,P_nat,,bits/trial,H,HP,logistic,raw,60.0,,,,,,1.154157798869034e-05,-0.0028620907116463,0.00257780271262,fixed_oof_no_refit; shared candidate draws,1.154157798869034e-05,,SUFFICIENT_FOR_SCREEN,PASS,FAILED,NOT_EVALUABLE,N3_core_001,0dee0f0f7308645afdce98d058add79ab68e6a740cb30d69c62d9162834eb4f6,MIXED,未由源聚合提供的记录/试次/覆盖计数保留空值；不从trial推算人数。
N3,HB_minus_HBP,secondary,L0,P_nat,,bits/trial,HB,HBP,logistic,raw,60.0,,,,,,-0.0001105226560077,-0.0029029750047989,0.0023664662645184,fixed_oof_no_refit; shared candidate draws,-0.0001105226560077,,SUFFICIENT_FOR_SCREEN,PASS,FAILED,NOT_EVALUABLE,N3_core_001,0dee0f0f7308645afdce98d058add79ab68e6a740cb30d69c62d9162834eb4f6,NEGATIVE_SCREEN,未由源聚合提供的记录/试次/覆盖计数保留空值；不从trial推算人数。
N3,H_minus_Hnoise,secondary,L0,P_nat,,bits/trial,H,Hnoise,logistic,raw,60.0,,,,,,-0.0005593271357031,-0.0015629347494018,0.000435593705322,fixed_oof_no_refit; shared candidate draws,-0.0005593271357031,,SUFFICIENT_FOR_SCREEN,PASS,FAILED,NOT_EVALUABLE,N3_core_001,0dee0f0f7308645afdce98d058add79ab68e6a740cb30d69c62d9162834eb4f6,NEGATIVE_SCREEN,未由源聚合提供的记录/试次/覆盖计数保留空值；不从trial推算人数。
N3,H_minus_HP,secondary,L0,P_nat,,bits/trial,H,HP,logistic,temperature,60.0,,,,,,-7.710452777239066e-05,-0.0029740430235573,0.0024616175284161,fixed_oof_no_refit; shared candidate draws,1.154157798869034e-05,,SUFFICIENT_FOR_SCREEN,PASS,FAILED,NOT_EVALUABLE,N3_core_001,0dee0f0f7308645afdce98d058add79ab68e6a740cb30d69c62d9162834eb4f6,NEGATIVE_SCREEN,未由源聚合提供的记录/试次/覆盖计数保留空值；不从trial推算人数。
N3,HB_minus_HBP,secondary,L0,P_nat,,bits/trial,HB,HBP,logistic,temperature,60.0,,,,,,-0.000157077872271,-0.002937804707879,0.0022747084672074,fixed_oof_no_refit; shared candidate draws,-0.0001105226560077,,SUFFICIENT_FOR_SCREEN,PASS,FAILED,NOT_EVALUABLE,N3_core_001,0dee0f0f7308645afdce98d058add79ab68e6a740cb30d69c62d9162834eb4f6,NEGATIVE_SCREEN,未由源聚合提供的记录/试次/覆盖计数保留空值；不从trial推算人数。
N3,H_minus_Hnoise,secondary,L0,P_nat,,bits/trial,H,Hnoise,logistic,temperature,60.0,,,,,,-0.0006131753662245,-0.0016163496696894,0.0003855907393235,fixed_oof_no_refit; shared candidate draws,-0.0005593271357031,,SUFFICIENT_FOR_SCREEN,PASS,FAILED,NOT_EVALUABLE,N3_core_001,0dee0f0f7308645afdce98d058add79ab68e6a740cb30d69c62d9162834eb4f6,NEGATIVE_SCREEN,未由源聚合提供的记录/试次/覆盖计数保留空值；不从trial推算人数。
N3,H_minus_HP,secondary,L0,P_nat,,bits/trial,H,HP,logistic,mixture_diagnostic,60.0,,,,,,-7.710452777239066e-05,-0.0029740430235573,0.0024616175284161,fixed_oof_no_refit; shared candidate draws,1.154157798869034e-05,,SUFFICIENT_FOR_SCREEN,PASS,FAILED,NOT_EVALUABLE,N3_core_001,0dee0f0f7308645afdce98d058add79ab68e6a740cb30d69c62d9162834eb4f6,NEGATIVE_SCREEN,未由源聚合提供的记录/试次/覆盖计数保留空值；不从trial推算人数。
N3,HB_minus_HBP,secondary,L0,P_nat,,bits/trial,HB,HBP,logistic,mixture_diagnostic,60.0,,,,,,-0.000157077872271,-0.002937804707879,0.0022747084672074,fixed_oof_no_refit; shared candidate draws,-0.0001105226560077,,SUFFICIENT_FOR_SCREEN,PASS,FAILED,NOT_EVALUABLE,N3_core_001,0dee0f0f7308645afdce98d058add79ab68e6a740cb30d69c62d9162834eb4f6,NEGATIVE_SCREEN,未由源聚合提供的记录/试次/覆盖计数保留空值；不从trial推算人数。
N3,H_minus_Hnoise,secondary,L0,P_nat,,bits/trial,H,Hnoise,logistic,mixture_diagnostic,60.0,,,,,,-0.0006131753662245,-0.0016163496696894,0.0003855907393235,fixed_oof_no_refit; shared candidate draws,-0.0005593271357031,,SUFFICIENT_FOR_SCREEN,PASS,FAILED,NOT_EVALUABLE,N3_core_001,0dee0f0f7308645afdce98d058add79ab68e6a740cb30d69c62d9162834eb4f6,NEGATIVE_SCREEN,未由源聚合提供的记录/试次/覆盖计数保留空值；不从trial推算人数。
N3,H_minus_HP,secondary,L0,P_bal,,bits/trial,H,HP,logistic,raw,60.0,,,,,,8.597947466990978e-05,-0.0033883632931926,0.0033610825652879,fixed_oof_no_refit; shared candidate draws,8.597947466990978e-05,,SUFFICIENT_FOR_SCREEN,PASS,FAILED,NOT_EVALUABLE,N3_core_001,0dee0f0f7308645afdce98d058add79ab68e6a740cb30d69c62d9162834eb4f6,MIXED,未由源聚合提供的记录/试次/覆盖计数保留空值；不从trial推算人数。
N3,HB_minus_HBP,secondary,L0,P_bal,,bits/trial,HB,HBP,logistic,raw,60.0,,,,,,-4.798482387598502e-05,-0.003417807446517,0.0030185646191055,fixed_oof_no_refit; shared candidate draws,-4.798482387598502e-05,,SUFFICIENT_FOR_SCREEN,PASS,FAILED,NOT_EVALUABLE,N3_core_001,0dee0f0f7308645afdce98d058add79ab68e6a740cb30d69c62d9162834eb4f6,NEGATIVE_SCREEN,未由源聚合提供的记录/试次/覆盖计数保留空值；不从trial推算人数。
N3,H_minus_Hnoise,secondary,L0,P_bal,,bits/trial,H,Hnoise,logistic,raw,60.0,,,,,,-0.000807172341527,-0.0021905452997417,0.0005614887211816,fixed_oof_no_refit; shared candidate draws,-0.000807172341527,,SUFFICIENT_FOR_SCREEN,PASS,FAILED,NOT_EVALUABLE,N3_core_001,0dee0f0f7308645afdce98d058add79ab68e6a740cb30d69c62d9162834eb4f6,NEGATIVE_SCREEN,未由源聚合提供的记录/试次/覆盖计数保留空值；不从trial推算人数。
N3,H_minus_HP,secondary,L0,P_bal,,bits/trial,H,HP,logistic,temperature,60.0,,,,,,-0.0002907880390358,-0.003822105390501,0.0030719945546445,fixed_oof_no_refit; shared candidate draws,8.597947466990978e-05,,SUFFICIENT_FOR_SCREEN,PASS,FAILED,NOT_EVALUABLE,N3_core_001,0dee0f0f7308645afdce98d058add79ab68e6a740cb30d69c62d9162834eb4f6,NEGATIVE_SCREEN,未由源聚合提供的记录/试次/覆盖计数保留空值；不从trial推算人数。
N3,HB_minus_HBP,secondary,L0,P_bal,,bits/trial,HB,HBP,logistic,temperature,60.0,,,,,,-0.000147547251189,-0.003193195328724,0.0026704276297809,fixed_oof_no_refit; shared candidate draws,-4.798482387598502e-05,,SUFFICIENT_FOR_SCREEN,PASS,FAILED,NOT_EVALUABLE,N3_core_001,0dee0f0f7308645afdce98d058add79ab68e6a740cb30d69c62d9162834eb4f6,NEGATIVE_SCREEN,未由源聚合提供的记录/试次/覆盖计数保留空值；不从trial推算人数。
N3,H_minus_Hnoise,secondary,L0,P_bal,,bits/trial,H,Hnoise,logistic,temperature,60.0,,,,,,-0.0009706904193525,-0.0023953568859458,0.0004725999131226,fixed_oof_no_refit; shared candidate draws,-0.000807172341527,,SUFFICIENT_FOR_SCREEN,PASS,FAILED,NOT_EVALUABLE,N3_core_001,0dee0f0f7308645afdce98d058add79ab68e6a740cb30d69c62d9162834eb4f6,NEGATIVE_SCREEN,未由源聚合提供的记录/试次/覆盖计数保留空值；不从trial推算人数。
N3,H_minus_HP,secondary,L0,P_bal,,bits/trial,H,HP,logistic,mixture_diagnostic,60.0,,,,,,-0.0002907880390358,-0.003822105390501,0.0030719945546445,fixed_oof_no_refit; shared candidate draws,8.597947466990978e-05,,SUFFICIENT_FOR_SCREEN,PASS,FAILED,NOT_EVALUABLE,N3_core_001,0dee0f0f7308645afdce98d058add79ab68e6a740cb30d69c62d9162834eb4f6,NEGATIVE_SCREEN,未由源聚合提供的记录/试次/覆盖计数保留空值；不从trial推算人数。
N3,HB_minus_HBP,secondary,L0,P_bal,,bits/trial,HB,HBP,logistic,mixture_diagnostic,60.0,,,,,,-0.000147547251189,-0.003193195328724,0.0026704276297809,fixed_oof_no_refit; shared candidate draws,-4.798482387598502e-05,,SUFFICIENT_FOR_SCREEN,PASS,FAILED,NOT_EVALUABLE,N3_core_001,0dee0f0f7308645afdce98d058add79ab68e6a740cb30d69c62d9162834eb4f6,NEGATIVE_SCREEN,未由源聚合提供的记录/试次/覆盖计数保留空值；不从trial推算人数。
N3,H_minus_Hnoise,secondary,L0,P_bal,,bits/trial,H,Hnoise,logistic,mixture_diagnostic,60.0,,,,,,-0.0009706904193525,-0.0023953568859458,0.0004725999131226,fixed_oof_no_refit; shared candidate draws,-0.000807172341527,,SUFFICIENT_FOR_SCREEN,PASS,FAILED,NOT_EVALUABLE,N3_core_001,0dee0f0f7308645afdce98d058add79ab68e6a740cb30d69c62d9162834eb4f6,NEGATIVE_SCREEN,未由源聚合提供的记录/试次/覆盖计数保留空值；不从trial推算人数。
N3,selected_H_minus_HP,secondary,L0,P_bal,,bits/trial,H,HP,training_OOF_selected,mixture_diagnostic,60.0,,,,,,-0.0002907880390358,-0.003822105390501,0.0030719945546445,fixed_oof_no_refit; shared candidate draws,8.597947466990978e-05,,SUFFICIENT_FOR_SCREEN,PASS,FAILED,NOT_EVALUABLE,N3_core_001,0dee0f0f7308645afdce98d058add79ab68e6a740cb30d69c62d9162834eb4f6,NEGATIVE_SCREEN,未由源聚合提供的记录/试次/覆盖计数保留空值；不从trial推算人数。
N3,selected_HB_minus_HBP,secondary,L0,P_bal,,bits/trial,HB,HBP,training_OOF_selected,mixture_diagnostic,60.0,,,,,,-0.000147547251189,-0.003193195328724,0.0026704276297809,fixed_oof_no_refit; shared candidate draws,-4.798482387598502e-05,,SUFFICIENT_FOR_SCREEN,PASS,FAILED,NOT_EVALUABLE,N3_core_001,0dee0f0f7308645afdce98d058add79ab68e6a740cb30d69c62d9162834eb4f6,NEGATIVE_SCREEN,未由源聚合提供的记录/试次/覆盖计数保留空值；不从trial推算人数。
N3,selected_H_minus_Hnoise,secondary,L0,P_bal,,bits/trial,H,Hnoise,training_OOF_selected,mixture_diagnostic,60.0,,,,,,-0.0009706904193525,-0.0023953568859458,0.0004725999131226,fixed_oof_no_refit; shared candidate draws,-0.000807172341527,,SUFFICIENT_FOR_SCREEN,PASS,FAILED,NOT_EVALUABLE,N3_core_001,0dee0f0f7308645afdce98d058add79ab68e6a740cb30d69c62d9162834eb4f6,NEGATIVE_SCREEN,未由源聚合提供的记录/试次/覆盖计数保留空值；不从trial推算人数。
N3,selected_H_minus_HP,secondary,L0,P_bal,,bits/trial,H,HP,training_OOF_selected,raw,60.0,,,,,,8.597947466990978e-05,-0.0033883632931926,0.0033610825652879,fixed_oof_no_refit; shared candidate draws,8.597947466990978e-05,,SUFFICIENT_FOR_SCREEN,PASS,FAILED,NOT_EVALUABLE,N3_core_001,0dee0f0f7308645afdce98d058add79ab68e6a740cb30d69c62d9162834eb4f6,MIXED,未由源聚合提供的记录/试次/覆盖计数保留空值；不从trial推算人数。
N3,selected_HB_minus_HBP,secondary,L0,P_bal,,bits/trial,HB,HBP,training_OOF_selected,raw,60.0,,,,,,-4.798482387598502e-05,-0.003417807446517,0.0030185646191055,fixed_oof_no_refit; shared candidate draws,-4.798482387598502e-05,,SUFFICIENT_FOR_SCREEN,PASS,FAILED,NOT_EVALUABLE,N3_core_001,0dee0f0f7308645afdce98d058add79ab68e6a740cb30d69c62d9162834eb4f6,NEGATIVE_SCREEN,未由源聚合提供的记录/试次/覆盖计数保留空值；不从trial推算人数。
N3,selected_H_minus_Hnoise,secondary,L0,P_bal,,bits/trial,H,Hnoise,training_OOF_selected,raw,60.0,,,,,,-0.000807172341527,-0.0021905452997417,0.0005614887211816,fixed_oof_no_refit; shared candidate draws,-0.000807172341527,,SUFFICIENT_FOR_SCREEN,PASS,FAILED,NOT_EVALUABLE,N3_core_001,0dee0f0f7308645afdce98d058add79ab68e6a740cb30d69c62d9162834eb4f6,NEGATIVE_SCREEN,未由源聚合提供的记录/试次/覆盖计数保留空值；不从trial推算人数。
N3,selected_H_minus_HP,secondary,L0,P_bal,,bits/trial,H,HP,training_OOF_selected,temperature,60.0,,,,,,-0.0002907880390358,-0.003822105390501,0.0030719945546445,fixed_oof_no_refit; shared candidate draws,8.597947466990978e-05,,SUFFICIENT_FOR_SCREEN,PASS,FAILED,NOT_EVALUABLE,N3_core_001,0dee0f0f7308645afdce98d058add79ab68e6a740cb30d69c62d9162834eb4f6,NEGATIVE_SCREEN,未由源聚合提供的记录/试次/覆盖计数保留空值；不从trial推算人数。
N3,selected_HB_minus_HBP,secondary,L0,P_bal,,bits/trial,HB,HBP,training_OOF_selected,temperature,60.0,,,,,,-0.000147547251189,-0.003193195328724,0.0026704276297809,fixed_oof_no_refit; shared candidate draws,-4.798482387598502e-05,,SUFFICIENT_FOR_SCREEN,PASS,FAILED,NOT_EVALUABLE,N3_core_001,0dee0f0f7308645afdce98d058add79ab68e6a740cb30d69c62d9162834eb4f6,NEGATIVE_SCREEN,未由源聚合提供的记录/试次/覆盖计数保留空值；不从trial推算人数。
N3,selected_H_minus_Hnoise,secondary,L0,P_bal,,bits/trial,H,Hnoise,training_OOF_selected,temperature,60.0,,,,,,-0.0009706904193525,-0.0023953568859458,0.0004725999131226,fixed_oof_no_refit; shared candidate draws,-0.000807172341527,,SUFFICIENT_FOR_SCREEN,PASS,FAILED,NOT_EVALUABLE,N3_core_001,0dee0f0f7308645afdce98d058add79ab68e6a740cb30d69c62d9162834eb4f6,NEGATIVE_SCREEN,未由源聚合提供的记录/试次/覆盖计数保留空值；不从trial推算人数。
N3,selected_H_minus_HP,secondary,L0,P_nat,,bits/trial,H,HP,training_OOF_selected,mixture_diagnostic,60.0,,,,,,-7.710452777239066e-05,-0.0029740430235573,0.0024616175284161,fixed_oof_no_refit; shared candidate draws,1.154157798869034e-05,,SUFFICIENT_FOR_SCREEN,PASS,FAILED,NOT_EVALUABLE,N3_core_001,0dee0f0f7308645afdce98d058add79ab68e6a740cb30d69c62d9162834eb4f6,NEGATIVE_SCREEN,未由源聚合提供的记录/试次/覆盖计数保留空值；不从trial推算人数。
N3,selected_HB_minus_HBP,secondary,L0,P_nat,,bits/trial,HB,HBP,training_OOF_selected,mixture_diagnostic,60.0,,,,,,-0.000157077872271,-0.002937804707879,0.0022747084672074,fixed_oof_no_refit; shared candidate draws,-0.0001105226560077,,SUFFICIENT_FOR_SCREEN,PASS,FAILED,NOT_EVALUABLE,N3_core_001,0dee0f0f7308645afdce98d058add79ab68e6a740cb30d69c62d9162834eb4f6,NEGATIVE_SCREEN,未由源聚合提供的记录/试次/覆盖计数保留空值；不从trial推算人数。
N3,selected_H_minus_Hnoise,secondary,L0,P_nat,,bits/trial,H,Hnoise,training_OOF_selected,mixture_diagnostic,60.0,,,,,,-0.0006131753662245,-0.0016163496696894,0.0003855907393235,fixed_oof_no_refit; shared candidate draws,-0.0005593271357031,,SUFFICIENT_FOR_SCREEN,PASS,FAILED,NOT_EVALUABLE,N3_core_001,0dee0f0f7308645afdce98d058add79ab68e6a740cb30d69c62d9162834eb4f6,NEGATIVE_SCREEN,未由源聚合提供的记录/试次/覆盖计数保留空值；不从trial推算人数。
N3,selected_H_minus_HP,secondary,L0,P_nat,,bits/trial,H,HP,training_OOF_selected,raw,60.0,,,,,,1.154157798869034e-05,-0.0028620907116463,0.00257780271262,fixed_oof_no_refit; shared candidate draws,1.154157798869034e-05,,SUFFICIENT_FOR_SCREEN,PASS,FAILED,NOT_EVALUABLE,N3_core_001,0dee0f0f7308645afdce98d058add79ab68e6a740cb30d69c62d9162834eb4f6,MIXED,未由源聚合提供的记录/试次/覆盖计数保留空值；不从trial推算人数。
N3,selected_HB_minus_HBP,secondary,L0,P_nat,,bits/trial,HB,HBP,training_OOF_selected,raw,60.0,,,,,,-0.0001105226560077,-0.0029029750047989,0.0023664662645184,fixed_oof_no_refit; shared candidate draws,-0.0001105226560077,,SUFFICIENT_FOR_SCREEN,PASS,FAILED,NOT_EVALUABLE,N3_core_001,0dee0f0f7308645afdce98d058add79ab68e6a740cb30d69c62d9162834eb4f6,NEGATIVE_SCREEN,未由源聚合提供的记录/试次/覆盖计数保留空值；不从trial推算人数。
N3,selected_H_minus_Hnoise,secondary,L0,P_nat,,bits/trial,H,Hnoise,training_OOF_selected,raw,60.0,,,,,,-0.0005593271357031,-0.0015629347494018,0.000435593705322,fixed_oof_no_refit; shared candidate draws,-0.0005593271357031,,SUFFICIENT_FOR_SCREEN,PASS,FAILED,NOT_EVALUABLE,N3_core_001,0dee0f0f7308645afdce98d058add79ab68e6a740cb30d69c62d9162834eb4f6,NEGATIVE_SCREEN,未由源聚合提供的记录/试次/覆盖计数保留空值；不从trial推算人数。
N3,selected_H_minus_HP,secondary,L0,P_nat,,bits/trial,H,HP,training_OOF_selected,temperature,60.0,,,,,,-7.710452777239066e-05,-0.0029740430235573,0.0024616175284161,fixed_oof_no_refit; shared candidate draws,1.154157798869034e-05,,SUFFICIENT_FOR_SCREEN,PASS,FAILED,NOT_EVALUABLE,N3_core_001,0dee0f0f7308645afdce98d058add79ab68e6a740cb30d69c62d9162834eb4f6,NEGATIVE_SCREEN,未由源聚合提供的记录/试次/覆盖计数保留空值；不从trial推算人数。
N3,selected_HB_minus_HBP,secondary,L0,P_nat,,bits/trial,HB,HBP,training_OOF_selected,temperature,60.0,,,,,,-0.000157077872271,-0.002937804707879,0.0022747084672074,fixed_oof_no_refit; shared candidate draws,-0.0001105226560077,,SUFFICIENT_FOR_SCREEN,PASS,FAILED,NOT_EVALUABLE,N3_core_001,0dee0f0f7308645afdce98d058add79ab68e6a740cb30d69c62d9162834eb4f6,NEGATIVE_SCREEN,未由源聚合提供的记录/试次/覆盖计数保留空值；不从trial推算人数。
N3,selected_H_minus_Hnoise,secondary,L0,P_nat,,bits/trial,H,Hnoise,training_OOF_selected,temperature,60.0,,,,,,-0.0006131753662245,-0.0016163496696894,0.0003855907393235,fixed_oof_no_refit; shared candidate draws,-0.0005593271357031,,SUFFICIENT_FOR_SCREEN,PASS,FAILED,NOT_EVALUABLE,N3_core_001,0dee0f0f7308645afdce98d058add79ab68e6a740cb30d69c62d9162834eb4f6,NEGATIVE_SCREEN,未由源聚合提供的记录/试次/覆盖计数保留空值；不从trial推算人数。
N3,selected_H_minus_HP,secondary,R_SIM,P_bal,,bits/trial,H,HP,training_OOF_selected,mixture_diagnostic,60.0,,,,,,-0.1950673890823408,-0.2404504533798888,-0.1312133097192512,fixed_oof_no_refit; shared candidate draws,-0.1826645303546357,,SUFFICIENT_FOR_SCREEN,PASS,FAILED,NOT_EVALUABLE,N3_core_001,0dee0f0f7308645afdce98d058add79ab68e6a740cb30d69c62d9162834eb4f6,NEGATIVE_SCREEN,未由源聚合提供的记录/试次/覆盖计数保留空值；不从trial推算人数。
N3,selected_HB_minus_HBP,secondary,R_SIM,P_bal,,bits/trial,HB,HBP,training_OOF_selected,mixture_diagnostic,60.0,,,,,,-0.0005156762023284,-0.0029866931502826,0.0020860175873169,fixed_oof_no_refit; shared candidate draws,-0.0007695696988203,,SUFFICIENT_FOR_SCREEN,PASS,FAILED,NOT_EVALUABLE,N3_core_001,0dee0f0f7308645afdce98d058add79ab68e6a740cb30d69c62d9162834eb4f6,NEGATIVE_SCREEN,未由源聚合提供的记录/试次/覆盖计数保留空值；不从trial推算人数。
N3,selected_H_minus_Hnoise,secondary,R_SIM,P_bal,,bits/trial,H,Hnoise,training_OOF_selected,mixture_diagnostic,60.0,,,,,,-0.1956447415470921,-0.2412040190935796,-0.1317496516520139,fixed_oof_no_refit; shared candidate draws,-0.1834100120799085,,SUFFICIENT_FOR_SCREEN,PASS,FAILED,NOT_EVALUABLE,N3_core_001,0dee0f0f7308645afdce98d058add79ab68e6a740cb30d69c62d9162834eb4f6,NEGATIVE_SCREEN,未由源聚合提供的记录/试次/覆盖计数保留空值；不从trial推算人数。
N3,selected_H_minus_HP,secondary,R_SIM,P_bal,,bits/trial,H,HP,training_OOF_selected,raw,60.0,,,,,,-0.1826645303546357,-0.2100981669487513,-0.1442280641247954,fixed_oof_no_refit; shared candidate draws,-0.1826645303546357,,SUFFICIENT_FOR_SCREEN,PASS,FAILED,NOT_EVALUABLE,N3_core_001,0dee0f0f7308645afdce98d058add79ab68e6a740cb30d69c62d9162834eb4f6,NEGATIVE_SCREEN,未由源聚合提供的记录/试次/覆盖计数保留空值；不从trial推算人数。
N3,selected_HB_minus_HBP,secondary,R_SIM,P_bal,,bits/trial,HB,HBP,training_OOF_selected,raw,60.0,,,,,,-0.0007695696988203,-0.003460832577656,0.0020403455970207,fixed_oof_no_refit; shared candidate draws,-0.0007695696988203,,SUFFICIENT_FOR_SCREEN,PASS,FAILED,NOT_EVALUABLE,N3_core_001,0dee0f0f7308645afdce98d058add79ab68e6a740cb30d69c62d9162834eb4f6,NEGATIVE_SCREEN,未由源聚合提供的记录/试次/覆盖计数保留空值；不从trial推算人数。
N3,selected_H_minus_Hnoise,secondary,R_SIM,P_bal,,bits/trial,H,Hnoise,training_OOF_selected,raw,60.0,,,,,,-0.1834100120799085,-0.2110379667181944,-0.1450391861238806,fixed_oof_no_refit; shared candidate draws,-0.1834100120799085,,SUFFICIENT_FOR_SCREEN,PASS,FAILED,NOT_EVALUABLE,N3_core_001,0dee0f0f7308645afdce98d058add79ab68e6a740cb30d69c62d9162834eb4f6,NEGATIVE_SCREEN,未由源聚合提供的记录/试次/覆盖计数保留空值；不从trial推算人数。
N3,selected_H_minus_HP,secondary,R_SIM,P_bal,,bits/trial,H,HP,training_OOF_selected,temperature,60.0,,,,,,-0.1950673890823408,-0.2404504533798888,-0.1312133097192512,fixed_oof_no_refit; shared candidate draws,-0.1826645303546357,,SUFFICIENT_FOR_SCREEN,PASS,FAILED,NOT_EVALUABLE,N3_core_001,0dee0f0f7308645afdce98d058add79ab68e6a740cb30d69c62d9162834eb4f6,NEGATIVE_SCREEN,未由源聚合提供的记录/试次/覆盖计数保留空值；不从trial推算人数。
N3,selected_HB_minus_HBP,secondary,R_SIM,P_bal,,bits/trial,HB,HBP,training_OOF_selected,temperature,60.0,,,,,,-0.0005156762023284,-0.0029866931502826,0.0020860175873169,fixed_oof_no_refit; shared candidate draws,-0.0007695696988203,,SUFFICIENT_FOR_SCREEN,PASS,FAILED,NOT_EVALUABLE,N3_core_001,0dee0f0f7308645afdce98d058add79ab68e6a740cb30d69c62d9162834eb4f6,NEGATIVE_SCREEN,未由源聚合提供的记录/试次/覆盖计数保留空值；不从trial推算人数。
N3,selected_H_minus_Hnoise,secondary,R_SIM,P_bal,,bits/trial,H,Hnoise,training_OOF_selected,temperature,60.0,,,,,,-0.1956447415470921,-0.2412040190935796,-0.1317496516520139,fixed_oof_no_refit; shared candidate draws,-0.1834100120799085,,SUFFICIENT_FOR_SCREEN,PASS,FAILED,NOT_EVALUABLE,N3_core_001,0dee0f0f7308645afdce98d058add79ab68e6a740cb30d69c62d9162834eb4f6,NEGATIVE_SCREEN,未由源聚合提供的记录/试次/覆盖计数保留空值；不从trial推算人数。
N3,selected_H_minus_HP,secondary,R_SIM,P_nat,,bits/trial,H,HP,training_OOF_selected,mixture_diagnostic,60.0,,,,,,-0.0506316587586698,-0.0577564657244072,-0.0411938981089999,fixed_oof_no_refit; shared candidate draws,-0.0498108137751277,,SUFFICIENT_FOR_SCREEN,PASS,FAILED,NOT_EVALUABLE,N3_core_001,0dee0f0f7308645afdce98d058add79ab68e6a740cb30d69c62d9162834eb4f6,NEGATIVE_SCREEN,未由源聚合提供的记录/试次/覆盖计数保留空值；不从trial推算人数。
N3,selected_HB_minus_HBP,secondary,R_SIM,P_nat,,bits/trial,HB,HBP,training_OOF_selected,mixture_diagnostic,60.0,,,,,,0.0001004002383222,-0.0019035027100663,0.0021865901184356,fixed_oof_no_refit; shared candidate draws,0.0001040160477569,,SUFFICIENT_FOR_SCREEN,PASS,FAILED,NOT_EVALUABLE,N3_core_001,0dee0f0f7308645afdce98d058add79ab68e6a740cb30d69c62d9162834eb4f6,MIXED,未由源聚合提供的记录/试次/覆盖计数保留空值；不从trial推算人数。
N3,selected_H_minus_Hnoise,secondary,R_SIM,P_nat,,bits/trial,H,Hnoise,training_OOF_selected,mixture_diagnostic,60.0,,,,,,-0.0519103031575786,-0.0589538202026109,-0.042284318799605,fixed_oof_no_refit; shared candidate draws,-0.0510745027620717,,SUFFICIENT_FOR_SCREEN,PASS,FAILED,NOT_EVALUABLE,N3_core_001,0dee0f0f7308645afdce98d058add79ab68e6a740cb30d69c62d9162834eb4f6,NEGATIVE_SCREEN,未由源聚合提供的记录/试次/覆盖计数保留空值；不从trial推算人数。
N3,selected_H_minus_HP,secondary,R_SIM,P_nat,,bits/trial,H,HP,training_OOF_selected,raw,60.0,,,,,,-0.0498108137751277,-0.0565751117681398,-0.0409466955761988,fixed_oof_no_refit; shared candidate draws,-0.0498108137751277,,SUFFICIENT_FOR_SCREEN,PASS,FAILED,NOT_EVALUABLE,N3_core_001,0dee0f0f7308645afdce98d058add79ab68e6a740cb30d69c62d9162834eb4f6,NEGATIVE_SCREEN,未由源聚合提供的记录/试次/覆盖计数保留空值；不从trial推算人数。
N3,selected_HB_minus_HBP,secondary,R_SIM,P_nat,,bits/trial,HB,HBP,training_OOF_selected,raw,60.0,,,,,,0.0001040160477569,-0.0019107708490421,0.0022381548021141,fixed_oof_no_refit; shared candidate draws,0.0001040160477569,,SUFFICIENT_FOR_SCREEN,PASS,FAILED,NOT_EVALUABLE,N3_core_001,0dee0f0f7308645afdce98d058add79ab68e6a740cb30d69c62d9162834eb4f6,MIXED,未由源聚合提供的记录/试次/覆盖计数保留空值；不从trial推算人数。
N3,selected_H_minus_Hnoise,secondary,R_SIM,P_nat,,bits/trial,H,Hnoise,training_OOF_selected,raw,60.0,,,,,,-0.0510745027620717,-0.0578165721750882,-0.0420050101064528,fixed_oof_no_refit; shared candidate draws,-0.0510745027620717,,SUFFICIENT_FOR_SCREEN,PASS,FAILED,NOT_EVALUABLE,N3_core_001,0dee0f0f7308645afdce98d058add79ab68e6a740cb30d69c62d9162834eb4f6,NEGATIVE_SCREEN,未由源聚合提供的记录/试次/覆盖计数保留空值；不从trial推算人数。
N3,selected_H_minus_HP,primary,R_SIM,P_nat,,bits/trial,H,HP,training_OOF_selected,temperature,60.0,,,,,,-0.0506316587586698,-0.0577564657244072,-0.0411938981089999,fixed_oof_no_refit; shared candidate draws,-0.0498108137751277,,SUFFICIENT_FOR_SCREEN,PASS,FAILED,NOT_EVALUABLE,N3_core_001,0dee0f0f7308645afdce98d058add79ab68e6a740cb30d69c62d9162834eb4f6,NEGATIVE_SCREEN,未由源聚合提供的记录/试次/覆盖计数保留空值；不从trial推算人数。
N3,selected_HB_minus_HBP,secondary,R_SIM,P_nat,,bits/trial,HB,HBP,training_OOF_selected,temperature,60.0,,,,,,0.0001004002383222,-0.0019035027100663,0.0021865901184356,fixed_oof_no_refit; shared candidate draws,0.0001040160477569,,SUFFICIENT_FOR_SCREEN,PASS,FAILED,NOT_EVALUABLE,N3_core_001,0dee0f0f7308645afdce98d058add79ab68e6a740cb30d69c62d9162834eb4f6,MIXED,未由源聚合提供的记录/试次/覆盖计数保留空值；不从trial推算人数。
N3,selected_H_minus_Hnoise,secondary,R_SIM,P_nat,,bits/trial,H,Hnoise,training_OOF_selected,temperature,60.0,,,,,,-0.0519103031575786,-0.0589538202026109,-0.042284318799605,fixed_oof_no_refit; shared candidate draws,-0.0510745027620717,,SUFFICIENT_FOR_SCREEN,PASS,FAILED,NOT_EVALUABLE,N3_core_001,0dee0f0f7308645afdce98d058add79ab68e6a740cb30d69c62d9162834eb4f6,NEGATIVE_SCREEN,未由源聚合提供的记录/试次/覆盖计数保留空值；不从trial推算人数。
C2_S,G_crossmean,secondary,L0,P_bal,,bits/trial,S0,S1,logistic,raw,60.0,,,,,,0.0002661928975163,-0.0003760618781878,0.0009598193717397,fixed_oof_no_refit; same candidate draws for all contrasts,0.0002661928975163,0.0002974947839392,SUFFICIENT_FOR_SCREEN,PASS,COMPLETE,MIXED,C2S_core_001,a1ef8cf32b38a3547e7f1bf3560ec6ebbebed985afdcae84659bca9e2d626baa,MIXED,未由源聚合提供的记录/试次/覆盖计数保留空值；不从trial推算人数。
C2_S,G_midline,secondary,L0,P_bal,,bits/trial,S1,S2,logistic,raw,60.0,,,,,,0.000218166828443,-0.0008281653021954,0.001272641424876,fixed_oof_no_refit; same candidate draws for all contrasts,0.000218166828443,0.0001258029421089,SUFFICIENT_FOR_SCREEN,PASS,COMPLETE,MIXED,C2S_core_001,a1ef8cf32b38a3547e7f1bf3560ec6ebbebed985afdcae84659bca9e2d626baa,MIXED,未由源聚合提供的记录/试次/覆盖计数保留空值；不从trial推算人数。
C2_S,crossmean_matched_width_margin,secondary,L0,P_bal,,bits/trial,S0_DUP_S1,S1,logistic,raw,60.0,,,,,,0.0002974947839392,-0.0003659706813791,0.0009951551954034,fixed_oof_no_refit; same candidate draws for all contrasts,0.0002974947839392,,SUFFICIENT_FOR_SCREEN,PASS,COMPLETE,MIXED,C2S_core_001,a1ef8cf32b38a3547e7f1bf3560ec6ebbebed985afdcae84659bca9e2d626baa,MIXED,未由源聚合提供的记录/试次/覆盖计数保留空值；不从trial推算人数。
C2_S,complete_spatial_matched_width_margin,secondary,L0,P_bal,,bits/trial,S0_DUP_S2,S2,logistic,raw,60.0,,,,,,0.0001258029421089,-0.0002790726717534,0.0005082903308606,fixed_oof_no_refit; same candidate draws for all contrasts,0.0001258029421089,,SUFFICIENT_FOR_SCREEN,PASS,COMPLETE,MIXED,C2S_core_001,a1ef8cf32b38a3547e7f1bf3560ec6ebbebed985afdcae84659bca9e2d626baa,MIXED,未由源聚合提供的记录/试次/覆盖计数保留空值；不从trial推算人数。
C2_S,S0_minus_FULL20,secondary,L0,P_bal,,bits/trial,S0,FULL20,logistic,raw,60.0,,,,,,0.0003890539202437,-0.0009001569395835,0.0017208495731681,fixed_oof_no_refit; same candidate draws for all contrasts,0.0003890539202437,,SUFFICIENT_FOR_SCREEN,PASS,COMPLETE,MIXED,C2S_core_001,a1ef8cf32b38a3547e7f1bf3560ec6ebbebed985afdcae84659bca9e2d626baa,MIXED,未由源聚合提供的记录/试次/覆盖计数保留空值；不从trial推算人数。
C2_S,S2_minus_FULL20,secondary,L0,P_bal,,bits/trial,S2,FULL20,logistic,raw,60.0,,,,,,-9.530580571559533e-05,-0.0002795791917436,9.683251333448544e-05,fixed_oof_no_refit; same candidate draws for all contrasts,-9.530580571559533e-05,,SUFFICIENT_FOR_SCREEN,PASS,COMPLETE,MIXED,C2S_core_001,a1ef8cf32b38a3547e7f1bf3560ec6ebbebed985afdcae84659bca9e2d626baa,NEGATIVE_SCREEN,未由源聚合提供的记录/试次/覆盖计数保留空值；不从trial推算人数。
C2_S,G_crossmean,primary,L0,P_bal,,bits/trial,S0,S1,logistic,calibrated,60.0,,,,,,-0.0002378729953003,-0.0005533624027012,2.664475798420659e-05,fixed_oof_no_refit; same candidate draws for all contrasts,0.0002661928975163,-0.0001580471590236,SUFFICIENT_FOR_SCREEN,PASS,COMPLETE,MIXED,C2S_core_001,a1ef8cf32b38a3547e7f1bf3560ec6ebbebed985afdcae84659bca9e2d626baa,NEGATIVE_SCREEN,未由源聚合提供的记录/试次/覆盖计数保留空值；不从trial推算人数。
C2_S,G_midline,primary,L0,P_bal,,bits/trial,S1,S2,logistic,calibrated,60.0,,,,,,0.0001940675437963,-0.0003680012893737,0.0006787072926472,fixed_oof_no_refit; same candidate draws for all contrasts,0.000218166828443,0.0001720193938619,SUFFICIENT_FOR_SCREEN,PASS,COMPLETE,MIXED,C2S_core_001,a1ef8cf32b38a3547e7f1bf3560ec6ebbebed985afdcae84659bca9e2d626baa,MIXED,未由源聚合提供的记录/试次/覆盖计数保留空值；不从trial推算人数。
C2_S,crossmean_matched_width_margin,secondary,L0,P_bal,,bits/trial,S0_DUP_S1,S1,logistic,calibrated,60.0,,,,,,-0.0001580471590236,-0.0004775529740335,0.0001191032558647,fixed_oof_no_refit; same candidate draws for all contrasts,0.0002974947839392,,SUFFICIENT_FOR_SCREEN,PASS,COMPLETE,MIXED,C2S_core_001,a1ef8cf32b38a3547e7f1bf3560ec6ebbebed985afdcae84659bca9e2d626baa,NEGATIVE_SCREEN,未由源聚合提供的记录/试次/覆盖计数保留空值；不从trial推算人数。
C2_S,complete_spatial_matched_width_margin,secondary,L0,P_bal,,bits/trial,S0_DUP_S2,S2,logistic,calibrated,60.0,,,,,,0.0001720193938619,-0.0003867936546282,0.0006868262924856,fixed_oof_no_refit; same candidate draws for all contrasts,0.0001258029421089,,SUFFICIENT_FOR_SCREEN,PASS,COMPLETE,MIXED,C2S_core_001,a1ef8cf32b38a3547e7f1bf3560ec6ebbebed985afdcae84659bca9e2d626baa,MIXED,未由源聚合提供的记录/试次/覆盖计数保留空值；不从trial推算人数。
C2_S,S0_minus_FULL20,secondary,L0,P_bal,,bits/trial,S0,FULL20,logistic,calibrated,60.0,,,,,,1.8501876460463865e-05,-0.0007871402631092,0.0007399374856111,fixed_oof_no_refit; same candidate draws for all contrasts,0.0003890539202437,,SUFFICIENT_FOR_SCREEN,PASS,COMPLETE,MIXED,C2S_core_001,a1ef8cf32b38a3547e7f1bf3560ec6ebbebed985afdcae84659bca9e2d626baa,MIXED,未由源聚合提供的记录/试次/覆盖计数保留空值；不从trial推算人数。
C2_S,S2_minus_FULL20,secondary,L0,P_bal,,bits/trial,S2,FULL20,logistic,calibrated,60.0,,,,,,6.230732796441707e-05,-0.0001303992388962,0.0002763121390882,fixed_oof_no_refit; same candidate draws for all contrasts,-9.530580571559533e-05,,SUFFICIENT_FOR_SCREEN,PASS,COMPLETE,MIXED,C2S_core_001,a1ef8cf32b38a3547e7f1bf3560ec6ebbebed985afdcae84659bca9e2d626baa,MIXED,未由源聚合提供的记录/试次/覆盖计数保留空值；不从trial推算人数。
C2_R,G_R_given_L,secondary,R_SIM,P_bal,,bits/trial,,LR,linear,calibrated,60.0,,,,,,-0.0001608244004134,-0.0008148027360902,0.0004673958559882,fixed OOF identity-group bootstrap; no workflow refits,-0.0002264360414031,,SUFFICIENT_FOR_SCREEN,PASS,MISSING,NOT_EVALUABLE,C2R_core_001,b6f774a77024ab430f4c4bbf0d2d0073ce2974929fd011b9c6077457e41c4e2e,NEGATIVE_SCREEN,未由源聚合提供的记录/试次/覆盖计数保留空值；不从trial推算人数。
C2_R,G_L_given_R,secondary,R_SIM,P_bal,,bits/trial,,LR,linear,calibrated,60.0,,,,,,0.0006858044015668,-0.0001426585040338,0.0015074776744882,fixed OOF identity-group bootstrap; no workflow refits,0.000600496618718,,SUFFICIENT_FOR_SCREEN,PASS,MISSING,NOT_EVALUABLE,C2R_core_001,b6f774a77024ab430f4c4bbf0d2d0073ce2974929fd011b9c6077457e41c4e2e,MIXED,未由源聚合提供的记录/试次/覆盖计数保留空值；不从trial推算人数。
C2_R,T_C,secondary,R_SIM,P_bal,,bits/trial,"min(L,R)",LR,linear,calibrated,60.0,,,,,,-0.0001608244004134,-0.0008148027360902,0.0004187046512824,fixed OOF identity-group bootstrap; no workflow refits,-0.0002264360414031,,SUFFICIENT_FOR_SCREEN,PASS,MISSING,NOT_EVALUABLE,C2R_core_001,b6f774a77024ab430f4c4bbf0d2d0073ce2974929fd011b9c6077457e41c4e2e,NEGATIVE_SCREEN,未由源聚合提供的记录/试次/覆盖计数保留空值；不从trial推算人数。
C2_R,J_joint,secondary,R_SIM,P_bal,,bits/trial,,LR,linear,calibrated,60.0,,,,,,0.0009910974248522,-0.0004487955656017,0.0023804124974577,fixed OOF identity-group bootstrap; no workflow refits,0.0010329551589572,,SUFFICIENT_FOR_SCREEN,PASS,MISSING,NOT_EVALUABLE,C2R_core_001,b6f774a77024ab430f4c4bbf0d2d0073ce2974929fd011b9c6077457e41c4e2e,MIXED,未由源聚合提供的记录/试次/覆盖计数保留空值；不从trial推算人数。
C2_R,duplicate_margin,secondary,R_SIM,P_bal,,bits/trial,,LR,linear,calibrated,60.0,,,,,,-6.563443766460786e-05,-0.0007386965431239,0.0005058598410071,fixed OOF identity-group bootstrap; no workflow refits,-2.849712447350328e-05,,SUFFICIENT_FOR_SCREEN,PASS,MISSING,NOT_EVALUABLE,C2R_core_001,b6f774a77024ab430f4c4bbf0d2d0073ce2974929fd011b9c6077457e41c4e2e,NEGATIVE_SCREEN,未由源聚合提供的记录/试次/覆盖计数保留空值；不从trial推算人数。
C2_R,G_R_given_L,secondary,R_SIM,P_bal,,bits/trial,,LR,mlp32,calibrated,60.0,,,,,,-0.0003338560786889,-0.0010466867636584,0.0003378555627182,fixed OOF identity-group bootstrap; no workflow refits,-0.0006239196666474,,SUFFICIENT_FOR_SCREEN,PASS,MISSING,NOT_EVALUABLE,C2R_core_001,b6f774a77024ab430f4c4bbf0d2d0073ce2974929fd011b9c6077457e41c4e2e,NEGATIVE_SCREEN,未由源聚合提供的记录/试次/覆盖计数保留空值；不从trial推算人数。
C2_R,G_L_given_R,secondary,R_SIM,P_bal,,bits/trial,,LR,mlp32,calibrated,60.0,,,,,,0.0008516398255963,-3.631088196499044e-05,0.0016885799796268,fixed OOF identity-group bootstrap; no workflow refits,8.859438577712986e-05,,SUFFICIENT_FOR_SCREEN,PASS,MISSING,NOT_EVALUABLE,C2R_core_001,b6f774a77024ab430f4c4bbf0d2d0073ce2974929fd011b9c6077457e41c4e2e,MIXED,未由源聚合提供的记录/试次/覆盖计数保留空值；不从trial推算人数。
C2_R,T_C,primary,R_SIM,P_bal,,bits/trial,"min(L,R)",LR,mlp32,calibrated,60.0,,,,,,-0.0003338560786889,-0.0010466867636584,0.0003009497742223,fixed OOF identity-group bootstrap; no workflow refits,-0.0006239196666474,-0.0003408975563351,SUFFICIENT_FOR_SCREEN,PASS,MISSING,NOT_EVALUABLE,C2R_core_001,b6f774a77024ab430f4c4bbf0d2d0073ce2974929fd011b9c6077457e41c4e2e,NEGATIVE_SCREEN,未由源聚合提供的记录/试次/覆盖计数保留空值；不从trial推算人数。
C2_R,J_joint,secondary,R_SIM,P_bal,,bits/trial,,LR,mlp32,calibrated,60.0,,,,,,0.0008527709627847,-0.000639723408614,0.002333069141316,fixed OOF identity-group bootstrap; no workflow refits,0.0004909721843575,,SUFFICIENT_FOR_SCREEN,PASS,MISSING,NOT_EVALUABLE,C2R_core_001,b6f774a77024ab430f4c4bbf0d2d0073ce2974929fd011b9c6077457e41c4e2e,MIXED,未由源聚合提供的记录/试次/覆盖计数保留空值；不从trial推算人数。
C2_R,duplicate_margin,secondary,R_SIM,P_bal,,bits/trial,,LR,mlp32,calibrated,60.0,,,,,,-0.0003291631193925,-0.0010247696600563,0.0002929831616585,fixed OOF identity-group bootstrap; no workflow refits,-0.0006210028286908,,SUFFICIENT_FOR_SCREEN,PASS,MISSING,NOT_EVALUABLE,C2R_core_001,b6f774a77024ab430f4c4bbf0d2d0073ce2974929fd011b9c6077457e41c4e2e,NEGATIVE_SCREEN,未由源聚合提供的记录/试次/覆盖计数保留空值；不从trial推算人数。
C2_R,expanded_margin,secondary,R_SIM,P_bal,,bits/trial,,LR,mlp32,calibrated,60.0,,,,,,-0.0003408975563351,-0.0010509406680846,0.0002903328394023,fixed OOF identity-group bootstrap; no workflow refits,-0.000632122238398,,SUFFICIENT_FOR_SCREEN,PASS,MISSING,NOT_EVALUABLE,C2R_core_001,b6f774a77024ab430f4c4bbf0d2d0073ce2974929fd011b9c6077457e41c4e2e,NEGATIVE_SCREEN,未由源聚合提供的记录/试次/覆盖计数保留空值；不从trial推算人数。
C2_R,capacity_margin,secondary,R_SIM,P_bal,,bits/trial,,LR,mlp32,calibrated,60.0,,,,,,-0.0003408975563351,-0.0010846966184331,0.0002271483718436,fixed OOF identity-group bootstrap; no workflow refits,-0.000632122238398,,SUFFICIENT_FOR_SCREEN,PASS,MISSING,NOT_EVALUABLE,C2R_core_001,b6f774a77024ab430f4c4bbf0d2d0073ce2974929fd011b9c6077457e41c4e2e,NEGATIVE_SCREEN,未由源聚合提供的记录/试次/覆盖计数保留空值；不从trial推算人数。
C2_R,G_R_given_L,secondary,R_SIM,P_bal,,bits/trial,,LR,linear,raw,60.0,,,,,,-0.0002264360414031,-0.0010901154631675,0.0005911646663223,fixed OOF identity-group bootstrap; no workflow refits,-0.0002264360414031,,SUFFICIENT_FOR_SCREEN,PASS,MISSING,NOT_EVALUABLE,C2R_core_001,b6f774a77024ab430f4c4bbf0d2d0073ce2974929fd011b9c6077457e41c4e2e,NEGATIVE_SCREEN,未由源聚合提供的记录/试次/覆盖计数保留空值；不从trial推算人数。
C2_R,G_L_given_R,secondary,R_SIM,P_bal,,bits/trial,,LR,linear,raw,60.0,,,,,,0.000600496618718,-0.0004485457576571,0.0016695807672524,fixed OOF identity-group bootstrap; no workflow refits,0.000600496618718,,SUFFICIENT_FOR_SCREEN,PASS,MISSING,NOT_EVALUABLE,C2R_core_001,b6f774a77024ab430f4c4bbf0d2d0073ce2974929fd011b9c6077457e41c4e2e,MIXED,未由源聚合提供的记录/试次/覆盖计数保留空值；不从trial推算人数。
C2_R,T_C,secondary,R_SIM,P_bal,,bits/trial,"min(L,R)",LR,linear,raw,60.0,,,,,,-0.0002264360414031,-0.0010901154631675,0.0005566903748362,fixed OOF identity-group bootstrap; no workflow refits,-0.0002264360414031,,SUFFICIENT_FOR_SCREEN,PASS,MISSING,NOT_EVALUABLE,C2R_core_001,b6f774a77024ab430f4c4bbf0d2d0073ce2974929fd011b9c6077457e41c4e2e,NEGATIVE_SCREEN,未由源聚合提供的记录/试次/覆盖计数保留空值；不从trial推算人数。
C2_R,J_joint,secondary,R_SIM,P_bal,,bits/trial,,LR,linear,raw,60.0,,,,,,0.0010329551589572,-0.0006825586111294,0.0027311956574701,fixed OOF identity-group bootstrap; no workflow refits,0.0010329551589572,,SUFFICIENT_FOR_SCREEN,PASS,MISSING,NOT_EVALUABLE,C2R_core_001,b6f774a77024ab430f4c4bbf0d2d0073ce2974929fd011b9c6077457e41c4e2e,MIXED,未由源聚合提供的记录/试次/覆盖计数保留空值；不从trial推算人数。
C2_R,duplicate_margin,secondary,R_SIM,P_bal,,bits/trial,,LR,linear,raw,60.0,,,,,,-2.849712447350328e-05,-0.0009435971954505,0.0008380229177609,fixed OOF identity-group bootstrap; no workflow refits,-2.849712447350328e-05,,SUFFICIENT_FOR_SCREEN,PASS,MISSING,NOT_EVALUABLE,C2R_core_001,b6f774a77024ab430f4c4bbf0d2d0073ce2974929fd011b9c6077457e41c4e2e,NEGATIVE_SCREEN,未由源聚合提供的记录/试次/覆盖计数保留空值；不从trial推算人数。
C2_R,G_R_given_L,secondary,R_SIM,P_bal,,bits/trial,,LR,mlp32,raw,60.0,,,,,,-0.0006239196666474,-0.0018309626969278,0.0005280978301581,fixed OOF identity-group bootstrap; no workflow refits,-0.0006239196666474,,SUFFICIENT_FOR_SCREEN,PASS,MISSING,NOT_EVALUABLE,C2R_core_001,b6f774a77024ab430f4c4bbf0d2d0073ce2974929fd011b9c6077457e41c4e2e,NEGATIVE_SCREEN,未由源聚合提供的记录/试次/覆盖计数保留空值；不从trial推算人数。
C2_R,G_L_given_R,secondary,R_SIM,P_bal,,bits/trial,,LR,mlp32,raw,60.0,,,,,,8.859438577712986e-05,-0.0012868602982577,0.0014505802937645,fixed OOF identity-group bootstrap; no workflow refits,8.859438577712986e-05,,SUFFICIENT_FOR_SCREEN,PASS,MISSING,NOT_EVALUABLE,C2R_core_001,b6f774a77024ab430f4c4bbf0d2d0073ce2974929fd011b9c6077457e41c4e2e,MIXED,未由源聚合提供的记录/试次/覆盖计数保留空值；不从trial推算人数。
C2_R,T_C,secondary,R_SIM,P_bal,,bits/trial,"min(L,R)",LR,mlp32,raw,60.0,,,,,,-0.0006239196666474,-0.0018309626969278,0.0005097341326853,fixed OOF identity-group bootstrap; no workflow refits,-0.0006239196666474,-0.000632122238398,SUFFICIENT_FOR_SCREEN,PASS,MISSING,NOT_EVALUABLE,C2R_core_001,b6f774a77024ab430f4c4bbf0d2d0073ce2974929fd011b9c6077457e41c4e2e,NEGATIVE_SCREEN,未由源聚合提供的记录/试次/覆盖计数保留空值；不从trial推算人数。
C2_R,J_joint,secondary,R_SIM,P_bal,,bits/trial,,LR,mlp32,raw,60.0,,,,,,0.0004909721843575,-0.001513843898147,0.0025015937264672,fixed OOF identity-group bootstrap; no workflow refits,0.0004909721843575,,SUFFICIENT_FOR_SCREEN,PASS,MISSING,NOT_EVALUABLE,C2R_core_001,b6f774a77024ab430f4c4bbf0d2d0073ce2974929fd011b9c6077457e41c4e2e,MIXED,未由源聚合提供的记录/试次/覆盖计数保留空值；不从trial推算人数。
C2_R,duplicate_margin,secondary,R_SIM,P_bal,,bits/trial,,LR,mlp32,raw,60.0,,,,,,-0.0006210028286908,-0.0016070126931857,0.0002531253490825,fixed OOF identity-group bootstrap; no workflow refits,-0.0006210028286908,,SUFFICIENT_FOR_SCREEN,PASS,MISSING,NOT_EVALUABLE,C2R_core_001,b6f774a77024ab430f4c4bbf0d2d0073ce2974929fd011b9c6077457e41c4e2e,NEGATIVE_SCREEN,未由源聚合提供的记录/试次/覆盖计数保留空值；不从trial推算人数。
C2_R,expanded_margin,secondary,R_SIM,P_bal,,bits/trial,,LR,mlp32,raw,60.0,,,,,,-0.000632122238398,-0.0018364122088011,0.0005017599246089,fixed OOF identity-group bootstrap; no workflow refits,-0.000632122238398,,SUFFICIENT_FOR_SCREEN,PASS,MISSING,NOT_EVALUABLE,C2R_core_001,b6f774a77024ab430f4c4bbf0d2d0073ce2974929fd011b9c6077457e41c4e2e,NEGATIVE_SCREEN,未由源聚合提供的记录/试次/覆盖计数保留空值；不从trial推算人数。
C2_R,capacity_margin,secondary,R_SIM,P_bal,,bits/trial,,LR,mlp32,raw,60.0,,,,,,-0.000632122238398,-0.0018364122088011,0.000236023158245,fixed OOF identity-group bootstrap; no workflow refits,-0.000632122238398,,SUFFICIENT_FOR_SCREEN,PASS,MISSING,NOT_EVALUABLE,C2R_core_001,b6f774a77024ab430f4c4bbf0d2d0073ce2974929fd011b9c6077457e41c4e2e,NEGATIVE_SCREEN,未由源聚合提供的记录/试次/覆盖计数保留空值；不从trial推算人数。
