packet,source_run,mode,population,calibration,metric,estimate,ci_lower,ci_upper,n_candidates,n_observations,aggregation,bootstrap_scope,bank,family,view
G0_within,G0_readouts_001,L0,P_bal,mixture_diagnostic,ce_bits,0.9952196366634585,0.991156956597764,0.9992176814468224,57,15976,macro candidate mean,fixed OOF candidate bootstrap; no refit,,,
G0_within,G0_readouts_001,L0,P_bal,mixture_diagnostic,bacc,0.5383519414026579,0.5257928046248131,0.5510146976568764,57,15976,macro candidate mean,fixed OOF candidate bootstrap; no refit,,,
G0_within,G0_readouts_001,L0,P_bal,mixture_diagnostic,auroc,0.5516078475652906,0.5349375693552244,0.5685394224808704,57,15976,macro candidate mean,fixed OOF candidate bootstrap; no refit,,,
G0_within,G0_readouts_001,L0,P_bal,mixture_diagnostic,brier_two_class_sum,0.4967072112181973,0.4939435306460323,0.49942974584369487,57,15976,macro candidate mean,fixed OOF candidate bootstrap; no refit,,,
G0_within,G0_readouts_001,L0,P_bal,raw,ce_bits,0.9948250546548082,0.9904676318654769,0.9989537055508059,57,15976,macro candidate mean,fixed OOF candidate bootstrap; no refit,,,
G0_within,G0_readouts_001,L0,P_bal,raw,bacc,0.5383519414026579,0.5257928046248131,0.5510146976568764,57,15976,macro candidate mean,fixed OOF candidate bootstrap; no refit,,,
G0_within,G0_readouts_001,L0,P_bal,raw,auroc,0.5516078475652906,0.5349375693552244,0.5685394224808704,57,15976,macro candidate mean,fixed OOF candidate bootstrap; no refit,,,
G0_within,G0_readouts_001,L0,P_bal,raw,brier_two_class_sum,0.4964552470798611,0.4934756909301535,0.49926626893882536,57,15976,macro candidate mean,fixed OOF candidate bootstrap; no refit,,,
G0_within,G0_readouts_001,L0,P_bal,temperature,ce_bits,0.9952196366634585,0.991156956597764,0.9992176814468224,57,15976,macro candidate mean,fixed OOF candidate bootstrap; no refit,,,
G0_within,G0_readouts_001,L0,P_bal,temperature,bacc,0.5383519414026579,0.5257928046248131,0.5510146976568764,57,15976,macro candidate mean,fixed OOF candidate bootstrap; no refit,,,
G0_within,G0_readouts_001,L0,P_bal,temperature,auroc,0.5516078475652906,0.5349375693552244,0.5685394224808704,57,15976,macro candidate mean,fixed OOF candidate bootstrap; no refit,,,
G0_within,G0_readouts_001,L0,P_bal,temperature,brier_two_class_sum,0.4967072112181973,0.4939435306460323,0.49942974584369487,57,15976,macro candidate mean,fixed OOF candidate bootstrap; no refit,,,
G0_within,G0_readouts_001,R_RAND,P_bal,mixture_diagnostic,ce_bits,0.9933677832436922,0.9898260262647435,0.9968361779478526,57,15976,macro candidate mean,fixed OOF candidate bootstrap; no refit,,,
G0_within,G0_readouts_001,R_RAND,P_bal,mixture_diagnostic,bacc,0.531802085690703,0.5222344531743864,0.541622551875583,57,15976,macro candidate mean,fixed OOF candidate bootstrap; no refit,,,
G0_within,G0_readouts_001,R_RAND,P_bal,mixture_diagnostic,auroc,0.5516799401224266,0.5391341804091232,0.5646105271699523,57,15976,macro candidate mean,fixed OOF candidate bootstrap; no refit,,,
G0_within,G0_readouts_001,R_RAND,P_bal,mixture_diagnostic,brier_two_class_sum,0.4954441495371837,0.4930106279634844,0.49780382765413766,57,15976,macro candidate mean,fixed OOF candidate bootstrap; no refit,,,
G0_within,G0_readouts_001,R_RAND,P_bal,raw,ce_bits,0.9937373597829591,0.9895141359262438,0.9978247820997799,57,15976,macro candidate mean,fixed OOF candidate bootstrap; no refit,,,
G0_within,G0_readouts_001,R_RAND,P_bal,raw,bacc,0.531802085690703,0.5222344531743864,0.541622551875583,57,15976,macro candidate mean,fixed OOF candidate bootstrap; no refit,,,
G0_within,G0_readouts_001,R_RAND,P_bal,raw,auroc,0.5516799401224266,0.5391341804091232,0.5646105271699523,57,15976,macro candidate mean,fixed OOF candidate bootstrap; no refit,,,
G0_within,G0_readouts_001,R_RAND,P_bal,raw,brier_two_class_sum,0.49570621145283505,0.49283758376819725,0.49845381043968756,57,15976,macro candidate mean,fixed OOF candidate bootstrap; no refit,,,
G0_within,G0_readouts_001,R_RAND,P_bal,temperature,ce_bits,0.9933677832436922,0.9898260262647435,0.9968361779478526,57,15976,macro candidate mean,fixed OOF candidate bootstrap; no refit,,,
G0_within,G0_readouts_001,R_RAND,P_bal,temperature,bacc,0.531802085690703,0.5222344531743864,0.541622551875583,57,15976,macro candidate mean,fixed OOF candidate bootstrap; no refit,,,
G0_within,G0_readouts_001,R_RAND,P_bal,temperature,auroc,0.5516799401224266,0.5391341804091232,0.5646105271699523,57,15976,macro candidate mean,fixed OOF candidate bootstrap; no refit,,,
G0_within,G0_readouts_001,R_RAND,P_bal,temperature,brier_two_class_sum,0.4954441495371837,0.4930106279634844,0.49780382765413766,57,15976,macro candidate mean,fixed OOF candidate bootstrap; no refit,,,
G0_within,G0_readouts_001,R_SIM,P_bal,mixture_diagnostic,ce_bits,0.9993870654747871,0.9967908395200555,1.0018097747877672,57,15976,macro candidate mean,fixed OOF candidate bootstrap; no refit,,,
G0_within,G0_readouts_001,R_SIM,P_bal,mixture_diagnostic,bacc,0.510448774125655,0.49914502697649615,0.5215792328538947,57,15976,macro candidate mean,fixed OOF candidate bootstrap; no refit,,,
G0_within,G0_readouts_001,R_SIM,P_bal,mixture_diagnostic,auroc,0.5182067688481306,0.5035086553259999,0.5333125352728159,57,15976,macro candidate mean,fixed OOF candidate bootstrap; no refit,,,
G0_within,G0_readouts_001,R_SIM,P_bal,mixture_diagnostic,brier_two_class_sum,0.49957345407690684,0.4977844806656761,0.5012458579499038,57,15976,macro candidate mean,fixed OOF candidate bootstrap; no refit,,,
G0_within,G0_readouts_001,R_SIM,P_bal,raw,ce_bits,1.0000828789526741,0.9961621215866998,1.0036150529759944,57,15976,macro candidate mean,fixed OOF candidate bootstrap; no refit,,,
G0_within,G0_readouts_001,R_SIM,P_bal,raw,bacc,0.5157157888620847,0.5033695017519826,0.5284275857349129,57,15976,macro candidate mean,fixed OOF candidate bootstrap; no refit,,,
G0_within,G0_readouts_001,R_SIM,P_bal,raw,auroc,0.5259808305581303,0.5106239277227304,0.5426065397433746,57,15976,macro candidate mean,fixed OOF candidate bootstrap; no refit,,,
G0_within,G0_readouts_001,R_SIM,P_bal,raw,brier_two_class_sum,0.5000531017315814,0.4973817127188572,0.5024518715603882,57,15976,macro candidate mean,fixed OOF candidate bootstrap; no refit,,,
G0_within,G0_readouts_001,R_SIM,P_bal,temperature,ce_bits,0.9993841071530539,0.996789749257077,1.001806886015285,57,15976,macro candidate mean,fixed OOF candidate bootstrap; no refit,,,
G0_within,G0_readouts_001,R_SIM,P_bal,temperature,bacc,0.5157157888620847,0.5033695017519826,0.5284275857349129,57,15976,macro candidate mean,fixed OOF candidate bootstrap; no refit,,,
G0_within,G0_readouts_001,R_SIM,P_bal,temperature,auroc,0.5259808305581303,0.5106239277227304,0.5426065397433746,57,15976,macro candidate mean,fixed OOF candidate bootstrap; no refit,,,
G0_within,G0_readouts_001,R_SIM,P_bal,temperature,brier_two_class_sum,0.4995714035245981,0.49778369312750054,0.5012452343725967,57,15976,macro candidate mean,fixed OOF candidate bootstrap; no refit,,,
G0_within,G0_readouts_001,R_SUP,P_bal,mixture_diagnostic,ce_bits,0.996238453595228,0.9908963918401058,1.0013131767810552,57,15976,macro candidate mean,fixed OOF candidate bootstrap; no refit,,,
G0_within,G0_readouts_001,R_SUP,P_bal,mixture_diagnostic,bacc,0.5262440246899021,0.5113489321123936,0.5414317168982237,57,15976,macro candidate mean,fixed OOF candidate bootstrap; no refit,,,
G0_within,G0_readouts_001,R_SUP,P_bal,mixture_diagnostic,auroc,0.5388965827568216,0.5208154047647451,0.5560888035243678,57,15976,macro candidate mean,fixed OOF candidate bootstrap; no refit,,,
G0_within,G0_readouts_001,R_SUP,P_bal,mixture_diagnostic,brier_two_class_sum,0.49741435169682857,0.4937711853422952,0.5008889459167443,57,15976,macro candidate mean,fixed OOF candidate bootstrap; no refit,,,
G0_within,G0_readouts_001,R_SUP,P_bal,raw,ce_bits,0.9979643519233168,0.9918951199268973,1.0038094048512634,57,15976,macro candidate mean,fixed OOF candidate bootstrap; no refit,,,
G0_within,G0_readouts_001,R_SUP,P_bal,raw,bacc,0.5262440246899021,0.5113489321123936,0.5414317168982237,57,15976,macro candidate mean,fixed OOF candidate bootstrap; no refit,,,
G0_within,G0_readouts_001,R_SUP,P_bal,raw,auroc,0.5388965827568216,0.5208154047647451,0.5560888035243678,57,15976,macro candidate mean,fixed OOF candidate bootstrap; no refit,,,
G0_within,G0_readouts_001,R_SUP,P_bal,raw,brier_two_class_sum,0.4985845563644411,0.4944815355277989,0.5025751538160382,57,15976,macro candidate mean,fixed OOF candidate bootstrap; no refit,,,
G0_within,G0_readouts_001,R_SUP,P_bal,temperature,ce_bits,0.996238453595228,0.9908963918401058,1.0013131767810552,57,15976,macro candidate mean,fixed OOF candidate bootstrap; no refit,,,
G0_within,G0_readouts_001,R_SUP,P_bal,temperature,bacc,0.5262440246899021,0.5113489321123936,0.5414317168982237,57,15976,macro candidate mean,fixed OOF candidate bootstrap; no refit,,,
G0_within,G0_readouts_001,R_SUP,P_bal,temperature,auroc,0.5388965827568216,0.5208154047647451,0.5560888035243678,57,15976,macro candidate mean,fixed OOF candidate bootstrap; no refit,,,
G0_within,G0_readouts_001,R_SUP,P_bal,temperature,brier_two_class_sum,0.49741435169682857,0.4937711853422952,0.5008889459167443,57,15976,macro candidate mean,fixed OOF candidate bootstrap; no refit,,,
G0_bridge,G0_readouts_001,,P_bal,mixture_diagnostic,ce_bits,0.9977619417771239,0.99598746785709,0.999479295126224,59,38409,macro candidate mean,fixed OOF candidate bootstrap; no refit,causal,,
G0_bridge,G0_readouts_001,,P_bal,mixture_diagnostic,bacc,0.5279141276085417,0.5187634635012316,0.5370964688933926,59,38409,macro candidate mean,fixed OOF candidate bootstrap; no refit,causal,,
G0_bridge,G0_readouts_001,,P_bal,mixture_diagnostic,auroc,0.5376121222404483,0.5245200181903087,0.5509534710880938,59,38409,macro candidate mean,fixed OOF candidate bootstrap; no refit,causal,,
G0_bridge,G0_readouts_001,,P_bal,mixture_diagnostic,brier_two_class_sum,0.49844428001245045,0.4972184747995673,0.49962406683886307,59,38409,macro candidate mean,fixed OOF candidate bootstrap; no refit,causal,,
G0_bridge,G0_readouts_001,,P_bal,raw,ce_bits,0.9978213678165444,0.9963712129289009,0.9992031525577275,59,38409,macro candidate mean,fixed OOF candidate bootstrap; no refit,causal,,
G0_bridge,G0_readouts_001,,P_bal,raw,bacc,0.5279141276085417,0.5187634635012316,0.5370964688933926,59,38409,macro candidate mean,fixed OOF candidate bootstrap; no refit,causal,,
G0_bridge,G0_readouts_001,,P_bal,raw,auroc,0.5376121222404483,0.5245200181903087,0.5509534710880938,59,38409,macro candidate mean,fixed OOF candidate bootstrap; no refit,causal,,
G0_bridge,G0_readouts_001,,P_bal,raw,brier_two_class_sum,0.4984885078224722,0.49748687752433485,0.49944354816996744,59,38409,macro candidate mean,fixed OOF candidate bootstrap; no refit,causal,,
G0_bridge,G0_readouts_001,,P_bal,temperature,ce_bits,0.9977619417771239,0.99598746785709,0.999479295126224,59,38409,macro candidate mean,fixed OOF candidate bootstrap; no refit,causal,,
G0_bridge,G0_readouts_001,,P_bal,temperature,bacc,0.5279141276085417,0.5187634635012316,0.5370964688933926,59,38409,macro candidate mean,fixed OOF candidate bootstrap; no refit,causal,,
G0_bridge,G0_readouts_001,,P_bal,temperature,auroc,0.5376121222404483,0.5245200181903087,0.5509534710880938,59,38409,macro candidate mean,fixed OOF candidate bootstrap; no refit,causal,,
G0_bridge,G0_readouts_001,,P_bal,temperature,brier_two_class_sum,0.49844428001245045,0.4972184747995673,0.49962406683886307,59,38409,macro candidate mean,fixed OOF candidate bootstrap; no refit,causal,,
G0_bridge,G0_readouts_001,,P_bal,mixture_diagnostic,ce_bits,0.9983666986831662,0.9972024801717837,0.9995688571149983,59,38409,macro candidate mean,fixed OOF candidate bootstrap; no refit,offline,,
G0_bridge,G0_readouts_001,,P_bal,mixture_diagnostic,bacc,0.5249109771536226,0.5162958223147801,0.5340112323639854,59,38409,macro candidate mean,fixed OOF candidate bootstrap; no refit,offline,,
G0_bridge,G0_readouts_001,,P_bal,mixture_diagnostic,auroc,0.5358751988729794,0.5249034734357175,0.5468004434562449,59,38409,macro candidate mean,fixed OOF candidate bootstrap; no refit,offline,,
G0_bridge,G0_readouts_001,,P_bal,mixture_diagnostic,brier_two_class_sum,0.4988663292426996,0.4980619401779568,0.4996976908183606,59,38409,macro candidate mean,fixed OOF candidate bootstrap; no refit,offline,,
G0_bridge,G0_readouts_001,,P_bal,raw,ce_bits,0.9987959652131706,0.9971567979100747,1.000557218029461,59,38409,macro candidate mean,fixed OOF candidate bootstrap; no refit,offline,,
G0_bridge,G0_readouts_001,,P_bal,raw,bacc,0.5249109771536226,0.5162958223147801,0.5340112323639854,59,38409,macro candidate mean,fixed OOF candidate bootstrap; no refit,offline,,
G0_bridge,G0_readouts_001,,P_bal,raw,auroc,0.5358751988729794,0.5249034734357175,0.5468004434562449,59,38409,macro candidate mean,fixed OOF candidate bootstrap; no refit,offline,,
G0_bridge,G0_readouts_001,,P_bal,raw,brier_two_class_sum,0.499153287120367,0.4980326173175156,0.5003602667413641,59,38409,macro candidate mean,fixed OOF candidate bootstrap; no refit,offline,,
G0_bridge,G0_readouts_001,,P_bal,temperature,ce_bits,0.9983666986831662,0.9972024801717837,0.9995688571149983,59,38409,macro candidate mean,fixed OOF candidate bootstrap; no refit,offline,,
G0_bridge,G0_readouts_001,,P_bal,temperature,bacc,0.5249109771536226,0.5162958223147801,0.5340112323639854,59,38409,macro candidate mean,fixed OOF candidate bootstrap; no refit,offline,,
G0_bridge,G0_readouts_001,,P_bal,temperature,auroc,0.5358751988729794,0.5249034734357175,0.5468004434562449,59,38409,macro candidate mean,fixed OOF candidate bootstrap; no refit,offline,,
G0_bridge,G0_readouts_001,,P_bal,temperature,brier_two_class_sum,0.4988663292426996,0.4980619401779568,0.4996976908183606,59,38409,macro candidate mean,fixed OOF candidate bootstrap; no refit,offline,,
N3,N3_core_001,L0,P_bal,mixture_diagnostic,ce_bits,0.9571646437386901,0.9518673719708886,0.9638489870653099,60,24527,macro candidate mean,fixed OOF candidate bootstrap; no refit,,logistic,H
N3,N3_core_001,L0,P_bal,mixture_diagnostic,bacc,0.5868926844577007,0.5816213572740079,0.5916559740504514,60,24527,macro candidate mean,fixed OOF candidate bootstrap; no refit,,logistic,H
N3,N3_core_001,L0,P_bal,mixture_diagnostic,auroc,0.6385973173385388,0.6308537816942578,0.6452542380497651,60,24527,macro candidate mean,fixed OOF candidate bootstrap; no refit,,logistic,H
N3,N3_core_001,L0,P_bal,mixture_diagnostic,brier_two_class_sum,0.4709210377011607,0.46750971059822005,0.4752006414291958,60,24527,macro candidate mean,fixed OOF candidate bootstrap; no refit,,logistic,H
N3,N3_core_001,L0,P_bal,raw,ce_bits,0.9573769931056842,0.9527941505608154,0.9629502662274995,60,24527,macro candidate mean,fixed OOF candidate bootstrap; no refit,,logistic,H
N3,N3_core_001,L0,P_bal,raw,bacc,0.5868926844577007,0.5816213572740079,0.5916559740504514,60,24527,macro candidate mean,fixed OOF candidate bootstrap; no refit,,logistic,H
N3,N3_core_001,L0,P_bal,raw,auroc,0.6385973173385388,0.6308537816942578,0.6452542380497651,60,24527,macro candidate mean,fixed OOF candidate bootstrap; no refit,,logistic,H
N3,N3_core_001,L0,P_bal,raw,brier_two_class_sum,0.4710242163601267,0.46799648094135127,0.47465672026020295,60,24527,macro candidate mean,fixed OOF candidate bootstrap; no refit,,logistic,H
N3,N3_core_001,L0,P_bal,temperature,ce_bits,0.9571646437386901,0.9518673719708886,0.9638489870653099,60,24527,macro candidate mean,fixed OOF candidate bootstrap; no refit,,logistic,H
N3,N3_core_001,L0,P_bal,temperature,bacc,0.5868926844577007,0.5816213572740079,0.5916559740504514,60,24527,macro candidate mean,fixed OOF candidate bootstrap; no refit,,logistic,H
N3,N3_core_001,L0,P_bal,temperature,auroc,0.6385973173385388,0.6308537816942578,0.6452542380497651,60,24527,macro candidate mean,fixed OOF candidate bootstrap; no refit,,logistic,H
N3,N3_core_001,L0,P_bal,temperature,brier_two_class_sum,0.4709210377011607,0.46750971059822005,0.4752006414291958,60,24527,macro candidate mean,fixed OOF candidate bootstrap; no refit,,logistic,H
N3,N3_core_001,L0,P_bal,mixture_diagnostic,ce_bits,0.9594781792065177,0.9548098853954118,0.9653309645546432,60,24527,macro candidate mean,fixed OOF candidate bootstrap; no refit,,logistic,HB
N3,N3_core_001,L0,P_bal,mixture_diagnostic,bacc,0.5906127296802212,0.5861591586282564,0.594923367810437,60,24527,macro candidate mean,fixed OOF candidate bootstrap; no refit,,logistic,HB
N3,N3_core_001,L0,P_bal,mixture_diagnostic,auroc,0.6364538396422184,0.6290614928346013,0.6426572870488488,60,24527,macro candidate mean,fixed OOF candidate bootstrap; no refit,,logistic,HB
N3,N3_core_001,L0,P_bal,mixture_diagnostic,brier_two_class_sum,0.47240333247776456,0.4694060487092041,0.4761973691786838,60,24527,macro candidate mean,fixed OOF candidate bootstrap; no refit,,logistic,HB
N3,N3_core_001,L0,P_bal,raw,ce_bits,0.9594308531892133,0.9549239300611819,0.9650225455869824,60,24527,macro candidate mean,fixed OOF candidate bootstrap; no refit,,logistic,HB
N3,N3_core_001,L0,P_bal,raw,bacc,0.5906127296802212,0.5861591586282564,0.594923367810437,60,24527,macro candidate mean,fixed OOF candidate bootstrap; no refit,,logistic,HB
N3,N3_core_001,L0,P_bal,raw,auroc,0.6364538396422184,0.6290614928346013,0.6426572870488488,60,24527,macro candidate mean,fixed OOF candidate bootstrap; no refit,,logistic,HB
N3,N3_core_001,L0,P_bal,raw,brier_two_class_sum,0.4723702682200123,0.4694671169637029,0.47597520040923214,60,24527,macro candidate mean,fixed OOF candidate bootstrap; no refit,,logistic,HB
N3,N3_core_001,L0,P_bal,temperature,ce_bits,0.9594781792065177,0.9548098853954118,0.9653309645546432,60,24527,macro candidate mean,fixed OOF candidate bootstrap; no refit,,logistic,HB
N3,N3_core_001,L0,P_bal,temperature,bacc,0.5906127296802212,0.5861591586282564,0.594923367810437,60,24527,macro candidate mean,fixed OOF candidate bootstrap; no refit,,logistic,HB
N3,N3_core_001,L0,P_bal,temperature,auroc,0.6364538396422184,0.6290614928346013,0.6426572870488488,60,24527,macro candidate mean,fixed OOF candidate bootstrap; no refit,,logistic,HB
N3,N3_core_001,L0,P_bal,temperature,brier_two_class_sum,0.47240333247776456,0.4694060487092041,0.4761973691786838,60,24527,macro candidate mean,fixed OOF candidate bootstrap; no refit,,logistic,HB
N3,N3_core_001,L0,P_bal,mixture_diagnostic,ce_bits,0.9596257264577068,0.9546902513199162,0.9652037624627738,60,24527,macro candidate mean,fixed OOF candidate bootstrap; no refit,,logistic,HBP
N3,N3_core_001,L0,P_bal,mixture_diagnostic,bacc,0.5946131054356076,0.5895548264230801,0.5994201514100107,60,24527,macro candidate mean,fixed OOF candidate bootstrap; no refit,,logistic,HBP
N3,N3_core_001,L0,P_bal,mixture_diagnostic,auroc,0.6360708444780485,0.6285333816482543,0.6429740499791701,60,24527,macro candidate mean,fixed OOF candidate bootstrap; no refit,,logistic,HBP
N3,N3_core_001,L0,P_bal,mixture_diagnostic,brier_two_class_sum,0.47250992495118455,0.4693372441848369,0.4760985727486463,60,24527,macro candidate mean,fixed OOF candidate bootstrap; no refit,,logistic,HBP
N3,N3_core_001,L0,P_bal,raw,ce_bits,0.9594788380130894,0.9540959551016059,0.9655225503389177,60,24527,macro candidate mean,fixed OOF candidate bootstrap; no refit,,logistic,HBP
N3,N3_core_001,L0,P_bal,raw,bacc,0.5946131054356076,0.5895548264230801,0.5994201514100107,60,24527,macro candidate mean,fixed OOF candidate bootstrap; no refit,,logistic,HBP
N3,N3_core_001,L0,P_bal,raw,auroc,0.6360708444780485,0.6285333816482543,0.6429740499791701,60,24527,macro candidate mean,fixed OOF candidate bootstrap; no refit,,logistic,HBP
N3,N3_core_001,L0,P_bal,raw,brier_two_class_sum,0.4723905924715475,0.4689781965501518,0.47624102411486813,60,24527,macro candidate mean,fixed OOF candidate bootstrap; no refit,,logistic,HBP
N3,N3_core_001,L0,P_bal,temperature,ce_bits,0.9596257264577068,0.9546902513199162,0.9652037624627738,60,24527,macro candidate mean,fixed OOF candidate bootstrap; no refit,,logistic,HBP
N3,N3_core_001,L0,P_bal,temperature,bacc,0.5946131054356076,0.5895548264230801,0.5994201514100107,60,24527,macro candidate mean,fixed OOF candidate bootstrap; no refit,,logistic,HBP
N3,N3_core_001,L0,P_bal,temperature,auroc,0.6360708444780485,0.6285333816482543,0.6429740499791701,60,24527,macro candidate mean,fixed OOF candidate bootstrap; no refit,,logistic,HBP
N3,N3_core_001,L0,P_bal,temperature,brier_two_class_sum,0.47250992495118455,0.4693372441848369,0.4760985727486463,60,24527,macro candidate mean,fixed OOF candidate bootstrap; no refit,,logistic,HBP
N3,N3_core_001,L0,P_bal,mixture_diagnostic,ce_bits,0.9574554317777261,0.9521341467673533,0.9635602520441472,60,24527,macro candidate mean,fixed OOF candidate bootstrap; no refit,,logistic,HP
N3,N3_core_001,L0,P_bal,mixture_diagnostic,bacc,0.5948393998686197,0.5899790075852244,0.5995988556445804,60,24527,macro candidate mean,fixed OOF candidate bootstrap; no refit,,logistic,HP
N3,N3_core_001,L0,P_bal,mixture_diagnostic,auroc,0.6393451375204948,0.6317940726254158,0.6462521287765361,60,24527,macro candidate mean,fixed OOF candidate bootstrap; no refit,,logistic,HP
N3,N3_core_001,L0,P_bal,mixture_diagnostic,brier_two_class_sum,0.4711000575702177,0.46764936819739955,0.4750474337565563,60,24527,macro candidate mean,fixed OOF candidate bootstrap; no refit,,logistic,HP
N3,N3_core_001,L0,P_bal,raw,ce_bits,0.9572910136310144,0.9519531010471051,0.9633130143974982,60,24527,macro candidate mean,fixed OOF candidate bootstrap; no refit,,logistic,HP
N3,N3_core_001,L0,P_bal,raw,bacc,0.5948393998686197,0.5899790075852244,0.5995988556445804,60,24527,macro candidate mean,fixed OOF candidate bootstrap; no refit,,logistic,HP
N3,N3_core_001,L0,P_bal,raw,auroc,0.6393451375204948,0.6317940726254158,0.6462521287765361,60,24527,macro candidate mean,fixed OOF candidate bootstrap; no refit,,logistic,HP
N3,N3_core_001,L0,P_bal,raw,brier_two_class_sum,0.47099850916124425,0.4675689399478032,0.474865678474859,60,24527,macro candidate mean,fixed OOF candidate bootstrap; no refit,,logistic,HP
N3,N3_core_001,L0,P_bal,temperature,ce_bits,0.9574554317777261,0.9521341467673533,0.9635602520441472,60,24527,macro candidate mean,fixed OOF candidate bootstrap; no refit,,logistic,HP
N3,N3_core_001,L0,P_bal,temperature,bacc,0.5948393998686197,0.5899790075852244,0.5995988556445804,60,24527,macro candidate mean,fixed OOF candidate bootstrap; no refit,,logistic,HP
N3,N3_core_001,L0,P_bal,temperature,auroc,0.6393451375204948,0.6317940726254158,0.6462521287765361,60,24527,macro candidate mean,fixed OOF candidate bootstrap; no refit,,logistic,HP
N3,N3_core_001,L0,P_bal,temperature,brier_two_class_sum,0.4711000575702177,0.46764936819739955,0.4750474337565563,60,24527,macro candidate mean,fixed OOF candidate bootstrap; no refit,,logistic,HP
N3,N3_core_001,L0,P_bal,mixture_diagnostic,ce_bits,0.9581353341580426,0.9526314559711501,0.9645524149651036,60,24527,macro candidate mean,fixed OOF candidate bootstrap; no refit,,logistic,Hnoise
N3,N3_core_001,L0,P_bal,mixture_diagnostic,bacc,0.5898682992236205,0.5827163389728793,0.5961327765634196,60,24527,macro candidate mean,fixed OOF candidate bootstrap; no refit,,logistic,Hnoise
N3,N3_core_001,L0,P_bal,mixture_diagnostic,auroc,0.6380057882231107,0.6294954860599542,0.6457273102016907,60,24527,macro candidate mean,fixed OOF candidate bootstrap; no refit,,logistic,Hnoise
N3,N3_core_001,L0,P_bal,mixture_diagnostic,brier_two_class_sum,0.4715804779684844,0.46796235988494755,0.47583331442844695,60,24527,macro candidate mean,fixed OOF candidate bootstrap; no refit,,logistic,Hnoise
N3,N3_core_001,L0,P_bal,raw,ce_bits,0.9581841654472114,0.9530317811981166,0.9642991131524051,60,24527,macro candidate mean,fixed OOF candidate bootstrap; no refit,,logistic,Hnoise
N3,N3_core_001,L0,P_bal,raw,bacc,0.5898682992236205,0.5827163389728793,0.5961327765634196,60,24527,macro candidate mean,fixed OOF candidate bootstrap; no refit,,logistic,Hnoise
N3,N3_core_001,L0,P_bal,raw,auroc,0.6380057882231107,0.6294954860599542,0.6457273102016907,60,24527,macro candidate mean,fixed OOF candidate bootstrap; no refit,,logistic,Hnoise
N3,N3_core_001,L0,P_bal,raw,brier_two_class_sum,0.47159401566595044,0.4681841009283899,0.47559087619242596,60,24527,macro candidate mean,fixed OOF candidate bootstrap; no refit,,logistic,Hnoise
N3,N3_core_001,L0,P_bal,temperature,ce_bits,0.9581353341580426,0.9526314559711501,0.9645524149651036,60,24527,macro candidate mean,fixed OOF candidate bootstrap; no refit,,logistic,Hnoise
N3,N3_core_001,L0,P_bal,temperature,bacc,0.5898682992236205,0.5827163389728793,0.5961327765634196,60,24527,macro candidate mean,fixed OOF candidate bootstrap; no refit,,logistic,Hnoise
N3,N3_core_001,L0,P_bal,temperature,auroc,0.6380057882231107,0.6294954860599542,0.6457273102016907,60,24527,macro candidate mean,fixed OOF candidate bootstrap; no refit,,logistic,Hnoise
N3,N3_core_001,L0,P_bal,temperature,brier_two_class_sum,0.4715804779684844,0.46796235988494755,0.47583331442844695,60,24527,macro candidate mean,fixed OOF candidate bootstrap; no refit,,logistic,Hnoise
N3,N3_core_001,L0,P_nat,mixture_diagnostic,ce_bits,0.8157495346233741,0.8055410528208818,0.8238556030168733,60,24527,macro candidate mean,fixed OOF candidate bootstrap; no refit,,logistic,H
N3,N3_core_001,L0,P_nat,mixture_diagnostic,bacc,0.5043256875553204,0.5035435325805954,0.5051683897578405,60,24527,macro candidate mean,fixed OOF candidate bootstrap; no refit,,logistic,H
N3,N3_core_001,L0,P_nat,mixture_diagnostic,auroc,0.6410927319099687,0.6329239641836066,0.6479619076544251,60,24527,macro candidate mean,fixed OOF candidate bootstrap; no refit,,logistic,H
N3,N3_core_001,L0,P_nat,mixture_diagnostic,brier_two_class_sum,0.3802119290128817,0.37381084744376686,0.38536088911291855,60,24527,macro candidate mean,fixed OOF candidate bootstrap; no refit,,logistic,H
N3,N3_core_001,L0,P_nat,raw,ce_bits,0.8158898205434751,0.8058238391485024,0.8238982632423087,60,24527,macro candidate mean,fixed OOF candidate bootstrap; no refit,,logistic,H
N3,N3_core_001,L0,P_nat,raw,bacc,0.5043256875553204,0.5035435325805954,0.5051683897578405,60,24527,macro candidate mean,fixed OOF candidate bootstrap; no refit,,logistic,H
N3,N3_core_001,L0,P_nat,raw,auroc,0.6410927319099687,0.6329239641836066,0.6479619076544251,60,24527,macro candidate mean,fixed OOF candidate bootstrap; no refit,,logistic,H
N3,N3_core_001,L0,P_nat,raw,brier_two_class_sum,0.3802930752480934,0.37398169609123816,0.38536406885255087,60,24527,macro candidate mean,fixed OOF candidate bootstrap; no refit,,logistic,H
N3,N3_core_001,L0,P_nat,temperature,ce_bits,0.8157495346233741,0.8055410528208818,0.8238556030168733,60,24527,macro candidate mean,fixed OOF candidate bootstrap; no refit,,logistic,H
N3,N3_core_001,L0,P_nat,temperature,bacc,0.5043256875553204,0.5035435325805954,0.5051683897578405,60,24527,macro candidate mean,fixed OOF candidate bootstrap; no refit,,logistic,H
N3,N3_core_001,L0,P_nat,temperature,auroc,0.6410927319099687,0.6329239641836066,0.6479619076544251,60,24527,macro candidate mean,fixed OOF candidate bootstrap; no refit,,logistic,H
N3,N3_core_001,L0,P_nat,temperature,brier_two_class_sum,0.3802119290128817,0.37381084744376686,0.38536088911291855,60,24527,macro candidate mean,fixed OOF candidate bootstrap; no refit,,logistic,H
N3,N3_core_001,L0,P_nat,mixture_diagnostic,ce_bits,0.817245398007364,0.8069177365847071,0.8254506676221782,60,24527,macro candidate mean,fixed OOF candidate bootstrap; no refit,,logistic,HB
N3,N3_core_001,L0,P_nat,mixture_diagnostic,bacc,0.5071887769347464,0.505311345213348,0.5092968317290846,60,24527,macro candidate mean,fixed OOF candidate bootstrap; no refit,,logistic,HB
N3,N3_core_001,L0,P_nat,mixture_diagnostic,auroc,0.637754708111721,0.6298399285367781,0.6441392017366985,60,24527,macro candidate mean,fixed OOF candidate bootstrap; no refit,,logistic,HB
N3,N3_core_001,L0,P_nat,mixture_diagnostic,brier_two_class_sum,0.38099160913363933,0.3745601151771098,0.3861596499883814,60,24527,macro candidate mean,fixed OOF candidate bootstrap; no refit,,logistic,HB
N3,N3_core_001,L0,P_nat,raw,ce_bits,0.8172990524738473,0.8070089195460303,0.8254868161434878,60,24527,macro candidate mean,fixed OOF candidate bootstrap; no refit,,logistic,HB
N3,N3_core_001,L0,P_nat,raw,bacc,0.5071887769347464,0.505311345213348,0.5092968317290846,60,24527,macro candidate mean,fixed OOF candidate bootstrap; no refit,,logistic,HB
N3,N3_core_001,L0,P_nat,raw,auroc,0.637754708111721,0.6298399285367781,0.6441392017366985,60,24527,macro candidate mean,fixed OOF candidate bootstrap; no refit,,logistic,HB
N3,N3_core_001,L0,P_nat,raw,brier_two_class_sum,0.381020444798775,0.374609090330967,0.3861743044041367,60,24527,macro candidate mean,fixed OOF candidate bootstrap; no refit,,logistic,HB
N3,N3_core_001,L0,P_nat,temperature,ce_bits,0.817245398007364,0.8069177365847071,0.8254506676221782,60,24527,macro candidate mean,fixed OOF candidate bootstrap; no refit,,logistic,HB
N3,N3_core_001,L0,P_nat,temperature,bacc,0.5071887769347464,0.505311345213348,0.5092968317290846,60,24527,macro candidate mean,fixed OOF candidate bootstrap; no refit,,logistic,HB
N3,N3_core_001,L0,P_nat,temperature,auroc,0.637754708111721,0.6298399285367781,0.6441392017366985,60,24527,macro candidate mean,fixed OOF candidate bootstrap; no refit,,logistic,HB
N3,N3_core_001,L0,P_nat,temperature,brier_two_class_sum,0.38099160913363933,0.3745601151771098,0.3861596499883814,60,24527,macro candidate mean,fixed OOF candidate bootstrap; no refit,,logistic,HB
N3,N3_core_001,L0,P_nat,mixture_diagnostic,ce_bits,0.8174024758796351,0.8070252467472939,0.8258722939148332,60,24527,macro candidate mean,fixed OOF candidate bootstrap; no refit,,logistic,HBP
N3,N3_core_001,L0,P_nat,mixture_diagnostic,bacc,0.5155237359207681,0.5118460053047513,0.5203236170571621,60,24527,macro candidate mean,fixed OOF candidate bootstrap; no refit,,logistic,HBP
N3,N3_core_001,L0,P_nat,mixture_diagnostic,auroc,0.6380580105835256,0.6304575088183411,0.644686651985956,60,24527,macro candidate mean,fixed OOF candidate bootstrap; no refit,,logistic,HBP
N3,N3_core_001,L0,P_nat,mixture_diagnostic,brier_two_class_sum,0.3810976872851299,0.3746208038719273,0.38640963780788834,60,24527,macro candidate mean,fixed OOF candidate bootstrap; no refit,,logistic,HBP
N3,N3_core_001,L0,P_nat,raw,ce_bits,0.8174095751298549,0.8069772178716614,0.8260484737997654,60,24527,macro candidate mean,fixed OOF candidate bootstrap; no refit,,logistic,HBP
N3,N3_core_001,L0,P_nat,raw,bacc,0.5155237359207681,0.5118460053047513,0.5203236170571621,60,24527,macro candidate mean,fixed OOF candidate bootstrap; no refit,,logistic,HBP
N3,N3_core_001,L0,P_nat,raw,auroc,0.6380580105835256,0.6304575088183411,0.644686651985956,60,24527,macro candidate mean,fixed OOF candidate bootstrap; no refit,,logistic,HBP
N3,N3_core_001,L0,P_nat,raw,brier_two_class_sum,0.381064961601336,0.37456283929426054,0.38646038748563144,60,24527,macro candidate mean,fixed OOF candidate bootstrap; no refit,,logistic,HBP
N3,N3_core_001,L0,P_nat,temperature,ce_bits,0.8174024758796351,0.8070252467472939,0.8258722939148332,60,24527,macro candidate mean,fixed OOF candidate bootstrap; no refit,,logistic,HBP
N3,N3_core_001,L0,P_nat,temperature,bacc,0.5155237359207681,0.5118460053047513,0.5203236170571621,60,24527,macro candidate mean,fixed OOF candidate bootstrap; no refit,,logistic,HBP
N3,N3_core_001,L0,P_nat,temperature,auroc,0.6380580105835256,0.6304575088183411,0.644686651985956,60,24527,macro candidate mean,fixed OOF candidate bootstrap; no refit,,logistic,HBP
N3,N3_core_001,L0,P_nat,temperature,brier_two_class_sum,0.3810976872851299,0.3746208038719273,0.38640963780788834,60,24527,macro candidate mean,fixed OOF candidate bootstrap; no refit,,logistic,HBP
N3,N3_core_001,L0,P_nat,mixture_diagnostic,ce_bits,0.8158266391511464,0.8054721981347824,0.8242202944513302,60,24527,macro candidate mean,fixed OOF candidate bootstrap; no refit,,logistic,HP
N3,N3_core_001,L0,P_nat,mixture_diagnostic,bacc,0.5117411913446529,0.5090988964934376,0.5143710465917004,60,24527,macro candidate mean,fixed OOF candidate bootstrap; no refit,,logistic,HP
N3,N3_core_001,L0,P_nat,mixture_diagnostic,auroc,0.6406025577415392,0.6325486222954524,0.6475633990972128,60,24527,macro candidate mean,fixed OOF candidate bootstrap; no refit,,logistic,HP
N3,N3_core_001,L0,P_nat,mixture_diagnostic,brier_two_class_sum,0.38026348727602877,0.37385896522921963,0.3854540261004851,60,24527,macro candidate mean,fixed OOF candidate bootstrap; no refit,,logistic,HP
N3,N3_core_001,L0,P_nat,raw,ce_bits,0.8158782789654865,0.8055406321455953,0.8242901119040165,60,24527,macro candidate mean,fixed OOF candidate bootstrap; no refit,,logistic,HP
N3,N3_core_001,L0,P_nat,raw,bacc,0.5117411913446529,0.5090988964934376,0.5143710465917004,60,24527,macro candidate mean,fixed OOF candidate bootstrap; no refit,,logistic,HP
N3,N3_core_001,L0,P_nat,raw,auroc,0.6406025577415392,0.6325486222954524,0.6475633990972128,60,24527,macro candidate mean,fixed OOF candidate bootstrap; no refit,,logistic,HP
N3,N3_core_001,L0,P_nat,raw,brier_two_class_sum,0.380288432040256,0.3738937483238718,0.3854839380269015,60,24527,macro candidate mean,fixed OOF candidate bootstrap; no refit,,logistic,HP
N3,N3_core_001,L0,P_nat,temperature,ce_bits,0.8158266391511464,0.8054721981347824,0.8242202944513302,60,24527,macro candidate mean,fixed OOF candidate bootstrap; no refit,,logistic,HP
N3,N3_core_001,L0,P_nat,temperature,bacc,0.5117411913446529,0.5090988964934376,0.5143710465917004,60,24527,macro candidate mean,fixed OOF candidate bootstrap; no refit,,logistic,HP
N3,N3_core_001,L0,P_nat,temperature,auroc,0.6406025577415392,0.6325486222954524,0.6475633990972128,60,24527,macro candidate mean,fixed OOF candidate bootstrap; no refit,,logistic,HP
N3,N3_core_001,L0,P_nat,temperature,brier_two_class_sum,0.38026348727602877,0.37385896522921963,0.3854540261004851,60,24527,macro candidate mean,fixed OOF candidate bootstrap; no refit,,logistic,HP
N3,N3_core_001,L0,P_nat,mixture_diagnostic,ce_bits,0.8163627099895986,0.8062500819668796,0.8246094733081969,60,24527,macro candidate mean,fixed OOF candidate bootstrap; no refit,,logistic,Hnoise
N3,N3_core_001,L0,P_nat,mixture_diagnostic,bacc,0.5071206723857823,0.5054101383003804,0.5089134583111967,60,24527,macro candidate mean,fixed OOF candidate bootstrap; no refit,,logistic,Hnoise
N3,N3_core_001,L0,P_nat,mixture_diagnostic,auroc,0.6395804925852232,0.6304769468218561,0.6475690196626456,60,24527,macro candidate mean,fixed OOF candidate bootstrap; no refit,,logistic,Hnoise
N3,N3_core_001,L0,P_nat,mixture_diagnostic,brier_two_class_sum,0.3805475577987961,0.3741894188302299,0.3857676295184752,60,24527,macro candidate mean,fixed OOF candidate bootstrap; no refit,,logistic,Hnoise
N3,N3_core_001,L0,P_nat,raw,ce_bits,0.8164491476791781,0.8063962050648688,0.8246323585249028,60,24527,macro candidate mean,fixed OOF candidate bootstrap; no refit,,logistic,Hnoise
N3,N3_core_001,L0,P_nat,raw,bacc,0.5071206723857823,0.5054101383003804,0.5089134583111967,60,24527,macro candidate mean,fixed OOF candidate bootstrap; no refit,,logistic,Hnoise
N3,N3_core_001,L0,P_nat,raw,auroc,0.6395804925852232,0.6304769468218561,0.6475690196626456,60,24527,macro candidate mean,fixed OOF candidate bootstrap; no refit,,logistic,Hnoise
N3,N3_core_001,L0,P_nat,raw,brier_two_class_sum,0.3805981606595835,0.37427619526455325,0.38577631895058273,60,24527,macro candidate mean,fixed OOF candidate bootstrap; no refit,,logistic,Hnoise
N3,N3_core_001,L0,P_nat,temperature,ce_bits,0.8163627099895986,0.8062500819668796,0.8246094733081969,60,24527,macro candidate mean,fixed OOF candidate bootstrap; no refit,,logistic,Hnoise
N3,N3_core_001,L0,P_nat,temperature,bacc,0.5071206723857823,0.5054101383003804,0.5089134583111967,60,24527,macro candidate mean,fixed OOF candidate bootstrap; no refit,,logistic,Hnoise
N3,N3_core_001,L0,P_nat,temperature,auroc,0.6395804925852232,0.6304769468218561,0.6475690196626456,60,24527,macro candidate mean,fixed OOF candidate bootstrap; no refit,,logistic,Hnoise
N3,N3_core_001,L0,P_nat,temperature,brier_two_class_sum,0.3805475577987961,0.3741894188302299,0.3857676295184752,60,24527,macro candidate mean,fixed OOF candidate bootstrap; no refit,,logistic,Hnoise
N3,N3_core_001,R_SIM,P_bal,mixture_diagnostic,ce_bits,0.9571646437386901,0.9518673719708886,0.9638489870653099,60,24527,macro candidate mean,fixed OOF candidate bootstrap; no refit,,logistic,H
N3,N3_core_001,R_SIM,P_bal,mixture_diagnostic,bacc,0.5868926844577007,0.5816213572740079,0.5916559740504514,60,24527,macro candidate mean,fixed OOF candidate bootstrap; no refit,,logistic,H
N3,N3_core_001,R_SIM,P_bal,mixture_diagnostic,auroc,0.6385973173385388,0.6308537816942578,0.6452542380497651,60,24527,macro candidate mean,fixed OOF candidate bootstrap; no refit,,logistic,H
N3,N3_core_001,R_SIM,P_bal,mixture_diagnostic,brier_two_class_sum,0.4709210377011607,0.46750971059822005,0.4752006414291958,60,24527,macro candidate mean,fixed OOF candidate bootstrap; no refit,,logistic,H
N3,N3_core_001,R_SIM,P_bal,raw,ce_bits,0.9573769931056842,0.9527941505608154,0.9629502662274995,60,24527,macro candidate mean,fixed OOF candidate bootstrap; no refit,,logistic,H
N3,N3_core_001,R_SIM,P_bal,raw,bacc,0.5868926844577007,0.5816213572740079,0.5916559740504514,60,24527,macro candidate mean,fixed OOF candidate bootstrap; no refit,,logistic,H
N3,N3_core_001,R_SIM,P_bal,raw,auroc,0.6385973173385388,0.6308537816942578,0.6452542380497651,60,24527,macro candidate mean,fixed OOF candidate bootstrap; no refit,,logistic,H
N3,N3_core_001,R_SIM,P_bal,raw,brier_two_class_sum,0.4710242163601267,0.46799648094135127,0.47465672026020295,60,24527,macro candidate mean,fixed OOF candidate bootstrap; no refit,,logistic,H
N3,N3_core_001,R_SIM,P_bal,temperature,ce_bits,0.9571646437386901,0.9518673719708886,0.9638489870653099,60,24527,macro candidate mean,fixed OOF candidate bootstrap; no refit,,logistic,H
N3,N3_core_001,R_SIM,P_bal,temperature,bacc,0.5868926844577007,0.5816213572740079,0.5916559740504514,60,24527,macro candidate mean,fixed OOF candidate bootstrap; no refit,,logistic,H
N3,N3_core_001,R_SIM,P_bal,temperature,auroc,0.6385973173385388,0.6308537816942578,0.6452542380497651,60,24527,macro candidate mean,fixed OOF candidate bootstrap; no refit,,logistic,H
N3,N3_core_001,R_SIM,P_bal,temperature,brier_two_class_sum,0.4709210377011607,0.46750971059822005,0.4752006414291958,60,24527,macro candidate mean,fixed OOF candidate bootstrap; no refit,,logistic,H
N3,N3_core_001,R_SIM,P_bal,mixture_diagnostic,ce_bits,0.9611369041606121,0.9559179493301122,0.9674970843233752,60,24527,macro candidate mean,fixed OOF candidate bootstrap; no refit,,logistic,HB
N3,N3_core_001,R_SIM,P_bal,mixture_diagnostic,bacc,0.5925004332998837,0.5877834208979628,0.5972252567493139,60,24527,macro candidate mean,fixed OOF candidate bootstrap; no refit,,logistic,HB
N3,N3_core_001,R_SIM,P_bal,mixture_diagnostic,auroc,0.6335730215075324,0.6261920295948208,0.639922968371143,60,24527,macro candidate mean,fixed OOF candidate bootstrap; no refit,,logistic,HB
N3,N3_core_001,R_SIM,P_bal,mixture_diagnostic,brier_two_class_sum,0.4734666862021955,0.4701205505280109,0.47749524034295215,60,24527,macro candidate mean,fixed OOF candidate bootstrap; no refit,,logistic,HB
N3,N3_core_001,R_SIM,P_bal,raw,ce_bits,0.9609782799746218,0.9559621144230823,0.9671443629354017,60,24527,macro candidate mean,fixed OOF candidate bootstrap; no refit,,logistic,HB
N3,N3_core_001,R_SIM,P_bal,raw,bacc,0.5925004332998837,0.5877834208979628,0.5972252567493139,60,24527,macro candidate mean,fixed OOF candidate bootstrap; no refit,,logistic,HB
N3,N3_core_001,R_SIM,P_bal,raw,auroc,0.6335730215075324,0.6261920295948208,0.639922968371143,60,24527,macro candidate mean,fixed OOF candidate bootstrap; no refit,,logistic,HB
N3,N3_core_001,R_SIM,P_bal,raw,brier_two_class_sum,0.4733672949078567,0.47013448305275063,0.47729547599835437,60,24527,macro candidate mean,fixed OOF candidate bootstrap; no refit,,logistic,HB
N3,N3_core_001,R_SIM,P_bal,temperature,ce_bits,0.9611369041606121,0.9559179493301122,0.9674970843233752,60,24527,macro candidate mean,fixed OOF candidate bootstrap; no refit,,logistic,HB
N3,N3_core_001,R_SIM,P_bal,temperature,bacc,0.5925004332998837,0.5877834208979628,0.5972252567493139,60,24527,macro candidate mean,fixed OOF candidate bootstrap; no refit,,logistic,HB
N3,N3_core_001,R_SIM,P_bal,temperature,auroc,0.6335730215075324,0.6261920295948208,0.639922968371143,60,24527,macro candidate mean,fixed OOF candidate bootstrap; no refit,,logistic,HB
N3,N3_core_001,R_SIM,P_bal,temperature,brier_two_class_sum,0.4734666862021955,0.4701205505280109,0.47749524034295215,60,24527,macro candidate mean,fixed OOF candidate bootstrap; no refit,,logistic,HB
N3,N3_core_001,R_SIM,P_bal,mixture_diagnostic,ce_bits,0.9616525803629404,0.9562448701690087,0.9681115335233513,60,24527,macro candidate mean,fixed OOF candidate bootstrap; no refit,,logistic,HBP
N3,N3_core_001,R_SIM,P_bal,mixture_diagnostic,bacc,0.594954102671769,0.5891676064120173,0.6002408274742568,60,24527,macro candidate mean,fixed OOF candidate bootstrap; no refit,,logistic,HBP
N3,N3_core_001,R_SIM,P_bal,mixture_diagnostic,auroc,0.6325834078509076,0.6245870087787394,0.6398505562016013,60,24527,macro candidate mean,fixed OOF candidate bootstrap; no refit,,logistic,HBP
N3,N3_core_001,R_SIM,P_bal,mixture_diagnostic,brier_two_class_sum,0.4737841210762021,0.4703324123850564,0.4778130127616145,60,24527,macro candidate mean,fixed OOF candidate bootstrap; no refit,,logistic,HBP
N3,N3_core_001,R_SIM,P_bal,raw,ce_bits,0.9617478496734422,0.9560003436620044,0.9685565884360782,60,24527,macro candidate mean,fixed OOF candidate bootstrap; no refit,,logistic,HBP
N3,N3_core_001,R_SIM,P_bal,raw,bacc,0.594954102671769,0.5891676064120173,0.6002408274742568,60,24527,macro candidate mean,fixed OOF candidate bootstrap; no refit,,logistic,HBP
N3,N3_core_001,R_SIM,P_bal,raw,auroc,0.6325834078509076,0.6245870087787394,0.6398505562016013,60,24527,macro candidate mean,fixed OOF candidate bootstrap; no refit,,logistic,HBP
N3,N3_core_001,R_SIM,P_bal,raw,brier_two_class_sum,0.4738214000812316,0.4701787851528325,0.47800789088938855,60,24527,macro candidate mean,fixed OOF candidate bootstrap; no refit,,logistic,HBP
N3,N3_core_001,R_SIM,P_bal,temperature,ce_bits,0.9616525803629404,0.9562448701690087,0.9681115335233513,60,24527,macro candidate mean,fixed OOF candidate bootstrap; no refit,,logistic,HBP
N3,N3_core_001,R_SIM,P_bal,temperature,bacc,0.594954102671769,0.5891676064120173,0.6002408274742568,60,24527,macro candidate mean,fixed OOF candidate bootstrap; no refit,,logistic,HBP
N3,N3_core_001,R_SIM,P_bal,temperature,auroc,0.6325834078509076,0.6245870087787394,0.6398505562016013,60,24527,macro candidate mean,fixed OOF candidate bootstrap; no refit,,logistic,HBP
N3,N3_core_001,R_SIM,P_bal,temperature,brier_two_class_sum,0.4737841210762021,0.4703324123850564,0.4778130127616145,60,24527,macro candidate mean,fixed OOF candidate bootstrap; no refit,,logistic,HBP
N3,N3_core_001,R_SIM,P_bal,mixture_diagnostic,ce_bits,0.9584800967944934,0.9528945750327633,0.9655649915492437,60,24527,macro candidate mean,fixed OOF candidate bootstrap; no refit,,logistic,HP
N3,N3_core_001,R_SIM,P_bal,mixture_diagnostic,bacc,0.5970903432648306,0.5921455029565192,0.6020159544105882,60,24527,macro candidate mean,fixed OOF candidate bootstrap; no refit,,logistic,HP
N3,N3_core_001,R_SIM,P_bal,mixture_diagnostic,auroc,0.6380796322662639,0.6298360339862431,0.6453892778761877,60,24527,macro candidate mean,fixed OOF candidate bootstrap; no refit,,logistic,HP
N3,N3_core_001,R_SIM,P_bal,mixture_diagnostic,brier_two_class_sum,0.4716889768252617,0.468087655187069,0.47616059540950745,60,24527,macro candidate mean,fixed OOF candidate bootstrap; no refit,,logistic,HP
N3,N3_core_001,R_SIM,P_bal,raw,ce_bits,0.9582999857907538,0.9528692180197901,0.9649685933282253,60,24527,macro candidate mean,fixed OOF candidate bootstrap; no refit,,logistic,HP
N3,N3_core_001,R_SIM,P_bal,raw,bacc,0.5970903432648306,0.5921455029565192,0.6020159544105882,60,24527,macro candidate mean,fixed OOF candidate bootstrap; no refit,,logistic,HP
N3,N3_core_001,R_SIM,P_bal,raw,auroc,0.6380796322662639,0.6298360339862431,0.6453892778761877,60,24527,macro candidate mean,fixed OOF candidate bootstrap; no refit,,logistic,HP
N3,N3_core_001,R_SIM,P_bal,raw,brier_two_class_sum,0.47158846950563277,0.4680792803242785,0.47584184720512807,60,24527,macro candidate mean,fixed OOF candidate bootstrap; no refit,,logistic,HP
N3,N3_core_001,R_SIM,P_bal,temperature,ce_bits,0.9584800967944934,0.9528945750327633,0.9655649915492437,60,24527,macro candidate mean,fixed OOF candidate bootstrap; no refit,,logistic,HP
N3,N3_core_001,R_SIM,P_bal,temperature,bacc,0.5970903432648306,0.5921455029565192,0.6020159544105882,60,24527,macro candidate mean,fixed OOF candidate bootstrap; no refit,,logistic,HP
N3,N3_core_001,R_SIM,P_bal,temperature,auroc,0.6380796322662639,0.6298360339862431,0.6453892778761877,60,24527,macro candidate mean,fixed OOF candidate bootstrap; no refit,,logistic,HP
N3,N3_core_001,R_SIM,P_bal,temperature,brier_two_class_sum,0.4716889768252617,0.468087655187069,0.47616059540950745,60,24527,macro candidate mean,fixed OOF candidate bootstrap; no refit,,logistic,HP
N3,N3_core_001,R_SIM,P_bal,mixture_diagnostic,ce_bits,0.9590574492592447,0.9538913592891075,0.9652446831948159,60,24527,macro candidate mean,fixed OOF candidate bootstrap; no refit,,logistic,Hnoise
N3,N3_core_001,R_SIM,P_bal,mixture_diagnostic,bacc,0.590808469393013,0.5845065811034045,0.5968722476871099,60,24527,macro candidate mean,fixed OOF candidate bootstrap; no refit,,logistic,Hnoise
N3,N3_core_001,R_SIM,P_bal,mixture_diagnostic,auroc,0.6367133366288236,0.6284856646599869,0.6441563325456172,60,24527,macro candidate mean,fixed OOF candidate bootstrap; no refit,,logistic,Hnoise
N3,N3_core_001,R_SIM,P_bal,mixture_diagnostic,brier_two_class_sum,0.4721818509512291,0.4688126121851939,0.4761868900813616,60,24527,macro candidate mean,fixed OOF candidate bootstrap; no refit,,logistic,Hnoise
N3,N3_core_001,R_SIM,P_bal,raw,ce_bits,0.9590454675160267,0.9539949136693572,0.9651021329879887,60,24527,macro candidate mean,fixed OOF candidate bootstrap; no refit,,logistic,Hnoise
N3,N3_core_001,R_SIM,P_bal,raw,bacc,0.590808469393013,0.5845065811034045,0.5968722476871099,60,24527,macro candidate mean,fixed OOF candidate bootstrap; no refit,,logistic,Hnoise
N3,N3_core_001,R_SIM,P_bal,raw,auroc,0.6367133366288236,0.6284856646599869,0.6441563325456172,60,24527,macro candidate mean,fixed OOF candidate bootstrap; no refit,,logistic,Hnoise
N3,N3_core_001,R_SIM,P_bal,raw,brier_two_class_sum,0.4721668453870837,0.4688704255430289,0.47614491726673236,60,24527,macro candidate mean,fixed OOF candidate bootstrap; no refit,,logistic,Hnoise
N3,N3_core_001,R_SIM,P_bal,temperature,ce_bits,0.9590574492592447,0.9538913592891075,0.9652446831948159,60,24527,macro candidate mean,fixed OOF candidate bootstrap; no refit,,logistic,Hnoise
N3,N3_core_001,R_SIM,P_bal,temperature,bacc,0.590808469393013,0.5845065811034045,0.5968722476871099,60,24527,macro candidate mean,fixed OOF candidate bootstrap; no refit,,logistic,Hnoise
N3,N3_core_001,R_SIM,P_bal,temperature,auroc,0.6367133366288236,0.6284856646599869,0.6441563325456172,60,24527,macro candidate mean,fixed OOF candidate bootstrap; no refit,,logistic,Hnoise
N3,N3_core_001,R_SIM,P_bal,temperature,brier_two_class_sum,0.4721818509512291,0.4688126121851939,0.4761868900813616,60,24527,macro candidate mean,fixed OOF candidate bootstrap; no refit,,logistic,Hnoise
N3,N3_core_001,R_SIM,P_bal,mixture_diagnostic,ce_bits,0.7634127077121525,0.71496520572871,0.8322095244977264,60,24527,macro candidate mean,fixed OOF candidate bootstrap; no refit,,mlp32,H
N3,N3_core_001,R_SIM,P_bal,mixture_diagnostic,bacc,0.7491621215379928,0.7328881299524258,0.7617516106535697,60,24527,macro candidate mean,fixed OOF candidate bootstrap; no refit,,mlp32,H
N3,N3_core_001,R_SIM,P_bal,mixture_diagnostic,auroc,0.8258383053612082,0.8056938018194,0.8408656334624115,60,24527,macro candidate mean,fixed OOF candidate bootstrap; no refit,,mlp32,H
N3,N3_core_001,R_SIM,P_bal,mixture_diagnostic,brier_two_class_sum,0.3456407574181927,0.3273292498199152,0.37060983561690836,60,24527,macro candidate mean,fixed OOF candidate bootstrap; no refit,,mlp32,H
N3,N3_core_001,R_SIM,P_bal,raw,ce_bits,0.775635455436118,0.7451887450719805,0.8182442199936562,60,24527,macro candidate mean,fixed OOF candidate bootstrap; no refit,,mlp32,H
N3,N3_core_001,R_SIM,P_bal,raw,bacc,0.7491621215379928,0.7328881299524258,0.7617516106535697,60,24527,macro candidate mean,fixed OOF candidate bootstrap; no refit,,mlp32,H
N3,N3_core_001,R_SIM,P_bal,raw,auroc,0.8258383053612082,0.8056938018194,0.8408656334624115,60,24527,macro candidate mean,fixed OOF candidate bootstrap; no refit,,mlp32,H
N3,N3_core_001,R_SIM,P_bal,raw,brier_two_class_sum,0.35510887566057714,0.34051853874690136,0.37520480499352243,60,24527,macro candidate mean,fixed OOF candidate bootstrap; no refit,,mlp32,H
N3,N3_core_001,R_SIM,P_bal,temperature,ce_bits,0.7634127077121525,0.71496520572871,0.8322095244977264,60,24527,macro candidate mean,fixed OOF candidate bootstrap; no refit,,mlp32,H
N3,N3_core_001,R_SIM,P_bal,temperature,bacc,0.7491621215379928,0.7328881299524258,0.7617516106535697,60,24527,macro candidate mean,fixed OOF candidate bootstrap; no refit,,mlp32,H
N3,N3_core_001,R_SIM,P_bal,temperature,auroc,0.8258383053612082,0.8056938018194,0.8408656334624115,60,24527,macro candidate mean,fixed OOF candidate bootstrap; no refit,,mlp32,H
N3,N3_core_001,R_SIM,P_bal,temperature,brier_two_class_sum,0.3456407574181927,0.3273292498199152,0.37060983561690836,60,24527,macro candidate mean,fixed OOF candidate bootstrap; no refit,,mlp32,H
N3,N3_core_001,R_SIM,P_bal,mixture_diagnostic,ce_bits,0.9807155042474501,0.9771154003941535,0.9852758942277373,60,24527,macro candidate mean,fixed OOF candidate bootstrap; no refit,,mlp32,HB
N3,N3_core_001,R_SIM,P_bal,mixture_diagnostic,bacc,0.5781743815125856,0.5717113890937201,0.5845016182965214,60,24527,macro candidate mean,fixed OOF candidate bootstrap; no refit,,mlp32,HB
N3,N3_core_001,R_SIM,P_bal,mixture_diagnostic,auroc,0.6040723262156711,0.5954491376606683,0.611991578041887,60,24527,macro candidate mean,fixed OOF candidate bootstrap; no refit,,mlp32,HB
N3,N3_core_001,R_SIM,P_bal,mixture_diagnostic,brier_two_class_sum,0.48665956950391026,0.48427518295209687,0.4896384512072057,60,24527,macro candidate mean,fixed OOF candidate bootstrap; no refit,,mlp32,HB
N3,N3_core_001,R_SIM,P_bal,raw,ce_bits,1.0926259947140022,1.0679600913517342,1.1258858239305047,60,24527,macro candidate mean,fixed OOF candidate bootstrap; no refit,,mlp32,HB
N3,N3_core_001,R_SIM,P_bal,raw,bacc,0.5781743815125856,0.5717113890937201,0.5845016182965214,60,24527,macro candidate mean,fixed OOF candidate bootstrap; no refit,,mlp32,HB
N3,N3_core_001,R_SIM,P_bal,raw,auroc,0.6040723262156711,0.5954491376606683,0.611991578041887,60,24527,macro candidate mean,fixed OOF candidate bootstrap; no refit,,mlp32,HB
N3,N3_core_001,R_SIM,P_bal,raw,brier_two_class_sum,0.5320893007085323,0.5231569189055367,0.5429471878511807,60,24527,macro candidate mean,fixed OOF candidate bootstrap; no refit,,mlp32,HB
N3,N3_core_001,R_SIM,P_bal,temperature,ce_bits,0.9807155042474501,0.9771154003941535,0.9852758942277373,60,24527,macro candidate mean,fixed OOF candidate bootstrap; no refit,,mlp32,HB
N3,N3_core_001,R_SIM,P_bal,temperature,bacc,0.5781743815125856,0.5717113890937201,0.5845016182965214,60,24527,macro candidate mean,fixed OOF candidate bootstrap; no refit,,mlp32,HB
N3,N3_core_001,R_SIM,P_bal,temperature,auroc,0.6040723262156711,0.5954491376606683,0.611991578041887,60,24527,macro candidate mean,fixed OOF candidate bootstrap; no refit,,mlp32,HB
N3,N3_core_001,R_SIM,P_bal,temperature,brier_two_class_sum,0.48665956950391026,0.48427518295209687,0.4896384512072057,60,24527,macro candidate mean,fixed OOF candidate bootstrap; no refit,,mlp32,HB
N3,N3_core_001,R_SIM,P_bal,mixture_diagnostic,ce_bits,0.9889090979802316,0.9866216387945071,0.9912627443054023,60,24527,macro candidate mean,fixed OOF candidate bootstrap; no refit,,mlp32,HBP
N3,N3_core_001,R_SIM,P_bal,mixture_diagnostic,bacc,0.5577720817141786,0.5505465222519733,0.5653407040901939,60,24527,macro candidate mean,fixed OOF candidate bootstrap; no refit,,mlp32,HBP
N3,N3_core_001,R_SIM,P_bal,mixture_diagnostic,auroc,0.5794849106667798,0.5703352984712676,0.5886192154159872,60,24527,macro candidate mean,fixed OOF candidate bootstrap; no refit,,mlp32,HBP
N3,N3_core_001,R_SIM,P_bal,mixture_diagnostic,brier_two_class_sum,0.49233951306941653,0.49076310357051506,0.4939474628513445,60,24527,macro candidate mean,fixed OOF candidate bootstrap; no refit,,mlp32,HBP
N3,N3_core_001,R_SIM,P_bal,raw,ce_bits,1.3459440773063414,1.311850941103806,1.3864277268052456,60,24527,macro candidate mean,fixed OOF candidate bootstrap; no refit,,mlp32,HBP
N3,N3_core_001,R_SIM,P_bal,raw,bacc,0.5577720817141786,0.5505465222519733,0.5653407040901939,60,24527,macro candidate mean,fixed OOF candidate bootstrap; no refit,,mlp32,HBP
N3,N3_core_001,R_SIM,P_bal,raw,auroc,0.5794849106667798,0.5703352984712676,0.5886192154159872,60,24527,macro candidate mean,fixed OOF candidate bootstrap; no refit,,mlp32,HBP
N3,N3_core_001,R_SIM,P_bal,raw,brier_two_class_sum,0.6116662137352697,0.6010942403295162,0.6230732161028645,60,24527,macro candidate mean,fixed OOF candidate bootstrap; no refit,,mlp32,HBP
N3,N3_core_001,R_SIM,P_bal,temperature,ce_bits,0.9889090979802316,0.9866216387945071,0.9912627443054023,60,24527,macro candidate mean,fixed OOF candidate bootstrap; no refit,,mlp32,HBP
N3,N3_core_001,R_SIM,P_bal,temperature,bacc,0.5577720817141786,0.5505465222519733,0.5653407040901939,60,24527,macro candidate mean,fixed OOF candidate bootstrap; no refit,,mlp32,HBP
N3,N3_core_001,R_SIM,P_bal,temperature,auroc,0.5794849106667798,0.5703352984712676,0.5886192154159872,60,24527,macro candidate mean,fixed OOF candidate bootstrap; no refit,,mlp32,HBP
N3,N3_core_001,R_SIM,P_bal,temperature,brier_two_class_sum,0.49233951306941653,0.49076310357051506,0.4939474628513445,60,24527,macro candidate mean,fixed OOF candidate bootstrap; no refit,,mlp32,HBP
N3,N3_core_001,R_SIM,P_bal,mixture_diagnostic,ce_bits,0.9807829425728889,0.9777140591873787,0.9843162962180093,60,24527,macro candidate mean,fixed OOF candidate bootstrap; no refit,,mlp32,HP
N3,N3_core_001,R_SIM,P_bal,mixture_diagnostic,bacc,0.5723844671367665,0.5637278426898478,0.5816728193459823,60,24527,macro candidate mean,fixed OOF candidate bootstrap; no refit,,mlp32,HP
N3,N3_core_001,R_SIM,P_bal,mixture_diagnostic,auroc,0.6003898875176323,0.5922211569855056,0.6084882574344065,60,24527,macro candidate mean,fixed OOF candidate bootstrap; no refit,,mlp32,HP
N3,N3_core_001,R_SIM,P_bal,mixture_diagnostic,brier_two_class_sum,0.4867779616470135,0.4847006582782459,0.489139200736894,60,24527,macro candidate mean,fixed OOF candidate bootstrap; no refit,,mlp32,HP
N3,N3_core_001,R_SIM,P_bal,raw,ce_bits,1.1070449274673442,1.0848494108200448,1.1345774219742908,60,24527,macro candidate mean,fixed OOF candidate bootstrap; no refit,,mlp32,HP
N3,N3_core_001,R_SIM,P_bal,raw,bacc,0.5723844671367665,0.5637278426898478,0.5816728193459823,60,24527,macro candidate mean,fixed OOF candidate bootstrap; no refit,,mlp32,HP
N3,N3_core_001,R_SIM,P_bal,raw,auroc,0.6003898875176323,0.5922211569855056,0.6084882574344065,60,24527,macro candidate mean,fixed OOF candidate bootstrap; no refit,,mlp32,HP
N3,N3_core_001,R_SIM,P_bal,raw,brier_two_class_sum,0.5398337292379084,0.5305310427439264,0.5501047890538624,60,24527,macro candidate mean,fixed OOF candidate bootstrap; no refit,,mlp32,HP
N3,N3_core_001,R_SIM,P_bal,temperature,ce_bits,0.9807829425728889,0.9777140591873787,0.9843162962180093,60,24527,macro candidate mean,fixed OOF candidate bootstrap; no refit,,mlp32,HP
N3,N3_core_001,R_SIM,P_bal,temperature,bacc,0.5723844671367665,0.5637278426898478,0.5816728193459823,60,24527,macro candidate mean,fixed OOF candidate bootstrap; no refit,,mlp32,HP
N3,N3_core_001,R_SIM,P_bal,temperature,auroc,0.6003898875176323,0.5922211569855056,0.6084882574344065,60,24527,macro candidate mean,fixed OOF candidate bootstrap; no refit,,mlp32,HP
N3,N3_core_001,R_SIM,P_bal,temperature,brier_two_class_sum,0.4867779616470135,0.4847006582782459,0.489139200736894,60,24527,macro candidate mean,fixed OOF candidate bootstrap; no refit,,mlp32,HP
N3,N3_core_001,R_SIM,P_bal,mixture_diagnostic,ce_bits,0.9819504975739588,0.9791742573158437,0.985606820911018,60,24527,macro candidate mean,fixed OOF candidate bootstrap; no refit,,mlp32,Hnoise
N3,N3_core_001,R_SIM,P_bal,mixture_diagnostic,bacc,0.5723805597903717,0.5646191379670719,0.5802596557265891,60,24527,macro candidate mean,fixed OOF candidate bootstrap; no refit,,mlp32,Hnoise
N3,N3_core_001,R_SIM,P_bal,mixture_diagnostic,auroc,0.5986694833856335,0.5904200005917212,0.6064646849631308,60,24527,macro candidate mean,fixed OOF candidate bootstrap; no refit,,mlp32,Hnoise
N3,N3_core_001,R_SIM,P_bal,mixture_diagnostic,brier_two_class_sum,0.48752698904810426,0.4856745301305318,0.4899319666921848,60,24527,macro candidate mean,fixed OOF candidate bootstrap; no refit,,mlp32,Hnoise
N3,N3_core_001,R_SIM,P_bal,raw,ce_bits,1.118772989621548,1.096611657265382,1.1498912706006597,60,24527,macro candidate mean,fixed OOF candidate bootstrap; no refit,,mlp32,Hnoise
N3,N3_core_001,R_SIM,P_bal,raw,bacc,0.5723805597903717,0.5646191379670719,0.5802596557265891,60,24527,macro candidate mean,fixed OOF candidate bootstrap; no refit,,mlp32,Hnoise
N3,N3_core_001,R_SIM,P_bal,raw,auroc,0.5986694833856335,0.5904200005917212,0.6064646849631308,60,24527,macro candidate mean,fixed OOF candidate bootstrap; no refit,,mlp32,Hnoise
N3,N3_core_001,R_SIM,P_bal,raw,brier_two_class_sum,0.5428536945386963,0.5348165495437504,0.5529550321452348,60,24527,macro candidate mean,fixed OOF candidate bootstrap; no refit,,mlp32,Hnoise
N3,N3_core_001,R_SIM,P_bal,temperature,ce_bits,0.9819504975739588,0.9791742573158437,0.985606820911018,60,24527,macro candidate mean,fixed OOF candidate bootstrap; no refit,,mlp32,Hnoise
N3,N3_core_001,R_SIM,P_bal,temperature,bacc,0.5723805597903717,0.5646191379670719,0.5802596557265891,60,24527,macro candidate mean,fixed OOF candidate bootstrap; no refit,,mlp32,Hnoise
N3,N3_core_001,R_SIM,P_bal,temperature,auroc,0.5986694833856335,0.5904200005917212,0.6064646849631308,60,24527,macro candidate mean,fixed OOF candidate bootstrap; no refit,,mlp32,Hnoise
N3,N3_core_001,R_SIM,P_bal,temperature,brier_two_class_sum,0.48752698904810426,0.4856745301305318,0.4899319666921848,60,24527,macro candidate mean,fixed OOF candidate bootstrap; no refit,,mlp32,Hnoise
N3,N3_core_001,R_SIM,P_nat,mixture_diagnostic,ce_bits,0.8157495346233741,0.8055410528208818,0.8238556030168733,60,24527,macro candidate mean,fixed OOF candidate bootstrap; no refit,,logistic,H
N3,N3_core_001,R_SIM,P_nat,mixture_diagnostic,bacc,0.5043256875553204,0.5035435325805954,0.5051683897578405,60,24527,macro candidate mean,fixed OOF candidate bootstrap; no refit,,logistic,H
N3,N3_core_001,R_SIM,P_nat,mixture_diagnostic,auroc,0.6410927319099687,0.6329239641836066,0.6479619076544251,60,24527,macro candidate mean,fixed OOF candidate bootstrap; no refit,,logistic,H
N3,N3_core_001,R_SIM,P_nat,mixture_diagnostic,brier_two_class_sum,0.3802119290128817,0.37381084744376686,0.38536088911291855,60,24527,macro candidate mean,fixed OOF candidate bootstrap; no refit,,logistic,H
N3,N3_core_001,R_SIM,P_nat,raw,ce_bits,0.8158898205434751,0.8058238391485024,0.8238982632423087,60,24527,macro candidate mean,fixed OOF candidate bootstrap; no refit,,logistic,H
N3,N3_core_001,R_SIM,P_nat,raw,bacc,0.5043256875553204,0.5035435325805954,0.5051683897578405,60,24527,macro candidate mean,fixed OOF candidate bootstrap; no refit,,logistic,H
N3,N3_core_001,R_SIM,P_nat,raw,auroc,0.6410927319099687,0.6329239641836066,0.6479619076544251,60,24527,macro candidate mean,fixed OOF candidate bootstrap; no refit,,logistic,H
N3,N3_core_001,R_SIM,P_nat,raw,brier_two_class_sum,0.3802930752480934,0.37398169609123816,0.38536406885255087,60,24527,macro candidate mean,fixed OOF candidate bootstrap; no refit,,logistic,H
N3,N3_core_001,R_SIM,P_nat,temperature,ce_bits,0.8157495346233741,0.8055410528208818,0.8238556030168733,60,24527,macro candidate mean,fixed OOF candidate bootstrap; no refit,,logistic,H
N3,N3_core_001,R_SIM,P_nat,temperature,bacc,0.5043256875553204,0.5035435325805954,0.5051683897578405,60,24527,macro candidate mean,fixed OOF candidate bootstrap; no refit,,logistic,H
N3,N3_core_001,R_SIM,P_nat,temperature,auroc,0.6410927319099687,0.6329239641836066,0.6479619076544251,60,24527,macro candidate mean,fixed OOF candidate bootstrap; no refit,,logistic,H
N3,N3_core_001,R_SIM,P_nat,temperature,brier_two_class_sum,0.3802119290128817,0.37381084744376686,0.38536088911291855,60,24527,macro candidate mean,fixed OOF candidate bootstrap; no refit,,logistic,H
N3,N3_core_001,R_SIM,P_nat,mixture_diagnostic,ce_bits,0.8183336119028356,0.8080351298861365,0.8264922818166528,60,24527,macro candidate mean,fixed OOF candidate bootstrap; no refit,,logistic,HB
N3,N3_core_001,R_SIM,P_nat,mixture_diagnostic,bacc,0.5062037016427512,0.504515825835739,0.5080331812623596,60,24527,macro candidate mean,fixed OOF candidate bootstrap; no refit,,logistic,HB
N3,N3_core_001,R_SIM,P_nat,mixture_diagnostic,auroc,0.6359292347131463,0.628187116734381,0.642784010110689,60,24527,macro candidate mean,fixed OOF candidate bootstrap; no refit,,logistic,HB
N3,N3_core_001,R_SIM,P_nat,mixture_diagnostic,brier_two_class_sum,0.38158168881229154,0.37512123116029117,0.38675398768969593,60,24527,macro candidate mean,fixed OOF candidate bootstrap; no refit,,logistic,HB
N3,N3_core_001,R_SIM,P_nat,raw,ce_bits,0.8183997743555713,0.8081838347431647,0.8265220813981482,60,24527,macro candidate mean,fixed OOF candidate bootstrap; no refit,,logistic,HB
N3,N3_core_001,R_SIM,P_nat,raw,bacc,0.5062037016427512,0.504515825835739,0.5080331812623596,60,24527,macro candidate mean,fixed OOF candidate bootstrap; no refit,,logistic,HB
N3,N3_core_001,R_SIM,P_nat,raw,auroc,0.6359292347131463,0.628187116734381,0.642784010110689,60,24527,macro candidate mean,fixed OOF candidate bootstrap; no refit,,logistic,HB
N3,N3_core_001,R_SIM,P_nat,raw,brier_two_class_sum,0.3816208602433282,0.3751632700292776,0.3867672547845187,60,24527,macro candidate mean,fixed OOF candidate bootstrap; no refit,,logistic,HB
N3,N3_core_001,R_SIM,P_nat,temperature,ce_bits,0.8183336119028356,0.8080351298861365,0.8264922818166528,60,24527,macro candidate mean,fixed OOF candidate bootstrap; no refit,,logistic,HB
N3,N3_core_001,R_SIM,P_nat,temperature,bacc,0.5062037016427512,0.504515825835739,0.5080331812623596,60,24527,macro candidate mean,fixed OOF candidate bootstrap; no refit,,logistic,HB
N3,N3_core_001,R_SIM,P_nat,temperature,auroc,0.6359292347131463,0.628187116734381,0.642784010110689,60,24527,macro candidate mean,fixed OOF candidate bootstrap; no refit,,logistic,HB
N3,N3_core_001,R_SIM,P_nat,temperature,brier_two_class_sum,0.38158168881229154,0.37512123116029117,0.38675398768969593,60,24527,macro candidate mean,fixed OOF candidate bootstrap; no refit,,logistic,HB
N3,N3_core_001,R_SIM,P_nat,mixture_diagnostic,ce_bits,0.8182332116645135,0.8082223110500023,0.8267001705724492,60,24527,macro candidate mean,fixed OOF candidate bootstrap; no refit,,logistic,HBP
N3,N3_core_001,R_SIM,P_nat,mixture_diagnostic,bacc,0.5143077076225571,0.5114526612561212,0.5171656891130265,60,24527,macro candidate mean,fixed OOF candidate bootstrap; no refit,,logistic,HBP
N3,N3_core_001,R_SIM,P_nat,mixture_diagnostic,auroc,0.6352050052558923,0.6272613844250999,0.6425239757239553,60,24527,macro candidate mean,fixed OOF candidate bootstrap; no refit,,logistic,HBP
N3,N3_core_001,R_SIM,P_nat,mixture_diagnostic,brier_two_class_sum,0.3814867711728894,0.37520198213238803,0.3867319199257065,60,24527,macro candidate mean,fixed OOF candidate bootstrap; no refit,,logistic,HBP
N3,N3_core_001,R_SIM,P_nat,raw,ce_bits,0.8182957583078143,0.8082494864936349,0.8267914365537026,60,24527,macro candidate mean,fixed OOF candidate bootstrap; no refit,,logistic,HBP
N3,N3_core_001,R_SIM,P_nat,raw,bacc,0.5143077076225571,0.5114526612561212,0.5171656891130265,60,24527,macro candidate mean,fixed OOF candidate bootstrap; no refit,,logistic,HBP
N3,N3_core_001,R_SIM,P_nat,raw,auroc,0.6352050052558923,0.6272613844250999,0.6425239757239553,60,24527,macro candidate mean,fixed OOF candidate bootstrap; no refit,,logistic,HBP
N3,N3_core_001,R_SIM,P_nat,raw,brier_two_class_sum,0.3814944422746145,0.37518303108214557,0.38676794596878084,60,24527,macro candidate mean,fixed OOF candidate bootstrap; no refit,,logistic,HBP
N3,N3_core_001,R_SIM,P_nat,temperature,ce_bits,0.8182332116645135,0.8082223110500023,0.8267001705724492,60,24527,macro candidate mean,fixed OOF candidate bootstrap; no refit,,logistic,HBP
N3,N3_core_001,R_SIM,P_nat,temperature,bacc,0.5143077076225571,0.5114526612561212,0.5171656891130265,60,24527,macro candidate mean,fixed OOF candidate bootstrap; no refit,,logistic,HBP
N3,N3_core_001,R_SIM,P_nat,temperature,auroc,0.6352050052558923,0.6272613844250999,0.6425239757239553,60,24527,macro candidate mean,fixed OOF candidate bootstrap; no refit,,logistic,HBP
N3,N3_core_001,R_SIM,P_nat,temperature,brier_two_class_sum,0.3814867711728894,0.37520198213238803,0.3867319199257065,60,24527,macro candidate mean,fixed OOF candidate bootstrap; no refit,,logistic,HBP
N3,N3_core_001,R_SIM,P_nat,mixture_diagnostic,ce_bits,0.8159380310265735,0.806076968120524,0.8241352544084134,60,24527,macro candidate mean,fixed OOF candidate bootstrap; no refit,,logistic,HP
N3,N3_core_001,R_SIM,P_nat,mixture_diagnostic,bacc,0.5107464232627433,0.5081261552350594,0.5132997869756438,60,24527,macro candidate mean,fixed OOF candidate bootstrap; no refit,,logistic,HP
N3,N3_core_001,R_SIM,P_nat,mixture_diagnostic,auroc,0.6395578351889494,0.6312377248748939,0.6470939986751552,60,24527,macro candidate mean,fixed OOF candidate bootstrap; no refit,,logistic,HP
N3,N3_core_001,R_SIM,P_nat,mixture_diagnostic,brier_two_class_sum,0.3802649598396273,0.3740655511034028,0.3853654462090728,60,24527,macro candidate mean,fixed OOF candidate bootstrap; no refit,,logistic,HP
N3,N3_core_001,R_SIM,P_nat,raw,ce_bits,0.8159947623972206,0.8061892486798199,0.8241335435468433,60,24527,macro candidate mean,fixed OOF candidate bootstrap; no refit,,logistic,HP
N3,N3_core_001,R_SIM,P_nat,raw,bacc,0.5107464232627433,0.5081261552350594,0.5132997869756438,60,24527,macro candidate mean,fixed OOF candidate bootstrap; no refit,,logistic,HP
N3,N3_core_001,R_SIM,P_nat,raw,auroc,0.6395578351889494,0.6312377248748939,0.6470939986751552,60,24527,macro candidate mean,fixed OOF candidate bootstrap; no refit,,logistic,HP
N3,N3_core_001,R_SIM,P_nat,raw,brier_two_class_sum,0.380300321999496,0.3741272979359593,0.3853970448120253,60,24527,macro candidate mean,fixed OOF candidate bootstrap; no refit,,logistic,HP
N3,N3_core_001,R_SIM,P_nat,temperature,ce_bits,0.8159380310265735,0.806076968120524,0.8241352544084134,60,24527,macro candidate mean,fixed OOF candidate bootstrap; no refit,,logistic,HP
N3,N3_core_001,R_SIM,P_nat,temperature,bacc,0.5107464232627433,0.5081261552350594,0.5132997869756438,60,24527,macro candidate mean,fixed OOF candidate bootstrap; no refit,,logistic,HP
N3,N3_core_001,R_SIM,P_nat,temperature,auroc,0.6395578351889494,0.6312377248748939,0.6470939986751552,60,24527,macro candidate mean,fixed OOF candidate bootstrap; no refit,,logistic,HP
N3,N3_core_001,R_SIM,P_nat,temperature,brier_two_class_sum,0.3802649598396273,0.3740655511034028,0.3853654462090728,60,24527,macro candidate mean,fixed OOF candidate bootstrap; no refit,,logistic,HP
N3,N3_core_001,R_SIM,P_nat,mixture_diagnostic,ce_bits,0.8172166754254823,0.8070427389482789,0.8252415261734305,60,24527,macro candidate mean,fixed OOF candidate bootstrap; no refit,,logistic,Hnoise
N3,N3_core_001,R_SIM,P_nat,mixture_diagnostic,bacc,0.506953962486104,0.5051253708857694,0.508781347752491,60,24527,macro candidate mean,fixed OOF candidate bootstrap; no refit,,logistic,Hnoise
N3,N3_core_001,R_SIM,P_nat,mixture_diagnostic,auroc,0.6379484865310581,0.629201107395313,0.6455948347626259,60,24527,macro candidate mean,fixed OOF candidate bootstrap; no refit,,logistic,Hnoise
N3,N3_core_001,R_SIM,P_nat,mixture_diagnostic,brier_two_class_sum,0.38111133543613446,0.3746690107254562,0.3861783321297901,60,24527,macro candidate mean,fixed OOF candidate bootstrap; no refit,,logistic,Hnoise
N3,N3_core_001,R_SIM,P_nat,raw,ce_bits,0.8172584513841645,0.8071209466298839,0.8252583181189259,60,24527,macro candidate mean,fixed OOF candidate bootstrap; no refit,,logistic,Hnoise
N3,N3_core_001,R_SIM,P_nat,raw,bacc,0.506953962486104,0.5051253708857694,0.508781347752491,60,24527,macro candidate mean,fixed OOF candidate bootstrap; no refit,,logistic,Hnoise
N3,N3_core_001,R_SIM,P_nat,raw,auroc,0.6379484865310581,0.629201107395313,0.6455948347626259,60,24527,macro candidate mean,fixed OOF candidate bootstrap; no refit,,logistic,Hnoise
N3,N3_core_001,R_SIM,P_nat,raw,brier_two_class_sum,0.38113520476519086,0.374708069641247,0.38619273689202394,60,24527,macro candidate mean,fixed OOF candidate bootstrap; no refit,,logistic,Hnoise
N3,N3_core_001,R_SIM,P_nat,temperature,ce_bits,0.8172166754254823,0.8070427389482789,0.8252415261734305,60,24527,macro candidate mean,fixed OOF candidate bootstrap; no refit,,logistic,Hnoise
N3,N3_core_001,R_SIM,P_nat,temperature,bacc,0.506953962486104,0.5051253708857694,0.508781347752491,60,24527,macro candidate mean,fixed OOF candidate bootstrap; no refit,,logistic,Hnoise
N3,N3_core_001,R_SIM,P_nat,temperature,auroc,0.6379484865310581,0.629201107395313,0.6455948347626259,60,24527,macro candidate mean,fixed OOF candidate bootstrap; no refit,,logistic,Hnoise
N3,N3_core_001,R_SIM,P_nat,temperature,brier_two_class_sum,0.38111133543613446,0.3746690107254562,0.3861783321297901,60,24527,macro candidate mean,fixed OOF candidate bootstrap; no refit,,logistic,Hnoise
N3,N3_core_001,R_SIM,P_nat,mixture_diagnostic,ce_bits,0.7653063722679035,0.7599001436075518,0.7703434872196671,60,24527,macro candidate mean,fixed OOF candidate bootstrap; no refit,,mlp32,H
N3,N3_core_001,R_SIM,P_nat,mixture_diagnostic,bacc,0.5693354908829352,0.564810266098376,0.5737795187167852,60,24527,macro candidate mean,fixed OOF candidate bootstrap; no refit,,mlp32,H
N3,N3_core_001,R_SIM,P_nat,mixture_diagnostic,auroc,0.7168086732669584,0.7017963465117483,0.7273480070277386,60,24527,macro candidate mean,fixed OOF candidate bootstrap; no refit,,mlp32,H
N3,N3_core_001,R_SIM,P_nat,mixture_diagnostic,brier_two_class_sum,0.35239162037431127,0.34894320303810733,0.35560964549795077,60,24527,macro candidate mean,fixed OOF candidate bootstrap; no refit,,mlp32,H
N3,N3_core_001,R_SIM,P_nat,raw,ce_bits,0.766183948622093,0.7612118880019464,0.7708938735142995,60,24527,macro candidate mean,fixed OOF candidate bootstrap; no refit,,mlp32,H
N3,N3_core_001,R_SIM,P_nat,raw,bacc,0.5693354908829352,0.564810266098376,0.5737795187167852,60,24527,macro candidate mean,fixed OOF candidate bootstrap; no refit,,mlp32,H
N3,N3_core_001,R_SIM,P_nat,raw,auroc,0.7168086732669584,0.7017963465117483,0.7273480070277386,60,24527,macro candidate mean,fixed OOF candidate bootstrap; no refit,,mlp32,H
N3,N3_core_001,R_SIM,P_nat,raw,brier_two_class_sum,0.3526675719886784,0.3493503336274329,0.3557087166472738,60,24527,macro candidate mean,fixed OOF candidate bootstrap; no refit,,mlp32,H
N3,N3_core_001,R_SIM,P_nat,temperature,ce_bits,0.7653063722679035,0.7599001436075518,0.7703434872196671,60,24527,macro candidate mean,fixed OOF candidate bootstrap; no refit,,mlp32,H
N3,N3_core_001,R_SIM,P_nat,temperature,bacc,0.5693354908829352,0.564810266098376,0.5737795187167852,60,24527,macro candidate mean,fixed OOF candidate bootstrap; no refit,,mlp32,H
N3,N3_core_001,R_SIM,P_nat,temperature,auroc,0.7168086732669584,0.7017963465117483,0.7273480070277386,60,24527,macro candidate mean,fixed OOF candidate bootstrap; no refit,,mlp32,H
N3,N3_core_001,R_SIM,P_nat,temperature,brier_two_class_sum,0.35239162037431127,0.34894320303810733,0.35560964549795077,60,24527,macro candidate mean,fixed OOF candidate bootstrap; no refit,,mlp32,H
N3,N3_core_001,R_SIM,P_nat,mixture_diagnostic,ce_bits,0.8299921720148932,0.8223328278388042,0.8364780953902857,60,24527,macro candidate mean,fixed OOF candidate bootstrap; no refit,,mlp32,HB
N3,N3_core_001,R_SIM,P_nat,mixture_diagnostic,bacc,0.5029075838078707,0.5018750552302774,0.5041089398921625,60,24527,macro candidate mean,fixed OOF candidate bootstrap; no refit,,mlp32,HB
N3,N3_core_001,R_SIM,P_nat,mixture_diagnostic,auroc,0.6291630114115894,0.6186377620307575,0.6375816677175989,60,24527,macro candidate mean,fixed OOF candidate bootstrap; no refit,,mlp32,HB
N3,N3_core_001,R_SIM,P_nat,mixture_diagnostic,brier_two_class_sum,0.3880961507333964,0.38314486474338677,0.39226545931609963,60,24527,macro candidate mean,fixed OOF candidate bootstrap; no refit,,mlp32,HB
N3,N3_core_001,R_SIM,P_nat,raw,ce_bits,0.8458466673857605,0.8361083391008796,0.855608201322222,60,24527,macro candidate mean,fixed OOF candidate bootstrap; no refit,,mlp32,HB
N3,N3_core_001,R_SIM,P_nat,raw,bacc,0.5578068138122673,0.5518515341392685,0.5642683784624685,60,24527,macro candidate mean,fixed OOF candidate bootstrap; no refit,,mlp32,HB
N3,N3_core_001,R_SIM,P_nat,raw,auroc,0.6291630114115894,0.6186377620307575,0.6375816677175989,60,24527,macro candidate mean,fixed OOF candidate bootstrap; no refit,,mlp32,HB
N3,N3_core_001,R_SIM,P_nat,raw,brier_two_class_sum,0.3931235390906137,0.38772087867557764,0.3982100710904748,60,24527,macro candidate mean,fixed OOF candidate bootstrap; no refit,,mlp32,HB
N3,N3_core_001,R_SIM,P_nat,temperature,ce_bits,0.8378239151811048,0.8308311079399191,0.8445236911967503,60,24527,macro candidate mean,fixed OOF candidate bootstrap; no refit,,mlp32,HB
N3,N3_core_001,R_SIM,P_nat,temperature,bacc,0.5578068138122673,0.5518515341392685,0.5642683784624685,60,24527,macro candidate mean,fixed OOF candidate bootstrap; no refit,,mlp32,HB
N3,N3_core_001,R_SIM,P_nat,temperature,auroc,0.6291630114115894,0.6186377620307575,0.6375816677175989,60,24527,macro candidate mean,fixed OOF candidate bootstrap; no refit,,mlp32,HB
N3,N3_core_001,R_SIM,P_nat,temperature,brier_two_class_sum,0.3933261136154825,0.3891031488271865,0.39732461384409296,60,24527,macro candidate mean,fixed OOF candidate bootstrap; no refit,,mlp32,HB
N3,N3_core_001,R_SIM,P_nat,mixture_diagnostic,ce_bits,0.8458112426907187,0.8374823741588427,0.8528568037544191,60,24527,macro candidate mean,fixed OOF candidate bootstrap; no refit,,mlp32,HBP
N3,N3_core_001,R_SIM,P_nat,mixture_diagnostic,bacc,0.5,0.5,0.5,60,24527,macro candidate mean,fixed OOF candidate bootstrap; no refit,,mlp32,HBP
N3,N3_core_001,R_SIM,P_nat,mixture_diagnostic,auroc,0.5976906580803002,0.5867300008261914,0.6081935914070008,60,24527,macro candidate mean,fixed OOF candidate bootstrap; no refit,,mlp32,HBP
N3,N3_core_001,R_SIM,P_nat,mixture_diagnostic,brier_two_class_sum,0.3974404384517597,0.3919538146290782,0.4020469060864668,60,24527,macro candidate mean,fixed OOF candidate bootstrap; no refit,,mlp32,HBP
N3,N3_core_001,R_SIM,P_nat,raw,ce_bits,0.975197460733936,0.9582242330766588,0.9908291238683745,60,24527,macro candidate mean,fixed OOF candidate bootstrap; no refit,,mlp32,HBP
N3,N3_core_001,R_SIM,P_nat,raw,bacc,0.550752165913507,0.5441545312887309,0.557100526765441,60,24527,macro candidate mean,fixed OOF candidate bootstrap; no refit,,mlp32,HBP
N3,N3_core_001,R_SIM,P_nat,raw,auroc,0.5976906580803002,0.5867300008261914,0.6081935914070008,60,24527,macro candidate mean,fixed OOF candidate bootstrap; no refit,,mlp32,HBP
N3,N3_core_001,R_SIM,P_nat,raw,brier_two_class_sum,0.4453955550635402,0.43787910955764947,0.45246720056968115,60,24527,macro candidate mean,fixed OOF candidate bootstrap; no refit,,mlp32,HBP
N3,N3_core_001,R_SIM,P_nat,temperature,ce_bits,0.8852904316463069,0.8790431525343563,0.8914296066435632,60,24527,macro candidate mean,fixed OOF candidate bootstrap; no refit,,mlp32,HBP
N3,N3_core_001,R_SIM,P_nat,temperature,bacc,0.550752165913507,0.5441545312887309,0.557100526765441,60,24527,macro candidate mean,fixed OOF candidate bootstrap; no refit,,mlp32,HBP
N3,N3_core_001,R_SIM,P_nat,temperature,auroc,0.5976906580803002,0.5867300008261914,0.6081935914070008,60,24527,macro candidate mean,fixed OOF candidate bootstrap; no refit,,mlp32,HBP
N3,N3_core_001,R_SIM,P_nat,temperature,brier_two_class_sum,0.42376966295672225,0.41973865864275267,0.4276927729544704,60,24527,macro candidate mean,fixed OOF candidate bootstrap; no refit,,mlp32,HBP
N3,N3_core_001,R_SIM,P_nat,mixture_diagnostic,ce_bits,0.8319713280977157,0.8237704862666381,0.8388596700184611,60,24527,macro candidate mean,fixed OOF candidate bootstrap; no refit,,mlp32,HP
N3,N3_core_001,R_SIM,P_nat,mixture_diagnostic,bacc,0.5029615016570981,0.5020399714877803,0.5038926437772963,60,24527,macro candidate mean,fixed OOF candidate bootstrap; no refit,,mlp32,HP
N3,N3_core_001,R_SIM,P_nat,mixture_diagnostic,auroc,0.626658137941664,0.6172491333068066,0.635455590859374,60,24527,macro candidate mean,fixed OOF candidate bootstrap; no refit,,mlp32,HP
N3,N3_core_001,R_SIM,P_nat,mixture_diagnostic,brier_two_class_sum,0.3893698534640016,0.38423314538347164,0.3937677198926447,60,24527,macro candidate mean,fixed OOF candidate bootstrap; no refit,,mlp32,HP
N3,N3_core_001,R_SIM,P_nat,raw,ce_bits,0.8539868588077255,0.8425002567785618,0.8646574414594627,60,24527,macro candidate mean,fixed OOF candidate bootstrap; no refit,,mlp32,HP
N3,N3_core_001,R_SIM,P_nat,raw,bacc,0.5561701900484363,0.5508409256701596,0.5616705419331429,60,24527,macro candidate mean,fixed OOF candidate bootstrap; no refit,,mlp32,HP
N3,N3_core_001,R_SIM,P_nat,raw,auroc,0.626658137941664,0.6172491333068066,0.635455590859374,60,24527,macro candidate mean,fixed OOF candidate bootstrap; no refit,,mlp32,HP
N3,N3_core_001,R_SIM,P_nat,raw,brier_two_class_sum,0.3983128521105536,0.392609177611104,0.40350819693014034,60,24527,macro candidate mean,fixed OOF candidate bootstrap; no refit,,mlp32,HP
N3,N3_core_001,R_SIM,P_nat,temperature,ce_bits,0.8430879627434601,0.8350892088379308,0.8500970444588017,60,24527,macro candidate mean,fixed OOF candidate bootstrap; no refit,,mlp32,HP
N3,N3_core_001,R_SIM,P_nat,temperature,bacc,0.5561701900484363,0.5508409256701596,0.5616705419331429,60,24527,macro candidate mean,fixed OOF candidate bootstrap; no refit,,mlp32,HP
N3,N3_core_001,R_SIM,P_nat,temperature,auroc,0.626658137941664,0.6172491333068066,0.635455590859374,60,24527,macro candidate mean,fixed OOF candidate bootstrap; no refit,,mlp32,HP
N3,N3_core_001,R_SIM,P_nat,temperature,brier_two_class_sum,0.3971633052611265,0.39247666788823155,0.40128710745940366,60,24527,macro candidate mean,fixed OOF candidate bootstrap; no refit,,mlp32,HP
N3,N3_core_001,R_SIM,P_nat,mixture_diagnostic,ce_bits,0.8381045278553444,0.8304051159447896,0.8445038919301747,60,24527,macro candidate mean,fixed OOF candidate bootstrap; no refit,,mlp32,Hnoise
N3,N3_core_001,R_SIM,P_nat,mixture_diagnostic,bacc,0.5024100500959381,0.5013038471815384,0.503507919936182,60,24527,macro candidate mean,fixed OOF candidate bootstrap; no refit,,mlp32,Hnoise
N3,N3_core_001,R_SIM,P_nat,mixture_diagnostic,auroc,0.6074648665465108,0.5988967819460087,0.6155872629111796,60,24527,macro candidate mean,fixed OOF candidate bootstrap; no refit,,mlp32,Hnoise
N3,N3_core_001,R_SIM,P_nat,mixture_diagnostic,brier_two_class_sum,0.3929433510921756,0.38799670403550385,0.39707308041853306,60,24527,macro candidate mean,fixed OOF candidate bootstrap; no refit,,mlp32,Hnoise
N3,N3_core_001,R_SIM,P_nat,raw,ce_bits,0.8789268394588382,0.8694928781024724,0.8882345223086471,60,24527,macro candidate mean,fixed OOF candidate bootstrap; no refit,,mlp32,Hnoise
N3,N3_core_001,R_SIM,P_nat,raw,bacc,0.5543989275499076,0.5470829126321971,0.561172023869432,60,24527,macro candidate mean,fixed OOF candidate bootstrap; no refit,,mlp32,Hnoise
N3,N3_core_001,R_SIM,P_nat,raw,auroc,0.6074648665465108,0.5988967819460087,0.6155872629111796,60,24527,macro candidate mean,fixed OOF candidate bootstrap; no refit,,mlp32,Hnoise
N3,N3_core_001,R_SIM,P_nat,raw,brier_two_class_sum,0.40906721332507445,0.40330621898020336,0.41444727572940954,60,24527,macro candidate mean,fixed OOF candidate bootstrap; no refit,,mlp32,Hnoise
N3,N3_core_001,R_SIM,P_nat,temperature,ce_bits,0.8563722787669646,0.8505041517016553,0.8620271678477276,60,24527,macro candidate mean,fixed OOF candidate bootstrap; no refit,,mlp32,Hnoise
N3,N3_core_001,R_SIM,P_nat,temperature,bacc,0.5543989275499076,0.5470829126321971,0.561172023869432,60,24527,macro candidate mean,fixed OOF candidate bootstrap; no refit,,mlp32,Hnoise
N3,N3_core_001,R_SIM,P_nat,temperature,auroc,0.6074648665465108,0.5988967819460087,0.6155872629111796,60,24527,macro candidate mean,fixed OOF candidate bootstrap; no refit,,mlp32,Hnoise
N3,N3_core_001,R_SIM,P_nat,temperature,brier_two_class_sum,0.40500819777118025,0.4010967384159089,0.4087630887475142,60,24527,macro candidate mean,fixed OOF candidate bootstrap; no refit,,mlp32,Hnoise
N3_selected,N3_core_001,L0,P_bal,mixture_diagnostic,ce_bits,0.9571646437386901,0.9518673719708886,0.9638489870653099,60,24527,macro candidate mean,fixed OOF candidate bootstrap; no refit,,training_OOF_selected,H
N3_selected,N3_core_001,L0,P_bal,mixture_diagnostic,bacc,0.5868926844577007,0.5816213572740079,0.5916559740504514,60,24527,macro candidate mean,fixed OOF candidate bootstrap; no refit,,training_OOF_selected,H
N3_selected,N3_core_001,L0,P_bal,mixture_diagnostic,auroc,0.6385973173385388,0.6308537816942578,0.6452542380497651,60,24527,macro candidate mean,fixed OOF candidate bootstrap; no refit,,training_OOF_selected,H
N3_selected,N3_core_001,L0,P_bal,mixture_diagnostic,brier_two_class_sum,0.4709210377011607,0.46750971059822005,0.4752006414291958,60,24527,macro candidate mean,fixed OOF candidate bootstrap; no refit,,training_OOF_selected,H
N3_selected,N3_core_001,L0,P_bal,raw,ce_bits,0.9573769931056842,0.9527941505608154,0.9629502662274995,60,24527,macro candidate mean,fixed OOF candidate bootstrap; no refit,,training_OOF_selected,H
N3_selected,N3_core_001,L0,P_bal,raw,bacc,0.5868926844577007,0.5816213572740079,0.5916559740504514,60,24527,macro candidate mean,fixed OOF candidate bootstrap; no refit,,training_OOF_selected,H
N3_selected,N3_core_001,L0,P_bal,raw,auroc,0.6385973173385388,0.6308537816942578,0.6452542380497651,60,24527,macro candidate mean,fixed OOF candidate bootstrap; no refit,,training_OOF_selected,H
N3_selected,N3_core_001,L0,P_bal,raw,brier_two_class_sum,0.4710242163601267,0.46799648094135127,0.47465672026020295,60,24527,macro candidate mean,fixed OOF candidate bootstrap; no refit,,training_OOF_selected,H
N3_selected,N3_core_001,L0,P_bal,temperature,ce_bits,0.9571646437386901,0.9518673719708886,0.9638489870653099,60,24527,macro candidate mean,fixed OOF candidate bootstrap; no refit,,training_OOF_selected,H
N3_selected,N3_core_001,L0,P_bal,temperature,bacc,0.5868926844577007,0.5816213572740079,0.5916559740504514,60,24527,macro candidate mean,fixed OOF candidate bootstrap; no refit,,training_OOF_selected,H
N3_selected,N3_core_001,L0,P_bal,temperature,auroc,0.6385973173385388,0.6308537816942578,0.6452542380497651,60,24527,macro candidate mean,fixed OOF candidate bootstrap; no refit,,training_OOF_selected,H
N3_selected,N3_core_001,L0,P_bal,temperature,brier_two_class_sum,0.4709210377011607,0.46750971059822005,0.4752006414291958,60,24527,macro candidate mean,fixed OOF candidate bootstrap; no refit,,training_OOF_selected,H
N3_selected,N3_core_001,L0,P_bal,mixture_diagnostic,ce_bits,0.9594781792065177,0.9548098853954118,0.9653309645546432,60,24527,macro candidate mean,fixed OOF candidate bootstrap; no refit,,training_OOF_selected,HB
N3_selected,N3_core_001,L0,P_bal,mixture_diagnostic,bacc,0.5906127296802212,0.5861591586282564,0.594923367810437,60,24527,macro candidate mean,fixed OOF candidate bootstrap; no refit,,training_OOF_selected,HB
N3_selected,N3_core_001,L0,P_bal,mixture_diagnostic,auroc,0.6364538396422184,0.6290614928346013,0.6426572870488488,60,24527,macro candidate mean,fixed OOF candidate bootstrap; no refit,,training_OOF_selected,HB
N3_selected,N3_core_001,L0,P_bal,mixture_diagnostic,brier_two_class_sum,0.47240333247776456,0.4694060487092041,0.4761973691786838,60,24527,macro candidate mean,fixed OOF candidate bootstrap; no refit,,training_OOF_selected,HB
N3_selected,N3_core_001,L0,P_bal,raw,ce_bits,0.9594308531892133,0.9549239300611819,0.9650225455869824,60,24527,macro candidate mean,fixed OOF candidate bootstrap; no refit,,training_OOF_selected,HB
N3_selected,N3_core_001,L0,P_bal,raw,bacc,0.5906127296802212,0.5861591586282564,0.594923367810437,60,24527,macro candidate mean,fixed OOF candidate bootstrap; no refit,,training_OOF_selected,HB
N3_selected,N3_core_001,L0,P_bal,raw,auroc,0.6364538396422184,0.6290614928346013,0.6426572870488488,60,24527,macro candidate mean,fixed OOF candidate bootstrap; no refit,,training_OOF_selected,HB
N3_selected,N3_core_001,L0,P_bal,raw,brier_two_class_sum,0.4723702682200123,0.4694671169637029,0.47597520040923214,60,24527,macro candidate mean,fixed OOF candidate bootstrap; no refit,,training_OOF_selected,HB
N3_selected,N3_core_001,L0,P_bal,temperature,ce_bits,0.9594781792065177,0.9548098853954118,0.9653309645546432,60,24527,macro candidate mean,fixed OOF candidate bootstrap; no refit,,training_OOF_selected,HB
N3_selected,N3_core_001,L0,P_bal,temperature,bacc,0.5906127296802212,0.5861591586282564,0.594923367810437,60,24527,macro candidate mean,fixed OOF candidate bootstrap; no refit,,training_OOF_selected,HB
N3_selected,N3_core_001,L0,P_bal,temperature,auroc,0.6364538396422184,0.6290614928346013,0.6426572870488488,60,24527,macro candidate mean,fixed OOF candidate bootstrap; no refit,,training_OOF_selected,HB
N3_selected,N3_core_001,L0,P_bal,temperature,brier_two_class_sum,0.47240333247776456,0.4694060487092041,0.4761973691786838,60,24527,macro candidate mean,fixed OOF candidate bootstrap; no refit,,training_OOF_selected,HB
N3_selected,N3_core_001,L0,P_bal,mixture_diagnostic,ce_bits,0.9596257264577068,0.9546902513199162,0.9652037624627738,60,24527,macro candidate mean,fixed OOF candidate bootstrap; no refit,,training_OOF_selected,HBP
N3_selected,N3_core_001,L0,P_bal,mixture_diagnostic,bacc,0.5946131054356076,0.5895548264230801,0.5994201514100107,60,24527,macro candidate mean,fixed OOF candidate bootstrap; no refit,,training_OOF_selected,HBP
N3_selected,N3_core_001,L0,P_bal,mixture_diagnostic,auroc,0.6360708444780485,0.6285333816482543,0.6429740499791701,60,24527,macro candidate mean,fixed OOF candidate bootstrap; no refit,,training_OOF_selected,HBP
N3_selected,N3_core_001,L0,P_bal,mixture_diagnostic,brier_two_class_sum,0.47250992495118455,0.4693372441848369,0.4760985727486463,60,24527,macro candidate mean,fixed OOF candidate bootstrap; no refit,,training_OOF_selected,HBP
N3_selected,N3_core_001,L0,P_bal,raw,ce_bits,0.9594788380130894,0.9540959551016059,0.9655225503389177,60,24527,macro candidate mean,fixed OOF candidate bootstrap; no refit,,training_OOF_selected,HBP
N3_selected,N3_core_001,L0,P_bal,raw,bacc,0.5946131054356076,0.5895548264230801,0.5994201514100107,60,24527,macro candidate mean,fixed OOF candidate bootstrap; no refit,,training_OOF_selected,HBP
N3_selected,N3_core_001,L0,P_bal,raw,auroc,0.6360708444780485,0.6285333816482543,0.6429740499791701,60,24527,macro candidate mean,fixed OOF candidate bootstrap; no refit,,training_OOF_selected,HBP
N3_selected,N3_core_001,L0,P_bal,raw,brier_two_class_sum,0.4723905924715475,0.4689781965501518,0.47624102411486813,60,24527,macro candidate mean,fixed OOF candidate bootstrap; no refit,,training_OOF_selected,HBP
N3_selected,N3_core_001,L0,P_bal,temperature,ce_bits,0.9596257264577068,0.9546902513199162,0.9652037624627738,60,24527,macro candidate mean,fixed OOF candidate bootstrap; no refit,,training_OOF_selected,HBP
N3_selected,N3_core_001,L0,P_bal,temperature,bacc,0.5946131054356076,0.5895548264230801,0.5994201514100107,60,24527,macro candidate mean,fixed OOF candidate bootstrap; no refit,,training_OOF_selected,HBP
N3_selected,N3_core_001,L0,P_bal,temperature,auroc,0.6360708444780485,0.6285333816482543,0.6429740499791701,60,24527,macro candidate mean,fixed OOF candidate bootstrap; no refit,,training_OOF_selected,HBP
N3_selected,N3_core_001,L0,P_bal,temperature,brier_two_class_sum,0.47250992495118455,0.4693372441848369,0.4760985727486463,60,24527,macro candidate mean,fixed OOF candidate bootstrap; no refit,,training_OOF_selected,HBP
N3_selected,N3_core_001,L0,P_bal,mixture_diagnostic,ce_bits,0.9574554317777261,0.9521341467673533,0.9635602520441472,60,24527,macro candidate mean,fixed OOF candidate bootstrap; no refit,,training_OOF_selected,HP
N3_selected,N3_core_001,L0,P_bal,mixture_diagnostic,bacc,0.5948393998686197,0.5899790075852244,0.5995988556445804,60,24527,macro candidate mean,fixed OOF candidate bootstrap; no refit,,training_OOF_selected,HP
N3_selected,N3_core_001,L0,P_bal,mixture_diagnostic,auroc,0.6393451375204948,0.6317940726254158,0.6462521287765361,60,24527,macro candidate mean,fixed OOF candidate bootstrap; no refit,,training_OOF_selected,HP
N3_selected,N3_core_001,L0,P_bal,mixture_diagnostic,brier_two_class_sum,0.4711000575702177,0.46764936819739955,0.4750474337565563,60,24527,macro candidate mean,fixed OOF candidate bootstrap; no refit,,training_OOF_selected,HP
N3_selected,N3_core_001,L0,P_bal,raw,ce_bits,0.9572910136310144,0.9519531010471051,0.9633130143974982,60,24527,macro candidate mean,fixed OOF candidate bootstrap; no refit,,training_OOF_selected,HP
N3_selected,N3_core_001,L0,P_bal,raw,bacc,0.5948393998686197,0.5899790075852244,0.5995988556445804,60,24527,macro candidate mean,fixed OOF candidate bootstrap; no refit,,training_OOF_selected,HP
N3_selected,N3_core_001,L0,P_bal,raw,auroc,0.6393451375204948,0.6317940726254158,0.6462521287765361,60,24527,macro candidate mean,fixed OOF candidate bootstrap; no refit,,training_OOF_selected,HP
N3_selected,N3_core_001,L0,P_bal,raw,brier_two_class_sum,0.47099850916124425,0.4675689399478032,0.474865678474859,60,24527,macro candidate mean,fixed OOF candidate bootstrap; no refit,,training_OOF_selected,HP
N3_selected,N3_core_001,L0,P_bal,temperature,ce_bits,0.9574554317777261,0.9521341467673533,0.9635602520441472,60,24527,macro candidate mean,fixed OOF candidate bootstrap; no refit,,training_OOF_selected,HP
N3_selected,N3_core_001,L0,P_bal,temperature,bacc,0.5948393998686197,0.5899790075852244,0.5995988556445804,60,24527,macro candidate mean,fixed OOF candidate bootstrap; no refit,,training_OOF_selected,HP
N3_selected,N3_core_001,L0,P_bal,temperature,auroc,0.6393451375204948,0.6317940726254158,0.6462521287765361,60,24527,macro candidate mean,fixed OOF candidate bootstrap; no refit,,training_OOF_selected,HP
N3_selected,N3_core_001,L0,P_bal,temperature,brier_two_class_sum,0.4711000575702177,0.46764936819739955,0.4750474337565563,60,24527,macro candidate mean,fixed OOF candidate bootstrap; no refit,,training_OOF_selected,HP
N3_selected,N3_core_001,L0,P_bal,mixture_diagnostic,ce_bits,0.9581353341580426,0.9526314559711501,0.9645524149651036,60,24527,macro candidate mean,fixed OOF candidate bootstrap; no refit,,training_OOF_selected,Hnoise
N3_selected,N3_core_001,L0,P_bal,mixture_diagnostic,bacc,0.5898682992236205,0.5827163389728793,0.5961327765634196,60,24527,macro candidate mean,fixed OOF candidate bootstrap; no refit,,training_OOF_selected,Hnoise
N3_selected,N3_core_001,L0,P_bal,mixture_diagnostic,auroc,0.6380057882231107,0.6294954860599542,0.6457273102016907,60,24527,macro candidate mean,fixed OOF candidate bootstrap; no refit,,training_OOF_selected,Hnoise
N3_selected,N3_core_001,L0,P_bal,mixture_diagnostic,brier_two_class_sum,0.4715804779684844,0.46796235988494755,0.47583331442844695,60,24527,macro candidate mean,fixed OOF candidate bootstrap; no refit,,training_OOF_selected,Hnoise
N3_selected,N3_core_001,L0,P_bal,raw,ce_bits,0.9581841654472114,0.9530317811981166,0.9642991131524051,60,24527,macro candidate mean,fixed OOF candidate bootstrap; no refit,,training_OOF_selected,Hnoise
N3_selected,N3_core_001,L0,P_bal,raw,bacc,0.5898682992236205,0.5827163389728793,0.5961327765634196,60,24527,macro candidate mean,fixed OOF candidate bootstrap; no refit,,training_OOF_selected,Hnoise
N3_selected,N3_core_001,L0,P_bal,raw,auroc,0.6380057882231107,0.6294954860599542,0.6457273102016907,60,24527,macro candidate mean,fixed OOF candidate bootstrap; no refit,,training_OOF_selected,Hnoise
N3_selected,N3_core_001,L0,P_bal,raw,brier_two_class_sum,0.47159401566595044,0.4681841009283899,0.47559087619242596,60,24527,macro candidate mean,fixed OOF candidate bootstrap; no refit,,training_OOF_selected,Hnoise
N3_selected,N3_core_001,L0,P_bal,temperature,ce_bits,0.9581353341580426,0.9526314559711501,0.9645524149651036,60,24527,macro candidate mean,fixed OOF candidate bootstrap; no refit,,training_OOF_selected,Hnoise
N3_selected,N3_core_001,L0,P_bal,temperature,bacc,0.5898682992236205,0.5827163389728793,0.5961327765634196,60,24527,macro candidate mean,fixed OOF candidate bootstrap; no refit,,training_OOF_selected,Hnoise
N3_selected,N3_core_001,L0,P_bal,temperature,auroc,0.6380057882231107,0.6294954860599542,0.6457273102016907,60,24527,macro candidate mean,fixed OOF candidate bootstrap; no refit,,training_OOF_selected,Hnoise
N3_selected,N3_core_001,L0,P_bal,temperature,brier_two_class_sum,0.4715804779684844,0.46796235988494755,0.47583331442844695,60,24527,macro candidate mean,fixed OOF candidate bootstrap; no refit,,training_OOF_selected,Hnoise
N3_selected,N3_core_001,L0,P_nat,mixture_diagnostic,ce_bits,0.8157495346233741,0.8055410528208818,0.8238556030168733,60,24527,macro candidate mean,fixed OOF candidate bootstrap; no refit,,training_OOF_selected,H
N3_selected,N3_core_001,L0,P_nat,mixture_diagnostic,bacc,0.5043256875553204,0.5035435325805954,0.5051683897578405,60,24527,macro candidate mean,fixed OOF candidate bootstrap; no refit,,training_OOF_selected,H
N3_selected,N3_core_001,L0,P_nat,mixture_diagnostic,auroc,0.6410927319099687,0.6329239641836066,0.6479619076544251,60,24527,macro candidate mean,fixed OOF candidate bootstrap; no refit,,training_OOF_selected,H
N3_selected,N3_core_001,L0,P_nat,mixture_diagnostic,brier_two_class_sum,0.3802119290128817,0.37381084744376686,0.38536088911291855,60,24527,macro candidate mean,fixed OOF candidate bootstrap; no refit,,training_OOF_selected,H
N3_selected,N3_core_001,L0,P_nat,raw,ce_bits,0.8158898205434751,0.8058238391485024,0.8238982632423087,60,24527,macro candidate mean,fixed OOF candidate bootstrap; no refit,,training_OOF_selected,H
N3_selected,N3_core_001,L0,P_nat,raw,bacc,0.5043256875553204,0.5035435325805954,0.5051683897578405,60,24527,macro candidate mean,fixed OOF candidate bootstrap; no refit,,training_OOF_selected,H
N3_selected,N3_core_001,L0,P_nat,raw,auroc,0.6410927319099687,0.6329239641836066,0.6479619076544251,60,24527,macro candidate mean,fixed OOF candidate bootstrap; no refit,,training_OOF_selected,H
N3_selected,N3_core_001,L0,P_nat,raw,brier_two_class_sum,0.3802930752480934,0.37398169609123816,0.38536406885255087,60,24527,macro candidate mean,fixed OOF candidate bootstrap; no refit,,training_OOF_selected,H
N3_selected,N3_core_001,L0,P_nat,temperature,ce_bits,0.8157495346233741,0.8055410528208818,0.8238556030168733,60,24527,macro candidate mean,fixed OOF candidate bootstrap; no refit,,training_OOF_selected,H
N3_selected,N3_core_001,L0,P_nat,temperature,bacc,0.5043256875553204,0.5035435325805954,0.5051683897578405,60,24527,macro candidate mean,fixed OOF candidate bootstrap; no refit,,training_OOF_selected,H
N3_selected,N3_core_001,L0,P_nat,temperature,auroc,0.6410927319099687,0.6329239641836066,0.6479619076544251,60,24527,macro candidate mean,fixed OOF candidate bootstrap; no refit,,training_OOF_selected,H
N3_selected,N3_core_001,L0,P_nat,temperature,brier_two_class_sum,0.3802119290128817,0.37381084744376686,0.38536088911291855,60,24527,macro candidate mean,fixed OOF candidate bootstrap; no refit,,training_OOF_selected,H
N3_selected,N3_core_001,L0,P_nat,mixture_diagnostic,ce_bits,0.817245398007364,0.8069177365847071,0.8254506676221782,60,24527,macro candidate mean,fixed OOF candidate bootstrap; no refit,,training_OOF_selected,HB
N3_selected,N3_core_001,L0,P_nat,mixture_diagnostic,bacc,0.5071887769347464,0.505311345213348,0.5092968317290846,60,24527,macro candidate mean,fixed OOF candidate bootstrap; no refit,,training_OOF_selected,HB
N3_selected,N3_core_001,L0,P_nat,mixture_diagnostic,auroc,0.637754708111721,0.6298399285367781,0.6441392017366985,60,24527,macro candidate mean,fixed OOF candidate bootstrap; no refit,,training_OOF_selected,HB
N3_selected,N3_core_001,L0,P_nat,mixture_diagnostic,brier_two_class_sum,0.38099160913363933,0.3745601151771098,0.3861596499883814,60,24527,macro candidate mean,fixed OOF candidate bootstrap; no refit,,training_OOF_selected,HB
N3_selected,N3_core_001,L0,P_nat,raw,ce_bits,0.8172990524738473,0.8070089195460303,0.8254868161434878,60,24527,macro candidate mean,fixed OOF candidate bootstrap; no refit,,training_OOF_selected,HB
N3_selected,N3_core_001,L0,P_nat,raw,bacc,0.5071887769347464,0.505311345213348,0.5092968317290846,60,24527,macro candidate mean,fixed OOF candidate bootstrap; no refit,,training_OOF_selected,HB
N3_selected,N3_core_001,L0,P_nat,raw,auroc,0.637754708111721,0.6298399285367781,0.6441392017366985,60,24527,macro candidate mean,fixed OOF candidate bootstrap; no refit,,training_OOF_selected,HB
N3_selected,N3_core_001,L0,P_nat,raw,brier_two_class_sum,0.381020444798775,0.374609090330967,0.3861743044041367,60,24527,macro candidate mean,fixed OOF candidate bootstrap; no refit,,training_OOF_selected,HB
N3_selected,N3_core_001,L0,P_nat,temperature,ce_bits,0.817245398007364,0.8069177365847071,0.8254506676221782,60,24527,macro candidate mean,fixed OOF candidate bootstrap; no refit,,training_OOF_selected,HB
N3_selected,N3_core_001,L0,P_nat,temperature,bacc,0.5071887769347464,0.505311345213348,0.5092968317290846,60,24527,macro candidate mean,fixed OOF candidate bootstrap; no refit,,training_OOF_selected,HB
N3_selected,N3_core_001,L0,P_nat,temperature,auroc,0.637754708111721,0.6298399285367781,0.6441392017366985,60,24527,macro candidate mean,fixed OOF candidate bootstrap; no refit,,training_OOF_selected,HB
N3_selected,N3_core_001,L0,P_nat,temperature,brier_two_class_sum,0.38099160913363933,0.3745601151771098,0.3861596499883814,60,24527,macro candidate mean,fixed OOF candidate bootstrap; no refit,,training_OOF_selected,HB
N3_selected,N3_core_001,L0,P_nat,mixture_diagnostic,ce_bits,0.8174024758796351,0.8070252467472939,0.8258722939148332,60,24527,macro candidate mean,fixed OOF candidate bootstrap; no refit,,training_OOF_selected,HBP
N3_selected,N3_core_001,L0,P_nat,mixture_diagnostic,bacc,0.5155237359207681,0.5118460053047513,0.5203236170571621,60,24527,macro candidate mean,fixed OOF candidate bootstrap; no refit,,training_OOF_selected,HBP
N3_selected,N3_core_001,L0,P_nat,mixture_diagnostic,auroc,0.6380580105835256,0.6304575088183411,0.644686651985956,60,24527,macro candidate mean,fixed OOF candidate bootstrap; no refit,,training_OOF_selected,HBP
N3_selected,N3_core_001,L0,P_nat,mixture_diagnostic,brier_two_class_sum,0.3810976872851299,0.3746208038719273,0.38640963780788834,60,24527,macro candidate mean,fixed OOF candidate bootstrap; no refit,,training_OOF_selected,HBP
N3_selected,N3_core_001,L0,P_nat,raw,ce_bits,0.8174095751298549,0.8069772178716614,0.8260484737997654,60,24527,macro candidate mean,fixed OOF candidate bootstrap; no refit,,training_OOF_selected,HBP
N3_selected,N3_core_001,L0,P_nat,raw,bacc,0.5155237359207681,0.5118460053047513,0.5203236170571621,60,24527,macro candidate mean,fixed OOF candidate bootstrap; no refit,,training_OOF_selected,HBP
N3_selected,N3_core_001,L0,P_nat,raw,auroc,0.6380580105835256,0.6304575088183411,0.644686651985956,60,24527,macro candidate mean,fixed OOF candidate bootstrap; no refit,,training_OOF_selected,HBP
N3_selected,N3_core_001,L0,P_nat,raw,brier_two_class_sum,0.381064961601336,0.37456283929426054,0.38646038748563144,60,24527,macro candidate mean,fixed OOF candidate bootstrap; no refit,,training_OOF_selected,HBP
N3_selected,N3_core_001,L0,P_nat,temperature,ce_bits,0.8174024758796351,0.8070252467472939,0.8258722939148332,60,24527,macro candidate mean,fixed OOF candidate bootstrap; no refit,,training_OOF_selected,HBP
N3_selected,N3_core_001,L0,P_nat,temperature,bacc,0.5155237359207681,0.5118460053047513,0.5203236170571621,60,24527,macro candidate mean,fixed OOF candidate bootstrap; no refit,,training_OOF_selected,HBP
N3_selected,N3_core_001,L0,P_nat,temperature,auroc,0.6380580105835256,0.6304575088183411,0.644686651985956,60,24527,macro candidate mean,fixed OOF candidate bootstrap; no refit,,training_OOF_selected,HBP
N3_selected,N3_core_001,L0,P_nat,temperature,brier_two_class_sum,0.3810976872851299,0.3746208038719273,0.38640963780788834,60,24527,macro candidate mean,fixed OOF candidate bootstrap; no refit,,training_OOF_selected,HBP
N3_selected,N3_core_001,L0,P_nat,mixture_diagnostic,ce_bits,0.8158266391511464,0.8054721981347824,0.8242202944513302,60,24527,macro candidate mean,fixed OOF candidate bootstrap; no refit,,training_OOF_selected,HP
N3_selected,N3_core_001,L0,P_nat,mixture_diagnostic,bacc,0.5117411913446529,0.5090988964934376,0.5143710465917004,60,24527,macro candidate mean,fixed OOF candidate bootstrap; no refit,,training_OOF_selected,HP
N3_selected,N3_core_001,L0,P_nat,mixture_diagnostic,auroc,0.6406025577415392,0.6325486222954524,0.6475633990972128,60,24527,macro candidate mean,fixed OOF candidate bootstrap; no refit,,training_OOF_selected,HP
N3_selected,N3_core_001,L0,P_nat,mixture_diagnostic,brier_two_class_sum,0.38026348727602877,0.37385896522921963,0.3854540261004851,60,24527,macro candidate mean,fixed OOF candidate bootstrap; no refit,,training_OOF_selected,HP
N3_selected,N3_core_001,L0,P_nat,raw,ce_bits,0.8158782789654865,0.8055406321455953,0.8242901119040165,60,24527,macro candidate mean,fixed OOF candidate bootstrap; no refit,,training_OOF_selected,HP
N3_selected,N3_core_001,L0,P_nat,raw,bacc,0.5117411913446529,0.5090988964934376,0.5143710465917004,60,24527,macro candidate mean,fixed OOF candidate bootstrap; no refit,,training_OOF_selected,HP
N3_selected,N3_core_001,L0,P_nat,raw,auroc,0.6406025577415392,0.6325486222954524,0.6475633990972128,60,24527,macro candidate mean,fixed OOF candidate bootstrap; no refit,,training_OOF_selected,HP
N3_selected,N3_core_001,L0,P_nat,raw,brier_two_class_sum,0.380288432040256,0.3738937483238718,0.3854839380269015,60,24527,macro candidate mean,fixed OOF candidate bootstrap; no refit,,training_OOF_selected,HP
N3_selected,N3_core_001,L0,P_nat,temperature,ce_bits,0.8158266391511464,0.8054721981347824,0.8242202944513302,60,24527,macro candidate mean,fixed OOF candidate bootstrap; no refit,,training_OOF_selected,HP
N3_selected,N3_core_001,L0,P_nat,temperature,bacc,0.5117411913446529,0.5090988964934376,0.5143710465917004,60,24527,macro candidate mean,fixed OOF candidate bootstrap; no refit,,training_OOF_selected,HP
N3_selected,N3_core_001,L0,P_nat,temperature,auroc,0.6406025577415392,0.6325486222954524,0.6475633990972128,60,24527,macro candidate mean,fixed OOF candidate bootstrap; no refit,,training_OOF_selected,HP
N3_selected,N3_core_001,L0,P_nat,temperature,brier_two_class_sum,0.38026348727602877,0.37385896522921963,0.3854540261004851,60,24527,macro candidate mean,fixed OOF candidate bootstrap; no refit,,training_OOF_selected,HP
N3_selected,N3_core_001,L0,P_nat,mixture_diagnostic,ce_bits,0.8163627099895986,0.8062500819668796,0.8246094733081969,60,24527,macro candidate mean,fixed OOF candidate bootstrap; no refit,,training_OOF_selected,Hnoise
N3_selected,N3_core_001,L0,P_nat,mixture_diagnostic,bacc,0.5071206723857823,0.5054101383003804,0.5089134583111967,60,24527,macro candidate mean,fixed OOF candidate bootstrap; no refit,,training_OOF_selected,Hnoise
N3_selected,N3_core_001,L0,P_nat,mixture_diagnostic,auroc,0.6395804925852232,0.6304769468218561,0.6475690196626456,60,24527,macro candidate mean,fixed OOF candidate bootstrap; no refit,,training_OOF_selected,Hnoise
N3_selected,N3_core_001,L0,P_nat,mixture_diagnostic,brier_two_class_sum,0.3805475577987961,0.3741894188302299,0.3857676295184752,60,24527,macro candidate mean,fixed OOF candidate bootstrap; no refit,,training_OOF_selected,Hnoise
N3_selected,N3_core_001,L0,P_nat,raw,ce_bits,0.8164491476791781,0.8063962050648688,0.8246323585249028,60,24527,macro candidate mean,fixed OOF candidate bootstrap; no refit,,training_OOF_selected,Hnoise
N3_selected,N3_core_001,L0,P_nat,raw,bacc,0.5071206723857823,0.5054101383003804,0.5089134583111967,60,24527,macro candidate mean,fixed OOF candidate bootstrap; no refit,,training_OOF_selected,Hnoise
N3_selected,N3_core_001,L0,P_nat,raw,auroc,0.6395804925852232,0.6304769468218561,0.6475690196626456,60,24527,macro candidate mean,fixed OOF candidate bootstrap; no refit,,training_OOF_selected,Hnoise
N3_selected,N3_core_001,L0,P_nat,raw,brier_two_class_sum,0.3805981606595835,0.37427619526455325,0.38577631895058273,60,24527,macro candidate mean,fixed OOF candidate bootstrap; no refit,,training_OOF_selected,Hnoise
N3_selected,N3_core_001,L0,P_nat,temperature,ce_bits,0.8163627099895986,0.8062500819668796,0.8246094733081969,60,24527,macro candidate mean,fixed OOF candidate bootstrap; no refit,,training_OOF_selected,Hnoise
N3_selected,N3_core_001,L0,P_nat,temperature,bacc,0.5071206723857823,0.5054101383003804,0.5089134583111967,60,24527,macro candidate mean,fixed OOF candidate bootstrap; no refit,,training_OOF_selected,Hnoise
N3_selected,N3_core_001,L0,P_nat,temperature,auroc,0.6395804925852232,0.6304769468218561,0.6475690196626456,60,24527,macro candidate mean,fixed OOF candidate bootstrap; no refit,,training_OOF_selected,Hnoise
N3_selected,N3_core_001,L0,P_nat,temperature,brier_two_class_sum,0.3805475577987961,0.3741894188302299,0.3857676295184752,60,24527,macro candidate mean,fixed OOF candidate bootstrap; no refit,,training_OOF_selected,Hnoise
N3_selected,N3_core_001,R_SIM,P_bal,mixture_diagnostic,ce_bits,0.7634127077121525,0.71496520572871,0.8322095244977264,60,24527,macro candidate mean,fixed OOF candidate bootstrap; no refit,,training_OOF_selected,H
N3_selected,N3_core_001,R_SIM,P_bal,mixture_diagnostic,bacc,0.7491621215379928,0.7328881299524258,0.7617516106535697,60,24527,macro candidate mean,fixed OOF candidate bootstrap; no refit,,training_OOF_selected,H
N3_selected,N3_core_001,R_SIM,P_bal,mixture_diagnostic,auroc,0.8258383053612082,0.8056938018194,0.8408656334624115,60,24527,macro candidate mean,fixed OOF candidate bootstrap; no refit,,training_OOF_selected,H
N3_selected,N3_core_001,R_SIM,P_bal,mixture_diagnostic,brier_two_class_sum,0.3456407574181927,0.3273292498199152,0.37060983561690836,60,24527,macro candidate mean,fixed OOF candidate bootstrap; no refit,,training_OOF_selected,H
N3_selected,N3_core_001,R_SIM,P_bal,raw,ce_bits,0.775635455436118,0.7451887450719805,0.8182442199936562,60,24527,macro candidate mean,fixed OOF candidate bootstrap; no refit,,training_OOF_selected,H
N3_selected,N3_core_001,R_SIM,P_bal,raw,bacc,0.7491621215379928,0.7328881299524258,0.7617516106535697,60,24527,macro candidate mean,fixed OOF candidate bootstrap; no refit,,training_OOF_selected,H
N3_selected,N3_core_001,R_SIM,P_bal,raw,auroc,0.8258383053612082,0.8056938018194,0.8408656334624115,60,24527,macro candidate mean,fixed OOF candidate bootstrap; no refit,,training_OOF_selected,H
N3_selected,N3_core_001,R_SIM,P_bal,raw,brier_two_class_sum,0.35510887566057714,0.34051853874690136,0.37520480499352243,60,24527,macro candidate mean,fixed OOF candidate bootstrap; no refit,,training_OOF_selected,H
N3_selected,N3_core_001,R_SIM,P_bal,temperature,ce_bits,0.7634127077121525,0.71496520572871,0.8322095244977264,60,24527,macro candidate mean,fixed OOF candidate bootstrap; no refit,,training_OOF_selected,H
N3_selected,N3_core_001,R_SIM,P_bal,temperature,bacc,0.7491621215379928,0.7328881299524258,0.7617516106535697,60,24527,macro candidate mean,fixed OOF candidate bootstrap; no refit,,training_OOF_selected,H
N3_selected,N3_core_001,R_SIM,P_bal,temperature,auroc,0.8258383053612082,0.8056938018194,0.8408656334624115,60,24527,macro candidate mean,fixed OOF candidate bootstrap; no refit,,training_OOF_selected,H
N3_selected,N3_core_001,R_SIM,P_bal,temperature,brier_two_class_sum,0.3456407574181927,0.3273292498199152,0.37060983561690836,60,24527,macro candidate mean,fixed OOF candidate bootstrap; no refit,,training_OOF_selected,H
N3_selected,N3_core_001,R_SIM,P_bal,mixture_diagnostic,ce_bits,0.9611369041606121,0.9559179493301122,0.9674970843233752,60,24527,macro candidate mean,fixed OOF candidate bootstrap; no refit,,training_OOF_selected,HB
N3_selected,N3_core_001,R_SIM,P_bal,mixture_diagnostic,bacc,0.5925004332998837,0.5877834208979628,0.5972252567493139,60,24527,macro candidate mean,fixed OOF candidate bootstrap; no refit,,training_OOF_selected,HB
N3_selected,N3_core_001,R_SIM,P_bal,mixture_diagnostic,auroc,0.6335730215075324,0.6261920295948208,0.639922968371143,60,24527,macro candidate mean,fixed OOF candidate bootstrap; no refit,,training_OOF_selected,HB
N3_selected,N3_core_001,R_SIM,P_bal,mixture_diagnostic,brier_two_class_sum,0.4734666862021955,0.4701205505280109,0.47749524034295215,60,24527,macro candidate mean,fixed OOF candidate bootstrap; no refit,,training_OOF_selected,HB
N3_selected,N3_core_001,R_SIM,P_bal,raw,ce_bits,0.9609782799746218,0.9559621144230823,0.9671443629354017,60,24527,macro candidate mean,fixed OOF candidate bootstrap; no refit,,training_OOF_selected,HB
N3_selected,N3_core_001,R_SIM,P_bal,raw,bacc,0.5925004332998837,0.5877834208979628,0.5972252567493139,60,24527,macro candidate mean,fixed OOF candidate bootstrap; no refit,,training_OOF_selected,HB
N3_selected,N3_core_001,R_SIM,P_bal,raw,auroc,0.6335730215075324,0.6261920295948208,0.639922968371143,60,24527,macro candidate mean,fixed OOF candidate bootstrap; no refit,,training_OOF_selected,HB
N3_selected,N3_core_001,R_SIM,P_bal,raw,brier_two_class_sum,0.4733672949078567,0.47013448305275063,0.47729547599835437,60,24527,macro candidate mean,fixed OOF candidate bootstrap; no refit,,training_OOF_selected,HB
N3_selected,N3_core_001,R_SIM,P_bal,temperature,ce_bits,0.9611369041606121,0.9559179493301122,0.9674970843233752,60,24527,macro candidate mean,fixed OOF candidate bootstrap; no refit,,training_OOF_selected,HB
N3_selected,N3_core_001,R_SIM,P_bal,temperature,bacc,0.5925004332998837,0.5877834208979628,0.5972252567493139,60,24527,macro candidate mean,fixed OOF candidate bootstrap; no refit,,training_OOF_selected,HB
N3_selected,N3_core_001,R_SIM,P_bal,temperature,auroc,0.6335730215075324,0.6261920295948208,0.639922968371143,60,24527,macro candidate mean,fixed OOF candidate bootstrap; no refit,,training_OOF_selected,HB
N3_selected,N3_core_001,R_SIM,P_bal,temperature,brier_two_class_sum,0.4734666862021955,0.4701205505280109,0.47749524034295215,60,24527,macro candidate mean,fixed OOF candidate bootstrap; no refit,,training_OOF_selected,HB
N3_selected,N3_core_001,R_SIM,P_bal,mixture_diagnostic,ce_bits,0.9616525803629404,0.9562448701690087,0.9681115335233513,60,24527,macro candidate mean,fixed OOF candidate bootstrap; no refit,,training_OOF_selected,HBP
N3_selected,N3_core_001,R_SIM,P_bal,mixture_diagnostic,bacc,0.594954102671769,0.5891676064120173,0.6002408274742568,60,24527,macro candidate mean,fixed OOF candidate bootstrap; no refit,,training_OOF_selected,HBP
N3_selected,N3_core_001,R_SIM,P_bal,mixture_diagnostic,auroc,0.6325834078509076,0.6245870087787394,0.6398505562016013,60,24527,macro candidate mean,fixed OOF candidate bootstrap; no refit,,training_OOF_selected,HBP
N3_selected,N3_core_001,R_SIM,P_bal,mixture_diagnostic,brier_two_class_sum,0.4737841210762021,0.4703324123850564,0.4778130127616145,60,24527,macro candidate mean,fixed OOF candidate bootstrap; no refit,,training_OOF_selected,HBP
N3_selected,N3_core_001,R_SIM,P_bal,raw,ce_bits,0.9617478496734422,0.9560003436620044,0.9685565884360782,60,24527,macro candidate mean,fixed OOF candidate bootstrap; no refit,,training_OOF_selected,HBP
N3_selected,N3_core_001,R_SIM,P_bal,raw,bacc,0.594954102671769,0.5891676064120173,0.6002408274742568,60,24527,macro candidate mean,fixed OOF candidate bootstrap; no refit,,training_OOF_selected,HBP
N3_selected,N3_core_001,R_SIM,P_bal,raw,auroc,0.6325834078509076,0.6245870087787394,0.6398505562016013,60,24527,macro candidate mean,fixed OOF candidate bootstrap; no refit,,training_OOF_selected,HBP
N3_selected,N3_core_001,R_SIM,P_bal,raw,brier_two_class_sum,0.4738214000812316,0.4701787851528325,0.47800789088938855,60,24527,macro candidate mean,fixed OOF candidate bootstrap; no refit,,training_OOF_selected,HBP
N3_selected,N3_core_001,R_SIM,P_bal,temperature,ce_bits,0.9616525803629404,0.9562448701690087,0.9681115335233513,60,24527,macro candidate mean,fixed OOF candidate bootstrap; no refit,,training_OOF_selected,HBP
N3_selected,N3_core_001,R_SIM,P_bal,temperature,bacc,0.594954102671769,0.5891676064120173,0.6002408274742568,60,24527,macro candidate mean,fixed OOF candidate bootstrap; no refit,,training_OOF_selected,HBP
N3_selected,N3_core_001,R_SIM,P_bal,temperature,auroc,0.6325834078509076,0.6245870087787394,0.6398505562016013,60,24527,macro candidate mean,fixed OOF candidate bootstrap; no refit,,training_OOF_selected,HBP
N3_selected,N3_core_001,R_SIM,P_bal,temperature,brier_two_class_sum,0.4737841210762021,0.4703324123850564,0.4778130127616145,60,24527,macro candidate mean,fixed OOF candidate bootstrap; no refit,,training_OOF_selected,HBP
N3_selected,N3_core_001,R_SIM,P_bal,mixture_diagnostic,ce_bits,0.9584800967944934,0.9528945750327633,0.9655649915492437,60,24527,macro candidate mean,fixed OOF candidate bootstrap; no refit,,training_OOF_selected,HP
N3_selected,N3_core_001,R_SIM,P_bal,mixture_diagnostic,bacc,0.5970903432648306,0.5921455029565192,0.6020159544105882,60,24527,macro candidate mean,fixed OOF candidate bootstrap; no refit,,training_OOF_selected,HP
N3_selected,N3_core_001,R_SIM,P_bal,mixture_diagnostic,auroc,0.6380796322662639,0.6298360339862431,0.6453892778761877,60,24527,macro candidate mean,fixed OOF candidate bootstrap; no refit,,training_OOF_selected,HP
N3_selected,N3_core_001,R_SIM,P_bal,mixture_diagnostic,brier_two_class_sum,0.4716889768252617,0.468087655187069,0.47616059540950745,60,24527,macro candidate mean,fixed OOF candidate bootstrap; no refit,,training_OOF_selected,HP
N3_selected,N3_core_001,R_SIM,P_bal,raw,ce_bits,0.9582999857907538,0.9528692180197901,0.9649685933282253,60,24527,macro candidate mean,fixed OOF candidate bootstrap; no refit,,training_OOF_selected,HP
N3_selected,N3_core_001,R_SIM,P_bal,raw,bacc,0.5970903432648306,0.5921455029565192,0.6020159544105882,60,24527,macro candidate mean,fixed OOF candidate bootstrap; no refit,,training_OOF_selected,HP
N3_selected,N3_core_001,R_SIM,P_bal,raw,auroc,0.6380796322662639,0.6298360339862431,0.6453892778761877,60,24527,macro candidate mean,fixed OOF candidate bootstrap; no refit,,training_OOF_selected,HP
N3_selected,N3_core_001,R_SIM,P_bal,raw,brier_two_class_sum,0.47158846950563277,0.4680792803242785,0.47584184720512807,60,24527,macro candidate mean,fixed OOF candidate bootstrap; no refit,,training_OOF_selected,HP
N3_selected,N3_core_001,R_SIM,P_bal,temperature,ce_bits,0.9584800967944934,0.9528945750327633,0.9655649915492437,60,24527,macro candidate mean,fixed OOF candidate bootstrap; no refit,,training_OOF_selected,HP
N3_selected,N3_core_001,R_SIM,P_bal,temperature,bacc,0.5970903432648306,0.5921455029565192,0.6020159544105882,60,24527,macro candidate mean,fixed OOF candidate bootstrap; no refit,,training_OOF_selected,HP
N3_selected,N3_core_001,R_SIM,P_bal,temperature,auroc,0.6380796322662639,0.6298360339862431,0.6453892778761877,60,24527,macro candidate mean,fixed OOF candidate bootstrap; no refit,,training_OOF_selected,HP
N3_selected,N3_core_001,R_SIM,P_bal,temperature,brier_two_class_sum,0.4716889768252617,0.468087655187069,0.47616059540950745,60,24527,macro candidate mean,fixed OOF candidate bootstrap; no refit,,training_OOF_selected,HP
N3_selected,N3_core_001,R_SIM,P_bal,mixture_diagnostic,ce_bits,0.9590574492592447,0.9538913592891075,0.9652446831948159,60,24527,macro candidate mean,fixed OOF candidate bootstrap; no refit,,training_OOF_selected,Hnoise
N3_selected,N3_core_001,R_SIM,P_bal,mixture_diagnostic,bacc,0.590808469393013,0.5845065811034045,0.5968722476871099,60,24527,macro candidate mean,fixed OOF candidate bootstrap; no refit,,training_OOF_selected,Hnoise
N3_selected,N3_core_001,R_SIM,P_bal,mixture_diagnostic,auroc,0.6367133366288236,0.6284856646599869,0.6441563325456172,60,24527,macro candidate mean,fixed OOF candidate bootstrap; no refit,,training_OOF_selected,Hnoise
N3_selected,N3_core_001,R_SIM,P_bal,mixture_diagnostic,brier_two_class_sum,0.4721818509512291,0.4688126121851939,0.4761868900813616,60,24527,macro candidate mean,fixed OOF candidate bootstrap; no refit,,training_OOF_selected,Hnoise
N3_selected,N3_core_001,R_SIM,P_bal,raw,ce_bits,0.9590454675160267,0.9539949136693572,0.9651021329879887,60,24527,macro candidate mean,fixed OOF candidate bootstrap; no refit,,training_OOF_selected,Hnoise
N3_selected,N3_core_001,R_SIM,P_bal,raw,bacc,0.590808469393013,0.5845065811034045,0.5968722476871099,60,24527,macro candidate mean,fixed OOF candidate bootstrap; no refit,,training_OOF_selected,Hnoise
N3_selected,N3_core_001,R_SIM,P_bal,raw,auroc,0.6367133366288236,0.6284856646599869,0.6441563325456172,60,24527,macro candidate mean,fixed OOF candidate bootstrap; no refit,,training_OOF_selected,Hnoise
N3_selected,N3_core_001,R_SIM,P_bal,raw,brier_two_class_sum,0.4721668453870837,0.4688704255430289,0.47614491726673236,60,24527,macro candidate mean,fixed OOF candidate bootstrap; no refit,,training_OOF_selected,Hnoise
N3_selected,N3_core_001,R_SIM,P_bal,temperature,ce_bits,0.9590574492592447,0.9538913592891075,0.9652446831948159,60,24527,macro candidate mean,fixed OOF candidate bootstrap; no refit,,training_OOF_selected,Hnoise
N3_selected,N3_core_001,R_SIM,P_bal,temperature,bacc,0.590808469393013,0.5845065811034045,0.5968722476871099,60,24527,macro candidate mean,fixed OOF candidate bootstrap; no refit,,training_OOF_selected,Hnoise
N3_selected,N3_core_001,R_SIM,P_bal,temperature,auroc,0.6367133366288236,0.6284856646599869,0.6441563325456172,60,24527,macro candidate mean,fixed OOF candidate bootstrap; no refit,,training_OOF_selected,Hnoise
N3_selected,N3_core_001,R_SIM,P_bal,temperature,brier_two_class_sum,0.4721818509512291,0.4688126121851939,0.4761868900813616,60,24527,macro candidate mean,fixed OOF candidate bootstrap; no refit,,training_OOF_selected,Hnoise
N3_selected,N3_core_001,R_SIM,P_nat,mixture_diagnostic,ce_bits,0.7653063722679035,0.7599001436075518,0.7703434872196671,60,24527,macro candidate mean,fixed OOF candidate bootstrap; no refit,,training_OOF_selected,H
N3_selected,N3_core_001,R_SIM,P_nat,mixture_diagnostic,bacc,0.5693354908829352,0.564810266098376,0.5737795187167852,60,24527,macro candidate mean,fixed OOF candidate bootstrap; no refit,,training_OOF_selected,H
N3_selected,N3_core_001,R_SIM,P_nat,mixture_diagnostic,auroc,0.7168086732669584,0.7017963465117483,0.7273480070277386,60,24527,macro candidate mean,fixed OOF candidate bootstrap; no refit,,training_OOF_selected,H
N3_selected,N3_core_001,R_SIM,P_nat,mixture_diagnostic,brier_two_class_sum,0.35239162037431127,0.34894320303810733,0.35560964549795077,60,24527,macro candidate mean,fixed OOF candidate bootstrap; no refit,,training_OOF_selected,H
N3_selected,N3_core_001,R_SIM,P_nat,raw,ce_bits,0.766183948622093,0.7612118880019464,0.7708938735142995,60,24527,macro candidate mean,fixed OOF candidate bootstrap; no refit,,training_OOF_selected,H
N3_selected,N3_core_001,R_SIM,P_nat,raw,bacc,0.5693354908829352,0.564810266098376,0.5737795187167852,60,24527,macro candidate mean,fixed OOF candidate bootstrap; no refit,,training_OOF_selected,H
N3_selected,N3_core_001,R_SIM,P_nat,raw,auroc,0.7168086732669584,0.7017963465117483,0.7273480070277386,60,24527,macro candidate mean,fixed OOF candidate bootstrap; no refit,,training_OOF_selected,H
N3_selected,N3_core_001,R_SIM,P_nat,raw,brier_two_class_sum,0.3526675719886784,0.3493503336274329,0.3557087166472738,60,24527,macro candidate mean,fixed OOF candidate bootstrap; no refit,,training_OOF_selected,H
N3_selected,N3_core_001,R_SIM,P_nat,temperature,ce_bits,0.7653063722679035,0.7599001436075518,0.7703434872196671,60,24527,macro candidate mean,fixed OOF candidate bootstrap; no refit,,training_OOF_selected,H
N3_selected,N3_core_001,R_SIM,P_nat,temperature,bacc,0.5693354908829352,0.564810266098376,0.5737795187167852,60,24527,macro candidate mean,fixed OOF candidate bootstrap; no refit,,training_OOF_selected,H
N3_selected,N3_core_001,R_SIM,P_nat,temperature,auroc,0.7168086732669584,0.7017963465117483,0.7273480070277386,60,24527,macro candidate mean,fixed OOF candidate bootstrap; no refit,,training_OOF_selected,H
N3_selected,N3_core_001,R_SIM,P_nat,temperature,brier_two_class_sum,0.35239162037431127,0.34894320303810733,0.35560964549795077,60,24527,macro candidate mean,fixed OOF candidate bootstrap; no refit,,training_OOF_selected,H
N3_selected,N3_core_001,R_SIM,P_nat,mixture_diagnostic,ce_bits,0.8183336119028356,0.8080351298861365,0.8264922818166528,60,24527,macro candidate mean,fixed OOF candidate bootstrap; no refit,,training_OOF_selected,HB
N3_selected,N3_core_001,R_SIM,P_nat,mixture_diagnostic,bacc,0.5062037016427512,0.504515825835739,0.5080331812623596,60,24527,macro candidate mean,fixed OOF candidate bootstrap; no refit,,training_OOF_selected,HB
N3_selected,N3_core_001,R_SIM,P_nat,mixture_diagnostic,auroc,0.6359292347131463,0.628187116734381,0.642784010110689,60,24527,macro candidate mean,fixed OOF candidate bootstrap; no refit,,training_OOF_selected,HB
N3_selected,N3_core_001,R_SIM,P_nat,mixture_diagnostic,brier_two_class_sum,0.38158168881229154,0.37512123116029117,0.38675398768969593,60,24527,macro candidate mean,fixed OOF candidate bootstrap; no refit,,training_OOF_selected,HB
N3_selected,N3_core_001,R_SIM,P_nat,raw,ce_bits,0.8183997743555713,0.8081838347431647,0.8265220813981482,60,24527,macro candidate mean,fixed OOF candidate bootstrap; no refit,,training_OOF_selected,HB
N3_selected,N3_core_001,R_SIM,P_nat,raw,bacc,0.5062037016427512,0.504515825835739,0.5080331812623596,60,24527,macro candidate mean,fixed OOF candidate bootstrap; no refit,,training_OOF_selected,HB
N3_selected,N3_core_001,R_SIM,P_nat,raw,auroc,0.6359292347131463,0.628187116734381,0.642784010110689,60,24527,macro candidate mean,fixed OOF candidate bootstrap; no refit,,training_OOF_selected,HB
N3_selected,N3_core_001,R_SIM,P_nat,raw,brier_two_class_sum,0.3816208602433282,0.3751632700292776,0.3867672547845187,60,24527,macro candidate mean,fixed OOF candidate bootstrap; no refit,,training_OOF_selected,HB
N3_selected,N3_core_001,R_SIM,P_nat,temperature,ce_bits,0.8183336119028356,0.8080351298861365,0.8264922818166528,60,24527,macro candidate mean,fixed OOF candidate bootstrap; no refit,,training_OOF_selected,HB
N3_selected,N3_core_001,R_SIM,P_nat,temperature,bacc,0.5062037016427512,0.504515825835739,0.5080331812623596,60,24527,macro candidate mean,fixed OOF candidate bootstrap; no refit,,training_OOF_selected,HB
N3_selected,N3_core_001,R_SIM,P_nat,temperature,auroc,0.6359292347131463,0.628187116734381,0.642784010110689,60,24527,macro candidate mean,fixed OOF candidate bootstrap; no refit,,training_OOF_selected,HB
N3_selected,N3_core_001,R_SIM,P_nat,temperature,brier_two_class_sum,0.38158168881229154,0.37512123116029117,0.38675398768969593,60,24527,macro candidate mean,fixed OOF candidate bootstrap; no refit,,training_OOF_selected,HB
N3_selected,N3_core_001,R_SIM,P_nat,mixture_diagnostic,ce_bits,0.8182332116645135,0.8082223110500023,0.8267001705724492,60,24527,macro candidate mean,fixed OOF candidate bootstrap; no refit,,training_OOF_selected,HBP
N3_selected,N3_core_001,R_SIM,P_nat,mixture_diagnostic,bacc,0.5143077076225571,0.5114526612561212,0.5171656891130265,60,24527,macro candidate mean,fixed OOF candidate bootstrap; no refit,,training_OOF_selected,HBP
N3_selected,N3_core_001,R_SIM,P_nat,mixture_diagnostic,auroc,0.6352050052558923,0.6272613844250999,0.6425239757239553,60,24527,macro candidate mean,fixed OOF candidate bootstrap; no refit,,training_OOF_selected,HBP
N3_selected,N3_core_001,R_SIM,P_nat,mixture_diagnostic,brier_two_class_sum,0.3814867711728894,0.37520198213238803,0.3867319199257065,60,24527,macro candidate mean,fixed OOF candidate bootstrap; no refit,,training_OOF_selected,HBP
N3_selected,N3_core_001,R_SIM,P_nat,raw,ce_bits,0.8182957583078143,0.8082494864936349,0.8267914365537026,60,24527,macro candidate mean,fixed OOF candidate bootstrap; no refit,,training_OOF_selected,HBP
N3_selected,N3_core_001,R_SIM,P_nat,raw,bacc,0.5143077076225571,0.5114526612561212,0.5171656891130265,60,24527,macro candidate mean,fixed OOF candidate bootstrap; no refit,,training_OOF_selected,HBP
N3_selected,N3_core_001,R_SIM,P_nat,raw,auroc,0.6352050052558923,0.6272613844250999,0.6425239757239553,60,24527,macro candidate mean,fixed OOF candidate bootstrap; no refit,,training_OOF_selected,HBP
N3_selected,N3_core_001,R_SIM,P_nat,raw,brier_two_class_sum,0.3814944422746145,0.37518303108214557,0.38676794596878084,60,24527,macro candidate mean,fixed OOF candidate bootstrap; no refit,,training_OOF_selected,HBP
N3_selected,N3_core_001,R_SIM,P_nat,temperature,ce_bits,0.8182332116645135,0.8082223110500023,0.8267001705724492,60,24527,macro candidate mean,fixed OOF candidate bootstrap; no refit,,training_OOF_selected,HBP
N3_selected,N3_core_001,R_SIM,P_nat,temperature,bacc,0.5143077076225571,0.5114526612561212,0.5171656891130265,60,24527,macro candidate mean,fixed OOF candidate bootstrap; no refit,,training_OOF_selected,HBP
N3_selected,N3_core_001,R_SIM,P_nat,temperature,auroc,0.6352050052558923,0.6272613844250999,0.6425239757239553,60,24527,macro candidate mean,fixed OOF candidate bootstrap; no refit,,training_OOF_selected,HBP
N3_selected,N3_core_001,R_SIM,P_nat,temperature,brier_two_class_sum,0.3814867711728894,0.37520198213238803,0.3867319199257065,60,24527,macro candidate mean,fixed OOF candidate bootstrap; no refit,,training_OOF_selected,HBP
N3_selected,N3_core_001,R_SIM,P_nat,mixture_diagnostic,ce_bits,0.8159380310265735,0.806076968120524,0.8241352544084134,60,24527,macro candidate mean,fixed OOF candidate bootstrap; no refit,,training_OOF_selected,HP
N3_selected,N3_core_001,R_SIM,P_nat,mixture_diagnostic,bacc,0.5107464232627433,0.5081261552350594,0.5132997869756438,60,24527,macro candidate mean,fixed OOF candidate bootstrap; no refit,,training_OOF_selected,HP
N3_selected,N3_core_001,R_SIM,P_nat,mixture_diagnostic,auroc,0.6395578351889494,0.6312377248748939,0.6470939986751552,60,24527,macro candidate mean,fixed OOF candidate bootstrap; no refit,,training_OOF_selected,HP
N3_selected,N3_core_001,R_SIM,P_nat,mixture_diagnostic,brier_two_class_sum,0.3802649598396273,0.3740655511034028,0.3853654462090728,60,24527,macro candidate mean,fixed OOF candidate bootstrap; no refit,,training_OOF_selected,HP
N3_selected,N3_core_001,R_SIM,P_nat,raw,ce_bits,0.8159947623972206,0.8061892486798199,0.8241335435468433,60,24527,macro candidate mean,fixed OOF candidate bootstrap; no refit,,training_OOF_selected,HP
N3_selected,N3_core_001,R_SIM,P_nat,raw,bacc,0.5107464232627433,0.5081261552350594,0.5132997869756438,60,24527,macro candidate mean,fixed OOF candidate bootstrap; no refit,,training_OOF_selected,HP
N3_selected,N3_core_001,R_SIM,P_nat,raw,auroc,0.6395578351889494,0.6312377248748939,0.6470939986751552,60,24527,macro candidate mean,fixed OOF candidate bootstrap; no refit,,training_OOF_selected,HP
N3_selected,N3_core_001,R_SIM,P_nat,raw,brier_two_class_sum,0.380300321999496,0.3741272979359593,0.3853970448120253,60,24527,macro candidate mean,fixed OOF candidate bootstrap; no refit,,training_OOF_selected,HP
N3_selected,N3_core_001,R_SIM,P_nat,temperature,ce_bits,0.8159380310265735,0.806076968120524,0.8241352544084134,60,24527,macro candidate mean,fixed OOF candidate bootstrap; no refit,,training_OOF_selected,HP
N3_selected,N3_core_001,R_SIM,P_nat,temperature,bacc,0.5107464232627433,0.5081261552350594,0.5132997869756438,60,24527,macro candidate mean,fixed OOF candidate bootstrap; no refit,,training_OOF_selected,HP
N3_selected,N3_core_001,R_SIM,P_nat,temperature,auroc,0.6395578351889494,0.6312377248748939,0.6470939986751552,60,24527,macro candidate mean,fixed OOF candidate bootstrap; no refit,,training_OOF_selected,HP
N3_selected,N3_core_001,R_SIM,P_nat,temperature,brier_two_class_sum,0.3802649598396273,0.3740655511034028,0.3853654462090728,60,24527,macro candidate mean,fixed OOF candidate bootstrap; no refit,,training_OOF_selected,HP
N3_selected,N3_core_001,R_SIM,P_nat,mixture_diagnostic,ce_bits,0.8172166754254823,0.8070427389482789,0.8252415261734305,60,24527,macro candidate mean,fixed OOF candidate bootstrap; no refit,,training_OOF_selected,Hnoise
N3_selected,N3_core_001,R_SIM,P_nat,mixture_diagnostic,bacc,0.506953962486104,0.5051253708857694,0.508781347752491,60,24527,macro candidate mean,fixed OOF candidate bootstrap; no refit,,training_OOF_selected,Hnoise
N3_selected,N3_core_001,R_SIM,P_nat,mixture_diagnostic,auroc,0.6379484865310581,0.629201107395313,0.6455948347626259,60,24527,macro candidate mean,fixed OOF candidate bootstrap; no refit,,training_OOF_selected,Hnoise
N3_selected,N3_core_001,R_SIM,P_nat,mixture_diagnostic,brier_two_class_sum,0.38111133543613446,0.3746690107254562,0.3861783321297901,60,24527,macro candidate mean,fixed OOF candidate bootstrap; no refit,,training_OOF_selected,Hnoise
N3_selected,N3_core_001,R_SIM,P_nat,raw,ce_bits,0.8172584513841645,0.8071209466298839,0.8252583181189259,60,24527,macro candidate mean,fixed OOF candidate bootstrap; no refit,,training_OOF_selected,Hnoise
N3_selected,N3_core_001,R_SIM,P_nat,raw,bacc,0.506953962486104,0.5051253708857694,0.508781347752491,60,24527,macro candidate mean,fixed OOF candidate bootstrap; no refit,,training_OOF_selected,Hnoise
N3_selected,N3_core_001,R_SIM,P_nat,raw,auroc,0.6379484865310581,0.629201107395313,0.6455948347626259,60,24527,macro candidate mean,fixed OOF candidate bootstrap; no refit,,training_OOF_selected,Hnoise
N3_selected,N3_core_001,R_SIM,P_nat,raw,brier_two_class_sum,0.38113520476519086,0.374708069641247,0.38619273689202394,60,24527,macro candidate mean,fixed OOF candidate bootstrap; no refit,,training_OOF_selected,Hnoise
N3_selected,N3_core_001,R_SIM,P_nat,temperature,ce_bits,0.8172166754254823,0.8070427389482789,0.8252415261734305,60,24527,macro candidate mean,fixed OOF candidate bootstrap; no refit,,training_OOF_selected,Hnoise
N3_selected,N3_core_001,R_SIM,P_nat,temperature,bacc,0.506953962486104,0.5051253708857694,0.508781347752491,60,24527,macro candidate mean,fixed OOF candidate bootstrap; no refit,,training_OOF_selected,Hnoise
N3_selected,N3_core_001,R_SIM,P_nat,temperature,auroc,0.6379484865310581,0.629201107395313,0.6455948347626259,60,24527,macro candidate mean,fixed OOF candidate bootstrap; no refit,,training_OOF_selected,Hnoise
N3_selected,N3_core_001,R_SIM,P_nat,temperature,brier_two_class_sum,0.38111133543613446,0.3746690107254562,0.3861783321297901,60,24527,macro candidate mean,fixed OOF candidate bootstrap; no refit,,training_OOF_selected,Hnoise
