seed,fold,child,group,n_channels,auc_base,auc_occluded,drop
11,0,2,periocular_eog,6,0.5133624572149162,0.4960637722932806,0.017298684921635665
11,0,3,periocular_eog,6,0.5145745119182249,0.5202728173298617,-0.00569830541163685
11,0,10,periocular_eog,6,0.49436629800637105,0.495004116110097,-0.000637818103725929
11,0,17,periocular_eog,6,0.552977027660572,0.5413033286451008,0.011673699015471217
11,0,18,periocular_eog,6,0.45120798319327726,0.45717787114845937,-0.005969887955182107
11,0,20,periocular_eog,6,0.396875,0.4125,-0.015625
11,0,29,periocular_eog,6,0.4986506840717962,0.49843102799046063,0.00021965608133556191
11,0,36,periocular_eog,6,0.4967510259917921,0.48579156821290886,0.010959457778883241
11,0,40,periocular_eog,6,0.4979295921924015,0.4896549320320669,0.008274660160334624
11,0,2,frontal_polar,8,0.5133624572149162,0.5029679337056386,0.010394523509277609
11,0,3,frontal_polar,8,0.5145745119182249,0.5015297758374317,0.013044736080793151
11,0,10,frontal_polar,8,0.49436629800637105,0.49569705429686106,-0.0013307562904900094
11,0,17,frontal_polar,8,0.552977027660572,0.5317862165963432,0.02119081106422882
11,0,18,frontal_polar,8,0.45120798319327726,0.4552871148459383,-0.00407913165266105
11,0,20,frontal_polar,8,0.396875,0.38125,0.015625
11,0,29,frontal_polar,8,0.4986506840717962,0.49312790259821765,0.005522781473578542
11,0,36,frontal_polar,8,0.4967510259917921,0.5147058823529411,-0.01795485636114902
11,0,40,frontal_polar,8,0.4979295921924015,0.4964447542697804,0.0014848379226211073
11,0,2,non_periocular,114,0.5133624572149162,0.5453431814087553,-0.031980724193839016
11,0,3,non_periocular,114,0.5145745119182249,0.5560406420675206,-0.04146613014929568
11,0,10,non_periocular,114,0.49436629800637105,0.4467475571781381,0.047618740828232975
11,0,17,non_periocular,114,0.552977027660572,0.582653539615565,-0.02967651195499299
11,0,18,non_periocular,114,0.45120798319327726,0.4618522408963585,-0.01064425770308125
11,0,20,non_periocular,114,0.396875,0.43124999999999997,-0.03437499999999999
11,0,29,non_periocular,114,0.4986506840717962,0.4931592820384084,0.005491402033387771
11,0,36,non_periocular,114,0.4967510259917921,0.49981345603780625,-0.003062430046014142
11,0,40,non_periocular,114,0.4979295921924015,0.532112234227954,-0.034182642035552435
11,0,2,vertex_ring,6,0.5133624572149162,0.5148531796072779,-0.0014907223923616986
11,0,3,vertex_ring,6,0.5145745119182249,0.5168143842761838,-0.002239872357958861
11,0,10,vertex_ring,6,0.49436629800637105,0.4942310032570958,0.00013529474927526097
11,0,17,vertex_ring,6,0.552977027660572,0.5363806844819503,0.016596343178621686
11,0,18,vertex_ring,6,0.45120798319327726,0.4405812324929972,0.010626750700280074
11,0,20,vertex_ring,6,0.396875,0.39375000000000004,0.0031249999999999334
11,0,29,vertex_ring,6,0.4986506840717962,0.4968306765407305,0.0018200075310657038
11,0,36,vertex_ring,6,0.4967510259917921,0.494512498445467,0.0022385275463250864
11,0,40,vertex_ring,6,0.4979295921924015,0.4969431857790171,0.000986406413384433
11,0,2,left_temporal,8,0.5133624572149162,0.5180237794991893,-0.004661322284273073
11,0,3,left_temporal,8,0.5145745119182249,0.5075480630144913,0.007026448903733606
11,0,10,left_temporal,8,0.49436629800637105,0.49302838326353843,0.0013379147428326243
11,0,17,left_temporal,8,0.552977027660572,0.5708391936240037,-0.01786216596343171
11,0,18,left_temporal,8,0.45120798319327726,0.46680672268907564,-0.015598739495798375
11,0,20,left_temporal,8,0.396875,0.384375,0.012499999999999956
11,0,29,left_temporal,8,0.4986506840717962,0.5012865570478222,-0.0026358729760260213
11,0,36,left_temporal,8,0.4967510259917921,0.4946524064171123,0.0020986195746798275
11,0,40,left_temporal,8,0.4979295921924015,0.49923318229348207,-0.001303590101080554
11,0,2,right_temporal,8,0.5133624572149162,0.5192622950819672,-0.00589983786705095
11,0,3,right_temporal,8,0.5145745119182249,0.5255897746101044,-0.011015262691879468
11,0,10,right_temporal,8,0.49436629800637105,0.4955345574286839,-0.0011682594223128562
11,0,17,right_temporal,8,0.552977027660572,0.5590248476324426,-0.006047819971870649
11,0,18,right_temporal,8,0.45120798319327726,0.4456932773109244,0.005514705882352866
11,0,20,right_temporal,8,0.396875,0.40625,-0.009375000000000022
11,0,29,right_temporal,8,0.4986506840717962,0.48556545751223795,0.013085226559558238
11,0,36,right_temporal,8,0.4967510259917921,0.48673983335406046,0.010011192637731647
11,0,40,right_temporal,8,0.4979295921924015,0.4979609620076682,-3.1369815266690804e-05
11,0,2,occipital,9,0.5133624572149162,0.5015357593226446,0.011826697892271643
11,0,3,occipital,9,0.5145745119182249,0.5219603923940772,-0.007385880475852313
11,0,10,occipital,9,0.49436629800637105,0.49447439063674437,-0.00010809263037331318
11,0,17,occipital,9,0.552977027660572,0.597515236755743,-0.04453820909517103
11,0,18,occipital,9,0.45120798319327726,0.45742296918767505,-0.0062149859943977925
11,0,20,occipital,9,0.396875,0.3625,0.03437499999999999
11,0,29,occipital,9,0.4986506840717962,0.49821137190912507,0.00043931216267112383
11,0,36,occipital,9,0.4967510259917921,0.5150945156075115,-0.01834348961571941
11,0,40,occipital,9,0.4979295921924015,0.49678633670268385,0.001143255489717665
11,0,2,band_0,16,0.5133624572149162,0.5316969915330572,-0.018334534318140916
11,0,3,band_0,16,0.5145745119182249,0.5047734266102096,0.009801085308015267
11,0,10,band_0,16,0.49436629800637105,0.4943899208991016,-2.3622892730557066e-05
11,0,17,band_0,16,0.552977027660572,0.5107829348335677,0.04219409282700426
11,0,18,band_0,16,0.45120798319327726,0.4450805322128851,0.006127450980392135
11,0,20,band_0,16,0.396875,0.390625,0.006249999999999978
11,0,29,band_0,16,0.4986506840717962,0.4853144219907116,0.013336262081084571
11,0,36,band_0,16,0.4967510259917921,0.48911826887203086,0.0076327571197612465
11,0,40,band_0,16,0.4979295921924015,0.4927988846287905,0.005130707563611003
11,0,2,band_1,16,0.5133624572149162,0.4692487840028824,0.044113673212033855
11,0,3,band_1,16,0.5145745119182249,0.5168363008354593,-0.0022617889172343864
11,0,10,band_1,16,0.49436629800637105,0.49621532624646547,-0.0018490282400944191
11,0,17,band_1,16,0.552977027660572,0.5467416783872481,0.00623534927332392
11,0,18,band_1,16,0.45120798319327726,0.46871498599439776,-0.017507002801120497
11,0,20,band_1,16,0.396875,0.3984375,-0.0015625000000000222
11,0,29,band_1,16,0.4986506840717962,0.5016317308899209,-0.0029810468181246663
11,0,36,band_1,16,0.4967510259917921,0.5284634995647307,-0.031712473572938604
11,0,40,band_1,16,0.4979295921924015,0.5088741721854304,-0.010944579993028891
11,0,2,band_2,16,0.5133624572149162,0.5129751396144839,0.0003873176004323131
11,0,3,band_2,16,0.5145745119182249,0.4941789618564202,0.020395550061804713
11,0,10,band_2,16,0.49436629800637105,0.49202619993557395,0.002340098070797103
11,0,17,band_2,16,0.552977027660572,0.5560712611345522,-0.0030942334739801902
11,0,18,band_2,16,0.45120798319327726,0.49376750700280114,-0.04255952380952388
11,0,20,band_2,16,0.396875,0.36875,0.028124999999999956
11,0,29,band_2,16,0.4986506840717962,0.4783795657085478,0.020271118363248408
11,0,36,band_2,16,0.4967510259917921,0.4907038925506778,0.006047133441114294
11,0,40,band_2,16,0.4979295921924015,0.5098640641338446,-0.011934471941443037
11,0,2,band_3,16,0.5133624572149162,0.53053503873176,-0.017172581516843755
11,0,3,band_3,16,0.5145745119182249,0.510243799805381,0.00433071211284386
11,0,10,band_3,16,0.49436629800637105,0.4844554207380364,0.009910877268334672
11,0,17,band_3,16,0.552977027660572,0.5488045007032349,0.004172526957337053
11,0,18,band_3,16,0.45120798319327726,0.45556722689075635,-0.004359243697479087
11,0,20,band_3,16,0.396875,0.415625,-0.018750000000000044
11,0,29,band_3,16,0.4986506840717962,0.5120183255930715,-0.013367641521275286
11,0,36,band_3,16,0.4967510259917921,0.4897400820793434,0.007010943912448719
11,0,40,band_3,16,0.4979295921924015,0.4974555594283723,0.0004740327640292419
11,0,2,band_4,16,0.5133624572149162,0.49519906323185015,0.0181633939830661
11,0,3,band_4,16,0.5145745119182249,0.5131543188771708,0.0014201930410541186
11,0,10,band_4,16,0.49436629800637105,0.4939332116396435,0.0004330863667275642
11,0,17,band_4,16,0.552977027660572,0.6065635255508673,-0.05358649789029535
11,0,18,band_4,16,0.45120798319327726,0.45005252100840343,0.0011554621848738345
11,0,20,band_4,16,0.396875,0.36875,0.028124999999999956
11,0,29,band_4,16,0.4986506840717962,0.49174720722982296,0.006903476841973233
11,0,36,band_4,16,0.4967510259917921,0.5091872901380425,-0.01243626414625043
11,0,40,band_4,16,0.4979295921924015,0.49889508539560823,-0.0009654932032067132
11,0,2,band_5,16,0.5133624572149162,0.5185867411277247,-0.005224283912808492
11,0,3,band_5,16,0.5145745119182249,0.5342117490290964,-0.019637237110871508
11,0,10,band_5,16,0.49436629800637105,0.4941916317692115,0.00017466623715955976
11,0,17,band_5,16,0.552977027660572,0.5395218002812939,0.013455227379278067
11,0,18,band_5,16,0.45120798319327726,0.4579306722689075,-0.006722689075630228
11,0,20,band_5,16,0.396875,0.44375,-0.046875
11,0,29,band_5,16,0.4986506840717962,0.4668005522781473,0.03185013179364887
11,0,36,band_5,16,0.4967510259917921,0.49732620320855614,-0.0005751772167640334
11,0,40,band_5,16,0.4979295921924015,0.4966120599512025,0.0013175322411990154
11,0,2,band_6,16,0.5133624572149162,0.5105071158349848,0.0028553413799314864
11,0,3,band_6,16,0.5145745119182249,0.5253136259632327,-0.010739114045007825
11,0,10,band_6,16,0.49436629800637105,0.4940319982819714,0.00033429972439963374
11,0,17,band_6,16,0.552977027660572,0.5536802625410221,-0.0007032348804500987
11,0,18,band_6,16,0.45120798319327726,0.4414040616246499,0.00980392156862736
11,0,20,band_6,16,0.396875,0.409375,-0.012500000000000011
11,0,29,band_6,16,0.4986506840717962,0.4838395883017447,0.014811095770051463
11,0,36,band_6,16,0.4967510259917921,0.48764146250466356,0.009109563487128547
11,0,40,band_6,16,0.4979295921924015,0.4977622865109795,0.0001673056814220364
11,0,2,band_7,16,0.5133624572149162,0.5189875698072419,-0.005625112592325676
11,0,3,band_7,16,0.5145745119182249,0.525861539945121,-0.011287028026896073
11,0,10,band_7,16,0.49436629800637105,0.49607859980672175,-0.0017123018003507018
11,0,17,band_7,16,0.552977027660572,0.549648382559775,0.003328645100797001
11,0,18,band_7,16,0.45120798319327726,0.4433298319327731,0.007878151260504174
11,0,20,band_7,16,0.396875,0.4125,-0.015625
11,0,29,band_7,16,0.4986506840717962,0.5412325844106941,-0.042581900338897916
11,0,36,band_7,16,0.4967510259917921,0.49384404924760605,0.0029069767441860517
11,0,40,band_7,16,0.4979295921924015,0.49111537120948057,0.006814220982920949
11,1,9,periocular_eog,6,0.945050014358189,0.9612029769311764,-0.016152962572987373
11,1,12,periocular_eog,6,0.5142211373960238,0.5154931862426996,-0.0012720488466757551
11,1,21,periocular_eog,6,0.5237989617744219,0.510146295422369,0.013652666352052867
11,1,27,periocular_eog,6,0.5482839507790693,0.5386455070830439,0.0096384436960254
11,1,31,periocular_eog,6,0.542215526021194,0.531416499027835,0.010799026993358996
11,1,32,periocular_eog,6,0.46416895652786583,0.4553582752060875,0.008810681321778313
11,1,37,periocular_eog,6,0.4729276957369741,0.4732307049317359,-0.0003030091947618385
11,1,39,periocular_eog,6,0.520549417269912,0.5214823715600363,-0.0009329542901242993
11,1,41,periocular_eog,6,0.6811002178649237,0.6081154684095861,0.07298474945533762
11,1,9,frontal_polar,8,0.945050014358189,0.9529410357040299,-0.007891021345840854
11,1,12,frontal_polar,8,0.5142211373960238,0.5162527284525987,-0.0020315910565749107
11,1,21,frontal_polar,8,0.5237989617744219,0.5212411514865503,0.002557810287871609
11,1,27,frontal_polar,8,0.5482839507790693,0.5523791426961433,-0.00409519191707397
11,1,31,frontal_polar,8,0.542215526021194,0.5398840135682241,0.0023315124529699194
11,1,32,frontal_polar,8,0.46416895652786583,0.45482632283520047,0.009342633692665359
11,1,37,frontal_polar,8,0.4729276957369741,0.4817741710782948,-0.008846475341320714
11,1,39,frontal_polar,8,0.520549417269912,0.5323798638179811,-0.011830446548069085
11,1,41,frontal_polar,8,0.6811002178649237,0.6974400871459696,-0.016339869281045916
11,1,9,non_periocular,114,0.945050014358189,0.3063199961711496,0.6387300181870394
11,1,12,non_periocular,114,0.5142211373960238,0.5364948970562208,-0.022273759660196957
11,1,21,non_periocular,114,0.5237989617744219,0.5353043888626711,-0.011505427088249198
11,1,27,non_periocular,114,0.5482839507790693,0.526176466733937,0.022107484045132297
11,1,31,non_periocular,114,0.542215526021194,0.5064348060299477,0.035780719991246324
11,1,32,non_periocular,114,0.46416895652786583,0.545325160290284,-0.08115620376241817
11,1,37,non_periocular,114,0.4729276957369741,0.4779360546113124,-0.0050083588743383145
11,1,39,non_periocular,114,0.520549417269912,0.4490098961538837,0.07153952111602829
11,1,41,non_periocular,114,0.6811002178649237,0.6470588235294117,0.03404139433551201
11,1,9,vertex_ring,6,0.945050014358189,0.9453551258734565,-0.0003051115152674644
11,1,12,vertex_ring,6,0.5142211373960238,0.516426022063595,-0.002204884667571183
11,1,21,vertex_ring,6,0.5237989617744219,0.5228220858895706,0.0009768758848512915
11,1,27,vertex_ring,6,0.5482839507790693,0.5470193555150769,0.001264595263992474
11,1,31,vertex_ring,6,0.542215526021194,0.5428720529935105,-0.0006565269723164402
11,1,32,vertex_ring,6,0.46416895652786583,0.46274571972098927,0.00142323680687656
11,1,37,vertex_ring,6,0.4729276957369741,0.4698244636388967,0.003103232098077391
11,1,39,vertex_ring,6,0.520549417269912,0.5156990318767524,0.004850385393159629
11,1,41,vertex_ring,6,0.6811002178649237,0.6748366013071895,0.0062636165577342195
11,1,9,left_temporal,8,0.945050014358189,0.9645173255480042,-0.01946731118981515
11,1,12,left_temporal,8,0.5142211373960238,0.5115922364462273,0.002628900949796509
11,1,21,left_temporal,8,0.5237989617744219,0.5321330816422841,-0.008334119867862255
11,1,27,left_temporal,8,0.5482839507790693,0.5500399690731106,-0.0017560182940412616
11,1,31,left_temporal,8,0.542215526021194,0.5323844554613786,0.009831070559815469
11,1,32,left_temporal,8,0.46416895652786583,0.455668287183823,0.00850066934404281
11,1,37,left_temporal,8,0.4729276957369741,0.46870298133184735,0.004224714405126728
11,1,39,left_temporal,8,0.520549417269912,0.5418168674227992,-0.021267450152887224
11,1,41,left_temporal,8,0.6811002178649237,0.6715686274509804,0.009531590413943247
11,1,9,right_temporal,8,0.945050014358189,0.6115212501196515,0.3335287642385375
11,1,12,right_temporal,8,0.5142211373960238,0.5121563624564923,0.0020647749395314996
11,1,21,right_temporal,8,0.5237989617744219,0.5269136385087306,-0.0031146767343087634
11,1,27,right_temporal,8,0.5482839507790693,0.5073582408365986,0.04092570994247069
11,1,31,right_temporal,8,0.542215526021194,0.5402080685481496,0.0020074574730444272
11,1,32,right_temporal,8,0.46416895652786583,0.4634432466708941,0.0007257098569717346
11,1,37,right_temporal,8,0.4729276957369741,0.4792177486765116,-0.006290052939537549
11,1,39,right_temporal,8,0.520549417269912,0.5183415882691988,0.0022078290007131463
11,1,41,right_temporal,8,0.6811002178649237,0.6889978213507625,-0.007897603485838789
11,1,9,occipital,9,0.945050014358189,0.9530247918062602,-0.00797477744807118
11,1,12,occipital,9,0.5142211373960238,0.5149880538021356,-0.0007669164061118172
11,1,21,occipital,9,0.5237989617744219,0.5227277017461067,0.0010712600283151463
11,1,27,occipital,9,0.5482839507790693,0.5469407278302691,0.0013432229488001823
11,1,31,occipital,9,0.542215526021194,0.5418493859789406,0.00036614004225343777
11,1,32,occipital,9,0.46416895652786583,0.4711477488902981,-0.006978792362432262
11,1,37,occipital,9,0.4729276957369741,0.4672645583728058,0.005663137364168291
11,1,39,occipital,9,0.520549417269912,0.5154499184275568,0.005099498842355166
11,1,41,occipital,9,0.6811002178649237,0.6781045751633987,0.00299564270152497
11,1,9,band_0,16,0.945050014358189,0.950942854407964,-0.005892840049774972
11,1,12,band_0,16,0.5142211373960238,0.5097007551176922,0.004520382278331625
11,1,21,band_0,16,0.5237989617744219,0.5178716375648891,0.005927324209532792
11,1,27,band_0,16,0.5482839507790693,0.5301995832732705,0.018084367505798782
11,1,31,band_0,16,0.542215526021194,0.550830338279731,-0.008614812258536997
11,1,32,band_0,16,0.46416895652786583,0.47270133164235895,-0.008532375114493118
11,1,37,band_0,16,0.4729276957369741,0.4661709389802174,0.006756756756756688
11,1,39,band_0,16,0.520549417269912,0.5231919736623585,-0.0026425563924464823
11,1,41,band_0,16,0.6811002178649237,0.6614923747276689,0.019607843137254832
11,1,9,band_1,16,0.945050014358189,0.9526598545036853,-0.0076098401454962605
11,1,12,band_1,16,0.5142211373960238,0.5149364344286473,-0.0007152970326235186
11,1,21,band_1,16,0.5237989617744219,0.5151156205757433,0.00868334119867853
11,1,27,band_1,16,0.5482839507790693,0.5512652504946992,-0.0029812997156298815
11,1,31,band_1,16,0.542215526021194,0.5409193061014923,0.0012962199197017465
11,1,32,band_1,16,0.46416895652786583,0.4764073839216515,-0.012238427393785667
11,1,37,band_1,16,0.4729276957369741,0.49543396489272773,-0.022506269155753655
11,1,39,band_1,16,0.520549417269912,0.5187274698865801,0.0018219473833318567
11,1,41,band_1,16,0.6811002178649237,0.7012527233115469,-0.02015250544662317
11,1,9,band_2,16,0.945050014358189,0.95651861778501,-0.011468603426820989
11,1,12,band_2,16,0.5142211373960238,0.515065482862368,-0.0008443454663441541
11,1,21,band_2,16,0.5237989617744219,0.5203586597451628,0.003440302029259046
11,1,27,band_2,16,0.5482839507790693,0.5558453131347547,-0.007561362355685386
11,1,31,band_2,16,0.542215526021194,0.5446354171050527,-0.0024198910838586496
11,1,32,band_2,16,0.46416895652786583,0.45550271260480524,0.00866624392306059
11,1,37,band_2,16,0.4729276957369741,0.4699080523822792,0.003019643354694901
11,1,39,band_2,16,0.520549417269912,0.5219757138809922,-0.00142629661108018
11,1,41,band_2,16,0.6811002178649237,0.6740196078431372,0.007080610021786504
11,1,9,band_3,16,0.945050014358189,0.9627464822437062,-0.017696467885517153
11,1,12,band_3,16,0.5142211373960238,0.5116696655064599,0.00255147188956395
11,1,21,band_3,16,0.5237989617744219,0.5267012741859367,-0.00290231241151484
11,1,27,band_3,16,0.5482839507790693,0.5755415481791138,-0.02725759740004452
11,1,31,band_3,16,0.542215526021194,0.5214591732810356,0.020756352740158412
11,1,32,band_3,16,0.46416895652786583,0.47042556189670964,-0.006256605368843815
11,1,37,band_3,16,0.4729276957369741,0.4647081359710226,0.008219559765951456
11,1,39,band_3,16,0.520549417269912,0.5403954553891542,-0.019846038119242237
11,1,41,band_3,16,0.6811002178649237,0.6672113289760349,0.01388888888888884
11,1,9,band_4,16,0.945050014358189,0.9515949554896143,-0.00654494113142523
11,1,12,band_4,16,0.5142211373960238,0.5087679192967967,0.005453218099227164
11,1,21,band_4,16,0.5237989617744219,0.5258187824445494,-0.0020198206701275145
11,1,27,band_4,16,0.5482839507790693,0.5324077107549567,0.015876240024112587
11,1,31,band_4,16,0.542215526021194,0.5482294814278621,-0.006013955406668048
11,1,32,band_4,16,0.46416895652786583,0.4664482491368985,-0.002279292609032646
11,1,37,band_4,16,0.4729276957369741,0.469086096405684,0.00384159933129008
11,1,39,band_4,16,0.520549417269912,0.5195090022762131,0.0010404149936988905
11,1,41,band_4,16,0.6811002178649237,0.6865468409586056,-0.005446623093681935
11,1,9,band_5,16,0.945050014358189,0.954640088063559,-0.009590073705370017
11,1,12,band_5,16,0.5142211373960238,0.5108474426287535,0.003373694767270341
11,1,21,band_5,16,0.5237989617744219,0.5343463898065125,-0.010547428032090633
11,1,27,band_5,16,0.5482839507790693,0.5415350744997314,0.006748876279337956
11,1,31,band_5,16,0.542215526021194,0.5344382065029838,0.007777319518210257
11,1,32,band_5,16,0.46416895652786583,0.46050870147255685,0.0036602550553089808
11,1,37,band_5,16,0.4729276957369741,0.47243661186960156,0.0004910838673725104
11,1,39,band_5,16,0.520549417269912,0.5077811318542832,0.0127682854156288
11,1,41,band_5,16,0.6811002178649237,0.6729302832244008,0.008169934640522847
11,1,9,band_6,16,0.945050014358189,0.6350447496889059,0.31000526466928313
11,1,12,band_6,16,0.5142211373960238,0.5209795882248835,-0.00675845082885973
11,1,21,band_6,16,0.5237989617744219,0.5096224634261444,0.0141764983482775
11,1,27,band_6,16,0.5482839507790693,0.5348517212910666,0.013432229488002712
11,1,31,band_6,16,0.542215526021194,0.525280496940416,0.01693502908077804
11,1,32,band_6,16,0.46416895652786583,0.47293031776227723,-0.008761361234411402
11,1,37,band_6,16,0.4729276957369741,0.474035246586793,-0.0011075508498189501
11,1,39,band_6,16,0.520549417269912,0.5220489825425203,-0.0014995652726083053
11,1,41,band_6,16,0.6811002178649237,0.6753812636165577,0.005718954248365993
11,1,9,band_7,16,0.945050014358189,0.9599406528189911,-0.014890638460802075
11,1,12,band_7,16,0.5142211373960238,0.5123812754409769,0.0018398619550469286
11,1,21,band_7,16,0.5237989617744219,0.517022180273714,0.006776781500707818
11,1,27,band_7,16,0.5482839507790693,0.5600256850437039,-0.01174173426463454
11,1,31,band_7,16,0.542215526021194,0.5096458962855723,0.03256962973562172
11,1,32,band_7,16,0.46416895652786583,0.46766715986754037,-0.0034982033396745438
11,1,37,band_7,16,0.4729276957369741,0.49885413764279746,-0.025926441905823383
11,1,39,band_7,16,0.520549417269912,0.517232789191407,0.0033166280785049684
11,1,41,band_7,16,0.6811002178649237,0.6402505446623094,0.040849673202614345
11,2,0,periocular_eog,6,0.4610246503781902,0.46950898768388016,-0.008484337305689982
11,2,4,periocular_eog,6,0.560115735943503,0.5710715936807538,-0.01095585773725083
11,2,5,periocular_eog,6,0.5156091521985562,0.5200092476582543,-0.004400095459698106
11,2,8,periocular_eog,6,0.5499311294765841,0.5559573002754821,-0.006026170798898001
11,2,13,periocular_eog,6,0.5330130979713199,0.5400372614701343,-0.007024163498814406
11,2,16,periocular_eog,6,0.5625899345276638,0.5658860349665443,-0.0032961004388805115
11,2,22,periocular_eog,6,0.5299286674247907,0.515817223198594,0.014111444226196701
11,2,25,periocular_eog,6,0.4299505471380471,0.43247579966329963,-0.0025252525252525415
11,2,26,periocular_eog,6,0.34134076370111455,0.32088801688320256,0.020452746817911982
11,2,0,frontal_polar,8,0.4610246503781902,0.44434619361157973,0.01667845676661045
11,2,4,frontal_polar,8,0.560115735943503,0.5699835801622855,-0.009867844218782507
11,2,5,frontal_polar,8,0.5156091521985562,0.5151691426525863,0.0004400095459698994
11,2,8,frontal_polar,8,0.5499311294765841,0.5633608815426997,-0.01342975206611563
11,2,13,frontal_polar,8,0.5330130979713199,0.5234013323798412,0.009611765591478694
11,2,16,frontal_polar,8,0.5625899345276638,0.5608317145118354,0.0017582200158283712
11,2,22,frontal_polar,8,0.5299286674247907,0.5405316344463972,-0.010602967021606458
11,2,25,frontal_polar,8,0.4299505471380471,0.4081702441077441,0.021780303030302983
11,2,26,frontal_polar,8,0.34134076370111455,0.3297253182087978,0.011615445492316745
11,2,0,non_periocular,114,0.4610246503781902,0.5255618436088589,-0.06453719323066875
11,2,4,non_periocular,114,0.560115735943503,0.4741148432144622,0.08600089272904077
11,2,5,non_periocular,114,0.5156091521985562,0.4835332020762485,0.032075950122307684
11,2,8,non_periocular,114,0.5499311294765841,0.3985881542699724,0.15134297520661166
11,2,13,non_periocular,114,0.5330130979713199,0.5135966728141819,0.01941642515713804
11,2,16,non_periocular,114,0.5625899345276638,0.5135261529606446,0.04906378156701918
11,2,22,non_periocular,114,0.5299286674247907,0.5231120128191874,0.006816654605603323
11,2,25,non_periocular,114,0.4299505471380471,0.4787194865319865,-0.04876893939393939
11,2,26,non_periocular,114,0.34134076370111455,0.6156103673415552,-0.2742696036404406
11,2,0,vertex_ring,6,0.4610246503781902,0.45722914512706103,0.00379550525112915
11,2,4,vertex_ring,6,0.560115735943503,0.5583103508743963,0.0018053850691066575
11,2,5,vertex_ring,6,0.5156091521985562,0.5154227074756875,0.00018644472286866165
11,2,8,vertex_ring,6,0.5499311294765841,0.5308195592286502,0.019111570247933862
11,2,13,vertex_ring,6,0.5330130979713199,0.5313476231698596,0.0016654748014602871
11,2,16,vertex_ring,6,0.5625899345276638,0.5531333189438089,0.00945661558385491
11,2,22,vertex_ring,6,0.5299286674247907,0.5219489817016438,0.00797968572314689
11,2,25,vertex_ring,6,0.4299505471380471,0.4431029040404041,-0.013152356902356999
11,2,26,vertex_ring,6,0.34134076370111455,0.3339378750906813,0.007402888610433256
11,2,0,left_temporal,8,0.4610246503781902,0.4687607698028332,-0.007736119424643029
11,2,4,left_temporal,8,0.560115735943503,0.5628457332334327,-0.002729997289929731
11,2,5,left_temporal,8,0.5156091521985562,0.5165488336018138,-0.0009396814032576195
11,2,8,left_temporal,8,0.5499311294765841,0.5447658402203857,0.005165289256198413
11,2,13,left_temporal,8,0.5330130979713199,0.5363158191877753,-0.003302721216455362
11,2,16,left_temporal,8,0.5625899345276638,0.5671990790704368,-0.004609144542772947
11,2,22,left_temporal,8,0.5299286674247907,0.5343158792515248,-0.004387211826734072
11,2,25,left_temporal,8,0.4299505471380471,0.43447495791245794,-0.0045244107744108475
11,2,26,left_temporal,8,0.34134076370111455,0.31323781573567233,0.028102947965442215
11,2,0,right_temporal,8,0.4610246503781902,0.45818142243021165,0.0028432279479785327
11,2,4,right_temporal,8,0.560115735943503,0.5537271437453172,0.006388592198185772
11,2,5,right_temporal,8,0.5156091521985562,0.5115073682954477,0.004101783903108447
11,2,8,right_temporal,8,0.5499311294765841,0.44507575757575757,0.1048553719008265
11,2,13,right_temporal,8,0.5330130979713199,0.5295315969739169,0.0034815009974029643
11,2,16,right_temporal,8,0.5625899345276638,0.5601841859126556,0.0024057486150081964
11,2,22,right_temporal,8,0.5299286674247907,0.5246756435438851,0.0052530238809056495
11,2,25,right_temporal,8,0.4299505471380471,0.4265572390572391,0.0033933080808080107
11,2,26,right_temporal,8,0.34134076370111455,0.636252720437908,-0.2949119567367935
11,2,0,occipital,9,0.4610246503781902,0.4759391268070596,-0.014914476428869394
11,2,4,occipital,9,0.560115735943503,0.5498772497568908,0.010238486186612161
11,2,5,occipital,9,0.5156091521985562,0.49660670604379215,0.01900244615476404
11,2,8,occipital,9,0.5499311294765841,0.5483815426997245,0.0015495867768595684
11,2,13,occipital,9,0.5330130979713199,0.5345656592269186,-0.0015525612555986612
11,2,16,occipital,9,0.5625899345276638,0.5607597668897043,0.0018301676379595122
11,2,22,occipital,9,0.5299286674247907,0.5311886178021297,-0.0012599503773389475
11,2,25,occipital,9,0.4299505471380471,0.4384732744107744,-0.008522727272727293
11,2,26,occipital,9,0.34134076370111455,0.3526017278902592,-0.011260964189144629
11,2,0,band_0,16,0.4610246503781902,0.4733090275888339,-0.012284377210643738
11,2,4,band_0,16,0.560115735943503,0.572538219962059,-0.012422484018556057
11,2,5,band_0,16,0.5156091521985562,0.5168396873694887,-0.001230535170932523
11,2,8,band_0,16,0.5499311294765841,0.5609504132231404,-0.011019283746556363
11,2,13,band_0,16,0.5330130979713199,0.5171487447777485,0.01586435319357138
11,2,16,band_0,16,0.5625899345276638,0.5729638822936902,-0.010373947766026403
11,2,22,band_0,16,0.5299286674247907,0.5417011268479273,-0.011772459423136539
11,2,25,band_0,16,0.4299505471380471,0.3992792508417508,0.03067129629629628
11,2,26,band_0,16,0.34134076370111455,0.3203274417991162,0.02101332190199834
11,2,0,band_1,16,0.4610246503781902,0.4326014402060547,0.028423210172135505
11,2,4,band_1,16,0.560115735943503,0.5695013470643562,-0.009385611120853232
11,2,5,band_1,16,0.5156091521985562,0.5168471451584035,-0.0012379929598472783
11,2,8,band_1,16,0.5499311294765841,0.5408057851239669,0.009125344352617137
11,2,13,band_1,16,0.5330130979713199,0.5223098347698445,0.01070326320147541
11,2,16,band_1,16,0.5625899345276638,0.536203144111087,0.026386790416576766
11,2,22,band_1,16,0.5299286674247907,0.5328168613666908,-0.002888193941900097
11,2,25,band_1,16,0.4299505471380471,0.4397095959595959,-0.009759048821548821
11,2,26,band_1,16,0.34134076370111455,0.3329403811910572,0.00840038251005737
11,2,0,band_2,16,0.4610246503781902,0.4811675826667392,-0.02014293228854902
11,2,4,band_2,16,0.560115735943503,0.5581947743467934,0.001920961596709514
11,2,5,band_2,16,0.5156091521985562,0.5150125290853768,0.0005966231131794286
11,2,8,band_2,16,0.5499311294765841,0.5408057851239669,0.009125344352617137
11,2,13,band_2,16,0.5330130979713199,0.53630640972562,-0.0032933117543001433
11,2,16,band_2,16,0.5625899345276638,0.5639344557162386,-0.0013445211885747543
11,2,22,band_2,16,0.5299286674247907,0.530665253799235,-0.0007365863744442924
11,2,25,band_2,16,0.4299505471380471,0.4147464225589225,0.015204124579124567
11,2,26,band_2,16,0.34134076370111455,0.3071704148255622,0.03417034887555237
11,2,0,band_3,16,0.4610246503781902,0.47500045346538244,-0.013975803087192262
11,2,4,band_3,16,0.560115735943503,0.5651094390154474,-0.004993703071944466
11,2,5,band_3,16,0.5156091521985562,0.5109480341268421,0.004661118071714099
11,2,8,band_3,16,0.5499311294765841,0.5433884297520661,0.006542699724517931
11,2,13,band_3,16,0.5330130979713199,0.5323073883096843,0.000705709661635634
11,2,16,band_3,16,0.5625899345276638,0.5681478883372905,-0.005557953809626648
11,2,22,band_3,16,0.5299286674247907,0.5342835728315931,-0.00435490540680239
11,2,25,band_3,16,0.4299505471380471,0.45157302188552184,-0.02162247474747475
11,2,26,band_3,16,0.34134076370111455,0.3023725516058827,0.038968212095231824
11,2,0,band_4,16,0.4610246503781902,0.49497106890859954,-0.03394641853040936
11,2,4,band_4,16,0.560115735943503,0.5634714406414896,-0.003355704697986628
11,2,5,band_4,16,0.5156091521985562,0.506779130123501,0.008830022075055233
11,2,8,band_4,16,0.5499311294765841,0.5528581267217632,-0.002926997245179086
11,2,13,band_4,16,0.5330130979713199,0.5374402499153148,-0.0044271519439949
11,2,16,band_4,16,0.5625899345276638,0.5492121735376646,0.01337776098999921
11,2,22,band_4,16,0.5299286674247907,0.5253088493745477,0.00461981805024303
11,2,25,band_4,16,0.4299505471380471,0.44102483164983164,-0.011074284511784549
11,2,26,band_4,16,0.34134076370111455,0.3153894348084152,0.025951328892699355
11,2,0,band_5,16,0.4610246503781902,0.462684333677967,-0.0016596832997768374
11,2,4,band_5,16,0.560115735943503,0.5297031675939359,0.03041256834956707
11,2,5,band_5,16,0.5156091521985562,0.5099486904122665,0.00566046178628965
11,2,8,band_5,16,0.5499311294765841,0.5287534435261708,0.02117768595041325
11,2,13,band_5,16,0.5330130979713199,0.5409970266099591,-0.00798392863863917
11,2,16,band_5,16,0.5625899345276638,0.5513616087488309,0.011228325778832926
11,2,22,band_5,16,0.5299286674247907,0.49740902512147217,0.03251964230331855
11,2,25,band_5,16,0.4299505471380471,0.4341856060606061,-0.004235058922558987
11,2,26,band_5,16,0.34134076370111455,0.34717733957660096,-0.005836575875486416
11,2,0,band_6,16,0.4610246503781902,0.4425368667355934,0.01848778364259679
11,2,4,band_6,16,0.560115735943503,0.5523242838240686,0.007791452119434328
11,2,5,band_6,16,0.5156091521985562,0.5142891235606468,0.001320028637909365
11,2,8,band_6,16,0.5499311294765841,0.4378443526170799,0.11208677685950419
11,2,13,band_6,16,0.5330130979713199,0.5273721254093116,0.005640972562008351
11,2,16,band_6,16,0.5625899345276638,0.5588576516296136,0.0037322828980501654
11,2,22,band_6,16,0.5299286674247907,0.5272860022743721,0.002642665150418666
11,2,25,band_6,16,0.4299505471380471,0.4304766414141413,-0.0005260942760942355
11,2,26,band_6,16,0.34134076370111455,0.6543642419046363,-0.3130234782035217
11,2,0,band_7,16,0.4610246503781902,0.4597685512687961,0.0012560991093940599
11,2,4,band_7,16,0.560115735943503,0.5591432989526375,0.0009724369908654662
11,2,5,band_7,16,0.5156091521985562,0.5136552115028936,0.0019539406956625704
11,2,8,band_7,16,0.5499311294765841,0.5619834710743802,-0.012052341597796112
11,2,13,band_7,16,0.5330130979713199,0.5386117279536301,-0.005598629982310199
11,2,16,band_7,16,0.5625899345276638,0.5632689402115261,-0.0006790056838622549
11,2,22,band_7,16,0.5299286674247907,0.5313372273338157,-0.0014085599090249978
11,2,25,band_7,16,0.4299505471380471,0.42853009259259256,0.0014204545454545303
11,2,26,band_7,16,0.34134076370111455,0.31880234782035216,0.022538415880762386
11,3,6,periocular_eog,6,0.5249637586551535,0.5212180693492765,0.0037456893058770424
11,3,11,periocular_eog,6,0.5284833105352645,0.5277194686984646,0.0007638418367998945
11,3,14,periocular_eog,6,0.5997455470737914,0.5872773536895675,0.012468193384223891
11,3,19,periocular_eog,6,0.5611745900584518,0.5540865466022771,0.007088043456174753
11,3,23,periocular_eog,6,0.5054106421100879,0.4999499979165798,0.005460644193508113
11,3,24,periocular_eog,6,0.5539944556451614,0.5636520737327189,-0.009657618087557496
11,3,35,periocular_eog,6,0.7782696042322373,0.8036630281925936,-0.025393423960356265
11,3,42,periocular_eog,6,0.4972303997520916,0.5150100712736287,-0.017779671521537144
11,3,43,periocular_eog,6,0.5250375483334931,0.5044338989550379,0.02060364937845527
11,3,6,frontal_polar,8,0.5249637586551535,0.5207543602164576,0.004209398438695944
11,3,11,frontal_polar,8,0.5284833105352645,0.5288450967106861,-0.00036178617542159675
11,3,14,frontal_polar,8,0.5997455470737914,0.6035623409669211,-0.003816793893129722
11,3,19,frontal_polar,8,0.5611745900584518,0.5715983825850193,-0.010423792526567444
11,3,23,frontal_polar,8,0.5054106421100879,0.5754427267802825,-0.07003208467019462
11,3,24,frontal_polar,8,0.5539944556451614,0.522024409562212,0.0319700460829494
11,3,35,frontal_polar,8,0.7782696042322373,0.7690015402129511,0.00926806401928626
11,3,42,frontal_polar,8,0.4972303997520916,0.5004938797644871,-0.0032634800123955143
11,3,43,frontal_polar,8,0.5250375483334931,0.52836097529799,-0.003323426964496834
11,3,6,non_periocular,114,0.5249637586551535,0.5289300474514005,-0.003966288796246942
11,3,11,non_periocular,114,0.5284833105352645,0.5223418943277554,0.006141416207509187
11,3,14,non_periocular,114,0.5997455470737914,0.5746819338422392,0.02506361323155215
11,3,19,non_periocular,114,0.5611745900584518,0.47013065299404644,0.09104393706440539
11,3,23,non_periocular,114,0.5054106421100879,0.36377140714196426,0.14163923496812364
11,3,24,non_periocular,114,0.5539944556451614,0.6135602678571428,-0.05956581221198143
11,3,35,non_periocular,114,0.7782696042322373,0.6280988414919977,0.15017076274023966
11,3,42,non_periocular,114,0.4972303997520916,0.4975499690114657,-0.0003195692593740973
11,3,43,non_periocular,114,0.5250375483334931,0.519852682708593,0.00518486562490017
11,3,6,vertex_ring,6,0.5249637586551535,0.5192551840880237,0.005708574567129809
11,3,11,vertex_ring,6,0.5284833105352645,0.5280250054331846,0.0004583051020798923
11,3,14,vertex_ring,6,0.5997455470737914,0.5958015267175573,0.00394402035623409
11,3,19,vertex_ring,6,0.5611745900584518,0.5644798602033283,-0.003305270144876471
11,3,23,vertex_ring,6,0.5054106421100879,0.5050606275261469,0.00035001458394101626
11,3,24,vertex_ring,6,0.5539944556451614,0.5488821284562213,0.005112327188940058
11,3,35,vertex_ring,6,0.7782696042322373,0.7740038840152683,0.004265720216969027
11,3,42,vertex_ring,6,0.4972303997520916,0.49402502324140063,0.0032053765106909715
11,3,43,vertex_ring,6,0.5250375483334931,0.5228605438916053,0.002177004441887842
11,3,6,left_temporal,8,0.5249637586551535,0.5299385022645213,-0.004974743609367782
11,3,11,left_temporal,8,0.5284833105352645,0.5306668115515897,-0.00218350101632514
11,3,14,left_temporal,8,0.5997455470737914,0.5880407124681933,0.011704834605598013
11,3,19,left_temporal,8,0.5611745900584518,0.5655296898600001,-0.004355099801548246
11,3,23,left_temporal,8,0.5054106421100879,0.5156985707737822,-0.010287928663694323
11,3,24,left_temporal,8,0.5539944556451614,0.55529053859447,-0.001296082949308608
11,3,35,left_temporal,8,0.7782696042322373,0.7887162659880801,-0.010446661755842745
11,3,42,left_temporal,8,0.4972303997520916,0.49491594360086777,0.0023144561512238315
11,3,43,left_temporal,8,0.5250375483334931,0.5222294123286357,0.002808136004857409
11,3,6,right_temporal,8,0.5249637586551535,0.5170086709105807,0.007955087744572875
11,3,11,right_temporal,8,0.5284833105352645,0.5304935888421564,-0.0020102783068918217
11,3,14,right_temporal,8,0.5997455470737914,0.6167938931297711,-0.017048346055979713
11,3,19,right_temporal,8,0.5611745900584518,0.5543506972900849,0.006823892768366924
11,3,23,right_temporal,8,0.5054106421100879,0.5103712654693946,-0.004960623359306693
11,3,24,right_temporal,8,0.5539944556451614,0.5776839717741935,-0.02368951612903214
11,3,35,right_temporal,8,0.7782696042322373,0.7897609321636643,-0.011491327931426931
11,3,42,right_temporal,8,0.4972303997520916,0.496649364735048,0.0005810350170435963
11,3,43,right_temporal,8,0.5250375483334931,0.5204039242003005,0.004633624133192682
11,3,6,occipital,9,0.5249637586551535,0.5225371642610818,0.0024265943940717793
11,3,11,occipital,9,0.5284833105352645,0.5235480613118904,0.004935249223374183
11,3,14,occipital,9,0.5997455470737914,0.6038167938931298,-0.004071246819338459
11,3,19,occipital,9,0.5611745900584518,0.5535785645103392,0.007596025548112673
11,3,23,occipital,9,0.5054106421100879,0.5002416767365306,0.005168965373557266
11,3,24,occipital,9,0.5539944556451614,0.5681973646313364,-0.014202908986175045
11,3,35,occipital,9,0.7782696042322373,0.7717002611665439,0.006569343065693456
11,3,42,occipital,9,0.4972303997520916,0.494761000929656,0.0024693988224355756
11,3,43,occipital,9,0.5250375483334931,0.5240748729747867,0.0009626753587064218
11,3,6,band_0,16,0.5249637586551535,0.5334545880191968,-0.008490829364043218
11,3,11,band_0,16,0.5284833105352645,0.5244295156156118,0.004053794919652742
11,3,14,band_0,16,0.5997455470737914,0.5970737913486005,0.0026717557251908497
11,3,19,band_0,16,0.5611745900584518,0.5448209532453282,0.01635363681312363
11,3,23,band_0,16,0.5054106421100879,0.5606316929872077,-0.055221050877119815
11,3,24,band_0,16,0.5539944556451614,0.5078034994239631,0.04619095622119829
11,3,35,band_0,16,0.7782696042322373,0.7375945891649367,0.040675015067300646
11,3,42,band_0,16,0.4972303997520916,0.5007747133560583,-0.0035443136039666756
11,3,43,band_0,16,0.5250375483334931,0.5227247307704599,0.0023128175630332537
11,3,6,band_1,16,0.5249637586551535,0.49392676096919713,0.031036997685956413
11,3,11,band_1,16,0.5284833105352645,0.5291404062743694,-0.0006570957391048848
11,3,14,band_1,16,0.5997455470737914,0.6043256997455471,-0.004580152671755711
11,3,19,band_1,16,0.5611745900584518,0.5395514856782916,0.02162310438016024
11,3,23,band_1,16,0.5054106421100879,0.49424351014625606,0.011167131963831844
11,3,24,band_1,16,0.5539944556451614,0.5467579925115207,0.00723646313364068
11,3,35,band_1,16,0.7782696042322373,0.76924931360075,0.009020290631487349
11,3,42,band_1,16,0.4972303997520916,0.4984699411217849,-0.0012395413696932867
11,3,43,band_1,16,0.5250375483334931,0.5202081935257086,0.004829354807784569
11,3,6,band_2,16,0.5249637586551535,0.5360027372344928,-0.01103897857933922
11,3,11,band_2,16,0.5284833105352645,0.5329116755941348,-0.004428365058870232
11,3,14,band_2,16,0.5997455470737914,0.6086513994910943,-0.008905852417302906
11,3,19,band_2,16,0.5611745900584518,0.5404252148764248,0.02074937518202702
11,3,23,band_2,16,0.5054106421100879,0.4893558064919371,0.016054835618150798
11,3,24,band_2,16,0.5539944556451614,0.5435537874423964,0.010440668202765013
11,3,35,band_2,16,0.7782696042322373,0.7769838612469029,0.0012857429853344593
11,3,42,band_2,16,0.4972303997520916,0.5006972420204524,-0.0034668422683608036
11,3,43,band_2,16,0.5250375483334931,0.5245302463809798,0.0005073019525133615
11,3,6,band_3,16,0.5249637586551535,0.5316537758529096,-0.006690017197756082
11,3,11,band_3,16,0.5284833105352645,0.5243528118328369,0.004130498702427654
11,3,14,band_3,16,0.5997455470737914,0.5863867684478372,0.013358778625954137
11,3,19,band_3,16,0.5611745900584518,0.5623158564916725,-0.0011412664332206557
11,3,23,band_3,16,0.5054106421100879,0.5008875369807075,0.004523105129380367
11,3,24,band_3,16,0.5539944556451614,0.5428607430875576,0.011133712557603759
11,3,35,band_3,16,0.7782696042322373,0.7798968726980513,-0.001627268465813958
11,3,42,band_3,16,0.4972303997520916,0.4921076076851565,0.005122792066935111
11,3,43,band_3,16,0.5250375483334931,0.5309254465854983,-0.005887898252005197
11,3,6,band_4,16,0.5249637586551535,0.5317618245828869,-0.006798065927733354
11,3,11,band_4,16,0.5284833105352645,0.5213850146376386,0.007098295897625895
11,3,14,band_4,16,0.5997455470737914,0.5893129770992367,0.010432569974554662
11,3,19,band_4,16,0.5611745900584518,0.5556511314454462,0.005523458613005627
11,3,23,band_4,16,0.5054106421100879,0.49577482395099803,0.00963581815908987
11,3,24,band_4,16,0.5539944556451614,0.5530673963133641,0.0009270593317972642
11,3,35,band_4,16,0.7782696042322373,0.76590772115449,0.012361883077747327
11,3,42,band_4,16,0.4972303997520916,0.48768205763867367,0.00954834211341793
11,3,43,band_4,16,0.5250375483334931,0.5230083405234398,0.002029207810053335
11,3,6,band_5,16,0.5249637586551535,0.5366600336751874,-0.011696275020033897
11,3,11,band_5,16,0.5284833105352645,0.5288457359088758,-0.0003624253736113081
11,3,14,band_5,16,0.5997455470737914,0.5756997455470738,0.024045801526717536
11,3,19,band_5,16,0.5611745900584518,0.5461857317990017,0.014988858259450177
11,3,23,band_5,16,0.5054106421100879,0.48922246760281674,0.01618817450727117
11,3,24,band_5,16,0.5539944556451614,0.5906718029953917,-0.036677347350230316
11,3,35,band_5,16,0.7782696042322373,0.8043527757316011,-0.02608317149936379
11,3,42,band_5,16,0.4972303997520916,0.4957487604586303,0.0014816392934612899
11,3,43,band_5,16,0.5250375483334931,0.5275341130604287,-0.0024965647269356017
11,3,6,band_6,16,0.5249637586551535,0.5221049693411729,0.0028587893139806475
11,3,11,band_6,16,0.5284833105352645,0.5308374774682638,-0.00235416693299928
11,3,14,band_6,16,0.5997455470737914,0.6251908396946565,-0.025445292620865145
11,3,19,band_6,16,0.5611745900584518,0.5331813902453891,0.027993199813062697
11,3,23,band_6,16,0.5054106421100879,0.5162735947331138,-0.010862952623025945
11,3,24,band_6,16,0.5539944556451614,0.5784490207373272,-0.024454565092165814
11,3,35,band_6,16,0.7782696042322373,0.795995446326927,-0.017725842094689637
11,3,42,band_6,16,0.4972303997520916,0.5040575612023551,-0.006827161450263519
11,3,43,band_6,16,0.5250375483334931,0.5207514460102898,0.004286102323203367
11,3,6,band_7,16,0.5249637586551535,0.5146856232160704,0.01027813543908318
11,3,11,band_7,16,0.5284833105352645,0.5305229919588867,-0.0020396814236222083
11,3,14,band_7,16,0.5997455470737914,0.5961832061068704,0.003562340966920985
11,3,19,band_7,16,0.5611745900584518,0.5518852908705458,0.009289299187905997
11,3,23,band_7,16,0.5054106421100879,0.49616234009750404,0.009248302012583864
11,3,24,band_7,16,0.5539944556451614,0.5461459533410138,0.007848502304147575
11,3,35,band_7,16,0.7782696042322373,0.6384383579990625,0.1398312462331749
11,3,42,band_7,16,0.4972303997520916,0.5168403315773165,-0.019609931825224858
11,3,43,band_7,16,0.5250375483334931,0.5108490716773719,0.014188476656121218
11,4,1,periocular_eog,6,0.5178571428571428,0.5129870129870129,0.004870129870129913
11,4,7,periocular_eog,6,0.5598214285714286,0.5491071428571428,0.010714285714285787
11,4,15,periocular_eog,6,0.5279836353009937,0.5227878433664523,0.005195791934541338
11,4,28,periocular_eog,6,0.5077205936213539,0.5094822660748033,-0.001761672453449381
11,4,30,periocular_eog,6,0.4665646368705557,0.46977473867298736,-0.003210101802431642
11,4,33,periocular_eog,6,0.5061598314151402,0.5254228129896795,-0.019262981574539317
11,4,34,periocular_eog,6,0.5566329203237084,0.5619781700003208,-0.005345249676612429
11,4,38,periocular_eog,6,0.5266267872775022,0.5158510150485639,0.01077577222893833
11,4,1,frontal_polar,8,0.5178571428571428,0.5113636363636364,0.00649350649350644
11,4,7,frontal_polar,8,0.5598214285714286,0.5678571428571428,-0.008035714285714257
11,4,15,frontal_polar,8,0.5279836353009937,0.5276388077147867,0.00034482758620701937
11,4,28,frontal_polar,8,0.5077205936213539,0.5029849543649922,0.004735639256361668
11,4,30,frontal_polar,8,0.4665646368705557,0.4584178844874922,0.008146752383063505
11,4,33,frontal_polar,8,0.5061598314151402,0.49363416545091043,0.01252566596422977
11,4,34,frontal_polar,8,0.5566329203237084,0.5188259693610289,0.0378069509626795
11,4,38,frontal_polar,8,0.5266267872775022,0.5135166117803994,0.013110175497102805
11,4,1,non_periocular,114,0.5178571428571428,0.6363636363636364,-0.11850649350649356
11,4,7,non_periocular,114,0.5598214285714286,0.6160714285714285,-0.05624999999999991
11,4,15,non_periocular,114,0.5279836353009937,0.5083869082407948,0.019596727060198882
11,4,28,non_periocular,114,0.5077205936213539,0.5054095430639183,0.0023110505574356344
11,4,30,non_periocular,114,0.4665646368705557,0.4941467864877308,-0.02758214961717509
11,4,33,non_periocular,114,0.5061598314151402,0.5050285027286971,0.001131328686443056
11,4,34,non_periocular,114,0.5566329203237084,0.6066484215477705,-0.050015501224062175
11,4,38,non_periocular,114,0.5266267872775022,0.513183125599233,0.01344366167826927
11,4,1,vertex_ring,6,0.5178571428571428,0.5032467532467533,0.014610389610389518
11,4,7,vertex_ring,6,0.5598214285714286,0.5651785714285715,-0.005357142857142949
11,4,15,vertex_ring,6,0.5279836353009937,0.5307422559906487,-0.0027586206896550447
11,4,28,vertex_ring,6,0.5077205936213539,0.5079220322594823,-0.0002014386381283817
11,4,30,vertex_ring,6,0.4665646368705557,0.4680865576454138,-0.0015219207748580765
11,4,33,vertex_ring,6,0.5061598314151402,0.5157879451018533,-0.009628113686713125
11,4,34,vertex_ring,6,0.5566329203237084,0.554553618199506,0.0020793021242023757
11,4,38,vertex_ring,6,0.5266267872775022,0.5259962899662345,0.0006304973112677414
11,4,1,left_temporal,8,0.5178571428571428,0.5487012987012987,-0.030844155844155896
11,4,7,left_temporal,8,0.5598214285714286,0.5499999999999999,0.009821428571428648
11,4,15,left_temporal,8,0.5279836353009937,0.5194915254237288,0.008492109877264897
11,4,28,left_temporal,8,0.5077205936213539,0.512111955932551,-0.004391362311197078
11,4,30,left_temporal,8,0.4665646368705557,0.45163105570997386,0.014933581160581855
11,4,33,left_temporal,8,0.5061598314151402,0.5044982979413195,0.0016615334738206977
11,4,34,left_temporal,8,0.5566329203237084,0.5594124501555467,-0.0027795298318383788
11,4,38,left_temporal,8,0.5266267872775022,0.5194203593313601,0.007206427946142124
11,4,1,right_temporal,8,0.5178571428571428,0.4967532467532467,0.02110389610389607
11,4,7,right_temporal,8,0.5598214285714286,0.5339285714285714,0.025892857142857162
11,4,15,right_temporal,8,0.5279836353009937,0.5266218585622443,0.0013617767387493762
11,4,28,right_temporal,8,0.5077205936213539,0.5065778871650625,0.0011427064562914424
11,4,30,right_temporal,8,0.4665646368705557,0.46816329314666716,-0.0015986562761114431
11,4,33,right_temporal,8,0.5061598314151402,0.512768817204301,-0.006608985789160804
11,4,34,right_temporal,8,0.5566329203237084,0.570386247741632,-0.013753327417923678
11,4,38,right_temporal,8,0.5266267872775022,0.5235368293801326,0.003089957897369655
11,4,1,occipital,9,0.5178571428571428,0.5048701298701299,0.01298701298701288
11,4,7,occipital,9,0.5598214285714286,0.5616071428571429,-0.0017857142857142794
11,4,15,occipital,9,0.5279836353009937,0.5312857977790766,-0.003302162478082904
11,4,28,occipital,9,0.5077205936213539,0.5078780820111634,-0.0001574883898094459
11,4,30,occipital,9,0.4665646368705557,0.4707296693552513,-0.004165032484695574
11,4,33,occipital,9,0.5061598314151402,0.4979467228616199,0.00821310855352031
11,4,34,occipital,9,0.5566329203237084,0.5543291177130883,0.0023038026106200205
11,4,38,occipital,9,0.5266267872775022,0.5318635624661303,-0.0052367751886280844
11,4,1,band_0,16,0.5178571428571428,0.5811688311688311,-0.06331168831168832
11,4,7,band_0,16,0.5598214285714286,0.5625,-0.002678571428571419
11,4,15,band_0,16,0.5279836353009937,0.5051431911163062,0.022840444184687447
11,4,28,band_0,16,0.5077205936213539,0.512580758581286,-0.004860164959932134
11,4,30,band_0,16,0.4665646368705557,0.46556281227085927,0.0010018245996964437
11,4,33,band_0,16,0.5061598314151402,0.5224678500027017,-0.01630801858756148
11,4,34,band_0,16,0.5566329203237084,0.5119787045252884,0.044654215798419994
11,4,38,band_0,16,0.5266267872775022,0.517872775021885,0.008754012255617227
11,4,1,band_1,16,0.5178571428571428,0.5616883116883117,-0.04383116883116889
11,4,7,band_1,16,0.5598214285714286,0.5486607142857143,0.011160714285714302
11,4,15,band_1,16,0.5279836353009937,0.5400759789596726,-0.01209234365867895
11,4,28,band_1,16,0.5077205936213539,0.49381400254911434,0.013906591072239571
11,4,30,band_1,16,0.4665646368705557,0.4595731800896953,0.006991456780860439
11,4,33,band_1,16,0.5061598314151402,0.4911553736424056,0.015004457772734625
11,4,34,band_1,16,0.5566329203237084,0.5531691985332635,0.0034637217904448514
11,4,38,band_1,16,0.5266267872775022,0.5487358789445163,-0.022109091667014025
11,4,1,band_2,16,0.5178571428571428,0.5227272727272727,-0.004870129870129913
11,4,7,band_2,16,0.5598214285714286,0.5464285714285714,0.013392857142857206
11,4,15,band_2,16,0.5279836353009937,0.5135593220338983,0.014424313267095368
11,4,28,band_2,16,0.5077205936213539,0.4949786841295653,0.012741909491788606
11,4,30,band_2,16,0.4665646368705557,0.4601401701822895,0.006424466688266239
11,4,33,band_2,16,0.5061598314151402,0.5049744691197925,0.0011853622953477139
11,4,34,band_2,16,0.5566329203237084,0.5486097005591131,0.008023219764595302
11,4,38,band_2,16,0.5266267872775022,0.5324315311184292,-0.005804743840926996
11,4,1,band_3,16,0.5178571428571428,0.5113636363636364,0.00649350649350644
11,4,7,band_3,16,0.5598214285714286,0.5098214285714285,0.050000000000000044
11,4,15,band_3,16,0.5279836353009937,0.5282524839275277,-0.00026884862653397956
11,4,28,band_3,16,0.5077205936213539,0.5068232760515097,0.0008973175698442359
11,4,30,band_3,16,0.4665646368705557,0.4676687754719233,-0.0011041386013675991
11,4,33,band_3,16,0.5061598314151402,0.510239368887448,-0.004079537472307826
11,4,34,band_3,16,0.5566329203237084,0.5514533733870708,0.00517954693663758
11,4,38,band_3,16,0.5266267872775022,0.5221143023885948,0.004512484888907431
11,4,1,band_4,16,0.5178571428571428,0.5227272727272727,-0.004870129870129913
11,4,7,band_4,16,0.5598214285714286,0.6049107142857143,-0.04508928571428572
11,4,15,band_4,16,0.5279836353009937,0.5304850964348334,-0.002501461133839755
11,4,28,band_4,16,0.5077205936213539,0.5049700405807293,0.0027505530406246592
11,4,30,band_4,16,0.4665646368705557,0.46823150248111456,-0.001666865610558843
11,4,33,band_4,16,0.5061598314151402,0.4923441130383098,0.013815718376830377
11,4,34,band_4,16,0.5566329203237084,0.5499460129782662,0.0066869073454421946
11,4,38,band_4,16,0.5266267872775022,0.5140741589895368,0.01255262828796544
11,4,1,band_5,16,0.5178571428571428,0.5275974025974026,-0.009740259740259827
11,4,7,band_5,16,0.5598214285714286,0.5758928571428572,-0.016071428571428625
11,4,15,band_5,16,0.5279836353009937,0.5059088252483928,0.022074810052600924
11,4,28,band_5,16,0.5077205936213539,0.506222622657818,0.0014979709635358773
11,4,30,band_5,16,0.4665646368705557,0.47006889142779196,-0.0035042545572362416
11,4,33,band_5,16,0.5061598314151402,0.4841208731831199,0.02203895823202029
11,4,34,band_5,16,0.5566329203237084,0.5505660619407533,0.006066858382955065
11,4,38,band_5,16,0.5266267872775022,0.5073471174288215,0.01927966984868068
11,4,1,band_6,16,0.5178571428571428,0.4788961038961038,0.038961038961038974
11,4,7,band_6,16,0.5598214285714286,0.5602678571428572,-0.00044642857142862535
11,4,15,band_6,16,0.5279836353009937,0.5264289888953828,0.001554646405610871
11,4,28,band_6,16,0.5077205936213539,0.5085849485049591,-0.0008643548836051451
11,4,30,band_6,16,0.4665646368705557,0.46815903006326415,-0.001594393192708432
11,4,33,band_6,16,0.5061598314151402,0.5332441778786405,-0.02708434646350033
11,4,34,band_6,16,0.5566329203237084,0.5613848472862166,-0.004751926962508257
11,4,38,band_6,16,0.5266267872775022,0.5329317603901789,-0.006304973112676637
11,4,1,band_7,16,0.5178571428571428,0.5324675324675324,-0.01461038961038963
11,4,7,band_7,16,0.5598214285714286,0.5910714285714286,-0.03125
11,4,15,band_7,16,0.5279836353009937,0.5225891291642315,0.005394506136762178
11,4,28,band_7,16,0.5077205936213539,0.5182173779281852,-0.01049678430683132
11,4,30,band_7,16,0.4665646368705557,0.4690969084119162,-0.002532271541360487
11,4,33,band_7,16,0.5061598314151402,0.5134307289133841,-0.0072708974982439445
11,4,34,band_7,16,0.5566329203237084,0.5893511935942528,-0.03271827327054444
11,4,38,band_7,16,0.5266267872775022,0.5000156321647422,0.02661115511276002
22,0,4,periocular_eog,6,0.5570708922507931,0.5703582075276188,-0.013287315276825695
22,0,6,periocular_eog,6,0.533432077867118,0.5252879048450851,0.008144173022032852
22,0,8,periocular_eog,6,0.44249311294765836,0.43715564738292007,0.005337465564738297
22,0,16,periocular_eog,6,0.5737598028635154,0.5689123318224333,0.004847471041082074
22,0,21,periocular_eog,6,0.5082444549315714,0.5023171307220387,0.005927324209532792
22,0,25,periocular_eog,6,0.4824284511784512,0.47953493265993263,0.0028935185185185452
22,0,29,periocular_eog,6,0.4925630726747835,0.503828291703276,-0.011265219028492535
22,0,36,periocular_eog,6,0.4615563984579032,0.47419475189653026,-0.01263835343862707
22,0,42,periocular_eog,6,0.536808568329718,0.5616962348930896,-0.024887666563371602
22,0,4,frontal_polar,8,0.5570708922507931,0.5652808111080999,-0.00820991885730682
22,0,6,frontal_polar,8,0.533432077867118,0.536524972762716,-0.003092894895598053
22,0,8,frontal_polar,8,0.44249311294765836,0.43870523415977963,0.003787878787878729
22,0,16,frontal_polar,8,0.5737598028635154,0.5698521476365206,0.003907655226994766
22,0,21,frontal_polar,8,0.5082444549315714,0.5022605002359604,0.005983954695611082
22,0,25,frontal_polar,8,0.4824284511784512,0.5366161616161617,-0.05418771043771048
22,0,29,frontal_polar,8,0.4925630726747835,0.4791012928329359,0.013461779841847599
22,0,36,frontal_polar,8,0.4615563984579032,0.4617895784106455,-0.00023317995274230174
22,0,42,frontal_polar,8,0.536808568329718,0.5373314998450573,-0.000522931515339331
22,0,4,non_periocular,114,0.5570708922507931,0.4974055062251909,0.059665386025602174
22,0,6,non_periocular,114,0.533432077867118,0.5069691430835307,0.0264629347835873
22,0,8,non_periocular,114,0.44249311294765836,0.5213498622589532,-0.07885674931129483
22,0,16,non_periocular,114,0.5737598028635154,0.5250287790488524,0.04873102381466299
22,0,21,non_periocular,114,0.5082444549315714,0.5254318074563473,-0.01718735252477588
22,0,25,non_periocular,114,0.4824284511784512,0.44333964646464646,0.039088804713804715
22,0,29,non_periocular,114,0.4925630726747835,0.42952177733149244,0.06304129534329106
22,0,36,non_periocular,114,0.4615563984579032,0.508814202213655,-0.04725780375575184
22,0,42,non_periocular,114,0.536808568329718,0.5128021382088628,0.024006430120855238
22,0,4,vertex_ring,6,0.5570708922507931,0.5525474660842673,0.00452342616652579
22,0,6,vertex_ring,6,0.533432077867118,0.5449257615184449,-0.011493683651326858
22,0,8,vertex_ring,6,0.44249311294765836,0.4478305785123967,-0.005337465564738353
22,0,16,vertex_ring,6,0.5737598028635154,0.5708684077991222,0.0028913950643931763
22,0,21,vertex_ring,6,0.5082444549315714,0.510896649362907,-0.002652194431335575
22,0,25,vertex_ring,6,0.4824284511784512,0.49134574915824913,-0.008917297979797956
22,0,29,vertex_ring,6,0.4925630726747835,0.4968620559809213,-0.004298983306137816
22,0,36,vertex_ring,6,0.4615563984579032,0.4633130207685611,-0.0017566223106579293
22,0,42,vertex_ring,6,0.536808568329718,0.5306495971490549,0.006158971180663109
22,0,4,left_temporal,8,0.5570708922507931,0.5470914569019114,0.009979435348881682
22,0,6,left_temporal,8,0.533432077867118,0.5313611438758881,0.0020709339912299285
22,0,8,left_temporal,8,0.44249311294765836,0.4300964187327823,0.012396694214876047
22,0,16,left_temporal,8,0.5737598028635154,0.5636601554068639,0.010099647456651484
22,0,21,left_temporal,8,0.5082444549315714,0.5192402076451157,-0.010995752713544249
22,0,25,left_temporal,8,0.4824284511784512,0.47490530303030304,0.00752314814814814
22,0,29,left_temporal,8,0.4925630726747835,0.48622442575624447,0.006338646918539026
22,0,36,left_temporal,8,0.4615563984579032,0.4465085188409402,0.015047879616962967
22,0,42,left_temporal,8,0.536808568329718,0.5374961264332196,-0.0006875581035016287
22,0,4,right_temporal,8,0.5570708922507931,0.5553053611567218,0.0017655310940712932
22,0,6,right_temporal,8,0.533432077867118,0.5302176281502958,0.0032144497168221653
22,0,8,right_temporal,8,0.44249311294765836,0.4511019283746557,-0.008608815426997318
22,0,16,right_temporal,8,0.5737598028635154,0.5615377005539967,0.012222102309518701
22,0,21,right_temporal,8,0.5082444549315714,0.5021425200566305,0.0061019348749409286
22,0,25,right_temporal,8,0.4824284511784512,0.4751946548821549,0.00723379629629628
22,0,29,right_temporal,8,0.4925630726747835,0.4806702648424752,0.011892807832308283
22,0,36,right_temporal,8,0.4615563984579032,0.4625357542594205,-0.000979355801517312
22,0,42,right_temporal,8,0.536808568329718,0.5365567864889991,0.0002517818407189454
22,0,4,occipital,9,0.5570708922507931,0.5468603038467057,0.010210588404087395
22,0,6,occipital,9,0.533432077867118,0.5364034179414916,-0.0029713400743736074
22,0,8,occipital,9,0.44249311294765836,0.4354338842975206,0.00705922865013775
22,0,16,occipital,9,0.5737598028635154,0.5660973811065544,0.007662421756960969
22,0,21,occipital,9,0.5082444549315714,0.49742331288343566,0.010821142048135779
22,0,25,occipital,9,0.4824284511784512,0.49176662457912457,-0.009338173400673389
22,0,29,occipital,9,0.4925630726747835,0.49573239613405296,-0.0031693234592694575
22,0,36,occipital,9,0.4615563984579032,0.459753140156697,0.001803258301206201
22,0,42,occipital,9,0.536808568329718,0.5379028509451503,-0.0010942826154323182
22,0,4,band_0,16,0.5570708922507931,0.5563973600726937,0.0006735321780994008
22,0,6,band_0,16,0.533432077867118,0.53400833776033,-0.0005762598932119722
22,0,8,band_0,16,0.44249311294765836,0.4645316804407714,-0.02203856749311306
22,0,16,band_0,16,0.5737598028635154,0.5677476796891863,0.006012123174329087
22,0,21,band_0,16,0.5082444549315714,0.4989900896649363,0.009254365266635145
22,0,25,band_0,16,0.4824284511784512,0.5329861111111112,-0.05055765993265998
22,0,29,band_0,16,0.4925630726747835,0.47040918790008784,0.022153884774695654
22,0,36,band_0,16,0.4615563984579032,0.46870725034199734,-0.007150851884094145
22,0,42,band_0,16,0.536808568329718,0.5270181282925318,0.00979044003718621
22,0,4,band_1,16,0.5570708922507931,0.5745747580863716,-0.017503865835578503
22,0,6,band_1,16,0.533432077867118,0.5471722746958878,-0.013740196828769813
22,0,8,band_1,16,0.44249311294765836,0.43991046831955916,0.0025826446280992066
22,0,16,band_1,16,0.5737598028635154,0.5734944960069069,0.000265306856608416
22,0,21,band_1,16,0.5082444549315714,0.5220717319490326,-0.013827277017461115
22,0,25,band_1,16,0.4824284511784512,0.49087226430976433,-0.00844381313131315
22,0,29,band_1,16,0.4925630726747835,0.4746767917660349,0.01788628090874861
22,0,36,band_1,16,0.4615563984579032,0.4670128093520707,-0.005456410894167485
22,0,42,band_1,16,0.536808568329718,0.535811124883793,0.0009974434459250059
22,0,4,band_2,16,0.5570708922507931,0.5495265347765786,0.007544357474214447
22,0,6,band_2,16,0.533432077867118,0.5177740160812527,0.015658061785865263
22,0,8,band_2,16,0.44249311294765836,0.43526170798898073,0.007231404958677634
22,0,16,band_2,16,0.5737598028635154,0.5690067630764803,0.004753039787035007
22,0,21,band_2,16,0.5082444549315714,0.5176309579990561,-0.009386503067484675
22,0,25,band_2,16,0.4824284511784512,0.4435237794612795,0.03890467171717166
22,0,29,band_2,16,0.4925630726747835,0.4643843353834567,0.028178737291326805
22,0,36,band_2,16,0.4615563984579032,0.4613853998258923,0.00017099863201092136
22,0,42,band_2,16,0.536808568329718,0.5342810660055779,0.0025275023241401184
22,0,4,band_3,16,0.5570708922507931,0.5747421447815205,-0.017671252530727433
22,0,6,band_3,16,0.533432077867118,0.5360477575386499,-0.0026156796715318675
22,0,8,band_3,16,0.44249311294765836,0.4440426997245178,-0.0015495867768594573
22,0,16,band_3,16,0.5737598028635154,0.5901458738038707,-0.01638607094035538
22,0,21,band_3,16,0.5082444549315714,0.5074705049551675,0.0007739499764038982
22,0,25,band_3,16,0.4824284511784512,0.47135416666666663,0.011074284511784549
22,0,29,band_3,16,0.4925630726747835,0.5101983180620058,-0.017635245387222276
22,0,36,band_3,16,0.4615563984579032,0.4400105708245243,0.021545827633378867
22,0,42,band_3,16,0.536808568329718,0.5360144871397583,0.0007940811899597167
22,0,4,band_4,16,0.5570708922507931,0.5592070653126943,-0.00213617306190117
22,0,6,band_4,16,0.533432077867118,0.537799047370364,-0.004366969503245999
22,0,8,band_4,16,0.44249311294765836,0.4464531680440771,-0.003960055096418724
22,0,16,band_4,16,0.5737598028635154,0.5578683718253111,0.01589143103820423
22,0,21,band_4,16,0.5082444549315714,0.5024067956583294,0.005837659273242091
22,0,25,band_4,16,0.4824284511784512,0.48629524410774416,-0.0038667929292929837
22,0,29,band_4,16,0.4925630726747835,0.48694615288063253,0.005616919794150965
22,0,36,band_4,16,0.4615563984579032,0.4634529287402065,-0.0018965302823032992
22,0,42,band_4,16,0.536808568329718,0.5409145491168268,-0.004105980787108776
22,0,4,band_5,16,0.5570708922507931,0.538877552647101,0.01819333960369207
22,0,6,band_5,16,0.533432077867118,0.5224201114702731,0.011011966396844874
22,0,8,band_5,16,0.44249311294765836,0.4387052341597796,0.0037878787878787845
22,0,16,band_5,16,0.5737598028635154,0.5594647096913448,0.014295093172170592
22,0,21,band_5,16,0.5082444549315714,0.5020056630486078,0.006238791882963612
22,0,25,band_5,16,0.4824284511784512,0.4921875,-0.009759048821548821
22,0,29,band_5,16,0.4925630726747835,0.4985879251914146,-0.006024852516631096
22,0,36,band_5,16,0.4615563984579032,0.471971769680388,-0.010415371222484815
22,0,42,band_5,16,0.536808568329718,0.5271246513789898,0.009683916950728233
22,0,4,band_6,16,0.5570708922507931,0.5468563184492021,0.010214573801590965
22,0,6,band_6,16,0.533432077867118,0.5307803819522605,0.002651695914857477
22,0,8,band_6,16,0.44249311294765836,0.4213154269972452,0.02117768595041314
22,0,16,band_6,16,0.5737598028635154,0.5552197999856104,0.018540002877904915
22,0,21,band_6,16,0.5082444549315714,0.5094997640396413,-0.001255309108069813
22,0,25,band_6,16,0.4824284511784512,0.4841645622895623,-0.001736111111111105
22,0,29,band_6,16,0.4925630726747835,0.46585916907242375,0.026703903602359746
22,0,36,band_6,16,0.4615563984579032,0.4537060067155826,0.007850391742320606
22,0,42,band_6,16,0.536808568329718,0.5336031918190269,0.0032053765106910825
22,0,4,band_7,16,0.5570708922507931,0.5596374882430774,-0.0025665959922842596
22,0,6,band_7,16,0.533432077867118,0.5221499896453301,0.01128208822178789
22,0,8,band_7,16,0.44249311294765836,0.44972451790633605,-0.00723140495867769
22,0,16,band_7,16,0.5737598028635154,0.5705401467731492,0.0032196560903661187
22,0,21,band_7,16,0.5082444549315714,0.5027748938178386,0.005469561113732868
22,0,25,band_7,16,0.4824284511784512,0.46985479797979796,0.012573653198653223
22,0,29,band_7,16,0.4925630726747835,0.5655202711183632,-0.07295719844357973
22,0,36,band_7,16,0.4615563984579032,0.48914935953239647,-0.027592961074493272
22,0,42,band_7,16,0.536808568329718,0.5603211186860861,-0.023512550356368123
22,1,1,periocular_eog,6,0.5357142857142857,0.5292207792207793,0.00649350649350644
22,1,2,periocular_eog,6,0.47982795892631963,0.4796343001261034,0.00019365880021621207
22,1,3,periocular_eog,6,0.5360439733845304,0.532195425575748,0.00384854780878241
22,1,9,periocular_eog,6,0.4194385948119077,0.3703216234325643,0.0491169713793434
22,1,18,periocular_eog,6,0.3921568627450981,0.39494047619047623,-0.0027836134453781414
22,1,27,periocular_eog,6,0.5027519689682738,0.497346315637736,0.005405653330537774
22,1,28,periocular_eog,6,0.45177192751139045,0.44975387860941407,0.002018048901976377
22,1,32,periocular_eog,6,0.41727964489537095,0.41260832804903824,0.004671316846332707
22,1,39,periocular_eog,6,0.5715492902708986,0.5682473159246995,0.0033019743461991657
22,1,1,frontal_polar,8,0.5357142857142857,0.5324675324675324,0.0032467532467532756
22,1,2,frontal_polar,8,0.47982795892631963,0.49524410016213294,-0.015416141235813308
22,1,3,frontal_polar,8,0.5360439733845304,0.5296268048286563,0.006417168555874042
22,1,9,frontal_polar,8,0.4194385948119077,0.4922944385948119,-0.07285584378290422
22,1,18,frontal_polar,8,0.3921568627450981,0.49294467787114843,-0.10078781512605034
22,1,27,frontal_polar,8,0.5027519689682738,0.501624972152695,0.001126996815578818
22,1,28,frontal_polar,8,0.45177192751139045,0.4470179756515625,0.004753951859827965
22,1,32,frontal_polar,8,0.41727964489537095,0.41336574367646023,0.00391390121891072
22,1,39,frontal_polar,8,0.5715492902708986,0.5675585905063354,0.0039906997645632325
22,1,1,non_periocular,114,0.5357142857142857,0.435064935064935,0.10064935064935071
22,1,2,non_periocular,114,0.47982795892631963,0.46737524770311656,0.012452711223203072
22,1,3,non_periocular,114,0.5360439733845304,0.5251382934890285,0.01090567989550184
22,1,9,non_periocular,114,0.4194385948119077,0.5372415525988322,-0.11780295778692451
22,1,18,non_periocular,114,0.3921568627450981,0.3473389355742297,0.04481792717086841
22,1,27,non_periocular,114,0.5027519689682738,0.5534864825905201,-0.05073451362224635
22,1,28,non_periocular,114,0.45177192751139045,0.5053729178569859,-0.053600990345595456
22,1,32,non_periocular,114,0.41727964489537095,0.5331254843937152,-0.11584583949834426
22,1,39,non_periocular,114,0.5715492902708986,0.5082744741752391,0.06327481609565955
22,1,1,vertex_ring,6,0.5357142857142857,0.5357142857142857,0.0
22,1,2,vertex_ring,6,0.47982795892631963,0.47303638983966856,0.0067915690866510725
22,1,3,vertex_ring,6,0.5360439733845304,0.5305823668130694,0.005461606571460997
22,1,9,vertex_ring,6,0.4194385948119077,0.3801270699722409,0.03931152483966682
22,1,18,vertex_ring,6,0.3921568627450981,0.38520658263305324,0.006950280112044849
22,1,27,vertex_ring,6,0.5027519689682738,0.5046128241753921,-0.001860855207118317
22,1,28,vertex_ring,6,0.45177192751139045,0.45546374837017833,-0.0036918208587878865
22,1,32,vertex_ring,6,0.41727964489537095,0.41655745790178256,0.0007221869935883918
22,1,39,vertex_ring,6,0.5715492902708986,0.5708166036556177,0.0007326866152809197
22,1,1,left_temporal,8,0.5357142857142857,0.5097402597402598,0.02597402597402587
22,1,2,left_temporal,8,0.47982795892631963,0.4827058187713925,-0.002877859845072883
22,1,3,left_temporal,8,0.5360439733845304,0.5356757751887016,0.0003681981958287839
22,1,9,left_temporal,8,0.4194385948119077,0.4242545706901502,-0.004815975878242507
22,1,18,left_temporal,8,0.3921568627450981,0.4090861344537815,-0.016929271708683413
22,1,27,left_temporal,8,0.5027519689682738,0.5071420147033772,-0.004390045735103376
22,1,28,left_temporal,8,0.45177192751139045,0.4547898445626218,-0.0030179170512313336
22,1,32,left_temporal,8,0.41727964489537095,0.4181991122384274,-0.0009194673430564237
22,1,39,left_temporal,8,0.5715492902708986,0.5610865254046873,0.010462764866211338
22,1,1,right_temporal,8,0.5357142857142857,0.5227272727272727,0.012987012987012991
22,1,2,right_temporal,8,0.47982795892631963,0.4757431093496667,0.004084849576652949
22,1,3,right_temporal,8,0.5360439733845304,0.5277156808598304,0.00832829252469991
22,1,9,right_temporal,8,0.4194385948119077,0.8000562362400689,-0.38061764142816124
22,1,18,right_temporal,8,0.3921568627450981,0.385451680672269,0.006705182072829108
22,1,27,right_temporal,8,0.5027519689682738,0.525291905279849,-0.022539936311575248
22,1,28,right_temporal,8,0.45177192751139045,0.4534420369475088,-0.0016701094361183388
22,1,32,right_temporal,8,0.41727964489537095,0.42880997674910165,-0.011530331853730702
22,1,39,right_temporal,8,0.5715492902708986,0.5783779295253169,-0.006828639254418234
22,1,1,occipital,9,0.5357142857142857,0.5194805194805194,0.016233766233766267
22,1,2,occipital,9,0.47982795892631963,0.48102143757881466,-0.001193478652495028
22,1,3,occipital,9,0.5360439733845304,0.5352812771217421,0.0007626962627882428
22,1,9,occipital,9,0.4194385948119077,0.23737077629941608,0.18206781851249162
22,1,18,occipital,9,0.3921568627450981,0.36363795518207287,0.02851890756302522
22,1,27,occipital,9,0.5027519689682738,0.5054384148658743,-0.0026864458976004757
22,1,28,occipital,9,0.45177192751139045,0.4492191505882009,0.002552776923189559
22,1,32,occipital,9,0.41727964489537095,0.4322236313675756,-0.014943986472204629
22,1,39,occipital,9,0.5715492902708986,0.572457821673847,-0.0009085314029483316
22,1,1,band_0,16,0.5357142857142857,0.5422077922077921,-0.00649350649350644
22,1,2,band_0,16,0.47982795892631963,0.4915825977301387,-0.01175463880381905
22,1,3,band_0,16,0.5360439733845304,0.5350664948408419,0.0009774785436884592
22,1,9,band_0,16,0.4194385948119077,0.4690042595960562,-0.04956566478414848
22,1,18,band_0,16,0.3921568627450981,0.3884628851540617,0.0036939775910364014
22,1,27,band_0,16,0.5027519689682738,0.5053794441022684,-0.002627475133994639
22,1,28,band_0,16,0.45177192751139045,0.44545407931554815,0.006317848195842302
22,1,32,band_0,16,0.41727964489537095,0.4004861551469034,0.01679348974846756
22,1,39,band_0,16,0.5715492902708986,0.555747682268007,0.015801608002891654
22,1,1,band_1,16,0.5357142857142857,0.5373376623376623,-0.0016233766233766378
22,1,2,band_1,16,0.47982795892631963,0.4665105386416862,0.013317420284633452
22,1,3,band_1,16,0.5360439733845304,0.522201474546108,0.013842498838422368
22,1,9,band_1,16,0.4194385948119077,0.29291303723557005,0.12652555757633765
22,1,18,band_1,16,0.3921568627450981,0.49455532212885156,-0.10239845938375347
22,1,27,band_1,16,0.5027519689682738,0.48954907022762717,0.013202898740646618
22,1,28,band_1,16,0.45177192751139045,0.46890886183506936,-0.01713693432367891
22,1,32,band_1,16,0.41727964489537095,0.42745719720989217,-0.010177552314521221
22,1,39,band_1,16,0.5715492902708986,0.5603147621699247,0.011234528100973917
22,1,1,band_2,16,0.5357142857142857,0.5048701298701299,0.030844155844155785
22,1,2,band_2,16,0.47982795892631963,0.4884930643127364,-0.008665105386416794
22,1,3,band_2,16,0.5360439733845304,0.532318158307691,0.003725815076839334
22,1,9,band_2,16,0.4194385948119077,0.45439480233559876,-0.03495620752369105
22,1,18,band_2,16,0.3921568627450981,0.4188025210084033,-0.026645658263305227
22,1,27,band_2,16,0.5027519689682738,0.5109620097236236,-0.008210040755349812
22,1,28,band_2,16,0.45177192751139045,0.45879664220102845,-0.007024714689638001
22,1,32,band_2,16,0.41727964489537095,0.42448037765095475,-0.007200732755583805
22,1,39,band_2,16,0.5715492902708986,0.5711389857663414,0.0004103045045572573
22,1,1,band_3,16,0.5357142857142857,0.4805194805194805,0.055194805194805185
22,1,2,band_3,16,0.47982795892631963,0.48760133309313636,-0.007773374166816727
22,1,3,band_3,16,0.5360439733845304,0.5347465130754192,0.0012974603091111536
22,1,9,band_3,16,0.4194385948119077,0.3948920742796975,0.02454652053221018
22,1,18,band_3,16,0.3921568627450981,0.38217787114845936,0.009978991596638731
22,1,27,band_3,16,0.5027519689682738,0.5055891179284226,-0.002837148960148861
22,1,28,band_3,16,0.45177192751139045,0.4586904291009244,-0.006918501589533943
22,1,32,band_3,16,0.41727964489537095,0.41208342140491794,0.005196223490453011
22,1,39,band_3,16,0.5715492902708986,0.5646864589744341,0.006862831296464478
22,1,1,band_4,16,0.5357142857142857,0.5064935064935064,0.02922077922077926
22,1,2,band_4,16,0.47982795892631963,0.47903981264637,0.0007881462799496086
22,1,3,band_4,16,0.5360439733845304,0.5491018594008888,-0.013057886016358489
22,1,9,band_4,16,0.4194385948119077,0.15761701923997318,0.26182157557193453
22,1,18,band_4,16,0.3921568627450981,0.3623599439775911,0.029796918767507008
22,1,27,band_4,16,0.5027519689682738,0.4981522494070163,0.004599719561257487
22,1,28,band_4,16,0.45177192751139045,0.45187814061149445,-0.00010621310010400231
22,1,32,band_4,16,0.41727964489537095,0.4246072007327556,-0.007327555837384647
22,1,39,band_4,16,0.5715492902708986,0.5804880669773258,-0.008938776706427176
22,1,1,band_5,16,0.5357142857142857,0.5227272727272727,0.012987012987012991
22,1,2,band_5,16,0.47982795892631963,0.4745451270041435,0.005282831922176157
22,1,3,band_5,16,0.5360439733845304,0.5424041588862881,-0.006360185501757765
22,1,9,band_5,16,0.4194385948119077,0.38146118502919496,0.037977409782712745
22,1,18,band_5,16,0.3921568627450981,0.3813550420168067,0.01080182072829139
22,1,27,band_5,16,0.5027519689682738,0.5014218506336081,0.0013301183346656753
22,1,28,band_5,16,0.45177192751139045,0.445164740180782,0.006607187330608444
22,1,32,band_5,16,0.41727964489537095,0.428045515394913,-0.01076587049954203
22,1,39,band_5,16,0.5715492902708986,0.5795258052225902,-0.007976514951691605
22,1,1,band_6,16,0.5357142857142857,0.48863636363636365,0.04707792207792205
22,1,2,band_6,16,0.47982795892631963,0.4807422086110611,-0.0009142496847414638
22,1,3,band_6,16,0.5360439733845304,0.5305385336945182,0.005505439690012159
22,1,9,band_6,16,0.4194385948119077,0.8501962285823682,-0.4307576337704605
22,1,18,band_6,16,0.3921568627450981,0.39285714285714285,-0.0007002801120447599
22,1,27,band_6,16,0.5027519689682738,0.5276507358240837,-0.02489876685580994
22,1,28,band_6,16,0.45177192751139045,0.4503435444410261,0.0014283830703643585
22,1,32,band_6,16,0.41727964489537095,0.4235820474881984,-0.0063024025928274385
22,1,39,band_6,16,0.5715492902708986,0.5698934185203638,0.001655871750534832
22,1,1,band_7,16,0.5357142857142857,0.5211038961038961,0.01461038961038963
22,1,2,band_7,16,0.47982795892631963,0.48484056926679875,-0.005012610340479118
22,1,3,band_7,16,0.5360439733845304,0.5307971490939695,0.005246824290560892
22,1,9,band_7,16,0.4194385948119077,0.5108763281324782,-0.09143773332057048
22,1,18,band_7,16,0.3921568627450981,0.3941351540616247,-0.0019782913165266036
22,1,27,band_7,16,0.5027519689682738,0.5028830151096201,-0.00013104614134629156
22,1,28,band_7,16,0.45177192751139045,0.4534530245095885,-0.0016810969981980728
22,1,32,band_7,16,0.41727964489537095,0.4191432396251673,-0.0018635947297963584
22,1,39,band_7,16,0.5715492902708986,0.5707482195715248,0.0008010706993738514
22,2,0,periocular_eog,6,0.5751120059494658,0.5627550742776297,0.012356931671836047
22,2,10,periocular_eog,6,0.4899710082680125,0.4889137048570099,0.0010573034110025747
22,2,11,periocular_eog,6,0.5135567544072716,0.5115177121818391,0.002039042225432497
22,2,14,periocular_eog,6,0.5465648854961832,0.557760814249364,-0.011195928753180762
22,2,23,periocular_eog,6,0.4495103962665111,0.4465394391432977,0.0029709571232134357
22,2,34,periocular_eog,6,0.5344073721683539,0.5304465421579843,0.00396083001036962
22,2,37,periocular_eog,6,0.49282878239063804,0.4917456115909724,0.0010831707996656337
22,2,38,periocular_eog,6,0.49025595064404515,0.47881320605277417,0.011442744591270981
22,2,43,periocular_eog,6,0.49123206467900166,0.5030757677435849,-0.011843703064583211
22,2,0,frontal_polar,8,0.5751120059494658,0.5578168362627197,0.017295169686746048
22,2,10,frontal_polar,8,0.4899710082680125,0.4916432227352447,-0.0016722144672322026
22,2,11,frontal_polar,8,0.5135567544072716,0.5112927144190328,0.002264039988238764
22,2,14,frontal_polar,8,0.5465648854961832,0.5557251908396947,-0.009160305343511532
22,2,23,frontal_polar,8,0.4495103962665111,0.4632151339639151,-0.01370473769740399
22,2,34,frontal_polar,8,0.5344073721683539,0.5325044632834799,0.0019029088848739883
22,2,37,frontal_polar,8,0.49282878239063804,0.4877368347729173,0.005091947617720749
22,2,38,frontal_polar,8,0.49025595064404515,0.49318958689399306,-0.002933636249947913
22,2,43,frontal_polar,8,0.49123206467900166,0.48891924711596846,0.002312817563033198
22,2,0,non_periocular,114,0.5751120059494658,0.5488427563439807,0.026269249605485046
22,2,10,non_periocular,114,0.4899710082680125,0.48110096997029245,0.00887003829772004
22,2,11,non_periocular,114,0.5135567544072716,0.5334326221188141,-0.019875867711542594
22,2,14,non_periocular,114,0.5465648854961832,0.4122137404580153,0.13435114503816792
22,2,23,non_periocular,114,0.4495103962665111,0.4754218925788575,-0.02591149631234635
22,2,34,non_periocular,114,0.5344073721683539,0.5908692445024106,-0.05646187233405675
22,2,37,non_periocular,114,0.49282878239063804,0.5057885204792422,-0.012959738088604122
22,2,38,non_periocular,114,0.49025595064404515,0.503329651090083,-0.01307370044603784
22,2,43,non_periocular,114,0.49123206467900166,0.4869938963985556,0.004238168280446042
22,2,0,vertex_ring,6,0.5751120059494658,0.5791614518147685,-0.004049445865302759
22,2,10,vertex_ring,6,0.4899710082680125,0.4906524929310284,-0.0006814846630159299
22,2,11,vertex_ring,6,0.5135567544072716,0.511582271199008,0.0019744832082635444
22,2,14,vertex_ring,6,0.5465648854961832,0.5468193384223918,-0.0002544529262086259
22,2,23,vertex_ring,6,0.4495103962665111,0.4480395016459019,0.001470894620609231
22,2,34,vertex_ring,6,0.5344073721683539,0.5330603692498477,0.0013470029185062016
22,2,37,vertex_ring,6,0.49282878239063804,0.4940338534410699,-0.001205071050431883
22,2,38,vertex_ring,6,0.49025595064404515,0.4867803993497019,0.0034755512943432376
22,2,43,vertex_ring,6,0.49123206467900166,0.4890151152014828,0.0022169494775188814
22,2,0,left_temporal,8,0.5751120059494658,0.564573470461265,0.010538535488200718
22,2,10,left_temporal,8,0.4899710082680125,0.4901607072550915,-0.00018969898707899002
22,2,11,left_temporal,8,0.5135567544072716,0.5089884049448372,0.00456834946243434
22,2,14,left_temporal,8,0.5465648854961832,0.5451653944020356,0.001399491094147609
22,2,23,left_temporal,8,0.4495103962665111,0.44521021709237896,0.004300179174132168
22,2,34,left_temporal,8,0.5344073721683539,0.5321089148074107,0.0022984573609431402
22,2,37,left_temporal,8,0.49282878239063804,0.49408957926999164,-0.0012607968793535984
22,2,38,left_temporal,8,0.49025595064404515,0.4923506607194964,-0.002094710075451256
22,2,43,left_temporal,8,0.49123206467900166,0.4916275205317483,-0.0003954558527466401
22,2,0,right_temporal,8,0.5751120059494658,0.5596579057154777,0.015454100233988077
22,2,10,right_temporal,8,0.4899710082680125,0.49480439528973835,-0.004833387021725866
22,2,11,right_temporal,8,0.5135567544072716,0.5192449790982192,-0.005688224690947652
22,2,14,right_temporal,8,0.5465648854961832,0.4823155216284987,0.06424936386768448
22,2,23,right_temporal,8,0.4495103962665111,0.45787116129838745,-0.008360765031876327
22,2,34,right_temporal,8,0.5344073721683539,0.5382773329342214,-0.0038699607658675417
22,2,37,right_temporal,8,0.49282878239063804,0.4949533296182781,-0.00212454722764005
22,2,38,right_temporal,8,0.49025595064404515,0.48322147651006714,0.007034474133978008
22,2,43,right_temporal,8,0.49123206467900166,0.48979803789984977,0.0014340267791518868
22,2,0,occipital,9,0.5751120059494658,0.5808075311530717,-0.0056955252036059445
22,2,10,occipital,9,0.4899710082680125,0.4891334693439279,0.0008375389240846132
22,2,11,occipital,9,0.5135567544072716,0.5123844649271954,0.001172289480076194
22,2,14,occipital,9,0.5465648854961832,0.5461832061068703,0.00038167938931288337
22,2,23,occipital,9,0.4495103962665111,0.4491374640610026,0.0003729322055085471
22,2,34,occipital,9,0.5344073721683539,0.5315316278423365,0.0028757443260173376
22,2,37,occipital,9,0.49282878239063804,0.4882836444692115,0.004545137921426523
22,2,38,occipital,9,0.49025595064404515,0.4909541873358623,-0.0006982366918171778
22,2,43,occipital,9,0.49123206467900166,0.49703208385261877,-0.00580001917361711
22,2,0,band_0,16,0.5751120059494658,0.5533139250149643,0.021798080934501418
22,2,10,band_0,16,0.4899710082680125,0.49157736497369264,-0.0016063567056801564
22,2,11,band_0,16,0.5135567544072716,0.5031295143372154,0.010427240070056132
22,2,14,band_0,16,0.5465648854961832,0.48473282442748095,0.06183206106870226
22,2,23,band_0,16,0.4495103962665111,0.46749864577690736,-0.017988249510396237
22,2,34,band_0,16,0.5344073721683539,0.5339744069445485,0.000432965223805426
22,2,37,band_0,16,0.49282878239063804,0.486712872666481,0.006115909724157043
22,2,38,band_0,16,0.49025595064404515,0.49450268873233566,-0.004246738088290514
22,2,43,band_0,16,0.49123206467900166,0.4830752884031573,0.00815677627584438
22,2,0,band_1,16,0.5751120059494658,0.5583201828372422,0.016791823112223603
22,2,10,band_1,16,0.4899710082680125,0.4888929453452163,0.0010780629227961636
22,2,11,band_1,16,0.5135567544072716,0.5192123799905399,-0.0056556255832683755
22,2,14,band_1,16,0.5465648854961832,0.5477099236641221,-0.0011450381679388721
22,2,23,band_1,16,0.4495103962665111,0.446845701904246,0.00266469436226513
22,2,34,band_1,16,0.5344073721683539,0.5432109983857345,-0.008803626217380622
22,2,37,band_1,16,0.49282878239063804,0.5018319866258011,-0.009003204235163043
22,2,38,band_1,16,0.49025595064404515,0.5005367043228146,-0.010280753678769461
22,2,43,band_1,16,0.49123206467900166,0.48763701147221417,0.0035950532067874907
22,2,0,band_2,16,0.5751120059494658,0.5670629954109303,0.008049010538535462
22,2,10,band_2,16,0.4899710082680125,0.48578188195712085,0.004189126310891633
22,2,11,band_2,16,0.5135567544072716,0.5259661480638687,-0.0124093936565971
22,2,14,band_2,16,0.5465648854961832,0.5482188295165394,-0.001653944020356235
22,2,23,band_2,16,0.4495103962665111,0.43869327888662035,0.010817117379890773
22,2,34,band_2,16,0.5344073721683539,0.5297356239509947,0.004671748217359162
22,2,37,band_2,16,0.49282878239063804,0.4908888269713012,0.0019399554193368362
22,2,38,band_2,16,0.49025595064404515,0.49515923965150693,-0.004903289007461786
22,2,43,band_2,16,0.49123206467900166,0.48903908222286135,0.002192982456140302
22,2,0,band_3,16,0.5751120059494658,0.5686002430574449,0.006511762892020823
22,2,10,band_3,16,0.4899710082680125,0.48944987293747094,0.0005211353305415445
22,2,11,band_3,16,0.5135567544072716,0.5004992137862266,0.013057540621044916
22,2,14,band_3,16,0.5465648854961832,0.5511450381679389,-0.004580152671755711
22,2,23,band_3,16,0.4495103962665111,0.4388724530188758,0.01063794324763534
22,2,34,band_3,16,0.5344073721683539,0.5309489956275858,0.003458376540768082
22,2,37,band_3,16,0.49282878239063804,0.5000243800501533,-0.007195597659515218
22,2,38,band_3,16,0.49025595064404515,0.4924184001000458,-0.002162449456000637
22,2,43,band_3,16,0.49123206467900166,0.48921883488320067,0.002013229795800986
22,2,0,band_4,16,0.5751120059494658,0.5924887994050534,-0.017376793455587625
22,2,10,band_4,16,0.4899710082680125,0.4879609148502094,0.0020100934178030605
22,2,11,band_4,16,0.5135567544072716,0.51542449151784,-0.0018677371105684237
22,2,14,band_4,16,0.5465648854961832,0.5477099236641221,-0.0011450381679388721
22,2,23,band_4,16,0.4495103962665111,0.44814367265302724,0.001366723613483889
22,2,34,band_4,16,0.5344073721683539,0.5464716006884681,-0.01206422852011424
22,2,37,band_4,16,0.49282878239063804,0.4948174979102814,-0.001988715519643358
22,2,38,band_4,16,0.49025595064404515,0.4997394639209638,-0.009483513276918654
22,2,43,band_4,16,0.49123206467900166,0.493668711852491,-0.002436647173489348
22,2,0,band_5,16,0.5751120059494658,0.5682329360976583,0.006879069851807418
22,2,10,band_5,16,0.4899710082680125,0.4885708149897992,0.0014001932782132798
22,2,11,band_5,16,0.5135567544072716,0.5092447234189432,0.00431203098832833
22,2,14,band_5,16,0.5465648854961832,0.5454198473282442,0.0011450381679389832
22,2,23,band_5,16,0.4495103962665111,0.45103962665111047,-0.001529230384599345
22,2,34,band_5,16,0.5344073721683539,0.5382666424348681,-0.0038592702665142253
22,2,37,band_5,16,0.49282878239063804,0.4887712454722764,0.004057536918361637
22,2,38,band_5,16,0.49025595064404515,0.48642085956063197,0.003835091083413178
22,2,43,band_5,16,0.49123206467900166,0.4934130636244528,-0.0021809989454511514
22,2,0,band_6,16,0.5751120059494658,0.5687000054415846,0.006412000507881155
22,2,10,band_6,16,0.4899710082680125,0.4894806542825441,0.0004903539854683725
22,2,11,band_6,16,0.5135567544072716,0.5194865960139601,-0.005929841606688524
22,2,14,band_6,16,0.5465648854961832,0.4867684478371501,0.059796437659033086
22,2,23,band_6,16,0.4495103962665111,0.4694549772907204,-0.019944581024209262
22,2,34,band_6,16,0.5344073721683539,0.5264803668979378,0.007927005270416121
22,2,37,band_6,16,0.49282878239063804,0.4916376427974366,0.0011911395932014401
22,2,38,band_6,16,0.49025595064404515,0.4850712826712243,0.0051846679728208556
22,2,43,band_6,16,0.49123206467900166,0.48893921963378395,0.0022928450452177063
22,2,0,band_7,16,0.5751120059494658,0.5469064591609075,0.028205546788558244
22,2,10,band_7,16,0.4899710082680125,0.5040037223952181,-0.014032714127205581
22,2,11,band_7,16,0.5135567544072716,0.5214137785561792,-0.007857024148907654
22,2,14,band_7,16,0.5465648854961832,0.605089058524173,-0.058524173027989845
22,2,23,band_7,16,0.4495103962665111,0.4642672611358806,-0.014756864869369501
22,2,34,band_7,16,0.5344073721683539,0.5085096374851669,0.025897734683187013
22,2,37,band_7,16,0.49282878239063804,0.4847833658400669,0.008045416550571116
22,2,38,band_7,16,0.49025595064404515,0.47874025595064407,0.01151569469340108
22,2,43,band_7,16,0.49123206467900166,0.503247531396798,-0.012015466717796353
22,3,5,periocular_eog,6,0.535252968199988,0.5339031084064196,0.0013498597935683865
22,3,13,periocular_eog,6,0.5326884715269675,0.5302420113666303,0.002446460160337227
22,3,17,periocular_eog,6,0.514158462259728,0.462681669010783,0.05147679324894505
22,3,20,periocular_eog,6,0.55625,0.5531250000000001,0.0031249999999999334
22,3,31,periocular_eog,6,0.49427643152339507,0.511880613095188,-0.017604181571792887
22,3,33,periocular_eog,6,0.5168179607715999,0.5238220673258767,-0.0070041065542767456
22,3,35,periocular_eog,6,0.49061809415388735,0.46272684658139696,0.027891247572490396
22,3,40,periocular_eog,6,0.5065109794353433,0.5033112582781456,0.003199721157197688
22,3,41,periocular_eog,6,0.6979847494553377,0.6546840958605664,0.04330065359477131
22,3,5,frontal_polar,8,0.535252968199988,0.535111270210608,0.00014169798938001854
22,3,13,frontal_polar,8,0.5326884715269675,0.5297903571831835,0.002898114343784064
22,3,17,frontal_polar,8,0.514158462259728,0.5348335677449602,-0.020675105485232104
22,3,20,frontal_polar,8,0.55625,0.59375,-0.03749999999999998
22,3,31,frontal_polar,8,0.49427643152339507,0.48619189105019067,0.008084540473204394
22,3,33,frontal_polar,8,0.5168179607715999,0.5127958340087534,0.004022126762846523
22,3,35,frontal_polar,8,0.49061809415388735,0.5201901828165807,-0.02957208866269334
22,3,40,frontal_polar,8,0.5065109794353433,0.5036388985709306,0.002872080864412707
22,3,41,frontal_polar,8,0.6979847494553377,0.7034313725490196,-0.005446623093681824
22,3,5,non_periocular,114,0.535252968199988,0.5515706103454447,-0.016317642145456723
22,3,13,non_periocular,114,0.5326884715269675,0.4929993601565734,0.0396891113703941
22,3,17,non_periocular,114,0.514158462259728,0.5636193155180497,-0.04946085325832161
22,3,20,non_periocular,114,0.55625,0.43125,0.125
22,3,31,non_periocular,114,0.49427643152339507,0.47511931115169975,0.019157120371695313
22,3,33,non_periocular,114,0.5168179607715999,0.5216269519641217,-0.004808991192521761
22,3,35,non_periocular,114,0.49061809415388735,0.47926069778343267,0.011357396370454687
22,3,40,non_periocular,114,0.5065109794353433,0.53401882188916,-0.027507842453816655
22,3,41,non_periocular,114,0.6979847494553377,0.638888888888889,0.05909586056644878
22,3,5,vertex_ring,6,0.535252968199988,0.5349024521209952,0.0003505160789928352
22,3,13,vertex_ring,6,0.5326884715269675,0.5329095938876134,-0.00022112236064586455
22,3,17,vertex_ring,6,0.514158462259728,0.5211439287388655,-0.006985466479137448
22,3,20,vertex_ring,6,0.55625,0.55,0.006249999999999978
22,3,31,vertex_ring,6,0.49427643152339507,0.49872903111769507,-0.0044525995943
22,3,33,vertex_ring,6,0.5168179607715999,0.5104082239152753,0.0064097368563246215
22,3,35,vertex_ring,6,0.49061809415388735,0.4872229290832385,0.0033951650706488534
22,3,40,vertex_ring,6,0.5065109794353433,0.5064935517601953,1.742767514800736e-05
22,3,41,vertex_ring,6,0.6979847494553377,0.6968954248366013,0.0010893246187364536
22,3,5,left_temporal,8,0.535252968199988,0.5387208400453434,-0.0034678718453553525
22,3,13,left_temporal,8,0.5326884715269675,0.5320768564868832,0.0006116150400843345
22,3,17,left_temporal,8,0.514158462259728,0.5037037037037038,0.01045475855602429
22,3,20,left_temporal,8,0.55625,0.55,0.006249999999999978
22,3,31,left_temporal,8,0.49427643152339507,0.49545060476234565,-0.0011741732389505821
22,3,33,left_temporal,8,0.5168179607715999,0.5174697411790135,-0.000651780407413538
22,3,35,left_temporal,8,0.49061809415388735,0.4956673140025447,-0.00504921984865736
22,3,40,left_temporal,8,0.5065109794353433,0.5105402579295921,-0.0040292784942488336
22,3,41,left_temporal,8,0.6979847494553377,0.6941721132897605,0.0038126361655772545
22,3,5,right_temporal,8,0.535252968199988,0.5291002923453254,0.006152675854662615
22,3,13,right_temporal,8,0.5326884715269675,0.5381694832323385,-0.005481011705370964
22,3,17,right_temporal,8,0.514158462259728,0.5221284575714955,-0.007969995311767453
22,3,20,right_temporal,8,0.55625,0.546875,0.009375000000000022
22,3,31,right_temporal,8,0.49427643152339507,0.49221005496309145,0.0020663765603036177
22,3,33,right_temporal,8,0.5168179607715999,0.5219207597125411,-0.005102798940941233
22,3,35,right_temporal,8,0.49061809415388735,0.4789861380834393,0.011631956070448035
22,3,40,right_temporal,8,0.5065109794353433,0.5098048100383409,-0.003293830602997594
22,3,41,right_temporal,8,0.6979847494553377,0.7058823529411764,-0.007897603485838678
22,3,5,occipital,9,0.535252968199988,0.4970318000119324,0.0382211681880556
22,3,13,occipital,9,0.5326884715269675,0.536800406488765,-0.004111934961797514
22,3,17,occipital,9,0.514158462259728,0.5151429910923582,-0.000984528832630116
22,3,20,occipital,9,0.55625,0.58125,-0.025000000000000022
22,3,31,occipital,9,0.49427643152339507,0.4859225466512916,0.008353884872103479
22,3,33,occipital,9,0.5168179607715999,0.495944102231588,0.02087385854001189
22,3,35,occipital,9,0.49061809415388735,0.4930623451416326,-0.0024442509877452556
22,3,40,occipital,9,0.5065109794353433,0.5063157894736843,0.0001951899616590147
22,3,41,occipital,9,0.6979847494553377,0.6936274509803921,0.004357298474945592
22,3,5,band_0,16,0.535252968199988,0.5379228566314659,-0.0026698884314778626
22,3,13,band_0,16,0.5326884715269675,0.49373800293575215,0.03895046859121537
22,3,17,band_0,16,0.514158462259728,0.476558837318331,0.03759962494139707
22,3,20,band_0,16,0.55625,0.59375,-0.03749999999999998
22,3,31,band_0,16,0.49427643152339507,0.49705825414327437,-0.002781822619879304
22,3,33,band_0,16,0.5168179607715999,0.5250378235262333,-0.008219862754633378
22,3,35,band_0,16,0.49061809415388735,0.49514498091475256,-0.004526886760865212
22,3,40,band_0,16,0.5065109794353433,0.5093586615545487,-0.002847682119205386
22,3,41,band_0,16,0.6979847494553377,0.7205882352941176,-0.022603485838779913
22,3,5,band_1,16,0.535252968199988,0.5311362687190501,0.004116699480937958
22,3,13,band_1,16,0.5326884715269675,0.520404418683428,0.012284052843539506
22,3,17,band_1,16,0.514158462259728,0.5252695733708392,-0.011111111111111183
22,3,20,band_1,16,0.55625,0.54375,0.012500000000000067
22,3,31,band_1,16,0.49427643152339507,0.5004503101669093,-0.006173878643514263
22,3,33,band_1,16,0.5168179607715999,0.5321364888960934,-0.015318528124493525
22,3,35,band_1,16,0.49061809415388735,0.48230764079555344,0.008310453358333914
22,3,40,band_1,16,0.5065109794353433,0.5010874869292437,0.005423492506099636
22,3,41,band_1,16,0.6979847494553377,0.696078431372549,0.0019063180827887383
22,3,5,band_2,16,0.535252968199988,0.5398842551160432,-0.004631286916055188
22,3,13,band_2,16,0.5326884715269675,0.5324108923933908,0.00027757913357673303
22,3,17,band_2,16,0.514158462259728,0.5022972339428036,0.011861228316924488
22,3,20,band_2,16,0.55625,0.4890625,0.06718750000000001
22,3,31,band_2,16,0.49427643152339507,0.4942553889922311,2.104253116397281e-05
22,3,33,band_2,16,0.5168179607715999,0.5270066731506997,-0.010188712379099796
22,3,35,band_2,16,0.49061809415388735,0.48949306904171963,0.0011250251121677213
22,3,40,band_2,16,0.5065109794353433,0.5194004879749041,-0.012889508539560834
22,3,41,band_2,16,0.6979847494553377,0.7037037037037037,-0.005718954248365993
22,3,5,band_3,16,0.535252968199988,0.5468945766959011,-0.011641608495913114
22,3,13,band_3,16,0.5326884715269675,0.5391104294478528,-0.006421957920885291
22,3,17,band_3,16,0.514158462259728,0.5022972339428036,0.011861228316924488
22,3,20,band_3,16,0.55625,0.6953125,-0.13906249999999998
22,3,31,band_3,16,0.49427643152339507,0.5002314678428039,-0.005955036319408857
22,3,33,band_3,16,0.5168179607715999,0.5106817690603556,0.006136191711244354
22,3,35,band_3,16,0.49061809415388735,0.49004888501975485,0.0005692091341324979
22,3,40,band_3,16,0.5065109794353433,0.5097246427326595,-0.003213663297316205
22,3,41,band_3,16,0.6979847494553377,0.6604030501089324,0.03758169934640532
22,3,5,band_4,16,0.535252968199988,0.532128154644711,0.0031248135552770506
22,3,13,band_4,16,0.5326884715269675,0.5255655086755242,0.007122962851443315
22,3,17,band_4,16,0.514158462259728,0.5299578059071729,-0.01579934364744484
22,3,20,band_4,16,0.55625,0.559375,-0.0031249999999999334
22,3,31,band_4,16,0.49427643152339507,0.47737927899871224,0.016897152524682824
22,3,33,band_4,16,0.5168179607715999,0.5110836440265846,0.005734316745015344
22,3,35,band_4,16,0.49061809415388735,0.5050090403803656,-0.014390946226478296
22,3,40,band_4,16,0.5065109794353433,0.5008260718020217,0.005684907633321634
22,3,41,band_4,16,0.6979847494553377,0.7015250544662308,-0.0035403050108930856
22,3,5,band_5,16,0.535252968199988,0.4918262633494421,0.043426704850545894
22,3,13,band_5,16,0.5326884715269675,0.5434623056946065,-0.010773834167638996
22,3,17,band_5,16,0.514158462259728,0.5037505860290671,0.010407876230660973
22,3,20,band_5,16,0.55625,0.584375,-0.028124999999999956
22,3,31,band_5,16,0.49427643152339507,0.49421330392990315,6.312759349191843e-05
22,3,33,band_5,16,0.5168179607715999,0.48537377748959853,0.03144418328200138
22,3,35,band_5,16,0.49061809415388735,0.4664970200227684,0.02412107413111897
22,3,40,band_5,16,0.5065109794353433,0.5064308121296619,8.016730568138897e-05
22,3,41,band_5,16,0.6979847494553377,0.6802832244008714,0.017701525054466316
22,3,5,band_6,16,0.535252968199988,0.5301667561601336,0.005086212039854376
22,3,13,band_6,16,0.5326884715269675,0.5303455154503368,0.002342956076630709
22,3,17,band_6,16,0.514158462259728,0.5116268166901079,0.0025316455696201556
22,3,20,band_6,16,0.55625,0.5531250000000001,0.0031249999999999334
22,3,31,band_6,16,0.49427643152339507,0.4969698755123857,-0.002693443988990629
22,3,33,band_6,16,0.5168179607715999,0.5166963851515642,0.00012157562003567435
22,3,35,band_6,16,0.49061809415388735,0.508290363624188,-0.01767226947030065
22,3,40,band_6,16,0.5065109794353433,0.5028755663994423,0.0036354130359009806
22,3,41,band_6,16,0.6979847494553377,0.6721132897603486,0.025871459694989163
22,3,5,band_7,16,0.535252968199988,0.5272582184833841,0.007994749716603966
22,3,13,band_7,16,0.5326884715269675,0.5349043998645038,-0.002215928337536255
22,3,17,band_7,16,0.514158462259728,0.4894983591186123,0.024660103141115775
22,3,20,band_7,16,0.55625,0.5499999999999999,0.006250000000000089
22,3,31,band_7,16,0.49427643152339507,0.5091913776124303,-0.014914946089035208
22,3,33,band_7,16,0.5168179607715999,0.5328456800129681,-0.016027719241368144
22,3,35,band_7,16,0.49061809415388735,0.4910667648831447,-0.00044867072925736107
22,3,40,band_7,16,0.5065109794353433,0.5089159986057861,-0.0024050191704427792
22,3,41,band_7,16,0.6979847494553377,0.644880174291939,0.053104575163398726
22,4,7,periocular_eog,6,0.5785714285714285,0.5616071428571429,0.016964285714285654
22,4,12,periocular_eog,6,0.5364801486637956,0.5333977346469235,0.003082414016872037
22,4,15,periocular_eog,6,0.5366101694915254,0.53239625949737,0.004213909994155385
22,4,19,periocular_eog,6,0.6188102382097356,0.605250502902271,0.013559735307464571
22,4,22,periocular_eog,6,0.557421430786726,0.5456425100796031,0.011778920707122942
22,4,24,periocular_eog,6,0.43987615207373276,0.4440164170506912,-0.004140264976958463
22,4,26,periocular_eog,6,0.704890193233529,0.7153597573039636,-0.010469564070434645
22,4,30,periocular_eog,6,0.5211022628446703,0.529006019473765,-0.007903756629094705
22,4,7,frontal_polar,8,0.5785714285714285,0.5915178571428572,-0.012946428571428692
22,4,12,frontal_polar,8,0.5364801486637956,0.5360561323815705,0.0004240162822251037
22,4,15,frontal_polar,8,0.5366101694915254,0.523115137346581,0.013495032144944408
22,4,19,frontal_polar,8,0.6188102382097356,0.6185393144273688,0.00027092378236681647
22,4,22,frontal_polar,8,0.557421430786726,0.5455585133877805,0.011862917398945516
22,4,24,frontal_polar,8,0.43987615207373276,0.42808539746543783,0.011790754608294929
22,4,26,frontal_polar,8,0.704890193233529,0.6937363978104596,0.01115379542306938
22,4,30,frontal_polar,8,0.5211022628446703,0.5123885203690125,0.008713742475657815
22,4,7,non_periocular,114,0.5785714285714285,0.47946428571428573,0.09910714285714278
22,4,12,non_periocular,114,0.5364801486637956,0.46944133089493245,0.06703881776886311
22,4,15,non_periocular,114,0.5366101694915254,0.514593804792519,0.022016364699006363
22,4,19,non_periocular,114,0.6188102382097356,0.5436085693192363,0.07520166889049928
22,4,22,non_periocular,114,0.557421430786726,0.5476455081153726,0.00977592267135341
22,4,24,non_periocular,114,0.43987615207373276,0.5650381624423964,-0.1251620103686636
22,4,26,non_periocular,114,0.704890193233529,0.4267790015168502,0.27811119171667875
22,4,30,non_periocular,114,0.5211022628446703,0.5122563647835207,0.00884589806114966
22,4,7,vertex_ring,6,0.5785714285714285,0.5839285714285715,-0.005357142857142949
22,4,12,vertex_ring,6,0.5364801486637956,0.5356099935107073,0.0008701551530883034
22,4,15,vertex_ring,6,0.5366101694915254,0.5341087083576856,0.002501461133839755
22,4,19,vertex_ring,6,0.6188102382097356,0.6215127029388458,-0.0027024647291101767
22,4,22,vertex_ring,6,0.557421430786726,0.5532732864674869,0.004148144319239155
22,4,24,vertex_ring,6,0.43987615207373276,0.43312572004608296,0.0067504320276498
22,4,26,vertex_ring,6,0.704890193233529,0.7066213809932071,-0.0017311877596781766
22,4,30,vertex_ring,6,0.5211022628446703,0.5225986051191106,-0.0014963422744402877
22,4,7,left_temporal,8,0.5785714285714285,0.49107142857142855,0.08749999999999997
22,4,12,left_temporal,8,0.5364801486637956,0.5357722258273848,0.0007079228364107459
22,4,15,left_temporal,8,0.5366101694915254,0.5280128579777907,0.008597311513734662
22,4,19,left_temporal,8,0.6188102382097356,0.6180618112609471,0.0007484269487885165
22,4,22,left_temporal,8,0.557421430786726,0.5635790344257211,-0.0061576036389950906
22,4,24,left_temporal,8,0.43987615207373276,0.44339537730414746,-0.003519225230414702
22,4,26,left_temporal,8,0.704890193233529,0.6401767460265119,0.0647134472070171
22,4,30,left_temporal,8,0.5211022628446703,0.5195291850689767,0.0015730777756935987
22,4,7,right_temporal,8,0.5785714285714285,0.5705357142857143,0.008035714285714257
22,4,12,right_temporal,8,0.5364801486637956,0.5307024659312135,0.005777682732582057
22,4,15,right_temporal,8,0.5366101694915254,0.5471829339567504,-0.010572764465225037
22,4,19,right_temporal,8,0.6188102382097356,0.6070623056968498,0.01174793251288575
22,4,22,right_temporal,8,0.557421430786726,0.5507210792928772,0.006700351493848844
22,4,24,right_temporal,8,0.43987615207373276,0.46282762096774194,-0.022951468894009175
22,4,26,right_temporal,8,0.704890193233529,0.7126393193958979,-0.007749126162368891
22,4,30,right_temporal,8,0.5211022628446703,0.5282471906280375,-0.007144927783367172
22,4,7,occipital,9,0.5785714285714285,0.5625,0.016071428571428514
22,4,12,occipital,9,0.5364801486637956,0.5331470119756947,0.0033331366881008684
22,4,15,occipital,9,0.5366101694915254,0.5367095265926358,-9.935710111041995e-05
22,4,19,occipital,9,0.6188102382097356,0.6153965985519124,0.003413639657823153
22,4,22,occipital,9,0.557421430786726,0.5506564664530135,0.006764964333712542
22,4,24,occipital,9,0.43987615207373276,0.4376890120967742,0.002187139976958574
22,4,26,occipital,9,0.704890193233529,0.706720306008046,-0.0018301127745170565
22,4,30,occipital,9,0.5211022628446703,0.5230121242091981,-0.001909861364527754
22,4,7,band_0,16,0.5785714285714285,0.5200892857142857,0.058482142857142816
22,4,12,band_0,16,0.5364801486637956,0.5414282343224589,-0.004948085658663337
22,4,15,band_0,16,0.5366101694915254,0.5251841028638224,0.011426066627702958
22,4,19,band_0,16,0.6188102382097356,0.6166902596127144,0.002119978597021177
22,4,22,band_0,16,0.557421430786726,0.560380698852476,-0.002959268065749976
22,4,24,band_0,16,0.43987615207373276,0.4591643865207373,-0.01928823444700456
22,4,26,band_0,16,0.704890193233529,0.7418799050319858,-0.03698971179845678
22,4,30,band_0,16,0.5211022628446703,0.5276716743686374,-0.006569411523967061
22,4,7,band_1,16,0.5785714285714285,0.6513392857142857,-0.07276785714285716
22,4,12,band_1,16,0.5364801486637956,0.5248399799421863,0.011640168721609223
22,4,15,band_1,16,0.5366101694915254,0.5475394506136763,-0.010929281122150858
22,4,19,band_1,16,0.6188102382097356,0.5896893181525709,0.029120920057164712
22,4,22,band_1,16,0.557421430786726,0.5099374547710122,0.04748397601571386
22,4,24,band_1,16,0.43987615207373276,0.3874837989631336,0.052392353110599144
22,4,26,band_1,16,0.704890193233529,0.6645040559256084,0.04038613730792062
22,4,30,band_1,16,0.5211022628446703,0.5082746448851525,0.012827617959517812
22,4,7,band_2,16,0.5785714285714285,0.5339285714285713,0.044642857142857206
22,4,12,band_2,16,0.5364801486637956,0.5270190549230134,0.00946109374078219
22,4,15,band_2,16,0.5366101694915254,0.5138866160140269,0.022723553477498548
22,4,19,band_2,16,0.6188102382097356,0.6094193426034421,0.00939089560629347
22,4,22,band_2,16,0.557421430786726,0.571778403804404,-0.01435697301767802
22,4,24,band_2,16,0.43987615207373276,0.4311095910138249,0.008766561059907862
22,4,26,band_2,16,0.704890193233529,0.6459721031458154,0.05891809008771354
22,4,30,band_2,16,0.5211022628446703,0.5248196715720547,-0.0037174087273843526
22,4,7,band_3,16,0.5785714285714285,0.5339285714285714,0.044642857142857095
22,4,12,band_3,16,0.5364801486637956,0.5334788508052621,0.003001297858533425
22,4,15,band_3,16,0.5366101694915254,0.5301578024547049,0.0064523670368205055
22,4,19,band_3,16,0.6188102382097356,0.6126501087081677,0.006160129501567857
22,4,22,band_3,16,0.557421430786726,0.562080016540887,-0.004658585754161004
22,4,24,band_3,16,0.43987615207373276,0.4434673819124424,-0.003591229838709631
22,4,26,band_3,16,0.704890193233529,0.6544961419244213,0.05039405130910768
22,4,30,band_3,16,0.5211022628446703,0.5383123305424348,-0.017210067697764453
22,4,7,band_4,16,0.5785714285714285,0.5919642857142857,-0.013392857142857206
22,4,12,band_4,16,0.5364801486637956,0.5420697893929562,-0.005589640729160683
22,4,15,band_4,16,0.5366101694915254,0.5458737580362361,-0.009263588544710655
22,4,19,band_4,16,0.6188102382097356,0.6295455930860251,-0.010735354876289516
22,4,22,band_4,16,0.557421430786726,0.5348521658223923,0.022569264964333757
22,4,24,band_4,16,0.43987615207373276,0.42033590149769584,0.01954025057603692
22,4,26,band_4,16,0.704890193233529,0.7029529116929367,0.0019372815405922506
22,4,30,band_4,16,0.5211022628446703,0.5205011680848524,0.000601094759817955
22,4,7,band_5,16,0.5785714285714285,0.6089285714285714,-0.03035714285714286
22,4,12,band_5,16,0.5364801486637956,0.5217870627101646,0.014693085953630947
22,4,15,band_5,16,0.5366101694915254,0.5296843950905903,0.006925774400935114
22,4,19,band_5,16,0.6188102382097356,0.6100187614719289,0.00879147673780667
22,4,22,band_5,16,0.557421430786726,0.5400793445673524,0.01734208621937361
22,4,24,band_5,16,0.43987615207373276,0.40348682315668205,0.03638932891705071
22,4,26,band_5,16,0.704890193233529,0.6643391809008771,0.0405510123326519
22,4,30,band_5,16,0.5211022628446703,0.5176491652882698,0.003453097556400553
22,4,7,band_6,16,0.5785714285714285,0.5982142857142857,-0.019642857142857184
22,4,12,band_6,16,0.5364801486637956,0.5277196035632117,0.008760545100583883
22,4,15,band_6,16,0.5366101694915254,0.5165867913500877,0.02002337814143773
22,4,19,band_6,16,0.6188102382097356,0.5745209728873025,0.04428926532243305
22,4,22,band_6,16,0.557421430786726,0.5618151038974465,-0.004393673110720475
22,4,24,band_6,16,0.43987615207373276,0.4965527793778802,-0.056676627304147464
22,4,26,band_6,16,0.704890193233529,0.6326172261425841,0.07227296709094488
22,4,30,band_6,16,0.5211022628446703,0.533350101461385,-0.012247838616714635
22,4,7,band_7,16,0.5785714285714285,0.6080357142857142,-0.02946428571428572
22,4,12,band_7,16,0.5364801486637956,0.5288109846026783,0.007669164061117284
22,4,15,band_7,16,0.5366101694915254,0.5537989479836353,-0.01718877849210987
22,4,19,band_7,16,0.6188102382097356,0.5910744159899217,0.027735822219813855
22,4,22,band_7,16,0.557421430786726,0.5226274165202109,0.03479401426651507
22,4,24,band_7,16,0.43987615207373276,0.5731836837557603,-0.13330753168202758
22,4,26,band_7,16,0.704890193233529,0.7437347490602124,-0.03884455582668345
22,4,30,band_7,16,0.5211022628446703,0.511510325188002,0.009591937656668326
33,0,3,periocular_eog,6,0.5170905329230553,0.530862898771796,-0.013772365848740753
33,0,4,periocular_eog,6,0.5442139999043505,0.5411492292241228,0.003064770680227702
33,0,9,periocular_eog,6,0.9801916818225328,0.9791866085957691,0.0010050732267636864
33,0,16,periocular_eog,6,0.5724062882221743,0.5716823152744802,0.000723972947694107
33,0,19,periocular_eog,6,0.5245863332497985,0.5107048759507732,0.013881457299025346
33,0,24,periocular_eog,6,0.8163702476958525,0.813985095046083,0.002385152649769573
33,0,32,periocular_eog,6,0.5042027760163461,0.5037659409568097,0.0004368350595364001
33,0,33,periocular_eog,6,0.5572722483384666,0.5577315340141569,-0.000459285675690313
33,0,41,periocular_eog,6,0.5024509803921569,0.5247821350762528,-0.022331154684095966
33,0,3,frontal_polar,8,0.5170905329230553,0.5020952230667404,0.01499530985631492
33,0,4,frontal_polar,8,0.5442139999043505,0.5421894179725485,0.002024581931801994
33,0,9,frontal_polar,8,0.9801916818225328,0.9795515458983441,0.0006401359241886562
33,0,16,frontal_polar,8,0.5724062882221743,0.5693530110079862,0.0030532772141881326
33,0,19,frontal_polar,8,0.5245863332497985,0.516153830523628,0.008432502726170577
33,0,24,frontal_polar,8,0.8163702476958525,0.8214915754608294,-0.0051213277649768685
33,0,32,frontal_polar,8,0.5042027760163461,0.518706404565631,-0.014503628549284886
33,0,33,frontal_polar,8,0.5572722483384666,0.5519870859674718,0.005285162370994745
33,0,41,frontal_polar,8,0.5024509803921569,0.4989106753812636,0.003540305010893252
33,0,3,non_periocular,114,0.5170905329230553,0.5012141773838642,0.01587635553919109
33,0,4,non_periocular,114,0.5442139999043505,0.5095968371885412,0.03461716271580928
33,0,9,non_periocular,114,0.9801916818225328,0.8283717813726428,0.15181990044989002
33,0,16,non_periocular,114,0.5724062882221743,0.5089979494927692,0.0634083387294051
33,0,19,non_periocular,114,0.5245863332497985,0.5303468501723753,-0.0057605169225767305
33,0,24,non_periocular,114,0.8163702476958525,0.5360383064516129,0.28033194124423966
33,0,32,non_periocular,114,0.5042027760163461,0.4911329528640879,0.013069823152258186
33,0,33,non_periocular,114,0.5572722483384666,0.5000574107094613,0.057214837629005255
33,0,41,non_periocular,114,0.5024509803921569,0.5471132897603486,-0.04466230936819171
33,0,3,vertex_ring,6,0.5170905329230553,0.5291577904601601,-0.012067257537104803
33,0,4,vertex_ring,6,0.5442139999043505,0.5318433260533406,0.012370673851009872
33,0,9,vertex_ring,6,0.9801916818225328,0.9739937302574901,0.006197951565042659
33,0,16,vertex_ring,6,0.5724062882221743,0.5441398661774228,0.028266422044751494
33,0,19,vertex_ring,6,0.5245863332497985,0.5269433701563907,-0.0023570369065921692
33,0,24,vertex_ring,6,0.8163702476958525,0.8113839285714286,0.0049863191244239324
33,0,32,vertex_ring,6,0.5042027760163461,0.49616007891213976,0.008042697104206353
33,0,33,vertex_ring,6,0.5572722483384666,0.5666166855784298,-0.009344437239963255
33,0,41,vertex_ring,6,0.5024509803921569,0.474400871459695,0.028050108932461848
33,0,3,left_temporal,8,0.5170905329230553,0.5233016858217394,-0.006211152898684125
33,0,4,left_temporal,8,0.5442139999043505,0.5416832724895981,0.002530727414752354
33,0,9,left_temporal,8,0.9801916818225328,0.983835072269551,-0.0036433904470182243
33,0,16,left_temporal,8,0.5724062882221743,0.5618120008633715,0.010594287358802856
33,0,19,left_temporal,8,0.5245863332497985,0.5251044749835753,-0.0005181417337767336
33,0,24,left_temporal,8,0.8163702476958525,0.8232826900921659,-0.00691244239631339
33,0,32,left_temporal,8,0.5042027760163461,0.5006305925456211,0.0035721834707249656
33,0,33,left_temporal,8,0.5572722483384666,0.55306438104501,0.004207867293456569
33,0,41,left_temporal,8,0.5024509803921569,0.5422113289760349,-0.039760348583878
33,0,3,right_temporal,8,0.5170905329230553,0.481756656059052,0.0353338768640033
33,0,4,right_temporal,8,0.5442139999043505,0.5462505380286631,-0.0020365381243125924
33,0,9,right_temporal,8,0.9801916818225328,0.9846666507131233,-0.004474968890590514
33,0,16,right_temporal,8,0.5724062882221743,0.5695328800633138,0.002873408158860502
33,0,19,right_temporal,8,0.5245863332497985,0.4902061052674357,0.03438022798236284
33,0,24,right_temporal,8,0.8163702476958525,0.8202854982718895,-0.003915250576036922
33,0,32,right_temporal,8,0.5042027760163461,0.4954872120059184,0.008715564010427723
33,0,33,right_temporal,8,0.5572722483384666,0.5828808018587561,-0.025608553520289568
33,0,41,right_temporal,8,0.5024509803921569,0.579520697167756,-0.07706971677559915
33,0,3,occipital,9,0.5170905329230553,0.5326907398153748,-0.015600206892319557
33,0,4,occipital,9,0.5442139999043505,0.5409659009389597,0.0032480989653908
33,0,9,occipital,9,0.9801916818225328,0.97708074088255,0.0031109409399827648
33,0,16,occipital,9,0.5724062882221743,0.5439060364054968,0.02850025181667748
33,0,19,occipital,9,0.5245863332497985,0.5384948829270606,-0.013908549677262072
33,0,24,occipital,9,0.8163702476958525,0.8080897177419355,0.008280529953917037
33,0,32,occipital,9,0.5042027760163461,0.5153526386246742,-0.011149862608328065
33,0,33,occipital,9,0.5572722483384666,0.5392284000648402,0.018043848273626373
33,0,41,occipital,9,0.5024509803921569,0.4950980392156863,0.007352941176470562
33,0,3,band_0,16,0.5170905329230553,0.5061936196512636,0.010896913271791653
33,0,4,band_0,16,0.5442139999043505,0.5354700377815683,0.008743962122782167
33,0,9,band_0,16,0.9801916818225328,0.9808856609552982,-0.0006939791327653655
33,0,16,band_0,16,0.5724062882221743,0.5582056263040507,0.014200661918123636
33,0,19,band_0,16,0.5245863332497985,0.5454508510393314,-0.02086451778953291
33,0,24,band_0,16,0.8163702476958525,0.8067576324884793,0.00961261520737322
33,0,32,band_0,16,0.5042027760163461,0.5108151905869089,-0.00661241457056283
33,0,33,band_0,16,0.5572722483384666,0.5531825795644891,0.0040896687739774285
33,0,41,band_0,16,0.5024509803921569,0.5130718954248366,-0.0106209150326797
33,0,3,band_1,16,0.5170905329230553,0.49677388247464255,0.020316650448412743
33,0,4,band_1,16,0.5442139999043505,0.5629812367485533,-0.018767236844202784
33,0,9,band_1,16,0.9801916818225328,0.9739219393127213,0.006269742509811493
33,0,16,band_1,16,0.5724062882221743,0.5704906827829339,0.0019156054392404087
33,0,19,band_1,16,0.5245863332497985,0.5064073474529778,0.018178985796820757
33,0,24,band_1,16,0.8163702476958525,0.8005562355990785,0.01581401209677402
33,0,32,band_1,16,0.5042027760163461,0.4983900514338054,0.005812724582540729
33,0,33,band_1,16,0.5572722483384666,0.5437672232128383,0.013505025125628234
33,0,41,band_1,16,0.5024509803921569,0.47766884531590414,0.02478213507625271
33,0,3,band_2,16,0.5170905329230553,0.5243098475484137,-0.007219314625358408
33,0,4,band_2,16,0.5442139999043505,0.5436919128313858,0.0005220870729646387
33,0,9,band_2,16,0.9801916818225328,0.9805745668613,-0.00038288503876715563
33,0,16,band_2,16,0.5724062882221743,0.5462218504928412,0.0261844377293331
33,0,19,band_2,16,0.5245863332497985,0.54054713057849,-0.01596079732869149
33,0,24,band_2,16,0.8163702476958525,0.8055515552995391,0.01081869239631339
33,0,32,band_2,16,0.5042027760163461,0.5147819347565701,-0.01057915874022397
33,0,33,band_2,16,0.5572722483384666,0.5445473334414005,0.012724914897066064
33,0,41,band_2,16,0.5024509803921569,0.5561002178649238,-0.05364923747276695
33,0,3,band_3,16,0.5170905329230553,0.5279173132051653,-0.010826780282110038
33,0,4,band_3,16,0.5442139999043505,0.5344099220456249,0.009804077858725613
33,0,9,band_3,16,0.9801916818225328,0.9822736192208289,-0.0020819373982960965
33,0,16,band_3,16,0.5724062882221743,0.578108137276063,-0.005701849053888708
33,0,19,band_3,16,0.5245863332497985,0.5164213677587153,0.008164965491083254
33,0,24,band_3,16,0.8163702476958525,0.8165502592165899,-0.00018001152073732207
33,0,32,band_3,16,0.5042027760163461,0.5021066723032481,0.0020961037130979854
33,0,33,band_3,16,0.5572722483384666,0.5584474793321446,-0.0011752309936780003
33,0,41,band_3,16,0.5024509803921569,0.5915032679738562,-0.08905228758169936
33,0,3,band_4,16,0.5170905329230553,0.5314765624315108,-0.014386029508455467
33,0,4,band_4,16,0.5442139999043505,0.5526231886368347,-0.008409188732484196
33,0,9,band_4,16,0.9801916818225328,0.9764286398008999,0.003763042021632912
33,0,16,band_4,16,0.5724062882221743,0.5356455500395711,0.03676073818260317
33,0,19,band_4,16,0.5245863332497985,0.5437541908522585,-0.01916785760245998
33,0,24,band_4,16,0.8163702476958525,0.8124099942396313,0.003960253456221197
33,0,32,band_4,16,0.5042027760163461,0.5163425632353977,-0.012139787219051623
33,0,33,band_4,16,0.5572722483384666,0.5353852596314908,0.021886988706975807
33,0,41,band_4,16,0.5024509803921569,0.5032679738562091,-0.0008169934640522847
33,0,3,band_5,16,0.5170905329230553,0.5084071921380919,0.008683340784963356
33,0,4,band_5,16,0.5442139999043505,0.5395630410177111,0.004650958886639356
33,0,9,band_5,16,0.9801916818225328,0.9816574136115631,-0.0014657317890303112
33,0,16,band_5,16,0.5724062882221743,0.5827532556299014,-0.010346967407727115
33,0,19,band_5,16,0.5245863332497985,0.5169496691343307,0.007636664115467817
33,0,24,band_5,16,0.8163702476958525,0.7782888104838709,0.03808143721198165
33,0,32,band_5,16,0.5042027760163461,0.5408757838371028,-0.036673007820756665
33,0,33,band_5,16,0.5572722483384666,0.5387623601880369,0.018509888150429643
33,0,41,band_5,16,0.5024509803921569,0.5359477124183007,-0.033496732026143894
33,0,3,band_6,16,0.5170905329230553,0.5307094828568674,-0.013618949933812075
33,0,4,band_6,16,0.5442139999043505,0.5498812351543942,-0.005667235250043756
33,0,9,band_6,16,0.9801916818225328,0.6408717813726429,0.3393199004498899
33,0,16,band_6,16,0.5724062882221743,0.5562315634218289,0.01617472480034543
33,0,19,band_6,16,0.5245863332497985,0.48108613344350903,0.0435001998062895
33,0,24,band_6,16,0.8163702476958525,0.7461027505760369,0.07026749711981561
33,0,32,band_6,16,0.5042027760163461,0.4306665257521313,0.07353625026421479
33,0,33,band_6,16,0.5572722483384666,0.5813340898038579,-0.024061841465391365
33,0,41,band_6,16,0.5024509803921569,0.39270152505446626,0.1097494553376906
33,0,3,band_7,16,0.5170905329230553,0.4947356424620186,0.02235489046103667
33,0,4,band_7,16,0.5442139999043505,0.48328922826762744,0.06092477163672305
33,0,9,band_7,16,0.9801916818225328,0.9904218914520915,-0.010230209629558673
33,0,16,band_7,16,0.5724062882221743,0.5199744585941435,0.052431829628030835
33,0,19,band_7,16,0.5245863332497985,0.5235669825186429,0.001019350731155666
33,0,24,band_7,16,0.8163702476958525,0.8042104694700462,0.012159778225806384
33,0,32,band_7,16,0.5042027760163461,0.5460649616007891,-0.04186218558444299
33,0,33,band_7,16,0.5572722483384666,0.5075072945372021,0.049764953801264444
33,0,41,band_7,16,0.5024509803921569,0.5130718954248366,-0.0106209150326797
33,1,0,periocular_eog,6,0.49568754421287475,0.4966851680542707,-0.000997623841395956
33,1,1,periocular_eog,6,0.4545454545454546,0.4220779220779221,0.03246753246753248
33,1,5,periocular_eog,6,0.49870980251774955,0.5019166517510889,-0.0032068492333393595
33,1,6,periocular_eog,6,0.5443630077164802,0.5423731102727329,0.001989897443747224
33,1,7,periocular_eog,6,0.3973214285714286,0.3955357142857143,0.0017857142857142794
33,1,15,periocular_eog,6,0.5274751607247223,0.5279427235534775,-0.00046756282875515254
33,1,35,periocular_eog,6,0.5691890443983125,0.6144713051630617,-0.04528226076474917
33,1,37,periocular_eog,6,0.47289983282251324,0.4751741432153803,-0.002274310392867074
33,1,39,periocular_eog,6,0.5208717993806355,0.5215702939538701,-0.0006984945732345649
33,1,0,frontal_polar,8,0.49568754421287475,0.4807912063993035,0.014896337813571248
33,1,1,frontal_polar,8,0.4545454545454546,0.4448051948051948,0.009740259740259771
33,1,5,frontal_polar,8,0.49870980251774955,0.4940263110792912,0.004683491438458365
33,1,6,frontal_polar,8,0.5443630077164802,0.5302131261198801,0.014149881596600022
33,1,7,frontal_polar,8,0.3973214285714286,0.4080357142857143,-0.010714285714285676
33,1,15,frontal_polar,8,0.5274751607247223,0.5229631794272356,0.004511981297486756
33,1,35,frontal_polar,8,0.5691890443983125,0.5798098171834193,-0.010620772785106758
33,1,37,frontal_polar,8,0.47289983282251324,0.4765742546670382,-0.0036744218445249333
33,1,39,frontal_polar,8,0.5208717993806355,0.542593515234997,-0.021721715854361445
33,1,0,non_periocular,114,0.49568754421287475,0.5173223776096934,-0.021634833396818598
33,1,1,non_periocular,114,0.4545454545454546,0.29545454545454547,0.15909090909090912
33,1,5,non_periocular,114,0.49870980251774955,0.5261320923572579,-0.02742228983950834
33,1,6,non_periocular,114,0.5443630077164802,0.5212180693492766,0.02314493836720355
33,1,7,non_periocular,114,0.3973214285714286,0.46205357142857145,-0.06473214285714285
33,1,15,non_periocular,114,0.5274751607247223,0.5179485680888369,0.0095265926358854
33,1,35,non_periocular,114,0.5691890443983125,0.4762539342396036,0.09293511015870892
33,1,37,non_periocular,114,0.47289983282251324,0.4951100585121204,-0.022210225689607177
33,1,39,non_periocular,114,0.5208717993806355,0.3787012885515274,0.14217051082910814
33,1,0,vertex_ring,6,0.49568754421287475,0.4965627324010085,-0.0008751881881337575
33,1,1,vertex_ring,6,0.4545454545454546,0.38961038961038963,0.06493506493506496
33,1,5,vertex_ring,6,0.49870980251774955,0.49957490603185967,-0.0008651035141101215
33,1,6,vertex_ring,6,0.5443630077164802,0.5502471614698229,-0.005884153753342725
33,1,7,vertex_ring,6,0.3973214285714286,0.39151785714285714,0.0058035714285714635
33,1,15,vertex_ring,6,0.5274751607247223,0.5275336060783168,-5.844535359444958e-05
33,1,35,vertex_ring,6,0.5691890443983125,0.5739837942811223,-0.004794749882809812
33,1,37,vertex_ring,6,0.47289983282251324,0.4711792978545556,0.0017205349679576543
33,1,39,vertex_ring,6,0.5208717993806355,0.515786954270586,0.005084845110049585
33,1,0,left_temporal,8,0.49568754421287475,0.49111661315775157,0.004570931055123184
33,1,1,left_temporal,8,0.4545454545454546,0.49350649350649356,-0.038961038961038974
33,1,5,left_temporal,8,0.49870980251774955,0.4998284708549609,-0.0011186683372113593
33,1,6,left_temporal,8,0.5443630077164802,0.5423596041814858,0.002003403534994397
33,1,7,left_temporal,8,0.3973214285714286,0.4339285714285714,-0.03660714285714278
33,1,15,left_temporal,8,0.5274751607247223,0.526125073056692,0.001350087668030353
33,1,35,left_temporal,8,0.5691890443983125,0.571278376749481,-0.0020893323511684825
33,1,37,left_temporal,8,0.47289983282251324,0.4729694901086654,-6.965728615215827e-05
33,1,39,left_temporal,8,0.5208717993806355,0.5243789259791135,-0.003507126598477961
33,1,0,right_temporal,8,0.49568754421287475,0.4882144347100542,0.007473109502820541
33,1,1,right_temporal,8,0.4545454545454546,0.49025974025974023,-0.03571428571428564
33,1,5,right_temporal,8,0.49870980251774955,0.5018495316508561,-0.0031397291331065613
33,1,6,right_temporal,8,0.5443630077164802,0.5424631508810474,0.0018998568354328116
33,1,7,right_temporal,8,0.3973214285714286,0.39464285714285713,0.0026785714285714746
33,1,15,right_temporal,8,0.5274751607247223,0.5317942723553477,-0.004319111630625372
33,1,35,right_temporal,8,0.5691890443983125,0.5735485167079623,-0.004359472309649726
33,1,37,right_temporal,8,0.47289983282251324,0.4778071886319309,-0.004907355809417646
33,1,39,right_temporal,8,0.5208717993806355,0.5084405498080361,0.012431249572599445
33,1,0,occipital,9,0.49568754421287475,0.5080127333079393,-0.012325189095064526
33,1,1,occipital,9,0.4545454545454546,0.4512987012987013,0.0032467532467532756
33,1,5,occipital,9,0.49870980251774955,0.48825398245928053,0.010455820058469012
33,1,6,occipital,9,0.5443630077164802,0.5404237311027273,0.003939276613752818
33,1,7,occipital,9,0.3973214285714286,0.41205357142857146,-0.01473214285714286
33,1,15,occipital,9,0.5274751607247223,0.529707773232028,-0.0022326125073056646
33,1,35,occipital,9,0.5691890443983125,0.5670997120471439,0.0020893323511685935
33,1,37,occipital,9,0.47289983282251324,0.46233630537754256,0.010563527444970688
33,1,39,occipital,9,0.5208717993806355,0.5170520598263044,0.0038197395543311252
33,1,0,band_0,16,0.49568754421287475,0.4824508896990804,0.013236654513794355
33,1,1,band_0,16,0.4545454545454546,0.45454545454545453,5.551115123125783e-17
33,1,5,band_0,16,0.49870980251774955,0.49836674422767135,0.0003430582900781909
33,1,6,band_0,16,0.5443630077164802,0.5396088635974825,0.004754144118997661
33,1,7,band_0,16,0.3973214285714286,0.39107142857142857,0.006250000000000033
33,1,15,band_0,16,0.5274751607247223,0.4685914669783752,0.05888369374634711
33,1,35,band_0,16,0.5691890443983125,0.5987008638585682,-0.029511819460255717
33,1,37,band_0,16,0.47289983282251324,0.47600306492059075,-0.003103232098077502
33,1,39,band_0,16,0.5208717993806355,0.5316716000898762,-0.010799800709240692
33,1,0,band_1,16,0.49568754421287475,0.4933023163011736,0.002385227911701149
33,1,1,band_1,16,0.4545454545454546,0.4512987012987013,0.0032467532467532756
33,1,5,band_1,16,0.49870980251774955,0.5001193246226359,-0.0014095221048863182
33,1,6,band_1,16,0.5443630077164802,0.5227442576602048,0.021618750056275338
33,1,7,band_1,16,0.3973214285714286,0.38973214285714286,0.007589285714285743
33,1,15,band_1,16,0.5274751607247223,0.5368439509059029,-0.00936879018118053
33,1,35,band_1,16,0.5691890443983125,0.5734212817250385,-0.004232237326725952
33,1,37,band_1,16,0.47289983282251324,0.47220674282529956,0.0006930899972136806
33,1,39,band_1,16,0.5208717993806355,0.5268260992741518,-0.005954299893516257
33,1,0,band_2,16,0.49568754421287475,0.48458217699660805,0.011105367216266704
33,1,1,band_2,16,0.4545454545454546,0.44155844155844154,0.012987012987013047
33,1,5,band_2,16,0.49870980251774955,0.49734502714635165,0.0013647753713978972
33,1,6,band_2,16,0.5443630077164802,0.537609962092904,0.006753045623576148
33,1,7,band_2,16,0.3973214285714286,0.3950892857142857,0.0022321428571429047
33,1,15,band_2,16,0.5274751607247223,0.5225657510227937,0.0049094097019286576
33,1,35,band_2,16,0.5691890443983125,0.5561708966718008,0.013018147726511775
33,1,37,band_2,16,0.47289983282251324,0.47224853719699084,0.0006512956255224078
33,1,39,band_2,16,0.5208717993806355,0.5078934771352931,0.012978322245342455
33,1,0,band_3,16,0.49568754421287475,0.5074005550416281,-0.011713010828753312
33,1,1,band_3,16,0.4545454545454546,0.4383116883116883,0.016233766233766267
33,1,5,band_3,16,0.49870980251774955,0.4973823160909253,0.0013274864268242315
33,1,6,band_3,16,0.5443630077164802,0.5393972681679438,0.0049657395485364075
33,1,7,band_3,16,0.3973214285714286,0.41205357142857146,-0.01473214285714286
33,1,15,band_3,16,0.5274751607247223,0.5331852717708943,-0.005710111046171917
33,1,35,band_3,16,0.5691890443983125,0.5572557423156766,0.011933302082635877
33,1,37,band_3,16,0.47289983282251324,0.47004736695458343,0.00285246586792981
33,1,39,band_3,16,0.5208717993806355,0.522327403456327,-0.0014556040756914523
33,1,0,band_4,16,0.49568754421287475,0.4921369102682701,0.003550633944604642
33,1,1,band_4,16,0.4545454545454546,0.4448051948051948,0.009740259740259771
33,1,5,band_4,16,0.49870980251774955,0.4970318000119325,0.0016780025058170667
33,1,6,band_4,16,0.5443630077164802,0.5418913930182512,0.0024716146982289855
33,1,7,band_4,16,0.3973214285714286,0.4450892857142857,-0.047767857142857084
33,1,15,band_4,16,0.5274751607247223,0.5364815897136177,-0.009006428988895365
33,1,35,band_4,16,0.5691890443983125,0.5598674077546374,0.009321636643675135
33,1,37,band_4,16,0.47289983282251324,0.45646419615491785,0.0164356366675954
33,1,39,band_4,16,0.5208717993806355,0.509480964801735,0.011390834578900555
33,1,0,band_5,16,0.49568754421287475,0.4937648509912753,0.0019226932215994363
33,1,1,band_5,16,0.4545454545454546,0.4967532467532467,-0.04220779220779214
33,1,5,band_5,16,0.49870980251774955,0.5118877155300996,-0.013177913012350051
33,1,6,band_5,16,0.5443630077164802,0.5563294045614573,-0.011966396844977134
33,1,7,band_5,16,0.3973214285714286,0.4232142857142857,-0.025892857142857106
33,1,15,band_5,16,0.5274751607247223,0.5173933372296903,0.01008182349503206
33,1,35,band_5,16,0.5691890443983125,0.5638451751155159,0.0053438692827966205
33,1,37,band_5,16,0.47289983282251324,0.4753970465310672,-0.002497213708553936
33,1,39,band_5,16,0.5208717993806355,0.5120062913357366,0.00886550804489894
33,1,0,band_6,16,0.49568754421287475,0.4883232664018428,0.0073642778110319385
33,1,1,band_6,16,0.4545454545454546,0.4788961038961039,-0.02435064935064929
33,1,5,band_6,16,0.49870980251774955,0.4944886939920053,0.004221108525744255
33,1,6,band_6,16,0.5443630077164802,0.532986376855962,0.011376630860518211
33,1,7,band_6,16,0.3973214285714286,0.40089285714285716,-0.0035714285714285587
33,1,15,band_6,16,0.5274751607247223,0.5132612507305669,0.014213909994155394
33,1,35,band_6,16,0.5691890443983125,0.5858099511149802,-0.016620906716667716
33,1,37,band_6,16,0.47289983282251324,0.4733560880468097,-0.0004562552242964313
33,1,39,band_6,16,0.5208717993806355,0.5232896652110626,-0.002417865830427024
33,1,0,band_7,16,0.49568754421287475,0.5149779615824128,-0.01929041736953807
33,1,1,band_7,16,0.4545454545454546,0.42207792207792205,0.032467532467532534
33,1,5,band_7,16,0.49870980251774955,0.5088449376528847,-0.010135135135135198
33,1,6,band_7,16,0.5443630077164802,0.542611717884766,0.0017512898317141312
33,1,7,band_7,16,0.3973214285714286,0.3950892857142857,0.0022321428571429047
33,1,15,band_7,16,0.5274751607247223,0.5389070718877849,-0.011431911163062525
33,1,35,band_7,16,0.5691890443983125,0.5725708163128642,-0.00338177191455169
33,1,37,band_7,16,0.47289983282251324,0.5519852326553358,-0.07908539983282259
33,1,39,band_7,16,0.5208717993806355,0.5345388470443422,-0.013667047663706633
33,2,2,periocular_eog,6,0.47041073680417933,0.4719690145919654,-0.0015582777877860554
33,2,8,periocular_eog,6,0.44404269972451793,0.4461088154269973,-0.0020661157024793875
33,2,13,periocular_eog,6,0.5082050509992849,0.5034062253001619,0.004798825699123044
33,2,17,periocular_eog,6,0.486544772620722,0.4994842944210033,-0.012939521800281295
33,2,25,periocular_eog,6,0.4697232744107744,0.4675399831649831,0.002183291245791308
33,2,28,periocular_eog,6,0.5075667677522377,0.5107934484829839,-0.0032266807307461676
33,2,29,periocular_eog,6,0.5867641521275261,0.5888665746203088,-0.0021024224927826962
33,2,31,periocular_eog,6,0.5459063859873576,0.5417862583854486,0.004120127601909052
33,2,34,periocular_eog,6,0.5752183534492896,0.578441539004287,-0.003223185554997343
33,2,2,frontal_polar,8,0.47041073680417933,0.475954782921996,-0.00554404611781667
33,2,8,frontal_polar,8,0.44404269972451793,0.4603994490358127,-0.01635674931129477
33,2,13,frontal_polar,8,0.5082050509992849,0.5161372275960706,-0.00793217659678569
33,2,17,frontal_polar,8,0.486544772620722,0.45832161275199246,0.02822315986872953
33,2,25,frontal_polar,8,0.4697232744107744,0.4734585437710438,-0.003735269360269411
33,2,28,frontal_polar,8,0.5075667677522377,0.509976706368391,-0.00240993861615324
33,2,29,frontal_polar,8,0.5867641521275261,0.6002886908497552,-0.01352453872222914
33,2,31,frontal_polar,8,0.5459063859873576,0.5307641805617513,0.015142205425606292
33,2,34,frontal_polar,8,0.5752183534492896,0.5585465197079355,0.01667183374135417
33,2,2,non_periocular,114,0.47041073680417933,0.4719014591965412,-0.001490722392361865
33,2,8,non_periocular,114,0.44404269972451793,0.3958333333333333,0.048209366391184616
33,2,13,non_periocular,114,0.5082050509992849,0.49037882494636603,0.017826226052918892
33,2,17,non_periocular,114,0.486544772620722,0.5507266760431317,-0.06418190342240976
33,2,25,non_periocular,114,0.4697232744107744,0.4661984427609427,0.0035248316498316945
33,2,28,non_periocular,114,0.5075667677522377,0.47957045957309663,0.027996308179141116
33,2,29,non_periocular,114,0.5867641521275261,0.5106376302246769,0.07612652190284919
33,2,31,non_periocular,114,0.5459063859873576,0.5041453786393058,0.04176100734805188
33,2,34,non_periocular,114,0.5752183534492896,0.5974171753562609,-0.02219882190697131
33,2,2,vertex_ring,6,0.47041073680417933,0.4771797874256891,-0.006769050621509787
33,2,8,vertex_ring,6,0.44404269972451793,0.4443870523415978,-0.0003443526170798794
33,2,13,vertex_ring,6,0.5082050509992849,0.5075275697241146,0.0006774812751703108
33,2,17,vertex_ring,6,0.486544772620722,0.4873417721518987,-0.0007969995311767342
33,2,25,vertex_ring,6,0.4697232744107744,0.47088068181818177,-0.0011574074074073848
33,2,28,vertex_ring,6,0.5075667677522377,0.5120643431635389,-0.004497575411301136
33,2,29,vertex_ring,6,0.5867641521275261,0.582339651060625,0.004424501066901065
33,2,31,vertex_ring,6,0.5459063859873576,0.5538352117299485,-0.007928825742590906
33,2,34,vertex_ring,6,0.5752183534492896,0.577254893576079,-0.0020365401267893324
33,2,2,left_temporal,8,0.47041073680417933,0.47136551972617546,-0.0009547829219961335
33,2,8,left_temporal,8,0.44404269972451793,0.4319903581267218,0.012052341597796112
33,2,13,left_temporal,8,0.5082050509992849,0.5247186570815612,-0.016513606082276255
33,2,17,left_temporal,8,0.486544772620722,0.4916080637599625,-0.005063291139240533
33,2,25,left_temporal,8,0.4697232744107744,0.4640151515151515,0.005708122895622891
33,2,28,left_temporal,8,0.5075667677522377,0.5055011060812493,0.002065661670988428
33,2,29,left_temporal,8,0.5867641521275261,0.5909062382327099,-0.004142086105183851
33,2,31,left_temporal,8,0.5459063859873576,0.5478843839167725,-0.0019779979294148875
33,2,34,left_temporal,8,0.5752183534492896,0.5785912059952321,-0.0033728525459424397
33,2,2,right_temporal,8,0.47041073680417933,0.4760313457034769,-0.005620608899297552
33,2,8,right_temporal,8,0.44404269972451793,0.5268595041322315,-0.08281680440771355
33,2,13,right_temporal,8,0.5082050509992849,0.4804047950619143,0.02780025593737062
33,2,17,right_temporal,8,0.486544772620722,0.5014533520862634,-0.014908579465541416
33,2,25,right_temporal,8,0.4697232744107744,0.4716435185185185,-0.0019202441077441068
33,2,28,right_temporal,8,0.5075667677522377,0.5122914194465199,-0.004724651694282156
33,2,29,right_temporal,8,0.5867641521275261,0.5181686958704657,0.06859545625706043
33,2,31,right_temporal,8,0.5459063859873576,0.5377124243521004,0.008193961635257208
33,2,34,right_temporal,8,0.5752183534492896,0.5815898910638115,-0.006371537614521916
33,2,2,occipital,9,0.47041073680417933,0.46584849576652854,0.004562241037650794
33,2,8,occipital,9,0.44404269972451793,0.4548898071625344,-0.010847107438016479
33,2,13,occipital,9,0.5082050509992849,0.5076310738078211,0.0005739771914637926
33,2,17,occipital,9,0.486544772620722,0.483216127519925,0.003328645100797001
33,2,25,occipital,9,0.4697232744107744,0.47190656565656564,-0.0021832912457912523
33,2,28,occipital,9,0.5075667677522377,0.5011829941839171,0.00638377356832065
33,2,29,occipital,9,0.5867641521275261,0.570854775950797,0.01590937617672905
33,2,31,occipital,9,0.5459063859873576,0.5451572718779196,0.0007491141094380094
33,2,34,occipital,9,0.5752183534492896,0.5713858094311586,0.0038325440181310455
33,2,2,band_0,16,0.47041073680417933,0.4763556116015132,-0.0059448747973338545
33,2,8,band_0,16,0.44404269972451793,0.4409435261707989,0.0030991735537190257
33,2,13,band_0,16,0.5082050509992849,0.5170640596183522,-0.008859008619067299
33,2,17,band_0,16,0.486544772620722,0.45616502578527895,0.030379746835443033
33,2,25,band_0,16,0.4697232744107744,0.46301557239057245,0.006707702020201933
33,2,28,band_0,16,0.5075667677522377,0.5078524443663107,-0.0002856766140729716
33,2,29,band_0,16,0.5867641521275261,0.5806765407305133,0.006087611397012749
33,2,31,band_0,16,0.5459063859873576,0.5521013071620359,-0.006194921174678236
33,2,34,band_0,16,0.5752183534492896,0.5534204252680643,0.02179792818122528
33,2,2,band_1,16,0.47041073680417933,0.47500900738605656,-0.0045982705818772285
33,2,8,band_1,16,0.44404269972451793,0.4380165289256199,0.006026170798898056
33,2,13,band_1,16,0.5082050509992849,0.5018489593134856,0.006356091685799314
33,2,17,band_1,16,0.486544772620722,0.5084388185654007,-0.021894045944678753
33,2,25,band_1,16,0.4697232744107744,0.46538299663299665,0.004340277777777735
33,2,28,band_1,16,0.5075667677522377,0.49554271231632463,0.012024055435913117
33,2,29,band_1,16,0.5867641521275261,0.5974959206727751,-0.010731768545249043
33,2,31,band_1,16,0.5459063859873576,0.5536542459619382,-0.0077478599745806065
33,2,34,band_1,16,0.5752183534492896,0.5709635347067062,0.004254818742583377
33,2,2,band_2,16,0.47041073680417933,0.4595658439920735,0.010844892812105822
33,2,8,band_2,16,0.44404269972451793,0.4321625344352617,0.011880165289256228
33,2,13,band_2,16,0.5082050509992849,0.4992519477586661,0.00895310324061882
33,2,17,band_2,16,0.486544772620722,0.48504453820909516,0.001500234411626833
33,2,25,band_2,16,0.4697232744107744,0.44102483164983164,0.028698442760942744
33,2,28,band_2,16,0.5075667677522377,0.5139835040067976,-0.006416736254559852
33,2,29,band_2,16,0.5867641521275261,0.5744947910129283,0.012269361114597754
33,2,31,band_2,16,0.5459063859873576,0.5410792293383386,0.004827156649019004
33,2,34,band_2,16,0.5752183534492896,0.5678312183962113,0.007387135053078309
33,2,2,band_3,16,0.47041073680417933,0.4773644388398487,-0.006953702035669362
33,2,8,band_3,16,0.44404269972451793,0.4373278236914601,0.006714876033057815
33,2,13,band_3,16,0.5082050509992849,0.5243752117128986,-0.016170160713613657
33,2,17,band_3,16,0.486544772620722,0.4824191279887482,0.0041256446319737905
33,2,25,band_3,16,0.4697232744107744,0.4787984006734007,-0.009075126262626299
33,2,28,band_3,16,0.5075667677522377,0.504995678225582,0.0025710895266557454
33,2,29,band_3,16,0.5867641521275261,0.5990648926823144,-0.012300740554788359
33,2,31,band_3,16,0.5459063859873576,0.5468070063211764,-0.000900620333818769
33,2,34,band_3,16,0.5752183534492896,0.5733849328102115,0.0018334206390780983
33,2,2,band_4,16,0.47041073680417933,0.4744640605296343,-0.0040533237254549714
33,2,8,band_4,16,0.44404269972451793,0.4478305785123967,-0.0037878787878787845
33,2,13,band_4,16,0.5082050509992849,0.5073158568256239,0.0008891941736610676
33,2,17,band_4,16,0.486544772620722,0.4764650726676043,0.010079699953117693
33,2,25,band_4,16,0.4697232744107744,0.4688815235690236,0.0008417508417508102
33,2,28,band_4,16,0.5075667677522377,0.505464480874317,0.0021022868779208004
33,2,29,band_4,16,0.5867641521275261,0.5860424250031379,0.0007217271243882273
33,2,31,band_4,16,0.5459063859873576,0.5459737220870824,-6.73360997247574e-05
33,2,34,band_4,16,0.5752183534492896,0.5595834981451984,0.015634855304091255
33,2,2,band_5,16,0.47041073680417933,0.4531841109709962,0.01722662583318313
33,2,8,band_5,16,0.44404269972451793,0.43991046831955927,0.004132231404958664
33,2,13,band_5,16,0.5082050509992849,0.5172287252060672,-0.009023674206782295
33,2,17,band_5,16,0.486544772620722,0.49127988748241913,-0.004735114861697143
33,2,25,band_5,16,0.4697232744107744,0.47458964646464646,-0.004866372053872081
33,2,28,band_5,16,0.5075667677522377,0.5102001201306787,-0.0026333523784409785
33,2,29,band_5,16,0.5867641521275261,0.5863562194050458,0.00040793272248029755
33,2,31,band_5,16,0.5459063859873576,0.5330241484087639,0.012882237578593747
33,2,34,band_5,16,0.5752183534492896,0.5609144653146749,0.014303888134614695
33,2,2,band_6,16,0.47041073680417933,0.4725454872995857,-0.0021347504954063456
33,2,8,band_6,16,0.44404269972451793,0.4922520661157025,-0.04820936639118456
33,2,13,band_6,16,0.5082050509992849,0.48658681169784335,0.021618239301441577
33,2,17,band_6,16,0.486544772620722,0.5183778715424285,-0.03183309892170655
33,2,25,band_6,16,0.4697232744107744,0.47529987373737376,-0.005576599326599374
33,2,28,band_6,16,0.5075667677522377,0.504299799293866,0.0032669684583717107
33,2,29,band_6,16,0.5867641521275261,0.49937241119618425,0.08739174093134183
33,2,31,band_6,16,0.5459063859873576,0.5394168693763836,0.006489516610974078
33,2,34,band_6,16,0.5752183534492896,0.5820495825360003,-0.006831229086710633
33,2,2,band_7,16,0.47041073680417933,0.48371464600972797,-0.013303909205548636
33,2,8,band_7,16,0.44404269972451793,0.45850550964187325,-0.014462809917355324
33,2,13,band_7,16,0.5082050509992849,0.5012985057774098,0.006906545221875171
33,2,17,band_7,16,0.486544772620722,0.48152836380684483,0.00501640881387716
33,2,25,band_7,16,0.4697232744107744,0.46535669191919193,0.004366582491582449
33,2,28,band_7,16,0.5075667677522377,0.5033658565170893,0.00420091123514843
33,2,29,band_7,16,0.5867641521275261,0.6195870465670892,-0.0328228944395631
33,2,31,band_7,16,0.5459063859873576,0.526235827855261,0.019670558132096616
33,2,34,band_7,16,0.5752183534492896,0.6291786489346918,-0.053960295485402154
33,3,10,periocular_eog,6,0.4916969111278141,0.49209134185189163,-0.00039443072407752133
33,3,14,periocular_eog,6,0.4122137404580153,0.4201017811704834,-0.007888040712468125
33,3,18,periocular_eog,6,0.49308473389355745,0.4772934173669468,0.015791316526610644
33,3,23,periocular_eog,6,0.5711175465644401,0.5741322555106463,-0.003014708946206146
33,3,26,periocular_eog,6,0.5879855569478335,0.5823880498582075,0.00559750708962603
33,3,27,periocular_eog,6,0.5721540054253103,0.5642126092597203,0.007941396165589976
33,3,38,periocular_eog,6,0.4786829380132561,0.4792352745008129,-0.0005523364875567593
33,3,40,periocular_eog,6,0.48411641686998946,0.48635761589403975,-0.002241199024050289
33,3,42,periocular_eog,6,0.49681399132321047,0.5282189339944221,-0.03140494267121163
33,3,10,frontal_polar,8,0.4916969111278141,0.49266831311070547,-0.0009714019828913623
33,3,14,frontal_polar,8,0.4122137404580153,0.4094147582697201,0.0027989821882951627
33,3,18,frontal_polar,8,0.49308473389355745,0.648809523809524,-0.1557247899159665
33,3,23,frontal_polar,8,0.5711175465644401,0.5270657110712946,0.04405183549314551
33,3,26,frontal_polar,8,0.5879855569478335,0.5955533205829981,-0.007567763635164648
33,3,27,frontal_polar,8,0.5721540054253103,0.5585055498040861,0.013648455621224187
33,3,38,frontal_polar,8,0.4786829380132561,0.4801940472716662,-0.0015111092584100816
33,3,40,frontal_polar,8,0.48411641686998946,0.4846253049843151,-0.0005088881143256452
33,3,42,frontal_polar,8,0.49681399132321047,0.49864425162689807,-0.001830260303687603
33,3,10,non_periocular,114,0.4916969111278141,0.4823809012491499,0.009316009878664211
33,3,14,non_periocular,114,0.4122137404580153,0.4687022900763359,-0.056488549618320616
33,3,18,non_periocular,114,0.49308473389355745,0.31271008403361344,0.180374649859944
33,3,23,non_periocular,114,0.5711175465644401,0.6611879661652569,-0.09007041960081674
33,3,26,non_periocular,114,0.5879855569478335,0.6011838026775703,-0.013198245729736824
33,3,27,non_periocular,114,0.5721540054253103,0.608427577349985,-0.03627357192467473
33,3,38,non_periocular,114,0.4786829380132561,0.4926007753553713,-0.013917837342115158
33,3,40,non_periocular,114,0.48411641686998946,0.4989647960962008,-0.01484837922621135
33,3,42,non_periocular,114,0.49681399132321047,0.48412806011775644,0.012685931205454026
33,3,10,vertex_ring,6,0.4916969111278141,0.49137621246286556,0.0003206986649485488
33,3,14,vertex_ring,6,0.4122137404580153,0.4133587786259542,-0.0011450381679389277
33,3,18,vertex_ring,6,0.49308473389355745,0.507563025210084,-0.01447829131652656
33,3,23,vertex_ring,6,0.5711175465644401,0.574946872786366,-0.0038293262219258883
33,3,26,vertex_ring,6,0.5879855569478335,0.5916128074919211,-0.0036272505440876346
33,3,27,vertex_ring,6,0.5721540054253103,0.5660407029315022,0.006113302493808037
33,3,38,vertex_ring,6,0.4786829380132561,0.4866553420317645,-0.007972404018508406
33,3,40,vertex_ring,6,0.48411641686998946,0.4847577553154409,-0.0006413384454514448
33,3,42,vertex_ring,6,0.49681399132321047,0.49648473814688565,0.00032925317632481743
33,3,10,left_temporal,8,0.4916969111278141,0.4992533734206664,-0.007556462292852284
33,3,14,left_temporal,8,0.4122137404580153,0.43231552162849873,-0.020101781170483446
33,3,18,left_temporal,8,0.49308473389355745,0.5023634453781513,-0.009278711484593805
33,3,23,left_temporal,8,0.5711175465644401,0.567019459144131,0.004098087420309149
33,3,26,left_temporal,8,0.5879855569478335,0.5285645980346897,0.059420958913143807
33,3,27,left_temporal,8,0.5721540054253103,0.5761574650434418,-0.004003459618131533
33,3,38,left_temporal,8,0.4786829380132561,0.4718308391346034,0.006852098878652735
33,3,40,left_temporal,8,0.48411641686998946,0.48232136632973155,0.0017950505402579142
33,3,42,left_temporal,8,0.49681399132321047,0.4987604586303068,-0.0019464673070963556
33,3,10,right_temporal,8,0.4916969111278141,0.48966319481728054,0.002033716310533562
33,3,14,right_temporal,8,0.4122137404580153,0.4360050890585242,-0.02379134860050891
33,3,18,right_temporal,8,0.49308473389355745,0.47482492997198883,0.018259803921568618
33,3,23,right_temporal,8,0.5711175465644401,0.5824596858202425,-0.011342139255802408
33,3,26,right_temporal,8,0.5879855569478335,0.7584333575150035,-0.17044780056717002
33,3,27,right_temporal,8,0.5721540054253103,0.5261306005844658,0.04602340484084444
33,3,38,right_temporal,8,0.4786829380132561,0.48331526949852016,-0.004632331485264041
33,3,40,right_temporal,8,0.48411641686998946,0.4836598117811084,0.000456605088881068
33,3,42,right_temporal,8,0.49681399132321047,0.49336651688875116,0.003447474434459308
33,3,10,occipital,9,0.4916969111278141,0.49038834603958625,0.0013085650882278532
33,3,14,occipital,9,0.4122137404580153,0.4161577608142494,-0.00394402035623409
33,3,18,occipital,9,0.49308473389355745,0.4919817927170868,0.0011029411764706398
33,3,23,occipital,9,0.5711175465644401,0.567352806366932,0.003764740197508165
33,3,26,occipital,9,0.5879855569478335,0.5958088768713315,-0.007823319923498051
33,3,27,occipital,9,0.5721540054253103,0.5752401420540172,-0.003086136628706937
33,3,38,occipital,9,0.4786829380132561,0.4818666888990787,-0.003183750885822567
33,3,40,occipital,9,0.48411641686998946,0.4814290693621471,0.002687347507842386
33,3,42,occipital,9,0.49681399132321047,0.4889312829253176,0.007882708397892846
33,3,10,band_0,16,0.4916969111278141,0.4930176455850245,-0.0013207344572103707
33,3,14,band_0,16,0.4122137404580153,0.3807888040712468,0.031424936386768465
33,3,18,band_0,16,0.49308473389355745,0.48042717086834735,0.012657563025210095
33,3,23,band_0,16,0.5711175465644401,0.5663652652193841,0.004752281345056009
33,3,26,band_0,16,0.5879855569478335,0.5735837235375585,0.014401833410275011
33,3,27,band_0,16,0.5721540054253103,0.5770944449540685,-0.0049404395287582226
33,3,38,band_0,16,0.4786829380132561,0.4768800283463254,0.0018029096669306965
33,3,40,band_0,16,0.48411641686998946,0.48579295921924015,-0.001676542349250687
33,3,42,band_0,16,0.49681399132321047,0.49551634645181286,0.0012976448713976074
33,3,10,band_1,16,0.4916969111278141,0.49240559790973193,-0.0007086867819178222
33,3,14,band_1,16,0.4122137404580153,0.41768447837150124,-0.005470737913485957
33,3,18,band_1,16,0.49308473389355745,0.6102415966386554,-0.11715686274509796
33,3,23,band_1,16,0.5711175465644401,0.5670465436059835,0.004071002958456638
33,3,26,band_1,16,0.5879855569478335,0.5489266635889996,0.039058893358833946
33,3,27,band_1,16,0.5721540054253103,0.557948603703364,0.014205401721946287
33,3,38,band_1,16,0.4786829380132561,0.49661303097252896,-0.017930092959272836
33,3,40,band_1,16,0.48411641686998946,0.48911118856744507,-0.004994771697455602
33,3,42,band_1,16,0.49681399132321047,0.5018980477223427,-0.005084056399132231
33,3,10,band_2,16,0.4916969111278141,0.501242707326676,-0.009545796198861867
33,3,14,band_2,16,0.4122137404580153,0.414885496183206,-0.0026717557251907387
33,3,18,band_2,16,0.49308473389355745,0.48483893557422963,0.008245798319327813
33,3,23,band_2,16,0.5711175465644401,0.5596295678986625,0.011487978665777665
33,3,26,band_2,16,0.5879855569478335,0.5376656993998549,0.05031985754797863
33,3,27,band_2,16,0.5721540054253103,0.5706404224927597,0.00151358293255055
33,3,38,band_2,16,0.4786829380132561,0.4776668473050148,0.001016090708241324
33,3,40,band_2,16,0.48411641686998946,0.46796444754269784,0.016151969327291626
33,3,42,band_2,16,0.49681399132321047,0.4992640223117446,-0.0024500309885341354
33,3,10,band_3,16,0.4916969111278141,0.49396614052041954,-0.002269229392605432
33,3,14,band_3,16,0.4122137404580153,0.4673027989821883,-0.05508905852417301
33,3,18,band_3,16,0.49308473389355745,0.49702380952380953,-0.003939075630252087
33,3,23,band_3,16,0.5711175465644401,0.5724488520355016,-0.001331305471061417
33,3,26,band_3,16,0.5879855569478335,0.6044813031721955,-0.016495746224362007
33,3,27,band_3,16,0.5721540054253103,0.5819890183333551,-0.009835012908044893
33,3,38,band_3,16,0.4786829380132561,0.48035557964066866,-0.001672641627412541
33,3,40,band_3,16,0.48411641686998946,0.4827047751829906,0.0014116416869988657
33,3,42,band_3,16,0.49681399132321047,0.49312441896498294,0.003689572358227533
33,3,10,band_4,16,0.4916969111278141,0.49116646980922724,0.0005304413185868717
33,3,14,band_4,16,0.4122137404580153,0.40610687022900765,0.006106870229007633
33,3,18,band_4,16,0.49308473389355745,0.4598039215686275,0.033280812324929965
33,3,23,band_4,16,0.5711175465644401,0.5645547731155465,0.006562773448893666
33,3,26,band_4,16,0.5879855569478335,0.5647793972169096,0.02320615973092388
33,3,27,band_4,16,0.5721540054253103,0.5625941894140927,0.009559816011217581
33,3,38,band_4,16,0.4786829380132561,0.4828150402267706,-0.004132102213514455
33,3,40,band_4,16,0.48411641686998946,0.4801045660508888,0.00401185081910066
33,3,42,band_4,16,0.49681399132321047,0.46680353269290364,0.030010458630306824
33,3,10,band_5,16,0.4916969111278141,0.49009699702924225,0.001599914098571853
33,3,14,band_5,16,0.4122137404580153,0.3950381679389313,0.01717557251908397
33,3,18,band_5,16,0.49308473389355745,0.4943452380952381,-0.0012605042016806678
33,3,23,band_5,16,0.5711175465644401,0.5684882703445977,0.0026292762198424358
33,3,26,band_5,16,0.5879855569478335,0.5390918683637803,0.048893688584053185
33,3,27,band_5,16,0.5721540054253103,0.5776382864406557,-0.005484281015345482
33,3,38,band_5,16,0.4786829380132561,0.45904893909708616,0.01963399891616996
33,3,40,band_5,16,0.48411641686998946,0.48636110142906935,-0.0022446845590798903
33,3,42,band_5,16,0.49681399132321047,0.5028858072513169,-0.006071815928106461
33,3,10,band_6,16,0.4916969111278141,0.49142703747449795,0.000269873653316155
33,3,14,band_6,16,0.4122137404580153,0.4403307888040713,-0.028117048346055995
33,3,18,band_6,16,0.49308473389355745,0.46871498599439776,0.02436974789915969
33,3,23,band_6,16,0.5711175465644401,0.5903766823617651,-0.019259135797324967
33,3,26,band_6,16,0.5879855569478335,0.7620523643078547,-0.17406680736002123
33,3,27,band_6,16,0.5721540054253103,0.5324666815185627,0.03968732390674756
33,3,38,band_6,16,0.4786829380132561,0.48546208678977865,-0.0067791487765225256
33,3,40,band_6,16,0.48411641686998946,0.48254792610665737,0.0015684907633320977
33,3,42,band_6,16,0.49681399132321047,0.5061105515959095,-0.009296560272698984
33,3,10,band_7,16,0.4916969111278141,0.4934636171659687,-0.0017667060381545974
33,3,14,band_7,16,0.4122137404580153,0.44580152671755724,-0.03358778625954195
33,3,18,band_7,16,0.49308473389355745,0.4957983193277311,-0.00271358543417366
33,3,23,band_7,16,0.5711175465644401,0.5503104296012333,0.020807116963206806
33,3,26,band_7,16,0.5879855569478335,0.5626937281540592,0.02529182879377434
33,3,27,band_7,16,0.5721540054253103,0.5712563393570876,0.0008976660682226134
33,3,38,band_7,16,0.4786829380132561,0.4732637875693026,0.005419150443953524
33,3,40,band_7,16,0.48411641686998946,0.5122133147438133,-0.0280968978738238
33,3,42,band_7,16,0.49681399132321047,0.522447319491788,-0.02563332816857755
33,4,11,periocular_eog,6,0.49809518939442365,0.49743809365531877,0.0006570957391048848
33,4,12,periocular_eog,6,0.5383531945017993,0.5339802961477199,0.004372898354079391
33,4,20,periocular_eog,6,0.34375,0.321875,0.021874999999999978
33,4,21,periocular_eog,6,0.5851297781972629,0.5875176970268996,-0.002387918829636737
33,4,22,periocular_eog,6,0.5385480202625865,0.5191447844515662,0.019403235811020325
33,4,30,periocular_eog,6,0.5599901096465051,0.552376242688812,0.007613866957693061
33,4,36,periocular_eog,6,0.48039733863947265,0.47955789080960076,0.0008394478298718866
33,4,43,periocular_eog,6,0.5049611734253667,0.49165148755312693,0.013309685872239796
33,4,11,frontal_polar,8,0.49809518939442365,0.4993914833233192,-0.00129629392889552
33,4,12,frontal_polar,8,0.5383531945017993,0.5465791103769689,-0.008225915875169632
33,4,20,frontal_polar,8,0.34375,0.328125,0.015625
33,4,21,frontal_polar,8,0.5851297781972629,0.6010193487494101,-0.015889570552147236
33,4,22,frontal_polar,8,0.5385480202625865,0.5446216272097593,-0.006073606947172738
33,4,30,frontal_polar,8,0.5599901096465051,0.5537660078781781,0.006224101768326995
33,4,36,frontal_polar,8,0.48039733863947265,0.4896779007586121,-0.009280562119139468
33,4,43,frontal_polar,8,0.5049611734253667,0.5165012942191545,-0.011540120793787745
33,4,11,non_periocular,114,0.49809518939442365,0.5138801886913056,-0.01578499929688193
33,4,12,non_periocular,114,0.5383531945017993,0.5071271606394903,0.031226033862309044
33,4,20,non_periocular,114,0.34375,0.428125,-0.08437499999999998
33,4,21,non_periocular,114,0.5851297781972629,0.48686172722982535,0.09826805096743751
33,4,22,non_periocular,114,0.5385480202625865,0.5250633205830663,0.013484699679520262
33,4,30,non_periocular,114,0.5599901096465051,0.5737001858704365,-0.013710076223931389
33,4,36,non_periocular,114,0.48039733863947265,0.488527546325084,-0.008130207685611346
33,4,43,non_periocular,114,0.5049611734253667,0.5054844533921324,-0.0005232799667657106
33,4,11,vertex_ring,6,0.49809518939442365,0.49623576186032237,0.0018594275341012878
33,4,12,vertex_ring,6,0.5383531945017993,0.5404105952451183,-0.002057400743318949
33,4,20,vertex_ring,6,0.34375,0.359375,-0.015625
33,4,21,vertex_ring,6,0.5851297781972629,0.5791552619159981,0.0059745162812647745
33,4,22,vertex_ring,6,0.5385480202625865,0.5363899514111444,0.0021580688514420965
33,4,30,vertex_ring,6,0.5599901096465051,0.565523591903552,-0.005533482257046862
33,4,36,vertex_ring,6,0.48039733863947265,0.4819674169879368,-0.0015700783484641767
33,4,43,vertex_ring,6,0.5049611734253667,0.5044898220049212,0.0004713514204455205
33,4,11,left_temporal,8,0.49809518939442365,0.5263605333469695,-0.028265343952545874
33,4,12,left_temporal,8,0.5383531945017993,0.5356763612766208,0.002676833225178532
33,4,20,left_temporal,8,0.34375,0.42500000000000004,-0.08125000000000004
33,4,21,left_temporal,8,0.5851297781972629,0.5890420009438414,-0.003912222746578542
33,4,22,left_temporal,8,0.5385480202625865,0.5410162307453737,-0.0024682104827872253
33,4,30,left_temporal,8,0.5599901096465051,0.5523591903552001,0.007630919291304994
33,4,36,left_temporal,8,0.48039733863947265,0.4554004477055093,0.024996890933963345
33,4,43,left_temporal,8,0.5049611734253667,0.5035950532067874,0.001366120218579292
33,4,11,right_temporal,8,0.49809518939442365,0.4998529844163481,-0.0017577950219244687
33,4,12,right_temporal,8,0.5383531945017993,0.536520706742965,0.001832487758834267
33,4,20,right_temporal,8,0.34375,0.334375,0.009375000000000022
33,4,21,right_temporal,8,0.5851297781972629,0.5840207645115622,0.0011090136857007105
33,4,22,right_temporal,8,0.5385480202625865,0.5327974775147317,0.005750542747854803
33,4,30,right_temporal,8,0.5599901096465051,0.5620918097641662,-0.0021017001176610872
33,4,36,right_temporal,8,0.48039733863947265,0.4834442233553041,-0.003046884715831477
33,4,43,right_temporal,8,0.5049611734253667,0.505508420413511,-0.0005472469881442343
33,4,11,occipital,9,0.49809518939442365,0.4962958464901628,0.00179934290426087
33,4,12,occipital,9,0.5383531945017993,0.51756902247655,0.020784172025249292
33,4,20,occipital,9,0.34375,0.334375,0.009375000000000022
33,4,21,occipital,9,0.5851297781972629,0.5787258140632374,0.006403964134025442
33,4,22,occipital,9,0.5385480202625865,0.5379665047038147,0.000581515558771839
33,4,30,occipital,9,0.5599901096465051,0.550960898999028,0.009029210647477082
33,4,36,occipital,9,0.48039733863947265,0.4706815072752146,0.009715831364258076
33,4,43,occipital,9,0.5049611734253667,0.4995845716294378,0.005376601795928915
33,4,11,band_0,16,0.49809518939442365,0.49938061695409275,-0.0012854275596690945
33,4,12,band_0,16,0.5383531945017993,0.5395920594655182,-0.0012388649637189442
33,4,20,band_0,16,0.34375,0.35625,-0.012500000000000011
33,4,21,band_0,16,0.5851297781972629,0.6007645115620576,-0.015634733364794706
33,4,22,band_0,16,0.5385480202625865,0.5390778455494676,-0.0005298252868810582
33,4,30,band_0,16,0.5599901096465051,0.5631149497808776,-0.0031248401343725307
33,4,36,band_0,16,0.48039733863947265,0.495009949011317,-0.014612610371844359
33,4,43,band_0,16,0.5049611734253667,0.5137530757677435,-0.008791902342376812
33,4,11,band_1,16,0.49809518939442365,0.4980293519808752,6.583741354843076e-05
33,4,12,band_1,16,0.5383531945017993,0.5451448292136158,-0.006791634711816541
33,4,20,band_1,16,0.34375,0.2875,0.05625000000000002
33,4,21,band_1,16,0.5851297781972629,0.5767626238791883,0.008367154318074554
33,4,22,band_1,16,0.5385480202625865,0.5236095316861367,0.01493848857644986
33,4,30,band_1,16,0.5599901096465051,0.5523932950224238,0.007596814624081238
33,4,36,band_1,16,0.48039733863947265,0.47276458151971146,0.007632757119761191
33,4,43,band_1,16,0.5049611734253667,0.501194356565366,0.003766816860000688
33,4,11,band_2,16,0.49809518939442365,0.5154992777060455,-0.01740408831162188
33,4,12,band_2,16,0.5383531945017993,0.5309089434251666,0.007444251076632713
33,4,20,band_2,16,0.34375,0.36874999999999997,-0.024999999999999967
33,4,21,band_2,16,0.5851297781972629,0.5880934403020293,-0.002963662104766396
33,4,22,band_2,16,0.5385480202625865,0.5399307350356664,-0.0013827147730798295
33,4,30,band_2,16,0.5599901096465051,0.5639718295448732,-0.003981719898368152
33,4,36,band_2,16,0.48039733863947265,0.4813300584504415,-0.0009327198109688739
33,4,43,band_2,16,0.5049611734253667,0.5048573163327261,0.00010385709264060239
33,4,11,band_3,16,0.49809518939442365,0.4970302852102323,0.001064904184191362
33,4,12,band_3,16,0.5383531945017993,0.5417084537785382,-0.0033552592767388534
33,4,20,band_3,16,0.34375,0.42499999999999993,-0.08124999999999993
33,4,21,band_3,16,0.5851297781972629,0.5802689948088722,0.004860783388390688
33,4,22,band_3,16,0.5385480202625865,0.5507210792928772,-0.012173059030290645
33,4,30,band_3,16,0.5599901096465051,0.5456746755793531,0.014315434067151966
33,4,36,band_3,16,0.48039733863947265,0.4549340878000249,0.025463250839447726
33,4,43,band_3,16,0.5049611734253667,0.5022409164988975,0.0027202569264692666
33,4,11,band_4,16,0.49809518939442365,0.4948896104726232,0.003205578921800456
33,4,12,band_4,16,0.5383531945017993,0.5548050262521385,-0.016451831750339152
33,4,20,band_4,16,0.34375,0.34375,0.0
33,4,21,band_4,16,0.5851297781972629,0.5719490325625294,0.013180745634733482
33,4,22,band_4,16,0.5385480202625865,0.5348004755505015,0.003747544712085049
33,4,30,band_4,16,0.5599901096465051,0.5545248367239056,0.005465272922599462
33,4,36,band_4,16,0.48039733863947265,0.48176532769556024,-0.001367989056087593
33,4,43,band_4,16,0.5049611734253667,0.49540232639887516,0.009558847026491568
33,4,11,band_5,16,0.49809518939442365,0.49595898904414304,0.002136200350280615
33,4,12,band_5,16,0.5383531945017993,0.5097671228836057,0.028586071618193598
33,4,20,band_5,16,0.34375,0.32499999999999996,0.018750000000000044
33,4,21,band_5,16,0.5851297781972629,0.5724823029731005,0.012647475224162319
33,4,22,band_5,16,0.5385480202625865,0.5293600744339916,0.009187945828594946
33,4,30,band_5,16,0.5599901096465051,0.5575558890234128,0.002434220623092287
33,4,36,band_5,16,0.48039733863947265,0.5103998258923019,-0.03000248725282928
33,4,43,band_5,16,0.5049611734253667,0.49968043971495224,0.005280733710414487
33,4,11,band_6,16,0.49809518939442365,0.5003649821663705,-0.0022697927719468325
33,4,12,band_6,16,0.5383531945017993,0.544234115981358,-0.005880921479558654
33,4,20,band_6,16,0.34375,0.3734375,-0.029687499999999978
33,4,21,band_6,16,0.5851297781972629,0.5952902312411514,-0.010160453043888573
33,4,22,band_6,16,0.5385480202625865,0.5330106998862814,0.005537320376305166
33,4,30,band_6,16,0.5599901096465051,0.5631021605306686,-0.003112050884163553
33,4,36,band_6,16,0.48039733863947265,0.4775525432160179,0.002844795423454727
33,4,43,band_6,16,0.5049611734253667,0.5030637842328956,0.0018973891924711772
33,4,11,band_7,16,0.49809518939442365,0.4932769134397811,0.00481827595464257
33,4,12,band_7,16,0.5383531945017993,0.544138251430594,-0.0057850569287947184
33,4,20,band_7,16,0.34375,0.34375,0.0
33,4,21,band_7,16,0.5851297781972629,0.5589145823501651,0.02621519584709775
33,4,22,band_7,16,0.5385480202625865,0.5203788896929598,0.018169130569626768
33,4,30,band_7,16,0.5599901096465051,0.5465997646777963,0.013390344968708834
33,4,36,band_7,16,0.48039733863947265,0.4990517348588484,-0.018654396219375757
33,4,43,band_7,16,0.5049611734253667,0.5156304924423993,-0.010669319017032608
