packet,analysis_id,representation,population_id,model,readout_family,calibration,metric,estimate,ci_lower,ci_upper,n_candidates,n_records,n_trials,n_bags,unit,aggregation,bootstrap_scope,source_run,code_hash,notes
G0,within_child,L0,P_bal,,logistic,mixture_diagnostic,ce_bits,0.9952196366634588,0.9909592694747992,0.9989714635381874,,57.0,15976.0,,bits,source aggregate; no new pooling,fixed_later_block_predictions_clustered_by_record,G0_readouts_001,c55a5c6bb34c52931e03b25a9988475bdd752e5d5e45a55785555cb68eb969cc,源诊断以记录为cluster；未报告的候选人数为空，不以cluster/trial替代儿童计数。
G0,within_child,L0,P_bal,,logistic,mixture_diagnostic,bacc,0.538351941402658,0.5254570479131397,0.552183038508699,,57.0,15976.0,,unitless,source aggregate; no new pooling,fixed_later_block_predictions_clustered_by_record,G0_readouts_001,c55a5c6bb34c52931e03b25a9988475bdd752e5d5e45a55785555cb68eb969cc,源诊断以记录为cluster；未报告的候选人数为空，不以cluster/trial替代儿童计数。
G0,within_child,L0,P_bal,,logistic,raw,ce_bits,0.9948250546548084,0.990337496038527,0.9987706838436736,,57.0,15976.0,,bits,source aggregate; no new pooling,fixed_later_block_predictions_clustered_by_record,G0_readouts_001,c55a5c6bb34c52931e03b25a9988475bdd752e5d5e45a55785555cb68eb969cc,源诊断以记录为cluster；未报告的候选人数为空，不以cluster/trial替代儿童计数。
G0,within_child,L0,P_bal,,logistic,raw,bacc,0.538351941402658,0.5254570479131397,0.552183038508699,,57.0,15976.0,,unitless,source aggregate; no new pooling,fixed_later_block_predictions_clustered_by_record,G0_readouts_001,c55a5c6bb34c52931e03b25a9988475bdd752e5d5e45a55785555cb68eb969cc,源诊断以记录为cluster；未报告的候选人数为空，不以cluster/trial替代儿童计数。
G0,within_child,L0,P_bal,,logistic,temperature,ce_bits,0.9952196366634588,0.9909592694747992,0.9989714635381874,,57.0,15976.0,,bits,source aggregate; no new pooling,fixed_later_block_predictions_clustered_by_record,G0_readouts_001,c55a5c6bb34c52931e03b25a9988475bdd752e5d5e45a55785555cb68eb969cc,源诊断以记录为cluster；未报告的候选人数为空，不以cluster/trial替代儿童计数。
G0,within_child,L0,P_bal,,logistic,temperature,bacc,0.538351941402658,0.5254570479131397,0.552183038508699,,57.0,15976.0,,unitless,source aggregate; no new pooling,fixed_later_block_predictions_clustered_by_record,G0_readouts_001,c55a5c6bb34c52931e03b25a9988475bdd752e5d5e45a55785555cb68eb969cc,源诊断以记录为cluster；未报告的候选人数为空，不以cluster/trial替代儿童计数。
G0,within_child,R_RAND,P_bal,,logistic,mixture_diagnostic,ce_bits,0.9933677832436918,0.9898579214901584,0.9966239766830792,,57.0,15976.0,,bits,source aggregate; no new pooling,fixed_later_block_predictions_clustered_by_record,G0_readouts_001,c55a5c6bb34c52931e03b25a9988475bdd752e5d5e45a55785555cb68eb969cc,源诊断以记录为cluster；未报告的候选人数为空，不以cluster/trial替代儿童计数。
G0,within_child,R_RAND,P_bal,,logistic,mixture_diagnostic,bacc,0.5318020856907029,0.5221185719438952,0.5419195401829081,,57.0,15976.0,,unitless,source aggregate; no new pooling,fixed_later_block_predictions_clustered_by_record,G0_readouts_001,c55a5c6bb34c52931e03b25a9988475bdd752e5d5e45a55785555cb68eb969cc,源诊断以记录为cluster；未报告的候选人数为空，不以cluster/trial替代儿童计数。
G0,within_child,R_RAND,P_bal,,logistic,raw,ce_bits,0.9937373597829592,0.9896461572798216,0.9975851756156195,,57.0,15976.0,,bits,source aggregate; no new pooling,fixed_later_block_predictions_clustered_by_record,G0_readouts_001,c55a5c6bb34c52931e03b25a9988475bdd752e5d5e45a55785555cb68eb969cc,源诊断以记录为cluster；未报告的候选人数为空，不以cluster/trial替代儿童计数。
G0,within_child,R_RAND,P_bal,,logistic,raw,bacc,0.5318020856907029,0.5221185719438952,0.5419195401829081,,57.0,15976.0,,unitless,source aggregate; no new pooling,fixed_later_block_predictions_clustered_by_record,G0_readouts_001,c55a5c6bb34c52931e03b25a9988475bdd752e5d5e45a55785555cb68eb969cc,源诊断以记录为cluster；未报告的候选人数为空，不以cluster/trial替代儿童计数。
G0,within_child,R_RAND,P_bal,,logistic,temperature,ce_bits,0.9933677832436918,0.9898579214901584,0.9966239766830792,,57.0,15976.0,,bits,source aggregate; no new pooling,fixed_later_block_predictions_clustered_by_record,G0_readouts_001,c55a5c6bb34c52931e03b25a9988475bdd752e5d5e45a55785555cb68eb969cc,源诊断以记录为cluster；未报告的候选人数为空，不以cluster/trial替代儿童计数。
G0,within_child,R_RAND,P_bal,,logistic,temperature,bacc,0.5318020856907029,0.5221185719438952,0.5419195401829081,,57.0,15976.0,,unitless,source aggregate; no new pooling,fixed_later_block_predictions_clustered_by_record,G0_readouts_001,c55a5c6bb34c52931e03b25a9988475bdd752e5d5e45a55785555cb68eb969cc,源诊断以记录为cluster；未报告的候选人数为空，不以cluster/trial替代儿童计数。
G0,within_child,R_SIM,P_bal,,logistic,mixture_diagnostic,ce_bits,0.9993870654747872,0.9966365257015692,1.0019406508562396,,57.0,15976.0,,bits,source aggregate; no new pooling,fixed_later_block_predictions_clustered_by_record,G0_readouts_001,c55a5c6bb34c52931e03b25a9988475bdd752e5d5e45a55785555cb68eb969cc,源诊断以记录为cluster；未报告的候选人数为空，不以cluster/trial替代儿童计数。
G0,within_child,R_SIM,P_bal,,logistic,mixture_diagnostic,bacc,0.5104487741256549,0.4990794738495093,0.5223295884139254,,57.0,15976.0,,unitless,source aggregate; no new pooling,fixed_later_block_predictions_clustered_by_record,G0_readouts_001,c55a5c6bb34c52931e03b25a9988475bdd752e5d5e45a55785555cb68eb969cc,源诊断以记录为cluster；未报告的候选人数为空，不以cluster/trial替代儿童计数。
G0,within_child,R_SIM,P_bal,,logistic,raw,ce_bits,1.0000828789526737,0.9958137426011316,1.0035987079512874,,57.0,15976.0,,bits,source aggregate; no new pooling,fixed_later_block_predictions_clustered_by_record,G0_readouts_001,c55a5c6bb34c52931e03b25a9988475bdd752e5d5e45a55785555cb68eb969cc,源诊断以记录为cluster；未报告的候选人数为空，不以cluster/trial替代儿童计数。
G0,within_child,R_SIM,P_bal,,logistic,raw,bacc,0.5157157888620847,0.5033872549768809,0.5285903163351398,,57.0,15976.0,,unitless,source aggregate; no new pooling,fixed_later_block_predictions_clustered_by_record,G0_readouts_001,c55a5c6bb34c52931e03b25a9988475bdd752e5d5e45a55785555cb68eb969cc,源诊断以记录为cluster；未报告的候选人数为空，不以cluster/trial替代儿童计数。
G0,within_child,R_SIM,P_bal,,logistic,temperature,ce_bits,0.999384107153054,0.996634146571726,1.0019384808270682,,57.0,15976.0,,bits,source aggregate; no new pooling,fixed_later_block_predictions_clustered_by_record,G0_readouts_001,c55a5c6bb34c52931e03b25a9988475bdd752e5d5e45a55785555cb68eb969cc,源诊断以记录为cluster；未报告的候选人数为空，不以cluster/trial替代儿童计数。
G0,within_child,R_SIM,P_bal,,logistic,temperature,bacc,0.5157157888620847,0.5033872549768809,0.5285903163351398,,57.0,15976.0,,unitless,source aggregate; no new pooling,fixed_later_block_predictions_clustered_by_record,G0_readouts_001,c55a5c6bb34c52931e03b25a9988475bdd752e5d5e45a55785555cb68eb969cc,源诊断以记录为cluster；未报告的候选人数为空，不以cluster/trial替代儿童计数。
G0,within_child,R_SUP,P_bal,,logistic,mixture_diagnostic,ce_bits,0.996238453595228,0.9907054333641958,1.0011132727854408,,57.0,15976.0,,bits,source aggregate; no new pooling,fixed_later_block_predictions_clustered_by_record,G0_readouts_001,c55a5c6bb34c52931e03b25a9988475bdd752e5d5e45a55785555cb68eb969cc,源诊断以记录为cluster；未报告的候选人数为空，不以cluster/trial替代儿童计数。
G0,within_child,R_SUP,P_bal,,logistic,mixture_diagnostic,bacc,0.5262440246899017,0.5119124452413613,0.5412332768185579,,57.0,15976.0,,unitless,source aggregate; no new pooling,fixed_later_block_predictions_clustered_by_record,G0_readouts_001,c55a5c6bb34c52931e03b25a9988475bdd752e5d5e45a55785555cb68eb969cc,源诊断以记录为cluster；未报告的候选人数为空，不以cluster/trial替代儿童计数。
G0,within_child,R_SUP,P_bal,,logistic,raw,ce_bits,0.9979643519233168,0.9915614255753672,1.0035670782023218,,57.0,15976.0,,bits,source aggregate; no new pooling,fixed_later_block_predictions_clustered_by_record,G0_readouts_001,c55a5c6bb34c52931e03b25a9988475bdd752e5d5e45a55785555cb68eb969cc,源诊断以记录为cluster；未报告的候选人数为空，不以cluster/trial替代儿童计数。
G0,within_child,R_SUP,P_bal,,logistic,raw,bacc,0.5262440246899017,0.5119124452413613,0.5412332768185579,,57.0,15976.0,,unitless,source aggregate; no new pooling,fixed_later_block_predictions_clustered_by_record,G0_readouts_001,c55a5c6bb34c52931e03b25a9988475bdd752e5d5e45a55785555cb68eb969cc,源诊断以记录为cluster；未报告的候选人数为空，不以cluster/trial替代儿童计数。
G0,within_child,R_SUP,P_bal,,logistic,temperature,ce_bits,0.996238453595228,0.9907054333641958,1.0011132727854408,,57.0,15976.0,,bits,source aggregate; no new pooling,fixed_later_block_predictions_clustered_by_record,G0_readouts_001,c55a5c6bb34c52931e03b25a9988475bdd752e5d5e45a55785555cb68eb969cc,源诊断以记录为cluster；未报告的候选人数为空，不以cluster/trial替代儿童计数。
G0,within_child,R_SUP,P_bal,,logistic,temperature,bacc,0.5262440246899017,0.5119124452413613,0.5412332768185579,,57.0,15976.0,,unitless,source aggregate; no new pooling,fixed_later_block_predictions_clustered_by_record,G0_readouts_001,c55a5c6bb34c52931e03b25a9988475bdd752e5d5e45a55785555cb68eb969cc,源诊断以记录为cluster；未报告的候选人数为空，不以cluster/trial替代儿童计数。
G0,offline_bridge,causal,P_bal,,logistic,mixture_diagnostic,ce_bits,0.9977619417771236,0.9959351621992564,0.999445428927846,,59.0,,,bits,source aggregate; no new pooling,fixed_later_block_predictions_clustered_by_record,G0_readouts_001,c55a5c6bb34c52931e03b25a9988475bdd752e5d5e45a55785555cb68eb969cc,源诊断以记录为cluster；未报告的候选人数为空，不以cluster/trial替代儿童计数。
G0,offline_bridge,causal,P_bal,,logistic,mixture_diagnostic,bacc,0.5279141276085417,0.5188093563161499,0.5373052631836698,,59.0,,,unitless,source aggregate; no new pooling,fixed_later_block_predictions_clustered_by_record,G0_readouts_001,c55a5c6bb34c52931e03b25a9988475bdd752e5d5e45a55785555cb68eb969cc,源诊断以记录为cluster；未报告的候选人数为空，不以cluster/trial替代儿童计数。
G0,offline_bridge,causal,P_bal,,logistic,raw,ce_bits,0.9978213678165444,0.9963718962844792,0.999161441057451,,59.0,,,bits,source aggregate; no new pooling,fixed_later_block_predictions_clustered_by_record,G0_readouts_001,c55a5c6bb34c52931e03b25a9988475bdd752e5d5e45a55785555cb68eb969cc,源诊断以记录为cluster；未报告的候选人数为空，不以cluster/trial替代儿童计数。
G0,offline_bridge,causal,P_bal,,logistic,raw,bacc,0.5279141276085417,0.5188093563161499,0.5373052631836698,,59.0,,,unitless,source aggregate; no new pooling,fixed_later_block_predictions_clustered_by_record,G0_readouts_001,c55a5c6bb34c52931e03b25a9988475bdd752e5d5e45a55785555cb68eb969cc,源诊断以记录为cluster；未报告的候选人数为空，不以cluster/trial替代儿童计数。
G0,offline_bridge,causal,P_bal,,logistic,temperature,ce_bits,0.9977619417771236,0.9959351621992564,0.999445428927846,,59.0,,,bits,source aggregate; no new pooling,fixed_later_block_predictions_clustered_by_record,G0_readouts_001,c55a5c6bb34c52931e03b25a9988475bdd752e5d5e45a55785555cb68eb969cc,源诊断以记录为cluster；未报告的候选人数为空，不以cluster/trial替代儿童计数。
G0,offline_bridge,causal,P_bal,,logistic,temperature,bacc,0.5279141276085417,0.5188093563161499,0.5373052631836698,,59.0,,,unitless,source aggregate; no new pooling,fixed_later_block_predictions_clustered_by_record,G0_readouts_001,c55a5c6bb34c52931e03b25a9988475bdd752e5d5e45a55785555cb68eb969cc,源诊断以记录为cluster；未报告的候选人数为空，不以cluster/trial替代儿童计数。
G0,offline_bridge,offline,P_bal,,logistic,mixture_diagnostic,ce_bits,0.9983666986831664,0.9971911087648438,0.9995360268338565,,59.0,,,bits,source aggregate; no new pooling,fixed_later_block_predictions_clustered_by_record,G0_readouts_001,c55a5c6bb34c52931e03b25a9988475bdd752e5d5e45a55785555cb68eb969cc,源诊断以记录为cluster；未报告的候选人数为空，不以cluster/trial替代儿童计数。
G0,offline_bridge,offline,P_bal,,logistic,mixture_diagnostic,bacc,0.5249109771536224,0.5156243733271599,0.5337727889825908,,59.0,,,unitless,source aggregate; no new pooling,fixed_later_block_predictions_clustered_by_record,G0_readouts_001,c55a5c6bb34c52931e03b25a9988475bdd752e5d5e45a55785555cb68eb969cc,源诊断以记录为cluster；未报告的候选人数为空，不以cluster/trial替代儿童计数。
G0,offline_bridge,offline,P_bal,,logistic,raw,ce_bits,0.9987959652131706,0.99711462542978,1.0005537548115349,,59.0,,,bits,source aggregate; no new pooling,fixed_later_block_predictions_clustered_by_record,G0_readouts_001,c55a5c6bb34c52931e03b25a9988475bdd752e5d5e45a55785555cb68eb969cc,源诊断以记录为cluster；未报告的候选人数为空，不以cluster/trial替代儿童计数。
G0,offline_bridge,offline,P_bal,,logistic,raw,bacc,0.5249109771536224,0.5156243733271599,0.5337727889825908,,59.0,,,unitless,source aggregate; no new pooling,fixed_later_block_predictions_clustered_by_record,G0_readouts_001,c55a5c6bb34c52931e03b25a9988475bdd752e5d5e45a55785555cb68eb969cc,源诊断以记录为cluster；未报告的候选人数为空，不以cluster/trial替代儿童计数。
G0,offline_bridge,offline,P_bal,,logistic,temperature,ce_bits,0.9983666986831664,0.9971911087648438,0.9995360268338565,,59.0,,,bits,source aggregate; no new pooling,fixed_later_block_predictions_clustered_by_record,G0_readouts_001,c55a5c6bb34c52931e03b25a9988475bdd752e5d5e45a55785555cb68eb969cc,源诊断以记录为cluster；未报告的候选人数为空，不以cluster/trial替代儿童计数。
G0,offline_bridge,offline,P_bal,,logistic,temperature,bacc,0.5249109771536224,0.5156243733271599,0.5337727889825908,,59.0,,,unitless,source aggregate; no new pooling,fixed_later_block_predictions_clustered_by_record,G0_readouts_001,c55a5c6bb34c52931e03b25a9988475bdd752e5d5e45a55785555cb68eb969cc,源诊断以记录为cluster；未报告的候选人数为空，不以cluster/trial替代儿童计数。
G0,legacy_refit_probe_all_post,L0,P_bal,,legacy_logistic_probe,raw,ce_bits,0.9988505050795872,,,58.0,,43963.0,,bits,source aggregate; no new pooling,source fixed predictions; no refit,G0_001,b659998af42043e56e0b553ed5996d5ba6ebd6d457c712411d87b5bbc4cad4d1,旧共享表复算；这是冻结表征后的logistic probe，不是原监督CNN head。
G0,legacy_refit_probe_all_post,L0,P_bal,,legacy_logistic_probe,raw,J_bits,0.0011494949204128,,,58.0,,43963.0,,bits,source aggregate; no new pooling,source fixed predictions; no refit,G0_001,b659998af42043e56e0b553ed5996d5ba6ebd6d457c712411d87b5bbc4cad4d1,旧共享表复算；这是冻结表征后的logistic probe，不是原监督CNN head。
G0,legacy_refit_probe_all_post,L0,P_bal,,legacy_logistic_probe,raw,bacc,0.5246289829691019,,,58.0,,43963.0,,unitless,source aggregate; no new pooling,source fixed predictions; no refit,G0_001,b659998af42043e56e0b553ed5996d5ba6ebd6d457c712411d87b5bbc4cad4d1,旧共享表复算；这是冻结表征后的logistic probe，不是原监督CNN head。
G0,legacy_refit_probe_all_post,L0,P_bal,,legacy_logistic_probe,raw,auroc,0.5325569463967026,,,58.0,,43963.0,,unitless,source aggregate; no new pooling,source fixed predictions; no refit,G0_001,b659998af42043e56e0b553ed5996d5ba6ebd6d457c712411d87b5bbc4cad4d1,旧共享表复算；这是冻结表征后的logistic probe，不是原监督CNN head。
G0,legacy_refit_probe_all_post,L0,P_bal,,legacy_logistic_probe,raw,brier,0.4991887237135006,,,58.0,,43963.0,,unitless,source aggregate; no new pooling,source fixed predictions; no refit,G0_001,b659998af42043e56e0b553ed5996d5ba6ebd6d457c712411d87b5bbc4cad4d1,旧共享表复算；这是冻结表征后的logistic probe，不是原监督CNN head。
G0,legacy_refit_probe_all_post,L0,P_bal,,legacy_logistic_probe,calibrated,ce_bits,0.9988023399452384,,,58.0,,43963.0,,bits,source aggregate; no new pooling,source fixed predictions; no refit,G0_001,b659998af42043e56e0b553ed5996d5ba6ebd6d457c712411d87b5bbc4cad4d1,旧共享表复算；这是冻结表征后的logistic probe，不是原监督CNN head。
G0,legacy_refit_probe_all_post,L0,P_bal,,legacy_logistic_probe,calibrated,J_bits,0.0011976600547617,,,58.0,,43963.0,,bits,source aggregate; no new pooling,source fixed predictions; no refit,G0_001,b659998af42043e56e0b553ed5996d5ba6ebd6d457c712411d87b5bbc4cad4d1,旧共享表复算；这是冻结表征后的logistic probe，不是原监督CNN head。
G0,legacy_refit_probe_all_post,L0,P_bal,,legacy_logistic_probe,calibrated,bacc,0.5246289829691019,,,58.0,,43963.0,,unitless,source aggregate; no new pooling,source fixed predictions; no refit,G0_001,b659998af42043e56e0b553ed5996d5ba6ebd6d457c712411d87b5bbc4cad4d1,旧共享表复算；这是冻结表征后的logistic probe，不是原监督CNN head。
G0,legacy_refit_probe_all_post,L0,P_bal,,legacy_logistic_probe,calibrated,auroc,0.5325569463967026,,,58.0,,43963.0,,unitless,source aggregate; no new pooling,source fixed predictions; no refit,G0_001,b659998af42043e56e0b553ed5996d5ba6ebd6d457c712411d87b5bbc4cad4d1,旧共享表复算；这是冻结表征后的logistic probe，不是原监督CNN head。
G0,legacy_refit_probe_all_post,L0,P_bal,,legacy_logistic_probe,calibrated,brier,0.4991634506163936,,,58.0,,43963.0,,unitless,source aggregate; no new pooling,source fixed predictions; no refit,G0_001,b659998af42043e56e0b553ed5996d5ba6ebd6d457c712411d87b5bbc4cad4d1,旧共享表复算；这是冻结表征后的logistic probe，不是原监督CNN head。
G0,legacy_refit_probe_all_pre,L0,P_bal,,legacy_logistic_probe,raw,ce_bits,0.9999526065627492,,,58.0,,43963.0,,bits,source aggregate; no new pooling,source fixed predictions; no refit,G0_001,b659998af42043e56e0b553ed5996d5ba6ebd6d457c712411d87b5bbc4cad4d1,旧共享表复算；这是冻结表征后的logistic probe，不是原监督CNN head。
G0,legacy_refit_probe_all_pre,L0,P_bal,,legacy_logistic_probe,raw,J_bits,4.739343725079781e-05,,,58.0,,43963.0,,bits,source aggregate; no new pooling,source fixed predictions; no refit,G0_001,b659998af42043e56e0b553ed5996d5ba6ebd6d457c712411d87b5bbc4cad4d1,旧共享表复算；这是冻结表征后的logistic probe，不是原监督CNN head。
G0,legacy_refit_probe_all_pre,L0,P_bal,,legacy_logistic_probe,raw,bacc,0.5053319079962925,,,58.0,,43963.0,,unitless,source aggregate; no new pooling,source fixed predictions; no refit,G0_001,b659998af42043e56e0b553ed5996d5ba6ebd6d457c712411d87b5bbc4cad4d1,旧共享表复算；这是冻结表征后的logistic probe，不是原监督CNN head。
G0,legacy_refit_probe_all_pre,L0,P_bal,,legacy_logistic_probe,raw,auroc,0.5062380690570379,,,58.0,,43963.0,,unitless,source aggregate; no new pooling,source fixed predictions; no refit,G0_001,b659998af42043e56e0b553ed5996d5ba6ebd6d457c712411d87b5bbc4cad4d1,旧共享表复算；这是冻结表征后的logistic probe，不是原监督CNN head。
G0,legacy_refit_probe_all_pre,L0,P_bal,,legacy_logistic_probe,raw,brier,0.4999671637019116,,,58.0,,43963.0,,unitless,source aggregate; no new pooling,source fixed predictions; no refit,G0_001,b659998af42043e56e0b553ed5996d5ba6ebd6d457c712411d87b5bbc4cad4d1,旧共享表复算；这是冻结表征后的logistic probe，不是原监督CNN head。
G0,legacy_refit_probe_all_pre,L0,P_bal,,legacy_logistic_probe,calibrated,ce_bits,0.999955848164407,,,58.0,,43963.0,,bits,source aggregate; no new pooling,source fixed predictions; no refit,G0_001,b659998af42043e56e0b553ed5996d5ba6ebd6d457c712411d87b5bbc4cad4d1,旧共享表复算；这是冻结表征后的logistic probe，不是原监督CNN head。
G0,legacy_refit_probe_all_pre,L0,P_bal,,legacy_logistic_probe,calibrated,J_bits,4.4151835593031485e-05,,,58.0,,43963.0,,bits,source aggregate; no new pooling,source fixed predictions; no refit,G0_001,b659998af42043e56e0b553ed5996d5ba6ebd6d457c712411d87b5bbc4cad4d1,旧共享表复算；这是冻结表征后的logistic probe，不是原监督CNN head。
G0,legacy_refit_probe_all_pre,L0,P_bal,,legacy_logistic_probe,calibrated,bacc,0.5053319079962925,,,58.0,,43963.0,,unitless,source aggregate; no new pooling,source fixed predictions; no refit,G0_001,b659998af42043e56e0b553ed5996d5ba6ebd6d457c712411d87b5bbc4cad4d1,旧共享表复算；这是冻结表征后的logistic probe，不是原监督CNN head。
G0,legacy_refit_probe_all_pre,L0,P_bal,,legacy_logistic_probe,calibrated,auroc,0.5062380690570379,,,58.0,,43963.0,,unitless,source aggregate; no new pooling,source fixed predictions; no refit,G0_001,b659998af42043e56e0b553ed5996d5ba6ebd6d457c712411d87b5bbc4cad4d1,旧共享表复算；这是冻结表征后的logistic probe，不是原监督CNN head。
G0,legacy_refit_probe_all_pre,L0,P_bal,,legacy_logistic_probe,calibrated,brier,0.4999694112609615,,,58.0,,43963.0,,unitless,source aggregate; no new pooling,source fixed predictions; no refit,G0_001,b659998af42043e56e0b553ed5996d5ba6ebd6d457c712411d87b5bbc4cad4d1,旧共享表复算；这是冻结表征后的logistic probe，不是原监督CNN head。
G0,legacy_refit_probe_all_post,R_RAND,P_bal,,legacy_logistic_probe,raw,ce_bits,0.9973874870293644,,,58.0,,43963.0,,bits,source aggregate; no new pooling,source fixed predictions; no refit,G0_001,b659998af42043e56e0b553ed5996d5ba6ebd6d457c712411d87b5bbc4cad4d1,旧共享表复算；这是冻结表征后的logistic probe，不是原监督CNN head。
G0,legacy_refit_probe_all_post,R_RAND,P_bal,,legacy_logistic_probe,raw,J_bits,0.0026125129706356,,,58.0,,43963.0,,bits,source aggregate; no new pooling,source fixed predictions; no refit,G0_001,b659998af42043e56e0b553ed5996d5ba6ebd6d457c712411d87b5bbc4cad4d1,旧共享表复算；这是冻结表征后的logistic probe，不是原监督CNN head。
G0,legacy_refit_probe_all_post,R_RAND,P_bal,,legacy_logistic_probe,raw,bacc,0.5252104558273203,,,58.0,,43963.0,,unitless,source aggregate; no new pooling,source fixed predictions; no refit,G0_001,b659998af42043e56e0b553ed5996d5ba6ebd6d457c712411d87b5bbc4cad4d1,旧共享表复算；这是冻结表征后的logistic probe，不是原监督CNN head。
G0,legacy_refit_probe_all_post,R_RAND,P_bal,,legacy_logistic_probe,raw,auroc,0.5341618511347971,,,58.0,,43963.0,,unitless,source aggregate; no new pooling,source fixed predictions; no refit,G0_001,b659998af42043e56e0b553ed5996d5ba6ebd6d457c712411d87b5bbc4cad4d1,旧共享表复算；这是冻结表征后的logistic probe，不是原监督CNN head。
G0,legacy_refit_probe_all_post,R_RAND,P_bal,,legacy_logistic_probe,raw,brier,0.4981924131878392,,,58.0,,43963.0,,unitless,source aggregate; no new pooling,source fixed predictions; no refit,G0_001,b659998af42043e56e0b553ed5996d5ba6ebd6d457c712411d87b5bbc4cad4d1,旧共享表复算；这是冻结表征后的logistic probe，不是原监督CNN head。
G0,legacy_refit_probe_all_post,R_RAND,P_bal,,legacy_logistic_probe,calibrated,ce_bits,0.997509395146845,,,58.0,,43963.0,,bits,source aggregate; no new pooling,source fixed predictions; no refit,G0_001,b659998af42043e56e0b553ed5996d5ba6ebd6d457c712411d87b5bbc4cad4d1,旧共享表复算；这是冻结表征后的logistic probe，不是原监督CNN head。
G0,legacy_refit_probe_all_post,R_RAND,P_bal,,legacy_logistic_probe,calibrated,J_bits,0.0024906048531549,,,58.0,,43963.0,,bits,source aggregate; no new pooling,source fixed predictions; no refit,G0_001,b659998af42043e56e0b553ed5996d5ba6ebd6d457c712411d87b5bbc4cad4d1,旧共享表复算；这是冻结表征后的logistic probe，不是原监督CNN head。
G0,legacy_refit_probe_all_post,R_RAND,P_bal,,legacy_logistic_probe,calibrated,bacc,0.5252104558273203,,,58.0,,43963.0,,unitless,source aggregate; no new pooling,source fixed predictions; no refit,G0_001,b659998af42043e56e0b553ed5996d5ba6ebd6d457c712411d87b5bbc4cad4d1,旧共享表复算；这是冻结表征后的logistic probe，不是原监督CNN head。
G0,legacy_refit_probe_all_post,R_RAND,P_bal,,legacy_logistic_probe,calibrated,auroc,0.5341618511347971,,,58.0,,43963.0,,unitless,source aggregate; no new pooling,source fixed predictions; no refit,G0_001,b659998af42043e56e0b553ed5996d5ba6ebd6d457c712411d87b5bbc4cad4d1,旧共享表复算；这是冻结表征后的logistic probe，不是原监督CNN head。
G0,legacy_refit_probe_all_post,R_RAND,P_bal,,legacy_logistic_probe,calibrated,brier,0.4982759652791624,,,58.0,,43963.0,,unitless,source aggregate; no new pooling,source fixed predictions; no refit,G0_001,b659998af42043e56e0b553ed5996d5ba6ebd6d457c712411d87b5bbc4cad4d1,旧共享表复算；这是冻结表征后的logistic probe，不是原监督CNN head。
G0,legacy_refit_probe_all_pre,R_RAND,P_bal,,legacy_logistic_probe,raw,ce_bits,1.0001627996622442,,,58.0,,43963.0,,bits,source aggregate; no new pooling,source fixed predictions; no refit,G0_001,b659998af42043e56e0b553ed5996d5ba6ebd6d457c712411d87b5bbc4cad4d1,旧共享表复算；这是冻结表征后的logistic probe，不是原监督CNN head。
G0,legacy_refit_probe_all_pre,R_RAND,P_bal,,legacy_logistic_probe,raw,J_bits,-0.0001627996622441,,,58.0,,43963.0,,bits,source aggregate; no new pooling,source fixed predictions; no refit,G0_001,b659998af42043e56e0b553ed5996d5ba6ebd6d457c712411d87b5bbc4cad4d1,旧共享表复算；这是冻结表征后的logistic probe，不是原监督CNN head。
G0,legacy_refit_probe_all_pre,R_RAND,P_bal,,legacy_logistic_probe,raw,bacc,0.5068876238903076,,,58.0,,43963.0,,unitless,source aggregate; no new pooling,source fixed predictions; no refit,G0_001,b659998af42043e56e0b553ed5996d5ba6ebd6d457c712411d87b5bbc4cad4d1,旧共享表复算；这是冻结表征后的logistic probe，不是原监督CNN head。
G0,legacy_refit_probe_all_pre,R_RAND,P_bal,,legacy_logistic_probe,raw,auroc,0.5084286751899886,,,58.0,,43963.0,,unitless,source aggregate; no new pooling,source fixed predictions; no refit,G0_001,b659998af42043e56e0b553ed5996d5ba6ebd6d457c712411d87b5bbc4cad4d1,旧共享表复算；这是冻结表征后的logistic probe，不是原监督CNN head。
G0,legacy_refit_probe_all_pre,R_RAND,P_bal,,legacy_logistic_probe,raw,brier,0.5001124564836507,,,58.0,,43963.0,,unitless,source aggregate; no new pooling,source fixed predictions; no refit,G0_001,b659998af42043e56e0b553ed5996d5ba6ebd6d457c712411d87b5bbc4cad4d1,旧共享表复算；这是冻结表征后的logistic probe，不是原监督CNN head。
G0,legacy_refit_probe_all_pre,R_RAND,P_bal,,legacy_logistic_probe,calibrated,ce_bits,1.0000469003481478,,,58.0,,43963.0,,bits,source aggregate; no new pooling,source fixed predictions; no refit,G0_001,b659998af42043e56e0b553ed5996d5ba6ebd6d457c712411d87b5bbc4cad4d1,旧共享表复算；这是冻结表征后的logistic probe，不是原监督CNN head。
G0,legacy_refit_probe_all_pre,R_RAND,P_bal,,legacy_logistic_probe,calibrated,J_bits,-4.690034814780475e-05,,,58.0,,43963.0,,bits,source aggregate; no new pooling,source fixed predictions; no refit,G0_001,b659998af42043e56e0b553ed5996d5ba6ebd6d457c712411d87b5bbc4cad4d1,旧共享表复算；这是冻结表征后的logistic probe，不是原监督CNN head。
G0,legacy_refit_probe_all_pre,R_RAND,P_bal,,legacy_logistic_probe,calibrated,bacc,0.5068876238903076,,,58.0,,43963.0,,unitless,source aggregate; no new pooling,source fixed predictions; no refit,G0_001,b659998af42043e56e0b553ed5996d5ba6ebd6d457c712411d87b5bbc4cad4d1,旧共享表复算；这是冻结表征后的logistic probe，不是原监督CNN head。
G0,legacy_refit_probe_all_pre,R_RAND,P_bal,,legacy_logistic_probe,calibrated,auroc,0.5084286751899886,,,58.0,,43963.0,,unitless,source aggregate; no new pooling,source fixed predictions; no refit,G0_001,b659998af42043e56e0b553ed5996d5ba6ebd6d457c712411d87b5bbc4cad4d1,旧共享表复算；这是冻结表征后的logistic probe，不是原监督CNN head。
G0,legacy_refit_probe_all_pre,R_RAND,P_bal,,legacy_logistic_probe,calibrated,brier,0.5000324208679043,,,58.0,,43963.0,,unitless,source aggregate; no new pooling,source fixed predictions; no refit,G0_001,b659998af42043e56e0b553ed5996d5ba6ebd6d457c712411d87b5bbc4cad4d1,旧共享表复算；这是冻结表征后的logistic probe，不是原监督CNN head。
G0,legacy_refit_probe_all_post,R_SUP,P_bal,,legacy_logistic_probe,raw,ce_bits,1.0092881369560724,,,58.0,,43963.0,,bits,source aggregate; no new pooling,source fixed predictions; no refit,G0_001,b659998af42043e56e0b553ed5996d5ba6ebd6d457c712411d87b5bbc4cad4d1,旧共享表复算；这是冻结表征后的logistic probe，不是原监督CNN head。
G0,legacy_refit_probe_all_post,R_SUP,P_bal,,legacy_logistic_probe,raw,J_bits,-0.0092881369560724,,,58.0,,43963.0,,bits,source aggregate; no new pooling,source fixed predictions; no refit,G0_001,b659998af42043e56e0b553ed5996d5ba6ebd6d457c712411d87b5bbc4cad4d1,旧共享表复算；这是冻结表征后的logistic probe，不是原监督CNN head。
G0,legacy_refit_probe_all_post,R_SUP,P_bal,,legacy_logistic_probe,raw,bacc,0.5226025068305528,,,58.0,,43963.0,,unitless,source aggregate; no new pooling,source fixed predictions; no refit,G0_001,b659998af42043e56e0b553ed5996d5ba6ebd6d457c712411d87b5bbc4cad4d1,旧共享表复算；这是冻结表征后的logistic probe，不是原监督CNN head。
G0,legacy_refit_probe_all_post,R_SUP,P_bal,,legacy_logistic_probe,raw,auroc,0.5339922643199895,,,58.0,,43963.0,,unitless,source aggregate; no new pooling,source fixed predictions; no refit,G0_001,b659998af42043e56e0b553ed5996d5ba6ebd6d457c712411d87b5bbc4cad4d1,旧共享表复算；这是冻结表征后的logistic probe，不是原监督CNN head。
G0,legacy_refit_probe_all_post,R_SUP,P_bal,,legacy_logistic_probe,raw,brier,0.5059231195780951,,,58.0,,43963.0,,unitless,source aggregate; no new pooling,source fixed predictions; no refit,G0_001,b659998af42043e56e0b553ed5996d5ba6ebd6d457c712411d87b5bbc4cad4d1,旧共享表复算；这是冻结表征后的logistic probe，不是原监督CNN head。
G0,legacy_refit_probe_all_post,R_SUP,P_bal,,legacy_logistic_probe,calibrated,ce_bits,1.0075493597715002,,,58.0,,43963.0,,bits,source aggregate; no new pooling,source fixed predictions; no refit,G0_001,b659998af42043e56e0b553ed5996d5ba6ebd6d457c712411d87b5bbc4cad4d1,旧共享表复算；这是冻结表征后的logistic probe，不是原监督CNN head。
G0,legacy_refit_probe_all_post,R_SUP,P_bal,,legacy_logistic_probe,calibrated,J_bits,-0.0075493597715001,,,58.0,,43963.0,,bits,source aggregate; no new pooling,source fixed predictions; no refit,G0_001,b659998af42043e56e0b553ed5996d5ba6ebd6d457c712411d87b5bbc4cad4d1,旧共享表复算；这是冻结表征后的logistic probe，不是原监督CNN head。
G0,legacy_refit_probe_all_post,R_SUP,P_bal,,legacy_logistic_probe,calibrated,bacc,0.5226025068305528,,,58.0,,43963.0,,unitless,source aggregate; no new pooling,source fixed predictions; no refit,G0_001,b659998af42043e56e0b553ed5996d5ba6ebd6d457c712411d87b5bbc4cad4d1,旧共享表复算；这是冻结表征后的logistic probe，不是原监督CNN head。
G0,legacy_refit_probe_all_post,R_SUP,P_bal,,legacy_logistic_probe,calibrated,auroc,0.5339922643199895,,,58.0,,43963.0,,unitless,source aggregate; no new pooling,source fixed predictions; no refit,G0_001,b659998af42043e56e0b553ed5996d5ba6ebd6d457c712411d87b5bbc4cad4d1,旧共享表复算；这是冻结表征后的logistic probe，不是原监督CNN head。
G0,legacy_refit_probe_all_post,R_SUP,P_bal,,legacy_logistic_probe,calibrated,brier,0.5048278370138204,,,58.0,,43963.0,,unitless,source aggregate; no new pooling,source fixed predictions; no refit,G0_001,b659998af42043e56e0b553ed5996d5ba6ebd6d457c712411d87b5bbc4cad4d1,旧共享表复算；这是冻结表征后的logistic probe，不是原监督CNN head。
G0,legacy_refit_probe_all_pre,R_SUP,P_bal,,legacy_logistic_probe,raw,ce_bits,1.0001004361171757,,,58.0,,43963.0,,bits,source aggregate; no new pooling,source fixed predictions; no refit,G0_001,b659998af42043e56e0b553ed5996d5ba6ebd6d457c712411d87b5bbc4cad4d1,旧共享表复算；这是冻结表征后的logistic probe，不是原监督CNN head。
G0,legacy_refit_probe_all_pre,R_SUP,P_bal,,legacy_logistic_probe,raw,J_bits,-0.0001004361171756,,,58.0,,43963.0,,bits,source aggregate; no new pooling,source fixed predictions; no refit,G0_001,b659998af42043e56e0b553ed5996d5ba6ebd6d457c712411d87b5bbc4cad4d1,旧共享表复算；这是冻结表征后的logistic probe，不是原监督CNN head。
G0,legacy_refit_probe_all_pre,R_SUP,P_bal,,legacy_logistic_probe,raw,bacc,0.5063865520338209,,,58.0,,43963.0,,unitless,source aggregate; no new pooling,source fixed predictions; no refit,G0_001,b659998af42043e56e0b553ed5996d5ba6ebd6d457c712411d87b5bbc4cad4d1,旧共享表复算；这是冻结表征后的logistic probe，不是原监督CNN head。
G0,legacy_refit_probe_all_pre,R_SUP,P_bal,,legacy_logistic_probe,raw,auroc,0.5073855642714805,,,58.0,,43963.0,,unitless,source aggregate; no new pooling,source fixed predictions; no refit,G0_001,b659998af42043e56e0b553ed5996d5ba6ebd6d457c712411d87b5bbc4cad4d1,旧共享表复算；这是冻结表征后的logistic probe，不是原监督CNN head。
G0,legacy_refit_probe_all_pre,R_SUP,P_bal,,legacy_logistic_probe,raw,brier,0.5000693971019329,,,58.0,,43963.0,,unitless,source aggregate; no new pooling,source fixed predictions; no refit,G0_001,b659998af42043e56e0b553ed5996d5ba6ebd6d457c712411d87b5bbc4cad4d1,旧共享表复算；这是冻结表征后的logistic probe，不是原监督CNN head。
G0,legacy_refit_probe_all_pre,R_SUP,P_bal,,legacy_logistic_probe,calibrated,ce_bits,1.0001085125408318,,,58.0,,43963.0,,bits,source aggregate; no new pooling,source fixed predictions; no refit,G0_001,b659998af42043e56e0b553ed5996d5ba6ebd6d457c712411d87b5bbc4cad4d1,旧共享表复算；这是冻结表征后的logistic probe，不是原监督CNN head。
G0,legacy_refit_probe_all_pre,R_SUP,P_bal,,legacy_logistic_probe,calibrated,J_bits,-0.0001085125408317,,,58.0,,43963.0,,bits,source aggregate; no new pooling,source fixed predictions; no refit,G0_001,b659998af42043e56e0b553ed5996d5ba6ebd6d457c712411d87b5bbc4cad4d1,旧共享表复算；这是冻结表征后的logistic probe，不是原监督CNN head。
G0,legacy_refit_probe_all_pre,R_SUP,P_bal,,legacy_logistic_probe,calibrated,bacc,0.5063865520338209,,,58.0,,43963.0,,unitless,source aggregate; no new pooling,source fixed predictions; no refit,G0_001,b659998af42043e56e0b553ed5996d5ba6ebd6d457c712411d87b5bbc4cad4d1,旧共享表复算；这是冻结表征后的logistic probe，不是原监督CNN head。
G0,legacy_refit_probe_all_pre,R_SUP,P_bal,,legacy_logistic_probe,calibrated,auroc,0.5073855642714805,,,58.0,,43963.0,,unitless,source aggregate; no new pooling,source fixed predictions; no refit,G0_001,b659998af42043e56e0b553ed5996d5ba6ebd6d457c712411d87b5bbc4cad4d1,旧共享表复算；这是冻结表征后的logistic probe，不是原监督CNN head。
G0,legacy_refit_probe_all_pre,R_SUP,P_bal,,legacy_logistic_probe,calibrated,brier,0.5000750666495235,,,58.0,,43963.0,,unitless,source aggregate; no new pooling,source fixed predictions; no refit,G0_001,b659998af42043e56e0b553ed5996d5ba6ebd6d457c712411d87b5bbc4cad4d1,旧共享表复算；这是冻结表征后的logistic probe，不是原监督CNN head。
G0,legacy_refit_probe_all_post,R_SIM,P_bal,,legacy_logistic_probe,raw,ce_bits,0.9981892715410368,,,58.0,,43963.0,,bits,source aggregate; no new pooling,source fixed predictions; no refit,G0_001,b659998af42043e56e0b553ed5996d5ba6ebd6d457c712411d87b5bbc4cad4d1,旧共享表复算；这是冻结表征后的logistic probe，不是原监督CNN head。
G0,legacy_refit_probe_all_post,R_SIM,P_bal,,legacy_logistic_probe,raw,J_bits,0.0018107284589631,,,58.0,,43963.0,,bits,source aggregate; no new pooling,source fixed predictions; no refit,G0_001,b659998af42043e56e0b553ed5996d5ba6ebd6d457c712411d87b5bbc4cad4d1,旧共享表复算；这是冻结表征后的logistic probe，不是原监督CNN head。
G0,legacy_refit_probe_all_post,R_SIM,P_bal,,legacy_logistic_probe,raw,bacc,0.5235718589300212,,,58.0,,43963.0,,unitless,source aggregate; no new pooling,source fixed predictions; no refit,G0_001,b659998af42043e56e0b553ed5996d5ba6ebd6d457c712411d87b5bbc4cad4d1,旧共享表复算；这是冻结表征后的logistic probe，不是原监督CNN head。
G0,legacy_refit_probe_all_post,R_SIM,P_bal,,legacy_logistic_probe,raw,auroc,0.5293956467850723,,,58.0,,43963.0,,unitless,source aggregate; no new pooling,source fixed predictions; no refit,G0_001,b659998af42043e56e0b553ed5996d5ba6ebd6d457c712411d87b5bbc4cad4d1,旧共享表复算；这是冻结表征后的logistic probe，不是原监督CNN head。
G0,legacy_refit_probe_all_post,R_SIM,P_bal,,legacy_logistic_probe,raw,brier,0.4987455319893035,,,58.0,,43963.0,,unitless,source aggregate; no new pooling,source fixed predictions; no refit,G0_001,b659998af42043e56e0b553ed5996d5ba6ebd6d457c712411d87b5bbc4cad4d1,旧共享表复算；这是冻结表征后的logistic probe，不是原监督CNN head。
G0,legacy_refit_probe_all_post,R_SIM,P_bal,,legacy_logistic_probe,calibrated,ce_bits,0.9982613341990336,,,58.0,,43963.0,,bits,source aggregate; no new pooling,source fixed predictions; no refit,G0_001,b659998af42043e56e0b553ed5996d5ba6ebd6d457c712411d87b5bbc4cad4d1,旧共享表复算；这是冻结表征后的logistic probe，不是原监督CNN head。
G0,legacy_refit_probe_all_post,R_SIM,P_bal,,legacy_logistic_probe,calibrated,J_bits,0.0017386658009662,,,58.0,,43963.0,,bits,source aggregate; no new pooling,source fixed predictions; no refit,G0_001,b659998af42043e56e0b553ed5996d5ba6ebd6d457c712411d87b5bbc4cad4d1,旧共享表复算；这是冻结表征后的logistic probe，不是原监督CNN head。
G0,legacy_refit_probe_all_post,R_SIM,P_bal,,legacy_logistic_probe,calibrated,bacc,0.5235718589300212,,,58.0,,43963.0,,unitless,source aggregate; no new pooling,source fixed predictions; no refit,G0_001,b659998af42043e56e0b553ed5996d5ba6ebd6d457c712411d87b5bbc4cad4d1,旧共享表复算；这是冻结表征后的logistic probe，不是原监督CNN head。
G0,legacy_refit_probe_all_post,R_SIM,P_bal,,legacy_logistic_probe,calibrated,auroc,0.5293956467850723,,,58.0,,43963.0,,unitless,source aggregate; no new pooling,source fixed predictions; no refit,G0_001,b659998af42043e56e0b553ed5996d5ba6ebd6d457c712411d87b5bbc4cad4d1,旧共享表复算；这是冻结表征后的logistic probe，不是原监督CNN head。
G0,legacy_refit_probe_all_post,R_SIM,P_bal,,legacy_logistic_probe,calibrated,brier,0.4987937296976366,,,58.0,,43963.0,,unitless,source aggregate; no new pooling,source fixed predictions; no refit,G0_001,b659998af42043e56e0b553ed5996d5ba6ebd6d457c712411d87b5bbc4cad4d1,旧共享表复算；这是冻结表征后的logistic probe，不是原监督CNN head。
G0,legacy_refit_probe_all_pre,R_SIM,P_bal,,legacy_logistic_probe,raw,ce_bits,1.0000220332686518,,,58.0,,43963.0,,bits,source aggregate; no new pooling,source fixed predictions; no refit,G0_001,b659998af42043e56e0b553ed5996d5ba6ebd6d457c712411d87b5bbc4cad4d1,旧共享表复算；这是冻结表征后的logistic probe，不是原监督CNN head。
G0,legacy_refit_probe_all_pre,R_SIM,P_bal,,legacy_logistic_probe,raw,J_bits,-2.2033268651799887e-05,,,58.0,,43963.0,,bits,source aggregate; no new pooling,source fixed predictions; no refit,G0_001,b659998af42043e56e0b553ed5996d5ba6ebd6d457c712411d87b5bbc4cad4d1,旧共享表复算；这是冻结表征后的logistic probe，不是原监督CNN head。
G0,legacy_refit_probe_all_pre,R_SIM,P_bal,,legacy_logistic_probe,raw,bacc,0.5021795491538567,,,58.0,,43963.0,,unitless,source aggregate; no new pooling,source fixed predictions; no refit,G0_001,b659998af42043e56e0b553ed5996d5ba6ebd6d457c712411d87b5bbc4cad4d1,旧共享表复算；这是冻结表征后的logistic probe，不是原监督CNN head。
G0,legacy_refit_probe_all_pre,R_SIM,P_bal,,legacy_logistic_probe,raw,auroc,0.5018934081347901,,,58.0,,43963.0,,unitless,source aggregate; no new pooling,source fixed predictions; no refit,G0_001,b659998af42043e56e0b553ed5996d5ba6ebd6d457c712411d87b5bbc4cad4d1,旧共享表复算；这是冻结表征后的logistic probe，不是原监督CNN head。
G0,legacy_refit_probe_all_pre,R_SIM,P_bal,,legacy_logistic_probe,raw,brier,0.5000152620347551,,,58.0,,43963.0,,unitless,source aggregate; no new pooling,source fixed predictions; no refit,G0_001,b659998af42043e56e0b553ed5996d5ba6ebd6d457c712411d87b5bbc4cad4d1,旧共享表复算；这是冻结表征后的logistic probe，不是原监督CNN head。
G0,legacy_refit_probe_all_pre,R_SIM,P_bal,,legacy_logistic_probe,calibrated,ce_bits,1.0001785729015733,,,58.0,,43963.0,,bits,source aggregate; no new pooling,source fixed predictions; no refit,G0_001,b659998af42043e56e0b553ed5996d5ba6ebd6d457c712411d87b5bbc4cad4d1,旧共享表复算；这是冻结表征后的logistic probe，不是原监督CNN head。
G0,legacy_refit_probe_all_pre,R_SIM,P_bal,,legacy_logistic_probe,calibrated,J_bits,-0.0001785729015733,,,58.0,,43963.0,,bits,source aggregate; no new pooling,source fixed predictions; no refit,G0_001,b659998af42043e56e0b553ed5996d5ba6ebd6d457c712411d87b5bbc4cad4d1,旧共享表复算；这是冻结表征后的logistic probe，不是原监督CNN head。
G0,legacy_refit_probe_all_pre,R_SIM,P_bal,,legacy_logistic_probe,calibrated,bacc,0.5021795491538567,,,58.0,,43963.0,,unitless,source aggregate; no new pooling,source fixed predictions; no refit,G0_001,b659998af42043e56e0b553ed5996d5ba6ebd6d457c712411d87b5bbc4cad4d1,旧共享表复算；这是冻结表征后的logistic probe，不是原监督CNN head。
G0,legacy_refit_probe_all_pre,R_SIM,P_bal,,legacy_logistic_probe,calibrated,auroc,0.5018934081347901,,,58.0,,43963.0,,unitless,source aggregate; no new pooling,source fixed predictions; no refit,G0_001,b659998af42043e56e0b553ed5996d5ba6ebd6d457c712411d87b5bbc4cad4d1,旧共享表复算；这是冻结表征后的logistic probe，不是原监督CNN head。
G0,legacy_refit_probe_all_pre,R_SIM,P_bal,,legacy_logistic_probe,calibrated,brier,0.5001234776193507,,,58.0,,43963.0,,unitless,source aggregate; no new pooling,source fixed predictions; no refit,G0_001,b659998af42043e56e0b553ed5996d5ba6ebd6d457c712411d87b5bbc4cad4d1,旧共享表复算；这是冻结表征后的logistic probe，不是原监督CNN head。
G0,legacy_refit_probe_left_post,L0,P_bal,,legacy_logistic_probe,raw,ce_bits,0.9977398972903482,,,60.0,,47175.0,,bits,source aggregate; no new pooling,source fixed predictions; no refit,G0_001,b659998af42043e56e0b553ed5996d5ba6ebd6d457c712411d87b5bbc4cad4d1,旧共享表复算；这是冻结表征后的logistic probe，不是原监督CNN head。
G0,legacy_refit_probe_left_post,L0,P_bal,,legacy_logistic_probe,raw,J_bits,0.0022601027096518,,,60.0,,47175.0,,bits,source aggregate; no new pooling,source fixed predictions; no refit,G0_001,b659998af42043e56e0b553ed5996d5ba6ebd6d457c712411d87b5bbc4cad4d1,旧共享表复算；这是冻结表征后的logistic probe，不是原监督CNN head。
G0,legacy_refit_probe_left_post,L0,P_bal,,legacy_logistic_probe,raw,bacc,0.5258472454781712,,,60.0,,47175.0,,unitless,source aggregate; no new pooling,source fixed predictions; no refit,G0_001,b659998af42043e56e0b553ed5996d5ba6ebd6d457c712411d87b5bbc4cad4d1,旧共享表复算；这是冻结表征后的logistic probe，不是原监督CNN head。
G0,legacy_refit_probe_left_post,L0,P_bal,,legacy_logistic_probe,raw,auroc,0.5361582215181522,,,60.0,,47175.0,,unitless,source aggregate; no new pooling,source fixed predictions; no refit,G0_001,b659998af42043e56e0b553ed5996d5ba6ebd6d457c712411d87b5bbc4cad4d1,旧共享表复算；这是冻结表征后的logistic probe，不是原监督CNN head。
G0,legacy_refit_probe_left_post,L0,P_bal,,legacy_logistic_probe,raw,brier,0.4984245414645129,,,60.0,,47175.0,,unitless,source aggregate; no new pooling,source fixed predictions; no refit,G0_001,b659998af42043e56e0b553ed5996d5ba6ebd6d457c712411d87b5bbc4cad4d1,旧共享表复算；这是冻结表征后的logistic probe，不是原监督CNN head。
G0,legacy_refit_probe_left_post,L0,P_bal,,legacy_logistic_probe,calibrated,ce_bits,0.997974512804638,,,60.0,,47175.0,,bits,source aggregate; no new pooling,source fixed predictions; no refit,G0_001,b659998af42043e56e0b553ed5996d5ba6ebd6d457c712411d87b5bbc4cad4d1,旧共享表复算；这是冻结表征后的logistic probe，不是原监督CNN head。
G0,legacy_refit_probe_left_post,L0,P_bal,,legacy_logistic_probe,calibrated,J_bits,0.0020254871953621,,,60.0,,47175.0,,bits,source aggregate; no new pooling,source fixed predictions; no refit,G0_001,b659998af42043e56e0b553ed5996d5ba6ebd6d457c712411d87b5bbc4cad4d1,旧共享表复算；这是冻结表征后的logistic probe，不是原监督CNN head。
G0,legacy_refit_probe_left_post,L0,P_bal,,legacy_logistic_probe,calibrated,bacc,0.5258472454781712,,,60.0,,47175.0,,unitless,source aggregate; no new pooling,source fixed predictions; no refit,G0_001,b659998af42043e56e0b553ed5996d5ba6ebd6d457c712411d87b5bbc4cad4d1,旧共享表复算；这是冻结表征后的logistic probe，不是原监督CNN head。
G0,legacy_refit_probe_left_post,L0,P_bal,,legacy_logistic_probe,calibrated,auroc,0.5361582215181522,,,60.0,,47175.0,,unitless,source aggregate; no new pooling,source fixed predictions; no refit,G0_001,b659998af42043e56e0b553ed5996d5ba6ebd6d457c712411d87b5bbc4cad4d1,旧共享表复算；这是冻结表征后的logistic probe，不是原监督CNN head。
G0,legacy_refit_probe_left_post,L0,P_bal,,legacy_logistic_probe,calibrated,brier,0.4985939149430032,,,60.0,,47175.0,,unitless,source aggregate; no new pooling,source fixed predictions; no refit,G0_001,b659998af42043e56e0b553ed5996d5ba6ebd6d457c712411d87b5bbc4cad4d1,旧共享表复算；这是冻结表征后的logistic probe，不是原监督CNN head。
G0,legacy_refit_probe_left_pre,L0,P_bal,,legacy_logistic_probe,raw,ce_bits,0.99984158412333,,,60.0,,47175.0,,bits,source aggregate; no new pooling,source fixed predictions; no refit,G0_001,b659998af42043e56e0b553ed5996d5ba6ebd6d457c712411d87b5bbc4cad4d1,旧共享表复算；这是冻结表征后的logistic probe，不是原监督CNN head。
G0,legacy_refit_probe_left_pre,L0,P_bal,,legacy_logistic_probe,raw,J_bits,0.0001584158766699,,,60.0,,47175.0,,bits,source aggregate; no new pooling,source fixed predictions; no refit,G0_001,b659998af42043e56e0b553ed5996d5ba6ebd6d457c712411d87b5bbc4cad4d1,旧共享表复算；这是冻结表征后的logistic probe，不是原监督CNN head。
G0,legacy_refit_probe_left_pre,L0,P_bal,,legacy_logistic_probe,raw,bacc,0.5054806771330935,,,60.0,,47175.0,,unitless,source aggregate; no new pooling,source fixed predictions; no refit,G0_001,b659998af42043e56e0b553ed5996d5ba6ebd6d457c712411d87b5bbc4cad4d1,旧共享表复算；这是冻结表征后的logistic probe，不是原监督CNN head。
G0,legacy_refit_probe_left_pre,L0,P_bal,,legacy_logistic_probe,raw,auroc,0.5094655839005056,,,60.0,,47175.0,,unitless,source aggregate; no new pooling,source fixed predictions; no refit,G0_001,b659998af42043e56e0b553ed5996d5ba6ebd6d457c712411d87b5bbc4cad4d1,旧共享表复算；这是冻结表征后的logistic probe，不是原监督CNN head。
G0,legacy_refit_probe_left_pre,L0,P_bal,,legacy_logistic_probe,raw,brier,0.4998902653454519,,,60.0,,47175.0,,unitless,source aggregate; no new pooling,source fixed predictions; no refit,G0_001,b659998af42043e56e0b553ed5996d5ba6ebd6d457c712411d87b5bbc4cad4d1,旧共享表复算；这是冻结表征后的logistic probe，不是原监督CNN head。
G0,legacy_refit_probe_left_pre,L0,P_bal,,legacy_logistic_probe,calibrated,ce_bits,0.999965878093294,,,60.0,,47175.0,,bits,source aggregate; no new pooling,source fixed predictions; no refit,G0_001,b659998af42043e56e0b553ed5996d5ba6ebd6d457c712411d87b5bbc4cad4d1,旧共享表复算；这是冻结表征后的logistic probe，不是原监督CNN head。
G0,legacy_refit_probe_left_pre,L0,P_bal,,legacy_logistic_probe,calibrated,J_bits,3.412190670604165e-05,,,60.0,,47175.0,,bits,source aggregate; no new pooling,source fixed predictions; no refit,G0_001,b659998af42043e56e0b553ed5996d5ba6ebd6d457c712411d87b5bbc4cad4d1,旧共享表复算；这是冻结表征后的logistic probe，不是原监督CNN head。
G0,legacy_refit_probe_left_pre,L0,P_bal,,legacy_logistic_probe,calibrated,bacc,0.5054806771330935,,,60.0,,47175.0,,unitless,source aggregate; no new pooling,source fixed predictions; no refit,G0_001,b659998af42043e56e0b553ed5996d5ba6ebd6d457c712411d87b5bbc4cad4d1,旧共享表复算；这是冻结表征后的logistic probe，不是原监督CNN head。
G0,legacy_refit_probe_left_pre,L0,P_bal,,legacy_logistic_probe,calibrated,auroc,0.5094655839005056,,,60.0,,47175.0,,unitless,source aggregate; no new pooling,source fixed predictions; no refit,G0_001,b659998af42043e56e0b553ed5996d5ba6ebd6d457c712411d87b5bbc4cad4d1,旧共享表复算；这是冻结表征后的logistic probe，不是原监督CNN head。
G0,legacy_refit_probe_left_pre,L0,P_bal,,legacy_logistic_probe,calibrated,brier,0.4999764149764366,,,60.0,,47175.0,,unitless,source aggregate; no new pooling,source fixed predictions; no refit,G0_001,b659998af42043e56e0b553ed5996d5ba6ebd6d457c712411d87b5bbc4cad4d1,旧共享表复算；这是冻结表征后的logistic probe，不是原监督CNN head。
G0,legacy_refit_probe_left_post,R_RAND,P_bal,,legacy_logistic_probe,raw,ce_bits,0.9982398135991812,,,60.0,,47175.0,,bits,source aggregate; no new pooling,source fixed predictions; no refit,G0_001,b659998af42043e56e0b553ed5996d5ba6ebd6d457c712411d87b5bbc4cad4d1,旧共享表复算；这是冻结表征后的logistic probe，不是原监督CNN head。
G0,legacy_refit_probe_left_post,R_RAND,P_bal,,legacy_logistic_probe,raw,J_bits,0.0017601864008187,,,60.0,,47175.0,,bits,source aggregate; no new pooling,source fixed predictions; no refit,G0_001,b659998af42043e56e0b553ed5996d5ba6ebd6d457c712411d87b5bbc4cad4d1,旧共享表复算；这是冻结表征后的logistic probe，不是原监督CNN head。
G0,legacy_refit_probe_left_post,R_RAND,P_bal,,legacy_logistic_probe,raw,bacc,0.5228400472579644,,,60.0,,47175.0,,unitless,source aggregate; no new pooling,source fixed predictions; no refit,G0_001,b659998af42043e56e0b553ed5996d5ba6ebd6d457c712411d87b5bbc4cad4d1,旧共享表复算；这是冻结表征后的logistic probe，不是原监督CNN head。
G0,legacy_refit_probe_left_post,R_RAND,P_bal,,legacy_logistic_probe,raw,auroc,0.5302680814842401,,,60.0,,47175.0,,unitless,source aggregate; no new pooling,source fixed predictions; no refit,G0_001,b659998af42043e56e0b553ed5996d5ba6ebd6d457c712411d87b5bbc4cad4d1,旧共享表复算；这是冻结表征后的logistic probe，不是原监督CNN head。
G0,legacy_refit_probe_left_post,R_RAND,P_bal,,legacy_logistic_probe,raw,brier,0.4987803541299335,,,60.0,,47175.0,,unitless,source aggregate; no new pooling,source fixed predictions; no refit,G0_001,b659998af42043e56e0b553ed5996d5ba6ebd6d457c712411d87b5bbc4cad4d1,旧共享表复算；这是冻结表征后的logistic probe，不是原监督CNN head。
G0,legacy_refit_probe_left_post,R_RAND,P_bal,,legacy_logistic_probe,calibrated,ce_bits,0.9984713522225992,,,60.0,,47175.0,,bits,source aggregate; no new pooling,source fixed predictions; no refit,G0_001,b659998af42043e56e0b553ed5996d5ba6ebd6d457c712411d87b5bbc4cad4d1,旧共享表复算；这是冻结表征后的logistic probe，不是原监督CNN head。
G0,legacy_refit_probe_left_post,R_RAND,P_bal,,legacy_logistic_probe,calibrated,J_bits,0.0015286477774006,,,60.0,,47175.0,,bits,source aggregate; no new pooling,source fixed predictions; no refit,G0_001,b659998af42043e56e0b553ed5996d5ba6ebd6d457c712411d87b5bbc4cad4d1,旧共享表复算；这是冻结表征后的logistic probe，不是原监督CNN head。
G0,legacy_refit_probe_left_post,R_RAND,P_bal,,legacy_logistic_probe,calibrated,bacc,0.5228400472579644,,,60.0,,47175.0,,unitless,source aggregate; no new pooling,source fixed predictions; no refit,G0_001,b659998af42043e56e0b553ed5996d5ba6ebd6d457c712411d87b5bbc4cad4d1,旧共享表复算；这是冻结表征后的logistic probe，不是原监督CNN head。
G0,legacy_refit_probe_left_post,R_RAND,P_bal,,legacy_logistic_probe,calibrated,auroc,0.5302680814842401,,,60.0,,47175.0,,unitless,source aggregate; no new pooling,source fixed predictions; no refit,G0_001,b659998af42043e56e0b553ed5996d5ba6ebd6d457c712411d87b5bbc4cad4d1,旧共享表复算；这是冻结表征后的logistic probe，不是原监督CNN head。
G0,legacy_refit_probe_left_post,R_RAND,P_bal,,legacy_logistic_probe,calibrated,brier,0.4989400434670183,,,60.0,,47175.0,,unitless,source aggregate; no new pooling,source fixed predictions; no refit,G0_001,b659998af42043e56e0b553ed5996d5ba6ebd6d457c712411d87b5bbc4cad4d1,旧共享表复算；这是冻结表征后的logistic probe，不是原监督CNN head。
G0,legacy_refit_probe_left_pre,R_RAND,P_bal,,legacy_logistic_probe,raw,ce_bits,0.99992159779911,,,60.0,,47175.0,,bits,source aggregate; no new pooling,source fixed predictions; no refit,G0_001,b659998af42043e56e0b553ed5996d5ba6ebd6d457c712411d87b5bbc4cad4d1,旧共享表复算；这是冻结表征后的logistic probe，不是原监督CNN head。
G0,legacy_refit_probe_left_pre,R_RAND,P_bal,,legacy_logistic_probe,raw,J_bits,7.840220089005978e-05,,,60.0,,47175.0,,bits,source aggregate; no new pooling,source fixed predictions; no refit,G0_001,b659998af42043e56e0b553ed5996d5ba6ebd6d457c712411d87b5bbc4cad4d1,旧共享表复算；这是冻结表征后的logistic probe，不是原监督CNN head。
G0,legacy_refit_probe_left_pre,R_RAND,P_bal,,legacy_logistic_probe,raw,bacc,0.5043750635012847,,,60.0,,47175.0,,unitless,source aggregate; no new pooling,source fixed predictions; no refit,G0_001,b659998af42043e56e0b553ed5996d5ba6ebd6d457c712411d87b5bbc4cad4d1,旧共享表复算；这是冻结表征后的logistic probe，不是原监督CNN head。
G0,legacy_refit_probe_left_pre,R_RAND,P_bal,,legacy_logistic_probe,raw,auroc,0.5073229833451832,,,60.0,,47175.0,,unitless,source aggregate; no new pooling,source fixed predictions; no refit,G0_001,b659998af42043e56e0b553ed5996d5ba6ebd6d457c712411d87b5bbc4cad4d1,旧共享表复算；这是冻结表征后的logistic probe，不是原监督CNN head。
G0,legacy_refit_probe_left_pre,R_RAND,P_bal,,legacy_logistic_probe,raw,brier,0.4999456531546217,,,60.0,,47175.0,,unitless,source aggregate; no new pooling,source fixed predictions; no refit,G0_001,b659998af42043e56e0b553ed5996d5ba6ebd6d457c712411d87b5bbc4cad4d1,旧共享表复算；这是冻结表征后的logistic probe，不是原监督CNN head。
G0,legacy_refit_probe_left_pre,R_RAND,P_bal,,legacy_logistic_probe,calibrated,ce_bits,1.0000254391672998,,,60.0,,47175.0,,bits,source aggregate; no new pooling,source fixed predictions; no refit,G0_001,b659998af42043e56e0b553ed5996d5ba6ebd6d457c712411d87b5bbc4cad4d1,旧共享表复算；这是冻结表征后的logistic probe，不是原监督CNN head。
G0,legacy_refit_probe_left_pre,R_RAND,P_bal,,legacy_logistic_probe,calibrated,J_bits,-2.5439167299801117e-05,,,60.0,,47175.0,,bits,source aggregate; no new pooling,source fixed predictions; no refit,G0_001,b659998af42043e56e0b553ed5996d5ba6ebd6d457c712411d87b5bbc4cad4d1,旧共享表复算；这是冻结表征后的logistic probe，不是原监督CNN head。
G0,legacy_refit_probe_left_pre,R_RAND,P_bal,,legacy_logistic_probe,calibrated,bacc,0.5043750635012847,,,60.0,,47175.0,,unitless,source aggregate; no new pooling,source fixed predictions; no refit,G0_001,b659998af42043e56e0b553ed5996d5ba6ebd6d457c712411d87b5bbc4cad4d1,旧共享表复算；这是冻结表征后的logistic probe，不是原监督CNN head。
G0,legacy_refit_probe_left_pre,R_RAND,P_bal,,legacy_logistic_probe,calibrated,auroc,0.5073229833451832,,,60.0,,47175.0,,unitless,source aggregate; no new pooling,source fixed predictions; no refit,G0_001,b659998af42043e56e0b553ed5996d5ba6ebd6d457c712411d87b5bbc4cad4d1,旧共享表复算；这是冻结表征后的logistic probe，不是原监督CNN head。
G0,legacy_refit_probe_left_pre,R_RAND,P_bal,,legacy_logistic_probe,calibrated,brier,0.5000175997633136,,,60.0,,47175.0,,unitless,source aggregate; no new pooling,source fixed predictions; no refit,G0_001,b659998af42043e56e0b553ed5996d5ba6ebd6d457c712411d87b5bbc4cad4d1,旧共享表复算；这是冻结表征后的logistic probe，不是原监督CNN head。
G0,legacy_refit_probe_left_post,R_SUP,P_bal,,legacy_logistic_probe,raw,ce_bits,1.00934159272497,,,60.0,,47175.0,,bits,source aggregate; no new pooling,source fixed predictions; no refit,G0_001,b659998af42043e56e0b553ed5996d5ba6ebd6d457c712411d87b5bbc4cad4d1,旧共享表复算；这是冻结表征后的logistic probe，不是原监督CNN head。
G0,legacy_refit_probe_left_post,R_SUP,P_bal,,legacy_logistic_probe,raw,J_bits,-0.00934159272497,,,60.0,,47175.0,,bits,source aggregate; no new pooling,source fixed predictions; no refit,G0_001,b659998af42043e56e0b553ed5996d5ba6ebd6d457c712411d87b5bbc4cad4d1,旧共享表复算；这是冻结表征后的logistic probe，不是原监督CNN head。
G0,legacy_refit_probe_left_post,R_SUP,P_bal,,legacy_logistic_probe,raw,bacc,0.5137369183718109,,,60.0,,47175.0,,unitless,source aggregate; no new pooling,source fixed predictions; no refit,G0_001,b659998af42043e56e0b553ed5996d5ba6ebd6d457c712411d87b5bbc4cad4d1,旧共享表复算；这是冻结表征后的logistic probe，不是原监督CNN head。
G0,legacy_refit_probe_left_post,R_SUP,P_bal,,legacy_logistic_probe,raw,auroc,0.5192857114566868,,,60.0,,47175.0,,unitless,source aggregate; no new pooling,source fixed predictions; no refit,G0_001,b659998af42043e56e0b553ed5996d5ba6ebd6d457c712411d87b5bbc4cad4d1,旧共享表复算；这是冻结表征后的logistic probe，不是原监督CNN head。
G0,legacy_refit_probe_left_post,R_SUP,P_bal,,legacy_logistic_probe,raw,brier,0.5061315555390201,,,60.0,,47175.0,,unitless,source aggregate; no new pooling,source fixed predictions; no refit,G0_001,b659998af42043e56e0b553ed5996d5ba6ebd6d457c712411d87b5bbc4cad4d1,旧共享表复算；这是冻结表征后的logistic probe，不是原监督CNN head。
G0,legacy_refit_probe_left_post,R_SUP,P_bal,,legacy_logistic_probe,calibrated,ce_bits,1.00913566849076,,,60.0,,47175.0,,bits,source aggregate; no new pooling,source fixed predictions; no refit,G0_001,b659998af42043e56e0b553ed5996d5ba6ebd6d457c712411d87b5bbc4cad4d1,旧共享表复算；这是冻结表征后的logistic probe，不是原监督CNN head。
G0,legacy_refit_probe_left_post,R_SUP,P_bal,,legacy_logistic_probe,calibrated,J_bits,-0.0091356684907599,,,60.0,,47175.0,,bits,source aggregate; no new pooling,source fixed predictions; no refit,G0_001,b659998af42043e56e0b553ed5996d5ba6ebd6d457c712411d87b5bbc4cad4d1,旧共享表复算；这是冻结表征后的logistic probe，不是原监督CNN head。
G0,legacy_refit_probe_left_post,R_SUP,P_bal,,legacy_logistic_probe,calibrated,bacc,0.5137369183718109,,,60.0,,47175.0,,unitless,source aggregate; no new pooling,source fixed predictions; no refit,G0_001,b659998af42043e56e0b553ed5996d5ba6ebd6d457c712411d87b5bbc4cad4d1,旧共享表复算；这是冻结表征后的logistic probe，不是原监督CNN head。
G0,legacy_refit_probe_left_post,R_SUP,P_bal,,legacy_logistic_probe,calibrated,auroc,0.5192857114566868,,,60.0,,47175.0,,unitless,source aggregate; no new pooling,source fixed predictions; no refit,G0_001,b659998af42043e56e0b553ed5996d5ba6ebd6d457c712411d87b5bbc4cad4d1,旧共享表复算；这是冻结表征后的logistic probe，不是原监督CNN head。
G0,legacy_refit_probe_left_post,R_SUP,P_bal,,legacy_logistic_probe,calibrated,brier,0.5060083890135803,,,60.0,,47175.0,,unitless,source aggregate; no new pooling,source fixed predictions; no refit,G0_001,b659998af42043e56e0b553ed5996d5ba6ebd6d457c712411d87b5bbc4cad4d1,旧共享表复算；这是冻结表征后的logistic probe，不是原监督CNN head。
G0,legacy_refit_probe_left_pre,R_SUP,P_bal,,legacy_logistic_probe,raw,ce_bits,0.9999049749476596,,,60.0,,47175.0,,bits,source aggregate; no new pooling,source fixed predictions; no refit,G0_001,b659998af42043e56e0b553ed5996d5ba6ebd6d457c712411d87b5bbc4cad4d1,旧共享表复算；这是冻结表征后的logistic probe，不是原监督CNN head。
G0,legacy_refit_probe_left_pre,R_SUP,P_bal,,legacy_logistic_probe,raw,J_bits,9.502505234049163e-05,,,60.0,,47175.0,,bits,source aggregate; no new pooling,source fixed predictions; no refit,G0_001,b659998af42043e56e0b553ed5996d5ba6ebd6d457c712411d87b5bbc4cad4d1,旧共享表复算；这是冻结表征后的logistic probe，不是原监督CNN head。
G0,legacy_refit_probe_left_pre,R_SUP,P_bal,,legacy_logistic_probe,raw,bacc,0.5068521634852766,,,60.0,,47175.0,,unitless,source aggregate; no new pooling,source fixed predictions; no refit,G0_001,b659998af42043e56e0b553ed5996d5ba6ebd6d457c712411d87b5bbc4cad4d1,旧共享表复算；这是冻结表征后的logistic probe，不是原监督CNN head。
G0,legacy_refit_probe_left_pre,R_SUP,P_bal,,legacy_logistic_probe,raw,auroc,0.5090630050713141,,,60.0,,47175.0,,unitless,source aggregate; no new pooling,source fixed predictions; no refit,G0_001,b659998af42043e56e0b553ed5996d5ba6ebd6d457c712411d87b5bbc4cad4d1,旧共享表复算；这是冻结表征后的logistic probe，不是原监督CNN head。
G0,legacy_refit_probe_left_pre,R_SUP,P_bal,,legacy_logistic_probe,raw,brier,0.4999341393053893,,,60.0,,47175.0,,unitless,source aggregate; no new pooling,source fixed predictions; no refit,G0_001,b659998af42043e56e0b553ed5996d5ba6ebd6d457c712411d87b5bbc4cad4d1,旧共享表复算；这是冻结表征后的logistic probe，不是原监督CNN head。
G0,legacy_refit_probe_left_pre,R_SUP,P_bal,,legacy_logistic_probe,calibrated,ce_bits,0.9999467707629334,,,60.0,,47175.0,,bits,source aggregate; no new pooling,source fixed predictions; no refit,G0_001,b659998af42043e56e0b553ed5996d5ba6ebd6d457c712411d87b5bbc4cad4d1,旧共享表复算；这是冻结表征后的logistic probe，不是原监督CNN head。
G0,legacy_refit_probe_left_pre,R_SUP,P_bal,,legacy_logistic_probe,calibrated,J_bits,5.322923706663208e-05,,,60.0,,47175.0,,bits,source aggregate; no new pooling,source fixed predictions; no refit,G0_001,b659998af42043e56e0b553ed5996d5ba6ebd6d457c712411d87b5bbc4cad4d1,旧共享表复算；这是冻结表征后的logistic probe，不是原监督CNN head。
G0,legacy_refit_probe_left_pre,R_SUP,P_bal,,legacy_logistic_probe,calibrated,bacc,0.5068521634852766,,,60.0,,47175.0,,unitless,source aggregate; no new pooling,source fixed predictions; no refit,G0_001,b659998af42043e56e0b553ed5996d5ba6ebd6d457c712411d87b5bbc4cad4d1,旧共享表复算；这是冻结表征后的logistic probe，不是原监督CNN head。
G0,legacy_refit_probe_left_pre,R_SUP,P_bal,,legacy_logistic_probe,calibrated,auroc,0.5090630050713141,,,60.0,,47175.0,,unitless,source aggregate; no new pooling,source fixed predictions; no refit,G0_001,b659998af42043e56e0b553ed5996d5ba6ebd6d457c712411d87b5bbc4cad4d1,旧共享表复算；这是冻结表征后的logistic probe，不是原监督CNN head。
G0,legacy_refit_probe_left_pre,R_SUP,P_bal,,legacy_logistic_probe,calibrated,brier,0.499963116326405,,,60.0,,47175.0,,unitless,source aggregate; no new pooling,source fixed predictions; no refit,G0_001,b659998af42043e56e0b553ed5996d5ba6ebd6d457c712411d87b5bbc4cad4d1,旧共享表复算；这是冻结表征后的logistic probe，不是原监督CNN head。
G0,legacy_refit_probe_left_post,R_SIM,P_bal,,legacy_logistic_probe,raw,ce_bits,0.9987406087996396,,,60.0,,47175.0,,bits,source aggregate; no new pooling,source fixed predictions; no refit,G0_001,b659998af42043e56e0b553ed5996d5ba6ebd6d457c712411d87b5bbc4cad4d1,旧共享表复算；这是冻结表征后的logistic probe，不是原监督CNN head。
G0,legacy_refit_probe_left_post,R_SIM,P_bal,,legacy_logistic_probe,raw,J_bits,0.0012593912003603,,,60.0,,47175.0,,bits,source aggregate; no new pooling,source fixed predictions; no refit,G0_001,b659998af42043e56e0b553ed5996d5ba6ebd6d457c712411d87b5bbc4cad4d1,旧共享表复算；这是冻结表征后的logistic probe，不是原监督CNN head。
G0,legacy_refit_probe_left_post,R_SIM,P_bal,,legacy_logistic_probe,raw,bacc,0.5130858979596017,,,60.0,,47175.0,,unitless,source aggregate; no new pooling,source fixed predictions; no refit,G0_001,b659998af42043e56e0b553ed5996d5ba6ebd6d457c712411d87b5bbc4cad4d1,旧共享表复算；这是冻结表征后的logistic probe，不是原监督CNN head。
G0,legacy_refit_probe_left_post,R_SIM,P_bal,,legacy_logistic_probe,raw,auroc,0.5234660888094685,,,60.0,,47175.0,,unitless,source aggregate; no new pooling,source fixed predictions; no refit,G0_001,b659998af42043e56e0b553ed5996d5ba6ebd6d457c712411d87b5bbc4cad4d1,旧共享表复算；这是冻结表征后的logistic probe，不是原监督CNN head。
G0,legacy_refit_probe_left_post,R_SIM,P_bal,,legacy_logistic_probe,raw,brier,0.4991280460042472,,,60.0,,47175.0,,unitless,source aggregate; no new pooling,source fixed predictions; no refit,G0_001,b659998af42043e56e0b553ed5996d5ba6ebd6d457c712411d87b5bbc4cad4d1,旧共享表复算；这是冻结表征后的logistic probe，不是原监督CNN head。
G0,legacy_refit_probe_left_post,R_SIM,P_bal,,legacy_logistic_probe,calibrated,ce_bits,0.9988480781563956,,,60.0,,47175.0,,bits,source aggregate; no new pooling,source fixed predictions; no refit,G0_001,b659998af42043e56e0b553ed5996d5ba6ebd6d457c712411d87b5bbc4cad4d1,旧共享表复算；这是冻结表征后的logistic probe，不是原监督CNN head。
G0,legacy_refit_probe_left_post,R_SIM,P_bal,,legacy_logistic_probe,calibrated,J_bits,0.0011519218436043,,,60.0,,47175.0,,bits,source aggregate; no new pooling,source fixed predictions; no refit,G0_001,b659998af42043e56e0b553ed5996d5ba6ebd6d457c712411d87b5bbc4cad4d1,旧共享表复算；这是冻结表征后的logistic probe，不是原监督CNN head。
G0,legacy_refit_probe_left_post,R_SIM,P_bal,,legacy_logistic_probe,calibrated,bacc,0.5130858979596017,,,60.0,,47175.0,,unitless,source aggregate; no new pooling,source fixed predictions; no refit,G0_001,b659998af42043e56e0b553ed5996d5ba6ebd6d457c712411d87b5bbc4cad4d1,旧共享表复算；这是冻结表征后的logistic probe，不是原监督CNN head。
G0,legacy_refit_probe_left_post,R_SIM,P_bal,,legacy_logistic_probe,calibrated,auroc,0.5234660888094685,,,60.0,,47175.0,,unitless,source aggregate; no new pooling,source fixed predictions; no refit,G0_001,b659998af42043e56e0b553ed5996d5ba6ebd6d457c712411d87b5bbc4cad4d1,旧共享表复算；这是冻结表征后的logistic probe，不是原监督CNN head。
G0,legacy_refit_probe_left_post,R_SIM,P_bal,,legacy_logistic_probe,calibrated,brier,0.4992021169060106,,,60.0,,47175.0,,unitless,source aggregate; no new pooling,source fixed predictions; no refit,G0_001,b659998af42043e56e0b553ed5996d5ba6ebd6d457c712411d87b5bbc4cad4d1,旧共享表复算；这是冻结表征后的logistic probe，不是原监督CNN head。
G0,legacy_refit_probe_left_pre,R_SIM,P_bal,,legacy_logistic_probe,raw,ce_bits,0.9999450285610012,,,60.0,,47175.0,,bits,source aggregate; no new pooling,source fixed predictions; no refit,G0_001,b659998af42043e56e0b553ed5996d5ba6ebd6d457c712411d87b5bbc4cad4d1,旧共享表复算；这是冻结表征后的logistic probe，不是原监督CNN head。
G0,legacy_refit_probe_left_pre,R_SIM,P_bal,,legacy_logistic_probe,raw,J_bits,5.497143899879653e-05,,,60.0,,47175.0,,bits,source aggregate; no new pooling,source fixed predictions; no refit,G0_001,b659998af42043e56e0b553ed5996d5ba6ebd6d457c712411d87b5bbc4cad4d1,旧共享表复算；这是冻结表征后的logistic probe，不是原监督CNN head。
G0,legacy_refit_probe_left_pre,R_SIM,P_bal,,legacy_logistic_probe,raw,bacc,0.5063639287283442,,,60.0,,47175.0,,unitless,source aggregate; no new pooling,source fixed predictions; no refit,G0_001,b659998af42043e56e0b553ed5996d5ba6ebd6d457c712411d87b5bbc4cad4d1,旧共享表复算；这是冻结表征后的logistic probe，不是原监督CNN head。
G0,legacy_refit_probe_left_pre,R_SIM,P_bal,,legacy_logistic_probe,raw,auroc,0.5072714954749895,,,60.0,,47175.0,,unitless,source aggregate; no new pooling,source fixed predictions; no refit,G0_001,b659998af42043e56e0b553ed5996d5ba6ebd6d457c712411d87b5bbc4cad4d1,旧共享表复算；这是冻结表征后的logistic probe，不是原监督CNN head。
G0,legacy_refit_probe_left_pre,R_SIM,P_bal,,legacy_logistic_probe,raw,brier,0.499961895488223,,,60.0,,47175.0,,unitless,source aggregate; no new pooling,source fixed predictions; no refit,G0_001,b659998af42043e56e0b553ed5996d5ba6ebd6d457c712411d87b5bbc4cad4d1,旧共享表复算；这是冻结表征后的logistic probe，不是原监督CNN head。
G0,legacy_refit_probe_left_pre,R_SIM,P_bal,,legacy_logistic_probe,calibrated,ce_bits,1.0000651042867332,,,60.0,,47175.0,,bits,source aggregate; no new pooling,source fixed predictions; no refit,G0_001,b659998af42043e56e0b553ed5996d5ba6ebd6d457c712411d87b5bbc4cad4d1,旧共享表复算；这是冻结表征后的logistic probe，不是原监督CNN head。
G0,legacy_refit_probe_left_pre,R_SIM,P_bal,,legacy_logistic_probe,calibrated,J_bits,-6.510428673323077e-05,,,60.0,,47175.0,,bits,source aggregate; no new pooling,source fixed predictions; no refit,G0_001,b659998af42043e56e0b553ed5996d5ba6ebd6d457c712411d87b5bbc4cad4d1,旧共享表复算；这是冻结表征后的logistic probe，不是原监督CNN head。
G0,legacy_refit_probe_left_pre,R_SIM,P_bal,,legacy_logistic_probe,calibrated,bacc,0.5063639287283442,,,60.0,,47175.0,,unitless,source aggregate; no new pooling,source fixed predictions; no refit,G0_001,b659998af42043e56e0b553ed5996d5ba6ebd6d457c712411d87b5bbc4cad4d1,旧共享表复算；这是冻结表征后的logistic probe，不是原监督CNN head。
G0,legacy_refit_probe_left_pre,R_SIM,P_bal,,legacy_logistic_probe,calibrated,auroc,0.5072714954749895,,,60.0,,47175.0,,unitless,source aggregate; no new pooling,source fixed predictions; no refit,G0_001,b659998af42043e56e0b553ed5996d5ba6ebd6d457c712411d87b5bbc4cad4d1,旧共享表复算；这是冻结表征后的logistic probe，不是原监督CNN head。
G0,legacy_refit_probe_left_pre,R_SIM,P_bal,,legacy_logistic_probe,calibrated,brier,0.5000450514633649,,,60.0,,47175.0,,unitless,source aggregate; no new pooling,source fixed predictions; no refit,G0_001,b659998af42043e56e0b553ed5996d5ba6ebd6d457c712411d87b5bbc4cad4d1,旧共享表复算；这是冻结表征后的logistic probe，不是原监督CNN head。
G0,legacy_refit_probe_right_post,L0,P_bal,,legacy_logistic_probe,raw,ce_bits,0.9990377760655098,,,60.0,,47175.0,,bits,source aggregate; no new pooling,source fixed predictions; no refit,G0_001,b659998af42043e56e0b553ed5996d5ba6ebd6d457c712411d87b5bbc4cad4d1,旧共享表复算；这是冻结表征后的logistic probe，不是原监督CNN head。
G0,legacy_refit_probe_right_post,L0,P_bal,,legacy_logistic_probe,raw,J_bits,0.0009622239344901,,,60.0,,47175.0,,bits,source aggregate; no new pooling,source fixed predictions; no refit,G0_001,b659998af42043e56e0b553ed5996d5ba6ebd6d457c712411d87b5bbc4cad4d1,旧共享表复算；这是冻结表征后的logistic probe，不是原监督CNN head。
G0,legacy_refit_probe_right_post,L0,P_bal,,legacy_logistic_probe,raw,bacc,0.5262781607146675,,,60.0,,47175.0,,unitless,source aggregate; no new pooling,source fixed predictions; no refit,G0_001,b659998af42043e56e0b553ed5996d5ba6ebd6d457c712411d87b5bbc4cad4d1,旧共享表复算；这是冻结表征后的logistic probe，不是原监督CNN head。
G0,legacy_refit_probe_right_post,L0,P_bal,,legacy_logistic_probe,raw,auroc,0.5338201092378,,,60.0,,47175.0,,unitless,source aggregate; no new pooling,source fixed predictions; no refit,G0_001,b659998af42043e56e0b553ed5996d5ba6ebd6d457c712411d87b5bbc4cad4d1,旧共享表复算；这是冻结表征后的logistic probe，不是原监督CNN head。
G0,legacy_refit_probe_right_post,L0,P_bal,,legacy_logistic_probe,raw,brier,0.4993132696267449,,,60.0,,47175.0,,unitless,source aggregate; no new pooling,source fixed predictions; no refit,G0_001,b659998af42043e56e0b553ed5996d5ba6ebd6d457c712411d87b5bbc4cad4d1,旧共享表复算；这是冻结表征后的logistic probe，不是原监督CNN head。
G0,legacy_refit_probe_right_post,L0,P_bal,,legacy_logistic_probe,calibrated,ce_bits,0.9986251159678172,,,60.0,,47175.0,,bits,source aggregate; no new pooling,source fixed predictions; no refit,G0_001,b659998af42043e56e0b553ed5996d5ba6ebd6d457c712411d87b5bbc4cad4d1,旧共享表复算；这是冻结表征后的logistic probe，不是原监督CNN head。
G0,legacy_refit_probe_right_post,L0,P_bal,,legacy_logistic_probe,calibrated,J_bits,0.0013748840321826,,,60.0,,47175.0,,bits,source aggregate; no new pooling,source fixed predictions; no refit,G0_001,b659998af42043e56e0b553ed5996d5ba6ebd6d457c712411d87b5bbc4cad4d1,旧共享表复算；这是冻结表征后的logistic probe，不是原监督CNN head。
G0,legacy_refit_probe_right_post,L0,P_bal,,legacy_logistic_probe,calibrated,bacc,0.5262781607146675,,,60.0,,47175.0,,unitless,source aggregate; no new pooling,source fixed predictions; no refit,G0_001,b659998af42043e56e0b553ed5996d5ba6ebd6d457c712411d87b5bbc4cad4d1,旧共享表复算；这是冻结表征后的logistic probe，不是原监督CNN head。
G0,legacy_refit_probe_right_post,L0,P_bal,,legacy_logistic_probe,calibrated,auroc,0.5338201092378,,,60.0,,47175.0,,unitless,source aggregate; no new pooling,source fixed predictions; no refit,G0_001,b659998af42043e56e0b553ed5996d5ba6ebd6d457c712411d87b5bbc4cad4d1,旧共享表复算；这是冻结表征后的logistic probe，不是原监督CNN head。
G0,legacy_refit_probe_right_post,L0,P_bal,,legacy_logistic_probe,calibrated,brier,0.4990414158199245,,,60.0,,47175.0,,unitless,source aggregate; no new pooling,source fixed predictions; no refit,G0_001,b659998af42043e56e0b553ed5996d5ba6ebd6d457c712411d87b5bbc4cad4d1,旧共享表复算；这是冻结表征后的logistic probe，不是原监督CNN head。
G0,legacy_refit_probe_right_pre,L0,P_bal,,legacy_logistic_probe,raw,ce_bits,1.000143069646622,,,60.0,,47175.0,,bits,source aggregate; no new pooling,source fixed predictions; no refit,G0_001,b659998af42043e56e0b553ed5996d5ba6ebd6d457c712411d87b5bbc4cad4d1,旧共享表复算；这是冻结表征后的logistic probe，不是原监督CNN head。
G0,legacy_refit_probe_right_pre,L0,P_bal,,legacy_logistic_probe,raw,J_bits,-0.000143069646622,,,60.0,,47175.0,,bits,source aggregate; no new pooling,source fixed predictions; no refit,G0_001,b659998af42043e56e0b553ed5996d5ba6ebd6d457c712411d87b5bbc4cad4d1,旧共享表复算；这是冻结表征后的logistic probe，不是原监督CNN head。
G0,legacy_refit_probe_right_pre,L0,P_bal,,legacy_logistic_probe,raw,bacc,0.4974701115361554,,,60.0,,47175.0,,unitless,source aggregate; no new pooling,source fixed predictions; no refit,G0_001,b659998af42043e56e0b553ed5996d5ba6ebd6d457c712411d87b5bbc4cad4d1,旧共享表复算；这是冻结表征后的logistic probe，不是原监督CNN head。
G0,legacy_refit_probe_right_pre,L0,P_bal,,legacy_logistic_probe,raw,auroc,0.4961615495294629,,,60.0,,47175.0,,unitless,source aggregate; no new pooling,source fixed predictions; no refit,G0_001,b659998af42043e56e0b553ed5996d5ba6ebd6d457c712411d87b5bbc4cad4d1,旧共享表复算；这是冻结表征后的logistic probe，不是原监督CNN head。
G0,legacy_refit_probe_right_pre,L0,P_bal,,legacy_logistic_probe,raw,brier,0.50009911791131,,,60.0,,47175.0,,unitless,source aggregate; no new pooling,source fixed predictions; no refit,G0_001,b659998af42043e56e0b553ed5996d5ba6ebd6d457c712411d87b5bbc4cad4d1,旧共享表复算；这是冻结表征后的logistic probe，不是原监督CNN head。
G0,legacy_refit_probe_right_pre,L0,P_bal,,legacy_logistic_probe,calibrated,ce_bits,1.0000244566599803,,,60.0,,47175.0,,bits,source aggregate; no new pooling,source fixed predictions; no refit,G0_001,b659998af42043e56e0b553ed5996d5ba6ebd6d457c712411d87b5bbc4cad4d1,旧共享表复算；这是冻结表征后的logistic probe，不是原监督CNN head。
G0,legacy_refit_probe_right_pre,L0,P_bal,,legacy_logistic_probe,calibrated,J_bits,-2.4456659980520712e-05,,,60.0,,47175.0,,bits,source aggregate; no new pooling,source fixed predictions; no refit,G0_001,b659998af42043e56e0b553ed5996d5ba6ebd6d457c712411d87b5bbc4cad4d1,旧共享表复算；这是冻结表征后的logistic probe，不是原监督CNN head。
G0,legacy_refit_probe_right_pre,L0,P_bal,,legacy_logistic_probe,calibrated,bacc,0.4974701115361554,,,60.0,,47175.0,,unitless,source aggregate; no new pooling,source fixed predictions; no refit,G0_001,b659998af42043e56e0b553ed5996d5ba6ebd6d457c712411d87b5bbc4cad4d1,旧共享表复算；这是冻结表征后的logistic probe，不是原监督CNN head。
G0,legacy_refit_probe_right_pre,L0,P_bal,,legacy_logistic_probe,calibrated,auroc,0.4961615495294629,,,60.0,,47175.0,,unitless,source aggregate; no new pooling,source fixed predictions; no refit,G0_001,b659998af42043e56e0b553ed5996d5ba6ebd6d457c712411d87b5bbc4cad4d1,旧共享表复算；这是冻结表征后的logistic probe，不是原监督CNN head。
G0,legacy_refit_probe_right_pre,L0,P_bal,,legacy_logistic_probe,calibrated,brier,0.5000169514803894,,,60.0,,47175.0,,unitless,source aggregate; no new pooling,source fixed predictions; no refit,G0_001,b659998af42043e56e0b553ed5996d5ba6ebd6d457c712411d87b5bbc4cad4d1,旧共享表复算；这是冻结表征后的logistic probe，不是原监督CNN head。
G0,legacy_refit_probe_right_post,R_RAND,P_bal,,legacy_logistic_probe,raw,ce_bits,0.9988447571845032,,,60.0,,47175.0,,bits,source aggregate; no new pooling,source fixed predictions; no refit,G0_001,b659998af42043e56e0b553ed5996d5ba6ebd6d457c712411d87b5bbc4cad4d1,旧共享表复算；这是冻结表征后的logistic probe，不是原监督CNN head。
G0,legacy_refit_probe_right_post,R_RAND,P_bal,,legacy_logistic_probe,raw,J_bits,0.0011552428154968,,,60.0,,47175.0,,bits,source aggregate; no new pooling,source fixed predictions; no refit,G0_001,b659998af42043e56e0b553ed5996d5ba6ebd6d457c712411d87b5bbc4cad4d1,旧共享表复算；这是冻结表征后的logistic probe，不是原监督CNN head。
G0,legacy_refit_probe_right_post,R_RAND,P_bal,,legacy_logistic_probe,raw,bacc,0.5171880933660573,,,60.0,,47175.0,,unitless,source aggregate; no new pooling,source fixed predictions; no refit,G0_001,b659998af42043e56e0b553ed5996d5ba6ebd6d457c712411d87b5bbc4cad4d1,旧共享表复算；这是冻结表征后的logistic probe，不是原监督CNN head。
G0,legacy_refit_probe_right_post,R_RAND,P_bal,,legacy_logistic_probe,raw,auroc,0.5259152889316285,,,60.0,,47175.0,,unitless,source aggregate; no new pooling,source fixed predictions; no refit,G0_001,b659998af42043e56e0b553ed5996d5ba6ebd6d457c712411d87b5bbc4cad4d1,旧共享表复算；这是冻结表征后的logistic probe，不是原监督CNN head。
G0,legacy_refit_probe_right_post,R_RAND,P_bal,,legacy_logistic_probe,raw,brier,0.4991992547765863,,,60.0,,47175.0,,unitless,source aggregate; no new pooling,source fixed predictions; no refit,G0_001,b659998af42043e56e0b553ed5996d5ba6ebd6d457c712411d87b5bbc4cad4d1,旧共享表复算；这是冻结表征后的logistic probe，不是原监督CNN head。
G0,legacy_refit_probe_right_post,R_RAND,P_bal,,legacy_logistic_probe,calibrated,ce_bits,0.9990682690048448,,,60.0,,47175.0,,bits,source aggregate; no new pooling,source fixed predictions; no refit,G0_001,b659998af42043e56e0b553ed5996d5ba6ebd6d457c712411d87b5bbc4cad4d1,旧共享表复算；这是冻结表征后的logistic probe，不是原监督CNN head。
G0,legacy_refit_probe_right_post,R_RAND,P_bal,,legacy_logistic_probe,calibrated,J_bits,0.0009317309951553,,,60.0,,47175.0,,bits,source aggregate; no new pooling,source fixed predictions; no refit,G0_001,b659998af42043e56e0b553ed5996d5ba6ebd6d457c712411d87b5bbc4cad4d1,旧共享表复算；这是冻结表征后的logistic probe，不是原监督CNN head。
G0,legacy_refit_probe_right_post,R_RAND,P_bal,,legacy_logistic_probe,calibrated,bacc,0.5171880933660573,,,60.0,,47175.0,,unitless,source aggregate; no new pooling,source fixed predictions; no refit,G0_001,b659998af42043e56e0b553ed5996d5ba6ebd6d457c712411d87b5bbc4cad4d1,旧共享表复算；这是冻结表征后的logistic probe，不是原监督CNN head。
G0,legacy_refit_probe_right_post,R_RAND,P_bal,,legacy_logistic_probe,calibrated,auroc,0.5259152889316285,,,60.0,,47175.0,,unitless,source aggregate; no new pooling,source fixed predictions; no refit,G0_001,b659998af42043e56e0b553ed5996d5ba6ebd6d457c712411d87b5bbc4cad4d1,旧共享表复算；这是冻结表征后的logistic probe，不是原监督CNN head。
G0,legacy_refit_probe_right_post,R_RAND,P_bal,,legacy_logistic_probe,calibrated,brier,0.4993522838800482,,,60.0,,47175.0,,unitless,source aggregate; no new pooling,source fixed predictions; no refit,G0_001,b659998af42043e56e0b553ed5996d5ba6ebd6d457c712411d87b5bbc4cad4d1,旧共享表复算；这是冻结表征后的logistic probe，不是原监督CNN head。
G0,legacy_refit_probe_right_pre,R_RAND,P_bal,,legacy_logistic_probe,raw,ce_bits,1.000120025423574,,,60.0,,47175.0,,bits,source aggregate; no new pooling,source fixed predictions; no refit,G0_001,b659998af42043e56e0b553ed5996d5ba6ebd6d457c712411d87b5bbc4cad4d1,旧共享表复算；这是冻结表征后的logistic probe，不是原监督CNN head。
G0,legacy_refit_probe_right_pre,R_RAND,P_bal,,legacy_logistic_probe,raw,J_bits,-0.000120025423574,,,60.0,,47175.0,,bits,source aggregate; no new pooling,source fixed predictions; no refit,G0_001,b659998af42043e56e0b553ed5996d5ba6ebd6d457c712411d87b5bbc4cad4d1,旧共享表复算；这是冻结表征后的logistic probe，不是原监督CNN head。
G0,legacy_refit_probe_right_pre,R_RAND,P_bal,,legacy_logistic_probe,raw,bacc,0.497091318623814,,,60.0,,47175.0,,unitless,source aggregate; no new pooling,source fixed predictions; no refit,G0_001,b659998af42043e56e0b553ed5996d5ba6ebd6d457c712411d87b5bbc4cad4d1,旧共享表复算；这是冻结表征后的logistic probe，不是原监督CNN head。
G0,legacy_refit_probe_right_pre,R_RAND,P_bal,,legacy_logistic_probe,raw,auroc,0.4934094696662673,,,60.0,,47175.0,,unitless,source aggregate; no new pooling,source fixed predictions; no refit,G0_001,b659998af42043e56e0b553ed5996d5ba6ebd6d457c712411d87b5bbc4cad4d1,旧共享表复算；这是冻结表征后的logistic probe，不是原监督CNN head。
G0,legacy_refit_probe_right_pre,R_RAND,P_bal,,legacy_logistic_probe,raw,brier,0.5000831923074671,,,60.0,,47175.0,,unitless,source aggregate; no new pooling,source fixed predictions; no refit,G0_001,b659998af42043e56e0b553ed5996d5ba6ebd6d457c712411d87b5bbc4cad4d1,旧共享表复算；这是冻结表征后的logistic probe，不是原监督CNN head。
G0,legacy_refit_probe_right_pre,R_RAND,P_bal,,legacy_logistic_probe,calibrated,ce_bits,1.0000246545353415,,,60.0,,47175.0,,bits,source aggregate; no new pooling,source fixed predictions; no refit,G0_001,b659998af42043e56e0b553ed5996d5ba6ebd6d457c712411d87b5bbc4cad4d1,旧共享表复算；这是冻结表征后的logistic probe，不是原监督CNN head。
G0,legacy_refit_probe_right_pre,R_RAND,P_bal,,legacy_logistic_probe,calibrated,J_bits,-2.4654535341728238e-05,,,60.0,,47175.0,,bits,source aggregate; no new pooling,source fixed predictions; no refit,G0_001,b659998af42043e56e0b553ed5996d5ba6ebd6d457c712411d87b5bbc4cad4d1,旧共享表复算；这是冻结表征后的logistic probe，不是原监督CNN head。
G0,legacy_refit_probe_right_pre,R_RAND,P_bal,,legacy_logistic_probe,calibrated,bacc,0.497091318623814,,,60.0,,47175.0,,unitless,source aggregate; no new pooling,source fixed predictions; no refit,G0_001,b659998af42043e56e0b553ed5996d5ba6ebd6d457c712411d87b5bbc4cad4d1,旧共享表复算；这是冻结表征后的logistic probe，不是原监督CNN head。
G0,legacy_refit_probe_right_pre,R_RAND,P_bal,,legacy_logistic_probe,calibrated,auroc,0.4934094696662673,,,60.0,,47175.0,,unitless,source aggregate; no new pooling,source fixed predictions; no refit,G0_001,b659998af42043e56e0b553ed5996d5ba6ebd6d457c712411d87b5bbc4cad4d1,旧共享表复算；这是冻结表征后的logistic probe，不是原监督CNN head。
G0,legacy_refit_probe_right_pre,R_RAND,P_bal,,legacy_logistic_probe,calibrated,brier,0.5000170891882773,,,60.0,,47175.0,,unitless,source aggregate; no new pooling,source fixed predictions; no refit,G0_001,b659998af42043e56e0b553ed5996d5ba6ebd6d457c712411d87b5bbc4cad4d1,旧共享表复算；这是冻结表征后的logistic probe，不是原监督CNN head。
G0,legacy_refit_probe_right_post,R_SUP,P_bal,,legacy_logistic_probe,raw,ce_bits,1.009122262735791,,,60.0,,47175.0,,bits,source aggregate; no new pooling,source fixed predictions; no refit,G0_001,b659998af42043e56e0b553ed5996d5ba6ebd6d457c712411d87b5bbc4cad4d1,旧共享表复算；这是冻结表征后的logistic probe，不是原监督CNN head。
G0,legacy_refit_probe_right_post,R_SUP,P_bal,,legacy_logistic_probe,raw,J_bits,-0.0091222627357909,,,60.0,,47175.0,,bits,source aggregate; no new pooling,source fixed predictions; no refit,G0_001,b659998af42043e56e0b553ed5996d5ba6ebd6d457c712411d87b5bbc4cad4d1,旧共享表复算；这是冻结表征后的logistic probe，不是原监督CNN head。
G0,legacy_refit_probe_right_post,R_SUP,P_bal,,legacy_logistic_probe,raw,bacc,0.5149545493927388,,,60.0,,47175.0,,unitless,source aggregate; no new pooling,source fixed predictions; no refit,G0_001,b659998af42043e56e0b553ed5996d5ba6ebd6d457c712411d87b5bbc4cad4d1,旧共享表复算；这是冻结表征后的logistic probe，不是原监督CNN head。
G0,legacy_refit_probe_right_post,R_SUP,P_bal,,legacy_logistic_probe,raw,auroc,0.5279247551913908,,,60.0,,47175.0,,unitless,source aggregate; no new pooling,source fixed predictions; no refit,G0_001,b659998af42043e56e0b553ed5996d5ba6ebd6d457c712411d87b5bbc4cad4d1,旧共享表复算；这是冻结表征后的logistic probe，不是原监督CNN head。
G0,legacy_refit_probe_right_post,R_SUP,P_bal,,legacy_logistic_probe,raw,brier,0.5059194034505502,,,60.0,,47175.0,,unitless,source aggregate; no new pooling,source fixed predictions; no refit,G0_001,b659998af42043e56e0b553ed5996d5ba6ebd6d457c712411d87b5bbc4cad4d1,旧共享表复算；这是冻结表征后的logistic probe，不是原监督CNN head。
G0,legacy_refit_probe_right_post,R_SUP,P_bal,,legacy_logistic_probe,calibrated,ce_bits,1.0086221074366923,,,60.0,,47175.0,,bits,source aggregate; no new pooling,source fixed predictions; no refit,G0_001,b659998af42043e56e0b553ed5996d5ba6ebd6d457c712411d87b5bbc4cad4d1,旧共享表复算；这是冻结表征后的logistic probe，不是原监督CNN head。
G0,legacy_refit_probe_right_post,R_SUP,P_bal,,legacy_logistic_probe,calibrated,J_bits,-0.0086221074366923,,,60.0,,47175.0,,bits,source aggregate; no new pooling,source fixed predictions; no refit,G0_001,b659998af42043e56e0b553ed5996d5ba6ebd6d457c712411d87b5bbc4cad4d1,旧共享表复算；这是冻结表征后的logistic probe，不是原监督CNN head。
G0,legacy_refit_probe_right_post,R_SUP,P_bal,,legacy_logistic_probe,calibrated,bacc,0.5149545493927388,,,60.0,,47175.0,,unitless,source aggregate; no new pooling,source fixed predictions; no refit,G0_001,b659998af42043e56e0b553ed5996d5ba6ebd6d457c712411d87b5bbc4cad4d1,旧共享表复算；这是冻结表征后的logistic probe，不是原监督CNN head。
G0,legacy_refit_probe_right_post,R_SUP,P_bal,,legacy_logistic_probe,calibrated,auroc,0.5279247551913908,,,60.0,,47175.0,,unitless,source aggregate; no new pooling,source fixed predictions; no refit,G0_001,b659998af42043e56e0b553ed5996d5ba6ebd6d457c712411d87b5bbc4cad4d1,旧共享表复算；这是冻结表征后的logistic probe，不是原监督CNN head。
G0,legacy_refit_probe_right_post,R_SUP,P_bal,,legacy_logistic_probe,calibrated,brier,0.5055998244351865,,,60.0,,47175.0,,unitless,source aggregate; no new pooling,source fixed predictions; no refit,G0_001,b659998af42043e56e0b553ed5996d5ba6ebd6d457c712411d87b5bbc4cad4d1,旧共享表复算；这是冻结表征后的logistic probe，不是原监督CNN head。
G0,legacy_refit_probe_right_pre,R_SUP,P_bal,,legacy_logistic_probe,raw,ce_bits,1.0002281702865417,,,60.0,,47175.0,,bits,source aggregate; no new pooling,source fixed predictions; no refit,G0_001,b659998af42043e56e0b553ed5996d5ba6ebd6d457c712411d87b5bbc4cad4d1,旧共享表复算；这是冻结表征后的logistic probe，不是原监督CNN head。
G0,legacy_refit_probe_right_pre,R_SUP,P_bal,,legacy_logistic_probe,raw,J_bits,-0.0002281702865416,,,60.0,,47175.0,,bits,source aggregate; no new pooling,source fixed predictions; no refit,G0_001,b659998af42043e56e0b553ed5996d5ba6ebd6d457c712411d87b5bbc4cad4d1,旧共享表复算；这是冻结表征后的logistic probe，不是原监督CNN head。
G0,legacy_refit_probe_right_pre,R_SUP,P_bal,,legacy_logistic_probe,raw,bacc,0.4903351240618409,,,60.0,,47175.0,,unitless,source aggregate; no new pooling,source fixed predictions; no refit,G0_001,b659998af42043e56e0b553ed5996d5ba6ebd6d457c712411d87b5bbc4cad4d1,旧共享表复算；这是冻结表征后的logistic probe，不是原监督CNN head。
G0,legacy_refit_probe_right_pre,R_SUP,P_bal,,legacy_logistic_probe,raw,auroc,0.4877732725994673,,,60.0,,47175.0,,unitless,source aggregate; no new pooling,source fixed predictions; no refit,G0_001,b659998af42043e56e0b553ed5996d5ba6ebd6d457c712411d87b5bbc4cad4d1,旧共享表复算；这是冻结表征后的logistic probe，不是原监督CNN head。
G0,legacy_refit_probe_right_pre,R_SUP,P_bal,,legacy_logistic_probe,raw,brier,0.5001581495314426,,,60.0,,47175.0,,unitless,source aggregate; no new pooling,source fixed predictions; no refit,G0_001,b659998af42043e56e0b553ed5996d5ba6ebd6d457c712411d87b5bbc4cad4d1,旧共享表复算；这是冻结表征后的logistic probe，不是原监督CNN head。
G0,legacy_refit_probe_right_pre,R_SUP,P_bal,,legacy_logistic_probe,calibrated,ce_bits,1.0000510844232011,,,60.0,,47175.0,,bits,source aggregate; no new pooling,source fixed predictions; no refit,G0_001,b659998af42043e56e0b553ed5996d5ba6ebd6d457c712411d87b5bbc4cad4d1,旧共享表复算；这是冻结表征后的logistic probe，不是原监督CNN head。
G0,legacy_refit_probe_right_pre,R_SUP,P_bal,,legacy_logistic_probe,calibrated,J_bits,-5.108442320111983e-05,,,60.0,,47175.0,,bits,source aggregate; no new pooling,source fixed predictions; no refit,G0_001,b659998af42043e56e0b553ed5996d5ba6ebd6d457c712411d87b5bbc4cad4d1,旧共享表复算；这是冻结表征后的logistic probe，不是原监督CNN head。
G0,legacy_refit_probe_right_pre,R_SUP,P_bal,,legacy_logistic_probe,calibrated,bacc,0.4903351240618409,,,60.0,,47175.0,,unitless,source aggregate; no new pooling,source fixed predictions; no refit,G0_001,b659998af42043e56e0b553ed5996d5ba6ebd6d457c712411d87b5bbc4cad4d1,旧共享表复算；这是冻结表征后的logistic probe，不是原监督CNN head。
G0,legacy_refit_probe_right_pre,R_SUP,P_bal,,legacy_logistic_probe,calibrated,auroc,0.4877732725994673,,,60.0,,47175.0,,unitless,source aggregate; no new pooling,source fixed predictions; no refit,G0_001,b659998af42043e56e0b553ed5996d5ba6ebd6d457c712411d87b5bbc4cad4d1,旧共享表复算；这是冻结表征后的logistic probe，不是原监督CNN head。
G0,legacy_refit_probe_right_pre,R_SUP,P_bal,,legacy_logistic_probe,calibrated,brier,0.5000354089471701,,,60.0,,47175.0,,unitless,source aggregate; no new pooling,source fixed predictions; no refit,G0_001,b659998af42043e56e0b553ed5996d5ba6ebd6d457c712411d87b5bbc4cad4d1,旧共享表复算；这是冻结表征后的logistic probe，不是原监督CNN head。
G0,legacy_refit_probe_right_post,R_SIM,P_bal,,legacy_logistic_probe,raw,ce_bits,0.9995675414615824,,,60.0,,47175.0,,bits,source aggregate; no new pooling,source fixed predictions; no refit,G0_001,b659998af42043e56e0b553ed5996d5ba6ebd6d457c712411d87b5bbc4cad4d1,旧共享表复算；这是冻结表征后的logistic probe，不是原监督CNN head。
G0,legacy_refit_probe_right_post,R_SIM,P_bal,,legacy_logistic_probe,raw,J_bits,0.0004324585384175,,,60.0,,47175.0,,bits,source aggregate; no new pooling,source fixed predictions; no refit,G0_001,b659998af42043e56e0b553ed5996d5ba6ebd6d457c712411d87b5bbc4cad4d1,旧共享表复算；这是冻结表征后的logistic probe，不是原监督CNN head。
G0,legacy_refit_probe_right_post,R_SIM,P_bal,,legacy_logistic_probe,raw,bacc,0.5128309643293304,,,60.0,,47175.0,,unitless,source aggregate; no new pooling,source fixed predictions; no refit,G0_001,b659998af42043e56e0b553ed5996d5ba6ebd6d457c712411d87b5bbc4cad4d1,旧共享表复算；这是冻结表征后的logistic probe，不是原监督CNN head。
G0,legacy_refit_probe_right_post,R_SIM,P_bal,,legacy_logistic_probe,raw,auroc,0.516512167733302,,,60.0,,47175.0,,unitless,source aggregate; no new pooling,source fixed predictions; no refit,G0_001,b659998af42043e56e0b553ed5996d5ba6ebd6d457c712411d87b5bbc4cad4d1,旧共享表复算；这是冻结表征后的logistic probe，不是原监督CNN head。
G0,legacy_refit_probe_right_post,R_SIM,P_bal,,legacy_logistic_probe,raw,brier,0.4996994043879056,,,60.0,,47175.0,,unitless,source aggregate; no new pooling,source fixed predictions; no refit,G0_001,b659998af42043e56e0b553ed5996d5ba6ebd6d457c712411d87b5bbc4cad4d1,旧共享表复算；这是冻结表征后的logistic probe，不是原监督CNN head。
G0,legacy_refit_probe_right_post,R_SIM,P_bal,,legacy_logistic_probe,calibrated,ce_bits,0.9996947067061815,,,60.0,,47175.0,,bits,source aggregate; no new pooling,source fixed predictions; no refit,G0_001,b659998af42043e56e0b553ed5996d5ba6ebd6d457c712411d87b5bbc4cad4d1,旧共享表复算；这是冻结表征后的logistic probe，不是原监督CNN head。
G0,legacy_refit_probe_right_post,R_SIM,P_bal,,legacy_logistic_probe,calibrated,J_bits,0.0003052932938183,,,60.0,,47175.0,,bits,source aggregate; no new pooling,source fixed predictions; no refit,G0_001,b659998af42043e56e0b553ed5996d5ba6ebd6d457c712411d87b5bbc4cad4d1,旧共享表复算；这是冻结表征后的logistic probe，不是原监督CNN head。
G0,legacy_refit_probe_right_post,R_SIM,P_bal,,legacy_logistic_probe,calibrated,bacc,0.5128309643293304,,,60.0,,47175.0,,unitless,source aggregate; no new pooling,source fixed predictions; no refit,G0_001,b659998af42043e56e0b553ed5996d5ba6ebd6d457c712411d87b5bbc4cad4d1,旧共享表复算；这是冻结表征后的logistic probe，不是原监督CNN head。
G0,legacy_refit_probe_right_post,R_SIM,P_bal,,legacy_logistic_probe,calibrated,auroc,0.516512167733302,,,60.0,,47175.0,,unitless,source aggregate; no new pooling,source fixed predictions; no refit,G0_001,b659998af42043e56e0b553ed5996d5ba6ebd6d457c712411d87b5bbc4cad4d1,旧共享表复算；这是冻结表征后的logistic probe，不是原监督CNN head。
G0,legacy_refit_probe_right_post,R_SIM,P_bal,,legacy_logistic_probe,calibrated,brier,0.4997864889419826,,,60.0,,47175.0,,unitless,source aggregate; no new pooling,source fixed predictions; no refit,G0_001,b659998af42043e56e0b553ed5996d5ba6ebd6d457c712411d87b5bbc4cad4d1,旧共享表复算；这是冻结表征后的logistic probe，不是原监督CNN head。
G0,legacy_refit_probe_right_pre,R_SIM,P_bal,,legacy_logistic_probe,raw,ce_bits,1.0001322243176505,,,60.0,,47175.0,,bits,source aggregate; no new pooling,source fixed predictions; no refit,G0_001,b659998af42043e56e0b553ed5996d5ba6ebd6d457c712411d87b5bbc4cad4d1,旧共享表复算；这是冻结表征后的logistic probe，不是原监督CNN head。
G0,legacy_refit_probe_right_pre,R_SIM,P_bal,,legacy_logistic_probe,raw,J_bits,-0.0001322243176504,,,60.0,,47175.0,,bits,source aggregate; no new pooling,source fixed predictions; no refit,G0_001,b659998af42043e56e0b553ed5996d5ba6ebd6d457c712411d87b5bbc4cad4d1,旧共享表复算；这是冻结表征后的logistic probe，不是原监督CNN head。
G0,legacy_refit_probe_right_pre,R_SIM,P_bal,,legacy_logistic_probe,raw,bacc,0.500307381181647,,,60.0,,47175.0,,unitless,source aggregate; no new pooling,source fixed predictions; no refit,G0_001,b659998af42043e56e0b553ed5996d5ba6ebd6d457c712411d87b5bbc4cad4d1,旧共享表复算；这是冻结表征后的logistic probe，不是原监督CNN head。
G0,legacy_refit_probe_right_pre,R_SIM,P_bal,,legacy_logistic_probe,raw,auroc,0.4971339895626266,,,60.0,,47175.0,,unitless,source aggregate; no new pooling,source fixed predictions; no refit,G0_001,b659998af42043e56e0b553ed5996d5ba6ebd6d457c712411d87b5bbc4cad4d1,旧共享表复算；这是冻结表征后的logistic probe，不是原监督CNN head。
G0,legacy_refit_probe_right_pre,R_SIM,P_bal,,legacy_logistic_probe,raw,brier,0.500091634800163,,,60.0,,47175.0,,unitless,source aggregate; no new pooling,source fixed predictions; no refit,G0_001,b659998af42043e56e0b553ed5996d5ba6ebd6d457c712411d87b5bbc4cad4d1,旧共享表复算；这是冻结表征后的logistic probe，不是原监督CNN head。
G0,legacy_refit_probe_right_pre,R_SIM,P_bal,,legacy_logistic_probe,calibrated,ce_bits,1.0000837281326276,,,60.0,,47175.0,,bits,source aggregate; no new pooling,source fixed predictions; no refit,G0_001,b659998af42043e56e0b553ed5996d5ba6ebd6d457c712411d87b5bbc4cad4d1,旧共享表复算；这是冻结表征后的logistic probe，不是原监督CNN head。
G0,legacy_refit_probe_right_pre,R_SIM,P_bal,,legacy_logistic_probe,calibrated,J_bits,-8.372813262758072e-05,,,60.0,,47175.0,,bits,source aggregate; no new pooling,source fixed predictions; no refit,G0_001,b659998af42043e56e0b553ed5996d5ba6ebd6d457c712411d87b5bbc4cad4d1,旧共享表复算；这是冻结表征后的logistic probe，不是原监督CNN head。
G0,legacy_refit_probe_right_pre,R_SIM,P_bal,,legacy_logistic_probe,calibrated,bacc,0.500307381181647,,,60.0,,47175.0,,unitless,source aggregate; no new pooling,source fixed predictions; no refit,G0_001,b659998af42043e56e0b553ed5996d5ba6ebd6d457c712411d87b5bbc4cad4d1,旧共享表复算；这是冻结表征后的logistic probe，不是原监督CNN head。
G0,legacy_refit_probe_right_pre,R_SIM,P_bal,,legacy_logistic_probe,calibrated,auroc,0.4971339895626266,,,60.0,,47175.0,,unitless,source aggregate; no new pooling,source fixed predictions; no refit,G0_001,b659998af42043e56e0b553ed5996d5ba6ebd6d457c712411d87b5bbc4cad4d1,旧共享表复算；这是冻结表征后的logistic probe，不是原监督CNN head。
G0,legacy_refit_probe_right_pre,R_SIM,P_bal,,legacy_logistic_probe,calibrated,brier,0.5000580263059432,,,60.0,,47175.0,,unitless,source aggregate; no new pooling,source fixed predictions; no refit,G0_001,b659998af42043e56e0b553ed5996d5ba6ebd6d457c712411d87b5bbc4cad4d1,旧共享表复算；这是冻结表征后的logistic probe，不是原监督CNN head。
G0,original_head_TRAIN_DIAGNOSTIC_fold0,R_SUP_ORIGINAL_HEAD,P_bal,,original_supervised_head,raw,ce_bits_stable,0.9833225562112436,,,46.0,,34182.0,,unitless,source aggregate; no new pooling,source fixed predictions; no refit,G0_001,b659998af42043e56e0b553ed5996d5ba6ebd6d457c712411d87b5bbc4cad4d1,训练组分数仅优化诊断；与OUTER_SHARED及重新拟合probe分列，不进行跨训练折平均。
G0,original_head_TRAIN_DIAGNOSTIC_fold0,R_SUP_ORIGINAL_HEAD,P_bal,,original_supervised_head,raw,bacc,0.5608197397617379,,,46.0,,34182.0,,unitless,source aggregate; no new pooling,source fixed predictions; no refit,G0_001,b659998af42043e56e0b553ed5996d5ba6ebd6d457c712411d87b5bbc4cad4d1,训练组分数仅优化诊断；与OUTER_SHARED及重新拟合probe分列，不进行跨训练折平均。
G0,original_head_TRAIN_DIAGNOSTIC_fold0,R_SUP_ORIGINAL_HEAD,P_bal,,original_supervised_head,raw,auroc,0.594922259131263,,,46.0,,34182.0,,unitless,source aggregate; no new pooling,source fixed predictions; no refit,G0_001,b659998af42043e56e0b553ed5996d5ba6ebd6d457c712411d87b5bbc4cad4d1,训练组分数仅优化诊断；与OUTER_SHARED及重新拟合probe分列，不进行跨训练折平均。
G0,original_head_TRAIN_DIAGNOSTIC_fold0,R_SUP_ORIGINAL_HEAD,P_bal,,original_supervised_head,raw,brier,0.4885599226601556,,,46.0,,34182.0,,unitless,source aggregate; no new pooling,source fixed predictions; no refit,G0_001,b659998af42043e56e0b553ed5996d5ba6ebd6d457c712411d87b5bbc4cad4d1,训练组分数仅优化诊断；与OUTER_SHARED及重新拟合probe分列，不进行跨训练折平均。
G0,original_head_OUTER_SHARED_fold0,R_SUP_ORIGINAL_HEAD,P_bal,,original_supervised_head,raw,ce_bits_stable,1.0055532444849589,,,12.0,,9781.0,,unitless,source aggregate; no new pooling,source fixed predictions; no refit,G0_001,b659998af42043e56e0b553ed5996d5ba6ebd6d457c712411d87b5bbc4cad4d1,训练组分数仅优化诊断；与OUTER_SHARED及重新拟合probe分列，不进行跨训练折平均。
G0,original_head_OUTER_SHARED_fold0,R_SUP_ORIGINAL_HEAD,P_bal,,original_supervised_head,raw,bacc,0.5184335535132054,,,12.0,,9781.0,,unitless,source aggregate; no new pooling,source fixed predictions; no refit,G0_001,b659998af42043e56e0b553ed5996d5ba6ebd6d457c712411d87b5bbc4cad4d1,训练组分数仅优化诊断；与OUTER_SHARED及重新拟合probe分列，不进行跨训练折平均。
G0,original_head_OUTER_SHARED_fold0,R_SUP_ORIGINAL_HEAD,P_bal,,original_supervised_head,raw,auroc,0.531630309429911,,,12.0,,9781.0,,unitless,source aggregate; no new pooling,source fixed predictions; no refit,G0_001,b659998af42043e56e0b553ed5996d5ba6ebd6d457c712411d87b5bbc4cad4d1,训练组分数仅优化诊断；与OUTER_SHARED及重新拟合probe分列，不进行跨训练折平均。
G0,original_head_OUTER_SHARED_fold0,R_SUP_ORIGINAL_HEAD,P_bal,,original_supervised_head,raw,brier,0.5036500641253762,,,12.0,,9781.0,,unitless,source aggregate; no new pooling,source fixed predictions; no refit,G0_001,b659998af42043e56e0b553ed5996d5ba6ebd6d457c712411d87b5bbc4cad4d1,训练组分数仅优化诊断；与OUTER_SHARED及重新拟合probe分列，不进行跨训练折平均。
G0,original_head_TRAIN_DIAGNOSTIC_fold1,R_SUP_ORIGINAL_HEAD,P_bal,,original_supervised_head,raw,ce_bits_stable,0.9793549398924872,,,47.0,,35456.0,,unitless,source aggregate; no new pooling,source fixed predictions; no refit,G0_001,b659998af42043e56e0b553ed5996d5ba6ebd6d457c712411d87b5bbc4cad4d1,训练组分数仅优化诊断；与OUTER_SHARED及重新拟合probe分列，不进行跨训练折平均。
G0,original_head_TRAIN_DIAGNOSTIC_fold1,R_SUP_ORIGINAL_HEAD,P_bal,,original_supervised_head,raw,bacc,0.5651797745243284,,,47.0,,35456.0,,unitless,source aggregate; no new pooling,source fixed predictions; no refit,G0_001,b659998af42043e56e0b553ed5996d5ba6ebd6d457c712411d87b5bbc4cad4d1,训练组分数仅优化诊断；与OUTER_SHARED及重新拟合probe分列，不进行跨训练折平均。
G0,original_head_TRAIN_DIAGNOSTIC_fold1,R_SUP_ORIGINAL_HEAD,P_bal,,original_supervised_head,raw,auroc,0.5960652821721979,,,47.0,,35456.0,,unitless,source aggregate; no new pooling,source fixed predictions; no refit,G0_001,b659998af42043e56e0b553ed5996d5ba6ebd6d457c712411d87b5bbc4cad4d1,训练组分数仅优化诊断；与OUTER_SHARED及重新拟合probe分列，不进行跨训练折平均。
G0,original_head_TRAIN_DIAGNOSTIC_fold1,R_SUP_ORIGINAL_HEAD,P_bal,,original_supervised_head,raw,brier,0.4858838066327517,,,47.0,,35456.0,,unitless,source aggregate; no new pooling,source fixed predictions; no refit,G0_001,b659998af42043e56e0b553ed5996d5ba6ebd6d457c712411d87b5bbc4cad4d1,训练组分数仅优化诊断；与OUTER_SHARED及重新拟合probe分列，不进行跨训练折平均。
G0,original_head_OUTER_SHARED_fold1,R_SUP_ORIGINAL_HEAD,P_bal,,original_supervised_head,raw,ce_bits_stable,1.007805463454801,,,11.0,,8507.0,,unitless,source aggregate; no new pooling,source fixed predictions; no refit,G0_001,b659998af42043e56e0b553ed5996d5ba6ebd6d457c712411d87b5bbc4cad4d1,训练组分数仅优化诊断；与OUTER_SHARED及重新拟合probe分列，不进行跨训练折平均。
G0,original_head_OUTER_SHARED_fold1,R_SUP_ORIGINAL_HEAD,P_bal,,original_supervised_head,raw,bacc,0.5114387556247821,,,11.0,,8507.0,,unitless,source aggregate; no new pooling,source fixed predictions; no refit,G0_001,b659998af42043e56e0b553ed5996d5ba6ebd6d457c712411d87b5bbc4cad4d1,训练组分数仅优化诊断；与OUTER_SHARED及重新拟合probe分列，不进行跨训练折平均。
G0,original_head_OUTER_SHARED_fold1,R_SUP_ORIGINAL_HEAD,P_bal,,original_supervised_head,raw,auroc,0.5220984490697153,,,11.0,,8507.0,,unitless,source aggregate; no new pooling,source fixed predictions; no refit,G0_001,b659998af42043e56e0b553ed5996d5ba6ebd6d457c712411d87b5bbc4cad4d1,训练组分数仅优化诊断；与OUTER_SHARED及重新拟合probe分列，不进行跨训练折平均。
G0,original_head_OUTER_SHARED_fold1,R_SUP_ORIGINAL_HEAD,P_bal,,original_supervised_head,raw,brier,0.5051961766401113,,,11.0,,8507.0,,unitless,source aggregate; no new pooling,source fixed predictions; no refit,G0_001,b659998af42043e56e0b553ed5996d5ba6ebd6d457c712411d87b5bbc4cad4d1,训练组分数仅优化诊断；与OUTER_SHARED及重新拟合probe分列，不进行跨训练折平均。
G0,original_head_TRAIN_DIAGNOSTIC_fold2,R_SUP_ORIGINAL_HEAD,P_bal,,original_supervised_head,raw,ce_bits_stable,0.976132836841738,,,47.0,,35639.0,,unitless,source aggregate; no new pooling,source fixed predictions; no refit,G0_001,b659998af42043e56e0b553ed5996d5ba6ebd6d457c712411d87b5bbc4cad4d1,训练组分数仅优化诊断；与OUTER_SHARED及重新拟合probe分列，不进行跨训练折平均。
G0,original_head_TRAIN_DIAGNOSTIC_fold2,R_SUP_ORIGINAL_HEAD,P_bal,,original_supervised_head,raw,bacc,0.5756753379472264,,,47.0,,35639.0,,unitless,source aggregate; no new pooling,source fixed predictions; no refit,G0_001,b659998af42043e56e0b553ed5996d5ba6ebd6d457c712411d87b5bbc4cad4d1,训练组分数仅优化诊断；与OUTER_SHARED及重新拟合probe分列，不进行跨训练折平均。
G0,original_head_TRAIN_DIAGNOSTIC_fold2,R_SUP_ORIGINAL_HEAD,P_bal,,original_supervised_head,raw,auroc,0.6057823613729959,,,47.0,,35639.0,,unitless,source aggregate; no new pooling,source fixed predictions; no refit,G0_001,b659998af42043e56e0b553ed5996d5ba6ebd6d457c712411d87b5bbc4cad4d1,训练组分数仅优化诊断；与OUTER_SHARED及重新拟合probe分列，不进行跨训练折平均。
G0,original_head_TRAIN_DIAGNOSTIC_fold2,R_SUP_ORIGINAL_HEAD,P_bal,,original_supervised_head,raw,brier,0.4836755777970758,,,47.0,,35639.0,,unitless,source aggregate; no new pooling,source fixed predictions; no refit,G0_001,b659998af42043e56e0b553ed5996d5ba6ebd6d457c712411d87b5bbc4cad4d1,训练组分数仅优化诊断；与OUTER_SHARED及重新拟合probe分列，不进行跨训练折平均。
G0,original_head_OUTER_SHARED_fold2,R_SUP_ORIGINAL_HEAD,P_bal,,original_supervised_head,raw,ce_bits_stable,0.9978967143219892,,,11.0,,8324.0,,unitless,source aggregate; no new pooling,source fixed predictions; no refit,G0_001,b659998af42043e56e0b553ed5996d5ba6ebd6d457c712411d87b5bbc4cad4d1,训练组分数仅优化诊断；与OUTER_SHARED及重新拟合probe分列，不进行跨训练折平均。
G0,original_head_OUTER_SHARED_fold2,R_SUP_ORIGINAL_HEAD,P_bal,,original_supervised_head,raw,bacc,0.5366427595114845,,,11.0,,8324.0,,unitless,source aggregate; no new pooling,source fixed predictions; no refit,G0_001,b659998af42043e56e0b553ed5996d5ba6ebd6d457c712411d87b5bbc4cad4d1,训练组分数仅优化诊断；与OUTER_SHARED及重新拟合probe分列，不进行跨训练折平均。
G0,original_head_OUTER_SHARED_fold2,R_SUP_ORIGINAL_HEAD,P_bal,,original_supervised_head,raw,auroc,0.5500958268617133,,,11.0,,8324.0,,unitless,source aggregate; no new pooling,source fixed predictions; no refit,G0_001,b659998af42043e56e0b553ed5996d5ba6ebd6d457c712411d87b5bbc4cad4d1,训练组分数仅优化诊断；与OUTER_SHARED及重新拟合probe分列，不进行跨训练折平均。
G0,original_head_OUTER_SHARED_fold2,R_SUP_ORIGINAL_HEAD,P_bal,,original_supervised_head,raw,brier,0.4984193239117646,,,11.0,,8324.0,,unitless,source aggregate; no new pooling,source fixed predictions; no refit,G0_001,b659998af42043e56e0b553ed5996d5ba6ebd6d457c712411d87b5bbc4cad4d1,训练组分数仅优化诊断；与OUTER_SHARED及重新拟合probe分列，不进行跨训练折平均。
G0,original_head_TRAIN_DIAGNOSTIC_fold3,R_SUP_ORIGINAL_HEAD,P_bal,,original_supervised_head,raw,ce_bits_stable,0.986654133910019,,,46.0,,35010.0,,unitless,source aggregate; no new pooling,source fixed predictions; no refit,G0_001,b659998af42043e56e0b553ed5996d5ba6ebd6d457c712411d87b5bbc4cad4d1,训练组分数仅优化诊断；与OUTER_SHARED及重新拟合probe分列，不进行跨训练折平均。
G0,original_head_TRAIN_DIAGNOSTIC_fold3,R_SUP_ORIGINAL_HEAD,P_bal,,original_supervised_head,raw,bacc,0.5512382408822525,,,46.0,,35010.0,,unitless,source aggregate; no new pooling,source fixed predictions; no refit,G0_001,b659998af42043e56e0b553ed5996d5ba6ebd6d457c712411d87b5bbc4cad4d1,训练组分数仅优化诊断；与OUTER_SHARED及重新拟合probe分列，不进行跨训练折平均。
G0,original_head_TRAIN_DIAGNOSTIC_fold3,R_SUP_ORIGINAL_HEAD,P_bal,,original_supervised_head,raw,auroc,0.5911279875916721,,,46.0,,35010.0,,unitless,source aggregate; no new pooling,source fixed predictions; no refit,G0_001,b659998af42043e56e0b553ed5996d5ba6ebd6d457c712411d87b5bbc4cad4d1,训练组分数仅优化诊断；与OUTER_SHARED及重新拟合probe分列，不进行跨训练折平均。
G0,original_head_TRAIN_DIAGNOSTIC_fold3,R_SUP_ORIGINAL_HEAD,P_bal,,original_supervised_head,raw,brier,0.4908434433881625,,,46.0,,35010.0,,unitless,source aggregate; no new pooling,source fixed predictions; no refit,G0_001,b659998af42043e56e0b553ed5996d5ba6ebd6d457c712411d87b5bbc4cad4d1,训练组分数仅优化诊断；与OUTER_SHARED及重新拟合probe分列，不进行跨训练折平均。
G0,original_head_OUTER_SHARED_fold3,R_SUP_ORIGINAL_HEAD,P_bal,,original_supervised_head,raw,ce_bits_stable,1.0053856155228704,,,12.0,,8953.0,,unitless,source aggregate; no new pooling,source fixed predictions; no refit,G0_001,b659998af42043e56e0b553ed5996d5ba6ebd6d457c712411d87b5bbc4cad4d1,训练组分数仅优化诊断；与OUTER_SHARED及重新拟合probe分列，不进行跨训练折平均。
G0,original_head_OUTER_SHARED_fold3,R_SUP_ORIGINAL_HEAD,P_bal,,original_supervised_head,raw,bacc,0.5158964133698111,,,12.0,,8953.0,,unitless,source aggregate; no new pooling,source fixed predictions; no refit,G0_001,b659998af42043e56e0b553ed5996d5ba6ebd6d457c712411d87b5bbc4cad4d1,训练组分数仅优化诊断；与OUTER_SHARED及重新拟合probe分列，不进行跨训练折平均。
G0,original_head_OUTER_SHARED_fold3,R_SUP_ORIGINAL_HEAD,P_bal,,original_supervised_head,raw,auroc,0.5322896850061525,,,12.0,,8953.0,,unitless,source aggregate; no new pooling,source fixed predictions; no refit,G0_001,b659998af42043e56e0b553ed5996d5ba6ebd6d457c712411d87b5bbc4cad4d1,训练组分数仅优化诊断；与OUTER_SHARED及重新拟合probe分列，不进行跨训练折平均。
G0,original_head_OUTER_SHARED_fold3,R_SUP_ORIGINAL_HEAD,P_bal,,original_supervised_head,raw,brier,0.5036165388565301,,,12.0,,8953.0,,unitless,source aggregate; no new pooling,source fixed predictions; no refit,G0_001,b659998af42043e56e0b553ed5996d5ba6ebd6d457c712411d87b5bbc4cad4d1,训练组分数仅优化诊断；与OUTER_SHARED及重新拟合probe分列，不进行跨训练折平均。
G0,original_head_TRAIN_DIAGNOSTIC_fold4,R_SUP_ORIGINAL_HEAD,P_bal,,original_supervised_head,raw,ce_bits_stable,0.977782086798661,,,46.0,,35565.0,,unitless,source aggregate; no new pooling,source fixed predictions; no refit,G0_001,b659998af42043e56e0b553ed5996d5ba6ebd6d457c712411d87b5bbc4cad4d1,训练组分数仅优化诊断；与OUTER_SHARED及重新拟合probe分列，不进行跨训练折平均。
G0,original_head_TRAIN_DIAGNOSTIC_fold4,R_SUP_ORIGINAL_HEAD,P_bal,,original_supervised_head,raw,bacc,0.5728085158903687,,,46.0,,35565.0,,unitless,source aggregate; no new pooling,source fixed predictions; no refit,G0_001,b659998af42043e56e0b553ed5996d5ba6ebd6d457c712411d87b5bbc4cad4d1,训练组分数仅优化诊断；与OUTER_SHARED及重新拟合probe分列，不进行跨训练折平均。
G0,original_head_TRAIN_DIAGNOSTIC_fold4,R_SUP_ORIGINAL_HEAD,P_bal,,original_supervised_head,raw,auroc,0.60107108458839,,,46.0,,35565.0,,unitless,source aggregate; no new pooling,source fixed predictions; no refit,G0_001,b659998af42043e56e0b553ed5996d5ba6ebd6d457c712411d87b5bbc4cad4d1,训练组分数仅优化诊断；与OUTER_SHARED及重新拟合probe分列，不进行跨训练折平均。
G0,original_head_TRAIN_DIAGNOSTIC_fold4,R_SUP_ORIGINAL_HEAD,P_bal,,original_supervised_head,raw,brier,0.4847976297508622,,,46.0,,35565.0,,unitless,source aggregate; no new pooling,source fixed predictions; no refit,G0_001,b659998af42043e56e0b553ed5996d5ba6ebd6d457c712411d87b5bbc4cad4d1,训练组分数仅优化诊断；与OUTER_SHARED及重新拟合probe分列，不进行跨训练折平均。
G0,original_head_OUTER_SHARED_fold4,R_SUP_ORIGINAL_HEAD,P_bal,,original_supervised_head,raw,ce_bits_stable,1.010329128693136,,,12.0,,8398.0,,unitless,source aggregate; no new pooling,source fixed predictions; no refit,G0_001,b659998af42043e56e0b553ed5996d5ba6ebd6d457c712411d87b5bbc4cad4d1,训练组分数仅优化诊断；与OUTER_SHARED及重新拟合probe分列，不进行跨训练折平均。
G0,original_head_OUTER_SHARED_fold4,R_SUP_ORIGINAL_HEAD,P_bal,,original_supervised_head,raw,bacc,0.5140455281457575,,,12.0,,8398.0,,unitless,source aggregate; no new pooling,source fixed predictions; no refit,G0_001,b659998af42043e56e0b553ed5996d5ba6ebd6d457c712411d87b5bbc4cad4d1,训练组分数仅优化诊断；与OUTER_SHARED及重新拟合probe分列，不进行跨训练折平均。
G0,original_head_OUTER_SHARED_fold4,R_SUP_ORIGINAL_HEAD,P_bal,,original_supervised_head,raw,auroc,0.518338267509971,,,12.0,,8398.0,,unitless,source aggregate; no new pooling,source fixed predictions; no refit,G0_001,b659998af42043e56e0b553ed5996d5ba6ebd6d457c712411d87b5bbc4cad4d1,训练组分数仅优化诊断；与OUTER_SHARED及重新拟合probe分列，不进行跨训练折平均。
G0,original_head_OUTER_SHARED_fold4,R_SUP_ORIGINAL_HEAD,P_bal,,original_supervised_head,raw,brier,0.5068625013141261,,,12.0,,8398.0,,unitless,source aggregate; no new pooling,source fixed predictions; no refit,G0_001,b659998af42043e56e0b553ed5996d5ba6ebd6d457c712411d87b5bbc4cad4d1,训练组分数仅优化诊断；与OUTER_SHARED及重新拟合probe分列，不进行跨训练折平均。
C2_S,six_view_spatial,L0,P_bal,FULL20,logistic,calibrated,ce_bits,0.997891666700872,,,,,,,bits,source aggregate; no new pooling,source fixed predictions; no refit,C2S_core_001,a1ef8cf32b38a3547e7f1bf3560ec6ebbebed985afdcae84659bca9e2d626baa,
C2_S,six_view_spatial,L0,P_bal,FULL20,logistic,calibrated,J_bits,0.0021083332991279,,,,,,,bits,source aggregate; no new pooling,source fixed predictions; no refit,C2S_core_001,a1ef8cf32b38a3547e7f1bf3560ec6ebbebed985afdcae84659bca9e2d626baa,
C2_S,six_view_spatial,L0,P_bal,FULL20,logistic,calibrated,bacc,0.5292440857825536,,,,,,,unitless,source aggregate; no new pooling,source fixed predictions; no refit,C2S_core_001,a1ef8cf32b38a3547e7f1bf3560ec6ebbebed985afdcae84659bca9e2d626baa,
C2_S,six_view_spatial,L0,P_bal,FULL20,logistic,calibrated,auroc,0.5381600513847324,,,,,,,unitless,source aggregate; no new pooling,source fixed predictions; no refit,C2S_core_001,a1ef8cf32b38a3547e7f1bf3560ec6ebbebed985afdcae84659bca9e2d626baa,
C2_S,six_view_spatial,L0,P_bal,FULL20,logistic,calibrated,brier,0.4985277997490844,,,,,,,unitless,source aggregate; no new pooling,source fixed predictions; no refit,C2S_core_001,a1ef8cf32b38a3547e7f1bf3560ec6ebbebed985afdcae84659bca9e2d626baa,
C2_S,six_view_spatial,L0,P_bal,FULL20,logistic,raw,ce_bits,0.9979365932894618,,,,,,,bits,source aggregate; no new pooling,source fixed predictions; no refit,C2S_core_001,a1ef8cf32b38a3547e7f1bf3560ec6ebbebed985afdcae84659bca9e2d626baa,
C2_S,six_view_spatial,L0,P_bal,FULL20,logistic,raw,J_bits,0.0020634067105381,,,,,,,bits,source aggregate; no new pooling,source fixed predictions; no refit,C2S_core_001,a1ef8cf32b38a3547e7f1bf3560ec6ebbebed985afdcae84659bca9e2d626baa,
C2_S,six_view_spatial,L0,P_bal,FULL20,logistic,raw,bacc,0.5292440857825536,,,,,,,unitless,source aggregate; no new pooling,source fixed predictions; no refit,C2S_core_001,a1ef8cf32b38a3547e7f1bf3560ec6ebbebed985afdcae84659bca9e2d626baa,
C2_S,six_view_spatial,L0,P_bal,FULL20,logistic,raw,auroc,0.5381600513847324,,,,,,,unitless,source aggregate; no new pooling,source fixed predictions; no refit,C2S_core_001,a1ef8cf32b38a3547e7f1bf3560ec6ebbebed985afdcae84659bca9e2d626baa,
C2_S,six_view_spatial,L0,P_bal,FULL20,logistic,raw,brier,0.4985689037941552,,,,,,,unitless,source aggregate; no new pooling,source fixed predictions; no refit,C2S_core_001,a1ef8cf32b38a3547e7f1bf3560ec6ebbebed985afdcae84659bca9e2d626baa,
C2_S,six_view_spatial,L0,P_bal,S0,logistic,calibrated,ce_bits,0.9979101685773324,,,,,,,bits,source aggregate; no new pooling,source fixed predictions; no refit,C2S_core_001,a1ef8cf32b38a3547e7f1bf3560ec6ebbebed985afdcae84659bca9e2d626baa,
C2_S,six_view_spatial,L0,P_bal,S0,logistic,calibrated,J_bits,0.0020898314226677,,,,,,,bits,source aggregate; no new pooling,source fixed predictions; no refit,C2S_core_001,a1ef8cf32b38a3547e7f1bf3560ec6ebbebed985afdcae84659bca9e2d626baa,
C2_S,six_view_spatial,L0,P_bal,S0,logistic,calibrated,bacc,0.5298939652081095,,,,,,,unitless,source aggregate; no new pooling,source fixed predictions; no refit,C2S_core_001,a1ef8cf32b38a3547e7f1bf3560ec6ebbebed985afdcae84659bca9e2d626baa,
C2_S,six_view_spatial,L0,P_bal,S0,logistic,calibrated,auroc,0.5384101558578305,,,,,,,unitless,source aggregate; no new pooling,source fixed predictions; no refit,C2S_core_001,a1ef8cf32b38a3547e7f1bf3560ec6ebbebed985afdcae84659bca9e2d626baa,
C2_S,six_view_spatial,L0,P_bal,S0,logistic,calibrated,brier,0.49854588769892,,,,,,,unitless,source aggregate; no new pooling,source fixed predictions; no refit,C2S_core_001,a1ef8cf32b38a3547e7f1bf3560ec6ebbebed985afdcae84659bca9e2d626baa,
C2_S,six_view_spatial,L0,P_bal,S0,logistic,raw,ce_bits,0.9983256472097056,,,,,,,bits,source aggregate; no new pooling,source fixed predictions; no refit,C2S_core_001,a1ef8cf32b38a3547e7f1bf3560ec6ebbebed985afdcae84659bca9e2d626baa,
C2_S,six_view_spatial,L0,P_bal,S0,logistic,raw,J_bits,0.0016743527902943,,,,,,,bits,source aggregate; no new pooling,source fixed predictions; no refit,C2S_core_001,a1ef8cf32b38a3547e7f1bf3560ec6ebbebed985afdcae84659bca9e2d626baa,
C2_S,six_view_spatial,L0,P_bal,S0,logistic,raw,bacc,0.5298939652081095,,,,,,,unitless,source aggregate; no new pooling,source fixed predictions; no refit,C2S_core_001,a1ef8cf32b38a3547e7f1bf3560ec6ebbebed985afdcae84659bca9e2d626baa,
C2_S,six_view_spatial,L0,P_bal,S0,logistic,raw,auroc,0.5384101558578305,,,,,,,unitless,source aggregate; no new pooling,source fixed predictions; no refit,C2S_core_001,a1ef8cf32b38a3547e7f1bf3560ec6ebbebed985afdcae84659bca9e2d626baa,
C2_S,six_view_spatial,L0,P_bal,S0,logistic,raw,brier,0.4988208601697216,,,,,,,unitless,source aggregate; no new pooling,source fixed predictions; no refit,C2S_core_001,a1ef8cf32b38a3547e7f1bf3560ec6ebbebed985afdcae84659bca9e2d626baa,
C2_S,six_view_spatial,L0,P_bal,S0_DUP_S1,logistic,calibrated,ce_bits,0.9979899944136092,,,,,,,bits,source aggregate; no new pooling,source fixed predictions; no refit,C2S_core_001,a1ef8cf32b38a3547e7f1bf3560ec6ebbebed985afdcae84659bca9e2d626baa,
C2_S,six_view_spatial,L0,P_bal,S0_DUP_S1,logistic,calibrated,J_bits,0.0020100055863909,,,,,,,bits,source aggregate; no new pooling,source fixed predictions; no refit,C2S_core_001,a1ef8cf32b38a3547e7f1bf3560ec6ebbebed985afdcae84659bca9e2d626baa,
C2_S,six_view_spatial,L0,P_bal,S0_DUP_S1,logistic,calibrated,bacc,0.5304283058214708,,,,,,,unitless,source aggregate; no new pooling,source fixed predictions; no refit,C2S_core_001,a1ef8cf32b38a3547e7f1bf3560ec6ebbebed985afdcae84659bca9e2d626baa,
C2_S,six_view_spatial,L0,P_bal,S0_DUP_S1,logistic,calibrated,auroc,0.538105519871912,,,,,,,unitless,source aggregate; no new pooling,source fixed predictions; no refit,C2S_core_001,a1ef8cf32b38a3547e7f1bf3560ec6ebbebed985afdcae84659bca9e2d626baa,
C2_S,six_view_spatial,L0,P_bal,S0_DUP_S1,logistic,calibrated,brier,0.4986013182874466,,,,,,,unitless,source aggregate; no new pooling,source fixed predictions; no refit,C2S_core_001,a1ef8cf32b38a3547e7f1bf3560ec6ebbebed985afdcae84659bca9e2d626baa,
C2_S,six_view_spatial,L0,P_bal,S0_DUP_S1,logistic,raw,ce_bits,0.9983569490961284,,,,,,,bits,source aggregate; no new pooling,source fixed predictions; no refit,C2S_core_001,a1ef8cf32b38a3547e7f1bf3560ec6ebbebed985afdcae84659bca9e2d626baa,
C2_S,six_view_spatial,L0,P_bal,S0_DUP_S1,logistic,raw,J_bits,0.0016430509038718,,,,,,,bits,source aggregate; no new pooling,source fixed predictions; no refit,C2S_core_001,a1ef8cf32b38a3547e7f1bf3560ec6ebbebed985afdcae84659bca9e2d626baa,
C2_S,six_view_spatial,L0,P_bal,S0_DUP_S1,logistic,raw,bacc,0.5304283058214708,,,,,,,unitless,source aggregate; no new pooling,source fixed predictions; no refit,C2S_core_001,a1ef8cf32b38a3547e7f1bf3560ec6ebbebed985afdcae84659bca9e2d626baa,
C2_S,six_view_spatial,L0,P_bal,S0_DUP_S1,logistic,raw,auroc,0.538105519871912,,,,,,,unitless,source aggregate; no new pooling,source fixed predictions; no refit,C2S_core_001,a1ef8cf32b38a3547e7f1bf3560ec6ebbebed985afdcae84659bca9e2d626baa,
C2_S,six_view_spatial,L0,P_bal,S0_DUP_S1,logistic,raw,brier,0.498841894570636,,,,,,,unitless,source aggregate; no new pooling,source fixed predictions; no refit,C2S_core_001,a1ef8cf32b38a3547e7f1bf3560ec6ebbebed985afdcae84659bca9e2d626baa,
C2_S,six_view_spatial,L0,P_bal,S0_DUP_S2,logistic,calibrated,ce_bits,0.998125993422698,,,,,,,bits,source aggregate; no new pooling,source fixed predictions; no refit,C2S_core_001,a1ef8cf32b38a3547e7f1bf3560ec6ebbebed985afdcae84659bca9e2d626baa,
C2_S,six_view_spatial,L0,P_bal,S0_DUP_S2,logistic,calibrated,J_bits,0.0018740065773018,,,,,,,bits,source aggregate; no new pooling,source fixed predictions; no refit,C2S_core_001,a1ef8cf32b38a3547e7f1bf3560ec6ebbebed985afdcae84659bca9e2d626baa,
C2_S,six_view_spatial,L0,P_bal,S0_DUP_S2,logistic,calibrated,bacc,0.5284490630779783,,,,,,,unitless,source aggregate; no new pooling,source fixed predictions; no refit,C2S_core_001,a1ef8cf32b38a3547e7f1bf3560ec6ebbebed985afdcae84659bca9e2d626baa,
C2_S,six_view_spatial,L0,P_bal,S0_DUP_S2,logistic,calibrated,auroc,0.5367051211182179,,,,,,,unitless,source aggregate; no new pooling,source fixed predictions; no refit,C2S_core_001,a1ef8cf32b38a3547e7f1bf3560ec6ebbebed985afdcae84659bca9e2d626baa,
C2_S,six_view_spatial,L0,P_bal,S0_DUP_S2,logistic,calibrated,brier,0.4986931760861442,,,,,,,unitless,source aggregate; no new pooling,source fixed predictions; no refit,C2S_core_001,a1ef8cf32b38a3547e7f1bf3560ec6ebbebed985afdcae84659bca9e2d626baa,
C2_S,six_view_spatial,L0,P_bal,S0_DUP_S2,logistic,raw,ce_bits,0.9979670904258549,,,,,,,bits,source aggregate; no new pooling,source fixed predictions; no refit,C2S_core_001,a1ef8cf32b38a3547e7f1bf3560ec6ebbebed985afdcae84659bca9e2d626baa,
C2_S,six_view_spatial,L0,P_bal,S0_DUP_S2,logistic,raw,J_bits,0.0020329095741451,,,,,,,bits,source aggregate; no new pooling,source fixed predictions; no refit,C2S_core_001,a1ef8cf32b38a3547e7f1bf3560ec6ebbebed985afdcae84659bca9e2d626baa,
C2_S,six_view_spatial,L0,P_bal,S0_DUP_S2,logistic,raw,bacc,0.5284490630779783,,,,,,,unitless,source aggregate; no new pooling,source fixed predictions; no refit,C2S_core_001,a1ef8cf32b38a3547e7f1bf3560ec6ebbebed985afdcae84659bca9e2d626baa,
C2_S,six_view_spatial,L0,P_bal,S0_DUP_S2,logistic,raw,auroc,0.5367051211182179,,,,,,,unitless,source aggregate; no new pooling,source fixed predictions; no refit,C2S_core_001,a1ef8cf32b38a3547e7f1bf3560ec6ebbebed985afdcae84659bca9e2d626baa,
C2_S,six_view_spatial,L0,P_bal,S0_DUP_S2,logistic,raw,brier,0.498590301296902,,,,,,,unitless,source aggregate; no new pooling,source fixed predictions; no refit,C2S_core_001,a1ef8cf32b38a3547e7f1bf3560ec6ebbebed985afdcae84659bca9e2d626baa,
C2_S,six_view_spatial,L0,P_bal,S1,logistic,calibrated,ce_bits,0.9981480415726328,,,,,,,bits,source aggregate; no new pooling,source fixed predictions; no refit,C2S_core_001,a1ef8cf32b38a3547e7f1bf3560ec6ebbebed985afdcae84659bca9e2d626baa,
C2_S,six_view_spatial,L0,P_bal,S1,logistic,calibrated,J_bits,0.0018519584273672,,,,,,,bits,source aggregate; no new pooling,source fixed predictions; no refit,C2S_core_001,a1ef8cf32b38a3547e7f1bf3560ec6ebbebed985afdcae84659bca9e2d626baa,
C2_S,six_view_spatial,L0,P_bal,S1,logistic,calibrated,bacc,0.5256788752491391,,,,,,,unitless,source aggregate; no new pooling,source fixed predictions; no refit,C2S_core_001,a1ef8cf32b38a3547e7f1bf3560ec6ebbebed985afdcae84659bca9e2d626baa,
C2_S,six_view_spatial,L0,P_bal,S1,logistic,calibrated,auroc,0.5361305241944758,,,,,,,unitless,source aggregate; no new pooling,source fixed predictions; no refit,C2S_core_001,a1ef8cf32b38a3547e7f1bf3560ec6ebbebed985afdcae84659bca9e2d626baa,
C2_S,six_view_spatial,L0,P_bal,S1,logistic,calibrated,brier,0.4987116589646391,,,,,,,unitless,source aggregate; no new pooling,source fixed predictions; no refit,C2S_core_001,a1ef8cf32b38a3547e7f1bf3560ec6ebbebed985afdcae84659bca9e2d626baa,
C2_S,six_view_spatial,L0,P_bal,S1,logistic,raw,ce_bits,0.9980594543121892,,,,,,,bits,source aggregate; no new pooling,source fixed predictions; no refit,C2S_core_001,a1ef8cf32b38a3547e7f1bf3560ec6ebbebed985afdcae84659bca9e2d626baa,
C2_S,six_view_spatial,L0,P_bal,S1,logistic,raw,J_bits,0.0019405456878107,,,,,,,bits,source aggregate; no new pooling,source fixed predictions; no refit,C2S_core_001,a1ef8cf32b38a3547e7f1bf3560ec6ebbebed985afdcae84659bca9e2d626baa,
C2_S,six_view_spatial,L0,P_bal,S1,logistic,raw,bacc,0.5256788752491391,,,,,,,unitless,source aggregate; no new pooling,source fixed predictions; no refit,C2S_core_001,a1ef8cf32b38a3547e7f1bf3560ec6ebbebed985afdcae84659bca9e2d626baa,
C2_S,six_view_spatial,L0,P_bal,S1,logistic,raw,auroc,0.5361305241944758,,,,,,,unitless,source aggregate; no new pooling,source fixed predictions; no refit,C2S_core_001,a1ef8cf32b38a3547e7f1bf3560ec6ebbebed985afdcae84659bca9e2d626baa,
C2_S,six_view_spatial,L0,P_bal,S1,logistic,raw,brier,0.4986466451037977,,,,,,,unitless,source aggregate; no new pooling,source fixed predictions; no refit,C2S_core_001,a1ef8cf32b38a3547e7f1bf3560ec6ebbebed985afdcae84659bca9e2d626baa,
C2_S,six_view_spatial,L0,P_bal,S2,logistic,calibrated,ce_bits,0.997953974028836,,,,,,,bits,source aggregate; no new pooling,source fixed predictions; no refit,C2S_core_001,a1ef8cf32b38a3547e7f1bf3560ec6ebbebed985afdcae84659bca9e2d626baa,
C2_S,six_view_spatial,L0,P_bal,S2,logistic,calibrated,J_bits,0.0020460259711639,,,,,,,bits,source aggregate; no new pooling,source fixed predictions; no refit,C2S_core_001,a1ef8cf32b38a3547e7f1bf3560ec6ebbebed985afdcae84659bca9e2d626baa,
C2_S,six_view_spatial,L0,P_bal,S2,logistic,calibrated,bacc,0.5274131389405733,,,,,,,unitless,source aggregate; no new pooling,source fixed predictions; no refit,C2S_core_001,a1ef8cf32b38a3547e7f1bf3560ec6ebbebed985afdcae84659bca9e2d626baa,
C2_S,six_view_spatial,L0,P_bal,S2,logistic,calibrated,auroc,0.5386151295746786,,,,,,,unitless,source aggregate; no new pooling,source fixed predictions; no refit,C2S_core_001,a1ef8cf32b38a3547e7f1bf3560ec6ebbebed985afdcae84659bca9e2d626baa,
C2_S,six_view_spatial,L0,P_bal,S2,logistic,calibrated,brier,0.4985692997845406,,,,,,,unitless,source aggregate; no new pooling,source fixed predictions; no refit,C2S_core_001,a1ef8cf32b38a3547e7f1bf3560ec6ebbebed985afdcae84659bca9e2d626baa,
C2_S,six_view_spatial,L0,P_bal,S2,logistic,raw,ce_bits,0.997841287483746,,,,,,,bits,source aggregate; no new pooling,source fixed predictions; no refit,C2S_core_001,a1ef8cf32b38a3547e7f1bf3560ec6ebbebed985afdcae84659bca9e2d626baa,
C2_S,six_view_spatial,L0,P_bal,S2,logistic,raw,J_bits,0.0021587125162539,,,,,,,bits,source aggregate; no new pooling,source fixed predictions; no refit,C2S_core_001,a1ef8cf32b38a3547e7f1bf3560ec6ebbebed985afdcae84659bca9e2d626baa,
C2_S,six_view_spatial,L0,P_bal,S2,logistic,raw,bacc,0.5274131389405733,,,,,,,unitless,source aggregate; no new pooling,source fixed predictions; no refit,C2S_core_001,a1ef8cf32b38a3547e7f1bf3560ec6ebbebed985afdcae84659bca9e2d626baa,
C2_S,six_view_spatial,L0,P_bal,S2,logistic,raw,auroc,0.5386151295746786,,,,,,,unitless,source aggregate; no new pooling,source fixed predictions; no refit,C2S_core_001,a1ef8cf32b38a3547e7f1bf3560ec6ebbebed985afdcae84659bca9e2d626baa,
C2_S,six_view_spatial,L0,P_bal,S2,logistic,raw,brier,0.4985022463794888,,,,,,,unitless,source aggregate; no new pooling,source fixed predictions; no refit,C2S_core_001,a1ef8cf32b38a3547e7f1bf3560ec6ebbebed985afdcae84659bca9e2d626baa,
C2_S,exact_spatial_reconstruction,L0,,,algebra,,max_reconstruction_error,2.842170943040401e-14,,,,60.0,,,microvolt absolute error,source aggregate; no new pooling,source fixed predictions; no refit,C2S_core_001,a1ef8cf32b38a3547e7f1bf3560ec6ebbebed985afdcae84659bca9e2d626baa,
C2_S,exact_spatial_reconstruction,L0,,,algebra,,max_full_epoch_reconstruction_error,2.842170943040401e-14,,,,60.0,,,microvolt absolute error,source aggregate; no new pooling,source fixed predictions; no refit,C2S_core_001,a1ef8cf32b38a3547e7f1bf3560ec6ebbebed985afdcae84659bca9e2d626baa,
C2_S,exact_spatial_reconstruction,L0,,,algebra,,max_19dim_reconstruction_error,1.1368683772161603e-13,,,,60.0,,,microvolt absolute error,source aggregate; no new pooling,source fixed predictions; no refit,C2S_core_001,a1ef8cf32b38a3547e7f1bf3560ec6ebbebed985afdcae84659bca9e2d626baa,
C2_R,complete_repaired_readout_matrix,R_SIM,P_bal,C_L,linear,calibrated,ce_bits,0.9988480781747344,0.997669447872081,1.0000328536479568,60.0,,,,bits,source aggregate; no new pooling,source fixed predictions; no refit,C2R_core_001,b6f774a77024ab430f4c4bbf0d2d0073ce2974929fd011b9c6077457e41c4e2e,
C2_R,complete_repaired_readout_matrix,R_SIM,P_bal,C_LL,linear,calibrated,ce_bits,0.9989432681374832,0.9977818850595468,1.00015167539036,60.0,,,,bits,source aggregate; no new pooling,source fixed predictions; no refit,C2R_core_001,b6f774a77024ab430f4c4bbf0d2d0073ce2974929fd011b9c6077457e41c4e2e,
C2_R,complete_repaired_readout_matrix,R_SIM,P_bal,C_LR,linear,calibrated,ce_bits,0.9990089025751476,0.9976195875025424,1.0004487955656018,60.0,,,,bits,source aggregate; no new pooling,source fixed predictions; no refit,C2R_core_001,b6f774a77024ab430f4c4bbf0d2d0073ce2974929fd011b9c6077457e41c4e2e,
C2_R,complete_repaired_readout_matrix,R_SIM,P_bal,C_R,linear,calibrated,ce_bits,0.9996947069767146,0.998756235829676,1.0007006291170266,60.0,,,,bits,source aggregate; no new pooling,source fixed predictions; no refit,C2R_core_001,b6f774a77024ab430f4c4bbf0d2d0073ce2974929fd011b9c6077457e41c4e2e,
C2_R,complete_repaired_readout_matrix,R_SIM,P_bal,C_RR,linear,calibrated,ce_bits,0.9996373820559944,0.9987181082213952,1.0006154631839792,60.0,,,,bits,source aggregate; no new pooling,source fixed predictions; no refit,C2R_core_001,b6f774a77024ab430f4c4bbf0d2d0073ce2974929fd011b9c6077457e41c4e2e,
C2_R,complete_repaired_readout_matrix,R_SIM,P_bal,C_L,mlp32,calibrated,ce_bits,0.9988133729585262,0.9974949833576922,1.0001338499214496,60.0,,,,bits,source aggregate; no new pooling,source fixed predictions; no refit,C2R_core_001,b6f774a77024ab430f4c4bbf0d2d0073ce2974929fd011b9c6077457e41c4e2e,
C2_R,complete_repaired_readout_matrix,R_SIM,P_bal,C_LL,mlp32,calibrated,ce_bits,0.9988180659178226,0.9976078532596948,1.0000572194899555,60.0,,,,bits,source aggregate; no new pooling,source fixed predictions; no refit,C2R_core_001,b6f774a77024ab430f4c4bbf0d2d0073ce2974929fd011b9c6077457e41c4e2e,
C2_R,complete_repaired_readout_matrix,R_SIM,P_bal,C_LR,mlp32,calibrated,ce_bits,0.9991472290372152,0.997666930858684,1.000639723408614,60.0,,,,bits,source aggregate; no new pooling,source fixed predictions; no refit,C2R_core_001,b6f774a77024ab430f4c4bbf0d2d0073ce2974929fd011b9c6077457e41c4e2e,
C2_R,complete_repaired_readout_matrix,R_SIM,P_bal,C_R,mlp32,calibrated,ce_bits,0.9999988688628116,0.9988579916279794,1.0012242645613978,60.0,,,,bits,source aggregate; no new pooling,source fixed predictions; no refit,C2R_core_001,b6f774a77024ab430f4c4bbf0d2d0073ce2974929fd011b9c6077457e41c4e2e,
C2_R,complete_repaired_readout_matrix,R_SIM,P_bal,C_RR,mlp32,calibrated,ce_bits,0.9996845845709126,0.9986290866617114,1.0007892317478444,60.0,,,,bits,source aggregate; no new pooling,source fixed predictions; no refit,C2R_core_001,b6f774a77024ab430f4c4bbf0d2d0073ce2974929fd011b9c6077457e41c4e2e,
C2_R,complete_repaired_readout_matrix,R_SIM,P_bal,C_L64,mlp32,calibrated,ce_bits,0.99880633148088,0.9974635743412316,1.000154448318385,60.0,,,,bits,source aggregate; no new pooling,source fixed predictions; no refit,C2R_core_001,b6f774a77024ab430f4c4bbf0d2d0073ce2974929fd011b9c6077457e41c4e2e,
C2_R,complete_repaired_readout_matrix,R_SIM,P_bal,C_R64,mlp32,calibrated,ce_bits,1.000004369986242,0.9988689325428968,1.0012206478768235,60.0,,,,bits,source aggregate; no new pooling,source fixed predictions; no refit,C2R_core_001,b6f774a77024ab430f4c4bbf0d2d0073ce2974929fd011b9c6077457e41c4e2e,
C2_R,complete_repaired_readout_matrix,R_SIM,P_bal,C_L,linear,raw,ce_bits,0.9987406087996396,0.9974723934904616,0.9999775761558914,60.0,,,,bits,source aggregate; no new pooling,source fixed predictions; no refit,C2R_core_001,b6f774a77024ab430f4c4bbf0d2d0073ce2974929fd011b9c6077457e41c4e2e,
C2_R,complete_repaired_readout_matrix,R_SIM,P_bal,C_LL,linear,raw,ce_bits,0.9989385477165692,0.9974683280978142,1.0004553429931675,60.0,,,,bits,source aggregate; no new pooling,source fixed predictions; no refit,C2R_core_001,b6f774a77024ab430f4c4bbf0d2d0073ce2974929fd011b9c6077457e41c4e2e,
C2_R,complete_repaired_readout_matrix,R_SIM,P_bal,C_LR,linear,raw,ce_bits,0.9989670448410428,0.9972688043425298,1.0006825586111294,60.0,,,,bits,source aggregate; no new pooling,source fixed predictions; no refit,C2R_core_001,b6f774a77024ab430f4c4bbf0d2d0073ce2974929fd011b9c6077457e41c4e2e,
C2_R,complete_repaired_readout_matrix,R_SIM,P_bal,C_R,linear,raw,ce_bits,0.9995675414597608,0.9985506402999836,1.0006103762287852,60.0,,,,bits,source aggregate; no new pooling,source fixed predictions; no refit,C2R_core_001,b6f774a77024ab430f4c4bbf0d2d0073ce2974929fd011b9c6077457e41c4e2e,
C2_R,complete_repaired_readout_matrix,R_SIM,P_bal,C_RR,linear,raw,ce_bits,1.0000995545590707,0.9989830133397856,1.0013285976045023,60.0,,,,bits,source aggregate; no new pooling,source fixed predictions; no refit,C2R_core_001,b6f774a77024ab430f4c4bbf0d2d0073ce2974929fd011b9c6077457e41c4e2e,
C2_R,complete_repaired_readout_matrix,R_SIM,P_bal,C_L,mlp32,raw,ce_bits,0.998885108148995,0.9977759865434024,0.999985099754699,60.0,,,,bits,source aggregate; no new pooling,source fixed predictions; no refit,C2R_core_001,b6f774a77024ab430f4c4bbf0d2d0073ce2974929fd011b9c6077457e41c4e2e,
C2_R,complete_repaired_readout_matrix,R_SIM,P_bal,C_LL,mlp32,raw,ce_bits,0.9988880249869516,0.997372436876132,1.000419128738012,60.0,,,,bits,source aggregate; no new pooling,source fixed predictions; no refit,C2R_core_001,b6f774a77024ab430f4c4bbf0d2d0073ce2974929fd011b9c6077457e41c4e2e,
C2_R,complete_repaired_readout_matrix,R_SIM,P_bal,C_LR,mlp32,raw,ce_bits,0.9995090278156424,0.9974984062735328,1.001513843898147,60.0,,,,bits,source aggregate; no new pooling,source fixed predictions; no refit,C2R_core_001,b6f774a77024ab430f4c4bbf0d2d0073ce2974929fd011b9c6077457e41c4e2e,
C2_R,complete_repaired_readout_matrix,R_SIM,P_bal,C_R,mlp32,raw,ce_bits,0.9995976222014196,0.9986513406128732,1.0005877128671874,60.0,,,,bits,source aggregate; no new pooling,source fixed predictions; no refit,C2R_core_001,b6f774a77024ab430f4c4bbf0d2d0073ce2974929fd011b9c6077457e41c4e2e,
C2_R,complete_repaired_readout_matrix,R_SIM,P_bal,C_RR,mlp32,raw,ce_bits,0.999863695687033,0.9985540284601682,1.0012716903764356,60.0,,,,bits,source aggregate; no new pooling,source fixed predictions; no refit,C2R_core_001,b6f774a77024ab430f4c4bbf0d2d0073ce2974929fd011b9c6077457e41c4e2e,
C2_R,complete_repaired_readout_matrix,R_SIM,P_bal,C_L64,mlp32,raw,ce_bits,0.9988769055772444,0.9977616813774908,0.999999020882544,60.0,,,,bits,source aggregate; no new pooling,source fixed predictions; no refit,C2R_core_001,b6f774a77024ab430f4c4bbf0d2d0073ce2974929fd011b9c6077457e41c4e2e,
C2_R,complete_repaired_readout_matrix,R_SIM,P_bal,C_R64,mlp32,raw,ce_bits,0.9996049105648724,0.9986523640089054,1.000589763660378,60.0,,,,bits,source aggregate; no new pooling,source fixed predictions; no refit,C2R_core_001,b6f774a77024ab430f4c4bbf0d2d0073ce2974929fd011b9c6077457e41c4e2e,
