source,child,segment,segment_start_s,auc,n
child_spatial_s11_odd_even_blocks_b0,0,0,0.0,0.6875,36
child_spatial_s11_odd_even_blocks_b0,0,1,120.0,0.7076023391812866,47
child_spatial_s11_odd_even_blocks_b0,0,2,240.0,0.47941176470588237,44
child_spatial_s11_odd_even_blocks_b0,0,3,360.0,0.4222222222222222,49
child_spatial_s11_odd_even_blocks_b0,0,4,480.0,0.4375,42
child_spatial_s11_odd_even_blocks_b0,0,6,720.0,0.5874999999999999,50
child_spatial_s11_odd_even_blocks_b0,1,0,0.0,0.6022058823529411,97
child_spatial_s11_odd_even_blocks_b0,1,1,120.0,0.498125,100
child_spatial_s11_odd_even_blocks_b0,1,2,240.0,0.5627705627705627,98
child_spatial_s11_odd_even_blocks_b0,1,3,360.0,0.469150641025641,94
child_spatial_s11_odd_even_blocks_b0,1,4,480.0,0.6329113924050633,97
child_spatial_s11_odd_even_blocks_b0,1,5,600.0,0.6382113821138211,100
child_spatial_s11_odd_even_blocks_b0,2,0,0.0,0.6423611111111112,44
child_spatial_s11_odd_even_blocks_b0,2,2,240.0,0.5886363636363636,51
child_spatial_s11_odd_even_blocks_b0,2,3,360.0,0.67003367003367,42
child_spatial_s11_odd_even_blocks_b0,2,5,600.0,0.47619047619047616,37
child_spatial_s11_odd_even_blocks_b0,3,0,0.0,0.5907859078590787,50
child_spatial_s11_odd_even_blocks_b0,3,1,120.0,0.4026315789473684,48
child_spatial_s11_odd_even_blocks_b0,3,2,240.0,0.4977272727272727,51
child_spatial_s11_odd_even_blocks_b0,3,3,360.0,0.5,51
child_spatial_s11_odd_even_blocks_b0,3,4,480.0,0.5311653116531165,50
child_spatial_s11_odd_even_blocks_b0,3,5,600.0,0.37669376693766937,50
child_spatial_s11_odd_even_blocks_b0,4,0,0.0,0.5420054200542006,100
child_spatial_s11_odd_even_blocks_b0,4,1,120.0,0.6078947368421053,96
child_spatial_s11_odd_even_blocks_b0,4,2,240.0,0.6267123287671234,93
child_spatial_s11_odd_even_blocks_b0,4,3,360.0,0.4513888888888889,89
child_spatial_s11_odd_even_blocks_b0,4,4,480.0,0.6253561253561254,96
child_spatial_s11_odd_even_blocks_b0,4,5,600.0,0.4060356652949245,99
child_spatial_s11_odd_even_blocks_b0,5,0,0.0,0.5501355013550135,50
child_spatial_s11_odd_even_blocks_b0,5,1,120.0,0.39499999999999996,50
child_spatial_s11_odd_even_blocks_b0,5,2,240.0,0.4423076923076923,49
child_spatial_s11_odd_even_blocks_b0,5,3,360.0,0.5,51
child_spatial_s11_odd_even_blocks_b0,5,4,480.0,0.5071225071225072,48
child_spatial_s11_odd_even_blocks_b0,5,5,600.0,0.4986772486772486,51
child_spatial_s11_odd_even_blocks_b0,6,1,120.0,0.6286764705882353,42
child_spatial_s11_odd_even_blocks_b0,6,2,240.0,0.558974358974359,49
child_spatial_s11_odd_even_blocks_b0,6,3,360.0,0.41025641025641024,47
child_spatial_s11_odd_even_blocks_b0,8,1,120.0,0.49743589743589745,49
child_spatial_s11_odd_even_blocks_b0,8,2,240.0,0.3213213213213213,46
child_spatial_s11_odd_even_blocks_b0,8,3,360.0,0.47916666666666663,50
child_spatial_s11_odd_even_blocks_b0,8,4,480.0,0.61625,50
child_spatial_s11_odd_even_blocks_b0,8,5,600.0,0.415625,48
child_spatial_s11_odd_even_blocks_b0,10,0,0.0,0.5027777777777778,49
child_spatial_s11_odd_even_blocks_b0,10,1,120.0,0.7550000000000001,50
child_spatial_s11_odd_even_blocks_b0,10,2,240.0,0.6409090909090909,51
child_spatial_s11_odd_even_blocks_b0,10,3,360.0,0.6476964769647696,50
child_spatial_s11_odd_even_blocks_b0,10,4,480.0,0.7710027100271002,50
child_spatial_s11_odd_even_blocks_b0,10,5,600.0,0.6166666666666667,49
child_spatial_s11_odd_even_blocks_b0,11,0,0.0,0.6267806267806268,48
child_spatial_s11_odd_even_blocks_b0,11,1,120.0,0.5128571428571429,45
child_spatial_s11_odd_even_blocks_b0,11,2,240.0,0.43939393939393945,47
child_spatial_s11_odd_even_blocks_b0,11,3,360.0,0.5241935483870968,39
child_spatial_s11_odd_even_blocks_b0,11,4,480.0,0.4162162162162162,47
child_spatial_s11_odd_even_blocks_b0,12,0,0.0,0.5055555555555555,49
child_spatial_s11_odd_even_blocks_b0,12,1,120.0,0.5710526315789475,48
child_spatial_s11_odd_even_blocks_b0,12,2,240.0,0.6461538461538462,49
child_spatial_s11_odd_even_blocks_b0,12,3,360.0,0.526829268292683,51
child_spatial_s11_odd_even_blocks_b0,12,4,480.0,0.7307692307692307,48
child_spatial_s11_odd_even_blocks_b0,12,5,600.0,0.4146341463414634,50
child_spatial_s11_odd_even_blocks_b0,13,0,0.0,0.5447154471544715,50
child_spatial_s11_odd_even_blocks_b0,13,1,120.0,0.40263157894736845,48
child_spatial_s11_odd_even_blocks_b0,13,2,240.0,0.34500000000000003,50
child_spatial_s11_odd_even_blocks_b0,13,3,360.0,0.5663956639566395,50
child_spatial_s11_odd_even_blocks_b0,13,4,480.0,0.6260162601626016,50
child_spatial_s11_odd_even_blocks_b0,13,5,600.0,0.6205962059620596,50
child_spatial_s11_odd_even_blocks_b0,14,0,0.0,0.5311653116531165,50
child_spatial_s11_odd_even_blocks_b0,14,1,120.0,0.5157894736842106,48
child_spatial_s11_odd_even_blocks_b0,14,2,240.0,0.63875,50
child_spatial_s11_odd_even_blocks_b0,14,3,360.0,0.47222222222222215,49
child_spatial_s11_odd_even_blocks_b0,14,4,480.0,0.5843750000000001,48
child_spatial_s11_odd_even_blocks_b0,14,5,600.0,0.4959349593495935,50
child_spatial_s11_odd_even_blocks_b0,15,0,0.0,0.49831649831649827,42
child_spatial_s11_odd_even_blocks_b0,15,2,240.0,0.5722222222222222,49
child_spatial_s11_odd_even_blocks_b0,15,3,360.0,0.5677506775067751,50
child_spatial_s11_odd_even_blocks_b0,15,4,480.0,0.5825,50
child_spatial_s11_odd_even_blocks_b0,15,5,600.0,0.5033783783783783,45
child_spatial_s11_odd_even_blocks_b0,16,0,0.0,0.714527027027027,45
child_spatial_s11_odd_even_blocks_b0,16,1,120.0,0.54875,50
child_spatial_s11_odd_even_blocks_b0,16,2,240.0,0.4871794871794871,48
child_spatial_s11_odd_even_blocks_b0,16,3,360.0,0.4878048780487805,50
child_spatial_s11_odd_even_blocks_b0,16,4,480.0,0.5195121951219512,51
child_spatial_s11_odd_even_blocks_b0,16,5,600.0,0.46710526315789475,46
child_spatial_s11_odd_even_blocks_b0,17,0,0.0,0.5071225071225071,48
child_spatial_s11_odd_even_blocks_b0,17,1,120.0,0.6189189189189188,47
child_spatial_s11_odd_even_blocks_b0,17,3,360.0,0.2945945945945946,47
child_spatial_s11_odd_even_blocks_b0,18,1,120.0,0.5632716049382716,45
child_spatial_s11_odd_even_blocks_b0,18,2,240.0,0.3157894736842105,48
child_spatial_s11_odd_even_blocks_b0,18,3,360.0,0.6189024390243902,49
child_spatial_s11_odd_even_blocks_b0,18,4,480.0,0.3675,50
child_spatial_s11_odd_even_blocks_b0,18,5,600.0,0.7317073170731707,50
child_spatial_s11_odd_even_blocks_b0,19,0,0.0,0.6693766937669376,50
child_spatial_s11_odd_even_blocks_b0,19,1,120.0,0.5907894736842105,48
child_spatial_s11_odd_even_blocks_b0,19,2,240.0,0.6375,50
child_spatial_s11_odd_even_blocks_b0,19,3,360.0,0.5105820105820106,51
child_spatial_s11_odd_even_blocks_b0,19,4,480.0,0.6224999999999999,50
child_spatial_s11_odd_even_blocks_b0,19,5,600.0,0.6151761517615175,50
child_spatial_s11_odd_even_blocks_b0,20,0,0.0,0.47764227642276424,100
child_spatial_s11_odd_even_blocks_b0,20,1,120.0,0.525,96
child_spatial_s11_odd_even_blocks_b0,20,2,240.0,0.41045321637426896,91
child_spatial_s11_odd_even_blocks_b0,20,3,360.0,0.4618055555555555,88
child_spatial_s11_odd_even_blocks_b0,20,4,480.0,0.5085616438356164,89
child_spatial_s11_odd_even_blocks_b0,20,5,600.0,0.6350293542074364,87
child_spatial_s11_odd_even_blocks_b0,21,0,0.0,0.6777777777777778,49
child_spatial_s11_odd_even_blocks_b0,21,1,120.0,0.4215686274509804,43
child_spatial_s11_odd_even_blocks_b0,21,2,240.0,0.3055555555555556,46
child_spatial_s11_odd_even_blocks_b0,21,3,360.0,0.4848484848484848,41
child_spatial_s11_odd_even_blocks_b0,21,4,480.0,0.5034722222222222,44
child_spatial_s11_odd_even_blocks_b0,21,5,600.0,0.36666666666666664,49
child_spatial_s11_odd_even_blocks_b0,22,0,0.0,0.5128205128205128,79
child_spatial_s11_odd_even_blocks_b0,22,1,120.0,0.5648148148148149,35
child_spatial_s11_odd_even_blocks_b0,22,2,240.0,0.5961945031712473,54
child_spatial_s11_odd_even_blocks_b0,22,3,360.0,0.5571428571428572,43
child_spatial_s11_odd_even_blocks_b0,22,5,600.0,0.6183574879227053,55
child_spatial_s11_odd_even_blocks_b0,23,0,0.0,0.6944444444444444,49
child_spatial_s11_odd_even_blocks_b0,23,1,120.0,0.4358974358974359,49
child_spatial_s11_odd_even_blocks_b0,23,2,240.0,0.5756097560975609,51
child_spatial_s11_odd_even_blocks_b0,23,3,360.0,0.5208333333333334,50
child_spatial_s11_odd_even_blocks_b0,23,4,480.0,0.5075000000000001,50
child_spatial_s11_odd_even_blocks_b0,23,5,600.0,0.6504065040650407,50
child_spatial_s11_odd_even_blocks_b0,24,0,0.0,0.5088757396449703,65
child_spatial_s11_odd_even_blocks_b0,24,1,120.0,0.6784850926672039,90
child_spatial_s11_odd_even_blocks_b0,24,2,240.0,0.5534941249226963,98
child_spatial_s11_odd_even_blocks_b0,24,3,360.0,0.5516666666666667,91
child_spatial_s11_odd_even_blocks_b0,24,4,480.0,0.5172764227642276,100
child_spatial_s11_odd_even_blocks_b0,24,5,600.0,0.46760982874162327,96
child_spatial_s11_odd_even_blocks_b0,25,0,0.0,0.5342405618964003,84
child_spatial_s11_odd_even_blocks_b0,25,1,120.0,0.6432773109243697,87
child_spatial_s11_odd_even_blocks_b0,25,2,240.0,0.4950657894736842,99
child_spatial_s11_odd_even_blocks_b0,25,3,360.0,0.5007716049382716,90
child_spatial_s11_odd_even_blocks_b0,25,4,480.0,0.48,93
child_spatial_s11_odd_even_blocks_b0,25,5,600.0,0.5381642512077295,84
child_spatial_s11_odd_even_blocks_b0,26,0,0.0,0.3523035230352303,50
child_spatial_s11_odd_even_blocks_b0,26,1,120.0,0.4948717948717949,49
child_spatial_s11_odd_even_blocks_b0,26,2,240.0,0.45,50
child_spatial_s11_odd_even_blocks_b0,26,3,360.0,0.5964912280701754,47
child_spatial_s11_odd_even_blocks_b0,26,4,480.0,0.4814814814814815,48
child_spatial_s11_odd_even_blocks_b0,26,5,600.0,0.41216216216216217,45
child_spatial_s11_odd_even_blocks_b0,27,0,0.0,0.5365853658536586,50
child_spatial_s11_odd_even_blocks_b0,27,1,120.0,0.6625,46
child_spatial_s11_odd_even_blocks_b0,27,2,240.0,0.6225,50
child_spatial_s11_odd_even_blocks_b0,27,3,360.0,0.7303523035230352,50
child_spatial_s11_odd_even_blocks_b0,27,4,480.0,0.6267806267806267,48
child_spatial_s11_odd_even_blocks_b0,27,5,600.0,0.6368563685636857,50
child_spatial_s11_odd_even_blocks_b0,30,0,0.0,0.4010840108401084,50
child_spatial_s11_odd_even_blocks_b0,30,1,120.0,0.6475,50
child_spatial_s11_odd_even_blocks_b0,30,2,240.0,0.44499999999999995,50
child_spatial_s11_odd_even_blocks_b0,30,3,360.0,0.47089947089947093,51
child_spatial_s11_odd_even_blocks_b0,30,4,480.0,0.43888888888888883,49
child_spatial_s11_odd_even_blocks_b0,30,5,600.0,0.5230352303523035,50
child_spatial_s11_odd_even_blocks_b0,31,0,0.0,0.4474826388888889,88
child_spatial_s11_odd_even_blocks_b0,31,1,120.0,0.5704225352112675,90
child_spatial_s11_odd_even_blocks_b0,31,2,240.0,0.4727508650519031,85
child_spatial_s11_odd_even_blocks_b0,31,3,360.0,0.5915966386554622,87
child_spatial_s11_odd_even_blocks_b0,31,4,480.0,0.4038647342995169,84
child_spatial_s11_odd_even_blocks_b0,31,5,600.0,0.5950892857142858,86
child_spatial_s11_odd_even_blocks_b0,32,0,0.0,0.5925,50
child_spatial_s11_odd_even_blocks_b0,32,1,120.0,0.6675,50
child_spatial_s11_odd_even_blocks_b0,32,2,240.0,0.524390243902439,51
child_spatial_s11_odd_even_blocks_b0,32,3,360.0,0.5067750677506775,50
child_spatial_s11_odd_even_blocks_b0,32,4,480.0,0.5,50
child_spatial_s11_odd_even_blocks_b0,32,5,600.0,0.7398373983739837,50
child_spatial_s11_odd_even_blocks_b0,33,0,0.0,0.6861111111111111,49
child_spatial_s11_odd_even_blocks_b0,33,1,120.0,0.40897435897435896,49
child_spatial_s11_odd_even_blocks_b0,33,2,240.0,0.645,50
child_spatial_s11_odd_even_blocks_b0,33,3,360.0,0.43859649122807015,47
child_spatial_s11_odd_even_blocks_b0,33,4,480.0,0.4796747967479675,50
child_spatial_s11_odd_even_blocks_b0,33,5,600.0,0.3224932249322493,50
child_spatial_s11_odd_even_blocks_b0,34,0,0.0,0.5582655826558266,50
child_spatial_s11_odd_even_blocks_b0,34,1,120.0,0.685,50
child_spatial_s11_odd_even_blocks_b0,34,2,240.0,0.5499999999999999,51
child_spatial_s11_odd_even_blocks_b0,34,3,360.0,0.5026455026455027,51
child_spatial_s11_odd_even_blocks_b0,34,4,480.0,0.5145502645502645,51
child_spatial_s11_odd_even_blocks_b0,34,5,600.0,0.6653116531165313,50
child_spatial_s11_odd_even_blocks_b0,35,0,0.0,0.41025641025641024,48
child_spatial_s11_odd_even_blocks_b0,35,1,120.0,0.5085714285714286,45
child_spatial_s11_odd_even_blocks_b0,35,2,240.0,0.5855855855855856,46
child_spatial_s11_odd_even_blocks_b0,35,3,360.0,0.42005420054200543,50
child_spatial_s11_odd_even_blocks_b0,35,4,480.0,0.3575,50
child_spatial_s11_odd_even_blocks_b0,35,5,600.0,0.36314363143631434,50
child_spatial_s11_odd_even_blocks_b0,36,0,0.0,0.39181286549707606,47
child_spatial_s11_odd_even_blocks_b0,36,1,120.0,0.7128205128205128,49
child_spatial_s11_odd_even_blocks_b0,36,2,240.0,0.5324324324324324,47
child_spatial_s11_odd_even_blocks_b0,36,4,480.0,0.4930555555555556,44
child_spatial_s11_odd_even_blocks_b0,36,5,600.0,0.46036585365853655,49
child_spatial_s11_odd_even_blocks_b0,37,0,0.0,0.49019607843137253,43
child_spatial_s11_odd_even_blocks_b0,37,2,240.0,0.5854700854700855,35
child_spatial_s11_odd_even_blocks_b0,38,0,0.0,0.5064363143631436,100
child_spatial_s11_odd_even_blocks_b0,38,1,120.0,0.5628124999999999,100
child_spatial_s11_odd_even_blocks_b0,38,2,240.0,0.6892551892551891,99
child_spatial_s11_odd_even_blocks_b0,38,3,360.0,0.5679012345679012,99
child_spatial_s11_odd_even_blocks_b0,38,4,480.0,0.49725651577503427,99
child_spatial_s11_odd_even_blocks_b0,38,5,600.0,0.657750342935528,99
child_spatial_s11_odd_even_blocks_b0,39,0,0.0,0.3035230352303523,50
child_spatial_s11_odd_even_blocks_b0,39,1,120.0,0.39375000000000004,50
child_spatial_s11_odd_even_blocks_b0,39,2,240.0,0.5763888888888888,49
child_spatial_s11_odd_even_blocks_b0,39,3,360.0,0.5079365079365079,51
child_spatial_s11_odd_even_blocks_b0,39,4,480.0,0.47696476964769646,50
child_spatial_s11_odd_even_blocks_b0,39,5,600.0,0.7240853658536586,49
child_spatial_s11_odd_even_blocks_b0,40,0,0.0,0.5539682539682539,44
child_spatial_s11_odd_even_blocks_b0,40,1,120.0,0.53,50
child_spatial_s11_odd_even_blocks_b0,40,2,240.0,0.3431372549019608,43
child_spatial_s11_odd_even_blocks_b0,40,5,600.0,0.5326797385620915,43
child_spatial_s11_odd_even_blocks_b0,41,0,0.0,0.5550239234449761,49
child_spatial_s11_odd_even_blocks_b0,41,1,120.0,0.3333333333333333,50
child_spatial_s11_odd_even_blocks_b0,41,2,240.0,0.5291375291375291,50
child_spatial_s11_odd_even_blocks_b0,41,3,360.0,0.4420731707317073,49
child_spatial_s11_odd_even_blocks_b0,41,4,480.0,0.6625000000000001,50
child_spatial_s11_odd_even_blocks_b0,41,5,600.0,0.335,50
child_spatial_s11_odd_even_blocks_b0,42,0,0.0,0.37533875338753386,50
child_spatial_s11_odd_even_blocks_b0,42,1,120.0,0.6333333333333333,49
child_spatial_s11_odd_even_blocks_b0,42,2,240.0,0.4861111111111111,49
child_spatial_s11_odd_even_blocks_b0,42,3,360.0,0.3108108108108108,45
child_spatial_s11_odd_even_blocks_b0,42,4,480.0,0.52,50
child_spatial_s11_odd_even_blocks_b0,42,5,600.0,0.4,43
child_spatial_s11_odd_even_blocks_b0,43,0,0.0,0.6097560975609756,50
child_spatial_s11_odd_even_blocks_b0,43,1,120.0,0.6512820512820512,49
child_spatial_s11_odd_even_blocks_b0,43,2,240.0,0.4853658536585366,51
child_spatial_s11_odd_even_blocks_b0,43,4,480.0,0.6178861788617885,50
child_spatial_s11_odd_even_blocks_b0,43,5,600.0,0.6219512195121951,49
child_spatial_s11_odd_even_blocks_b0,44,2,240.0,0.3621621621621621,47
child_spatial_s11_odd_even_blocks_b0,44,3,360.0,0.5694444444444444,49
child_spatial_s11_odd_even_blocks_b0,44,4,480.0,0.5555555555555556,40
child_spatial_s11_odd_even_blocks_b0,44,5,600.0,0.5709459459459459,45
child_spatial_s11_odd_even_blocks_b0,45,0,0.0,0.5931571815718157,100
child_spatial_s11_odd_even_blocks_b0,45,1,120.0,0.506875,100
child_spatial_s11_odd_even_blocks_b0,45,2,240.0,0.4529761904761905,101
child_spatial_s11_odd_even_blocks_b0,45,3,360.0,0.476027397260274,89
child_spatial_s11_odd_even_blocks_b0,45,4,480.0,0.60498046875,80
child_spatial_s11_odd_even_blocks_b0,45,5,600.0,0.2857142857142857,101
child_spatial_s11_odd_even_blocks_b0,46,0,0.0,0.4275,50
child_spatial_s11_odd_even_blocks_b0,46,1,120.0,0.4851851851851852,39
child_spatial_s11_odd_even_blocks_b0,46,2,240.0,0.6210526315789474,48
child_spatial_s11_odd_even_blocks_b0,46,4,480.0,0.5551470588235294,42
child_spatial_s11_odd_even_blocks_b0,46,5,600.0,0.44256756756756754,45
child_spatial_s11_odd_even_blocks_b0,47,0,0.0,0.6287262872628726,50
child_spatial_s11_odd_even_blocks_b0,47,1,120.0,0.5650000000000001,50
child_spatial_s11_odd_even_blocks_b0,47,2,240.0,0.46249999999999997,50
child_spatial_s11_odd_even_blocks_b0,47,3,360.0,0.43495934959349597,50
child_spatial_s11_odd_even_blocks_b0,47,4,480.0,0.445,50
child_spatial_s11_odd_even_blocks_b0,47,5,600.0,0.48238482384823844,50
child_spatial_s11_odd_even_blocks_b0,48,0,0.0,0.5669515669515669,48
child_spatial_s11_odd_even_blocks_b0,48,2,240.0,0.5,45
child_spatial_s11_odd_even_blocks_b0,48,4,480.0,0.5575,50
child_spatial_s11_odd_even_blocks_b0,49,0,0.0,0.540650406504065,50
child_spatial_s11_odd_even_blocks_b0,49,1,120.0,0.52,50
child_spatial_s11_odd_even_blocks_b0,49,2,240.0,0.4375,50
child_spatial_s11_odd_even_blocks_b0,49,3,360.0,0.5625,50
child_spatial_s11_odd_even_blocks_b0,49,4,480.0,0.3951219512195122,51
child_spatial_s11_odd_even_blocks_b0,49,5,600.0,0.5555555555555556,50
child_spatial_s11_odd_even_blocks_b0,50,2,240.0,0.4392857142857143,43
child_spatial_s11_odd_even_blocks_b0,50,4,480.0,0.565359477124183,43
child_spatial_s11_odd_even_blocks_b0,50,5,600.0,0.7694444444444444,49
child_spatial_s11_odd_even_blocks_b0,51,0,0.0,0.41937669376693765,100
child_spatial_s11_odd_even_blocks_b0,51,1,120.0,0.5342105263157895,99
child_spatial_s11_odd_even_blocks_b0,51,2,240.0,0.32248342374924654,100
child_spatial_s11_odd_even_blocks_b0,51,3,360.0,0.4620596205962059,100
child_spatial_s11_odd_even_blocks_b0,51,4,480.0,0.551490514905149,100
child_spatial_s11_odd_even_blocks_b0,51,5,600.0,0.5040650406504066,100
child_spatial_s11_odd_even_blocks_b0,52,0,0.0,0.4527777777777778,49
child_spatial_s11_odd_even_blocks_b0,52,1,120.0,0.38815789473684215,46
child_spatial_s11_odd_even_blocks_b0,52,2,240.0,0.40975609756097564,51
child_spatial_s11_odd_even_blocks_b0,52,3,360.0,0.4732142857142857,50
child_spatial_s11_odd_even_blocks_b0,52,4,480.0,0.29500000000000004,50
child_spatial_s11_odd_even_blocks_b0,52,5,600.0,0.3861788617886179,50
child_spatial_s11_odd_even_blocks_b0,53,0,0.0,0.5916666666666667,49
child_spatial_s11_odd_even_blocks_b0,53,1,120.0,0.48250000000000004,50
child_spatial_s11_odd_even_blocks_b0,53,2,240.0,0.46723646723646717,48
child_spatial_s11_odd_even_blocks_b0,53,3,360.0,0.6798941798941799,51
child_spatial_s11_odd_even_blocks_b0,53,4,480.0,0.4600000000000001,50
child_spatial_s11_odd_even_blocks_b0,53,5,600.0,0.405982905982906,48
child_spatial_s11_odd_even_blocks_b0,54,0,0.0,0.36314363143631434,50
child_spatial_s11_odd_even_blocks_b0,54,1,120.0,0.61,50
child_spatial_s11_odd_even_blocks_b0,54,2,240.0,0.5853658536585366,51
child_spatial_s11_odd_even_blocks_b0,54,3,360.0,0.7953216374269005,47
child_spatial_s11_odd_even_blocks_b0,54,4,480.0,0.5583333333333333,49
child_spatial_s11_odd_even_blocks_b0,54,5,600.0,0.4481707317073171,49
child_spatial_s11_odd_even_blocks_b0,56,0,0.0,0.3358974358974359,49
child_spatial_s11_odd_even_blocks_b0,56,1,120.0,0.3041666666666667,49
child_spatial_s11_odd_even_blocks_b0,56,2,240.0,0.4375,50
child_spatial_s11_odd_even_blocks_b0,56,3,360.0,0.295,50
child_spatial_s11_odd_even_blocks_b0,56,4,480.0,0.25745257452574527,50
child_spatial_s11_odd_even_blocks_b0,56,5,600.0,0.39837398373983735,50
child_spatial_s11_odd_even_blocks_b0,57,0,0.0,0.6043360433604336,50
child_spatial_s11_odd_even_blocks_b0,57,1,120.0,0.5782051282051281,49
child_spatial_s11_odd_even_blocks_b0,57,2,240.0,0.5137499999999999,50
child_spatial_s11_odd_even_blocks_b0,57,3,360.0,0.3386243386243386,51
child_spatial_s11_odd_even_blocks_b0,57,4,480.0,0.5853658536585366,50
child_spatial_s11_odd_even_blocks_b0,57,5,600.0,0.7333333333333334,49
child_spatial_s11_odd_even_blocks_b0,58,0,0.0,0.4254742547425474,50
child_spatial_s11_odd_even_blocks_b0,58,1,120.0,0.5447368421052632,48
child_spatial_s11_odd_even_blocks_b0,58,2,240.0,0.46249999999999997,50
child_spatial_s11_odd_even_blocks_b0,58,3,360.0,0.4359756097560975,49
child_spatial_s11_odd_even_blocks_b0,58,4,480.0,0.5540540540540541,47
child_spatial_s11_odd_even_blocks_b0,59,0,0.0,0.629286694101509,99
child_spatial_s11_odd_even_blocks_b0,59,1,120.0,0.5996875,100
child_spatial_s11_odd_even_blocks_b0,59,2,240.0,0.4125705076551168,90
child_spatial_s11_odd_even_blocks_b0,59,3,360.0,0.5016891891891891,90
child_spatial_s11_odd_even_blocks_b0,59,4,480.0,0.5640096618357487,87
child_spatial_s11_odd_even_blocks_b0,59,5,600.0,0.7320675105485233,97
child_spatial_s11_odd_even_blocks_b0,61,0,0.0,0.3075,50
child_spatial_s11_odd_even_blocks_b0,61,1,120.0,0.6299999999999999,50
child_spatial_s11_odd_even_blocks_b0,61,2,240.0,0.5925,50
child_spatial_s11_odd_even_blocks_b0,61,3,360.0,0.5092592592592593,51
child_spatial_s11_odd_even_blocks_b0,61,4,480.0,0.6105263157894737,48
child_spatial_s11_odd_even_blocks_b0,62,0,0.0,0.6578947368421053,47
child_spatial_s11_odd_even_blocks_b0,62,1,120.0,0.7175675675675676,47
child_spatial_s11_odd_even_blocks_b0,62,2,240.0,0.47692307692307695,49
child_spatial_s11_odd_even_blocks_b0,62,4,480.0,0.7537537537537536,46
child_spatial_s11_odd_even_blocks_b0,62,5,600.0,0.3903133903133903,48
child_spatial_s11_odd_even_blocks_b0,63,1,120.0,0.57375,50
child_spatial_s11_odd_even_blocks_b0,63,2,240.0,0.31531531531531526,46
child_spatial_s11_odd_even_blocks_b0,63,3,360.0,0.5026455026455027,51
child_spatial_s11_odd_even_blocks_b0,63,4,480.0,0.5261437908496732,43
child_spatial_s11_odd_even_blocks_b0,63,5,600.0,0.4309309309309309,46
child_spatial_s11_odd_even_blocks_b0,64,1,120.0,0.5256410256410257,49
child_spatial_s11_odd_even_blocks_b0,64,2,240.0,0.4368421052631579,48
child_spatial_s11_odd_even_blocks_b0,64,3,360.0,0.3739837398373983,50
child_spatial_s11_odd_even_blocks_b0,64,4,480.0,0.3675,50
child_spatial_s11_odd_even_blocks_b0,64,5,600.0,0.7574525745257452,50
child_spatial_s11_odd_even_blocks_b0,65,0,0.0,0.6114864864864865,45
child_spatial_s11_odd_even_blocks_b0,65,1,120.0,0.5275000000000001,50
child_spatial_s11_odd_even_blocks_b0,65,2,240.0,0.6402439024390244,51
child_spatial_s11_odd_even_blocks_b0,65,3,360.0,0.5265625,48
child_spatial_s11_odd_even_blocks_b0,65,4,480.0,0.62875,50
child_spatial_s11_odd_even_blocks_b0,65,5,600.0,0.5663956639566395,50
child_spatial_s11_odd_even_blocks_b0,66,0,0.0,0.6238095238095237,44
child_spatial_s11_odd_even_blocks_b0,66,1,120.0,0.3358974358974359,49
child_spatial_s11_odd_even_blocks_b0,66,2,240.0,0.5447368421052631,48
child_spatial_s11_odd_even_blocks_b0,66,5,600.0,0.51,50
child_spatial_s11_odd_even_blocks_b0,67,0,0.0,0.6833333333333333,49
child_spatial_s11_odd_even_blocks_b0,67,1,120.0,0.4717948717948718,49
child_spatial_s11_odd_even_blocks_b0,67,2,240.0,0.5079545454545454,51
child_spatial_s11_odd_even_blocks_b0,67,3,360.0,0.4336043360433604,50
child_spatial_s11_odd_even_blocks_b0,67,4,480.0,0.564327485380117,47
child_spatial_s11_odd_even_blocks_b0,67,5,600.0,0.4186991869918699,50
child_spatial_s11_odd_even_blocks_b0,68,4,480.0,0.5208333333333334,38
child_spatial_s11_odd_even_blocks_b0,68,5,600.0,0.5694444444444444,44
child_spatial_s11_odd_even_blocks_b0,69,0,0.0,0.4641025641025641,49
child_spatial_s11_odd_even_blocks_b0,69,1,120.0,0.3275,50
child_spatial_s11_odd_even_blocks_b0,69,2,240.0,0.5,50
child_spatial_s11_odd_even_blocks_b0,69,3,360.0,0.516260162601626,50
child_spatial_s11_odd_even_blocks_b0,69,4,480.0,0.621875,48
child_spatial_s11_odd_even_blocks_b0,69,5,600.0,0.4766081871345029,47
child_spatial_s11_odd_even_blocks_b0,70,0,0.0,0.6475000000000001,50
child_spatial_s11_odd_even_blocks_b0,70,1,120.0,0.6093189964157706,40
child_spatial_s11_odd_even_blocks_b0,70,4,480.0,0.42234848484848486,41
child_spatial_s11_odd_even_blocks_b0,70,5,600.0,0.19583333333333333,38
child_spatial_s11_odd_even_blocks_b0,71,0,0.0,0.48644986449864497,50
child_spatial_s11_odd_even_blocks_b0,71,1,120.0,0.5925,50
child_spatial_s11_odd_even_blocks_b0,71,2,240.0,0.5897129186602871,49
child_spatial_s11_odd_even_blocks_b0,71,3,360.0,0.753968253968254,51
child_spatial_s11_odd_even_blocks_b0,71,5,600.0,0.5726495726495726,48
child_spatial_s11_odd_even_blocks_b0,72,3,360.0,0.31418918918918914,45
child_spatial_s11_odd_even_blocks_b0,72,4,480.0,0.3216374269005848,47
child_spatial_s11_odd_even_blocks_b1,0,1,120.0,0.54375,50
child_spatial_s11_odd_even_blocks_b1,0,2,240.0,0.6686507936507937,37
child_spatial_s11_odd_even_blocks_b1,0,3,360.0,0.6875,41
child_spatial_s11_odd_even_blocks_b1,0,4,480.0,0.545751633986928,43
child_spatial_s11_odd_even_blocks_b1,0,5,600.0,0.5582655826558265,50
child_spatial_s11_odd_even_blocks_b1,1,0,0.0,0.5154109589041096,97
child_spatial_s11_odd_even_blocks_b1,1,1,120.0,0.5846883468834688,100
child_spatial_s11_odd_even_blocks_b1,1,2,240.0,0.5496875,100
child_spatial_s11_odd_even_blocks_b1,1,3,360.0,0.5096875,100
child_spatial_s11_odd_even_blocks_b1,1,4,480.0,0.5367283950617284,101
child_spatial_s11_odd_even_blocks_b1,1,5,600.0,0.4770153231179214,98
child_spatial_s11_odd_even_blocks_b1,1,6,720.0,0.6385802469135803,101
child_spatial_s11_odd_even_blocks_b1,2,0,0.0,0.4753246753246753,46
child_spatial_s11_odd_even_blocks_b1,2,1,120.0,0.6111111111111112,43
child_spatial_s11_odd_even_blocks_b1,2,2,240.0,0.6167076167076166,48
child_spatial_s11_odd_even_blocks_b1,2,3,360.0,0.5174603174603174,44
child_spatial_s11_odd_even_blocks_b1,2,4,480.0,0.49158249158249157,42
child_spatial_s11_odd_even_blocks_b1,2,5,600.0,0.43030303030303035,43
child_spatial_s11_odd_even_blocks_b1,2,6,720.0,0.40432098765432095,45
child_spatial_s11_odd_even_blocks_b1,3,0,0.0,0.5577395577395577,48
child_spatial_s11_odd_even_blocks_b1,3,1,120.0,0.6388888888888888,49
child_spatial_s11_odd_even_blocks_b1,3,2,240.0,0.6112500000000001,50
child_spatial_s11_odd_even_blocks_b1,3,3,360.0,0.45125,50
child_spatial_s11_odd_even_blocks_b1,3,4,480.0,0.5073170731707317,51
child_spatial_s11_odd_even_blocks_b1,3,5,600.0,0.55,50
child_spatial_s11_odd_even_blocks_b1,3,6,720.0,0.37682926829268293,51
child_spatial_s11_odd_even_blocks_b1,4,0,0.0,0.5949074074074074,96
child_spatial_s11_odd_even_blocks_b1,4,1,120.0,0.27562499999999995,100
child_spatial_s11_odd_even_blocks_b1,4,2,240.0,0.569362455726092,99
child_spatial_s11_odd_even_blocks_b1,4,3,360.0,0.4476973684210527,99
child_spatial_s11_odd_even_blocks_b1,4,4,480.0,0.5362500000000001,100
child_spatial_s11_odd_even_blocks_b1,4,5,600.0,0.5754504504504504,92
child_spatial_s11_odd_even_blocks_b1,4,6,720.0,0.5185975609756097,102
child_spatial_s11_odd_even_blocks_b1,5,0,0.0,0.45175438596491224,50
child_spatial_s11_odd_even_blocks_b1,5,1,120.0,0.4975,50
child_spatial_s11_odd_even_blocks_b1,5,2,240.0,0.76125,50
child_spatial_s11_odd_even_blocks_b1,5,3,360.0,0.47250000000000003,50
child_spatial_s11_odd_even_blocks_b1,5,4,480.0,0.46375000000000005,50
child_spatial_s11_odd_even_blocks_b1,5,5,600.0,0.255,50
child_spatial_s11_odd_even_blocks_b1,5,6,720.0,0.6609756097560976,51
child_spatial_s11_odd_even_blocks_b1,6,0,0.0,0.3705357142857143,36
child_spatial_s11_odd_even_blocks_b1,6,1,120.0,0.6287878787878788,41
child_spatial_s11_odd_even_blocks_b1,6,2,240.0,0.601010101010101,42
child_spatial_s11_odd_even_blocks_b1,6,3,360.0,0.6625,50
child_spatial_s11_odd_even_blocks_b1,6,4,480.0,0.6214285714285714,43
child_spatial_s11_odd_even_blocks_b1,6,6,720.0,0.4785714285714286,43
child_spatial_s11_odd_even_blocks_b1,8,0,0.0,0.7719298245614035,50
child_spatial_s11_odd_even_blocks_b1,8,1,120.0,0.3983739837398374,50
child_spatial_s11_odd_even_blocks_b1,8,2,240.0,0.48857142857142855,45
child_spatial_s11_odd_even_blocks_b1,8,3,360.0,0.6573426573426573,50
child_spatial_s11_odd_even_blocks_b1,8,4,480.0,0.5,48
child_spatial_s11_odd_even_blocks_b1,8,5,600.0,0.53,50
child_spatial_s11_odd_even_blocks_b1,8,6,720.0,0.5253378378378378,45
child_spatial_s11_odd_even_blocks_b1,10,0,0.0,0.5855614973262032,45
child_spatial_s11_odd_even_blocks_b1,10,1,120.0,0.5449999999999999,50
child_spatial_s11_odd_even_blocks_b1,10,2,240.0,0.4342105263157895,49
child_spatial_s11_odd_even_blocks_b1,10,3,360.0,0.3756097560975609,51
child_spatial_s11_odd_even_blocks_b1,10,4,480.0,0.5499999999999999,51
child_spatial_s11_odd_even_blocks_b1,10,5,600.0,0.30500000000000005,50
child_spatial_s11_odd_even_blocks_b1,10,6,720.0,0.6707317073170732,51
child_spatial_s11_odd_even_blocks_b1,11,0,0.0,0.4121621621621621,47
child_spatial_s11_odd_even_blocks_b1,11,1,120.0,0.4393939393939394,43
child_spatial_s11_odd_even_blocks_b1,11,2,240.0,0.6004784688995215,49
child_spatial_s11_odd_even_blocks_b1,11,3,360.0,0.5774999999999999,50
child_spatial_s11_odd_even_blocks_b1,11,4,480.0,0.5800000000000001,50
child_spatial_s11_odd_even_blocks_b1,11,5,600.0,0.44249999999999995,50
child_spatial_s11_odd_even_blocks_b1,12,0,0.0,0.5975877192982456,50
child_spatial_s11_odd_even_blocks_b1,12,1,120.0,0.6910569105691057,50
child_spatial_s11_odd_even_blocks_b1,12,2,240.0,0.5475,50
child_spatial_s11_odd_even_blocks_b1,12,3,360.0,0.5488636363636363,51
child_spatial_s11_odd_even_blocks_b1,12,4,480.0,0.43846153846153846,49
child_spatial_s11_odd_even_blocks_b1,12,5,600.0,0.3725,50
child_spatial_s11_odd_even_blocks_b1,12,6,720.0,0.4375,46
child_spatial_s11_odd_even_blocks_b1,13,0,0.0,0.4758771929824561,50
child_spatial_s11_odd_even_blocks_b1,13,1,120.0,0.4146341463414634,50
child_spatial_s11_odd_even_blocks_b1,13,2,240.0,0.39,50
child_spatial_s11_odd_even_blocks_b1,13,3,360.0,0.49999999999999994,50
child_spatial_s11_odd_even_blocks_b1,13,4,480.0,0.27999999999999997,50
child_spatial_s11_odd_even_blocks_b1,13,5,600.0,0.42727272727272725,51
child_spatial_s11_odd_even_blocks_b1,13,6,720.0,0.39249999999999996,50
child_spatial_s11_odd_even_blocks_b1,14,0,0.0,0.6112266112266113,50
child_spatial_s11_odd_even_blocks_b1,14,1,120.0,0.57125,50
child_spatial_s11_odd_even_blocks_b1,14,2,240.0,0.3543123543123543,50
child_spatial_s11_odd_even_blocks_b1,14,3,360.0,0.4122807017543859,47
child_spatial_s11_odd_even_blocks_b1,14,4,480.0,0.64625,50
child_spatial_s11_odd_even_blocks_b1,14,5,600.0,0.7162499999999999,50
child_spatial_s11_odd_even_blocks_b1,14,6,720.0,0.40263157894736845,48
child_spatial_s11_odd_even_blocks_b1,15,0,0.0,0.51417004048583,51
child_spatial_s11_odd_even_blocks_b1,15,1,120.0,0.6363636363636364,41
child_spatial_s11_odd_even_blocks_b1,15,2,240.0,0.43137254901960786,43
child_spatial_s11_odd_even_blocks_b1,15,3,360.0,0.28,50
child_spatial_s11_odd_even_blocks_b1,15,4,480.0,0.6175,50
child_spatial_s11_odd_even_blocks_b1,15,5,600.0,0.5275,50
child_spatial_s11_odd_even_blocks_b1,15,6,720.0,0.5682539682539682,44
child_spatial_s11_odd_even_blocks_b1,16,0,0.0,0.6447368421052632,50
child_spatial_s11_odd_even_blocks_b1,16,1,120.0,0.631578947368421,48
child_spatial_s11_odd_even_blocks_b1,16,2,240.0,0.3425,50
child_spatial_s11_odd_even_blocks_b1,16,3,360.0,0.65,50
child_spatial_s11_odd_even_blocks_b1,16,4,480.0,0.6296296296296297,48
child_spatial_s11_odd_even_blocks_b1,16,5,600.0,0.5054054054054054,47
child_spatial_s11_odd_even_blocks_b1,16,6,720.0,0.5425,50
child_spatial_s11_odd_even_blocks_b1,17,0,0.0,0.6180555555555556,41
child_spatial_s11_odd_even_blocks_b1,17,1,120.0,0.33472222222222225,49
child_spatial_s11_odd_even_blocks_b1,17,5,600.0,0.3162162162162162,47
child_spatial_s11_odd_even_blocks_b1,18,0,0.0,0.43243243243243246,49
child_spatial_s11_odd_even_blocks_b1,18,2,240.0,0.5885885885885885,46
child_spatial_s11_odd_even_blocks_b1,18,3,360.0,0.5710526315789474,48
child_spatial_s11_odd_even_blocks_b1,18,4,480.0,0.5487804878048781,51
child_spatial_s11_odd_even_blocks_b1,18,5,600.0,0.5146198830409356,47
child_spatial_s11_odd_even_blocks_b1,18,6,720.0,0.5714285714285714,51
child_spatial_s11_odd_even_blocks_b1,19,0,0.0,0.5153508771929824,50
child_spatial_s11_odd_even_blocks_b1,19,1,120.0,0.73875,50
child_spatial_s11_odd_even_blocks_b1,19,2,240.0,0.4846153846153846,49
child_spatial_s11_odd_even_blocks_b1,19,3,360.0,0.27249999999999996,50
child_spatial_s11_odd_even_blocks_b1,19,4,480.0,0.4390243902439025,51
child_spatial_s11_odd_even_blocks_b1,19,5,600.0,0.6051282051282051,49
child_spatial_s11_odd_even_blocks_b1,19,6,720.0,0.6964769647696477,50
child_spatial_s11_odd_even_blocks_b1,20,0,0.0,0.5896118721461188,97
child_spatial_s11_odd_even_blocks_b1,20,1,120.0,0.5576923076923077,97
child_spatial_s11_odd_even_blocks_b1,20,2,240.0,0.49502133712660024,93
child_spatial_s11_odd_even_blocks_b1,20,3,360.0,0.7131011608623549,85
child_spatial_s11_odd_even_blocks_b1,20,4,480.0,0.6230263157894737,96
child_spatial_s11_odd_even_blocks_b1,20,5,600.0,0.39185291997116084,92
child_spatial_s11_odd_even_blocks_b1,20,6,720.0,0.46164139161462975,78
child_spatial_s11_odd_even_blocks_b1,21,0,0.0,0.49999999999999994,41
child_spatial_s11_odd_even_blocks_b1,21,1,120.0,0.21637426900584794,47
child_spatial_s11_odd_even_blocks_b1,21,2,240.0,0.3663663663663664,46
child_spatial_s11_odd_even_blocks_b1,21,3,360.0,0.4393939393939394,43
child_spatial_s11_odd_even_blocks_b1,21,4,480.0,0.5803571428571429,36
child_spatial_s11_odd_even_blocks_b1,21,5,600.0,0.5125448028673836,40
child_spatial_s11_odd_even_blocks_b1,22,0,0.0,0.4095238095238095,50
child_spatial_s11_odd_even_blocks_b1,22,1,120.0,0.46840958605664484,60
child_spatial_s11_odd_even_blocks_b1,22,2,240.0,0.375,38
child_spatial_s11_odd_even_blocks_b1,22,3,360.0,0.5865853658536585,51
child_spatial_s11_odd_even_blocks_b1,22,4,480.0,0.349264705882353,42
child_spatial_s11_odd_even_blocks_b1,22,6,720.0,0.4525,50
child_spatial_s11_odd_even_blocks_b1,23,0,0.0,0.35185185185185186,48
child_spatial_s11_odd_even_blocks_b1,23,1,120.0,0.4867724867724868,51
child_spatial_s11_odd_even_blocks_b1,23,2,240.0,0.5249999999999999,50
child_spatial_s11_odd_even_blocks_b1,23,3,360.0,0.3787878787878788,50
child_spatial_s11_odd_even_blocks_b1,23,4,480.0,0.36585365853658536,51
child_spatial_s11_odd_even_blocks_b1,23,5,600.0,0.28,50
child_spatial_s11_odd_even_blocks_b1,23,6,720.0,0.35185185185185186,51
child_spatial_s11_odd_even_blocks_b1,24,0,0.0,0.6077777777777778,68
child_spatial_s11_odd_even_blocks_b1,24,1,120.0,0.5184859154929577,87
child_spatial_s11_odd_even_blocks_b1,24,2,240.0,0.5681818181818182,97
child_spatial_s11_odd_even_blocks_b1,24,3,360.0,0.6714975845410628,87
child_spatial_s11_odd_even_blocks_b1,24,4,480.0,0.49939722724532853,100
child_spatial_s11_odd_even_blocks_b1,24,5,600.0,0.48625000000000007,100
child_spatial_s11_odd_even_blocks_b1,24,6,720.0,0.48716302952503204,101
child_spatial_s11_odd_even_blocks_b1,25,0,0.0,0.5409356725146199,75
child_spatial_s11_odd_even_blocks_b1,25,1,120.0,0.6794642857142857,86
child_spatial_s11_odd_even_blocks_b1,25,2,240.0,0.4917721518987342,99
child_spatial_s11_odd_even_blocks_b1,25,3,360.0,0.517162471395881,88
child_spatial_s11_odd_even_blocks_b1,25,4,480.0,0.4891891891891892,94
child_spatial_s11_odd_even_blocks_b1,25,5,600.0,0.5196078431372548,77
child_spatial_s11_odd_even_blocks_b1,25,6,720.0,0.5244134432466708,102
child_spatial_s11_odd_even_blocks_b1,26,0,0.0,0.41025641025641024,51
child_spatial_s11_odd_even_blocks_b1,26,1,120.0,0.48238482384823844,50
child_spatial_s11_odd_even_blocks_b1,26,2,240.0,0.39749999999999996,50
child_spatial_s11_odd_even_blocks_b1,26,3,360.0,0.4155405405405405,45
child_spatial_s11_odd_even_blocks_b1,26,4,480.0,0.36999999999999994,50
child_spatial_s11_odd_even_blocks_b1,26,5,600.0,0.7805555555555556,46
child_spatial_s11_odd_even_blocks_b1,26,6,720.0,0.4414634146341463,51
child_spatial_s11_odd_even_blocks_b1,27,0,0.0,0.5787037037037037,48
child_spatial_s11_odd_even_blocks_b1,27,1,120.0,0.5365853658536586,50
child_spatial_s11_odd_even_blocks_b1,27,2,240.0,0.4125,50
child_spatial_s11_odd_even_blocks_b1,27,3,360.0,0.3925,50
child_spatial_s11_odd_even_blocks_b1,27,4,480.0,0.4131578947368421,48
child_spatial_s11_odd_even_blocks_b1,27,5,600.0,0.56,50
child_spatial_s11_odd_even_blocks_b1,27,6,720.0,0.4281842818428184,50
child_spatial_s11_odd_even_blocks_b1,30,0,0.0,0.5798816568047337,52
child_spatial_s11_odd_even_blocks_b1,30,1,120.0,0.47317073170731705,51
child_spatial_s11_odd_even_blocks_b1,30,2,240.0,0.4853658536585366,51
child_spatial_s11_odd_even_blocks_b1,30,3,360.0,0.5282555282555282,48
child_spatial_s11_odd_even_blocks_b1,30,4,480.0,0.36585365853658536,51
child_spatial_s11_odd_even_blocks_b1,30,5,600.0,0.42195121951219516,51
child_spatial_s11_odd_even_blocks_b1,30,6,720.0,0.4902439024390244,51
child_spatial_s11_odd_even_blocks_b1,31,0,0.0,0.5173333333333333,100
child_spatial_s11_odd_even_blocks_b1,31,1,120.0,0.5782811459027315,98
child_spatial_s11_odd_even_blocks_b1,31,2,240.0,0.6075396825396825,88
child_spatial_s11_odd_even_blocks_b1,31,3,360.0,0.659634317862166,97
child_spatial_s11_odd_even_blocks_b1,31,4,480.0,0.47052154195011336,77
child_spatial_s11_odd_even_blocks_b1,31,5,600.0,0.565359477124183,89
child_spatial_s11_odd_even_blocks_b1,31,6,720.0,0.38477034649476227,90
child_spatial_s11_odd_even_blocks_b1,32,0,0.0,0.6303418803418803,51
child_spatial_s11_odd_even_blocks_b1,32,1,120.0,0.41734417344173436,50
child_spatial_s11_odd_even_blocks_b1,32,2,240.0,0.61625,50
child_spatial_s11_odd_even_blocks_b1,32,3,360.0,0.515,50
child_spatial_s11_odd_even_blocks_b1,32,4,480.0,0.425609756097561,51
child_spatial_s11_odd_even_blocks_b1,32,5,600.0,0.5975,50
child_spatial_s11_odd_even_blocks_b1,32,6,720.0,0.5634920634920635,51
child_spatial_s11_odd_even_blocks_b1,33,0,0.0,0.4311688311688312,46
child_spatial_s11_odd_even_blocks_b1,33,1,120.0,0.5657894736842105,48
child_spatial_s11_odd_even_blocks_b1,33,2,240.0,0.2902097902097902,50
child_spatial_s11_odd_even_blocks_b1,33,3,360.0,0.69875,50
child_spatial_s11_odd_even_blocks_b1,33,4,480.0,0.27,50
child_spatial_s11_odd_even_blocks_b1,33,5,600.0,0.6223776223776224,50
child_spatial_s11_odd_even_blocks_b1,33,6,720.0,0.415625,48
child_spatial_s11_odd_even_blocks_b1,34,0,0.0,0.5235042735042735,51
child_spatial_s11_odd_even_blocks_b1,34,1,120.0,0.2975,50
child_spatial_s11_odd_even_blocks_b1,34,2,240.0,0.39545454545454545,51
child_spatial_s11_odd_even_blocks_b1,34,3,360.0,0.4317073170731707,51
child_spatial_s11_odd_even_blocks_b1,34,4,480.0,0.5390243902439025,51
child_spatial_s11_odd_even_blocks_b1,34,5,600.0,0.50125,50
child_spatial_s11_odd_even_blocks_b1,34,6,720.0,0.645,50
child_spatial_s11_odd_even_blocks_b1,35,0,0.0,0.5698198198198199,49
child_spatial_s11_odd_even_blocks_b1,35,2,240.0,0.5875,50
child_spatial_s11_odd_even_blocks_b1,35,3,360.0,0.6421052631578947,48
child_spatial_s11_odd_even_blocks_b1,35,4,480.0,0.6175,50
child_spatial_s11_odd_even_blocks_b1,35,5,600.0,0.6324324324324324,47
child_spatial_s11_odd_even_blocks_b1,35,6,720.0,0.4783783783783784,47
child_spatial_s11_odd_even_blocks_b1,36,0,0.0,0.520334928229665,49
child_spatial_s11_odd_even_blocks_b1,36,1,120.0,0.4548611111111111,44
child_spatial_s11_odd_even_blocks_b1,36,3,360.0,0.5407925407925409,50
child_spatial_s11_odd_even_blocks_b1,36,4,480.0,0.6467236467236467,48
child_spatial_s11_odd_even_blocks_b1,36,5,600.0,0.5275,50
child_spatial_s11_odd_even_blocks_b1,37,0,0.0,0.6928571428571428,38
child_spatial_s11_odd_even_blocks_b1,37,1,120.0,0.34375,41
child_spatial_s11_odd_even_blocks_b1,37,2,240.0,0.31666666666666665,38
child_spatial_s11_odd_even_blocks_b1,37,3,360.0,0.5714285714285715,37
child_spatial_s11_odd_even_blocks_b1,37,4,480.0,0.5583333333333333,38
child_spatial_s11_odd_even_blocks_b1,37,5,600.0,0.4276315789473684,46
child_spatial_s11_odd_even_blocks_b1,38,0,0.0,0.5536437246963563,102
child_spatial_s11_odd_even_blocks_b1,38,1,120.0,0.6244725738396625,97
child_spatial_s11_odd_even_blocks_b1,38,2,240.0,0.5314407814407813,99
child_spatial_s11_odd_even_blocks_b1,38,3,360.0,0.4641975308641975,101
child_spatial_s11_odd_even_blocks_b1,38,4,480.0,0.4871951219512195,102
child_spatial_s11_odd_even_blocks_b1,38,5,600.0,0.5519736842105263,99
child_spatial_s11_odd_even_blocks_b1,38,6,720.0,0.5968749999999999,100
child_spatial_s11_odd_even_blocks_b1,39,0,0.0,0.6217948717948718,51
child_spatial_s11_odd_even_blocks_b1,39,1,120.0,0.43360433604336046,50
child_spatial_s11_odd_even_blocks_b1,39,2,240.0,0.525,50
child_spatial_s11_odd_even_blocks_b1,39,3,360.0,0.47804878048780486,51
child_spatial_s11_odd_even_blocks_b1,39,4,480.0,0.49146341463414633,51
child_spatial_s11_odd_even_blocks_b1,39,5,600.0,0.6712500000000001,50
child_spatial_s11_odd_even_blocks_b1,39,6,720.0,0.40975609756097564,51
child_spatial_s11_odd_even_blocks_b1,40,0,0.0,0.5806451612903225,41
child_spatial_s11_odd_even_blocks_b1,40,6,720.0,0.46691176470588236,42
child_spatial_s11_odd_even_blocks_b1,41,1,120.0,0.47625000000000006,50
child_spatial_s11_odd_even_blocks_b1,41,2,240.0,0.2981029810298103,50
child_spatial_s11_odd_even_blocks_b1,41,3,360.0,0.55,49
child_spatial_s11_odd_even_blocks_b1,41,4,480.0,0.6083333333333334,49
child_spatial_s11_odd_even_blocks_b1,41,5,600.0,0.47607655502392343,49
child_spatial_s11_odd_even_blocks_b1,41,6,720.0,0.5717703349282297,49
child_spatial_s11_odd_even_blocks_b1,42,0,0.0,0.5717703349282297,49
child_spatial_s11_odd_even_blocks_b1,42,1,120.0,0.540650406504065,50
child_spatial_s11_odd_even_blocks_b1,42,2,240.0,0.44722222222222224,49
child_spatial_s11_odd_even_blocks_b1,42,3,360.0,0.5666666666666667,49
child_spatial_s11_odd_even_blocks_b1,42,4,480.0,0.63,50
child_spatial_s11_odd_even_blocks_b1,42,5,600.0,0.4625,50
child_spatial_s11_odd_even_blocks_b1,42,6,720.0,0.34688346883468835,50
child_spatial_s11_odd_even_blocks_b1,43,0,0.0,0.5576923076923077,49
child_spatial_s11_odd_even_blocks_b1,43,1,120.0,0.5311653116531165,50
child_spatial_s11_odd_even_blocks_b1,43,2,240.0,0.6916666666666667,49
child_spatial_s11_odd_even_blocks_b1,43,3,360.0,0.5829268292682926,51
child_spatial_s11_odd_even_blocks_b1,43,4,480.0,0.5219512195121951,51
child_spatial_s11_odd_even_blocks_b1,43,5,600.0,0.6438746438746439,48
child_spatial_s11_odd_even_blocks_b1,43,6,720.0,0.5444444444444445,49
child_spatial_s11_odd_even_blocks_b1,44,0,0.0,0.527027027027027,49
child_spatial_s11_odd_even_blocks_b1,44,2,240.0,0.4903225806451613,41
child_spatial_s11_odd_even_blocks_b1,44,3,360.0,0.7321428571428572,43
child_spatial_s11_odd_even_blocks_b1,44,5,600.0,0.45833333333333337,35
child_spatial_s11_odd_even_blocks_b1,44,6,720.0,0.5257452574525745,50
child_spatial_s11_odd_even_blocks_b1,45,0,0.0,0.49835309617918316,89
child_spatial_s11_odd_even_blocks_b1,45,1,120.0,0.5909681611435997,100
child_spatial_s11_odd_even_blocks_b1,45,2,240.0,0.4913419913419913,98
child_spatial_s11_odd_even_blocks_b1,45,3,360.0,0.33653846153846156,98
child_spatial_s11_odd_even_blocks_b1,45,4,480.0,0.4567901234567901,102
child_spatial_s11_odd_even_blocks_b1,45,5,600.0,0.6494374120956399,97
child_spatial_s11_odd_even_blocks_b1,45,6,720.0,0.5667682926829268,102
child_spatial_s11_odd_even_blocks_b1,46,0,0.0,0.4738095238095238,47
child_spatial_s11_odd_even_blocks_b1,46,2,240.0,0.5837837837837837,47
child_spatial_s11_odd_even_blocks_b1,46,3,360.0,0.5170731707317073,51
child_spatial_s11_odd_even_blocks_b1,46,4,480.0,0.5633333333333334,40
child_spatial_s11_odd_even_blocks_b1,46,6,720.0,0.5666666666666668,49
child_spatial_s11_odd_even_blocks_b1,47,0,0.0,0.6346153846153846,51
child_spatial_s11_odd_even_blocks_b1,47,1,120.0,0.4254742547425474,50
child_spatial_s11_odd_even_blocks_b1,47,2,240.0,0.39875,50
child_spatial_s11_odd_even_blocks_b1,47,3,360.0,0.5425000000000001,50
child_spatial_s11_odd_even_blocks_b1,47,4,480.0,0.5275000000000001,50
child_spatial_s11_odd_even_blocks_b1,47,5,600.0,0.451219512195122,51
child_spatial_s11_odd_even_blocks_b1,47,6,720.0,0.5772357723577235,50
child_spatial_s11_odd_even_blocks_b1,48,0,0.0,0.4979423868312758,36
child_spatial_s11_odd_even_blocks_b1,48,1,120.0,0.5305555555555556,46
child_spatial_s11_odd_even_blocks_b1,48,3,360.0,0.4560975609756097,51
child_spatial_s11_odd_even_blocks_b1,48,4,480.0,0.42810457516339867,43
child_spatial_s11_odd_even_blocks_b1,49,0,0.0,0.6456456456456456,46
child_spatial_s11_odd_even_blocks_b1,49,1,120.0,0.46070460704607047,50
child_spatial_s11_odd_even_blocks_b1,49,2,240.0,0.4475,50
child_spatial_s11_odd_even_blocks_b1,49,3,360.0,0.4329268292682927,51
child_spatial_s11_odd_even_blocks_b1,49,4,480.0,0.6402439024390244,51
child_spatial_s11_odd_even_blocks_b1,49,5,600.0,0.61,50
child_spatial_s11_odd_even_blocks_b1,49,6,720.0,0.5420054200542005,50
child_spatial_s11_odd_even_blocks_b1,50,0,0.0,0.5310344827586206,39
child_spatial_s11_odd_even_blocks_b1,50,2,240.0,0.46296296296296297,33
child_spatial_s11_odd_even_blocks_b1,50,4,480.0,0.5425,50
child_spatial_s11_odd_even_blocks_b1,50,6,720.0,0.5426829268292683,49
child_spatial_s11_odd_even_blocks_b1,51,0,0.0,0.5214413341274569,96
child_spatial_s11_odd_even_blocks_b1,51,1,120.0,0.42755035737491875,100
child_spatial_s11_odd_even_blocks_b1,51,2,240.0,0.5490625,100
child_spatial_s11_odd_even_blocks_b1,51,3,360.0,0.5653333333333334,95
child_spatial_s11_odd_even_blocks_b1,51,4,480.0,0.45123456790123456,101
child_spatial_s11_odd_even_blocks_b1,51,5,600.0,0.3064623584277148,98
child_spatial_s11_odd_even_blocks_b1,51,6,720.0,0.4632878492527615,100
child_spatial_s11_odd_even_blocks_b1,52,0,0.0,0.4549549549549549,49
child_spatial_s11_odd_even_blocks_b1,52,1,120.0,0.5203252032520325,50
child_spatial_s11_odd_even_blocks_b1,52,2,240.0,0.4175,50
child_spatial_s11_odd_even_blocks_b1,52,3,360.0,0.3962703962703963,50
child_spatial_s11_odd_even_blocks_b1,52,4,480.0,0.40975609756097564,51
child_spatial_s11_odd_even_blocks_b1,52,5,600.0,0.4769230769230769,49
child_spatial_s11_odd_even_blocks_b1,52,6,720.0,0.3672086720867209,50
child_spatial_s11_odd_even_blocks_b1,53,0,0.0,0.28482328482328484,50
child_spatial_s11_odd_even_blocks_b1,53,1,120.0,0.395,50
child_spatial_s11_odd_even_blocks_b1,53,2,240.0,0.6025,50
child_spatial_s11_odd_even_blocks_b1,53,3,360.0,0.57875,50
child_spatial_s11_odd_even_blocks_b1,53,4,480.0,0.73,50
child_spatial_s11_odd_even_blocks_b1,53,5,600.0,0.6421052631578947,48
child_spatial_s11_odd_even_blocks_b1,53,6,720.0,0.28055555555555556,49
child_spatial_s11_odd_even_blocks_b1,54,0,0.0,0.3117408906882591,51
child_spatial_s11_odd_even_blocks_b1,54,1,120.0,0.5750000000000001,50
child_spatial_s11_odd_even_blocks_b1,54,2,240.0,0.7825,50
child_spatial_s11_odd_even_blocks_b1,54,3,360.0,0.5886363636363636,51
child_spatial_s11_odd_even_blocks_b1,54,4,480.0,0.5208333333333333,49
child_spatial_s11_odd_even_blocks_b1,54,5,600.0,0.6504065040650406,50
child_spatial_s11_odd_even_blocks_b1,54,6,720.0,0.4560975609756097,51
child_spatial_s11_odd_even_blocks_b1,56,0,0.0,0.49797570850202433,51
child_spatial_s11_odd_even_blocks_b1,56,1,120.0,0.6476964769647696,50
child_spatial_s11_odd_even_blocks_b1,56,2,240.0,0.48250000000000004,50
child_spatial_s11_odd_even_blocks_b1,56,3,360.0,0.541958041958042,50
child_spatial_s11_odd_even_blocks_b1,56,4,480.0,0.3075880758807588,50
child_spatial_s11_odd_even_blocks_b1,56,5,600.0,0.60125,50
child_spatial_s11_odd_even_blocks_b1,56,6,720.0,0.7146341463414634,51
child_spatial_s11_odd_even_blocks_b1,57,0,0.0,0.5748987854251013,51
child_spatial_s11_odd_even_blocks_b1,57,1,120.0,0.6802168021680217,50
child_spatial_s11_odd_even_blocks_b1,57,2,240.0,0.38250000000000006,50
child_spatial_s11_odd_even_blocks_b1,57,3,360.0,0.44375,50
child_spatial_s11_odd_even_blocks_b1,57,4,480.0,0.67,50
child_spatial_s11_odd_even_blocks_b1,57,5,600.0,0.36,50
child_spatial_s11_odd_even_blocks_b1,57,6,720.0,0.7170731707317074,51
child_spatial_s11_odd_even_blocks_b1,58,0,0.0,0.6058558558558559,49
child_spatial_s11_odd_even_blocks_b1,58,1,120.0,0.5346153846153847,49
child_spatial_s11_odd_even_blocks_b1,58,2,240.0,0.5478468899521531,49
child_spatial_s11_odd_even_blocks_b1,58,3,360.0,0.46486486486486484,47
child_spatial_s11_odd_even_blocks_b1,58,4,480.0,0.5921052631578947,48
child_spatial_s11_odd_even_blocks_b1,58,5,600.0,0.5275000000000001,50
child_spatial_s11_odd_even_blocks_b1,59,0,0.0,0.4594736842105263,101
child_spatial_s11_odd_even_blocks_b1,59,1,120.0,0.6005996002664891,98
child_spatial_s11_odd_even_blocks_b1,59,2,240.0,0.5892063492063491,96
child_spatial_s11_odd_even_blocks_b1,59,3,360.0,0.6171875,82
child_spatial_s11_odd_even_blocks_b1,59,4,480.0,0.45585996955859975,91
child_spatial_s11_odd_even_blocks_b1,59,5,600.0,0.49457013574660635,82
child_spatial_s11_odd_even_blocks_b1,59,6,720.0,0.5596068484464173,102
child_spatial_s11_odd_even_blocks_b1,61,0,0.0,0.43162393162393164,51
child_spatial_s11_odd_even_blocks_b1,61,1,120.0,0.41025641025641024,47
child_spatial_s11_odd_even_blocks_b1,61,2,240.0,0.5378378378378378,47
child_spatial_s11_odd_even_blocks_b1,61,3,360.0,0.4417344173441734,50
child_spatial_s11_odd_even_blocks_b1,61,4,480.0,0.7250000000000001,38
child_spatial_s11_odd_even_blocks_b1,61,5,600.0,0.5,41
child_spatial_s11_odd_even_blocks_b1,61,6,720.0,0.7207207207207207,46
child_spatial_s11_odd_even_blocks_b1,62,0,0.0,0.6136363636363636,49
child_spatial_s11_odd_even_blocks_b1,62,2,240.0,0.5151515151515151,42
child_spatial_s11_odd_even_blocks_b1,62,3,360.0,0.5675675675675675,48
child_spatial_s11_odd_even_blocks_b1,62,4,480.0,0.5492063492063491,44
child_spatial_s11_odd_even_blocks_b1,62,5,600.0,0.4916666666666667,46
child_spatial_s11_odd_even_blocks_b1,62,6,720.0,0.5824915824915825,42
child_spatial_s11_odd_even_blocks_b1,63,0,0.0,0.44117647058823534,44
child_spatial_s11_odd_even_blocks_b1,63,1,120.0,0.5772357723577236,50
child_spatial_s11_odd_even_blocks_b1,63,2,240.0,0.5871794871794872,49
child_spatial_s11_odd_even_blocks_b1,63,3,360.0,0.5275,50
child_spatial_s11_odd_even_blocks_b1,63,4,480.0,0.53125,44
child_spatial_s11_odd_even_blocks_b1,63,5,600.0,0.2265625,40
child_spatial_s11_odd_even_blocks_b1,63,6,720.0,0.4824561403508772,47
child_spatial_s11_odd_even_blocks_b1,64,0,0.0,0.5844298245614035,50
child_spatial_s11_odd_even_blocks_b1,64,1,120.0,0.3360433604336043,50
child_spatial_s11_odd_even_blocks_b1,64,2,240.0,0.3121951219512195,51
child_spatial_s11_odd_even_blocks_b1,64,3,360.0,0.5465465465465464,46
child_spatial_s11_odd_even_blocks_b1,64,4,480.0,0.5304878048780488,51
child_spatial_s11_odd_even_blocks_b1,64,5,600.0,0.42777777777777776,46
child_spatial_s11_odd_even_blocks_b1,64,6,720.0,0.697560975609756,51
child_spatial_s11_odd_even_blocks_b1,65,0,0.0,0.46367521367521375,51
child_spatial_s11_odd_even_blocks_b1,65,1,120.0,0.4916666666666667,49
child_spatial_s11_odd_even_blocks_b1,65,2,240.0,0.51125,50
child_spatial_s11_odd_even_blocks_b1,65,3,360.0,0.41951219512195126,51
child_spatial_s11_odd_even_blocks_b1,65,4,480.0,0.375609756097561,51
child_spatial_s11_odd_even_blocks_b1,65,5,600.0,0.48875,50
child_spatial_s11_odd_even_blocks_b1,65,6,720.0,0.395,50
child_spatial_s11_odd_even_blocks_b1,66,0,0.0,0.5633333333333334,40
child_spatial_s11_odd_even_blocks_b1,66,1,120.0,0.4897435897435898,49
child_spatial_s11_odd_even_blocks_b1,66,2,240.0,0.3298611111111111,41
child_spatial_s11_odd_even_blocks_b1,66,4,480.0,0.5772727272727272,51
child_spatial_s11_odd_even_blocks_b1,66,5,600.0,0.5687645687645687,50
child_spatial_s11_odd_even_blocks_b1,66,6,720.0,0.558641975308642,45
child_spatial_s11_odd_even_blocks_b1,67,0,0.0,0.5112612612612613,49
child_spatial_s11_odd_even_blocks_b1,67,1,120.0,0.4878048780487805,50
child_spatial_s11_odd_even_blocks_b1,67,2,240.0,0.4624999999999999,50
child_spatial_s11_odd_even_blocks_b1,67,3,360.0,0.5575000000000001,50
child_spatial_s11_odd_even_blocks_b1,67,4,480.0,0.5897435897435896,50
child_spatial_s11_odd_even_blocks_b1,67,5,600.0,0.7224999999999999,50
child_spatial_s11_odd_even_blocks_b1,67,6,720.0,0.4375,50
child_spatial_s11_odd_even_blocks_b1,68,0,0.0,0.5580645161290323,41
child_spatial_s11_odd_even_blocks_b1,69,0,0.0,0.3881578947368421,50
child_spatial_s11_odd_even_blocks_b1,69,1,120.0,0.4135802469135802,45
child_spatial_s11_odd_even_blocks_b1,69,2,240.0,0.26,50
child_spatial_s11_odd_even_blocks_b1,69,3,360.0,0.31363636363636366,51
child_spatial_s11_odd_even_blocks_b1,69,4,480.0,0.46794871794871795,49
child_spatial_s11_odd_even_blocks_b1,69,5,600.0,0.4175,50
child_spatial_s11_odd_even_blocks_b1,69,6,720.0,0.4761904761904762,51
child_spatial_s11_odd_even_blocks_b1,70,0,0.0,0.39964157706093195,40
child_spatial_s11_odd_even_blocks_b1,70,1,120.0,0.53125,40
child_spatial_s11_odd_even_blocks_b1,70,3,360.0,0.5666666666666667,46
child_spatial_s11_odd_even_blocks_b1,70,4,480.0,0.6578947368421052,47
child_spatial_s11_odd_even_blocks_b1,70,6,720.0,0.47265625,40
child_spatial_s11_odd_even_blocks_b1,71,0,0.0,0.6689814814814814,48
child_spatial_s11_odd_even_blocks_b1,71,1,120.0,0.5853658536585364,50
child_spatial_s11_odd_even_blocks_b1,71,2,240.0,0.5864864864864865,47
child_spatial_s11_odd_even_blocks_b1,71,3,360.0,0.7,50
child_spatial_s11_odd_even_blocks_b1,71,4,480.0,0.39182692307692313,34
child_spatial_s11_odd_even_blocks_b1,71,5,600.0,0.4700854700854701,48
child_spatial_s11_odd_even_blocks_b1,71,6,720.0,0.5625,36
child_spatial_s11_odd_even_blocks_b1,72,2,240.0,0.5,45
child_spatial_s11_odd_even_blocks_b1,72,3,360.0,0.6425,50
child_spatial_s11_odd_even_blocks_b1,72,4,480.0,0.237037037037037,39
child_spatial_s22_odd_even_blocks_b0,0,0,0.0,0.5223214285714286,36
child_spatial_s22_odd_even_blocks_b0,0,1,120.0,0.564327485380117,47
child_spatial_s22_odd_even_blocks_b0,0,2,240.0,0.5235294117647059,44
child_spatial_s22_odd_even_blocks_b0,0,3,360.0,0.4222222222222222,49
child_spatial_s22_odd_even_blocks_b0,0,4,480.0,0.49375,42
child_spatial_s22_odd_even_blocks_b0,0,6,720.0,0.59125,50
child_spatial_s22_odd_even_blocks_b0,1,0,0.0,0.5007352941176471,97
child_spatial_s22_odd_even_blocks_b0,1,1,120.0,0.36312500000000003,100
child_spatial_s22_odd_even_blocks_b0,1,2,240.0,0.46815089672232524,98
child_spatial_s22_odd_even_blocks_b0,1,3,360.0,0.48958333333333337,94
child_spatial_s22_odd_even_blocks_b0,1,4,480.0,0.6160337552742615,97
child_spatial_s22_odd_even_blocks_b0,1,5,600.0,0.486449864498645,100
child_spatial_s22_odd_even_blocks_b0,2,0,0.0,0.4826388888888889,44
child_spatial_s22_odd_even_blocks_b0,2,2,240.0,0.5886363636363635,51
child_spatial_s22_odd_even_blocks_b0,2,3,360.0,0.5656565656565656,42
child_spatial_s22_odd_even_blocks_b0,2,5,600.0,0.5833333333333333,37
child_spatial_s22_odd_even_blocks_b0,3,0,0.0,0.5338753387533874,50
child_spatial_s22_odd_even_blocks_b0,3,1,120.0,0.4368421052631579,48
child_spatial_s22_odd_even_blocks_b0,3,2,240.0,0.6,51
child_spatial_s22_odd_even_blocks_b0,3,3,360.0,0.7182539682539683,51
child_spatial_s22_odd_even_blocks_b0,3,4,480.0,0.5257452574525745,50
child_spatial_s22_odd_even_blocks_b0,3,5,600.0,0.7181571815718157,50
child_spatial_s22_odd_even_blocks_b0,4,0,0.0,0.575880758807588,100
child_spatial_s22_odd_even_blocks_b0,4,1,120.0,0.5710526315789475,96
child_spatial_s22_odd_even_blocks_b0,4,2,240.0,0.5219178082191781,93
child_spatial_s22_odd_even_blocks_b0,4,3,360.0,0.5036764705882353,89
child_spatial_s22_odd_even_blocks_b0,4,4,480.0,0.641025641025641,96
child_spatial_s22_odd_even_blocks_b0,4,5,600.0,0.5312071330589849,99
child_spatial_s22_odd_even_blocks_b0,5,0,0.0,0.6504065040650406,50
child_spatial_s22_odd_even_blocks_b0,5,1,120.0,0.49250000000000005,50
child_spatial_s22_odd_even_blocks_b0,5,2,240.0,0.441025641025641,49
child_spatial_s22_odd_even_blocks_b0,5,3,360.0,0.5806878306878307,51
child_spatial_s22_odd_even_blocks_b0,5,4,480.0,0.5313390313390314,48
child_spatial_s22_odd_even_blocks_b0,5,5,600.0,0.5251322751322751,51
child_spatial_s22_odd_even_blocks_b0,6,1,120.0,0.3823529411764706,42
child_spatial_s22_odd_even_blocks_b0,6,2,240.0,0.6923076923076923,49
child_spatial_s22_odd_even_blocks_b0,6,3,360.0,0.42948717948717946,47
child_spatial_s22_odd_even_blocks_b0,8,1,120.0,0.5230769230769231,49
child_spatial_s22_odd_even_blocks_b0,8,2,240.0,0.42942942942942935,46
child_spatial_s22_odd_even_blocks_b0,8,3,360.0,0.3080357142857143,50
child_spatial_s22_odd_even_blocks_b0,8,4,480.0,0.5575,50
child_spatial_s22_odd_even_blocks_b0,8,5,600.0,0.45625,48
child_spatial_s22_odd_even_blocks_b0,10,0,0.0,0.6083333333333334,49
child_spatial_s22_odd_even_blocks_b0,10,1,120.0,0.6000000000000001,50
child_spatial_s22_odd_even_blocks_b0,10,2,240.0,0.49090909090909085,51
child_spatial_s22_odd_even_blocks_b0,10,3,360.0,0.5528455284552845,50
child_spatial_s22_odd_even_blocks_b0,10,4,480.0,0.6558265582655827,50
child_spatial_s22_odd_even_blocks_b0,10,5,600.0,0.6055555555555555,49
child_spatial_s22_odd_even_blocks_b0,11,0,0.0,0.5156695156695157,48
child_spatial_s22_odd_even_blocks_b0,11,1,120.0,0.7057142857142857,45
child_spatial_s22_odd_even_blocks_b0,11,2,240.0,0.49747474747474746,47
child_spatial_s22_odd_even_blocks_b0,11,3,360.0,0.6048387096774194,39
child_spatial_s22_odd_even_blocks_b0,11,4,480.0,0.568918918918919,47
child_spatial_s22_odd_even_blocks_b0,12,0,0.0,0.6333333333333333,49
child_spatial_s22_odd_even_blocks_b0,12,1,120.0,0.5486842105263158,48
child_spatial_s22_odd_even_blocks_b0,12,2,240.0,0.6641025641025641,49
child_spatial_s22_odd_even_blocks_b0,12,3,360.0,0.6731707317073171,51
child_spatial_s22_odd_even_blocks_b0,12,4,480.0,0.5754985754985755,48
child_spatial_s22_odd_even_blocks_b0,12,5,600.0,0.524390243902439,50
child_spatial_s22_odd_even_blocks_b0,13,0,0.0,0.5691056910569106,50
child_spatial_s22_odd_even_blocks_b0,13,1,120.0,0.5921052631578948,48
child_spatial_s22_odd_even_blocks_b0,13,2,240.0,0.5049999999999999,50
child_spatial_s22_odd_even_blocks_b0,13,3,360.0,0.5745257452574526,50
child_spatial_s22_odd_even_blocks_b0,13,4,480.0,0.6016260162601625,50
child_spatial_s22_odd_even_blocks_b0,13,5,600.0,0.6775067750677506,50
child_spatial_s22_odd_even_blocks_b0,14,0,0.0,0.5447154471544715,50
child_spatial_s22_odd_even_blocks_b0,14,1,120.0,0.6263157894736842,48
child_spatial_s22_odd_even_blocks_b0,14,2,240.0,0.49,50
child_spatial_s22_odd_even_blocks_b0,14,3,360.0,0.5888888888888889,49
child_spatial_s22_odd_even_blocks_b0,14,4,480.0,0.496875,48
child_spatial_s22_odd_even_blocks_b0,14,5,600.0,0.48509485094850946,50
child_spatial_s22_odd_even_blocks_b0,15,0,0.0,0.4730639730639731,42
child_spatial_s22_odd_even_blocks_b0,15,2,240.0,0.5375,49
child_spatial_s22_odd_even_blocks_b0,15,3,360.0,0.7967479674796748,50
child_spatial_s22_odd_even_blocks_b0,15,4,480.0,0.4125,50
child_spatial_s22_odd_even_blocks_b0,15,5,600.0,0.4560810810810811,45
child_spatial_s22_odd_even_blocks_b0,16,0,0.0,0.5033783783783784,45
child_spatial_s22_odd_even_blocks_b0,16,1,120.0,0.5425,50
child_spatial_s22_odd_even_blocks_b0,16,2,240.0,0.5156695156695157,48
child_spatial_s22_odd_even_blocks_b0,16,3,360.0,0.6070460704607046,50
child_spatial_s22_odd_even_blocks_b0,16,4,480.0,0.4536585365853658,51
child_spatial_s22_odd_even_blocks_b0,16,5,600.0,0.6217105263157895,46
child_spatial_s22_odd_even_blocks_b0,17,0,0.0,0.586894586894587,48
child_spatial_s22_odd_even_blocks_b0,17,1,120.0,0.5162162162162162,47
child_spatial_s22_odd_even_blocks_b0,17,3,360.0,0.40405405405405403,47
child_spatial_s22_odd_even_blocks_b0,18,1,120.0,0.3672839506172839,45
child_spatial_s22_odd_even_blocks_b0,18,2,240.0,0.3815789473684211,48
child_spatial_s22_odd_even_blocks_b0,18,3,360.0,0.5426829268292683,49
child_spatial_s22_odd_even_blocks_b0,18,4,480.0,0.30250000000000005,50
child_spatial_s22_odd_even_blocks_b0,18,5,600.0,0.4986449864498645,50
child_spatial_s22_odd_even_blocks_b0,19,0,0.0,0.5826558265582655,50
child_spatial_s22_odd_even_blocks_b0,19,1,120.0,0.44473684210526315,48
child_spatial_s22_odd_even_blocks_b0,19,2,240.0,0.36375,50
child_spatial_s22_odd_even_blocks_b0,19,3,360.0,0.38492063492063494,51
child_spatial_s22_odd_even_blocks_b0,19,4,480.0,0.56,50
child_spatial_s22_odd_even_blocks_b0,19,5,600.0,0.6788617886178862,50
child_spatial_s22_odd_even_blocks_b0,20,0,0.0,0.6571815718157181,100
child_spatial_s22_odd_even_blocks_b0,20,1,120.0,0.6328947368421053,96
child_spatial_s22_odd_even_blocks_b0,20,2,240.0,0.46637426900584794,91
child_spatial_s22_odd_even_blocks_b0,20,3,360.0,0.5464409722222223,88
child_spatial_s22_odd_even_blocks_b0,20,4,480.0,0.4340753424657534,89
child_spatial_s22_odd_even_blocks_b0,20,5,600.0,0.4471624266144814,87
child_spatial_s22_odd_even_blocks_b0,21,0,0.0,0.6138888888888889,49
child_spatial_s22_odd_even_blocks_b0,21,1,120.0,0.5294117647058824,43
child_spatial_s22_odd_even_blocks_b0,21,2,240.0,0.4722222222222222,46
child_spatial_s22_odd_even_blocks_b0,21,3,360.0,0.40909090909090906,41
child_spatial_s22_odd_even_blocks_b0,21,4,480.0,0.513888888888889,44
child_spatial_s22_odd_even_blocks_b0,21,5,600.0,0.5249999999999999,49
child_spatial_s22_odd_even_blocks_b0,22,0,0.0,0.42773892773892774,79
child_spatial_s22_odd_even_blocks_b0,22,1,120.0,0.5787037037037037,35
child_spatial_s22_odd_even_blocks_b0,22,2,240.0,0.5961945031712474,54
child_spatial_s22_odd_even_blocks_b0,22,3,360.0,0.37142857142857144,43
child_spatial_s22_odd_even_blocks_b0,22,5,600.0,0.572463768115942,55
child_spatial_s22_odd_even_blocks_b0,23,0,0.0,0.43333333333333335,49
child_spatial_s22_odd_even_blocks_b0,23,1,120.0,0.6628205128205128,49
child_spatial_s22_odd_even_blocks_b0,23,2,240.0,0.6170731707317073,51
child_spatial_s22_odd_even_blocks_b0,23,3,360.0,0.6324404761904762,50
child_spatial_s22_odd_even_blocks_b0,23,4,480.0,0.6225,50
child_spatial_s22_odd_even_blocks_b0,23,5,600.0,0.6910569105691057,50
child_spatial_s22_odd_even_blocks_b0,24,0,0.0,0.3801775147928994,65
child_spatial_s22_odd_even_blocks_b0,24,1,120.0,0.6023368251410153,90
child_spatial_s22_odd_even_blocks_b0,24,2,240.0,0.5813234384662956,98
child_spatial_s22_odd_even_blocks_b0,24,3,360.0,0.59,91
child_spatial_s22_odd_even_blocks_b0,24,4,480.0,0.4539295392953929,100
child_spatial_s22_odd_even_blocks_b0,24,5,600.0,0.44601638123603876,96
child_spatial_s22_odd_even_blocks_b0,25,0,0.0,0.42669007901668127,84
child_spatial_s22_odd_even_blocks_b0,25,1,120.0,0.5,87
child_spatial_s22_odd_even_blocks_b0,25,2,240.0,0.45065789473684215,99
child_spatial_s22_odd_even_blocks_b0,25,3,360.0,0.4675925925925926,90
child_spatial_s22_odd_even_blocks_b0,25,4,480.0,0.3762962962962963,93
child_spatial_s22_odd_even_blocks_b0,25,5,600.0,0.4705314009661835,84
child_spatial_s22_odd_even_blocks_b0,26,0,0.0,0.52710027100271,50
child_spatial_s22_odd_even_blocks_b0,26,1,120.0,0.5435897435897435,49
child_spatial_s22_odd_even_blocks_b0,26,2,240.0,0.5674999999999999,50
child_spatial_s22_odd_even_blocks_b0,26,3,360.0,0.6140350877192983,47
child_spatial_s22_odd_even_blocks_b0,26,4,480.0,0.7692307692307693,48
child_spatial_s22_odd_even_blocks_b0,26,5,600.0,0.5574324324324325,45
child_spatial_s22_odd_even_blocks_b0,27,0,0.0,0.6476964769647696,50
child_spatial_s22_odd_even_blocks_b0,27,1,120.0,0.6555555555555556,46
child_spatial_s22_odd_even_blocks_b0,27,2,240.0,0.6425000000000001,50
child_spatial_s22_odd_even_blocks_b0,27,3,360.0,0.6192411924119241,50
child_spatial_s22_odd_even_blocks_b0,27,4,480.0,0.5341880341880342,48
child_spatial_s22_odd_even_blocks_b0,27,5,600.0,0.3577235772357723,50
child_spatial_s22_odd_even_blocks_b0,30,0,0.0,0.524390243902439,50
child_spatial_s22_odd_even_blocks_b0,30,1,120.0,0.6950000000000001,50
child_spatial_s22_odd_even_blocks_b0,30,2,240.0,0.5975,50
child_spatial_s22_odd_even_blocks_b0,30,3,360.0,0.6243386243386244,51
child_spatial_s22_odd_even_blocks_b0,30,4,480.0,0.7777777777777777,49
child_spatial_s22_odd_even_blocks_b0,30,5,600.0,0.5799457994579946,50
child_spatial_s22_odd_even_blocks_b0,31,0,0.0,0.41970486111111116,88
child_spatial_s22_odd_even_blocks_b0,31,1,120.0,0.6011860637509266,90
child_spatial_s22_odd_even_blocks_b0,31,2,240.0,0.5955882352941176,85
child_spatial_s22_odd_even_blocks_b0,31,3,360.0,0.5726890756302522,87
child_spatial_s22_odd_even_blocks_b0,31,4,480.0,0.5362318840579711,84
child_spatial_s22_odd_even_blocks_b0,31,5,600.0,0.5776785714285715,86
child_spatial_s22_odd_even_blocks_b0,32,0,0.0,0.695,50
child_spatial_s22_odd_even_blocks_b0,32,1,120.0,0.745,50
child_spatial_s22_odd_even_blocks_b0,32,2,240.0,0.5,51
child_spatial_s22_odd_even_blocks_b0,32,3,360.0,0.5609756097560976,50
child_spatial_s22_odd_even_blocks_b0,32,4,480.0,0.64,50
child_spatial_s22_odd_even_blocks_b0,32,5,600.0,0.6476964769647695,50
child_spatial_s22_odd_even_blocks_b0,33,0,0.0,0.4305555555555555,49
child_spatial_s22_odd_even_blocks_b0,33,1,120.0,0.6512820512820513,49
child_spatial_s22_odd_even_blocks_b0,33,2,240.0,0.6425000000000001,50
child_spatial_s22_odd_even_blocks_b0,33,3,360.0,0.4751461988304093,47
child_spatial_s22_odd_even_blocks_b0,33,4,480.0,0.6341463414634146,50
child_spatial_s22_odd_even_blocks_b0,33,5,600.0,0.6233062330623307,50
child_spatial_s22_odd_even_blocks_b0,34,0,0.0,0.2953929539295393,50
child_spatial_s22_odd_even_blocks_b0,34,1,120.0,0.6175,50
child_spatial_s22_odd_even_blocks_b0,34,2,240.0,0.6409090909090909,51
child_spatial_s22_odd_even_blocks_b0,34,3,360.0,0.4894179894179894,51
child_spatial_s22_odd_even_blocks_b0,34,4,480.0,0.37037037037037035,51
child_spatial_s22_odd_even_blocks_b0,34,5,600.0,0.4823848238482385,50
child_spatial_s22_odd_even_blocks_b0,35,0,0.0,0.5441595441595442,48
child_spatial_s22_odd_even_blocks_b0,35,1,120.0,0.48142857142857143,45
child_spatial_s22_odd_even_blocks_b0,35,2,240.0,0.49849849849849853,46
child_spatial_s22_odd_even_blocks_b0,35,3,360.0,0.5962059620596205,50
child_spatial_s22_odd_even_blocks_b0,35,4,480.0,0.34750000000000003,50
child_spatial_s22_odd_even_blocks_b0,35,5,600.0,0.35772357723577236,50
child_spatial_s22_odd_even_blocks_b0,36,0,0.0,0.4707602339181286,47
child_spatial_s22_odd_even_blocks_b0,36,1,120.0,0.5884615384615386,49
child_spatial_s22_odd_even_blocks_b0,36,2,240.0,0.5027027027027027,47
child_spatial_s22_odd_even_blocks_b0,36,4,480.0,0.3993055555555555,44
child_spatial_s22_odd_even_blocks_b0,36,5,600.0,0.5365853658536586,49
child_spatial_s22_odd_even_blocks_b0,37,0,0.0,0.4934640522875817,43
child_spatial_s22_odd_even_blocks_b0,37,2,240.0,0.1923076923076923,35
child_spatial_s22_odd_even_blocks_b0,38,0,0.0,0.5995934959349594,100
child_spatial_s22_odd_even_blocks_b0,38,1,120.0,0.7575,100
child_spatial_s22_odd_even_blocks_b0,38,2,240.0,0.6828449328449329,99
child_spatial_s22_odd_even_blocks_b0,38,3,360.0,0.7325102880658436,99
child_spatial_s22_odd_even_blocks_b0,38,4,480.0,0.5754458161865569,99
child_spatial_s22_odd_even_blocks_b0,38,5,600.0,0.7157064471879286,99
child_spatial_s22_odd_even_blocks_b0,39,0,0.0,0.4959349593495935,50
child_spatial_s22_odd_even_blocks_b0,39,1,120.0,0.525,50
child_spatial_s22_odd_even_blocks_b0,39,2,240.0,0.6347222222222222,49
child_spatial_s22_odd_even_blocks_b0,39,3,360.0,0.5952380952380952,51
child_spatial_s22_odd_even_blocks_b0,39,4,480.0,0.4186991869918699,50
child_spatial_s22_odd_even_blocks_b0,39,5,600.0,0.7042682926829269,49
child_spatial_s22_odd_even_blocks_b0,40,0,0.0,0.5396825396825397,44
child_spatial_s22_odd_even_blocks_b0,40,1,120.0,0.5887499999999999,50
child_spatial_s22_odd_even_blocks_b0,40,2,240.0,0.48366013071895425,43
child_spatial_s22_odd_even_blocks_b0,40,5,600.0,0.46732026143790856,43
child_spatial_s22_odd_even_blocks_b0,41,0,0.0,0.49880382775119614,49
child_spatial_s22_odd_even_blocks_b0,41,1,120.0,0.5174825174825175,50
child_spatial_s22_odd_even_blocks_b0,41,2,240.0,0.4545454545454545,50
child_spatial_s22_odd_even_blocks_b0,41,3,360.0,0.4725609756097561,49
child_spatial_s22_odd_even_blocks_b0,41,4,480.0,0.5625,50
child_spatial_s22_odd_even_blocks_b0,41,5,600.0,0.45499999999999996,50
child_spatial_s22_odd_even_blocks_b0,42,0,0.0,0.6260162601626016,50
child_spatial_s22_odd_even_blocks_b0,42,1,120.0,0.37435897435897436,49
child_spatial_s22_odd_even_blocks_b0,42,2,240.0,0.5152777777777777,49
child_spatial_s22_odd_even_blocks_b0,42,3,360.0,0.46283783783783783,45
child_spatial_s22_odd_even_blocks_b0,42,4,480.0,0.3,50
child_spatial_s22_odd_even_blocks_b0,42,5,600.0,0.30714285714285716,43
child_spatial_s22_odd_even_blocks_b0,43,0,0.0,0.5555555555555556,50
child_spatial_s22_odd_even_blocks_b0,43,1,120.0,0.3435897435897436,49
child_spatial_s22_odd_even_blocks_b0,43,2,240.0,0.6268292682926829,51
child_spatial_s22_odd_even_blocks_b0,43,4,480.0,0.6422764227642276,50
child_spatial_s22_odd_even_blocks_b0,43,5,600.0,0.6859756097560975,49
child_spatial_s22_odd_even_blocks_b0,44,2,240.0,0.5324324324324324,47
child_spatial_s22_odd_even_blocks_b0,44,3,360.0,0.575,49
child_spatial_s22_odd_even_blocks_b0,44,4,480.0,0.49462365591397844,40
child_spatial_s22_odd_even_blocks_b0,44,5,600.0,0.5050675675675675,45
child_spatial_s22_odd_even_blocks_b0,45,0,0.0,0.4993224932249322,100
child_spatial_s22_odd_even_blocks_b0,45,1,120.0,0.588125,100
child_spatial_s22_odd_even_blocks_b0,45,2,240.0,0.6741071428571428,101
child_spatial_s22_odd_even_blocks_b0,45,3,360.0,0.4571917808219178,89
child_spatial_s22_odd_even_blocks_b0,45,4,480.0,0.576171875,80
child_spatial_s22_odd_even_blocks_b0,45,5,600.0,0.46393557422969184,101
child_spatial_s22_odd_even_blocks_b0,46,0,0.0,0.43499999999999994,50
child_spatial_s22_odd_even_blocks_b0,46,1,120.0,0.36666666666666664,39
child_spatial_s22_odd_even_blocks_b0,46,2,240.0,0.4842105263157895,48
child_spatial_s22_odd_even_blocks_b0,46,4,480.0,0.40441176470588236,42
child_spatial_s22_odd_even_blocks_b0,46,5,600.0,0.4391891891891892,45
child_spatial_s22_odd_even_blocks_b0,47,0,0.0,0.5501355013550135,50
child_spatial_s22_odd_even_blocks_b0,47,1,120.0,0.46375,50
child_spatial_s22_odd_even_blocks_b0,47,2,240.0,0.30125,50
child_spatial_s22_odd_even_blocks_b0,47,3,360.0,0.6178861788617886,50
child_spatial_s22_odd_even_blocks_b0,47,4,480.0,0.44,50
child_spatial_s22_odd_even_blocks_b0,47,5,600.0,0.5067750677506775,50
child_spatial_s22_odd_even_blocks_b0,48,0,0.0,0.6481481481481481,48
child_spatial_s22_odd_even_blocks_b0,48,2,240.0,0.5328571428571429,45
child_spatial_s22_odd_even_blocks_b0,48,4,480.0,0.44999999999999996,50
child_spatial_s22_odd_even_blocks_b0,49,0,0.0,0.5555555555555556,50
child_spatial_s22_odd_even_blocks_b0,49,1,120.0,0.4775,50
child_spatial_s22_odd_even_blocks_b0,49,2,240.0,0.52,50
child_spatial_s22_odd_even_blocks_b0,49,3,360.0,0.44345238095238093,50
child_spatial_s22_odd_even_blocks_b0,49,4,480.0,0.5341463414634147,51
child_spatial_s22_odd_even_blocks_b0,49,5,600.0,0.5989159891598915,50
child_spatial_s22_odd_even_blocks_b0,50,2,240.0,0.5571428571428572,43
child_spatial_s22_odd_even_blocks_b0,50,4,480.0,0.5081699346405228,43
child_spatial_s22_odd_even_blocks_b0,50,5,600.0,0.5222222222222223,49
child_spatial_s22_odd_even_blocks_b0,51,0,0.0,0.5338753387533876,100
child_spatial_s22_odd_even_blocks_b0,51,1,120.0,0.5427631578947368,99
child_spatial_s22_odd_even_blocks_b0,51,2,240.0,0.5310427968655816,100
child_spatial_s22_odd_even_blocks_b0,51,3,360.0,0.4342818428184282,100
child_spatial_s22_odd_even_blocks_b0,51,4,480.0,0.510840108401084,100
child_spatial_s22_odd_even_blocks_b0,51,5,600.0,0.5806233062330624,100
child_spatial_s22_odd_even_blocks_b0,52,0,0.0,0.5583333333333333,49
child_spatial_s22_odd_even_blocks_b0,52,1,120.0,0.4440789473684211,46
child_spatial_s22_odd_even_blocks_b0,52,2,240.0,0.3121951219512195,51
child_spatial_s22_odd_even_blocks_b0,52,3,360.0,0.34523809523809523,50
child_spatial_s22_odd_even_blocks_b0,52,4,480.0,0.44499999999999995,50
child_spatial_s22_odd_even_blocks_b0,52,5,600.0,0.37262872628726285,50
child_spatial_s22_odd_even_blocks_b0,53,0,0.0,0.6944444444444444,49
child_spatial_s22_odd_even_blocks_b0,53,1,120.0,0.30500000000000005,50
child_spatial_s22_odd_even_blocks_b0,53,2,240.0,0.3162393162393162,48
child_spatial_s22_odd_even_blocks_b0,53,3,360.0,0.6666666666666666,51
child_spatial_s22_odd_even_blocks_b0,53,4,480.0,0.245,50
child_spatial_s22_odd_even_blocks_b0,53,5,600.0,0.35327635327635326,48
child_spatial_s22_odd_even_blocks_b0,54,0,0.0,0.34417344173441733,50
child_spatial_s22_odd_even_blocks_b0,54,1,120.0,0.5075000000000001,50
child_spatial_s22_odd_even_blocks_b0,54,2,240.0,0.6341463414634146,51
child_spatial_s22_odd_even_blocks_b0,54,3,360.0,0.7280701754385964,47
child_spatial_s22_odd_even_blocks_b0,54,4,480.0,0.4083333333333333,49
child_spatial_s22_odd_even_blocks_b0,54,5,600.0,0.3170731707317073,49
child_spatial_s22_odd_even_blocks_b0,56,0,0.0,0.5025641025641026,49
child_spatial_s22_odd_even_blocks_b0,56,1,120.0,0.4486111111111112,49
child_spatial_s22_odd_even_blocks_b0,56,2,240.0,0.45249999999999996,50
child_spatial_s22_odd_even_blocks_b0,56,3,360.0,0.57375,50
child_spatial_s22_odd_even_blocks_b0,56,4,480.0,0.5745257452574526,50
child_spatial_s22_odd_even_blocks_b0,56,5,600.0,0.6558265582655827,50
child_spatial_s22_odd_even_blocks_b0,57,0,0.0,0.7100271002710027,50
child_spatial_s22_odd_even_blocks_b0,57,1,120.0,0.33076923076923076,49
child_spatial_s22_odd_even_blocks_b0,57,2,240.0,0.65,50
child_spatial_s22_odd_even_blocks_b0,57,3,360.0,0.6507936507936508,51
child_spatial_s22_odd_even_blocks_b0,57,4,480.0,0.5338753387533874,50
child_spatial_s22_odd_even_blocks_b0,57,5,600.0,0.5805555555555555,49
child_spatial_s22_odd_even_blocks_b0,58,0,0.0,0.4281842818428184,50
child_spatial_s22_odd_even_blocks_b0,58,1,120.0,0.5447368421052632,48
child_spatial_s22_odd_even_blocks_b0,58,2,240.0,0.54625,50
child_spatial_s22_odd_even_blocks_b0,58,3,360.0,0.4176829268292683,49
child_spatial_s22_odd_even_blocks_b0,58,4,480.0,0.595945945945946,47
child_spatial_s22_odd_even_blocks_b0,59,0,0.0,0.6165980795610425,99
child_spatial_s22_odd_even_blocks_b0,59,1,120.0,0.555,100
child_spatial_s22_odd_even_blocks_b0,59,2,240.0,0.4863013698630137,90
child_spatial_s22_odd_even_blocks_b0,59,3,360.0,0.5451858108108107,90
child_spatial_s22_odd_even_blocks_b0,59,4,480.0,0.6070853462157809,87
child_spatial_s22_odd_even_blocks_b0,59,5,600.0,0.479606188466948,97
child_spatial_s22_odd_even_blocks_b0,61,0,0.0,0.505,50
child_spatial_s22_odd_even_blocks_b0,61,1,120.0,0.43875,50
child_spatial_s22_odd_even_blocks_b0,61,2,240.0,0.40625,50
child_spatial_s22_odd_even_blocks_b0,61,3,360.0,0.6190476190476191,51
child_spatial_s22_odd_even_blocks_b0,61,4,480.0,0.4763157894736842,48
child_spatial_s22_odd_even_blocks_b0,62,0,0.0,0.7368421052631579,47
child_spatial_s22_odd_even_blocks_b0,62,1,120.0,0.6621621621621622,47
child_spatial_s22_odd_even_blocks_b0,62,2,240.0,0.5282051282051281,49
child_spatial_s22_odd_even_blocks_b0,62,4,480.0,0.7177177177177176,46
child_spatial_s22_odd_even_blocks_b0,62,5,600.0,0.613960113960114,48
child_spatial_s22_odd_even_blocks_b0,63,1,120.0,0.5925,50
child_spatial_s22_odd_even_blocks_b0,63,2,240.0,0.43993993993993996,46
child_spatial_s22_odd_even_blocks_b0,63,3,360.0,0.3902116402116402,51
child_spatial_s22_odd_even_blocks_b0,63,4,480.0,0.5261437908496732,43
child_spatial_s22_odd_even_blocks_b0,63,5,600.0,0.6066066066066066,46
child_spatial_s22_odd_even_blocks_b0,64,1,120.0,0.6333333333333333,49
child_spatial_s22_odd_even_blocks_b0,64,2,240.0,0.5157894736842106,48
child_spatial_s22_odd_even_blocks_b0,64,3,360.0,0.4688346883468834,50
child_spatial_s22_odd_even_blocks_b0,64,4,480.0,0.6462500000000001,50
child_spatial_s22_odd_even_blocks_b0,64,5,600.0,0.7154471544715447,50
child_spatial_s22_odd_even_blocks_b0,65,0,0.0,0.722972972972973,45
child_spatial_s22_odd_even_blocks_b0,65,1,120.0,0.5700000000000001,50
child_spatial_s22_odd_even_blocks_b0,65,2,240.0,0.6,51
child_spatial_s22_odd_even_blocks_b0,65,3,360.0,0.503125,48
child_spatial_s22_odd_even_blocks_b0,65,4,480.0,0.55625,50
child_spatial_s22_odd_even_blocks_b0,65,5,600.0,0.6219512195121951,50
child_spatial_s22_odd_even_blocks_b0,66,0,0.0,0.5158730158730158,44
child_spatial_s22_odd_even_blocks_b0,66,1,120.0,0.4653846153846154,49
child_spatial_s22_odd_even_blocks_b0,66,2,240.0,0.7026315789473685,48
child_spatial_s22_odd_even_blocks_b0,66,5,600.0,0.525,50
child_spatial_s22_odd_even_blocks_b0,67,0,0.0,0.6013888888888889,49
child_spatial_s22_odd_even_blocks_b0,67,1,120.0,0.3858974358974359,49
child_spatial_s22_odd_even_blocks_b0,67,2,240.0,0.5011363636363637,51
child_spatial_s22_odd_even_blocks_b0,67,3,360.0,0.5338753387533876,50
child_spatial_s22_odd_even_blocks_b0,67,4,480.0,0.5204678362573099,47
child_spatial_s22_odd_even_blocks_b0,67,5,600.0,0.6504065040650406,50
child_spatial_s22_odd_even_blocks_b0,68,4,480.0,0.3625,38
child_spatial_s22_odd_even_blocks_b0,68,5,600.0,0.3333333333333333,44
child_spatial_s22_odd_even_blocks_b0,69,0,0.0,0.5064102564102564,49
child_spatial_s22_odd_even_blocks_b0,69,1,120.0,0.3175,50
child_spatial_s22_odd_even_blocks_b0,69,2,240.0,0.46625000000000005,50
child_spatial_s22_odd_even_blocks_b0,69,3,360.0,0.6097560975609757,50
child_spatial_s22_odd_even_blocks_b0,69,4,480.0,0.2375,48
child_spatial_s22_odd_even_blocks_b0,69,5,600.0,0.22368421052631576,47
child_spatial_s22_odd_even_blocks_b0,70,0,0.0,0.545,50
child_spatial_s22_odd_even_blocks_b0,70,1,120.0,0.35842293906810035,40
child_spatial_s22_odd_even_blocks_b0,70,4,480.0,0.3787878787878788,41
child_spatial_s22_odd_even_blocks_b0,70,5,600.0,0.6333333333333333,38
child_spatial_s22_odd_even_blocks_b0,71,0,0.0,0.5230352303523035,50
child_spatial_s22_odd_even_blocks_b0,71,1,120.0,0.5725,50
child_spatial_s22_odd_even_blocks_b0,71,2,240.0,0.4401913875598086,49
child_spatial_s22_odd_even_blocks_b0,71,3,360.0,0.7195767195767195,51
child_spatial_s22_odd_even_blocks_b0,71,5,600.0,0.3931623931623931,48
child_spatial_s22_odd_even_blocks_b0,72,3,360.0,0.2939189189189189,45
child_spatial_s22_odd_even_blocks_b0,72,4,480.0,0.4678362573099415,47
child_spatial_s22_odd_even_blocks_b1,0,1,120.0,0.6775,50
child_spatial_s22_odd_even_blocks_b1,0,2,240.0,0.33730158730158727,37
child_spatial_s22_odd_even_blocks_b1,0,3,360.0,0.3194444444444444,41
child_spatial_s22_odd_even_blocks_b1,0,4,480.0,0.5098039215686274,43
child_spatial_s22_odd_even_blocks_b1,0,5,600.0,0.5731707317073171,50
child_spatial_s22_odd_even_blocks_b1,1,0,0.0,0.46689497716894973,97
child_spatial_s22_odd_even_blocks_b1,1,1,120.0,0.3878726287262873,100
child_spatial_s22_odd_even_blocks_b1,1,2,240.0,0.46124999999999994,100
child_spatial_s22_odd_even_blocks_b1,1,3,360.0,0.4365625,100
child_spatial_s22_odd_even_blocks_b1,1,4,480.0,0.4703703703703703,101
child_spatial_s22_odd_even_blocks_b1,1,5,600.0,0.5459693537641572,98
child_spatial_s22_odd_even_blocks_b1,1,6,720.0,0.39876543209876547,101
child_spatial_s22_odd_even_blocks_b1,2,0,0.0,0.45454545454545453,46
child_spatial_s22_odd_even_blocks_b1,2,1,120.0,0.565359477124183,43
child_spatial_s22_odd_even_blocks_b1,2,2,240.0,0.6535626535626535,48
child_spatial_s22_odd_even_blocks_b1,2,3,360.0,0.7841269841269841,44
child_spatial_s22_odd_even_blocks_b1,2,4,480.0,0.44781144781144777,42
child_spatial_s22_odd_even_blocks_b1,2,5,600.0,0.5060606060606061,43
child_spatial_s22_odd_even_blocks_b1,2,6,720.0,0.4861111111111111,45
child_spatial_s22_odd_even_blocks_b1,3,0,0.0,0.5798525798525798,48
child_spatial_s22_odd_even_blocks_b1,3,1,120.0,0.6361111111111112,49
child_spatial_s22_odd_even_blocks_b1,3,2,240.0,0.5650000000000001,50
child_spatial_s22_odd_even_blocks_b1,3,3,360.0,0.5162500000000001,50
child_spatial_s22_odd_even_blocks_b1,3,4,480.0,0.5975609756097562,51
child_spatial_s22_odd_even_blocks_b1,3,5,600.0,0.4625,50
child_spatial_s22_odd_even_blocks_b1,3,6,720.0,0.4280487804878049,51
child_spatial_s22_odd_even_blocks_b1,4,0,0.0,0.5474537037037037,96
child_spatial_s22_odd_even_blocks_b1,4,1,120.0,0.620625,100
child_spatial_s22_odd_even_blocks_b1,4,2,240.0,0.6195395513577332,99
child_spatial_s22_odd_even_blocks_b1,4,3,360.0,0.6121710526315789,99
child_spatial_s22_odd_even_blocks_b1,4,4,480.0,0.483125,100
child_spatial_s22_odd_even_blocks_b1,4,5,600.0,0.5255255255255256,92
child_spatial_s22_odd_even_blocks_b1,4,6,720.0,0.43231707317073176,102
child_spatial_s22_odd_even_blocks_b1,5,0,0.0,0.4528508771929825,50
child_spatial_s22_odd_even_blocks_b1,5,1,120.0,0.27249999999999996,50
child_spatial_s22_odd_even_blocks_b1,5,2,240.0,0.51,50
child_spatial_s22_odd_even_blocks_b1,5,3,360.0,0.58125,50
child_spatial_s22_odd_even_blocks_b1,5,4,480.0,0.44499999999999995,50
child_spatial_s22_odd_even_blocks_b1,5,5,600.0,0.5475000000000001,50
child_spatial_s22_odd_even_blocks_b1,5,6,720.0,0.4512195121951219,51
child_spatial_s22_odd_even_blocks_b1,6,0,0.0,0.40401785714285715,36
child_spatial_s22_odd_even_blocks_b1,6,1,120.0,0.5113636363636364,41
child_spatial_s22_odd_even_blocks_b1,6,2,240.0,0.5151515151515151,42
child_spatial_s22_odd_even_blocks_b1,6,3,360.0,0.445,50
child_spatial_s22_odd_even_blocks_b1,6,4,480.0,0.3678571428571428,43
child_spatial_s22_odd_even_blocks_b1,6,6,720.0,0.4625,43
child_spatial_s22_odd_even_blocks_b1,8,0,0.0,0.4057017543859649,50
child_spatial_s22_odd_even_blocks_b1,8,1,120.0,0.3956639566395663,50
child_spatial_s22_odd_even_blocks_b1,8,2,240.0,0.5771428571428572,45
child_spatial_s22_odd_even_blocks_b1,8,3,360.0,0.5268065268065267,50
child_spatial_s22_odd_even_blocks_b1,8,4,480.0,0.6710526315789473,48
child_spatial_s22_odd_even_blocks_b1,8,5,600.0,0.435,50
child_spatial_s22_odd_even_blocks_b1,8,6,720.0,0.6283783783783784,45
child_spatial_s22_odd_even_blocks_b1,10,0,0.0,0.45721925133689834,45
child_spatial_s22_odd_even_blocks_b1,10,1,120.0,0.43,50
child_spatial_s22_odd_even_blocks_b1,10,2,240.0,0.5059808612440191,49
child_spatial_s22_odd_even_blocks_b1,10,3,360.0,0.348780487804878,51
child_spatial_s22_odd_even_blocks_b1,10,4,480.0,0.6573170731707317,51
child_spatial_s22_odd_even_blocks_b1,10,5,600.0,0.34750000000000003,50
child_spatial_s22_odd_even_blocks_b1,10,6,720.0,0.5658536585365854,51
child_spatial_s22_odd_even_blocks_b1,11,0,0.0,0.518918918918919,47
child_spatial_s22_odd_even_blocks_b1,11,1,120.0,0.5727272727272728,43
child_spatial_s22_odd_even_blocks_b1,11,2,240.0,0.5179425837320574,49
child_spatial_s22_odd_even_blocks_b1,11,3,360.0,0.36124999999999996,50
child_spatial_s22_odd_even_blocks_b1,11,4,480.0,0.5650000000000001,50
child_spatial_s22_odd_even_blocks_b1,11,5,600.0,0.45499999999999996,50
child_spatial_s22_odd_even_blocks_b1,12,0,0.0,0.4407894736842105,50
child_spatial_s22_odd_even_blocks_b1,12,1,120.0,0.4769647696476965,50
child_spatial_s22_odd_even_blocks_b1,12,2,240.0,0.4925,50
child_spatial_s22_odd_even_blocks_b1,12,3,360.0,0.5954545454545455,51
child_spatial_s22_odd_even_blocks_b1,12,4,480.0,0.541025641025641,49
child_spatial_s22_odd_even_blocks_b1,12,5,600.0,0.31,50
child_spatial_s22_odd_even_blocks_b1,12,6,720.0,0.4078947368421053,46
child_spatial_s22_odd_even_blocks_b1,13,0,0.0,0.5175438596491229,50
child_spatial_s22_odd_even_blocks_b1,13,1,120.0,0.3956639566395663,50
child_spatial_s22_odd_even_blocks_b1,13,2,240.0,0.63,50
child_spatial_s22_odd_even_blocks_b1,13,3,360.0,0.51625,50
child_spatial_s22_odd_even_blocks_b1,13,4,480.0,0.41500000000000004,50
child_spatial_s22_odd_even_blocks_b1,13,5,600.0,0.6409090909090909,51
child_spatial_s22_odd_even_blocks_b1,13,6,720.0,0.38249999999999995,50
child_spatial_s22_odd_even_blocks_b1,14,0,0.0,0.551975051975052,50
child_spatial_s22_odd_even_blocks_b1,14,1,120.0,0.4425,50
child_spatial_s22_odd_even_blocks_b1,14,2,240.0,0.5151515151515151,50
child_spatial_s22_odd_even_blocks_b1,14,3,360.0,0.3157894736842105,47
child_spatial_s22_odd_even_blocks_b1,14,4,480.0,0.4799999999999999,50
child_spatial_s22_odd_even_blocks_b1,14,5,600.0,0.4425,50
child_spatial_s22_odd_even_blocks_b1,14,6,720.0,0.5921052631578947,48
child_spatial_s22_odd_even_blocks_b1,15,0,0.0,0.5445344129554657,51
child_spatial_s22_odd_even_blocks_b1,15,1,120.0,0.4621212121212121,41
child_spatial_s22_odd_even_blocks_b1,15,2,240.0,0.4673202614379085,43
child_spatial_s22_odd_even_blocks_b1,15,3,360.0,0.44749999999999995,50
child_spatial_s22_odd_even_blocks_b1,15,4,480.0,0.385,50
child_spatial_s22_odd_even_blocks_b1,15,5,600.0,0.6025,50
child_spatial_s22_odd_even_blocks_b1,15,6,720.0,0.4634920634920635,44
child_spatial_s22_odd_even_blocks_b1,16,0,0.0,0.45614035087719307,50
child_spatial_s22_odd_even_blocks_b1,16,1,120.0,0.5960526315789474,48
child_spatial_s22_odd_even_blocks_b1,16,2,240.0,0.385,50
child_spatial_s22_odd_even_blocks_b1,16,3,360.0,0.415,50
child_spatial_s22_odd_even_blocks_b1,16,4,480.0,0.3903133903133903,48
child_spatial_s22_odd_even_blocks_b1,16,5,600.0,0.4513513513513513,47
child_spatial_s22_odd_even_blocks_b1,16,6,720.0,0.63,50
child_spatial_s22_odd_even_blocks_b1,17,0,0.0,0.4965277777777778,41
child_spatial_s22_odd_even_blocks_b1,17,1,120.0,0.6694444444444445,49
child_spatial_s22_odd_even_blocks_b1,17,5,600.0,0.33783783783783783,47
child_spatial_s22_odd_even_blocks_b1,18,0,0.0,0.4009009009009009,49
child_spatial_s22_odd_even_blocks_b1,18,2,240.0,0.6501501501501501,46
child_spatial_s22_odd_even_blocks_b1,18,3,360.0,0.43157894736842106,48
child_spatial_s22_odd_even_blocks_b1,18,4,480.0,0.43658536585365854,51
child_spatial_s22_odd_even_blocks_b1,18,5,600.0,0.5555555555555556,47
child_spatial_s22_odd_even_blocks_b1,18,6,720.0,0.6216931216931216,51
child_spatial_s22_odd_even_blocks_b1,19,0,0.0,0.4078947368421053,50
child_spatial_s22_odd_even_blocks_b1,19,1,120.0,0.37,50
child_spatial_s22_odd_even_blocks_b1,19,2,240.0,0.3871794871794872,49
child_spatial_s22_odd_even_blocks_b1,19,3,360.0,0.49,50
child_spatial_s22_odd_even_blocks_b1,19,4,480.0,0.4975609756097561,51
child_spatial_s22_odd_even_blocks_b1,19,5,600.0,0.5,49
child_spatial_s22_odd_even_blocks_b1,19,6,720.0,0.4092140921409214,50
child_spatial_s22_odd_even_blocks_b1,20,0,0.0,0.4337899543378996,97
child_spatial_s22_odd_even_blocks_b1,20,1,120.0,0.604251012145749,97
child_spatial_s22_odd_even_blocks_b1,20,2,240.0,0.4946657183499289,93
child_spatial_s22_odd_even_blocks_b1,20,3,360.0,0.36981757877280264,85
child_spatial_s22_odd_even_blocks_b1,20,4,480.0,0.5167763157894737,96
child_spatial_s22_odd_even_blocks_b1,20,5,600.0,0.48161499639509736,92
child_spatial_s22_odd_even_blocks_b1,20,6,720.0,0.5709188224799286,78
child_spatial_s22_odd_even_blocks_b1,21,0,0.0,0.6806451612903226,41
child_spatial_s22_odd_even_blocks_b1,21,1,120.0,0.39766081871345027,47
child_spatial_s22_odd_even_blocks_b1,21,2,240.0,0.6246246246246246,46
child_spatial_s22_odd_even_blocks_b1,21,3,360.0,0.493939393939394,43
child_spatial_s22_odd_even_blocks_b1,21,4,480.0,0.5334821428571428,36
child_spatial_s22_odd_even_blocks_b1,21,5,600.0,0.3369175627240143,40
child_spatial_s22_odd_even_blocks_b1,22,0,0.0,0.4514285714285714,50
child_spatial_s22_odd_even_blocks_b1,22,1,120.0,0.4444444444444445,60
child_spatial_s22_odd_even_blocks_b1,22,2,240.0,0.5375,38
child_spatial_s22_odd_even_blocks_b1,22,3,360.0,0.42682926829268286,51
child_spatial_s22_odd_even_blocks_b1,22,4,480.0,0.5,42
child_spatial_s22_odd_even_blocks_b1,22,6,720.0,0.47500000000000003,50
child_spatial_s22_odd_even_blocks_b1,23,0,0.0,0.5393518518518519,48
child_spatial_s22_odd_even_blocks_b1,23,1,120.0,0.5079365079365079,51
child_spatial_s22_odd_even_blocks_b1,23,2,240.0,0.5025,50
child_spatial_s22_odd_even_blocks_b1,23,3,360.0,0.6550116550116549,50
child_spatial_s22_odd_even_blocks_b1,23,4,480.0,0.6646341463414634,51
child_spatial_s22_odd_even_blocks_b1,23,5,600.0,0.5425,50
child_spatial_s22_odd_even_blocks_b1,23,6,720.0,0.4537037037037037,51
child_spatial_s22_odd_even_blocks_b1,24,0,0.0,0.4911111111111111,68
child_spatial_s22_odd_even_blocks_b1,24,1,120.0,0.5308098591549296,87
child_spatial_s22_odd_even_blocks_b1,24,2,240.0,0.46266233766233766,97
child_spatial_s22_odd_even_blocks_b1,24,3,360.0,0.4975845410628019,87
child_spatial_s22_odd_even_blocks_b1,24,4,480.0,0.4382157926461724,100
child_spatial_s22_odd_even_blocks_b1,24,5,600.0,0.44812499999999994,100
child_spatial_s22_odd_even_blocks_b1,24,6,720.0,0.5609756097560976,101
child_spatial_s22_odd_even_blocks_b1,25,0,0.0,0.3684210526315789,75
child_spatial_s22_odd_even_blocks_b1,25,1,120.0,0.46517857142857144,86
child_spatial_s22_odd_even_blocks_b1,25,2,240.0,0.5145569620253164,99
child_spatial_s22_odd_even_blocks_b1,25,3,360.0,0.45614035087719296,88
child_spatial_s22_odd_even_blocks_b1,25,4,480.0,0.5300675675675676,94
child_spatial_s22_odd_even_blocks_b1,25,5,600.0,0.4196078431372549,77
child_spatial_s22_odd_even_blocks_b1,25,6,720.0,0.46068484464172477,102
child_spatial_s22_odd_even_blocks_b1,26,0,0.0,0.44871794871794873,51
child_spatial_s22_odd_even_blocks_b1,26,1,120.0,0.5067750677506775,50
child_spatial_s22_odd_even_blocks_b1,26,2,240.0,0.45875,50
child_spatial_s22_odd_even_blocks_b1,26,3,360.0,0.4189189189189189,45
child_spatial_s22_odd_even_blocks_b1,26,4,480.0,0.44499999999999995,50
child_spatial_s22_odd_even_blocks_b1,26,5,600.0,0.5194444444444444,46
child_spatial_s22_odd_even_blocks_b1,26,6,720.0,0.6195121951219512,51
child_spatial_s22_odd_even_blocks_b1,27,0,0.0,0.4675925925925926,48
child_spatial_s22_odd_even_blocks_b1,27,1,120.0,0.4363143631436315,50
child_spatial_s22_odd_even_blocks_b1,27,2,240.0,0.43750000000000006,50
child_spatial_s22_odd_even_blocks_b1,27,3,360.0,0.54,50
child_spatial_s22_odd_even_blocks_b1,27,4,480.0,0.4421052631578947,48
child_spatial_s22_odd_even_blocks_b1,27,5,600.0,0.5675,50
child_spatial_s22_odd_even_blocks_b1,27,6,720.0,0.6178861788617886,50
child_spatial_s22_odd_even_blocks_b1,30,0,0.0,0.6903353057199211,52
child_spatial_s22_odd_even_blocks_b1,30,1,120.0,0.6682926829268293,51
child_spatial_s22_odd_even_blocks_b1,30,2,240.0,0.4609756097560976,51
child_spatial_s22_odd_even_blocks_b1,30,3,360.0,0.48648648648648657,48
child_spatial_s22_odd_even_blocks_b1,30,4,480.0,0.5048780487804878,51
child_spatial_s22_odd_even_blocks_b1,30,5,600.0,0.4975609756097561,51
child_spatial_s22_odd_even_blocks_b1,30,6,720.0,0.6926829268292684,51
child_spatial_s22_odd_even_blocks_b1,31,0,0.0,0.40773333333333334,100
child_spatial_s22_odd_even_blocks_b1,31,1,120.0,0.5143237841439041,98
child_spatial_s22_odd_even_blocks_b1,31,2,240.0,0.48809523809523814,88
child_spatial_s22_odd_even_blocks_b1,31,3,360.0,0.5787623066104078,97
child_spatial_s22_odd_even_blocks_b1,31,4,480.0,0.4342403628117914,77
child_spatial_s22_odd_even_blocks_b1,31,5,600.0,0.6094771241830066,89
child_spatial_s22_odd_even_blocks_b1,31,6,720.0,0.4685737308622079,90
child_spatial_s22_odd_even_blocks_b1,32,0,0.0,0.6239316239316239,51
child_spatial_s22_odd_even_blocks_b1,32,1,120.0,0.5528455284552846,50
child_spatial_s22_odd_even_blocks_b1,32,2,240.0,0.6975,50
child_spatial_s22_odd_even_blocks_b1,32,3,360.0,0.6375000000000001,50
child_spatial_s22_odd_even_blocks_b1,32,4,480.0,0.43536585365853653,51
child_spatial_s22_odd_even_blocks_b1,32,5,600.0,0.5850000000000001,50
child_spatial_s22_odd_even_blocks_b1,32,6,720.0,0.5634920634920635,51
child_spatial_s22_odd_even_blocks_b1,33,0,0.0,0.5402597402597403,46
child_spatial_s22_odd_even_blocks_b1,33,1,120.0,0.3776315789473684,48
child_spatial_s22_odd_even_blocks_b1,33,2,240.0,0.5524475524475525,50
child_spatial_s22_odd_even_blocks_b1,33,3,360.0,0.31999999999999995,50
child_spatial_s22_odd_even_blocks_b1,33,4,480.0,0.5225,50
child_spatial_s22_odd_even_blocks_b1,33,5,600.0,0.41025641025641024,50
child_spatial_s22_odd_even_blocks_b1,33,6,720.0,0.5140625,48
child_spatial_s22_odd_even_blocks_b1,34,0,0.0,0.5608974358974359,51
child_spatial_s22_odd_even_blocks_b1,34,1,120.0,0.3875,50
child_spatial_s22_odd_even_blocks_b1,34,2,240.0,0.6352272727272728,51
child_spatial_s22_odd_even_blocks_b1,34,3,360.0,0.2963414634146342,51
child_spatial_s22_odd_even_blocks_b1,34,4,480.0,0.5146341463414634,51
child_spatial_s22_odd_even_blocks_b1,34,5,600.0,0.3775,50
child_spatial_s22_odd_even_blocks_b1,34,6,720.0,0.465,50
child_spatial_s22_odd_even_blocks_b1,35,0,0.0,0.4459459459459459,49
child_spatial_s22_odd_even_blocks_b1,35,2,240.0,0.51,50
child_spatial_s22_odd_even_blocks_b1,35,3,360.0,0.3236842105263158,48
child_spatial_s22_odd_even_blocks_b1,35,4,480.0,0.4275,50
child_spatial_s22_odd_even_blocks_b1,35,5,600.0,0.508108108108108,47
child_spatial_s22_odd_even_blocks_b1,35,6,720.0,0.4027027027027027,47
child_spatial_s22_odd_even_blocks_b1,36,0,0.0,0.33373205741626794,49
child_spatial_s22_odd_even_blocks_b1,36,1,120.0,0.3819444444444444,44
child_spatial_s22_odd_even_blocks_b1,36,3,360.0,0.5757575757575757,50
child_spatial_s22_odd_even_blocks_b1,36,4,480.0,0.4017094017094017,48
child_spatial_s22_odd_even_blocks_b1,36,5,600.0,0.685,50
child_spatial_s22_odd_even_blocks_b1,37,0,0.0,0.6464285714285715,38
child_spatial_s22_odd_even_blocks_b1,37,1,120.0,0.3611111111111111,41
child_spatial_s22_odd_even_blocks_b1,37,2,240.0,0.3541666666666667,38
child_spatial_s22_odd_even_blocks_b1,37,3,360.0,0.5416666666666667,37
child_spatial_s22_odd_even_blocks_b1,37,4,480.0,0.5875,38
child_spatial_s22_odd_even_blocks_b1,37,5,600.0,0.3355263157894737,46
child_spatial_s22_odd_even_blocks_b1,38,0,0.0,0.4800101214574899,102
child_spatial_s22_odd_even_blocks_b1,38,1,120.0,0.4936708860759494,97
child_spatial_s22_odd_even_blocks_b1,38,2,240.0,0.49206349206349204,99
child_spatial_s22_odd_even_blocks_b1,38,3,360.0,0.6024691358024692,101
child_spatial_s22_odd_even_blocks_b1,38,4,480.0,0.5606707317073171,102
child_spatial_s22_odd_even_blocks_b1,38,5,600.0,0.6000000000000001,99
child_spatial_s22_odd_even_blocks_b1,38,6,720.0,0.5553125,100
child_spatial_s22_odd_even_blocks_b1,39,0,0.0,0.5160256410256411,51
child_spatial_s22_odd_even_blocks_b1,39,1,120.0,0.5203252032520325,50
child_spatial_s22_odd_even_blocks_b1,39,2,240.0,0.38375,50
child_spatial_s22_odd_even_blocks_b1,39,3,360.0,0.46341463414634143,51
child_spatial_s22_odd_even_blocks_b1,39,4,480.0,0.6865853658536586,51
child_spatial_s22_odd_even_blocks_b1,39,5,600.0,0.4175,50
child_spatial_s22_odd_even_blocks_b1,39,6,720.0,0.4060975609756098,51
child_spatial_s22_odd_even_blocks_b1,40,0,0.0,0.37419354838709673,41
child_spatial_s22_odd_even_blocks_b1,40,6,720.0,0.4411764705882352,42
child_spatial_s22_odd_even_blocks_b1,41,1,120.0,0.54,50
child_spatial_s22_odd_even_blocks_b1,41,2,240.0,0.2845528455284553,50
child_spatial_s22_odd_even_blocks_b1,41,3,360.0,0.5305555555555556,49
child_spatial_s22_odd_even_blocks_b1,41,4,480.0,0.37777777777777777,49
child_spatial_s22_odd_even_blocks_b1,41,5,600.0,0.45933014354066987,49
child_spatial_s22_odd_even_blocks_b1,41,6,720.0,0.3684210526315789,49
child_spatial_s22_odd_even_blocks_b1,42,0,0.0,0.6160287081339714,49
child_spatial_s22_odd_even_blocks_b1,42,1,120.0,0.4214092140921409,50
child_spatial_s22_odd_even_blocks_b1,42,2,240.0,0.3833333333333333,49
child_spatial_s22_odd_even_blocks_b1,42,3,360.0,0.6333333333333333,49
child_spatial_s22_odd_even_blocks_b1,42,4,480.0,0.45749999999999996,50
child_spatial_s22_odd_even_blocks_b1,42,5,600.0,0.5375,50
child_spatial_s22_odd_even_blocks_b1,42,6,720.0,0.7371273712737128,50
child_spatial_s22_odd_even_blocks_b1,43,0,0.0,0.4305555555555556,49
child_spatial_s22_odd_even_blocks_b1,43,1,120.0,0.5907859078590785,50
child_spatial_s22_odd_even_blocks_b1,43,2,240.0,0.6027777777777777,49
child_spatial_s22_odd_even_blocks_b1,43,3,360.0,0.3121951219512195,51
child_spatial_s22_odd_even_blocks_b1,43,4,480.0,0.35853658536585364,51
child_spatial_s22_odd_even_blocks_b1,43,5,600.0,0.5056980056980057,48
child_spatial_s22_odd_even_blocks_b1,43,6,720.0,0.5138888888888888,49
child_spatial_s22_odd_even_blocks_b1,44,0,0.0,0.4842342342342342,49
child_spatial_s22_odd_even_blocks_b1,44,2,240.0,0.5,41
child_spatial_s22_odd_even_blocks_b1,44,3,360.0,0.6714285714285715,43
child_spatial_s22_odd_even_blocks_b1,44,5,600.0,0.537037037037037,35
child_spatial_s22_odd_even_blocks_b1,44,6,720.0,0.5257452574525745,50
child_spatial_s22_odd_even_blocks_b1,45,0,0.0,0.6133069828722002,89
child_spatial_s22_odd_even_blocks_b1,45,1,120.0,0.31026640675763484,100
child_spatial_s22_odd_even_blocks_b1,45,2,240.0,0.5327767470624614,98
child_spatial_s22_odd_even_blocks_b1,45,3,360.0,0.5573717948717949,98
child_spatial_s22_odd_even_blocks_b1,45,4,480.0,0.4861845972957084,102
child_spatial_s22_odd_even_blocks_b1,45,5,600.0,0.45288326300984527,97
child_spatial_s22_odd_even_blocks_b1,45,6,720.0,0.4609756097560976,102
child_spatial_s22_odd_even_blocks_b1,46,0,0.0,0.5023809523809524,47
child_spatial_s22_odd_even_blocks_b1,46,2,240.0,0.48918918918918913,47
child_spatial_s22_odd_even_blocks_b1,46,3,360.0,0.6060975609756097,51
child_spatial_s22_odd_even_blocks_b1,46,4,480.0,0.3766666666666667,40
child_spatial_s22_odd_even_blocks_b1,46,6,720.0,0.4222222222222222,49
child_spatial_s22_odd_even_blocks_b1,47,0,0.0,0.4946581196581197,51
child_spatial_s22_odd_even_blocks_b1,47,1,120.0,0.5040650406504065,50
child_spatial_s22_odd_even_blocks_b1,47,2,240.0,0.49250000000000005,50
child_spatial_s22_odd_even_blocks_b1,47,3,360.0,0.46625000000000005,50
child_spatial_s22_odd_even_blocks_b1,47,4,480.0,0.49375,50
child_spatial_s22_odd_even_blocks_b1,47,5,600.0,0.5585365853658537,51
child_spatial_s22_odd_even_blocks_b1,47,6,720.0,0.6260162601626016,50
child_spatial_s22_odd_even_blocks_b1,48,0,0.0,0.4711934156378601,36
child_spatial_s22_odd_even_blocks_b1,48,1,120.0,0.5208333333333334,46
child_spatial_s22_odd_even_blocks_b1,48,3,360.0,0.39999999999999997,51
child_spatial_s22_odd_even_blocks_b1,48,4,480.0,0.43137254901960786,43
child_spatial_s22_odd_even_blocks_b1,49,0,0.0,0.27027027027027023,46
child_spatial_s22_odd_even_blocks_b1,49,1,120.0,0.4878048780487805,50
child_spatial_s22_odd_even_blocks_b1,49,2,240.0,0.52125,50
child_spatial_s22_odd_even_blocks_b1,49,3,360.0,0.4219512195121951,51
child_spatial_s22_odd_even_blocks_b1,49,4,480.0,0.6695121951219513,51
child_spatial_s22_odd_even_blocks_b1,49,5,600.0,0.44000000000000006,50
child_spatial_s22_odd_even_blocks_b1,49,6,720.0,0.6829268292682926,50
child_spatial_s22_odd_even_blocks_b1,50,0,0.0,0.4482758620689655,39
child_spatial_s22_odd_even_blocks_b1,50,2,240.0,0.46296296296296297,33
child_spatial_s22_odd_even_blocks_b1,50,4,480.0,0.6525000000000001,50
child_spatial_s22_odd_even_blocks_b1,50,6,720.0,0.4847560975609756,49
child_spatial_s22_odd_even_blocks_b1,51,0,0.0,0.41483025610482427,96
child_spatial_s22_odd_even_blocks_b1,51,1,120.0,0.51591942820013,100
child_spatial_s22_odd_even_blocks_b1,51,2,240.0,0.47,100
child_spatial_s22_odd_even_blocks_b1,51,3,360.0,0.5676666666666668,95
child_spatial_s22_odd_even_blocks_b1,51,4,480.0,0.4364197530864198,101
child_spatial_s22_odd_even_blocks_b1,51,5,600.0,0.4123917388407728,98
child_spatial_s22_odd_even_blocks_b1,51,6,720.0,0.4346978557504873,100
child_spatial_s22_odd_even_blocks_b1,52,0,0.0,0.6193693693693694,49
child_spatial_s22_odd_even_blocks_b1,52,1,120.0,0.48509485094850946,50
child_spatial_s22_odd_even_blocks_b1,52,2,240.0,0.42,50
child_spatial_s22_odd_even_blocks_b1,52,3,360.0,0.5011655011655012,50
child_spatial_s22_odd_even_blocks_b1,52,4,480.0,0.5585365853658537,51
child_spatial_s22_odd_even_blocks_b1,52,5,600.0,0.676923076923077,49
child_spatial_s22_odd_even_blocks_b1,52,6,720.0,0.3387533875338753,50
child_spatial_s22_odd_even_blocks_b1,53,0,0.0,0.49480249480249483,50
child_spatial_s22_odd_even_blocks_b1,53,1,120.0,0.5,50
child_spatial_s22_odd_even_blocks_b1,53,2,240.0,0.71,50
child_spatial_s22_odd_even_blocks_b1,53,3,360.0,0.36250000000000004,50
child_spatial_s22_odd_even_blocks_b1,53,4,480.0,0.39999999999999997,50
child_spatial_s22_odd_even_blocks_b1,53,5,600.0,0.4842105263157894,48
child_spatial_s22_odd_even_blocks_b1,53,6,720.0,0.598611111111111,49
child_spatial_s22_odd_even_blocks_b1,54,0,0.0,0.5060728744939271,51
child_spatial_s22_odd_even_blocks_b1,54,1,120.0,0.6775,50
child_spatial_s22_odd_even_blocks_b1,54,2,240.0,0.5125,50
child_spatial_s22_odd_even_blocks_b1,54,3,360.0,0.6499999999999999,51
child_spatial_s22_odd_even_blocks_b1,54,4,480.0,0.5861111111111111,49
child_spatial_s22_odd_even_blocks_b1,54,5,600.0,0.6192411924119241,50
child_spatial_s22_odd_even_blocks_b1,54,6,720.0,0.45365853658536587,51
child_spatial_s22_odd_even_blocks_b1,56,0,0.0,0.44534412955465585,51
child_spatial_s22_odd_even_blocks_b1,56,1,120.0,0.627371273712737,50
child_spatial_s22_odd_even_blocks_b1,56,2,240.0,0.6425,50
child_spatial_s22_odd_even_blocks_b1,56,3,360.0,0.5081585081585082,50
child_spatial_s22_odd_even_blocks_b1,56,4,480.0,0.42953929539295393,50
child_spatial_s22_odd_even_blocks_b1,56,5,600.0,0.36750000000000005,50
child_spatial_s22_odd_even_blocks_b1,56,6,720.0,0.4670731707317073,51
child_spatial_s22_odd_even_blocks_b1,57,0,0.0,0.47874493927125505,51
child_spatial_s22_odd_even_blocks_b1,57,1,120.0,0.44715447154471544,50
child_spatial_s22_odd_even_blocks_b1,57,2,240.0,0.51125,50
child_spatial_s22_odd_even_blocks_b1,57,3,360.0,0.395,50
child_spatial_s22_odd_even_blocks_b1,57,4,480.0,0.275,50
child_spatial_s22_odd_even_blocks_b1,57,5,600.0,0.55,50
child_spatial_s22_odd_even_blocks_b1,57,6,720.0,0.6853658536585365,51
child_spatial_s22_odd_even_blocks_b1,58,0,0.0,0.5585585585585585,49
child_spatial_s22_odd_even_blocks_b1,58,1,120.0,0.5564102564102564,49
child_spatial_s22_odd_even_blocks_b1,58,2,240.0,0.5765550239234449,49
child_spatial_s22_odd_even_blocks_b1,58,3,360.0,0.48648648648648646,47
child_spatial_s22_odd_even_blocks_b1,58,4,480.0,0.3513157894736842,48
child_spatial_s22_odd_even_blocks_b1,58,5,600.0,0.47625,50
child_spatial_s22_odd_even_blocks_b1,59,0,0.0,0.3497368421052632,101
child_spatial_s22_odd_even_blocks_b1,59,1,120.0,0.39573617588274485,98
child_spatial_s22_odd_even_blocks_b1,59,2,240.0,0.4514285714285714,96
child_spatial_s22_odd_even_blocks_b1,59,3,360.0,0.4110243055555556,82
child_spatial_s22_odd_even_blocks_b1,59,4,480.0,0.4657534246575343,91
child_spatial_s22_odd_even_blocks_b1,59,5,600.0,0.45791855203619913,82
child_spatial_s22_odd_even_blocks_b1,59,6,720.0,0.45149017121116036,102
child_spatial_s22_odd_even_blocks_b1,61,0,0.0,0.5384615384615384,51
child_spatial_s22_odd_even_blocks_b1,61,1,120.0,0.4711538461538462,47
child_spatial_s22_odd_even_blocks_b1,61,2,240.0,0.45270270270270274,47
child_spatial_s22_odd_even_blocks_b1,61,3,360.0,0.45799457994579945,50
child_spatial_s22_odd_even_blocks_b1,61,4,480.0,0.625,38
child_spatial_s22_odd_even_blocks_b1,61,5,600.0,0.47916666666666663,41
child_spatial_s22_odd_even_blocks_b1,61,6,720.0,0.6006006006006006,46
child_spatial_s22_odd_even_blocks_b1,62,0,0.0,0.5406698564593301,49
child_spatial_s22_odd_even_blocks_b1,62,2,240.0,0.5151515151515151,42
child_spatial_s22_odd_even_blocks_b1,62,3,360.0,0.547911547911548,48
child_spatial_s22_odd_even_blocks_b1,62,4,480.0,0.6015873015873014,44
child_spatial_s22_odd_even_blocks_b1,62,5,600.0,0.5138888888888888,46
child_spatial_s22_odd_even_blocks_b1,62,6,720.0,0.4242424242424242,42
child_spatial_s22_odd_even_blocks_b1,63,0,0.0,0.5558823529411765,44
child_spatial_s22_odd_even_blocks_b1,63,1,120.0,0.4932249322493225,50
child_spatial_s22_odd_even_blocks_b1,63,2,240.0,0.4846153846153846,49
child_spatial_s22_odd_even_blocks_b1,63,3,360.0,0.45499999999999996,50
child_spatial_s22_odd_even_blocks_b1,63,4,480.0,0.5381944444444444,44
child_spatial_s22_odd_even_blocks_b1,63,5,600.0,0.56640625,40
child_spatial_s22_odd_even_blocks_b1,63,6,720.0,0.45321637426900585,47
child_spatial_s22_odd_even_blocks_b1,64,0,0.0,0.41885964912280704,50
child_spatial_s22_odd_even_blocks_b1,64,1,120.0,0.5718157181571815,50
child_spatial_s22_odd_even_blocks_b1,64,2,240.0,0.4292682926829268,51
child_spatial_s22_odd_even_blocks_b1,64,3,360.0,0.6681681681681682,46
child_spatial_s22_odd_even_blocks_b1,64,4,480.0,0.5536585365853659,51
child_spatial_s22_odd_even_blocks_b1,64,5,600.0,0.40555555555555556,46
child_spatial_s22_odd_even_blocks_b1,64,6,720.0,0.4,51
child_spatial_s22_odd_even_blocks_b1,65,0,0.0,0.5811965811965811,51
child_spatial_s22_odd_even_blocks_b1,65,1,120.0,0.45833333333333326,49
child_spatial_s22_odd_even_blocks_b1,65,2,240.0,0.6087500000000001,50
child_spatial_s22_odd_even_blocks_b1,65,3,360.0,0.4817073170731707,51
child_spatial_s22_odd_even_blocks_b1,65,4,480.0,0.5658536585365854,51
child_spatial_s22_odd_even_blocks_b1,65,5,600.0,0.44249999999999995,50
child_spatial_s22_odd_even_blocks_b1,65,6,720.0,0.415,50
child_spatial_s22_odd_even_blocks_b1,66,0,0.0,0.53,40
child_spatial_s22_odd_even_blocks_b1,66,1,120.0,0.4256410256410257,49
child_spatial_s22_odd_even_blocks_b1,66,2,240.0,0.4236111111111111,41
child_spatial_s22_odd_even_blocks_b1,66,4,480.0,0.44886363636363635,51
child_spatial_s22_odd_even_blocks_b1,66,5,600.0,0.4662004662004662,50
child_spatial_s22_odd_even_blocks_b1,66,6,720.0,0.47530864197530864,45
child_spatial_s22_odd_even_blocks_b1,67,0,0.0,0.31644144144144143,49
child_spatial_s22_odd_even_blocks_b1,67,1,120.0,0.6598915989159891,50
child_spatial_s22_odd_even_blocks_b1,67,2,240.0,0.5049999999999999,50
child_spatial_s22_odd_even_blocks_b1,67,3,360.0,0.39999999999999997,50
child_spatial_s22_odd_even_blocks_b1,67,4,480.0,0.6736596736596736,50
child_spatial_s22_odd_even_blocks_b1,67,5,600.0,0.51875,50
child_spatial_s22_odd_even_blocks_b1,67,6,720.0,0.62,50
child_spatial_s22_odd_even_blocks_b1,68,0,0.0,0.7161290322580646,41
child_spatial_s22_odd_even_blocks_b1,69,0,0.0,0.3925438596491228,50
child_spatial_s22_odd_even_blocks_b1,69,1,120.0,0.3086419753086419,45
child_spatial_s22_odd_even_blocks_b1,69,2,240.0,0.485,50
child_spatial_s22_odd_even_blocks_b1,69,3,360.0,0.31136363636363634,51
child_spatial_s22_odd_even_blocks_b1,69,4,480.0,0.5474358974358974,49
child_spatial_s22_odd_even_blocks_b1,69,5,600.0,0.6100000000000001,50
child_spatial_s22_odd_even_blocks_b1,69,6,720.0,0.38888888888888884,51
child_spatial_s22_odd_even_blocks_b1,70,0,0.0,0.4444444444444444,40
child_spatial_s22_odd_even_blocks_b1,70,1,120.0,0.521484375,40
child_spatial_s22_odd_even_blocks_b1,70,3,360.0,0.38472222222222224,46
child_spatial_s22_odd_even_blocks_b1,70,4,480.0,0.7046783625730995,47
child_spatial_s22_odd_even_blocks_b1,70,6,720.0,0.36328125,40
child_spatial_s22_odd_even_blocks_b1,71,0,0.0,0.4837962962962963,48
child_spatial_s22_odd_even_blocks_b1,71,1,120.0,0.5989159891598916,50
child_spatial_s22_odd_even_blocks_b1,71,2,240.0,0.5378378378378379,47
child_spatial_s22_odd_even_blocks_b1,71,3,360.0,0.41,50
child_spatial_s22_odd_even_blocks_b1,71,4,480.0,0.42788461538461536,34
child_spatial_s22_odd_even_blocks_b1,71,5,600.0,0.2962962962962963,48
child_spatial_s22_odd_even_blocks_b1,71,6,720.0,0.5245535714285714,36
child_spatial_s22_odd_even_blocks_b1,72,2,240.0,0.6271428571428572,45
child_spatial_s22_odd_even_blocks_b1,72,3,360.0,0.44,50
child_spatial_s22_odd_even_blocks_b1,72,4,480.0,0.29814814814814816,39
child_spatial_s33_odd_even_blocks_b0,0,0,0.0,0.2544642857142857,36
child_spatial_s33_odd_even_blocks_b0,0,1,120.0,0.6081871345029239,47
child_spatial_s33_odd_even_blocks_b0,0,2,240.0,0.6352941176470588,44
child_spatial_s33_odd_even_blocks_b0,0,3,360.0,0.55,49
child_spatial_s33_odd_even_blocks_b0,0,4,480.0,0.4921875,42
child_spatial_s33_odd_even_blocks_b0,0,6,720.0,0.4175,50
child_spatial_s33_odd_even_blocks_b0,1,0,0.0,0.5772058823529411,97
child_spatial_s33_odd_even_blocks_b0,1,1,120.0,0.5184374999999999,100
child_spatial_s33_odd_even_blocks_b0,1,2,240.0,0.645021645021645,98
child_spatial_s33_odd_even_blocks_b0,1,3,360.0,0.48597756410256415,94
child_spatial_s33_odd_even_blocks_b0,1,4,480.0,0.5239099859353024,97
child_spatial_s33_odd_even_blocks_b0,1,5,600.0,0.6348238482384825,100
child_spatial_s33_odd_even_blocks_b0,2,0,0.0,0.6111111111111112,44
child_spatial_s33_odd_even_blocks_b0,2,2,240.0,0.6147727272727272,51
child_spatial_s33_odd_even_blocks_b0,2,3,360.0,0.5454545454545454,42
child_spatial_s33_odd_even_blocks_b0,2,5,600.0,0.34523809523809523,37
child_spatial_s33_odd_even_blocks_b0,3,0,0.0,0.5853658536585367,50
child_spatial_s33_odd_even_blocks_b0,3,1,120.0,0.3644736842105263,48
child_spatial_s33_odd_even_blocks_b0,3,2,240.0,0.5545454545454546,51
child_spatial_s33_odd_even_blocks_b0,3,3,360.0,0.4338624338624339,51
child_spatial_s33_odd_even_blocks_b0,3,4,480.0,0.5365853658536586,50
child_spatial_s33_odd_even_blocks_b0,3,5,600.0,0.4227642276422764,50
child_spatial_s33_odd_even_blocks_b0,4,0,0.0,0.6212737127371274,100
child_spatial_s33_odd_even_blocks_b0,4,1,120.0,0.6631578947368422,96
child_spatial_s33_odd_even_blocks_b0,4,2,240.0,0.5746575342465753,93
child_spatial_s33_odd_even_blocks_b0,4,3,360.0,0.4918300653594771,89
child_spatial_s33_odd_even_blocks_b0,4,4,480.0,0.5633903133903134,96
child_spatial_s33_odd_even_blocks_b0,4,5,600.0,0.5414951989026063,99
child_spatial_s33_odd_even_blocks_b0,5,0,0.0,0.6273712737127372,50
child_spatial_s33_odd_even_blocks_b0,5,1,120.0,0.605,50
child_spatial_s33_odd_even_blocks_b0,5,2,240.0,0.3512820512820513,49
child_spatial_s33_odd_even_blocks_b0,5,3,360.0,0.4629629629629629,51
child_spatial_s33_odd_even_blocks_b0,5,4,480.0,0.586894586894587,48
child_spatial_s33_odd_even_blocks_b0,5,5,600.0,0.3835978835978836,51
child_spatial_s33_odd_even_blocks_b0,6,1,120.0,0.3952205882352941,42
child_spatial_s33_odd_even_blocks_b0,6,2,240.0,0.46153846153846156,49
child_spatial_s33_odd_even_blocks_b0,6,3,360.0,0.4583333333333333,47
child_spatial_s33_odd_even_blocks_b0,8,1,120.0,0.3,49
child_spatial_s33_odd_even_blocks_b0,8,2,240.0,0.5525525525525525,46
child_spatial_s33_odd_even_blocks_b0,8,3,360.0,0.6339285714285714,50
child_spatial_s33_odd_even_blocks_b0,8,4,480.0,0.48250000000000004,50
child_spatial_s33_odd_even_blocks_b0,8,5,600.0,0.44375,48
child_spatial_s33_odd_even_blocks_b0,10,0,0.0,0.4041666666666667,49
child_spatial_s33_odd_even_blocks_b0,10,1,120.0,0.645,50
child_spatial_s33_odd_even_blocks_b0,10,2,240.0,0.634090909090909,51
child_spatial_s33_odd_even_blocks_b0,10,3,360.0,0.5745257452574526,50
child_spatial_s33_odd_even_blocks_b0,10,4,480.0,0.6802168021680217,50
child_spatial_s33_odd_even_blocks_b0,10,5,600.0,0.5569444444444445,49
child_spatial_s33_odd_even_blocks_b0,11,0,0.0,0.6438746438746439,48
child_spatial_s33_odd_even_blocks_b0,11,1,120.0,0.6485714285714286,45
child_spatial_s33_odd_even_blocks_b0,11,2,240.0,0.43813131313131315,47
child_spatial_s33_odd_even_blocks_b0,11,3,360.0,0.4516129032258065,39
child_spatial_s33_odd_even_blocks_b0,11,4,480.0,0.49189189189189186,47
child_spatial_s33_odd_even_blocks_b0,12,0,0.0,0.8805555555555555,49
child_spatial_s33_odd_even_blocks_b0,12,1,120.0,0.5578947368421053,48
child_spatial_s33_odd_even_blocks_b0,12,2,240.0,0.5974358974358974,49
child_spatial_s33_odd_even_blocks_b0,12,3,360.0,0.697560975609756,51
child_spatial_s33_odd_even_blocks_b0,12,4,480.0,0.4615384615384615,48
child_spatial_s33_odd_even_blocks_b0,12,5,600.0,0.7588075880758808,50
child_spatial_s33_odd_even_blocks_b0,13,0,0.0,0.5121951219512195,50
child_spatial_s33_odd_even_blocks_b0,13,1,120.0,0.7894736842105263,48
child_spatial_s33_odd_even_blocks_b0,13,2,240.0,0.5525,50
child_spatial_s33_odd_even_blocks_b0,13,3,360.0,0.4959349593495935,50
child_spatial_s33_odd_even_blocks_b0,13,4,480.0,0.46612466124661245,50
child_spatial_s33_odd_even_blocks_b0,13,5,600.0,0.6666666666666667,50
child_spatial_s33_odd_even_blocks_b0,14,0,0.0,0.42818428184281837,50
child_spatial_s33_odd_even_blocks_b0,14,1,120.0,0.4394736842105263,48
child_spatial_s33_odd_even_blocks_b0,14,2,240.0,0.52,50
child_spatial_s33_odd_even_blocks_b0,14,3,360.0,0.7388888888888889,49
child_spatial_s33_odd_even_blocks_b0,14,4,480.0,0.6906250000000002,48
child_spatial_s33_odd_even_blocks_b0,14,5,600.0,0.46883468834688347,50
child_spatial_s33_odd_even_blocks_b0,15,0,0.0,0.4377104377104377,42
child_spatial_s33_odd_even_blocks_b0,15,2,240.0,0.31666666666666665,49
child_spatial_s33_odd_even_blocks_b0,15,3,360.0,0.4444444444444444,50
child_spatial_s33_odd_even_blocks_b0,15,4,480.0,0.5349999999999999,50
child_spatial_s33_odd_even_blocks_b0,15,5,600.0,0.6385135135135136,45
child_spatial_s33_odd_even_blocks_b0,16,0,0.0,0.6013513513513513,45
child_spatial_s33_odd_even_blocks_b0,16,1,120.0,0.27749999999999997,50
child_spatial_s33_odd_even_blocks_b0,16,2,240.0,0.5299145299145299,48
child_spatial_s33_odd_even_blocks_b0,16,3,360.0,0.5406504065040649,50
child_spatial_s33_odd_even_blocks_b0,16,4,480.0,0.5463414634146341,51
child_spatial_s33_odd_even_blocks_b0,16,5,600.0,0.4144736842105263,46
child_spatial_s33_odd_even_blocks_b0,17,0,0.0,0.641025641025641,48
child_spatial_s33_odd_even_blocks_b0,17,1,120.0,0.4891891891891892,47
child_spatial_s33_odd_even_blocks_b0,17,3,360.0,0.7405405405405405,47
child_spatial_s33_odd_even_blocks_b0,18,1,120.0,0.6141975308641975,45
child_spatial_s33_odd_even_blocks_b0,18,2,240.0,0.41842105263157897,48
child_spatial_s33_odd_even_blocks_b0,18,3,360.0,0.600609756097561,49
child_spatial_s33_odd_even_blocks_b0,18,4,480.0,0.27499999999999997,50
child_spatial_s33_odd_even_blocks_b0,18,5,600.0,0.3414634146341463,50
child_spatial_s33_odd_even_blocks_b0,19,0,0.0,0.45528455284552843,50
child_spatial_s33_odd_even_blocks_b0,19,1,120.0,0.4868421052631579,48
child_spatial_s33_odd_even_blocks_b0,19,2,240.0,0.3875,50
child_spatial_s33_odd_even_blocks_b0,19,3,360.0,0.37566137566137564,51
child_spatial_s33_odd_even_blocks_b0,19,4,480.0,0.5650000000000001,50
child_spatial_s33_odd_even_blocks_b0,19,5,600.0,0.6612466124661246,50
child_spatial_s33_odd_even_blocks_b0,20,0,0.0,0.6239837398373984,100
child_spatial_s33_odd_even_blocks_b0,20,1,120.0,0.7381578947368421,96
child_spatial_s33_odd_even_blocks_b0,20,2,240.0,0.6038011695906431,91
child_spatial_s33_odd_even_blocks_b0,20,3,360.0,0.41623263888888895,88
child_spatial_s33_odd_even_blocks_b0,20,4,480.0,0.4486301369863014,89
child_spatial_s33_odd_even_blocks_b0,20,5,600.0,0.5205479452054795,87
child_spatial_s33_odd_even_blocks_b0,21,0,0.0,0.3666666666666667,49
child_spatial_s33_odd_even_blocks_b0,21,1,120.0,0.43137254901960786,43
child_spatial_s33_odd_even_blocks_b0,21,2,240.0,0.6194444444444445,46
child_spatial_s33_odd_even_blocks_b0,21,3,360.0,0.4507575757575758,41
child_spatial_s33_odd_even_blocks_b0,21,4,480.0,0.4201388888888889,44
child_spatial_s33_odd_even_blocks_b0,21,5,600.0,0.5791666666666666,49
child_spatial_s33_odd_even_blocks_b0,22,0,0.0,0.4417249417249417,79
child_spatial_s33_odd_even_blocks_b0,22,1,120.0,0.3611111111111111,35
child_spatial_s33_odd_even_blocks_b0,22,2,240.0,0.5665961945031712,54
child_spatial_s33_odd_even_blocks_b0,22,3,360.0,0.5321428571428571,43
child_spatial_s33_odd_even_blocks_b0,22,5,600.0,0.4975845410628019,55
child_spatial_s33_odd_even_blocks_b0,23,0,0.0,0.6416666666666666,49
child_spatial_s33_odd_even_blocks_b0,23,1,120.0,0.6974358974358975,49
child_spatial_s33_odd_even_blocks_b0,23,2,240.0,0.8048780487804879,51
child_spatial_s33_odd_even_blocks_b0,23,3,360.0,0.6726190476190477,50
child_spatial_s33_odd_even_blocks_b0,23,4,480.0,0.63,50
child_spatial_s33_odd_even_blocks_b0,23,5,600.0,0.5745257452574526,50
child_spatial_s33_odd_even_blocks_b0,24,0,0.0,0.5340236686390533,65
child_spatial_s33_odd_even_blocks_b0,24,1,120.0,0.5503626107977437,90
child_spatial_s33_odd_even_blocks_b0,24,2,240.0,0.4604205318491033,98
child_spatial_s33_odd_even_blocks_b0,24,3,360.0,0.60625,91
child_spatial_s33_odd_even_blocks_b0,24,4,480.0,0.4908536585365853,100
child_spatial_s33_odd_even_blocks_b0,24,5,600.0,0.4300074460163813,96
child_spatial_s33_odd_even_blocks_b0,25,0,0.0,0.4749780509218613,84
child_spatial_s33_odd_even_blocks_b0,25,1,120.0,0.5147058823529412,87
child_spatial_s33_odd_even_blocks_b0,25,2,240.0,0.4684210526315789,99
child_spatial_s33_odd_even_blocks_b0,25,3,360.0,0.42862654320987653,90
child_spatial_s33_odd_even_blocks_b0,25,4,480.0,0.6062962962962963,93
child_spatial_s33_odd_even_blocks_b0,25,5,600.0,0.5473429951690821,84
child_spatial_s33_odd_even_blocks_b0,26,0,0.0,0.6368563685636857,50
child_spatial_s33_odd_even_blocks_b0,26,1,120.0,0.4205128205128205,49
child_spatial_s33_odd_even_blocks_b0,26,2,240.0,0.5425,50
child_spatial_s33_odd_even_blocks_b0,26,3,360.0,0.40058479532163743,47
child_spatial_s33_odd_even_blocks_b0,26,4,480.0,0.4145299145299145,48
child_spatial_s33_odd_even_blocks_b0,26,5,600.0,0.4527027027027027,45
child_spatial_s33_odd_even_blocks_b0,27,0,0.0,0.26964769647696474,50
child_spatial_s33_odd_even_blocks_b0,27,1,120.0,0.4222222222222222,46
child_spatial_s33_odd_even_blocks_b0,27,2,240.0,0.605,50
child_spatial_s33_odd_even_blocks_b0,27,3,360.0,0.5745257452574526,50
child_spatial_s33_odd_even_blocks_b0,27,4,480.0,0.4786324786324786,48
child_spatial_s33_odd_even_blocks_b0,27,5,600.0,0.7073170731707317,50
child_spatial_s33_odd_even_blocks_b0,30,0,0.0,0.5528455284552846,50
child_spatial_s33_odd_even_blocks_b0,30,1,120.0,0.36250000000000004,50
child_spatial_s33_odd_even_blocks_b0,30,2,240.0,0.41875000000000007,50
child_spatial_s33_odd_even_blocks_b0,30,3,360.0,0.328042328042328,51
child_spatial_s33_odd_even_blocks_b0,30,4,480.0,0.5611111111111111,49
child_spatial_s33_odd_even_blocks_b0,30,5,600.0,0.2953929539295393,50
child_spatial_s33_odd_even_blocks_b0,31,0,0.0,0.3602430555555556,88
child_spatial_s33_odd_even_blocks_b0,31,1,120.0,0.5337286879169755,90
child_spatial_s33_odd_even_blocks_b0,31,2,240.0,0.45285467128027684,85
child_spatial_s33_odd_even_blocks_b0,31,3,360.0,0.47058823529411764,87
child_spatial_s33_odd_even_blocks_b0,31,4,480.0,0.4971014492753623,84
child_spatial_s33_odd_even_blocks_b0,31,5,600.0,0.6361607142857143,86
child_spatial_s33_odd_even_blocks_b0,32,0,0.0,0.4325,50
child_spatial_s33_odd_even_blocks_b0,32,1,120.0,0.385,50
child_spatial_s33_odd_even_blocks_b0,32,2,240.0,0.448780487804878,51
child_spatial_s33_odd_even_blocks_b0,32,3,360.0,0.4959349593495935,50
child_spatial_s33_odd_even_blocks_b0,32,4,480.0,0.62625,50
child_spatial_s33_odd_even_blocks_b0,32,5,600.0,0.6341463414634146,50
child_spatial_s33_odd_even_blocks_b0,33,0,0.0,0.6527777777777777,49
child_spatial_s33_odd_even_blocks_b0,33,1,120.0,0.49743589743589745,49
child_spatial_s33_odd_even_blocks_b0,33,2,240.0,0.6200000000000001,50
child_spatial_s33_odd_even_blocks_b0,33,3,360.0,0.47953216374269003,47
child_spatial_s33_odd_even_blocks_b0,33,4,480.0,0.29810298102981025,50
child_spatial_s33_odd_even_blocks_b0,33,5,600.0,0.5691056910569106,50
child_spatial_s33_odd_even_blocks_b0,34,0,0.0,0.48238482384823844,50
child_spatial_s33_odd_even_blocks_b0,34,1,120.0,0.64,50
child_spatial_s33_odd_even_blocks_b0,34,2,240.0,0.5727272727272728,51
child_spatial_s33_odd_even_blocks_b0,34,3,360.0,0.611111111111111,51
child_spatial_s33_odd_even_blocks_b0,34,4,480.0,0.626984126984127,51
child_spatial_s33_odd_even_blocks_b0,34,5,600.0,0.5718157181571815,50
child_spatial_s33_odd_even_blocks_b0,35,0,0.0,0.4786324786324786,48
child_spatial_s33_odd_even_blocks_b0,35,1,120.0,0.46571428571428575,45
child_spatial_s33_odd_even_blocks_b0,35,2,240.0,0.4654654654654654,46
child_spatial_s33_odd_even_blocks_b0,35,3,360.0,0.3834688346883468,50
child_spatial_s33_odd_even_blocks_b0,35,4,480.0,0.4275,50
child_spatial_s33_odd_even_blocks_b0,35,5,600.0,0.5257452574525745,50
child_spatial_s33_odd_even_blocks_b0,36,0,0.0,0.7076023391812866,47
child_spatial_s33_odd_even_blocks_b0,36,1,120.0,0.5102564102564102,49
child_spatial_s33_odd_even_blocks_b0,36,2,240.0,0.6081081081081081,47
child_spatial_s33_odd_even_blocks_b0,36,4,480.0,0.31597222222222215,44
child_spatial_s33_odd_even_blocks_b0,36,5,600.0,0.5746951219512195,49
child_spatial_s33_odd_even_blocks_b0,37,0,0.0,0.5522875816993464,43
child_spatial_s33_odd_even_blocks_b0,37,2,240.0,0.49358974358974356,35
child_spatial_s33_odd_even_blocks_b0,38,0,0.0,0.5250677506775068,100
child_spatial_s33_odd_even_blocks_b0,38,1,120.0,0.6437499999999999,100
child_spatial_s33_odd_even_blocks_b0,38,2,240.0,0.49633699633699635,99
child_spatial_s33_odd_even_blocks_b0,38,3,360.0,0.5528120713305898,99
child_spatial_s33_odd_even_blocks_b0,38,4,480.0,0.42935528120713307,99
child_spatial_s33_odd_even_blocks_b0,38,5,600.0,0.6855281207133059,99
child_spatial_s33_odd_even_blocks_b0,39,0,0.0,0.5284552845528455,50
child_spatial_s33_odd_even_blocks_b0,39,1,120.0,0.52375,50
child_spatial_s33_odd_even_blocks_b0,39,2,240.0,0.525,49
child_spatial_s33_odd_even_blocks_b0,39,3,360.0,0.5740740740740741,51
child_spatial_s33_odd_even_blocks_b0,39,4,480.0,0.5691056910569106,50
child_spatial_s33_odd_even_blocks_b0,39,5,600.0,0.6128048780487805,49
child_spatial_s33_odd_even_blocks_b0,40,0,0.0,0.5841269841269842,44
child_spatial_s33_odd_even_blocks_b0,40,1,120.0,0.55375,50
child_spatial_s33_odd_even_blocks_b0,40,2,240.0,0.5,43
child_spatial_s33_odd_even_blocks_b0,40,5,600.0,0.3464052287581699,43
child_spatial_s33_odd_even_blocks_b0,41,0,0.0,0.69377990430622,49
child_spatial_s33_odd_even_blocks_b0,41,1,120.0,0.6503496503496503,50
child_spatial_s33_odd_even_blocks_b0,41,2,240.0,0.27505827505827507,50
child_spatial_s33_odd_even_blocks_b0,41,3,360.0,0.5457317073170731,49
child_spatial_s33_odd_even_blocks_b0,41,4,480.0,0.65125,50
child_spatial_s33_odd_even_blocks_b0,41,5,600.0,0.57375,50
child_spatial_s33_odd_even_blocks_b0,42,0,0.0,0.6666666666666666,50
child_spatial_s33_odd_even_blocks_b0,42,1,120.0,0.6820512820512821,49
child_spatial_s33_odd_even_blocks_b0,42,2,240.0,0.6277777777777778,49
child_spatial_s33_odd_even_blocks_b0,42,3,360.0,0.3209459459459459,45
child_spatial_s33_odd_even_blocks_b0,42,4,480.0,0.37250000000000005,50
child_spatial_s33_odd_even_blocks_b0,42,5,600.0,0.4785714285714286,43
child_spatial_s33_odd_even_blocks_b0,43,0,0.0,0.4444444444444444,50
child_spatial_s33_odd_even_blocks_b0,43,1,120.0,0.4846153846153846,49
child_spatial_s33_odd_even_blocks_b0,43,2,240.0,0.4195121951219512,51
child_spatial_s33_odd_even_blocks_b0,43,4,480.0,0.5636856368563685,50
child_spatial_s33_odd_even_blocks_b0,43,5,600.0,0.4115853658536585,49
child_spatial_s33_odd_even_blocks_b0,44,2,240.0,0.5621621621621622,47
child_spatial_s33_odd_even_blocks_b0,44,3,360.0,0.5111111111111111,49
child_spatial_s33_odd_even_blocks_b0,44,4,480.0,0.39426523297491034,40
child_spatial_s33_odd_even_blocks_b0,44,5,600.0,0.6722972972972974,45
child_spatial_s33_odd_even_blocks_b0,45,0,0.0,0.518970189701897,100
child_spatial_s33_odd_even_blocks_b0,45,1,120.0,0.470625,100
child_spatial_s33_odd_even_blocks_b0,45,2,240.0,0.4136904761904762,101
child_spatial_s33_odd_even_blocks_b0,45,3,360.0,0.41994863013698636,89
child_spatial_s33_odd_even_blocks_b0,45,4,480.0,0.498046875,80
child_spatial_s33_odd_even_blocks_b0,45,5,600.0,0.5721288515406162,101
child_spatial_s33_odd_even_blocks_b0,46,0,0.0,0.535,50
child_spatial_s33_odd_even_blocks_b0,46,1,120.0,0.42592592592592593,39
child_spatial_s33_odd_even_blocks_b0,46,2,240.0,0.4894736842105262,48
child_spatial_s33_odd_even_blocks_b0,46,4,480.0,0.7279411764705882,42
child_spatial_s33_odd_even_blocks_b0,46,5,600.0,0.5371621621621622,45
child_spatial_s33_odd_even_blocks_b0,47,0,0.0,0.37940379403794033,50
child_spatial_s33_odd_even_blocks_b0,47,1,120.0,0.39,50
child_spatial_s33_odd_even_blocks_b0,47,2,240.0,0.5025,50
child_spatial_s33_odd_even_blocks_b0,47,3,360.0,0.551490514905149,50
child_spatial_s33_odd_even_blocks_b0,47,4,480.0,0.245,50
child_spatial_s33_odd_even_blocks_b0,47,5,600.0,0.4363143631436314,50
child_spatial_s33_odd_even_blocks_b0,48,0,0.0,0.48717948717948717,48
child_spatial_s33_odd_even_blocks_b0,48,2,240.0,0.5857142857142857,45
child_spatial_s33_odd_even_blocks_b0,48,4,480.0,0.55,50
child_spatial_s33_odd_even_blocks_b0,49,0,0.0,0.5880758807588076,50
child_spatial_s33_odd_even_blocks_b0,49,1,120.0,0.3025,50
child_spatial_s33_odd_even_blocks_b0,49,2,240.0,0.4075,50
child_spatial_s33_odd_even_blocks_b0,49,3,360.0,0.5252976190476191,50
child_spatial_s33_odd_even_blocks_b0,49,4,480.0,0.6195121951219512,51
child_spatial_s33_odd_even_blocks_b0,49,5,600.0,0.6260162601626016,50
child_spatial_s33_odd_even_blocks_b0,50,2,240.0,0.49642857142857144,43
child_spatial_s33_odd_even_blocks_b0,50,4,480.0,0.5915032679738561,43
child_spatial_s33_odd_even_blocks_b0,50,5,600.0,0.6180555555555556,49
child_spatial_s33_odd_even_blocks_b0,51,0,0.0,0.3814363143631437,100
child_spatial_s33_odd_even_blocks_b0,51,1,120.0,0.5263157894736842,99
child_spatial_s33_odd_even_blocks_b0,51,2,240.0,0.4345991561181434,100
child_spatial_s33_odd_even_blocks_b0,51,3,360.0,0.5531842818428185,100
child_spatial_s33_odd_even_blocks_b0,51,4,480.0,0.41395663956639567,100
child_spatial_s33_odd_even_blocks_b0,51,5,600.0,0.4461382113821138,100
child_spatial_s33_odd_even_blocks_b0,52,0,0.0,0.6055555555555555,49
child_spatial_s33_odd_even_blocks_b0,52,1,120.0,0.462171052631579,46
child_spatial_s33_odd_even_blocks_b0,52,2,240.0,0.33536585365853655,51
child_spatial_s33_odd_even_blocks_b0,52,3,360.0,0.6190476190476191,50
child_spatial_s33_odd_even_blocks_b0,52,4,480.0,0.6025,50
child_spatial_s33_odd_even_blocks_b0,52,5,600.0,0.36585365853658536,50
child_spatial_s33_odd_even_blocks_b0,53,0,0.0,0.6583333333333333,49
child_spatial_s33_odd_even_blocks_b0,53,1,120.0,0.5375000000000001,50
child_spatial_s33_odd_even_blocks_b0,53,2,240.0,0.3675213675213675,48
child_spatial_s33_odd_even_blocks_b0,53,3,360.0,0.582010582010582,51
child_spatial_s33_odd_even_blocks_b0,53,4,480.0,0.4575,50
child_spatial_s33_odd_even_blocks_b0,53,5,600.0,0.3504273504273504,48
child_spatial_s33_odd_even_blocks_b0,54,0,0.0,0.7452574525745257,50
child_spatial_s33_odd_even_blocks_b0,54,1,120.0,0.4725,50
child_spatial_s33_odd_even_blocks_b0,54,2,240.0,0.44268292682926824,51
child_spatial_s33_odd_even_blocks_b0,54,3,360.0,0.4619883040935673,47
child_spatial_s33_odd_even_blocks_b0,54,4,480.0,0.4388888888888889,49
child_spatial_s33_odd_even_blocks_b0,54,5,600.0,0.6463414634146342,49
child_spatial_s33_odd_even_blocks_b0,56,0,0.0,0.5769230769230769,49
child_spatial_s33_odd_even_blocks_b0,56,1,120.0,0.4666666666666667,49
child_spatial_s33_odd_even_blocks_b0,56,2,240.0,0.6425000000000001,50
child_spatial_s33_odd_even_blocks_b0,56,3,360.0,0.55875,50
child_spatial_s33_odd_even_blocks_b0,56,4,480.0,0.5420054200542006,50
child_spatial_s33_odd_even_blocks_b0,56,5,600.0,0.43631436314363137,50
child_spatial_s33_odd_even_blocks_b0,57,0,0.0,0.4363143631436315,50
child_spatial_s33_odd_even_blocks_b0,57,1,120.0,0.6,49
child_spatial_s33_odd_even_blocks_b0,57,2,240.0,0.4075,50
child_spatial_s33_odd_even_blocks_b0,57,3,360.0,0.5423280423280423,51
child_spatial_s33_odd_even_blocks_b0,57,4,480.0,0.47154471544715443,50
child_spatial_s33_odd_even_blocks_b0,57,5,600.0,0.48611111111111116,49
child_spatial_s33_odd_even_blocks_b0,58,0,0.0,0.6341463414634146,50
child_spatial_s33_odd_even_blocks_b0,58,1,120.0,0.5710526315789475,48
child_spatial_s33_odd_even_blocks_b0,58,2,240.0,0.6675000000000001,50
child_spatial_s33_odd_even_blocks_b0,58,3,360.0,0.31402439024390244,49
child_spatial_s33_odd_even_blocks_b0,58,4,480.0,0.6270270270270271,47
child_spatial_s33_odd_even_blocks_b0,59,0,0.0,0.3885459533607682,99
child_spatial_s33_odd_even_blocks_b0,59,1,120.0,0.4921875,100
child_spatial_s33_odd_even_blocks_b0,59,2,240.0,0.6091861402095085,90
child_spatial_s33_odd_even_blocks_b0,59,3,360.0,0.5177364864864865,90
child_spatial_s33_odd_even_blocks_b0,59,4,480.0,0.47946859903381633,87
child_spatial_s33_odd_even_blocks_b0,59,5,600.0,0.3319268635724332,97
child_spatial_s33_odd_even_blocks_b0,61,0,0.0,0.315,50
child_spatial_s33_odd_even_blocks_b0,61,1,120.0,0.31,50
child_spatial_s33_odd_even_blocks_b0,61,2,240.0,0.31625,50
child_spatial_s33_odd_even_blocks_b0,61,3,360.0,0.4761904761904762,51
child_spatial_s33_odd_even_blocks_b0,61,4,480.0,0.46578947368421053,48
child_spatial_s33_odd_even_blocks_b0,62,0,0.0,0.6111111111111112,47
child_spatial_s33_odd_even_blocks_b0,62,1,120.0,0.6108108108108108,47
child_spatial_s33_odd_even_blocks_b0,62,2,240.0,0.5461538461538462,49
child_spatial_s33_odd_even_blocks_b0,62,4,480.0,0.6501501501501501,46
child_spatial_s33_odd_even_blocks_b0,62,5,600.0,0.7122507122507122,48
child_spatial_s33_odd_even_blocks_b0,63,1,120.0,0.35250000000000004,50
child_spatial_s33_odd_even_blocks_b0,63,2,240.0,0.30930930930930933,46
child_spatial_s33_odd_even_blocks_b0,63,3,360.0,0.5343915343915344,51
child_spatial_s33_odd_even_blocks_b0,63,4,480.0,0.3921568627450981,43
child_spatial_s33_odd_even_blocks_b0,63,5,600.0,0.6276276276276276,46
child_spatial_s33_odd_even_blocks_b0,64,1,120.0,0.6717948717948719,49
child_spatial_s33_odd_even_blocks_b0,64,2,240.0,0.5973684210526315,48
child_spatial_s33_odd_even_blocks_b0,64,3,360.0,0.7344173441734417,50
child_spatial_s33_odd_even_blocks_b0,64,4,480.0,0.67375,50
child_spatial_s33_odd_even_blocks_b0,64,5,600.0,0.5447154471544715,50
child_spatial_s33_odd_even_blocks_b0,65,0,0.0,0.4324324324324324,45
child_spatial_s33_odd_even_blocks_b0,65,1,120.0,0.5875,50
child_spatial_s33_odd_even_blocks_b0,65,2,240.0,0.46585365853658534,51
child_spatial_s33_odd_even_blocks_b0,65,3,360.0,0.35000000000000003,48
child_spatial_s33_odd_even_blocks_b0,65,4,480.0,0.47500000000000003,50
child_spatial_s33_odd_even_blocks_b0,65,5,600.0,0.5230352303523036,50
child_spatial_s33_odd_even_blocks_b0,66,0,0.0,0.5079365079365079,44
child_spatial_s33_odd_even_blocks_b0,66,1,120.0,0.6153846153846154,49
child_spatial_s33_odd_even_blocks_b0,66,2,240.0,0.46842105263157896,48
child_spatial_s33_odd_even_blocks_b0,66,5,600.0,0.63,50
child_spatial_s33_odd_even_blocks_b0,67,0,0.0,0.35833333333333334,49
child_spatial_s33_odd_even_blocks_b0,67,1,120.0,0.2576923076923077,49
child_spatial_s33_odd_even_blocks_b0,67,2,240.0,0.5636363636363636,51
child_spatial_s33_odd_even_blocks_b0,67,3,360.0,0.6043360433604337,50
child_spatial_s33_odd_even_blocks_b0,67,4,480.0,0.5730994152046784,47
child_spatial_s33_odd_even_blocks_b0,67,5,600.0,0.5785907859078591,50
child_spatial_s33_odd_even_blocks_b0,68,4,480.0,0.6333333333333333,38
child_spatial_s33_odd_even_blocks_b0,68,5,600.0,0.46875,44
child_spatial_s33_odd_even_blocks_b0,69,0,0.0,0.4153846153846154,49
child_spatial_s33_odd_even_blocks_b0,69,1,120.0,0.39999999999999997,50
child_spatial_s33_odd_even_blocks_b0,69,2,240.0,0.33499999999999996,50
child_spatial_s33_odd_even_blocks_b0,69,3,360.0,0.4796747967479675,50
child_spatial_s33_odd_even_blocks_b0,69,4,480.0,0.359375,48
child_spatial_s33_odd_even_blocks_b0,69,5,600.0,0.25146198830409355,47
child_spatial_s33_odd_even_blocks_b0,70,0,0.0,0.615,50
child_spatial_s33_odd_even_blocks_b0,70,1,120.0,0.503584229390681,40
child_spatial_s33_odd_even_blocks_b0,70,4,480.0,0.3977272727272727,41
child_spatial_s33_odd_even_blocks_b0,70,5,600.0,0.5541666666666667,38
child_spatial_s33_odd_even_blocks_b0,71,0,0.0,0.5907859078590786,50
child_spatial_s33_odd_even_blocks_b0,71,1,120.0,0.5575000000000001,50
child_spatial_s33_odd_even_blocks_b0,71,2,240.0,0.5717703349282297,49
child_spatial_s33_odd_even_blocks_b0,71,3,360.0,0.5767195767195767,51
child_spatial_s33_odd_even_blocks_b0,71,5,600.0,0.5968660968660968,48
child_spatial_s33_odd_even_blocks_b0,72,3,360.0,0.6452702702702703,45
child_spatial_s33_odd_even_blocks_b0,72,4,480.0,0.4356725146198831,47
child_spatial_s33_odd_even_blocks_b1,0,1,120.0,0.58,50
child_spatial_s33_odd_even_blocks_b1,0,2,240.0,0.4603174603174603,37
child_spatial_s33_odd_even_blocks_b1,0,3,360.0,0.6076388888888888,41
child_spatial_s33_odd_even_blocks_b1,0,4,480.0,0.5261437908496731,43
child_spatial_s33_odd_even_blocks_b1,0,5,600.0,0.4742547425474255,50
child_spatial_s33_odd_even_blocks_b1,1,0,0.0,0.519406392694064,97
child_spatial_s33_odd_even_blocks_b1,1,1,120.0,0.5453929539295392,100
child_spatial_s33_odd_even_blocks_b1,1,2,240.0,0.4871875,100
child_spatial_s33_odd_even_blocks_b1,1,3,360.0,0.525,100
child_spatial_s33_odd_even_blocks_b1,1,4,480.0,0.5030864197530864,101
child_spatial_s33_odd_even_blocks_b1,1,5,600.0,0.45236508994004,98
child_spatial_s33_odd_even_blocks_b1,1,6,720.0,0.5148148148148148,101
child_spatial_s33_odd_even_blocks_b1,2,0,0.0,0.487012987012987,46
child_spatial_s33_odd_even_blocks_b1,2,1,120.0,0.7549019607843137,43
child_spatial_s33_odd_even_blocks_b1,2,2,240.0,0.6117936117936118,48
child_spatial_s33_odd_even_blocks_b1,2,3,360.0,0.4984126984126985,44
child_spatial_s33_odd_even_blocks_b1,2,4,480.0,0.7104377104377104,42
child_spatial_s33_odd_even_blocks_b1,2,5,600.0,0.3742424242424242,43
child_spatial_s33_odd_even_blocks_b1,2,6,720.0,0.2376543209876543,45
child_spatial_s33_odd_even_blocks_b1,3,0,0.0,0.3882063882063882,48
child_spatial_s33_odd_even_blocks_b1,3,1,120.0,0.6111111111111112,49
child_spatial_s33_odd_even_blocks_b1,3,2,240.0,0.45499999999999996,50
child_spatial_s33_odd_even_blocks_b1,3,3,360.0,0.5475,50
child_spatial_s33_odd_even_blocks_b1,3,4,480.0,0.6756097560975609,51
child_spatial_s33_odd_even_blocks_b1,3,5,600.0,0.6537499999999999,50
child_spatial_s33_odd_even_blocks_b1,3,6,720.0,0.38658536585365855,51
child_spatial_s33_odd_even_blocks_b1,4,0,0.0,0.5046296296296297,96
child_spatial_s33_odd_even_blocks_b1,4,1,120.0,0.45625000000000004,100
child_spatial_s33_odd_even_blocks_b1,4,2,240.0,0.6047815820543093,99
child_spatial_s33_odd_even_blocks_b1,4,3,360.0,0.4832236842105263,99
child_spatial_s33_odd_even_blocks_b1,4,4,480.0,0.534375,100
child_spatial_s33_odd_even_blocks_b1,4,5,600.0,0.5135135135135135,92
child_spatial_s33_odd_even_blocks_b1,4,6,720.0,0.37073170731707317,102
child_spatial_s33_odd_even_blocks_b1,5,0,0.0,0.49232456140350883,50
child_spatial_s33_odd_even_blocks_b1,5,1,120.0,0.48750000000000004,50
child_spatial_s33_odd_even_blocks_b1,5,2,240.0,0.4225,50
child_spatial_s33_odd_even_blocks_b1,5,3,360.0,0.54875,50
child_spatial_s33_odd_even_blocks_b1,5,4,480.0,0.47750000000000004,50
child_spatial_s33_odd_even_blocks_b1,5,5,600.0,0.505,50
child_spatial_s33_odd_even_blocks_b1,5,6,720.0,0.5487804878048781,51
child_spatial_s33_odd_even_blocks_b1,6,0,0.0,0.3928571428571429,36
child_spatial_s33_odd_even_blocks_b1,6,1,120.0,0.571969696969697,41
child_spatial_s33_odd_even_blocks_b1,6,2,240.0,0.606060606060606,42
child_spatial_s33_odd_even_blocks_b1,6,3,360.0,0.56625,50
child_spatial_s33_odd_even_blocks_b1,6,4,480.0,0.4928571428571428,43
child_spatial_s33_odd_even_blocks_b1,6,6,720.0,0.30714285714285716,43
child_spatial_s33_odd_even_blocks_b1,8,0,0.0,0.3223684210526316,50
child_spatial_s33_odd_even_blocks_b1,8,1,120.0,0.6910569105691057,50
child_spatial_s33_odd_even_blocks_b1,8,2,240.0,0.5771428571428572,45
child_spatial_s33_odd_even_blocks_b1,8,3,360.0,0.4545454545454546,50
child_spatial_s33_odd_even_blocks_b1,8,4,480.0,0.40263157894736845,48
child_spatial_s33_odd_even_blocks_b1,8,5,600.0,0.46249999999999997,50
child_spatial_s33_odd_even_blocks_b1,8,6,720.0,0.6959459459459459,45
child_spatial_s33_odd_even_blocks_b1,10,0,0.0,0.624331550802139,45
child_spatial_s33_odd_even_blocks_b1,10,1,120.0,0.4075,50
child_spatial_s33_odd_even_blocks_b1,10,2,240.0,0.4258373205741627,49
child_spatial_s33_odd_even_blocks_b1,10,3,360.0,0.3902439024390244,51
child_spatial_s33_odd_even_blocks_b1,10,4,480.0,0.524390243902439,51
child_spatial_s33_odd_even_blocks_b1,10,5,600.0,0.7,50
child_spatial_s33_odd_even_blocks_b1,10,6,720.0,0.6219512195121951,51
child_spatial_s33_odd_even_blocks_b1,11,0,0.0,0.2918918918918919,47
child_spatial_s33_odd_even_blocks_b1,11,1,120.0,0.5409090909090909,43
child_spatial_s33_odd_even_blocks_b1,11,2,240.0,0.45454545454545453,49
child_spatial_s33_odd_even_blocks_b1,11,3,360.0,0.5599999999999999,50
child_spatial_s33_odd_even_blocks_b1,11,4,480.0,0.2775,50
child_spatial_s33_odd_even_blocks_b1,11,5,600.0,0.28,50
child_spatial_s33_odd_even_blocks_b1,12,0,0.0,0.6644736842105263,50
child_spatial_s33_odd_even_blocks_b1,12,1,120.0,0.37262872628726285,50
child_spatial_s33_odd_even_blocks_b1,12,2,240.0,0.425,50
child_spatial_s33_odd_even_blocks_b1,12,3,360.0,0.4590909090909091,51
child_spatial_s33_odd_even_blocks_b1,12,4,480.0,0.523076923076923,49
child_spatial_s33_odd_even_blocks_b1,12,5,600.0,0.565,50
child_spatial_s33_odd_even_blocks_b1,12,6,720.0,0.5296052631578947,46
child_spatial_s33_odd_even_blocks_b1,13,0,0.0,0.4846491228070175,50
child_spatial_s33_odd_even_blocks_b1,13,1,120.0,0.39566395663956644,50
child_spatial_s33_odd_even_blocks_b1,13,2,240.0,0.33125000000000004,50
child_spatial_s33_odd_even_blocks_b1,13,3,360.0,0.46375,50
child_spatial_s33_odd_even_blocks_b1,13,4,480.0,0.3075,50
child_spatial_s33_odd_even_blocks_b1,13,5,600.0,0.33181818181818185,51
child_spatial_s33_odd_even_blocks_b1,13,6,720.0,0.28,50
child_spatial_s33_odd_even_blocks_b1,14,0,0.0,0.5291060291060291,50
child_spatial_s33_odd_even_blocks_b1,14,1,120.0,0.5800000000000001,50
child_spatial_s33_odd_even_blocks_b1,14,2,240.0,0.6573426573426574,50
child_spatial_s33_odd_even_blocks_b1,14,3,360.0,0.347953216374269,47
child_spatial_s33_odd_even_blocks_b1,14,4,480.0,0.6025,50
child_spatial_s33_odd_even_blocks_b1,14,5,600.0,0.48125000000000007,50
child_spatial_s33_odd_even_blocks_b1,14,6,720.0,0.4868421052631579,48
child_spatial_s33_odd_even_blocks_b1,15,0,0.0,0.47975708502024295,51
child_spatial_s33_odd_even_blocks_b1,15,1,120.0,0.32196969696969696,41
child_spatial_s33_odd_even_blocks_b1,15,2,240.0,0.5490196078431372,43
child_spatial_s33_odd_even_blocks_b1,15,3,360.0,0.52,50
child_spatial_s33_odd_even_blocks_b1,15,4,480.0,0.4525,50
child_spatial_s33_odd_even_blocks_b1,15,5,600.0,0.575,50
child_spatial_s33_odd_even_blocks_b1,15,6,720.0,0.584126984126984,44
child_spatial_s33_odd_even_blocks_b1,16,0,0.0,0.6557017543859649,50
child_spatial_s33_odd_even_blocks_b1,16,1,120.0,0.4210526315789474,48
child_spatial_s33_odd_even_blocks_b1,16,2,240.0,0.395,50
child_spatial_s33_odd_even_blocks_b1,16,3,360.0,0.3350000000000001,50
child_spatial_s33_odd_even_blocks_b1,16,4,480.0,0.4957264957264957,48
child_spatial_s33_odd_even_blocks_b1,16,5,600.0,0.5351351351351351,47
child_spatial_s33_odd_even_blocks_b1,16,6,720.0,0.46749999999999997,50
child_spatial_s33_odd_even_blocks_b1,17,0,0.0,0.59375,41
child_spatial_s33_odd_even_blocks_b1,17,1,120.0,0.5569444444444445,49
child_spatial_s33_odd_even_blocks_b1,17,5,600.0,0.5459459459459459,47
child_spatial_s33_odd_even_blocks_b1,18,0,0.0,0.4932432432432432,49
child_spatial_s33_odd_even_blocks_b1,18,2,240.0,0.47447447447447444,46
child_spatial_s33_odd_even_blocks_b1,18,3,360.0,0.5973684210526315,48
child_spatial_s33_odd_even_blocks_b1,18,4,480.0,0.4414634146341463,51
child_spatial_s33_odd_even_blocks_b1,18,5,600.0,0.6111111111111112,47
child_spatial_s33_odd_even_blocks_b1,18,6,720.0,0.5264550264550264,51
child_spatial_s33_odd_even_blocks_b1,19,0,0.0,0.5296052631578947,50
child_spatial_s33_odd_even_blocks_b1,19,1,120.0,0.4600000000000001,50
child_spatial_s33_odd_even_blocks_b1,19,2,240.0,0.6205128205128205,49
child_spatial_s33_odd_even_blocks_b1,19,3,360.0,0.5675,50
child_spatial_s33_odd_even_blocks_b1,19,4,480.0,0.4195121951219512,51
child_spatial_s33_odd_even_blocks_b1,19,5,600.0,0.4269230769230769,49
child_spatial_s33_odd_even_blocks_b1,19,6,720.0,0.570460704607046,50
child_spatial_s33_odd_even_blocks_b1,20,0,0.0,0.625,97
child_spatial_s33_odd_even_blocks_b1,20,1,120.0,0.3724696356275303,97
child_spatial_s33_odd_even_blocks_b1,20,2,240.0,0.5515647226173541,93
child_spatial_s33_odd_even_blocks_b1,20,3,360.0,0.5373134328358209,85
child_spatial_s33_odd_even_blocks_b1,20,4,480.0,0.4414473684210526,96
child_spatial_s33_odd_even_blocks_b1,20,5,600.0,0.46683489545782264,92
child_spatial_s33_odd_even_blocks_b1,20,6,720.0,0.35950044603033005,78
child_spatial_s33_odd_even_blocks_b1,21,0,0.0,0.6241935483870967,41
child_spatial_s33_odd_even_blocks_b1,21,1,120.0,0.3362573099415205,47
child_spatial_s33_odd_even_blocks_b1,21,2,240.0,0.5495495495495495,46
child_spatial_s33_odd_even_blocks_b1,21,3,360.0,0.509090909090909,43
child_spatial_s33_odd_even_blocks_b1,21,4,480.0,0.4151785714285714,36
child_spatial_s33_odd_even_blocks_b1,21,5,600.0,0.6236559139784946,40
child_spatial_s33_odd_even_blocks_b1,22,0,0.0,0.43619047619047624,50
child_spatial_s33_odd_even_blocks_b1,22,1,120.0,0.5228758169934641,60
child_spatial_s33_odd_even_blocks_b1,22,2,240.0,0.5249999999999999,38
child_spatial_s33_odd_even_blocks_b1,22,3,360.0,0.5219512195121951,51
child_spatial_s33_odd_even_blocks_b1,22,4,480.0,0.6691176470588235,42
child_spatial_s33_odd_even_blocks_b1,22,6,720.0,0.4575,50
child_spatial_s33_odd_even_blocks_b1,23,0,0.0,0.43981481481481477,48
child_spatial_s33_odd_even_blocks_b1,23,1,120.0,0.6891534391534391,51
child_spatial_s33_odd_even_blocks_b1,23,2,240.0,0.53375,50
child_spatial_s33_odd_even_blocks_b1,23,3,360.0,0.6013986013986015,50
child_spatial_s33_odd_even_blocks_b1,23,4,480.0,0.49634146341463414,51
child_spatial_s33_odd_even_blocks_b1,23,5,600.0,0.3,50
child_spatial_s33_odd_even_blocks_b1,23,6,720.0,0.5026455026455027,51
child_spatial_s33_odd_even_blocks_b1,24,0,0.0,0.5138888888888888,68
child_spatial_s33_odd_even_blocks_b1,24,1,120.0,0.49471830985915494,87
child_spatial_s33_odd_even_blocks_b1,24,2,240.0,0.4603896103896104,97
child_spatial_s33_odd_even_blocks_b1,24,3,360.0,0.4436392914653784,87
child_spatial_s33_odd_even_blocks_b1,24,4,480.0,0.4767932489451477,100
child_spatial_s33_odd_even_blocks_b1,24,5,600.0,0.545,100
child_spatial_s33_odd_even_blocks_b1,24,6,720.0,0.49935815147625157,101
child_spatial_s33_odd_even_blocks_b1,25,0,0.0,0.5443469785575049,75
child_spatial_s33_odd_even_blocks_b1,25,1,120.0,0.5401785714285714,86
child_spatial_s33_odd_even_blocks_b1,25,2,240.0,0.5170886075949367,99
child_spatial_s33_odd_even_blocks_b1,25,3,360.0,0.5472921434019832,88
child_spatial_s33_odd_even_blocks_b1,25,4,480.0,0.33817567567567564,94
child_spatial_s33_odd_even_blocks_b1,25,5,600.0,0.615686274509804,77
child_spatial_s33_odd_even_blocks_b1,25,6,720.0,0.5221940393151553,102
child_spatial_s33_odd_even_blocks_b1,26,0,0.0,0.5544871794871795,51
child_spatial_s33_odd_even_blocks_b1,26,1,120.0,0.47289972899728994,50
child_spatial_s33_odd_even_blocks_b1,26,2,240.0,0.4175,50
child_spatial_s33_odd_even_blocks_b1,26,3,360.0,0.402027027027027,45
child_spatial_s33_odd_even_blocks_b1,26,4,480.0,0.5825,50
child_spatial_s33_odd_even_blocks_b1,26,5,600.0,0.5694444444444444,46
child_spatial_s33_odd_even_blocks_b1,26,6,720.0,0.5756097560975609,51
child_spatial_s33_odd_even_blocks_b1,27,0,0.0,0.5543981481481481,48
child_spatial_s33_odd_even_blocks_b1,27,1,120.0,0.6490514905149052,50
child_spatial_s33_odd_even_blocks_b1,27,2,240.0,0.645,50
child_spatial_s33_odd_even_blocks_b1,27,3,360.0,0.48500000000000004,50
child_spatial_s33_odd_even_blocks_b1,27,4,480.0,0.5894736842105264,48
child_spatial_s33_odd_even_blocks_b1,27,5,600.0,0.27625,50
child_spatial_s33_odd_even_blocks_b1,27,6,720.0,0.45257452574525747,50
child_spatial_s33_odd_even_blocks_b1,30,0,0.0,0.41420118343195267,52
child_spatial_s33_odd_even_blocks_b1,30,1,120.0,0.45731707317073167,51
child_spatial_s33_odd_even_blocks_b1,30,2,240.0,0.5951219512195122,51
child_spatial_s33_odd_even_blocks_b1,30,3,360.0,0.7002457002457002,48
child_spatial_s33_odd_even_blocks_b1,30,4,480.0,0.6097560975609756,51
child_spatial_s33_odd_even_blocks_b1,30,5,600.0,0.5707317073170732,51
child_spatial_s33_odd_even_blocks_b1,30,6,720.0,0.6743902439024391,51
child_spatial_s33_odd_even_blocks_b1,31,0,0.0,0.48373333333333335,100
child_spatial_s33_odd_even_blocks_b1,31,1,120.0,0.6289140572951366,98
child_spatial_s33_odd_even_blocks_b1,31,2,240.0,0.4797619047619048,88
child_spatial_s33_odd_even_blocks_b1,31,3,360.0,0.41877637130801687,97
child_spatial_s33_odd_even_blocks_b1,31,4,480.0,0.558390022675737,77
child_spatial_s33_odd_even_blocks_b1,31,5,600.0,0.4011437908496732,89
child_spatial_s33_odd_even_blocks_b1,31,6,720.0,0.38195004029008867,90
child_spatial_s33_odd_even_blocks_b1,32,0,0.0,0.42200854700854706,51
child_spatial_s33_odd_even_blocks_b1,32,1,120.0,0.7140921409214092,50
child_spatial_s33_odd_even_blocks_b1,32,2,240.0,0.5325,50
child_spatial_s33_odd_even_blocks_b1,32,3,360.0,0.64,50
child_spatial_s33_odd_even_blocks_b1,32,4,480.0,0.5926829268292683,51
child_spatial_s33_odd_even_blocks_b1,32,5,600.0,0.65,50
child_spatial_s33_odd_even_blocks_b1,32,6,720.0,0.46296296296296297,51
child_spatial_s33_odd_even_blocks_b1,33,0,0.0,0.5714285714285714,46
child_spatial_s33_odd_even_blocks_b1,33,1,120.0,0.3605263157894737,48
child_spatial_s33_odd_even_blocks_b1,33,2,240.0,0.4895104895104895,50
child_spatial_s33_odd_even_blocks_b1,33,3,360.0,0.305,50
child_spatial_s33_odd_even_blocks_b1,33,4,480.0,0.5725000000000001,50
child_spatial_s33_odd_even_blocks_b1,33,5,600.0,0.6480186480186481,50
child_spatial_s33_odd_even_blocks_b1,33,6,720.0,0.5531250000000001,48
child_spatial_s33_odd_even_blocks_b1,34,0,0.0,0.4423076923076923,51
child_spatial_s33_odd_even_blocks_b1,34,1,120.0,0.6425000000000001,50
child_spatial_s33_odd_even_blocks_b1,34,2,240.0,0.5159090909090909,51
child_spatial_s33_odd_even_blocks_b1,34,3,360.0,0.2975609756097561,51
child_spatial_s33_odd_even_blocks_b1,34,4,480.0,0.5317073170731708,51
child_spatial_s33_odd_even_blocks_b1,34,5,600.0,0.6175,50
child_spatial_s33_odd_even_blocks_b1,34,6,720.0,0.495,50
child_spatial_s33_odd_even_blocks_b1,35,0,0.0,0.39639639639639646,49
child_spatial_s33_odd_even_blocks_b1,35,2,240.0,0.51,50
child_spatial_s33_odd_even_blocks_b1,35,3,360.0,0.3960526315789473,48
child_spatial_s33_odd_even_blocks_b1,35,4,480.0,0.3375,50
child_spatial_s33_odd_even_blocks_b1,35,5,600.0,0.654054054054054,47
child_spatial_s33_odd_even_blocks_b1,35,6,720.0,0.4216216216216216,47
child_spatial_s33_odd_even_blocks_b1,36,0,0.0,0.6052631578947368,49
child_spatial_s33_odd_even_blocks_b1,36,1,120.0,0.19791666666666669,44
child_spatial_s33_odd_even_blocks_b1,36,3,360.0,0.5675990675990675,50
child_spatial_s33_odd_even_blocks_b1,36,4,480.0,0.42165242165242167,48
child_spatial_s33_odd_even_blocks_b1,36,5,600.0,0.49624999999999997,50
child_spatial_s33_odd_even_blocks_b1,37,0,0.0,0.4821428571428571,38
child_spatial_s33_odd_even_blocks_b1,37,1,120.0,0.45833333333333337,41
child_spatial_s33_odd_even_blocks_b1,37,2,240.0,0.3916666666666667,38
child_spatial_s33_odd_even_blocks_b1,37,3,360.0,0.5714285714285714,37
child_spatial_s33_odd_even_blocks_b1,37,4,480.0,0.3,38
child_spatial_s33_odd_even_blocks_b1,37,5,600.0,0.37828947368421056,46
child_spatial_s33_odd_even_blocks_b1,38,0,0.0,0.5733805668016194,102
child_spatial_s33_odd_even_blocks_b1,38,1,120.0,0.5464135021097047,97
child_spatial_s33_odd_even_blocks_b1,38,2,240.0,0.525030525030525,99
child_spatial_s33_odd_even_blocks_b1,38,3,360.0,0.795679012345679,101
child_spatial_s33_odd_even_blocks_b1,38,4,480.0,0.6161585365853659,102
child_spatial_s33_odd_even_blocks_b1,38,5,600.0,0.6713815789473684,99
child_spatial_s33_odd_even_blocks_b1,38,6,720.0,0.515625,100
child_spatial_s33_odd_even_blocks_b1,39,0,0.0,0.49572649572649574,51
child_spatial_s33_odd_even_blocks_b1,39,1,120.0,0.5338753387533876,50
child_spatial_s33_odd_even_blocks_b1,39,2,240.0,0.2325,50
child_spatial_s33_odd_even_blocks_b1,39,3,360.0,0.5414634146341464,51
child_spatial_s33_odd_even_blocks_b1,39,4,480.0,0.4560975609756097,51
child_spatial_s33_odd_even_blocks_b1,39,5,600.0,0.5249999999999999,50
child_spatial_s33_odd_even_blocks_b1,39,6,720.0,0.526829268292683,51
child_spatial_s33_odd_even_blocks_b1,40,0,0.0,0.6258064516129033,41
child_spatial_s33_odd_even_blocks_b1,40,6,720.0,0.3088235294117647,42
child_spatial_s33_odd_even_blocks_b1,41,1,120.0,0.5900000000000001,50
child_spatial_s33_odd_even_blocks_b1,41,2,240.0,0.6260162601626016,50
child_spatial_s33_odd_even_blocks_b1,41,3,360.0,0.6444444444444445,49
child_spatial_s33_odd_even_blocks_b1,41,4,480.0,0.2916666666666667,49
child_spatial_s33_odd_even_blocks_b1,41,5,600.0,0.6291866028708133,49
child_spatial_s33_odd_even_blocks_b1,41,6,720.0,0.4019138755980861,49
child_spatial_s33_odd_even_blocks_b1,42,0,0.0,0.47607655502392343,49
child_spatial_s33_odd_even_blocks_b1,42,1,120.0,0.5826558265582655,50
child_spatial_s33_odd_even_blocks_b1,42,2,240.0,0.5611111111111111,49
child_spatial_s33_odd_even_blocks_b1,42,3,360.0,0.45555555555555555,49
child_spatial_s33_odd_even_blocks_b1,42,4,480.0,0.355,50
child_spatial_s33_odd_even_blocks_b1,42,5,600.0,0.6025,50
child_spatial_s33_odd_even_blocks_b1,42,6,720.0,0.42005420054200543,50
child_spatial_s33_odd_even_blocks_b1,43,0,0.0,0.5235042735042735,49
child_spatial_s33_odd_even_blocks_b1,43,1,120.0,0.6097560975609756,50
child_spatial_s33_odd_even_blocks_b1,43,2,240.0,0.5249999999999999,49
child_spatial_s33_odd_even_blocks_b1,43,3,360.0,0.4292682926829269,51
child_spatial_s33_odd_even_blocks_b1,43,4,480.0,0.4512195121951219,51
child_spatial_s33_odd_even_blocks_b1,43,5,600.0,0.41737891737891736,48
child_spatial_s33_odd_even_blocks_b1,43,6,720.0,0.5527777777777778,49
child_spatial_s33_odd_even_blocks_b1,44,0,0.0,0.545045045045045,49
child_spatial_s33_odd_even_blocks_b1,44,2,240.0,0.4451612903225806,41
child_spatial_s33_odd_even_blocks_b1,44,3,360.0,0.4714285714285714,43
child_spatial_s33_odd_even_blocks_b1,44,5,600.0,0.5601851851851851,35
child_spatial_s33_odd_even_blocks_b1,44,6,720.0,0.46883468834688347,50
child_spatial_s33_odd_even_blocks_b1,45,0,0.0,0.43017127799736493,89
child_spatial_s33_odd_even_blocks_b1,45,1,120.0,0.49090318388564,100
child_spatial_s33_odd_even_blocks_b1,45,2,240.0,0.49350649350649345,98
child_spatial_s33_odd_even_blocks_b1,45,3,360.0,0.33397435897435895,98
child_spatial_s33_odd_even_blocks_b1,45,4,480.0,0.5467372134038802,102
child_spatial_s33_odd_even_blocks_b1,45,5,600.0,0.5133614627285514,97
child_spatial_s33_odd_even_blocks_b1,45,6,720.0,0.5414634146341464,102
child_spatial_s33_odd_even_blocks_b1,46,0,0.0,0.6666666666666667,47
child_spatial_s33_odd_even_blocks_b1,46,2,240.0,0.7027027027027027,47
child_spatial_s33_odd_even_blocks_b1,46,3,360.0,0.4853658536585366,51
child_spatial_s33_odd_even_blocks_b1,46,4,480.0,0.31,40
child_spatial_s33_odd_even_blocks_b1,46,6,720.0,0.6416666666666666,49
child_spatial_s33_odd_even_blocks_b1,47,0,0.0,0.5405982905982907,51
child_spatial_s33_odd_even_blocks_b1,47,1,120.0,0.4959349593495935,50
child_spatial_s33_odd_even_blocks_b1,47,2,240.0,0.4625,50
child_spatial_s33_odd_even_blocks_b1,47,3,360.0,0.6025,50
child_spatial_s33_odd_even_blocks_b1,47,4,480.0,0.565,50
child_spatial_s33_odd_even_blocks_b1,47,5,600.0,0.46585365853658534,51
child_spatial_s33_odd_even_blocks_b1,47,6,720.0,0.6558265582655827,50
child_spatial_s33_odd_even_blocks_b1,48,0,0.0,0.45679012345679015,36
child_spatial_s33_odd_even_blocks_b1,48,1,120.0,0.47777777777777775,46
child_spatial_s33_odd_even_blocks_b1,48,3,360.0,0.3878048780487805,51
child_spatial_s33_odd_even_blocks_b1,48,4,480.0,0.3627450980392157,43
child_spatial_s33_odd_even_blocks_b1,49,0,0.0,0.3993993993993994,46
child_spatial_s33_odd_even_blocks_b1,49,1,120.0,0.489159891598916,50
child_spatial_s33_odd_even_blocks_b1,49,2,240.0,0.6175,50
child_spatial_s33_odd_even_blocks_b1,49,3,360.0,0.4780487804878049,51
child_spatial_s33_odd_even_blocks_b1,49,4,480.0,0.4292682926829268,51
child_spatial_s33_odd_even_blocks_b1,49,5,600.0,0.5725,50
child_spatial_s33_odd_even_blocks_b1,49,6,720.0,0.7018970189701896,50
child_spatial_s33_odd_even_blocks_b1,50,0,0.0,0.5137931034482758,39
child_spatial_s33_odd_even_blocks_b1,50,2,240.0,0.45833333333333337,33
child_spatial_s33_odd_even_blocks_b1,50,4,480.0,0.5325,50
child_spatial_s33_odd_even_blocks_b1,50,6,720.0,0.5487804878048781,49
child_spatial_s33_odd_even_blocks_b1,51,0,0.0,0.4380583680762359,96
child_spatial_s33_odd_even_blocks_b1,51,1,120.0,0.5165692007797271,100
child_spatial_s33_odd_even_blocks_b1,51,2,240.0,0.5828125,100
child_spatial_s33_odd_even_blocks_b1,51,3,360.0,0.48,95
child_spatial_s33_odd_even_blocks_b1,51,4,480.0,0.4805555555555555,101
child_spatial_s33_odd_even_blocks_b1,51,5,600.0,0.46902065289806794,98
child_spatial_s33_odd_even_blocks_b1,51,6,720.0,0.5428849902534113,100
child_spatial_s33_odd_even_blocks_b1,52,0,0.0,0.3716216216216216,49
child_spatial_s33_odd_even_blocks_b1,52,1,120.0,0.46070460704607047,50
child_spatial_s33_odd_even_blocks_b1,52,2,240.0,0.5525,50
child_spatial_s33_odd_even_blocks_b1,52,3,360.0,0.6223776223776224,50
child_spatial_s33_odd_even_blocks_b1,52,4,480.0,0.3780487804878049,51
child_spatial_s33_odd_even_blocks_b1,52,5,600.0,0.6756410256410257,49
child_spatial_s33_odd_even_blocks_b1,52,6,720.0,0.5230352303523035,50
child_spatial_s33_odd_even_blocks_b1,53,0,0.0,0.36590436590436587,50
child_spatial_s33_odd_even_blocks_b1,53,1,120.0,0.44000000000000006,50
child_spatial_s33_odd_even_blocks_b1,53,2,240.0,0.4075,50
child_spatial_s33_odd_even_blocks_b1,53,3,360.0,0.475,50
child_spatial_s33_odd_even_blocks_b1,53,4,480.0,0.45,50
child_spatial_s33_odd_even_blocks_b1,53,5,600.0,0.49473684210526314,48
child_spatial_s33_odd_even_blocks_b1,53,6,720.0,0.6347222222222222,49
child_spatial_s33_odd_even_blocks_b1,54,0,0.0,0.40485829959514175,51
child_spatial_s33_odd_even_blocks_b1,54,1,120.0,0.6849999999999999,50
child_spatial_s33_odd_even_blocks_b1,54,2,240.0,0.39,50
child_spatial_s33_odd_even_blocks_b1,54,3,360.0,0.4659090909090909,51
child_spatial_s33_odd_even_blocks_b1,54,4,480.0,0.561111111111111,49
child_spatial_s33_odd_even_blocks_b1,54,5,600.0,0.6612466124661247,50
child_spatial_s33_odd_even_blocks_b1,54,6,720.0,0.46585365853658534,51
child_spatial_s33_odd_even_blocks_b1,56,0,0.0,0.5222672064777328,51
child_spatial_s33_odd_even_blocks_b1,56,1,120.0,0.6287262872628726,50
child_spatial_s33_odd_even_blocks_b1,56,2,240.0,0.525,50
child_spatial_s33_odd_even_blocks_b1,56,3,360.0,0.5979020979020979,50
child_spatial_s33_odd_even_blocks_b1,56,4,480.0,0.46612466124661245,50
child_spatial_s33_odd_even_blocks_b1,56,5,600.0,0.5175000000000001,50
child_spatial_s33_odd_even_blocks_b1,56,6,720.0,0.5804878048780489,51
child_spatial_s33_odd_even_blocks_b1,57,0,0.0,0.5050607287449392,51
child_spatial_s33_odd_even_blocks_b1,57,1,120.0,0.45257452574525747,50
child_spatial_s33_odd_even_blocks_b1,57,2,240.0,0.46625,50
child_spatial_s33_odd_even_blocks_b1,57,3,360.0,0.55875,50
child_spatial_s33_odd_even_blocks_b1,57,4,480.0,0.4475,50
child_spatial_s33_odd_even_blocks_b1,57,5,600.0,0.4275,50
child_spatial_s33_odd_even_blocks_b1,57,6,720.0,0.6097560975609756,51
child_spatial_s33_odd_even_blocks_b1,58,0,0.0,0.5202702702702703,49
child_spatial_s33_odd_even_blocks_b1,58,1,120.0,0.4256410256410256,49
child_spatial_s33_odd_even_blocks_b1,58,2,240.0,0.6794258373205742,49
child_spatial_s33_odd_even_blocks_b1,58,3,360.0,0.5229729729729731,47
child_spatial_s33_odd_even_blocks_b1,58,4,480.0,0.5921052631578947,48
child_spatial_s33_odd_even_blocks_b1,58,5,600.0,0.33125,50
child_spatial_s33_odd_even_blocks_b1,59,0,0.0,0.5468421052631579,101
child_spatial_s33_odd_even_blocks_b1,59,1,120.0,0.4670219853431046,98
child_spatial_s33_odd_even_blocks_b1,59,2,240.0,0.6120634920634921,96
child_spatial_s33_odd_even_blocks_b1,59,3,360.0,0.5455729166666666,82
child_spatial_s33_odd_even_blocks_b1,59,4,480.0,0.6331811263318112,91
child_spatial_s33_odd_even_blocks_b1,59,5,600.0,0.6570135746606335,82
child_spatial_s33_odd_even_blocks_b1,59,6,720.0,0.4961953075459734,102
child_spatial_s33_odd_even_blocks_b1,61,0,0.0,0.5021367521367521,51
child_spatial_s33_odd_even_blocks_b1,61,1,120.0,0.6282051282051282,47
child_spatial_s33_odd_even_blocks_b1,61,2,240.0,0.4189189189189189,47
child_spatial_s33_odd_even_blocks_b1,61,3,360.0,0.45663956639566394,50
child_spatial_s33_odd_even_blocks_b1,61,4,480.0,0.5208333333333334,38
child_spatial_s33_odd_even_blocks_b1,61,5,600.0,0.5,41
child_spatial_s33_odd_even_blocks_b1,61,6,720.0,0.5885885885885885,46
child_spatial_s33_odd_even_blocks_b1,62,0,0.0,0.562200956937799,49
child_spatial_s33_odd_even_blocks_b1,62,2,240.0,0.5033670033670034,42
child_spatial_s33_odd_even_blocks_b1,62,3,360.0,0.7039312039312039,48
child_spatial_s33_odd_even_blocks_b1,62,4,480.0,0.41904761904761906,44
child_spatial_s33_odd_even_blocks_b1,62,5,600.0,0.48055555555555557,46
child_spatial_s33_odd_even_blocks_b1,62,6,720.0,0.4175084175084175,42
child_spatial_s33_odd_even_blocks_b1,63,0,0.0,0.39705882352941174,44
child_spatial_s33_odd_even_blocks_b1,63,1,120.0,0.3306233062330623,50
child_spatial_s33_odd_even_blocks_b1,63,2,240.0,0.3025641025641026,49
child_spatial_s33_odd_even_blocks_b1,63,3,360.0,0.47000000000000003,50
child_spatial_s33_odd_even_blocks_b1,63,4,480.0,0.7847222222222222,44
child_spatial_s33_odd_even_blocks_b1,63,5,600.0,0.38671875,40
child_spatial_s33_odd_even_blocks_b1,63,6,720.0,0.4956140350877193,47
child_spatial_s33_odd_even_blocks_b1,64,0,0.0,0.5142543859649122,50
child_spatial_s33_odd_even_blocks_b1,64,1,120.0,0.5663956639566395,50
child_spatial_s33_odd_even_blocks_b1,64,2,240.0,0.40243902439024387,51
child_spatial_s33_odd_even_blocks_b1,64,3,360.0,0.6186186186186186,46
child_spatial_s33_odd_even_blocks_b1,64,4,480.0,0.597560975609756,51
child_spatial_s33_odd_even_blocks_b1,64,5,600.0,0.49999999999999994,46
child_spatial_s33_odd_even_blocks_b1,64,6,720.0,0.36341463414634145,51
child_spatial_s33_odd_even_blocks_b1,65,0,0.0,0.4508547008547009,51
child_spatial_s33_odd_even_blocks_b1,65,1,120.0,0.3611111111111111,49
child_spatial_s33_odd_even_blocks_b1,65,2,240.0,0.55,50
child_spatial_s33_odd_even_blocks_b1,65,3,360.0,0.36097560975609755,51
child_spatial_s33_odd_even_blocks_b1,65,4,480.0,0.4560975609756097,51
child_spatial_s33_odd_even_blocks_b1,65,5,600.0,0.4675,50
child_spatial_s33_odd_even_blocks_b1,65,6,720.0,0.35,50
child_spatial_s33_odd_even_blocks_b1,66,0,0.0,0.5733333333333333,40
child_spatial_s33_odd_even_blocks_b1,66,1,120.0,0.4307692307692308,49
child_spatial_s33_odd_even_blocks_b1,66,2,240.0,0.5763888888888888,41
child_spatial_s33_odd_even_blocks_b1,66,4,480.0,0.5795454545454546,51
child_spatial_s33_odd_even_blocks_b1,66,5,600.0,0.6083916083916083,50
child_spatial_s33_odd_even_blocks_b1,66,6,720.0,0.48765432098765427,45
child_spatial_s33_odd_even_blocks_b1,67,0,0.0,0.41666666666666663,49
child_spatial_s33_odd_even_blocks_b1,67,1,120.0,0.6504065040650406,50
child_spatial_s33_odd_even_blocks_b1,67,2,240.0,0.395,50
child_spatial_s33_odd_even_blocks_b1,67,3,360.0,0.3425,50
child_spatial_s33_odd_even_blocks_b1,67,4,480.0,0.534965034965035,50
child_spatial_s33_odd_even_blocks_b1,67,5,600.0,0.4975,50
child_spatial_s33_odd_even_blocks_b1,67,6,720.0,0.54,50
child_spatial_s33_odd_even_blocks_b1,68,0,0.0,0.7193548387096774,41
child_spatial_s33_odd_even_blocks_b1,69,0,0.0,0.5263157894736843,50
child_spatial_s33_odd_even_blocks_b1,69,1,120.0,0.4567901234567901,45
child_spatial_s33_odd_even_blocks_b1,69,2,240.0,0.2425,50
child_spatial_s33_odd_even_blocks_b1,69,3,360.0,0.46022727272727276,51
child_spatial_s33_odd_even_blocks_b1,69,4,480.0,0.5461538461538462,49
child_spatial_s33_odd_even_blocks_b1,69,5,600.0,0.33499999999999996,50
child_spatial_s33_odd_even_blocks_b1,69,6,720.0,0.4801587301587301,51
child_spatial_s33_odd_even_blocks_b1,70,0,0.0,0.4659498207885305,40
child_spatial_s33_odd_even_blocks_b1,70,1,120.0,0.5390625,40
child_spatial_s33_odd_even_blocks_b1,70,3,360.0,0.46944444444444444,46
child_spatial_s33_odd_even_blocks_b1,70,4,480.0,0.47514619883040937,47
child_spatial_s33_odd_even_blocks_b1,70,6,720.0,0.515625,40
child_spatial_s33_odd_even_blocks_b1,71,0,0.0,0.5949074074074074,48
child_spatial_s33_odd_even_blocks_b1,71,1,120.0,0.4932249322493225,50
child_spatial_s33_odd_even_blocks_b1,71,2,240.0,0.32162162162162167,47
child_spatial_s33_odd_even_blocks_b1,71,3,360.0,0.6575,50
child_spatial_s33_odd_even_blocks_b1,71,4,480.0,0.4326923076923077,34
child_spatial_s33_odd_even_blocks_b1,71,5,600.0,0.4387464387464388,48
child_spatial_s33_odd_even_blocks_b1,71,6,720.0,0.6071428571428572,36
child_spatial_s33_odd_even_blocks_b1,72,2,240.0,0.6399999999999999,45
child_spatial_s33_odd_even_blocks_b1,72,3,360.0,0.3725,50
child_spatial_s33_odd_even_blocks_b1,72,4,480.0,0.611111111111111,39
