fit_index,packet,mode,population,family,view,outer_fold,inner_fold,fit_stage,neural,window,n_fit_groups,n_validation_groups,C,lam,penalty,record_index,world_index,mechanism
0,N1,R_SIM,P_nat,logistic,H,0.0,0.0,inner,False,paired,33.0,14.0,1.0,,,,,
1,N1,R_SIM,P_nat,logistic,H,0.0,1.0,inner,False,paired,34.0,13.0,1.0,,,,,
2,N1,R_SIM,P_nat,logistic,H,0.0,2.0,inner,False,paired,34.0,13.0,1.0,,,,,
3,N1,R_SIM,P_nat,logistic,H,0.0,,final,False,paired,47.0,0.0,1.0,,,,,
4,N1,R_SIM,P_nat,logistic,HP,0.0,0.0,inner,False,paired,33.0,14.0,1.0,,,,,
5,N1,R_SIM,P_nat,logistic,HP,0.0,1.0,inner,False,paired,34.0,13.0,1.0,,,,,
6,N1,R_SIM,P_nat,logistic,HP,0.0,2.0,inner,False,paired,34.0,13.0,1.0,,,,,
7,N1,R_SIM,P_nat,logistic,HP,0.0,,final,False,paired,47.0,0.0,1.0,,,,,
8,N1,R_SIM,P_nat,logistic,HB,0.0,0.0,inner,False,paired,33.0,14.0,1.0,,,,,
9,N1,R_SIM,P_nat,logistic,HB,0.0,1.0,inner,False,paired,34.0,13.0,1.0,,,,,
10,N1,R_SIM,P_nat,logistic,HB,0.0,2.0,inner,False,paired,34.0,13.0,1.0,,,,,
11,N1,R_SIM,P_nat,logistic,HB,0.0,,final,False,paired,47.0,0.0,1.0,,,,,
12,N1,R_SIM,P_nat,logistic,HPB,0.0,0.0,inner,False,paired,33.0,14.0,1.0,,,,,
13,N1,R_SIM,P_nat,logistic,HPB,0.0,1.0,inner,False,paired,34.0,13.0,1.0,,,,,
14,N1,R_SIM,P_nat,logistic,HPB,0.0,2.0,inner,False,paired,34.0,13.0,1.0,,,,,
15,N1,R_SIM,P_nat,logistic,HPB,0.0,,final,False,paired,47.0,0.0,1.0,,,,,
16,N1,R_SIM,P_nat,logistic,HPP,0.0,0.0,inner,False,paired,33.0,14.0,1.0,,,,,
17,N1,R_SIM,P_nat,logistic,HPP,0.0,1.0,inner,False,paired,34.0,13.0,1.0,,,,,
18,N1,R_SIM,P_nat,logistic,HPP,0.0,2.0,inner,False,paired,34.0,13.0,1.0,,,,,
19,N1,R_SIM,P_nat,logistic,HPP,0.0,,final,False,paired,47.0,0.0,1.0,,,,,
20,N1,R_SIM,P_nat,logistic,HPBnoise,0.0,0.0,inner,False,paired,33.0,14.0,1.0,,,,,
21,N1,R_SIM,P_nat,logistic,HPBnoise,0.0,1.0,inner,False,paired,34.0,13.0,1.0,,,,,
22,N1,R_SIM,P_nat,logistic,HPBnoise,0.0,2.0,inner,False,paired,34.0,13.0,1.0,,,,,
23,N1,R_SIM,P_nat,logistic,HPBnoise,0.0,,final,False,paired,47.0,0.0,1.0,,,,,
24,N1,R_SIM,P_nat,mlp32,H,0.0,0.0,inner,True,paired,33.0,14.0,,0.001,,,,
25,N1,R_SIM,P_nat,mlp32,H,0.0,1.0,inner,True,paired,34.0,13.0,,0.001,,,,
26,N1,R_SIM,P_nat,mlp32,H,0.0,2.0,inner,True,paired,34.0,13.0,,0.001,,,,
27,N1,R_SIM,P_nat,mlp32,H,0.0,,final,True,paired,47.0,0.0,,0.001,,,,
28,N1,R_SIM,P_nat,mlp32,HP,0.0,0.0,inner,True,paired,33.0,14.0,,0.001,,,,
29,N1,R_SIM,P_nat,mlp32,HP,0.0,1.0,inner,True,paired,34.0,13.0,,0.001,,,,
30,N1,R_SIM,P_nat,mlp32,HP,0.0,2.0,inner,True,paired,34.0,13.0,,0.001,,,,
31,N1,R_SIM,P_nat,mlp32,HP,0.0,,final,True,paired,47.0,0.0,,0.001,,,,
32,N1,R_SIM,P_nat,mlp32,HB,0.0,0.0,inner,True,paired,33.0,14.0,,0.001,,,,
33,N1,R_SIM,P_nat,mlp32,HB,0.0,1.0,inner,True,paired,34.0,13.0,,0.001,,,,
34,N1,R_SIM,P_nat,mlp32,HB,0.0,2.0,inner,True,paired,34.0,13.0,,0.001,,,,
35,N1,R_SIM,P_nat,mlp32,HB,0.0,,final,True,paired,47.0,0.0,,0.001,,,,
36,N1,R_SIM,P_nat,mlp32,HPB,0.0,0.0,inner,True,paired,33.0,14.0,,0.001,,,,
37,N1,R_SIM,P_nat,mlp32,HPB,0.0,1.0,inner,True,paired,34.0,13.0,,0.001,,,,
38,N1,R_SIM,P_nat,mlp32,HPB,0.0,2.0,inner,True,paired,34.0,13.0,,0.001,,,,
39,N1,R_SIM,P_nat,mlp32,HPB,0.0,,final,True,paired,47.0,0.0,,0.001,,,,
40,N1,R_SIM,P_nat,mlp32,HPP,0.0,0.0,inner,True,paired,33.0,14.0,,0.001,,,,
41,N1,R_SIM,P_nat,mlp32,HPP,0.0,1.0,inner,True,paired,34.0,13.0,,0.001,,,,
42,N1,R_SIM,P_nat,mlp32,HPP,0.0,2.0,inner,True,paired,34.0,13.0,,0.001,,,,
43,N1,R_SIM,P_nat,mlp32,HPP,0.0,,final,True,paired,47.0,0.0,,0.001,,,,
44,N1,R_SIM,P_nat,mlp32,HPBnoise,0.0,0.0,inner,True,paired,33.0,14.0,,0.001,,,,
45,N1,R_SIM,P_nat,mlp32,HPBnoise,0.0,1.0,inner,True,paired,34.0,13.0,,0.001,,,,
46,N1,R_SIM,P_nat,mlp32,HPBnoise,0.0,2.0,inner,True,paired,34.0,13.0,,0.001,,,,
47,N1,R_SIM,P_nat,mlp32,HPBnoise,0.0,,final,True,paired,47.0,0.0,,0.001,,,,
48,N1,R_SIM,P_bal,logistic,H,0.0,0.0,inner,False,paired,33.0,14.0,1.0,,,,,
49,N1,R_SIM,P_bal,logistic,H,0.0,1.0,inner,False,paired,34.0,13.0,1.0,,,,,
50,N1,R_SIM,P_bal,logistic,H,0.0,2.0,inner,False,paired,34.0,13.0,1.0,,,,,
51,N1,R_SIM,P_bal,logistic,H,0.0,,final,False,paired,47.0,0.0,1.0,,,,,
52,N1,R_SIM,P_bal,logistic,HP,0.0,0.0,inner,False,paired,33.0,14.0,1.0,,,,,
53,N1,R_SIM,P_bal,logistic,HP,0.0,1.0,inner,False,paired,34.0,13.0,1.0,,,,,
54,N1,R_SIM,P_bal,logistic,HP,0.0,2.0,inner,False,paired,34.0,13.0,1.0,,,,,
55,N1,R_SIM,P_bal,logistic,HP,0.0,,final,False,paired,47.0,0.0,1.0,,,,,
56,N1,R_SIM,P_bal,logistic,HB,0.0,0.0,inner,False,paired,33.0,14.0,1.0,,,,,
57,N1,R_SIM,P_bal,logistic,HB,0.0,1.0,inner,False,paired,34.0,13.0,1.0,,,,,
58,N1,R_SIM,P_bal,logistic,HB,0.0,2.0,inner,False,paired,34.0,13.0,1.0,,,,,
59,N1,R_SIM,P_bal,logistic,HB,0.0,,final,False,paired,47.0,0.0,1.0,,,,,
60,N1,R_SIM,P_bal,logistic,HPB,0.0,0.0,inner,False,paired,33.0,14.0,1.0,,,,,
61,N1,R_SIM,P_bal,logistic,HPB,0.0,1.0,inner,False,paired,34.0,13.0,1.0,,,,,
62,N1,R_SIM,P_bal,logistic,HPB,0.0,2.0,inner,False,paired,34.0,13.0,1.0,,,,,
63,N1,R_SIM,P_bal,logistic,HPB,0.0,,final,False,paired,47.0,0.0,1.0,,,,,
64,N1,R_SIM,P_bal,logistic,HPP,0.0,0.0,inner,False,paired,33.0,14.0,1.0,,,,,
65,N1,R_SIM,P_bal,logistic,HPP,0.0,1.0,inner,False,paired,34.0,13.0,1.0,,,,,
66,N1,R_SIM,P_bal,logistic,HPP,0.0,2.0,inner,False,paired,34.0,13.0,1.0,,,,,
67,N1,R_SIM,P_bal,logistic,HPP,0.0,,final,False,paired,47.0,0.0,1.0,,,,,
68,N1,R_SIM,P_bal,logistic,HPBnoise,0.0,0.0,inner,False,paired,33.0,14.0,1.0,,,,,
69,N1,R_SIM,P_bal,logistic,HPBnoise,0.0,1.0,inner,False,paired,34.0,13.0,1.0,,,,,
70,N1,R_SIM,P_bal,logistic,HPBnoise,0.0,2.0,inner,False,paired,34.0,13.0,1.0,,,,,
71,N1,R_SIM,P_bal,logistic,HPBnoise,0.0,,final,False,paired,47.0,0.0,1.0,,,,,
72,N1,R_SIM,P_bal,mlp32,H,0.0,0.0,inner,True,paired,33.0,14.0,,0.001,,,,
73,N1,R_SIM,P_bal,mlp32,H,0.0,1.0,inner,True,paired,34.0,13.0,,0.001,,,,
74,N1,R_SIM,P_bal,mlp32,H,0.0,2.0,inner,True,paired,34.0,13.0,,0.001,,,,
75,N1,R_SIM,P_bal,mlp32,H,0.0,,final,True,paired,47.0,0.0,,0.001,,,,
76,N1,R_SIM,P_bal,mlp32,HP,0.0,0.0,inner,True,paired,33.0,14.0,,0.001,,,,
77,N1,R_SIM,P_bal,mlp32,HP,0.0,1.0,inner,True,paired,34.0,13.0,,0.001,,,,
78,N1,R_SIM,P_bal,mlp32,HP,0.0,2.0,inner,True,paired,34.0,13.0,,0.001,,,,
79,N1,R_SIM,P_bal,mlp32,HP,0.0,,final,True,paired,47.0,0.0,,0.001,,,,
80,N1,R_SIM,P_bal,mlp32,HB,0.0,0.0,inner,True,paired,33.0,14.0,,0.001,,,,
81,N1,R_SIM,P_bal,mlp32,HB,0.0,1.0,inner,True,paired,34.0,13.0,,0.001,,,,
82,N1,R_SIM,P_bal,mlp32,HB,0.0,2.0,inner,True,paired,34.0,13.0,,0.001,,,,
83,N1,R_SIM,P_bal,mlp32,HB,0.0,,final,True,paired,47.0,0.0,,0.001,,,,
84,N1,R_SIM,P_bal,mlp32,HPB,0.0,0.0,inner,True,paired,33.0,14.0,,0.001,,,,
85,N1,R_SIM,P_bal,mlp32,HPB,0.0,1.0,inner,True,paired,34.0,13.0,,0.001,,,,
86,N1,R_SIM,P_bal,mlp32,HPB,0.0,2.0,inner,True,paired,34.0,13.0,,0.001,,,,
87,N1,R_SIM,P_bal,mlp32,HPB,0.0,,final,True,paired,47.0,0.0,,0.001,,,,
88,N1,R_SIM,P_bal,mlp32,HPP,0.0,0.0,inner,True,paired,33.0,14.0,,0.001,,,,
89,N1,R_SIM,P_bal,mlp32,HPP,0.0,1.0,inner,True,paired,34.0,13.0,,0.001,,,,
90,N1,R_SIM,P_bal,mlp32,HPP,0.0,2.0,inner,True,paired,34.0,13.0,,0.001,,,,
91,N1,R_SIM,P_bal,mlp32,HPP,0.0,,final,True,paired,47.0,0.0,,0.001,,,,
92,N1,R_SIM,P_bal,mlp32,HPBnoise,0.0,0.0,inner,True,paired,33.0,14.0,,0.001,,,,
93,N1,R_SIM,P_bal,mlp32,HPBnoise,0.0,1.0,inner,True,paired,34.0,13.0,,0.001,,,,
94,N1,R_SIM,P_bal,mlp32,HPBnoise,0.0,2.0,inner,True,paired,34.0,13.0,,0.001,,,,
95,N1,R_SIM,P_bal,mlp32,HPBnoise,0.0,,final,True,paired,47.0,0.0,,0.001,,,,
96,N1,R_SIM,P_nat,logistic,H,1.0,0.0,inner,False,paired,33.0,14.0,1.0,,,,,
97,N1,R_SIM,P_nat,logistic,H,1.0,1.0,inner,False,paired,33.0,14.0,1.0,,,,,
98,N1,R_SIM,P_nat,logistic,H,1.0,2.0,inner,False,paired,34.0,13.0,1.0,,,,,
99,N1,R_SIM,P_nat,logistic,H,1.0,,final,False,paired,47.0,0.0,1.0,,,,,
100,N1,R_SIM,P_nat,logistic,HP,1.0,0.0,inner,False,paired,33.0,14.0,1.0,,,,,
101,N1,R_SIM,P_nat,logistic,HP,1.0,1.0,inner,False,paired,33.0,14.0,1.0,,,,,
102,N1,R_SIM,P_nat,logistic,HP,1.0,2.0,inner,False,paired,34.0,13.0,1.0,,,,,
103,N1,R_SIM,P_nat,logistic,HP,1.0,,final,False,paired,47.0,0.0,1.0,,,,,
104,N1,R_SIM,P_nat,logistic,HB,1.0,0.0,inner,False,paired,33.0,14.0,1.0,,,,,
105,N1,R_SIM,P_nat,logistic,HB,1.0,1.0,inner,False,paired,33.0,14.0,1.0,,,,,
106,N1,R_SIM,P_nat,logistic,HB,1.0,2.0,inner,False,paired,34.0,13.0,1.0,,,,,
107,N1,R_SIM,P_nat,logistic,HB,1.0,,final,False,paired,47.0,0.0,1.0,,,,,
108,N1,R_SIM,P_nat,logistic,HPB,1.0,0.0,inner,False,paired,33.0,14.0,1.0,,,,,
109,N1,R_SIM,P_nat,logistic,HPB,1.0,1.0,inner,False,paired,33.0,14.0,1.0,,,,,
110,N1,R_SIM,P_nat,logistic,HPB,1.0,2.0,inner,False,paired,34.0,13.0,1.0,,,,,
111,N1,R_SIM,P_nat,logistic,HPB,1.0,,final,False,paired,47.0,0.0,1.0,,,,,
112,N1,R_SIM,P_nat,logistic,HPP,1.0,0.0,inner,False,paired,33.0,14.0,1.0,,,,,
113,N1,R_SIM,P_nat,logistic,HPP,1.0,1.0,inner,False,paired,33.0,14.0,1.0,,,,,
114,N1,R_SIM,P_nat,logistic,HPP,1.0,2.0,inner,False,paired,34.0,13.0,1.0,,,,,
115,N1,R_SIM,P_nat,logistic,HPP,1.0,,final,False,paired,47.0,0.0,1.0,,,,,
116,N1,R_SIM,P_nat,logistic,HPBnoise,1.0,0.0,inner,False,paired,33.0,14.0,1.0,,,,,
117,N1,R_SIM,P_nat,logistic,HPBnoise,1.0,1.0,inner,False,paired,33.0,14.0,1.0,,,,,
118,N1,R_SIM,P_nat,logistic,HPBnoise,1.0,2.0,inner,False,paired,34.0,13.0,1.0,,,,,
119,N1,R_SIM,P_nat,logistic,HPBnoise,1.0,,final,False,paired,47.0,0.0,1.0,,,,,
120,N1,R_SIM,P_nat,mlp32,H,1.0,0.0,inner,True,paired,33.0,14.0,,0.001,,,,
121,N1,R_SIM,P_nat,mlp32,H,1.0,1.0,inner,True,paired,33.0,14.0,,0.001,,,,
122,N1,R_SIM,P_nat,mlp32,H,1.0,2.0,inner,True,paired,34.0,13.0,,0.001,,,,
123,N1,R_SIM,P_nat,mlp32,H,1.0,,final,True,paired,47.0,0.0,,0.001,,,,
124,N1,R_SIM,P_nat,mlp32,HP,1.0,0.0,inner,True,paired,33.0,14.0,,0.001,,,,
125,N1,R_SIM,P_nat,mlp32,HP,1.0,1.0,inner,True,paired,33.0,14.0,,0.001,,,,
126,N1,R_SIM,P_nat,mlp32,HP,1.0,2.0,inner,True,paired,34.0,13.0,,0.001,,,,
127,N1,R_SIM,P_nat,mlp32,HP,1.0,,final,True,paired,47.0,0.0,,0.001,,,,
128,N1,R_SIM,P_nat,mlp32,HB,1.0,0.0,inner,True,paired,33.0,14.0,,0.001,,,,
129,N1,R_SIM,P_nat,mlp32,HB,1.0,1.0,inner,True,paired,33.0,14.0,,0.001,,,,
130,N1,R_SIM,P_nat,mlp32,HB,1.0,2.0,inner,True,paired,34.0,13.0,,0.001,,,,
131,N1,R_SIM,P_nat,mlp32,HB,1.0,,final,True,paired,47.0,0.0,,0.001,,,,
132,N1,R_SIM,P_nat,mlp32,HPB,1.0,0.0,inner,True,paired,33.0,14.0,,0.001,,,,
133,N1,R_SIM,P_nat,mlp32,HPB,1.0,1.0,inner,True,paired,33.0,14.0,,0.001,,,,
134,N1,R_SIM,P_nat,mlp32,HPB,1.0,2.0,inner,True,paired,34.0,13.0,,0.001,,,,
135,N1,R_SIM,P_nat,mlp32,HPB,1.0,,final,True,paired,47.0,0.0,,0.001,,,,
136,N1,R_SIM,P_nat,mlp32,HPP,1.0,0.0,inner,True,paired,33.0,14.0,,0.001,,,,
137,N1,R_SIM,P_nat,mlp32,HPP,1.0,1.0,inner,True,paired,33.0,14.0,,0.001,,,,
138,N1,R_SIM,P_nat,mlp32,HPP,1.0,2.0,inner,True,paired,34.0,13.0,,0.001,,,,
139,N1,R_SIM,P_nat,mlp32,HPP,1.0,,final,True,paired,47.0,0.0,,0.001,,,,
140,N1,R_SIM,P_nat,mlp32,HPBnoise,1.0,0.0,inner,True,paired,33.0,14.0,,0.001,,,,
141,N1,R_SIM,P_nat,mlp32,HPBnoise,1.0,1.0,inner,True,paired,33.0,14.0,,0.001,,,,
142,N1,R_SIM,P_nat,mlp32,HPBnoise,1.0,2.0,inner,True,paired,34.0,13.0,,0.001,,,,
143,N1,R_SIM,P_nat,mlp32,HPBnoise,1.0,,final,True,paired,47.0,0.0,,0.001,,,,
144,N1,R_SIM,P_bal,logistic,H,1.0,0.0,inner,False,paired,33.0,14.0,1.0,,,,,
145,N1,R_SIM,P_bal,logistic,H,1.0,1.0,inner,False,paired,33.0,14.0,1.0,,,,,
146,N1,R_SIM,P_bal,logistic,H,1.0,2.0,inner,False,paired,34.0,13.0,1.0,,,,,
147,N1,R_SIM,P_bal,logistic,H,1.0,,final,False,paired,47.0,0.0,1.0,,,,,
148,N1,R_SIM,P_bal,logistic,HP,1.0,0.0,inner,False,paired,33.0,14.0,1.0,,,,,
149,N1,R_SIM,P_bal,logistic,HP,1.0,1.0,inner,False,paired,33.0,14.0,1.0,,,,,
150,N1,R_SIM,P_bal,logistic,HP,1.0,2.0,inner,False,paired,34.0,13.0,1.0,,,,,
151,N1,R_SIM,P_bal,logistic,HP,1.0,,final,False,paired,47.0,0.0,1.0,,,,,
152,N1,R_SIM,P_bal,logistic,HB,1.0,0.0,inner,False,paired,33.0,14.0,1.0,,,,,
153,N1,R_SIM,P_bal,logistic,HB,1.0,1.0,inner,False,paired,33.0,14.0,1.0,,,,,
154,N1,R_SIM,P_bal,logistic,HB,1.0,2.0,inner,False,paired,34.0,13.0,1.0,,,,,
155,N1,R_SIM,P_bal,logistic,HB,1.0,,final,False,paired,47.0,0.0,1.0,,,,,
156,N1,R_SIM,P_bal,logistic,HPB,1.0,0.0,inner,False,paired,33.0,14.0,1.0,,,,,
157,N1,R_SIM,P_bal,logistic,HPB,1.0,1.0,inner,False,paired,33.0,14.0,1.0,,,,,
158,N1,R_SIM,P_bal,logistic,HPB,1.0,2.0,inner,False,paired,34.0,13.0,1.0,,,,,
159,N1,R_SIM,P_bal,logistic,HPB,1.0,,final,False,paired,47.0,0.0,1.0,,,,,
160,N1,R_SIM,P_bal,logistic,HPP,1.0,0.0,inner,False,paired,33.0,14.0,1.0,,,,,
161,N1,R_SIM,P_bal,logistic,HPP,1.0,1.0,inner,False,paired,33.0,14.0,1.0,,,,,
162,N1,R_SIM,P_bal,logistic,HPP,1.0,2.0,inner,False,paired,34.0,13.0,1.0,,,,,
163,N1,R_SIM,P_bal,logistic,HPP,1.0,,final,False,paired,47.0,0.0,1.0,,,,,
164,N1,R_SIM,P_bal,logistic,HPBnoise,1.0,0.0,inner,False,paired,33.0,14.0,1.0,,,,,
165,N1,R_SIM,P_bal,logistic,HPBnoise,1.0,1.0,inner,False,paired,33.0,14.0,1.0,,,,,
166,N1,R_SIM,P_bal,logistic,HPBnoise,1.0,2.0,inner,False,paired,34.0,13.0,1.0,,,,,
167,N1,R_SIM,P_bal,logistic,HPBnoise,1.0,,final,False,paired,47.0,0.0,1.0,,,,,
168,N1,R_SIM,P_bal,mlp32,H,1.0,0.0,inner,True,paired,33.0,14.0,,0.001,,,,
169,N1,R_SIM,P_bal,mlp32,H,1.0,1.0,inner,True,paired,33.0,14.0,,0.001,,,,
170,N1,R_SIM,P_bal,mlp32,H,1.0,2.0,inner,True,paired,34.0,13.0,,0.001,,,,
171,N1,R_SIM,P_bal,mlp32,H,1.0,,final,True,paired,47.0,0.0,,0.001,,,,
172,N1,R_SIM,P_bal,mlp32,HP,1.0,0.0,inner,True,paired,33.0,14.0,,0.001,,,,
173,N1,R_SIM,P_bal,mlp32,HP,1.0,1.0,inner,True,paired,33.0,14.0,,0.001,,,,
174,N1,R_SIM,P_bal,mlp32,HP,1.0,2.0,inner,True,paired,34.0,13.0,,0.001,,,,
175,N1,R_SIM,P_bal,mlp32,HP,1.0,,final,True,paired,47.0,0.0,,0.001,,,,
176,N1,R_SIM,P_bal,mlp32,HB,1.0,0.0,inner,True,paired,33.0,14.0,,0.001,,,,
177,N1,R_SIM,P_bal,mlp32,HB,1.0,1.0,inner,True,paired,33.0,14.0,,0.001,,,,
178,N1,R_SIM,P_bal,mlp32,HB,1.0,2.0,inner,True,paired,34.0,13.0,,0.001,,,,
179,N1,R_SIM,P_bal,mlp32,HB,1.0,,final,True,paired,47.0,0.0,,0.001,,,,
180,N1,R_SIM,P_bal,mlp32,HPB,1.0,0.0,inner,True,paired,33.0,14.0,,0.001,,,,
181,N1,R_SIM,P_bal,mlp32,HPB,1.0,1.0,inner,True,paired,33.0,14.0,,0.001,,,,
182,N1,R_SIM,P_bal,mlp32,HPB,1.0,2.0,inner,True,paired,34.0,13.0,,0.001,,,,
183,N1,R_SIM,P_bal,mlp32,HPB,1.0,,final,True,paired,47.0,0.0,,0.001,,,,
184,N1,R_SIM,P_bal,mlp32,HPP,1.0,0.0,inner,True,paired,33.0,14.0,,0.001,,,,
185,N1,R_SIM,P_bal,mlp32,HPP,1.0,1.0,inner,True,paired,33.0,14.0,,0.001,,,,
186,N1,R_SIM,P_bal,mlp32,HPP,1.0,2.0,inner,True,paired,34.0,13.0,,0.001,,,,
187,N1,R_SIM,P_bal,mlp32,HPP,1.0,,final,True,paired,47.0,0.0,,0.001,,,,
188,N1,R_SIM,P_bal,mlp32,HPBnoise,1.0,0.0,inner,True,paired,33.0,14.0,,0.001,,,,
189,N1,R_SIM,P_bal,mlp32,HPBnoise,1.0,1.0,inner,True,paired,33.0,14.0,,0.001,,,,
190,N1,R_SIM,P_bal,mlp32,HPBnoise,1.0,2.0,inner,True,paired,34.0,13.0,,0.001,,,,
191,N1,R_SIM,P_bal,mlp32,HPBnoise,1.0,,final,True,paired,47.0,0.0,,0.001,,,,
192,N1,R_SIM,P_nat,logistic,H,2.0,0.0,inner,False,paired,34.0,14.0,1.0,,,,,
193,N1,R_SIM,P_nat,logistic,H,2.0,1.0,inner,False,paired,34.0,14.0,1.0,,,,,
194,N1,R_SIM,P_nat,logistic,H,2.0,2.0,inner,False,paired,35.0,13.0,1.0,,,,,
195,N1,R_SIM,P_nat,logistic,H,2.0,,final,False,paired,48.0,0.0,1.0,,,,,
196,N1,R_SIM,P_nat,logistic,HP,2.0,0.0,inner,False,paired,34.0,14.0,1.0,,,,,
197,N1,R_SIM,P_nat,logistic,HP,2.0,1.0,inner,False,paired,34.0,14.0,1.0,,,,,
198,N1,R_SIM,P_nat,logistic,HP,2.0,2.0,inner,False,paired,35.0,13.0,1.0,,,,,
199,N1,R_SIM,P_nat,logistic,HP,2.0,,final,False,paired,48.0,0.0,1.0,,,,,
200,N1,R_SIM,P_nat,logistic,HB,2.0,0.0,inner,False,paired,34.0,14.0,1.0,,,,,
201,N1,R_SIM,P_nat,logistic,HB,2.0,1.0,inner,False,paired,34.0,14.0,1.0,,,,,
202,N1,R_SIM,P_nat,logistic,HB,2.0,2.0,inner,False,paired,35.0,13.0,1.0,,,,,
203,N1,R_SIM,P_nat,logistic,HB,2.0,,final,False,paired,48.0,0.0,1.0,,,,,
204,N1,R_SIM,P_nat,logistic,HPB,2.0,0.0,inner,False,paired,34.0,14.0,1.0,,,,,
205,N1,R_SIM,P_nat,logistic,HPB,2.0,1.0,inner,False,paired,34.0,14.0,1.0,,,,,
206,N1,R_SIM,P_nat,logistic,HPB,2.0,2.0,inner,False,paired,35.0,13.0,1.0,,,,,
207,N1,R_SIM,P_nat,logistic,HPB,2.0,,final,False,paired,48.0,0.0,1.0,,,,,
208,N1,R_SIM,P_nat,logistic,HPP,2.0,0.0,inner,False,paired,34.0,14.0,1.0,,,,,
209,N1,R_SIM,P_nat,logistic,HPP,2.0,1.0,inner,False,paired,34.0,14.0,1.0,,,,,
210,N1,R_SIM,P_nat,logistic,HPP,2.0,2.0,inner,False,paired,35.0,13.0,1.0,,,,,
211,N1,R_SIM,P_nat,logistic,HPP,2.0,,final,False,paired,48.0,0.0,1.0,,,,,
212,N1,R_SIM,P_nat,logistic,HPBnoise,2.0,0.0,inner,False,paired,34.0,14.0,1.0,,,,,
213,N1,R_SIM,P_nat,logistic,HPBnoise,2.0,1.0,inner,False,paired,34.0,14.0,1.0,,,,,
214,N1,R_SIM,P_nat,logistic,HPBnoise,2.0,2.0,inner,False,paired,35.0,13.0,1.0,,,,,
215,N1,R_SIM,P_nat,logistic,HPBnoise,2.0,,final,False,paired,48.0,0.0,1.0,,,,,
216,N1,R_SIM,P_nat,mlp32,H,2.0,0.0,inner,True,paired,34.0,14.0,,0.001,,,,
217,N1,R_SIM,P_nat,mlp32,H,2.0,1.0,inner,True,paired,34.0,14.0,,0.001,,,,
218,N1,R_SIM,P_nat,mlp32,H,2.0,2.0,inner,True,paired,35.0,13.0,,0.001,,,,
219,N1,R_SIM,P_nat,mlp32,H,2.0,,final,True,paired,48.0,0.0,,0.001,,,,
220,N1,R_SIM,P_nat,mlp32,HP,2.0,0.0,inner,True,paired,34.0,14.0,,0.001,,,,
221,N1,R_SIM,P_nat,mlp32,HP,2.0,1.0,inner,True,paired,34.0,14.0,,0.001,,,,
222,N1,R_SIM,P_nat,mlp32,HP,2.0,2.0,inner,True,paired,35.0,13.0,,0.001,,,,
223,N1,R_SIM,P_nat,mlp32,HP,2.0,,final,True,paired,48.0,0.0,,0.001,,,,
224,N1,R_SIM,P_nat,mlp32,HB,2.0,0.0,inner,True,paired,34.0,14.0,,0.001,,,,
225,N1,R_SIM,P_nat,mlp32,HB,2.0,1.0,inner,True,paired,34.0,14.0,,0.001,,,,
226,N1,R_SIM,P_nat,mlp32,HB,2.0,2.0,inner,True,paired,35.0,13.0,,0.001,,,,
227,N1,R_SIM,P_nat,mlp32,HB,2.0,,final,True,paired,48.0,0.0,,0.001,,,,
228,N1,R_SIM,P_nat,mlp32,HPB,2.0,0.0,inner,True,paired,34.0,14.0,,0.001,,,,
229,N1,R_SIM,P_nat,mlp32,HPB,2.0,1.0,inner,True,paired,34.0,14.0,,0.001,,,,
230,N1,R_SIM,P_nat,mlp32,HPB,2.0,2.0,inner,True,paired,35.0,13.0,,0.001,,,,
231,N1,R_SIM,P_nat,mlp32,HPB,2.0,,final,True,paired,48.0,0.0,,0.001,,,,
232,N1,R_SIM,P_nat,mlp32,HPP,2.0,0.0,inner,True,paired,34.0,14.0,,0.001,,,,
233,N1,R_SIM,P_nat,mlp32,HPP,2.0,1.0,inner,True,paired,34.0,14.0,,0.001,,,,
234,N1,R_SIM,P_nat,mlp32,HPP,2.0,2.0,inner,True,paired,35.0,13.0,,0.001,,,,
235,N1,R_SIM,P_nat,mlp32,HPP,2.0,,final,True,paired,48.0,0.0,,0.001,,,,
236,N1,R_SIM,P_nat,mlp32,HPBnoise,2.0,0.0,inner,True,paired,34.0,14.0,,0.001,,,,
237,N1,R_SIM,P_nat,mlp32,HPBnoise,2.0,1.0,inner,True,paired,34.0,14.0,,0.001,,,,
238,N1,R_SIM,P_nat,mlp32,HPBnoise,2.0,2.0,inner,True,paired,35.0,13.0,,0.001,,,,
239,N1,R_SIM,P_nat,mlp32,HPBnoise,2.0,,final,True,paired,48.0,0.0,,0.001,,,,
240,N1,R_SIM,P_bal,logistic,H,2.0,0.0,inner,False,paired,34.0,14.0,1.0,,,,,
241,N1,R_SIM,P_bal,logistic,H,2.0,1.0,inner,False,paired,34.0,14.0,1.0,,,,,
242,N1,R_SIM,P_bal,logistic,H,2.0,2.0,inner,False,paired,35.0,13.0,1.0,,,,,
243,N1,R_SIM,P_bal,logistic,H,2.0,,final,False,paired,48.0,0.0,1.0,,,,,
244,N1,R_SIM,P_bal,logistic,HP,2.0,0.0,inner,False,paired,34.0,14.0,1.0,,,,,
245,N1,R_SIM,P_bal,logistic,HP,2.0,1.0,inner,False,paired,34.0,14.0,1.0,,,,,
246,N1,R_SIM,P_bal,logistic,HP,2.0,2.0,inner,False,paired,35.0,13.0,1.0,,,,,
247,N1,R_SIM,P_bal,logistic,HP,2.0,,final,False,paired,48.0,0.0,1.0,,,,,
248,N1,R_SIM,P_bal,logistic,HB,2.0,0.0,inner,False,paired,34.0,14.0,1.0,,,,,
249,N1,R_SIM,P_bal,logistic,HB,2.0,1.0,inner,False,paired,34.0,14.0,1.0,,,,,
250,N1,R_SIM,P_bal,logistic,HB,2.0,2.0,inner,False,paired,35.0,13.0,1.0,,,,,
251,N1,R_SIM,P_bal,logistic,HB,2.0,,final,False,paired,48.0,0.0,1.0,,,,,
252,N1,R_SIM,P_bal,logistic,HPB,2.0,0.0,inner,False,paired,34.0,14.0,1.0,,,,,
253,N1,R_SIM,P_bal,logistic,HPB,2.0,1.0,inner,False,paired,34.0,14.0,1.0,,,,,
254,N1,R_SIM,P_bal,logistic,HPB,2.0,2.0,inner,False,paired,35.0,13.0,1.0,,,,,
255,N1,R_SIM,P_bal,logistic,HPB,2.0,,final,False,paired,48.0,0.0,1.0,,,,,
256,N1,R_SIM,P_bal,logistic,HPP,2.0,0.0,inner,False,paired,34.0,14.0,1.0,,,,,
257,N1,R_SIM,P_bal,logistic,HPP,2.0,1.0,inner,False,paired,34.0,14.0,1.0,,,,,
258,N1,R_SIM,P_bal,logistic,HPP,2.0,2.0,inner,False,paired,35.0,13.0,1.0,,,,,
259,N1,R_SIM,P_bal,logistic,HPP,2.0,,final,False,paired,48.0,0.0,1.0,,,,,
260,N1,R_SIM,P_bal,logistic,HPBnoise,2.0,0.0,inner,False,paired,34.0,14.0,1.0,,,,,
261,N1,R_SIM,P_bal,logistic,HPBnoise,2.0,1.0,inner,False,paired,34.0,14.0,1.0,,,,,
262,N1,R_SIM,P_bal,logistic,HPBnoise,2.0,2.0,inner,False,paired,35.0,13.0,1.0,,,,,
263,N1,R_SIM,P_bal,logistic,HPBnoise,2.0,,final,False,paired,48.0,0.0,1.0,,,,,
264,N1,R_SIM,P_bal,mlp32,H,2.0,0.0,inner,True,paired,34.0,14.0,,0.001,,,,
265,N1,R_SIM,P_bal,mlp32,H,2.0,1.0,inner,True,paired,34.0,14.0,,0.001,,,,
266,N1,R_SIM,P_bal,mlp32,H,2.0,2.0,inner,True,paired,35.0,13.0,,0.001,,,,
267,N1,R_SIM,P_bal,mlp32,H,2.0,,final,True,paired,48.0,0.0,,0.001,,,,
268,N1,R_SIM,P_bal,mlp32,HP,2.0,0.0,inner,True,paired,34.0,14.0,,0.001,,,,
269,N1,R_SIM,P_bal,mlp32,HP,2.0,1.0,inner,True,paired,34.0,14.0,,0.001,,,,
270,N1,R_SIM,P_bal,mlp32,HP,2.0,2.0,inner,True,paired,35.0,13.0,,0.001,,,,
271,N1,R_SIM,P_bal,mlp32,HP,2.0,,final,True,paired,48.0,0.0,,0.001,,,,
272,N1,R_SIM,P_bal,mlp32,HB,2.0,0.0,inner,True,paired,34.0,14.0,,0.001,,,,
273,N1,R_SIM,P_bal,mlp32,HB,2.0,1.0,inner,True,paired,34.0,14.0,,0.001,,,,
274,N1,R_SIM,P_bal,mlp32,HB,2.0,2.0,inner,True,paired,35.0,13.0,,0.001,,,,
275,N1,R_SIM,P_bal,mlp32,HB,2.0,,final,True,paired,48.0,0.0,,0.001,,,,
276,N1,R_SIM,P_bal,mlp32,HPB,2.0,0.0,inner,True,paired,34.0,14.0,,0.001,,,,
277,N1,R_SIM,P_bal,mlp32,HPB,2.0,1.0,inner,True,paired,34.0,14.0,,0.001,,,,
278,N1,R_SIM,P_bal,mlp32,HPB,2.0,2.0,inner,True,paired,35.0,13.0,,0.001,,,,
279,N1,R_SIM,P_bal,mlp32,HPB,2.0,,final,True,paired,48.0,0.0,,0.001,,,,
280,N1,R_SIM,P_bal,mlp32,HPP,2.0,0.0,inner,True,paired,34.0,14.0,,0.001,,,,
281,N1,R_SIM,P_bal,mlp32,HPP,2.0,1.0,inner,True,paired,34.0,14.0,,0.001,,,,
282,N1,R_SIM,P_bal,mlp32,HPP,2.0,2.0,inner,True,paired,35.0,13.0,,0.001,,,,
283,N1,R_SIM,P_bal,mlp32,HPP,2.0,,final,True,paired,48.0,0.0,,0.001,,,,
284,N1,R_SIM,P_bal,mlp32,HPBnoise,2.0,0.0,inner,True,paired,34.0,14.0,,0.001,,,,
285,N1,R_SIM,P_bal,mlp32,HPBnoise,2.0,1.0,inner,True,paired,34.0,14.0,,0.001,,,,
286,N1,R_SIM,P_bal,mlp32,HPBnoise,2.0,2.0,inner,True,paired,35.0,13.0,,0.001,,,,
287,N1,R_SIM,P_bal,mlp32,HPBnoise,2.0,,final,True,paired,48.0,0.0,,0.001,,,,
288,N1,R_SIM,P_nat,logistic,H,3.0,0.0,inner,False,paired,33.0,14.0,1.0,,,,,
289,N1,R_SIM,P_nat,logistic,H,3.0,1.0,inner,False,paired,33.0,14.0,1.0,,,,,
290,N1,R_SIM,P_nat,logistic,H,3.0,2.0,inner,False,paired,34.0,13.0,1.0,,,,,
291,N1,R_SIM,P_nat,logistic,H,3.0,,final,False,paired,47.0,0.0,1.0,,,,,
292,N1,R_SIM,P_nat,logistic,HP,3.0,0.0,inner,False,paired,33.0,14.0,1.0,,,,,
293,N1,R_SIM,P_nat,logistic,HP,3.0,1.0,inner,False,paired,33.0,14.0,1.0,,,,,
294,N1,R_SIM,P_nat,logistic,HP,3.0,2.0,inner,False,paired,34.0,13.0,1.0,,,,,
295,N1,R_SIM,P_nat,logistic,HP,3.0,,final,False,paired,47.0,0.0,1.0,,,,,
296,N1,R_SIM,P_nat,logistic,HB,3.0,0.0,inner,False,paired,33.0,14.0,1.0,,,,,
297,N1,R_SIM,P_nat,logistic,HB,3.0,1.0,inner,False,paired,33.0,14.0,1.0,,,,,
298,N1,R_SIM,P_nat,logistic,HB,3.0,2.0,inner,False,paired,34.0,13.0,1.0,,,,,
299,N1,R_SIM,P_nat,logistic,HB,3.0,,final,False,paired,47.0,0.0,1.0,,,,,
300,N1,R_SIM,P_nat,logistic,HPB,3.0,0.0,inner,False,paired,33.0,14.0,1.0,,,,,
301,N1,R_SIM,P_nat,logistic,HPB,3.0,1.0,inner,False,paired,33.0,14.0,1.0,,,,,
302,N1,R_SIM,P_nat,logistic,HPB,3.0,2.0,inner,False,paired,34.0,13.0,1.0,,,,,
303,N1,R_SIM,P_nat,logistic,HPB,3.0,,final,False,paired,47.0,0.0,1.0,,,,,
304,N1,R_SIM,P_nat,logistic,HPP,3.0,0.0,inner,False,paired,33.0,14.0,1.0,,,,,
305,N1,R_SIM,P_nat,logistic,HPP,3.0,1.0,inner,False,paired,33.0,14.0,1.0,,,,,
306,N1,R_SIM,P_nat,logistic,HPP,3.0,2.0,inner,False,paired,34.0,13.0,1.0,,,,,
307,N1,R_SIM,P_nat,logistic,HPP,3.0,,final,False,paired,47.0,0.0,1.0,,,,,
308,N1,R_SIM,P_nat,logistic,HPBnoise,3.0,0.0,inner,False,paired,33.0,14.0,1.0,,,,,
309,N1,R_SIM,P_nat,logistic,HPBnoise,3.0,1.0,inner,False,paired,33.0,14.0,1.0,,,,,
310,N1,R_SIM,P_nat,logistic,HPBnoise,3.0,2.0,inner,False,paired,34.0,13.0,1.0,,,,,
311,N1,R_SIM,P_nat,logistic,HPBnoise,3.0,,final,False,paired,47.0,0.0,1.0,,,,,
312,N1,R_SIM,P_nat,mlp32,H,3.0,0.0,inner,True,paired,33.0,14.0,,0.001,,,,
313,N1,R_SIM,P_nat,mlp32,H,3.0,1.0,inner,True,paired,33.0,14.0,,0.001,,,,
314,N1,R_SIM,P_nat,mlp32,H,3.0,2.0,inner,True,paired,34.0,13.0,,0.001,,,,
315,N1,R_SIM,P_nat,mlp32,H,3.0,,final,True,paired,47.0,0.0,,0.001,,,,
316,N1,R_SIM,P_nat,mlp32,HP,3.0,0.0,inner,True,paired,33.0,14.0,,0.001,,,,
317,N1,R_SIM,P_nat,mlp32,HP,3.0,1.0,inner,True,paired,33.0,14.0,,0.001,,,,
318,N1,R_SIM,P_nat,mlp32,HP,3.0,2.0,inner,True,paired,34.0,13.0,,0.001,,,,
319,N1,R_SIM,P_nat,mlp32,HP,3.0,,final,True,paired,47.0,0.0,,0.001,,,,
320,N1,R_SIM,P_nat,mlp32,HB,3.0,0.0,inner,True,paired,33.0,14.0,,0.001,,,,
321,N1,R_SIM,P_nat,mlp32,HB,3.0,1.0,inner,True,paired,33.0,14.0,,0.001,,,,
322,N1,R_SIM,P_nat,mlp32,HB,3.0,2.0,inner,True,paired,34.0,13.0,,0.001,,,,
323,N1,R_SIM,P_nat,mlp32,HB,3.0,,final,True,paired,47.0,0.0,,0.001,,,,
324,N1,R_SIM,P_nat,mlp32,HPB,3.0,0.0,inner,True,paired,33.0,14.0,,0.001,,,,
325,N1,R_SIM,P_nat,mlp32,HPB,3.0,1.0,inner,True,paired,33.0,14.0,,0.001,,,,
326,N1,R_SIM,P_nat,mlp32,HPB,3.0,2.0,inner,True,paired,34.0,13.0,,0.001,,,,
327,N1,R_SIM,P_nat,mlp32,HPB,3.0,,final,True,paired,47.0,0.0,,0.001,,,,
328,N1,R_SIM,P_nat,mlp32,HPP,3.0,0.0,inner,True,paired,33.0,14.0,,0.001,,,,
329,N1,R_SIM,P_nat,mlp32,HPP,3.0,1.0,inner,True,paired,33.0,14.0,,0.001,,,,
330,N1,R_SIM,P_nat,mlp32,HPP,3.0,2.0,inner,True,paired,34.0,13.0,,0.001,,,,
331,N1,R_SIM,P_nat,mlp32,HPP,3.0,,final,True,paired,47.0,0.0,,0.001,,,,
332,N1,R_SIM,P_nat,mlp32,HPBnoise,3.0,0.0,inner,True,paired,33.0,14.0,,0.001,,,,
333,N1,R_SIM,P_nat,mlp32,HPBnoise,3.0,1.0,inner,True,paired,33.0,14.0,,0.001,,,,
334,N1,R_SIM,P_nat,mlp32,HPBnoise,3.0,2.0,inner,True,paired,34.0,13.0,,0.001,,,,
335,N1,R_SIM,P_nat,mlp32,HPBnoise,3.0,,final,True,paired,47.0,0.0,,0.001,,,,
336,N1,R_SIM,P_bal,logistic,H,3.0,0.0,inner,False,paired,33.0,14.0,1.0,,,,,
337,N1,R_SIM,P_bal,logistic,H,3.0,1.0,inner,False,paired,33.0,14.0,1.0,,,,,
338,N1,R_SIM,P_bal,logistic,H,3.0,2.0,inner,False,paired,34.0,13.0,1.0,,,,,
339,N1,R_SIM,P_bal,logistic,H,3.0,,final,False,paired,47.0,0.0,1.0,,,,,
340,N1,R_SIM,P_bal,logistic,HP,3.0,0.0,inner,False,paired,33.0,14.0,1.0,,,,,
341,N1,R_SIM,P_bal,logistic,HP,3.0,1.0,inner,False,paired,33.0,14.0,1.0,,,,,
342,N1,R_SIM,P_bal,logistic,HP,3.0,2.0,inner,False,paired,34.0,13.0,1.0,,,,,
343,N1,R_SIM,P_bal,logistic,HP,3.0,,final,False,paired,47.0,0.0,1.0,,,,,
344,N1,R_SIM,P_bal,logistic,HB,3.0,0.0,inner,False,paired,33.0,14.0,1.0,,,,,
345,N1,R_SIM,P_bal,logistic,HB,3.0,1.0,inner,False,paired,33.0,14.0,1.0,,,,,
346,N1,R_SIM,P_bal,logistic,HB,3.0,2.0,inner,False,paired,34.0,13.0,1.0,,,,,
347,N1,R_SIM,P_bal,logistic,HB,3.0,,final,False,paired,47.0,0.0,1.0,,,,,
348,N1,R_SIM,P_bal,logistic,HPB,3.0,0.0,inner,False,paired,33.0,14.0,1.0,,,,,
349,N1,R_SIM,P_bal,logistic,HPB,3.0,1.0,inner,False,paired,33.0,14.0,1.0,,,,,
350,N1,R_SIM,P_bal,logistic,HPB,3.0,2.0,inner,False,paired,34.0,13.0,1.0,,,,,
351,N1,R_SIM,P_bal,logistic,HPB,3.0,,final,False,paired,47.0,0.0,1.0,,,,,
352,N1,R_SIM,P_bal,logistic,HPP,3.0,0.0,inner,False,paired,33.0,14.0,1.0,,,,,
353,N1,R_SIM,P_bal,logistic,HPP,3.0,1.0,inner,False,paired,33.0,14.0,1.0,,,,,
354,N1,R_SIM,P_bal,logistic,HPP,3.0,2.0,inner,False,paired,34.0,13.0,1.0,,,,,
355,N1,R_SIM,P_bal,logistic,HPP,3.0,,final,False,paired,47.0,0.0,1.0,,,,,
356,N1,R_SIM,P_bal,logistic,HPBnoise,3.0,0.0,inner,False,paired,33.0,14.0,1.0,,,,,
357,N1,R_SIM,P_bal,logistic,HPBnoise,3.0,1.0,inner,False,paired,33.0,14.0,1.0,,,,,
358,N1,R_SIM,P_bal,logistic,HPBnoise,3.0,2.0,inner,False,paired,34.0,13.0,1.0,,,,,
359,N1,R_SIM,P_bal,logistic,HPBnoise,3.0,,final,False,paired,47.0,0.0,1.0,,,,,
360,N1,R_SIM,P_bal,mlp32,H,3.0,0.0,inner,True,paired,33.0,14.0,,0.001,,,,
361,N1,R_SIM,P_bal,mlp32,H,3.0,1.0,inner,True,paired,33.0,14.0,,0.001,,,,
362,N1,R_SIM,P_bal,mlp32,H,3.0,2.0,inner,True,paired,34.0,13.0,,0.001,,,,
363,N1,R_SIM,P_bal,mlp32,H,3.0,,final,True,paired,47.0,0.0,,0.001,,,,
364,N1,R_SIM,P_bal,mlp32,HP,3.0,0.0,inner,True,paired,33.0,14.0,,0.001,,,,
365,N1,R_SIM,P_bal,mlp32,HP,3.0,1.0,inner,True,paired,33.0,14.0,,0.001,,,,
366,N1,R_SIM,P_bal,mlp32,HP,3.0,2.0,inner,True,paired,34.0,13.0,,0.001,,,,
367,N1,R_SIM,P_bal,mlp32,HP,3.0,,final,True,paired,47.0,0.0,,0.001,,,,
368,N1,R_SIM,P_bal,mlp32,HB,3.0,0.0,inner,True,paired,33.0,14.0,,0.001,,,,
369,N1,R_SIM,P_bal,mlp32,HB,3.0,1.0,inner,True,paired,33.0,14.0,,0.001,,,,
370,N1,R_SIM,P_bal,mlp32,HB,3.0,2.0,inner,True,paired,34.0,13.0,,0.001,,,,
371,N1,R_SIM,P_bal,mlp32,HB,3.0,,final,True,paired,47.0,0.0,,0.001,,,,
372,N1,R_SIM,P_bal,mlp32,HPB,3.0,0.0,inner,True,paired,33.0,14.0,,0.001,,,,
373,N1,R_SIM,P_bal,mlp32,HPB,3.0,1.0,inner,True,paired,33.0,14.0,,0.001,,,,
374,N1,R_SIM,P_bal,mlp32,HPB,3.0,2.0,inner,True,paired,34.0,13.0,,0.001,,,,
375,N1,R_SIM,P_bal,mlp32,HPB,3.0,,final,True,paired,47.0,0.0,,0.001,,,,
376,N1,R_SIM,P_bal,mlp32,HPP,3.0,0.0,inner,True,paired,33.0,14.0,,0.001,,,,
377,N1,R_SIM,P_bal,mlp32,HPP,3.0,1.0,inner,True,paired,33.0,14.0,,0.001,,,,
378,N1,R_SIM,P_bal,mlp32,HPP,3.0,2.0,inner,True,paired,34.0,13.0,,0.001,,,,
379,N1,R_SIM,P_bal,mlp32,HPP,3.0,,final,True,paired,47.0,0.0,,0.001,,,,
380,N1,R_SIM,P_bal,mlp32,HPBnoise,3.0,0.0,inner,True,paired,33.0,14.0,,0.001,,,,
381,N1,R_SIM,P_bal,mlp32,HPBnoise,3.0,1.0,inner,True,paired,33.0,14.0,,0.001,,,,
382,N1,R_SIM,P_bal,mlp32,HPBnoise,3.0,2.0,inner,True,paired,34.0,13.0,,0.001,,,,
383,N1,R_SIM,P_bal,mlp32,HPBnoise,3.0,,final,True,paired,47.0,0.0,,0.001,,,,
384,N1,R_SIM,P_nat,logistic,H,4.0,0.0,inner,False,paired,33.0,14.0,1.0,,,,,
385,N1,R_SIM,P_nat,logistic,H,4.0,1.0,inner,False,paired,33.0,14.0,1.0,,,,,
386,N1,R_SIM,P_nat,logistic,H,4.0,2.0,inner,False,paired,34.0,13.0,1.0,,,,,
387,N1,R_SIM,P_nat,logistic,H,4.0,,final,False,paired,47.0,0.0,1.0,,,,,
388,N1,R_SIM,P_nat,logistic,HP,4.0,0.0,inner,False,paired,33.0,14.0,1.0,,,,,
389,N1,R_SIM,P_nat,logistic,HP,4.0,1.0,inner,False,paired,33.0,14.0,1.0,,,,,
390,N1,R_SIM,P_nat,logistic,HP,4.0,2.0,inner,False,paired,34.0,13.0,1.0,,,,,
391,N1,R_SIM,P_nat,logistic,HP,4.0,,final,False,paired,47.0,0.0,1.0,,,,,
392,N1,R_SIM,P_nat,logistic,HB,4.0,0.0,inner,False,paired,33.0,14.0,1.0,,,,,
393,N1,R_SIM,P_nat,logistic,HB,4.0,1.0,inner,False,paired,33.0,14.0,1.0,,,,,
394,N1,R_SIM,P_nat,logistic,HB,4.0,2.0,inner,False,paired,34.0,13.0,1.0,,,,,
395,N1,R_SIM,P_nat,logistic,HB,4.0,,final,False,paired,47.0,0.0,1.0,,,,,
396,N1,R_SIM,P_nat,logistic,HPB,4.0,0.0,inner,False,paired,33.0,14.0,1.0,,,,,
397,N1,R_SIM,P_nat,logistic,HPB,4.0,1.0,inner,False,paired,33.0,14.0,1.0,,,,,
398,N1,R_SIM,P_nat,logistic,HPB,4.0,2.0,inner,False,paired,34.0,13.0,1.0,,,,,
399,N1,R_SIM,P_nat,logistic,HPB,4.0,,final,False,paired,47.0,0.0,1.0,,,,,
400,N1,R_SIM,P_nat,logistic,HPP,4.0,0.0,inner,False,paired,33.0,14.0,1.0,,,,,
401,N1,R_SIM,P_nat,logistic,HPP,4.0,1.0,inner,False,paired,33.0,14.0,1.0,,,,,
402,N1,R_SIM,P_nat,logistic,HPP,4.0,2.0,inner,False,paired,34.0,13.0,1.0,,,,,
403,N1,R_SIM,P_nat,logistic,HPP,4.0,,final,False,paired,47.0,0.0,1.0,,,,,
404,N1,R_SIM,P_nat,logistic,HPBnoise,4.0,0.0,inner,False,paired,33.0,14.0,1.0,,,,,
405,N1,R_SIM,P_nat,logistic,HPBnoise,4.0,1.0,inner,False,paired,33.0,14.0,1.0,,,,,
406,N1,R_SIM,P_nat,logistic,HPBnoise,4.0,2.0,inner,False,paired,34.0,13.0,1.0,,,,,
407,N1,R_SIM,P_nat,logistic,HPBnoise,4.0,,final,False,paired,47.0,0.0,1.0,,,,,
408,N1,R_SIM,P_nat,mlp32,H,4.0,0.0,inner,True,paired,33.0,14.0,,0.001,,,,
409,N1,R_SIM,P_nat,mlp32,H,4.0,1.0,inner,True,paired,33.0,14.0,,0.001,,,,
410,N1,R_SIM,P_nat,mlp32,H,4.0,2.0,inner,True,paired,34.0,13.0,,0.001,,,,
411,N1,R_SIM,P_nat,mlp32,H,4.0,,final,True,paired,47.0,0.0,,0.001,,,,
412,N1,R_SIM,P_nat,mlp32,HP,4.0,0.0,inner,True,paired,33.0,14.0,,0.001,,,,
413,N1,R_SIM,P_nat,mlp32,HP,4.0,1.0,inner,True,paired,33.0,14.0,,0.001,,,,
414,N1,R_SIM,P_nat,mlp32,HP,4.0,2.0,inner,True,paired,34.0,13.0,,0.001,,,,
415,N1,R_SIM,P_nat,mlp32,HP,4.0,,final,True,paired,47.0,0.0,,0.001,,,,
416,N1,R_SIM,P_nat,mlp32,HB,4.0,0.0,inner,True,paired,33.0,14.0,,0.001,,,,
417,N1,R_SIM,P_nat,mlp32,HB,4.0,1.0,inner,True,paired,33.0,14.0,,0.001,,,,
418,N1,R_SIM,P_nat,mlp32,HB,4.0,2.0,inner,True,paired,34.0,13.0,,0.001,,,,
419,N1,R_SIM,P_nat,mlp32,HB,4.0,,final,True,paired,47.0,0.0,,0.001,,,,
420,N1,R_SIM,P_nat,mlp32,HPB,4.0,0.0,inner,True,paired,33.0,14.0,,0.001,,,,
421,N1,R_SIM,P_nat,mlp32,HPB,4.0,1.0,inner,True,paired,33.0,14.0,,0.001,,,,
422,N1,R_SIM,P_nat,mlp32,HPB,4.0,2.0,inner,True,paired,34.0,13.0,,0.001,,,,
423,N1,R_SIM,P_nat,mlp32,HPB,4.0,,final,True,paired,47.0,0.0,,0.001,,,,
424,N1,R_SIM,P_nat,mlp32,HPP,4.0,0.0,inner,True,paired,33.0,14.0,,0.001,,,,
425,N1,R_SIM,P_nat,mlp32,HPP,4.0,1.0,inner,True,paired,33.0,14.0,,0.001,,,,
426,N1,R_SIM,P_nat,mlp32,HPP,4.0,2.0,inner,True,paired,34.0,13.0,,0.001,,,,
427,N1,R_SIM,P_nat,mlp32,HPP,4.0,,final,True,paired,47.0,0.0,,0.001,,,,
428,N1,R_SIM,P_nat,mlp32,HPBnoise,4.0,0.0,inner,True,paired,33.0,14.0,,0.001,,,,
429,N1,R_SIM,P_nat,mlp32,HPBnoise,4.0,1.0,inner,True,paired,33.0,14.0,,0.001,,,,
430,N1,R_SIM,P_nat,mlp32,HPBnoise,4.0,2.0,inner,True,paired,34.0,13.0,,0.001,,,,
431,N1,R_SIM,P_nat,mlp32,HPBnoise,4.0,,final,True,paired,47.0,0.0,,0.001,,,,
432,N1,R_SIM,P_bal,logistic,H,4.0,0.0,inner,False,paired,33.0,14.0,1.0,,,,,
433,N1,R_SIM,P_bal,logistic,H,4.0,1.0,inner,False,paired,33.0,14.0,1.0,,,,,
434,N1,R_SIM,P_bal,logistic,H,4.0,2.0,inner,False,paired,34.0,13.0,1.0,,,,,
435,N1,R_SIM,P_bal,logistic,H,4.0,,final,False,paired,47.0,0.0,1.0,,,,,
436,N1,R_SIM,P_bal,logistic,HP,4.0,0.0,inner,False,paired,33.0,14.0,1.0,,,,,
437,N1,R_SIM,P_bal,logistic,HP,4.0,1.0,inner,False,paired,33.0,14.0,1.0,,,,,
438,N1,R_SIM,P_bal,logistic,HP,4.0,2.0,inner,False,paired,34.0,13.0,1.0,,,,,
439,N1,R_SIM,P_bal,logistic,HP,4.0,,final,False,paired,47.0,0.0,1.0,,,,,
440,N1,R_SIM,P_bal,logistic,HB,4.0,0.0,inner,False,paired,33.0,14.0,1.0,,,,,
441,N1,R_SIM,P_bal,logistic,HB,4.0,1.0,inner,False,paired,33.0,14.0,1.0,,,,,
442,N1,R_SIM,P_bal,logistic,HB,4.0,2.0,inner,False,paired,34.0,13.0,1.0,,,,,
443,N1,R_SIM,P_bal,logistic,HB,4.0,,final,False,paired,47.0,0.0,1.0,,,,,
444,N1,R_SIM,P_bal,logistic,HPB,4.0,0.0,inner,False,paired,33.0,14.0,1.0,,,,,
445,N1,R_SIM,P_bal,logistic,HPB,4.0,1.0,inner,False,paired,33.0,14.0,1.0,,,,,
446,N1,R_SIM,P_bal,logistic,HPB,4.0,2.0,inner,False,paired,34.0,13.0,1.0,,,,,
447,N1,R_SIM,P_bal,logistic,HPB,4.0,,final,False,paired,47.0,0.0,1.0,,,,,
448,N1,R_SIM,P_bal,logistic,HPP,4.0,0.0,inner,False,paired,33.0,14.0,1.0,,,,,
449,N1,R_SIM,P_bal,logistic,HPP,4.0,1.0,inner,False,paired,33.0,14.0,1.0,,,,,
450,N1,R_SIM,P_bal,logistic,HPP,4.0,2.0,inner,False,paired,34.0,13.0,1.0,,,,,
451,N1,R_SIM,P_bal,logistic,HPP,4.0,,final,False,paired,47.0,0.0,1.0,,,,,
452,N1,R_SIM,P_bal,logistic,HPBnoise,4.0,0.0,inner,False,paired,33.0,14.0,1.0,,,,,
453,N1,R_SIM,P_bal,logistic,HPBnoise,4.0,1.0,inner,False,paired,33.0,14.0,1.0,,,,,
454,N1,R_SIM,P_bal,logistic,HPBnoise,4.0,2.0,inner,False,paired,34.0,13.0,1.0,,,,,
455,N1,R_SIM,P_bal,logistic,HPBnoise,4.0,,final,False,paired,47.0,0.0,1.0,,,,,
456,N1,R_SIM,P_bal,mlp32,H,4.0,0.0,inner,True,paired,33.0,14.0,,0.001,,,,
457,N1,R_SIM,P_bal,mlp32,H,4.0,1.0,inner,True,paired,33.0,14.0,,0.001,,,,
458,N1,R_SIM,P_bal,mlp32,H,4.0,2.0,inner,True,paired,34.0,13.0,,0.001,,,,
459,N1,R_SIM,P_bal,mlp32,H,4.0,,final,True,paired,47.0,0.0,,0.001,,,,
460,N1,R_SIM,P_bal,mlp32,HP,4.0,0.0,inner,True,paired,33.0,14.0,,0.001,,,,
461,N1,R_SIM,P_bal,mlp32,HP,4.0,1.0,inner,True,paired,33.0,14.0,,0.001,,,,
462,N1,R_SIM,P_bal,mlp32,HP,4.0,2.0,inner,True,paired,34.0,13.0,,0.001,,,,
463,N1,R_SIM,P_bal,mlp32,HP,4.0,,final,True,paired,47.0,0.0,,0.001,,,,
464,N1,R_SIM,P_bal,mlp32,HB,4.0,0.0,inner,True,paired,33.0,14.0,,0.001,,,,
465,N1,R_SIM,P_bal,mlp32,HB,4.0,1.0,inner,True,paired,33.0,14.0,,0.001,,,,
466,N1,R_SIM,P_bal,mlp32,HB,4.0,2.0,inner,True,paired,34.0,13.0,,0.001,,,,
467,N1,R_SIM,P_bal,mlp32,HB,4.0,,final,True,paired,47.0,0.0,,0.001,,,,
468,N1,R_SIM,P_bal,mlp32,HPB,4.0,0.0,inner,True,paired,33.0,14.0,,0.001,,,,
469,N1,R_SIM,P_bal,mlp32,HPB,4.0,1.0,inner,True,paired,33.0,14.0,,0.001,,,,
470,N1,R_SIM,P_bal,mlp32,HPB,4.0,2.0,inner,True,paired,34.0,13.0,,0.001,,,,
471,N1,R_SIM,P_bal,mlp32,HPB,4.0,,final,True,paired,47.0,0.0,,0.001,,,,
472,N1,R_SIM,P_bal,mlp32,HPP,4.0,0.0,inner,True,paired,33.0,14.0,,0.001,,,,
473,N1,R_SIM,P_bal,mlp32,HPP,4.0,1.0,inner,True,paired,33.0,14.0,,0.001,,,,
474,N1,R_SIM,P_bal,mlp32,HPP,4.0,2.0,inner,True,paired,34.0,13.0,,0.001,,,,
475,N1,R_SIM,P_bal,mlp32,HPP,4.0,,final,True,paired,47.0,0.0,,0.001,,,,
476,N1,R_SIM,P_bal,mlp32,HPBnoise,4.0,0.0,inner,True,paired,33.0,14.0,,0.001,,,,
477,N1,R_SIM,P_bal,mlp32,HPBnoise,4.0,1.0,inner,True,paired,33.0,14.0,,0.001,,,,
478,N1,R_SIM,P_bal,mlp32,HPBnoise,4.0,2.0,inner,True,paired,34.0,13.0,,0.001,,,,
479,N1,R_SIM,P_bal,mlp32,HPBnoise,4.0,,final,True,paired,47.0,0.0,,0.001,,,,
480,N1,L0,P_nat,logistic,H,0.0,0.0,inner,False,paired,33.0,14.0,1.0,,,,,
481,N1,L0,P_nat,logistic,H,0.0,1.0,inner,False,paired,34.0,13.0,1.0,,,,,
482,N1,L0,P_nat,logistic,H,0.0,2.0,inner,False,paired,34.0,13.0,1.0,,,,,
483,N1,L0,P_nat,logistic,H,0.0,,final,False,paired,47.0,0.0,1.0,,,,,
484,N1,L0,P_nat,logistic,HP,0.0,0.0,inner,False,paired,33.0,14.0,1.0,,,,,
485,N1,L0,P_nat,logistic,HP,0.0,1.0,inner,False,paired,34.0,13.0,1.0,,,,,
486,N1,L0,P_nat,logistic,HP,0.0,2.0,inner,False,paired,34.0,13.0,1.0,,,,,
487,N1,L0,P_nat,logistic,HP,0.0,,final,False,paired,47.0,0.0,1.0,,,,,
488,N1,L0,P_nat,logistic,HB,0.0,0.0,inner,False,paired,33.0,14.0,1.0,,,,,
489,N1,L0,P_nat,logistic,HB,0.0,1.0,inner,False,paired,34.0,13.0,1.0,,,,,
490,N1,L0,P_nat,logistic,HB,0.0,2.0,inner,False,paired,34.0,13.0,1.0,,,,,
491,N1,L0,P_nat,logistic,HB,0.0,,final,False,paired,47.0,0.0,1.0,,,,,
492,N1,L0,P_nat,logistic,HPB,0.0,0.0,inner,False,paired,33.0,14.0,1.0,,,,,
493,N1,L0,P_nat,logistic,HPB,0.0,1.0,inner,False,paired,34.0,13.0,1.0,,,,,
494,N1,L0,P_nat,logistic,HPB,0.0,2.0,inner,False,paired,34.0,13.0,1.0,,,,,
495,N1,L0,P_nat,logistic,HPB,0.0,,final,False,paired,47.0,0.0,1.0,,,,,
496,N1,L0,P_nat,logistic,HPP,0.0,0.0,inner,False,paired,33.0,14.0,1.0,,,,,
497,N1,L0,P_nat,logistic,HPP,0.0,1.0,inner,False,paired,34.0,13.0,1.0,,,,,
498,N1,L0,P_nat,logistic,HPP,0.0,2.0,inner,False,paired,34.0,13.0,1.0,,,,,
499,N1,L0,P_nat,logistic,HPP,0.0,,final,False,paired,47.0,0.0,1.0,,,,,
500,N1,L0,P_nat,logistic,HPBnoise,0.0,0.0,inner,False,paired,33.0,14.0,1.0,,,,,
501,N1,L0,P_nat,logistic,HPBnoise,0.0,1.0,inner,False,paired,34.0,13.0,1.0,,,,,
502,N1,L0,P_nat,logistic,HPBnoise,0.0,2.0,inner,False,paired,34.0,13.0,1.0,,,,,
503,N1,L0,P_nat,logistic,HPBnoise,0.0,,final,False,paired,47.0,0.0,1.0,,,,,
504,N1,L0,P_bal,logistic,H,0.0,0.0,inner,False,paired,33.0,14.0,1.0,,,,,
505,N1,L0,P_bal,logistic,H,0.0,1.0,inner,False,paired,34.0,13.0,1.0,,,,,
506,N1,L0,P_bal,logistic,H,0.0,2.0,inner,False,paired,34.0,13.0,1.0,,,,,
507,N1,L0,P_bal,logistic,H,0.0,,final,False,paired,47.0,0.0,1.0,,,,,
508,N1,L0,P_bal,logistic,HP,0.0,0.0,inner,False,paired,33.0,14.0,1.0,,,,,
509,N1,L0,P_bal,logistic,HP,0.0,1.0,inner,False,paired,34.0,13.0,1.0,,,,,
510,N1,L0,P_bal,logistic,HP,0.0,2.0,inner,False,paired,34.0,13.0,1.0,,,,,
511,N1,L0,P_bal,logistic,HP,0.0,,final,False,paired,47.0,0.0,1.0,,,,,
512,N1,L0,P_bal,logistic,HB,0.0,0.0,inner,False,paired,33.0,14.0,1.0,,,,,
513,N1,L0,P_bal,logistic,HB,0.0,1.0,inner,False,paired,34.0,13.0,1.0,,,,,
514,N1,L0,P_bal,logistic,HB,0.0,2.0,inner,False,paired,34.0,13.0,1.0,,,,,
515,N1,L0,P_bal,logistic,HB,0.0,,final,False,paired,47.0,0.0,1.0,,,,,
516,N1,L0,P_bal,logistic,HPB,0.0,0.0,inner,False,paired,33.0,14.0,1.0,,,,,
517,N1,L0,P_bal,logistic,HPB,0.0,1.0,inner,False,paired,34.0,13.0,1.0,,,,,
518,N1,L0,P_bal,logistic,HPB,0.0,2.0,inner,False,paired,34.0,13.0,1.0,,,,,
519,N1,L0,P_bal,logistic,HPB,0.0,,final,False,paired,47.0,0.0,1.0,,,,,
520,N1,L0,P_bal,logistic,HPP,0.0,0.0,inner,False,paired,33.0,14.0,1.0,,,,,
521,N1,L0,P_bal,logistic,HPP,0.0,1.0,inner,False,paired,34.0,13.0,1.0,,,,,
522,N1,L0,P_bal,logistic,HPP,0.0,2.0,inner,False,paired,34.0,13.0,1.0,,,,,
523,N1,L0,P_bal,logistic,HPP,0.0,,final,False,paired,47.0,0.0,1.0,,,,,
524,N1,L0,P_bal,logistic,HPBnoise,0.0,0.0,inner,False,paired,33.0,14.0,1.0,,,,,
525,N1,L0,P_bal,logistic,HPBnoise,0.0,1.0,inner,False,paired,34.0,13.0,1.0,,,,,
526,N1,L0,P_bal,logistic,HPBnoise,0.0,2.0,inner,False,paired,34.0,13.0,1.0,,,,,
527,N1,L0,P_bal,logistic,HPBnoise,0.0,,final,False,paired,47.0,0.0,1.0,,,,,
528,N1,L0,P_nat,logistic,H,1.0,0.0,inner,False,paired,33.0,14.0,1.0,,,,,
529,N1,L0,P_nat,logistic,H,1.0,1.0,inner,False,paired,33.0,14.0,1.0,,,,,
530,N1,L0,P_nat,logistic,H,1.0,2.0,inner,False,paired,34.0,13.0,1.0,,,,,
531,N1,L0,P_nat,logistic,H,1.0,,final,False,paired,47.0,0.0,1.0,,,,,
532,N1,L0,P_nat,logistic,HP,1.0,0.0,inner,False,paired,33.0,14.0,1.0,,,,,
533,N1,L0,P_nat,logistic,HP,1.0,1.0,inner,False,paired,33.0,14.0,1.0,,,,,
534,N1,L0,P_nat,logistic,HP,1.0,2.0,inner,False,paired,34.0,13.0,1.0,,,,,
535,N1,L0,P_nat,logistic,HP,1.0,,final,False,paired,47.0,0.0,1.0,,,,,
536,N1,L0,P_nat,logistic,HB,1.0,0.0,inner,False,paired,33.0,14.0,1.0,,,,,
537,N1,L0,P_nat,logistic,HB,1.0,1.0,inner,False,paired,33.0,14.0,1.0,,,,,
538,N1,L0,P_nat,logistic,HB,1.0,2.0,inner,False,paired,34.0,13.0,1.0,,,,,
539,N1,L0,P_nat,logistic,HB,1.0,,final,False,paired,47.0,0.0,1.0,,,,,
540,N1,L0,P_nat,logistic,HPB,1.0,0.0,inner,False,paired,33.0,14.0,1.0,,,,,
541,N1,L0,P_nat,logistic,HPB,1.0,1.0,inner,False,paired,33.0,14.0,1.0,,,,,
542,N1,L0,P_nat,logistic,HPB,1.0,2.0,inner,False,paired,34.0,13.0,1.0,,,,,
543,N1,L0,P_nat,logistic,HPB,1.0,,final,False,paired,47.0,0.0,1.0,,,,,
544,N1,L0,P_nat,logistic,HPP,1.0,0.0,inner,False,paired,33.0,14.0,1.0,,,,,
545,N1,L0,P_nat,logistic,HPP,1.0,1.0,inner,False,paired,33.0,14.0,1.0,,,,,
546,N1,L0,P_nat,logistic,HPP,1.0,2.0,inner,False,paired,34.0,13.0,1.0,,,,,
547,N1,L0,P_nat,logistic,HPP,1.0,,final,False,paired,47.0,0.0,1.0,,,,,
548,N1,L0,P_nat,logistic,HPBnoise,1.0,0.0,inner,False,paired,33.0,14.0,1.0,,,,,
549,N1,L0,P_nat,logistic,HPBnoise,1.0,1.0,inner,False,paired,33.0,14.0,1.0,,,,,
550,N1,L0,P_nat,logistic,HPBnoise,1.0,2.0,inner,False,paired,34.0,13.0,1.0,,,,,
551,N1,L0,P_nat,logistic,HPBnoise,1.0,,final,False,paired,47.0,0.0,1.0,,,,,
552,N1,L0,P_bal,logistic,H,1.0,0.0,inner,False,paired,33.0,14.0,1.0,,,,,
553,N1,L0,P_bal,logistic,H,1.0,1.0,inner,False,paired,33.0,14.0,1.0,,,,,
554,N1,L0,P_bal,logistic,H,1.0,2.0,inner,False,paired,34.0,13.0,1.0,,,,,
555,N1,L0,P_bal,logistic,H,1.0,,final,False,paired,47.0,0.0,1.0,,,,,
556,N1,L0,P_bal,logistic,HP,1.0,0.0,inner,False,paired,33.0,14.0,1.0,,,,,
557,N1,L0,P_bal,logistic,HP,1.0,1.0,inner,False,paired,33.0,14.0,1.0,,,,,
558,N1,L0,P_bal,logistic,HP,1.0,2.0,inner,False,paired,34.0,13.0,1.0,,,,,
559,N1,L0,P_bal,logistic,HP,1.0,,final,False,paired,47.0,0.0,1.0,,,,,
560,N1,L0,P_bal,logistic,HB,1.0,0.0,inner,False,paired,33.0,14.0,1.0,,,,,
561,N1,L0,P_bal,logistic,HB,1.0,1.0,inner,False,paired,33.0,14.0,1.0,,,,,
562,N1,L0,P_bal,logistic,HB,1.0,2.0,inner,False,paired,34.0,13.0,1.0,,,,,
563,N1,L0,P_bal,logistic,HB,1.0,,final,False,paired,47.0,0.0,1.0,,,,,
564,N1,L0,P_bal,logistic,HPB,1.0,0.0,inner,False,paired,33.0,14.0,1.0,,,,,
565,N1,L0,P_bal,logistic,HPB,1.0,1.0,inner,False,paired,33.0,14.0,1.0,,,,,
566,N1,L0,P_bal,logistic,HPB,1.0,2.0,inner,False,paired,34.0,13.0,1.0,,,,,
567,N1,L0,P_bal,logistic,HPB,1.0,,final,False,paired,47.0,0.0,1.0,,,,,
568,N1,L0,P_bal,logistic,HPP,1.0,0.0,inner,False,paired,33.0,14.0,1.0,,,,,
569,N1,L0,P_bal,logistic,HPP,1.0,1.0,inner,False,paired,33.0,14.0,1.0,,,,,
570,N1,L0,P_bal,logistic,HPP,1.0,2.0,inner,False,paired,34.0,13.0,1.0,,,,,
571,N1,L0,P_bal,logistic,HPP,1.0,,final,False,paired,47.0,0.0,1.0,,,,,
572,N1,L0,P_bal,logistic,HPBnoise,1.0,0.0,inner,False,paired,33.0,14.0,1.0,,,,,
573,N1,L0,P_bal,logistic,HPBnoise,1.0,1.0,inner,False,paired,33.0,14.0,1.0,,,,,
574,N1,L0,P_bal,logistic,HPBnoise,1.0,2.0,inner,False,paired,34.0,13.0,1.0,,,,,
575,N1,L0,P_bal,logistic,HPBnoise,1.0,,final,False,paired,47.0,0.0,1.0,,,,,
576,N1,L0,P_nat,logistic,H,2.0,0.0,inner,False,paired,34.0,14.0,1.0,,,,,
577,N1,L0,P_nat,logistic,H,2.0,1.0,inner,False,paired,34.0,14.0,1.0,,,,,
578,N1,L0,P_nat,logistic,H,2.0,2.0,inner,False,paired,35.0,13.0,1.0,,,,,
579,N1,L0,P_nat,logistic,H,2.0,,final,False,paired,48.0,0.0,1.0,,,,,
580,N1,L0,P_nat,logistic,HP,2.0,0.0,inner,False,paired,34.0,14.0,1.0,,,,,
581,N1,L0,P_nat,logistic,HP,2.0,1.0,inner,False,paired,34.0,14.0,1.0,,,,,
582,N1,L0,P_nat,logistic,HP,2.0,2.0,inner,False,paired,35.0,13.0,1.0,,,,,
583,N1,L0,P_nat,logistic,HP,2.0,,final,False,paired,48.0,0.0,1.0,,,,,
584,N1,L0,P_nat,logistic,HB,2.0,0.0,inner,False,paired,34.0,14.0,1.0,,,,,
585,N1,L0,P_nat,logistic,HB,2.0,1.0,inner,False,paired,34.0,14.0,1.0,,,,,
586,N1,L0,P_nat,logistic,HB,2.0,2.0,inner,False,paired,35.0,13.0,1.0,,,,,
587,N1,L0,P_nat,logistic,HB,2.0,,final,False,paired,48.0,0.0,1.0,,,,,
588,N1,L0,P_nat,logistic,HPB,2.0,0.0,inner,False,paired,34.0,14.0,1.0,,,,,
589,N1,L0,P_nat,logistic,HPB,2.0,1.0,inner,False,paired,34.0,14.0,1.0,,,,,
590,N1,L0,P_nat,logistic,HPB,2.0,2.0,inner,False,paired,35.0,13.0,1.0,,,,,
591,N1,L0,P_nat,logistic,HPB,2.0,,final,False,paired,48.0,0.0,1.0,,,,,
592,N1,L0,P_nat,logistic,HPP,2.0,0.0,inner,False,paired,34.0,14.0,1.0,,,,,
593,N1,L0,P_nat,logistic,HPP,2.0,1.0,inner,False,paired,34.0,14.0,1.0,,,,,
594,N1,L0,P_nat,logistic,HPP,2.0,2.0,inner,False,paired,35.0,13.0,1.0,,,,,
595,N1,L0,P_nat,logistic,HPP,2.0,,final,False,paired,48.0,0.0,1.0,,,,,
596,N1,L0,P_nat,logistic,HPBnoise,2.0,0.0,inner,False,paired,34.0,14.0,1.0,,,,,
597,N1,L0,P_nat,logistic,HPBnoise,2.0,1.0,inner,False,paired,34.0,14.0,1.0,,,,,
598,N1,L0,P_nat,logistic,HPBnoise,2.0,2.0,inner,False,paired,35.0,13.0,1.0,,,,,
599,N1,L0,P_nat,logistic,HPBnoise,2.0,,final,False,paired,48.0,0.0,1.0,,,,,
600,N1,L0,P_bal,logistic,H,2.0,0.0,inner,False,paired,34.0,14.0,1.0,,,,,
601,N1,L0,P_bal,logistic,H,2.0,1.0,inner,False,paired,34.0,14.0,1.0,,,,,
602,N1,L0,P_bal,logistic,H,2.0,2.0,inner,False,paired,35.0,13.0,1.0,,,,,
603,N1,L0,P_bal,logistic,H,2.0,,final,False,paired,48.0,0.0,1.0,,,,,
604,N1,L0,P_bal,logistic,HP,2.0,0.0,inner,False,paired,34.0,14.0,1.0,,,,,
605,N1,L0,P_bal,logistic,HP,2.0,1.0,inner,False,paired,34.0,14.0,1.0,,,,,
606,N1,L0,P_bal,logistic,HP,2.0,2.0,inner,False,paired,35.0,13.0,1.0,,,,,
607,N1,L0,P_bal,logistic,HP,2.0,,final,False,paired,48.0,0.0,1.0,,,,,
608,N1,L0,P_bal,logistic,HB,2.0,0.0,inner,False,paired,34.0,14.0,1.0,,,,,
609,N1,L0,P_bal,logistic,HB,2.0,1.0,inner,False,paired,34.0,14.0,1.0,,,,,
610,N1,L0,P_bal,logistic,HB,2.0,2.0,inner,False,paired,35.0,13.0,1.0,,,,,
611,N1,L0,P_bal,logistic,HB,2.0,,final,False,paired,48.0,0.0,1.0,,,,,
612,N1,L0,P_bal,logistic,HPB,2.0,0.0,inner,False,paired,34.0,14.0,1.0,,,,,
613,N1,L0,P_bal,logistic,HPB,2.0,1.0,inner,False,paired,34.0,14.0,1.0,,,,,
614,N1,L0,P_bal,logistic,HPB,2.0,2.0,inner,False,paired,35.0,13.0,1.0,,,,,
615,N1,L0,P_bal,logistic,HPB,2.0,,final,False,paired,48.0,0.0,1.0,,,,,
616,N1,L0,P_bal,logistic,HPP,2.0,0.0,inner,False,paired,34.0,14.0,1.0,,,,,
617,N1,L0,P_bal,logistic,HPP,2.0,1.0,inner,False,paired,34.0,14.0,1.0,,,,,
618,N1,L0,P_bal,logistic,HPP,2.0,2.0,inner,False,paired,35.0,13.0,1.0,,,,,
619,N1,L0,P_bal,logistic,HPP,2.0,,final,False,paired,48.0,0.0,1.0,,,,,
620,N1,L0,P_bal,logistic,HPBnoise,2.0,0.0,inner,False,paired,34.0,14.0,1.0,,,,,
621,N1,L0,P_bal,logistic,HPBnoise,2.0,1.0,inner,False,paired,34.0,14.0,1.0,,,,,
622,N1,L0,P_bal,logistic,HPBnoise,2.0,2.0,inner,False,paired,35.0,13.0,1.0,,,,,
623,N1,L0,P_bal,logistic,HPBnoise,2.0,,final,False,paired,48.0,0.0,1.0,,,,,
624,N1,L0,P_nat,logistic,H,3.0,0.0,inner,False,paired,33.0,14.0,1.0,,,,,
625,N1,L0,P_nat,logistic,H,3.0,1.0,inner,False,paired,33.0,14.0,1.0,,,,,
626,N1,L0,P_nat,logistic,H,3.0,2.0,inner,False,paired,34.0,13.0,1.0,,,,,
627,N1,L0,P_nat,logistic,H,3.0,,final,False,paired,47.0,0.0,1.0,,,,,
628,N1,L0,P_nat,logistic,HP,3.0,0.0,inner,False,paired,33.0,14.0,1.0,,,,,
629,N1,L0,P_nat,logistic,HP,3.0,1.0,inner,False,paired,33.0,14.0,1.0,,,,,
630,N1,L0,P_nat,logistic,HP,3.0,2.0,inner,False,paired,34.0,13.0,1.0,,,,,
631,N1,L0,P_nat,logistic,HP,3.0,,final,False,paired,47.0,0.0,1.0,,,,,
632,N1,L0,P_nat,logistic,HB,3.0,0.0,inner,False,paired,33.0,14.0,1.0,,,,,
633,N1,L0,P_nat,logistic,HB,3.0,1.0,inner,False,paired,33.0,14.0,1.0,,,,,
634,N1,L0,P_nat,logistic,HB,3.0,2.0,inner,False,paired,34.0,13.0,1.0,,,,,
635,N1,L0,P_nat,logistic,HB,3.0,,final,False,paired,47.0,0.0,1.0,,,,,
636,N1,L0,P_nat,logistic,HPB,3.0,0.0,inner,False,paired,33.0,14.0,1.0,,,,,
637,N1,L0,P_nat,logistic,HPB,3.0,1.0,inner,False,paired,33.0,14.0,1.0,,,,,
638,N1,L0,P_nat,logistic,HPB,3.0,2.0,inner,False,paired,34.0,13.0,1.0,,,,,
639,N1,L0,P_nat,logistic,HPB,3.0,,final,False,paired,47.0,0.0,1.0,,,,,
640,N1,L0,P_nat,logistic,HPP,3.0,0.0,inner,False,paired,33.0,14.0,1.0,,,,,
641,N1,L0,P_nat,logistic,HPP,3.0,1.0,inner,False,paired,33.0,14.0,1.0,,,,,
642,N1,L0,P_nat,logistic,HPP,3.0,2.0,inner,False,paired,34.0,13.0,1.0,,,,,
643,N1,L0,P_nat,logistic,HPP,3.0,,final,False,paired,47.0,0.0,1.0,,,,,
644,N1,L0,P_nat,logistic,HPBnoise,3.0,0.0,inner,False,paired,33.0,14.0,1.0,,,,,
645,N1,L0,P_nat,logistic,HPBnoise,3.0,1.0,inner,False,paired,33.0,14.0,1.0,,,,,
646,N1,L0,P_nat,logistic,HPBnoise,3.0,2.0,inner,False,paired,34.0,13.0,1.0,,,,,
647,N1,L0,P_nat,logistic,HPBnoise,3.0,,final,False,paired,47.0,0.0,1.0,,,,,
648,N1,L0,P_bal,logistic,H,3.0,0.0,inner,False,paired,33.0,14.0,1.0,,,,,
649,N1,L0,P_bal,logistic,H,3.0,1.0,inner,False,paired,33.0,14.0,1.0,,,,,
650,N1,L0,P_bal,logistic,H,3.0,2.0,inner,False,paired,34.0,13.0,1.0,,,,,
651,N1,L0,P_bal,logistic,H,3.0,,final,False,paired,47.0,0.0,1.0,,,,,
652,N1,L0,P_bal,logistic,HP,3.0,0.0,inner,False,paired,33.0,14.0,1.0,,,,,
653,N1,L0,P_bal,logistic,HP,3.0,1.0,inner,False,paired,33.0,14.0,1.0,,,,,
654,N1,L0,P_bal,logistic,HP,3.0,2.0,inner,False,paired,34.0,13.0,1.0,,,,,
655,N1,L0,P_bal,logistic,HP,3.0,,final,False,paired,47.0,0.0,1.0,,,,,
656,N1,L0,P_bal,logistic,HB,3.0,0.0,inner,False,paired,33.0,14.0,1.0,,,,,
657,N1,L0,P_bal,logistic,HB,3.0,1.0,inner,False,paired,33.0,14.0,1.0,,,,,
658,N1,L0,P_bal,logistic,HB,3.0,2.0,inner,False,paired,34.0,13.0,1.0,,,,,
659,N1,L0,P_bal,logistic,HB,3.0,,final,False,paired,47.0,0.0,1.0,,,,,
660,N1,L0,P_bal,logistic,HPB,3.0,0.0,inner,False,paired,33.0,14.0,1.0,,,,,
661,N1,L0,P_bal,logistic,HPB,3.0,1.0,inner,False,paired,33.0,14.0,1.0,,,,,
662,N1,L0,P_bal,logistic,HPB,3.0,2.0,inner,False,paired,34.0,13.0,1.0,,,,,
663,N1,L0,P_bal,logistic,HPB,3.0,,final,False,paired,47.0,0.0,1.0,,,,,
664,N1,L0,P_bal,logistic,HPP,3.0,0.0,inner,False,paired,33.0,14.0,1.0,,,,,
665,N1,L0,P_bal,logistic,HPP,3.0,1.0,inner,False,paired,33.0,14.0,1.0,,,,,
666,N1,L0,P_bal,logistic,HPP,3.0,2.0,inner,False,paired,34.0,13.0,1.0,,,,,
667,N1,L0,P_bal,logistic,HPP,3.0,,final,False,paired,47.0,0.0,1.0,,,,,
668,N1,L0,P_bal,logistic,HPBnoise,3.0,0.0,inner,False,paired,33.0,14.0,1.0,,,,,
669,N1,L0,P_bal,logistic,HPBnoise,3.0,1.0,inner,False,paired,33.0,14.0,1.0,,,,,
670,N1,L0,P_bal,logistic,HPBnoise,3.0,2.0,inner,False,paired,34.0,13.0,1.0,,,,,
671,N1,L0,P_bal,logistic,HPBnoise,3.0,,final,False,paired,47.0,0.0,1.0,,,,,
672,N1,L0,P_nat,logistic,H,4.0,0.0,inner,False,paired,33.0,14.0,1.0,,,,,
673,N1,L0,P_nat,logistic,H,4.0,1.0,inner,False,paired,33.0,14.0,1.0,,,,,
674,N1,L0,P_nat,logistic,H,4.0,2.0,inner,False,paired,34.0,13.0,1.0,,,,,
675,N1,L0,P_nat,logistic,H,4.0,,final,False,paired,47.0,0.0,1.0,,,,,
676,N1,L0,P_nat,logistic,HP,4.0,0.0,inner,False,paired,33.0,14.0,1.0,,,,,
677,N1,L0,P_nat,logistic,HP,4.0,1.0,inner,False,paired,33.0,14.0,1.0,,,,,
678,N1,L0,P_nat,logistic,HP,4.0,2.0,inner,False,paired,34.0,13.0,1.0,,,,,
679,N1,L0,P_nat,logistic,HP,4.0,,final,False,paired,47.0,0.0,1.0,,,,,
680,N1,L0,P_nat,logistic,HB,4.0,0.0,inner,False,paired,33.0,14.0,1.0,,,,,
681,N1,L0,P_nat,logistic,HB,4.0,1.0,inner,False,paired,33.0,14.0,1.0,,,,,
682,N1,L0,P_nat,logistic,HB,4.0,2.0,inner,False,paired,34.0,13.0,1.0,,,,,
683,N1,L0,P_nat,logistic,HB,4.0,,final,False,paired,47.0,0.0,1.0,,,,,
684,N1,L0,P_nat,logistic,HPB,4.0,0.0,inner,False,paired,33.0,14.0,1.0,,,,,
685,N1,L0,P_nat,logistic,HPB,4.0,1.0,inner,False,paired,33.0,14.0,1.0,,,,,
686,N1,L0,P_nat,logistic,HPB,4.0,2.0,inner,False,paired,34.0,13.0,1.0,,,,,
687,N1,L0,P_nat,logistic,HPB,4.0,,final,False,paired,47.0,0.0,1.0,,,,,
688,N1,L0,P_nat,logistic,HPP,4.0,0.0,inner,False,paired,33.0,14.0,1.0,,,,,
689,N1,L0,P_nat,logistic,HPP,4.0,1.0,inner,False,paired,33.0,14.0,1.0,,,,,
690,N1,L0,P_nat,logistic,HPP,4.0,2.0,inner,False,paired,34.0,13.0,1.0,,,,,
691,N1,L0,P_nat,logistic,HPP,4.0,,final,False,paired,47.0,0.0,1.0,,,,,
692,N1,L0,P_nat,logistic,HPBnoise,4.0,0.0,inner,False,paired,33.0,14.0,1.0,,,,,
693,N1,L0,P_nat,logistic,HPBnoise,4.0,1.0,inner,False,paired,33.0,14.0,1.0,,,,,
694,N1,L0,P_nat,logistic,HPBnoise,4.0,2.0,inner,False,paired,34.0,13.0,1.0,,,,,
695,N1,L0,P_nat,logistic,HPBnoise,4.0,,final,False,paired,47.0,0.0,1.0,,,,,
696,N1,L0,P_bal,logistic,H,4.0,0.0,inner,False,paired,33.0,14.0,1.0,,,,,
697,N1,L0,P_bal,logistic,H,4.0,1.0,inner,False,paired,33.0,14.0,1.0,,,,,
698,N1,L0,P_bal,logistic,H,4.0,2.0,inner,False,paired,34.0,13.0,1.0,,,,,
699,N1,L0,P_bal,logistic,H,4.0,,final,False,paired,47.0,0.0,1.0,,,,,
700,N1,L0,P_bal,logistic,HP,4.0,0.0,inner,False,paired,33.0,14.0,1.0,,,,,
701,N1,L0,P_bal,logistic,HP,4.0,1.0,inner,False,paired,33.0,14.0,1.0,,,,,
702,N1,L0,P_bal,logistic,HP,4.0,2.0,inner,False,paired,34.0,13.0,1.0,,,,,
703,N1,L0,P_bal,logistic,HP,4.0,,final,False,paired,47.0,0.0,1.0,,,,,
704,N1,L0,P_bal,logistic,HB,4.0,0.0,inner,False,paired,33.0,14.0,1.0,,,,,
705,N1,L0,P_bal,logistic,HB,4.0,1.0,inner,False,paired,33.0,14.0,1.0,,,,,
706,N1,L0,P_bal,logistic,HB,4.0,2.0,inner,False,paired,34.0,13.0,1.0,,,,,
707,N1,L0,P_bal,logistic,HB,4.0,,final,False,paired,47.0,0.0,1.0,,,,,
708,N1,L0,P_bal,logistic,HPB,4.0,0.0,inner,False,paired,33.0,14.0,1.0,,,,,
709,N1,L0,P_bal,logistic,HPB,4.0,1.0,inner,False,paired,33.0,14.0,1.0,,,,,
710,N1,L0,P_bal,logistic,HPB,4.0,2.0,inner,False,paired,34.0,13.0,1.0,,,,,
711,N1,L0,P_bal,logistic,HPB,4.0,,final,False,paired,47.0,0.0,1.0,,,,,
712,N1,L0,P_bal,logistic,HPP,4.0,0.0,inner,False,paired,33.0,14.0,1.0,,,,,
713,N1,L0,P_bal,logistic,HPP,4.0,1.0,inner,False,paired,33.0,14.0,1.0,,,,,
714,N1,L0,P_bal,logistic,HPP,4.0,2.0,inner,False,paired,34.0,13.0,1.0,,,,,
715,N1,L0,P_bal,logistic,HPP,4.0,,final,False,paired,47.0,0.0,1.0,,,,,
716,N1,L0,P_bal,logistic,HPBnoise,4.0,0.0,inner,False,paired,33.0,14.0,1.0,,,,,
717,N1,L0,P_bal,logistic,HPBnoise,4.0,1.0,inner,False,paired,33.0,14.0,1.0,,,,,
718,N1,L0,P_bal,logistic,HPBnoise,4.0,2.0,inner,False,paired,34.0,13.0,1.0,,,,,
719,N1,L0,P_bal,logistic,HPBnoise,4.0,,final,False,paired,47.0,0.0,1.0,,,,,
720,N2,R_SIM,P_bal,logistic,H,0.0,0.0,inner,False,post,32.0,13.0,1.0,,,,,
721,N2,R_SIM,P_bal,logistic,H,0.0,1.0,inner,False,post,32.0,13.0,1.0,,,,,
722,N2,R_SIM,P_bal,logistic,H,0.0,2.0,inner,False,post,32.0,13.0,1.0,,,,,
723,N2,R_SIM,P_bal,logistic,H,0.0,,final,False,post,45.0,0.0,1.0,,,,,
724,N2,R_SIM,P_bal,logistic,HMU,0.0,0.0,inner,False,post,32.0,13.0,1.0,,,,,
725,N2,R_SIM,P_bal,logistic,HMU,0.0,1.0,inner,False,post,32.0,13.0,1.0,,,,,
726,N2,R_SIM,P_bal,logistic,HMU,0.0,2.0,inner,False,post,32.0,13.0,1.0,,,,,
727,N2,R_SIM,P_bal,logistic,HMU,0.0,,final,False,post,45.0,0.0,1.0,,,,,
728,N2,R_SIM,P_bal,logistic,HMUVAR,0.0,0.0,inner,False,post,32.0,13.0,1.0,,,,,
729,N2,R_SIM,P_bal,logistic,HMUVAR,0.0,1.0,inner,False,post,32.0,13.0,1.0,,,,,
730,N2,R_SIM,P_bal,logistic,HMUVAR,0.0,2.0,inner,False,post,32.0,13.0,1.0,,,,,
731,N2,R_SIM,P_bal,logistic,HMUVAR,0.0,,final,False,post,45.0,0.0,1.0,,,,,
732,N2,R_SIM,P_bal,logistic,HMUMU,0.0,0.0,inner,False,post,32.0,13.0,1.0,,,,,
733,N2,R_SIM,P_bal,logistic,HMUMU,0.0,1.0,inner,False,post,32.0,13.0,1.0,,,,,
734,N2,R_SIM,P_bal,logistic,HMUMU,0.0,2.0,inner,False,post,32.0,13.0,1.0,,,,,
735,N2,R_SIM,P_bal,logistic,HMUMU,0.0,,final,False,post,45.0,0.0,1.0,,,,,
736,N2,R_SIM,P_bal,logistic,HVAR,0.0,0.0,inner,False,post,32.0,13.0,1.0,,,,,
737,N2,R_SIM,P_bal,logistic,HVAR,0.0,1.0,inner,False,post,32.0,13.0,1.0,,,,,
738,N2,R_SIM,P_bal,logistic,HVAR,0.0,2.0,inner,False,post,32.0,13.0,1.0,,,,,
739,N2,R_SIM,P_bal,logistic,HVAR,0.0,,final,False,post,45.0,0.0,1.0,,,,,
740,N2,R_SIM,P_bal,logistic,HRFF,0.0,0.0,inner,False,post,32.0,13.0,1.0,,,,,
741,N2,R_SIM,P_bal,logistic,HRFF,0.0,1.0,inner,False,post,32.0,13.0,1.0,,,,,
742,N2,R_SIM,P_bal,logistic,HRFF,0.0,2.0,inner,False,post,32.0,13.0,1.0,,,,,
743,N2,R_SIM,P_bal,logistic,HRFF,0.0,,final,False,post,45.0,0.0,1.0,,,,,
744,N2,R_SIM,P_bal,mlp32,H,0.0,0.0,inner,True,post,32.0,13.0,,0.001,,,,
745,N2,R_SIM,P_bal,mlp32,H,0.0,1.0,inner,True,post,32.0,13.0,,0.001,,,,
746,N2,R_SIM,P_bal,mlp32,H,0.0,2.0,inner,True,post,32.0,13.0,,0.001,,,,
747,N2,R_SIM,P_bal,mlp32,H,0.0,,final,True,post,45.0,0.0,,0.001,,,,
748,N2,R_SIM,P_bal,mlp32,HMU,0.0,0.0,inner,True,post,32.0,13.0,,0.001,,,,
749,N2,R_SIM,P_bal,mlp32,HMU,0.0,1.0,inner,True,post,32.0,13.0,,0.001,,,,
750,N2,R_SIM,P_bal,mlp32,HMU,0.0,2.0,inner,True,post,32.0,13.0,,0.001,,,,
751,N2,R_SIM,P_bal,mlp32,HMU,0.0,,final,True,post,45.0,0.0,,0.001,,,,
752,N2,R_SIM,P_bal,mlp32,HMUVAR,0.0,0.0,inner,True,post,32.0,13.0,,0.001,,,,
753,N2,R_SIM,P_bal,mlp32,HMUVAR,0.0,1.0,inner,True,post,32.0,13.0,,0.001,,,,
754,N2,R_SIM,P_bal,mlp32,HMUVAR,0.0,2.0,inner,True,post,32.0,13.0,,0.001,,,,
755,N2,R_SIM,P_bal,mlp32,HMUVAR,0.0,,final,True,post,45.0,0.0,,0.001,,,,
756,N2,R_SIM,P_bal,mlp32,HMUMU,0.0,0.0,inner,True,post,32.0,13.0,,0.001,,,,
757,N2,R_SIM,P_bal,mlp32,HMUMU,0.0,1.0,inner,True,post,32.0,13.0,,0.001,,,,
758,N2,R_SIM,P_bal,mlp32,HMUMU,0.0,2.0,inner,True,post,32.0,13.0,,0.001,,,,
759,N2,R_SIM,P_bal,mlp32,HMUMU,0.0,,final,True,post,45.0,0.0,,0.001,,,,
760,N2,R_SIM,P_bal,mlp32,HVAR,0.0,0.0,inner,True,post,32.0,13.0,,0.001,,,,
761,N2,R_SIM,P_bal,mlp32,HVAR,0.0,1.0,inner,True,post,32.0,13.0,,0.001,,,,
762,N2,R_SIM,P_bal,mlp32,HVAR,0.0,2.0,inner,True,post,32.0,13.0,,0.001,,,,
763,N2,R_SIM,P_bal,mlp32,HVAR,0.0,,final,True,post,45.0,0.0,,0.001,,,,
764,N2,R_SIM,P_bal,mlp32,HRFF,0.0,0.0,inner,True,post,32.0,13.0,,0.001,,,,
765,N2,R_SIM,P_bal,mlp32,HRFF,0.0,1.0,inner,True,post,32.0,13.0,,0.001,,,,
766,N2,R_SIM,P_bal,mlp32,HRFF,0.0,2.0,inner,True,post,32.0,13.0,,0.001,,,,
767,N2,R_SIM,P_bal,mlp32,HRFF,0.0,,final,True,post,45.0,0.0,,0.001,,,,
768,N2,R_SIM,P_bal,logistic,H,0.0,0.0,inner,False,pre,32.0,13.0,1.0,,,,,
769,N2,R_SIM,P_bal,logistic,H,0.0,1.0,inner,False,pre,32.0,13.0,1.0,,,,,
770,N2,R_SIM,P_bal,logistic,H,0.0,2.0,inner,False,pre,32.0,13.0,1.0,,,,,
771,N2,R_SIM,P_bal,logistic,H,0.0,,final,False,pre,45.0,0.0,1.0,,,,,
772,N2,R_SIM,P_bal,logistic,HMU,0.0,0.0,inner,False,pre,32.0,13.0,1.0,,,,,
773,N2,R_SIM,P_bal,logistic,HMU,0.0,1.0,inner,False,pre,32.0,13.0,1.0,,,,,
774,N2,R_SIM,P_bal,logistic,HMU,0.0,2.0,inner,False,pre,32.0,13.0,1.0,,,,,
775,N2,R_SIM,P_bal,logistic,HMU,0.0,,final,False,pre,45.0,0.0,1.0,,,,,
776,N2,R_SIM,P_bal,logistic,HMUVAR,0.0,0.0,inner,False,pre,32.0,13.0,1.0,,,,,
777,N2,R_SIM,P_bal,logistic,HMUVAR,0.0,1.0,inner,False,pre,32.0,13.0,1.0,,,,,
778,N2,R_SIM,P_bal,logistic,HMUVAR,0.0,2.0,inner,False,pre,32.0,13.0,1.0,,,,,
779,N2,R_SIM,P_bal,logistic,HMUVAR,0.0,,final,False,pre,45.0,0.0,1.0,,,,,
780,N2,R_SIM,P_bal,logistic,HMUMU,0.0,0.0,inner,False,pre,32.0,13.0,1.0,,,,,
781,N2,R_SIM,P_bal,logistic,HMUMU,0.0,1.0,inner,False,pre,32.0,13.0,1.0,,,,,
782,N2,R_SIM,P_bal,logistic,HMUMU,0.0,2.0,inner,False,pre,32.0,13.0,1.0,,,,,
783,N2,R_SIM,P_bal,logistic,HMUMU,0.0,,final,False,pre,45.0,0.0,1.0,,,,,
784,N2,R_SIM,P_bal,logistic,HVAR,0.0,0.0,inner,False,pre,32.0,13.0,1.0,,,,,
785,N2,R_SIM,P_bal,logistic,HVAR,0.0,1.0,inner,False,pre,32.0,13.0,1.0,,,,,
786,N2,R_SIM,P_bal,logistic,HVAR,0.0,2.0,inner,False,pre,32.0,13.0,1.0,,,,,
787,N2,R_SIM,P_bal,logistic,HVAR,0.0,,final,False,pre,45.0,0.0,1.0,,,,,
788,N2,R_SIM,P_bal,logistic,HRFF,0.0,0.0,inner,False,pre,32.0,13.0,1.0,,,,,
789,N2,R_SIM,P_bal,logistic,HRFF,0.0,1.0,inner,False,pre,32.0,13.0,1.0,,,,,
790,N2,R_SIM,P_bal,logistic,HRFF,0.0,2.0,inner,False,pre,32.0,13.0,1.0,,,,,
791,N2,R_SIM,P_bal,logistic,HRFF,0.0,,final,False,pre,45.0,0.0,1.0,,,,,
792,N2,R_SIM,P_bal,mlp32,H,0.0,0.0,inner,True,pre,32.0,13.0,,0.001,,,,
793,N2,R_SIM,P_bal,mlp32,H,0.0,1.0,inner,True,pre,32.0,13.0,,0.001,,,,
794,N2,R_SIM,P_bal,mlp32,H,0.0,2.0,inner,True,pre,32.0,13.0,,0.001,,,,
795,N2,R_SIM,P_bal,mlp32,H,0.0,,final,True,pre,45.0,0.0,,0.001,,,,
796,N2,R_SIM,P_bal,mlp32,HMU,0.0,0.0,inner,True,pre,32.0,13.0,,0.001,,,,
797,N2,R_SIM,P_bal,mlp32,HMU,0.0,1.0,inner,True,pre,32.0,13.0,,0.001,,,,
798,N2,R_SIM,P_bal,mlp32,HMU,0.0,2.0,inner,True,pre,32.0,13.0,,0.001,,,,
799,N2,R_SIM,P_bal,mlp32,HMU,0.0,,final,True,pre,45.0,0.0,,0.001,,,,
800,N2,R_SIM,P_bal,mlp32,HMUVAR,0.0,0.0,inner,True,pre,32.0,13.0,,0.001,,,,
801,N2,R_SIM,P_bal,mlp32,HMUVAR,0.0,1.0,inner,True,pre,32.0,13.0,,0.001,,,,
802,N2,R_SIM,P_bal,mlp32,HMUVAR,0.0,2.0,inner,True,pre,32.0,13.0,,0.001,,,,
803,N2,R_SIM,P_bal,mlp32,HMUVAR,0.0,,final,True,pre,45.0,0.0,,0.001,,,,
804,N2,R_SIM,P_bal,mlp32,HMUMU,0.0,0.0,inner,True,pre,32.0,13.0,,0.001,,,,
805,N2,R_SIM,P_bal,mlp32,HMUMU,0.0,1.0,inner,True,pre,32.0,13.0,,0.001,,,,
806,N2,R_SIM,P_bal,mlp32,HMUMU,0.0,2.0,inner,True,pre,32.0,13.0,,0.001,,,,
807,N2,R_SIM,P_bal,mlp32,HMUMU,0.0,,final,True,pre,45.0,0.0,,0.001,,,,
808,N2,R_SIM,P_bal,mlp32,HVAR,0.0,0.0,inner,True,pre,32.0,13.0,,0.001,,,,
809,N2,R_SIM,P_bal,mlp32,HVAR,0.0,1.0,inner,True,pre,32.0,13.0,,0.001,,,,
810,N2,R_SIM,P_bal,mlp32,HVAR,0.0,2.0,inner,True,pre,32.0,13.0,,0.001,,,,
811,N2,R_SIM,P_bal,mlp32,HVAR,0.0,,final,True,pre,45.0,0.0,,0.001,,,,
812,N2,R_SIM,P_bal,mlp32,HRFF,0.0,0.0,inner,True,pre,32.0,13.0,,0.001,,,,
813,N2,R_SIM,P_bal,mlp32,HRFF,0.0,1.0,inner,True,pre,32.0,13.0,,0.001,,,,
814,N2,R_SIM,P_bal,mlp32,HRFF,0.0,2.0,inner,True,pre,32.0,13.0,,0.001,,,,
815,N2,R_SIM,P_bal,mlp32,HRFF,0.0,,final,True,pre,45.0,0.0,,0.001,,,,
816,N2,R_SIM,P_bal,logistic,H,1.0,0.0,inner,False,post,32.0,14.0,1.0,,,,,
817,N2,R_SIM,P_bal,logistic,H,1.0,1.0,inner,False,post,32.0,14.0,1.0,,,,,
818,N2,R_SIM,P_bal,logistic,H,1.0,2.0,inner,False,post,34.0,12.0,1.0,,,,,
819,N2,R_SIM,P_bal,logistic,H,1.0,,final,False,post,46.0,0.0,1.0,,,,,
820,N2,R_SIM,P_bal,logistic,HMU,1.0,0.0,inner,False,post,32.0,14.0,1.0,,,,,
821,N2,R_SIM,P_bal,logistic,HMU,1.0,1.0,inner,False,post,32.0,14.0,1.0,,,,,
822,N2,R_SIM,P_bal,logistic,HMU,1.0,2.0,inner,False,post,34.0,12.0,1.0,,,,,
823,N2,R_SIM,P_bal,logistic,HMU,1.0,,final,False,post,46.0,0.0,1.0,,,,,
824,N2,R_SIM,P_bal,logistic,HMUVAR,1.0,0.0,inner,False,post,32.0,14.0,1.0,,,,,
825,N2,R_SIM,P_bal,logistic,HMUVAR,1.0,1.0,inner,False,post,32.0,14.0,1.0,,,,,
826,N2,R_SIM,P_bal,logistic,HMUVAR,1.0,2.0,inner,False,post,34.0,12.0,1.0,,,,,
827,N2,R_SIM,P_bal,logistic,HMUVAR,1.0,,final,False,post,46.0,0.0,1.0,,,,,
828,N2,R_SIM,P_bal,logistic,HMUMU,1.0,0.0,inner,False,post,32.0,14.0,1.0,,,,,
829,N2,R_SIM,P_bal,logistic,HMUMU,1.0,1.0,inner,False,post,32.0,14.0,1.0,,,,,
830,N2,R_SIM,P_bal,logistic,HMUMU,1.0,2.0,inner,False,post,34.0,12.0,1.0,,,,,
831,N2,R_SIM,P_bal,logistic,HMUMU,1.0,,final,False,post,46.0,0.0,1.0,,,,,
832,N2,R_SIM,P_bal,logistic,HVAR,1.0,0.0,inner,False,post,32.0,14.0,1.0,,,,,
833,N2,R_SIM,P_bal,logistic,HVAR,1.0,1.0,inner,False,post,32.0,14.0,1.0,,,,,
834,N2,R_SIM,P_bal,logistic,HVAR,1.0,2.0,inner,False,post,34.0,12.0,1.0,,,,,
835,N2,R_SIM,P_bal,logistic,HVAR,1.0,,final,False,post,46.0,0.0,1.0,,,,,
836,N2,R_SIM,P_bal,logistic,HRFF,1.0,0.0,inner,False,post,32.0,14.0,1.0,,,,,
837,N2,R_SIM,P_bal,logistic,HRFF,1.0,1.0,inner,False,post,32.0,14.0,1.0,,,,,
838,N2,R_SIM,P_bal,logistic,HRFF,1.0,2.0,inner,False,post,34.0,12.0,1.0,,,,,
839,N2,R_SIM,P_bal,logistic,HRFF,1.0,,final,False,post,46.0,0.0,1.0,,,,,
840,N2,R_SIM,P_bal,mlp32,H,1.0,0.0,inner,True,post,32.0,14.0,,0.001,,,,
841,N2,R_SIM,P_bal,mlp32,H,1.0,1.0,inner,True,post,32.0,14.0,,0.001,,,,
842,N2,R_SIM,P_bal,mlp32,H,1.0,2.0,inner,True,post,34.0,12.0,,0.001,,,,
843,N2,R_SIM,P_bal,mlp32,H,1.0,,final,True,post,46.0,0.0,,0.001,,,,
844,N2,R_SIM,P_bal,mlp32,HMU,1.0,0.0,inner,True,post,32.0,14.0,,0.001,,,,
845,N2,R_SIM,P_bal,mlp32,HMU,1.0,1.0,inner,True,post,32.0,14.0,,0.001,,,,
846,N2,R_SIM,P_bal,mlp32,HMU,1.0,2.0,inner,True,post,34.0,12.0,,0.001,,,,
847,N2,R_SIM,P_bal,mlp32,HMU,1.0,,final,True,post,46.0,0.0,,0.001,,,,
848,N2,R_SIM,P_bal,mlp32,HMUVAR,1.0,0.0,inner,True,post,32.0,14.0,,0.001,,,,
849,N2,R_SIM,P_bal,mlp32,HMUVAR,1.0,1.0,inner,True,post,32.0,14.0,,0.001,,,,
850,N2,R_SIM,P_bal,mlp32,HMUVAR,1.0,2.0,inner,True,post,34.0,12.0,,0.001,,,,
851,N2,R_SIM,P_bal,mlp32,HMUVAR,1.0,,final,True,post,46.0,0.0,,0.001,,,,
852,N2,R_SIM,P_bal,mlp32,HMUMU,1.0,0.0,inner,True,post,32.0,14.0,,0.001,,,,
853,N2,R_SIM,P_bal,mlp32,HMUMU,1.0,1.0,inner,True,post,32.0,14.0,,0.001,,,,
854,N2,R_SIM,P_bal,mlp32,HMUMU,1.0,2.0,inner,True,post,34.0,12.0,,0.001,,,,
855,N2,R_SIM,P_bal,mlp32,HMUMU,1.0,,final,True,post,46.0,0.0,,0.001,,,,
856,N2,R_SIM,P_bal,mlp32,HVAR,1.0,0.0,inner,True,post,32.0,14.0,,0.001,,,,
857,N2,R_SIM,P_bal,mlp32,HVAR,1.0,1.0,inner,True,post,32.0,14.0,,0.001,,,,
858,N2,R_SIM,P_bal,mlp32,HVAR,1.0,2.0,inner,True,post,34.0,12.0,,0.001,,,,
859,N2,R_SIM,P_bal,mlp32,HVAR,1.0,,final,True,post,46.0,0.0,,0.001,,,,
860,N2,R_SIM,P_bal,mlp32,HRFF,1.0,0.0,inner,True,post,32.0,14.0,,0.001,,,,
861,N2,R_SIM,P_bal,mlp32,HRFF,1.0,1.0,inner,True,post,32.0,14.0,,0.001,,,,
862,N2,R_SIM,P_bal,mlp32,HRFF,1.0,2.0,inner,True,post,34.0,12.0,,0.001,,,,
863,N2,R_SIM,P_bal,mlp32,HRFF,1.0,,final,True,post,46.0,0.0,,0.001,,,,
864,N2,R_SIM,P_bal,logistic,H,1.0,0.0,inner,False,pre,32.0,14.0,1.0,,,,,
865,N2,R_SIM,P_bal,logistic,H,1.0,1.0,inner,False,pre,32.0,14.0,1.0,,,,,
866,N2,R_SIM,P_bal,logistic,H,1.0,2.0,inner,False,pre,34.0,12.0,1.0,,,,,
867,N2,R_SIM,P_bal,logistic,H,1.0,,final,False,pre,46.0,0.0,1.0,,,,,
868,N2,R_SIM,P_bal,logistic,HMU,1.0,0.0,inner,False,pre,32.0,14.0,1.0,,,,,
869,N2,R_SIM,P_bal,logistic,HMU,1.0,1.0,inner,False,pre,32.0,14.0,1.0,,,,,
870,N2,R_SIM,P_bal,logistic,HMU,1.0,2.0,inner,False,pre,34.0,12.0,1.0,,,,,
871,N2,R_SIM,P_bal,logistic,HMU,1.0,,final,False,pre,46.0,0.0,1.0,,,,,
872,N2,R_SIM,P_bal,logistic,HMUVAR,1.0,0.0,inner,False,pre,32.0,14.0,1.0,,,,,
873,N2,R_SIM,P_bal,logistic,HMUVAR,1.0,1.0,inner,False,pre,32.0,14.0,1.0,,,,,
874,N2,R_SIM,P_bal,logistic,HMUVAR,1.0,2.0,inner,False,pre,34.0,12.0,1.0,,,,,
875,N2,R_SIM,P_bal,logistic,HMUVAR,1.0,,final,False,pre,46.0,0.0,1.0,,,,,
876,N2,R_SIM,P_bal,logistic,HMUMU,1.0,0.0,inner,False,pre,32.0,14.0,1.0,,,,,
877,N2,R_SIM,P_bal,logistic,HMUMU,1.0,1.0,inner,False,pre,32.0,14.0,1.0,,,,,
878,N2,R_SIM,P_bal,logistic,HMUMU,1.0,2.0,inner,False,pre,34.0,12.0,1.0,,,,,
879,N2,R_SIM,P_bal,logistic,HMUMU,1.0,,final,False,pre,46.0,0.0,1.0,,,,,
880,N2,R_SIM,P_bal,logistic,HVAR,1.0,0.0,inner,False,pre,32.0,14.0,1.0,,,,,
881,N2,R_SIM,P_bal,logistic,HVAR,1.0,1.0,inner,False,pre,32.0,14.0,1.0,,,,,
882,N2,R_SIM,P_bal,logistic,HVAR,1.0,2.0,inner,False,pre,34.0,12.0,1.0,,,,,
883,N2,R_SIM,P_bal,logistic,HVAR,1.0,,final,False,pre,46.0,0.0,1.0,,,,,
884,N2,R_SIM,P_bal,logistic,HRFF,1.0,0.0,inner,False,pre,32.0,14.0,1.0,,,,,
885,N2,R_SIM,P_bal,logistic,HRFF,1.0,1.0,inner,False,pre,32.0,14.0,1.0,,,,,
886,N2,R_SIM,P_bal,logistic,HRFF,1.0,2.0,inner,False,pre,34.0,12.0,1.0,,,,,
887,N2,R_SIM,P_bal,logistic,HRFF,1.0,,final,False,pre,46.0,0.0,1.0,,,,,
888,N2,R_SIM,P_bal,mlp32,H,1.0,0.0,inner,True,pre,32.0,14.0,,0.001,,,,
889,N2,R_SIM,P_bal,mlp32,H,1.0,1.0,inner,True,pre,32.0,14.0,,0.001,,,,
890,N2,R_SIM,P_bal,mlp32,H,1.0,2.0,inner,True,pre,34.0,12.0,,0.001,,,,
891,N2,R_SIM,P_bal,mlp32,H,1.0,,final,True,pre,46.0,0.0,,0.001,,,,
892,N2,R_SIM,P_bal,mlp32,HMU,1.0,0.0,inner,True,pre,32.0,14.0,,0.001,,,,
893,N2,R_SIM,P_bal,mlp32,HMU,1.0,1.0,inner,True,pre,32.0,14.0,,0.001,,,,
894,N2,R_SIM,P_bal,mlp32,HMU,1.0,2.0,inner,True,pre,34.0,12.0,,0.001,,,,
895,N2,R_SIM,P_bal,mlp32,HMU,1.0,,final,True,pre,46.0,0.0,,0.001,,,,
896,N2,R_SIM,P_bal,mlp32,HMUVAR,1.0,0.0,inner,True,pre,32.0,14.0,,0.001,,,,
897,N2,R_SIM,P_bal,mlp32,HMUVAR,1.0,1.0,inner,True,pre,32.0,14.0,,0.001,,,,
898,N2,R_SIM,P_bal,mlp32,HMUVAR,1.0,2.0,inner,True,pre,34.0,12.0,,0.001,,,,
899,N2,R_SIM,P_bal,mlp32,HMUVAR,1.0,,final,True,pre,46.0,0.0,,0.001,,,,
900,N2,R_SIM,P_bal,mlp32,HMUMU,1.0,0.0,inner,True,pre,32.0,14.0,,0.001,,,,
901,N2,R_SIM,P_bal,mlp32,HMUMU,1.0,1.0,inner,True,pre,32.0,14.0,,0.001,,,,
902,N2,R_SIM,P_bal,mlp32,HMUMU,1.0,2.0,inner,True,pre,34.0,12.0,,0.001,,,,
903,N2,R_SIM,P_bal,mlp32,HMUMU,1.0,,final,True,pre,46.0,0.0,,0.001,,,,
904,N2,R_SIM,P_bal,mlp32,HVAR,1.0,0.0,inner,True,pre,32.0,14.0,,0.001,,,,
905,N2,R_SIM,P_bal,mlp32,HVAR,1.0,1.0,inner,True,pre,32.0,14.0,,0.001,,,,
906,N2,R_SIM,P_bal,mlp32,HVAR,1.0,2.0,inner,True,pre,34.0,12.0,,0.001,,,,
907,N2,R_SIM,P_bal,mlp32,HVAR,1.0,,final,True,pre,46.0,0.0,,0.001,,,,
908,N2,R_SIM,P_bal,mlp32,HRFF,1.0,0.0,inner,True,pre,32.0,14.0,,0.001,,,,
909,N2,R_SIM,P_bal,mlp32,HRFF,1.0,1.0,inner,True,pre,32.0,14.0,,0.001,,,,
910,N2,R_SIM,P_bal,mlp32,HRFF,1.0,2.0,inner,True,pre,34.0,12.0,,0.001,,,,
911,N2,R_SIM,P_bal,mlp32,HRFF,1.0,,final,True,pre,46.0,0.0,,0.001,,,,
912,N2,R_SIM,P_bal,logistic,H,2.0,0.0,inner,False,post,32.0,14.0,1.0,,,,,
913,N2,R_SIM,P_bal,logistic,H,2.0,1.0,inner,False,post,32.0,14.0,1.0,,,,,
914,N2,R_SIM,P_bal,logistic,H,2.0,2.0,inner,False,post,34.0,12.0,1.0,,,,,
915,N2,R_SIM,P_bal,logistic,H,2.0,,final,False,post,46.0,0.0,1.0,,,,,
916,N2,R_SIM,P_bal,logistic,HMU,2.0,0.0,inner,False,post,32.0,14.0,1.0,,,,,
917,N2,R_SIM,P_bal,logistic,HMU,2.0,1.0,inner,False,post,32.0,14.0,1.0,,,,,
918,N2,R_SIM,P_bal,logistic,HMU,2.0,2.0,inner,False,post,34.0,12.0,1.0,,,,,
919,N2,R_SIM,P_bal,logistic,HMU,2.0,,final,False,post,46.0,0.0,1.0,,,,,
920,N2,R_SIM,P_bal,logistic,HMUVAR,2.0,0.0,inner,False,post,32.0,14.0,1.0,,,,,
921,N2,R_SIM,P_bal,logistic,HMUVAR,2.0,1.0,inner,False,post,32.0,14.0,1.0,,,,,
922,N2,R_SIM,P_bal,logistic,HMUVAR,2.0,2.0,inner,False,post,34.0,12.0,1.0,,,,,
923,N2,R_SIM,P_bal,logistic,HMUVAR,2.0,,final,False,post,46.0,0.0,1.0,,,,,
924,N2,R_SIM,P_bal,logistic,HMUMU,2.0,0.0,inner,False,post,32.0,14.0,1.0,,,,,
925,N2,R_SIM,P_bal,logistic,HMUMU,2.0,1.0,inner,False,post,32.0,14.0,1.0,,,,,
926,N2,R_SIM,P_bal,logistic,HMUMU,2.0,2.0,inner,False,post,34.0,12.0,1.0,,,,,
927,N2,R_SIM,P_bal,logistic,HMUMU,2.0,,final,False,post,46.0,0.0,1.0,,,,,
928,N2,R_SIM,P_bal,logistic,HVAR,2.0,0.0,inner,False,post,32.0,14.0,1.0,,,,,
929,N2,R_SIM,P_bal,logistic,HVAR,2.0,1.0,inner,False,post,32.0,14.0,1.0,,,,,
930,N2,R_SIM,P_bal,logistic,HVAR,2.0,2.0,inner,False,post,34.0,12.0,1.0,,,,,
931,N2,R_SIM,P_bal,logistic,HVAR,2.0,,final,False,post,46.0,0.0,1.0,,,,,
932,N2,R_SIM,P_bal,logistic,HRFF,2.0,0.0,inner,False,post,32.0,14.0,1.0,,,,,
933,N2,R_SIM,P_bal,logistic,HRFF,2.0,1.0,inner,False,post,32.0,14.0,1.0,,,,,
934,N2,R_SIM,P_bal,logistic,HRFF,2.0,2.0,inner,False,post,34.0,12.0,1.0,,,,,
935,N2,R_SIM,P_bal,logistic,HRFF,2.0,,final,False,post,46.0,0.0,1.0,,,,,
936,N2,R_SIM,P_bal,mlp32,H,2.0,0.0,inner,True,post,32.0,14.0,,0.001,,,,
937,N2,R_SIM,P_bal,mlp32,H,2.0,1.0,inner,True,post,32.0,14.0,,0.001,,,,
938,N2,R_SIM,P_bal,mlp32,H,2.0,2.0,inner,True,post,34.0,12.0,,0.001,,,,
939,N2,R_SIM,P_bal,mlp32,H,2.0,,final,True,post,46.0,0.0,,0.001,,,,
940,N2,R_SIM,P_bal,mlp32,HMU,2.0,0.0,inner,True,post,32.0,14.0,,0.001,,,,
941,N2,R_SIM,P_bal,mlp32,HMU,2.0,1.0,inner,True,post,32.0,14.0,,0.001,,,,
942,N2,R_SIM,P_bal,mlp32,HMU,2.0,2.0,inner,True,post,34.0,12.0,,0.001,,,,
943,N2,R_SIM,P_bal,mlp32,HMU,2.0,,final,True,post,46.0,0.0,,0.001,,,,
944,N2,R_SIM,P_bal,mlp32,HMUVAR,2.0,0.0,inner,True,post,32.0,14.0,,0.001,,,,
945,N2,R_SIM,P_bal,mlp32,HMUVAR,2.0,1.0,inner,True,post,32.0,14.0,,0.001,,,,
946,N2,R_SIM,P_bal,mlp32,HMUVAR,2.0,2.0,inner,True,post,34.0,12.0,,0.001,,,,
947,N2,R_SIM,P_bal,mlp32,HMUVAR,2.0,,final,True,post,46.0,0.0,,0.001,,,,
948,N2,R_SIM,P_bal,mlp32,HMUMU,2.0,0.0,inner,True,post,32.0,14.0,,0.001,,,,
949,N2,R_SIM,P_bal,mlp32,HMUMU,2.0,1.0,inner,True,post,32.0,14.0,,0.001,,,,
950,N2,R_SIM,P_bal,mlp32,HMUMU,2.0,2.0,inner,True,post,34.0,12.0,,0.001,,,,
951,N2,R_SIM,P_bal,mlp32,HMUMU,2.0,,final,True,post,46.0,0.0,,0.001,,,,
952,N2,R_SIM,P_bal,mlp32,HVAR,2.0,0.0,inner,True,post,32.0,14.0,,0.001,,,,
953,N2,R_SIM,P_bal,mlp32,HVAR,2.0,1.0,inner,True,post,32.0,14.0,,0.001,,,,
954,N2,R_SIM,P_bal,mlp32,HVAR,2.0,2.0,inner,True,post,34.0,12.0,,0.001,,,,
955,N2,R_SIM,P_bal,mlp32,HVAR,2.0,,final,True,post,46.0,0.0,,0.001,,,,
956,N2,R_SIM,P_bal,mlp32,HRFF,2.0,0.0,inner,True,post,32.0,14.0,,0.001,,,,
957,N2,R_SIM,P_bal,mlp32,HRFF,2.0,1.0,inner,True,post,32.0,14.0,,0.001,,,,
958,N2,R_SIM,P_bal,mlp32,HRFF,2.0,2.0,inner,True,post,34.0,12.0,,0.001,,,,
959,N2,R_SIM,P_bal,mlp32,HRFF,2.0,,final,True,post,46.0,0.0,,0.001,,,,
960,N2,R_SIM,P_bal,logistic,H,2.0,0.0,inner,False,pre,32.0,14.0,1.0,,,,,
961,N2,R_SIM,P_bal,logistic,H,2.0,1.0,inner,False,pre,32.0,14.0,1.0,,,,,
962,N2,R_SIM,P_bal,logistic,H,2.0,2.0,inner,False,pre,34.0,12.0,1.0,,,,,
963,N2,R_SIM,P_bal,logistic,H,2.0,,final,False,pre,46.0,0.0,1.0,,,,,
964,N2,R_SIM,P_bal,logistic,HMU,2.0,0.0,inner,False,pre,32.0,14.0,1.0,,,,,
965,N2,R_SIM,P_bal,logistic,HMU,2.0,1.0,inner,False,pre,32.0,14.0,1.0,,,,,
966,N2,R_SIM,P_bal,logistic,HMU,2.0,2.0,inner,False,pre,34.0,12.0,1.0,,,,,
967,N2,R_SIM,P_bal,logistic,HMU,2.0,,final,False,pre,46.0,0.0,1.0,,,,,
968,N2,R_SIM,P_bal,logistic,HMUVAR,2.0,0.0,inner,False,pre,32.0,14.0,1.0,,,,,
969,N2,R_SIM,P_bal,logistic,HMUVAR,2.0,1.0,inner,False,pre,32.0,14.0,1.0,,,,,
970,N2,R_SIM,P_bal,logistic,HMUVAR,2.0,2.0,inner,False,pre,34.0,12.0,1.0,,,,,
971,N2,R_SIM,P_bal,logistic,HMUVAR,2.0,,final,False,pre,46.0,0.0,1.0,,,,,
972,N2,R_SIM,P_bal,logistic,HMUMU,2.0,0.0,inner,False,pre,32.0,14.0,1.0,,,,,
973,N2,R_SIM,P_bal,logistic,HMUMU,2.0,1.0,inner,False,pre,32.0,14.0,1.0,,,,,
974,N2,R_SIM,P_bal,logistic,HMUMU,2.0,2.0,inner,False,pre,34.0,12.0,1.0,,,,,
975,N2,R_SIM,P_bal,logistic,HMUMU,2.0,,final,False,pre,46.0,0.0,1.0,,,,,
976,N2,R_SIM,P_bal,logistic,HVAR,2.0,0.0,inner,False,pre,32.0,14.0,1.0,,,,,
977,N2,R_SIM,P_bal,logistic,HVAR,2.0,1.0,inner,False,pre,32.0,14.0,1.0,,,,,
978,N2,R_SIM,P_bal,logistic,HVAR,2.0,2.0,inner,False,pre,34.0,12.0,1.0,,,,,
979,N2,R_SIM,P_bal,logistic,HVAR,2.0,,final,False,pre,46.0,0.0,1.0,,,,,
980,N2,R_SIM,P_bal,logistic,HRFF,2.0,0.0,inner,False,pre,32.0,14.0,1.0,,,,,
981,N2,R_SIM,P_bal,logistic,HRFF,2.0,1.0,inner,False,pre,32.0,14.0,1.0,,,,,
982,N2,R_SIM,P_bal,logistic,HRFF,2.0,2.0,inner,False,pre,34.0,12.0,1.0,,,,,
983,N2,R_SIM,P_bal,logistic,HRFF,2.0,,final,False,pre,46.0,0.0,1.0,,,,,
984,N2,R_SIM,P_bal,mlp32,H,2.0,0.0,inner,True,pre,32.0,14.0,,0.001,,,,
985,N2,R_SIM,P_bal,mlp32,H,2.0,1.0,inner,True,pre,32.0,14.0,,0.001,,,,
986,N2,R_SIM,P_bal,mlp32,H,2.0,2.0,inner,True,pre,34.0,12.0,,0.001,,,,
987,N2,R_SIM,P_bal,mlp32,H,2.0,,final,True,pre,46.0,0.0,,0.001,,,,
988,N2,R_SIM,P_bal,mlp32,HMU,2.0,0.0,inner,True,pre,32.0,14.0,,0.001,,,,
989,N2,R_SIM,P_bal,mlp32,HMU,2.0,1.0,inner,True,pre,32.0,14.0,,0.001,,,,
990,N2,R_SIM,P_bal,mlp32,HMU,2.0,2.0,inner,True,pre,34.0,12.0,,0.001,,,,
991,N2,R_SIM,P_bal,mlp32,HMU,2.0,,final,True,pre,46.0,0.0,,0.001,,,,
992,N2,R_SIM,P_bal,mlp32,HMUVAR,2.0,0.0,inner,True,pre,32.0,14.0,,0.001,,,,
993,N2,R_SIM,P_bal,mlp32,HMUVAR,2.0,1.0,inner,True,pre,32.0,14.0,,0.001,,,,
994,N2,R_SIM,P_bal,mlp32,HMUVAR,2.0,2.0,inner,True,pre,34.0,12.0,,0.001,,,,
995,N2,R_SIM,P_bal,mlp32,HMUVAR,2.0,,final,True,pre,46.0,0.0,,0.001,,,,
996,N2,R_SIM,P_bal,mlp32,HMUMU,2.0,0.0,inner,True,pre,32.0,14.0,,0.001,,,,
997,N2,R_SIM,P_bal,mlp32,HMUMU,2.0,1.0,inner,True,pre,32.0,14.0,,0.001,,,,
998,N2,R_SIM,P_bal,mlp32,HMUMU,2.0,2.0,inner,True,pre,34.0,12.0,,0.001,,,,
999,N2,R_SIM,P_bal,mlp32,HMUMU,2.0,,final,True,pre,46.0,0.0,,0.001,,,,
1000,N2,R_SIM,P_bal,mlp32,HVAR,2.0,0.0,inner,True,pre,32.0,14.0,,0.001,,,,
1001,N2,R_SIM,P_bal,mlp32,HVAR,2.0,1.0,inner,True,pre,32.0,14.0,,0.001,,,,
1002,N2,R_SIM,P_bal,mlp32,HVAR,2.0,2.0,inner,True,pre,34.0,12.0,,0.001,,,,
1003,N2,R_SIM,P_bal,mlp32,HVAR,2.0,,final,True,pre,46.0,0.0,,0.001,,,,
1004,N2,R_SIM,P_bal,mlp32,HRFF,2.0,0.0,inner,True,pre,32.0,14.0,,0.001,,,,
1005,N2,R_SIM,P_bal,mlp32,HRFF,2.0,1.0,inner,True,pre,32.0,14.0,,0.001,,,,
1006,N2,R_SIM,P_bal,mlp32,HRFF,2.0,2.0,inner,True,pre,34.0,12.0,,0.001,,,,
1007,N2,R_SIM,P_bal,mlp32,HRFF,2.0,,final,True,pre,46.0,0.0,,0.001,,,,
1008,N2,R_SIM,P_bal,logistic,H,3.0,0.0,inner,False,post,32.0,14.0,1.0,,,,,
1009,N2,R_SIM,P_bal,logistic,H,3.0,1.0,inner,False,post,32.0,14.0,1.0,,,,,
1010,N2,R_SIM,P_bal,logistic,H,3.0,2.0,inner,False,post,33.0,13.0,1.0,,,,,
1011,N2,R_SIM,P_bal,logistic,H,3.0,,final,False,post,46.0,0.0,1.0,,,,,
1012,N2,R_SIM,P_bal,logistic,HMU,3.0,0.0,inner,False,post,32.0,14.0,1.0,,,,,
1013,N2,R_SIM,P_bal,logistic,HMU,3.0,1.0,inner,False,post,32.0,14.0,1.0,,,,,
1014,N2,R_SIM,P_bal,logistic,HMU,3.0,2.0,inner,False,post,33.0,13.0,1.0,,,,,
1015,N2,R_SIM,P_bal,logistic,HMU,3.0,,final,False,post,46.0,0.0,1.0,,,,,
1016,N2,R_SIM,P_bal,logistic,HMUVAR,3.0,0.0,inner,False,post,32.0,14.0,1.0,,,,,
1017,N2,R_SIM,P_bal,logistic,HMUVAR,3.0,1.0,inner,False,post,32.0,14.0,1.0,,,,,
1018,N2,R_SIM,P_bal,logistic,HMUVAR,3.0,2.0,inner,False,post,33.0,13.0,1.0,,,,,
1019,N2,R_SIM,P_bal,logistic,HMUVAR,3.0,,final,False,post,46.0,0.0,1.0,,,,,
1020,N2,R_SIM,P_bal,logistic,HMUMU,3.0,0.0,inner,False,post,32.0,14.0,1.0,,,,,
1021,N2,R_SIM,P_bal,logistic,HMUMU,3.0,1.0,inner,False,post,32.0,14.0,1.0,,,,,
1022,N2,R_SIM,P_bal,logistic,HMUMU,3.0,2.0,inner,False,post,33.0,13.0,1.0,,,,,
1023,N2,R_SIM,P_bal,logistic,HMUMU,3.0,,final,False,post,46.0,0.0,1.0,,,,,
1024,N2,R_SIM,P_bal,logistic,HVAR,3.0,0.0,inner,False,post,32.0,14.0,1.0,,,,,
1025,N2,R_SIM,P_bal,logistic,HVAR,3.0,1.0,inner,False,post,32.0,14.0,1.0,,,,,
1026,N2,R_SIM,P_bal,logistic,HVAR,3.0,2.0,inner,False,post,33.0,13.0,1.0,,,,,
1027,N2,R_SIM,P_bal,logistic,HVAR,3.0,,final,False,post,46.0,0.0,1.0,,,,,
1028,N2,R_SIM,P_bal,logistic,HRFF,3.0,0.0,inner,False,post,32.0,14.0,1.0,,,,,
1029,N2,R_SIM,P_bal,logistic,HRFF,3.0,1.0,inner,False,post,32.0,14.0,1.0,,,,,
1030,N2,R_SIM,P_bal,logistic,HRFF,3.0,2.0,inner,False,post,33.0,13.0,1.0,,,,,
1031,N2,R_SIM,P_bal,logistic,HRFF,3.0,,final,False,post,46.0,0.0,1.0,,,,,
1032,N2,R_SIM,P_bal,mlp32,H,3.0,0.0,inner,True,post,32.0,14.0,,0.001,,,,
1033,N2,R_SIM,P_bal,mlp32,H,3.0,1.0,inner,True,post,32.0,14.0,,0.001,,,,
1034,N2,R_SIM,P_bal,mlp32,H,3.0,2.0,inner,True,post,33.0,13.0,,0.001,,,,
1035,N2,R_SIM,P_bal,mlp32,H,3.0,,final,True,post,46.0,0.0,,0.001,,,,
1036,N2,R_SIM,P_bal,mlp32,HMU,3.0,0.0,inner,True,post,32.0,14.0,,0.001,,,,
1037,N2,R_SIM,P_bal,mlp32,HMU,3.0,1.0,inner,True,post,32.0,14.0,,0.001,,,,
1038,N2,R_SIM,P_bal,mlp32,HMU,3.0,2.0,inner,True,post,33.0,13.0,,0.001,,,,
1039,N2,R_SIM,P_bal,mlp32,HMU,3.0,,final,True,post,46.0,0.0,,0.001,,,,
1040,N2,R_SIM,P_bal,mlp32,HMUVAR,3.0,0.0,inner,True,post,32.0,14.0,,0.001,,,,
1041,N2,R_SIM,P_bal,mlp32,HMUVAR,3.0,1.0,inner,True,post,32.0,14.0,,0.001,,,,
1042,N2,R_SIM,P_bal,mlp32,HMUVAR,3.0,2.0,inner,True,post,33.0,13.0,,0.001,,,,
1043,N2,R_SIM,P_bal,mlp32,HMUVAR,3.0,,final,True,post,46.0,0.0,,0.001,,,,
1044,N2,R_SIM,P_bal,mlp32,HMUMU,3.0,0.0,inner,True,post,32.0,14.0,,0.001,,,,
1045,N2,R_SIM,P_bal,mlp32,HMUMU,3.0,1.0,inner,True,post,32.0,14.0,,0.001,,,,
1046,N2,R_SIM,P_bal,mlp32,HMUMU,3.0,2.0,inner,True,post,33.0,13.0,,0.001,,,,
1047,N2,R_SIM,P_bal,mlp32,HMUMU,3.0,,final,True,post,46.0,0.0,,0.001,,,,
1048,N2,R_SIM,P_bal,mlp32,HVAR,3.0,0.0,inner,True,post,32.0,14.0,,0.001,,,,
1049,N2,R_SIM,P_bal,mlp32,HVAR,3.0,1.0,inner,True,post,32.0,14.0,,0.001,,,,
1050,N2,R_SIM,P_bal,mlp32,HVAR,3.0,2.0,inner,True,post,33.0,13.0,,0.001,,,,
1051,N2,R_SIM,P_bal,mlp32,HVAR,3.0,,final,True,post,46.0,0.0,,0.001,,,,
1052,N2,R_SIM,P_bal,mlp32,HRFF,3.0,0.0,inner,True,post,32.0,14.0,,0.001,,,,
1053,N2,R_SIM,P_bal,mlp32,HRFF,3.0,1.0,inner,True,post,32.0,14.0,,0.001,,,,
1054,N2,R_SIM,P_bal,mlp32,HRFF,3.0,2.0,inner,True,post,33.0,13.0,,0.001,,,,
1055,N2,R_SIM,P_bal,mlp32,HRFF,3.0,,final,True,post,46.0,0.0,,0.001,,,,
1056,N2,R_SIM,P_bal,logistic,H,3.0,0.0,inner,False,pre,32.0,14.0,1.0,,,,,
1057,N2,R_SIM,P_bal,logistic,H,3.0,1.0,inner,False,pre,32.0,14.0,1.0,,,,,
1058,N2,R_SIM,P_bal,logistic,H,3.0,2.0,inner,False,pre,33.0,13.0,1.0,,,,,
1059,N2,R_SIM,P_bal,logistic,H,3.0,,final,False,pre,46.0,0.0,1.0,,,,,
1060,N2,R_SIM,P_bal,logistic,HMU,3.0,0.0,inner,False,pre,32.0,14.0,1.0,,,,,
1061,N2,R_SIM,P_bal,logistic,HMU,3.0,1.0,inner,False,pre,32.0,14.0,1.0,,,,,
1062,N2,R_SIM,P_bal,logistic,HMU,3.0,2.0,inner,False,pre,33.0,13.0,1.0,,,,,
1063,N2,R_SIM,P_bal,logistic,HMU,3.0,,final,False,pre,46.0,0.0,1.0,,,,,
1064,N2,R_SIM,P_bal,logistic,HMUVAR,3.0,0.0,inner,False,pre,32.0,14.0,1.0,,,,,
1065,N2,R_SIM,P_bal,logistic,HMUVAR,3.0,1.0,inner,False,pre,32.0,14.0,1.0,,,,,
1066,N2,R_SIM,P_bal,logistic,HMUVAR,3.0,2.0,inner,False,pre,33.0,13.0,1.0,,,,,
1067,N2,R_SIM,P_bal,logistic,HMUVAR,3.0,,final,False,pre,46.0,0.0,1.0,,,,,
1068,N2,R_SIM,P_bal,logistic,HMUMU,3.0,0.0,inner,False,pre,32.0,14.0,1.0,,,,,
1069,N2,R_SIM,P_bal,logistic,HMUMU,3.0,1.0,inner,False,pre,32.0,14.0,1.0,,,,,
1070,N2,R_SIM,P_bal,logistic,HMUMU,3.0,2.0,inner,False,pre,33.0,13.0,1.0,,,,,
1071,N2,R_SIM,P_bal,logistic,HMUMU,3.0,,final,False,pre,46.0,0.0,1.0,,,,,
1072,N2,R_SIM,P_bal,logistic,HVAR,3.0,0.0,inner,False,pre,32.0,14.0,1.0,,,,,
1073,N2,R_SIM,P_bal,logistic,HVAR,3.0,1.0,inner,False,pre,32.0,14.0,1.0,,,,,
1074,N2,R_SIM,P_bal,logistic,HVAR,3.0,2.0,inner,False,pre,33.0,13.0,1.0,,,,,
1075,N2,R_SIM,P_bal,logistic,HVAR,3.0,,final,False,pre,46.0,0.0,1.0,,,,,
1076,N2,R_SIM,P_bal,logistic,HRFF,3.0,0.0,inner,False,pre,32.0,14.0,1.0,,,,,
1077,N2,R_SIM,P_bal,logistic,HRFF,3.0,1.0,inner,False,pre,32.0,14.0,1.0,,,,,
1078,N2,R_SIM,P_bal,logistic,HRFF,3.0,2.0,inner,False,pre,33.0,13.0,1.0,,,,,
1079,N2,R_SIM,P_bal,logistic,HRFF,3.0,,final,False,pre,46.0,0.0,1.0,,,,,
1080,N2,R_SIM,P_bal,mlp32,H,3.0,0.0,inner,True,pre,32.0,14.0,,0.001,,,,
1081,N2,R_SIM,P_bal,mlp32,H,3.0,1.0,inner,True,pre,32.0,14.0,,0.001,,,,
1082,N2,R_SIM,P_bal,mlp32,H,3.0,2.0,inner,True,pre,33.0,13.0,,0.001,,,,
1083,N2,R_SIM,P_bal,mlp32,H,3.0,,final,True,pre,46.0,0.0,,0.001,,,,
1084,N2,R_SIM,P_bal,mlp32,HMU,3.0,0.0,inner,True,pre,32.0,14.0,,0.001,,,,
1085,N2,R_SIM,P_bal,mlp32,HMU,3.0,1.0,inner,True,pre,32.0,14.0,,0.001,,,,
1086,N2,R_SIM,P_bal,mlp32,HMU,3.0,2.0,inner,True,pre,33.0,13.0,,0.001,,,,
1087,N2,R_SIM,P_bal,mlp32,HMU,3.0,,final,True,pre,46.0,0.0,,0.001,,,,
1088,N2,R_SIM,P_bal,mlp32,HMUVAR,3.0,0.0,inner,True,pre,32.0,14.0,,0.001,,,,
1089,N2,R_SIM,P_bal,mlp32,HMUVAR,3.0,1.0,inner,True,pre,32.0,14.0,,0.001,,,,
1090,N2,R_SIM,P_bal,mlp32,HMUVAR,3.0,2.0,inner,True,pre,33.0,13.0,,0.001,,,,
1091,N2,R_SIM,P_bal,mlp32,HMUVAR,3.0,,final,True,pre,46.0,0.0,,0.001,,,,
1092,N2,R_SIM,P_bal,mlp32,HMUMU,3.0,0.0,inner,True,pre,32.0,14.0,,0.001,,,,
1093,N2,R_SIM,P_bal,mlp32,HMUMU,3.0,1.0,inner,True,pre,32.0,14.0,,0.001,,,,
1094,N2,R_SIM,P_bal,mlp32,HMUMU,3.0,2.0,inner,True,pre,33.0,13.0,,0.001,,,,
1095,N2,R_SIM,P_bal,mlp32,HMUMU,3.0,,final,True,pre,46.0,0.0,,0.001,,,,
1096,N2,R_SIM,P_bal,mlp32,HVAR,3.0,0.0,inner,True,pre,32.0,14.0,,0.001,,,,
1097,N2,R_SIM,P_bal,mlp32,HVAR,3.0,1.0,inner,True,pre,32.0,14.0,,0.001,,,,
1098,N2,R_SIM,P_bal,mlp32,HVAR,3.0,2.0,inner,True,pre,33.0,13.0,,0.001,,,,
1099,N2,R_SIM,P_bal,mlp32,HVAR,3.0,,final,True,pre,46.0,0.0,,0.001,,,,
1100,N2,R_SIM,P_bal,mlp32,HRFF,3.0,0.0,inner,True,pre,32.0,14.0,,0.001,,,,
1101,N2,R_SIM,P_bal,mlp32,HRFF,3.0,1.0,inner,True,pre,32.0,14.0,,0.001,,,,
1102,N2,R_SIM,P_bal,mlp32,HRFF,3.0,2.0,inner,True,pre,33.0,13.0,,0.001,,,,
1103,N2,R_SIM,P_bal,mlp32,HRFF,3.0,,final,True,pre,46.0,0.0,,0.001,,,,
1104,N2,R_SIM,P_bal,logistic,H,4.0,0.0,inner,False,post,32.0,13.0,1.0,,,,,
1105,N2,R_SIM,P_bal,logistic,H,4.0,1.0,inner,False,post,31.0,14.0,1.0,,,,,
1106,N2,R_SIM,P_bal,logistic,H,4.0,2.0,inner,False,post,32.0,13.0,1.0,,,,,
1107,N2,R_SIM,P_bal,logistic,H,4.0,,final,False,post,45.0,0.0,1.0,,,,,
1108,N2,R_SIM,P_bal,logistic,HMU,4.0,0.0,inner,False,post,32.0,13.0,1.0,,,,,
1109,N2,R_SIM,P_bal,logistic,HMU,4.0,1.0,inner,False,post,31.0,14.0,1.0,,,,,
1110,N2,R_SIM,P_bal,logistic,HMU,4.0,2.0,inner,False,post,32.0,13.0,1.0,,,,,
1111,N2,R_SIM,P_bal,logistic,HMU,4.0,,final,False,post,45.0,0.0,1.0,,,,,
1112,N2,R_SIM,P_bal,logistic,HMUVAR,4.0,0.0,inner,False,post,32.0,13.0,1.0,,,,,
1113,N2,R_SIM,P_bal,logistic,HMUVAR,4.0,1.0,inner,False,post,31.0,14.0,1.0,,,,,
1114,N2,R_SIM,P_bal,logistic,HMUVAR,4.0,2.0,inner,False,post,32.0,13.0,1.0,,,,,
1115,N2,R_SIM,P_bal,logistic,HMUVAR,4.0,,final,False,post,45.0,0.0,1.0,,,,,
1116,N2,R_SIM,P_bal,logistic,HMUMU,4.0,0.0,inner,False,post,32.0,13.0,1.0,,,,,
1117,N2,R_SIM,P_bal,logistic,HMUMU,4.0,1.0,inner,False,post,31.0,14.0,1.0,,,,,
1118,N2,R_SIM,P_bal,logistic,HMUMU,4.0,2.0,inner,False,post,32.0,13.0,1.0,,,,,
1119,N2,R_SIM,P_bal,logistic,HMUMU,4.0,,final,False,post,45.0,0.0,1.0,,,,,
1120,N2,R_SIM,P_bal,logistic,HVAR,4.0,0.0,inner,False,post,32.0,13.0,1.0,,,,,
1121,N2,R_SIM,P_bal,logistic,HVAR,4.0,1.0,inner,False,post,31.0,14.0,1.0,,,,,
1122,N2,R_SIM,P_bal,logistic,HVAR,4.0,2.0,inner,False,post,32.0,13.0,1.0,,,,,
1123,N2,R_SIM,P_bal,logistic,HVAR,4.0,,final,False,post,45.0,0.0,1.0,,,,,
1124,N2,R_SIM,P_bal,logistic,HRFF,4.0,0.0,inner,False,post,32.0,13.0,1.0,,,,,
1125,N2,R_SIM,P_bal,logistic,HRFF,4.0,1.0,inner,False,post,31.0,14.0,1.0,,,,,
1126,N2,R_SIM,P_bal,logistic,HRFF,4.0,2.0,inner,False,post,32.0,13.0,1.0,,,,,
1127,N2,R_SIM,P_bal,logistic,HRFF,4.0,,final,False,post,45.0,0.0,1.0,,,,,
1128,N2,R_SIM,P_bal,mlp32,H,4.0,0.0,inner,True,post,32.0,13.0,,0.001,,,,
1129,N2,R_SIM,P_bal,mlp32,H,4.0,1.0,inner,True,post,31.0,14.0,,0.001,,,,
1130,N2,R_SIM,P_bal,mlp32,H,4.0,2.0,inner,True,post,32.0,13.0,,0.001,,,,
1131,N2,R_SIM,P_bal,mlp32,H,4.0,,final,True,post,45.0,0.0,,0.001,,,,
1132,N2,R_SIM,P_bal,mlp32,HMU,4.0,0.0,inner,True,post,32.0,13.0,,0.001,,,,
1133,N2,R_SIM,P_bal,mlp32,HMU,4.0,1.0,inner,True,post,31.0,14.0,,0.001,,,,
1134,N2,R_SIM,P_bal,mlp32,HMU,4.0,2.0,inner,True,post,32.0,13.0,,0.001,,,,
1135,N2,R_SIM,P_bal,mlp32,HMU,4.0,,final,True,post,45.0,0.0,,0.001,,,,
1136,N2,R_SIM,P_bal,mlp32,HMUVAR,4.0,0.0,inner,True,post,32.0,13.0,,0.001,,,,
1137,N2,R_SIM,P_bal,mlp32,HMUVAR,4.0,1.0,inner,True,post,31.0,14.0,,0.001,,,,
1138,N2,R_SIM,P_bal,mlp32,HMUVAR,4.0,2.0,inner,True,post,32.0,13.0,,0.001,,,,
1139,N2,R_SIM,P_bal,mlp32,HMUVAR,4.0,,final,True,post,45.0,0.0,,0.001,,,,
1140,N2,R_SIM,P_bal,mlp32,HMUMU,4.0,0.0,inner,True,post,32.0,13.0,,0.001,,,,
1141,N2,R_SIM,P_bal,mlp32,HMUMU,4.0,1.0,inner,True,post,31.0,14.0,,0.001,,,,
1142,N2,R_SIM,P_bal,mlp32,HMUMU,4.0,2.0,inner,True,post,32.0,13.0,,0.001,,,,
1143,N2,R_SIM,P_bal,mlp32,HMUMU,4.0,,final,True,post,45.0,0.0,,0.001,,,,
1144,N2,R_SIM,P_bal,mlp32,HVAR,4.0,0.0,inner,True,post,32.0,13.0,,0.001,,,,
1145,N2,R_SIM,P_bal,mlp32,HVAR,4.0,1.0,inner,True,post,31.0,14.0,,0.001,,,,
1146,N2,R_SIM,P_bal,mlp32,HVAR,4.0,2.0,inner,True,post,32.0,13.0,,0.001,,,,
1147,N2,R_SIM,P_bal,mlp32,HVAR,4.0,,final,True,post,45.0,0.0,,0.001,,,,
1148,N2,R_SIM,P_bal,mlp32,HRFF,4.0,0.0,inner,True,post,32.0,13.0,,0.001,,,,
1149,N2,R_SIM,P_bal,mlp32,HRFF,4.0,1.0,inner,True,post,31.0,14.0,,0.001,,,,
1150,N2,R_SIM,P_bal,mlp32,HRFF,4.0,2.0,inner,True,post,32.0,13.0,,0.001,,,,
1151,N2,R_SIM,P_bal,mlp32,HRFF,4.0,,final,True,post,45.0,0.0,,0.001,,,,
1152,N2,R_SIM,P_bal,logistic,H,4.0,0.0,inner,False,pre,32.0,13.0,1.0,,,,,
1153,N2,R_SIM,P_bal,logistic,H,4.0,1.0,inner,False,pre,31.0,14.0,1.0,,,,,
1154,N2,R_SIM,P_bal,logistic,H,4.0,2.0,inner,False,pre,32.0,13.0,1.0,,,,,
1155,N2,R_SIM,P_bal,logistic,H,4.0,,final,False,pre,45.0,0.0,1.0,,,,,
1156,N2,R_SIM,P_bal,logistic,HMU,4.0,0.0,inner,False,pre,32.0,13.0,1.0,,,,,
1157,N2,R_SIM,P_bal,logistic,HMU,4.0,1.0,inner,False,pre,31.0,14.0,1.0,,,,,
1158,N2,R_SIM,P_bal,logistic,HMU,4.0,2.0,inner,False,pre,32.0,13.0,1.0,,,,,
1159,N2,R_SIM,P_bal,logistic,HMU,4.0,,final,False,pre,45.0,0.0,1.0,,,,,
1160,N2,R_SIM,P_bal,logistic,HMUVAR,4.0,0.0,inner,False,pre,32.0,13.0,1.0,,,,,
1161,N2,R_SIM,P_bal,logistic,HMUVAR,4.0,1.0,inner,False,pre,31.0,14.0,1.0,,,,,
1162,N2,R_SIM,P_bal,logistic,HMUVAR,4.0,2.0,inner,False,pre,32.0,13.0,1.0,,,,,
1163,N2,R_SIM,P_bal,logistic,HMUVAR,4.0,,final,False,pre,45.0,0.0,1.0,,,,,
1164,N2,R_SIM,P_bal,logistic,HMUMU,4.0,0.0,inner,False,pre,32.0,13.0,1.0,,,,,
1165,N2,R_SIM,P_bal,logistic,HMUMU,4.0,1.0,inner,False,pre,31.0,14.0,1.0,,,,,
1166,N2,R_SIM,P_bal,logistic,HMUMU,4.0,2.0,inner,False,pre,32.0,13.0,1.0,,,,,
1167,N2,R_SIM,P_bal,logistic,HMUMU,4.0,,final,False,pre,45.0,0.0,1.0,,,,,
1168,N2,R_SIM,P_bal,logistic,HVAR,4.0,0.0,inner,False,pre,32.0,13.0,1.0,,,,,
1169,N2,R_SIM,P_bal,logistic,HVAR,4.0,1.0,inner,False,pre,31.0,14.0,1.0,,,,,
1170,N2,R_SIM,P_bal,logistic,HVAR,4.0,2.0,inner,False,pre,32.0,13.0,1.0,,,,,
1171,N2,R_SIM,P_bal,logistic,HVAR,4.0,,final,False,pre,45.0,0.0,1.0,,,,,
1172,N2,R_SIM,P_bal,logistic,HRFF,4.0,0.0,inner,False,pre,32.0,13.0,1.0,,,,,
1173,N2,R_SIM,P_bal,logistic,HRFF,4.0,1.0,inner,False,pre,31.0,14.0,1.0,,,,,
1174,N2,R_SIM,P_bal,logistic,HRFF,4.0,2.0,inner,False,pre,32.0,13.0,1.0,,,,,
1175,N2,R_SIM,P_bal,logistic,HRFF,4.0,,final,False,pre,45.0,0.0,1.0,,,,,
1176,N2,R_SIM,P_bal,mlp32,H,4.0,0.0,inner,True,pre,32.0,13.0,,0.001,,,,
1177,N2,R_SIM,P_bal,mlp32,H,4.0,1.0,inner,True,pre,31.0,14.0,,0.001,,,,
1178,N2,R_SIM,P_bal,mlp32,H,4.0,2.0,inner,True,pre,32.0,13.0,,0.001,,,,
1179,N2,R_SIM,P_bal,mlp32,H,4.0,,final,True,pre,45.0,0.0,,0.001,,,,
1180,N2,R_SIM,P_bal,mlp32,HMU,4.0,0.0,inner,True,pre,32.0,13.0,,0.001,,,,
1181,N2,R_SIM,P_bal,mlp32,HMU,4.0,1.0,inner,True,pre,31.0,14.0,,0.001,,,,
1182,N2,R_SIM,P_bal,mlp32,HMU,4.0,2.0,inner,True,pre,32.0,13.0,,0.001,,,,
1183,N2,R_SIM,P_bal,mlp32,HMU,4.0,,final,True,pre,45.0,0.0,,0.001,,,,
1184,N2,R_SIM,P_bal,mlp32,HMUVAR,4.0,0.0,inner,True,pre,32.0,13.0,,0.001,,,,
1185,N2,R_SIM,P_bal,mlp32,HMUVAR,4.0,1.0,inner,True,pre,31.0,14.0,,0.001,,,,
1186,N2,R_SIM,P_bal,mlp32,HMUVAR,4.0,2.0,inner,True,pre,32.0,13.0,,0.001,,,,
1187,N2,R_SIM,P_bal,mlp32,HMUVAR,4.0,,final,True,pre,45.0,0.0,,0.001,,,,
1188,N2,R_SIM,P_bal,mlp32,HMUMU,4.0,0.0,inner,True,pre,32.0,13.0,,0.001,,,,
1189,N2,R_SIM,P_bal,mlp32,HMUMU,4.0,1.0,inner,True,pre,31.0,14.0,,0.001,,,,
1190,N2,R_SIM,P_bal,mlp32,HMUMU,4.0,2.0,inner,True,pre,32.0,13.0,,0.001,,,,
1191,N2,R_SIM,P_bal,mlp32,HMUMU,4.0,,final,True,pre,45.0,0.0,,0.001,,,,
1192,N2,R_SIM,P_bal,mlp32,HVAR,4.0,0.0,inner,True,pre,32.0,13.0,,0.001,,,,
1193,N2,R_SIM,P_bal,mlp32,HVAR,4.0,1.0,inner,True,pre,31.0,14.0,,0.001,,,,
1194,N2,R_SIM,P_bal,mlp32,HVAR,4.0,2.0,inner,True,pre,32.0,13.0,,0.001,,,,
1195,N2,R_SIM,P_bal,mlp32,HVAR,4.0,,final,True,pre,45.0,0.0,,0.001,,,,
1196,N2,R_SIM,P_bal,mlp32,HRFF,4.0,0.0,inner,True,pre,32.0,13.0,,0.001,,,,
1197,N2,R_SIM,P_bal,mlp32,HRFF,4.0,1.0,inner,True,pre,31.0,14.0,,0.001,,,,
1198,N2,R_SIM,P_bal,mlp32,HRFF,4.0,2.0,inner,True,pre,32.0,13.0,,0.001,,,,
1199,N2,R_SIM,P_bal,mlp32,HRFF,4.0,,final,True,pre,45.0,0.0,,0.001,,,,
1200,N2,L0,P_bal,logistic,H,0.0,0.0,inner,False,post,32.0,13.0,1.0,,,,,
1201,N2,L0,P_bal,logistic,H,0.0,1.0,inner,False,post,32.0,13.0,1.0,,,,,
1202,N2,L0,P_bal,logistic,H,0.0,2.0,inner,False,post,32.0,13.0,1.0,,,,,
1203,N2,L0,P_bal,logistic,H,0.0,,final,False,post,45.0,0.0,1.0,,,,,
1204,N2,L0,P_bal,logistic,HMU,0.0,0.0,inner,False,post,32.0,13.0,1.0,,,,,
1205,N2,L0,P_bal,logistic,HMU,0.0,1.0,inner,False,post,32.0,13.0,1.0,,,,,
1206,N2,L0,P_bal,logistic,HMU,0.0,2.0,inner,False,post,32.0,13.0,1.0,,,,,
1207,N2,L0,P_bal,logistic,HMU,0.0,,final,False,post,45.0,0.0,1.0,,,,,
1208,N2,L0,P_bal,logistic,HMUVAR,0.0,0.0,inner,False,post,32.0,13.0,1.0,,,,,
1209,N2,L0,P_bal,logistic,HMUVAR,0.0,1.0,inner,False,post,32.0,13.0,1.0,,,,,
1210,N2,L0,P_bal,logistic,HMUVAR,0.0,2.0,inner,False,post,32.0,13.0,1.0,,,,,
1211,N2,L0,P_bal,logistic,HMUVAR,0.0,,final,False,post,45.0,0.0,1.0,,,,,
1212,N2,L0,P_bal,logistic,HMUMU,0.0,0.0,inner,False,post,32.0,13.0,1.0,,,,,
1213,N2,L0,P_bal,logistic,HMUMU,0.0,1.0,inner,False,post,32.0,13.0,1.0,,,,,
1214,N2,L0,P_bal,logistic,HMUMU,0.0,2.0,inner,False,post,32.0,13.0,1.0,,,,,
1215,N2,L0,P_bal,logistic,HMUMU,0.0,,final,False,post,45.0,0.0,1.0,,,,,
1216,N2,L0,P_bal,logistic,HVAR,0.0,0.0,inner,False,post,32.0,13.0,1.0,,,,,
1217,N2,L0,P_bal,logistic,HVAR,0.0,1.0,inner,False,post,32.0,13.0,1.0,,,,,
1218,N2,L0,P_bal,logistic,HVAR,0.0,2.0,inner,False,post,32.0,13.0,1.0,,,,,
1219,N2,L0,P_bal,logistic,HVAR,0.0,,final,False,post,45.0,0.0,1.0,,,,,
1220,N2,L0,P_bal,logistic,HRFF,0.0,0.0,inner,False,post,32.0,13.0,1.0,,,,,
1221,N2,L0,P_bal,logistic,HRFF,0.0,1.0,inner,False,post,32.0,13.0,1.0,,,,,
1222,N2,L0,P_bal,logistic,HRFF,0.0,2.0,inner,False,post,32.0,13.0,1.0,,,,,
1223,N2,L0,P_bal,logistic,HRFF,0.0,,final,False,post,45.0,0.0,1.0,,,,,
1224,N2,L0,P_bal,logistic,H,0.0,0.0,inner,False,pre,32.0,13.0,1.0,,,,,
1225,N2,L0,P_bal,logistic,H,0.0,1.0,inner,False,pre,32.0,13.0,1.0,,,,,
1226,N2,L0,P_bal,logistic,H,0.0,2.0,inner,False,pre,32.0,13.0,1.0,,,,,
1227,N2,L0,P_bal,logistic,H,0.0,,final,False,pre,45.0,0.0,1.0,,,,,
1228,N2,L0,P_bal,logistic,HMU,0.0,0.0,inner,False,pre,32.0,13.0,1.0,,,,,
1229,N2,L0,P_bal,logistic,HMU,0.0,1.0,inner,False,pre,32.0,13.0,1.0,,,,,
1230,N2,L0,P_bal,logistic,HMU,0.0,2.0,inner,False,pre,32.0,13.0,1.0,,,,,
1231,N2,L0,P_bal,logistic,HMU,0.0,,final,False,pre,45.0,0.0,1.0,,,,,
1232,N2,L0,P_bal,logistic,HMUVAR,0.0,0.0,inner,False,pre,32.0,13.0,1.0,,,,,
1233,N2,L0,P_bal,logistic,HMUVAR,0.0,1.0,inner,False,pre,32.0,13.0,1.0,,,,,
1234,N2,L0,P_bal,logistic,HMUVAR,0.0,2.0,inner,False,pre,32.0,13.0,1.0,,,,,
1235,N2,L0,P_bal,logistic,HMUVAR,0.0,,final,False,pre,45.0,0.0,1.0,,,,,
1236,N2,L0,P_bal,logistic,HMUMU,0.0,0.0,inner,False,pre,32.0,13.0,1.0,,,,,
1237,N2,L0,P_bal,logistic,HMUMU,0.0,1.0,inner,False,pre,32.0,13.0,1.0,,,,,
1238,N2,L0,P_bal,logistic,HMUMU,0.0,2.0,inner,False,pre,32.0,13.0,1.0,,,,,
1239,N2,L0,P_bal,logistic,HMUMU,0.0,,final,False,pre,45.0,0.0,1.0,,,,,
1240,N2,L0,P_bal,logistic,HVAR,0.0,0.0,inner,False,pre,32.0,13.0,1.0,,,,,
1241,N2,L0,P_bal,logistic,HVAR,0.0,1.0,inner,False,pre,32.0,13.0,1.0,,,,,
1242,N2,L0,P_bal,logistic,HVAR,0.0,2.0,inner,False,pre,32.0,13.0,1.0,,,,,
1243,N2,L0,P_bal,logistic,HVAR,0.0,,final,False,pre,45.0,0.0,1.0,,,,,
1244,N2,L0,P_bal,logistic,HRFF,0.0,0.0,inner,False,pre,32.0,13.0,1.0,,,,,
1245,N2,L0,P_bal,logistic,HRFF,0.0,1.0,inner,False,pre,32.0,13.0,1.0,,,,,
1246,N2,L0,P_bal,logistic,HRFF,0.0,2.0,inner,False,pre,32.0,13.0,1.0,,,,,
1247,N2,L0,P_bal,logistic,HRFF,0.0,,final,False,pre,45.0,0.0,1.0,,,,,
1248,N2,L0,P_bal,logistic,H,1.0,0.0,inner,False,post,32.0,14.0,1.0,,,,,
1249,N2,L0,P_bal,logistic,H,1.0,1.0,inner,False,post,32.0,14.0,1.0,,,,,
1250,N2,L0,P_bal,logistic,H,1.0,2.0,inner,False,post,34.0,12.0,1.0,,,,,
1251,N2,L0,P_bal,logistic,H,1.0,,final,False,post,46.0,0.0,1.0,,,,,
1252,N2,L0,P_bal,logistic,HMU,1.0,0.0,inner,False,post,32.0,14.0,1.0,,,,,
1253,N2,L0,P_bal,logistic,HMU,1.0,1.0,inner,False,post,32.0,14.0,1.0,,,,,
1254,N2,L0,P_bal,logistic,HMU,1.0,2.0,inner,False,post,34.0,12.0,1.0,,,,,
1255,N2,L0,P_bal,logistic,HMU,1.0,,final,False,post,46.0,0.0,1.0,,,,,
1256,N2,L0,P_bal,logistic,HMUVAR,1.0,0.0,inner,False,post,32.0,14.0,1.0,,,,,
1257,N2,L0,P_bal,logistic,HMUVAR,1.0,1.0,inner,False,post,32.0,14.0,1.0,,,,,
1258,N2,L0,P_bal,logistic,HMUVAR,1.0,2.0,inner,False,post,34.0,12.0,1.0,,,,,
1259,N2,L0,P_bal,logistic,HMUVAR,1.0,,final,False,post,46.0,0.0,1.0,,,,,
1260,N2,L0,P_bal,logistic,HMUMU,1.0,0.0,inner,False,post,32.0,14.0,1.0,,,,,
1261,N2,L0,P_bal,logistic,HMUMU,1.0,1.0,inner,False,post,32.0,14.0,1.0,,,,,
1262,N2,L0,P_bal,logistic,HMUMU,1.0,2.0,inner,False,post,34.0,12.0,1.0,,,,,
1263,N2,L0,P_bal,logistic,HMUMU,1.0,,final,False,post,46.0,0.0,1.0,,,,,
1264,N2,L0,P_bal,logistic,HVAR,1.0,0.0,inner,False,post,32.0,14.0,1.0,,,,,
1265,N2,L0,P_bal,logistic,HVAR,1.0,1.0,inner,False,post,32.0,14.0,1.0,,,,,
1266,N2,L0,P_bal,logistic,HVAR,1.0,2.0,inner,False,post,34.0,12.0,1.0,,,,,
1267,N2,L0,P_bal,logistic,HVAR,1.0,,final,False,post,46.0,0.0,1.0,,,,,
1268,N2,L0,P_bal,logistic,HRFF,1.0,0.0,inner,False,post,32.0,14.0,1.0,,,,,
1269,N2,L0,P_bal,logistic,HRFF,1.0,1.0,inner,False,post,32.0,14.0,1.0,,,,,
1270,N2,L0,P_bal,logistic,HRFF,1.0,2.0,inner,False,post,34.0,12.0,1.0,,,,,
1271,N2,L0,P_bal,logistic,HRFF,1.0,,final,False,post,46.0,0.0,1.0,,,,,
1272,N2,L0,P_bal,logistic,H,1.0,0.0,inner,False,pre,32.0,14.0,1.0,,,,,
1273,N2,L0,P_bal,logistic,H,1.0,1.0,inner,False,pre,32.0,14.0,1.0,,,,,
1274,N2,L0,P_bal,logistic,H,1.0,2.0,inner,False,pre,34.0,12.0,1.0,,,,,
1275,N2,L0,P_bal,logistic,H,1.0,,final,False,pre,46.0,0.0,1.0,,,,,
1276,N2,L0,P_bal,logistic,HMU,1.0,0.0,inner,False,pre,32.0,14.0,1.0,,,,,
1277,N2,L0,P_bal,logistic,HMU,1.0,1.0,inner,False,pre,32.0,14.0,1.0,,,,,
1278,N2,L0,P_bal,logistic,HMU,1.0,2.0,inner,False,pre,34.0,12.0,1.0,,,,,
1279,N2,L0,P_bal,logistic,HMU,1.0,,final,False,pre,46.0,0.0,1.0,,,,,
1280,N2,L0,P_bal,logistic,HMUVAR,1.0,0.0,inner,False,pre,32.0,14.0,1.0,,,,,
1281,N2,L0,P_bal,logistic,HMUVAR,1.0,1.0,inner,False,pre,32.0,14.0,1.0,,,,,
1282,N2,L0,P_bal,logistic,HMUVAR,1.0,2.0,inner,False,pre,34.0,12.0,1.0,,,,,
1283,N2,L0,P_bal,logistic,HMUVAR,1.0,,final,False,pre,46.0,0.0,1.0,,,,,
1284,N2,L0,P_bal,logistic,HMUMU,1.0,0.0,inner,False,pre,32.0,14.0,1.0,,,,,
1285,N2,L0,P_bal,logistic,HMUMU,1.0,1.0,inner,False,pre,32.0,14.0,1.0,,,,,
1286,N2,L0,P_bal,logistic,HMUMU,1.0,2.0,inner,False,pre,34.0,12.0,1.0,,,,,
1287,N2,L0,P_bal,logistic,HMUMU,1.0,,final,False,pre,46.0,0.0,1.0,,,,,
1288,N2,L0,P_bal,logistic,HVAR,1.0,0.0,inner,False,pre,32.0,14.0,1.0,,,,,
1289,N2,L0,P_bal,logistic,HVAR,1.0,1.0,inner,False,pre,32.0,14.0,1.0,,,,,
1290,N2,L0,P_bal,logistic,HVAR,1.0,2.0,inner,False,pre,34.0,12.0,1.0,,,,,
1291,N2,L0,P_bal,logistic,HVAR,1.0,,final,False,pre,46.0,0.0,1.0,,,,,
1292,N2,L0,P_bal,logistic,HRFF,1.0,0.0,inner,False,pre,32.0,14.0,1.0,,,,,
1293,N2,L0,P_bal,logistic,HRFF,1.0,1.0,inner,False,pre,32.0,14.0,1.0,,,,,
1294,N2,L0,P_bal,logistic,HRFF,1.0,2.0,inner,False,pre,34.0,12.0,1.0,,,,,
1295,N2,L0,P_bal,logistic,HRFF,1.0,,final,False,pre,46.0,0.0,1.0,,,,,
1296,N2,L0,P_bal,logistic,H,2.0,0.0,inner,False,post,32.0,14.0,1.0,,,,,
1297,N2,L0,P_bal,logistic,H,2.0,1.0,inner,False,post,32.0,14.0,1.0,,,,,
1298,N2,L0,P_bal,logistic,H,2.0,2.0,inner,False,post,34.0,12.0,1.0,,,,,
1299,N2,L0,P_bal,logistic,H,2.0,,final,False,post,46.0,0.0,1.0,,,,,
1300,N2,L0,P_bal,logistic,HMU,2.0,0.0,inner,False,post,32.0,14.0,1.0,,,,,
1301,N2,L0,P_bal,logistic,HMU,2.0,1.0,inner,False,post,32.0,14.0,1.0,,,,,
1302,N2,L0,P_bal,logistic,HMU,2.0,2.0,inner,False,post,34.0,12.0,1.0,,,,,
1303,N2,L0,P_bal,logistic,HMU,2.0,,final,False,post,46.0,0.0,1.0,,,,,
1304,N2,L0,P_bal,logistic,HMUVAR,2.0,0.0,inner,False,post,32.0,14.0,1.0,,,,,
1305,N2,L0,P_bal,logistic,HMUVAR,2.0,1.0,inner,False,post,32.0,14.0,1.0,,,,,
1306,N2,L0,P_bal,logistic,HMUVAR,2.0,2.0,inner,False,post,34.0,12.0,1.0,,,,,
1307,N2,L0,P_bal,logistic,HMUVAR,2.0,,final,False,post,46.0,0.0,1.0,,,,,
1308,N2,L0,P_bal,logistic,HMUMU,2.0,0.0,inner,False,post,32.0,14.0,1.0,,,,,
1309,N2,L0,P_bal,logistic,HMUMU,2.0,1.0,inner,False,post,32.0,14.0,1.0,,,,,
1310,N2,L0,P_bal,logistic,HMUMU,2.0,2.0,inner,False,post,34.0,12.0,1.0,,,,,
1311,N2,L0,P_bal,logistic,HMUMU,2.0,,final,False,post,46.0,0.0,1.0,,,,,
1312,N2,L0,P_bal,logistic,HVAR,2.0,0.0,inner,False,post,32.0,14.0,1.0,,,,,
1313,N2,L0,P_bal,logistic,HVAR,2.0,1.0,inner,False,post,32.0,14.0,1.0,,,,,
1314,N2,L0,P_bal,logistic,HVAR,2.0,2.0,inner,False,post,34.0,12.0,1.0,,,,,
1315,N2,L0,P_bal,logistic,HVAR,2.0,,final,False,post,46.0,0.0,1.0,,,,,
1316,N2,L0,P_bal,logistic,HRFF,2.0,0.0,inner,False,post,32.0,14.0,1.0,,,,,
1317,N2,L0,P_bal,logistic,HRFF,2.0,1.0,inner,False,post,32.0,14.0,1.0,,,,,
1318,N2,L0,P_bal,logistic,HRFF,2.0,2.0,inner,False,post,34.0,12.0,1.0,,,,,
1319,N2,L0,P_bal,logistic,HRFF,2.0,,final,False,post,46.0,0.0,1.0,,,,,
1320,N2,L0,P_bal,logistic,H,2.0,0.0,inner,False,pre,32.0,14.0,1.0,,,,,
1321,N2,L0,P_bal,logistic,H,2.0,1.0,inner,False,pre,32.0,14.0,1.0,,,,,
1322,N2,L0,P_bal,logistic,H,2.0,2.0,inner,False,pre,34.0,12.0,1.0,,,,,
1323,N2,L0,P_bal,logistic,H,2.0,,final,False,pre,46.0,0.0,1.0,,,,,
1324,N2,L0,P_bal,logistic,HMU,2.0,0.0,inner,False,pre,32.0,14.0,1.0,,,,,
1325,N2,L0,P_bal,logistic,HMU,2.0,1.0,inner,False,pre,32.0,14.0,1.0,,,,,
1326,N2,L0,P_bal,logistic,HMU,2.0,2.0,inner,False,pre,34.0,12.0,1.0,,,,,
1327,N2,L0,P_bal,logistic,HMU,2.0,,final,False,pre,46.0,0.0,1.0,,,,,
1328,N2,L0,P_bal,logistic,HMUVAR,2.0,0.0,inner,False,pre,32.0,14.0,1.0,,,,,
1329,N2,L0,P_bal,logistic,HMUVAR,2.0,1.0,inner,False,pre,32.0,14.0,1.0,,,,,
1330,N2,L0,P_bal,logistic,HMUVAR,2.0,2.0,inner,False,pre,34.0,12.0,1.0,,,,,
1331,N2,L0,P_bal,logistic,HMUVAR,2.0,,final,False,pre,46.0,0.0,1.0,,,,,
1332,N2,L0,P_bal,logistic,HMUMU,2.0,0.0,inner,False,pre,32.0,14.0,1.0,,,,,
1333,N2,L0,P_bal,logistic,HMUMU,2.0,1.0,inner,False,pre,32.0,14.0,1.0,,,,,
1334,N2,L0,P_bal,logistic,HMUMU,2.0,2.0,inner,False,pre,34.0,12.0,1.0,,,,,
1335,N2,L0,P_bal,logistic,HMUMU,2.0,,final,False,pre,46.0,0.0,1.0,,,,,
1336,N2,L0,P_bal,logistic,HVAR,2.0,0.0,inner,False,pre,32.0,14.0,1.0,,,,,
1337,N2,L0,P_bal,logistic,HVAR,2.0,1.0,inner,False,pre,32.0,14.0,1.0,,,,,
1338,N2,L0,P_bal,logistic,HVAR,2.0,2.0,inner,False,pre,34.0,12.0,1.0,,,,,
1339,N2,L0,P_bal,logistic,HVAR,2.0,,final,False,pre,46.0,0.0,1.0,,,,,
1340,N2,L0,P_bal,logistic,HRFF,2.0,0.0,inner,False,pre,32.0,14.0,1.0,,,,,
1341,N2,L0,P_bal,logistic,HRFF,2.0,1.0,inner,False,pre,32.0,14.0,1.0,,,,,
1342,N2,L0,P_bal,logistic,HRFF,2.0,2.0,inner,False,pre,34.0,12.0,1.0,,,,,
1343,N2,L0,P_bal,logistic,HRFF,2.0,,final,False,pre,46.0,0.0,1.0,,,,,
1344,N2,L0,P_bal,logistic,H,3.0,0.0,inner,False,post,32.0,14.0,1.0,,,,,
1345,N2,L0,P_bal,logistic,H,3.0,1.0,inner,False,post,32.0,14.0,1.0,,,,,
1346,N2,L0,P_bal,logistic,H,3.0,2.0,inner,False,post,33.0,13.0,1.0,,,,,
1347,N2,L0,P_bal,logistic,H,3.0,,final,False,post,46.0,0.0,1.0,,,,,
1348,N2,L0,P_bal,logistic,HMU,3.0,0.0,inner,False,post,32.0,14.0,1.0,,,,,
1349,N2,L0,P_bal,logistic,HMU,3.0,1.0,inner,False,post,32.0,14.0,1.0,,,,,
1350,N2,L0,P_bal,logistic,HMU,3.0,2.0,inner,False,post,33.0,13.0,1.0,,,,,
1351,N2,L0,P_bal,logistic,HMU,3.0,,final,False,post,46.0,0.0,1.0,,,,,
1352,N2,L0,P_bal,logistic,HMUVAR,3.0,0.0,inner,False,post,32.0,14.0,1.0,,,,,
1353,N2,L0,P_bal,logistic,HMUVAR,3.0,1.0,inner,False,post,32.0,14.0,1.0,,,,,
1354,N2,L0,P_bal,logistic,HMUVAR,3.0,2.0,inner,False,post,33.0,13.0,1.0,,,,,
1355,N2,L0,P_bal,logistic,HMUVAR,3.0,,final,False,post,46.0,0.0,1.0,,,,,
1356,N2,L0,P_bal,logistic,HMUMU,3.0,0.0,inner,False,post,32.0,14.0,1.0,,,,,
1357,N2,L0,P_bal,logistic,HMUMU,3.0,1.0,inner,False,post,32.0,14.0,1.0,,,,,
1358,N2,L0,P_bal,logistic,HMUMU,3.0,2.0,inner,False,post,33.0,13.0,1.0,,,,,
1359,N2,L0,P_bal,logistic,HMUMU,3.0,,final,False,post,46.0,0.0,1.0,,,,,
1360,N2,L0,P_bal,logistic,HVAR,3.0,0.0,inner,False,post,32.0,14.0,1.0,,,,,
1361,N2,L0,P_bal,logistic,HVAR,3.0,1.0,inner,False,post,32.0,14.0,1.0,,,,,
1362,N2,L0,P_bal,logistic,HVAR,3.0,2.0,inner,False,post,33.0,13.0,1.0,,,,,
1363,N2,L0,P_bal,logistic,HVAR,3.0,,final,False,post,46.0,0.0,1.0,,,,,
1364,N2,L0,P_bal,logistic,HRFF,3.0,0.0,inner,False,post,32.0,14.0,1.0,,,,,
1365,N2,L0,P_bal,logistic,HRFF,3.0,1.0,inner,False,post,32.0,14.0,1.0,,,,,
1366,N2,L0,P_bal,logistic,HRFF,3.0,2.0,inner,False,post,33.0,13.0,1.0,,,,,
1367,N2,L0,P_bal,logistic,HRFF,3.0,,final,False,post,46.0,0.0,1.0,,,,,
1368,N2,L0,P_bal,logistic,H,3.0,0.0,inner,False,pre,32.0,14.0,1.0,,,,,
1369,N2,L0,P_bal,logistic,H,3.0,1.0,inner,False,pre,32.0,14.0,1.0,,,,,
1370,N2,L0,P_bal,logistic,H,3.0,2.0,inner,False,pre,33.0,13.0,1.0,,,,,
1371,N2,L0,P_bal,logistic,H,3.0,,final,False,pre,46.0,0.0,1.0,,,,,
1372,N2,L0,P_bal,logistic,HMU,3.0,0.0,inner,False,pre,32.0,14.0,1.0,,,,,
1373,N2,L0,P_bal,logistic,HMU,3.0,1.0,inner,False,pre,32.0,14.0,1.0,,,,,
1374,N2,L0,P_bal,logistic,HMU,3.0,2.0,inner,False,pre,33.0,13.0,1.0,,,,,
1375,N2,L0,P_bal,logistic,HMU,3.0,,final,False,pre,46.0,0.0,1.0,,,,,
1376,N2,L0,P_bal,logistic,HMUVAR,3.0,0.0,inner,False,pre,32.0,14.0,1.0,,,,,
1377,N2,L0,P_bal,logistic,HMUVAR,3.0,1.0,inner,False,pre,32.0,14.0,1.0,,,,,
1378,N2,L0,P_bal,logistic,HMUVAR,3.0,2.0,inner,False,pre,33.0,13.0,1.0,,,,,
1379,N2,L0,P_bal,logistic,HMUVAR,3.0,,final,False,pre,46.0,0.0,1.0,,,,,
1380,N2,L0,P_bal,logistic,HMUMU,3.0,0.0,inner,False,pre,32.0,14.0,1.0,,,,,
1381,N2,L0,P_bal,logistic,HMUMU,3.0,1.0,inner,False,pre,32.0,14.0,1.0,,,,,
1382,N2,L0,P_bal,logistic,HMUMU,3.0,2.0,inner,False,pre,33.0,13.0,1.0,,,,,
1383,N2,L0,P_bal,logistic,HMUMU,3.0,,final,False,pre,46.0,0.0,1.0,,,,,
1384,N2,L0,P_bal,logistic,HVAR,3.0,0.0,inner,False,pre,32.0,14.0,1.0,,,,,
1385,N2,L0,P_bal,logistic,HVAR,3.0,1.0,inner,False,pre,32.0,14.0,1.0,,,,,
1386,N2,L0,P_bal,logistic,HVAR,3.0,2.0,inner,False,pre,33.0,13.0,1.0,,,,,
1387,N2,L0,P_bal,logistic,HVAR,3.0,,final,False,pre,46.0,0.0,1.0,,,,,
1388,N2,L0,P_bal,logistic,HRFF,3.0,0.0,inner,False,pre,32.0,14.0,1.0,,,,,
1389,N2,L0,P_bal,logistic,HRFF,3.0,1.0,inner,False,pre,32.0,14.0,1.0,,,,,
1390,N2,L0,P_bal,logistic,HRFF,3.0,2.0,inner,False,pre,33.0,13.0,1.0,,,,,
1391,N2,L0,P_bal,logistic,HRFF,3.0,,final,False,pre,46.0,0.0,1.0,,,,,
1392,N2,L0,P_bal,logistic,H,4.0,0.0,inner,False,post,32.0,13.0,1.0,,,,,
1393,N2,L0,P_bal,logistic,H,4.0,1.0,inner,False,post,31.0,14.0,1.0,,,,,
1394,N2,L0,P_bal,logistic,H,4.0,2.0,inner,False,post,32.0,13.0,1.0,,,,,
1395,N2,L0,P_bal,logistic,H,4.0,,final,False,post,45.0,0.0,1.0,,,,,
1396,N2,L0,P_bal,logistic,HMU,4.0,0.0,inner,False,post,32.0,13.0,1.0,,,,,
1397,N2,L0,P_bal,logistic,HMU,4.0,1.0,inner,False,post,31.0,14.0,1.0,,,,,
1398,N2,L0,P_bal,logistic,HMU,4.0,2.0,inner,False,post,32.0,13.0,1.0,,,,,
1399,N2,L0,P_bal,logistic,HMU,4.0,,final,False,post,45.0,0.0,1.0,,,,,
1400,N2,L0,P_bal,logistic,HMUVAR,4.0,0.0,inner,False,post,32.0,13.0,1.0,,,,,
1401,N2,L0,P_bal,logistic,HMUVAR,4.0,1.0,inner,False,post,31.0,14.0,1.0,,,,,
1402,N2,L0,P_bal,logistic,HMUVAR,4.0,2.0,inner,False,post,32.0,13.0,1.0,,,,,
1403,N2,L0,P_bal,logistic,HMUVAR,4.0,,final,False,post,45.0,0.0,1.0,,,,,
1404,N2,L0,P_bal,logistic,HMUMU,4.0,0.0,inner,False,post,32.0,13.0,1.0,,,,,
1405,N2,L0,P_bal,logistic,HMUMU,4.0,1.0,inner,False,post,31.0,14.0,1.0,,,,,
1406,N2,L0,P_bal,logistic,HMUMU,4.0,2.0,inner,False,post,32.0,13.0,1.0,,,,,
1407,N2,L0,P_bal,logistic,HMUMU,4.0,,final,False,post,45.0,0.0,1.0,,,,,
1408,N2,L0,P_bal,logistic,HVAR,4.0,0.0,inner,False,post,32.0,13.0,1.0,,,,,
1409,N2,L0,P_bal,logistic,HVAR,4.0,1.0,inner,False,post,31.0,14.0,1.0,,,,,
1410,N2,L0,P_bal,logistic,HVAR,4.0,2.0,inner,False,post,32.0,13.0,1.0,,,,,
1411,N2,L0,P_bal,logistic,HVAR,4.0,,final,False,post,45.0,0.0,1.0,,,,,
1412,N2,L0,P_bal,logistic,HRFF,4.0,0.0,inner,False,post,32.0,13.0,1.0,,,,,
1413,N2,L0,P_bal,logistic,HRFF,4.0,1.0,inner,False,post,31.0,14.0,1.0,,,,,
1414,N2,L0,P_bal,logistic,HRFF,4.0,2.0,inner,False,post,32.0,13.0,1.0,,,,,
1415,N2,L0,P_bal,logistic,HRFF,4.0,,final,False,post,45.0,0.0,1.0,,,,,
1416,N2,L0,P_bal,logistic,H,4.0,0.0,inner,False,pre,32.0,13.0,1.0,,,,,
1417,N2,L0,P_bal,logistic,H,4.0,1.0,inner,False,pre,31.0,14.0,1.0,,,,,
1418,N2,L0,P_bal,logistic,H,4.0,2.0,inner,False,pre,32.0,13.0,1.0,,,,,
1419,N2,L0,P_bal,logistic,H,4.0,,final,False,pre,45.0,0.0,1.0,,,,,
1420,N2,L0,P_bal,logistic,HMU,4.0,0.0,inner,False,pre,32.0,13.0,1.0,,,,,
1421,N2,L0,P_bal,logistic,HMU,4.0,1.0,inner,False,pre,31.0,14.0,1.0,,,,,
1422,N2,L0,P_bal,logistic,HMU,4.0,2.0,inner,False,pre,32.0,13.0,1.0,,,,,
1423,N2,L0,P_bal,logistic,HMU,4.0,,final,False,pre,45.0,0.0,1.0,,,,,
1424,N2,L0,P_bal,logistic,HMUVAR,4.0,0.0,inner,False,pre,32.0,13.0,1.0,,,,,
1425,N2,L0,P_bal,logistic,HMUVAR,4.0,1.0,inner,False,pre,31.0,14.0,1.0,,,,,
1426,N2,L0,P_bal,logistic,HMUVAR,4.0,2.0,inner,False,pre,32.0,13.0,1.0,,,,,
1427,N2,L0,P_bal,logistic,HMUVAR,4.0,,final,False,pre,45.0,0.0,1.0,,,,,
1428,N2,L0,P_bal,logistic,HMUMU,4.0,0.0,inner,False,pre,32.0,13.0,1.0,,,,,
1429,N2,L0,P_bal,logistic,HMUMU,4.0,1.0,inner,False,pre,31.0,14.0,1.0,,,,,
1430,N2,L0,P_bal,logistic,HMUMU,4.0,2.0,inner,False,pre,32.0,13.0,1.0,,,,,
1431,N2,L0,P_bal,logistic,HMUMU,4.0,,final,False,pre,45.0,0.0,1.0,,,,,
1432,N2,L0,P_bal,logistic,HVAR,4.0,0.0,inner,False,pre,32.0,13.0,1.0,,,,,
1433,N2,L0,P_bal,logistic,HVAR,4.0,1.0,inner,False,pre,31.0,14.0,1.0,,,,,
1434,N2,L0,P_bal,logistic,HVAR,4.0,2.0,inner,False,pre,32.0,13.0,1.0,,,,,
1435,N2,L0,P_bal,logistic,HVAR,4.0,,final,False,pre,45.0,0.0,1.0,,,,,
1436,N2,L0,P_bal,logistic,HRFF,4.0,0.0,inner,False,pre,32.0,13.0,1.0,,,,,
1437,N2,L0,P_bal,logistic,HRFF,4.0,1.0,inner,False,pre,31.0,14.0,1.0,,,,,
1438,N2,L0,P_bal,logistic,HRFF,4.0,2.0,inner,False,pre,32.0,13.0,1.0,,,,,
1439,N2,L0,P_bal,logistic,HRFF,4.0,,final,False,pre,45.0,0.0,1.0,,,,,
1440,N3,R_SIM,P_nat,logistic,H,0.0,0.0,inner,False,paired,34.0,14.0,1.0,,,,,
1441,N3,R_SIM,P_nat,logistic,H,0.0,1.0,inner,False,paired,35.0,13.0,1.0,,,,,
1442,N3,R_SIM,P_nat,logistic,H,0.0,2.0,inner,False,paired,35.0,13.0,1.0,,,,,
1443,N3,R_SIM,P_nat,logistic,H,0.0,,final,False,paired,48.0,0.0,1.0,,,,,
1444,N3,R_SIM,P_nat,logistic,HP,0.0,0.0,inner,False,paired,34.0,14.0,1.0,,,,,
1445,N3,R_SIM,P_nat,logistic,HP,0.0,1.0,inner,False,paired,35.0,13.0,1.0,,,,,
1446,N3,R_SIM,P_nat,logistic,HP,0.0,2.0,inner,False,paired,35.0,13.0,1.0,,,,,
1447,N3,R_SIM,P_nat,logistic,HP,0.0,,final,False,paired,48.0,0.0,1.0,,,,,
1448,N3,R_SIM,P_nat,logistic,HB,0.0,0.0,inner,False,paired,34.0,14.0,1.0,,,,,
1449,N3,R_SIM,P_nat,logistic,HB,0.0,1.0,inner,False,paired,35.0,13.0,1.0,,,,,
1450,N3,R_SIM,P_nat,logistic,HB,0.0,2.0,inner,False,paired,35.0,13.0,1.0,,,,,
1451,N3,R_SIM,P_nat,logistic,HB,0.0,,final,False,paired,48.0,0.0,1.0,,,,,
1452,N3,R_SIM,P_nat,logistic,HBP,0.0,0.0,inner,False,paired,34.0,14.0,1.0,,,,,
1453,N3,R_SIM,P_nat,logistic,HBP,0.0,1.0,inner,False,paired,35.0,13.0,1.0,,,,,
1454,N3,R_SIM,P_nat,logistic,HBP,0.0,2.0,inner,False,paired,35.0,13.0,1.0,,,,,
1455,N3,R_SIM,P_nat,logistic,HBP,0.0,,final,False,paired,48.0,0.0,1.0,,,,,
1456,N3,R_SIM,P_nat,logistic,Hnoise,0.0,0.0,inner,False,paired,34.0,14.0,1.0,,,,,
1457,N3,R_SIM,P_nat,logistic,Hnoise,0.0,1.0,inner,False,paired,35.0,13.0,1.0,,,,,
1458,N3,R_SIM,P_nat,logistic,Hnoise,0.0,2.0,inner,False,paired,35.0,13.0,1.0,,,,,
1459,N3,R_SIM,P_nat,logistic,Hnoise,0.0,,final,False,paired,48.0,0.0,1.0,,,,,
1460,N3,R_SIM,P_nat,mlp32,H,0.0,0.0,inner,True,paired,34.0,14.0,,0.001,,,,
1461,N3,R_SIM,P_nat,mlp32,H,0.0,1.0,inner,True,paired,35.0,13.0,,0.001,,,,
1462,N3,R_SIM,P_nat,mlp32,H,0.0,2.0,inner,True,paired,35.0,13.0,,0.001,,,,
1463,N3,R_SIM,P_nat,mlp32,H,0.0,,final,True,paired,48.0,0.0,,0.001,,,,
1464,N3,R_SIM,P_nat,mlp32,HP,0.0,0.0,inner,True,paired,34.0,14.0,,0.001,,,,
1465,N3,R_SIM,P_nat,mlp32,HP,0.0,1.0,inner,True,paired,35.0,13.0,,0.001,,,,
1466,N3,R_SIM,P_nat,mlp32,HP,0.0,2.0,inner,True,paired,35.0,13.0,,0.001,,,,
1467,N3,R_SIM,P_nat,mlp32,HP,0.0,,final,True,paired,48.0,0.0,,0.001,,,,
1468,N3,R_SIM,P_nat,mlp32,HB,0.0,0.0,inner,True,paired,34.0,14.0,,0.001,,,,
1469,N3,R_SIM,P_nat,mlp32,HB,0.0,1.0,inner,True,paired,35.0,13.0,,0.001,,,,
1470,N3,R_SIM,P_nat,mlp32,HB,0.0,2.0,inner,True,paired,35.0,13.0,,0.001,,,,
1471,N3,R_SIM,P_nat,mlp32,HB,0.0,,final,True,paired,48.0,0.0,,0.001,,,,
1472,N3,R_SIM,P_nat,mlp32,HBP,0.0,0.0,inner,True,paired,34.0,14.0,,0.001,,,,
1473,N3,R_SIM,P_nat,mlp32,HBP,0.0,1.0,inner,True,paired,35.0,13.0,,0.001,,,,
1474,N3,R_SIM,P_nat,mlp32,HBP,0.0,2.0,inner,True,paired,35.0,13.0,,0.001,,,,
1475,N3,R_SIM,P_nat,mlp32,HBP,0.0,,final,True,paired,48.0,0.0,,0.001,,,,
1476,N3,R_SIM,P_nat,mlp32,Hnoise,0.0,0.0,inner,True,paired,34.0,14.0,,0.001,,,,
1477,N3,R_SIM,P_nat,mlp32,Hnoise,0.0,1.0,inner,True,paired,35.0,13.0,,0.001,,,,
1478,N3,R_SIM,P_nat,mlp32,Hnoise,0.0,2.0,inner,True,paired,35.0,13.0,,0.001,,,,
1479,N3,R_SIM,P_nat,mlp32,Hnoise,0.0,,final,True,paired,48.0,0.0,,0.001,,,,
1480,N3,R_SIM,P_bal,logistic,H,0.0,0.0,inner,False,paired,34.0,14.0,1.0,,,,,
1481,N3,R_SIM,P_bal,logistic,H,0.0,1.0,inner,False,paired,35.0,13.0,1.0,,,,,
1482,N3,R_SIM,P_bal,logistic,H,0.0,2.0,inner,False,paired,35.0,13.0,1.0,,,,,
1483,N3,R_SIM,P_bal,logistic,H,0.0,,final,False,paired,48.0,0.0,1.0,,,,,
1484,N3,R_SIM,P_bal,logistic,HP,0.0,0.0,inner,False,paired,34.0,14.0,1.0,,,,,
1485,N3,R_SIM,P_bal,logistic,HP,0.0,1.0,inner,False,paired,35.0,13.0,1.0,,,,,
1486,N3,R_SIM,P_bal,logistic,HP,0.0,2.0,inner,False,paired,35.0,13.0,1.0,,,,,
1487,N3,R_SIM,P_bal,logistic,HP,0.0,,final,False,paired,48.0,0.0,1.0,,,,,
1488,N3,R_SIM,P_bal,logistic,HB,0.0,0.0,inner,False,paired,34.0,14.0,1.0,,,,,
1489,N3,R_SIM,P_bal,logistic,HB,0.0,1.0,inner,False,paired,35.0,13.0,1.0,,,,,
1490,N3,R_SIM,P_bal,logistic,HB,0.0,2.0,inner,False,paired,35.0,13.0,1.0,,,,,
1491,N3,R_SIM,P_bal,logistic,HB,0.0,,final,False,paired,48.0,0.0,1.0,,,,,
1492,N3,R_SIM,P_bal,logistic,HBP,0.0,0.0,inner,False,paired,34.0,14.0,1.0,,,,,
1493,N3,R_SIM,P_bal,logistic,HBP,0.0,1.0,inner,False,paired,35.0,13.0,1.0,,,,,
1494,N3,R_SIM,P_bal,logistic,HBP,0.0,2.0,inner,False,paired,35.0,13.0,1.0,,,,,
1495,N3,R_SIM,P_bal,logistic,HBP,0.0,,final,False,paired,48.0,0.0,1.0,,,,,
1496,N3,R_SIM,P_bal,logistic,Hnoise,0.0,0.0,inner,False,paired,34.0,14.0,1.0,,,,,
1497,N3,R_SIM,P_bal,logistic,Hnoise,0.0,1.0,inner,False,paired,35.0,13.0,1.0,,,,,
1498,N3,R_SIM,P_bal,logistic,Hnoise,0.0,2.0,inner,False,paired,35.0,13.0,1.0,,,,,
1499,N3,R_SIM,P_bal,logistic,Hnoise,0.0,,final,False,paired,48.0,0.0,1.0,,,,,
1500,N3,R_SIM,P_bal,mlp32,H,0.0,0.0,inner,True,paired,34.0,14.0,,0.001,,,,
1501,N3,R_SIM,P_bal,mlp32,H,0.0,1.0,inner,True,paired,35.0,13.0,,0.001,,,,
1502,N3,R_SIM,P_bal,mlp32,H,0.0,2.0,inner,True,paired,35.0,13.0,,0.001,,,,
1503,N3,R_SIM,P_bal,mlp32,H,0.0,,final,True,paired,48.0,0.0,,0.001,,,,
1504,N3,R_SIM,P_bal,mlp32,HP,0.0,0.0,inner,True,paired,34.0,14.0,,0.001,,,,
1505,N3,R_SIM,P_bal,mlp32,HP,0.0,1.0,inner,True,paired,35.0,13.0,,0.001,,,,
1506,N3,R_SIM,P_bal,mlp32,HP,0.0,2.0,inner,True,paired,35.0,13.0,,0.001,,,,
1507,N3,R_SIM,P_bal,mlp32,HP,0.0,,final,True,paired,48.0,0.0,,0.001,,,,
1508,N3,R_SIM,P_bal,mlp32,HB,0.0,0.0,inner,True,paired,34.0,14.0,,0.001,,,,
1509,N3,R_SIM,P_bal,mlp32,HB,0.0,1.0,inner,True,paired,35.0,13.0,,0.001,,,,
1510,N3,R_SIM,P_bal,mlp32,HB,0.0,2.0,inner,True,paired,35.0,13.0,,0.001,,,,
1511,N3,R_SIM,P_bal,mlp32,HB,0.0,,final,True,paired,48.0,0.0,,0.001,,,,
1512,N3,R_SIM,P_bal,mlp32,HBP,0.0,0.0,inner,True,paired,34.0,14.0,,0.001,,,,
1513,N3,R_SIM,P_bal,mlp32,HBP,0.0,1.0,inner,True,paired,35.0,13.0,,0.001,,,,
1514,N3,R_SIM,P_bal,mlp32,HBP,0.0,2.0,inner,True,paired,35.0,13.0,,0.001,,,,
1515,N3,R_SIM,P_bal,mlp32,HBP,0.0,,final,True,paired,48.0,0.0,,0.001,,,,
1516,N3,R_SIM,P_bal,mlp32,Hnoise,0.0,0.0,inner,True,paired,34.0,14.0,,0.001,,,,
1517,N3,R_SIM,P_bal,mlp32,Hnoise,0.0,1.0,inner,True,paired,35.0,13.0,,0.001,,,,
1518,N3,R_SIM,P_bal,mlp32,Hnoise,0.0,2.0,inner,True,paired,35.0,13.0,,0.001,,,,
1519,N3,R_SIM,P_bal,mlp32,Hnoise,0.0,,final,True,paired,48.0,0.0,,0.001,,,,
1520,N3,R_SIM,P_nat,logistic,H,1.0,0.0,inner,False,paired,34.0,14.0,1.0,,,,,
1521,N3,R_SIM,P_nat,logistic,H,1.0,1.0,inner,False,paired,34.0,14.0,1.0,,,,,
1522,N3,R_SIM,P_nat,logistic,H,1.0,2.0,inner,False,paired,35.0,13.0,1.0,,,,,
1523,N3,R_SIM,P_nat,logistic,H,1.0,,final,False,paired,48.0,0.0,1.0,,,,,
1524,N3,R_SIM,P_nat,logistic,HP,1.0,0.0,inner,False,paired,34.0,14.0,1.0,,,,,
1525,N3,R_SIM,P_nat,logistic,HP,1.0,1.0,inner,False,paired,34.0,14.0,1.0,,,,,
1526,N3,R_SIM,P_nat,logistic,HP,1.0,2.0,inner,False,paired,35.0,13.0,1.0,,,,,
1527,N3,R_SIM,P_nat,logistic,HP,1.0,,final,False,paired,48.0,0.0,1.0,,,,,
1528,N3,R_SIM,P_nat,logistic,HB,1.0,0.0,inner,False,paired,34.0,14.0,1.0,,,,,
1529,N3,R_SIM,P_nat,logistic,HB,1.0,1.0,inner,False,paired,34.0,14.0,1.0,,,,,
1530,N3,R_SIM,P_nat,logistic,HB,1.0,2.0,inner,False,paired,35.0,13.0,1.0,,,,,
1531,N3,R_SIM,P_nat,logistic,HB,1.0,,final,False,paired,48.0,0.0,1.0,,,,,
1532,N3,R_SIM,P_nat,logistic,HBP,1.0,0.0,inner,False,paired,34.0,14.0,1.0,,,,,
1533,N3,R_SIM,P_nat,logistic,HBP,1.0,1.0,inner,False,paired,34.0,14.0,1.0,,,,,
1534,N3,R_SIM,P_nat,logistic,HBP,1.0,2.0,inner,False,paired,35.0,13.0,1.0,,,,,
1535,N3,R_SIM,P_nat,logistic,HBP,1.0,,final,False,paired,48.0,0.0,1.0,,,,,
1536,N3,R_SIM,P_nat,logistic,Hnoise,1.0,0.0,inner,False,paired,34.0,14.0,1.0,,,,,
1537,N3,R_SIM,P_nat,logistic,Hnoise,1.0,1.0,inner,False,paired,34.0,14.0,1.0,,,,,
1538,N3,R_SIM,P_nat,logistic,Hnoise,1.0,2.0,inner,False,paired,35.0,13.0,1.0,,,,,
1539,N3,R_SIM,P_nat,logistic,Hnoise,1.0,,final,False,paired,48.0,0.0,1.0,,,,,
1540,N3,R_SIM,P_nat,mlp32,H,1.0,0.0,inner,True,paired,34.0,14.0,,0.001,,,,
1541,N3,R_SIM,P_nat,mlp32,H,1.0,1.0,inner,True,paired,34.0,14.0,,0.001,,,,
1542,N3,R_SIM,P_nat,mlp32,H,1.0,2.0,inner,True,paired,35.0,13.0,,0.001,,,,
1543,N3,R_SIM,P_nat,mlp32,H,1.0,,final,True,paired,48.0,0.0,,0.001,,,,
1544,N3,R_SIM,P_nat,mlp32,HP,1.0,0.0,inner,True,paired,34.0,14.0,,0.001,,,,
1545,N3,R_SIM,P_nat,mlp32,HP,1.0,1.0,inner,True,paired,34.0,14.0,,0.001,,,,
1546,N3,R_SIM,P_nat,mlp32,HP,1.0,2.0,inner,True,paired,35.0,13.0,,0.001,,,,
1547,N3,R_SIM,P_nat,mlp32,HP,1.0,,final,True,paired,48.0,0.0,,0.001,,,,
1548,N3,R_SIM,P_nat,mlp32,HB,1.0,0.0,inner,True,paired,34.0,14.0,,0.001,,,,
1549,N3,R_SIM,P_nat,mlp32,HB,1.0,1.0,inner,True,paired,34.0,14.0,,0.001,,,,
1550,N3,R_SIM,P_nat,mlp32,HB,1.0,2.0,inner,True,paired,35.0,13.0,,0.001,,,,
1551,N3,R_SIM,P_nat,mlp32,HB,1.0,,final,True,paired,48.0,0.0,,0.001,,,,
1552,N3,R_SIM,P_nat,mlp32,HBP,1.0,0.0,inner,True,paired,34.0,14.0,,0.001,,,,
1553,N3,R_SIM,P_nat,mlp32,HBP,1.0,1.0,inner,True,paired,34.0,14.0,,0.001,,,,
1554,N3,R_SIM,P_nat,mlp32,HBP,1.0,2.0,inner,True,paired,35.0,13.0,,0.001,,,,
1555,N3,R_SIM,P_nat,mlp32,HBP,1.0,,final,True,paired,48.0,0.0,,0.001,,,,
1556,N3,R_SIM,P_nat,mlp32,Hnoise,1.0,0.0,inner,True,paired,34.0,14.0,,0.001,,,,
1557,N3,R_SIM,P_nat,mlp32,Hnoise,1.0,1.0,inner,True,paired,34.0,14.0,,0.001,,,,
1558,N3,R_SIM,P_nat,mlp32,Hnoise,1.0,2.0,inner,True,paired,35.0,13.0,,0.001,,,,
1559,N3,R_SIM,P_nat,mlp32,Hnoise,1.0,,final,True,paired,48.0,0.0,,0.001,,,,
1560,N3,R_SIM,P_bal,logistic,H,1.0,0.0,inner,False,paired,34.0,14.0,1.0,,,,,
1561,N3,R_SIM,P_bal,logistic,H,1.0,1.0,inner,False,paired,34.0,14.0,1.0,,,,,
1562,N3,R_SIM,P_bal,logistic,H,1.0,2.0,inner,False,paired,35.0,13.0,1.0,,,,,
1563,N3,R_SIM,P_bal,logistic,H,1.0,,final,False,paired,48.0,0.0,1.0,,,,,
1564,N3,R_SIM,P_bal,logistic,HP,1.0,0.0,inner,False,paired,34.0,14.0,1.0,,,,,
1565,N3,R_SIM,P_bal,logistic,HP,1.0,1.0,inner,False,paired,34.0,14.0,1.0,,,,,
1566,N3,R_SIM,P_bal,logistic,HP,1.0,2.0,inner,False,paired,35.0,13.0,1.0,,,,,
1567,N3,R_SIM,P_bal,logistic,HP,1.0,,final,False,paired,48.0,0.0,1.0,,,,,
1568,N3,R_SIM,P_bal,logistic,HB,1.0,0.0,inner,False,paired,34.0,14.0,1.0,,,,,
1569,N3,R_SIM,P_bal,logistic,HB,1.0,1.0,inner,False,paired,34.0,14.0,1.0,,,,,
1570,N3,R_SIM,P_bal,logistic,HB,1.0,2.0,inner,False,paired,35.0,13.0,1.0,,,,,
1571,N3,R_SIM,P_bal,logistic,HB,1.0,,final,False,paired,48.0,0.0,1.0,,,,,
1572,N3,R_SIM,P_bal,logistic,HBP,1.0,0.0,inner,False,paired,34.0,14.0,1.0,,,,,
1573,N3,R_SIM,P_bal,logistic,HBP,1.0,1.0,inner,False,paired,34.0,14.0,1.0,,,,,
1574,N3,R_SIM,P_bal,logistic,HBP,1.0,2.0,inner,False,paired,35.0,13.0,1.0,,,,,
1575,N3,R_SIM,P_bal,logistic,HBP,1.0,,final,False,paired,48.0,0.0,1.0,,,,,
1576,N3,R_SIM,P_bal,logistic,Hnoise,1.0,0.0,inner,False,paired,34.0,14.0,1.0,,,,,
1577,N3,R_SIM,P_bal,logistic,Hnoise,1.0,1.0,inner,False,paired,34.0,14.0,1.0,,,,,
1578,N3,R_SIM,P_bal,logistic,Hnoise,1.0,2.0,inner,False,paired,35.0,13.0,1.0,,,,,
1579,N3,R_SIM,P_bal,logistic,Hnoise,1.0,,final,False,paired,48.0,0.0,1.0,,,,,
1580,N3,R_SIM,P_bal,mlp32,H,1.0,0.0,inner,True,paired,34.0,14.0,,0.001,,,,
1581,N3,R_SIM,P_bal,mlp32,H,1.0,1.0,inner,True,paired,34.0,14.0,,0.001,,,,
1582,N3,R_SIM,P_bal,mlp32,H,1.0,2.0,inner,True,paired,35.0,13.0,,0.001,,,,
1583,N3,R_SIM,P_bal,mlp32,H,1.0,,final,True,paired,48.0,0.0,,0.001,,,,
1584,N3,R_SIM,P_bal,mlp32,HP,1.0,0.0,inner,True,paired,34.0,14.0,,0.001,,,,
1585,N3,R_SIM,P_bal,mlp32,HP,1.0,1.0,inner,True,paired,34.0,14.0,,0.001,,,,
1586,N3,R_SIM,P_bal,mlp32,HP,1.0,2.0,inner,True,paired,35.0,13.0,,0.001,,,,
1587,N3,R_SIM,P_bal,mlp32,HP,1.0,,final,True,paired,48.0,0.0,,0.001,,,,
1588,N3,R_SIM,P_bal,mlp32,HB,1.0,0.0,inner,True,paired,34.0,14.0,,0.001,,,,
1589,N3,R_SIM,P_bal,mlp32,HB,1.0,1.0,inner,True,paired,34.0,14.0,,0.001,,,,
1590,N3,R_SIM,P_bal,mlp32,HB,1.0,2.0,inner,True,paired,35.0,13.0,,0.001,,,,
1591,N3,R_SIM,P_bal,mlp32,HB,1.0,,final,True,paired,48.0,0.0,,0.001,,,,
1592,N3,R_SIM,P_bal,mlp32,HBP,1.0,0.0,inner,True,paired,34.0,14.0,,0.001,,,,
1593,N3,R_SIM,P_bal,mlp32,HBP,1.0,1.0,inner,True,paired,34.0,14.0,,0.001,,,,
1594,N3,R_SIM,P_bal,mlp32,HBP,1.0,2.0,inner,True,paired,35.0,13.0,,0.001,,,,
1595,N3,R_SIM,P_bal,mlp32,HBP,1.0,,final,True,paired,48.0,0.0,,0.001,,,,
1596,N3,R_SIM,P_bal,mlp32,Hnoise,1.0,0.0,inner,True,paired,34.0,14.0,,0.001,,,,
1597,N3,R_SIM,P_bal,mlp32,Hnoise,1.0,1.0,inner,True,paired,34.0,14.0,,0.001,,,,
1598,N3,R_SIM,P_bal,mlp32,Hnoise,1.0,2.0,inner,True,paired,35.0,13.0,,0.001,,,,
1599,N3,R_SIM,P_bal,mlp32,Hnoise,1.0,,final,True,paired,48.0,0.0,,0.001,,,,
1600,N3,R_SIM,P_nat,logistic,H,2.0,0.0,inner,False,paired,34.0,14.0,1.0,,,,,
1601,N3,R_SIM,P_nat,logistic,H,2.0,1.0,inner,False,paired,34.0,14.0,1.0,,,,,
1602,N3,R_SIM,P_nat,logistic,H,2.0,2.0,inner,False,paired,35.0,13.0,1.0,,,,,
1603,N3,R_SIM,P_nat,logistic,H,2.0,,final,False,paired,48.0,0.0,1.0,,,,,
1604,N3,R_SIM,P_nat,logistic,HP,2.0,0.0,inner,False,paired,34.0,14.0,1.0,,,,,
1605,N3,R_SIM,P_nat,logistic,HP,2.0,1.0,inner,False,paired,34.0,14.0,1.0,,,,,
1606,N3,R_SIM,P_nat,logistic,HP,2.0,2.0,inner,False,paired,35.0,13.0,1.0,,,,,
1607,N3,R_SIM,P_nat,logistic,HP,2.0,,final,False,paired,48.0,0.0,1.0,,,,,
1608,N3,R_SIM,P_nat,logistic,HB,2.0,0.0,inner,False,paired,34.0,14.0,1.0,,,,,
1609,N3,R_SIM,P_nat,logistic,HB,2.0,1.0,inner,False,paired,34.0,14.0,1.0,,,,,
1610,N3,R_SIM,P_nat,logistic,HB,2.0,2.0,inner,False,paired,35.0,13.0,1.0,,,,,
1611,N3,R_SIM,P_nat,logistic,HB,2.0,,final,False,paired,48.0,0.0,1.0,,,,,
1612,N3,R_SIM,P_nat,logistic,HBP,2.0,0.0,inner,False,paired,34.0,14.0,1.0,,,,,
1613,N3,R_SIM,P_nat,logistic,HBP,2.0,1.0,inner,False,paired,34.0,14.0,1.0,,,,,
1614,N3,R_SIM,P_nat,logistic,HBP,2.0,2.0,inner,False,paired,35.0,13.0,1.0,,,,,
1615,N3,R_SIM,P_nat,logistic,HBP,2.0,,final,False,paired,48.0,0.0,1.0,,,,,
1616,N3,R_SIM,P_nat,logistic,Hnoise,2.0,0.0,inner,False,paired,34.0,14.0,1.0,,,,,
1617,N3,R_SIM,P_nat,logistic,Hnoise,2.0,1.0,inner,False,paired,34.0,14.0,1.0,,,,,
1618,N3,R_SIM,P_nat,logistic,Hnoise,2.0,2.0,inner,False,paired,35.0,13.0,1.0,,,,,
1619,N3,R_SIM,P_nat,logistic,Hnoise,2.0,,final,False,paired,48.0,0.0,1.0,,,,,
1620,N3,R_SIM,P_nat,mlp32,H,2.0,0.0,inner,True,paired,34.0,14.0,,0.001,,,,
1621,N3,R_SIM,P_nat,mlp32,H,2.0,1.0,inner,True,paired,34.0,14.0,,0.001,,,,
1622,N3,R_SIM,P_nat,mlp32,H,2.0,2.0,inner,True,paired,35.0,13.0,,0.001,,,,
1623,N3,R_SIM,P_nat,mlp32,H,2.0,,final,True,paired,48.0,0.0,,0.001,,,,
1624,N3,R_SIM,P_nat,mlp32,HP,2.0,0.0,inner,True,paired,34.0,14.0,,0.001,,,,
1625,N3,R_SIM,P_nat,mlp32,HP,2.0,1.0,inner,True,paired,34.0,14.0,,0.001,,,,
1626,N3,R_SIM,P_nat,mlp32,HP,2.0,2.0,inner,True,paired,35.0,13.0,,0.001,,,,
1627,N3,R_SIM,P_nat,mlp32,HP,2.0,,final,True,paired,48.0,0.0,,0.001,,,,
1628,N3,R_SIM,P_nat,mlp32,HB,2.0,0.0,inner,True,paired,34.0,14.0,,0.001,,,,
1629,N3,R_SIM,P_nat,mlp32,HB,2.0,1.0,inner,True,paired,34.0,14.0,,0.001,,,,
1630,N3,R_SIM,P_nat,mlp32,HB,2.0,2.0,inner,True,paired,35.0,13.0,,0.001,,,,
1631,N3,R_SIM,P_nat,mlp32,HB,2.0,,final,True,paired,48.0,0.0,,0.001,,,,
1632,N3,R_SIM,P_nat,mlp32,HBP,2.0,0.0,inner,True,paired,34.0,14.0,,0.001,,,,
1633,N3,R_SIM,P_nat,mlp32,HBP,2.0,1.0,inner,True,paired,34.0,14.0,,0.001,,,,
1634,N3,R_SIM,P_nat,mlp32,HBP,2.0,2.0,inner,True,paired,35.0,13.0,,0.001,,,,
1635,N3,R_SIM,P_nat,mlp32,HBP,2.0,,final,True,paired,48.0,0.0,,0.001,,,,
1636,N3,R_SIM,P_nat,mlp32,Hnoise,2.0,0.0,inner,True,paired,34.0,14.0,,0.001,,,,
1637,N3,R_SIM,P_nat,mlp32,Hnoise,2.0,1.0,inner,True,paired,34.0,14.0,,0.001,,,,
1638,N3,R_SIM,P_nat,mlp32,Hnoise,2.0,2.0,inner,True,paired,35.0,13.0,,0.001,,,,
1639,N3,R_SIM,P_nat,mlp32,Hnoise,2.0,,final,True,paired,48.0,0.0,,0.001,,,,
1640,N3,R_SIM,P_bal,logistic,H,2.0,0.0,inner,False,paired,34.0,14.0,1.0,,,,,
1641,N3,R_SIM,P_bal,logistic,H,2.0,1.0,inner,False,paired,34.0,14.0,1.0,,,,,
1642,N3,R_SIM,P_bal,logistic,H,2.0,2.0,inner,False,paired,35.0,13.0,1.0,,,,,
1643,N3,R_SIM,P_bal,logistic,H,2.0,,final,False,paired,48.0,0.0,1.0,,,,,
1644,N3,R_SIM,P_bal,logistic,HP,2.0,0.0,inner,False,paired,34.0,14.0,1.0,,,,,
1645,N3,R_SIM,P_bal,logistic,HP,2.0,1.0,inner,False,paired,34.0,14.0,1.0,,,,,
1646,N3,R_SIM,P_bal,logistic,HP,2.0,2.0,inner,False,paired,35.0,13.0,1.0,,,,,
1647,N3,R_SIM,P_bal,logistic,HP,2.0,,final,False,paired,48.0,0.0,1.0,,,,,
1648,N3,R_SIM,P_bal,logistic,HB,2.0,0.0,inner,False,paired,34.0,14.0,1.0,,,,,
1649,N3,R_SIM,P_bal,logistic,HB,2.0,1.0,inner,False,paired,34.0,14.0,1.0,,,,,
1650,N3,R_SIM,P_bal,logistic,HB,2.0,2.0,inner,False,paired,35.0,13.0,1.0,,,,,
1651,N3,R_SIM,P_bal,logistic,HB,2.0,,final,False,paired,48.0,0.0,1.0,,,,,
1652,N3,R_SIM,P_bal,logistic,HBP,2.0,0.0,inner,False,paired,34.0,14.0,1.0,,,,,
1653,N3,R_SIM,P_bal,logistic,HBP,2.0,1.0,inner,False,paired,34.0,14.0,1.0,,,,,
1654,N3,R_SIM,P_bal,logistic,HBP,2.0,2.0,inner,False,paired,35.0,13.0,1.0,,,,,
1655,N3,R_SIM,P_bal,logistic,HBP,2.0,,final,False,paired,48.0,0.0,1.0,,,,,
1656,N3,R_SIM,P_bal,logistic,Hnoise,2.0,0.0,inner,False,paired,34.0,14.0,1.0,,,,,
1657,N3,R_SIM,P_bal,logistic,Hnoise,2.0,1.0,inner,False,paired,34.0,14.0,1.0,,,,,
1658,N3,R_SIM,P_bal,logistic,Hnoise,2.0,2.0,inner,False,paired,35.0,13.0,1.0,,,,,
1659,N3,R_SIM,P_bal,logistic,Hnoise,2.0,,final,False,paired,48.0,0.0,1.0,,,,,
1660,N3,R_SIM,P_bal,mlp32,H,2.0,0.0,inner,True,paired,34.0,14.0,,0.001,,,,
1661,N3,R_SIM,P_bal,mlp32,H,2.0,1.0,inner,True,paired,34.0,14.0,,0.001,,,,
1662,N3,R_SIM,P_bal,mlp32,H,2.0,2.0,inner,True,paired,35.0,13.0,,0.001,,,,
1663,N3,R_SIM,P_bal,mlp32,H,2.0,,final,True,paired,48.0,0.0,,0.001,,,,
1664,N3,R_SIM,P_bal,mlp32,HP,2.0,0.0,inner,True,paired,34.0,14.0,,0.001,,,,
1665,N3,R_SIM,P_bal,mlp32,HP,2.0,1.0,inner,True,paired,34.0,14.0,,0.001,,,,
1666,N3,R_SIM,P_bal,mlp32,HP,2.0,2.0,inner,True,paired,35.0,13.0,,0.001,,,,
1667,N3,R_SIM,P_bal,mlp32,HP,2.0,,final,True,paired,48.0,0.0,,0.001,,,,
1668,N3,R_SIM,P_bal,mlp32,HB,2.0,0.0,inner,True,paired,34.0,14.0,,0.001,,,,
1669,N3,R_SIM,P_bal,mlp32,HB,2.0,1.0,inner,True,paired,34.0,14.0,,0.001,,,,
1670,N3,R_SIM,P_bal,mlp32,HB,2.0,2.0,inner,True,paired,35.0,13.0,,0.001,,,,
1671,N3,R_SIM,P_bal,mlp32,HB,2.0,,final,True,paired,48.0,0.0,,0.001,,,,
1672,N3,R_SIM,P_bal,mlp32,HBP,2.0,0.0,inner,True,paired,34.0,14.0,,0.001,,,,
1673,N3,R_SIM,P_bal,mlp32,HBP,2.0,1.0,inner,True,paired,34.0,14.0,,0.001,,,,
1674,N3,R_SIM,P_bal,mlp32,HBP,2.0,2.0,inner,True,paired,35.0,13.0,,0.001,,,,
1675,N3,R_SIM,P_bal,mlp32,HBP,2.0,,final,True,paired,48.0,0.0,,0.001,,,,
1676,N3,R_SIM,P_bal,mlp32,Hnoise,2.0,0.0,inner,True,paired,34.0,14.0,,0.001,,,,
1677,N3,R_SIM,P_bal,mlp32,Hnoise,2.0,1.0,inner,True,paired,34.0,14.0,,0.001,,,,
1678,N3,R_SIM,P_bal,mlp32,Hnoise,2.0,2.0,inner,True,paired,35.0,13.0,,0.001,,,,
1679,N3,R_SIM,P_bal,mlp32,Hnoise,2.0,,final,True,paired,48.0,0.0,,0.001,,,,
1680,N3,R_SIM,P_nat,logistic,H,3.0,0.0,inner,False,paired,34.0,14.0,1.0,,,,,
1681,N3,R_SIM,P_nat,logistic,H,3.0,1.0,inner,False,paired,34.0,14.0,1.0,,,,,
1682,N3,R_SIM,P_nat,logistic,H,3.0,2.0,inner,False,paired,35.0,13.0,1.0,,,,,
1683,N3,R_SIM,P_nat,logistic,H,3.0,,final,False,paired,48.0,0.0,1.0,,,,,
1684,N3,R_SIM,P_nat,logistic,HP,3.0,0.0,inner,False,paired,34.0,14.0,1.0,,,,,
1685,N3,R_SIM,P_nat,logistic,HP,3.0,1.0,inner,False,paired,34.0,14.0,1.0,,,,,
1686,N3,R_SIM,P_nat,logistic,HP,3.0,2.0,inner,False,paired,35.0,13.0,1.0,,,,,
1687,N3,R_SIM,P_nat,logistic,HP,3.0,,final,False,paired,48.0,0.0,1.0,,,,,
1688,N3,R_SIM,P_nat,logistic,HB,3.0,0.0,inner,False,paired,34.0,14.0,1.0,,,,,
1689,N3,R_SIM,P_nat,logistic,HB,3.0,1.0,inner,False,paired,34.0,14.0,1.0,,,,,
1690,N3,R_SIM,P_nat,logistic,HB,3.0,2.0,inner,False,paired,35.0,13.0,1.0,,,,,
1691,N3,R_SIM,P_nat,logistic,HB,3.0,,final,False,paired,48.0,0.0,1.0,,,,,
1692,N3,R_SIM,P_nat,logistic,HBP,3.0,0.0,inner,False,paired,34.0,14.0,1.0,,,,,
1693,N3,R_SIM,P_nat,logistic,HBP,3.0,1.0,inner,False,paired,34.0,14.0,1.0,,,,,
1694,N3,R_SIM,P_nat,logistic,HBP,3.0,2.0,inner,False,paired,35.0,13.0,1.0,,,,,
1695,N3,R_SIM,P_nat,logistic,HBP,3.0,,final,False,paired,48.0,0.0,1.0,,,,,
1696,N3,R_SIM,P_nat,logistic,Hnoise,3.0,0.0,inner,False,paired,34.0,14.0,1.0,,,,,
1697,N3,R_SIM,P_nat,logistic,Hnoise,3.0,1.0,inner,False,paired,34.0,14.0,1.0,,,,,
1698,N3,R_SIM,P_nat,logistic,Hnoise,3.0,2.0,inner,False,paired,35.0,13.0,1.0,,,,,
1699,N3,R_SIM,P_nat,logistic,Hnoise,3.0,,final,False,paired,48.0,0.0,1.0,,,,,
1700,N3,R_SIM,P_nat,mlp32,H,3.0,0.0,inner,True,paired,34.0,14.0,,0.001,,,,
1701,N3,R_SIM,P_nat,mlp32,H,3.0,1.0,inner,True,paired,34.0,14.0,,0.001,,,,
1702,N3,R_SIM,P_nat,mlp32,H,3.0,2.0,inner,True,paired,35.0,13.0,,0.001,,,,
1703,N3,R_SIM,P_nat,mlp32,H,3.0,,final,True,paired,48.0,0.0,,0.001,,,,
1704,N3,R_SIM,P_nat,mlp32,HP,3.0,0.0,inner,True,paired,34.0,14.0,,0.001,,,,
1705,N3,R_SIM,P_nat,mlp32,HP,3.0,1.0,inner,True,paired,34.0,14.0,,0.001,,,,
1706,N3,R_SIM,P_nat,mlp32,HP,3.0,2.0,inner,True,paired,35.0,13.0,,0.001,,,,
1707,N3,R_SIM,P_nat,mlp32,HP,3.0,,final,True,paired,48.0,0.0,,0.001,,,,
1708,N3,R_SIM,P_nat,mlp32,HB,3.0,0.0,inner,True,paired,34.0,14.0,,0.001,,,,
1709,N3,R_SIM,P_nat,mlp32,HB,3.0,1.0,inner,True,paired,34.0,14.0,,0.001,,,,
1710,N3,R_SIM,P_nat,mlp32,HB,3.0,2.0,inner,True,paired,35.0,13.0,,0.001,,,,
1711,N3,R_SIM,P_nat,mlp32,HB,3.0,,final,True,paired,48.0,0.0,,0.001,,,,
1712,N3,R_SIM,P_nat,mlp32,HBP,3.0,0.0,inner,True,paired,34.0,14.0,,0.001,,,,
1713,N3,R_SIM,P_nat,mlp32,HBP,3.0,1.0,inner,True,paired,34.0,14.0,,0.001,,,,
1714,N3,R_SIM,P_nat,mlp32,HBP,3.0,2.0,inner,True,paired,35.0,13.0,,0.001,,,,
1715,N3,R_SIM,P_nat,mlp32,HBP,3.0,,final,True,paired,48.0,0.0,,0.001,,,,
1716,N3,R_SIM,P_nat,mlp32,Hnoise,3.0,0.0,inner,True,paired,34.0,14.0,,0.001,,,,
1717,N3,R_SIM,P_nat,mlp32,Hnoise,3.0,1.0,inner,True,paired,34.0,14.0,,0.001,,,,
1718,N3,R_SIM,P_nat,mlp32,Hnoise,3.0,2.0,inner,True,paired,35.0,13.0,,0.001,,,,
1719,N3,R_SIM,P_nat,mlp32,Hnoise,3.0,,final,True,paired,48.0,0.0,,0.001,,,,
1720,N3,R_SIM,P_bal,logistic,H,3.0,0.0,inner,False,paired,34.0,14.0,1.0,,,,,
1721,N3,R_SIM,P_bal,logistic,H,3.0,1.0,inner,False,paired,34.0,14.0,1.0,,,,,
1722,N3,R_SIM,P_bal,logistic,H,3.0,2.0,inner,False,paired,35.0,13.0,1.0,,,,,
1723,N3,R_SIM,P_bal,logistic,H,3.0,,final,False,paired,48.0,0.0,1.0,,,,,
1724,N3,R_SIM,P_bal,logistic,HP,3.0,0.0,inner,False,paired,34.0,14.0,1.0,,,,,
1725,N3,R_SIM,P_bal,logistic,HP,3.0,1.0,inner,False,paired,34.0,14.0,1.0,,,,,
1726,N3,R_SIM,P_bal,logistic,HP,3.0,2.0,inner,False,paired,35.0,13.0,1.0,,,,,
1727,N3,R_SIM,P_bal,logistic,HP,3.0,,final,False,paired,48.0,0.0,1.0,,,,,
1728,N3,R_SIM,P_bal,logistic,HB,3.0,0.0,inner,False,paired,34.0,14.0,1.0,,,,,
1729,N3,R_SIM,P_bal,logistic,HB,3.0,1.0,inner,False,paired,34.0,14.0,1.0,,,,,
1730,N3,R_SIM,P_bal,logistic,HB,3.0,2.0,inner,False,paired,35.0,13.0,1.0,,,,,
1731,N3,R_SIM,P_bal,logistic,HB,3.0,,final,False,paired,48.0,0.0,1.0,,,,,
1732,N3,R_SIM,P_bal,logistic,HBP,3.0,0.0,inner,False,paired,34.0,14.0,1.0,,,,,
1733,N3,R_SIM,P_bal,logistic,HBP,3.0,1.0,inner,False,paired,34.0,14.0,1.0,,,,,
1734,N3,R_SIM,P_bal,logistic,HBP,3.0,2.0,inner,False,paired,35.0,13.0,1.0,,,,,
1735,N3,R_SIM,P_bal,logistic,HBP,3.0,,final,False,paired,48.0,0.0,1.0,,,,,
1736,N3,R_SIM,P_bal,logistic,Hnoise,3.0,0.0,inner,False,paired,34.0,14.0,1.0,,,,,
1737,N3,R_SIM,P_bal,logistic,Hnoise,3.0,1.0,inner,False,paired,34.0,14.0,1.0,,,,,
1738,N3,R_SIM,P_bal,logistic,Hnoise,3.0,2.0,inner,False,paired,35.0,13.0,1.0,,,,,
1739,N3,R_SIM,P_bal,logistic,Hnoise,3.0,,final,False,paired,48.0,0.0,1.0,,,,,
1740,N3,R_SIM,P_bal,mlp32,H,3.0,0.0,inner,True,paired,34.0,14.0,,0.001,,,,
1741,N3,R_SIM,P_bal,mlp32,H,3.0,1.0,inner,True,paired,34.0,14.0,,0.001,,,,
1742,N3,R_SIM,P_bal,mlp32,H,3.0,2.0,inner,True,paired,35.0,13.0,,0.001,,,,
1743,N3,R_SIM,P_bal,mlp32,H,3.0,,final,True,paired,48.0,0.0,,0.001,,,,
1744,N3,R_SIM,P_bal,mlp32,HP,3.0,0.0,inner,True,paired,34.0,14.0,,0.001,,,,
1745,N3,R_SIM,P_bal,mlp32,HP,3.0,1.0,inner,True,paired,34.0,14.0,,0.001,,,,
1746,N3,R_SIM,P_bal,mlp32,HP,3.0,2.0,inner,True,paired,35.0,13.0,,0.001,,,,
1747,N3,R_SIM,P_bal,mlp32,HP,3.0,,final,True,paired,48.0,0.0,,0.001,,,,
1748,N3,R_SIM,P_bal,mlp32,HB,3.0,0.0,inner,True,paired,34.0,14.0,,0.001,,,,
1749,N3,R_SIM,P_bal,mlp32,HB,3.0,1.0,inner,True,paired,34.0,14.0,,0.001,,,,
1750,N3,R_SIM,P_bal,mlp32,HB,3.0,2.0,inner,True,paired,35.0,13.0,,0.001,,,,
1751,N3,R_SIM,P_bal,mlp32,HB,3.0,,final,True,paired,48.0,0.0,,0.001,,,,
1752,N3,R_SIM,P_bal,mlp32,HBP,3.0,0.0,inner,True,paired,34.0,14.0,,0.001,,,,
1753,N3,R_SIM,P_bal,mlp32,HBP,3.0,1.0,inner,True,paired,34.0,14.0,,0.001,,,,
1754,N3,R_SIM,P_bal,mlp32,HBP,3.0,2.0,inner,True,paired,35.0,13.0,,0.001,,,,
1755,N3,R_SIM,P_bal,mlp32,HBP,3.0,,final,True,paired,48.0,0.0,,0.001,,,,
1756,N3,R_SIM,P_bal,mlp32,Hnoise,3.0,0.0,inner,True,paired,34.0,14.0,,0.001,,,,
1757,N3,R_SIM,P_bal,mlp32,Hnoise,3.0,1.0,inner,True,paired,34.0,14.0,,0.001,,,,
1758,N3,R_SIM,P_bal,mlp32,Hnoise,3.0,2.0,inner,True,paired,35.0,13.0,,0.001,,,,
1759,N3,R_SIM,P_bal,mlp32,Hnoise,3.0,,final,True,paired,48.0,0.0,,0.001,,,,
1760,N3,R_SIM,P_nat,logistic,H,4.0,0.0,inner,False,paired,34.0,14.0,1.0,,,,,
1761,N3,R_SIM,P_nat,logistic,H,4.0,1.0,inner,False,paired,34.0,14.0,1.0,,,,,
1762,N3,R_SIM,P_nat,logistic,H,4.0,2.0,inner,False,paired,35.0,13.0,1.0,,,,,
1763,N3,R_SIM,P_nat,logistic,H,4.0,,final,False,paired,48.0,0.0,1.0,,,,,
1764,N3,R_SIM,P_nat,logistic,HP,4.0,0.0,inner,False,paired,34.0,14.0,1.0,,,,,
1765,N3,R_SIM,P_nat,logistic,HP,4.0,1.0,inner,False,paired,34.0,14.0,1.0,,,,,
1766,N3,R_SIM,P_nat,logistic,HP,4.0,2.0,inner,False,paired,35.0,13.0,1.0,,,,,
1767,N3,R_SIM,P_nat,logistic,HP,4.0,,final,False,paired,48.0,0.0,1.0,,,,,
1768,N3,R_SIM,P_nat,logistic,HB,4.0,0.0,inner,False,paired,34.0,14.0,1.0,,,,,
1769,N3,R_SIM,P_nat,logistic,HB,4.0,1.0,inner,False,paired,34.0,14.0,1.0,,,,,
1770,N3,R_SIM,P_nat,logistic,HB,4.0,2.0,inner,False,paired,35.0,13.0,1.0,,,,,
1771,N3,R_SIM,P_nat,logistic,HB,4.0,,final,False,paired,48.0,0.0,1.0,,,,,
1772,N3,R_SIM,P_nat,logistic,HBP,4.0,0.0,inner,False,paired,34.0,14.0,1.0,,,,,
1773,N3,R_SIM,P_nat,logistic,HBP,4.0,1.0,inner,False,paired,34.0,14.0,1.0,,,,,
1774,N3,R_SIM,P_nat,logistic,HBP,4.0,2.0,inner,False,paired,35.0,13.0,1.0,,,,,
1775,N3,R_SIM,P_nat,logistic,HBP,4.0,,final,False,paired,48.0,0.0,1.0,,,,,
1776,N3,R_SIM,P_nat,logistic,Hnoise,4.0,0.0,inner,False,paired,34.0,14.0,1.0,,,,,
1777,N3,R_SIM,P_nat,logistic,Hnoise,4.0,1.0,inner,False,paired,34.0,14.0,1.0,,,,,
1778,N3,R_SIM,P_nat,logistic,Hnoise,4.0,2.0,inner,False,paired,35.0,13.0,1.0,,,,,
1779,N3,R_SIM,P_nat,logistic,Hnoise,4.0,,final,False,paired,48.0,0.0,1.0,,,,,
1780,N3,R_SIM,P_nat,mlp32,H,4.0,0.0,inner,True,paired,34.0,14.0,,0.001,,,,
1781,N3,R_SIM,P_nat,mlp32,H,4.0,1.0,inner,True,paired,34.0,14.0,,0.001,,,,
1782,N3,R_SIM,P_nat,mlp32,H,4.0,2.0,inner,True,paired,35.0,13.0,,0.001,,,,
1783,N3,R_SIM,P_nat,mlp32,H,4.0,,final,True,paired,48.0,0.0,,0.001,,,,
1784,N3,R_SIM,P_nat,mlp32,HP,4.0,0.0,inner,True,paired,34.0,14.0,,0.001,,,,
1785,N3,R_SIM,P_nat,mlp32,HP,4.0,1.0,inner,True,paired,34.0,14.0,,0.001,,,,
1786,N3,R_SIM,P_nat,mlp32,HP,4.0,2.0,inner,True,paired,35.0,13.0,,0.001,,,,
1787,N3,R_SIM,P_nat,mlp32,HP,4.0,,final,True,paired,48.0,0.0,,0.001,,,,
1788,N3,R_SIM,P_nat,mlp32,HB,4.0,0.0,inner,True,paired,34.0,14.0,,0.001,,,,
1789,N3,R_SIM,P_nat,mlp32,HB,4.0,1.0,inner,True,paired,34.0,14.0,,0.001,,,,
1790,N3,R_SIM,P_nat,mlp32,HB,4.0,2.0,inner,True,paired,35.0,13.0,,0.001,,,,
1791,N3,R_SIM,P_nat,mlp32,HB,4.0,,final,True,paired,48.0,0.0,,0.001,,,,
1792,N3,R_SIM,P_nat,mlp32,HBP,4.0,0.0,inner,True,paired,34.0,14.0,,0.001,,,,
1793,N3,R_SIM,P_nat,mlp32,HBP,4.0,1.0,inner,True,paired,34.0,14.0,,0.001,,,,
1794,N3,R_SIM,P_nat,mlp32,HBP,4.0,2.0,inner,True,paired,35.0,13.0,,0.001,,,,
1795,N3,R_SIM,P_nat,mlp32,HBP,4.0,,final,True,paired,48.0,0.0,,0.001,,,,
1796,N3,R_SIM,P_nat,mlp32,Hnoise,4.0,0.0,inner,True,paired,34.0,14.0,,0.001,,,,
1797,N3,R_SIM,P_nat,mlp32,Hnoise,4.0,1.0,inner,True,paired,34.0,14.0,,0.001,,,,
1798,N3,R_SIM,P_nat,mlp32,Hnoise,4.0,2.0,inner,True,paired,35.0,13.0,,0.001,,,,
1799,N3,R_SIM,P_nat,mlp32,Hnoise,4.0,,final,True,paired,48.0,0.0,,0.001,,,,
1800,N3,R_SIM,P_bal,logistic,H,4.0,0.0,inner,False,paired,34.0,14.0,1.0,,,,,
1801,N3,R_SIM,P_bal,logistic,H,4.0,1.0,inner,False,paired,34.0,14.0,1.0,,,,,
1802,N3,R_SIM,P_bal,logistic,H,4.0,2.0,inner,False,paired,35.0,13.0,1.0,,,,,
1803,N3,R_SIM,P_bal,logistic,H,4.0,,final,False,paired,48.0,0.0,1.0,,,,,
1804,N3,R_SIM,P_bal,logistic,HP,4.0,0.0,inner,False,paired,34.0,14.0,1.0,,,,,
1805,N3,R_SIM,P_bal,logistic,HP,4.0,1.0,inner,False,paired,34.0,14.0,1.0,,,,,
1806,N3,R_SIM,P_bal,logistic,HP,4.0,2.0,inner,False,paired,35.0,13.0,1.0,,,,,
1807,N3,R_SIM,P_bal,logistic,HP,4.0,,final,False,paired,48.0,0.0,1.0,,,,,
1808,N3,R_SIM,P_bal,logistic,HB,4.0,0.0,inner,False,paired,34.0,14.0,1.0,,,,,
1809,N3,R_SIM,P_bal,logistic,HB,4.0,1.0,inner,False,paired,34.0,14.0,1.0,,,,,
1810,N3,R_SIM,P_bal,logistic,HB,4.0,2.0,inner,False,paired,35.0,13.0,1.0,,,,,
1811,N3,R_SIM,P_bal,logistic,HB,4.0,,final,False,paired,48.0,0.0,1.0,,,,,
1812,N3,R_SIM,P_bal,logistic,HBP,4.0,0.0,inner,False,paired,34.0,14.0,1.0,,,,,
1813,N3,R_SIM,P_bal,logistic,HBP,4.0,1.0,inner,False,paired,34.0,14.0,1.0,,,,,
1814,N3,R_SIM,P_bal,logistic,HBP,4.0,2.0,inner,False,paired,35.0,13.0,1.0,,,,,
1815,N3,R_SIM,P_bal,logistic,HBP,4.0,,final,False,paired,48.0,0.0,1.0,,,,,
1816,N3,R_SIM,P_bal,logistic,Hnoise,4.0,0.0,inner,False,paired,34.0,14.0,1.0,,,,,
1817,N3,R_SIM,P_bal,logistic,Hnoise,4.0,1.0,inner,False,paired,34.0,14.0,1.0,,,,,
1818,N3,R_SIM,P_bal,logistic,Hnoise,4.0,2.0,inner,False,paired,35.0,13.0,1.0,,,,,
1819,N3,R_SIM,P_bal,logistic,Hnoise,4.0,,final,False,paired,48.0,0.0,1.0,,,,,
1820,N3,R_SIM,P_bal,mlp32,H,4.0,0.0,inner,True,paired,34.0,14.0,,0.001,,,,
1821,N3,R_SIM,P_bal,mlp32,H,4.0,1.0,inner,True,paired,34.0,14.0,,0.001,,,,
1822,N3,R_SIM,P_bal,mlp32,H,4.0,2.0,inner,True,paired,35.0,13.0,,0.001,,,,
1823,N3,R_SIM,P_bal,mlp32,H,4.0,,final,True,paired,48.0,0.0,,0.001,,,,
1824,N3,R_SIM,P_bal,mlp32,HP,4.0,0.0,inner,True,paired,34.0,14.0,,0.001,,,,
1825,N3,R_SIM,P_bal,mlp32,HP,4.0,1.0,inner,True,paired,34.0,14.0,,0.001,,,,
1826,N3,R_SIM,P_bal,mlp32,HP,4.0,2.0,inner,True,paired,35.0,13.0,,0.001,,,,
1827,N3,R_SIM,P_bal,mlp32,HP,4.0,,final,True,paired,48.0,0.0,,0.001,,,,
1828,N3,R_SIM,P_bal,mlp32,HB,4.0,0.0,inner,True,paired,34.0,14.0,,0.001,,,,
1829,N3,R_SIM,P_bal,mlp32,HB,4.0,1.0,inner,True,paired,34.0,14.0,,0.001,,,,
1830,N3,R_SIM,P_bal,mlp32,HB,4.0,2.0,inner,True,paired,35.0,13.0,,0.001,,,,
1831,N3,R_SIM,P_bal,mlp32,HB,4.0,,final,True,paired,48.0,0.0,,0.001,,,,
1832,N3,R_SIM,P_bal,mlp32,HBP,4.0,0.0,inner,True,paired,34.0,14.0,,0.001,,,,
1833,N3,R_SIM,P_bal,mlp32,HBP,4.0,1.0,inner,True,paired,34.0,14.0,,0.001,,,,
1834,N3,R_SIM,P_bal,mlp32,HBP,4.0,2.0,inner,True,paired,35.0,13.0,,0.001,,,,
1835,N3,R_SIM,P_bal,mlp32,HBP,4.0,,final,True,paired,48.0,0.0,,0.001,,,,
1836,N3,R_SIM,P_bal,mlp32,Hnoise,4.0,0.0,inner,True,paired,34.0,14.0,,0.001,,,,
1837,N3,R_SIM,P_bal,mlp32,Hnoise,4.0,1.0,inner,True,paired,34.0,14.0,,0.001,,,,
1838,N3,R_SIM,P_bal,mlp32,Hnoise,4.0,2.0,inner,True,paired,35.0,13.0,,0.001,,,,
1839,N3,R_SIM,P_bal,mlp32,Hnoise,4.0,,final,True,paired,48.0,0.0,,0.001,,,,
1840,N3,L0,P_nat,logistic,H,0.0,0.0,inner,False,paired,34.0,14.0,1.0,,,,,
1841,N3,L0,P_nat,logistic,H,0.0,1.0,inner,False,paired,35.0,13.0,1.0,,,,,
1842,N3,L0,P_nat,logistic,H,0.0,2.0,inner,False,paired,35.0,13.0,1.0,,,,,
1843,N3,L0,P_nat,logistic,H,0.0,,final,False,paired,48.0,0.0,1.0,,,,,
1844,N3,L0,P_nat,logistic,HP,0.0,0.0,inner,False,paired,34.0,14.0,1.0,,,,,
1845,N3,L0,P_nat,logistic,HP,0.0,1.0,inner,False,paired,35.0,13.0,1.0,,,,,
1846,N3,L0,P_nat,logistic,HP,0.0,2.0,inner,False,paired,35.0,13.0,1.0,,,,,
1847,N3,L0,P_nat,logistic,HP,0.0,,final,False,paired,48.0,0.0,1.0,,,,,
1848,N3,L0,P_nat,logistic,HB,0.0,0.0,inner,False,paired,34.0,14.0,1.0,,,,,
1849,N3,L0,P_nat,logistic,HB,0.0,1.0,inner,False,paired,35.0,13.0,1.0,,,,,
1850,N3,L0,P_nat,logistic,HB,0.0,2.0,inner,False,paired,35.0,13.0,1.0,,,,,
1851,N3,L0,P_nat,logistic,HB,0.0,,final,False,paired,48.0,0.0,1.0,,,,,
1852,N3,L0,P_nat,logistic,HBP,0.0,0.0,inner,False,paired,34.0,14.0,1.0,,,,,
1853,N3,L0,P_nat,logistic,HBP,0.0,1.0,inner,False,paired,35.0,13.0,1.0,,,,,
1854,N3,L0,P_nat,logistic,HBP,0.0,2.0,inner,False,paired,35.0,13.0,1.0,,,,,
1855,N3,L0,P_nat,logistic,HBP,0.0,,final,False,paired,48.0,0.0,1.0,,,,,
1856,N3,L0,P_nat,logistic,Hnoise,0.0,0.0,inner,False,paired,34.0,14.0,1.0,,,,,
1857,N3,L0,P_nat,logistic,Hnoise,0.0,1.0,inner,False,paired,35.0,13.0,1.0,,,,,
1858,N3,L0,P_nat,logistic,Hnoise,0.0,2.0,inner,False,paired,35.0,13.0,1.0,,,,,
1859,N3,L0,P_nat,logistic,Hnoise,0.0,,final,False,paired,48.0,0.0,1.0,,,,,
1860,N3,L0,P_bal,logistic,H,0.0,0.0,inner,False,paired,34.0,14.0,1.0,,,,,
1861,N3,L0,P_bal,logistic,H,0.0,1.0,inner,False,paired,35.0,13.0,1.0,,,,,
1862,N3,L0,P_bal,logistic,H,0.0,2.0,inner,False,paired,35.0,13.0,1.0,,,,,
1863,N3,L0,P_bal,logistic,H,0.0,,final,False,paired,48.0,0.0,1.0,,,,,
1864,N3,L0,P_bal,logistic,HP,0.0,0.0,inner,False,paired,34.0,14.0,1.0,,,,,
1865,N3,L0,P_bal,logistic,HP,0.0,1.0,inner,False,paired,35.0,13.0,1.0,,,,,
1866,N3,L0,P_bal,logistic,HP,0.0,2.0,inner,False,paired,35.0,13.0,1.0,,,,,
1867,N3,L0,P_bal,logistic,HP,0.0,,final,False,paired,48.0,0.0,1.0,,,,,
1868,N3,L0,P_bal,logistic,HB,0.0,0.0,inner,False,paired,34.0,14.0,1.0,,,,,
1869,N3,L0,P_bal,logistic,HB,0.0,1.0,inner,False,paired,35.0,13.0,1.0,,,,,
1870,N3,L0,P_bal,logistic,HB,0.0,2.0,inner,False,paired,35.0,13.0,1.0,,,,,
1871,N3,L0,P_bal,logistic,HB,0.0,,final,False,paired,48.0,0.0,1.0,,,,,
1872,N3,L0,P_bal,logistic,HBP,0.0,0.0,inner,False,paired,34.0,14.0,1.0,,,,,
1873,N3,L0,P_bal,logistic,HBP,0.0,1.0,inner,False,paired,35.0,13.0,1.0,,,,,
1874,N3,L0,P_bal,logistic,HBP,0.0,2.0,inner,False,paired,35.0,13.0,1.0,,,,,
1875,N3,L0,P_bal,logistic,HBP,0.0,,final,False,paired,48.0,0.0,1.0,,,,,
1876,N3,L0,P_bal,logistic,Hnoise,0.0,0.0,inner,False,paired,34.0,14.0,1.0,,,,,
1877,N3,L0,P_bal,logistic,Hnoise,0.0,1.0,inner,False,paired,35.0,13.0,1.0,,,,,
1878,N3,L0,P_bal,logistic,Hnoise,0.0,2.0,inner,False,paired,35.0,13.0,1.0,,,,,
1879,N3,L0,P_bal,logistic,Hnoise,0.0,,final,False,paired,48.0,0.0,1.0,,,,,
1880,N3,L0,P_nat,logistic,H,1.0,0.0,inner,False,paired,34.0,14.0,1.0,,,,,
1881,N3,L0,P_nat,logistic,H,1.0,1.0,inner,False,paired,34.0,14.0,1.0,,,,,
1882,N3,L0,P_nat,logistic,H,1.0,2.0,inner,False,paired,35.0,13.0,1.0,,,,,
1883,N3,L0,P_nat,logistic,H,1.0,,final,False,paired,48.0,0.0,1.0,,,,,
1884,N3,L0,P_nat,logistic,HP,1.0,0.0,inner,False,paired,34.0,14.0,1.0,,,,,
1885,N3,L0,P_nat,logistic,HP,1.0,1.0,inner,False,paired,34.0,14.0,1.0,,,,,
1886,N3,L0,P_nat,logistic,HP,1.0,2.0,inner,False,paired,35.0,13.0,1.0,,,,,
1887,N3,L0,P_nat,logistic,HP,1.0,,final,False,paired,48.0,0.0,1.0,,,,,
1888,N3,L0,P_nat,logistic,HB,1.0,0.0,inner,False,paired,34.0,14.0,1.0,,,,,
1889,N3,L0,P_nat,logistic,HB,1.0,1.0,inner,False,paired,34.0,14.0,1.0,,,,,
1890,N3,L0,P_nat,logistic,HB,1.0,2.0,inner,False,paired,35.0,13.0,1.0,,,,,
1891,N3,L0,P_nat,logistic,HB,1.0,,final,False,paired,48.0,0.0,1.0,,,,,
1892,N3,L0,P_nat,logistic,HBP,1.0,0.0,inner,False,paired,34.0,14.0,1.0,,,,,
1893,N3,L0,P_nat,logistic,HBP,1.0,1.0,inner,False,paired,34.0,14.0,1.0,,,,,
1894,N3,L0,P_nat,logistic,HBP,1.0,2.0,inner,False,paired,35.0,13.0,1.0,,,,,
1895,N3,L0,P_nat,logistic,HBP,1.0,,final,False,paired,48.0,0.0,1.0,,,,,
1896,N3,L0,P_nat,logistic,Hnoise,1.0,0.0,inner,False,paired,34.0,14.0,1.0,,,,,
1897,N3,L0,P_nat,logistic,Hnoise,1.0,1.0,inner,False,paired,34.0,14.0,1.0,,,,,
1898,N3,L0,P_nat,logistic,Hnoise,1.0,2.0,inner,False,paired,35.0,13.0,1.0,,,,,
1899,N3,L0,P_nat,logistic,Hnoise,1.0,,final,False,paired,48.0,0.0,1.0,,,,,
1900,N3,L0,P_bal,logistic,H,1.0,0.0,inner,False,paired,34.0,14.0,1.0,,,,,
1901,N3,L0,P_bal,logistic,H,1.0,1.0,inner,False,paired,34.0,14.0,1.0,,,,,
1902,N3,L0,P_bal,logistic,H,1.0,2.0,inner,False,paired,35.0,13.0,1.0,,,,,
1903,N3,L0,P_bal,logistic,H,1.0,,final,False,paired,48.0,0.0,1.0,,,,,
1904,N3,L0,P_bal,logistic,HP,1.0,0.0,inner,False,paired,34.0,14.0,1.0,,,,,
1905,N3,L0,P_bal,logistic,HP,1.0,1.0,inner,False,paired,34.0,14.0,1.0,,,,,
1906,N3,L0,P_bal,logistic,HP,1.0,2.0,inner,False,paired,35.0,13.0,1.0,,,,,
1907,N3,L0,P_bal,logistic,HP,1.0,,final,False,paired,48.0,0.0,1.0,,,,,
1908,N3,L0,P_bal,logistic,HB,1.0,0.0,inner,False,paired,34.0,14.0,1.0,,,,,
1909,N3,L0,P_bal,logistic,HB,1.0,1.0,inner,False,paired,34.0,14.0,1.0,,,,,
1910,N3,L0,P_bal,logistic,HB,1.0,2.0,inner,False,paired,35.0,13.0,1.0,,,,,
1911,N3,L0,P_bal,logistic,HB,1.0,,final,False,paired,48.0,0.0,1.0,,,,,
1912,N3,L0,P_bal,logistic,HBP,1.0,0.0,inner,False,paired,34.0,14.0,1.0,,,,,
1913,N3,L0,P_bal,logistic,HBP,1.0,1.0,inner,False,paired,34.0,14.0,1.0,,,,,
1914,N3,L0,P_bal,logistic,HBP,1.0,2.0,inner,False,paired,35.0,13.0,1.0,,,,,
1915,N3,L0,P_bal,logistic,HBP,1.0,,final,False,paired,48.0,0.0,1.0,,,,,
1916,N3,L0,P_bal,logistic,Hnoise,1.0,0.0,inner,False,paired,34.0,14.0,1.0,,,,,
1917,N3,L0,P_bal,logistic,Hnoise,1.0,1.0,inner,False,paired,34.0,14.0,1.0,,,,,
1918,N3,L0,P_bal,logistic,Hnoise,1.0,2.0,inner,False,paired,35.0,13.0,1.0,,,,,
1919,N3,L0,P_bal,logistic,Hnoise,1.0,,final,False,paired,48.0,0.0,1.0,,,,,
1920,N3,L0,P_nat,logistic,H,2.0,0.0,inner,False,paired,34.0,14.0,1.0,,,,,
1921,N3,L0,P_nat,logistic,H,2.0,1.0,inner,False,paired,34.0,14.0,1.0,,,,,
1922,N3,L0,P_nat,logistic,H,2.0,2.0,inner,False,paired,35.0,13.0,1.0,,,,,
1923,N3,L0,P_nat,logistic,H,2.0,,final,False,paired,48.0,0.0,1.0,,,,,
1924,N3,L0,P_nat,logistic,HP,2.0,0.0,inner,False,paired,34.0,14.0,1.0,,,,,
1925,N3,L0,P_nat,logistic,HP,2.0,1.0,inner,False,paired,34.0,14.0,1.0,,,,,
1926,N3,L0,P_nat,logistic,HP,2.0,2.0,inner,False,paired,35.0,13.0,1.0,,,,,
1927,N3,L0,P_nat,logistic,HP,2.0,,final,False,paired,48.0,0.0,1.0,,,,,
1928,N3,L0,P_nat,logistic,HB,2.0,0.0,inner,False,paired,34.0,14.0,1.0,,,,,
1929,N3,L0,P_nat,logistic,HB,2.0,1.0,inner,False,paired,34.0,14.0,1.0,,,,,
1930,N3,L0,P_nat,logistic,HB,2.0,2.0,inner,False,paired,35.0,13.0,1.0,,,,,
1931,N3,L0,P_nat,logistic,HB,2.0,,final,False,paired,48.0,0.0,1.0,,,,,
1932,N3,L0,P_nat,logistic,HBP,2.0,0.0,inner,False,paired,34.0,14.0,1.0,,,,,
1933,N3,L0,P_nat,logistic,HBP,2.0,1.0,inner,False,paired,34.0,14.0,1.0,,,,,
1934,N3,L0,P_nat,logistic,HBP,2.0,2.0,inner,False,paired,35.0,13.0,1.0,,,,,
1935,N3,L0,P_nat,logistic,HBP,2.0,,final,False,paired,48.0,0.0,1.0,,,,,
1936,N3,L0,P_nat,logistic,Hnoise,2.0,0.0,inner,False,paired,34.0,14.0,1.0,,,,,
1937,N3,L0,P_nat,logistic,Hnoise,2.0,1.0,inner,False,paired,34.0,14.0,1.0,,,,,
1938,N3,L0,P_nat,logistic,Hnoise,2.0,2.0,inner,False,paired,35.0,13.0,1.0,,,,,
1939,N3,L0,P_nat,logistic,Hnoise,2.0,,final,False,paired,48.0,0.0,1.0,,,,,
1940,N3,L0,P_bal,logistic,H,2.0,0.0,inner,False,paired,34.0,14.0,1.0,,,,,
1941,N3,L0,P_bal,logistic,H,2.0,1.0,inner,False,paired,34.0,14.0,1.0,,,,,
1942,N3,L0,P_bal,logistic,H,2.0,2.0,inner,False,paired,35.0,13.0,1.0,,,,,
1943,N3,L0,P_bal,logistic,H,2.0,,final,False,paired,48.0,0.0,1.0,,,,,
1944,N3,L0,P_bal,logistic,HP,2.0,0.0,inner,False,paired,34.0,14.0,1.0,,,,,
1945,N3,L0,P_bal,logistic,HP,2.0,1.0,inner,False,paired,34.0,14.0,1.0,,,,,
1946,N3,L0,P_bal,logistic,HP,2.0,2.0,inner,False,paired,35.0,13.0,1.0,,,,,
1947,N3,L0,P_bal,logistic,HP,2.0,,final,False,paired,48.0,0.0,1.0,,,,,
1948,N3,L0,P_bal,logistic,HB,2.0,0.0,inner,False,paired,34.0,14.0,1.0,,,,,
1949,N3,L0,P_bal,logistic,HB,2.0,1.0,inner,False,paired,34.0,14.0,1.0,,,,,
1950,N3,L0,P_bal,logistic,HB,2.0,2.0,inner,False,paired,35.0,13.0,1.0,,,,,
1951,N3,L0,P_bal,logistic,HB,2.0,,final,False,paired,48.0,0.0,1.0,,,,,
1952,N3,L0,P_bal,logistic,HBP,2.0,0.0,inner,False,paired,34.0,14.0,1.0,,,,,
1953,N3,L0,P_bal,logistic,HBP,2.0,1.0,inner,False,paired,34.0,14.0,1.0,,,,,
1954,N3,L0,P_bal,logistic,HBP,2.0,2.0,inner,False,paired,35.0,13.0,1.0,,,,,
1955,N3,L0,P_bal,logistic,HBP,2.0,,final,False,paired,48.0,0.0,1.0,,,,,
1956,N3,L0,P_bal,logistic,Hnoise,2.0,0.0,inner,False,paired,34.0,14.0,1.0,,,,,
1957,N3,L0,P_bal,logistic,Hnoise,2.0,1.0,inner,False,paired,34.0,14.0,1.0,,,,,
1958,N3,L0,P_bal,logistic,Hnoise,2.0,2.0,inner,False,paired,35.0,13.0,1.0,,,,,
1959,N3,L0,P_bal,logistic,Hnoise,2.0,,final,False,paired,48.0,0.0,1.0,,,,,
1960,N3,L0,P_nat,logistic,H,3.0,0.0,inner,False,paired,34.0,14.0,1.0,,,,,
1961,N3,L0,P_nat,logistic,H,3.0,1.0,inner,False,paired,34.0,14.0,1.0,,,,,
1962,N3,L0,P_nat,logistic,H,3.0,2.0,inner,False,paired,35.0,13.0,1.0,,,,,
1963,N3,L0,P_nat,logistic,H,3.0,,final,False,paired,48.0,0.0,1.0,,,,,
1964,N3,L0,P_nat,logistic,HP,3.0,0.0,inner,False,paired,34.0,14.0,1.0,,,,,
1965,N3,L0,P_nat,logistic,HP,3.0,1.0,inner,False,paired,34.0,14.0,1.0,,,,,
1966,N3,L0,P_nat,logistic,HP,3.0,2.0,inner,False,paired,35.0,13.0,1.0,,,,,
1967,N3,L0,P_nat,logistic,HP,3.0,,final,False,paired,48.0,0.0,1.0,,,,,
1968,N3,L0,P_nat,logistic,HB,3.0,0.0,inner,False,paired,34.0,14.0,1.0,,,,,
1969,N3,L0,P_nat,logistic,HB,3.0,1.0,inner,False,paired,34.0,14.0,1.0,,,,,
1970,N3,L0,P_nat,logistic,HB,3.0,2.0,inner,False,paired,35.0,13.0,1.0,,,,,
1971,N3,L0,P_nat,logistic,HB,3.0,,final,False,paired,48.0,0.0,1.0,,,,,
1972,N3,L0,P_nat,logistic,HBP,3.0,0.0,inner,False,paired,34.0,14.0,1.0,,,,,
1973,N3,L0,P_nat,logistic,HBP,3.0,1.0,inner,False,paired,34.0,14.0,1.0,,,,,
1974,N3,L0,P_nat,logistic,HBP,3.0,2.0,inner,False,paired,35.0,13.0,1.0,,,,,
1975,N3,L0,P_nat,logistic,HBP,3.0,,final,False,paired,48.0,0.0,1.0,,,,,
1976,N3,L0,P_nat,logistic,Hnoise,3.0,0.0,inner,False,paired,34.0,14.0,1.0,,,,,
1977,N3,L0,P_nat,logistic,Hnoise,3.0,1.0,inner,False,paired,34.0,14.0,1.0,,,,,
1978,N3,L0,P_nat,logistic,Hnoise,3.0,2.0,inner,False,paired,35.0,13.0,1.0,,,,,
1979,N3,L0,P_nat,logistic,Hnoise,3.0,,final,False,paired,48.0,0.0,1.0,,,,,
1980,N3,L0,P_bal,logistic,H,3.0,0.0,inner,False,paired,34.0,14.0,1.0,,,,,
1981,N3,L0,P_bal,logistic,H,3.0,1.0,inner,False,paired,34.0,14.0,1.0,,,,,
1982,N3,L0,P_bal,logistic,H,3.0,2.0,inner,False,paired,35.0,13.0,1.0,,,,,
1983,N3,L0,P_bal,logistic,H,3.0,,final,False,paired,48.0,0.0,1.0,,,,,
1984,N3,L0,P_bal,logistic,HP,3.0,0.0,inner,False,paired,34.0,14.0,1.0,,,,,
1985,N3,L0,P_bal,logistic,HP,3.0,1.0,inner,False,paired,34.0,14.0,1.0,,,,,
1986,N3,L0,P_bal,logistic,HP,3.0,2.0,inner,False,paired,35.0,13.0,1.0,,,,,
1987,N3,L0,P_bal,logistic,HP,3.0,,final,False,paired,48.0,0.0,1.0,,,,,
1988,N3,L0,P_bal,logistic,HB,3.0,0.0,inner,False,paired,34.0,14.0,1.0,,,,,
1989,N3,L0,P_bal,logistic,HB,3.0,1.0,inner,False,paired,34.0,14.0,1.0,,,,,
1990,N3,L0,P_bal,logistic,HB,3.0,2.0,inner,False,paired,35.0,13.0,1.0,,,,,
1991,N3,L0,P_bal,logistic,HB,3.0,,final,False,paired,48.0,0.0,1.0,,,,,
1992,N3,L0,P_bal,logistic,HBP,3.0,0.0,inner,False,paired,34.0,14.0,1.0,,,,,
1993,N3,L0,P_bal,logistic,HBP,3.0,1.0,inner,False,paired,34.0,14.0,1.0,,,,,
1994,N3,L0,P_bal,logistic,HBP,3.0,2.0,inner,False,paired,35.0,13.0,1.0,,,,,
1995,N3,L0,P_bal,logistic,HBP,3.0,,final,False,paired,48.0,0.0,1.0,,,,,
1996,N3,L0,P_bal,logistic,Hnoise,3.0,0.0,inner,False,paired,34.0,14.0,1.0,,,,,
1997,N3,L0,P_bal,logistic,Hnoise,3.0,1.0,inner,False,paired,34.0,14.0,1.0,,,,,
1998,N3,L0,P_bal,logistic,Hnoise,3.0,2.0,inner,False,paired,35.0,13.0,1.0,,,,,
1999,N3,L0,P_bal,logistic,Hnoise,3.0,,final,False,paired,48.0,0.0,1.0,,,,,
2000,N3,L0,P_nat,logistic,H,4.0,0.0,inner,False,paired,34.0,14.0,1.0,,,,,
2001,N3,L0,P_nat,logistic,H,4.0,1.0,inner,False,paired,34.0,14.0,1.0,,,,,
2002,N3,L0,P_nat,logistic,H,4.0,2.0,inner,False,paired,35.0,13.0,1.0,,,,,
2003,N3,L0,P_nat,logistic,H,4.0,,final,False,paired,48.0,0.0,1.0,,,,,
2004,N3,L0,P_nat,logistic,HP,4.0,0.0,inner,False,paired,34.0,14.0,1.0,,,,,
2005,N3,L0,P_nat,logistic,HP,4.0,1.0,inner,False,paired,34.0,14.0,1.0,,,,,
2006,N3,L0,P_nat,logistic,HP,4.0,2.0,inner,False,paired,35.0,13.0,1.0,,,,,
2007,N3,L0,P_nat,logistic,HP,4.0,,final,False,paired,48.0,0.0,1.0,,,,,
2008,N3,L0,P_nat,logistic,HB,4.0,0.0,inner,False,paired,34.0,14.0,1.0,,,,,
2009,N3,L0,P_nat,logistic,HB,4.0,1.0,inner,False,paired,34.0,14.0,1.0,,,,,
2010,N3,L0,P_nat,logistic,HB,4.0,2.0,inner,False,paired,35.0,13.0,1.0,,,,,
2011,N3,L0,P_nat,logistic,HB,4.0,,final,False,paired,48.0,0.0,1.0,,,,,
2012,N3,L0,P_nat,logistic,HBP,4.0,0.0,inner,False,paired,34.0,14.0,1.0,,,,,
2013,N3,L0,P_nat,logistic,HBP,4.0,1.0,inner,False,paired,34.0,14.0,1.0,,,,,
2014,N3,L0,P_nat,logistic,HBP,4.0,2.0,inner,False,paired,35.0,13.0,1.0,,,,,
2015,N3,L0,P_nat,logistic,HBP,4.0,,final,False,paired,48.0,0.0,1.0,,,,,
2016,N3,L0,P_nat,logistic,Hnoise,4.0,0.0,inner,False,paired,34.0,14.0,1.0,,,,,
2017,N3,L0,P_nat,logistic,Hnoise,4.0,1.0,inner,False,paired,34.0,14.0,1.0,,,,,
2018,N3,L0,P_nat,logistic,Hnoise,4.0,2.0,inner,False,paired,35.0,13.0,1.0,,,,,
2019,N3,L0,P_nat,logistic,Hnoise,4.0,,final,False,paired,48.0,0.0,1.0,,,,,
2020,N3,L0,P_bal,logistic,H,4.0,0.0,inner,False,paired,34.0,14.0,1.0,,,,,
2021,N3,L0,P_bal,logistic,H,4.0,1.0,inner,False,paired,34.0,14.0,1.0,,,,,
2022,N3,L0,P_bal,logistic,H,4.0,2.0,inner,False,paired,35.0,13.0,1.0,,,,,
2023,N3,L0,P_bal,logistic,H,4.0,,final,False,paired,48.0,0.0,1.0,,,,,
2024,N3,L0,P_bal,logistic,HP,4.0,0.0,inner,False,paired,34.0,14.0,1.0,,,,,
2025,N3,L0,P_bal,logistic,HP,4.0,1.0,inner,False,paired,34.0,14.0,1.0,,,,,
2026,N3,L0,P_bal,logistic,HP,4.0,2.0,inner,False,paired,35.0,13.0,1.0,,,,,
2027,N3,L0,P_bal,logistic,HP,4.0,,final,False,paired,48.0,0.0,1.0,,,,,
2028,N3,L0,P_bal,logistic,HB,4.0,0.0,inner,False,paired,34.0,14.0,1.0,,,,,
2029,N3,L0,P_bal,logistic,HB,4.0,1.0,inner,False,paired,34.0,14.0,1.0,,,,,
2030,N3,L0,P_bal,logistic,HB,4.0,2.0,inner,False,paired,35.0,13.0,1.0,,,,,
2031,N3,L0,P_bal,logistic,HB,4.0,,final,False,paired,48.0,0.0,1.0,,,,,
2032,N3,L0,P_bal,logistic,HBP,4.0,0.0,inner,False,paired,34.0,14.0,1.0,,,,,
2033,N3,L0,P_bal,logistic,HBP,4.0,1.0,inner,False,paired,34.0,14.0,1.0,,,,,
2034,N3,L0,P_bal,logistic,HBP,4.0,2.0,inner,False,paired,35.0,13.0,1.0,,,,,
2035,N3,L0,P_bal,logistic,HBP,4.0,,final,False,paired,48.0,0.0,1.0,,,,,
2036,N3,L0,P_bal,logistic,Hnoise,4.0,0.0,inner,False,paired,34.0,14.0,1.0,,,,,
2037,N3,L0,P_bal,logistic,Hnoise,4.0,1.0,inner,False,paired,34.0,14.0,1.0,,,,,
2038,N3,L0,P_bal,logistic,Hnoise,4.0,2.0,inner,False,paired,35.0,13.0,1.0,,,,,
2039,N3,L0,P_bal,logistic,Hnoise,4.0,,final,False,paired,48.0,0.0,1.0,,,,,
2040,N1,R_SIM,P_nat,mlp32,HPB_training_child_donor,0.0,0.0,inner,True,paired,,,,0.001,,,,
2041,N1,R_SIM,P_nat,mlp32,HPB_training_child_donor,0.0,1.0,inner,True,paired,,,,0.001,,,,
2042,N1,R_SIM,P_nat,mlp32,HPB_training_child_donor,0.0,2.0,inner,True,paired,,,,0.001,,,,
2043,N1,R_SIM,P_nat,mlp32,HPB_training_child_donor,0.0,,final,True,paired,,,,0.001,,,,
2044,N1,R_SIM,P_nat,mlp32,HPB_training_child_donor,1.0,0.0,inner,True,paired,,,,0.001,,,,
2045,N1,R_SIM,P_nat,mlp32,HPB_training_child_donor,1.0,1.0,inner,True,paired,,,,0.001,,,,
2046,N1,R_SIM,P_nat,mlp32,HPB_training_child_donor,1.0,2.0,inner,True,paired,,,,0.001,,,,
2047,N1,R_SIM,P_nat,mlp32,HPB_training_child_donor,1.0,,final,True,paired,,,,0.001,,,,
2048,N1,R_SIM,P_nat,mlp32,HPB_training_child_donor,2.0,0.0,inner,True,paired,,,,0.001,,,,
2049,N1,R_SIM,P_nat,mlp32,HPB_training_child_donor,2.0,1.0,inner,True,paired,,,,0.001,,,,
2050,N1,R_SIM,P_nat,mlp32,HPB_training_child_donor,2.0,2.0,inner,True,paired,,,,0.001,,,,
2051,N1,R_SIM,P_nat,mlp32,HPB_training_child_donor,2.0,,final,True,paired,,,,0.001,,,,
2052,N1,R_SIM,P_nat,mlp32,HPB_training_child_donor,3.0,0.0,inner,True,paired,,,,0.001,,,,
2053,N1,R_SIM,P_nat,mlp32,HPB_training_child_donor,3.0,1.0,inner,True,paired,,,,0.001,,,,
2054,N1,R_SIM,P_nat,mlp32,HPB_training_child_donor,3.0,2.0,inner,True,paired,,,,0.001,,,,
2055,N1,R_SIM,P_nat,mlp32,HPB_training_child_donor,3.0,,final,True,paired,,,,0.001,,,,
2056,N1,R_SIM,P_nat,mlp32,HPB_training_child_donor,4.0,0.0,inner,True,paired,,,,0.001,,,,
2057,N1,R_SIM,P_nat,mlp32,HPB_training_child_donor,4.0,1.0,inner,True,paired,,,,0.001,,,,
2058,N1,R_SIM,P_nat,mlp32,HPB_training_child_donor,4.0,2.0,inner,True,paired,,,,0.001,,,,
2059,N1,R_SIM,P_nat,mlp32,HPB_training_child_donor,4.0,,final,True,paired,,,,0.001,,,,
2060,C2_R,R_SIM,P_bal,logistic,L,0.0,0.0,inner,False,,,,,,0.01,,,
2061,C2_R,R_SIM,P_bal,logistic,L,0.0,0.0,inner,False,,,,,,0.1,,,
2062,C2_R,R_SIM,P_bal,logistic,L,0.0,0.0,inner,False,,,,,,1.0,,,
2063,C2_R,R_SIM,P_bal,logistic,L,0.0,0.0,inner,False,,,,,,10.0,,,
2064,C2_R,R_SIM,P_bal,logistic,L,0.0,1.0,inner,False,,,,,,0.01,,,
2065,C2_R,R_SIM,P_bal,logistic,L,0.0,1.0,inner,False,,,,,,0.1,,,
2066,C2_R,R_SIM,P_bal,logistic,L,0.0,1.0,inner,False,,,,,,1.0,,,
2067,C2_R,R_SIM,P_bal,logistic,L,0.0,1.0,inner,False,,,,,,10.0,,,
2068,C2_R,R_SIM,P_bal,logistic,L,0.0,2.0,inner,False,,,,,,0.01,,,
2069,C2_R,R_SIM,P_bal,logistic,L,0.0,2.0,inner,False,,,,,,0.1,,,
2070,C2_R,R_SIM,P_bal,logistic,L,0.0,2.0,inner,False,,,,,,1.0,,,
2071,C2_R,R_SIM,P_bal,logistic,L,0.0,2.0,inner,False,,,,,,10.0,,,
2072,C2_R,R_SIM,P_bal,logistic,L,0.0,,final_selected_C,False,,,,,,,,,
2073,C2_R,R_SIM,P_bal,logistic,R,0.0,0.0,inner,False,,,,,,0.01,,,
2074,C2_R,R_SIM,P_bal,logistic,R,0.0,0.0,inner,False,,,,,,0.1,,,
2075,C2_R,R_SIM,P_bal,logistic,R,0.0,0.0,inner,False,,,,,,1.0,,,
2076,C2_R,R_SIM,P_bal,logistic,R,0.0,0.0,inner,False,,,,,,10.0,,,
2077,C2_R,R_SIM,P_bal,logistic,R,0.0,1.0,inner,False,,,,,,0.01,,,
2078,C2_R,R_SIM,P_bal,logistic,R,0.0,1.0,inner,False,,,,,,0.1,,,
2079,C2_R,R_SIM,P_bal,logistic,R,0.0,1.0,inner,False,,,,,,1.0,,,
2080,C2_R,R_SIM,P_bal,logistic,R,0.0,1.0,inner,False,,,,,,10.0,,,
2081,C2_R,R_SIM,P_bal,logistic,R,0.0,2.0,inner,False,,,,,,0.01,,,
2082,C2_R,R_SIM,P_bal,logistic,R,0.0,2.0,inner,False,,,,,,0.1,,,
2083,C2_R,R_SIM,P_bal,logistic,R,0.0,2.0,inner,False,,,,,,1.0,,,
2084,C2_R,R_SIM,P_bal,logistic,R,0.0,2.0,inner,False,,,,,,10.0,,,
2085,C2_R,R_SIM,P_bal,logistic,R,0.0,,final_selected_C,False,,,,,,,,,
2086,C2_R,R_SIM,P_bal,logistic,LR,0.0,0.0,inner,False,,,,,,0.01,,,
2087,C2_R,R_SIM,P_bal,logistic,LR,0.0,0.0,inner,False,,,,,,0.1,,,
2088,C2_R,R_SIM,P_bal,logistic,LR,0.0,0.0,inner,False,,,,,,1.0,,,
2089,C2_R,R_SIM,P_bal,logistic,LR,0.0,0.0,inner,False,,,,,,10.0,,,
2090,C2_R,R_SIM,P_bal,logistic,LR,0.0,1.0,inner,False,,,,,,0.01,,,
2091,C2_R,R_SIM,P_bal,logistic,LR,0.0,1.0,inner,False,,,,,,0.1,,,
2092,C2_R,R_SIM,P_bal,logistic,LR,0.0,1.0,inner,False,,,,,,1.0,,,
2093,C2_R,R_SIM,P_bal,logistic,LR,0.0,1.0,inner,False,,,,,,10.0,,,
2094,C2_R,R_SIM,P_bal,logistic,LR,0.0,2.0,inner,False,,,,,,0.01,,,
2095,C2_R,R_SIM,P_bal,logistic,LR,0.0,2.0,inner,False,,,,,,0.1,,,
2096,C2_R,R_SIM,P_bal,logistic,LR,0.0,2.0,inner,False,,,,,,1.0,,,
2097,C2_R,R_SIM,P_bal,logistic,LR,0.0,2.0,inner,False,,,,,,10.0,,,
2098,C2_R,R_SIM,P_bal,logistic,LR,0.0,,final_selected_C,False,,,,,,,,,
2099,C2_R,R_SIM,P_bal,logistic,LL,0.0,0.0,inner,False,,,,,,0.01,,,
2100,C2_R,R_SIM,P_bal,logistic,LL,0.0,0.0,inner,False,,,,,,0.1,,,
2101,C2_R,R_SIM,P_bal,logistic,LL,0.0,0.0,inner,False,,,,,,1.0,,,
2102,C2_R,R_SIM,P_bal,logistic,LL,0.0,0.0,inner,False,,,,,,10.0,,,
2103,C2_R,R_SIM,P_bal,logistic,LL,0.0,1.0,inner,False,,,,,,0.01,,,
2104,C2_R,R_SIM,P_bal,logistic,LL,0.0,1.0,inner,False,,,,,,0.1,,,
2105,C2_R,R_SIM,P_bal,logistic,LL,0.0,1.0,inner,False,,,,,,1.0,,,
2106,C2_R,R_SIM,P_bal,logistic,LL,0.0,1.0,inner,False,,,,,,10.0,,,
2107,C2_R,R_SIM,P_bal,logistic,LL,0.0,2.0,inner,False,,,,,,0.01,,,
2108,C2_R,R_SIM,P_bal,logistic,LL,0.0,2.0,inner,False,,,,,,0.1,,,
2109,C2_R,R_SIM,P_bal,logistic,LL,0.0,2.0,inner,False,,,,,,1.0,,,
2110,C2_R,R_SIM,P_bal,logistic,LL,0.0,2.0,inner,False,,,,,,10.0,,,
2111,C2_R,R_SIM,P_bal,logistic,LL,0.0,,final_selected_C,False,,,,,,,,,
2112,C2_R,R_SIM,P_bal,logistic,RR,0.0,0.0,inner,False,,,,,,0.01,,,
2113,C2_R,R_SIM,P_bal,logistic,RR,0.0,0.0,inner,False,,,,,,0.1,,,
2114,C2_R,R_SIM,P_bal,logistic,RR,0.0,0.0,inner,False,,,,,,1.0,,,
2115,C2_R,R_SIM,P_bal,logistic,RR,0.0,0.0,inner,False,,,,,,10.0,,,
2116,C2_R,R_SIM,P_bal,logistic,RR,0.0,1.0,inner,False,,,,,,0.01,,,
2117,C2_R,R_SIM,P_bal,logistic,RR,0.0,1.0,inner,False,,,,,,0.1,,,
2118,C2_R,R_SIM,P_bal,logistic,RR,0.0,1.0,inner,False,,,,,,1.0,,,
2119,C2_R,R_SIM,P_bal,logistic,RR,0.0,1.0,inner,False,,,,,,10.0,,,
2120,C2_R,R_SIM,P_bal,logistic,RR,0.0,2.0,inner,False,,,,,,0.01,,,
2121,C2_R,R_SIM,P_bal,logistic,RR,0.0,2.0,inner,False,,,,,,0.1,,,
2122,C2_R,R_SIM,P_bal,logistic,RR,0.0,2.0,inner,False,,,,,,1.0,,,
2123,C2_R,R_SIM,P_bal,logistic,RR,0.0,2.0,inner,False,,,,,,10.0,,,
2124,C2_R,R_SIM,P_bal,logistic,RR,0.0,,final_selected_C,False,,,,,,,,,
2125,C2_R,R_SIM,P_bal,mlp32,L,0.0,0.0,inner,True,,,,,,0.01,,,
2126,C2_R,R_SIM,P_bal,mlp32,L,0.0,0.0,inner,True,,,,,,0.1,,,
2127,C2_R,R_SIM,P_bal,mlp32,L,0.0,0.0,inner,True,,,,,,1.0,,,
2128,C2_R,R_SIM,P_bal,mlp32,L,0.0,0.0,inner,True,,,,,,10.0,,,
2129,C2_R,R_SIM,P_bal,mlp32,L,0.0,1.0,inner,True,,,,,,0.01,,,
2130,C2_R,R_SIM,P_bal,mlp32,L,0.0,1.0,inner,True,,,,,,0.1,,,
2131,C2_R,R_SIM,P_bal,mlp32,L,0.0,1.0,inner,True,,,,,,1.0,,,
2132,C2_R,R_SIM,P_bal,mlp32,L,0.0,1.0,inner,True,,,,,,10.0,,,
2133,C2_R,R_SIM,P_bal,mlp32,L,0.0,2.0,inner,True,,,,,,0.01,,,
2134,C2_R,R_SIM,P_bal,mlp32,L,0.0,2.0,inner,True,,,,,,0.1,,,
2135,C2_R,R_SIM,P_bal,mlp32,L,0.0,2.0,inner,True,,,,,,1.0,,,
2136,C2_R,R_SIM,P_bal,mlp32,L,0.0,2.0,inner,True,,,,,,10.0,,,
2137,C2_R,R_SIM,P_bal,mlp32,L,0.0,,final_all_alpha,True,,,,,,0.01,,,
2138,C2_R,R_SIM,P_bal,mlp32,L,0.0,,final_all_alpha,True,,,,,,0.1,,,
2139,C2_R,R_SIM,P_bal,mlp32,L,0.0,,final_all_alpha,True,,,,,,1.0,,,
2140,C2_R,R_SIM,P_bal,mlp32,L,0.0,,final_all_alpha,True,,,,,,10.0,,,
2141,C2_R,R_SIM,P_bal,mlp32,R,0.0,0.0,inner,True,,,,,,0.01,,,
2142,C2_R,R_SIM,P_bal,mlp32,R,0.0,0.0,inner,True,,,,,,0.1,,,
2143,C2_R,R_SIM,P_bal,mlp32,R,0.0,0.0,inner,True,,,,,,1.0,,,
2144,C2_R,R_SIM,P_bal,mlp32,R,0.0,0.0,inner,True,,,,,,10.0,,,
2145,C2_R,R_SIM,P_bal,mlp32,R,0.0,1.0,inner,True,,,,,,0.01,,,
2146,C2_R,R_SIM,P_bal,mlp32,R,0.0,1.0,inner,True,,,,,,0.1,,,
2147,C2_R,R_SIM,P_bal,mlp32,R,0.0,1.0,inner,True,,,,,,1.0,,,
2148,C2_R,R_SIM,P_bal,mlp32,R,0.0,1.0,inner,True,,,,,,10.0,,,
2149,C2_R,R_SIM,P_bal,mlp32,R,0.0,2.0,inner,True,,,,,,0.01,,,
2150,C2_R,R_SIM,P_bal,mlp32,R,0.0,2.0,inner,True,,,,,,0.1,,,
2151,C2_R,R_SIM,P_bal,mlp32,R,0.0,2.0,inner,True,,,,,,1.0,,,
2152,C2_R,R_SIM,P_bal,mlp32,R,0.0,2.0,inner,True,,,,,,10.0,,,
2153,C2_R,R_SIM,P_bal,mlp32,R,0.0,,final_all_alpha,True,,,,,,0.01,,,
2154,C2_R,R_SIM,P_bal,mlp32,R,0.0,,final_all_alpha,True,,,,,,0.1,,,
2155,C2_R,R_SIM,P_bal,mlp32,R,0.0,,final_all_alpha,True,,,,,,1.0,,,
2156,C2_R,R_SIM,P_bal,mlp32,R,0.0,,final_all_alpha,True,,,,,,10.0,,,
2157,C2_R,R_SIM,P_bal,mlp32,LR,0.0,0.0,inner,True,,,,,,0.01,,,
2158,C2_R,R_SIM,P_bal,mlp32,LR,0.0,0.0,inner,True,,,,,,0.1,,,
2159,C2_R,R_SIM,P_bal,mlp32,LR,0.0,0.0,inner,True,,,,,,1.0,,,
2160,C2_R,R_SIM,P_bal,mlp32,LR,0.0,0.0,inner,True,,,,,,10.0,,,
2161,C2_R,R_SIM,P_bal,mlp32,LR,0.0,1.0,inner,True,,,,,,0.01,,,
2162,C2_R,R_SIM,P_bal,mlp32,LR,0.0,1.0,inner,True,,,,,,0.1,,,
2163,C2_R,R_SIM,P_bal,mlp32,LR,0.0,1.0,inner,True,,,,,,1.0,,,
2164,C2_R,R_SIM,P_bal,mlp32,LR,0.0,1.0,inner,True,,,,,,10.0,,,
2165,C2_R,R_SIM,P_bal,mlp32,LR,0.0,2.0,inner,True,,,,,,0.01,,,
2166,C2_R,R_SIM,P_bal,mlp32,LR,0.0,2.0,inner,True,,,,,,0.1,,,
2167,C2_R,R_SIM,P_bal,mlp32,LR,0.0,2.0,inner,True,,,,,,1.0,,,
2168,C2_R,R_SIM,P_bal,mlp32,LR,0.0,2.0,inner,True,,,,,,10.0,,,
2169,C2_R,R_SIM,P_bal,mlp32,LR,0.0,,final_all_alpha,True,,,,,,0.01,,,
2170,C2_R,R_SIM,P_bal,mlp32,LR,0.0,,final_all_alpha,True,,,,,,0.1,,,
2171,C2_R,R_SIM,P_bal,mlp32,LR,0.0,,final_all_alpha,True,,,,,,1.0,,,
2172,C2_R,R_SIM,P_bal,mlp32,LR,0.0,,final_all_alpha,True,,,,,,10.0,,,
2173,C2_R,R_SIM,P_bal,mlp32,LL,0.0,0.0,inner,True,,,,,,0.01,,,
2174,C2_R,R_SIM,P_bal,mlp32,LL,0.0,0.0,inner,True,,,,,,0.1,,,
2175,C2_R,R_SIM,P_bal,mlp32,LL,0.0,0.0,inner,True,,,,,,1.0,,,
2176,C2_R,R_SIM,P_bal,mlp32,LL,0.0,0.0,inner,True,,,,,,10.0,,,
2177,C2_R,R_SIM,P_bal,mlp32,LL,0.0,1.0,inner,True,,,,,,0.01,,,
2178,C2_R,R_SIM,P_bal,mlp32,LL,0.0,1.0,inner,True,,,,,,0.1,,,
2179,C2_R,R_SIM,P_bal,mlp32,LL,0.0,1.0,inner,True,,,,,,1.0,,,
2180,C2_R,R_SIM,P_bal,mlp32,LL,0.0,1.0,inner,True,,,,,,10.0,,,
2181,C2_R,R_SIM,P_bal,mlp32,LL,0.0,2.0,inner,True,,,,,,0.01,,,
2182,C2_R,R_SIM,P_bal,mlp32,LL,0.0,2.0,inner,True,,,,,,0.1,,,
2183,C2_R,R_SIM,P_bal,mlp32,LL,0.0,2.0,inner,True,,,,,,1.0,,,
2184,C2_R,R_SIM,P_bal,mlp32,LL,0.0,2.0,inner,True,,,,,,10.0,,,
2185,C2_R,R_SIM,P_bal,mlp32,LL,0.0,,final_all_alpha,True,,,,,,0.01,,,
2186,C2_R,R_SIM,P_bal,mlp32,LL,0.0,,final_all_alpha,True,,,,,,0.1,,,
2187,C2_R,R_SIM,P_bal,mlp32,LL,0.0,,final_all_alpha,True,,,,,,1.0,,,
2188,C2_R,R_SIM,P_bal,mlp32,LL,0.0,,final_all_alpha,True,,,,,,10.0,,,
2189,C2_R,R_SIM,P_bal,mlp32,RR,0.0,0.0,inner,True,,,,,,0.01,,,
2190,C2_R,R_SIM,P_bal,mlp32,RR,0.0,0.0,inner,True,,,,,,0.1,,,
2191,C2_R,R_SIM,P_bal,mlp32,RR,0.0,0.0,inner,True,,,,,,1.0,,,
2192,C2_R,R_SIM,P_bal,mlp32,RR,0.0,0.0,inner,True,,,,,,10.0,,,
2193,C2_R,R_SIM,P_bal,mlp32,RR,0.0,1.0,inner,True,,,,,,0.01,,,
2194,C2_R,R_SIM,P_bal,mlp32,RR,0.0,1.0,inner,True,,,,,,0.1,,,
2195,C2_R,R_SIM,P_bal,mlp32,RR,0.0,1.0,inner,True,,,,,,1.0,,,
2196,C2_R,R_SIM,P_bal,mlp32,RR,0.0,1.0,inner,True,,,,,,10.0,,,
2197,C2_R,R_SIM,P_bal,mlp32,RR,0.0,2.0,inner,True,,,,,,0.01,,,
2198,C2_R,R_SIM,P_bal,mlp32,RR,0.0,2.0,inner,True,,,,,,0.1,,,
2199,C2_R,R_SIM,P_bal,mlp32,RR,0.0,2.0,inner,True,,,,,,1.0,,,
2200,C2_R,R_SIM,P_bal,mlp32,RR,0.0,2.0,inner,True,,,,,,10.0,,,
2201,C2_R,R_SIM,P_bal,mlp32,RR,0.0,,final_all_alpha,True,,,,,,0.01,,,
2202,C2_R,R_SIM,P_bal,mlp32,RR,0.0,,final_all_alpha,True,,,,,,0.1,,,
2203,C2_R,R_SIM,P_bal,mlp32,RR,0.0,,final_all_alpha,True,,,,,,1.0,,,
2204,C2_R,R_SIM,P_bal,mlp32,RR,0.0,,final_all_alpha,True,,,,,,10.0,,,
2205,C2_R,R_SIM,P_bal,mlp64,L,0.0,0.0,inner,True,,,,,,0.01,,,
2206,C2_R,R_SIM,P_bal,mlp64,L,0.0,0.0,inner,True,,,,,,0.1,,,
2207,C2_R,R_SIM,P_bal,mlp64,L,0.0,0.0,inner,True,,,,,,1.0,,,
2208,C2_R,R_SIM,P_bal,mlp64,L,0.0,0.0,inner,True,,,,,,10.0,,,
2209,C2_R,R_SIM,P_bal,mlp64,L,0.0,1.0,inner,True,,,,,,0.01,,,
2210,C2_R,R_SIM,P_bal,mlp64,L,0.0,1.0,inner,True,,,,,,0.1,,,
2211,C2_R,R_SIM,P_bal,mlp64,L,0.0,1.0,inner,True,,,,,,1.0,,,
2212,C2_R,R_SIM,P_bal,mlp64,L,0.0,1.0,inner,True,,,,,,10.0,,,
2213,C2_R,R_SIM,P_bal,mlp64,L,0.0,2.0,inner,True,,,,,,0.01,,,
2214,C2_R,R_SIM,P_bal,mlp64,L,0.0,2.0,inner,True,,,,,,0.1,,,
2215,C2_R,R_SIM,P_bal,mlp64,L,0.0,2.0,inner,True,,,,,,1.0,,,
2216,C2_R,R_SIM,P_bal,mlp64,L,0.0,2.0,inner,True,,,,,,10.0,,,
2217,C2_R,R_SIM,P_bal,mlp64,L,0.0,,final_all_alpha,True,,,,,,0.01,,,
2218,C2_R,R_SIM,P_bal,mlp64,L,0.0,,final_all_alpha,True,,,,,,0.1,,,
2219,C2_R,R_SIM,P_bal,mlp64,L,0.0,,final_all_alpha,True,,,,,,1.0,,,
2220,C2_R,R_SIM,P_bal,mlp64,L,0.0,,final_all_alpha,True,,,,,,10.0,,,
2221,C2_R,R_SIM,P_bal,mlp64,R,0.0,0.0,inner,True,,,,,,0.01,,,
2222,C2_R,R_SIM,P_bal,mlp64,R,0.0,0.0,inner,True,,,,,,0.1,,,
2223,C2_R,R_SIM,P_bal,mlp64,R,0.0,0.0,inner,True,,,,,,1.0,,,
2224,C2_R,R_SIM,P_bal,mlp64,R,0.0,0.0,inner,True,,,,,,10.0,,,
2225,C2_R,R_SIM,P_bal,mlp64,R,0.0,1.0,inner,True,,,,,,0.01,,,
2226,C2_R,R_SIM,P_bal,mlp64,R,0.0,1.0,inner,True,,,,,,0.1,,,
2227,C2_R,R_SIM,P_bal,mlp64,R,0.0,1.0,inner,True,,,,,,1.0,,,
2228,C2_R,R_SIM,P_bal,mlp64,R,0.0,1.0,inner,True,,,,,,10.0,,,
2229,C2_R,R_SIM,P_bal,mlp64,R,0.0,2.0,inner,True,,,,,,0.01,,,
2230,C2_R,R_SIM,P_bal,mlp64,R,0.0,2.0,inner,True,,,,,,0.1,,,
2231,C2_R,R_SIM,P_bal,mlp64,R,0.0,2.0,inner,True,,,,,,1.0,,,
2232,C2_R,R_SIM,P_bal,mlp64,R,0.0,2.0,inner,True,,,,,,10.0,,,
2233,C2_R,R_SIM,P_bal,mlp64,R,0.0,,final_all_alpha,True,,,,,,0.01,,,
2234,C2_R,R_SIM,P_bal,mlp64,R,0.0,,final_all_alpha,True,,,,,,0.1,,,
2235,C2_R,R_SIM,P_bal,mlp64,R,0.0,,final_all_alpha,True,,,,,,1.0,,,
2236,C2_R,R_SIM,P_bal,mlp64,R,0.0,,final_all_alpha,True,,,,,,10.0,,,
2237,C2_R,R_SIM,P_bal,logistic,L,1.0,0.0,inner,False,,,,,,0.01,,,
2238,C2_R,R_SIM,P_bal,logistic,L,1.0,0.0,inner,False,,,,,,0.1,,,
2239,C2_R,R_SIM,P_bal,logistic,L,1.0,0.0,inner,False,,,,,,1.0,,,
2240,C2_R,R_SIM,P_bal,logistic,L,1.0,0.0,inner,False,,,,,,10.0,,,
2241,C2_R,R_SIM,P_bal,logistic,L,1.0,1.0,inner,False,,,,,,0.01,,,
2242,C2_R,R_SIM,P_bal,logistic,L,1.0,1.0,inner,False,,,,,,0.1,,,
2243,C2_R,R_SIM,P_bal,logistic,L,1.0,1.0,inner,False,,,,,,1.0,,,
2244,C2_R,R_SIM,P_bal,logistic,L,1.0,1.0,inner,False,,,,,,10.0,,,
2245,C2_R,R_SIM,P_bal,logistic,L,1.0,2.0,inner,False,,,,,,0.01,,,
2246,C2_R,R_SIM,P_bal,logistic,L,1.0,2.0,inner,False,,,,,,0.1,,,
2247,C2_R,R_SIM,P_bal,logistic,L,1.0,2.0,inner,False,,,,,,1.0,,,
2248,C2_R,R_SIM,P_bal,logistic,L,1.0,2.0,inner,False,,,,,,10.0,,,
2249,C2_R,R_SIM,P_bal,logistic,L,1.0,,final_selected_C,False,,,,,,,,,
2250,C2_R,R_SIM,P_bal,logistic,R,1.0,0.0,inner,False,,,,,,0.01,,,
2251,C2_R,R_SIM,P_bal,logistic,R,1.0,0.0,inner,False,,,,,,0.1,,,
2252,C2_R,R_SIM,P_bal,logistic,R,1.0,0.0,inner,False,,,,,,1.0,,,
2253,C2_R,R_SIM,P_bal,logistic,R,1.0,0.0,inner,False,,,,,,10.0,,,
2254,C2_R,R_SIM,P_bal,logistic,R,1.0,1.0,inner,False,,,,,,0.01,,,
2255,C2_R,R_SIM,P_bal,logistic,R,1.0,1.0,inner,False,,,,,,0.1,,,
2256,C2_R,R_SIM,P_bal,logistic,R,1.0,1.0,inner,False,,,,,,1.0,,,
2257,C2_R,R_SIM,P_bal,logistic,R,1.0,1.0,inner,False,,,,,,10.0,,,
2258,C2_R,R_SIM,P_bal,logistic,R,1.0,2.0,inner,False,,,,,,0.01,,,
2259,C2_R,R_SIM,P_bal,logistic,R,1.0,2.0,inner,False,,,,,,0.1,,,
2260,C2_R,R_SIM,P_bal,logistic,R,1.0,2.0,inner,False,,,,,,1.0,,,
2261,C2_R,R_SIM,P_bal,logistic,R,1.0,2.0,inner,False,,,,,,10.0,,,
2262,C2_R,R_SIM,P_bal,logistic,R,1.0,,final_selected_C,False,,,,,,,,,
2263,C2_R,R_SIM,P_bal,logistic,LR,1.0,0.0,inner,False,,,,,,0.01,,,
2264,C2_R,R_SIM,P_bal,logistic,LR,1.0,0.0,inner,False,,,,,,0.1,,,
2265,C2_R,R_SIM,P_bal,logistic,LR,1.0,0.0,inner,False,,,,,,1.0,,,
2266,C2_R,R_SIM,P_bal,logistic,LR,1.0,0.0,inner,False,,,,,,10.0,,,
2267,C2_R,R_SIM,P_bal,logistic,LR,1.0,1.0,inner,False,,,,,,0.01,,,
2268,C2_R,R_SIM,P_bal,logistic,LR,1.0,1.0,inner,False,,,,,,0.1,,,
2269,C2_R,R_SIM,P_bal,logistic,LR,1.0,1.0,inner,False,,,,,,1.0,,,
2270,C2_R,R_SIM,P_bal,logistic,LR,1.0,1.0,inner,False,,,,,,10.0,,,
2271,C2_R,R_SIM,P_bal,logistic,LR,1.0,2.0,inner,False,,,,,,0.01,,,
2272,C2_R,R_SIM,P_bal,logistic,LR,1.0,2.0,inner,False,,,,,,0.1,,,
2273,C2_R,R_SIM,P_bal,logistic,LR,1.0,2.0,inner,False,,,,,,1.0,,,
2274,C2_R,R_SIM,P_bal,logistic,LR,1.0,2.0,inner,False,,,,,,10.0,,,
2275,C2_R,R_SIM,P_bal,logistic,LR,1.0,,final_selected_C,False,,,,,,,,,
2276,C2_R,R_SIM,P_bal,logistic,LL,1.0,0.0,inner,False,,,,,,0.01,,,
2277,C2_R,R_SIM,P_bal,logistic,LL,1.0,0.0,inner,False,,,,,,0.1,,,
2278,C2_R,R_SIM,P_bal,logistic,LL,1.0,0.0,inner,False,,,,,,1.0,,,
2279,C2_R,R_SIM,P_bal,logistic,LL,1.0,0.0,inner,False,,,,,,10.0,,,
2280,C2_R,R_SIM,P_bal,logistic,LL,1.0,1.0,inner,False,,,,,,0.01,,,
2281,C2_R,R_SIM,P_bal,logistic,LL,1.0,1.0,inner,False,,,,,,0.1,,,
2282,C2_R,R_SIM,P_bal,logistic,LL,1.0,1.0,inner,False,,,,,,1.0,,,
2283,C2_R,R_SIM,P_bal,logistic,LL,1.0,1.0,inner,False,,,,,,10.0,,,
2284,C2_R,R_SIM,P_bal,logistic,LL,1.0,2.0,inner,False,,,,,,0.01,,,
2285,C2_R,R_SIM,P_bal,logistic,LL,1.0,2.0,inner,False,,,,,,0.1,,,
2286,C2_R,R_SIM,P_bal,logistic,LL,1.0,2.0,inner,False,,,,,,1.0,,,
2287,C2_R,R_SIM,P_bal,logistic,LL,1.0,2.0,inner,False,,,,,,10.0,,,
2288,C2_R,R_SIM,P_bal,logistic,LL,1.0,,final_selected_C,False,,,,,,,,,
2289,C2_R,R_SIM,P_bal,logistic,RR,1.0,0.0,inner,False,,,,,,0.01,,,
2290,C2_R,R_SIM,P_bal,logistic,RR,1.0,0.0,inner,False,,,,,,0.1,,,
2291,C2_R,R_SIM,P_bal,logistic,RR,1.0,0.0,inner,False,,,,,,1.0,,,
2292,C2_R,R_SIM,P_bal,logistic,RR,1.0,0.0,inner,False,,,,,,10.0,,,
2293,C2_R,R_SIM,P_bal,logistic,RR,1.0,1.0,inner,False,,,,,,0.01,,,
2294,C2_R,R_SIM,P_bal,logistic,RR,1.0,1.0,inner,False,,,,,,0.1,,,
2295,C2_R,R_SIM,P_bal,logistic,RR,1.0,1.0,inner,False,,,,,,1.0,,,
2296,C2_R,R_SIM,P_bal,logistic,RR,1.0,1.0,inner,False,,,,,,10.0,,,
2297,C2_R,R_SIM,P_bal,logistic,RR,1.0,2.0,inner,False,,,,,,0.01,,,
2298,C2_R,R_SIM,P_bal,logistic,RR,1.0,2.0,inner,False,,,,,,0.1,,,
2299,C2_R,R_SIM,P_bal,logistic,RR,1.0,2.0,inner,False,,,,,,1.0,,,
2300,C2_R,R_SIM,P_bal,logistic,RR,1.0,2.0,inner,False,,,,,,10.0,,,
2301,C2_R,R_SIM,P_bal,logistic,RR,1.0,,final_selected_C,False,,,,,,,,,
2302,C2_R,R_SIM,P_bal,mlp32,L,1.0,0.0,inner,True,,,,,,0.01,,,
2303,C2_R,R_SIM,P_bal,mlp32,L,1.0,0.0,inner,True,,,,,,0.1,,,
2304,C2_R,R_SIM,P_bal,mlp32,L,1.0,0.0,inner,True,,,,,,1.0,,,
2305,C2_R,R_SIM,P_bal,mlp32,L,1.0,0.0,inner,True,,,,,,10.0,,,
2306,C2_R,R_SIM,P_bal,mlp32,L,1.0,1.0,inner,True,,,,,,0.01,,,
2307,C2_R,R_SIM,P_bal,mlp32,L,1.0,1.0,inner,True,,,,,,0.1,,,
2308,C2_R,R_SIM,P_bal,mlp32,L,1.0,1.0,inner,True,,,,,,1.0,,,
2309,C2_R,R_SIM,P_bal,mlp32,L,1.0,1.0,inner,True,,,,,,10.0,,,
2310,C2_R,R_SIM,P_bal,mlp32,L,1.0,2.0,inner,True,,,,,,0.01,,,
2311,C2_R,R_SIM,P_bal,mlp32,L,1.0,2.0,inner,True,,,,,,0.1,,,
2312,C2_R,R_SIM,P_bal,mlp32,L,1.0,2.0,inner,True,,,,,,1.0,,,
2313,C2_R,R_SIM,P_bal,mlp32,L,1.0,2.0,inner,True,,,,,,10.0,,,
2314,C2_R,R_SIM,P_bal,mlp32,L,1.0,,final_all_alpha,True,,,,,,0.01,,,
2315,C2_R,R_SIM,P_bal,mlp32,L,1.0,,final_all_alpha,True,,,,,,0.1,,,
2316,C2_R,R_SIM,P_bal,mlp32,L,1.0,,final_all_alpha,True,,,,,,1.0,,,
2317,C2_R,R_SIM,P_bal,mlp32,L,1.0,,final_all_alpha,True,,,,,,10.0,,,
2318,C2_R,R_SIM,P_bal,mlp32,R,1.0,0.0,inner,True,,,,,,0.01,,,
2319,C2_R,R_SIM,P_bal,mlp32,R,1.0,0.0,inner,True,,,,,,0.1,,,
2320,C2_R,R_SIM,P_bal,mlp32,R,1.0,0.0,inner,True,,,,,,1.0,,,
2321,C2_R,R_SIM,P_bal,mlp32,R,1.0,0.0,inner,True,,,,,,10.0,,,
2322,C2_R,R_SIM,P_bal,mlp32,R,1.0,1.0,inner,True,,,,,,0.01,,,
2323,C2_R,R_SIM,P_bal,mlp32,R,1.0,1.0,inner,True,,,,,,0.1,,,
2324,C2_R,R_SIM,P_bal,mlp32,R,1.0,1.0,inner,True,,,,,,1.0,,,
2325,C2_R,R_SIM,P_bal,mlp32,R,1.0,1.0,inner,True,,,,,,10.0,,,
2326,C2_R,R_SIM,P_bal,mlp32,R,1.0,2.0,inner,True,,,,,,0.01,,,
2327,C2_R,R_SIM,P_bal,mlp32,R,1.0,2.0,inner,True,,,,,,0.1,,,
2328,C2_R,R_SIM,P_bal,mlp32,R,1.0,2.0,inner,True,,,,,,1.0,,,
2329,C2_R,R_SIM,P_bal,mlp32,R,1.0,2.0,inner,True,,,,,,10.0,,,
2330,C2_R,R_SIM,P_bal,mlp32,R,1.0,,final_all_alpha,True,,,,,,0.01,,,
2331,C2_R,R_SIM,P_bal,mlp32,R,1.0,,final_all_alpha,True,,,,,,0.1,,,
2332,C2_R,R_SIM,P_bal,mlp32,R,1.0,,final_all_alpha,True,,,,,,1.0,,,
2333,C2_R,R_SIM,P_bal,mlp32,R,1.0,,final_all_alpha,True,,,,,,10.0,,,
2334,C2_R,R_SIM,P_bal,mlp32,LR,1.0,0.0,inner,True,,,,,,0.01,,,
2335,C2_R,R_SIM,P_bal,mlp32,LR,1.0,0.0,inner,True,,,,,,0.1,,,
2336,C2_R,R_SIM,P_bal,mlp32,LR,1.0,0.0,inner,True,,,,,,1.0,,,
2337,C2_R,R_SIM,P_bal,mlp32,LR,1.0,0.0,inner,True,,,,,,10.0,,,
2338,C2_R,R_SIM,P_bal,mlp32,LR,1.0,1.0,inner,True,,,,,,0.01,,,
2339,C2_R,R_SIM,P_bal,mlp32,LR,1.0,1.0,inner,True,,,,,,0.1,,,
2340,C2_R,R_SIM,P_bal,mlp32,LR,1.0,1.0,inner,True,,,,,,1.0,,,
2341,C2_R,R_SIM,P_bal,mlp32,LR,1.0,1.0,inner,True,,,,,,10.0,,,
2342,C2_R,R_SIM,P_bal,mlp32,LR,1.0,2.0,inner,True,,,,,,0.01,,,
2343,C2_R,R_SIM,P_bal,mlp32,LR,1.0,2.0,inner,True,,,,,,0.1,,,
2344,C2_R,R_SIM,P_bal,mlp32,LR,1.0,2.0,inner,True,,,,,,1.0,,,
2345,C2_R,R_SIM,P_bal,mlp32,LR,1.0,2.0,inner,True,,,,,,10.0,,,
2346,C2_R,R_SIM,P_bal,mlp32,LR,1.0,,final_all_alpha,True,,,,,,0.01,,,
2347,C2_R,R_SIM,P_bal,mlp32,LR,1.0,,final_all_alpha,True,,,,,,0.1,,,
2348,C2_R,R_SIM,P_bal,mlp32,LR,1.0,,final_all_alpha,True,,,,,,1.0,,,
2349,C2_R,R_SIM,P_bal,mlp32,LR,1.0,,final_all_alpha,True,,,,,,10.0,,,
2350,C2_R,R_SIM,P_bal,mlp32,LL,1.0,0.0,inner,True,,,,,,0.01,,,
2351,C2_R,R_SIM,P_bal,mlp32,LL,1.0,0.0,inner,True,,,,,,0.1,,,
2352,C2_R,R_SIM,P_bal,mlp32,LL,1.0,0.0,inner,True,,,,,,1.0,,,
2353,C2_R,R_SIM,P_bal,mlp32,LL,1.0,0.0,inner,True,,,,,,10.0,,,
2354,C2_R,R_SIM,P_bal,mlp32,LL,1.0,1.0,inner,True,,,,,,0.01,,,
2355,C2_R,R_SIM,P_bal,mlp32,LL,1.0,1.0,inner,True,,,,,,0.1,,,
2356,C2_R,R_SIM,P_bal,mlp32,LL,1.0,1.0,inner,True,,,,,,1.0,,,
2357,C2_R,R_SIM,P_bal,mlp32,LL,1.0,1.0,inner,True,,,,,,10.0,,,
2358,C2_R,R_SIM,P_bal,mlp32,LL,1.0,2.0,inner,True,,,,,,0.01,,,
2359,C2_R,R_SIM,P_bal,mlp32,LL,1.0,2.0,inner,True,,,,,,0.1,,,
2360,C2_R,R_SIM,P_bal,mlp32,LL,1.0,2.0,inner,True,,,,,,1.0,,,
2361,C2_R,R_SIM,P_bal,mlp32,LL,1.0,2.0,inner,True,,,,,,10.0,,,
2362,C2_R,R_SIM,P_bal,mlp32,LL,1.0,,final_all_alpha,True,,,,,,0.01,,,
2363,C2_R,R_SIM,P_bal,mlp32,LL,1.0,,final_all_alpha,True,,,,,,0.1,,,
2364,C2_R,R_SIM,P_bal,mlp32,LL,1.0,,final_all_alpha,True,,,,,,1.0,,,
2365,C2_R,R_SIM,P_bal,mlp32,LL,1.0,,final_all_alpha,True,,,,,,10.0,,,
2366,C2_R,R_SIM,P_bal,mlp32,RR,1.0,0.0,inner,True,,,,,,0.01,,,
2367,C2_R,R_SIM,P_bal,mlp32,RR,1.0,0.0,inner,True,,,,,,0.1,,,
2368,C2_R,R_SIM,P_bal,mlp32,RR,1.0,0.0,inner,True,,,,,,1.0,,,
2369,C2_R,R_SIM,P_bal,mlp32,RR,1.0,0.0,inner,True,,,,,,10.0,,,
2370,C2_R,R_SIM,P_bal,mlp32,RR,1.0,1.0,inner,True,,,,,,0.01,,,
2371,C2_R,R_SIM,P_bal,mlp32,RR,1.0,1.0,inner,True,,,,,,0.1,,,
2372,C2_R,R_SIM,P_bal,mlp32,RR,1.0,1.0,inner,True,,,,,,1.0,,,
2373,C2_R,R_SIM,P_bal,mlp32,RR,1.0,1.0,inner,True,,,,,,10.0,,,
2374,C2_R,R_SIM,P_bal,mlp32,RR,1.0,2.0,inner,True,,,,,,0.01,,,
2375,C2_R,R_SIM,P_bal,mlp32,RR,1.0,2.0,inner,True,,,,,,0.1,,,
2376,C2_R,R_SIM,P_bal,mlp32,RR,1.0,2.0,inner,True,,,,,,1.0,,,
2377,C2_R,R_SIM,P_bal,mlp32,RR,1.0,2.0,inner,True,,,,,,10.0,,,
2378,C2_R,R_SIM,P_bal,mlp32,RR,1.0,,final_all_alpha,True,,,,,,0.01,,,
2379,C2_R,R_SIM,P_bal,mlp32,RR,1.0,,final_all_alpha,True,,,,,,0.1,,,
2380,C2_R,R_SIM,P_bal,mlp32,RR,1.0,,final_all_alpha,True,,,,,,1.0,,,
2381,C2_R,R_SIM,P_bal,mlp32,RR,1.0,,final_all_alpha,True,,,,,,10.0,,,
2382,C2_R,R_SIM,P_bal,mlp64,L,1.0,0.0,inner,True,,,,,,0.01,,,
2383,C2_R,R_SIM,P_bal,mlp64,L,1.0,0.0,inner,True,,,,,,0.1,,,
2384,C2_R,R_SIM,P_bal,mlp64,L,1.0,0.0,inner,True,,,,,,1.0,,,
2385,C2_R,R_SIM,P_bal,mlp64,L,1.0,0.0,inner,True,,,,,,10.0,,,
2386,C2_R,R_SIM,P_bal,mlp64,L,1.0,1.0,inner,True,,,,,,0.01,,,
2387,C2_R,R_SIM,P_bal,mlp64,L,1.0,1.0,inner,True,,,,,,0.1,,,
2388,C2_R,R_SIM,P_bal,mlp64,L,1.0,1.0,inner,True,,,,,,1.0,,,
2389,C2_R,R_SIM,P_bal,mlp64,L,1.0,1.0,inner,True,,,,,,10.0,,,
2390,C2_R,R_SIM,P_bal,mlp64,L,1.0,2.0,inner,True,,,,,,0.01,,,
2391,C2_R,R_SIM,P_bal,mlp64,L,1.0,2.0,inner,True,,,,,,0.1,,,
2392,C2_R,R_SIM,P_bal,mlp64,L,1.0,2.0,inner,True,,,,,,1.0,,,
2393,C2_R,R_SIM,P_bal,mlp64,L,1.0,2.0,inner,True,,,,,,10.0,,,
2394,C2_R,R_SIM,P_bal,mlp64,L,1.0,,final_all_alpha,True,,,,,,0.01,,,
2395,C2_R,R_SIM,P_bal,mlp64,L,1.0,,final_all_alpha,True,,,,,,0.1,,,
2396,C2_R,R_SIM,P_bal,mlp64,L,1.0,,final_all_alpha,True,,,,,,1.0,,,
2397,C2_R,R_SIM,P_bal,mlp64,L,1.0,,final_all_alpha,True,,,,,,10.0,,,
2398,C2_R,R_SIM,P_bal,mlp64,R,1.0,0.0,inner,True,,,,,,0.01,,,
2399,C2_R,R_SIM,P_bal,mlp64,R,1.0,0.0,inner,True,,,,,,0.1,,,
2400,C2_R,R_SIM,P_bal,mlp64,R,1.0,0.0,inner,True,,,,,,1.0,,,
2401,C2_R,R_SIM,P_bal,mlp64,R,1.0,0.0,inner,True,,,,,,10.0,,,
2402,C2_R,R_SIM,P_bal,mlp64,R,1.0,1.0,inner,True,,,,,,0.01,,,
2403,C2_R,R_SIM,P_bal,mlp64,R,1.0,1.0,inner,True,,,,,,0.1,,,
2404,C2_R,R_SIM,P_bal,mlp64,R,1.0,1.0,inner,True,,,,,,1.0,,,
2405,C2_R,R_SIM,P_bal,mlp64,R,1.0,1.0,inner,True,,,,,,10.0,,,
2406,C2_R,R_SIM,P_bal,mlp64,R,1.0,2.0,inner,True,,,,,,0.01,,,
2407,C2_R,R_SIM,P_bal,mlp64,R,1.0,2.0,inner,True,,,,,,0.1,,,
2408,C2_R,R_SIM,P_bal,mlp64,R,1.0,2.0,inner,True,,,,,,1.0,,,
2409,C2_R,R_SIM,P_bal,mlp64,R,1.0,2.0,inner,True,,,,,,10.0,,,
2410,C2_R,R_SIM,P_bal,mlp64,R,1.0,,final_all_alpha,True,,,,,,0.01,,,
2411,C2_R,R_SIM,P_bal,mlp64,R,1.0,,final_all_alpha,True,,,,,,0.1,,,
2412,C2_R,R_SIM,P_bal,mlp64,R,1.0,,final_all_alpha,True,,,,,,1.0,,,
2413,C2_R,R_SIM,P_bal,mlp64,R,1.0,,final_all_alpha,True,,,,,,10.0,,,
2414,C2_R,R_SIM,P_bal,logistic,L,2.0,0.0,inner,False,,,,,,0.01,,,
2415,C2_R,R_SIM,P_bal,logistic,L,2.0,0.0,inner,False,,,,,,0.1,,,
2416,C2_R,R_SIM,P_bal,logistic,L,2.0,0.0,inner,False,,,,,,1.0,,,
2417,C2_R,R_SIM,P_bal,logistic,L,2.0,0.0,inner,False,,,,,,10.0,,,
2418,C2_R,R_SIM,P_bal,logistic,L,2.0,1.0,inner,False,,,,,,0.01,,,
2419,C2_R,R_SIM,P_bal,logistic,L,2.0,1.0,inner,False,,,,,,0.1,,,
2420,C2_R,R_SIM,P_bal,logistic,L,2.0,1.0,inner,False,,,,,,1.0,,,
2421,C2_R,R_SIM,P_bal,logistic,L,2.0,1.0,inner,False,,,,,,10.0,,,
2422,C2_R,R_SIM,P_bal,logistic,L,2.0,2.0,inner,False,,,,,,0.01,,,
2423,C2_R,R_SIM,P_bal,logistic,L,2.0,2.0,inner,False,,,,,,0.1,,,
2424,C2_R,R_SIM,P_bal,logistic,L,2.0,2.0,inner,False,,,,,,1.0,,,
2425,C2_R,R_SIM,P_bal,logistic,L,2.0,2.0,inner,False,,,,,,10.0,,,
2426,C2_R,R_SIM,P_bal,logistic,L,2.0,,final_selected_C,False,,,,,,,,,
2427,C2_R,R_SIM,P_bal,logistic,R,2.0,0.0,inner,False,,,,,,0.01,,,
2428,C2_R,R_SIM,P_bal,logistic,R,2.0,0.0,inner,False,,,,,,0.1,,,
2429,C2_R,R_SIM,P_bal,logistic,R,2.0,0.0,inner,False,,,,,,1.0,,,
2430,C2_R,R_SIM,P_bal,logistic,R,2.0,0.0,inner,False,,,,,,10.0,,,
2431,C2_R,R_SIM,P_bal,logistic,R,2.0,1.0,inner,False,,,,,,0.01,,,
2432,C2_R,R_SIM,P_bal,logistic,R,2.0,1.0,inner,False,,,,,,0.1,,,
2433,C2_R,R_SIM,P_bal,logistic,R,2.0,1.0,inner,False,,,,,,1.0,,,
2434,C2_R,R_SIM,P_bal,logistic,R,2.0,1.0,inner,False,,,,,,10.0,,,
2435,C2_R,R_SIM,P_bal,logistic,R,2.0,2.0,inner,False,,,,,,0.01,,,
2436,C2_R,R_SIM,P_bal,logistic,R,2.0,2.0,inner,False,,,,,,0.1,,,
2437,C2_R,R_SIM,P_bal,logistic,R,2.0,2.0,inner,False,,,,,,1.0,,,
2438,C2_R,R_SIM,P_bal,logistic,R,2.0,2.0,inner,False,,,,,,10.0,,,
2439,C2_R,R_SIM,P_bal,logistic,R,2.0,,final_selected_C,False,,,,,,,,,
2440,C2_R,R_SIM,P_bal,logistic,LR,2.0,0.0,inner,False,,,,,,0.01,,,
2441,C2_R,R_SIM,P_bal,logistic,LR,2.0,0.0,inner,False,,,,,,0.1,,,
2442,C2_R,R_SIM,P_bal,logistic,LR,2.0,0.0,inner,False,,,,,,1.0,,,
2443,C2_R,R_SIM,P_bal,logistic,LR,2.0,0.0,inner,False,,,,,,10.0,,,
2444,C2_R,R_SIM,P_bal,logistic,LR,2.0,1.0,inner,False,,,,,,0.01,,,
2445,C2_R,R_SIM,P_bal,logistic,LR,2.0,1.0,inner,False,,,,,,0.1,,,
2446,C2_R,R_SIM,P_bal,logistic,LR,2.0,1.0,inner,False,,,,,,1.0,,,
2447,C2_R,R_SIM,P_bal,logistic,LR,2.0,1.0,inner,False,,,,,,10.0,,,
2448,C2_R,R_SIM,P_bal,logistic,LR,2.0,2.0,inner,False,,,,,,0.01,,,
2449,C2_R,R_SIM,P_bal,logistic,LR,2.0,2.0,inner,False,,,,,,0.1,,,
2450,C2_R,R_SIM,P_bal,logistic,LR,2.0,2.0,inner,False,,,,,,1.0,,,
2451,C2_R,R_SIM,P_bal,logistic,LR,2.0,2.0,inner,False,,,,,,10.0,,,
2452,C2_R,R_SIM,P_bal,logistic,LR,2.0,,final_selected_C,False,,,,,,,,,
2453,C2_R,R_SIM,P_bal,logistic,LL,2.0,0.0,inner,False,,,,,,0.01,,,
2454,C2_R,R_SIM,P_bal,logistic,LL,2.0,0.0,inner,False,,,,,,0.1,,,
2455,C2_R,R_SIM,P_bal,logistic,LL,2.0,0.0,inner,False,,,,,,1.0,,,
2456,C2_R,R_SIM,P_bal,logistic,LL,2.0,0.0,inner,False,,,,,,10.0,,,
2457,C2_R,R_SIM,P_bal,logistic,LL,2.0,1.0,inner,False,,,,,,0.01,,,
2458,C2_R,R_SIM,P_bal,logistic,LL,2.0,1.0,inner,False,,,,,,0.1,,,
2459,C2_R,R_SIM,P_bal,logistic,LL,2.0,1.0,inner,False,,,,,,1.0,,,
2460,C2_R,R_SIM,P_bal,logistic,LL,2.0,1.0,inner,False,,,,,,10.0,,,
2461,C2_R,R_SIM,P_bal,logistic,LL,2.0,2.0,inner,False,,,,,,0.01,,,
2462,C2_R,R_SIM,P_bal,logistic,LL,2.0,2.0,inner,False,,,,,,0.1,,,
2463,C2_R,R_SIM,P_bal,logistic,LL,2.0,2.0,inner,False,,,,,,1.0,,,
2464,C2_R,R_SIM,P_bal,logistic,LL,2.0,2.0,inner,False,,,,,,10.0,,,
2465,C2_R,R_SIM,P_bal,logistic,LL,2.0,,final_selected_C,False,,,,,,,,,
2466,C2_R,R_SIM,P_bal,logistic,RR,2.0,0.0,inner,False,,,,,,0.01,,,
2467,C2_R,R_SIM,P_bal,logistic,RR,2.0,0.0,inner,False,,,,,,0.1,,,
2468,C2_R,R_SIM,P_bal,logistic,RR,2.0,0.0,inner,False,,,,,,1.0,,,
2469,C2_R,R_SIM,P_bal,logistic,RR,2.0,0.0,inner,False,,,,,,10.0,,,
2470,C2_R,R_SIM,P_bal,logistic,RR,2.0,1.0,inner,False,,,,,,0.01,,,
2471,C2_R,R_SIM,P_bal,logistic,RR,2.0,1.0,inner,False,,,,,,0.1,,,
2472,C2_R,R_SIM,P_bal,logistic,RR,2.0,1.0,inner,False,,,,,,1.0,,,
2473,C2_R,R_SIM,P_bal,logistic,RR,2.0,1.0,inner,False,,,,,,10.0,,,
2474,C2_R,R_SIM,P_bal,logistic,RR,2.0,2.0,inner,False,,,,,,0.01,,,
2475,C2_R,R_SIM,P_bal,logistic,RR,2.0,2.0,inner,False,,,,,,0.1,,,
2476,C2_R,R_SIM,P_bal,logistic,RR,2.0,2.0,inner,False,,,,,,1.0,,,
2477,C2_R,R_SIM,P_bal,logistic,RR,2.0,2.0,inner,False,,,,,,10.0,,,
2478,C2_R,R_SIM,P_bal,logistic,RR,2.0,,final_selected_C,False,,,,,,,,,
2479,C2_R,R_SIM,P_bal,mlp32,L,2.0,0.0,inner,True,,,,,,0.01,,,
2480,C2_R,R_SIM,P_bal,mlp32,L,2.0,0.0,inner,True,,,,,,0.1,,,
2481,C2_R,R_SIM,P_bal,mlp32,L,2.0,0.0,inner,True,,,,,,1.0,,,
2482,C2_R,R_SIM,P_bal,mlp32,L,2.0,0.0,inner,True,,,,,,10.0,,,
2483,C2_R,R_SIM,P_bal,mlp32,L,2.0,1.0,inner,True,,,,,,0.01,,,
2484,C2_R,R_SIM,P_bal,mlp32,L,2.0,1.0,inner,True,,,,,,0.1,,,
2485,C2_R,R_SIM,P_bal,mlp32,L,2.0,1.0,inner,True,,,,,,1.0,,,
2486,C2_R,R_SIM,P_bal,mlp32,L,2.0,1.0,inner,True,,,,,,10.0,,,
2487,C2_R,R_SIM,P_bal,mlp32,L,2.0,2.0,inner,True,,,,,,0.01,,,
2488,C2_R,R_SIM,P_bal,mlp32,L,2.0,2.0,inner,True,,,,,,0.1,,,
2489,C2_R,R_SIM,P_bal,mlp32,L,2.0,2.0,inner,True,,,,,,1.0,,,
2490,C2_R,R_SIM,P_bal,mlp32,L,2.0,2.0,inner,True,,,,,,10.0,,,
2491,C2_R,R_SIM,P_bal,mlp32,L,2.0,,final_all_alpha,True,,,,,,0.01,,,
2492,C2_R,R_SIM,P_bal,mlp32,L,2.0,,final_all_alpha,True,,,,,,0.1,,,
2493,C2_R,R_SIM,P_bal,mlp32,L,2.0,,final_all_alpha,True,,,,,,1.0,,,
2494,C2_R,R_SIM,P_bal,mlp32,L,2.0,,final_all_alpha,True,,,,,,10.0,,,
2495,C2_R,R_SIM,P_bal,mlp32,R,2.0,0.0,inner,True,,,,,,0.01,,,
2496,C2_R,R_SIM,P_bal,mlp32,R,2.0,0.0,inner,True,,,,,,0.1,,,
2497,C2_R,R_SIM,P_bal,mlp32,R,2.0,0.0,inner,True,,,,,,1.0,,,
2498,C2_R,R_SIM,P_bal,mlp32,R,2.0,0.0,inner,True,,,,,,10.0,,,
2499,C2_R,R_SIM,P_bal,mlp32,R,2.0,1.0,inner,True,,,,,,0.01,,,
2500,C2_R,R_SIM,P_bal,mlp32,R,2.0,1.0,inner,True,,,,,,0.1,,,
2501,C2_R,R_SIM,P_bal,mlp32,R,2.0,1.0,inner,True,,,,,,1.0,,,
2502,C2_R,R_SIM,P_bal,mlp32,R,2.0,1.0,inner,True,,,,,,10.0,,,
2503,C2_R,R_SIM,P_bal,mlp32,R,2.0,2.0,inner,True,,,,,,0.01,,,
2504,C2_R,R_SIM,P_bal,mlp32,R,2.0,2.0,inner,True,,,,,,0.1,,,
2505,C2_R,R_SIM,P_bal,mlp32,R,2.0,2.0,inner,True,,,,,,1.0,,,
2506,C2_R,R_SIM,P_bal,mlp32,R,2.0,2.0,inner,True,,,,,,10.0,,,
2507,C2_R,R_SIM,P_bal,mlp32,R,2.0,,final_all_alpha,True,,,,,,0.01,,,
2508,C2_R,R_SIM,P_bal,mlp32,R,2.0,,final_all_alpha,True,,,,,,0.1,,,
2509,C2_R,R_SIM,P_bal,mlp32,R,2.0,,final_all_alpha,True,,,,,,1.0,,,
2510,C2_R,R_SIM,P_bal,mlp32,R,2.0,,final_all_alpha,True,,,,,,10.0,,,
2511,C2_R,R_SIM,P_bal,mlp32,LR,2.0,0.0,inner,True,,,,,,0.01,,,
2512,C2_R,R_SIM,P_bal,mlp32,LR,2.0,0.0,inner,True,,,,,,0.1,,,
2513,C2_R,R_SIM,P_bal,mlp32,LR,2.0,0.0,inner,True,,,,,,1.0,,,
2514,C2_R,R_SIM,P_bal,mlp32,LR,2.0,0.0,inner,True,,,,,,10.0,,,
2515,C2_R,R_SIM,P_bal,mlp32,LR,2.0,1.0,inner,True,,,,,,0.01,,,
2516,C2_R,R_SIM,P_bal,mlp32,LR,2.0,1.0,inner,True,,,,,,0.1,,,
2517,C2_R,R_SIM,P_bal,mlp32,LR,2.0,1.0,inner,True,,,,,,1.0,,,
2518,C2_R,R_SIM,P_bal,mlp32,LR,2.0,1.0,inner,True,,,,,,10.0,,,
2519,C2_R,R_SIM,P_bal,mlp32,LR,2.0,2.0,inner,True,,,,,,0.01,,,
2520,C2_R,R_SIM,P_bal,mlp32,LR,2.0,2.0,inner,True,,,,,,0.1,,,
2521,C2_R,R_SIM,P_bal,mlp32,LR,2.0,2.0,inner,True,,,,,,1.0,,,
2522,C2_R,R_SIM,P_bal,mlp32,LR,2.0,2.0,inner,True,,,,,,10.0,,,
2523,C2_R,R_SIM,P_bal,mlp32,LR,2.0,,final_all_alpha,True,,,,,,0.01,,,
2524,C2_R,R_SIM,P_bal,mlp32,LR,2.0,,final_all_alpha,True,,,,,,0.1,,,
2525,C2_R,R_SIM,P_bal,mlp32,LR,2.0,,final_all_alpha,True,,,,,,1.0,,,
2526,C2_R,R_SIM,P_bal,mlp32,LR,2.0,,final_all_alpha,True,,,,,,10.0,,,
2527,C2_R,R_SIM,P_bal,mlp32,LL,2.0,0.0,inner,True,,,,,,0.01,,,
2528,C2_R,R_SIM,P_bal,mlp32,LL,2.0,0.0,inner,True,,,,,,0.1,,,
2529,C2_R,R_SIM,P_bal,mlp32,LL,2.0,0.0,inner,True,,,,,,1.0,,,
2530,C2_R,R_SIM,P_bal,mlp32,LL,2.0,0.0,inner,True,,,,,,10.0,,,
2531,C2_R,R_SIM,P_bal,mlp32,LL,2.0,1.0,inner,True,,,,,,0.01,,,
2532,C2_R,R_SIM,P_bal,mlp32,LL,2.0,1.0,inner,True,,,,,,0.1,,,
2533,C2_R,R_SIM,P_bal,mlp32,LL,2.0,1.0,inner,True,,,,,,1.0,,,
2534,C2_R,R_SIM,P_bal,mlp32,LL,2.0,1.0,inner,True,,,,,,10.0,,,
2535,C2_R,R_SIM,P_bal,mlp32,LL,2.0,2.0,inner,True,,,,,,0.01,,,
2536,C2_R,R_SIM,P_bal,mlp32,LL,2.0,2.0,inner,True,,,,,,0.1,,,
2537,C2_R,R_SIM,P_bal,mlp32,LL,2.0,2.0,inner,True,,,,,,1.0,,,
2538,C2_R,R_SIM,P_bal,mlp32,LL,2.0,2.0,inner,True,,,,,,10.0,,,
2539,C2_R,R_SIM,P_bal,mlp32,LL,2.0,,final_all_alpha,True,,,,,,0.01,,,
2540,C2_R,R_SIM,P_bal,mlp32,LL,2.0,,final_all_alpha,True,,,,,,0.1,,,
2541,C2_R,R_SIM,P_bal,mlp32,LL,2.0,,final_all_alpha,True,,,,,,1.0,,,
2542,C2_R,R_SIM,P_bal,mlp32,LL,2.0,,final_all_alpha,True,,,,,,10.0,,,
2543,C2_R,R_SIM,P_bal,mlp32,RR,2.0,0.0,inner,True,,,,,,0.01,,,
2544,C2_R,R_SIM,P_bal,mlp32,RR,2.0,0.0,inner,True,,,,,,0.1,,,
2545,C2_R,R_SIM,P_bal,mlp32,RR,2.0,0.0,inner,True,,,,,,1.0,,,
2546,C2_R,R_SIM,P_bal,mlp32,RR,2.0,0.0,inner,True,,,,,,10.0,,,
2547,C2_R,R_SIM,P_bal,mlp32,RR,2.0,1.0,inner,True,,,,,,0.01,,,
2548,C2_R,R_SIM,P_bal,mlp32,RR,2.0,1.0,inner,True,,,,,,0.1,,,
2549,C2_R,R_SIM,P_bal,mlp32,RR,2.0,1.0,inner,True,,,,,,1.0,,,
2550,C2_R,R_SIM,P_bal,mlp32,RR,2.0,1.0,inner,True,,,,,,10.0,,,
2551,C2_R,R_SIM,P_bal,mlp32,RR,2.0,2.0,inner,True,,,,,,0.01,,,
2552,C2_R,R_SIM,P_bal,mlp32,RR,2.0,2.0,inner,True,,,,,,0.1,,,
2553,C2_R,R_SIM,P_bal,mlp32,RR,2.0,2.0,inner,True,,,,,,1.0,,,
2554,C2_R,R_SIM,P_bal,mlp32,RR,2.0,2.0,inner,True,,,,,,10.0,,,
2555,C2_R,R_SIM,P_bal,mlp32,RR,2.0,,final_all_alpha,True,,,,,,0.01,,,
2556,C2_R,R_SIM,P_bal,mlp32,RR,2.0,,final_all_alpha,True,,,,,,0.1,,,
2557,C2_R,R_SIM,P_bal,mlp32,RR,2.0,,final_all_alpha,True,,,,,,1.0,,,
2558,C2_R,R_SIM,P_bal,mlp32,RR,2.0,,final_all_alpha,True,,,,,,10.0,,,
2559,C2_R,R_SIM,P_bal,mlp64,L,2.0,0.0,inner,True,,,,,,0.01,,,
2560,C2_R,R_SIM,P_bal,mlp64,L,2.0,0.0,inner,True,,,,,,0.1,,,
2561,C2_R,R_SIM,P_bal,mlp64,L,2.0,0.0,inner,True,,,,,,1.0,,,
2562,C2_R,R_SIM,P_bal,mlp64,L,2.0,0.0,inner,True,,,,,,10.0,,,
2563,C2_R,R_SIM,P_bal,mlp64,L,2.0,1.0,inner,True,,,,,,0.01,,,
2564,C2_R,R_SIM,P_bal,mlp64,L,2.0,1.0,inner,True,,,,,,0.1,,,
2565,C2_R,R_SIM,P_bal,mlp64,L,2.0,1.0,inner,True,,,,,,1.0,,,
2566,C2_R,R_SIM,P_bal,mlp64,L,2.0,1.0,inner,True,,,,,,10.0,,,
2567,C2_R,R_SIM,P_bal,mlp64,L,2.0,2.0,inner,True,,,,,,0.01,,,
2568,C2_R,R_SIM,P_bal,mlp64,L,2.0,2.0,inner,True,,,,,,0.1,,,
2569,C2_R,R_SIM,P_bal,mlp64,L,2.0,2.0,inner,True,,,,,,1.0,,,
2570,C2_R,R_SIM,P_bal,mlp64,L,2.0,2.0,inner,True,,,,,,10.0,,,
2571,C2_R,R_SIM,P_bal,mlp64,L,2.0,,final_all_alpha,True,,,,,,0.01,,,
2572,C2_R,R_SIM,P_bal,mlp64,L,2.0,,final_all_alpha,True,,,,,,0.1,,,
2573,C2_R,R_SIM,P_bal,mlp64,L,2.0,,final_all_alpha,True,,,,,,1.0,,,
2574,C2_R,R_SIM,P_bal,mlp64,L,2.0,,final_all_alpha,True,,,,,,10.0,,,
2575,C2_R,R_SIM,P_bal,mlp64,R,2.0,0.0,inner,True,,,,,,0.01,,,
2576,C2_R,R_SIM,P_bal,mlp64,R,2.0,0.0,inner,True,,,,,,0.1,,,
2577,C2_R,R_SIM,P_bal,mlp64,R,2.0,0.0,inner,True,,,,,,1.0,,,
2578,C2_R,R_SIM,P_bal,mlp64,R,2.0,0.0,inner,True,,,,,,10.0,,,
2579,C2_R,R_SIM,P_bal,mlp64,R,2.0,1.0,inner,True,,,,,,0.01,,,
2580,C2_R,R_SIM,P_bal,mlp64,R,2.0,1.0,inner,True,,,,,,0.1,,,
2581,C2_R,R_SIM,P_bal,mlp64,R,2.0,1.0,inner,True,,,,,,1.0,,,
2582,C2_R,R_SIM,P_bal,mlp64,R,2.0,1.0,inner,True,,,,,,10.0,,,
2583,C2_R,R_SIM,P_bal,mlp64,R,2.0,2.0,inner,True,,,,,,0.01,,,
2584,C2_R,R_SIM,P_bal,mlp64,R,2.0,2.0,inner,True,,,,,,0.1,,,
2585,C2_R,R_SIM,P_bal,mlp64,R,2.0,2.0,inner,True,,,,,,1.0,,,
2586,C2_R,R_SIM,P_bal,mlp64,R,2.0,2.0,inner,True,,,,,,10.0,,,
2587,C2_R,R_SIM,P_bal,mlp64,R,2.0,,final_all_alpha,True,,,,,,0.01,,,
2588,C2_R,R_SIM,P_bal,mlp64,R,2.0,,final_all_alpha,True,,,,,,0.1,,,
2589,C2_R,R_SIM,P_bal,mlp64,R,2.0,,final_all_alpha,True,,,,,,1.0,,,
2590,C2_R,R_SIM,P_bal,mlp64,R,2.0,,final_all_alpha,True,,,,,,10.0,,,
2591,C2_R,R_SIM,P_bal,logistic,L,3.0,0.0,inner,False,,,,,,0.01,,,
2592,C2_R,R_SIM,P_bal,logistic,L,3.0,0.0,inner,False,,,,,,0.1,,,
2593,C2_R,R_SIM,P_bal,logistic,L,3.0,0.0,inner,False,,,,,,1.0,,,
2594,C2_R,R_SIM,P_bal,logistic,L,3.0,0.0,inner,False,,,,,,10.0,,,
2595,C2_R,R_SIM,P_bal,logistic,L,3.0,1.0,inner,False,,,,,,0.01,,,
2596,C2_R,R_SIM,P_bal,logistic,L,3.0,1.0,inner,False,,,,,,0.1,,,
2597,C2_R,R_SIM,P_bal,logistic,L,3.0,1.0,inner,False,,,,,,1.0,,,
2598,C2_R,R_SIM,P_bal,logistic,L,3.0,1.0,inner,False,,,,,,10.0,,,
2599,C2_R,R_SIM,P_bal,logistic,L,3.0,2.0,inner,False,,,,,,0.01,,,
2600,C2_R,R_SIM,P_bal,logistic,L,3.0,2.0,inner,False,,,,,,0.1,,,
2601,C2_R,R_SIM,P_bal,logistic,L,3.0,2.0,inner,False,,,,,,1.0,,,
2602,C2_R,R_SIM,P_bal,logistic,L,3.0,2.0,inner,False,,,,,,10.0,,,
2603,C2_R,R_SIM,P_bal,logistic,L,3.0,,final_selected_C,False,,,,,,,,,
2604,C2_R,R_SIM,P_bal,logistic,R,3.0,0.0,inner,False,,,,,,0.01,,,
2605,C2_R,R_SIM,P_bal,logistic,R,3.0,0.0,inner,False,,,,,,0.1,,,
2606,C2_R,R_SIM,P_bal,logistic,R,3.0,0.0,inner,False,,,,,,1.0,,,
2607,C2_R,R_SIM,P_bal,logistic,R,3.0,0.0,inner,False,,,,,,10.0,,,
2608,C2_R,R_SIM,P_bal,logistic,R,3.0,1.0,inner,False,,,,,,0.01,,,
2609,C2_R,R_SIM,P_bal,logistic,R,3.0,1.0,inner,False,,,,,,0.1,,,
2610,C2_R,R_SIM,P_bal,logistic,R,3.0,1.0,inner,False,,,,,,1.0,,,
2611,C2_R,R_SIM,P_bal,logistic,R,3.0,1.0,inner,False,,,,,,10.0,,,
2612,C2_R,R_SIM,P_bal,logistic,R,3.0,2.0,inner,False,,,,,,0.01,,,
2613,C2_R,R_SIM,P_bal,logistic,R,3.0,2.0,inner,False,,,,,,0.1,,,
2614,C2_R,R_SIM,P_bal,logistic,R,3.0,2.0,inner,False,,,,,,1.0,,,
2615,C2_R,R_SIM,P_bal,logistic,R,3.0,2.0,inner,False,,,,,,10.0,,,
2616,C2_R,R_SIM,P_bal,logistic,R,3.0,,final_selected_C,False,,,,,,,,,
2617,C2_R,R_SIM,P_bal,logistic,LR,3.0,0.0,inner,False,,,,,,0.01,,,
2618,C2_R,R_SIM,P_bal,logistic,LR,3.0,0.0,inner,False,,,,,,0.1,,,
2619,C2_R,R_SIM,P_bal,logistic,LR,3.0,0.0,inner,False,,,,,,1.0,,,
2620,C2_R,R_SIM,P_bal,logistic,LR,3.0,0.0,inner,False,,,,,,10.0,,,
2621,C2_R,R_SIM,P_bal,logistic,LR,3.0,1.0,inner,False,,,,,,0.01,,,
2622,C2_R,R_SIM,P_bal,logistic,LR,3.0,1.0,inner,False,,,,,,0.1,,,
2623,C2_R,R_SIM,P_bal,logistic,LR,3.0,1.0,inner,False,,,,,,1.0,,,
2624,C2_R,R_SIM,P_bal,logistic,LR,3.0,1.0,inner,False,,,,,,10.0,,,
2625,C2_R,R_SIM,P_bal,logistic,LR,3.0,2.0,inner,False,,,,,,0.01,,,
2626,C2_R,R_SIM,P_bal,logistic,LR,3.0,2.0,inner,False,,,,,,0.1,,,
2627,C2_R,R_SIM,P_bal,logistic,LR,3.0,2.0,inner,False,,,,,,1.0,,,
2628,C2_R,R_SIM,P_bal,logistic,LR,3.0,2.0,inner,False,,,,,,10.0,,,
2629,C2_R,R_SIM,P_bal,logistic,LR,3.0,,final_selected_C,False,,,,,,,,,
2630,C2_R,R_SIM,P_bal,logistic,LL,3.0,0.0,inner,False,,,,,,0.01,,,
2631,C2_R,R_SIM,P_bal,logistic,LL,3.0,0.0,inner,False,,,,,,0.1,,,
2632,C2_R,R_SIM,P_bal,logistic,LL,3.0,0.0,inner,False,,,,,,1.0,,,
2633,C2_R,R_SIM,P_bal,logistic,LL,3.0,0.0,inner,False,,,,,,10.0,,,
2634,C2_R,R_SIM,P_bal,logistic,LL,3.0,1.0,inner,False,,,,,,0.01,,,
2635,C2_R,R_SIM,P_bal,logistic,LL,3.0,1.0,inner,False,,,,,,0.1,,,
2636,C2_R,R_SIM,P_bal,logistic,LL,3.0,1.0,inner,False,,,,,,1.0,,,
2637,C2_R,R_SIM,P_bal,logistic,LL,3.0,1.0,inner,False,,,,,,10.0,,,
2638,C2_R,R_SIM,P_bal,logistic,LL,3.0,2.0,inner,False,,,,,,0.01,,,
2639,C2_R,R_SIM,P_bal,logistic,LL,3.0,2.0,inner,False,,,,,,0.1,,,
2640,C2_R,R_SIM,P_bal,logistic,LL,3.0,2.0,inner,False,,,,,,1.0,,,
2641,C2_R,R_SIM,P_bal,logistic,LL,3.0,2.0,inner,False,,,,,,10.0,,,
2642,C2_R,R_SIM,P_bal,logistic,LL,3.0,,final_selected_C,False,,,,,,,,,
2643,C2_R,R_SIM,P_bal,logistic,RR,3.0,0.0,inner,False,,,,,,0.01,,,
2644,C2_R,R_SIM,P_bal,logistic,RR,3.0,0.0,inner,False,,,,,,0.1,,,
2645,C2_R,R_SIM,P_bal,logistic,RR,3.0,0.0,inner,False,,,,,,1.0,,,
2646,C2_R,R_SIM,P_bal,logistic,RR,3.0,0.0,inner,False,,,,,,10.0,,,
2647,C2_R,R_SIM,P_bal,logistic,RR,3.0,1.0,inner,False,,,,,,0.01,,,
2648,C2_R,R_SIM,P_bal,logistic,RR,3.0,1.0,inner,False,,,,,,0.1,,,
2649,C2_R,R_SIM,P_bal,logistic,RR,3.0,1.0,inner,False,,,,,,1.0,,,
2650,C2_R,R_SIM,P_bal,logistic,RR,3.0,1.0,inner,False,,,,,,10.0,,,
2651,C2_R,R_SIM,P_bal,logistic,RR,3.0,2.0,inner,False,,,,,,0.01,,,
2652,C2_R,R_SIM,P_bal,logistic,RR,3.0,2.0,inner,False,,,,,,0.1,,,
2653,C2_R,R_SIM,P_bal,logistic,RR,3.0,2.0,inner,False,,,,,,1.0,,,
2654,C2_R,R_SIM,P_bal,logistic,RR,3.0,2.0,inner,False,,,,,,10.0,,,
2655,C2_R,R_SIM,P_bal,logistic,RR,3.0,,final_selected_C,False,,,,,,,,,
2656,C2_R,R_SIM,P_bal,mlp32,L,3.0,0.0,inner,True,,,,,,0.01,,,
2657,C2_R,R_SIM,P_bal,mlp32,L,3.0,0.0,inner,True,,,,,,0.1,,,
2658,C2_R,R_SIM,P_bal,mlp32,L,3.0,0.0,inner,True,,,,,,1.0,,,
2659,C2_R,R_SIM,P_bal,mlp32,L,3.0,0.0,inner,True,,,,,,10.0,,,
2660,C2_R,R_SIM,P_bal,mlp32,L,3.0,1.0,inner,True,,,,,,0.01,,,
2661,C2_R,R_SIM,P_bal,mlp32,L,3.0,1.0,inner,True,,,,,,0.1,,,
2662,C2_R,R_SIM,P_bal,mlp32,L,3.0,1.0,inner,True,,,,,,1.0,,,
2663,C2_R,R_SIM,P_bal,mlp32,L,3.0,1.0,inner,True,,,,,,10.0,,,
2664,C2_R,R_SIM,P_bal,mlp32,L,3.0,2.0,inner,True,,,,,,0.01,,,
2665,C2_R,R_SIM,P_bal,mlp32,L,3.0,2.0,inner,True,,,,,,0.1,,,
2666,C2_R,R_SIM,P_bal,mlp32,L,3.0,2.0,inner,True,,,,,,1.0,,,
2667,C2_R,R_SIM,P_bal,mlp32,L,3.0,2.0,inner,True,,,,,,10.0,,,
2668,C2_R,R_SIM,P_bal,mlp32,L,3.0,,final_all_alpha,True,,,,,,0.01,,,
2669,C2_R,R_SIM,P_bal,mlp32,L,3.0,,final_all_alpha,True,,,,,,0.1,,,
2670,C2_R,R_SIM,P_bal,mlp32,L,3.0,,final_all_alpha,True,,,,,,1.0,,,
2671,C2_R,R_SIM,P_bal,mlp32,L,3.0,,final_all_alpha,True,,,,,,10.0,,,
2672,C2_R,R_SIM,P_bal,mlp32,R,3.0,0.0,inner,True,,,,,,0.01,,,
2673,C2_R,R_SIM,P_bal,mlp32,R,3.0,0.0,inner,True,,,,,,0.1,,,
2674,C2_R,R_SIM,P_bal,mlp32,R,3.0,0.0,inner,True,,,,,,1.0,,,
2675,C2_R,R_SIM,P_bal,mlp32,R,3.0,0.0,inner,True,,,,,,10.0,,,
2676,C2_R,R_SIM,P_bal,mlp32,R,3.0,1.0,inner,True,,,,,,0.01,,,
2677,C2_R,R_SIM,P_bal,mlp32,R,3.0,1.0,inner,True,,,,,,0.1,,,
2678,C2_R,R_SIM,P_bal,mlp32,R,3.0,1.0,inner,True,,,,,,1.0,,,
2679,C2_R,R_SIM,P_bal,mlp32,R,3.0,1.0,inner,True,,,,,,10.0,,,
2680,C2_R,R_SIM,P_bal,mlp32,R,3.0,2.0,inner,True,,,,,,0.01,,,
2681,C2_R,R_SIM,P_bal,mlp32,R,3.0,2.0,inner,True,,,,,,0.1,,,
2682,C2_R,R_SIM,P_bal,mlp32,R,3.0,2.0,inner,True,,,,,,1.0,,,
2683,C2_R,R_SIM,P_bal,mlp32,R,3.0,2.0,inner,True,,,,,,10.0,,,
2684,C2_R,R_SIM,P_bal,mlp32,R,3.0,,final_all_alpha,True,,,,,,0.01,,,
2685,C2_R,R_SIM,P_bal,mlp32,R,3.0,,final_all_alpha,True,,,,,,0.1,,,
2686,C2_R,R_SIM,P_bal,mlp32,R,3.0,,final_all_alpha,True,,,,,,1.0,,,
2687,C2_R,R_SIM,P_bal,mlp32,R,3.0,,final_all_alpha,True,,,,,,10.0,,,
2688,C2_R,R_SIM,P_bal,mlp32,LR,3.0,0.0,inner,True,,,,,,0.01,,,
2689,C2_R,R_SIM,P_bal,mlp32,LR,3.0,0.0,inner,True,,,,,,0.1,,,
2690,C2_R,R_SIM,P_bal,mlp32,LR,3.0,0.0,inner,True,,,,,,1.0,,,
2691,C2_R,R_SIM,P_bal,mlp32,LR,3.0,0.0,inner,True,,,,,,10.0,,,
2692,C2_R,R_SIM,P_bal,mlp32,LR,3.0,1.0,inner,True,,,,,,0.01,,,
2693,C2_R,R_SIM,P_bal,mlp32,LR,3.0,1.0,inner,True,,,,,,0.1,,,
2694,C2_R,R_SIM,P_bal,mlp32,LR,3.0,1.0,inner,True,,,,,,1.0,,,
2695,C2_R,R_SIM,P_bal,mlp32,LR,3.0,1.0,inner,True,,,,,,10.0,,,
2696,C2_R,R_SIM,P_bal,mlp32,LR,3.0,2.0,inner,True,,,,,,0.01,,,
2697,C2_R,R_SIM,P_bal,mlp32,LR,3.0,2.0,inner,True,,,,,,0.1,,,
2698,C2_R,R_SIM,P_bal,mlp32,LR,3.0,2.0,inner,True,,,,,,1.0,,,
2699,C2_R,R_SIM,P_bal,mlp32,LR,3.0,2.0,inner,True,,,,,,10.0,,,
2700,C2_R,R_SIM,P_bal,mlp32,LR,3.0,,final_all_alpha,True,,,,,,0.01,,,
2701,C2_R,R_SIM,P_bal,mlp32,LR,3.0,,final_all_alpha,True,,,,,,0.1,,,
2702,C2_R,R_SIM,P_bal,mlp32,LR,3.0,,final_all_alpha,True,,,,,,1.0,,,
2703,C2_R,R_SIM,P_bal,mlp32,LR,3.0,,final_all_alpha,True,,,,,,10.0,,,
2704,C2_R,R_SIM,P_bal,mlp32,LL,3.0,0.0,inner,True,,,,,,0.01,,,
2705,C2_R,R_SIM,P_bal,mlp32,LL,3.0,0.0,inner,True,,,,,,0.1,,,
2706,C2_R,R_SIM,P_bal,mlp32,LL,3.0,0.0,inner,True,,,,,,1.0,,,
2707,C2_R,R_SIM,P_bal,mlp32,LL,3.0,0.0,inner,True,,,,,,10.0,,,
2708,C2_R,R_SIM,P_bal,mlp32,LL,3.0,1.0,inner,True,,,,,,0.01,,,
2709,C2_R,R_SIM,P_bal,mlp32,LL,3.0,1.0,inner,True,,,,,,0.1,,,
2710,C2_R,R_SIM,P_bal,mlp32,LL,3.0,1.0,inner,True,,,,,,1.0,,,
2711,C2_R,R_SIM,P_bal,mlp32,LL,3.0,1.0,inner,True,,,,,,10.0,,,
2712,C2_R,R_SIM,P_bal,mlp32,LL,3.0,2.0,inner,True,,,,,,0.01,,,
2713,C2_R,R_SIM,P_bal,mlp32,LL,3.0,2.0,inner,True,,,,,,0.1,,,
2714,C2_R,R_SIM,P_bal,mlp32,LL,3.0,2.0,inner,True,,,,,,1.0,,,
2715,C2_R,R_SIM,P_bal,mlp32,LL,3.0,2.0,inner,True,,,,,,10.0,,,
2716,C2_R,R_SIM,P_bal,mlp32,LL,3.0,,final_all_alpha,True,,,,,,0.01,,,
2717,C2_R,R_SIM,P_bal,mlp32,LL,3.0,,final_all_alpha,True,,,,,,0.1,,,
2718,C2_R,R_SIM,P_bal,mlp32,LL,3.0,,final_all_alpha,True,,,,,,1.0,,,
2719,C2_R,R_SIM,P_bal,mlp32,LL,3.0,,final_all_alpha,True,,,,,,10.0,,,
2720,C2_R,R_SIM,P_bal,mlp32,RR,3.0,0.0,inner,True,,,,,,0.01,,,
2721,C2_R,R_SIM,P_bal,mlp32,RR,3.0,0.0,inner,True,,,,,,0.1,,,
2722,C2_R,R_SIM,P_bal,mlp32,RR,3.0,0.0,inner,True,,,,,,1.0,,,
2723,C2_R,R_SIM,P_bal,mlp32,RR,3.0,0.0,inner,True,,,,,,10.0,,,
2724,C2_R,R_SIM,P_bal,mlp32,RR,3.0,1.0,inner,True,,,,,,0.01,,,
2725,C2_R,R_SIM,P_bal,mlp32,RR,3.0,1.0,inner,True,,,,,,0.1,,,
2726,C2_R,R_SIM,P_bal,mlp32,RR,3.0,1.0,inner,True,,,,,,1.0,,,
2727,C2_R,R_SIM,P_bal,mlp32,RR,3.0,1.0,inner,True,,,,,,10.0,,,
2728,C2_R,R_SIM,P_bal,mlp32,RR,3.0,2.0,inner,True,,,,,,0.01,,,
2729,C2_R,R_SIM,P_bal,mlp32,RR,3.0,2.0,inner,True,,,,,,0.1,,,
2730,C2_R,R_SIM,P_bal,mlp32,RR,3.0,2.0,inner,True,,,,,,1.0,,,
2731,C2_R,R_SIM,P_bal,mlp32,RR,3.0,2.0,inner,True,,,,,,10.0,,,
2732,C2_R,R_SIM,P_bal,mlp32,RR,3.0,,final_all_alpha,True,,,,,,0.01,,,
2733,C2_R,R_SIM,P_bal,mlp32,RR,3.0,,final_all_alpha,True,,,,,,0.1,,,
2734,C2_R,R_SIM,P_bal,mlp32,RR,3.0,,final_all_alpha,True,,,,,,1.0,,,
2735,C2_R,R_SIM,P_bal,mlp32,RR,3.0,,final_all_alpha,True,,,,,,10.0,,,
2736,C2_R,R_SIM,P_bal,mlp64,L,3.0,0.0,inner,True,,,,,,0.01,,,
2737,C2_R,R_SIM,P_bal,mlp64,L,3.0,0.0,inner,True,,,,,,0.1,,,
2738,C2_R,R_SIM,P_bal,mlp64,L,3.0,0.0,inner,True,,,,,,1.0,,,
2739,C2_R,R_SIM,P_bal,mlp64,L,3.0,0.0,inner,True,,,,,,10.0,,,
2740,C2_R,R_SIM,P_bal,mlp64,L,3.0,1.0,inner,True,,,,,,0.01,,,
2741,C2_R,R_SIM,P_bal,mlp64,L,3.0,1.0,inner,True,,,,,,0.1,,,
2742,C2_R,R_SIM,P_bal,mlp64,L,3.0,1.0,inner,True,,,,,,1.0,,,
2743,C2_R,R_SIM,P_bal,mlp64,L,3.0,1.0,inner,True,,,,,,10.0,,,
2744,C2_R,R_SIM,P_bal,mlp64,L,3.0,2.0,inner,True,,,,,,0.01,,,
2745,C2_R,R_SIM,P_bal,mlp64,L,3.0,2.0,inner,True,,,,,,0.1,,,
2746,C2_R,R_SIM,P_bal,mlp64,L,3.0,2.0,inner,True,,,,,,1.0,,,
2747,C2_R,R_SIM,P_bal,mlp64,L,3.0,2.0,inner,True,,,,,,10.0,,,
2748,C2_R,R_SIM,P_bal,mlp64,L,3.0,,final_all_alpha,True,,,,,,0.01,,,
2749,C2_R,R_SIM,P_bal,mlp64,L,3.0,,final_all_alpha,True,,,,,,0.1,,,
2750,C2_R,R_SIM,P_bal,mlp64,L,3.0,,final_all_alpha,True,,,,,,1.0,,,
2751,C2_R,R_SIM,P_bal,mlp64,L,3.0,,final_all_alpha,True,,,,,,10.0,,,
2752,C2_R,R_SIM,P_bal,mlp64,R,3.0,0.0,inner,True,,,,,,0.01,,,
2753,C2_R,R_SIM,P_bal,mlp64,R,3.0,0.0,inner,True,,,,,,0.1,,,
2754,C2_R,R_SIM,P_bal,mlp64,R,3.0,0.0,inner,True,,,,,,1.0,,,
2755,C2_R,R_SIM,P_bal,mlp64,R,3.0,0.0,inner,True,,,,,,10.0,,,
2756,C2_R,R_SIM,P_bal,mlp64,R,3.0,1.0,inner,True,,,,,,0.01,,,
2757,C2_R,R_SIM,P_bal,mlp64,R,3.0,1.0,inner,True,,,,,,0.1,,,
2758,C2_R,R_SIM,P_bal,mlp64,R,3.0,1.0,inner,True,,,,,,1.0,,,
2759,C2_R,R_SIM,P_bal,mlp64,R,3.0,1.0,inner,True,,,,,,10.0,,,
2760,C2_R,R_SIM,P_bal,mlp64,R,3.0,2.0,inner,True,,,,,,0.01,,,
2761,C2_R,R_SIM,P_bal,mlp64,R,3.0,2.0,inner,True,,,,,,0.1,,,
2762,C2_R,R_SIM,P_bal,mlp64,R,3.0,2.0,inner,True,,,,,,1.0,,,
2763,C2_R,R_SIM,P_bal,mlp64,R,3.0,2.0,inner,True,,,,,,10.0,,,
2764,C2_R,R_SIM,P_bal,mlp64,R,3.0,,final_all_alpha,True,,,,,,0.01,,,
2765,C2_R,R_SIM,P_bal,mlp64,R,3.0,,final_all_alpha,True,,,,,,0.1,,,
2766,C2_R,R_SIM,P_bal,mlp64,R,3.0,,final_all_alpha,True,,,,,,1.0,,,
2767,C2_R,R_SIM,P_bal,mlp64,R,3.0,,final_all_alpha,True,,,,,,10.0,,,
2768,C2_R,R_SIM,P_bal,logistic,L,4.0,0.0,inner,False,,,,,,0.01,,,
2769,C2_R,R_SIM,P_bal,logistic,L,4.0,0.0,inner,False,,,,,,0.1,,,
2770,C2_R,R_SIM,P_bal,logistic,L,4.0,0.0,inner,False,,,,,,1.0,,,
2771,C2_R,R_SIM,P_bal,logistic,L,4.0,0.0,inner,False,,,,,,10.0,,,
2772,C2_R,R_SIM,P_bal,logistic,L,4.0,1.0,inner,False,,,,,,0.01,,,
2773,C2_R,R_SIM,P_bal,logistic,L,4.0,1.0,inner,False,,,,,,0.1,,,
2774,C2_R,R_SIM,P_bal,logistic,L,4.0,1.0,inner,False,,,,,,1.0,,,
2775,C2_R,R_SIM,P_bal,logistic,L,4.0,1.0,inner,False,,,,,,10.0,,,
2776,C2_R,R_SIM,P_bal,logistic,L,4.0,2.0,inner,False,,,,,,0.01,,,
2777,C2_R,R_SIM,P_bal,logistic,L,4.0,2.0,inner,False,,,,,,0.1,,,
2778,C2_R,R_SIM,P_bal,logistic,L,4.0,2.0,inner,False,,,,,,1.0,,,
2779,C2_R,R_SIM,P_bal,logistic,L,4.0,2.0,inner,False,,,,,,10.0,,,
2780,C2_R,R_SIM,P_bal,logistic,L,4.0,,final_selected_C,False,,,,,,,,,
2781,C2_R,R_SIM,P_bal,logistic,R,4.0,0.0,inner,False,,,,,,0.01,,,
2782,C2_R,R_SIM,P_bal,logistic,R,4.0,0.0,inner,False,,,,,,0.1,,,
2783,C2_R,R_SIM,P_bal,logistic,R,4.0,0.0,inner,False,,,,,,1.0,,,
2784,C2_R,R_SIM,P_bal,logistic,R,4.0,0.0,inner,False,,,,,,10.0,,,
2785,C2_R,R_SIM,P_bal,logistic,R,4.0,1.0,inner,False,,,,,,0.01,,,
2786,C2_R,R_SIM,P_bal,logistic,R,4.0,1.0,inner,False,,,,,,0.1,,,
2787,C2_R,R_SIM,P_bal,logistic,R,4.0,1.0,inner,False,,,,,,1.0,,,
2788,C2_R,R_SIM,P_bal,logistic,R,4.0,1.0,inner,False,,,,,,10.0,,,
2789,C2_R,R_SIM,P_bal,logistic,R,4.0,2.0,inner,False,,,,,,0.01,,,
2790,C2_R,R_SIM,P_bal,logistic,R,4.0,2.0,inner,False,,,,,,0.1,,,
2791,C2_R,R_SIM,P_bal,logistic,R,4.0,2.0,inner,False,,,,,,1.0,,,
2792,C2_R,R_SIM,P_bal,logistic,R,4.0,2.0,inner,False,,,,,,10.0,,,
2793,C2_R,R_SIM,P_bal,logistic,R,4.0,,final_selected_C,False,,,,,,,,,
2794,C2_R,R_SIM,P_bal,logistic,LR,4.0,0.0,inner,False,,,,,,0.01,,,
2795,C2_R,R_SIM,P_bal,logistic,LR,4.0,0.0,inner,False,,,,,,0.1,,,
2796,C2_R,R_SIM,P_bal,logistic,LR,4.0,0.0,inner,False,,,,,,1.0,,,
2797,C2_R,R_SIM,P_bal,logistic,LR,4.0,0.0,inner,False,,,,,,10.0,,,
2798,C2_R,R_SIM,P_bal,logistic,LR,4.0,1.0,inner,False,,,,,,0.01,,,
2799,C2_R,R_SIM,P_bal,logistic,LR,4.0,1.0,inner,False,,,,,,0.1,,,
2800,C2_R,R_SIM,P_bal,logistic,LR,4.0,1.0,inner,False,,,,,,1.0,,,
2801,C2_R,R_SIM,P_bal,logistic,LR,4.0,1.0,inner,False,,,,,,10.0,,,
2802,C2_R,R_SIM,P_bal,logistic,LR,4.0,2.0,inner,False,,,,,,0.01,,,
2803,C2_R,R_SIM,P_bal,logistic,LR,4.0,2.0,inner,False,,,,,,0.1,,,
2804,C2_R,R_SIM,P_bal,logistic,LR,4.0,2.0,inner,False,,,,,,1.0,,,
2805,C2_R,R_SIM,P_bal,logistic,LR,4.0,2.0,inner,False,,,,,,10.0,,,
2806,C2_R,R_SIM,P_bal,logistic,LR,4.0,,final_selected_C,False,,,,,,,,,
2807,C2_R,R_SIM,P_bal,logistic,LL,4.0,0.0,inner,False,,,,,,0.01,,,
2808,C2_R,R_SIM,P_bal,logistic,LL,4.0,0.0,inner,False,,,,,,0.1,,,
2809,C2_R,R_SIM,P_bal,logistic,LL,4.0,0.0,inner,False,,,,,,1.0,,,
2810,C2_R,R_SIM,P_bal,logistic,LL,4.0,0.0,inner,False,,,,,,10.0,,,
2811,C2_R,R_SIM,P_bal,logistic,LL,4.0,1.0,inner,False,,,,,,0.01,,,
2812,C2_R,R_SIM,P_bal,logistic,LL,4.0,1.0,inner,False,,,,,,0.1,,,
2813,C2_R,R_SIM,P_bal,logistic,LL,4.0,1.0,inner,False,,,,,,1.0,,,
2814,C2_R,R_SIM,P_bal,logistic,LL,4.0,1.0,inner,False,,,,,,10.0,,,
2815,C2_R,R_SIM,P_bal,logistic,LL,4.0,2.0,inner,False,,,,,,0.01,,,
2816,C2_R,R_SIM,P_bal,logistic,LL,4.0,2.0,inner,False,,,,,,0.1,,,
2817,C2_R,R_SIM,P_bal,logistic,LL,4.0,2.0,inner,False,,,,,,1.0,,,
2818,C2_R,R_SIM,P_bal,logistic,LL,4.0,2.0,inner,False,,,,,,10.0,,,
2819,C2_R,R_SIM,P_bal,logistic,LL,4.0,,final_selected_C,False,,,,,,,,,
2820,C2_R,R_SIM,P_bal,logistic,RR,4.0,0.0,inner,False,,,,,,0.01,,,
2821,C2_R,R_SIM,P_bal,logistic,RR,4.0,0.0,inner,False,,,,,,0.1,,,
2822,C2_R,R_SIM,P_bal,logistic,RR,4.0,0.0,inner,False,,,,,,1.0,,,
2823,C2_R,R_SIM,P_bal,logistic,RR,4.0,0.0,inner,False,,,,,,10.0,,,
2824,C2_R,R_SIM,P_bal,logistic,RR,4.0,1.0,inner,False,,,,,,0.01,,,
2825,C2_R,R_SIM,P_bal,logistic,RR,4.0,1.0,inner,False,,,,,,0.1,,,
2826,C2_R,R_SIM,P_bal,logistic,RR,4.0,1.0,inner,False,,,,,,1.0,,,
2827,C2_R,R_SIM,P_bal,logistic,RR,4.0,1.0,inner,False,,,,,,10.0,,,
2828,C2_R,R_SIM,P_bal,logistic,RR,4.0,2.0,inner,False,,,,,,0.01,,,
2829,C2_R,R_SIM,P_bal,logistic,RR,4.0,2.0,inner,False,,,,,,0.1,,,
2830,C2_R,R_SIM,P_bal,logistic,RR,4.0,2.0,inner,False,,,,,,1.0,,,
2831,C2_R,R_SIM,P_bal,logistic,RR,4.0,2.0,inner,False,,,,,,10.0,,,
2832,C2_R,R_SIM,P_bal,logistic,RR,4.0,,final_selected_C,False,,,,,,,,,
2833,C2_R,R_SIM,P_bal,mlp32,L,4.0,0.0,inner,True,,,,,,0.01,,,
2834,C2_R,R_SIM,P_bal,mlp32,L,4.0,0.0,inner,True,,,,,,0.1,,,
2835,C2_R,R_SIM,P_bal,mlp32,L,4.0,0.0,inner,True,,,,,,1.0,,,
2836,C2_R,R_SIM,P_bal,mlp32,L,4.0,0.0,inner,True,,,,,,10.0,,,
2837,C2_R,R_SIM,P_bal,mlp32,L,4.0,1.0,inner,True,,,,,,0.01,,,
2838,C2_R,R_SIM,P_bal,mlp32,L,4.0,1.0,inner,True,,,,,,0.1,,,
2839,C2_R,R_SIM,P_bal,mlp32,L,4.0,1.0,inner,True,,,,,,1.0,,,
2840,C2_R,R_SIM,P_bal,mlp32,L,4.0,1.0,inner,True,,,,,,10.0,,,
2841,C2_R,R_SIM,P_bal,mlp32,L,4.0,2.0,inner,True,,,,,,0.01,,,
2842,C2_R,R_SIM,P_bal,mlp32,L,4.0,2.0,inner,True,,,,,,0.1,,,
2843,C2_R,R_SIM,P_bal,mlp32,L,4.0,2.0,inner,True,,,,,,1.0,,,
2844,C2_R,R_SIM,P_bal,mlp32,L,4.0,2.0,inner,True,,,,,,10.0,,,
2845,C2_R,R_SIM,P_bal,mlp32,L,4.0,,final_all_alpha,True,,,,,,0.01,,,
2846,C2_R,R_SIM,P_bal,mlp32,L,4.0,,final_all_alpha,True,,,,,,0.1,,,
2847,C2_R,R_SIM,P_bal,mlp32,L,4.0,,final_all_alpha,True,,,,,,1.0,,,
2848,C2_R,R_SIM,P_bal,mlp32,L,4.0,,final_all_alpha,True,,,,,,10.0,,,
2849,C2_R,R_SIM,P_bal,mlp32,R,4.0,0.0,inner,True,,,,,,0.01,,,
2850,C2_R,R_SIM,P_bal,mlp32,R,4.0,0.0,inner,True,,,,,,0.1,,,
2851,C2_R,R_SIM,P_bal,mlp32,R,4.0,0.0,inner,True,,,,,,1.0,,,
2852,C2_R,R_SIM,P_bal,mlp32,R,4.0,0.0,inner,True,,,,,,10.0,,,
2853,C2_R,R_SIM,P_bal,mlp32,R,4.0,1.0,inner,True,,,,,,0.01,,,
2854,C2_R,R_SIM,P_bal,mlp32,R,4.0,1.0,inner,True,,,,,,0.1,,,
2855,C2_R,R_SIM,P_bal,mlp32,R,4.0,1.0,inner,True,,,,,,1.0,,,
2856,C2_R,R_SIM,P_bal,mlp32,R,4.0,1.0,inner,True,,,,,,10.0,,,
2857,C2_R,R_SIM,P_bal,mlp32,R,4.0,2.0,inner,True,,,,,,0.01,,,
2858,C2_R,R_SIM,P_bal,mlp32,R,4.0,2.0,inner,True,,,,,,0.1,,,
2859,C2_R,R_SIM,P_bal,mlp32,R,4.0,2.0,inner,True,,,,,,1.0,,,
2860,C2_R,R_SIM,P_bal,mlp32,R,4.0,2.0,inner,True,,,,,,10.0,,,
2861,C2_R,R_SIM,P_bal,mlp32,R,4.0,,final_all_alpha,True,,,,,,0.01,,,
2862,C2_R,R_SIM,P_bal,mlp32,R,4.0,,final_all_alpha,True,,,,,,0.1,,,
2863,C2_R,R_SIM,P_bal,mlp32,R,4.0,,final_all_alpha,True,,,,,,1.0,,,
2864,C2_R,R_SIM,P_bal,mlp32,R,4.0,,final_all_alpha,True,,,,,,10.0,,,
2865,C2_R,R_SIM,P_bal,mlp32,LR,4.0,0.0,inner,True,,,,,,0.01,,,
2866,C2_R,R_SIM,P_bal,mlp32,LR,4.0,0.0,inner,True,,,,,,0.1,,,
2867,C2_R,R_SIM,P_bal,mlp32,LR,4.0,0.0,inner,True,,,,,,1.0,,,
2868,C2_R,R_SIM,P_bal,mlp32,LR,4.0,0.0,inner,True,,,,,,10.0,,,
2869,C2_R,R_SIM,P_bal,mlp32,LR,4.0,1.0,inner,True,,,,,,0.01,,,
2870,C2_R,R_SIM,P_bal,mlp32,LR,4.0,1.0,inner,True,,,,,,0.1,,,
2871,C2_R,R_SIM,P_bal,mlp32,LR,4.0,1.0,inner,True,,,,,,1.0,,,
2872,C2_R,R_SIM,P_bal,mlp32,LR,4.0,1.0,inner,True,,,,,,10.0,,,
2873,C2_R,R_SIM,P_bal,mlp32,LR,4.0,2.0,inner,True,,,,,,0.01,,,
2874,C2_R,R_SIM,P_bal,mlp32,LR,4.0,2.0,inner,True,,,,,,0.1,,,
2875,C2_R,R_SIM,P_bal,mlp32,LR,4.0,2.0,inner,True,,,,,,1.0,,,
2876,C2_R,R_SIM,P_bal,mlp32,LR,4.0,2.0,inner,True,,,,,,10.0,,,
2877,C2_R,R_SIM,P_bal,mlp32,LR,4.0,,final_all_alpha,True,,,,,,0.01,,,
2878,C2_R,R_SIM,P_bal,mlp32,LR,4.0,,final_all_alpha,True,,,,,,0.1,,,
2879,C2_R,R_SIM,P_bal,mlp32,LR,4.0,,final_all_alpha,True,,,,,,1.0,,,
2880,C2_R,R_SIM,P_bal,mlp32,LR,4.0,,final_all_alpha,True,,,,,,10.0,,,
2881,C2_R,R_SIM,P_bal,mlp32,LL,4.0,0.0,inner,True,,,,,,0.01,,,
2882,C2_R,R_SIM,P_bal,mlp32,LL,4.0,0.0,inner,True,,,,,,0.1,,,
2883,C2_R,R_SIM,P_bal,mlp32,LL,4.0,0.0,inner,True,,,,,,1.0,,,
2884,C2_R,R_SIM,P_bal,mlp32,LL,4.0,0.0,inner,True,,,,,,10.0,,,
2885,C2_R,R_SIM,P_bal,mlp32,LL,4.0,1.0,inner,True,,,,,,0.01,,,
2886,C2_R,R_SIM,P_bal,mlp32,LL,4.0,1.0,inner,True,,,,,,0.1,,,
2887,C2_R,R_SIM,P_bal,mlp32,LL,4.0,1.0,inner,True,,,,,,1.0,,,
2888,C2_R,R_SIM,P_bal,mlp32,LL,4.0,1.0,inner,True,,,,,,10.0,,,
2889,C2_R,R_SIM,P_bal,mlp32,LL,4.0,2.0,inner,True,,,,,,0.01,,,
2890,C2_R,R_SIM,P_bal,mlp32,LL,4.0,2.0,inner,True,,,,,,0.1,,,
2891,C2_R,R_SIM,P_bal,mlp32,LL,4.0,2.0,inner,True,,,,,,1.0,,,
2892,C2_R,R_SIM,P_bal,mlp32,LL,4.0,2.0,inner,True,,,,,,10.0,,,
2893,C2_R,R_SIM,P_bal,mlp32,LL,4.0,,final_all_alpha,True,,,,,,0.01,,,
2894,C2_R,R_SIM,P_bal,mlp32,LL,4.0,,final_all_alpha,True,,,,,,0.1,,,
2895,C2_R,R_SIM,P_bal,mlp32,LL,4.0,,final_all_alpha,True,,,,,,1.0,,,
2896,C2_R,R_SIM,P_bal,mlp32,LL,4.0,,final_all_alpha,True,,,,,,10.0,,,
2897,C2_R,R_SIM,P_bal,mlp32,RR,4.0,0.0,inner,True,,,,,,0.01,,,
2898,C2_R,R_SIM,P_bal,mlp32,RR,4.0,0.0,inner,True,,,,,,0.1,,,
2899,C2_R,R_SIM,P_bal,mlp32,RR,4.0,0.0,inner,True,,,,,,1.0,,,
2900,C2_R,R_SIM,P_bal,mlp32,RR,4.0,0.0,inner,True,,,,,,10.0,,,
2901,C2_R,R_SIM,P_bal,mlp32,RR,4.0,1.0,inner,True,,,,,,0.01,,,
2902,C2_R,R_SIM,P_bal,mlp32,RR,4.0,1.0,inner,True,,,,,,0.1,,,
2903,C2_R,R_SIM,P_bal,mlp32,RR,4.0,1.0,inner,True,,,,,,1.0,,,
2904,C2_R,R_SIM,P_bal,mlp32,RR,4.0,1.0,inner,True,,,,,,10.0,,,
2905,C2_R,R_SIM,P_bal,mlp32,RR,4.0,2.0,inner,True,,,,,,0.01,,,
2906,C2_R,R_SIM,P_bal,mlp32,RR,4.0,2.0,inner,True,,,,,,0.1,,,
2907,C2_R,R_SIM,P_bal,mlp32,RR,4.0,2.0,inner,True,,,,,,1.0,,,
2908,C2_R,R_SIM,P_bal,mlp32,RR,4.0,2.0,inner,True,,,,,,10.0,,,
2909,C2_R,R_SIM,P_bal,mlp32,RR,4.0,,final_all_alpha,True,,,,,,0.01,,,
2910,C2_R,R_SIM,P_bal,mlp32,RR,4.0,,final_all_alpha,True,,,,,,0.1,,,
2911,C2_R,R_SIM,P_bal,mlp32,RR,4.0,,final_all_alpha,True,,,,,,1.0,,,
2912,C2_R,R_SIM,P_bal,mlp32,RR,4.0,,final_all_alpha,True,,,,,,10.0,,,
2913,C2_R,R_SIM,P_bal,mlp64,L,4.0,0.0,inner,True,,,,,,0.01,,,
2914,C2_R,R_SIM,P_bal,mlp64,L,4.0,0.0,inner,True,,,,,,0.1,,,
2915,C2_R,R_SIM,P_bal,mlp64,L,4.0,0.0,inner,True,,,,,,1.0,,,
2916,C2_R,R_SIM,P_bal,mlp64,L,4.0,0.0,inner,True,,,,,,10.0,,,
2917,C2_R,R_SIM,P_bal,mlp64,L,4.0,1.0,inner,True,,,,,,0.01,,,
2918,C2_R,R_SIM,P_bal,mlp64,L,4.0,1.0,inner,True,,,,,,0.1,,,
2919,C2_R,R_SIM,P_bal,mlp64,L,4.0,1.0,inner,True,,,,,,1.0,,,
2920,C2_R,R_SIM,P_bal,mlp64,L,4.0,1.0,inner,True,,,,,,10.0,,,
2921,C2_R,R_SIM,P_bal,mlp64,L,4.0,2.0,inner,True,,,,,,0.01,,,
2922,C2_R,R_SIM,P_bal,mlp64,L,4.0,2.0,inner,True,,,,,,0.1,,,
2923,C2_R,R_SIM,P_bal,mlp64,L,4.0,2.0,inner,True,,,,,,1.0,,,
2924,C2_R,R_SIM,P_bal,mlp64,L,4.0,2.0,inner,True,,,,,,10.0,,,
2925,C2_R,R_SIM,P_bal,mlp64,L,4.0,,final_all_alpha,True,,,,,,0.01,,,
2926,C2_R,R_SIM,P_bal,mlp64,L,4.0,,final_all_alpha,True,,,,,,0.1,,,
2927,C2_R,R_SIM,P_bal,mlp64,L,4.0,,final_all_alpha,True,,,,,,1.0,,,
2928,C2_R,R_SIM,P_bal,mlp64,L,4.0,,final_all_alpha,True,,,,,,10.0,,,
2929,C2_R,R_SIM,P_bal,mlp64,R,4.0,0.0,inner,True,,,,,,0.01,,,
2930,C2_R,R_SIM,P_bal,mlp64,R,4.0,0.0,inner,True,,,,,,0.1,,,
2931,C2_R,R_SIM,P_bal,mlp64,R,4.0,0.0,inner,True,,,,,,1.0,,,
2932,C2_R,R_SIM,P_bal,mlp64,R,4.0,0.0,inner,True,,,,,,10.0,,,
2933,C2_R,R_SIM,P_bal,mlp64,R,4.0,1.0,inner,True,,,,,,0.01,,,
2934,C2_R,R_SIM,P_bal,mlp64,R,4.0,1.0,inner,True,,,,,,0.1,,,
2935,C2_R,R_SIM,P_bal,mlp64,R,4.0,1.0,inner,True,,,,,,1.0,,,
2936,C2_R,R_SIM,P_bal,mlp64,R,4.0,1.0,inner,True,,,,,,10.0,,,
2937,C2_R,R_SIM,P_bal,mlp64,R,4.0,2.0,inner,True,,,,,,0.01,,,
2938,C2_R,R_SIM,P_bal,mlp64,R,4.0,2.0,inner,True,,,,,,0.1,,,
2939,C2_R,R_SIM,P_bal,mlp64,R,4.0,2.0,inner,True,,,,,,1.0,,,
2940,C2_R,R_SIM,P_bal,mlp64,R,4.0,2.0,inner,True,,,,,,10.0,,,
2941,C2_R,R_SIM,P_bal,mlp64,R,4.0,,final_all_alpha,True,,,,,,0.01,,,
2942,C2_R,R_SIM,P_bal,mlp64,R,4.0,,final_all_alpha,True,,,,,,0.1,,,
2943,C2_R,R_SIM,P_bal,mlp64,R,4.0,,final_all_alpha,True,,,,,,1.0,,,
2944,C2_R,R_SIM,P_bal,mlp64,R,4.0,,final_all_alpha,True,,,,,,10.0,,,
2945,E0_R,native128,P_bal,mlp32,native,0.0,0.0,inner,True,,,,,,0.01,0.0,,
2946,E0_R,native128,P_bal,mlp32,native,0.0,0.0,inner,True,,,,,,0.1,0.0,,
2947,E0_R,native128,P_bal,mlp32,native,0.0,0.0,inner,True,,,,,,1.0,0.0,,
2948,E0_R,native128,P_bal,mlp32,native,0.0,0.0,inner,True,,,,,,10.0,0.0,,
2949,E0_R,native128,P_bal,mlp32,native,0.0,1.0,inner,True,,,,,,0.01,0.0,,
2950,E0_R,native128,P_bal,mlp32,native,0.0,1.0,inner,True,,,,,,0.1,0.0,,
2951,E0_R,native128,P_bal,mlp32,native,0.0,1.0,inner,True,,,,,,1.0,0.0,,
2952,E0_R,native128,P_bal,mlp32,native,0.0,1.0,inner,True,,,,,,10.0,0.0,,
2953,E0_R,native128,P_bal,mlp32,native,0.0,2.0,inner,True,,,,,,0.01,0.0,,
2954,E0_R,native128,P_bal,mlp32,native,0.0,2.0,inner,True,,,,,,0.1,0.0,,
2955,E0_R,native128,P_bal,mlp32,native,0.0,2.0,inner,True,,,,,,1.0,0.0,,
2956,E0_R,native128,P_bal,mlp32,native,0.0,2.0,inner,True,,,,,,10.0,0.0,,
2957,E0_R,native128,P_bal,mlp32,native,0.0,,final_all_alpha,True,,,,,,0.01,0.0,,
2958,E0_R,native128,P_bal,mlp32,native,0.0,,final_all_alpha,True,,,,,,0.1,0.0,,
2959,E0_R,native128,P_bal,mlp32,native,0.0,,final_all_alpha,True,,,,,,1.0,0.0,,
2960,E0_R,native128,P_bal,mlp32,native,0.0,,final_all_alpha,True,,,,,,10.0,0.0,,
2961,E0_R,native128,P_bal,mlp32,native,1.0,0.0,inner,True,,,,,,0.01,0.0,,
2962,E0_R,native128,P_bal,mlp32,native,1.0,0.0,inner,True,,,,,,0.1,0.0,,
2963,E0_R,native128,P_bal,mlp32,native,1.0,0.0,inner,True,,,,,,1.0,0.0,,
2964,E0_R,native128,P_bal,mlp32,native,1.0,0.0,inner,True,,,,,,10.0,0.0,,
2965,E0_R,native128,P_bal,mlp32,native,1.0,1.0,inner,True,,,,,,0.01,0.0,,
2966,E0_R,native128,P_bal,mlp32,native,1.0,1.0,inner,True,,,,,,0.1,0.0,,
2967,E0_R,native128,P_bal,mlp32,native,1.0,1.0,inner,True,,,,,,1.0,0.0,,
2968,E0_R,native128,P_bal,mlp32,native,1.0,1.0,inner,True,,,,,,10.0,0.0,,
2969,E0_R,native128,P_bal,mlp32,native,1.0,2.0,inner,True,,,,,,0.01,0.0,,
2970,E0_R,native128,P_bal,mlp32,native,1.0,2.0,inner,True,,,,,,0.1,0.0,,
2971,E0_R,native128,P_bal,mlp32,native,1.0,2.0,inner,True,,,,,,1.0,0.0,,
2972,E0_R,native128,P_bal,mlp32,native,1.0,2.0,inner,True,,,,,,10.0,0.0,,
2973,E0_R,native128,P_bal,mlp32,native,1.0,,final_all_alpha,True,,,,,,0.01,0.0,,
2974,E0_R,native128,P_bal,mlp32,native,1.0,,final_all_alpha,True,,,,,,0.1,0.0,,
2975,E0_R,native128,P_bal,mlp32,native,1.0,,final_all_alpha,True,,,,,,1.0,0.0,,
2976,E0_R,native128,P_bal,mlp32,native,1.0,,final_all_alpha,True,,,,,,10.0,0.0,,
2977,E0_R,native128,P_bal,mlp32,native,2.0,0.0,inner,True,,,,,,0.01,0.0,,
2978,E0_R,native128,P_bal,mlp32,native,2.0,0.0,inner,True,,,,,,0.1,0.0,,
2979,E0_R,native128,P_bal,mlp32,native,2.0,0.0,inner,True,,,,,,1.0,0.0,,
2980,E0_R,native128,P_bal,mlp32,native,2.0,0.0,inner,True,,,,,,10.0,0.0,,
2981,E0_R,native128,P_bal,mlp32,native,2.0,1.0,inner,True,,,,,,0.01,0.0,,
2982,E0_R,native128,P_bal,mlp32,native,2.0,1.0,inner,True,,,,,,0.1,0.0,,
2983,E0_R,native128,P_bal,mlp32,native,2.0,1.0,inner,True,,,,,,1.0,0.0,,
2984,E0_R,native128,P_bal,mlp32,native,2.0,1.0,inner,True,,,,,,10.0,0.0,,
2985,E0_R,native128,P_bal,mlp32,native,2.0,2.0,inner,True,,,,,,0.01,0.0,,
2986,E0_R,native128,P_bal,mlp32,native,2.0,2.0,inner,True,,,,,,0.1,0.0,,
2987,E0_R,native128,P_bal,mlp32,native,2.0,2.0,inner,True,,,,,,1.0,0.0,,
2988,E0_R,native128,P_bal,mlp32,native,2.0,2.0,inner,True,,,,,,10.0,0.0,,
2989,E0_R,native128,P_bal,mlp32,native,2.0,,final_all_alpha,True,,,,,,0.01,0.0,,
2990,E0_R,native128,P_bal,mlp32,native,2.0,,final_all_alpha,True,,,,,,0.1,0.0,,
2991,E0_R,native128,P_bal,mlp32,native,2.0,,final_all_alpha,True,,,,,,1.0,0.0,,
2992,E0_R,native128,P_bal,mlp32,native,2.0,,final_all_alpha,True,,,,,,10.0,0.0,,
2993,E0_R,native128,P_bal,mlp32,native,3.0,0.0,inner,True,,,,,,0.01,0.0,,
2994,E0_R,native128,P_bal,mlp32,native,3.0,0.0,inner,True,,,,,,0.1,0.0,,
2995,E0_R,native128,P_bal,mlp32,native,3.0,0.0,inner,True,,,,,,1.0,0.0,,
2996,E0_R,native128,P_bal,mlp32,native,3.0,0.0,inner,True,,,,,,10.0,0.0,,
2997,E0_R,native128,P_bal,mlp32,native,3.0,1.0,inner,True,,,,,,0.01,0.0,,
2998,E0_R,native128,P_bal,mlp32,native,3.0,1.0,inner,True,,,,,,0.1,0.0,,
2999,E0_R,native128,P_bal,mlp32,native,3.0,1.0,inner,True,,,,,,1.0,0.0,,
3000,E0_R,native128,P_bal,mlp32,native,3.0,1.0,inner,True,,,,,,10.0,0.0,,
3001,E0_R,native128,P_bal,mlp32,native,3.0,2.0,inner,True,,,,,,0.01,0.0,,
3002,E0_R,native128,P_bal,mlp32,native,3.0,2.0,inner,True,,,,,,0.1,0.0,,
3003,E0_R,native128,P_bal,mlp32,native,3.0,2.0,inner,True,,,,,,1.0,0.0,,
3004,E0_R,native128,P_bal,mlp32,native,3.0,2.0,inner,True,,,,,,10.0,0.0,,
3005,E0_R,native128,P_bal,mlp32,native,3.0,,final_all_alpha,True,,,,,,0.01,0.0,,
3006,E0_R,native128,P_bal,mlp32,native,3.0,,final_all_alpha,True,,,,,,0.1,0.0,,
3007,E0_R,native128,P_bal,mlp32,native,3.0,,final_all_alpha,True,,,,,,1.0,0.0,,
3008,E0_R,native128,P_bal,mlp32,native,3.0,,final_all_alpha,True,,,,,,10.0,0.0,,
3009,E0_R,native128,P_bal,mlp32,native,0.0,0.0,inner,True,,,,,,0.01,1.0,,
3010,E0_R,native128,P_bal,mlp32,native,0.0,0.0,inner,True,,,,,,0.1,1.0,,
3011,E0_R,native128,P_bal,mlp32,native,0.0,0.0,inner,True,,,,,,1.0,1.0,,
3012,E0_R,native128,P_bal,mlp32,native,0.0,0.0,inner,True,,,,,,10.0,1.0,,
3013,E0_R,native128,P_bal,mlp32,native,0.0,1.0,inner,True,,,,,,0.01,1.0,,
3014,E0_R,native128,P_bal,mlp32,native,0.0,1.0,inner,True,,,,,,0.1,1.0,,
3015,E0_R,native128,P_bal,mlp32,native,0.0,1.0,inner,True,,,,,,1.0,1.0,,
3016,E0_R,native128,P_bal,mlp32,native,0.0,1.0,inner,True,,,,,,10.0,1.0,,
3017,E0_R,native128,P_bal,mlp32,native,0.0,2.0,inner,True,,,,,,0.01,1.0,,
3018,E0_R,native128,P_bal,mlp32,native,0.0,2.0,inner,True,,,,,,0.1,1.0,,
3019,E0_R,native128,P_bal,mlp32,native,0.0,2.0,inner,True,,,,,,1.0,1.0,,
3020,E0_R,native128,P_bal,mlp32,native,0.0,2.0,inner,True,,,,,,10.0,1.0,,
3021,E0_R,native128,P_bal,mlp32,native,0.0,,final_all_alpha,True,,,,,,0.01,1.0,,
3022,E0_R,native128,P_bal,mlp32,native,0.0,,final_all_alpha,True,,,,,,0.1,1.0,,
3023,E0_R,native128,P_bal,mlp32,native,0.0,,final_all_alpha,True,,,,,,1.0,1.0,,
3024,E0_R,native128,P_bal,mlp32,native,0.0,,final_all_alpha,True,,,,,,10.0,1.0,,
3025,E0_R,native128,P_bal,mlp32,native,1.0,0.0,inner,True,,,,,,0.01,1.0,,
3026,E0_R,native128,P_bal,mlp32,native,1.0,0.0,inner,True,,,,,,0.1,1.0,,
3027,E0_R,native128,P_bal,mlp32,native,1.0,0.0,inner,True,,,,,,1.0,1.0,,
3028,E0_R,native128,P_bal,mlp32,native,1.0,0.0,inner,True,,,,,,10.0,1.0,,
3029,E0_R,native128,P_bal,mlp32,native,1.0,1.0,inner,True,,,,,,0.01,1.0,,
3030,E0_R,native128,P_bal,mlp32,native,1.0,1.0,inner,True,,,,,,0.1,1.0,,
3031,E0_R,native128,P_bal,mlp32,native,1.0,1.0,inner,True,,,,,,1.0,1.0,,
3032,E0_R,native128,P_bal,mlp32,native,1.0,1.0,inner,True,,,,,,10.0,1.0,,
3033,E0_R,native128,P_bal,mlp32,native,1.0,2.0,inner,True,,,,,,0.01,1.0,,
3034,E0_R,native128,P_bal,mlp32,native,1.0,2.0,inner,True,,,,,,0.1,1.0,,
3035,E0_R,native128,P_bal,mlp32,native,1.0,2.0,inner,True,,,,,,1.0,1.0,,
3036,E0_R,native128,P_bal,mlp32,native,1.0,2.0,inner,True,,,,,,10.0,1.0,,
3037,E0_R,native128,P_bal,mlp32,native,1.0,,final_all_alpha,True,,,,,,0.01,1.0,,
3038,E0_R,native128,P_bal,mlp32,native,1.0,,final_all_alpha,True,,,,,,0.1,1.0,,
3039,E0_R,native128,P_bal,mlp32,native,1.0,,final_all_alpha,True,,,,,,1.0,1.0,,
3040,E0_R,native128,P_bal,mlp32,native,1.0,,final_all_alpha,True,,,,,,10.0,1.0,,
3041,E0_R,native128,P_bal,mlp32,native,2.0,0.0,inner,True,,,,,,0.01,1.0,,
3042,E0_R,native128,P_bal,mlp32,native,2.0,0.0,inner,True,,,,,,0.1,1.0,,
3043,E0_R,native128,P_bal,mlp32,native,2.0,0.0,inner,True,,,,,,1.0,1.0,,
3044,E0_R,native128,P_bal,mlp32,native,2.0,0.0,inner,True,,,,,,10.0,1.0,,
3045,E0_R,native128,P_bal,mlp32,native,2.0,1.0,inner,True,,,,,,0.01,1.0,,
3046,E0_R,native128,P_bal,mlp32,native,2.0,1.0,inner,True,,,,,,0.1,1.0,,
3047,E0_R,native128,P_bal,mlp32,native,2.0,1.0,inner,True,,,,,,1.0,1.0,,
3048,E0_R,native128,P_bal,mlp32,native,2.0,1.0,inner,True,,,,,,10.0,1.0,,
3049,E0_R,native128,P_bal,mlp32,native,2.0,2.0,inner,True,,,,,,0.01,1.0,,
3050,E0_R,native128,P_bal,mlp32,native,2.0,2.0,inner,True,,,,,,0.1,1.0,,
3051,E0_R,native128,P_bal,mlp32,native,2.0,2.0,inner,True,,,,,,1.0,1.0,,
3052,E0_R,native128,P_bal,mlp32,native,2.0,2.0,inner,True,,,,,,10.0,1.0,,
3053,E0_R,native128,P_bal,mlp32,native,2.0,,final_all_alpha,True,,,,,,0.01,1.0,,
3054,E0_R,native128,P_bal,mlp32,native,2.0,,final_all_alpha,True,,,,,,0.1,1.0,,
3055,E0_R,native128,P_bal,mlp32,native,2.0,,final_all_alpha,True,,,,,,1.0,1.0,,
3056,E0_R,native128,P_bal,mlp32,native,2.0,,final_all_alpha,True,,,,,,10.0,1.0,,
3057,E0_R,native128,P_bal,mlp32,native,3.0,0.0,inner,True,,,,,,0.01,1.0,,
3058,E0_R,native128,P_bal,mlp32,native,3.0,0.0,inner,True,,,,,,0.1,1.0,,
3059,E0_R,native128,P_bal,mlp32,native,3.0,0.0,inner,True,,,,,,1.0,1.0,,
3060,E0_R,native128,P_bal,mlp32,native,3.0,0.0,inner,True,,,,,,10.0,1.0,,
3061,E0_R,native128,P_bal,mlp32,native,3.0,1.0,inner,True,,,,,,0.01,1.0,,
3062,E0_R,native128,P_bal,mlp32,native,3.0,1.0,inner,True,,,,,,0.1,1.0,,
3063,E0_R,native128,P_bal,mlp32,native,3.0,1.0,inner,True,,,,,,1.0,1.0,,
3064,E0_R,native128,P_bal,mlp32,native,3.0,1.0,inner,True,,,,,,10.0,1.0,,
3065,E0_R,native128,P_bal,mlp32,native,3.0,2.0,inner,True,,,,,,0.01,1.0,,
3066,E0_R,native128,P_bal,mlp32,native,3.0,2.0,inner,True,,,,,,0.1,1.0,,
3067,E0_R,native128,P_bal,mlp32,native,3.0,2.0,inner,True,,,,,,1.0,1.0,,
3068,E0_R,native128,P_bal,mlp32,native,3.0,2.0,inner,True,,,,,,10.0,1.0,,
3069,E0_R,native128,P_bal,mlp32,native,3.0,,final_all_alpha,True,,,,,,0.01,1.0,,
3070,E0_R,native128,P_bal,mlp32,native,3.0,,final_all_alpha,True,,,,,,0.1,1.0,,
3071,E0_R,native128,P_bal,mlp32,native,3.0,,final_all_alpha,True,,,,,,1.0,1.0,,
3072,E0_R,native128,P_bal,mlp32,native,3.0,,final_all_alpha,True,,,,,,10.0,1.0,,
3073,E0_R,native128,P_bal,mlp32,native,0.0,0.0,inner,True,,,,,,0.01,2.0,,
3074,E0_R,native128,P_bal,mlp32,native,0.0,0.0,inner,True,,,,,,0.1,2.0,,
3075,E0_R,native128,P_bal,mlp32,native,0.0,0.0,inner,True,,,,,,1.0,2.0,,
3076,E0_R,native128,P_bal,mlp32,native,0.0,0.0,inner,True,,,,,,10.0,2.0,,
3077,E0_R,native128,P_bal,mlp32,native,0.0,1.0,inner,True,,,,,,0.01,2.0,,
3078,E0_R,native128,P_bal,mlp32,native,0.0,1.0,inner,True,,,,,,0.1,2.0,,
3079,E0_R,native128,P_bal,mlp32,native,0.0,1.0,inner,True,,,,,,1.0,2.0,,
3080,E0_R,native128,P_bal,mlp32,native,0.0,1.0,inner,True,,,,,,10.0,2.0,,
3081,E0_R,native128,P_bal,mlp32,native,0.0,2.0,inner,True,,,,,,0.01,2.0,,
3082,E0_R,native128,P_bal,mlp32,native,0.0,2.0,inner,True,,,,,,0.1,2.0,,
3083,E0_R,native128,P_bal,mlp32,native,0.0,2.0,inner,True,,,,,,1.0,2.0,,
3084,E0_R,native128,P_bal,mlp32,native,0.0,2.0,inner,True,,,,,,10.0,2.0,,
3085,E0_R,native128,P_bal,mlp32,native,0.0,,final_all_alpha,True,,,,,,0.01,2.0,,
3086,E0_R,native128,P_bal,mlp32,native,0.0,,final_all_alpha,True,,,,,,0.1,2.0,,
3087,E0_R,native128,P_bal,mlp32,native,0.0,,final_all_alpha,True,,,,,,1.0,2.0,,
3088,E0_R,native128,P_bal,mlp32,native,0.0,,final_all_alpha,True,,,,,,10.0,2.0,,
3089,E0_R,native128,P_bal,mlp32,native,1.0,0.0,inner,True,,,,,,0.01,2.0,,
3090,E0_R,native128,P_bal,mlp32,native,1.0,0.0,inner,True,,,,,,0.1,2.0,,
3091,E0_R,native128,P_bal,mlp32,native,1.0,0.0,inner,True,,,,,,1.0,2.0,,
3092,E0_R,native128,P_bal,mlp32,native,1.0,0.0,inner,True,,,,,,10.0,2.0,,
3093,E0_R,native128,P_bal,mlp32,native,1.0,1.0,inner,True,,,,,,0.01,2.0,,
3094,E0_R,native128,P_bal,mlp32,native,1.0,1.0,inner,True,,,,,,0.1,2.0,,
3095,E0_R,native128,P_bal,mlp32,native,1.0,1.0,inner,True,,,,,,1.0,2.0,,
3096,E0_R,native128,P_bal,mlp32,native,1.0,1.0,inner,True,,,,,,10.0,2.0,,
3097,E0_R,native128,P_bal,mlp32,native,1.0,2.0,inner,True,,,,,,0.01,2.0,,
3098,E0_R,native128,P_bal,mlp32,native,1.0,2.0,inner,True,,,,,,0.1,2.0,,
3099,E0_R,native128,P_bal,mlp32,native,1.0,2.0,inner,True,,,,,,1.0,2.0,,
3100,E0_R,native128,P_bal,mlp32,native,1.0,2.0,inner,True,,,,,,10.0,2.0,,
3101,E0_R,native128,P_bal,mlp32,native,1.0,,final_all_alpha,True,,,,,,0.01,2.0,,
3102,E0_R,native128,P_bal,mlp32,native,1.0,,final_all_alpha,True,,,,,,0.1,2.0,,
3103,E0_R,native128,P_bal,mlp32,native,1.0,,final_all_alpha,True,,,,,,1.0,2.0,,
3104,E0_R,native128,P_bal,mlp32,native,1.0,,final_all_alpha,True,,,,,,10.0,2.0,,
3105,E0_R,native128,P_bal,mlp32,native,2.0,0.0,inner,True,,,,,,0.01,2.0,,
3106,E0_R,native128,P_bal,mlp32,native,2.0,0.0,inner,True,,,,,,0.1,2.0,,
3107,E0_R,native128,P_bal,mlp32,native,2.0,0.0,inner,True,,,,,,1.0,2.0,,
3108,E0_R,native128,P_bal,mlp32,native,2.0,0.0,inner,True,,,,,,10.0,2.0,,
3109,E0_R,native128,P_bal,mlp32,native,2.0,1.0,inner,True,,,,,,0.01,2.0,,
3110,E0_R,native128,P_bal,mlp32,native,2.0,1.0,inner,True,,,,,,0.1,2.0,,
3111,E0_R,native128,P_bal,mlp32,native,2.0,1.0,inner,True,,,,,,1.0,2.0,,
3112,E0_R,native128,P_bal,mlp32,native,2.0,1.0,inner,True,,,,,,10.0,2.0,,
3113,E0_R,native128,P_bal,mlp32,native,2.0,2.0,inner,True,,,,,,0.01,2.0,,
3114,E0_R,native128,P_bal,mlp32,native,2.0,2.0,inner,True,,,,,,0.1,2.0,,
3115,E0_R,native128,P_bal,mlp32,native,2.0,2.0,inner,True,,,,,,1.0,2.0,,
3116,E0_R,native128,P_bal,mlp32,native,2.0,2.0,inner,True,,,,,,10.0,2.0,,
3117,E0_R,native128,P_bal,mlp32,native,2.0,,final_all_alpha,True,,,,,,0.01,2.0,,
3118,E0_R,native128,P_bal,mlp32,native,2.0,,final_all_alpha,True,,,,,,0.1,2.0,,
3119,E0_R,native128,P_bal,mlp32,native,2.0,,final_all_alpha,True,,,,,,1.0,2.0,,
3120,E0_R,native128,P_bal,mlp32,native,2.0,,final_all_alpha,True,,,,,,10.0,2.0,,
3121,E0_R,native128,P_bal,mlp32,native,3.0,0.0,inner,True,,,,,,0.01,2.0,,
3122,E0_R,native128,P_bal,mlp32,native,3.0,0.0,inner,True,,,,,,0.1,2.0,,
3123,E0_R,native128,P_bal,mlp32,native,3.0,0.0,inner,True,,,,,,1.0,2.0,,
3124,E0_R,native128,P_bal,mlp32,native,3.0,0.0,inner,True,,,,,,10.0,2.0,,
3125,E0_R,native128,P_bal,mlp32,native,3.0,1.0,inner,True,,,,,,0.01,2.0,,
3126,E0_R,native128,P_bal,mlp32,native,3.0,1.0,inner,True,,,,,,0.1,2.0,,
3127,E0_R,native128,P_bal,mlp32,native,3.0,1.0,inner,True,,,,,,1.0,2.0,,
3128,E0_R,native128,P_bal,mlp32,native,3.0,1.0,inner,True,,,,,,10.0,2.0,,
3129,E0_R,native128,P_bal,mlp32,native,3.0,2.0,inner,True,,,,,,0.01,2.0,,
3130,E0_R,native128,P_bal,mlp32,native,3.0,2.0,inner,True,,,,,,0.1,2.0,,
3131,E0_R,native128,P_bal,mlp32,native,3.0,2.0,inner,True,,,,,,1.0,2.0,,
3132,E0_R,native128,P_bal,mlp32,native,3.0,2.0,inner,True,,,,,,10.0,2.0,,
3133,E0_R,native128,P_bal,mlp32,native,3.0,,final_all_alpha,True,,,,,,0.01,2.0,,
3134,E0_R,native128,P_bal,mlp32,native,3.0,,final_all_alpha,True,,,,,,0.1,2.0,,
3135,E0_R,native128,P_bal,mlp32,native,3.0,,final_all_alpha,True,,,,,,1.0,2.0,,
3136,E0_R,native128,P_bal,mlp32,native,3.0,,final_all_alpha,True,,,,,,10.0,2.0,,
3137,E0_R,native128,P_bal,mlp32,native,0.0,0.0,inner,True,,,,,,0.01,3.0,,
3138,E0_R,native128,P_bal,mlp32,native,0.0,0.0,inner,True,,,,,,0.1,3.0,,
3139,E0_R,native128,P_bal,mlp32,native,0.0,0.0,inner,True,,,,,,1.0,3.0,,
3140,E0_R,native128,P_bal,mlp32,native,0.0,0.0,inner,True,,,,,,10.0,3.0,,
3141,E0_R,native128,P_bal,mlp32,native,0.0,1.0,inner,True,,,,,,0.01,3.0,,
3142,E0_R,native128,P_bal,mlp32,native,0.0,1.0,inner,True,,,,,,0.1,3.0,,
3143,E0_R,native128,P_bal,mlp32,native,0.0,1.0,inner,True,,,,,,1.0,3.0,,
3144,E0_R,native128,P_bal,mlp32,native,0.0,1.0,inner,True,,,,,,10.0,3.0,,
3145,E0_R,native128,P_bal,mlp32,native,0.0,2.0,inner,True,,,,,,0.01,3.0,,
3146,E0_R,native128,P_bal,mlp32,native,0.0,2.0,inner,True,,,,,,0.1,3.0,,
3147,E0_R,native128,P_bal,mlp32,native,0.0,2.0,inner,True,,,,,,1.0,3.0,,
3148,E0_R,native128,P_bal,mlp32,native,0.0,2.0,inner,True,,,,,,10.0,3.0,,
3149,E0_R,native128,P_bal,mlp32,native,0.0,,final_all_alpha,True,,,,,,0.01,3.0,,
3150,E0_R,native128,P_bal,mlp32,native,0.0,,final_all_alpha,True,,,,,,0.1,3.0,,
3151,E0_R,native128,P_bal,mlp32,native,0.0,,final_all_alpha,True,,,,,,1.0,3.0,,
3152,E0_R,native128,P_bal,mlp32,native,0.0,,final_all_alpha,True,,,,,,10.0,3.0,,
3153,E0_R,native128,P_bal,mlp32,native,1.0,0.0,inner,True,,,,,,0.01,3.0,,
3154,E0_R,native128,P_bal,mlp32,native,1.0,0.0,inner,True,,,,,,0.1,3.0,,
3155,E0_R,native128,P_bal,mlp32,native,1.0,0.0,inner,True,,,,,,1.0,3.0,,
3156,E0_R,native128,P_bal,mlp32,native,1.0,0.0,inner,True,,,,,,10.0,3.0,,
3157,E0_R,native128,P_bal,mlp32,native,1.0,1.0,inner,True,,,,,,0.01,3.0,,
3158,E0_R,native128,P_bal,mlp32,native,1.0,1.0,inner,True,,,,,,0.1,3.0,,
3159,E0_R,native128,P_bal,mlp32,native,1.0,1.0,inner,True,,,,,,1.0,3.0,,
3160,E0_R,native128,P_bal,mlp32,native,1.0,1.0,inner,True,,,,,,10.0,3.0,,
3161,E0_R,native128,P_bal,mlp32,native,1.0,2.0,inner,True,,,,,,0.01,3.0,,
3162,E0_R,native128,P_bal,mlp32,native,1.0,2.0,inner,True,,,,,,0.1,3.0,,
3163,E0_R,native128,P_bal,mlp32,native,1.0,2.0,inner,True,,,,,,1.0,3.0,,
3164,E0_R,native128,P_bal,mlp32,native,1.0,2.0,inner,True,,,,,,10.0,3.0,,
3165,E0_R,native128,P_bal,mlp32,native,1.0,,final_all_alpha,True,,,,,,0.01,3.0,,
3166,E0_R,native128,P_bal,mlp32,native,1.0,,final_all_alpha,True,,,,,,0.1,3.0,,
3167,E0_R,native128,P_bal,mlp32,native,1.0,,final_all_alpha,True,,,,,,1.0,3.0,,
3168,E0_R,native128,P_bal,mlp32,native,1.0,,final_all_alpha,True,,,,,,10.0,3.0,,
3169,E0_R,native128,P_bal,mlp32,native,2.0,0.0,inner,True,,,,,,0.01,3.0,,
3170,E0_R,native128,P_bal,mlp32,native,2.0,0.0,inner,True,,,,,,0.1,3.0,,
3171,E0_R,native128,P_bal,mlp32,native,2.0,0.0,inner,True,,,,,,1.0,3.0,,
3172,E0_R,native128,P_bal,mlp32,native,2.0,0.0,inner,True,,,,,,10.0,3.0,,
3173,E0_R,native128,P_bal,mlp32,native,2.0,1.0,inner,True,,,,,,0.01,3.0,,
3174,E0_R,native128,P_bal,mlp32,native,2.0,1.0,inner,True,,,,,,0.1,3.0,,
3175,E0_R,native128,P_bal,mlp32,native,2.0,1.0,inner,True,,,,,,1.0,3.0,,
3176,E0_R,native128,P_bal,mlp32,native,2.0,1.0,inner,True,,,,,,10.0,3.0,,
3177,E0_R,native128,P_bal,mlp32,native,2.0,2.0,inner,True,,,,,,0.01,3.0,,
3178,E0_R,native128,P_bal,mlp32,native,2.0,2.0,inner,True,,,,,,0.1,3.0,,
3179,E0_R,native128,P_bal,mlp32,native,2.0,2.0,inner,True,,,,,,1.0,3.0,,
3180,E0_R,native128,P_bal,mlp32,native,2.0,2.0,inner,True,,,,,,10.0,3.0,,
3181,E0_R,native128,P_bal,mlp32,native,2.0,,final_all_alpha,True,,,,,,0.01,3.0,,
3182,E0_R,native128,P_bal,mlp32,native,2.0,,final_all_alpha,True,,,,,,0.1,3.0,,
3183,E0_R,native128,P_bal,mlp32,native,2.0,,final_all_alpha,True,,,,,,1.0,3.0,,
3184,E0_R,native128,P_bal,mlp32,native,2.0,,final_all_alpha,True,,,,,,10.0,3.0,,
3185,E0_R,native128,P_bal,mlp32,native,3.0,0.0,inner,True,,,,,,0.01,3.0,,
3186,E0_R,native128,P_bal,mlp32,native,3.0,0.0,inner,True,,,,,,0.1,3.0,,
3187,E0_R,native128,P_bal,mlp32,native,3.0,0.0,inner,True,,,,,,1.0,3.0,,
3188,E0_R,native128,P_bal,mlp32,native,3.0,0.0,inner,True,,,,,,10.0,3.0,,
3189,E0_R,native128,P_bal,mlp32,native,3.0,1.0,inner,True,,,,,,0.01,3.0,,
3190,E0_R,native128,P_bal,mlp32,native,3.0,1.0,inner,True,,,,,,0.1,3.0,,
3191,E0_R,native128,P_bal,mlp32,native,3.0,1.0,inner,True,,,,,,1.0,3.0,,
3192,E0_R,native128,P_bal,mlp32,native,3.0,1.0,inner,True,,,,,,10.0,3.0,,
3193,E0_R,native128,P_bal,mlp32,native,3.0,2.0,inner,True,,,,,,0.01,3.0,,
3194,E0_R,native128,P_bal,mlp32,native,3.0,2.0,inner,True,,,,,,0.1,3.0,,
3195,E0_R,native128,P_bal,mlp32,native,3.0,2.0,inner,True,,,,,,1.0,3.0,,
3196,E0_R,native128,P_bal,mlp32,native,3.0,2.0,inner,True,,,,,,10.0,3.0,,
3197,E0_R,native128,P_bal,mlp32,native,3.0,,final_all_alpha,True,,,,,,0.01,3.0,,
3198,E0_R,native128,P_bal,mlp32,native,3.0,,final_all_alpha,True,,,,,,0.1,3.0,,
3199,E0_R,native128,P_bal,mlp32,native,3.0,,final_all_alpha,True,,,,,,1.0,3.0,,
3200,E0_R,native128,P_bal,mlp32,native,3.0,,final_all_alpha,True,,,,,,10.0,3.0,,
3201,E0_R,native128,P_bal,mlp32,native,0.0,0.0,inner,True,,,,,,0.01,4.0,,
3202,E0_R,native128,P_bal,mlp32,native,0.0,0.0,inner,True,,,,,,0.1,4.0,,
3203,E0_R,native128,P_bal,mlp32,native,0.0,0.0,inner,True,,,,,,1.0,4.0,,
3204,E0_R,native128,P_bal,mlp32,native,0.0,0.0,inner,True,,,,,,10.0,4.0,,
3205,E0_R,native128,P_bal,mlp32,native,0.0,1.0,inner,True,,,,,,0.01,4.0,,
3206,E0_R,native128,P_bal,mlp32,native,0.0,1.0,inner,True,,,,,,0.1,4.0,,
3207,E0_R,native128,P_bal,mlp32,native,0.0,1.0,inner,True,,,,,,1.0,4.0,,
3208,E0_R,native128,P_bal,mlp32,native,0.0,1.0,inner,True,,,,,,10.0,4.0,,
3209,E0_R,native128,P_bal,mlp32,native,0.0,2.0,inner,True,,,,,,0.01,4.0,,
3210,E0_R,native128,P_bal,mlp32,native,0.0,2.0,inner,True,,,,,,0.1,4.0,,
3211,E0_R,native128,P_bal,mlp32,native,0.0,2.0,inner,True,,,,,,1.0,4.0,,
3212,E0_R,native128,P_bal,mlp32,native,0.0,2.0,inner,True,,,,,,10.0,4.0,,
3213,E0_R,native128,P_bal,mlp32,native,0.0,,final_all_alpha,True,,,,,,0.01,4.0,,
3214,E0_R,native128,P_bal,mlp32,native,0.0,,final_all_alpha,True,,,,,,0.1,4.0,,
3215,E0_R,native128,P_bal,mlp32,native,0.0,,final_all_alpha,True,,,,,,1.0,4.0,,
3216,E0_R,native128,P_bal,mlp32,native,0.0,,final_all_alpha,True,,,,,,10.0,4.0,,
3217,E0_R,native128,P_bal,mlp32,native,1.0,0.0,inner,True,,,,,,0.01,4.0,,
3218,E0_R,native128,P_bal,mlp32,native,1.0,0.0,inner,True,,,,,,0.1,4.0,,
3219,E0_R,native128,P_bal,mlp32,native,1.0,0.0,inner,True,,,,,,1.0,4.0,,
3220,E0_R,native128,P_bal,mlp32,native,1.0,0.0,inner,True,,,,,,10.0,4.0,,
3221,E0_R,native128,P_bal,mlp32,native,1.0,1.0,inner,True,,,,,,0.01,4.0,,
3222,E0_R,native128,P_bal,mlp32,native,1.0,1.0,inner,True,,,,,,0.1,4.0,,
3223,E0_R,native128,P_bal,mlp32,native,1.0,1.0,inner,True,,,,,,1.0,4.0,,
3224,E0_R,native128,P_bal,mlp32,native,1.0,1.0,inner,True,,,,,,10.0,4.0,,
3225,E0_R,native128,P_bal,mlp32,native,1.0,2.0,inner,True,,,,,,0.01,4.0,,
3226,E0_R,native128,P_bal,mlp32,native,1.0,2.0,inner,True,,,,,,0.1,4.0,,
3227,E0_R,native128,P_bal,mlp32,native,1.0,2.0,inner,True,,,,,,1.0,4.0,,
3228,E0_R,native128,P_bal,mlp32,native,1.0,2.0,inner,True,,,,,,10.0,4.0,,
3229,E0_R,native128,P_bal,mlp32,native,1.0,,final_all_alpha,True,,,,,,0.01,4.0,,
3230,E0_R,native128,P_bal,mlp32,native,1.0,,final_all_alpha,True,,,,,,0.1,4.0,,
3231,E0_R,native128,P_bal,mlp32,native,1.0,,final_all_alpha,True,,,,,,1.0,4.0,,
3232,E0_R,native128,P_bal,mlp32,native,1.0,,final_all_alpha,True,,,,,,10.0,4.0,,
3233,E0_R,native128,P_bal,mlp32,native,2.0,0.0,inner,True,,,,,,0.01,4.0,,
3234,E0_R,native128,P_bal,mlp32,native,2.0,0.0,inner,True,,,,,,0.1,4.0,,
3235,E0_R,native128,P_bal,mlp32,native,2.0,0.0,inner,True,,,,,,1.0,4.0,,
3236,E0_R,native128,P_bal,mlp32,native,2.0,0.0,inner,True,,,,,,10.0,4.0,,
3237,E0_R,native128,P_bal,mlp32,native,2.0,1.0,inner,True,,,,,,0.01,4.0,,
3238,E0_R,native128,P_bal,mlp32,native,2.0,1.0,inner,True,,,,,,0.1,4.0,,
3239,E0_R,native128,P_bal,mlp32,native,2.0,1.0,inner,True,,,,,,1.0,4.0,,
3240,E0_R,native128,P_bal,mlp32,native,2.0,1.0,inner,True,,,,,,10.0,4.0,,
3241,E0_R,native128,P_bal,mlp32,native,2.0,2.0,inner,True,,,,,,0.01,4.0,,
3242,E0_R,native128,P_bal,mlp32,native,2.0,2.0,inner,True,,,,,,0.1,4.0,,
3243,E0_R,native128,P_bal,mlp32,native,2.0,2.0,inner,True,,,,,,1.0,4.0,,
3244,E0_R,native128,P_bal,mlp32,native,2.0,2.0,inner,True,,,,,,10.0,4.0,,
3245,E0_R,native128,P_bal,mlp32,native,2.0,,final_all_alpha,True,,,,,,0.01,4.0,,
3246,E0_R,native128,P_bal,mlp32,native,2.0,,final_all_alpha,True,,,,,,0.1,4.0,,
3247,E0_R,native128,P_bal,mlp32,native,2.0,,final_all_alpha,True,,,,,,1.0,4.0,,
3248,E0_R,native128,P_bal,mlp32,native,2.0,,final_all_alpha,True,,,,,,10.0,4.0,,
3249,E0_R,native128,P_bal,mlp32,native,3.0,0.0,inner,True,,,,,,0.01,4.0,,
3250,E0_R,native128,P_bal,mlp32,native,3.0,0.0,inner,True,,,,,,0.1,4.0,,
3251,E0_R,native128,P_bal,mlp32,native,3.0,0.0,inner,True,,,,,,1.0,4.0,,
3252,E0_R,native128,P_bal,mlp32,native,3.0,0.0,inner,True,,,,,,10.0,4.0,,
3253,E0_R,native128,P_bal,mlp32,native,3.0,1.0,inner,True,,,,,,0.01,4.0,,
3254,E0_R,native128,P_bal,mlp32,native,3.0,1.0,inner,True,,,,,,0.1,4.0,,
3255,E0_R,native128,P_bal,mlp32,native,3.0,1.0,inner,True,,,,,,1.0,4.0,,
3256,E0_R,native128,P_bal,mlp32,native,3.0,1.0,inner,True,,,,,,10.0,4.0,,
3257,E0_R,native128,P_bal,mlp32,native,3.0,2.0,inner,True,,,,,,0.01,4.0,,
3258,E0_R,native128,P_bal,mlp32,native,3.0,2.0,inner,True,,,,,,0.1,4.0,,
3259,E0_R,native128,P_bal,mlp32,native,3.0,2.0,inner,True,,,,,,1.0,4.0,,
3260,E0_R,native128,P_bal,mlp32,native,3.0,2.0,inner,True,,,,,,10.0,4.0,,
3261,E0_R,native128,P_bal,mlp32,native,3.0,,final_all_alpha,True,,,,,,0.01,4.0,,
3262,E0_R,native128,P_bal,mlp32,native,3.0,,final_all_alpha,True,,,,,,0.1,4.0,,
3263,E0_R,native128,P_bal,mlp32,native,3.0,,final_all_alpha,True,,,,,,1.0,4.0,,
3264,E0_R,native128,P_bal,mlp32,native,3.0,,final_all_alpha,True,,,,,,10.0,4.0,,
3265,E0_R,native128,P_bal,mlp32,native,0.0,0.0,inner,True,,,,,,0.01,5.0,,
3266,E0_R,native128,P_bal,mlp32,native,0.0,0.0,inner,True,,,,,,0.1,5.0,,
3267,E0_R,native128,P_bal,mlp32,native,0.0,0.0,inner,True,,,,,,1.0,5.0,,
3268,E0_R,native128,P_bal,mlp32,native,0.0,0.0,inner,True,,,,,,10.0,5.0,,
3269,E0_R,native128,P_bal,mlp32,native,0.0,1.0,inner,True,,,,,,0.01,5.0,,
3270,E0_R,native128,P_bal,mlp32,native,0.0,1.0,inner,True,,,,,,0.1,5.0,,
3271,E0_R,native128,P_bal,mlp32,native,0.0,1.0,inner,True,,,,,,1.0,5.0,,
3272,E0_R,native128,P_bal,mlp32,native,0.0,1.0,inner,True,,,,,,10.0,5.0,,
3273,E0_R,native128,P_bal,mlp32,native,0.0,2.0,inner,True,,,,,,0.01,5.0,,
3274,E0_R,native128,P_bal,mlp32,native,0.0,2.0,inner,True,,,,,,0.1,5.0,,
3275,E0_R,native128,P_bal,mlp32,native,0.0,2.0,inner,True,,,,,,1.0,5.0,,
3276,E0_R,native128,P_bal,mlp32,native,0.0,2.0,inner,True,,,,,,10.0,5.0,,
3277,E0_R,native128,P_bal,mlp32,native,0.0,,final_all_alpha,True,,,,,,0.01,5.0,,
3278,E0_R,native128,P_bal,mlp32,native,0.0,,final_all_alpha,True,,,,,,0.1,5.0,,
3279,E0_R,native128,P_bal,mlp32,native,0.0,,final_all_alpha,True,,,,,,1.0,5.0,,
3280,E0_R,native128,P_bal,mlp32,native,0.0,,final_all_alpha,True,,,,,,10.0,5.0,,
3281,E0_R,native128,P_bal,mlp32,native,1.0,0.0,inner,True,,,,,,0.01,5.0,,
3282,E0_R,native128,P_bal,mlp32,native,1.0,0.0,inner,True,,,,,,0.1,5.0,,
3283,E0_R,native128,P_bal,mlp32,native,1.0,0.0,inner,True,,,,,,1.0,5.0,,
3284,E0_R,native128,P_bal,mlp32,native,1.0,0.0,inner,True,,,,,,10.0,5.0,,
3285,E0_R,native128,P_bal,mlp32,native,1.0,1.0,inner,True,,,,,,0.01,5.0,,
3286,E0_R,native128,P_bal,mlp32,native,1.0,1.0,inner,True,,,,,,0.1,5.0,,
3287,E0_R,native128,P_bal,mlp32,native,1.0,1.0,inner,True,,,,,,1.0,5.0,,
3288,E0_R,native128,P_bal,mlp32,native,1.0,1.0,inner,True,,,,,,10.0,5.0,,
3289,E0_R,native128,P_bal,mlp32,native,1.0,2.0,inner,True,,,,,,0.01,5.0,,
3290,E0_R,native128,P_bal,mlp32,native,1.0,2.0,inner,True,,,,,,0.1,5.0,,
3291,E0_R,native128,P_bal,mlp32,native,1.0,2.0,inner,True,,,,,,1.0,5.0,,
3292,E0_R,native128,P_bal,mlp32,native,1.0,2.0,inner,True,,,,,,10.0,5.0,,
3293,E0_R,native128,P_bal,mlp32,native,1.0,,final_all_alpha,True,,,,,,0.01,5.0,,
3294,E0_R,native128,P_bal,mlp32,native,1.0,,final_all_alpha,True,,,,,,0.1,5.0,,
3295,E0_R,native128,P_bal,mlp32,native,1.0,,final_all_alpha,True,,,,,,1.0,5.0,,
3296,E0_R,native128,P_bal,mlp32,native,1.0,,final_all_alpha,True,,,,,,10.0,5.0,,
3297,E0_R,native128,P_bal,mlp32,native,2.0,0.0,inner,True,,,,,,0.01,5.0,,
3298,E0_R,native128,P_bal,mlp32,native,2.0,0.0,inner,True,,,,,,0.1,5.0,,
3299,E0_R,native128,P_bal,mlp32,native,2.0,0.0,inner,True,,,,,,1.0,5.0,,
3300,E0_R,native128,P_bal,mlp32,native,2.0,0.0,inner,True,,,,,,10.0,5.0,,
3301,E0_R,native128,P_bal,mlp32,native,2.0,1.0,inner,True,,,,,,0.01,5.0,,
3302,E0_R,native128,P_bal,mlp32,native,2.0,1.0,inner,True,,,,,,0.1,5.0,,
3303,E0_R,native128,P_bal,mlp32,native,2.0,1.0,inner,True,,,,,,1.0,5.0,,
3304,E0_R,native128,P_bal,mlp32,native,2.0,1.0,inner,True,,,,,,10.0,5.0,,
3305,E0_R,native128,P_bal,mlp32,native,2.0,2.0,inner,True,,,,,,0.01,5.0,,
3306,E0_R,native128,P_bal,mlp32,native,2.0,2.0,inner,True,,,,,,0.1,5.0,,
3307,E0_R,native128,P_bal,mlp32,native,2.0,2.0,inner,True,,,,,,1.0,5.0,,
3308,E0_R,native128,P_bal,mlp32,native,2.0,2.0,inner,True,,,,,,10.0,5.0,,
3309,E0_R,native128,P_bal,mlp32,native,2.0,,final_all_alpha,True,,,,,,0.01,5.0,,
3310,E0_R,native128,P_bal,mlp32,native,2.0,,final_all_alpha,True,,,,,,0.1,5.0,,
3311,E0_R,native128,P_bal,mlp32,native,2.0,,final_all_alpha,True,,,,,,1.0,5.0,,
3312,E0_R,native128,P_bal,mlp32,native,2.0,,final_all_alpha,True,,,,,,10.0,5.0,,
3313,E0_R,native128,P_bal,mlp32,native,3.0,0.0,inner,True,,,,,,0.01,5.0,,
3314,E0_R,native128,P_bal,mlp32,native,3.0,0.0,inner,True,,,,,,0.1,5.0,,
3315,E0_R,native128,P_bal,mlp32,native,3.0,0.0,inner,True,,,,,,1.0,5.0,,
3316,E0_R,native128,P_bal,mlp32,native,3.0,0.0,inner,True,,,,,,10.0,5.0,,
3317,E0_R,native128,P_bal,mlp32,native,3.0,1.0,inner,True,,,,,,0.01,5.0,,
3318,E0_R,native128,P_bal,mlp32,native,3.0,1.0,inner,True,,,,,,0.1,5.0,,
3319,E0_R,native128,P_bal,mlp32,native,3.0,1.0,inner,True,,,,,,1.0,5.0,,
3320,E0_R,native128,P_bal,mlp32,native,3.0,1.0,inner,True,,,,,,10.0,5.0,,
3321,E0_R,native128,P_bal,mlp32,native,3.0,2.0,inner,True,,,,,,0.01,5.0,,
3322,E0_R,native128,P_bal,mlp32,native,3.0,2.0,inner,True,,,,,,0.1,5.0,,
3323,E0_R,native128,P_bal,mlp32,native,3.0,2.0,inner,True,,,,,,1.0,5.0,,
3324,E0_R,native128,P_bal,mlp32,native,3.0,2.0,inner,True,,,,,,10.0,5.0,,
3325,E0_R,native128,P_bal,mlp32,native,3.0,,final_all_alpha,True,,,,,,0.01,5.0,,
3326,E0_R,native128,P_bal,mlp32,native,3.0,,final_all_alpha,True,,,,,,0.1,5.0,,
3327,E0_R,native128,P_bal,mlp32,native,3.0,,final_all_alpha,True,,,,,,1.0,5.0,,
3328,E0_R,native128,P_bal,mlp32,native,3.0,,final_all_alpha,True,,,,,,10.0,5.0,,
3329,E0_R,native128,P_bal,mlp32,native,0.0,0.0,inner,True,,,,,,0.01,6.0,,
3330,E0_R,native128,P_bal,mlp32,native,0.0,0.0,inner,True,,,,,,0.1,6.0,,
3331,E0_R,native128,P_bal,mlp32,native,0.0,0.0,inner,True,,,,,,1.0,6.0,,
3332,E0_R,native128,P_bal,mlp32,native,0.0,0.0,inner,True,,,,,,10.0,6.0,,
3333,E0_R,native128,P_bal,mlp32,native,0.0,1.0,inner,True,,,,,,0.01,6.0,,
3334,E0_R,native128,P_bal,mlp32,native,0.0,1.0,inner,True,,,,,,0.1,6.0,,
3335,E0_R,native128,P_bal,mlp32,native,0.0,1.0,inner,True,,,,,,1.0,6.0,,
3336,E0_R,native128,P_bal,mlp32,native,0.0,1.0,inner,True,,,,,,10.0,6.0,,
3337,E0_R,native128,P_bal,mlp32,native,0.0,2.0,inner,True,,,,,,0.01,6.0,,
3338,E0_R,native128,P_bal,mlp32,native,0.0,2.0,inner,True,,,,,,0.1,6.0,,
3339,E0_R,native128,P_bal,mlp32,native,0.0,2.0,inner,True,,,,,,1.0,6.0,,
3340,E0_R,native128,P_bal,mlp32,native,0.0,2.0,inner,True,,,,,,10.0,6.0,,
3341,E0_R,native128,P_bal,mlp32,native,0.0,,final_all_alpha,True,,,,,,0.01,6.0,,
3342,E0_R,native128,P_bal,mlp32,native,0.0,,final_all_alpha,True,,,,,,0.1,6.0,,
3343,E0_R,native128,P_bal,mlp32,native,0.0,,final_all_alpha,True,,,,,,1.0,6.0,,
3344,E0_R,native128,P_bal,mlp32,native,0.0,,final_all_alpha,True,,,,,,10.0,6.0,,
3345,E0_R,native128,P_bal,mlp32,native,1.0,0.0,inner,True,,,,,,0.01,6.0,,
3346,E0_R,native128,P_bal,mlp32,native,1.0,0.0,inner,True,,,,,,0.1,6.0,,
3347,E0_R,native128,P_bal,mlp32,native,1.0,0.0,inner,True,,,,,,1.0,6.0,,
3348,E0_R,native128,P_bal,mlp32,native,1.0,0.0,inner,True,,,,,,10.0,6.0,,
3349,E0_R,native128,P_bal,mlp32,native,1.0,1.0,inner,True,,,,,,0.01,6.0,,
3350,E0_R,native128,P_bal,mlp32,native,1.0,1.0,inner,True,,,,,,0.1,6.0,,
3351,E0_R,native128,P_bal,mlp32,native,1.0,1.0,inner,True,,,,,,1.0,6.0,,
3352,E0_R,native128,P_bal,mlp32,native,1.0,1.0,inner,True,,,,,,10.0,6.0,,
3353,E0_R,native128,P_bal,mlp32,native,1.0,2.0,inner,True,,,,,,0.01,6.0,,
3354,E0_R,native128,P_bal,mlp32,native,1.0,2.0,inner,True,,,,,,0.1,6.0,,
3355,E0_R,native128,P_bal,mlp32,native,1.0,2.0,inner,True,,,,,,1.0,6.0,,
3356,E0_R,native128,P_bal,mlp32,native,1.0,2.0,inner,True,,,,,,10.0,6.0,,
3357,E0_R,native128,P_bal,mlp32,native,1.0,,final_all_alpha,True,,,,,,0.01,6.0,,
3358,E0_R,native128,P_bal,mlp32,native,1.0,,final_all_alpha,True,,,,,,0.1,6.0,,
3359,E0_R,native128,P_bal,mlp32,native,1.0,,final_all_alpha,True,,,,,,1.0,6.0,,
3360,E0_R,native128,P_bal,mlp32,native,1.0,,final_all_alpha,True,,,,,,10.0,6.0,,
3361,E0_R,native128,P_bal,mlp32,native,2.0,0.0,inner,True,,,,,,0.01,6.0,,
3362,E0_R,native128,P_bal,mlp32,native,2.0,0.0,inner,True,,,,,,0.1,6.0,,
3363,E0_R,native128,P_bal,mlp32,native,2.0,0.0,inner,True,,,,,,1.0,6.0,,
3364,E0_R,native128,P_bal,mlp32,native,2.0,0.0,inner,True,,,,,,10.0,6.0,,
3365,E0_R,native128,P_bal,mlp32,native,2.0,1.0,inner,True,,,,,,0.01,6.0,,
3366,E0_R,native128,P_bal,mlp32,native,2.0,1.0,inner,True,,,,,,0.1,6.0,,
3367,E0_R,native128,P_bal,mlp32,native,2.0,1.0,inner,True,,,,,,1.0,6.0,,
3368,E0_R,native128,P_bal,mlp32,native,2.0,1.0,inner,True,,,,,,10.0,6.0,,
3369,E0_R,native128,P_bal,mlp32,native,2.0,2.0,inner,True,,,,,,0.01,6.0,,
3370,E0_R,native128,P_bal,mlp32,native,2.0,2.0,inner,True,,,,,,0.1,6.0,,
3371,E0_R,native128,P_bal,mlp32,native,2.0,2.0,inner,True,,,,,,1.0,6.0,,
3372,E0_R,native128,P_bal,mlp32,native,2.0,2.0,inner,True,,,,,,10.0,6.0,,
3373,E0_R,native128,P_bal,mlp32,native,2.0,,final_all_alpha,True,,,,,,0.01,6.0,,
3374,E0_R,native128,P_bal,mlp32,native,2.0,,final_all_alpha,True,,,,,,0.1,6.0,,
3375,E0_R,native128,P_bal,mlp32,native,2.0,,final_all_alpha,True,,,,,,1.0,6.0,,
3376,E0_R,native128,P_bal,mlp32,native,2.0,,final_all_alpha,True,,,,,,10.0,6.0,,
3377,E0_R,native128,P_bal,mlp32,native,3.0,0.0,inner,True,,,,,,0.01,6.0,,
3378,E0_R,native128,P_bal,mlp32,native,3.0,0.0,inner,True,,,,,,0.1,6.0,,
3379,E0_R,native128,P_bal,mlp32,native,3.0,0.0,inner,True,,,,,,1.0,6.0,,
3380,E0_R,native128,P_bal,mlp32,native,3.0,0.0,inner,True,,,,,,10.0,6.0,,
3381,E0_R,native128,P_bal,mlp32,native,3.0,1.0,inner,True,,,,,,0.01,6.0,,
3382,E0_R,native128,P_bal,mlp32,native,3.0,1.0,inner,True,,,,,,0.1,6.0,,
3383,E0_R,native128,P_bal,mlp32,native,3.0,1.0,inner,True,,,,,,1.0,6.0,,
3384,E0_R,native128,P_bal,mlp32,native,3.0,1.0,inner,True,,,,,,10.0,6.0,,
3385,E0_R,native128,P_bal,mlp32,native,3.0,2.0,inner,True,,,,,,0.01,6.0,,
3386,E0_R,native128,P_bal,mlp32,native,3.0,2.0,inner,True,,,,,,0.1,6.0,,
3387,E0_R,native128,P_bal,mlp32,native,3.0,2.0,inner,True,,,,,,1.0,6.0,,
3388,E0_R,native128,P_bal,mlp32,native,3.0,2.0,inner,True,,,,,,10.0,6.0,,
3389,E0_R,native128,P_bal,mlp32,native,3.0,,final_all_alpha,True,,,,,,0.01,6.0,,
3390,E0_R,native128,P_bal,mlp32,native,3.0,,final_all_alpha,True,,,,,,0.1,6.0,,
3391,E0_R,native128,P_bal,mlp32,native,3.0,,final_all_alpha,True,,,,,,1.0,6.0,,
3392,E0_R,native128,P_bal,mlp32,native,3.0,,final_all_alpha,True,,,,,,10.0,6.0,,
3393,E0_R,native128,P_bal,mlp32,native,0.0,0.0,inner,True,,,,,,0.01,7.0,,
3394,E0_R,native128,P_bal,mlp32,native,0.0,0.0,inner,True,,,,,,0.1,7.0,,
3395,E0_R,native128,P_bal,mlp32,native,0.0,0.0,inner,True,,,,,,1.0,7.0,,
3396,E0_R,native128,P_bal,mlp32,native,0.0,0.0,inner,True,,,,,,10.0,7.0,,
3397,E0_R,native128,P_bal,mlp32,native,0.0,1.0,inner,True,,,,,,0.01,7.0,,
3398,E0_R,native128,P_bal,mlp32,native,0.0,1.0,inner,True,,,,,,0.1,7.0,,
3399,E0_R,native128,P_bal,mlp32,native,0.0,1.0,inner,True,,,,,,1.0,7.0,,
3400,E0_R,native128,P_bal,mlp32,native,0.0,1.0,inner,True,,,,,,10.0,7.0,,
3401,E0_R,native128,P_bal,mlp32,native,0.0,2.0,inner,True,,,,,,0.01,7.0,,
3402,E0_R,native128,P_bal,mlp32,native,0.0,2.0,inner,True,,,,,,0.1,7.0,,
3403,E0_R,native128,P_bal,mlp32,native,0.0,2.0,inner,True,,,,,,1.0,7.0,,
3404,E0_R,native128,P_bal,mlp32,native,0.0,2.0,inner,True,,,,,,10.0,7.0,,
3405,E0_R,native128,P_bal,mlp32,native,0.0,,final_all_alpha,True,,,,,,0.01,7.0,,
3406,E0_R,native128,P_bal,mlp32,native,0.0,,final_all_alpha,True,,,,,,0.1,7.0,,
3407,E0_R,native128,P_bal,mlp32,native,0.0,,final_all_alpha,True,,,,,,1.0,7.0,,
3408,E0_R,native128,P_bal,mlp32,native,0.0,,final_all_alpha,True,,,,,,10.0,7.0,,
3409,E0_R,native128,P_bal,mlp32,native,1.0,0.0,inner,True,,,,,,0.01,7.0,,
3410,E0_R,native128,P_bal,mlp32,native,1.0,0.0,inner,True,,,,,,0.1,7.0,,
3411,E0_R,native128,P_bal,mlp32,native,1.0,0.0,inner,True,,,,,,1.0,7.0,,
3412,E0_R,native128,P_bal,mlp32,native,1.0,0.0,inner,True,,,,,,10.0,7.0,,
3413,E0_R,native128,P_bal,mlp32,native,1.0,1.0,inner,True,,,,,,0.01,7.0,,
3414,E0_R,native128,P_bal,mlp32,native,1.0,1.0,inner,True,,,,,,0.1,7.0,,
3415,E0_R,native128,P_bal,mlp32,native,1.0,1.0,inner,True,,,,,,1.0,7.0,,
3416,E0_R,native128,P_bal,mlp32,native,1.0,1.0,inner,True,,,,,,10.0,7.0,,
3417,E0_R,native128,P_bal,mlp32,native,1.0,2.0,inner,True,,,,,,0.01,7.0,,
3418,E0_R,native128,P_bal,mlp32,native,1.0,2.0,inner,True,,,,,,0.1,7.0,,
3419,E0_R,native128,P_bal,mlp32,native,1.0,2.0,inner,True,,,,,,1.0,7.0,,
3420,E0_R,native128,P_bal,mlp32,native,1.0,2.0,inner,True,,,,,,10.0,7.0,,
3421,E0_R,native128,P_bal,mlp32,native,1.0,,final_all_alpha,True,,,,,,0.01,7.0,,
3422,E0_R,native128,P_bal,mlp32,native,1.0,,final_all_alpha,True,,,,,,0.1,7.0,,
3423,E0_R,native128,P_bal,mlp32,native,1.0,,final_all_alpha,True,,,,,,1.0,7.0,,
3424,E0_R,native128,P_bal,mlp32,native,1.0,,final_all_alpha,True,,,,,,10.0,7.0,,
3425,E0_R,native128,P_bal,mlp32,native,2.0,0.0,inner,True,,,,,,0.01,7.0,,
3426,E0_R,native128,P_bal,mlp32,native,2.0,0.0,inner,True,,,,,,0.1,7.0,,
3427,E0_R,native128,P_bal,mlp32,native,2.0,0.0,inner,True,,,,,,1.0,7.0,,
3428,E0_R,native128,P_bal,mlp32,native,2.0,0.0,inner,True,,,,,,10.0,7.0,,
3429,E0_R,native128,P_bal,mlp32,native,2.0,1.0,inner,True,,,,,,0.01,7.0,,
3430,E0_R,native128,P_bal,mlp32,native,2.0,1.0,inner,True,,,,,,0.1,7.0,,
3431,E0_R,native128,P_bal,mlp32,native,2.0,1.0,inner,True,,,,,,1.0,7.0,,
3432,E0_R,native128,P_bal,mlp32,native,2.0,1.0,inner,True,,,,,,10.0,7.0,,
3433,E0_R,native128,P_bal,mlp32,native,2.0,2.0,inner,True,,,,,,0.01,7.0,,
3434,E0_R,native128,P_bal,mlp32,native,2.0,2.0,inner,True,,,,,,0.1,7.0,,
3435,E0_R,native128,P_bal,mlp32,native,2.0,2.0,inner,True,,,,,,1.0,7.0,,
3436,E0_R,native128,P_bal,mlp32,native,2.0,2.0,inner,True,,,,,,10.0,7.0,,
3437,E0_R,native128,P_bal,mlp32,native,2.0,,final_all_alpha,True,,,,,,0.01,7.0,,
3438,E0_R,native128,P_bal,mlp32,native,2.0,,final_all_alpha,True,,,,,,0.1,7.0,,
3439,E0_R,native128,P_bal,mlp32,native,2.0,,final_all_alpha,True,,,,,,1.0,7.0,,
3440,E0_R,native128,P_bal,mlp32,native,2.0,,final_all_alpha,True,,,,,,10.0,7.0,,
3441,E0_R,native128,P_bal,mlp32,native,3.0,0.0,inner,True,,,,,,0.01,7.0,,
3442,E0_R,native128,P_bal,mlp32,native,3.0,0.0,inner,True,,,,,,0.1,7.0,,
3443,E0_R,native128,P_bal,mlp32,native,3.0,0.0,inner,True,,,,,,1.0,7.0,,
3444,E0_R,native128,P_bal,mlp32,native,3.0,0.0,inner,True,,,,,,10.0,7.0,,
3445,E0_R,native128,P_bal,mlp32,native,3.0,1.0,inner,True,,,,,,0.01,7.0,,
3446,E0_R,native128,P_bal,mlp32,native,3.0,1.0,inner,True,,,,,,0.1,7.0,,
3447,E0_R,native128,P_bal,mlp32,native,3.0,1.0,inner,True,,,,,,1.0,7.0,,
3448,E0_R,native128,P_bal,mlp32,native,3.0,1.0,inner,True,,,,,,10.0,7.0,,
3449,E0_R,native128,P_bal,mlp32,native,3.0,2.0,inner,True,,,,,,0.01,7.0,,
3450,E0_R,native128,P_bal,mlp32,native,3.0,2.0,inner,True,,,,,,0.1,7.0,,
3451,E0_R,native128,P_bal,mlp32,native,3.0,2.0,inner,True,,,,,,1.0,7.0,,
3452,E0_R,native128,P_bal,mlp32,native,3.0,2.0,inner,True,,,,,,10.0,7.0,,
3453,E0_R,native128,P_bal,mlp32,native,3.0,,final_all_alpha,True,,,,,,0.01,7.0,,
3454,E0_R,native128,P_bal,mlp32,native,3.0,,final_all_alpha,True,,,,,,0.1,7.0,,
3455,E0_R,native128,P_bal,mlp32,native,3.0,,final_all_alpha,True,,,,,,1.0,7.0,,
3456,E0_R,native128,P_bal,mlp32,native,3.0,,final_all_alpha,True,,,,,,10.0,7.0,,
3457,E0_R,native128,P_bal,mlp32,native,0.0,0.0,inner,True,,,,,,0.01,8.0,,
3458,E0_R,native128,P_bal,mlp32,native,0.0,0.0,inner,True,,,,,,0.1,8.0,,
3459,E0_R,native128,P_bal,mlp32,native,0.0,0.0,inner,True,,,,,,1.0,8.0,,
3460,E0_R,native128,P_bal,mlp32,native,0.0,0.0,inner,True,,,,,,10.0,8.0,,
3461,E0_R,native128,P_bal,mlp32,native,0.0,1.0,inner,True,,,,,,0.01,8.0,,
3462,E0_R,native128,P_bal,mlp32,native,0.0,1.0,inner,True,,,,,,0.1,8.0,,
3463,E0_R,native128,P_bal,mlp32,native,0.0,1.0,inner,True,,,,,,1.0,8.0,,
3464,E0_R,native128,P_bal,mlp32,native,0.0,1.0,inner,True,,,,,,10.0,8.0,,
3465,E0_R,native128,P_bal,mlp32,native,0.0,2.0,inner,True,,,,,,0.01,8.0,,
3466,E0_R,native128,P_bal,mlp32,native,0.0,2.0,inner,True,,,,,,0.1,8.0,,
3467,E0_R,native128,P_bal,mlp32,native,0.0,2.0,inner,True,,,,,,1.0,8.0,,
3468,E0_R,native128,P_bal,mlp32,native,0.0,2.0,inner,True,,,,,,10.0,8.0,,
3469,E0_R,native128,P_bal,mlp32,native,0.0,,final_all_alpha,True,,,,,,0.01,8.0,,
3470,E0_R,native128,P_bal,mlp32,native,0.0,,final_all_alpha,True,,,,,,0.1,8.0,,
3471,E0_R,native128,P_bal,mlp32,native,0.0,,final_all_alpha,True,,,,,,1.0,8.0,,
3472,E0_R,native128,P_bal,mlp32,native,0.0,,final_all_alpha,True,,,,,,10.0,8.0,,
3473,E0_R,native128,P_bal,mlp32,native,1.0,0.0,inner,True,,,,,,0.01,8.0,,
3474,E0_R,native128,P_bal,mlp32,native,1.0,0.0,inner,True,,,,,,0.1,8.0,,
3475,E0_R,native128,P_bal,mlp32,native,1.0,0.0,inner,True,,,,,,1.0,8.0,,
3476,E0_R,native128,P_bal,mlp32,native,1.0,0.0,inner,True,,,,,,10.0,8.0,,
3477,E0_R,native128,P_bal,mlp32,native,1.0,1.0,inner,True,,,,,,0.01,8.0,,
3478,E0_R,native128,P_bal,mlp32,native,1.0,1.0,inner,True,,,,,,0.1,8.0,,
3479,E0_R,native128,P_bal,mlp32,native,1.0,1.0,inner,True,,,,,,1.0,8.0,,
3480,E0_R,native128,P_bal,mlp32,native,1.0,1.0,inner,True,,,,,,10.0,8.0,,
3481,E0_R,native128,P_bal,mlp32,native,1.0,2.0,inner,True,,,,,,0.01,8.0,,
3482,E0_R,native128,P_bal,mlp32,native,1.0,2.0,inner,True,,,,,,0.1,8.0,,
3483,E0_R,native128,P_bal,mlp32,native,1.0,2.0,inner,True,,,,,,1.0,8.0,,
3484,E0_R,native128,P_bal,mlp32,native,1.0,2.0,inner,True,,,,,,10.0,8.0,,
3485,E0_R,native128,P_bal,mlp32,native,1.0,,final_all_alpha,True,,,,,,0.01,8.0,,
3486,E0_R,native128,P_bal,mlp32,native,1.0,,final_all_alpha,True,,,,,,0.1,8.0,,
3487,E0_R,native128,P_bal,mlp32,native,1.0,,final_all_alpha,True,,,,,,1.0,8.0,,
3488,E0_R,native128,P_bal,mlp32,native,1.0,,final_all_alpha,True,,,,,,10.0,8.0,,
3489,E0_R,native128,P_bal,mlp32,native,2.0,0.0,inner,True,,,,,,0.01,8.0,,
3490,E0_R,native128,P_bal,mlp32,native,2.0,0.0,inner,True,,,,,,0.1,8.0,,
3491,E0_R,native128,P_bal,mlp32,native,2.0,0.0,inner,True,,,,,,1.0,8.0,,
3492,E0_R,native128,P_bal,mlp32,native,2.0,0.0,inner,True,,,,,,10.0,8.0,,
3493,E0_R,native128,P_bal,mlp32,native,2.0,1.0,inner,True,,,,,,0.01,8.0,,
3494,E0_R,native128,P_bal,mlp32,native,2.0,1.0,inner,True,,,,,,0.1,8.0,,
3495,E0_R,native128,P_bal,mlp32,native,2.0,1.0,inner,True,,,,,,1.0,8.0,,
3496,E0_R,native128,P_bal,mlp32,native,2.0,1.0,inner,True,,,,,,10.0,8.0,,
3497,E0_R,native128,P_bal,mlp32,native,2.0,2.0,inner,True,,,,,,0.01,8.0,,
3498,E0_R,native128,P_bal,mlp32,native,2.0,2.0,inner,True,,,,,,0.1,8.0,,
3499,E0_R,native128,P_bal,mlp32,native,2.0,2.0,inner,True,,,,,,1.0,8.0,,
3500,E0_R,native128,P_bal,mlp32,native,2.0,2.0,inner,True,,,,,,10.0,8.0,,
3501,E0_R,native128,P_bal,mlp32,native,2.0,,final_all_alpha,True,,,,,,0.01,8.0,,
3502,E0_R,native128,P_bal,mlp32,native,2.0,,final_all_alpha,True,,,,,,0.1,8.0,,
3503,E0_R,native128,P_bal,mlp32,native,2.0,,final_all_alpha,True,,,,,,1.0,8.0,,
3504,E0_R,native128,P_bal,mlp32,native,2.0,,final_all_alpha,True,,,,,,10.0,8.0,,
3505,E0_R,native128,P_bal,mlp32,native,3.0,0.0,inner,True,,,,,,0.01,8.0,,
3506,E0_R,native128,P_bal,mlp32,native,3.0,0.0,inner,True,,,,,,0.1,8.0,,
3507,E0_R,native128,P_bal,mlp32,native,3.0,0.0,inner,True,,,,,,1.0,8.0,,
3508,E0_R,native128,P_bal,mlp32,native,3.0,0.0,inner,True,,,,,,10.0,8.0,,
3509,E0_R,native128,P_bal,mlp32,native,3.0,1.0,inner,True,,,,,,0.01,8.0,,
3510,E0_R,native128,P_bal,mlp32,native,3.0,1.0,inner,True,,,,,,0.1,8.0,,
3511,E0_R,native128,P_bal,mlp32,native,3.0,1.0,inner,True,,,,,,1.0,8.0,,
3512,E0_R,native128,P_bal,mlp32,native,3.0,1.0,inner,True,,,,,,10.0,8.0,,
3513,E0_R,native128,P_bal,mlp32,native,3.0,2.0,inner,True,,,,,,0.01,8.0,,
3514,E0_R,native128,P_bal,mlp32,native,3.0,2.0,inner,True,,,,,,0.1,8.0,,
3515,E0_R,native128,P_bal,mlp32,native,3.0,2.0,inner,True,,,,,,1.0,8.0,,
3516,E0_R,native128,P_bal,mlp32,native,3.0,2.0,inner,True,,,,,,10.0,8.0,,
3517,E0_R,native128,P_bal,mlp32,native,3.0,,final_all_alpha,True,,,,,,0.01,8.0,,
3518,E0_R,native128,P_bal,mlp32,native,3.0,,final_all_alpha,True,,,,,,0.1,8.0,,
3519,E0_R,native128,P_bal,mlp32,native,3.0,,final_all_alpha,True,,,,,,1.0,8.0,,
3520,E0_R,native128,P_bal,mlp32,native,3.0,,final_all_alpha,True,,,,,,10.0,8.0,,
3521,E0_R,native128,P_bal,mlp32,native,0.0,0.0,inner,True,,,,,,0.01,9.0,,
3522,E0_R,native128,P_bal,mlp32,native,0.0,0.0,inner,True,,,,,,0.1,9.0,,
3523,E0_R,native128,P_bal,mlp32,native,0.0,0.0,inner,True,,,,,,1.0,9.0,,
3524,E0_R,native128,P_bal,mlp32,native,0.0,0.0,inner,True,,,,,,10.0,9.0,,
3525,E0_R,native128,P_bal,mlp32,native,0.0,1.0,inner,True,,,,,,0.01,9.0,,
3526,E0_R,native128,P_bal,mlp32,native,0.0,1.0,inner,True,,,,,,0.1,9.0,,
3527,E0_R,native128,P_bal,mlp32,native,0.0,1.0,inner,True,,,,,,1.0,9.0,,
3528,E0_R,native128,P_bal,mlp32,native,0.0,1.0,inner,True,,,,,,10.0,9.0,,
3529,E0_R,native128,P_bal,mlp32,native,0.0,2.0,inner,True,,,,,,0.01,9.0,,
3530,E0_R,native128,P_bal,mlp32,native,0.0,2.0,inner,True,,,,,,0.1,9.0,,
3531,E0_R,native128,P_bal,mlp32,native,0.0,2.0,inner,True,,,,,,1.0,9.0,,
3532,E0_R,native128,P_bal,mlp32,native,0.0,2.0,inner,True,,,,,,10.0,9.0,,
3533,E0_R,native128,P_bal,mlp32,native,0.0,,final_all_alpha,True,,,,,,0.01,9.0,,
3534,E0_R,native128,P_bal,mlp32,native,0.0,,final_all_alpha,True,,,,,,0.1,9.0,,
3535,E0_R,native128,P_bal,mlp32,native,0.0,,final_all_alpha,True,,,,,,1.0,9.0,,
3536,E0_R,native128,P_bal,mlp32,native,0.0,,final_all_alpha,True,,,,,,10.0,9.0,,
3537,E0_R,native128,P_bal,mlp32,native,1.0,0.0,inner,True,,,,,,0.01,9.0,,
3538,E0_R,native128,P_bal,mlp32,native,1.0,0.0,inner,True,,,,,,0.1,9.0,,
3539,E0_R,native128,P_bal,mlp32,native,1.0,0.0,inner,True,,,,,,1.0,9.0,,
3540,E0_R,native128,P_bal,mlp32,native,1.0,0.0,inner,True,,,,,,10.0,9.0,,
3541,E0_R,native128,P_bal,mlp32,native,1.0,1.0,inner,True,,,,,,0.01,9.0,,
3542,E0_R,native128,P_bal,mlp32,native,1.0,1.0,inner,True,,,,,,0.1,9.0,,
3543,E0_R,native128,P_bal,mlp32,native,1.0,1.0,inner,True,,,,,,1.0,9.0,,
3544,E0_R,native128,P_bal,mlp32,native,1.0,1.0,inner,True,,,,,,10.0,9.0,,
3545,E0_R,native128,P_bal,mlp32,native,1.0,2.0,inner,True,,,,,,0.01,9.0,,
3546,E0_R,native128,P_bal,mlp32,native,1.0,2.0,inner,True,,,,,,0.1,9.0,,
3547,E0_R,native128,P_bal,mlp32,native,1.0,2.0,inner,True,,,,,,1.0,9.0,,
3548,E0_R,native128,P_bal,mlp32,native,1.0,2.0,inner,True,,,,,,10.0,9.0,,
3549,E0_R,native128,P_bal,mlp32,native,1.0,,final_all_alpha,True,,,,,,0.01,9.0,,
3550,E0_R,native128,P_bal,mlp32,native,1.0,,final_all_alpha,True,,,,,,0.1,9.0,,
3551,E0_R,native128,P_bal,mlp32,native,1.0,,final_all_alpha,True,,,,,,1.0,9.0,,
3552,E0_R,native128,P_bal,mlp32,native,1.0,,final_all_alpha,True,,,,,,10.0,9.0,,
3553,E0_R,native128,P_bal,mlp32,native,2.0,0.0,inner,True,,,,,,0.01,9.0,,
3554,E0_R,native128,P_bal,mlp32,native,2.0,0.0,inner,True,,,,,,0.1,9.0,,
3555,E0_R,native128,P_bal,mlp32,native,2.0,0.0,inner,True,,,,,,1.0,9.0,,
3556,E0_R,native128,P_bal,mlp32,native,2.0,0.0,inner,True,,,,,,10.0,9.0,,
3557,E0_R,native128,P_bal,mlp32,native,2.0,1.0,inner,True,,,,,,0.01,9.0,,
3558,E0_R,native128,P_bal,mlp32,native,2.0,1.0,inner,True,,,,,,0.1,9.0,,
3559,E0_R,native128,P_bal,mlp32,native,2.0,1.0,inner,True,,,,,,1.0,9.0,,
3560,E0_R,native128,P_bal,mlp32,native,2.0,1.0,inner,True,,,,,,10.0,9.0,,
3561,E0_R,native128,P_bal,mlp32,native,2.0,2.0,inner,True,,,,,,0.01,9.0,,
3562,E0_R,native128,P_bal,mlp32,native,2.0,2.0,inner,True,,,,,,0.1,9.0,,
3563,E0_R,native128,P_bal,mlp32,native,2.0,2.0,inner,True,,,,,,1.0,9.0,,
3564,E0_R,native128,P_bal,mlp32,native,2.0,2.0,inner,True,,,,,,10.0,9.0,,
3565,E0_R,native128,P_bal,mlp32,native,2.0,,final_all_alpha,True,,,,,,0.01,9.0,,
3566,E0_R,native128,P_bal,mlp32,native,2.0,,final_all_alpha,True,,,,,,0.1,9.0,,
3567,E0_R,native128,P_bal,mlp32,native,2.0,,final_all_alpha,True,,,,,,1.0,9.0,,
3568,E0_R,native128,P_bal,mlp32,native,2.0,,final_all_alpha,True,,,,,,10.0,9.0,,
3569,E0_R,native128,P_bal,mlp32,native,3.0,0.0,inner,True,,,,,,0.01,9.0,,
3570,E0_R,native128,P_bal,mlp32,native,3.0,0.0,inner,True,,,,,,0.1,9.0,,
3571,E0_R,native128,P_bal,mlp32,native,3.0,0.0,inner,True,,,,,,1.0,9.0,,
3572,E0_R,native128,P_bal,mlp32,native,3.0,0.0,inner,True,,,,,,10.0,9.0,,
3573,E0_R,native128,P_bal,mlp32,native,3.0,1.0,inner,True,,,,,,0.01,9.0,,
3574,E0_R,native128,P_bal,mlp32,native,3.0,1.0,inner,True,,,,,,0.1,9.0,,
3575,E0_R,native128,P_bal,mlp32,native,3.0,1.0,inner,True,,,,,,1.0,9.0,,
3576,E0_R,native128,P_bal,mlp32,native,3.0,1.0,inner,True,,,,,,10.0,9.0,,
3577,E0_R,native128,P_bal,mlp32,native,3.0,2.0,inner,True,,,,,,0.01,9.0,,
3578,E0_R,native128,P_bal,mlp32,native,3.0,2.0,inner,True,,,,,,0.1,9.0,,
3579,E0_R,native128,P_bal,mlp32,native,3.0,2.0,inner,True,,,,,,1.0,9.0,,
3580,E0_R,native128,P_bal,mlp32,native,3.0,2.0,inner,True,,,,,,10.0,9.0,,
3581,E0_R,native128,P_bal,mlp32,native,3.0,,final_all_alpha,True,,,,,,0.01,9.0,,
3582,E0_R,native128,P_bal,mlp32,native,3.0,,final_all_alpha,True,,,,,,0.1,9.0,,
3583,E0_R,native128,P_bal,mlp32,native,3.0,,final_all_alpha,True,,,,,,1.0,9.0,,
3584,E0_R,native128,P_bal,mlp32,native,3.0,,final_all_alpha,True,,,,,,10.0,9.0,,
3585,E0_R,native128,P_bal,mlp32,native,0.0,0.0,inner,True,,,,,,0.01,10.0,,
3586,E0_R,native128,P_bal,mlp32,native,0.0,0.0,inner,True,,,,,,0.1,10.0,,
3587,E0_R,native128,P_bal,mlp32,native,0.0,0.0,inner,True,,,,,,1.0,10.0,,
3588,E0_R,native128,P_bal,mlp32,native,0.0,0.0,inner,True,,,,,,10.0,10.0,,
3589,E0_R,native128,P_bal,mlp32,native,0.0,1.0,inner,True,,,,,,0.01,10.0,,
3590,E0_R,native128,P_bal,mlp32,native,0.0,1.0,inner,True,,,,,,0.1,10.0,,
3591,E0_R,native128,P_bal,mlp32,native,0.0,1.0,inner,True,,,,,,1.0,10.0,,
3592,E0_R,native128,P_bal,mlp32,native,0.0,1.0,inner,True,,,,,,10.0,10.0,,
3593,E0_R,native128,P_bal,mlp32,native,0.0,2.0,inner,True,,,,,,0.01,10.0,,
3594,E0_R,native128,P_bal,mlp32,native,0.0,2.0,inner,True,,,,,,0.1,10.0,,
3595,E0_R,native128,P_bal,mlp32,native,0.0,2.0,inner,True,,,,,,1.0,10.0,,
3596,E0_R,native128,P_bal,mlp32,native,0.0,2.0,inner,True,,,,,,10.0,10.0,,
3597,E0_R,native128,P_bal,mlp32,native,0.0,,final_all_alpha,True,,,,,,0.01,10.0,,
3598,E0_R,native128,P_bal,mlp32,native,0.0,,final_all_alpha,True,,,,,,0.1,10.0,,
3599,E0_R,native128,P_bal,mlp32,native,0.0,,final_all_alpha,True,,,,,,1.0,10.0,,
3600,E0_R,native128,P_bal,mlp32,native,0.0,,final_all_alpha,True,,,,,,10.0,10.0,,
3601,E0_R,native128,P_bal,mlp32,native,1.0,0.0,inner,True,,,,,,0.01,10.0,,
3602,E0_R,native128,P_bal,mlp32,native,1.0,0.0,inner,True,,,,,,0.1,10.0,,
3603,E0_R,native128,P_bal,mlp32,native,1.0,0.0,inner,True,,,,,,1.0,10.0,,
3604,E0_R,native128,P_bal,mlp32,native,1.0,0.0,inner,True,,,,,,10.0,10.0,,
3605,E0_R,native128,P_bal,mlp32,native,1.0,1.0,inner,True,,,,,,0.01,10.0,,
3606,E0_R,native128,P_bal,mlp32,native,1.0,1.0,inner,True,,,,,,0.1,10.0,,
3607,E0_R,native128,P_bal,mlp32,native,1.0,1.0,inner,True,,,,,,1.0,10.0,,
3608,E0_R,native128,P_bal,mlp32,native,1.0,1.0,inner,True,,,,,,10.0,10.0,,
3609,E0_R,native128,P_bal,mlp32,native,1.0,2.0,inner,True,,,,,,0.01,10.0,,
3610,E0_R,native128,P_bal,mlp32,native,1.0,2.0,inner,True,,,,,,0.1,10.0,,
3611,E0_R,native128,P_bal,mlp32,native,1.0,2.0,inner,True,,,,,,1.0,10.0,,
3612,E0_R,native128,P_bal,mlp32,native,1.0,2.0,inner,True,,,,,,10.0,10.0,,
3613,E0_R,native128,P_bal,mlp32,native,1.0,,final_all_alpha,True,,,,,,0.01,10.0,,
3614,E0_R,native128,P_bal,mlp32,native,1.0,,final_all_alpha,True,,,,,,0.1,10.0,,
3615,E0_R,native128,P_bal,mlp32,native,1.0,,final_all_alpha,True,,,,,,1.0,10.0,,
3616,E0_R,native128,P_bal,mlp32,native,1.0,,final_all_alpha,True,,,,,,10.0,10.0,,
3617,E0_R,native128,P_bal,mlp32,native,2.0,0.0,inner,True,,,,,,0.01,10.0,,
3618,E0_R,native128,P_bal,mlp32,native,2.0,0.0,inner,True,,,,,,0.1,10.0,,
3619,E0_R,native128,P_bal,mlp32,native,2.0,0.0,inner,True,,,,,,1.0,10.0,,
3620,E0_R,native128,P_bal,mlp32,native,2.0,0.0,inner,True,,,,,,10.0,10.0,,
3621,E0_R,native128,P_bal,mlp32,native,2.0,1.0,inner,True,,,,,,0.01,10.0,,
3622,E0_R,native128,P_bal,mlp32,native,2.0,1.0,inner,True,,,,,,0.1,10.0,,
3623,E0_R,native128,P_bal,mlp32,native,2.0,1.0,inner,True,,,,,,1.0,10.0,,
3624,E0_R,native128,P_bal,mlp32,native,2.0,1.0,inner,True,,,,,,10.0,10.0,,
3625,E0_R,native128,P_bal,mlp32,native,2.0,2.0,inner,True,,,,,,0.01,10.0,,
3626,E0_R,native128,P_bal,mlp32,native,2.0,2.0,inner,True,,,,,,0.1,10.0,,
3627,E0_R,native128,P_bal,mlp32,native,2.0,2.0,inner,True,,,,,,1.0,10.0,,
3628,E0_R,native128,P_bal,mlp32,native,2.0,2.0,inner,True,,,,,,10.0,10.0,,
3629,E0_R,native128,P_bal,mlp32,native,2.0,,final_all_alpha,True,,,,,,0.01,10.0,,
3630,E0_R,native128,P_bal,mlp32,native,2.0,,final_all_alpha,True,,,,,,0.1,10.0,,
3631,E0_R,native128,P_bal,mlp32,native,2.0,,final_all_alpha,True,,,,,,1.0,10.0,,
3632,E0_R,native128,P_bal,mlp32,native,2.0,,final_all_alpha,True,,,,,,10.0,10.0,,
3633,E0_R,native128,P_bal,mlp32,native,3.0,0.0,inner,True,,,,,,0.01,10.0,,
3634,E0_R,native128,P_bal,mlp32,native,3.0,0.0,inner,True,,,,,,0.1,10.0,,
3635,E0_R,native128,P_bal,mlp32,native,3.0,0.0,inner,True,,,,,,1.0,10.0,,
3636,E0_R,native128,P_bal,mlp32,native,3.0,0.0,inner,True,,,,,,10.0,10.0,,
3637,E0_R,native128,P_bal,mlp32,native,3.0,1.0,inner,True,,,,,,0.01,10.0,,
3638,E0_R,native128,P_bal,mlp32,native,3.0,1.0,inner,True,,,,,,0.1,10.0,,
3639,E0_R,native128,P_bal,mlp32,native,3.0,1.0,inner,True,,,,,,1.0,10.0,,
3640,E0_R,native128,P_bal,mlp32,native,3.0,1.0,inner,True,,,,,,10.0,10.0,,
3641,E0_R,native128,P_bal,mlp32,native,3.0,2.0,inner,True,,,,,,0.01,10.0,,
3642,E0_R,native128,P_bal,mlp32,native,3.0,2.0,inner,True,,,,,,0.1,10.0,,
3643,E0_R,native128,P_bal,mlp32,native,3.0,2.0,inner,True,,,,,,1.0,10.0,,
3644,E0_R,native128,P_bal,mlp32,native,3.0,2.0,inner,True,,,,,,10.0,10.0,,
3645,E0_R,native128,P_bal,mlp32,native,3.0,,final_all_alpha,True,,,,,,0.01,10.0,,
3646,E0_R,native128,P_bal,mlp32,native,3.0,,final_all_alpha,True,,,,,,0.1,10.0,,
3647,E0_R,native128,P_bal,mlp32,native,3.0,,final_all_alpha,True,,,,,,1.0,10.0,,
3648,E0_R,native128,P_bal,mlp32,native,3.0,,final_all_alpha,True,,,,,,10.0,10.0,,
3649,E0_R,native128,P_bal,mlp32,native,0.0,0.0,inner,True,,,,,,0.01,11.0,,
3650,E0_R,native128,P_bal,mlp32,native,0.0,0.0,inner,True,,,,,,0.1,11.0,,
3651,E0_R,native128,P_bal,mlp32,native,0.0,0.0,inner,True,,,,,,1.0,11.0,,
3652,E0_R,native128,P_bal,mlp32,native,0.0,0.0,inner,True,,,,,,10.0,11.0,,
3653,E0_R,native128,P_bal,mlp32,native,0.0,1.0,inner,True,,,,,,0.01,11.0,,
3654,E0_R,native128,P_bal,mlp32,native,0.0,1.0,inner,True,,,,,,0.1,11.0,,
3655,E0_R,native128,P_bal,mlp32,native,0.0,1.0,inner,True,,,,,,1.0,11.0,,
3656,E0_R,native128,P_bal,mlp32,native,0.0,1.0,inner,True,,,,,,10.0,11.0,,
3657,E0_R,native128,P_bal,mlp32,native,0.0,2.0,inner,True,,,,,,0.01,11.0,,
3658,E0_R,native128,P_bal,mlp32,native,0.0,2.0,inner,True,,,,,,0.1,11.0,,
3659,E0_R,native128,P_bal,mlp32,native,0.0,2.0,inner,True,,,,,,1.0,11.0,,
3660,E0_R,native128,P_bal,mlp32,native,0.0,2.0,inner,True,,,,,,10.0,11.0,,
3661,E0_R,native128,P_bal,mlp32,native,0.0,,final_all_alpha,True,,,,,,0.01,11.0,,
3662,E0_R,native128,P_bal,mlp32,native,0.0,,final_all_alpha,True,,,,,,0.1,11.0,,
3663,E0_R,native128,P_bal,mlp32,native,0.0,,final_all_alpha,True,,,,,,1.0,11.0,,
3664,E0_R,native128,P_bal,mlp32,native,0.0,,final_all_alpha,True,,,,,,10.0,11.0,,
3665,E0_R,native128,P_bal,mlp32,native,1.0,0.0,inner,True,,,,,,0.01,11.0,,
3666,E0_R,native128,P_bal,mlp32,native,1.0,0.0,inner,True,,,,,,0.1,11.0,,
3667,E0_R,native128,P_bal,mlp32,native,1.0,0.0,inner,True,,,,,,1.0,11.0,,
3668,E0_R,native128,P_bal,mlp32,native,1.0,0.0,inner,True,,,,,,10.0,11.0,,
3669,E0_R,native128,P_bal,mlp32,native,1.0,1.0,inner,True,,,,,,0.01,11.0,,
3670,E0_R,native128,P_bal,mlp32,native,1.0,1.0,inner,True,,,,,,0.1,11.0,,
3671,E0_R,native128,P_bal,mlp32,native,1.0,1.0,inner,True,,,,,,1.0,11.0,,
3672,E0_R,native128,P_bal,mlp32,native,1.0,1.0,inner,True,,,,,,10.0,11.0,,
3673,E0_R,native128,P_bal,mlp32,native,1.0,2.0,inner,True,,,,,,0.01,11.0,,
3674,E0_R,native128,P_bal,mlp32,native,1.0,2.0,inner,True,,,,,,0.1,11.0,,
3675,E0_R,native128,P_bal,mlp32,native,1.0,2.0,inner,True,,,,,,1.0,11.0,,
3676,E0_R,native128,P_bal,mlp32,native,1.0,2.0,inner,True,,,,,,10.0,11.0,,
3677,E0_R,native128,P_bal,mlp32,native,1.0,,final_all_alpha,True,,,,,,0.01,11.0,,
3678,E0_R,native128,P_bal,mlp32,native,1.0,,final_all_alpha,True,,,,,,0.1,11.0,,
3679,E0_R,native128,P_bal,mlp32,native,1.0,,final_all_alpha,True,,,,,,1.0,11.0,,
3680,E0_R,native128,P_bal,mlp32,native,1.0,,final_all_alpha,True,,,,,,10.0,11.0,,
3681,E0_R,native128,P_bal,mlp32,native,2.0,0.0,inner,True,,,,,,0.01,11.0,,
3682,E0_R,native128,P_bal,mlp32,native,2.0,0.0,inner,True,,,,,,0.1,11.0,,
3683,E0_R,native128,P_bal,mlp32,native,2.0,0.0,inner,True,,,,,,1.0,11.0,,
3684,E0_R,native128,P_bal,mlp32,native,2.0,0.0,inner,True,,,,,,10.0,11.0,,
3685,E0_R,native128,P_bal,mlp32,native,2.0,1.0,inner,True,,,,,,0.01,11.0,,
3686,E0_R,native128,P_bal,mlp32,native,2.0,1.0,inner,True,,,,,,0.1,11.0,,
3687,E0_R,native128,P_bal,mlp32,native,2.0,1.0,inner,True,,,,,,1.0,11.0,,
3688,E0_R,native128,P_bal,mlp32,native,2.0,1.0,inner,True,,,,,,10.0,11.0,,
3689,E0_R,native128,P_bal,mlp32,native,2.0,2.0,inner,True,,,,,,0.01,11.0,,
3690,E0_R,native128,P_bal,mlp32,native,2.0,2.0,inner,True,,,,,,0.1,11.0,,
3691,E0_R,native128,P_bal,mlp32,native,2.0,2.0,inner,True,,,,,,1.0,11.0,,
3692,E0_R,native128,P_bal,mlp32,native,2.0,2.0,inner,True,,,,,,10.0,11.0,,
3693,E0_R,native128,P_bal,mlp32,native,2.0,,final_all_alpha,True,,,,,,0.01,11.0,,
3694,E0_R,native128,P_bal,mlp32,native,2.0,,final_all_alpha,True,,,,,,0.1,11.0,,
3695,E0_R,native128,P_bal,mlp32,native,2.0,,final_all_alpha,True,,,,,,1.0,11.0,,
3696,E0_R,native128,P_bal,mlp32,native,2.0,,final_all_alpha,True,,,,,,10.0,11.0,,
3697,E0_R,native128,P_bal,mlp32,native,3.0,0.0,inner,True,,,,,,0.01,11.0,,
3698,E0_R,native128,P_bal,mlp32,native,3.0,0.0,inner,True,,,,,,0.1,11.0,,
3699,E0_R,native128,P_bal,mlp32,native,3.0,0.0,inner,True,,,,,,1.0,11.0,,
3700,E0_R,native128,P_bal,mlp32,native,3.0,0.0,inner,True,,,,,,10.0,11.0,,
3701,E0_R,native128,P_bal,mlp32,native,3.0,1.0,inner,True,,,,,,0.01,11.0,,
3702,E0_R,native128,P_bal,mlp32,native,3.0,1.0,inner,True,,,,,,0.1,11.0,,
3703,E0_R,native128,P_bal,mlp32,native,3.0,1.0,inner,True,,,,,,1.0,11.0,,
3704,E0_R,native128,P_bal,mlp32,native,3.0,1.0,inner,True,,,,,,10.0,11.0,,
3705,E0_R,native128,P_bal,mlp32,native,3.0,2.0,inner,True,,,,,,0.01,11.0,,
3706,E0_R,native128,P_bal,mlp32,native,3.0,2.0,inner,True,,,,,,0.1,11.0,,
3707,E0_R,native128,P_bal,mlp32,native,3.0,2.0,inner,True,,,,,,1.0,11.0,,
3708,E0_R,native128,P_bal,mlp32,native,3.0,2.0,inner,True,,,,,,10.0,11.0,,
3709,E0_R,native128,P_bal,mlp32,native,3.0,,final_all_alpha,True,,,,,,0.01,11.0,,
3710,E0_R,native128,P_bal,mlp32,native,3.0,,final_all_alpha,True,,,,,,0.1,11.0,,
3711,E0_R,native128,P_bal,mlp32,native,3.0,,final_all_alpha,True,,,,,,1.0,11.0,,
3712,E0_R,native128,P_bal,mlp32,native,3.0,,final_all_alpha,True,,,,,,10.0,11.0,,
3713,E0_R,native128,P_bal,mlp32,native,0.0,0.0,inner,True,,,,,,0.01,12.0,,
3714,E0_R,native128,P_bal,mlp32,native,0.0,0.0,inner,True,,,,,,0.1,12.0,,
3715,E0_R,native128,P_bal,mlp32,native,0.0,0.0,inner,True,,,,,,1.0,12.0,,
3716,E0_R,native128,P_bal,mlp32,native,0.0,0.0,inner,True,,,,,,10.0,12.0,,
3717,E0_R,native128,P_bal,mlp32,native,0.0,1.0,inner,True,,,,,,0.01,12.0,,
3718,E0_R,native128,P_bal,mlp32,native,0.0,1.0,inner,True,,,,,,0.1,12.0,,
3719,E0_R,native128,P_bal,mlp32,native,0.0,1.0,inner,True,,,,,,1.0,12.0,,
3720,E0_R,native128,P_bal,mlp32,native,0.0,1.0,inner,True,,,,,,10.0,12.0,,
3721,E0_R,native128,P_bal,mlp32,native,0.0,2.0,inner,True,,,,,,0.01,12.0,,
3722,E0_R,native128,P_bal,mlp32,native,0.0,2.0,inner,True,,,,,,0.1,12.0,,
3723,E0_R,native128,P_bal,mlp32,native,0.0,2.0,inner,True,,,,,,1.0,12.0,,
3724,E0_R,native128,P_bal,mlp32,native,0.0,2.0,inner,True,,,,,,10.0,12.0,,
3725,E0_R,native128,P_bal,mlp32,native,0.0,,final_all_alpha,True,,,,,,0.01,12.0,,
3726,E0_R,native128,P_bal,mlp32,native,0.0,,final_all_alpha,True,,,,,,0.1,12.0,,
3727,E0_R,native128,P_bal,mlp32,native,0.0,,final_all_alpha,True,,,,,,1.0,12.0,,
3728,E0_R,native128,P_bal,mlp32,native,0.0,,final_all_alpha,True,,,,,,10.0,12.0,,
3729,E0_R,native128,P_bal,mlp32,native,1.0,0.0,inner,True,,,,,,0.01,12.0,,
3730,E0_R,native128,P_bal,mlp32,native,1.0,0.0,inner,True,,,,,,0.1,12.0,,
3731,E0_R,native128,P_bal,mlp32,native,1.0,0.0,inner,True,,,,,,1.0,12.0,,
3732,E0_R,native128,P_bal,mlp32,native,1.0,0.0,inner,True,,,,,,10.0,12.0,,
3733,E0_R,native128,P_bal,mlp32,native,1.0,1.0,inner,True,,,,,,0.01,12.0,,
3734,E0_R,native128,P_bal,mlp32,native,1.0,1.0,inner,True,,,,,,0.1,12.0,,
3735,E0_R,native128,P_bal,mlp32,native,1.0,1.0,inner,True,,,,,,1.0,12.0,,
3736,E0_R,native128,P_bal,mlp32,native,1.0,1.0,inner,True,,,,,,10.0,12.0,,
3737,E0_R,native128,P_bal,mlp32,native,1.0,2.0,inner,True,,,,,,0.01,12.0,,
3738,E0_R,native128,P_bal,mlp32,native,1.0,2.0,inner,True,,,,,,0.1,12.0,,
3739,E0_R,native128,P_bal,mlp32,native,1.0,2.0,inner,True,,,,,,1.0,12.0,,
3740,E0_R,native128,P_bal,mlp32,native,1.0,2.0,inner,True,,,,,,10.0,12.0,,
3741,E0_R,native128,P_bal,mlp32,native,1.0,,final_all_alpha,True,,,,,,0.01,12.0,,
3742,E0_R,native128,P_bal,mlp32,native,1.0,,final_all_alpha,True,,,,,,0.1,12.0,,
3743,E0_R,native128,P_bal,mlp32,native,1.0,,final_all_alpha,True,,,,,,1.0,12.0,,
3744,E0_R,native128,P_bal,mlp32,native,1.0,,final_all_alpha,True,,,,,,10.0,12.0,,
3745,E0_R,native128,P_bal,mlp32,native,2.0,0.0,inner,True,,,,,,0.01,12.0,,
3746,E0_R,native128,P_bal,mlp32,native,2.0,0.0,inner,True,,,,,,0.1,12.0,,
3747,E0_R,native128,P_bal,mlp32,native,2.0,0.0,inner,True,,,,,,1.0,12.0,,
3748,E0_R,native128,P_bal,mlp32,native,2.0,0.0,inner,True,,,,,,10.0,12.0,,
3749,E0_R,native128,P_bal,mlp32,native,2.0,1.0,inner,True,,,,,,0.01,12.0,,
3750,E0_R,native128,P_bal,mlp32,native,2.0,1.0,inner,True,,,,,,0.1,12.0,,
3751,E0_R,native128,P_bal,mlp32,native,2.0,1.0,inner,True,,,,,,1.0,12.0,,
3752,E0_R,native128,P_bal,mlp32,native,2.0,1.0,inner,True,,,,,,10.0,12.0,,
3753,E0_R,native128,P_bal,mlp32,native,2.0,2.0,inner,True,,,,,,0.01,12.0,,
3754,E0_R,native128,P_bal,mlp32,native,2.0,2.0,inner,True,,,,,,0.1,12.0,,
3755,E0_R,native128,P_bal,mlp32,native,2.0,2.0,inner,True,,,,,,1.0,12.0,,
3756,E0_R,native128,P_bal,mlp32,native,2.0,2.0,inner,True,,,,,,10.0,12.0,,
3757,E0_R,native128,P_bal,mlp32,native,2.0,,final_all_alpha,True,,,,,,0.01,12.0,,
3758,E0_R,native128,P_bal,mlp32,native,2.0,,final_all_alpha,True,,,,,,0.1,12.0,,
3759,E0_R,native128,P_bal,mlp32,native,2.0,,final_all_alpha,True,,,,,,1.0,12.0,,
3760,E0_R,native128,P_bal,mlp32,native,2.0,,final_all_alpha,True,,,,,,10.0,12.0,,
3761,E0_R,native128,P_bal,mlp32,native,3.0,0.0,inner,True,,,,,,0.01,12.0,,
3762,E0_R,native128,P_bal,mlp32,native,3.0,0.0,inner,True,,,,,,0.1,12.0,,
3763,E0_R,native128,P_bal,mlp32,native,3.0,0.0,inner,True,,,,,,1.0,12.0,,
3764,E0_R,native128,P_bal,mlp32,native,3.0,0.0,inner,True,,,,,,10.0,12.0,,
3765,E0_R,native128,P_bal,mlp32,native,3.0,1.0,inner,True,,,,,,0.01,12.0,,
3766,E0_R,native128,P_bal,mlp32,native,3.0,1.0,inner,True,,,,,,0.1,12.0,,
3767,E0_R,native128,P_bal,mlp32,native,3.0,1.0,inner,True,,,,,,1.0,12.0,,
3768,E0_R,native128,P_bal,mlp32,native,3.0,1.0,inner,True,,,,,,10.0,12.0,,
3769,E0_R,native128,P_bal,mlp32,native,3.0,2.0,inner,True,,,,,,0.01,12.0,,
3770,E0_R,native128,P_bal,mlp32,native,3.0,2.0,inner,True,,,,,,0.1,12.0,,
3771,E0_R,native128,P_bal,mlp32,native,3.0,2.0,inner,True,,,,,,1.0,12.0,,
3772,E0_R,native128,P_bal,mlp32,native,3.0,2.0,inner,True,,,,,,10.0,12.0,,
3773,E0_R,native128,P_bal,mlp32,native,3.0,,final_all_alpha,True,,,,,,0.01,12.0,,
3774,E0_R,native128,P_bal,mlp32,native,3.0,,final_all_alpha,True,,,,,,0.1,12.0,,
3775,E0_R,native128,P_bal,mlp32,native,3.0,,final_all_alpha,True,,,,,,1.0,12.0,,
3776,E0_R,native128,P_bal,mlp32,native,3.0,,final_all_alpha,True,,,,,,10.0,12.0,,
3777,E0_R,native128,P_bal,mlp32,native,0.0,0.0,inner,True,,,,,,0.01,13.0,,
3778,E0_R,native128,P_bal,mlp32,native,0.0,0.0,inner,True,,,,,,0.1,13.0,,
3779,E0_R,native128,P_bal,mlp32,native,0.0,0.0,inner,True,,,,,,1.0,13.0,,
3780,E0_R,native128,P_bal,mlp32,native,0.0,0.0,inner,True,,,,,,10.0,13.0,,
3781,E0_R,native128,P_bal,mlp32,native,0.0,1.0,inner,True,,,,,,0.01,13.0,,
3782,E0_R,native128,P_bal,mlp32,native,0.0,1.0,inner,True,,,,,,0.1,13.0,,
3783,E0_R,native128,P_bal,mlp32,native,0.0,1.0,inner,True,,,,,,1.0,13.0,,
3784,E0_R,native128,P_bal,mlp32,native,0.0,1.0,inner,True,,,,,,10.0,13.0,,
3785,E0_R,native128,P_bal,mlp32,native,0.0,2.0,inner,True,,,,,,0.01,13.0,,
3786,E0_R,native128,P_bal,mlp32,native,0.0,2.0,inner,True,,,,,,0.1,13.0,,
3787,E0_R,native128,P_bal,mlp32,native,0.0,2.0,inner,True,,,,,,1.0,13.0,,
3788,E0_R,native128,P_bal,mlp32,native,0.0,2.0,inner,True,,,,,,10.0,13.0,,
3789,E0_R,native128,P_bal,mlp32,native,0.0,,final_all_alpha,True,,,,,,0.01,13.0,,
3790,E0_R,native128,P_bal,mlp32,native,0.0,,final_all_alpha,True,,,,,,0.1,13.0,,
3791,E0_R,native128,P_bal,mlp32,native,0.0,,final_all_alpha,True,,,,,,1.0,13.0,,
3792,E0_R,native128,P_bal,mlp32,native,0.0,,final_all_alpha,True,,,,,,10.0,13.0,,
3793,E0_R,native128,P_bal,mlp32,native,1.0,0.0,inner,True,,,,,,0.01,13.0,,
3794,E0_R,native128,P_bal,mlp32,native,1.0,0.0,inner,True,,,,,,0.1,13.0,,
3795,E0_R,native128,P_bal,mlp32,native,1.0,0.0,inner,True,,,,,,1.0,13.0,,
3796,E0_R,native128,P_bal,mlp32,native,1.0,0.0,inner,True,,,,,,10.0,13.0,,
3797,E0_R,native128,P_bal,mlp32,native,1.0,1.0,inner,True,,,,,,0.01,13.0,,
3798,E0_R,native128,P_bal,mlp32,native,1.0,1.0,inner,True,,,,,,0.1,13.0,,
3799,E0_R,native128,P_bal,mlp32,native,1.0,1.0,inner,True,,,,,,1.0,13.0,,
3800,E0_R,native128,P_bal,mlp32,native,1.0,1.0,inner,True,,,,,,10.0,13.0,,
3801,E0_R,native128,P_bal,mlp32,native,1.0,2.0,inner,True,,,,,,0.01,13.0,,
3802,E0_R,native128,P_bal,mlp32,native,1.0,2.0,inner,True,,,,,,0.1,13.0,,
3803,E0_R,native128,P_bal,mlp32,native,1.0,2.0,inner,True,,,,,,1.0,13.0,,
3804,E0_R,native128,P_bal,mlp32,native,1.0,2.0,inner,True,,,,,,10.0,13.0,,
3805,E0_R,native128,P_bal,mlp32,native,1.0,,final_all_alpha,True,,,,,,0.01,13.0,,
3806,E0_R,native128,P_bal,mlp32,native,1.0,,final_all_alpha,True,,,,,,0.1,13.0,,
3807,E0_R,native128,P_bal,mlp32,native,1.0,,final_all_alpha,True,,,,,,1.0,13.0,,
3808,E0_R,native128,P_bal,mlp32,native,1.0,,final_all_alpha,True,,,,,,10.0,13.0,,
3809,E0_R,native128,P_bal,mlp32,native,2.0,0.0,inner,True,,,,,,0.01,13.0,,
3810,E0_R,native128,P_bal,mlp32,native,2.0,0.0,inner,True,,,,,,0.1,13.0,,
3811,E0_R,native128,P_bal,mlp32,native,2.0,0.0,inner,True,,,,,,1.0,13.0,,
3812,E0_R,native128,P_bal,mlp32,native,2.0,0.0,inner,True,,,,,,10.0,13.0,,
3813,E0_R,native128,P_bal,mlp32,native,2.0,1.0,inner,True,,,,,,0.01,13.0,,
3814,E0_R,native128,P_bal,mlp32,native,2.0,1.0,inner,True,,,,,,0.1,13.0,,
3815,E0_R,native128,P_bal,mlp32,native,2.0,1.0,inner,True,,,,,,1.0,13.0,,
3816,E0_R,native128,P_bal,mlp32,native,2.0,1.0,inner,True,,,,,,10.0,13.0,,
3817,E0_R,native128,P_bal,mlp32,native,2.0,2.0,inner,True,,,,,,0.01,13.0,,
3818,E0_R,native128,P_bal,mlp32,native,2.0,2.0,inner,True,,,,,,0.1,13.0,,
3819,E0_R,native128,P_bal,mlp32,native,2.0,2.0,inner,True,,,,,,1.0,13.0,,
3820,E0_R,native128,P_bal,mlp32,native,2.0,2.0,inner,True,,,,,,10.0,13.0,,
3821,E0_R,native128,P_bal,mlp32,native,2.0,,final_all_alpha,True,,,,,,0.01,13.0,,
3822,E0_R,native128,P_bal,mlp32,native,2.0,,final_all_alpha,True,,,,,,0.1,13.0,,
3823,E0_R,native128,P_bal,mlp32,native,2.0,,final_all_alpha,True,,,,,,1.0,13.0,,
3824,E0_R,native128,P_bal,mlp32,native,2.0,,final_all_alpha,True,,,,,,10.0,13.0,,
3825,E0_R,native128,P_bal,mlp32,native,3.0,0.0,inner,True,,,,,,0.01,13.0,,
3826,E0_R,native128,P_bal,mlp32,native,3.0,0.0,inner,True,,,,,,0.1,13.0,,
3827,E0_R,native128,P_bal,mlp32,native,3.0,0.0,inner,True,,,,,,1.0,13.0,,
3828,E0_R,native128,P_bal,mlp32,native,3.0,0.0,inner,True,,,,,,10.0,13.0,,
3829,E0_R,native128,P_bal,mlp32,native,3.0,1.0,inner,True,,,,,,0.01,13.0,,
3830,E0_R,native128,P_bal,mlp32,native,3.0,1.0,inner,True,,,,,,0.1,13.0,,
3831,E0_R,native128,P_bal,mlp32,native,3.0,1.0,inner,True,,,,,,1.0,13.0,,
3832,E0_R,native128,P_bal,mlp32,native,3.0,1.0,inner,True,,,,,,10.0,13.0,,
3833,E0_R,native128,P_bal,mlp32,native,3.0,2.0,inner,True,,,,,,0.01,13.0,,
3834,E0_R,native128,P_bal,mlp32,native,3.0,2.0,inner,True,,,,,,0.1,13.0,,
3835,E0_R,native128,P_bal,mlp32,native,3.0,2.0,inner,True,,,,,,1.0,13.0,,
3836,E0_R,native128,P_bal,mlp32,native,3.0,2.0,inner,True,,,,,,10.0,13.0,,
3837,E0_R,native128,P_bal,mlp32,native,3.0,,final_all_alpha,True,,,,,,0.01,13.0,,
3838,E0_R,native128,P_bal,mlp32,native,3.0,,final_all_alpha,True,,,,,,0.1,13.0,,
3839,E0_R,native128,P_bal,mlp32,native,3.0,,final_all_alpha,True,,,,,,1.0,13.0,,
3840,E0_R,native128,P_bal,mlp32,native,3.0,,final_all_alpha,True,,,,,,10.0,13.0,,
3841,E0_R,native128,P_bal,mlp32,native,0.0,0.0,inner,True,,,,,,0.01,14.0,,
3842,E0_R,native128,P_bal,mlp32,native,0.0,0.0,inner,True,,,,,,0.1,14.0,,
3843,E0_R,native128,P_bal,mlp32,native,0.0,0.0,inner,True,,,,,,1.0,14.0,,
3844,E0_R,native128,P_bal,mlp32,native,0.0,0.0,inner,True,,,,,,10.0,14.0,,
3845,E0_R,native128,P_bal,mlp32,native,0.0,1.0,inner,True,,,,,,0.01,14.0,,
3846,E0_R,native128,P_bal,mlp32,native,0.0,1.0,inner,True,,,,,,0.1,14.0,,
3847,E0_R,native128,P_bal,mlp32,native,0.0,1.0,inner,True,,,,,,1.0,14.0,,
3848,E0_R,native128,P_bal,mlp32,native,0.0,1.0,inner,True,,,,,,10.0,14.0,,
3849,E0_R,native128,P_bal,mlp32,native,0.0,2.0,inner,True,,,,,,0.01,14.0,,
3850,E0_R,native128,P_bal,mlp32,native,0.0,2.0,inner,True,,,,,,0.1,14.0,,
3851,E0_R,native128,P_bal,mlp32,native,0.0,2.0,inner,True,,,,,,1.0,14.0,,
3852,E0_R,native128,P_bal,mlp32,native,0.0,2.0,inner,True,,,,,,10.0,14.0,,
3853,E0_R,native128,P_bal,mlp32,native,0.0,,final_all_alpha,True,,,,,,0.01,14.0,,
3854,E0_R,native128,P_bal,mlp32,native,0.0,,final_all_alpha,True,,,,,,0.1,14.0,,
3855,E0_R,native128,P_bal,mlp32,native,0.0,,final_all_alpha,True,,,,,,1.0,14.0,,
3856,E0_R,native128,P_bal,mlp32,native,0.0,,final_all_alpha,True,,,,,,10.0,14.0,,
3857,E0_R,native128,P_bal,mlp32,native,1.0,0.0,inner,True,,,,,,0.01,14.0,,
3858,E0_R,native128,P_bal,mlp32,native,1.0,0.0,inner,True,,,,,,0.1,14.0,,
3859,E0_R,native128,P_bal,mlp32,native,1.0,0.0,inner,True,,,,,,1.0,14.0,,
3860,E0_R,native128,P_bal,mlp32,native,1.0,0.0,inner,True,,,,,,10.0,14.0,,
3861,E0_R,native128,P_bal,mlp32,native,1.0,1.0,inner,True,,,,,,0.01,14.0,,
3862,E0_R,native128,P_bal,mlp32,native,1.0,1.0,inner,True,,,,,,0.1,14.0,,
3863,E0_R,native128,P_bal,mlp32,native,1.0,1.0,inner,True,,,,,,1.0,14.0,,
3864,E0_R,native128,P_bal,mlp32,native,1.0,1.0,inner,True,,,,,,10.0,14.0,,
3865,E0_R,native128,P_bal,mlp32,native,1.0,2.0,inner,True,,,,,,0.01,14.0,,
3866,E0_R,native128,P_bal,mlp32,native,1.0,2.0,inner,True,,,,,,0.1,14.0,,
3867,E0_R,native128,P_bal,mlp32,native,1.0,2.0,inner,True,,,,,,1.0,14.0,,
3868,E0_R,native128,P_bal,mlp32,native,1.0,2.0,inner,True,,,,,,10.0,14.0,,
3869,E0_R,native128,P_bal,mlp32,native,1.0,,final_all_alpha,True,,,,,,0.01,14.0,,
3870,E0_R,native128,P_bal,mlp32,native,1.0,,final_all_alpha,True,,,,,,0.1,14.0,,
3871,E0_R,native128,P_bal,mlp32,native,1.0,,final_all_alpha,True,,,,,,1.0,14.0,,
3872,E0_R,native128,P_bal,mlp32,native,1.0,,final_all_alpha,True,,,,,,10.0,14.0,,
3873,E0_R,native128,P_bal,mlp32,native,2.0,0.0,inner,True,,,,,,0.01,14.0,,
3874,E0_R,native128,P_bal,mlp32,native,2.0,0.0,inner,True,,,,,,0.1,14.0,,
3875,E0_R,native128,P_bal,mlp32,native,2.0,0.0,inner,True,,,,,,1.0,14.0,,
3876,E0_R,native128,P_bal,mlp32,native,2.0,0.0,inner,True,,,,,,10.0,14.0,,
3877,E0_R,native128,P_bal,mlp32,native,2.0,1.0,inner,True,,,,,,0.01,14.0,,
3878,E0_R,native128,P_bal,mlp32,native,2.0,1.0,inner,True,,,,,,0.1,14.0,,
3879,E0_R,native128,P_bal,mlp32,native,2.0,1.0,inner,True,,,,,,1.0,14.0,,
3880,E0_R,native128,P_bal,mlp32,native,2.0,1.0,inner,True,,,,,,10.0,14.0,,
3881,E0_R,native128,P_bal,mlp32,native,2.0,2.0,inner,True,,,,,,0.01,14.0,,
3882,E0_R,native128,P_bal,mlp32,native,2.0,2.0,inner,True,,,,,,0.1,14.0,,
3883,E0_R,native128,P_bal,mlp32,native,2.0,2.0,inner,True,,,,,,1.0,14.0,,
3884,E0_R,native128,P_bal,mlp32,native,2.0,2.0,inner,True,,,,,,10.0,14.0,,
3885,E0_R,native128,P_bal,mlp32,native,2.0,,final_all_alpha,True,,,,,,0.01,14.0,,
3886,E0_R,native128,P_bal,mlp32,native,2.0,,final_all_alpha,True,,,,,,0.1,14.0,,
3887,E0_R,native128,P_bal,mlp32,native,2.0,,final_all_alpha,True,,,,,,1.0,14.0,,
3888,E0_R,native128,P_bal,mlp32,native,2.0,,final_all_alpha,True,,,,,,10.0,14.0,,
3889,E0_R,native128,P_bal,mlp32,native,3.0,0.0,inner,True,,,,,,0.01,14.0,,
3890,E0_R,native128,P_bal,mlp32,native,3.0,0.0,inner,True,,,,,,0.1,14.0,,
3891,E0_R,native128,P_bal,mlp32,native,3.0,0.0,inner,True,,,,,,1.0,14.0,,
3892,E0_R,native128,P_bal,mlp32,native,3.0,0.0,inner,True,,,,,,10.0,14.0,,
3893,E0_R,native128,P_bal,mlp32,native,3.0,1.0,inner,True,,,,,,0.01,14.0,,
3894,E0_R,native128,P_bal,mlp32,native,3.0,1.0,inner,True,,,,,,0.1,14.0,,
3895,E0_R,native128,P_bal,mlp32,native,3.0,1.0,inner,True,,,,,,1.0,14.0,,
3896,E0_R,native128,P_bal,mlp32,native,3.0,1.0,inner,True,,,,,,10.0,14.0,,
3897,E0_R,native128,P_bal,mlp32,native,3.0,2.0,inner,True,,,,,,0.01,14.0,,
3898,E0_R,native128,P_bal,mlp32,native,3.0,2.0,inner,True,,,,,,0.1,14.0,,
3899,E0_R,native128,P_bal,mlp32,native,3.0,2.0,inner,True,,,,,,1.0,14.0,,
3900,E0_R,native128,P_bal,mlp32,native,3.0,2.0,inner,True,,,,,,10.0,14.0,,
3901,E0_R,native128,P_bal,mlp32,native,3.0,,final_all_alpha,True,,,,,,0.01,14.0,,
3902,E0_R,native128,P_bal,mlp32,native,3.0,,final_all_alpha,True,,,,,,0.1,14.0,,
3903,E0_R,native128,P_bal,mlp32,native,3.0,,final_all_alpha,True,,,,,,1.0,14.0,,
3904,E0_R,native128,P_bal,mlp32,native,3.0,,final_all_alpha,True,,,,,,10.0,14.0,,
3905,E0_R,native128,P_bal,mlp32,native,0.0,0.0,inner,True,,,,,,0.01,15.0,,
3906,E0_R,native128,P_bal,mlp32,native,0.0,0.0,inner,True,,,,,,0.1,15.0,,
3907,E0_R,native128,P_bal,mlp32,native,0.0,0.0,inner,True,,,,,,1.0,15.0,,
3908,E0_R,native128,P_bal,mlp32,native,0.0,0.0,inner,True,,,,,,10.0,15.0,,
3909,E0_R,native128,P_bal,mlp32,native,0.0,1.0,inner,True,,,,,,0.01,15.0,,
3910,E0_R,native128,P_bal,mlp32,native,0.0,1.0,inner,True,,,,,,0.1,15.0,,
3911,E0_R,native128,P_bal,mlp32,native,0.0,1.0,inner,True,,,,,,1.0,15.0,,
3912,E0_R,native128,P_bal,mlp32,native,0.0,1.0,inner,True,,,,,,10.0,15.0,,
3913,E0_R,native128,P_bal,mlp32,native,0.0,2.0,inner,True,,,,,,0.01,15.0,,
3914,E0_R,native128,P_bal,mlp32,native,0.0,2.0,inner,True,,,,,,0.1,15.0,,
3915,E0_R,native128,P_bal,mlp32,native,0.0,2.0,inner,True,,,,,,1.0,15.0,,
3916,E0_R,native128,P_bal,mlp32,native,0.0,2.0,inner,True,,,,,,10.0,15.0,,
3917,E0_R,native128,P_bal,mlp32,native,0.0,,final_all_alpha,True,,,,,,0.01,15.0,,
3918,E0_R,native128,P_bal,mlp32,native,0.0,,final_all_alpha,True,,,,,,0.1,15.0,,
3919,E0_R,native128,P_bal,mlp32,native,0.0,,final_all_alpha,True,,,,,,1.0,15.0,,
3920,E0_R,native128,P_bal,mlp32,native,0.0,,final_all_alpha,True,,,,,,10.0,15.0,,
3921,E0_R,native128,P_bal,mlp32,native,1.0,0.0,inner,True,,,,,,0.01,15.0,,
3922,E0_R,native128,P_bal,mlp32,native,1.0,0.0,inner,True,,,,,,0.1,15.0,,
3923,E0_R,native128,P_bal,mlp32,native,1.0,0.0,inner,True,,,,,,1.0,15.0,,
3924,E0_R,native128,P_bal,mlp32,native,1.0,0.0,inner,True,,,,,,10.0,15.0,,
3925,E0_R,native128,P_bal,mlp32,native,1.0,1.0,inner,True,,,,,,0.01,15.0,,
3926,E0_R,native128,P_bal,mlp32,native,1.0,1.0,inner,True,,,,,,0.1,15.0,,
3927,E0_R,native128,P_bal,mlp32,native,1.0,1.0,inner,True,,,,,,1.0,15.0,,
3928,E0_R,native128,P_bal,mlp32,native,1.0,1.0,inner,True,,,,,,10.0,15.0,,
3929,E0_R,native128,P_bal,mlp32,native,1.0,2.0,inner,True,,,,,,0.01,15.0,,
3930,E0_R,native128,P_bal,mlp32,native,1.0,2.0,inner,True,,,,,,0.1,15.0,,
3931,E0_R,native128,P_bal,mlp32,native,1.0,2.0,inner,True,,,,,,1.0,15.0,,
3932,E0_R,native128,P_bal,mlp32,native,1.0,2.0,inner,True,,,,,,10.0,15.0,,
3933,E0_R,native128,P_bal,mlp32,native,1.0,,final_all_alpha,True,,,,,,0.01,15.0,,
3934,E0_R,native128,P_bal,mlp32,native,1.0,,final_all_alpha,True,,,,,,0.1,15.0,,
3935,E0_R,native128,P_bal,mlp32,native,1.0,,final_all_alpha,True,,,,,,1.0,15.0,,
3936,E0_R,native128,P_bal,mlp32,native,1.0,,final_all_alpha,True,,,,,,10.0,15.0,,
3937,E0_R,native128,P_bal,mlp32,native,2.0,0.0,inner,True,,,,,,0.01,15.0,,
3938,E0_R,native128,P_bal,mlp32,native,2.0,0.0,inner,True,,,,,,0.1,15.0,,
3939,E0_R,native128,P_bal,mlp32,native,2.0,0.0,inner,True,,,,,,1.0,15.0,,
3940,E0_R,native128,P_bal,mlp32,native,2.0,0.0,inner,True,,,,,,10.0,15.0,,
3941,E0_R,native128,P_bal,mlp32,native,2.0,1.0,inner,True,,,,,,0.01,15.0,,
3942,E0_R,native128,P_bal,mlp32,native,2.0,1.0,inner,True,,,,,,0.1,15.0,,
3943,E0_R,native128,P_bal,mlp32,native,2.0,1.0,inner,True,,,,,,1.0,15.0,,
3944,E0_R,native128,P_bal,mlp32,native,2.0,1.0,inner,True,,,,,,10.0,15.0,,
3945,E0_R,native128,P_bal,mlp32,native,2.0,2.0,inner,True,,,,,,0.01,15.0,,
3946,E0_R,native128,P_bal,mlp32,native,2.0,2.0,inner,True,,,,,,0.1,15.0,,
3947,E0_R,native128,P_bal,mlp32,native,2.0,2.0,inner,True,,,,,,1.0,15.0,,
3948,E0_R,native128,P_bal,mlp32,native,2.0,2.0,inner,True,,,,,,10.0,15.0,,
3949,E0_R,native128,P_bal,mlp32,native,2.0,,final_all_alpha,True,,,,,,0.01,15.0,,
3950,E0_R,native128,P_bal,mlp32,native,2.0,,final_all_alpha,True,,,,,,0.1,15.0,,
3951,E0_R,native128,P_bal,mlp32,native,2.0,,final_all_alpha,True,,,,,,1.0,15.0,,
3952,E0_R,native128,P_bal,mlp32,native,2.0,,final_all_alpha,True,,,,,,10.0,15.0,,
3953,E0_R,native128,P_bal,mlp32,native,3.0,0.0,inner,True,,,,,,0.01,15.0,,
3954,E0_R,native128,P_bal,mlp32,native,3.0,0.0,inner,True,,,,,,0.1,15.0,,
3955,E0_R,native128,P_bal,mlp32,native,3.0,0.0,inner,True,,,,,,1.0,15.0,,
3956,E0_R,native128,P_bal,mlp32,native,3.0,0.0,inner,True,,,,,,10.0,15.0,,
3957,E0_R,native128,P_bal,mlp32,native,3.0,1.0,inner,True,,,,,,0.01,15.0,,
3958,E0_R,native128,P_bal,mlp32,native,3.0,1.0,inner,True,,,,,,0.1,15.0,,
3959,E0_R,native128,P_bal,mlp32,native,3.0,1.0,inner,True,,,,,,1.0,15.0,,
3960,E0_R,native128,P_bal,mlp32,native,3.0,1.0,inner,True,,,,,,10.0,15.0,,
3961,E0_R,native128,P_bal,mlp32,native,3.0,2.0,inner,True,,,,,,0.01,15.0,,
3962,E0_R,native128,P_bal,mlp32,native,3.0,2.0,inner,True,,,,,,0.1,15.0,,
3963,E0_R,native128,P_bal,mlp32,native,3.0,2.0,inner,True,,,,,,1.0,15.0,,
3964,E0_R,native128,P_bal,mlp32,native,3.0,2.0,inner,True,,,,,,10.0,15.0,,
3965,E0_R,native128,P_bal,mlp32,native,3.0,,final_all_alpha,True,,,,,,0.01,15.0,,
3966,E0_R,native128,P_bal,mlp32,native,3.0,,final_all_alpha,True,,,,,,0.1,15.0,,
3967,E0_R,native128,P_bal,mlp32,native,3.0,,final_all_alpha,True,,,,,,1.0,15.0,,
3968,E0_R,native128,P_bal,mlp32,native,3.0,,final_all_alpha,True,,,,,,10.0,15.0,,
3969,C2_S,L0,P_bal,logistic,S0,0.0,0.0,inner,False,,,,0.01,,,,,
3970,C2_S,L0,P_bal,logistic,S0,0.0,0.0,inner,False,,,,0.1,,,,,
3971,C2_S,L0,P_bal,logistic,S0,0.0,0.0,inner,False,,,,1.0,,,,,
3972,C2_S,L0,P_bal,logistic,S0,0.0,0.0,inner,False,,,,10.0,,,,,
3973,C2_S,L0,P_bal,logistic,S0,0.0,1.0,inner,False,,,,0.01,,,,,
3974,C2_S,L0,P_bal,logistic,S0,0.0,1.0,inner,False,,,,0.1,,,,,
3975,C2_S,L0,P_bal,logistic,S0,0.0,1.0,inner,False,,,,1.0,,,,,
3976,C2_S,L0,P_bal,logistic,S0,0.0,1.0,inner,False,,,,10.0,,,,,
3977,C2_S,L0,P_bal,logistic,S0,0.0,2.0,inner,False,,,,0.01,,,,,
3978,C2_S,L0,P_bal,logistic,S0,0.0,2.0,inner,False,,,,0.1,,,,,
3979,C2_S,L0,P_bal,logistic,S0,0.0,2.0,inner,False,,,,1.0,,,,,
3980,C2_S,L0,P_bal,logistic,S0,0.0,2.0,inner,False,,,,10.0,,,,,
3981,C2_S,L0,P_bal,logistic,S0,0.0,,final_selected_C,False,,,,,,,,,
3982,C2_S,L0,P_bal,logistic,S1,0.0,0.0,inner,False,,,,0.01,,,,,
3983,C2_S,L0,P_bal,logistic,S1,0.0,0.0,inner,False,,,,0.1,,,,,
3984,C2_S,L0,P_bal,logistic,S1,0.0,0.0,inner,False,,,,1.0,,,,,
3985,C2_S,L0,P_bal,logistic,S1,0.0,0.0,inner,False,,,,10.0,,,,,
3986,C2_S,L0,P_bal,logistic,S1,0.0,1.0,inner,False,,,,0.01,,,,,
3987,C2_S,L0,P_bal,logistic,S1,0.0,1.0,inner,False,,,,0.1,,,,,
3988,C2_S,L0,P_bal,logistic,S1,0.0,1.0,inner,False,,,,1.0,,,,,
3989,C2_S,L0,P_bal,logistic,S1,0.0,1.0,inner,False,,,,10.0,,,,,
3990,C2_S,L0,P_bal,logistic,S1,0.0,2.0,inner,False,,,,0.01,,,,,
3991,C2_S,L0,P_bal,logistic,S1,0.0,2.0,inner,False,,,,0.1,,,,,
3992,C2_S,L0,P_bal,logistic,S1,0.0,2.0,inner,False,,,,1.0,,,,,
3993,C2_S,L0,P_bal,logistic,S1,0.0,2.0,inner,False,,,,10.0,,,,,
3994,C2_S,L0,P_bal,logistic,S1,0.0,,final_selected_C,False,,,,,,,,,
3995,C2_S,L0,P_bal,logistic,S2,0.0,0.0,inner,False,,,,0.01,,,,,
3996,C2_S,L0,P_bal,logistic,S2,0.0,0.0,inner,False,,,,0.1,,,,,
3997,C2_S,L0,P_bal,logistic,S2,0.0,0.0,inner,False,,,,1.0,,,,,
3998,C2_S,L0,P_bal,logistic,S2,0.0,0.0,inner,False,,,,10.0,,,,,
3999,C2_S,L0,P_bal,logistic,S2,0.0,1.0,inner,False,,,,0.01,,,,,
4000,C2_S,L0,P_bal,logistic,S2,0.0,1.0,inner,False,,,,0.1,,,,,
4001,C2_S,L0,P_bal,logistic,S2,0.0,1.0,inner,False,,,,1.0,,,,,
4002,C2_S,L0,P_bal,logistic,S2,0.0,1.0,inner,False,,,,10.0,,,,,
4003,C2_S,L0,P_bal,logistic,S2,0.0,2.0,inner,False,,,,0.01,,,,,
4004,C2_S,L0,P_bal,logistic,S2,0.0,2.0,inner,False,,,,0.1,,,,,
4005,C2_S,L0,P_bal,logistic,S2,0.0,2.0,inner,False,,,,1.0,,,,,
4006,C2_S,L0,P_bal,logistic,S2,0.0,2.0,inner,False,,,,10.0,,,,,
4007,C2_S,L0,P_bal,logistic,S2,0.0,,final_selected_C,False,,,,,,,,,
4008,C2_S,L0,P_bal,logistic,FULL20,0.0,0.0,inner,False,,,,0.01,,,,,
4009,C2_S,L0,P_bal,logistic,FULL20,0.0,0.0,inner,False,,,,0.1,,,,,
4010,C2_S,L0,P_bal,logistic,FULL20,0.0,0.0,inner,False,,,,1.0,,,,,
4011,C2_S,L0,P_bal,logistic,FULL20,0.0,0.0,inner,False,,,,10.0,,,,,
4012,C2_S,L0,P_bal,logistic,FULL20,0.0,1.0,inner,False,,,,0.01,,,,,
4013,C2_S,L0,P_bal,logistic,FULL20,0.0,1.0,inner,False,,,,0.1,,,,,
4014,C2_S,L0,P_bal,logistic,FULL20,0.0,1.0,inner,False,,,,1.0,,,,,
4015,C2_S,L0,P_bal,logistic,FULL20,0.0,1.0,inner,False,,,,10.0,,,,,
4016,C2_S,L0,P_bal,logistic,FULL20,0.0,2.0,inner,False,,,,0.01,,,,,
4017,C2_S,L0,P_bal,logistic,FULL20,0.0,2.0,inner,False,,,,0.1,,,,,
4018,C2_S,L0,P_bal,logistic,FULL20,0.0,2.0,inner,False,,,,1.0,,,,,
4019,C2_S,L0,P_bal,logistic,FULL20,0.0,2.0,inner,False,,,,10.0,,,,,
4020,C2_S,L0,P_bal,logistic,FULL20,0.0,,final_selected_C,False,,,,,,,,,
4021,C2_S,L0,P_bal,logistic,S0_DUP_S1,0.0,0.0,inner,False,,,,0.01,,,,,
4022,C2_S,L0,P_bal,logistic,S0_DUP_S1,0.0,0.0,inner,False,,,,0.1,,,,,
4023,C2_S,L0,P_bal,logistic,S0_DUP_S1,0.0,0.0,inner,False,,,,1.0,,,,,
4024,C2_S,L0,P_bal,logistic,S0_DUP_S1,0.0,0.0,inner,False,,,,10.0,,,,,
4025,C2_S,L0,P_bal,logistic,S0_DUP_S1,0.0,1.0,inner,False,,,,0.01,,,,,
4026,C2_S,L0,P_bal,logistic,S0_DUP_S1,0.0,1.0,inner,False,,,,0.1,,,,,
4027,C2_S,L0,P_bal,logistic,S0_DUP_S1,0.0,1.0,inner,False,,,,1.0,,,,,
4028,C2_S,L0,P_bal,logistic,S0_DUP_S1,0.0,1.0,inner,False,,,,10.0,,,,,
4029,C2_S,L0,P_bal,logistic,S0_DUP_S1,0.0,2.0,inner,False,,,,0.01,,,,,
4030,C2_S,L0,P_bal,logistic,S0_DUP_S1,0.0,2.0,inner,False,,,,0.1,,,,,
4031,C2_S,L0,P_bal,logistic,S0_DUP_S1,0.0,2.0,inner,False,,,,1.0,,,,,
4032,C2_S,L0,P_bal,logistic,S0_DUP_S1,0.0,2.0,inner,False,,,,10.0,,,,,
4033,C2_S,L0,P_bal,logistic,S0_DUP_S1,0.0,,final_selected_C,False,,,,,,,,,
4034,C2_S,L0,P_bal,logistic,S0_DUP_S2,0.0,0.0,inner,False,,,,0.01,,,,,
4035,C2_S,L0,P_bal,logistic,S0_DUP_S2,0.0,0.0,inner,False,,,,0.1,,,,,
4036,C2_S,L0,P_bal,logistic,S0_DUP_S2,0.0,0.0,inner,False,,,,1.0,,,,,
4037,C2_S,L0,P_bal,logistic,S0_DUP_S2,0.0,0.0,inner,False,,,,10.0,,,,,
4038,C2_S,L0,P_bal,logistic,S0_DUP_S2,0.0,1.0,inner,False,,,,0.01,,,,,
4039,C2_S,L0,P_bal,logistic,S0_DUP_S2,0.0,1.0,inner,False,,,,0.1,,,,,
4040,C2_S,L0,P_bal,logistic,S0_DUP_S2,0.0,1.0,inner,False,,,,1.0,,,,,
4041,C2_S,L0,P_bal,logistic,S0_DUP_S2,0.0,1.0,inner,False,,,,10.0,,,,,
4042,C2_S,L0,P_bal,logistic,S0_DUP_S2,0.0,2.0,inner,False,,,,0.01,,,,,
4043,C2_S,L0,P_bal,logistic,S0_DUP_S2,0.0,2.0,inner,False,,,,0.1,,,,,
4044,C2_S,L0,P_bal,logistic,S0_DUP_S2,0.0,2.0,inner,False,,,,1.0,,,,,
4045,C2_S,L0,P_bal,logistic,S0_DUP_S2,0.0,2.0,inner,False,,,,10.0,,,,,
4046,C2_S,L0,P_bal,logistic,S0_DUP_S2,0.0,,final_selected_C,False,,,,,,,,,
4047,C2_S,L0,P_bal,logistic,S0,1.0,0.0,inner,False,,,,0.01,,,,,
4048,C2_S,L0,P_bal,logistic,S0,1.0,0.0,inner,False,,,,0.1,,,,,
4049,C2_S,L0,P_bal,logistic,S0,1.0,0.0,inner,False,,,,1.0,,,,,
4050,C2_S,L0,P_bal,logistic,S0,1.0,0.0,inner,False,,,,10.0,,,,,
4051,C2_S,L0,P_bal,logistic,S0,1.0,1.0,inner,False,,,,0.01,,,,,
4052,C2_S,L0,P_bal,logistic,S0,1.0,1.0,inner,False,,,,0.1,,,,,
4053,C2_S,L0,P_bal,logistic,S0,1.0,1.0,inner,False,,,,1.0,,,,,
4054,C2_S,L0,P_bal,logistic,S0,1.0,1.0,inner,False,,,,10.0,,,,,
4055,C2_S,L0,P_bal,logistic,S0,1.0,2.0,inner,False,,,,0.01,,,,,
4056,C2_S,L0,P_bal,logistic,S0,1.0,2.0,inner,False,,,,0.1,,,,,
4057,C2_S,L0,P_bal,logistic,S0,1.0,2.0,inner,False,,,,1.0,,,,,
4058,C2_S,L0,P_bal,logistic,S0,1.0,2.0,inner,False,,,,10.0,,,,,
4059,C2_S,L0,P_bal,logistic,S0,1.0,,final_selected_C,False,,,,,,,,,
4060,C2_S,L0,P_bal,logistic,S1,1.0,0.0,inner,False,,,,0.01,,,,,
4061,C2_S,L0,P_bal,logistic,S1,1.0,0.0,inner,False,,,,0.1,,,,,
4062,C2_S,L0,P_bal,logistic,S1,1.0,0.0,inner,False,,,,1.0,,,,,
4063,C2_S,L0,P_bal,logistic,S1,1.0,0.0,inner,False,,,,10.0,,,,,
4064,C2_S,L0,P_bal,logistic,S1,1.0,1.0,inner,False,,,,0.01,,,,,
4065,C2_S,L0,P_bal,logistic,S1,1.0,1.0,inner,False,,,,0.1,,,,,
4066,C2_S,L0,P_bal,logistic,S1,1.0,1.0,inner,False,,,,1.0,,,,,
4067,C2_S,L0,P_bal,logistic,S1,1.0,1.0,inner,False,,,,10.0,,,,,
4068,C2_S,L0,P_bal,logistic,S1,1.0,2.0,inner,False,,,,0.01,,,,,
4069,C2_S,L0,P_bal,logistic,S1,1.0,2.0,inner,False,,,,0.1,,,,,
4070,C2_S,L0,P_bal,logistic,S1,1.0,2.0,inner,False,,,,1.0,,,,,
4071,C2_S,L0,P_bal,logistic,S1,1.0,2.0,inner,False,,,,10.0,,,,,
4072,C2_S,L0,P_bal,logistic,S1,1.0,,final_selected_C,False,,,,,,,,,
4073,C2_S,L0,P_bal,logistic,S2,1.0,0.0,inner,False,,,,0.01,,,,,
4074,C2_S,L0,P_bal,logistic,S2,1.0,0.0,inner,False,,,,0.1,,,,,
4075,C2_S,L0,P_bal,logistic,S2,1.0,0.0,inner,False,,,,1.0,,,,,
4076,C2_S,L0,P_bal,logistic,S2,1.0,0.0,inner,False,,,,10.0,,,,,
4077,C2_S,L0,P_bal,logistic,S2,1.0,1.0,inner,False,,,,0.01,,,,,
4078,C2_S,L0,P_bal,logistic,S2,1.0,1.0,inner,False,,,,0.1,,,,,
4079,C2_S,L0,P_bal,logistic,S2,1.0,1.0,inner,False,,,,1.0,,,,,
4080,C2_S,L0,P_bal,logistic,S2,1.0,1.0,inner,False,,,,10.0,,,,,
4081,C2_S,L0,P_bal,logistic,S2,1.0,2.0,inner,False,,,,0.01,,,,,
4082,C2_S,L0,P_bal,logistic,S2,1.0,2.0,inner,False,,,,0.1,,,,,
4083,C2_S,L0,P_bal,logistic,S2,1.0,2.0,inner,False,,,,1.0,,,,,
4084,C2_S,L0,P_bal,logistic,S2,1.0,2.0,inner,False,,,,10.0,,,,,
4085,C2_S,L0,P_bal,logistic,S2,1.0,,final_selected_C,False,,,,,,,,,
4086,C2_S,L0,P_bal,logistic,FULL20,1.0,0.0,inner,False,,,,0.01,,,,,
4087,C2_S,L0,P_bal,logistic,FULL20,1.0,0.0,inner,False,,,,0.1,,,,,
4088,C2_S,L0,P_bal,logistic,FULL20,1.0,0.0,inner,False,,,,1.0,,,,,
4089,C2_S,L0,P_bal,logistic,FULL20,1.0,0.0,inner,False,,,,10.0,,,,,
4090,C2_S,L0,P_bal,logistic,FULL20,1.0,1.0,inner,False,,,,0.01,,,,,
4091,C2_S,L0,P_bal,logistic,FULL20,1.0,1.0,inner,False,,,,0.1,,,,,
4092,C2_S,L0,P_bal,logistic,FULL20,1.0,1.0,inner,False,,,,1.0,,,,,
4093,C2_S,L0,P_bal,logistic,FULL20,1.0,1.0,inner,False,,,,10.0,,,,,
4094,C2_S,L0,P_bal,logistic,FULL20,1.0,2.0,inner,False,,,,0.01,,,,,
4095,C2_S,L0,P_bal,logistic,FULL20,1.0,2.0,inner,False,,,,0.1,,,,,
4096,C2_S,L0,P_bal,logistic,FULL20,1.0,2.0,inner,False,,,,1.0,,,,,
4097,C2_S,L0,P_bal,logistic,FULL20,1.0,2.0,inner,False,,,,10.0,,,,,
4098,C2_S,L0,P_bal,logistic,FULL20,1.0,,final_selected_C,False,,,,,,,,,
4099,C2_S,L0,P_bal,logistic,S0_DUP_S1,1.0,0.0,inner,False,,,,0.01,,,,,
4100,C2_S,L0,P_bal,logistic,S0_DUP_S1,1.0,0.0,inner,False,,,,0.1,,,,,
4101,C2_S,L0,P_bal,logistic,S0_DUP_S1,1.0,0.0,inner,False,,,,1.0,,,,,
4102,C2_S,L0,P_bal,logistic,S0_DUP_S1,1.0,0.0,inner,False,,,,10.0,,,,,
4103,C2_S,L0,P_bal,logistic,S0_DUP_S1,1.0,1.0,inner,False,,,,0.01,,,,,
4104,C2_S,L0,P_bal,logistic,S0_DUP_S1,1.0,1.0,inner,False,,,,0.1,,,,,
4105,C2_S,L0,P_bal,logistic,S0_DUP_S1,1.0,1.0,inner,False,,,,1.0,,,,,
4106,C2_S,L0,P_bal,logistic,S0_DUP_S1,1.0,1.0,inner,False,,,,10.0,,,,,
4107,C2_S,L0,P_bal,logistic,S0_DUP_S1,1.0,2.0,inner,False,,,,0.01,,,,,
4108,C2_S,L0,P_bal,logistic,S0_DUP_S1,1.0,2.0,inner,False,,,,0.1,,,,,
4109,C2_S,L0,P_bal,logistic,S0_DUP_S1,1.0,2.0,inner,False,,,,1.0,,,,,
4110,C2_S,L0,P_bal,logistic,S0_DUP_S1,1.0,2.0,inner,False,,,,10.0,,,,,
4111,C2_S,L0,P_bal,logistic,S0_DUP_S1,1.0,,final_selected_C,False,,,,,,,,,
4112,C2_S,L0,P_bal,logistic,S0_DUP_S2,1.0,0.0,inner,False,,,,0.01,,,,,
4113,C2_S,L0,P_bal,logistic,S0_DUP_S2,1.0,0.0,inner,False,,,,0.1,,,,,
4114,C2_S,L0,P_bal,logistic,S0_DUP_S2,1.0,0.0,inner,False,,,,1.0,,,,,
4115,C2_S,L0,P_bal,logistic,S0_DUP_S2,1.0,0.0,inner,False,,,,10.0,,,,,
4116,C2_S,L0,P_bal,logistic,S0_DUP_S2,1.0,1.0,inner,False,,,,0.01,,,,,
4117,C2_S,L0,P_bal,logistic,S0_DUP_S2,1.0,1.0,inner,False,,,,0.1,,,,,
4118,C2_S,L0,P_bal,logistic,S0_DUP_S2,1.0,1.0,inner,False,,,,1.0,,,,,
4119,C2_S,L0,P_bal,logistic,S0_DUP_S2,1.0,1.0,inner,False,,,,10.0,,,,,
4120,C2_S,L0,P_bal,logistic,S0_DUP_S2,1.0,2.0,inner,False,,,,0.01,,,,,
4121,C2_S,L0,P_bal,logistic,S0_DUP_S2,1.0,2.0,inner,False,,,,0.1,,,,,
4122,C2_S,L0,P_bal,logistic,S0_DUP_S2,1.0,2.0,inner,False,,,,1.0,,,,,
4123,C2_S,L0,P_bal,logistic,S0_DUP_S2,1.0,2.0,inner,False,,,,10.0,,,,,
4124,C2_S,L0,P_bal,logistic,S0_DUP_S2,1.0,,final_selected_C,False,,,,,,,,,
4125,C2_S,L0,P_bal,logistic,S0,2.0,0.0,inner,False,,,,0.01,,,,,
4126,C2_S,L0,P_bal,logistic,S0,2.0,0.0,inner,False,,,,0.1,,,,,
4127,C2_S,L0,P_bal,logistic,S0,2.0,0.0,inner,False,,,,1.0,,,,,
4128,C2_S,L0,P_bal,logistic,S0,2.0,0.0,inner,False,,,,10.0,,,,,
4129,C2_S,L0,P_bal,logistic,S0,2.0,1.0,inner,False,,,,0.01,,,,,
4130,C2_S,L0,P_bal,logistic,S0,2.0,1.0,inner,False,,,,0.1,,,,,
4131,C2_S,L0,P_bal,logistic,S0,2.0,1.0,inner,False,,,,1.0,,,,,
4132,C2_S,L0,P_bal,logistic,S0,2.0,1.0,inner,False,,,,10.0,,,,,
4133,C2_S,L0,P_bal,logistic,S0,2.0,2.0,inner,False,,,,0.01,,,,,
4134,C2_S,L0,P_bal,logistic,S0,2.0,2.0,inner,False,,,,0.1,,,,,
4135,C2_S,L0,P_bal,logistic,S0,2.0,2.0,inner,False,,,,1.0,,,,,
4136,C2_S,L0,P_bal,logistic,S0,2.0,2.0,inner,False,,,,10.0,,,,,
4137,C2_S,L0,P_bal,logistic,S0,2.0,,final_selected_C,False,,,,,,,,,
4138,C2_S,L0,P_bal,logistic,S1,2.0,0.0,inner,False,,,,0.01,,,,,
4139,C2_S,L0,P_bal,logistic,S1,2.0,0.0,inner,False,,,,0.1,,,,,
4140,C2_S,L0,P_bal,logistic,S1,2.0,0.0,inner,False,,,,1.0,,,,,
4141,C2_S,L0,P_bal,logistic,S1,2.0,0.0,inner,False,,,,10.0,,,,,
4142,C2_S,L0,P_bal,logistic,S1,2.0,1.0,inner,False,,,,0.01,,,,,
4143,C2_S,L0,P_bal,logistic,S1,2.0,1.0,inner,False,,,,0.1,,,,,
4144,C2_S,L0,P_bal,logistic,S1,2.0,1.0,inner,False,,,,1.0,,,,,
4145,C2_S,L0,P_bal,logistic,S1,2.0,1.0,inner,False,,,,10.0,,,,,
4146,C2_S,L0,P_bal,logistic,S1,2.0,2.0,inner,False,,,,0.01,,,,,
4147,C2_S,L0,P_bal,logistic,S1,2.0,2.0,inner,False,,,,0.1,,,,,
4148,C2_S,L0,P_bal,logistic,S1,2.0,2.0,inner,False,,,,1.0,,,,,
4149,C2_S,L0,P_bal,logistic,S1,2.0,2.0,inner,False,,,,10.0,,,,,
4150,C2_S,L0,P_bal,logistic,S1,2.0,,final_selected_C,False,,,,,,,,,
4151,C2_S,L0,P_bal,logistic,S2,2.0,0.0,inner,False,,,,0.01,,,,,
4152,C2_S,L0,P_bal,logistic,S2,2.0,0.0,inner,False,,,,0.1,,,,,
4153,C2_S,L0,P_bal,logistic,S2,2.0,0.0,inner,False,,,,1.0,,,,,
4154,C2_S,L0,P_bal,logistic,S2,2.0,0.0,inner,False,,,,10.0,,,,,
4155,C2_S,L0,P_bal,logistic,S2,2.0,1.0,inner,False,,,,0.01,,,,,
4156,C2_S,L0,P_bal,logistic,S2,2.0,1.0,inner,False,,,,0.1,,,,,
4157,C2_S,L0,P_bal,logistic,S2,2.0,1.0,inner,False,,,,1.0,,,,,
4158,C2_S,L0,P_bal,logistic,S2,2.0,1.0,inner,False,,,,10.0,,,,,
4159,C2_S,L0,P_bal,logistic,S2,2.0,2.0,inner,False,,,,0.01,,,,,
4160,C2_S,L0,P_bal,logistic,S2,2.0,2.0,inner,False,,,,0.1,,,,,
4161,C2_S,L0,P_bal,logistic,S2,2.0,2.0,inner,False,,,,1.0,,,,,
4162,C2_S,L0,P_bal,logistic,S2,2.0,2.0,inner,False,,,,10.0,,,,,
4163,C2_S,L0,P_bal,logistic,S2,2.0,,final_selected_C,False,,,,,,,,,
4164,C2_S,L0,P_bal,logistic,FULL20,2.0,0.0,inner,False,,,,0.01,,,,,
4165,C2_S,L0,P_bal,logistic,FULL20,2.0,0.0,inner,False,,,,0.1,,,,,
4166,C2_S,L0,P_bal,logistic,FULL20,2.0,0.0,inner,False,,,,1.0,,,,,
4167,C2_S,L0,P_bal,logistic,FULL20,2.0,0.0,inner,False,,,,10.0,,,,,
4168,C2_S,L0,P_bal,logistic,FULL20,2.0,1.0,inner,False,,,,0.01,,,,,
4169,C2_S,L0,P_bal,logistic,FULL20,2.0,1.0,inner,False,,,,0.1,,,,,
4170,C2_S,L0,P_bal,logistic,FULL20,2.0,1.0,inner,False,,,,1.0,,,,,
4171,C2_S,L0,P_bal,logistic,FULL20,2.0,1.0,inner,False,,,,10.0,,,,,
4172,C2_S,L0,P_bal,logistic,FULL20,2.0,2.0,inner,False,,,,0.01,,,,,
4173,C2_S,L0,P_bal,logistic,FULL20,2.0,2.0,inner,False,,,,0.1,,,,,
4174,C2_S,L0,P_bal,logistic,FULL20,2.0,2.0,inner,False,,,,1.0,,,,,
4175,C2_S,L0,P_bal,logistic,FULL20,2.0,2.0,inner,False,,,,10.0,,,,,
4176,C2_S,L0,P_bal,logistic,FULL20,2.0,,final_selected_C,False,,,,,,,,,
4177,C2_S,L0,P_bal,logistic,S0_DUP_S1,2.0,0.0,inner,False,,,,0.01,,,,,
4178,C2_S,L0,P_bal,logistic,S0_DUP_S1,2.0,0.0,inner,False,,,,0.1,,,,,
4179,C2_S,L0,P_bal,logistic,S0_DUP_S1,2.0,0.0,inner,False,,,,1.0,,,,,
4180,C2_S,L0,P_bal,logistic,S0_DUP_S1,2.0,0.0,inner,False,,,,10.0,,,,,
4181,C2_S,L0,P_bal,logistic,S0_DUP_S1,2.0,1.0,inner,False,,,,0.01,,,,,
4182,C2_S,L0,P_bal,logistic,S0_DUP_S1,2.0,1.0,inner,False,,,,0.1,,,,,
4183,C2_S,L0,P_bal,logistic,S0_DUP_S1,2.0,1.0,inner,False,,,,1.0,,,,,
4184,C2_S,L0,P_bal,logistic,S0_DUP_S1,2.0,1.0,inner,False,,,,10.0,,,,,
4185,C2_S,L0,P_bal,logistic,S0_DUP_S1,2.0,2.0,inner,False,,,,0.01,,,,,
4186,C2_S,L0,P_bal,logistic,S0_DUP_S1,2.0,2.0,inner,False,,,,0.1,,,,,
4187,C2_S,L0,P_bal,logistic,S0_DUP_S1,2.0,2.0,inner,False,,,,1.0,,,,,
4188,C2_S,L0,P_bal,logistic,S0_DUP_S1,2.0,2.0,inner,False,,,,10.0,,,,,
4189,C2_S,L0,P_bal,logistic,S0_DUP_S1,2.0,,final_selected_C,False,,,,,,,,,
4190,C2_S,L0,P_bal,logistic,S0_DUP_S2,2.0,0.0,inner,False,,,,0.01,,,,,
4191,C2_S,L0,P_bal,logistic,S0_DUP_S2,2.0,0.0,inner,False,,,,0.1,,,,,
4192,C2_S,L0,P_bal,logistic,S0_DUP_S2,2.0,0.0,inner,False,,,,1.0,,,,,
4193,C2_S,L0,P_bal,logistic,S0_DUP_S2,2.0,0.0,inner,False,,,,10.0,,,,,
4194,C2_S,L0,P_bal,logistic,S0_DUP_S2,2.0,1.0,inner,False,,,,0.01,,,,,
4195,C2_S,L0,P_bal,logistic,S0_DUP_S2,2.0,1.0,inner,False,,,,0.1,,,,,
4196,C2_S,L0,P_bal,logistic,S0_DUP_S2,2.0,1.0,inner,False,,,,1.0,,,,,
4197,C2_S,L0,P_bal,logistic,S0_DUP_S2,2.0,1.0,inner,False,,,,10.0,,,,,
4198,C2_S,L0,P_bal,logistic,S0_DUP_S2,2.0,2.0,inner,False,,,,0.01,,,,,
4199,C2_S,L0,P_bal,logistic,S0_DUP_S2,2.0,2.0,inner,False,,,,0.1,,,,,
4200,C2_S,L0,P_bal,logistic,S0_DUP_S2,2.0,2.0,inner,False,,,,1.0,,,,,
4201,C2_S,L0,P_bal,logistic,S0_DUP_S2,2.0,2.0,inner,False,,,,10.0,,,,,
4202,C2_S,L0,P_bal,logistic,S0_DUP_S2,2.0,,final_selected_C,False,,,,,,,,,
4203,C2_S,L0,P_bal,logistic,S0,3.0,0.0,inner,False,,,,0.01,,,,,
4204,C2_S,L0,P_bal,logistic,S0,3.0,0.0,inner,False,,,,0.1,,,,,
4205,C2_S,L0,P_bal,logistic,S0,3.0,0.0,inner,False,,,,1.0,,,,,
4206,C2_S,L0,P_bal,logistic,S0,3.0,0.0,inner,False,,,,10.0,,,,,
4207,C2_S,L0,P_bal,logistic,S0,3.0,1.0,inner,False,,,,0.01,,,,,
4208,C2_S,L0,P_bal,logistic,S0,3.0,1.0,inner,False,,,,0.1,,,,,
4209,C2_S,L0,P_bal,logistic,S0,3.0,1.0,inner,False,,,,1.0,,,,,
4210,C2_S,L0,P_bal,logistic,S0,3.0,1.0,inner,False,,,,10.0,,,,,
4211,C2_S,L0,P_bal,logistic,S0,3.0,2.0,inner,False,,,,0.01,,,,,
4212,C2_S,L0,P_bal,logistic,S0,3.0,2.0,inner,False,,,,0.1,,,,,
4213,C2_S,L0,P_bal,logistic,S0,3.0,2.0,inner,False,,,,1.0,,,,,
4214,C2_S,L0,P_bal,logistic,S0,3.0,2.0,inner,False,,,,10.0,,,,,
4215,C2_S,L0,P_bal,logistic,S0,3.0,,final_selected_C,False,,,,,,,,,
4216,C2_S,L0,P_bal,logistic,S1,3.0,0.0,inner,False,,,,0.01,,,,,
4217,C2_S,L0,P_bal,logistic,S1,3.0,0.0,inner,False,,,,0.1,,,,,
4218,C2_S,L0,P_bal,logistic,S1,3.0,0.0,inner,False,,,,1.0,,,,,
4219,C2_S,L0,P_bal,logistic,S1,3.0,0.0,inner,False,,,,10.0,,,,,
4220,C2_S,L0,P_bal,logistic,S1,3.0,1.0,inner,False,,,,0.01,,,,,
4221,C2_S,L0,P_bal,logistic,S1,3.0,1.0,inner,False,,,,0.1,,,,,
4222,C2_S,L0,P_bal,logistic,S1,3.0,1.0,inner,False,,,,1.0,,,,,
4223,C2_S,L0,P_bal,logistic,S1,3.0,1.0,inner,False,,,,10.0,,,,,
4224,C2_S,L0,P_bal,logistic,S1,3.0,2.0,inner,False,,,,0.01,,,,,
4225,C2_S,L0,P_bal,logistic,S1,3.0,2.0,inner,False,,,,0.1,,,,,
4226,C2_S,L0,P_bal,logistic,S1,3.0,2.0,inner,False,,,,1.0,,,,,
4227,C2_S,L0,P_bal,logistic,S1,3.0,2.0,inner,False,,,,10.0,,,,,
4228,C2_S,L0,P_bal,logistic,S1,3.0,,final_selected_C,False,,,,,,,,,
4229,C2_S,L0,P_bal,logistic,S2,3.0,0.0,inner,False,,,,0.01,,,,,
4230,C2_S,L0,P_bal,logistic,S2,3.0,0.0,inner,False,,,,0.1,,,,,
4231,C2_S,L0,P_bal,logistic,S2,3.0,0.0,inner,False,,,,1.0,,,,,
4232,C2_S,L0,P_bal,logistic,S2,3.0,0.0,inner,False,,,,10.0,,,,,
4233,C2_S,L0,P_bal,logistic,S2,3.0,1.0,inner,False,,,,0.01,,,,,
4234,C2_S,L0,P_bal,logistic,S2,3.0,1.0,inner,False,,,,0.1,,,,,
4235,C2_S,L0,P_bal,logistic,S2,3.0,1.0,inner,False,,,,1.0,,,,,
4236,C2_S,L0,P_bal,logistic,S2,3.0,1.0,inner,False,,,,10.0,,,,,
4237,C2_S,L0,P_bal,logistic,S2,3.0,2.0,inner,False,,,,0.01,,,,,
4238,C2_S,L0,P_bal,logistic,S2,3.0,2.0,inner,False,,,,0.1,,,,,
4239,C2_S,L0,P_bal,logistic,S2,3.0,2.0,inner,False,,,,1.0,,,,,
4240,C2_S,L0,P_bal,logistic,S2,3.0,2.0,inner,False,,,,10.0,,,,,
4241,C2_S,L0,P_bal,logistic,S2,3.0,,final_selected_C,False,,,,,,,,,
4242,C2_S,L0,P_bal,logistic,FULL20,3.0,0.0,inner,False,,,,0.01,,,,,
4243,C2_S,L0,P_bal,logistic,FULL20,3.0,0.0,inner,False,,,,0.1,,,,,
4244,C2_S,L0,P_bal,logistic,FULL20,3.0,0.0,inner,False,,,,1.0,,,,,
4245,C2_S,L0,P_bal,logistic,FULL20,3.0,0.0,inner,False,,,,10.0,,,,,
4246,C2_S,L0,P_bal,logistic,FULL20,3.0,1.0,inner,False,,,,0.01,,,,,
4247,C2_S,L0,P_bal,logistic,FULL20,3.0,1.0,inner,False,,,,0.1,,,,,
4248,C2_S,L0,P_bal,logistic,FULL20,3.0,1.0,inner,False,,,,1.0,,,,,
4249,C2_S,L0,P_bal,logistic,FULL20,3.0,1.0,inner,False,,,,10.0,,,,,
4250,C2_S,L0,P_bal,logistic,FULL20,3.0,2.0,inner,False,,,,0.01,,,,,
4251,C2_S,L0,P_bal,logistic,FULL20,3.0,2.0,inner,False,,,,0.1,,,,,
4252,C2_S,L0,P_bal,logistic,FULL20,3.0,2.0,inner,False,,,,1.0,,,,,
4253,C2_S,L0,P_bal,logistic,FULL20,3.0,2.0,inner,False,,,,10.0,,,,,
4254,C2_S,L0,P_bal,logistic,FULL20,3.0,,final_selected_C,False,,,,,,,,,
4255,C2_S,L0,P_bal,logistic,S0_DUP_S1,3.0,0.0,inner,False,,,,0.01,,,,,
4256,C2_S,L0,P_bal,logistic,S0_DUP_S1,3.0,0.0,inner,False,,,,0.1,,,,,
4257,C2_S,L0,P_bal,logistic,S0_DUP_S1,3.0,0.0,inner,False,,,,1.0,,,,,
4258,C2_S,L0,P_bal,logistic,S0_DUP_S1,3.0,0.0,inner,False,,,,10.0,,,,,
4259,C2_S,L0,P_bal,logistic,S0_DUP_S1,3.0,1.0,inner,False,,,,0.01,,,,,
4260,C2_S,L0,P_bal,logistic,S0_DUP_S1,3.0,1.0,inner,False,,,,0.1,,,,,
4261,C2_S,L0,P_bal,logistic,S0_DUP_S1,3.0,1.0,inner,False,,,,1.0,,,,,
4262,C2_S,L0,P_bal,logistic,S0_DUP_S1,3.0,1.0,inner,False,,,,10.0,,,,,
4263,C2_S,L0,P_bal,logistic,S0_DUP_S1,3.0,2.0,inner,False,,,,0.01,,,,,
4264,C2_S,L0,P_bal,logistic,S0_DUP_S1,3.0,2.0,inner,False,,,,0.1,,,,,
4265,C2_S,L0,P_bal,logistic,S0_DUP_S1,3.0,2.0,inner,False,,,,1.0,,,,,
4266,C2_S,L0,P_bal,logistic,S0_DUP_S1,3.0,2.0,inner,False,,,,10.0,,,,,
4267,C2_S,L0,P_bal,logistic,S0_DUP_S1,3.0,,final_selected_C,False,,,,,,,,,
4268,C2_S,L0,P_bal,logistic,S0_DUP_S2,3.0,0.0,inner,False,,,,0.01,,,,,
4269,C2_S,L0,P_bal,logistic,S0_DUP_S2,3.0,0.0,inner,False,,,,0.1,,,,,
4270,C2_S,L0,P_bal,logistic,S0_DUP_S2,3.0,0.0,inner,False,,,,1.0,,,,,
4271,C2_S,L0,P_bal,logistic,S0_DUP_S2,3.0,0.0,inner,False,,,,10.0,,,,,
4272,C2_S,L0,P_bal,logistic,S0_DUP_S2,3.0,1.0,inner,False,,,,0.01,,,,,
4273,C2_S,L0,P_bal,logistic,S0_DUP_S2,3.0,1.0,inner,False,,,,0.1,,,,,
4274,C2_S,L0,P_bal,logistic,S0_DUP_S2,3.0,1.0,inner,False,,,,1.0,,,,,
4275,C2_S,L0,P_bal,logistic,S0_DUP_S2,3.0,1.0,inner,False,,,,10.0,,,,,
4276,C2_S,L0,P_bal,logistic,S0_DUP_S2,3.0,2.0,inner,False,,,,0.01,,,,,
4277,C2_S,L0,P_bal,logistic,S0_DUP_S2,3.0,2.0,inner,False,,,,0.1,,,,,
4278,C2_S,L0,P_bal,logistic,S0_DUP_S2,3.0,2.0,inner,False,,,,1.0,,,,,
4279,C2_S,L0,P_bal,logistic,S0_DUP_S2,3.0,2.0,inner,False,,,,10.0,,,,,
4280,C2_S,L0,P_bal,logistic,S0_DUP_S2,3.0,,final_selected_C,False,,,,,,,,,
4281,C2_S,L0,P_bal,logistic,S0,4.0,0.0,inner,False,,,,0.01,,,,,
4282,C2_S,L0,P_bal,logistic,S0,4.0,0.0,inner,False,,,,0.1,,,,,
4283,C2_S,L0,P_bal,logistic,S0,4.0,0.0,inner,False,,,,1.0,,,,,
4284,C2_S,L0,P_bal,logistic,S0,4.0,0.0,inner,False,,,,10.0,,,,,
4285,C2_S,L0,P_bal,logistic,S0,4.0,1.0,inner,False,,,,0.01,,,,,
4286,C2_S,L0,P_bal,logistic,S0,4.0,1.0,inner,False,,,,0.1,,,,,
4287,C2_S,L0,P_bal,logistic,S0,4.0,1.0,inner,False,,,,1.0,,,,,
4288,C2_S,L0,P_bal,logistic,S0,4.0,1.0,inner,False,,,,10.0,,,,,
4289,C2_S,L0,P_bal,logistic,S0,4.0,2.0,inner,False,,,,0.01,,,,,
4290,C2_S,L0,P_bal,logistic,S0,4.0,2.0,inner,False,,,,0.1,,,,,
4291,C2_S,L0,P_bal,logistic,S0,4.0,2.0,inner,False,,,,1.0,,,,,
4292,C2_S,L0,P_bal,logistic,S0,4.0,2.0,inner,False,,,,10.0,,,,,
4293,C2_S,L0,P_bal,logistic,S0,4.0,,final_selected_C,False,,,,,,,,,
4294,C2_S,L0,P_bal,logistic,S1,4.0,0.0,inner,False,,,,0.01,,,,,
4295,C2_S,L0,P_bal,logistic,S1,4.0,0.0,inner,False,,,,0.1,,,,,
4296,C2_S,L0,P_bal,logistic,S1,4.0,0.0,inner,False,,,,1.0,,,,,
4297,C2_S,L0,P_bal,logistic,S1,4.0,0.0,inner,False,,,,10.0,,,,,
4298,C2_S,L0,P_bal,logistic,S1,4.0,1.0,inner,False,,,,0.01,,,,,
4299,C2_S,L0,P_bal,logistic,S1,4.0,1.0,inner,False,,,,0.1,,,,,
4300,C2_S,L0,P_bal,logistic,S1,4.0,1.0,inner,False,,,,1.0,,,,,
4301,C2_S,L0,P_bal,logistic,S1,4.0,1.0,inner,False,,,,10.0,,,,,
4302,C2_S,L0,P_bal,logistic,S1,4.0,2.0,inner,False,,,,0.01,,,,,
4303,C2_S,L0,P_bal,logistic,S1,4.0,2.0,inner,False,,,,0.1,,,,,
4304,C2_S,L0,P_bal,logistic,S1,4.0,2.0,inner,False,,,,1.0,,,,,
4305,C2_S,L0,P_bal,logistic,S1,4.0,2.0,inner,False,,,,10.0,,,,,
4306,C2_S,L0,P_bal,logistic,S1,4.0,,final_selected_C,False,,,,,,,,,
4307,C2_S,L0,P_bal,logistic,S2,4.0,0.0,inner,False,,,,0.01,,,,,
4308,C2_S,L0,P_bal,logistic,S2,4.0,0.0,inner,False,,,,0.1,,,,,
4309,C2_S,L0,P_bal,logistic,S2,4.0,0.0,inner,False,,,,1.0,,,,,
4310,C2_S,L0,P_bal,logistic,S2,4.0,0.0,inner,False,,,,10.0,,,,,
4311,C2_S,L0,P_bal,logistic,S2,4.0,1.0,inner,False,,,,0.01,,,,,
4312,C2_S,L0,P_bal,logistic,S2,4.0,1.0,inner,False,,,,0.1,,,,,
4313,C2_S,L0,P_bal,logistic,S2,4.0,1.0,inner,False,,,,1.0,,,,,
4314,C2_S,L0,P_bal,logistic,S2,4.0,1.0,inner,False,,,,10.0,,,,,
4315,C2_S,L0,P_bal,logistic,S2,4.0,2.0,inner,False,,,,0.01,,,,,
4316,C2_S,L0,P_bal,logistic,S2,4.0,2.0,inner,False,,,,0.1,,,,,
4317,C2_S,L0,P_bal,logistic,S2,4.0,2.0,inner,False,,,,1.0,,,,,
4318,C2_S,L0,P_bal,logistic,S2,4.0,2.0,inner,False,,,,10.0,,,,,
4319,C2_S,L0,P_bal,logistic,S2,4.0,,final_selected_C,False,,,,,,,,,
4320,C2_S,L0,P_bal,logistic,FULL20,4.0,0.0,inner,False,,,,0.01,,,,,
4321,C2_S,L0,P_bal,logistic,FULL20,4.0,0.0,inner,False,,,,0.1,,,,,
4322,C2_S,L0,P_bal,logistic,FULL20,4.0,0.0,inner,False,,,,1.0,,,,,
4323,C2_S,L0,P_bal,logistic,FULL20,4.0,0.0,inner,False,,,,10.0,,,,,
4324,C2_S,L0,P_bal,logistic,FULL20,4.0,1.0,inner,False,,,,0.01,,,,,
4325,C2_S,L0,P_bal,logistic,FULL20,4.0,1.0,inner,False,,,,0.1,,,,,
4326,C2_S,L0,P_bal,logistic,FULL20,4.0,1.0,inner,False,,,,1.0,,,,,
4327,C2_S,L0,P_bal,logistic,FULL20,4.0,1.0,inner,False,,,,10.0,,,,,
4328,C2_S,L0,P_bal,logistic,FULL20,4.0,2.0,inner,False,,,,0.01,,,,,
4329,C2_S,L0,P_bal,logistic,FULL20,4.0,2.0,inner,False,,,,0.1,,,,,
4330,C2_S,L0,P_bal,logistic,FULL20,4.0,2.0,inner,False,,,,1.0,,,,,
4331,C2_S,L0,P_bal,logistic,FULL20,4.0,2.0,inner,False,,,,10.0,,,,,
4332,C2_S,L0,P_bal,logistic,FULL20,4.0,,final_selected_C,False,,,,,,,,,
4333,C2_S,L0,P_bal,logistic,S0_DUP_S1,4.0,0.0,inner,False,,,,0.01,,,,,
4334,C2_S,L0,P_bal,logistic,S0_DUP_S1,4.0,0.0,inner,False,,,,0.1,,,,,
4335,C2_S,L0,P_bal,logistic,S0_DUP_S1,4.0,0.0,inner,False,,,,1.0,,,,,
4336,C2_S,L0,P_bal,logistic,S0_DUP_S1,4.0,0.0,inner,False,,,,10.0,,,,,
4337,C2_S,L0,P_bal,logistic,S0_DUP_S1,4.0,1.0,inner,False,,,,0.01,,,,,
4338,C2_S,L0,P_bal,logistic,S0_DUP_S1,4.0,1.0,inner,False,,,,0.1,,,,,
4339,C2_S,L0,P_bal,logistic,S0_DUP_S1,4.0,1.0,inner,False,,,,1.0,,,,,
4340,C2_S,L0,P_bal,logistic,S0_DUP_S1,4.0,1.0,inner,False,,,,10.0,,,,,
4341,C2_S,L0,P_bal,logistic,S0_DUP_S1,4.0,2.0,inner,False,,,,0.01,,,,,
4342,C2_S,L0,P_bal,logistic,S0_DUP_S1,4.0,2.0,inner,False,,,,0.1,,,,,
4343,C2_S,L0,P_bal,logistic,S0_DUP_S1,4.0,2.0,inner,False,,,,1.0,,,,,
4344,C2_S,L0,P_bal,logistic,S0_DUP_S1,4.0,2.0,inner,False,,,,10.0,,,,,
4345,C2_S,L0,P_bal,logistic,S0_DUP_S1,4.0,,final_selected_C,False,,,,,,,,,
4346,C2_S,L0,P_bal,logistic,S0_DUP_S2,4.0,0.0,inner,False,,,,0.01,,,,,
4347,C2_S,L0,P_bal,logistic,S0_DUP_S2,4.0,0.0,inner,False,,,,0.1,,,,,
4348,C2_S,L0,P_bal,logistic,S0_DUP_S2,4.0,0.0,inner,False,,,,1.0,,,,,
4349,C2_S,L0,P_bal,logistic,S0_DUP_S2,4.0,0.0,inner,False,,,,10.0,,,,,
4350,C2_S,L0,P_bal,logistic,S0_DUP_S2,4.0,1.0,inner,False,,,,0.01,,,,,
4351,C2_S,L0,P_bal,logistic,S0_DUP_S2,4.0,1.0,inner,False,,,,0.1,,,,,
4352,C2_S,L0,P_bal,logistic,S0_DUP_S2,4.0,1.0,inner,False,,,,1.0,,,,,
4353,C2_S,L0,P_bal,logistic,S0_DUP_S2,4.0,1.0,inner,False,,,,10.0,,,,,
4354,C2_S,L0,P_bal,logistic,S0_DUP_S2,4.0,2.0,inner,False,,,,0.01,,,,,
4355,C2_S,L0,P_bal,logistic,S0_DUP_S2,4.0,2.0,inner,False,,,,0.1,,,,,
4356,C2_S,L0,P_bal,logistic,S0_DUP_S2,4.0,2.0,inner,False,,,,1.0,,,,,
4357,C2_S,L0,P_bal,logistic,S0_DUP_S2,4.0,2.0,inner,False,,,,10.0,,,,,
4358,C2_S,L0,P_bal,logistic,S0_DUP_S2,4.0,,final_selected_C,False,,,,,,,,,
4359,G0,L0,P_bal,logistic,within_child,0.0,,training_child_C_selection,False,,,,0.01,,,0.0,,
4360,G0,L0,P_bal,logistic,within_child,0.0,,training_child_C_selection,False,,,,0.1,,,0.0,,
4361,G0,L0,P_bal,logistic,within_child,0.0,,training_child_C_selection,False,,,,1.0,,,0.0,,
4362,G0,L0,P_bal,logistic,within_child,0.0,,training_child_C_selection,False,,,,10.0,,,0.0,,
4363,G0,L0,P_bal,logistic,within_child,0.0,,training_child_C_selection,False,,,,0.01,,,1.0,,
4364,G0,L0,P_bal,logistic,within_child,0.0,,training_child_C_selection,False,,,,0.1,,,1.0,,
4365,G0,L0,P_bal,logistic,within_child,0.0,,training_child_C_selection,False,,,,1.0,,,1.0,,
4366,G0,L0,P_bal,logistic,within_child,0.0,,training_child_C_selection,False,,,,10.0,,,1.0,,
4367,G0,L0,P_bal,logistic,within_child,0.0,,training_child_C_selection,False,,,,0.01,,,2.0,,
4368,G0,L0,P_bal,logistic,within_child,0.0,,training_child_C_selection,False,,,,0.1,,,2.0,,
4369,G0,L0,P_bal,logistic,within_child,0.0,,training_child_C_selection,False,,,,1.0,,,2.0,,
4370,G0,L0,P_bal,logistic,within_child,0.0,,training_child_C_selection,False,,,,10.0,,,2.0,,
4371,G0,L0,P_bal,logistic,within_child,0.0,,training_child_C_selection,False,,,,0.01,,,3.0,,
4372,G0,L0,P_bal,logistic,within_child,0.0,,training_child_C_selection,False,,,,0.1,,,3.0,,
4373,G0,L0,P_bal,logistic,within_child,0.0,,training_child_C_selection,False,,,,1.0,,,3.0,,
4374,G0,L0,P_bal,logistic,within_child,0.0,,training_child_C_selection,False,,,,10.0,,,3.0,,
4375,G0,L0,P_bal,logistic,within_child,0.0,,training_child_C_selection,False,,,,0.01,,,4.0,,
4376,G0,L0,P_bal,logistic,within_child,0.0,,training_child_C_selection,False,,,,0.1,,,4.0,,
4377,G0,L0,P_bal,logistic,within_child,0.0,,training_child_C_selection,False,,,,1.0,,,4.0,,
4378,G0,L0,P_bal,logistic,within_child,0.0,,training_child_C_selection,False,,,,10.0,,,4.0,,
4379,G0,L0,P_bal,logistic,within_child,0.0,,training_child_C_selection,False,,,,0.01,,,5.0,,
4380,G0,L0,P_bal,logistic,within_child,0.0,,training_child_C_selection,False,,,,0.1,,,5.0,,
4381,G0,L0,P_bal,logistic,within_child,0.0,,training_child_C_selection,False,,,,1.0,,,5.0,,
4382,G0,L0,P_bal,logistic,within_child,0.0,,training_child_C_selection,False,,,,10.0,,,5.0,,
4383,G0,L0,P_bal,logistic,within_child,0.0,,training_child_C_selection,False,,,,0.01,,,6.0,,
4384,G0,L0,P_bal,logistic,within_child,0.0,,training_child_C_selection,False,,,,0.1,,,6.0,,
4385,G0,L0,P_bal,logistic,within_child,0.0,,training_child_C_selection,False,,,,1.0,,,6.0,,
4386,G0,L0,P_bal,logistic,within_child,0.0,,training_child_C_selection,False,,,,10.0,,,6.0,,
4387,G0,L0,P_bal,logistic,within_child,0.0,,training_child_C_selection,False,,,,0.01,,,7.0,,
4388,G0,L0,P_bal,logistic,within_child,0.0,,training_child_C_selection,False,,,,0.1,,,7.0,,
4389,G0,L0,P_bal,logistic,within_child,0.0,,training_child_C_selection,False,,,,1.0,,,7.0,,
4390,G0,L0,P_bal,logistic,within_child,0.0,,training_child_C_selection,False,,,,10.0,,,7.0,,
4391,G0,L0,P_bal,logistic,within_child,0.0,,training_child_C_selection,False,,,,0.01,,,8.0,,
4392,G0,L0,P_bal,logistic,within_child,0.0,,training_child_C_selection,False,,,,0.1,,,8.0,,
4393,G0,L0,P_bal,logistic,within_child,0.0,,training_child_C_selection,False,,,,1.0,,,8.0,,
4394,G0,L0,P_bal,logistic,within_child,0.0,,training_child_C_selection,False,,,,10.0,,,8.0,,
4395,G0,L0,P_bal,logistic,within_child,0.0,,training_child_C_selection,False,,,,0.01,,,9.0,,
4396,G0,L0,P_bal,logistic,within_child,0.0,,training_child_C_selection,False,,,,0.1,,,9.0,,
4397,G0,L0,P_bal,logistic,within_child,0.0,,training_child_C_selection,False,,,,1.0,,,9.0,,
4398,G0,L0,P_bal,logistic,within_child,0.0,,training_child_C_selection,False,,,,10.0,,,9.0,,
4399,G0,L0,P_bal,logistic,within_child,0.0,,heldout_child_calibration,False,,,,,,,0.0,,
4400,G0,L0,P_bal,logistic,within_child,0.0,,heldout_child_calibration,False,,,,,,,1.0,,
4401,G0,L0,P_bal,logistic,within_child,0.0,,heldout_child_calibration,False,,,,,,,2.0,,
4402,G0,L0,P_bal,logistic,within_child,0.0,,heldout_child_calibration,False,,,,,,,3.0,,
4403,G0,L0,P_bal,logistic,within_child,0.0,,heldout_child_calibration,False,,,,,,,4.0,,
4404,G0,L0,P_bal,logistic,within_child,0.0,,heldout_child_calibration,False,,,,,,,5.0,,
4405,G0,L0,P_bal,logistic,within_child,0.0,,heldout_child_calibration,False,,,,,,,6.0,,
4406,G0,L0,P_bal,logistic,within_child,0.0,,heldout_child_calibration,False,,,,,,,7.0,,
4407,G0,L0,P_bal,logistic,within_child,0.0,,heldout_child_calibration,False,,,,,,,8.0,,
4408,G0,L0,P_bal,logistic,within_child,0.0,,heldout_child_calibration,False,,,,,,,9.0,,
4409,G0,L0,P_bal,logistic,within_child,0.0,,heldout_child_calibration,False,,,,,,,10.0,,
4410,G0,R_RAND,P_bal,logistic,within_child,0.0,,training_child_C_selection,False,,,,0.01,,,0.0,,
4411,G0,R_RAND,P_bal,logistic,within_child,0.0,,training_child_C_selection,False,,,,0.1,,,0.0,,
4412,G0,R_RAND,P_bal,logistic,within_child,0.0,,training_child_C_selection,False,,,,1.0,,,0.0,,
4413,G0,R_RAND,P_bal,logistic,within_child,0.0,,training_child_C_selection,False,,,,10.0,,,0.0,,
4414,G0,R_RAND,P_bal,logistic,within_child,0.0,,training_child_C_selection,False,,,,0.01,,,1.0,,
4415,G0,R_RAND,P_bal,logistic,within_child,0.0,,training_child_C_selection,False,,,,0.1,,,1.0,,
4416,G0,R_RAND,P_bal,logistic,within_child,0.0,,training_child_C_selection,False,,,,1.0,,,1.0,,
4417,G0,R_RAND,P_bal,logistic,within_child,0.0,,training_child_C_selection,False,,,,10.0,,,1.0,,
4418,G0,R_RAND,P_bal,logistic,within_child,0.0,,training_child_C_selection,False,,,,0.01,,,2.0,,
4419,G0,R_RAND,P_bal,logistic,within_child,0.0,,training_child_C_selection,False,,,,0.1,,,2.0,,
4420,G0,R_RAND,P_bal,logistic,within_child,0.0,,training_child_C_selection,False,,,,1.0,,,2.0,,
4421,G0,R_RAND,P_bal,logistic,within_child,0.0,,training_child_C_selection,False,,,,10.0,,,2.0,,
4422,G0,R_RAND,P_bal,logistic,within_child,0.0,,training_child_C_selection,False,,,,0.01,,,3.0,,
4423,G0,R_RAND,P_bal,logistic,within_child,0.0,,training_child_C_selection,False,,,,0.1,,,3.0,,
4424,G0,R_RAND,P_bal,logistic,within_child,0.0,,training_child_C_selection,False,,,,1.0,,,3.0,,
4425,G0,R_RAND,P_bal,logistic,within_child,0.0,,training_child_C_selection,False,,,,10.0,,,3.0,,
4426,G0,R_RAND,P_bal,logistic,within_child,0.0,,training_child_C_selection,False,,,,0.01,,,4.0,,
4427,G0,R_RAND,P_bal,logistic,within_child,0.0,,training_child_C_selection,False,,,,0.1,,,4.0,,
4428,G0,R_RAND,P_bal,logistic,within_child,0.0,,training_child_C_selection,False,,,,1.0,,,4.0,,
4429,G0,R_RAND,P_bal,logistic,within_child,0.0,,training_child_C_selection,False,,,,10.0,,,4.0,,
4430,G0,R_RAND,P_bal,logistic,within_child,0.0,,training_child_C_selection,False,,,,0.01,,,5.0,,
4431,G0,R_RAND,P_bal,logistic,within_child,0.0,,training_child_C_selection,False,,,,0.1,,,5.0,,
4432,G0,R_RAND,P_bal,logistic,within_child,0.0,,training_child_C_selection,False,,,,1.0,,,5.0,,
4433,G0,R_RAND,P_bal,logistic,within_child,0.0,,training_child_C_selection,False,,,,10.0,,,5.0,,
4434,G0,R_RAND,P_bal,logistic,within_child,0.0,,training_child_C_selection,False,,,,0.01,,,6.0,,
4435,G0,R_RAND,P_bal,logistic,within_child,0.0,,training_child_C_selection,False,,,,0.1,,,6.0,,
4436,G0,R_RAND,P_bal,logistic,within_child,0.0,,training_child_C_selection,False,,,,1.0,,,6.0,,
4437,G0,R_RAND,P_bal,logistic,within_child,0.0,,training_child_C_selection,False,,,,10.0,,,6.0,,
4438,G0,R_RAND,P_bal,logistic,within_child,0.0,,training_child_C_selection,False,,,,0.01,,,7.0,,
4439,G0,R_RAND,P_bal,logistic,within_child,0.0,,training_child_C_selection,False,,,,0.1,,,7.0,,
4440,G0,R_RAND,P_bal,logistic,within_child,0.0,,training_child_C_selection,False,,,,1.0,,,7.0,,
4441,G0,R_RAND,P_bal,logistic,within_child,0.0,,training_child_C_selection,False,,,,10.0,,,7.0,,
4442,G0,R_RAND,P_bal,logistic,within_child,0.0,,training_child_C_selection,False,,,,0.01,,,8.0,,
4443,G0,R_RAND,P_bal,logistic,within_child,0.0,,training_child_C_selection,False,,,,0.1,,,8.0,,
4444,G0,R_RAND,P_bal,logistic,within_child,0.0,,training_child_C_selection,False,,,,1.0,,,8.0,,
4445,G0,R_RAND,P_bal,logistic,within_child,0.0,,training_child_C_selection,False,,,,10.0,,,8.0,,
4446,G0,R_RAND,P_bal,logistic,within_child,0.0,,training_child_C_selection,False,,,,0.01,,,9.0,,
4447,G0,R_RAND,P_bal,logistic,within_child,0.0,,training_child_C_selection,False,,,,0.1,,,9.0,,
4448,G0,R_RAND,P_bal,logistic,within_child,0.0,,training_child_C_selection,False,,,,1.0,,,9.0,,
4449,G0,R_RAND,P_bal,logistic,within_child,0.0,,training_child_C_selection,False,,,,10.0,,,9.0,,
4450,G0,R_RAND,P_bal,logistic,within_child,0.0,,heldout_child_calibration,False,,,,,,,0.0,,
4451,G0,R_RAND,P_bal,logistic,within_child,0.0,,heldout_child_calibration,False,,,,,,,1.0,,
4452,G0,R_RAND,P_bal,logistic,within_child,0.0,,heldout_child_calibration,False,,,,,,,2.0,,
4453,G0,R_RAND,P_bal,logistic,within_child,0.0,,heldout_child_calibration,False,,,,,,,3.0,,
4454,G0,R_RAND,P_bal,logistic,within_child,0.0,,heldout_child_calibration,False,,,,,,,4.0,,
4455,G0,R_RAND,P_bal,logistic,within_child,0.0,,heldout_child_calibration,False,,,,,,,5.0,,
4456,G0,R_RAND,P_bal,logistic,within_child,0.0,,heldout_child_calibration,False,,,,,,,6.0,,
4457,G0,R_RAND,P_bal,logistic,within_child,0.0,,heldout_child_calibration,False,,,,,,,7.0,,
4458,G0,R_RAND,P_bal,logistic,within_child,0.0,,heldout_child_calibration,False,,,,,,,8.0,,
4459,G0,R_RAND,P_bal,logistic,within_child,0.0,,heldout_child_calibration,False,,,,,,,9.0,,
4460,G0,R_RAND,P_bal,logistic,within_child,0.0,,heldout_child_calibration,False,,,,,,,10.0,,
4461,G0,R_SUP,P_bal,logistic,within_child,0.0,,training_child_C_selection,False,,,,0.01,,,0.0,,
4462,G0,R_SUP,P_bal,logistic,within_child,0.0,,training_child_C_selection,False,,,,0.1,,,0.0,,
4463,G0,R_SUP,P_bal,logistic,within_child,0.0,,training_child_C_selection,False,,,,1.0,,,0.0,,
4464,G0,R_SUP,P_bal,logistic,within_child,0.0,,training_child_C_selection,False,,,,10.0,,,0.0,,
4465,G0,R_SUP,P_bal,logistic,within_child,0.0,,training_child_C_selection,False,,,,0.01,,,1.0,,
4466,G0,R_SUP,P_bal,logistic,within_child,0.0,,training_child_C_selection,False,,,,0.1,,,1.0,,
4467,G0,R_SUP,P_bal,logistic,within_child,0.0,,training_child_C_selection,False,,,,1.0,,,1.0,,
4468,G0,R_SUP,P_bal,logistic,within_child,0.0,,training_child_C_selection,False,,,,10.0,,,1.0,,
4469,G0,R_SUP,P_bal,logistic,within_child,0.0,,training_child_C_selection,False,,,,0.01,,,2.0,,
4470,G0,R_SUP,P_bal,logistic,within_child,0.0,,training_child_C_selection,False,,,,0.1,,,2.0,,
4471,G0,R_SUP,P_bal,logistic,within_child,0.0,,training_child_C_selection,False,,,,1.0,,,2.0,,
4472,G0,R_SUP,P_bal,logistic,within_child,0.0,,training_child_C_selection,False,,,,10.0,,,2.0,,
4473,G0,R_SUP,P_bal,logistic,within_child,0.0,,training_child_C_selection,False,,,,0.01,,,3.0,,
4474,G0,R_SUP,P_bal,logistic,within_child,0.0,,training_child_C_selection,False,,,,0.1,,,3.0,,
4475,G0,R_SUP,P_bal,logistic,within_child,0.0,,training_child_C_selection,False,,,,1.0,,,3.0,,
4476,G0,R_SUP,P_bal,logistic,within_child,0.0,,training_child_C_selection,False,,,,10.0,,,3.0,,
4477,G0,R_SUP,P_bal,logistic,within_child,0.0,,training_child_C_selection,False,,,,0.01,,,4.0,,
4478,G0,R_SUP,P_bal,logistic,within_child,0.0,,training_child_C_selection,False,,,,0.1,,,4.0,,
4479,G0,R_SUP,P_bal,logistic,within_child,0.0,,training_child_C_selection,False,,,,1.0,,,4.0,,
4480,G0,R_SUP,P_bal,logistic,within_child,0.0,,training_child_C_selection,False,,,,10.0,,,4.0,,
4481,G0,R_SUP,P_bal,logistic,within_child,0.0,,training_child_C_selection,False,,,,0.01,,,5.0,,
4482,G0,R_SUP,P_bal,logistic,within_child,0.0,,training_child_C_selection,False,,,,0.1,,,5.0,,
4483,G0,R_SUP,P_bal,logistic,within_child,0.0,,training_child_C_selection,False,,,,1.0,,,5.0,,
4484,G0,R_SUP,P_bal,logistic,within_child,0.0,,training_child_C_selection,False,,,,10.0,,,5.0,,
4485,G0,R_SUP,P_bal,logistic,within_child,0.0,,training_child_C_selection,False,,,,0.01,,,6.0,,
4486,G0,R_SUP,P_bal,logistic,within_child,0.0,,training_child_C_selection,False,,,,0.1,,,6.0,,
4487,G0,R_SUP,P_bal,logistic,within_child,0.0,,training_child_C_selection,False,,,,1.0,,,6.0,,
4488,G0,R_SUP,P_bal,logistic,within_child,0.0,,training_child_C_selection,False,,,,10.0,,,6.0,,
4489,G0,R_SUP,P_bal,logistic,within_child,0.0,,training_child_C_selection,False,,,,0.01,,,7.0,,
4490,G0,R_SUP,P_bal,logistic,within_child,0.0,,training_child_C_selection,False,,,,0.1,,,7.0,,
4491,G0,R_SUP,P_bal,logistic,within_child,0.0,,training_child_C_selection,False,,,,1.0,,,7.0,,
4492,G0,R_SUP,P_bal,logistic,within_child,0.0,,training_child_C_selection,False,,,,10.0,,,7.0,,
4493,G0,R_SUP,P_bal,logistic,within_child,0.0,,training_child_C_selection,False,,,,0.01,,,8.0,,
4494,G0,R_SUP,P_bal,logistic,within_child,0.0,,training_child_C_selection,False,,,,0.1,,,8.0,,
4495,G0,R_SUP,P_bal,logistic,within_child,0.0,,training_child_C_selection,False,,,,1.0,,,8.0,,
4496,G0,R_SUP,P_bal,logistic,within_child,0.0,,training_child_C_selection,False,,,,10.0,,,8.0,,
4497,G0,R_SUP,P_bal,logistic,within_child,0.0,,training_child_C_selection,False,,,,0.01,,,9.0,,
4498,G0,R_SUP,P_bal,logistic,within_child,0.0,,training_child_C_selection,False,,,,0.1,,,9.0,,
4499,G0,R_SUP,P_bal,logistic,within_child,0.0,,training_child_C_selection,False,,,,1.0,,,9.0,,
4500,G0,R_SUP,P_bal,logistic,within_child,0.0,,training_child_C_selection,False,,,,10.0,,,9.0,,
4501,G0,R_SUP,P_bal,logistic,within_child,0.0,,heldout_child_calibration,False,,,,,,,0.0,,
4502,G0,R_SUP,P_bal,logistic,within_child,0.0,,heldout_child_calibration,False,,,,,,,1.0,,
4503,G0,R_SUP,P_bal,logistic,within_child,0.0,,heldout_child_calibration,False,,,,,,,2.0,,
4504,G0,R_SUP,P_bal,logistic,within_child,0.0,,heldout_child_calibration,False,,,,,,,3.0,,
4505,G0,R_SUP,P_bal,logistic,within_child,0.0,,heldout_child_calibration,False,,,,,,,4.0,,
4506,G0,R_SUP,P_bal,logistic,within_child,0.0,,heldout_child_calibration,False,,,,,,,5.0,,
4507,G0,R_SUP,P_bal,logistic,within_child,0.0,,heldout_child_calibration,False,,,,,,,6.0,,
4508,G0,R_SUP,P_bal,logistic,within_child,0.0,,heldout_child_calibration,False,,,,,,,7.0,,
4509,G0,R_SUP,P_bal,logistic,within_child,0.0,,heldout_child_calibration,False,,,,,,,8.0,,
4510,G0,R_SUP,P_bal,logistic,within_child,0.0,,heldout_child_calibration,False,,,,,,,9.0,,
4511,G0,R_SUP,P_bal,logistic,within_child,0.0,,heldout_child_calibration,False,,,,,,,10.0,,
4512,G0,R_SIM,P_bal,logistic,within_child,0.0,,training_child_C_selection,False,,,,0.01,,,0.0,,
4513,G0,R_SIM,P_bal,logistic,within_child,0.0,,training_child_C_selection,False,,,,0.1,,,0.0,,
4514,G0,R_SIM,P_bal,logistic,within_child,0.0,,training_child_C_selection,False,,,,1.0,,,0.0,,
4515,G0,R_SIM,P_bal,logistic,within_child,0.0,,training_child_C_selection,False,,,,10.0,,,0.0,,
4516,G0,R_SIM,P_bal,logistic,within_child,0.0,,training_child_C_selection,False,,,,0.01,,,1.0,,
4517,G0,R_SIM,P_bal,logistic,within_child,0.0,,training_child_C_selection,False,,,,0.1,,,1.0,,
4518,G0,R_SIM,P_bal,logistic,within_child,0.0,,training_child_C_selection,False,,,,1.0,,,1.0,,
4519,G0,R_SIM,P_bal,logistic,within_child,0.0,,training_child_C_selection,False,,,,10.0,,,1.0,,
4520,G0,R_SIM,P_bal,logistic,within_child,0.0,,training_child_C_selection,False,,,,0.01,,,2.0,,
4521,G0,R_SIM,P_bal,logistic,within_child,0.0,,training_child_C_selection,False,,,,0.1,,,2.0,,
4522,G0,R_SIM,P_bal,logistic,within_child,0.0,,training_child_C_selection,False,,,,1.0,,,2.0,,
4523,G0,R_SIM,P_bal,logistic,within_child,0.0,,training_child_C_selection,False,,,,10.0,,,2.0,,
4524,G0,R_SIM,P_bal,logistic,within_child,0.0,,training_child_C_selection,False,,,,0.01,,,3.0,,
4525,G0,R_SIM,P_bal,logistic,within_child,0.0,,training_child_C_selection,False,,,,0.1,,,3.0,,
4526,G0,R_SIM,P_bal,logistic,within_child,0.0,,training_child_C_selection,False,,,,1.0,,,3.0,,
4527,G0,R_SIM,P_bal,logistic,within_child,0.0,,training_child_C_selection,False,,,,10.0,,,3.0,,
4528,G0,R_SIM,P_bal,logistic,within_child,0.0,,training_child_C_selection,False,,,,0.01,,,4.0,,
4529,G0,R_SIM,P_bal,logistic,within_child,0.0,,training_child_C_selection,False,,,,0.1,,,4.0,,
4530,G0,R_SIM,P_bal,logistic,within_child,0.0,,training_child_C_selection,False,,,,1.0,,,4.0,,
4531,G0,R_SIM,P_bal,logistic,within_child,0.0,,training_child_C_selection,False,,,,10.0,,,4.0,,
4532,G0,R_SIM,P_bal,logistic,within_child,0.0,,training_child_C_selection,False,,,,0.01,,,5.0,,
4533,G0,R_SIM,P_bal,logistic,within_child,0.0,,training_child_C_selection,False,,,,0.1,,,5.0,,
4534,G0,R_SIM,P_bal,logistic,within_child,0.0,,training_child_C_selection,False,,,,1.0,,,5.0,,
4535,G0,R_SIM,P_bal,logistic,within_child,0.0,,training_child_C_selection,False,,,,10.0,,,5.0,,
4536,G0,R_SIM,P_bal,logistic,within_child,0.0,,training_child_C_selection,False,,,,0.01,,,6.0,,
4537,G0,R_SIM,P_bal,logistic,within_child,0.0,,training_child_C_selection,False,,,,0.1,,,6.0,,
4538,G0,R_SIM,P_bal,logistic,within_child,0.0,,training_child_C_selection,False,,,,1.0,,,6.0,,
4539,G0,R_SIM,P_bal,logistic,within_child,0.0,,training_child_C_selection,False,,,,10.0,,,6.0,,
4540,G0,R_SIM,P_bal,logistic,within_child,0.0,,training_child_C_selection,False,,,,0.01,,,7.0,,
4541,G0,R_SIM,P_bal,logistic,within_child,0.0,,training_child_C_selection,False,,,,0.1,,,7.0,,
4542,G0,R_SIM,P_bal,logistic,within_child,0.0,,training_child_C_selection,False,,,,1.0,,,7.0,,
4543,G0,R_SIM,P_bal,logistic,within_child,0.0,,training_child_C_selection,False,,,,10.0,,,7.0,,
4544,G0,R_SIM,P_bal,logistic,within_child,0.0,,training_child_C_selection,False,,,,0.01,,,8.0,,
4545,G0,R_SIM,P_bal,logistic,within_child,0.0,,training_child_C_selection,False,,,,0.1,,,8.0,,
4546,G0,R_SIM,P_bal,logistic,within_child,0.0,,training_child_C_selection,False,,,,1.0,,,8.0,,
4547,G0,R_SIM,P_bal,logistic,within_child,0.0,,training_child_C_selection,False,,,,10.0,,,8.0,,
4548,G0,R_SIM,P_bal,logistic,within_child,0.0,,training_child_C_selection,False,,,,0.01,,,9.0,,
4549,G0,R_SIM,P_bal,logistic,within_child,0.0,,training_child_C_selection,False,,,,0.1,,,9.0,,
4550,G0,R_SIM,P_bal,logistic,within_child,0.0,,training_child_C_selection,False,,,,1.0,,,9.0,,
4551,G0,R_SIM,P_bal,logistic,within_child,0.0,,training_child_C_selection,False,,,,10.0,,,9.0,,
4552,G0,R_SIM,P_bal,logistic,within_child,0.0,,heldout_child_calibration,False,,,,,,,0.0,,
4553,G0,R_SIM,P_bal,logistic,within_child,0.0,,heldout_child_calibration,False,,,,,,,1.0,,
4554,G0,R_SIM,P_bal,logistic,within_child,0.0,,heldout_child_calibration,False,,,,,,,2.0,,
4555,G0,R_SIM,P_bal,logistic,within_child,0.0,,heldout_child_calibration,False,,,,,,,3.0,,
4556,G0,R_SIM,P_bal,logistic,within_child,0.0,,heldout_child_calibration,False,,,,,,,4.0,,
4557,G0,R_SIM,P_bal,logistic,within_child,0.0,,heldout_child_calibration,False,,,,,,,5.0,,
4558,G0,R_SIM,P_bal,logistic,within_child,0.0,,heldout_child_calibration,False,,,,,,,6.0,,
4559,G0,R_SIM,P_bal,logistic,within_child,0.0,,heldout_child_calibration,False,,,,,,,7.0,,
4560,G0,R_SIM,P_bal,logistic,within_child,0.0,,heldout_child_calibration,False,,,,,,,8.0,,
4561,G0,R_SIM,P_bal,logistic,within_child,0.0,,heldout_child_calibration,False,,,,,,,9.0,,
4562,G0,R_SIM,P_bal,logistic,within_child,0.0,,heldout_child_calibration,False,,,,,,,10.0,,
4563,G0,L0,P_bal,logistic,within_child,1.0,,training_child_C_selection,False,,,,0.01,,,0.0,,
4564,G0,L0,P_bal,logistic,within_child,1.0,,training_child_C_selection,False,,,,0.1,,,0.0,,
4565,G0,L0,P_bal,logistic,within_child,1.0,,training_child_C_selection,False,,,,1.0,,,0.0,,
4566,G0,L0,P_bal,logistic,within_child,1.0,,training_child_C_selection,False,,,,10.0,,,0.0,,
4567,G0,L0,P_bal,logistic,within_child,1.0,,training_child_C_selection,False,,,,0.01,,,1.0,,
4568,G0,L0,P_bal,logistic,within_child,1.0,,training_child_C_selection,False,,,,0.1,,,1.0,,
4569,G0,L0,P_bal,logistic,within_child,1.0,,training_child_C_selection,False,,,,1.0,,,1.0,,
4570,G0,L0,P_bal,logistic,within_child,1.0,,training_child_C_selection,False,,,,10.0,,,1.0,,
4571,G0,L0,P_bal,logistic,within_child,1.0,,training_child_C_selection,False,,,,0.01,,,2.0,,
4572,G0,L0,P_bal,logistic,within_child,1.0,,training_child_C_selection,False,,,,0.1,,,2.0,,
4573,G0,L0,P_bal,logistic,within_child,1.0,,training_child_C_selection,False,,,,1.0,,,2.0,,
4574,G0,L0,P_bal,logistic,within_child,1.0,,training_child_C_selection,False,,,,10.0,,,2.0,,
4575,G0,L0,P_bal,logistic,within_child,1.0,,training_child_C_selection,False,,,,0.01,,,3.0,,
4576,G0,L0,P_bal,logistic,within_child,1.0,,training_child_C_selection,False,,,,0.1,,,3.0,,
4577,G0,L0,P_bal,logistic,within_child,1.0,,training_child_C_selection,False,,,,1.0,,,3.0,,
4578,G0,L0,P_bal,logistic,within_child,1.0,,training_child_C_selection,False,,,,10.0,,,3.0,,
4579,G0,L0,P_bal,logistic,within_child,1.0,,training_child_C_selection,False,,,,0.01,,,4.0,,
4580,G0,L0,P_bal,logistic,within_child,1.0,,training_child_C_selection,False,,,,0.1,,,4.0,,
4581,G0,L0,P_bal,logistic,within_child,1.0,,training_child_C_selection,False,,,,1.0,,,4.0,,
4582,G0,L0,P_bal,logistic,within_child,1.0,,training_child_C_selection,False,,,,10.0,,,4.0,,
4583,G0,L0,P_bal,logistic,within_child,1.0,,training_child_C_selection,False,,,,0.01,,,5.0,,
4584,G0,L0,P_bal,logistic,within_child,1.0,,training_child_C_selection,False,,,,0.1,,,5.0,,
4585,G0,L0,P_bal,logistic,within_child,1.0,,training_child_C_selection,False,,,,1.0,,,5.0,,
4586,G0,L0,P_bal,logistic,within_child,1.0,,training_child_C_selection,False,,,,10.0,,,5.0,,
4587,G0,L0,P_bal,logistic,within_child,1.0,,training_child_C_selection,False,,,,0.01,,,6.0,,
4588,G0,L0,P_bal,logistic,within_child,1.0,,training_child_C_selection,False,,,,0.1,,,6.0,,
4589,G0,L0,P_bal,logistic,within_child,1.0,,training_child_C_selection,False,,,,1.0,,,6.0,,
4590,G0,L0,P_bal,logistic,within_child,1.0,,training_child_C_selection,False,,,,10.0,,,6.0,,
4591,G0,L0,P_bal,logistic,within_child,1.0,,training_child_C_selection,False,,,,0.01,,,7.0,,
4592,G0,L0,P_bal,logistic,within_child,1.0,,training_child_C_selection,False,,,,0.1,,,7.0,,
4593,G0,L0,P_bal,logistic,within_child,1.0,,training_child_C_selection,False,,,,1.0,,,7.0,,
4594,G0,L0,P_bal,logistic,within_child,1.0,,training_child_C_selection,False,,,,10.0,,,7.0,,
4595,G0,L0,P_bal,logistic,within_child,1.0,,training_child_C_selection,False,,,,0.01,,,8.0,,
4596,G0,L0,P_bal,logistic,within_child,1.0,,training_child_C_selection,False,,,,0.1,,,8.0,,
4597,G0,L0,P_bal,logistic,within_child,1.0,,training_child_C_selection,False,,,,1.0,,,8.0,,
4598,G0,L0,P_bal,logistic,within_child,1.0,,training_child_C_selection,False,,,,10.0,,,8.0,,
4599,G0,L0,P_bal,logistic,within_child,1.0,,training_child_C_selection,False,,,,0.01,,,9.0,,
4600,G0,L0,P_bal,logistic,within_child,1.0,,training_child_C_selection,False,,,,0.1,,,9.0,,
4601,G0,L0,P_bal,logistic,within_child,1.0,,training_child_C_selection,False,,,,1.0,,,9.0,,
4602,G0,L0,P_bal,logistic,within_child,1.0,,training_child_C_selection,False,,,,10.0,,,9.0,,
4603,G0,L0,P_bal,logistic,within_child,1.0,,heldout_child_calibration,False,,,,,,,0.0,,
4604,G0,L0,P_bal,logistic,within_child,1.0,,heldout_child_calibration,False,,,,,,,1.0,,
4605,G0,L0,P_bal,logistic,within_child,1.0,,heldout_child_calibration,False,,,,,,,2.0,,
4606,G0,L0,P_bal,logistic,within_child,1.0,,heldout_child_calibration,False,,,,,,,3.0,,
4607,G0,L0,P_bal,logistic,within_child,1.0,,heldout_child_calibration,False,,,,,,,4.0,,
4608,G0,L0,P_bal,logistic,within_child,1.0,,heldout_child_calibration,False,,,,,,,5.0,,
4609,G0,L0,P_bal,logistic,within_child,1.0,,heldout_child_calibration,False,,,,,,,6.0,,
4610,G0,L0,P_bal,logistic,within_child,1.0,,heldout_child_calibration,False,,,,,,,7.0,,
4611,G0,L0,P_bal,logistic,within_child,1.0,,heldout_child_calibration,False,,,,,,,8.0,,
4612,G0,L0,P_bal,logistic,within_child,1.0,,heldout_child_calibration,False,,,,,,,9.0,,
4613,G0,L0,P_bal,logistic,within_child,1.0,,heldout_child_calibration,False,,,,,,,10.0,,
4614,G0,R_RAND,P_bal,logistic,within_child,1.0,,training_child_C_selection,False,,,,0.01,,,0.0,,
4615,G0,R_RAND,P_bal,logistic,within_child,1.0,,training_child_C_selection,False,,,,0.1,,,0.0,,
4616,G0,R_RAND,P_bal,logistic,within_child,1.0,,training_child_C_selection,False,,,,1.0,,,0.0,,
4617,G0,R_RAND,P_bal,logistic,within_child,1.0,,training_child_C_selection,False,,,,10.0,,,0.0,,
4618,G0,R_RAND,P_bal,logistic,within_child,1.0,,training_child_C_selection,False,,,,0.01,,,1.0,,
4619,G0,R_RAND,P_bal,logistic,within_child,1.0,,training_child_C_selection,False,,,,0.1,,,1.0,,
4620,G0,R_RAND,P_bal,logistic,within_child,1.0,,training_child_C_selection,False,,,,1.0,,,1.0,,
4621,G0,R_RAND,P_bal,logistic,within_child,1.0,,training_child_C_selection,False,,,,10.0,,,1.0,,
4622,G0,R_RAND,P_bal,logistic,within_child,1.0,,training_child_C_selection,False,,,,0.01,,,2.0,,
4623,G0,R_RAND,P_bal,logistic,within_child,1.0,,training_child_C_selection,False,,,,0.1,,,2.0,,
4624,G0,R_RAND,P_bal,logistic,within_child,1.0,,training_child_C_selection,False,,,,1.0,,,2.0,,
4625,G0,R_RAND,P_bal,logistic,within_child,1.0,,training_child_C_selection,False,,,,10.0,,,2.0,,
4626,G0,R_RAND,P_bal,logistic,within_child,1.0,,training_child_C_selection,False,,,,0.01,,,3.0,,
4627,G0,R_RAND,P_bal,logistic,within_child,1.0,,training_child_C_selection,False,,,,0.1,,,3.0,,
4628,G0,R_RAND,P_bal,logistic,within_child,1.0,,training_child_C_selection,False,,,,1.0,,,3.0,,
4629,G0,R_RAND,P_bal,logistic,within_child,1.0,,training_child_C_selection,False,,,,10.0,,,3.0,,
4630,G0,R_RAND,P_bal,logistic,within_child,1.0,,training_child_C_selection,False,,,,0.01,,,4.0,,
4631,G0,R_RAND,P_bal,logistic,within_child,1.0,,training_child_C_selection,False,,,,0.1,,,4.0,,
4632,G0,R_RAND,P_bal,logistic,within_child,1.0,,training_child_C_selection,False,,,,1.0,,,4.0,,
4633,G0,R_RAND,P_bal,logistic,within_child,1.0,,training_child_C_selection,False,,,,10.0,,,4.0,,
4634,G0,R_RAND,P_bal,logistic,within_child,1.0,,training_child_C_selection,False,,,,0.01,,,5.0,,
4635,G0,R_RAND,P_bal,logistic,within_child,1.0,,training_child_C_selection,False,,,,0.1,,,5.0,,
4636,G0,R_RAND,P_bal,logistic,within_child,1.0,,training_child_C_selection,False,,,,1.0,,,5.0,,
4637,G0,R_RAND,P_bal,logistic,within_child,1.0,,training_child_C_selection,False,,,,10.0,,,5.0,,
4638,G0,R_RAND,P_bal,logistic,within_child,1.0,,training_child_C_selection,False,,,,0.01,,,6.0,,
4639,G0,R_RAND,P_bal,logistic,within_child,1.0,,training_child_C_selection,False,,,,0.1,,,6.0,,
4640,G0,R_RAND,P_bal,logistic,within_child,1.0,,training_child_C_selection,False,,,,1.0,,,6.0,,
4641,G0,R_RAND,P_bal,logistic,within_child,1.0,,training_child_C_selection,False,,,,10.0,,,6.0,,
4642,G0,R_RAND,P_bal,logistic,within_child,1.0,,training_child_C_selection,False,,,,0.01,,,7.0,,
4643,G0,R_RAND,P_bal,logistic,within_child,1.0,,training_child_C_selection,False,,,,0.1,,,7.0,,
4644,G0,R_RAND,P_bal,logistic,within_child,1.0,,training_child_C_selection,False,,,,1.0,,,7.0,,
4645,G0,R_RAND,P_bal,logistic,within_child,1.0,,training_child_C_selection,False,,,,10.0,,,7.0,,
4646,G0,R_RAND,P_bal,logistic,within_child,1.0,,training_child_C_selection,False,,,,0.01,,,8.0,,
4647,G0,R_RAND,P_bal,logistic,within_child,1.0,,training_child_C_selection,False,,,,0.1,,,8.0,,
4648,G0,R_RAND,P_bal,logistic,within_child,1.0,,training_child_C_selection,False,,,,1.0,,,8.0,,
4649,G0,R_RAND,P_bal,logistic,within_child,1.0,,training_child_C_selection,False,,,,10.0,,,8.0,,
4650,G0,R_RAND,P_bal,logistic,within_child,1.0,,training_child_C_selection,False,,,,0.01,,,9.0,,
4651,G0,R_RAND,P_bal,logistic,within_child,1.0,,training_child_C_selection,False,,,,0.1,,,9.0,,
4652,G0,R_RAND,P_bal,logistic,within_child,1.0,,training_child_C_selection,False,,,,1.0,,,9.0,,
4653,G0,R_RAND,P_bal,logistic,within_child,1.0,,training_child_C_selection,False,,,,10.0,,,9.0,,
4654,G0,R_RAND,P_bal,logistic,within_child,1.0,,heldout_child_calibration,False,,,,,,,0.0,,
4655,G0,R_RAND,P_bal,logistic,within_child,1.0,,heldout_child_calibration,False,,,,,,,1.0,,
4656,G0,R_RAND,P_bal,logistic,within_child,1.0,,heldout_child_calibration,False,,,,,,,2.0,,
4657,G0,R_RAND,P_bal,logistic,within_child,1.0,,heldout_child_calibration,False,,,,,,,3.0,,
4658,G0,R_RAND,P_bal,logistic,within_child,1.0,,heldout_child_calibration,False,,,,,,,4.0,,
4659,G0,R_RAND,P_bal,logistic,within_child,1.0,,heldout_child_calibration,False,,,,,,,5.0,,
4660,G0,R_RAND,P_bal,logistic,within_child,1.0,,heldout_child_calibration,False,,,,,,,6.0,,
4661,G0,R_RAND,P_bal,logistic,within_child,1.0,,heldout_child_calibration,False,,,,,,,7.0,,
4662,G0,R_RAND,P_bal,logistic,within_child,1.0,,heldout_child_calibration,False,,,,,,,8.0,,
4663,G0,R_RAND,P_bal,logistic,within_child,1.0,,heldout_child_calibration,False,,,,,,,9.0,,
4664,G0,R_RAND,P_bal,logistic,within_child,1.0,,heldout_child_calibration,False,,,,,,,10.0,,
4665,G0,R_SUP,P_bal,logistic,within_child,1.0,,training_child_C_selection,False,,,,0.01,,,0.0,,
4666,G0,R_SUP,P_bal,logistic,within_child,1.0,,training_child_C_selection,False,,,,0.1,,,0.0,,
4667,G0,R_SUP,P_bal,logistic,within_child,1.0,,training_child_C_selection,False,,,,1.0,,,0.0,,
4668,G0,R_SUP,P_bal,logistic,within_child,1.0,,training_child_C_selection,False,,,,10.0,,,0.0,,
4669,G0,R_SUP,P_bal,logistic,within_child,1.0,,training_child_C_selection,False,,,,0.01,,,1.0,,
4670,G0,R_SUP,P_bal,logistic,within_child,1.0,,training_child_C_selection,False,,,,0.1,,,1.0,,
4671,G0,R_SUP,P_bal,logistic,within_child,1.0,,training_child_C_selection,False,,,,1.0,,,1.0,,
4672,G0,R_SUP,P_bal,logistic,within_child,1.0,,training_child_C_selection,False,,,,10.0,,,1.0,,
4673,G0,R_SUP,P_bal,logistic,within_child,1.0,,training_child_C_selection,False,,,,0.01,,,2.0,,
4674,G0,R_SUP,P_bal,logistic,within_child,1.0,,training_child_C_selection,False,,,,0.1,,,2.0,,
4675,G0,R_SUP,P_bal,logistic,within_child,1.0,,training_child_C_selection,False,,,,1.0,,,2.0,,
4676,G0,R_SUP,P_bal,logistic,within_child,1.0,,training_child_C_selection,False,,,,10.0,,,2.0,,
4677,G0,R_SUP,P_bal,logistic,within_child,1.0,,training_child_C_selection,False,,,,0.01,,,3.0,,
4678,G0,R_SUP,P_bal,logistic,within_child,1.0,,training_child_C_selection,False,,,,0.1,,,3.0,,
4679,G0,R_SUP,P_bal,logistic,within_child,1.0,,training_child_C_selection,False,,,,1.0,,,3.0,,
4680,G0,R_SUP,P_bal,logistic,within_child,1.0,,training_child_C_selection,False,,,,10.0,,,3.0,,
4681,G0,R_SUP,P_bal,logistic,within_child,1.0,,training_child_C_selection,False,,,,0.01,,,4.0,,
4682,G0,R_SUP,P_bal,logistic,within_child,1.0,,training_child_C_selection,False,,,,0.1,,,4.0,,
4683,G0,R_SUP,P_bal,logistic,within_child,1.0,,training_child_C_selection,False,,,,1.0,,,4.0,,
4684,G0,R_SUP,P_bal,logistic,within_child,1.0,,training_child_C_selection,False,,,,10.0,,,4.0,,
4685,G0,R_SUP,P_bal,logistic,within_child,1.0,,training_child_C_selection,False,,,,0.01,,,5.0,,
4686,G0,R_SUP,P_bal,logistic,within_child,1.0,,training_child_C_selection,False,,,,0.1,,,5.0,,
4687,G0,R_SUP,P_bal,logistic,within_child,1.0,,training_child_C_selection,False,,,,1.0,,,5.0,,
4688,G0,R_SUP,P_bal,logistic,within_child,1.0,,training_child_C_selection,False,,,,10.0,,,5.0,,
4689,G0,R_SUP,P_bal,logistic,within_child,1.0,,training_child_C_selection,False,,,,0.01,,,6.0,,
4690,G0,R_SUP,P_bal,logistic,within_child,1.0,,training_child_C_selection,False,,,,0.1,,,6.0,,
4691,G0,R_SUP,P_bal,logistic,within_child,1.0,,training_child_C_selection,False,,,,1.0,,,6.0,,
4692,G0,R_SUP,P_bal,logistic,within_child,1.0,,training_child_C_selection,False,,,,10.0,,,6.0,,
4693,G0,R_SUP,P_bal,logistic,within_child,1.0,,training_child_C_selection,False,,,,0.01,,,7.0,,
4694,G0,R_SUP,P_bal,logistic,within_child,1.0,,training_child_C_selection,False,,,,0.1,,,7.0,,
4695,G0,R_SUP,P_bal,logistic,within_child,1.0,,training_child_C_selection,False,,,,1.0,,,7.0,,
4696,G0,R_SUP,P_bal,logistic,within_child,1.0,,training_child_C_selection,False,,,,10.0,,,7.0,,
4697,G0,R_SUP,P_bal,logistic,within_child,1.0,,training_child_C_selection,False,,,,0.01,,,8.0,,
4698,G0,R_SUP,P_bal,logistic,within_child,1.0,,training_child_C_selection,False,,,,0.1,,,8.0,,
4699,G0,R_SUP,P_bal,logistic,within_child,1.0,,training_child_C_selection,False,,,,1.0,,,8.0,,
4700,G0,R_SUP,P_bal,logistic,within_child,1.0,,training_child_C_selection,False,,,,10.0,,,8.0,,
4701,G0,R_SUP,P_bal,logistic,within_child,1.0,,training_child_C_selection,False,,,,0.01,,,9.0,,
4702,G0,R_SUP,P_bal,logistic,within_child,1.0,,training_child_C_selection,False,,,,0.1,,,9.0,,
4703,G0,R_SUP,P_bal,logistic,within_child,1.0,,training_child_C_selection,False,,,,1.0,,,9.0,,
4704,G0,R_SUP,P_bal,logistic,within_child,1.0,,training_child_C_selection,False,,,,10.0,,,9.0,,
4705,G0,R_SUP,P_bal,logistic,within_child,1.0,,heldout_child_calibration,False,,,,,,,0.0,,
4706,G0,R_SUP,P_bal,logistic,within_child,1.0,,heldout_child_calibration,False,,,,,,,1.0,,
4707,G0,R_SUP,P_bal,logistic,within_child,1.0,,heldout_child_calibration,False,,,,,,,2.0,,
4708,G0,R_SUP,P_bal,logistic,within_child,1.0,,heldout_child_calibration,False,,,,,,,3.0,,
4709,G0,R_SUP,P_bal,logistic,within_child,1.0,,heldout_child_calibration,False,,,,,,,4.0,,
4710,G0,R_SUP,P_bal,logistic,within_child,1.0,,heldout_child_calibration,False,,,,,,,5.0,,
4711,G0,R_SUP,P_bal,logistic,within_child,1.0,,heldout_child_calibration,False,,,,,,,6.0,,
4712,G0,R_SUP,P_bal,logistic,within_child,1.0,,heldout_child_calibration,False,,,,,,,7.0,,
4713,G0,R_SUP,P_bal,logistic,within_child,1.0,,heldout_child_calibration,False,,,,,,,8.0,,
4714,G0,R_SUP,P_bal,logistic,within_child,1.0,,heldout_child_calibration,False,,,,,,,9.0,,
4715,G0,R_SUP,P_bal,logistic,within_child,1.0,,heldout_child_calibration,False,,,,,,,10.0,,
4716,G0,R_SIM,P_bal,logistic,within_child,1.0,,training_child_C_selection,False,,,,0.01,,,0.0,,
4717,G0,R_SIM,P_bal,logistic,within_child,1.0,,training_child_C_selection,False,,,,0.1,,,0.0,,
4718,G0,R_SIM,P_bal,logistic,within_child,1.0,,training_child_C_selection,False,,,,1.0,,,0.0,,
4719,G0,R_SIM,P_bal,logistic,within_child,1.0,,training_child_C_selection,False,,,,10.0,,,0.0,,
4720,G0,R_SIM,P_bal,logistic,within_child,1.0,,training_child_C_selection,False,,,,0.01,,,1.0,,
4721,G0,R_SIM,P_bal,logistic,within_child,1.0,,training_child_C_selection,False,,,,0.1,,,1.0,,
4722,G0,R_SIM,P_bal,logistic,within_child,1.0,,training_child_C_selection,False,,,,1.0,,,1.0,,
4723,G0,R_SIM,P_bal,logistic,within_child,1.0,,training_child_C_selection,False,,,,10.0,,,1.0,,
4724,G0,R_SIM,P_bal,logistic,within_child,1.0,,training_child_C_selection,False,,,,0.01,,,2.0,,
4725,G0,R_SIM,P_bal,logistic,within_child,1.0,,training_child_C_selection,False,,,,0.1,,,2.0,,
4726,G0,R_SIM,P_bal,logistic,within_child,1.0,,training_child_C_selection,False,,,,1.0,,,2.0,,
4727,G0,R_SIM,P_bal,logistic,within_child,1.0,,training_child_C_selection,False,,,,10.0,,,2.0,,
4728,G0,R_SIM,P_bal,logistic,within_child,1.0,,training_child_C_selection,False,,,,0.01,,,3.0,,
4729,G0,R_SIM,P_bal,logistic,within_child,1.0,,training_child_C_selection,False,,,,0.1,,,3.0,,
4730,G0,R_SIM,P_bal,logistic,within_child,1.0,,training_child_C_selection,False,,,,1.0,,,3.0,,
4731,G0,R_SIM,P_bal,logistic,within_child,1.0,,training_child_C_selection,False,,,,10.0,,,3.0,,
4732,G0,R_SIM,P_bal,logistic,within_child,1.0,,training_child_C_selection,False,,,,0.01,,,4.0,,
4733,G0,R_SIM,P_bal,logistic,within_child,1.0,,training_child_C_selection,False,,,,0.1,,,4.0,,
4734,G0,R_SIM,P_bal,logistic,within_child,1.0,,training_child_C_selection,False,,,,1.0,,,4.0,,
4735,G0,R_SIM,P_bal,logistic,within_child,1.0,,training_child_C_selection,False,,,,10.0,,,4.0,,
4736,G0,R_SIM,P_bal,logistic,within_child,1.0,,training_child_C_selection,False,,,,0.01,,,5.0,,
4737,G0,R_SIM,P_bal,logistic,within_child,1.0,,training_child_C_selection,False,,,,0.1,,,5.0,,
4738,G0,R_SIM,P_bal,logistic,within_child,1.0,,training_child_C_selection,False,,,,1.0,,,5.0,,
4739,G0,R_SIM,P_bal,logistic,within_child,1.0,,training_child_C_selection,False,,,,10.0,,,5.0,,
4740,G0,R_SIM,P_bal,logistic,within_child,1.0,,training_child_C_selection,False,,,,0.01,,,6.0,,
4741,G0,R_SIM,P_bal,logistic,within_child,1.0,,training_child_C_selection,False,,,,0.1,,,6.0,,
4742,G0,R_SIM,P_bal,logistic,within_child,1.0,,training_child_C_selection,False,,,,1.0,,,6.0,,
4743,G0,R_SIM,P_bal,logistic,within_child,1.0,,training_child_C_selection,False,,,,10.0,,,6.0,,
4744,G0,R_SIM,P_bal,logistic,within_child,1.0,,training_child_C_selection,False,,,,0.01,,,7.0,,
4745,G0,R_SIM,P_bal,logistic,within_child,1.0,,training_child_C_selection,False,,,,0.1,,,7.0,,
4746,G0,R_SIM,P_bal,logistic,within_child,1.0,,training_child_C_selection,False,,,,1.0,,,7.0,,
4747,G0,R_SIM,P_bal,logistic,within_child,1.0,,training_child_C_selection,False,,,,10.0,,,7.0,,
4748,G0,R_SIM,P_bal,logistic,within_child,1.0,,training_child_C_selection,False,,,,0.01,,,8.0,,
4749,G0,R_SIM,P_bal,logistic,within_child,1.0,,training_child_C_selection,False,,,,0.1,,,8.0,,
4750,G0,R_SIM,P_bal,logistic,within_child,1.0,,training_child_C_selection,False,,,,1.0,,,8.0,,
4751,G0,R_SIM,P_bal,logistic,within_child,1.0,,training_child_C_selection,False,,,,10.0,,,8.0,,
4752,G0,R_SIM,P_bal,logistic,within_child,1.0,,training_child_C_selection,False,,,,0.01,,,9.0,,
4753,G0,R_SIM,P_bal,logistic,within_child,1.0,,training_child_C_selection,False,,,,0.1,,,9.0,,
4754,G0,R_SIM,P_bal,logistic,within_child,1.0,,training_child_C_selection,False,,,,1.0,,,9.0,,
4755,G0,R_SIM,P_bal,logistic,within_child,1.0,,training_child_C_selection,False,,,,10.0,,,9.0,,
4756,G0,R_SIM,P_bal,logistic,within_child,1.0,,heldout_child_calibration,False,,,,,,,0.0,,
4757,G0,R_SIM,P_bal,logistic,within_child,1.0,,heldout_child_calibration,False,,,,,,,1.0,,
4758,G0,R_SIM,P_bal,logistic,within_child,1.0,,heldout_child_calibration,False,,,,,,,2.0,,
4759,G0,R_SIM,P_bal,logistic,within_child,1.0,,heldout_child_calibration,False,,,,,,,3.0,,
4760,G0,R_SIM,P_bal,logistic,within_child,1.0,,heldout_child_calibration,False,,,,,,,4.0,,
4761,G0,R_SIM,P_bal,logistic,within_child,1.0,,heldout_child_calibration,False,,,,,,,5.0,,
4762,G0,R_SIM,P_bal,logistic,within_child,1.0,,heldout_child_calibration,False,,,,,,,6.0,,
4763,G0,R_SIM,P_bal,logistic,within_child,1.0,,heldout_child_calibration,False,,,,,,,7.0,,
4764,G0,R_SIM,P_bal,logistic,within_child,1.0,,heldout_child_calibration,False,,,,,,,8.0,,
4765,G0,R_SIM,P_bal,logistic,within_child,1.0,,heldout_child_calibration,False,,,,,,,9.0,,
4766,G0,R_SIM,P_bal,logistic,within_child,1.0,,heldout_child_calibration,False,,,,,,,10.0,,
4767,G0,L0,P_bal,logistic,within_child,2.0,,training_child_C_selection,False,,,,0.01,,,0.0,,
4768,G0,L0,P_bal,logistic,within_child,2.0,,training_child_C_selection,False,,,,0.1,,,0.0,,
4769,G0,L0,P_bal,logistic,within_child,2.0,,training_child_C_selection,False,,,,1.0,,,0.0,,
4770,G0,L0,P_bal,logistic,within_child,2.0,,training_child_C_selection,False,,,,10.0,,,0.0,,
4771,G0,L0,P_bal,logistic,within_child,2.0,,training_child_C_selection,False,,,,0.01,,,1.0,,
4772,G0,L0,P_bal,logistic,within_child,2.0,,training_child_C_selection,False,,,,0.1,,,1.0,,
4773,G0,L0,P_bal,logistic,within_child,2.0,,training_child_C_selection,False,,,,1.0,,,1.0,,
4774,G0,L0,P_bal,logistic,within_child,2.0,,training_child_C_selection,False,,,,10.0,,,1.0,,
4775,G0,L0,P_bal,logistic,within_child,2.0,,training_child_C_selection,False,,,,0.01,,,2.0,,
4776,G0,L0,P_bal,logistic,within_child,2.0,,training_child_C_selection,False,,,,0.1,,,2.0,,
4777,G0,L0,P_bal,logistic,within_child,2.0,,training_child_C_selection,False,,,,1.0,,,2.0,,
4778,G0,L0,P_bal,logistic,within_child,2.0,,training_child_C_selection,False,,,,10.0,,,2.0,,
4779,G0,L0,P_bal,logistic,within_child,2.0,,training_child_C_selection,False,,,,0.01,,,3.0,,
4780,G0,L0,P_bal,logistic,within_child,2.0,,training_child_C_selection,False,,,,0.1,,,3.0,,
4781,G0,L0,P_bal,logistic,within_child,2.0,,training_child_C_selection,False,,,,1.0,,,3.0,,
4782,G0,L0,P_bal,logistic,within_child,2.0,,training_child_C_selection,False,,,,10.0,,,3.0,,
4783,G0,L0,P_bal,logistic,within_child,2.0,,training_child_C_selection,False,,,,0.01,,,4.0,,
4784,G0,L0,P_bal,logistic,within_child,2.0,,training_child_C_selection,False,,,,0.1,,,4.0,,
4785,G0,L0,P_bal,logistic,within_child,2.0,,training_child_C_selection,False,,,,1.0,,,4.0,,
4786,G0,L0,P_bal,logistic,within_child,2.0,,training_child_C_selection,False,,,,10.0,,,4.0,,
4787,G0,L0,P_bal,logistic,within_child,2.0,,training_child_C_selection,False,,,,0.01,,,5.0,,
4788,G0,L0,P_bal,logistic,within_child,2.0,,training_child_C_selection,False,,,,0.1,,,5.0,,
4789,G0,L0,P_bal,logistic,within_child,2.0,,training_child_C_selection,False,,,,1.0,,,5.0,,
4790,G0,L0,P_bal,logistic,within_child,2.0,,training_child_C_selection,False,,,,10.0,,,5.0,,
4791,G0,L0,P_bal,logistic,within_child,2.0,,training_child_C_selection,False,,,,0.01,,,6.0,,
4792,G0,L0,P_bal,logistic,within_child,2.0,,training_child_C_selection,False,,,,0.1,,,6.0,,
4793,G0,L0,P_bal,logistic,within_child,2.0,,training_child_C_selection,False,,,,1.0,,,6.0,,
4794,G0,L0,P_bal,logistic,within_child,2.0,,training_child_C_selection,False,,,,10.0,,,6.0,,
4795,G0,L0,P_bal,logistic,within_child,2.0,,training_child_C_selection,False,,,,0.01,,,7.0,,
4796,G0,L0,P_bal,logistic,within_child,2.0,,training_child_C_selection,False,,,,0.1,,,7.0,,
4797,G0,L0,P_bal,logistic,within_child,2.0,,training_child_C_selection,False,,,,1.0,,,7.0,,
4798,G0,L0,P_bal,logistic,within_child,2.0,,training_child_C_selection,False,,,,10.0,,,7.0,,
4799,G0,L0,P_bal,logistic,within_child,2.0,,training_child_C_selection,False,,,,0.01,,,8.0,,
4800,G0,L0,P_bal,logistic,within_child,2.0,,training_child_C_selection,False,,,,0.1,,,8.0,,
4801,G0,L0,P_bal,logistic,within_child,2.0,,training_child_C_selection,False,,,,1.0,,,8.0,,
4802,G0,L0,P_bal,logistic,within_child,2.0,,training_child_C_selection,False,,,,10.0,,,8.0,,
4803,G0,L0,P_bal,logistic,within_child,2.0,,training_child_C_selection,False,,,,0.01,,,9.0,,
4804,G0,L0,P_bal,logistic,within_child,2.0,,training_child_C_selection,False,,,,0.1,,,9.0,,
4805,G0,L0,P_bal,logistic,within_child,2.0,,training_child_C_selection,False,,,,1.0,,,9.0,,
4806,G0,L0,P_bal,logistic,within_child,2.0,,training_child_C_selection,False,,,,10.0,,,9.0,,
4807,G0,L0,P_bal,logistic,within_child,2.0,,heldout_child_calibration,False,,,,,,,0.0,,
4808,G0,L0,P_bal,logistic,within_child,2.0,,heldout_child_calibration,False,,,,,,,1.0,,
4809,G0,L0,P_bal,logistic,within_child,2.0,,heldout_child_calibration,False,,,,,,,2.0,,
4810,G0,L0,P_bal,logistic,within_child,2.0,,heldout_child_calibration,False,,,,,,,3.0,,
4811,G0,L0,P_bal,logistic,within_child,2.0,,heldout_child_calibration,False,,,,,,,4.0,,
4812,G0,L0,P_bal,logistic,within_child,2.0,,heldout_child_calibration,False,,,,,,,5.0,,
4813,G0,L0,P_bal,logistic,within_child,2.0,,heldout_child_calibration,False,,,,,,,6.0,,
4814,G0,L0,P_bal,logistic,within_child,2.0,,heldout_child_calibration,False,,,,,,,7.0,,
4815,G0,L0,P_bal,logistic,within_child,2.0,,heldout_child_calibration,False,,,,,,,8.0,,
4816,G0,L0,P_bal,logistic,within_child,2.0,,heldout_child_calibration,False,,,,,,,9.0,,
4817,G0,L0,P_bal,logistic,within_child,2.0,,heldout_child_calibration,False,,,,,,,10.0,,
4818,G0,R_RAND,P_bal,logistic,within_child,2.0,,training_child_C_selection,False,,,,0.01,,,0.0,,
4819,G0,R_RAND,P_bal,logistic,within_child,2.0,,training_child_C_selection,False,,,,0.1,,,0.0,,
4820,G0,R_RAND,P_bal,logistic,within_child,2.0,,training_child_C_selection,False,,,,1.0,,,0.0,,
4821,G0,R_RAND,P_bal,logistic,within_child,2.0,,training_child_C_selection,False,,,,10.0,,,0.0,,
4822,G0,R_RAND,P_bal,logistic,within_child,2.0,,training_child_C_selection,False,,,,0.01,,,1.0,,
4823,G0,R_RAND,P_bal,logistic,within_child,2.0,,training_child_C_selection,False,,,,0.1,,,1.0,,
4824,G0,R_RAND,P_bal,logistic,within_child,2.0,,training_child_C_selection,False,,,,1.0,,,1.0,,
4825,G0,R_RAND,P_bal,logistic,within_child,2.0,,training_child_C_selection,False,,,,10.0,,,1.0,,
4826,G0,R_RAND,P_bal,logistic,within_child,2.0,,training_child_C_selection,False,,,,0.01,,,2.0,,
4827,G0,R_RAND,P_bal,logistic,within_child,2.0,,training_child_C_selection,False,,,,0.1,,,2.0,,
4828,G0,R_RAND,P_bal,logistic,within_child,2.0,,training_child_C_selection,False,,,,1.0,,,2.0,,
4829,G0,R_RAND,P_bal,logistic,within_child,2.0,,training_child_C_selection,False,,,,10.0,,,2.0,,
4830,G0,R_RAND,P_bal,logistic,within_child,2.0,,training_child_C_selection,False,,,,0.01,,,3.0,,
4831,G0,R_RAND,P_bal,logistic,within_child,2.0,,training_child_C_selection,False,,,,0.1,,,3.0,,
4832,G0,R_RAND,P_bal,logistic,within_child,2.0,,training_child_C_selection,False,,,,1.0,,,3.0,,
4833,G0,R_RAND,P_bal,logistic,within_child,2.0,,training_child_C_selection,False,,,,10.0,,,3.0,,
4834,G0,R_RAND,P_bal,logistic,within_child,2.0,,training_child_C_selection,False,,,,0.01,,,4.0,,
4835,G0,R_RAND,P_bal,logistic,within_child,2.0,,training_child_C_selection,False,,,,0.1,,,4.0,,
4836,G0,R_RAND,P_bal,logistic,within_child,2.0,,training_child_C_selection,False,,,,1.0,,,4.0,,
4837,G0,R_RAND,P_bal,logistic,within_child,2.0,,training_child_C_selection,False,,,,10.0,,,4.0,,
4838,G0,R_RAND,P_bal,logistic,within_child,2.0,,training_child_C_selection,False,,,,0.01,,,5.0,,
4839,G0,R_RAND,P_bal,logistic,within_child,2.0,,training_child_C_selection,False,,,,0.1,,,5.0,,
4840,G0,R_RAND,P_bal,logistic,within_child,2.0,,training_child_C_selection,False,,,,1.0,,,5.0,,
4841,G0,R_RAND,P_bal,logistic,within_child,2.0,,training_child_C_selection,False,,,,10.0,,,5.0,,
4842,G0,R_RAND,P_bal,logistic,within_child,2.0,,training_child_C_selection,False,,,,0.01,,,6.0,,
4843,G0,R_RAND,P_bal,logistic,within_child,2.0,,training_child_C_selection,False,,,,0.1,,,6.0,,
4844,G0,R_RAND,P_bal,logistic,within_child,2.0,,training_child_C_selection,False,,,,1.0,,,6.0,,
4845,G0,R_RAND,P_bal,logistic,within_child,2.0,,training_child_C_selection,False,,,,10.0,,,6.0,,
4846,G0,R_RAND,P_bal,logistic,within_child,2.0,,training_child_C_selection,False,,,,0.01,,,7.0,,
4847,G0,R_RAND,P_bal,logistic,within_child,2.0,,training_child_C_selection,False,,,,0.1,,,7.0,,
4848,G0,R_RAND,P_bal,logistic,within_child,2.0,,training_child_C_selection,False,,,,1.0,,,7.0,,
4849,G0,R_RAND,P_bal,logistic,within_child,2.0,,training_child_C_selection,False,,,,10.0,,,7.0,,
4850,G0,R_RAND,P_bal,logistic,within_child,2.0,,training_child_C_selection,False,,,,0.01,,,8.0,,
4851,G0,R_RAND,P_bal,logistic,within_child,2.0,,training_child_C_selection,False,,,,0.1,,,8.0,,
4852,G0,R_RAND,P_bal,logistic,within_child,2.0,,training_child_C_selection,False,,,,1.0,,,8.0,,
4853,G0,R_RAND,P_bal,logistic,within_child,2.0,,training_child_C_selection,False,,,,10.0,,,8.0,,
4854,G0,R_RAND,P_bal,logistic,within_child,2.0,,training_child_C_selection,False,,,,0.01,,,9.0,,
4855,G0,R_RAND,P_bal,logistic,within_child,2.0,,training_child_C_selection,False,,,,0.1,,,9.0,,
4856,G0,R_RAND,P_bal,logistic,within_child,2.0,,training_child_C_selection,False,,,,1.0,,,9.0,,
4857,G0,R_RAND,P_bal,logistic,within_child,2.0,,training_child_C_selection,False,,,,10.0,,,9.0,,
4858,G0,R_RAND,P_bal,logistic,within_child,2.0,,heldout_child_calibration,False,,,,,,,0.0,,
4859,G0,R_RAND,P_bal,logistic,within_child,2.0,,heldout_child_calibration,False,,,,,,,1.0,,
4860,G0,R_RAND,P_bal,logistic,within_child,2.0,,heldout_child_calibration,False,,,,,,,2.0,,
4861,G0,R_RAND,P_bal,logistic,within_child,2.0,,heldout_child_calibration,False,,,,,,,3.0,,
4862,G0,R_RAND,P_bal,logistic,within_child,2.0,,heldout_child_calibration,False,,,,,,,4.0,,
4863,G0,R_RAND,P_bal,logistic,within_child,2.0,,heldout_child_calibration,False,,,,,,,5.0,,
4864,G0,R_RAND,P_bal,logistic,within_child,2.0,,heldout_child_calibration,False,,,,,,,6.0,,
4865,G0,R_RAND,P_bal,logistic,within_child,2.0,,heldout_child_calibration,False,,,,,,,7.0,,
4866,G0,R_RAND,P_bal,logistic,within_child,2.0,,heldout_child_calibration,False,,,,,,,8.0,,
4867,G0,R_RAND,P_bal,logistic,within_child,2.0,,heldout_child_calibration,False,,,,,,,9.0,,
4868,G0,R_RAND,P_bal,logistic,within_child,2.0,,heldout_child_calibration,False,,,,,,,10.0,,
4869,G0,R_SUP,P_bal,logistic,within_child,2.0,,training_child_C_selection,False,,,,0.01,,,0.0,,
4870,G0,R_SUP,P_bal,logistic,within_child,2.0,,training_child_C_selection,False,,,,0.1,,,0.0,,
4871,G0,R_SUP,P_bal,logistic,within_child,2.0,,training_child_C_selection,False,,,,1.0,,,0.0,,
4872,G0,R_SUP,P_bal,logistic,within_child,2.0,,training_child_C_selection,False,,,,10.0,,,0.0,,
4873,G0,R_SUP,P_bal,logistic,within_child,2.0,,training_child_C_selection,False,,,,0.01,,,1.0,,
4874,G0,R_SUP,P_bal,logistic,within_child,2.0,,training_child_C_selection,False,,,,0.1,,,1.0,,
4875,G0,R_SUP,P_bal,logistic,within_child,2.0,,training_child_C_selection,False,,,,1.0,,,1.0,,
4876,G0,R_SUP,P_bal,logistic,within_child,2.0,,training_child_C_selection,False,,,,10.0,,,1.0,,
4877,G0,R_SUP,P_bal,logistic,within_child,2.0,,training_child_C_selection,False,,,,0.01,,,2.0,,
4878,G0,R_SUP,P_bal,logistic,within_child,2.0,,training_child_C_selection,False,,,,0.1,,,2.0,,
4879,G0,R_SUP,P_bal,logistic,within_child,2.0,,training_child_C_selection,False,,,,1.0,,,2.0,,
4880,G0,R_SUP,P_bal,logistic,within_child,2.0,,training_child_C_selection,False,,,,10.0,,,2.0,,
4881,G0,R_SUP,P_bal,logistic,within_child,2.0,,training_child_C_selection,False,,,,0.01,,,3.0,,
4882,G0,R_SUP,P_bal,logistic,within_child,2.0,,training_child_C_selection,False,,,,0.1,,,3.0,,
4883,G0,R_SUP,P_bal,logistic,within_child,2.0,,training_child_C_selection,False,,,,1.0,,,3.0,,
4884,G0,R_SUP,P_bal,logistic,within_child,2.0,,training_child_C_selection,False,,,,10.0,,,3.0,,
4885,G0,R_SUP,P_bal,logistic,within_child,2.0,,training_child_C_selection,False,,,,0.01,,,4.0,,
4886,G0,R_SUP,P_bal,logistic,within_child,2.0,,training_child_C_selection,False,,,,0.1,,,4.0,,
4887,G0,R_SUP,P_bal,logistic,within_child,2.0,,training_child_C_selection,False,,,,1.0,,,4.0,,
4888,G0,R_SUP,P_bal,logistic,within_child,2.0,,training_child_C_selection,False,,,,10.0,,,4.0,,
4889,G0,R_SUP,P_bal,logistic,within_child,2.0,,training_child_C_selection,False,,,,0.01,,,5.0,,
4890,G0,R_SUP,P_bal,logistic,within_child,2.0,,training_child_C_selection,False,,,,0.1,,,5.0,,
4891,G0,R_SUP,P_bal,logistic,within_child,2.0,,training_child_C_selection,False,,,,1.0,,,5.0,,
4892,G0,R_SUP,P_bal,logistic,within_child,2.0,,training_child_C_selection,False,,,,10.0,,,5.0,,
4893,G0,R_SUP,P_bal,logistic,within_child,2.0,,training_child_C_selection,False,,,,0.01,,,6.0,,
4894,G0,R_SUP,P_bal,logistic,within_child,2.0,,training_child_C_selection,False,,,,0.1,,,6.0,,
4895,G0,R_SUP,P_bal,logistic,within_child,2.0,,training_child_C_selection,False,,,,1.0,,,6.0,,
4896,G0,R_SUP,P_bal,logistic,within_child,2.0,,training_child_C_selection,False,,,,10.0,,,6.0,,
4897,G0,R_SUP,P_bal,logistic,within_child,2.0,,training_child_C_selection,False,,,,0.01,,,7.0,,
4898,G0,R_SUP,P_bal,logistic,within_child,2.0,,training_child_C_selection,False,,,,0.1,,,7.0,,
4899,G0,R_SUP,P_bal,logistic,within_child,2.0,,training_child_C_selection,False,,,,1.0,,,7.0,,
4900,G0,R_SUP,P_bal,logistic,within_child,2.0,,training_child_C_selection,False,,,,10.0,,,7.0,,
4901,G0,R_SUP,P_bal,logistic,within_child,2.0,,training_child_C_selection,False,,,,0.01,,,8.0,,
4902,G0,R_SUP,P_bal,logistic,within_child,2.0,,training_child_C_selection,False,,,,0.1,,,8.0,,
4903,G0,R_SUP,P_bal,logistic,within_child,2.0,,training_child_C_selection,False,,,,1.0,,,8.0,,
4904,G0,R_SUP,P_bal,logistic,within_child,2.0,,training_child_C_selection,False,,,,10.0,,,8.0,,
4905,G0,R_SUP,P_bal,logistic,within_child,2.0,,training_child_C_selection,False,,,,0.01,,,9.0,,
4906,G0,R_SUP,P_bal,logistic,within_child,2.0,,training_child_C_selection,False,,,,0.1,,,9.0,,
4907,G0,R_SUP,P_bal,logistic,within_child,2.0,,training_child_C_selection,False,,,,1.0,,,9.0,,
4908,G0,R_SUP,P_bal,logistic,within_child,2.0,,training_child_C_selection,False,,,,10.0,,,9.0,,
4909,G0,R_SUP,P_bal,logistic,within_child,2.0,,heldout_child_calibration,False,,,,,,,0.0,,
4910,G0,R_SUP,P_bal,logistic,within_child,2.0,,heldout_child_calibration,False,,,,,,,1.0,,
4911,G0,R_SUP,P_bal,logistic,within_child,2.0,,heldout_child_calibration,False,,,,,,,2.0,,
4912,G0,R_SUP,P_bal,logistic,within_child,2.0,,heldout_child_calibration,False,,,,,,,3.0,,
4913,G0,R_SUP,P_bal,logistic,within_child,2.0,,heldout_child_calibration,False,,,,,,,4.0,,
4914,G0,R_SUP,P_bal,logistic,within_child,2.0,,heldout_child_calibration,False,,,,,,,5.0,,
4915,G0,R_SUP,P_bal,logistic,within_child,2.0,,heldout_child_calibration,False,,,,,,,6.0,,
4916,G0,R_SUP,P_bal,logistic,within_child,2.0,,heldout_child_calibration,False,,,,,,,7.0,,
4917,G0,R_SUP,P_bal,logistic,within_child,2.0,,heldout_child_calibration,False,,,,,,,8.0,,
4918,G0,R_SUP,P_bal,logistic,within_child,2.0,,heldout_child_calibration,False,,,,,,,9.0,,
4919,G0,R_SUP,P_bal,logistic,within_child,2.0,,heldout_child_calibration,False,,,,,,,10.0,,
4920,G0,R_SIM,P_bal,logistic,within_child,2.0,,training_child_C_selection,False,,,,0.01,,,0.0,,
4921,G0,R_SIM,P_bal,logistic,within_child,2.0,,training_child_C_selection,False,,,,0.1,,,0.0,,
4922,G0,R_SIM,P_bal,logistic,within_child,2.0,,training_child_C_selection,False,,,,1.0,,,0.0,,
4923,G0,R_SIM,P_bal,logistic,within_child,2.0,,training_child_C_selection,False,,,,10.0,,,0.0,,
4924,G0,R_SIM,P_bal,logistic,within_child,2.0,,training_child_C_selection,False,,,,0.01,,,1.0,,
4925,G0,R_SIM,P_bal,logistic,within_child,2.0,,training_child_C_selection,False,,,,0.1,,,1.0,,
4926,G0,R_SIM,P_bal,logistic,within_child,2.0,,training_child_C_selection,False,,,,1.0,,,1.0,,
4927,G0,R_SIM,P_bal,logistic,within_child,2.0,,training_child_C_selection,False,,,,10.0,,,1.0,,
4928,G0,R_SIM,P_bal,logistic,within_child,2.0,,training_child_C_selection,False,,,,0.01,,,2.0,,
4929,G0,R_SIM,P_bal,logistic,within_child,2.0,,training_child_C_selection,False,,,,0.1,,,2.0,,
4930,G0,R_SIM,P_bal,logistic,within_child,2.0,,training_child_C_selection,False,,,,1.0,,,2.0,,
4931,G0,R_SIM,P_bal,logistic,within_child,2.0,,training_child_C_selection,False,,,,10.0,,,2.0,,
4932,G0,R_SIM,P_bal,logistic,within_child,2.0,,training_child_C_selection,False,,,,0.01,,,3.0,,
4933,G0,R_SIM,P_bal,logistic,within_child,2.0,,training_child_C_selection,False,,,,0.1,,,3.0,,
4934,G0,R_SIM,P_bal,logistic,within_child,2.0,,training_child_C_selection,False,,,,1.0,,,3.0,,
4935,G0,R_SIM,P_bal,logistic,within_child,2.0,,training_child_C_selection,False,,,,10.0,,,3.0,,
4936,G0,R_SIM,P_bal,logistic,within_child,2.0,,training_child_C_selection,False,,,,0.01,,,4.0,,
4937,G0,R_SIM,P_bal,logistic,within_child,2.0,,training_child_C_selection,False,,,,0.1,,,4.0,,
4938,G0,R_SIM,P_bal,logistic,within_child,2.0,,training_child_C_selection,False,,,,1.0,,,4.0,,
4939,G0,R_SIM,P_bal,logistic,within_child,2.0,,training_child_C_selection,False,,,,10.0,,,4.0,,
4940,G0,R_SIM,P_bal,logistic,within_child,2.0,,training_child_C_selection,False,,,,0.01,,,5.0,,
4941,G0,R_SIM,P_bal,logistic,within_child,2.0,,training_child_C_selection,False,,,,0.1,,,5.0,,
4942,G0,R_SIM,P_bal,logistic,within_child,2.0,,training_child_C_selection,False,,,,1.0,,,5.0,,
4943,G0,R_SIM,P_bal,logistic,within_child,2.0,,training_child_C_selection,False,,,,10.0,,,5.0,,
4944,G0,R_SIM,P_bal,logistic,within_child,2.0,,training_child_C_selection,False,,,,0.01,,,6.0,,
4945,G0,R_SIM,P_bal,logistic,within_child,2.0,,training_child_C_selection,False,,,,0.1,,,6.0,,
4946,G0,R_SIM,P_bal,logistic,within_child,2.0,,training_child_C_selection,False,,,,1.0,,,6.0,,
4947,G0,R_SIM,P_bal,logistic,within_child,2.0,,training_child_C_selection,False,,,,10.0,,,6.0,,
4948,G0,R_SIM,P_bal,logistic,within_child,2.0,,training_child_C_selection,False,,,,0.01,,,7.0,,
4949,G0,R_SIM,P_bal,logistic,within_child,2.0,,training_child_C_selection,False,,,,0.1,,,7.0,,
4950,G0,R_SIM,P_bal,logistic,within_child,2.0,,training_child_C_selection,False,,,,1.0,,,7.0,,
4951,G0,R_SIM,P_bal,logistic,within_child,2.0,,training_child_C_selection,False,,,,10.0,,,7.0,,
4952,G0,R_SIM,P_bal,logistic,within_child,2.0,,training_child_C_selection,False,,,,0.01,,,8.0,,
4953,G0,R_SIM,P_bal,logistic,within_child,2.0,,training_child_C_selection,False,,,,0.1,,,8.0,,
4954,G0,R_SIM,P_bal,logistic,within_child,2.0,,training_child_C_selection,False,,,,1.0,,,8.0,,
4955,G0,R_SIM,P_bal,logistic,within_child,2.0,,training_child_C_selection,False,,,,10.0,,,8.0,,
4956,G0,R_SIM,P_bal,logistic,within_child,2.0,,training_child_C_selection,False,,,,0.01,,,9.0,,
4957,G0,R_SIM,P_bal,logistic,within_child,2.0,,training_child_C_selection,False,,,,0.1,,,9.0,,
4958,G0,R_SIM,P_bal,logistic,within_child,2.0,,training_child_C_selection,False,,,,1.0,,,9.0,,
4959,G0,R_SIM,P_bal,logistic,within_child,2.0,,training_child_C_selection,False,,,,10.0,,,9.0,,
4960,G0,R_SIM,P_bal,logistic,within_child,2.0,,heldout_child_calibration,False,,,,,,,0.0,,
4961,G0,R_SIM,P_bal,logistic,within_child,2.0,,heldout_child_calibration,False,,,,,,,1.0,,
4962,G0,R_SIM,P_bal,logistic,within_child,2.0,,heldout_child_calibration,False,,,,,,,2.0,,
4963,G0,R_SIM,P_bal,logistic,within_child,2.0,,heldout_child_calibration,False,,,,,,,3.0,,
4964,G0,R_SIM,P_bal,logistic,within_child,2.0,,heldout_child_calibration,False,,,,,,,4.0,,
4965,G0,R_SIM,P_bal,logistic,within_child,2.0,,heldout_child_calibration,False,,,,,,,5.0,,
4966,G0,R_SIM,P_bal,logistic,within_child,2.0,,heldout_child_calibration,False,,,,,,,6.0,,
4967,G0,R_SIM,P_bal,logistic,within_child,2.0,,heldout_child_calibration,False,,,,,,,7.0,,
4968,G0,R_SIM,P_bal,logistic,within_child,2.0,,heldout_child_calibration,False,,,,,,,8.0,,
4969,G0,R_SIM,P_bal,logistic,within_child,2.0,,heldout_child_calibration,False,,,,,,,9.0,,
4970,G0,R_SIM,P_bal,logistic,within_child,2.0,,heldout_child_calibration,False,,,,,,,10.0,,
4971,G0,L0,P_bal,logistic,within_child,3.0,,training_child_C_selection,False,,,,0.01,,,0.0,,
4972,G0,L0,P_bal,logistic,within_child,3.0,,training_child_C_selection,False,,,,0.1,,,0.0,,
4973,G0,L0,P_bal,logistic,within_child,3.0,,training_child_C_selection,False,,,,1.0,,,0.0,,
4974,G0,L0,P_bal,logistic,within_child,3.0,,training_child_C_selection,False,,,,10.0,,,0.0,,
4975,G0,L0,P_bal,logistic,within_child,3.0,,training_child_C_selection,False,,,,0.01,,,1.0,,
4976,G0,L0,P_bal,logistic,within_child,3.0,,training_child_C_selection,False,,,,0.1,,,1.0,,
4977,G0,L0,P_bal,logistic,within_child,3.0,,training_child_C_selection,False,,,,1.0,,,1.0,,
4978,G0,L0,P_bal,logistic,within_child,3.0,,training_child_C_selection,False,,,,10.0,,,1.0,,
4979,G0,L0,P_bal,logistic,within_child,3.0,,training_child_C_selection,False,,,,0.01,,,2.0,,
4980,G0,L0,P_bal,logistic,within_child,3.0,,training_child_C_selection,False,,,,0.1,,,2.0,,
4981,G0,L0,P_bal,logistic,within_child,3.0,,training_child_C_selection,False,,,,1.0,,,2.0,,
4982,G0,L0,P_bal,logistic,within_child,3.0,,training_child_C_selection,False,,,,10.0,,,2.0,,
4983,G0,L0,P_bal,logistic,within_child,3.0,,training_child_C_selection,False,,,,0.01,,,3.0,,
4984,G0,L0,P_bal,logistic,within_child,3.0,,training_child_C_selection,False,,,,0.1,,,3.0,,
4985,G0,L0,P_bal,logistic,within_child,3.0,,training_child_C_selection,False,,,,1.0,,,3.0,,
4986,G0,L0,P_bal,logistic,within_child,3.0,,training_child_C_selection,False,,,,10.0,,,3.0,,
4987,G0,L0,P_bal,logistic,within_child,3.0,,training_child_C_selection,False,,,,0.01,,,4.0,,
4988,G0,L0,P_bal,logistic,within_child,3.0,,training_child_C_selection,False,,,,0.1,,,4.0,,
4989,G0,L0,P_bal,logistic,within_child,3.0,,training_child_C_selection,False,,,,1.0,,,4.0,,
4990,G0,L0,P_bal,logistic,within_child,3.0,,training_child_C_selection,False,,,,10.0,,,4.0,,
4991,G0,L0,P_bal,logistic,within_child,3.0,,training_child_C_selection,False,,,,0.01,,,5.0,,
4992,G0,L0,P_bal,logistic,within_child,3.0,,training_child_C_selection,False,,,,0.1,,,5.0,,
4993,G0,L0,P_bal,logistic,within_child,3.0,,training_child_C_selection,False,,,,1.0,,,5.0,,
4994,G0,L0,P_bal,logistic,within_child,3.0,,training_child_C_selection,False,,,,10.0,,,5.0,,
4995,G0,L0,P_bal,logistic,within_child,3.0,,training_child_C_selection,False,,,,0.01,,,6.0,,
4996,G0,L0,P_bal,logistic,within_child,3.0,,training_child_C_selection,False,,,,0.1,,,6.0,,
4997,G0,L0,P_bal,logistic,within_child,3.0,,training_child_C_selection,False,,,,1.0,,,6.0,,
4998,G0,L0,P_bal,logistic,within_child,3.0,,training_child_C_selection,False,,,,10.0,,,6.0,,
4999,G0,L0,P_bal,logistic,within_child,3.0,,training_child_C_selection,False,,,,0.01,,,7.0,,
5000,G0,L0,P_bal,logistic,within_child,3.0,,training_child_C_selection,False,,,,0.1,,,7.0,,
5001,G0,L0,P_bal,logistic,within_child,3.0,,training_child_C_selection,False,,,,1.0,,,7.0,,
5002,G0,L0,P_bal,logistic,within_child,3.0,,training_child_C_selection,False,,,,10.0,,,7.0,,
5003,G0,L0,P_bal,logistic,within_child,3.0,,training_child_C_selection,False,,,,0.01,,,8.0,,
5004,G0,L0,P_bal,logistic,within_child,3.0,,training_child_C_selection,False,,,,0.1,,,8.0,,
5005,G0,L0,P_bal,logistic,within_child,3.0,,training_child_C_selection,False,,,,1.0,,,8.0,,
5006,G0,L0,P_bal,logistic,within_child,3.0,,training_child_C_selection,False,,,,10.0,,,8.0,,
5007,G0,L0,P_bal,logistic,within_child,3.0,,training_child_C_selection,False,,,,0.01,,,9.0,,
5008,G0,L0,P_bal,logistic,within_child,3.0,,training_child_C_selection,False,,,,0.1,,,9.0,,
5009,G0,L0,P_bal,logistic,within_child,3.0,,training_child_C_selection,False,,,,1.0,,,9.0,,
5010,G0,L0,P_bal,logistic,within_child,3.0,,training_child_C_selection,False,,,,10.0,,,9.0,,
5011,G0,L0,P_bal,logistic,within_child,3.0,,heldout_child_calibration,False,,,,,,,0.0,,
5012,G0,L0,P_bal,logistic,within_child,3.0,,heldout_child_calibration,False,,,,,,,1.0,,
5013,G0,L0,P_bal,logistic,within_child,3.0,,heldout_child_calibration,False,,,,,,,2.0,,
5014,G0,L0,P_bal,logistic,within_child,3.0,,heldout_child_calibration,False,,,,,,,3.0,,
5015,G0,L0,P_bal,logistic,within_child,3.0,,heldout_child_calibration,False,,,,,,,4.0,,
5016,G0,L0,P_bal,logistic,within_child,3.0,,heldout_child_calibration,False,,,,,,,5.0,,
5017,G0,L0,P_bal,logistic,within_child,3.0,,heldout_child_calibration,False,,,,,,,6.0,,
5018,G0,L0,P_bal,logistic,within_child,3.0,,heldout_child_calibration,False,,,,,,,7.0,,
5019,G0,L0,P_bal,logistic,within_child,3.0,,heldout_child_calibration,False,,,,,,,8.0,,
5020,G0,L0,P_bal,logistic,within_child,3.0,,heldout_child_calibration,False,,,,,,,9.0,,
5021,G0,L0,P_bal,logistic,within_child,3.0,,heldout_child_calibration,False,,,,,,,10.0,,
5022,G0,L0,P_bal,logistic,within_child,3.0,,heldout_child_calibration,False,,,,,,,11.0,,
5023,G0,R_RAND,P_bal,logistic,within_child,3.0,,training_child_C_selection,False,,,,0.01,,,0.0,,
5024,G0,R_RAND,P_bal,logistic,within_child,3.0,,training_child_C_selection,False,,,,0.1,,,0.0,,
5025,G0,R_RAND,P_bal,logistic,within_child,3.0,,training_child_C_selection,False,,,,1.0,,,0.0,,
5026,G0,R_RAND,P_bal,logistic,within_child,3.0,,training_child_C_selection,False,,,,10.0,,,0.0,,
5027,G0,R_RAND,P_bal,logistic,within_child,3.0,,training_child_C_selection,False,,,,0.01,,,1.0,,
5028,G0,R_RAND,P_bal,logistic,within_child,3.0,,training_child_C_selection,False,,,,0.1,,,1.0,,
5029,G0,R_RAND,P_bal,logistic,within_child,3.0,,training_child_C_selection,False,,,,1.0,,,1.0,,
5030,G0,R_RAND,P_bal,logistic,within_child,3.0,,training_child_C_selection,False,,,,10.0,,,1.0,,
5031,G0,R_RAND,P_bal,logistic,within_child,3.0,,training_child_C_selection,False,,,,0.01,,,2.0,,
5032,G0,R_RAND,P_bal,logistic,within_child,3.0,,training_child_C_selection,False,,,,0.1,,,2.0,,
5033,G0,R_RAND,P_bal,logistic,within_child,3.0,,training_child_C_selection,False,,,,1.0,,,2.0,,
5034,G0,R_RAND,P_bal,logistic,within_child,3.0,,training_child_C_selection,False,,,,10.0,,,2.0,,
5035,G0,R_RAND,P_bal,logistic,within_child,3.0,,training_child_C_selection,False,,,,0.01,,,3.0,,
5036,G0,R_RAND,P_bal,logistic,within_child,3.0,,training_child_C_selection,False,,,,0.1,,,3.0,,
5037,G0,R_RAND,P_bal,logistic,within_child,3.0,,training_child_C_selection,False,,,,1.0,,,3.0,,
5038,G0,R_RAND,P_bal,logistic,within_child,3.0,,training_child_C_selection,False,,,,10.0,,,3.0,,
5039,G0,R_RAND,P_bal,logistic,within_child,3.0,,training_child_C_selection,False,,,,0.01,,,4.0,,
5040,G0,R_RAND,P_bal,logistic,within_child,3.0,,training_child_C_selection,False,,,,0.1,,,4.0,,
5041,G0,R_RAND,P_bal,logistic,within_child,3.0,,training_child_C_selection,False,,,,1.0,,,4.0,,
5042,G0,R_RAND,P_bal,logistic,within_child,3.0,,training_child_C_selection,False,,,,10.0,,,4.0,,
5043,G0,R_RAND,P_bal,logistic,within_child,3.0,,training_child_C_selection,False,,,,0.01,,,5.0,,
5044,G0,R_RAND,P_bal,logistic,within_child,3.0,,training_child_C_selection,False,,,,0.1,,,5.0,,
5045,G0,R_RAND,P_bal,logistic,within_child,3.0,,training_child_C_selection,False,,,,1.0,,,5.0,,
5046,G0,R_RAND,P_bal,logistic,within_child,3.0,,training_child_C_selection,False,,,,10.0,,,5.0,,
5047,G0,R_RAND,P_bal,logistic,within_child,3.0,,training_child_C_selection,False,,,,0.01,,,6.0,,
5048,G0,R_RAND,P_bal,logistic,within_child,3.0,,training_child_C_selection,False,,,,0.1,,,6.0,,
5049,G0,R_RAND,P_bal,logistic,within_child,3.0,,training_child_C_selection,False,,,,1.0,,,6.0,,
5050,G0,R_RAND,P_bal,logistic,within_child,3.0,,training_child_C_selection,False,,,,10.0,,,6.0,,
5051,G0,R_RAND,P_bal,logistic,within_child,3.0,,training_child_C_selection,False,,,,0.01,,,7.0,,
5052,G0,R_RAND,P_bal,logistic,within_child,3.0,,training_child_C_selection,False,,,,0.1,,,7.0,,
5053,G0,R_RAND,P_bal,logistic,within_child,3.0,,training_child_C_selection,False,,,,1.0,,,7.0,,
5054,G0,R_RAND,P_bal,logistic,within_child,3.0,,training_child_C_selection,False,,,,10.0,,,7.0,,
5055,G0,R_RAND,P_bal,logistic,within_child,3.0,,training_child_C_selection,False,,,,0.01,,,8.0,,
5056,G0,R_RAND,P_bal,logistic,within_child,3.0,,training_child_C_selection,False,,,,0.1,,,8.0,,
5057,G0,R_RAND,P_bal,logistic,within_child,3.0,,training_child_C_selection,False,,,,1.0,,,8.0,,
5058,G0,R_RAND,P_bal,logistic,within_child,3.0,,training_child_C_selection,False,,,,10.0,,,8.0,,
5059,G0,R_RAND,P_bal,logistic,within_child,3.0,,training_child_C_selection,False,,,,0.01,,,9.0,,
5060,G0,R_RAND,P_bal,logistic,within_child,3.0,,training_child_C_selection,False,,,,0.1,,,9.0,,
5061,G0,R_RAND,P_bal,logistic,within_child,3.0,,training_child_C_selection,False,,,,1.0,,,9.0,,
5062,G0,R_RAND,P_bal,logistic,within_child,3.0,,training_child_C_selection,False,,,,10.0,,,9.0,,
5063,G0,R_RAND,P_bal,logistic,within_child,3.0,,heldout_child_calibration,False,,,,,,,0.0,,
5064,G0,R_RAND,P_bal,logistic,within_child,3.0,,heldout_child_calibration,False,,,,,,,1.0,,
5065,G0,R_RAND,P_bal,logistic,within_child,3.0,,heldout_child_calibration,False,,,,,,,2.0,,
5066,G0,R_RAND,P_bal,logistic,within_child,3.0,,heldout_child_calibration,False,,,,,,,3.0,,
5067,G0,R_RAND,P_bal,logistic,within_child,3.0,,heldout_child_calibration,False,,,,,,,4.0,,
5068,G0,R_RAND,P_bal,logistic,within_child,3.0,,heldout_child_calibration,False,,,,,,,5.0,,
5069,G0,R_RAND,P_bal,logistic,within_child,3.0,,heldout_child_calibration,False,,,,,,,6.0,,
5070,G0,R_RAND,P_bal,logistic,within_child,3.0,,heldout_child_calibration,False,,,,,,,7.0,,
5071,G0,R_RAND,P_bal,logistic,within_child,3.0,,heldout_child_calibration,False,,,,,,,8.0,,
5072,G0,R_RAND,P_bal,logistic,within_child,3.0,,heldout_child_calibration,False,,,,,,,9.0,,
5073,G0,R_RAND,P_bal,logistic,within_child,3.0,,heldout_child_calibration,False,,,,,,,10.0,,
5074,G0,R_RAND,P_bal,logistic,within_child,3.0,,heldout_child_calibration,False,,,,,,,11.0,,
5075,G0,R_SUP,P_bal,logistic,within_child,3.0,,training_child_C_selection,False,,,,0.01,,,0.0,,
5076,G0,R_SUP,P_bal,logistic,within_child,3.0,,training_child_C_selection,False,,,,0.1,,,0.0,,
5077,G0,R_SUP,P_bal,logistic,within_child,3.0,,training_child_C_selection,False,,,,1.0,,,0.0,,
5078,G0,R_SUP,P_bal,logistic,within_child,3.0,,training_child_C_selection,False,,,,10.0,,,0.0,,
5079,G0,R_SUP,P_bal,logistic,within_child,3.0,,training_child_C_selection,False,,,,0.01,,,1.0,,
5080,G0,R_SUP,P_bal,logistic,within_child,3.0,,training_child_C_selection,False,,,,0.1,,,1.0,,
5081,G0,R_SUP,P_bal,logistic,within_child,3.0,,training_child_C_selection,False,,,,1.0,,,1.0,,
5082,G0,R_SUP,P_bal,logistic,within_child,3.0,,training_child_C_selection,False,,,,10.0,,,1.0,,
5083,G0,R_SUP,P_bal,logistic,within_child,3.0,,training_child_C_selection,False,,,,0.01,,,2.0,,
5084,G0,R_SUP,P_bal,logistic,within_child,3.0,,training_child_C_selection,False,,,,0.1,,,2.0,,
5085,G0,R_SUP,P_bal,logistic,within_child,3.0,,training_child_C_selection,False,,,,1.0,,,2.0,,
5086,G0,R_SUP,P_bal,logistic,within_child,3.0,,training_child_C_selection,False,,,,10.0,,,2.0,,
5087,G0,R_SUP,P_bal,logistic,within_child,3.0,,training_child_C_selection,False,,,,0.01,,,3.0,,
5088,G0,R_SUP,P_bal,logistic,within_child,3.0,,training_child_C_selection,False,,,,0.1,,,3.0,,
5089,G0,R_SUP,P_bal,logistic,within_child,3.0,,training_child_C_selection,False,,,,1.0,,,3.0,,
5090,G0,R_SUP,P_bal,logistic,within_child,3.0,,training_child_C_selection,False,,,,10.0,,,3.0,,
5091,G0,R_SUP,P_bal,logistic,within_child,3.0,,training_child_C_selection,False,,,,0.01,,,4.0,,
5092,G0,R_SUP,P_bal,logistic,within_child,3.0,,training_child_C_selection,False,,,,0.1,,,4.0,,
5093,G0,R_SUP,P_bal,logistic,within_child,3.0,,training_child_C_selection,False,,,,1.0,,,4.0,,
5094,G0,R_SUP,P_bal,logistic,within_child,3.0,,training_child_C_selection,False,,,,10.0,,,4.0,,
5095,G0,R_SUP,P_bal,logistic,within_child,3.0,,training_child_C_selection,False,,,,0.01,,,5.0,,
5096,G0,R_SUP,P_bal,logistic,within_child,3.0,,training_child_C_selection,False,,,,0.1,,,5.0,,
5097,G0,R_SUP,P_bal,logistic,within_child,3.0,,training_child_C_selection,False,,,,1.0,,,5.0,,
5098,G0,R_SUP,P_bal,logistic,within_child,3.0,,training_child_C_selection,False,,,,10.0,,,5.0,,
5099,G0,R_SUP,P_bal,logistic,within_child,3.0,,training_child_C_selection,False,,,,0.01,,,6.0,,
5100,G0,R_SUP,P_bal,logistic,within_child,3.0,,training_child_C_selection,False,,,,0.1,,,6.0,,
5101,G0,R_SUP,P_bal,logistic,within_child,3.0,,training_child_C_selection,False,,,,1.0,,,6.0,,
5102,G0,R_SUP,P_bal,logistic,within_child,3.0,,training_child_C_selection,False,,,,10.0,,,6.0,,
5103,G0,R_SUP,P_bal,logistic,within_child,3.0,,training_child_C_selection,False,,,,0.01,,,7.0,,
5104,G0,R_SUP,P_bal,logistic,within_child,3.0,,training_child_C_selection,False,,,,0.1,,,7.0,,
5105,G0,R_SUP,P_bal,logistic,within_child,3.0,,training_child_C_selection,False,,,,1.0,,,7.0,,
5106,G0,R_SUP,P_bal,logistic,within_child,3.0,,training_child_C_selection,False,,,,10.0,,,7.0,,
5107,G0,R_SUP,P_bal,logistic,within_child,3.0,,training_child_C_selection,False,,,,0.01,,,8.0,,
5108,G0,R_SUP,P_bal,logistic,within_child,3.0,,training_child_C_selection,False,,,,0.1,,,8.0,,
5109,G0,R_SUP,P_bal,logistic,within_child,3.0,,training_child_C_selection,False,,,,1.0,,,8.0,,
5110,G0,R_SUP,P_bal,logistic,within_child,3.0,,training_child_C_selection,False,,,,10.0,,,8.0,,
5111,G0,R_SUP,P_bal,logistic,within_child,3.0,,training_child_C_selection,False,,,,0.01,,,9.0,,
5112,G0,R_SUP,P_bal,logistic,within_child,3.0,,training_child_C_selection,False,,,,0.1,,,9.0,,
5113,G0,R_SUP,P_bal,logistic,within_child,3.0,,training_child_C_selection,False,,,,1.0,,,9.0,,
5114,G0,R_SUP,P_bal,logistic,within_child,3.0,,training_child_C_selection,False,,,,10.0,,,9.0,,
5115,G0,R_SUP,P_bal,logistic,within_child,3.0,,heldout_child_calibration,False,,,,,,,0.0,,
5116,G0,R_SUP,P_bal,logistic,within_child,3.0,,heldout_child_calibration,False,,,,,,,1.0,,
5117,G0,R_SUP,P_bal,logistic,within_child,3.0,,heldout_child_calibration,False,,,,,,,2.0,,
5118,G0,R_SUP,P_bal,logistic,within_child,3.0,,heldout_child_calibration,False,,,,,,,3.0,,
5119,G0,R_SUP,P_bal,logistic,within_child,3.0,,heldout_child_calibration,False,,,,,,,4.0,,
5120,G0,R_SUP,P_bal,logistic,within_child,3.0,,heldout_child_calibration,False,,,,,,,5.0,,
5121,G0,R_SUP,P_bal,logistic,within_child,3.0,,heldout_child_calibration,False,,,,,,,6.0,,
5122,G0,R_SUP,P_bal,logistic,within_child,3.0,,heldout_child_calibration,False,,,,,,,7.0,,
5123,G0,R_SUP,P_bal,logistic,within_child,3.0,,heldout_child_calibration,False,,,,,,,8.0,,
5124,G0,R_SUP,P_bal,logistic,within_child,3.0,,heldout_child_calibration,False,,,,,,,9.0,,
5125,G0,R_SUP,P_bal,logistic,within_child,3.0,,heldout_child_calibration,False,,,,,,,10.0,,
5126,G0,R_SUP,P_bal,logistic,within_child,3.0,,heldout_child_calibration,False,,,,,,,11.0,,
5127,G0,R_SIM,P_bal,logistic,within_child,3.0,,training_child_C_selection,False,,,,0.01,,,0.0,,
5128,G0,R_SIM,P_bal,logistic,within_child,3.0,,training_child_C_selection,False,,,,0.1,,,0.0,,
5129,G0,R_SIM,P_bal,logistic,within_child,3.0,,training_child_C_selection,False,,,,1.0,,,0.0,,
5130,G0,R_SIM,P_bal,logistic,within_child,3.0,,training_child_C_selection,False,,,,10.0,,,0.0,,
5131,G0,R_SIM,P_bal,logistic,within_child,3.0,,training_child_C_selection,False,,,,0.01,,,1.0,,
5132,G0,R_SIM,P_bal,logistic,within_child,3.0,,training_child_C_selection,False,,,,0.1,,,1.0,,
5133,G0,R_SIM,P_bal,logistic,within_child,3.0,,training_child_C_selection,False,,,,1.0,,,1.0,,
5134,G0,R_SIM,P_bal,logistic,within_child,3.0,,training_child_C_selection,False,,,,10.0,,,1.0,,
5135,G0,R_SIM,P_bal,logistic,within_child,3.0,,training_child_C_selection,False,,,,0.01,,,2.0,,
5136,G0,R_SIM,P_bal,logistic,within_child,3.0,,training_child_C_selection,False,,,,0.1,,,2.0,,
5137,G0,R_SIM,P_bal,logistic,within_child,3.0,,training_child_C_selection,False,,,,1.0,,,2.0,,
5138,G0,R_SIM,P_bal,logistic,within_child,3.0,,training_child_C_selection,False,,,,10.0,,,2.0,,
5139,G0,R_SIM,P_bal,logistic,within_child,3.0,,training_child_C_selection,False,,,,0.01,,,3.0,,
5140,G0,R_SIM,P_bal,logistic,within_child,3.0,,training_child_C_selection,False,,,,0.1,,,3.0,,
5141,G0,R_SIM,P_bal,logistic,within_child,3.0,,training_child_C_selection,False,,,,1.0,,,3.0,,
5142,G0,R_SIM,P_bal,logistic,within_child,3.0,,training_child_C_selection,False,,,,10.0,,,3.0,,
5143,G0,R_SIM,P_bal,logistic,within_child,3.0,,training_child_C_selection,False,,,,0.01,,,4.0,,
5144,G0,R_SIM,P_bal,logistic,within_child,3.0,,training_child_C_selection,False,,,,0.1,,,4.0,,
5145,G0,R_SIM,P_bal,logistic,within_child,3.0,,training_child_C_selection,False,,,,1.0,,,4.0,,
5146,G0,R_SIM,P_bal,logistic,within_child,3.0,,training_child_C_selection,False,,,,10.0,,,4.0,,
5147,G0,R_SIM,P_bal,logistic,within_child,3.0,,training_child_C_selection,False,,,,0.01,,,5.0,,
5148,G0,R_SIM,P_bal,logistic,within_child,3.0,,training_child_C_selection,False,,,,0.1,,,5.0,,
5149,G0,R_SIM,P_bal,logistic,within_child,3.0,,training_child_C_selection,False,,,,1.0,,,5.0,,
5150,G0,R_SIM,P_bal,logistic,within_child,3.0,,training_child_C_selection,False,,,,10.0,,,5.0,,
5151,G0,R_SIM,P_bal,logistic,within_child,3.0,,training_child_C_selection,False,,,,0.01,,,6.0,,
5152,G0,R_SIM,P_bal,logistic,within_child,3.0,,training_child_C_selection,False,,,,0.1,,,6.0,,
5153,G0,R_SIM,P_bal,logistic,within_child,3.0,,training_child_C_selection,False,,,,1.0,,,6.0,,
5154,G0,R_SIM,P_bal,logistic,within_child,3.0,,training_child_C_selection,False,,,,10.0,,,6.0,,
5155,G0,R_SIM,P_bal,logistic,within_child,3.0,,training_child_C_selection,False,,,,0.01,,,7.0,,
5156,G0,R_SIM,P_bal,logistic,within_child,3.0,,training_child_C_selection,False,,,,0.1,,,7.0,,
5157,G0,R_SIM,P_bal,logistic,within_child,3.0,,training_child_C_selection,False,,,,1.0,,,7.0,,
5158,G0,R_SIM,P_bal,logistic,within_child,3.0,,training_child_C_selection,False,,,,10.0,,,7.0,,
5159,G0,R_SIM,P_bal,logistic,within_child,3.0,,training_child_C_selection,False,,,,0.01,,,8.0,,
5160,G0,R_SIM,P_bal,logistic,within_child,3.0,,training_child_C_selection,False,,,,0.1,,,8.0,,
5161,G0,R_SIM,P_bal,logistic,within_child,3.0,,training_child_C_selection,False,,,,1.0,,,8.0,,
5162,G0,R_SIM,P_bal,logistic,within_child,3.0,,training_child_C_selection,False,,,,10.0,,,8.0,,
5163,G0,R_SIM,P_bal,logistic,within_child,3.0,,training_child_C_selection,False,,,,0.01,,,9.0,,
5164,G0,R_SIM,P_bal,logistic,within_child,3.0,,training_child_C_selection,False,,,,0.1,,,9.0,,
5165,G0,R_SIM,P_bal,logistic,within_child,3.0,,training_child_C_selection,False,,,,1.0,,,9.0,,
5166,G0,R_SIM,P_bal,logistic,within_child,3.0,,training_child_C_selection,False,,,,10.0,,,9.0,,
5167,G0,R_SIM,P_bal,logistic,within_child,3.0,,heldout_child_calibration,False,,,,,,,0.0,,
5168,G0,R_SIM,P_bal,logistic,within_child,3.0,,heldout_child_calibration,False,,,,,,,1.0,,
5169,G0,R_SIM,P_bal,logistic,within_child,3.0,,heldout_child_calibration,False,,,,,,,2.0,,
5170,G0,R_SIM,P_bal,logistic,within_child,3.0,,heldout_child_calibration,False,,,,,,,3.0,,
5171,G0,R_SIM,P_bal,logistic,within_child,3.0,,heldout_child_calibration,False,,,,,,,4.0,,
5172,G0,R_SIM,P_bal,logistic,within_child,3.0,,heldout_child_calibration,False,,,,,,,5.0,,
5173,G0,R_SIM,P_bal,logistic,within_child,3.0,,heldout_child_calibration,False,,,,,,,6.0,,
5174,G0,R_SIM,P_bal,logistic,within_child,3.0,,heldout_child_calibration,False,,,,,,,7.0,,
5175,G0,R_SIM,P_bal,logistic,within_child,3.0,,heldout_child_calibration,False,,,,,,,8.0,,
5176,G0,R_SIM,P_bal,logistic,within_child,3.0,,heldout_child_calibration,False,,,,,,,9.0,,
5177,G0,R_SIM,P_bal,logistic,within_child,3.0,,heldout_child_calibration,False,,,,,,,10.0,,
5178,G0,R_SIM,P_bal,logistic,within_child,3.0,,heldout_child_calibration,False,,,,,,,11.0,,
5179,G0,L0,P_bal,logistic,within_child,4.0,,training_child_C_selection,False,,,,0.01,,,0.0,,
5180,G0,L0,P_bal,logistic,within_child,4.0,,training_child_C_selection,False,,,,0.1,,,0.0,,
5181,G0,L0,P_bal,logistic,within_child,4.0,,training_child_C_selection,False,,,,1.0,,,0.0,,
5182,G0,L0,P_bal,logistic,within_child,4.0,,training_child_C_selection,False,,,,10.0,,,0.0,,
5183,G0,L0,P_bal,logistic,within_child,4.0,,training_child_C_selection,False,,,,0.01,,,1.0,,
5184,G0,L0,P_bal,logistic,within_child,4.0,,training_child_C_selection,False,,,,0.1,,,1.0,,
5185,G0,L0,P_bal,logistic,within_child,4.0,,training_child_C_selection,False,,,,1.0,,,1.0,,
5186,G0,L0,P_bal,logistic,within_child,4.0,,training_child_C_selection,False,,,,10.0,,,1.0,,
5187,G0,L0,P_bal,logistic,within_child,4.0,,training_child_C_selection,False,,,,0.01,,,2.0,,
5188,G0,L0,P_bal,logistic,within_child,4.0,,training_child_C_selection,False,,,,0.1,,,2.0,,
5189,G0,L0,P_bal,logistic,within_child,4.0,,training_child_C_selection,False,,,,1.0,,,2.0,,
5190,G0,L0,P_bal,logistic,within_child,4.0,,training_child_C_selection,False,,,,10.0,,,2.0,,
5191,G0,L0,P_bal,logistic,within_child,4.0,,training_child_C_selection,False,,,,0.01,,,3.0,,
5192,G0,L0,P_bal,logistic,within_child,4.0,,training_child_C_selection,False,,,,0.1,,,3.0,,
5193,G0,L0,P_bal,logistic,within_child,4.0,,training_child_C_selection,False,,,,1.0,,,3.0,,
5194,G0,L0,P_bal,logistic,within_child,4.0,,training_child_C_selection,False,,,,10.0,,,3.0,,
5195,G0,L0,P_bal,logistic,within_child,4.0,,training_child_C_selection,False,,,,0.01,,,4.0,,
5196,G0,L0,P_bal,logistic,within_child,4.0,,training_child_C_selection,False,,,,0.1,,,4.0,,
5197,G0,L0,P_bal,logistic,within_child,4.0,,training_child_C_selection,False,,,,1.0,,,4.0,,
5198,G0,L0,P_bal,logistic,within_child,4.0,,training_child_C_selection,False,,,,10.0,,,4.0,,
5199,G0,L0,P_bal,logistic,within_child,4.0,,training_child_C_selection,False,,,,0.01,,,5.0,,
5200,G0,L0,P_bal,logistic,within_child,4.0,,training_child_C_selection,False,,,,0.1,,,5.0,,
5201,G0,L0,P_bal,logistic,within_child,4.0,,training_child_C_selection,False,,,,1.0,,,5.0,,
5202,G0,L0,P_bal,logistic,within_child,4.0,,training_child_C_selection,False,,,,10.0,,,5.0,,
5203,G0,L0,P_bal,logistic,within_child,4.0,,training_child_C_selection,False,,,,0.01,,,6.0,,
5204,G0,L0,P_bal,logistic,within_child,4.0,,training_child_C_selection,False,,,,0.1,,,6.0,,
5205,G0,L0,P_bal,logistic,within_child,4.0,,training_child_C_selection,False,,,,1.0,,,6.0,,
5206,G0,L0,P_bal,logistic,within_child,4.0,,training_child_C_selection,False,,,,10.0,,,6.0,,
5207,G0,L0,P_bal,logistic,within_child,4.0,,training_child_C_selection,False,,,,0.01,,,7.0,,
5208,G0,L0,P_bal,logistic,within_child,4.0,,training_child_C_selection,False,,,,0.1,,,7.0,,
5209,G0,L0,P_bal,logistic,within_child,4.0,,training_child_C_selection,False,,,,1.0,,,7.0,,
5210,G0,L0,P_bal,logistic,within_child,4.0,,training_child_C_selection,False,,,,10.0,,,7.0,,
5211,G0,L0,P_bal,logistic,within_child,4.0,,training_child_C_selection,False,,,,0.01,,,8.0,,
5212,G0,L0,P_bal,logistic,within_child,4.0,,training_child_C_selection,False,,,,0.1,,,8.0,,
5213,G0,L0,P_bal,logistic,within_child,4.0,,training_child_C_selection,False,,,,1.0,,,8.0,,
5214,G0,L0,P_bal,logistic,within_child,4.0,,training_child_C_selection,False,,,,10.0,,,8.0,,
5215,G0,L0,P_bal,logistic,within_child,4.0,,training_child_C_selection,False,,,,0.01,,,9.0,,
5216,G0,L0,P_bal,logistic,within_child,4.0,,training_child_C_selection,False,,,,0.1,,,9.0,,
5217,G0,L0,P_bal,logistic,within_child,4.0,,training_child_C_selection,False,,,,1.0,,,9.0,,
5218,G0,L0,P_bal,logistic,within_child,4.0,,training_child_C_selection,False,,,,10.0,,,9.0,,
5219,G0,L0,P_bal,logistic,within_child,4.0,,heldout_child_calibration,False,,,,,,,0.0,,
5220,G0,L0,P_bal,logistic,within_child,4.0,,heldout_child_calibration,False,,,,,,,1.0,,
5221,G0,L0,P_bal,logistic,within_child,4.0,,heldout_child_calibration,False,,,,,,,2.0,,
5222,G0,L0,P_bal,logistic,within_child,4.0,,heldout_child_calibration,False,,,,,,,3.0,,
5223,G0,L0,P_bal,logistic,within_child,4.0,,heldout_child_calibration,False,,,,,,,4.0,,
5224,G0,L0,P_bal,logistic,within_child,4.0,,heldout_child_calibration,False,,,,,,,5.0,,
5225,G0,L0,P_bal,logistic,within_child,4.0,,heldout_child_calibration,False,,,,,,,6.0,,
5226,G0,L0,P_bal,logistic,within_child,4.0,,heldout_child_calibration,False,,,,,,,7.0,,
5227,G0,L0,P_bal,logistic,within_child,4.0,,heldout_child_calibration,False,,,,,,,8.0,,
5228,G0,L0,P_bal,logistic,within_child,4.0,,heldout_child_calibration,False,,,,,,,9.0,,
5229,G0,L0,P_bal,logistic,within_child,4.0,,heldout_child_calibration,False,,,,,,,10.0,,
5230,G0,L0,P_bal,logistic,within_child,4.0,,heldout_child_calibration,False,,,,,,,11.0,,
5231,G0,R_RAND,P_bal,logistic,within_child,4.0,,training_child_C_selection,False,,,,0.01,,,0.0,,
5232,G0,R_RAND,P_bal,logistic,within_child,4.0,,training_child_C_selection,False,,,,0.1,,,0.0,,
5233,G0,R_RAND,P_bal,logistic,within_child,4.0,,training_child_C_selection,False,,,,1.0,,,0.0,,
5234,G0,R_RAND,P_bal,logistic,within_child,4.0,,training_child_C_selection,False,,,,10.0,,,0.0,,
5235,G0,R_RAND,P_bal,logistic,within_child,4.0,,training_child_C_selection,False,,,,0.01,,,1.0,,
5236,G0,R_RAND,P_bal,logistic,within_child,4.0,,training_child_C_selection,False,,,,0.1,,,1.0,,
5237,G0,R_RAND,P_bal,logistic,within_child,4.0,,training_child_C_selection,False,,,,1.0,,,1.0,,
5238,G0,R_RAND,P_bal,logistic,within_child,4.0,,training_child_C_selection,False,,,,10.0,,,1.0,,
5239,G0,R_RAND,P_bal,logistic,within_child,4.0,,training_child_C_selection,False,,,,0.01,,,2.0,,
5240,G0,R_RAND,P_bal,logistic,within_child,4.0,,training_child_C_selection,False,,,,0.1,,,2.0,,
5241,G0,R_RAND,P_bal,logistic,within_child,4.0,,training_child_C_selection,False,,,,1.0,,,2.0,,
5242,G0,R_RAND,P_bal,logistic,within_child,4.0,,training_child_C_selection,False,,,,10.0,,,2.0,,
5243,G0,R_RAND,P_bal,logistic,within_child,4.0,,training_child_C_selection,False,,,,0.01,,,3.0,,
5244,G0,R_RAND,P_bal,logistic,within_child,4.0,,training_child_C_selection,False,,,,0.1,,,3.0,,
5245,G0,R_RAND,P_bal,logistic,within_child,4.0,,training_child_C_selection,False,,,,1.0,,,3.0,,
5246,G0,R_RAND,P_bal,logistic,within_child,4.0,,training_child_C_selection,False,,,,10.0,,,3.0,,
5247,G0,R_RAND,P_bal,logistic,within_child,4.0,,training_child_C_selection,False,,,,0.01,,,4.0,,
5248,G0,R_RAND,P_bal,logistic,within_child,4.0,,training_child_C_selection,False,,,,0.1,,,4.0,,
5249,G0,R_RAND,P_bal,logistic,within_child,4.0,,training_child_C_selection,False,,,,1.0,,,4.0,,
5250,G0,R_RAND,P_bal,logistic,within_child,4.0,,training_child_C_selection,False,,,,10.0,,,4.0,,
5251,G0,R_RAND,P_bal,logistic,within_child,4.0,,training_child_C_selection,False,,,,0.01,,,5.0,,
5252,G0,R_RAND,P_bal,logistic,within_child,4.0,,training_child_C_selection,False,,,,0.1,,,5.0,,
5253,G0,R_RAND,P_bal,logistic,within_child,4.0,,training_child_C_selection,False,,,,1.0,,,5.0,,
5254,G0,R_RAND,P_bal,logistic,within_child,4.0,,training_child_C_selection,False,,,,10.0,,,5.0,,
5255,G0,R_RAND,P_bal,logistic,within_child,4.0,,training_child_C_selection,False,,,,0.01,,,6.0,,
5256,G0,R_RAND,P_bal,logistic,within_child,4.0,,training_child_C_selection,False,,,,0.1,,,6.0,,
5257,G0,R_RAND,P_bal,logistic,within_child,4.0,,training_child_C_selection,False,,,,1.0,,,6.0,,
5258,G0,R_RAND,P_bal,logistic,within_child,4.0,,training_child_C_selection,False,,,,10.0,,,6.0,,
5259,G0,R_RAND,P_bal,logistic,within_child,4.0,,training_child_C_selection,False,,,,0.01,,,7.0,,
5260,G0,R_RAND,P_bal,logistic,within_child,4.0,,training_child_C_selection,False,,,,0.1,,,7.0,,
5261,G0,R_RAND,P_bal,logistic,within_child,4.0,,training_child_C_selection,False,,,,1.0,,,7.0,,
5262,G0,R_RAND,P_bal,logistic,within_child,4.0,,training_child_C_selection,False,,,,10.0,,,7.0,,
5263,G0,R_RAND,P_bal,logistic,within_child,4.0,,training_child_C_selection,False,,,,0.01,,,8.0,,
5264,G0,R_RAND,P_bal,logistic,within_child,4.0,,training_child_C_selection,False,,,,0.1,,,8.0,,
5265,G0,R_RAND,P_bal,logistic,within_child,4.0,,training_child_C_selection,False,,,,1.0,,,8.0,,
5266,G0,R_RAND,P_bal,logistic,within_child,4.0,,training_child_C_selection,False,,,,10.0,,,8.0,,
5267,G0,R_RAND,P_bal,logistic,within_child,4.0,,training_child_C_selection,False,,,,0.01,,,9.0,,
5268,G0,R_RAND,P_bal,logistic,within_child,4.0,,training_child_C_selection,False,,,,0.1,,,9.0,,
5269,G0,R_RAND,P_bal,logistic,within_child,4.0,,training_child_C_selection,False,,,,1.0,,,9.0,,
5270,G0,R_RAND,P_bal,logistic,within_child,4.0,,training_child_C_selection,False,,,,10.0,,,9.0,,
5271,G0,R_RAND,P_bal,logistic,within_child,4.0,,heldout_child_calibration,False,,,,,,,0.0,,
5272,G0,R_RAND,P_bal,logistic,within_child,4.0,,heldout_child_calibration,False,,,,,,,1.0,,
5273,G0,R_RAND,P_bal,logistic,within_child,4.0,,heldout_child_calibration,False,,,,,,,2.0,,
5274,G0,R_RAND,P_bal,logistic,within_child,4.0,,heldout_child_calibration,False,,,,,,,3.0,,
5275,G0,R_RAND,P_bal,logistic,within_child,4.0,,heldout_child_calibration,False,,,,,,,4.0,,
5276,G0,R_RAND,P_bal,logistic,within_child,4.0,,heldout_child_calibration,False,,,,,,,5.0,,
5277,G0,R_RAND,P_bal,logistic,within_child,4.0,,heldout_child_calibration,False,,,,,,,6.0,,
5278,G0,R_RAND,P_bal,logistic,within_child,4.0,,heldout_child_calibration,False,,,,,,,7.0,,
5279,G0,R_RAND,P_bal,logistic,within_child,4.0,,heldout_child_calibration,False,,,,,,,8.0,,
5280,G0,R_RAND,P_bal,logistic,within_child,4.0,,heldout_child_calibration,False,,,,,,,9.0,,
5281,G0,R_RAND,P_bal,logistic,within_child,4.0,,heldout_child_calibration,False,,,,,,,10.0,,
5282,G0,R_RAND,P_bal,logistic,within_child,4.0,,heldout_child_calibration,False,,,,,,,11.0,,
5283,G0,R_SUP,P_bal,logistic,within_child,4.0,,training_child_C_selection,False,,,,0.01,,,0.0,,
5284,G0,R_SUP,P_bal,logistic,within_child,4.0,,training_child_C_selection,False,,,,0.1,,,0.0,,
5285,G0,R_SUP,P_bal,logistic,within_child,4.0,,training_child_C_selection,False,,,,1.0,,,0.0,,
5286,G0,R_SUP,P_bal,logistic,within_child,4.0,,training_child_C_selection,False,,,,10.0,,,0.0,,
5287,G0,R_SUP,P_bal,logistic,within_child,4.0,,training_child_C_selection,False,,,,0.01,,,1.0,,
5288,G0,R_SUP,P_bal,logistic,within_child,4.0,,training_child_C_selection,False,,,,0.1,,,1.0,,
5289,G0,R_SUP,P_bal,logistic,within_child,4.0,,training_child_C_selection,False,,,,1.0,,,1.0,,
5290,G0,R_SUP,P_bal,logistic,within_child,4.0,,training_child_C_selection,False,,,,10.0,,,1.0,,
5291,G0,R_SUP,P_bal,logistic,within_child,4.0,,training_child_C_selection,False,,,,0.01,,,2.0,,
5292,G0,R_SUP,P_bal,logistic,within_child,4.0,,training_child_C_selection,False,,,,0.1,,,2.0,,
5293,G0,R_SUP,P_bal,logistic,within_child,4.0,,training_child_C_selection,False,,,,1.0,,,2.0,,
5294,G0,R_SUP,P_bal,logistic,within_child,4.0,,training_child_C_selection,False,,,,10.0,,,2.0,,
5295,G0,R_SUP,P_bal,logistic,within_child,4.0,,training_child_C_selection,False,,,,0.01,,,3.0,,
5296,G0,R_SUP,P_bal,logistic,within_child,4.0,,training_child_C_selection,False,,,,0.1,,,3.0,,
5297,G0,R_SUP,P_bal,logistic,within_child,4.0,,training_child_C_selection,False,,,,1.0,,,3.0,,
5298,G0,R_SUP,P_bal,logistic,within_child,4.0,,training_child_C_selection,False,,,,10.0,,,3.0,,
5299,G0,R_SUP,P_bal,logistic,within_child,4.0,,training_child_C_selection,False,,,,0.01,,,4.0,,
5300,G0,R_SUP,P_bal,logistic,within_child,4.0,,training_child_C_selection,False,,,,0.1,,,4.0,,
5301,G0,R_SUP,P_bal,logistic,within_child,4.0,,training_child_C_selection,False,,,,1.0,,,4.0,,
5302,G0,R_SUP,P_bal,logistic,within_child,4.0,,training_child_C_selection,False,,,,10.0,,,4.0,,
5303,G0,R_SUP,P_bal,logistic,within_child,4.0,,training_child_C_selection,False,,,,0.01,,,5.0,,
5304,G0,R_SUP,P_bal,logistic,within_child,4.0,,training_child_C_selection,False,,,,0.1,,,5.0,,
5305,G0,R_SUP,P_bal,logistic,within_child,4.0,,training_child_C_selection,False,,,,1.0,,,5.0,,
5306,G0,R_SUP,P_bal,logistic,within_child,4.0,,training_child_C_selection,False,,,,10.0,,,5.0,,
5307,G0,R_SUP,P_bal,logistic,within_child,4.0,,training_child_C_selection,False,,,,0.01,,,6.0,,
5308,G0,R_SUP,P_bal,logistic,within_child,4.0,,training_child_C_selection,False,,,,0.1,,,6.0,,
5309,G0,R_SUP,P_bal,logistic,within_child,4.0,,training_child_C_selection,False,,,,1.0,,,6.0,,
5310,G0,R_SUP,P_bal,logistic,within_child,4.0,,training_child_C_selection,False,,,,10.0,,,6.0,,
5311,G0,R_SUP,P_bal,logistic,within_child,4.0,,training_child_C_selection,False,,,,0.01,,,7.0,,
5312,G0,R_SUP,P_bal,logistic,within_child,4.0,,training_child_C_selection,False,,,,0.1,,,7.0,,
5313,G0,R_SUP,P_bal,logistic,within_child,4.0,,training_child_C_selection,False,,,,1.0,,,7.0,,
5314,G0,R_SUP,P_bal,logistic,within_child,4.0,,training_child_C_selection,False,,,,10.0,,,7.0,,
5315,G0,R_SUP,P_bal,logistic,within_child,4.0,,training_child_C_selection,False,,,,0.01,,,8.0,,
5316,G0,R_SUP,P_bal,logistic,within_child,4.0,,training_child_C_selection,False,,,,0.1,,,8.0,,
5317,G0,R_SUP,P_bal,logistic,within_child,4.0,,training_child_C_selection,False,,,,1.0,,,8.0,,
5318,G0,R_SUP,P_bal,logistic,within_child,4.0,,training_child_C_selection,False,,,,10.0,,,8.0,,
5319,G0,R_SUP,P_bal,logistic,within_child,4.0,,training_child_C_selection,False,,,,0.01,,,9.0,,
5320,G0,R_SUP,P_bal,logistic,within_child,4.0,,training_child_C_selection,False,,,,0.1,,,9.0,,
5321,G0,R_SUP,P_bal,logistic,within_child,4.0,,training_child_C_selection,False,,,,1.0,,,9.0,,
5322,G0,R_SUP,P_bal,logistic,within_child,4.0,,training_child_C_selection,False,,,,10.0,,,9.0,,
5323,G0,R_SUP,P_bal,logistic,within_child,4.0,,heldout_child_calibration,False,,,,,,,0.0,,
5324,G0,R_SUP,P_bal,logistic,within_child,4.0,,heldout_child_calibration,False,,,,,,,1.0,,
5325,G0,R_SUP,P_bal,logistic,within_child,4.0,,heldout_child_calibration,False,,,,,,,2.0,,
5326,G0,R_SUP,P_bal,logistic,within_child,4.0,,heldout_child_calibration,False,,,,,,,3.0,,
5327,G0,R_SUP,P_bal,logistic,within_child,4.0,,heldout_child_calibration,False,,,,,,,4.0,,
5328,G0,R_SUP,P_bal,logistic,within_child,4.0,,heldout_child_calibration,False,,,,,,,5.0,,
5329,G0,R_SUP,P_bal,logistic,within_child,4.0,,heldout_child_calibration,False,,,,,,,6.0,,
5330,G0,R_SUP,P_bal,logistic,within_child,4.0,,heldout_child_calibration,False,,,,,,,7.0,,
5331,G0,R_SUP,P_bal,logistic,within_child,4.0,,heldout_child_calibration,False,,,,,,,8.0,,
5332,G0,R_SUP,P_bal,logistic,within_child,4.0,,heldout_child_calibration,False,,,,,,,9.0,,
5333,G0,R_SUP,P_bal,logistic,within_child,4.0,,heldout_child_calibration,False,,,,,,,10.0,,
5334,G0,R_SUP,P_bal,logistic,within_child,4.0,,heldout_child_calibration,False,,,,,,,11.0,,
5335,G0,R_SIM,P_bal,logistic,within_child,4.0,,training_child_C_selection,False,,,,0.01,,,0.0,,
5336,G0,R_SIM,P_bal,logistic,within_child,4.0,,training_child_C_selection,False,,,,0.1,,,0.0,,
5337,G0,R_SIM,P_bal,logistic,within_child,4.0,,training_child_C_selection,False,,,,1.0,,,0.0,,
5338,G0,R_SIM,P_bal,logistic,within_child,4.0,,training_child_C_selection,False,,,,10.0,,,0.0,,
5339,G0,R_SIM,P_bal,logistic,within_child,4.0,,training_child_C_selection,False,,,,0.01,,,1.0,,
5340,G0,R_SIM,P_bal,logistic,within_child,4.0,,training_child_C_selection,False,,,,0.1,,,1.0,,
5341,G0,R_SIM,P_bal,logistic,within_child,4.0,,training_child_C_selection,False,,,,1.0,,,1.0,,
5342,G0,R_SIM,P_bal,logistic,within_child,4.0,,training_child_C_selection,False,,,,10.0,,,1.0,,
5343,G0,R_SIM,P_bal,logistic,within_child,4.0,,training_child_C_selection,False,,,,0.01,,,2.0,,
5344,G0,R_SIM,P_bal,logistic,within_child,4.0,,training_child_C_selection,False,,,,0.1,,,2.0,,
5345,G0,R_SIM,P_bal,logistic,within_child,4.0,,training_child_C_selection,False,,,,1.0,,,2.0,,
5346,G0,R_SIM,P_bal,logistic,within_child,4.0,,training_child_C_selection,False,,,,10.0,,,2.0,,
5347,G0,R_SIM,P_bal,logistic,within_child,4.0,,training_child_C_selection,False,,,,0.01,,,3.0,,
5348,G0,R_SIM,P_bal,logistic,within_child,4.0,,training_child_C_selection,False,,,,0.1,,,3.0,,
5349,G0,R_SIM,P_bal,logistic,within_child,4.0,,training_child_C_selection,False,,,,1.0,,,3.0,,
5350,G0,R_SIM,P_bal,logistic,within_child,4.0,,training_child_C_selection,False,,,,10.0,,,3.0,,
5351,G0,R_SIM,P_bal,logistic,within_child,4.0,,training_child_C_selection,False,,,,0.01,,,4.0,,
5352,G0,R_SIM,P_bal,logistic,within_child,4.0,,training_child_C_selection,False,,,,0.1,,,4.0,,
5353,G0,R_SIM,P_bal,logistic,within_child,4.0,,training_child_C_selection,False,,,,1.0,,,4.0,,
5354,G0,R_SIM,P_bal,logistic,within_child,4.0,,training_child_C_selection,False,,,,10.0,,,4.0,,
5355,G0,R_SIM,P_bal,logistic,within_child,4.0,,training_child_C_selection,False,,,,0.01,,,5.0,,
5356,G0,R_SIM,P_bal,logistic,within_child,4.0,,training_child_C_selection,False,,,,0.1,,,5.0,,
5357,G0,R_SIM,P_bal,logistic,within_child,4.0,,training_child_C_selection,False,,,,1.0,,,5.0,,
5358,G0,R_SIM,P_bal,logistic,within_child,4.0,,training_child_C_selection,False,,,,10.0,,,5.0,,
5359,G0,R_SIM,P_bal,logistic,within_child,4.0,,training_child_C_selection,False,,,,0.01,,,6.0,,
5360,G0,R_SIM,P_bal,logistic,within_child,4.0,,training_child_C_selection,False,,,,0.1,,,6.0,,
5361,G0,R_SIM,P_bal,logistic,within_child,4.0,,training_child_C_selection,False,,,,1.0,,,6.0,,
5362,G0,R_SIM,P_bal,logistic,within_child,4.0,,training_child_C_selection,False,,,,10.0,,,6.0,,
5363,G0,R_SIM,P_bal,logistic,within_child,4.0,,training_child_C_selection,False,,,,0.01,,,7.0,,
5364,G0,R_SIM,P_bal,logistic,within_child,4.0,,training_child_C_selection,False,,,,0.1,,,7.0,,
5365,G0,R_SIM,P_bal,logistic,within_child,4.0,,training_child_C_selection,False,,,,1.0,,,7.0,,
5366,G0,R_SIM,P_bal,logistic,within_child,4.0,,training_child_C_selection,False,,,,10.0,,,7.0,,
5367,G0,R_SIM,P_bal,logistic,within_child,4.0,,training_child_C_selection,False,,,,0.01,,,8.0,,
5368,G0,R_SIM,P_bal,logistic,within_child,4.0,,training_child_C_selection,False,,,,0.1,,,8.0,,
5369,G0,R_SIM,P_bal,logistic,within_child,4.0,,training_child_C_selection,False,,,,1.0,,,8.0,,
5370,G0,R_SIM,P_bal,logistic,within_child,4.0,,training_child_C_selection,False,,,,10.0,,,8.0,,
5371,G0,R_SIM,P_bal,logistic,within_child,4.0,,training_child_C_selection,False,,,,0.01,,,9.0,,
5372,G0,R_SIM,P_bal,logistic,within_child,4.0,,training_child_C_selection,False,,,,0.1,,,9.0,,
5373,G0,R_SIM,P_bal,logistic,within_child,4.0,,training_child_C_selection,False,,,,1.0,,,9.0,,
5374,G0,R_SIM,P_bal,logistic,within_child,4.0,,training_child_C_selection,False,,,,10.0,,,9.0,,
5375,G0,R_SIM,P_bal,logistic,within_child,4.0,,heldout_child_calibration,False,,,,,,,0.0,,
5376,G0,R_SIM,P_bal,logistic,within_child,4.0,,heldout_child_calibration,False,,,,,,,1.0,,
5377,G0,R_SIM,P_bal,logistic,within_child,4.0,,heldout_child_calibration,False,,,,,,,2.0,,
5378,G0,R_SIM,P_bal,logistic,within_child,4.0,,heldout_child_calibration,False,,,,,,,3.0,,
5379,G0,R_SIM,P_bal,logistic,within_child,4.0,,heldout_child_calibration,False,,,,,,,4.0,,
5380,G0,R_SIM,P_bal,logistic,within_child,4.0,,heldout_child_calibration,False,,,,,,,5.0,,
5381,G0,R_SIM,P_bal,logistic,within_child,4.0,,heldout_child_calibration,False,,,,,,,6.0,,
5382,G0,R_SIM,P_bal,logistic,within_child,4.0,,heldout_child_calibration,False,,,,,,,7.0,,
5383,G0,R_SIM,P_bal,logistic,within_child,4.0,,heldout_child_calibration,False,,,,,,,8.0,,
5384,G0,R_SIM,P_bal,logistic,within_child,4.0,,heldout_child_calibration,False,,,,,,,9.0,,
5385,G0,R_SIM,P_bal,logistic,within_child,4.0,,heldout_child_calibration,False,,,,,,,10.0,,
5386,G0,R_SIM,P_bal,logistic,within_child,4.0,,heldout_child_calibration,False,,,,,,,11.0,,
5387,G0,L0,P_bal,logistic,causal,0.0,0.0,bridge_inner,False,,,,0.01,,,,,
5388,G0,L0,P_bal,logistic,causal,0.0,0.0,bridge_inner,False,,,,0.1,,,,,
5389,G0,L0,P_bal,logistic,causal,0.0,0.0,bridge_inner,False,,,,1.0,,,,,
5390,G0,L0,P_bal,logistic,causal,0.0,0.0,bridge_inner,False,,,,10.0,,,,,
5391,G0,L0,P_bal,logistic,causal,0.0,1.0,bridge_inner,False,,,,0.01,,,,,
5392,G0,L0,P_bal,logistic,causal,0.0,1.0,bridge_inner,False,,,,0.1,,,,,
5393,G0,L0,P_bal,logistic,causal,0.0,1.0,bridge_inner,False,,,,1.0,,,,,
5394,G0,L0,P_bal,logistic,causal,0.0,1.0,bridge_inner,False,,,,10.0,,,,,
5395,G0,L0,P_bal,logistic,causal,0.0,2.0,bridge_inner,False,,,,0.01,,,,,
5396,G0,L0,P_bal,logistic,causal,0.0,2.0,bridge_inner,False,,,,0.1,,,,,
5397,G0,L0,P_bal,logistic,causal,0.0,2.0,bridge_inner,False,,,,1.0,,,,,
5398,G0,L0,P_bal,logistic,causal,0.0,2.0,bridge_inner,False,,,,10.0,,,,,
5399,G0,L0,P_bal,logistic,causal,0.0,,bridge_final,False,,,,,,,,,
5400,G0,L0,P_bal,logistic,causal,1.0,0.0,bridge_inner,False,,,,0.01,,,,,
5401,G0,L0,P_bal,logistic,causal,1.0,0.0,bridge_inner,False,,,,0.1,,,,,
5402,G0,L0,P_bal,logistic,causal,1.0,0.0,bridge_inner,False,,,,1.0,,,,,
5403,G0,L0,P_bal,logistic,causal,1.0,0.0,bridge_inner,False,,,,10.0,,,,,
5404,G0,L0,P_bal,logistic,causal,1.0,1.0,bridge_inner,False,,,,0.01,,,,,
5405,G0,L0,P_bal,logistic,causal,1.0,1.0,bridge_inner,False,,,,0.1,,,,,
5406,G0,L0,P_bal,logistic,causal,1.0,1.0,bridge_inner,False,,,,1.0,,,,,
5407,G0,L0,P_bal,logistic,causal,1.0,1.0,bridge_inner,False,,,,10.0,,,,,
5408,G0,L0,P_bal,logistic,causal,1.0,2.0,bridge_inner,False,,,,0.01,,,,,
5409,G0,L0,P_bal,logistic,causal,1.0,2.0,bridge_inner,False,,,,0.1,,,,,
5410,G0,L0,P_bal,logistic,causal,1.0,2.0,bridge_inner,False,,,,1.0,,,,,
5411,G0,L0,P_bal,logistic,causal,1.0,2.0,bridge_inner,False,,,,10.0,,,,,
5412,G0,L0,P_bal,logistic,causal,1.0,,bridge_final,False,,,,,,,,,
5413,G0,L0,P_bal,logistic,causal,2.0,0.0,bridge_inner,False,,,,0.01,,,,,
5414,G0,L0,P_bal,logistic,causal,2.0,0.0,bridge_inner,False,,,,0.1,,,,,
5415,G0,L0,P_bal,logistic,causal,2.0,0.0,bridge_inner,False,,,,1.0,,,,,
5416,G0,L0,P_bal,logistic,causal,2.0,0.0,bridge_inner,False,,,,10.0,,,,,
5417,G0,L0,P_bal,logistic,causal,2.0,1.0,bridge_inner,False,,,,0.01,,,,,
5418,G0,L0,P_bal,logistic,causal,2.0,1.0,bridge_inner,False,,,,0.1,,,,,
5419,G0,L0,P_bal,logistic,causal,2.0,1.0,bridge_inner,False,,,,1.0,,,,,
5420,G0,L0,P_bal,logistic,causal,2.0,1.0,bridge_inner,False,,,,10.0,,,,,
5421,G0,L0,P_bal,logistic,causal,2.0,2.0,bridge_inner,False,,,,0.01,,,,,
5422,G0,L0,P_bal,logistic,causal,2.0,2.0,bridge_inner,False,,,,0.1,,,,,
5423,G0,L0,P_bal,logistic,causal,2.0,2.0,bridge_inner,False,,,,1.0,,,,,
5424,G0,L0,P_bal,logistic,causal,2.0,2.0,bridge_inner,False,,,,10.0,,,,,
5425,G0,L0,P_bal,logistic,causal,2.0,,bridge_final,False,,,,,,,,,
5426,G0,L0,P_bal,logistic,causal,3.0,0.0,bridge_inner,False,,,,0.01,,,,,
5427,G0,L0,P_bal,logistic,causal,3.0,0.0,bridge_inner,False,,,,0.1,,,,,
5428,G0,L0,P_bal,logistic,causal,3.0,0.0,bridge_inner,False,,,,1.0,,,,,
5429,G0,L0,P_bal,logistic,causal,3.0,0.0,bridge_inner,False,,,,10.0,,,,,
5430,G0,L0,P_bal,logistic,causal,3.0,1.0,bridge_inner,False,,,,0.01,,,,,
5431,G0,L0,P_bal,logistic,causal,3.0,1.0,bridge_inner,False,,,,0.1,,,,,
5432,G0,L0,P_bal,logistic,causal,3.0,1.0,bridge_inner,False,,,,1.0,,,,,
5433,G0,L0,P_bal,logistic,causal,3.0,1.0,bridge_inner,False,,,,10.0,,,,,
5434,G0,L0,P_bal,logistic,causal,3.0,2.0,bridge_inner,False,,,,0.01,,,,,
5435,G0,L0,P_bal,logistic,causal,3.0,2.0,bridge_inner,False,,,,0.1,,,,,
5436,G0,L0,P_bal,logistic,causal,3.0,2.0,bridge_inner,False,,,,1.0,,,,,
5437,G0,L0,P_bal,logistic,causal,3.0,2.0,bridge_inner,False,,,,10.0,,,,,
5438,G0,L0,P_bal,logistic,causal,3.0,,bridge_final,False,,,,,,,,,
5439,G0,L0,P_bal,logistic,causal,4.0,0.0,bridge_inner,False,,,,0.01,,,,,
5440,G0,L0,P_bal,logistic,causal,4.0,0.0,bridge_inner,False,,,,0.1,,,,,
5441,G0,L0,P_bal,logistic,causal,4.0,0.0,bridge_inner,False,,,,1.0,,,,,
5442,G0,L0,P_bal,logistic,causal,4.0,0.0,bridge_inner,False,,,,10.0,,,,,
5443,G0,L0,P_bal,logistic,causal,4.0,1.0,bridge_inner,False,,,,0.01,,,,,
5444,G0,L0,P_bal,logistic,causal,4.0,1.0,bridge_inner,False,,,,0.1,,,,,
5445,G0,L0,P_bal,logistic,causal,4.0,1.0,bridge_inner,False,,,,1.0,,,,,
5446,G0,L0,P_bal,logistic,causal,4.0,1.0,bridge_inner,False,,,,10.0,,,,,
5447,G0,L0,P_bal,logistic,causal,4.0,2.0,bridge_inner,False,,,,0.01,,,,,
5448,G0,L0,P_bal,logistic,causal,4.0,2.0,bridge_inner,False,,,,0.1,,,,,
5449,G0,L0,P_bal,logistic,causal,4.0,2.0,bridge_inner,False,,,,1.0,,,,,
5450,G0,L0,P_bal,logistic,causal,4.0,2.0,bridge_inner,False,,,,10.0,,,,,
5451,G0,L0,P_bal,logistic,causal,4.0,,bridge_final,False,,,,,,,,,
5452,G0,L0,P_bal,logistic,offline,0.0,0.0,bridge_inner,False,,,,0.01,,,,,
5453,G0,L0,P_bal,logistic,offline,0.0,0.0,bridge_inner,False,,,,0.1,,,,,
5454,G0,L0,P_bal,logistic,offline,0.0,0.0,bridge_inner,False,,,,1.0,,,,,
5455,G0,L0,P_bal,logistic,offline,0.0,0.0,bridge_inner,False,,,,10.0,,,,,
5456,G0,L0,P_bal,logistic,offline,0.0,1.0,bridge_inner,False,,,,0.01,,,,,
5457,G0,L0,P_bal,logistic,offline,0.0,1.0,bridge_inner,False,,,,0.1,,,,,
5458,G0,L0,P_bal,logistic,offline,0.0,1.0,bridge_inner,False,,,,1.0,,,,,
5459,G0,L0,P_bal,logistic,offline,0.0,1.0,bridge_inner,False,,,,10.0,,,,,
5460,G0,L0,P_bal,logistic,offline,0.0,2.0,bridge_inner,False,,,,0.01,,,,,
5461,G0,L0,P_bal,logistic,offline,0.0,2.0,bridge_inner,False,,,,0.1,,,,,
5462,G0,L0,P_bal,logistic,offline,0.0,2.0,bridge_inner,False,,,,1.0,,,,,
5463,G0,L0,P_bal,logistic,offline,0.0,2.0,bridge_inner,False,,,,10.0,,,,,
5464,G0,L0,P_bal,logistic,offline,0.0,,bridge_final,False,,,,,,,,,
5465,G0,L0,P_bal,logistic,offline,1.0,0.0,bridge_inner,False,,,,0.01,,,,,
5466,G0,L0,P_bal,logistic,offline,1.0,0.0,bridge_inner,False,,,,0.1,,,,,
5467,G0,L0,P_bal,logistic,offline,1.0,0.0,bridge_inner,False,,,,1.0,,,,,
5468,G0,L0,P_bal,logistic,offline,1.0,0.0,bridge_inner,False,,,,10.0,,,,,
5469,G0,L0,P_bal,logistic,offline,1.0,1.0,bridge_inner,False,,,,0.01,,,,,
5470,G0,L0,P_bal,logistic,offline,1.0,1.0,bridge_inner,False,,,,0.1,,,,,
5471,G0,L0,P_bal,logistic,offline,1.0,1.0,bridge_inner,False,,,,1.0,,,,,
5472,G0,L0,P_bal,logistic,offline,1.0,1.0,bridge_inner,False,,,,10.0,,,,,
5473,G0,L0,P_bal,logistic,offline,1.0,2.0,bridge_inner,False,,,,0.01,,,,,
5474,G0,L0,P_bal,logistic,offline,1.0,2.0,bridge_inner,False,,,,0.1,,,,,
5475,G0,L0,P_bal,logistic,offline,1.0,2.0,bridge_inner,False,,,,1.0,,,,,
5476,G0,L0,P_bal,logistic,offline,1.0,2.0,bridge_inner,False,,,,10.0,,,,,
5477,G0,L0,P_bal,logistic,offline,1.0,,bridge_final,False,,,,,,,,,
5478,G0,L0,P_bal,logistic,offline,2.0,0.0,bridge_inner,False,,,,0.01,,,,,
5479,G0,L0,P_bal,logistic,offline,2.0,0.0,bridge_inner,False,,,,0.1,,,,,
5480,G0,L0,P_bal,logistic,offline,2.0,0.0,bridge_inner,False,,,,1.0,,,,,
5481,G0,L0,P_bal,logistic,offline,2.0,0.0,bridge_inner,False,,,,10.0,,,,,
5482,G0,L0,P_bal,logistic,offline,2.0,1.0,bridge_inner,False,,,,0.01,,,,,
5483,G0,L0,P_bal,logistic,offline,2.0,1.0,bridge_inner,False,,,,0.1,,,,,
5484,G0,L0,P_bal,logistic,offline,2.0,1.0,bridge_inner,False,,,,1.0,,,,,
5485,G0,L0,P_bal,logistic,offline,2.0,1.0,bridge_inner,False,,,,10.0,,,,,
5486,G0,L0,P_bal,logistic,offline,2.0,2.0,bridge_inner,False,,,,0.01,,,,,
5487,G0,L0,P_bal,logistic,offline,2.0,2.0,bridge_inner,False,,,,0.1,,,,,
5488,G0,L0,P_bal,logistic,offline,2.0,2.0,bridge_inner,False,,,,1.0,,,,,
5489,G0,L0,P_bal,logistic,offline,2.0,2.0,bridge_inner,False,,,,10.0,,,,,
5490,G0,L0,P_bal,logistic,offline,2.0,,bridge_final,False,,,,,,,,,
5491,G0,L0,P_bal,logistic,offline,3.0,0.0,bridge_inner,False,,,,0.01,,,,,
5492,G0,L0,P_bal,logistic,offline,3.0,0.0,bridge_inner,False,,,,0.1,,,,,
5493,G0,L0,P_bal,logistic,offline,3.0,0.0,bridge_inner,False,,,,1.0,,,,,
5494,G0,L0,P_bal,logistic,offline,3.0,0.0,bridge_inner,False,,,,10.0,,,,,
5495,G0,L0,P_bal,logistic,offline,3.0,1.0,bridge_inner,False,,,,0.01,,,,,
5496,G0,L0,P_bal,logistic,offline,3.0,1.0,bridge_inner,False,,,,0.1,,,,,
5497,G0,L0,P_bal,logistic,offline,3.0,1.0,bridge_inner,False,,,,1.0,,,,,
5498,G0,L0,P_bal,logistic,offline,3.0,1.0,bridge_inner,False,,,,10.0,,,,,
5499,G0,L0,P_bal,logistic,offline,3.0,2.0,bridge_inner,False,,,,0.01,,,,,
5500,G0,L0,P_bal,logistic,offline,3.0,2.0,bridge_inner,False,,,,0.1,,,,,
5501,G0,L0,P_bal,logistic,offline,3.0,2.0,bridge_inner,False,,,,1.0,,,,,
5502,G0,L0,P_bal,logistic,offline,3.0,2.0,bridge_inner,False,,,,10.0,,,,,
5503,G0,L0,P_bal,logistic,offline,3.0,,bridge_final,False,,,,,,,,,
5504,G0,L0,P_bal,logistic,offline,4.0,0.0,bridge_inner,False,,,,0.01,,,,,
5505,G0,L0,P_bal,logistic,offline,4.0,0.0,bridge_inner,False,,,,0.1,,,,,
5506,G0,L0,P_bal,logistic,offline,4.0,0.0,bridge_inner,False,,,,1.0,,,,,
5507,G0,L0,P_bal,logistic,offline,4.0,0.0,bridge_inner,False,,,,10.0,,,,,
5508,G0,L0,P_bal,logistic,offline,4.0,1.0,bridge_inner,False,,,,0.01,,,,,
5509,G0,L0,P_bal,logistic,offline,4.0,1.0,bridge_inner,False,,,,0.1,,,,,
5510,G0,L0,P_bal,logistic,offline,4.0,1.0,bridge_inner,False,,,,1.0,,,,,
5511,G0,L0,P_bal,logistic,offline,4.0,1.0,bridge_inner,False,,,,10.0,,,,,
5512,G0,L0,P_bal,logistic,offline,4.0,2.0,bridge_inner,False,,,,0.01,,,,,
5513,G0,L0,P_bal,logistic,offline,4.0,2.0,bridge_inner,False,,,,0.1,,,,,
5514,G0,L0,P_bal,logistic,offline,4.0,2.0,bridge_inner,False,,,,1.0,,,,,
5515,G0,L0,P_bal,logistic,offline,4.0,2.0,bridge_inner,False,,,,10.0,,,,,
5516,G0,L0,P_bal,logistic,offline,4.0,,bridge_final,False,,,,,,,,,
5517,G0,synthetic,P_bal,logistic,feature_injection,,,synthetic,False,,,,,,,,0.0,
5518,G0,synthetic,P_bal,logistic,feature_injection,,,synthetic,False,,,,,,,,1.0,
5519,G0,synthetic,P_bal,logistic,feature_injection,,,synthetic,False,,,,,,,,2.0,
5520,G0,synthetic,P_bal,logistic,feature_injection,,,synthetic,False,,,,,,,,3.0,
5521,G0,synthetic,P_bal,logistic,feature_injection,,,synthetic,False,,,,,,,,4.0,
5522,G0,synthetic,P_bal,logistic,feature_injection,,,synthetic,False,,,,,,,,5.0,
5523,G0,synthetic,P_bal,logistic,feature_injection,,,synthetic,False,,,,,,,,6.0,
5524,G0,synthetic,P_bal,logistic,feature_injection,,,synthetic,False,,,,,,,,7.0,
5525,G0,synthetic,P_bal,logistic,feature_injection,,,synthetic,False,,,,,,,,8.0,
5526,G0,synthetic,P_bal,logistic,feature_injection,,,synthetic,False,,,,,,,,9.0,
5527,G0,synthetic,P_bal,logistic,feature_injection,,,synthetic,False,,,,,,,,10.0,
5528,G0,synthetic,P_bal,logistic,feature_injection,,,synthetic,False,,,,,,,,11.0,
5529,G0,synthetic,P_bal,logistic,feature_injection,,,synthetic,False,,,,,,,,12.0,
5530,G0,synthetic,P_bal,logistic,feature_injection,,,synthetic,False,,,,,,,,13.0,
5531,G0,synthetic,P_bal,logistic,feature_injection,,,synthetic,False,,,,,,,,14.0,
5532,G0,synthetic,P_bal,logistic,feature_injection,,,synthetic,False,,,,,,,,15.0,
5533,G0,synthetic,P_bal,logistic,feature_injection,,,synthetic,False,,,,,,,,16.0,
5534,G0,synthetic,P_bal,logistic,feature_injection,,,synthetic,False,,,,,,,,17.0,
5535,G0,synthetic,P_bal,logistic,feature_injection,,,synthetic,False,,,,,,,,18.0,
5536,G0,synthetic,P_bal,logistic,feature_injection,,,synthetic,False,,,,,,,,19.0,
5537,G0,synthetic,P_bal,logistic,feature_injection,,,synthetic,False,,,,,,,,20.0,
5538,G0,synthetic,P_bal,logistic,feature_injection,,,synthetic,False,,,,,,,,21.0,
5539,G0,synthetic,P_bal,logistic,feature_injection,,,synthetic,False,,,,,,,,22.0,
5540,G0,synthetic,P_bal,logistic,feature_injection,,,synthetic,False,,,,,,,,23.0,
5541,G0,synthetic,P_bal,logistic,feature_injection,,,synthetic,False,,,,,,,,24.0,
5542,G0,synthetic,P_bal,logistic,feature_injection,,,synthetic,False,,,,,,,,25.0,
5543,G0,synthetic,P_bal,logistic,feature_injection,,,synthetic,False,,,,,,,,26.0,
5544,G0,synthetic,P_bal,logistic,feature_injection,,,synthetic,False,,,,,,,,27.0,
5545,G0,synthetic,P_bal,logistic,feature_injection,,,synthetic,False,,,,,,,,28.0,
5546,G0,synthetic,P_bal,logistic,feature_injection,,,synthetic,False,,,,,,,,29.0,
5547,G0,synthetic,P_bal,logistic,feature_injection,,,synthetic,False,,,,,,,,30.0,
5548,G0,synthetic,P_bal,logistic,feature_injection,,,synthetic,False,,,,,,,,31.0,
5549,G0,synthetic,P_bal,logistic,feature_injection,,,synthetic,False,,,,,,,,32.0,
5550,G0,synthetic,P_bal,logistic,feature_injection,,,synthetic,False,,,,,,,,33.0,
5551,G0,synthetic,P_bal,logistic,feature_injection,,,synthetic,False,,,,,,,,34.0,
5552,G0,synthetic,P_bal,logistic,feature_injection,,,synthetic,False,,,,,,,,35.0,
5553,G0,synthetic,P_bal,logistic,feature_injection,,,synthetic,False,,,,,,,,36.0,
5554,G0,synthetic,P_bal,logistic,feature_injection,,,synthetic,False,,,,,,,,37.0,
5555,G0,synthetic,P_bal,logistic,feature_injection,,,synthetic,False,,,,,,,,38.0,
5556,G0,synthetic,P_bal,logistic,feature_injection,,,synthetic,False,,,,,,,,39.0,
5557,G0,synthetic,P_bal,logistic,feature_injection,,,synthetic,False,,,,,,,,40.0,
5558,G0,synthetic,P_bal,logistic,feature_injection,,,synthetic,False,,,,,,,,41.0,
5559,G0,synthetic,P_bal,logistic,feature_injection,,,synthetic,False,,,,,,,,42.0,
5560,G0,synthetic,P_bal,logistic,feature_injection,,,synthetic,False,,,,,,,,43.0,
5561,G0,synthetic,P_bal,logistic,feature_injection,,,synthetic,False,,,,,,,,44.0,
5562,G0,synthetic,P_bal,logistic,feature_injection,,,synthetic,False,,,,,,,,45.0,
5563,G0,synthetic,P_bal,logistic,feature_injection,,,synthetic,False,,,,,,,,46.0,
5564,G0,synthetic,P_bal,logistic,feature_injection,,,synthetic,False,,,,,,,,47.0,
5565,G0,synthetic,P_bal,logistic,feature_injection,,,synthetic,False,,,,,,,,48.0,
5566,G0,synthetic,P_bal,logistic,feature_injection,,,synthetic,False,,,,,,,,49.0,
5567,G0,synthetic,P_bal,logistic,feature_injection,,,synthetic,False,,,,,,,,50.0,
5568,G0,synthetic,P_bal,logistic,feature_injection,,,synthetic,False,,,,,,,,51.0,
5569,G0,synthetic,P_bal,logistic,feature_injection,,,synthetic,False,,,,,,,,52.0,
5570,G0,synthetic,P_bal,logistic,feature_injection,,,synthetic,False,,,,,,,,53.0,
5571,G0,synthetic,P_bal,logistic,feature_injection,,,synthetic,False,,,,,,,,54.0,
5572,G0,synthetic,P_bal,logistic,feature_injection,,,synthetic,False,,,,,,,,55.0,
5573,G0,synthetic,P_bal,logistic,feature_injection,,,synthetic,False,,,,,,,,56.0,
5574,G0,synthetic,P_bal,logistic,feature_injection,,,synthetic,False,,,,,,,,57.0,
5575,G0,synthetic,P_bal,logistic,feature_injection,,,synthetic,False,,,,,,,,58.0,
5576,G0,synthetic,P_bal,logistic,feature_injection,,,synthetic,False,,,,,,,,59.0,
5577,A2,synthetic,equal_candidate,ridge,background_audit,,,synthetic,False,,,,,,,,0.0,null
5578,A2,synthetic,equal_candidate,ridge,background_audit,,,synthetic,False,,,,,,,,1.0,null
5579,A2,synthetic,equal_candidate,ridge,background_audit,,,synthetic,False,,,,,,,,2.0,null
5580,A2,synthetic,equal_candidate,ridge,background_audit,,,synthetic,False,,,,,,,,3.0,null
5581,A2,synthetic,equal_candidate,ridge,background_audit,,,synthetic,False,,,,,,,,4.0,null
5582,A2,synthetic,equal_candidate,ridge,background_audit,,,synthetic,False,,,,,,,,5.0,null
5583,A2,synthetic,equal_candidate,ridge,background_audit,,,synthetic,False,,,,,,,,6.0,null
5584,A2,synthetic,equal_candidate,ridge,background_audit,,,synthetic,False,,,,,,,,7.0,null
5585,A2,synthetic,equal_candidate,ridge,background_audit,,,synthetic,False,,,,,,,,8.0,null
5586,A2,synthetic,equal_candidate,ridge,background_audit,,,synthetic,False,,,,,,,,9.0,null
5587,A2,synthetic,equal_candidate,ridge,background_audit,,,synthetic,False,,,,,,,,10.0,null
5588,A2,synthetic,equal_candidate,ridge,background_audit,,,synthetic,False,,,,,,,,11.0,null
5589,A2,synthetic,equal_candidate,ridge,background_audit,,,synthetic,False,,,,,,,,12.0,null
5590,A2,synthetic,equal_candidate,ridge,background_audit,,,synthetic,False,,,,,,,,13.0,null
5591,A2,synthetic,equal_candidate,ridge,background_audit,,,synthetic,False,,,,,,,,14.0,null
5592,A2,synthetic,equal_candidate,ridge,background_audit,,,synthetic,False,,,,,,,,15.0,null
5593,A2,synthetic,equal_candidate,ridge,background_audit,,,synthetic,False,,,,,,,,16.0,null
5594,A2,synthetic,equal_candidate,ridge,background_audit,,,synthetic,False,,,,,,,,17.0,null
5595,A2,synthetic,equal_candidate,ridge,background_audit,,,synthetic,False,,,,,,,,18.0,null
5596,A2,synthetic,equal_candidate,ridge,background_audit,,,synthetic,False,,,,,,,,19.0,null
5597,A2,synthetic,equal_candidate,ridge,background_audit,,,synthetic,False,,,,,,,,20.0,null
5598,A2,synthetic,equal_candidate,ridge,background_audit,,,synthetic,False,,,,,,,,21.0,null
5599,A2,synthetic,equal_candidate,ridge,background_audit,,,synthetic,False,,,,,,,,22.0,null
5600,A2,synthetic,equal_candidate,ridge,background_audit,,,synthetic,False,,,,,,,,23.0,null
5601,A2,synthetic,equal_candidate,ridge,background_audit,,,synthetic,False,,,,,,,,24.0,null
5602,A2,synthetic,equal_candidate,ridge,background_audit,,,synthetic,False,,,,,,,,25.0,null
5603,A2,synthetic,equal_candidate,ridge,background_audit,,,synthetic,False,,,,,,,,26.0,null
5604,A2,synthetic,equal_candidate,ridge,background_audit,,,synthetic,False,,,,,,,,27.0,null
5605,A2,synthetic,equal_candidate,ridge,background_audit,,,synthetic,False,,,,,,,,28.0,null
5606,A2,synthetic,equal_candidate,ridge,background_audit,,,synthetic,False,,,,,,,,29.0,null
5607,A2,synthetic,equal_candidate,ridge,background_audit,,,synthetic,False,,,,,,,,30.0,null
5608,A2,synthetic,equal_candidate,ridge,background_audit,,,synthetic,False,,,,,,,,31.0,null
5609,A2,synthetic,equal_candidate,ridge,background_audit,,,synthetic,False,,,,,,,,32.0,null
5610,A2,synthetic,equal_candidate,ridge,background_audit,,,synthetic,False,,,,,,,,33.0,null
5611,A2,synthetic,equal_candidate,ridge,background_audit,,,synthetic,False,,,,,,,,34.0,null
5612,A2,synthetic,equal_candidate,ridge,background_audit,,,synthetic,False,,,,,,,,35.0,null
5613,A2,synthetic,equal_candidate,ridge,background_audit,,,synthetic,False,,,,,,,,36.0,null
5614,A2,synthetic,equal_candidate,ridge,background_audit,,,synthetic,False,,,,,,,,37.0,null
5615,A2,synthetic,equal_candidate,ridge,background_audit,,,synthetic,False,,,,,,,,38.0,null
5616,A2,synthetic,equal_candidate,ridge,background_audit,,,synthetic,False,,,,,,,,39.0,null
5617,A2,synthetic,equal_candidate,ridge,background_audit,,,synthetic,False,,,,,,,,40.0,null
5618,A2,synthetic,equal_candidate,ridge,background_audit,,,synthetic,False,,,,,,,,41.0,null
5619,A2,synthetic,equal_candidate,ridge,background_audit,,,synthetic,False,,,,,,,,42.0,null
5620,A2,synthetic,equal_candidate,ridge,background_audit,,,synthetic,False,,,,,,,,43.0,null
5621,A2,synthetic,equal_candidate,ridge,background_audit,,,synthetic,False,,,,,,,,44.0,null
5622,A2,synthetic,equal_candidate,ridge,background_audit,,,synthetic,False,,,,,,,,45.0,null
5623,A2,synthetic,equal_candidate,ridge,background_audit,,,synthetic,False,,,,,,,,46.0,null
5624,A2,synthetic,equal_candidate,ridge,background_audit,,,synthetic,False,,,,,,,,47.0,null
5625,A2,synthetic,equal_candidate,ridge,background_audit,,,synthetic,False,,,,,,,,48.0,null
5626,A2,synthetic,equal_candidate,ridge,background_audit,,,synthetic,False,,,,,,,,49.0,null
5627,A2,synthetic,equal_candidate,ridge,background_audit,,,synthetic,False,,,,,,,,50.0,null
5628,A2,synthetic,equal_candidate,ridge,background_audit,,,synthetic,False,,,,,,,,51.0,null
5629,A2,synthetic,equal_candidate,ridge,background_audit,,,synthetic,False,,,,,,,,52.0,null
5630,A2,synthetic,equal_candidate,ridge,background_audit,,,synthetic,False,,,,,,,,53.0,null
5631,A2,synthetic,equal_candidate,ridge,background_audit,,,synthetic,False,,,,,,,,54.0,null
5632,A2,synthetic,equal_candidate,ridge,background_audit,,,synthetic,False,,,,,,,,55.0,null
5633,A2,synthetic,equal_candidate,ridge,background_audit,,,synthetic,False,,,,,,,,56.0,null
5634,A2,synthetic,equal_candidate,ridge,background_audit,,,synthetic,False,,,,,,,,57.0,null
5635,A2,synthetic,equal_candidate,ridge,background_audit,,,synthetic,False,,,,,,,,58.0,null
5636,A2,synthetic,equal_candidate,ridge,background_audit,,,synthetic,False,,,,,,,,59.0,null
5637,A2,synthetic,equal_candidate,ridge,background_audit,,,synthetic,False,,,,,,,,60.0,null
5638,A2,synthetic,equal_candidate,ridge,background_audit,,,synthetic,False,,,,,,,,61.0,null
5639,A2,synthetic,equal_candidate,ridge,background_audit,,,synthetic,False,,,,,,,,62.0,null
5640,A2,synthetic,equal_candidate,ridge,background_audit,,,synthetic,False,,,,,,,,63.0,null
5641,A2,synthetic,equal_candidate,ridge,background_audit,,,synthetic,False,,,,,,,,64.0,null
5642,A2,synthetic,equal_candidate,ridge,background_audit,,,synthetic,False,,,,,,,,65.0,null
5643,A2,synthetic,equal_candidate,ridge,background_audit,,,synthetic,False,,,,,,,,66.0,null
5644,A2,synthetic,equal_candidate,ridge,background_audit,,,synthetic,False,,,,,,,,67.0,null
5645,A2,synthetic,equal_candidate,ridge,background_audit,,,synthetic,False,,,,,,,,68.0,null
5646,A2,synthetic,equal_candidate,ridge,background_audit,,,synthetic,False,,,,,,,,69.0,null
5647,A2,synthetic,equal_candidate,ridge,background_audit,,,synthetic,False,,,,,,,,70.0,null
5648,A2,synthetic,equal_candidate,ridge,background_audit,,,synthetic,False,,,,,,,,71.0,null
5649,A2,synthetic,equal_candidate,ridge,background_audit,,,synthetic,False,,,,,,,,72.0,null
5650,A2,synthetic,equal_candidate,ridge,background_audit,,,synthetic,False,,,,,,,,73.0,null
5651,A2,synthetic,equal_candidate,ridge,background_audit,,,synthetic,False,,,,,,,,74.0,null
5652,A2,synthetic,equal_candidate,ridge,background_audit,,,synthetic,False,,,,,,,,75.0,null
5653,A2,synthetic,equal_candidate,ridge,background_audit,,,synthetic,False,,,,,,,,76.0,null
5654,A2,synthetic,equal_candidate,ridge,background_audit,,,synthetic,False,,,,,,,,77.0,null
5655,A2,synthetic,equal_candidate,ridge,background_audit,,,synthetic,False,,,,,,,,78.0,null
5656,A2,synthetic,equal_candidate,ridge,background_audit,,,synthetic,False,,,,,,,,79.0,null
5657,A2,synthetic,equal_candidate,ridge,background_audit,,,synthetic,False,,,,,,,,80.0,null
5658,A2,synthetic,equal_candidate,ridge,background_audit,,,synthetic,False,,,,,,,,81.0,null
5659,A2,synthetic,equal_candidate,ridge,background_audit,,,synthetic,False,,,,,,,,82.0,null
5660,A2,synthetic,equal_candidate,ridge,background_audit,,,synthetic,False,,,,,,,,83.0,null
5661,A2,synthetic,equal_candidate,ridge,background_audit,,,synthetic,False,,,,,,,,84.0,null
5662,A2,synthetic,equal_candidate,ridge,background_audit,,,synthetic,False,,,,,,,,85.0,null
5663,A2,synthetic,equal_candidate,ridge,background_audit,,,synthetic,False,,,,,,,,86.0,null
5664,A2,synthetic,equal_candidate,ridge,background_audit,,,synthetic,False,,,,,,,,87.0,null
5665,A2,synthetic,equal_candidate,ridge,background_audit,,,synthetic,False,,,,,,,,88.0,null
5666,A2,synthetic,equal_candidate,ridge,background_audit,,,synthetic,False,,,,,,,,89.0,null
5667,A2,synthetic,equal_candidate,ridge,background_audit,,,synthetic,False,,,,,,,,90.0,null
5668,A2,synthetic,equal_candidate,ridge,background_audit,,,synthetic,False,,,,,,,,91.0,null
5669,A2,synthetic,equal_candidate,ridge,background_audit,,,synthetic,False,,,,,,,,92.0,null
5670,A2,synthetic,equal_candidate,ridge,background_audit,,,synthetic,False,,,,,,,,93.0,null
5671,A2,synthetic,equal_candidate,ridge,background_audit,,,synthetic,False,,,,,,,,94.0,null
5672,A2,synthetic,equal_candidate,ridge,background_audit,,,synthetic,False,,,,,,,,95.0,null
5673,A2,synthetic,equal_candidate,ridge,background_audit,,,synthetic,False,,,,,,,,96.0,null
5674,A2,synthetic,equal_candidate,ridge,background_audit,,,synthetic,False,,,,,,,,97.0,null
5675,A2,synthetic,equal_candidate,ridge,background_audit,,,synthetic,False,,,,,,,,98.0,null
5676,A2,synthetic,equal_candidate,ridge,background_audit,,,synthetic,False,,,,,,,,99.0,null
5677,A2,synthetic,equal_candidate,ridge,background_audit,,,synthetic,False,,,,,,,,0.0,predictable_nuisance
5678,A2,synthetic,equal_candidate,ridge,background_audit,,,synthetic,False,,,,,,,,1.0,predictable_nuisance
5679,A2,synthetic,equal_candidate,ridge,background_audit,,,synthetic,False,,,,,,,,2.0,predictable_nuisance
5680,A2,synthetic,equal_candidate,ridge,background_audit,,,synthetic,False,,,,,,,,3.0,predictable_nuisance
5681,A2,synthetic,equal_candidate,ridge,background_audit,,,synthetic,False,,,,,,,,4.0,predictable_nuisance
5682,A2,synthetic,equal_candidate,ridge,background_audit,,,synthetic,False,,,,,,,,5.0,predictable_nuisance
5683,A2,synthetic,equal_candidate,ridge,background_audit,,,synthetic,False,,,,,,,,6.0,predictable_nuisance
5684,A2,synthetic,equal_candidate,ridge,background_audit,,,synthetic,False,,,,,,,,7.0,predictable_nuisance
5685,A2,synthetic,equal_candidate,ridge,background_audit,,,synthetic,False,,,,,,,,8.0,predictable_nuisance
5686,A2,synthetic,equal_candidate,ridge,background_audit,,,synthetic,False,,,,,,,,9.0,predictable_nuisance
5687,A2,synthetic,equal_candidate,ridge,background_audit,,,synthetic,False,,,,,,,,10.0,predictable_nuisance
5688,A2,synthetic,equal_candidate,ridge,background_audit,,,synthetic,False,,,,,,,,11.0,predictable_nuisance
5689,A2,synthetic,equal_candidate,ridge,background_audit,,,synthetic,False,,,,,,,,12.0,predictable_nuisance
5690,A2,synthetic,equal_candidate,ridge,background_audit,,,synthetic,False,,,,,,,,13.0,predictable_nuisance
5691,A2,synthetic,equal_candidate,ridge,background_audit,,,synthetic,False,,,,,,,,14.0,predictable_nuisance
5692,A2,synthetic,equal_candidate,ridge,background_audit,,,synthetic,False,,,,,,,,15.0,predictable_nuisance
5693,A2,synthetic,equal_candidate,ridge,background_audit,,,synthetic,False,,,,,,,,16.0,predictable_nuisance
5694,A2,synthetic,equal_candidate,ridge,background_audit,,,synthetic,False,,,,,,,,17.0,predictable_nuisance
5695,A2,synthetic,equal_candidate,ridge,background_audit,,,synthetic,False,,,,,,,,18.0,predictable_nuisance
5696,A2,synthetic,equal_candidate,ridge,background_audit,,,synthetic,False,,,,,,,,19.0,predictable_nuisance
5697,A2,synthetic,equal_candidate,ridge,background_audit,,,synthetic,False,,,,,,,,20.0,predictable_nuisance
5698,A2,synthetic,equal_candidate,ridge,background_audit,,,synthetic,False,,,,,,,,21.0,predictable_nuisance
5699,A2,synthetic,equal_candidate,ridge,background_audit,,,synthetic,False,,,,,,,,22.0,predictable_nuisance
5700,A2,synthetic,equal_candidate,ridge,background_audit,,,synthetic,False,,,,,,,,23.0,predictable_nuisance
5701,A2,synthetic,equal_candidate,ridge,background_audit,,,synthetic,False,,,,,,,,24.0,predictable_nuisance
5702,A2,synthetic,equal_candidate,ridge,background_audit,,,synthetic,False,,,,,,,,25.0,predictable_nuisance
5703,A2,synthetic,equal_candidate,ridge,background_audit,,,synthetic,False,,,,,,,,26.0,predictable_nuisance
5704,A2,synthetic,equal_candidate,ridge,background_audit,,,synthetic,False,,,,,,,,27.0,predictable_nuisance
5705,A2,synthetic,equal_candidate,ridge,background_audit,,,synthetic,False,,,,,,,,28.0,predictable_nuisance
5706,A2,synthetic,equal_candidate,ridge,background_audit,,,synthetic,False,,,,,,,,29.0,predictable_nuisance
5707,A2,synthetic,equal_candidate,ridge,background_audit,,,synthetic,False,,,,,,,,30.0,predictable_nuisance
5708,A2,synthetic,equal_candidate,ridge,background_audit,,,synthetic,False,,,,,,,,31.0,predictable_nuisance
5709,A2,synthetic,equal_candidate,ridge,background_audit,,,synthetic,False,,,,,,,,32.0,predictable_nuisance
5710,A2,synthetic,equal_candidate,ridge,background_audit,,,synthetic,False,,,,,,,,33.0,predictable_nuisance
5711,A2,synthetic,equal_candidate,ridge,background_audit,,,synthetic,False,,,,,,,,34.0,predictable_nuisance
5712,A2,synthetic,equal_candidate,ridge,background_audit,,,synthetic,False,,,,,,,,35.0,predictable_nuisance
5713,A2,synthetic,equal_candidate,ridge,background_audit,,,synthetic,False,,,,,,,,36.0,predictable_nuisance
5714,A2,synthetic,equal_candidate,ridge,background_audit,,,synthetic,False,,,,,,,,37.0,predictable_nuisance
5715,A2,synthetic,equal_candidate,ridge,background_audit,,,synthetic,False,,,,,,,,38.0,predictable_nuisance
5716,A2,synthetic,equal_candidate,ridge,background_audit,,,synthetic,False,,,,,,,,39.0,predictable_nuisance
5717,A2,synthetic,equal_candidate,ridge,background_audit,,,synthetic,False,,,,,,,,40.0,predictable_nuisance
5718,A2,synthetic,equal_candidate,ridge,background_audit,,,synthetic,False,,,,,,,,41.0,predictable_nuisance
5719,A2,synthetic,equal_candidate,ridge,background_audit,,,synthetic,False,,,,,,,,42.0,predictable_nuisance
5720,A2,synthetic,equal_candidate,ridge,background_audit,,,synthetic,False,,,,,,,,43.0,predictable_nuisance
5721,A2,synthetic,equal_candidate,ridge,background_audit,,,synthetic,False,,,,,,,,44.0,predictable_nuisance
5722,A2,synthetic,equal_candidate,ridge,background_audit,,,synthetic,False,,,,,,,,45.0,predictable_nuisance
5723,A2,synthetic,equal_candidate,ridge,background_audit,,,synthetic,False,,,,,,,,46.0,predictable_nuisance
5724,A2,synthetic,equal_candidate,ridge,background_audit,,,synthetic,False,,,,,,,,47.0,predictable_nuisance
5725,A2,synthetic,equal_candidate,ridge,background_audit,,,synthetic,False,,,,,,,,48.0,predictable_nuisance
5726,A2,synthetic,equal_candidate,ridge,background_audit,,,synthetic,False,,,,,,,,49.0,predictable_nuisance
5727,A2,synthetic,equal_candidate,ridge,background_audit,,,synthetic,False,,,,,,,,50.0,predictable_nuisance
5728,A2,synthetic,equal_candidate,ridge,background_audit,,,synthetic,False,,,,,,,,51.0,predictable_nuisance
5729,A2,synthetic,equal_candidate,ridge,background_audit,,,synthetic,False,,,,,,,,52.0,predictable_nuisance
5730,A2,synthetic,equal_candidate,ridge,background_audit,,,synthetic,False,,,,,,,,53.0,predictable_nuisance
5731,A2,synthetic,equal_candidate,ridge,background_audit,,,synthetic,False,,,,,,,,54.0,predictable_nuisance
5732,A2,synthetic,equal_candidate,ridge,background_audit,,,synthetic,False,,,,,,,,55.0,predictable_nuisance
5733,A2,synthetic,equal_candidate,ridge,background_audit,,,synthetic,False,,,,,,,,56.0,predictable_nuisance
5734,A2,synthetic,equal_candidate,ridge,background_audit,,,synthetic,False,,,,,,,,57.0,predictable_nuisance
5735,A2,synthetic,equal_candidate,ridge,background_audit,,,synthetic,False,,,,,,,,58.0,predictable_nuisance
5736,A2,synthetic,equal_candidate,ridge,background_audit,,,synthetic,False,,,,,,,,59.0,predictable_nuisance
5737,A2,synthetic,equal_candidate,ridge,background_audit,,,synthetic,False,,,,,,,,60.0,predictable_nuisance
5738,A2,synthetic,equal_candidate,ridge,background_audit,,,synthetic,False,,,,,,,,61.0,predictable_nuisance
5739,A2,synthetic,equal_candidate,ridge,background_audit,,,synthetic,False,,,,,,,,62.0,predictable_nuisance
5740,A2,synthetic,equal_candidate,ridge,background_audit,,,synthetic,False,,,,,,,,63.0,predictable_nuisance
5741,A2,synthetic,equal_candidate,ridge,background_audit,,,synthetic,False,,,,,,,,64.0,predictable_nuisance
5742,A2,synthetic,equal_candidate,ridge,background_audit,,,synthetic,False,,,,,,,,65.0,predictable_nuisance
5743,A2,synthetic,equal_candidate,ridge,background_audit,,,synthetic,False,,,,,,,,66.0,predictable_nuisance
5744,A2,synthetic,equal_candidate,ridge,background_audit,,,synthetic,False,,,,,,,,67.0,predictable_nuisance
5745,A2,synthetic,equal_candidate,ridge,background_audit,,,synthetic,False,,,,,,,,68.0,predictable_nuisance
5746,A2,synthetic,equal_candidate,ridge,background_audit,,,synthetic,False,,,,,,,,69.0,predictable_nuisance
5747,A2,synthetic,equal_candidate,ridge,background_audit,,,synthetic,False,,,,,,,,70.0,predictable_nuisance
5748,A2,synthetic,equal_candidate,ridge,background_audit,,,synthetic,False,,,,,,,,71.0,predictable_nuisance
5749,A2,synthetic,equal_candidate,ridge,background_audit,,,synthetic,False,,,,,,,,72.0,predictable_nuisance
5750,A2,synthetic,equal_candidate,ridge,background_audit,,,synthetic,False,,,,,,,,73.0,predictable_nuisance
5751,A2,synthetic,equal_candidate,ridge,background_audit,,,synthetic,False,,,,,,,,74.0,predictable_nuisance
5752,A2,synthetic,equal_candidate,ridge,background_audit,,,synthetic,False,,,,,,,,75.0,predictable_nuisance
5753,A2,synthetic,equal_candidate,ridge,background_audit,,,synthetic,False,,,,,,,,76.0,predictable_nuisance
5754,A2,synthetic,equal_candidate,ridge,background_audit,,,synthetic,False,,,,,,,,77.0,predictable_nuisance
5755,A2,synthetic,equal_candidate,ridge,background_audit,,,synthetic,False,,,,,,,,78.0,predictable_nuisance
5756,A2,synthetic,equal_candidate,ridge,background_audit,,,synthetic,False,,,,,,,,79.0,predictable_nuisance
5757,A2,synthetic,equal_candidate,ridge,background_audit,,,synthetic,False,,,,,,,,80.0,predictable_nuisance
5758,A2,synthetic,equal_candidate,ridge,background_audit,,,synthetic,False,,,,,,,,81.0,predictable_nuisance
5759,A2,synthetic,equal_candidate,ridge,background_audit,,,synthetic,False,,,,,,,,82.0,predictable_nuisance
5760,A2,synthetic,equal_candidate,ridge,background_audit,,,synthetic,False,,,,,,,,83.0,predictable_nuisance
5761,A2,synthetic,equal_candidate,ridge,background_audit,,,synthetic,False,,,,,,,,84.0,predictable_nuisance
5762,A2,synthetic,equal_candidate,ridge,background_audit,,,synthetic,False,,,,,,,,85.0,predictable_nuisance
5763,A2,synthetic,equal_candidate,ridge,background_audit,,,synthetic,False,,,,,,,,86.0,predictable_nuisance
5764,A2,synthetic,equal_candidate,ridge,background_audit,,,synthetic,False,,,,,,,,87.0,predictable_nuisance
5765,A2,synthetic,equal_candidate,ridge,background_audit,,,synthetic,False,,,,,,,,88.0,predictable_nuisance
5766,A2,synthetic,equal_candidate,ridge,background_audit,,,synthetic,False,,,,,,,,89.0,predictable_nuisance
5767,A2,synthetic,equal_candidate,ridge,background_audit,,,synthetic,False,,,,,,,,90.0,predictable_nuisance
5768,A2,synthetic,equal_candidate,ridge,background_audit,,,synthetic,False,,,,,,,,91.0,predictable_nuisance
5769,A2,synthetic,equal_candidate,ridge,background_audit,,,synthetic,False,,,,,,,,92.0,predictable_nuisance
5770,A2,synthetic,equal_candidate,ridge,background_audit,,,synthetic,False,,,,,,,,93.0,predictable_nuisance
5771,A2,synthetic,equal_candidate,ridge,background_audit,,,synthetic,False,,,,,,,,94.0,predictable_nuisance
5772,A2,synthetic,equal_candidate,ridge,background_audit,,,synthetic,False,,,,,,,,95.0,predictable_nuisance
5773,A2,synthetic,equal_candidate,ridge,background_audit,,,synthetic,False,,,,,,,,96.0,predictable_nuisance
5774,A2,synthetic,equal_candidate,ridge,background_audit,,,synthetic,False,,,,,,,,97.0,predictable_nuisance
5775,A2,synthetic,equal_candidate,ridge,background_audit,,,synthetic,False,,,,,,,,98.0,predictable_nuisance
5776,A2,synthetic,equal_candidate,ridge,background_audit,,,synthetic,False,,,,,,,,99.0,predictable_nuisance
5777,A2,synthetic,equal_candidate,ridge,background_audit,,,synthetic,False,,,,,,,,0.0,individual_stimulus
5778,A2,synthetic,equal_candidate,ridge,background_audit,,,synthetic,False,,,,,,,,1.0,individual_stimulus
5779,A2,synthetic,equal_candidate,ridge,background_audit,,,synthetic,False,,,,,,,,2.0,individual_stimulus
5780,A2,synthetic,equal_candidate,ridge,background_audit,,,synthetic,False,,,,,,,,3.0,individual_stimulus
5781,A2,synthetic,equal_candidate,ridge,background_audit,,,synthetic,False,,,,,,,,4.0,individual_stimulus
5782,A2,synthetic,equal_candidate,ridge,background_audit,,,synthetic,False,,,,,,,,5.0,individual_stimulus
5783,A2,synthetic,equal_candidate,ridge,background_audit,,,synthetic,False,,,,,,,,6.0,individual_stimulus
5784,A2,synthetic,equal_candidate,ridge,background_audit,,,synthetic,False,,,,,,,,7.0,individual_stimulus
5785,A2,synthetic,equal_candidate,ridge,background_audit,,,synthetic,False,,,,,,,,8.0,individual_stimulus
5786,A2,synthetic,equal_candidate,ridge,background_audit,,,synthetic,False,,,,,,,,9.0,individual_stimulus
5787,A2,synthetic,equal_candidate,ridge,background_audit,,,synthetic,False,,,,,,,,10.0,individual_stimulus
5788,A2,synthetic,equal_candidate,ridge,background_audit,,,synthetic,False,,,,,,,,11.0,individual_stimulus
5789,A2,synthetic,equal_candidate,ridge,background_audit,,,synthetic,False,,,,,,,,12.0,individual_stimulus
5790,A2,synthetic,equal_candidate,ridge,background_audit,,,synthetic,False,,,,,,,,13.0,individual_stimulus
5791,A2,synthetic,equal_candidate,ridge,background_audit,,,synthetic,False,,,,,,,,14.0,individual_stimulus
5792,A2,synthetic,equal_candidate,ridge,background_audit,,,synthetic,False,,,,,,,,15.0,individual_stimulus
5793,A2,synthetic,equal_candidate,ridge,background_audit,,,synthetic,False,,,,,,,,16.0,individual_stimulus
5794,A2,synthetic,equal_candidate,ridge,background_audit,,,synthetic,False,,,,,,,,17.0,individual_stimulus
5795,A2,synthetic,equal_candidate,ridge,background_audit,,,synthetic,False,,,,,,,,18.0,individual_stimulus
5796,A2,synthetic,equal_candidate,ridge,background_audit,,,synthetic,False,,,,,,,,19.0,individual_stimulus
5797,A2,synthetic,equal_candidate,ridge,background_audit,,,synthetic,False,,,,,,,,20.0,individual_stimulus
5798,A2,synthetic,equal_candidate,ridge,background_audit,,,synthetic,False,,,,,,,,21.0,individual_stimulus
5799,A2,synthetic,equal_candidate,ridge,background_audit,,,synthetic,False,,,,,,,,22.0,individual_stimulus
5800,A2,synthetic,equal_candidate,ridge,background_audit,,,synthetic,False,,,,,,,,23.0,individual_stimulus
5801,A2,synthetic,equal_candidate,ridge,background_audit,,,synthetic,False,,,,,,,,24.0,individual_stimulus
5802,A2,synthetic,equal_candidate,ridge,background_audit,,,synthetic,False,,,,,,,,25.0,individual_stimulus
5803,A2,synthetic,equal_candidate,ridge,background_audit,,,synthetic,False,,,,,,,,26.0,individual_stimulus
5804,A2,synthetic,equal_candidate,ridge,background_audit,,,synthetic,False,,,,,,,,27.0,individual_stimulus
5805,A2,synthetic,equal_candidate,ridge,background_audit,,,synthetic,False,,,,,,,,28.0,individual_stimulus
5806,A2,synthetic,equal_candidate,ridge,background_audit,,,synthetic,False,,,,,,,,29.0,individual_stimulus
5807,A2,synthetic,equal_candidate,ridge,background_audit,,,synthetic,False,,,,,,,,30.0,individual_stimulus
5808,A2,synthetic,equal_candidate,ridge,background_audit,,,synthetic,False,,,,,,,,31.0,individual_stimulus
5809,A2,synthetic,equal_candidate,ridge,background_audit,,,synthetic,False,,,,,,,,32.0,individual_stimulus
5810,A2,synthetic,equal_candidate,ridge,background_audit,,,synthetic,False,,,,,,,,33.0,individual_stimulus
5811,A2,synthetic,equal_candidate,ridge,background_audit,,,synthetic,False,,,,,,,,34.0,individual_stimulus
5812,A2,synthetic,equal_candidate,ridge,background_audit,,,synthetic,False,,,,,,,,35.0,individual_stimulus
5813,A2,synthetic,equal_candidate,ridge,background_audit,,,synthetic,False,,,,,,,,36.0,individual_stimulus
5814,A2,synthetic,equal_candidate,ridge,background_audit,,,synthetic,False,,,,,,,,37.0,individual_stimulus
5815,A2,synthetic,equal_candidate,ridge,background_audit,,,synthetic,False,,,,,,,,38.0,individual_stimulus
5816,A2,synthetic,equal_candidate,ridge,background_audit,,,synthetic,False,,,,,,,,39.0,individual_stimulus
5817,A2,synthetic,equal_candidate,ridge,background_audit,,,synthetic,False,,,,,,,,40.0,individual_stimulus
5818,A2,synthetic,equal_candidate,ridge,background_audit,,,synthetic,False,,,,,,,,41.0,individual_stimulus
5819,A2,synthetic,equal_candidate,ridge,background_audit,,,synthetic,False,,,,,,,,42.0,individual_stimulus
5820,A2,synthetic,equal_candidate,ridge,background_audit,,,synthetic,False,,,,,,,,43.0,individual_stimulus
5821,A2,synthetic,equal_candidate,ridge,background_audit,,,synthetic,False,,,,,,,,44.0,individual_stimulus
5822,A2,synthetic,equal_candidate,ridge,background_audit,,,synthetic,False,,,,,,,,45.0,individual_stimulus
5823,A2,synthetic,equal_candidate,ridge,background_audit,,,synthetic,False,,,,,,,,46.0,individual_stimulus
5824,A2,synthetic,equal_candidate,ridge,background_audit,,,synthetic,False,,,,,,,,47.0,individual_stimulus
5825,A2,synthetic,equal_candidate,ridge,background_audit,,,synthetic,False,,,,,,,,48.0,individual_stimulus
5826,A2,synthetic,equal_candidate,ridge,background_audit,,,synthetic,False,,,,,,,,49.0,individual_stimulus
5827,A2,synthetic,equal_candidate,ridge,background_audit,,,synthetic,False,,,,,,,,50.0,individual_stimulus
5828,A2,synthetic,equal_candidate,ridge,background_audit,,,synthetic,False,,,,,,,,51.0,individual_stimulus
5829,A2,synthetic,equal_candidate,ridge,background_audit,,,synthetic,False,,,,,,,,52.0,individual_stimulus
5830,A2,synthetic,equal_candidate,ridge,background_audit,,,synthetic,False,,,,,,,,53.0,individual_stimulus
5831,A2,synthetic,equal_candidate,ridge,background_audit,,,synthetic,False,,,,,,,,54.0,individual_stimulus
5832,A2,synthetic,equal_candidate,ridge,background_audit,,,synthetic,False,,,,,,,,55.0,individual_stimulus
5833,A2,synthetic,equal_candidate,ridge,background_audit,,,synthetic,False,,,,,,,,56.0,individual_stimulus
5834,A2,synthetic,equal_candidate,ridge,background_audit,,,synthetic,False,,,,,,,,57.0,individual_stimulus
5835,A2,synthetic,equal_candidate,ridge,background_audit,,,synthetic,False,,,,,,,,58.0,individual_stimulus
5836,A2,synthetic,equal_candidate,ridge,background_audit,,,synthetic,False,,,,,,,,59.0,individual_stimulus
5837,A2,synthetic,equal_candidate,ridge,background_audit,,,synthetic,False,,,,,,,,60.0,individual_stimulus
5838,A2,synthetic,equal_candidate,ridge,background_audit,,,synthetic,False,,,,,,,,61.0,individual_stimulus
5839,A2,synthetic,equal_candidate,ridge,background_audit,,,synthetic,False,,,,,,,,62.0,individual_stimulus
5840,A2,synthetic,equal_candidate,ridge,background_audit,,,synthetic,False,,,,,,,,63.0,individual_stimulus
5841,A2,synthetic,equal_candidate,ridge,background_audit,,,synthetic,False,,,,,,,,64.0,individual_stimulus
5842,A2,synthetic,equal_candidate,ridge,background_audit,,,synthetic,False,,,,,,,,65.0,individual_stimulus
5843,A2,synthetic,equal_candidate,ridge,background_audit,,,synthetic,False,,,,,,,,66.0,individual_stimulus
5844,A2,synthetic,equal_candidate,ridge,background_audit,,,synthetic,False,,,,,,,,67.0,individual_stimulus
5845,A2,synthetic,equal_candidate,ridge,background_audit,,,synthetic,False,,,,,,,,68.0,individual_stimulus
5846,A2,synthetic,equal_candidate,ridge,background_audit,,,synthetic,False,,,,,,,,69.0,individual_stimulus
5847,A2,synthetic,equal_candidate,ridge,background_audit,,,synthetic,False,,,,,,,,70.0,individual_stimulus
5848,A2,synthetic,equal_candidate,ridge,background_audit,,,synthetic,False,,,,,,,,71.0,individual_stimulus
5849,A2,synthetic,equal_candidate,ridge,background_audit,,,synthetic,False,,,,,,,,72.0,individual_stimulus
5850,A2,synthetic,equal_candidate,ridge,background_audit,,,synthetic,False,,,,,,,,73.0,individual_stimulus
5851,A2,synthetic,equal_candidate,ridge,background_audit,,,synthetic,False,,,,,,,,74.0,individual_stimulus
5852,A2,synthetic,equal_candidate,ridge,background_audit,,,synthetic,False,,,,,,,,75.0,individual_stimulus
5853,A2,synthetic,equal_candidate,ridge,background_audit,,,synthetic,False,,,,,,,,76.0,individual_stimulus
5854,A2,synthetic,equal_candidate,ridge,background_audit,,,synthetic,False,,,,,,,,77.0,individual_stimulus
5855,A2,synthetic,equal_candidate,ridge,background_audit,,,synthetic,False,,,,,,,,78.0,individual_stimulus
5856,A2,synthetic,equal_candidate,ridge,background_audit,,,synthetic,False,,,,,,,,79.0,individual_stimulus
5857,A2,synthetic,equal_candidate,ridge,background_audit,,,synthetic,False,,,,,,,,80.0,individual_stimulus
5858,A2,synthetic,equal_candidate,ridge,background_audit,,,synthetic,False,,,,,,,,81.0,individual_stimulus
5859,A2,synthetic,equal_candidate,ridge,background_audit,,,synthetic,False,,,,,,,,82.0,individual_stimulus
5860,A2,synthetic,equal_candidate,ridge,background_audit,,,synthetic,False,,,,,,,,83.0,individual_stimulus
5861,A2,synthetic,equal_candidate,ridge,background_audit,,,synthetic,False,,,,,,,,84.0,individual_stimulus
5862,A2,synthetic,equal_candidate,ridge,background_audit,,,synthetic,False,,,,,,,,85.0,individual_stimulus
5863,A2,synthetic,equal_candidate,ridge,background_audit,,,synthetic,False,,,,,,,,86.0,individual_stimulus
5864,A2,synthetic,equal_candidate,ridge,background_audit,,,synthetic,False,,,,,,,,87.0,individual_stimulus
5865,A2,synthetic,equal_candidate,ridge,background_audit,,,synthetic,False,,,,,,,,88.0,individual_stimulus
5866,A2,synthetic,equal_candidate,ridge,background_audit,,,synthetic,False,,,,,,,,89.0,individual_stimulus
5867,A2,synthetic,equal_candidate,ridge,background_audit,,,synthetic,False,,,,,,,,90.0,individual_stimulus
5868,A2,synthetic,equal_candidate,ridge,background_audit,,,synthetic,False,,,,,,,,91.0,individual_stimulus
5869,A2,synthetic,equal_candidate,ridge,background_audit,,,synthetic,False,,,,,,,,92.0,individual_stimulus
5870,A2,synthetic,equal_candidate,ridge,background_audit,,,synthetic,False,,,,,,,,93.0,individual_stimulus
5871,A2,synthetic,equal_candidate,ridge,background_audit,,,synthetic,False,,,,,,,,94.0,individual_stimulus
5872,A2,synthetic,equal_candidate,ridge,background_audit,,,synthetic,False,,,,,,,,95.0,individual_stimulus
5873,A2,synthetic,equal_candidate,ridge,background_audit,,,synthetic,False,,,,,,,,96.0,individual_stimulus
5874,A2,synthetic,equal_candidate,ridge,background_audit,,,synthetic,False,,,,,,,,97.0,individual_stimulus
5875,A2,synthetic,equal_candidate,ridge,background_audit,,,synthetic,False,,,,,,,,98.0,individual_stimulus
5876,A2,synthetic,equal_candidate,ridge,background_audit,,,synthetic,False,,,,,,,,99.0,individual_stimulus
5877,A2,L0,equal_candidate,ridge,background_audit,0.0,,real_train_only_audit,False,,,,,,,,,
5878,A2,L0,equal_candidate,ridge,background_audit,1.0,,real_train_only_audit,False,,,,,,,,,
5879,A2,L0,equal_candidate,ridge,background_audit,2.0,,real_train_only_audit,False,,,,,,,,,
5880,A2,L0,equal_candidate,ridge,background_audit,3.0,,real_train_only_audit,False,,,,,,,,,
5881,A2,L0,equal_candidate,ridge,background_audit,4.0,,real_train_only_audit,False,,,,,,,,,
5882,A2,R_RAND,equal_candidate,ridge,background_audit,0.0,,real_train_only_audit,False,,,,,,,,,
5883,A2,R_RAND,equal_candidate,ridge,background_audit,1.0,,real_train_only_audit,False,,,,,,,,,
5884,A2,R_RAND,equal_candidate,ridge,background_audit,2.0,,real_train_only_audit,False,,,,,,,,,
5885,A2,R_RAND,equal_candidate,ridge,background_audit,3.0,,real_train_only_audit,False,,,,,,,,,
5886,A2,R_RAND,equal_candidate,ridge,background_audit,4.0,,real_train_only_audit,False,,,,,,,,,
5887,A2,R_SUP,equal_candidate,ridge,background_audit,0.0,,real_train_only_audit,False,,,,,,,,,
5888,A2,R_SUP,equal_candidate,ridge,background_audit,1.0,,real_train_only_audit,False,,,,,,,,,
5889,A2,R_SUP,equal_candidate,ridge,background_audit,2.0,,real_train_only_audit,False,,,,,,,,,
5890,A2,R_SUP,equal_candidate,ridge,background_audit,3.0,,real_train_only_audit,False,,,,,,,,,
5891,A2,R_SUP,equal_candidate,ridge,background_audit,4.0,,real_train_only_audit,False,,,,,,,,,
5892,A2,R_SIM,equal_candidate,ridge,background_audit,0.0,,real_train_only_audit,False,,,,,,,,,
5893,A2,R_SIM,equal_candidate,ridge,background_audit,1.0,,real_train_only_audit,False,,,,,,,,,
5894,A2,R_SIM,equal_candidate,ridge,background_audit,2.0,,real_train_only_audit,False,,,,,,,,,
5895,A2,R_SIM,equal_candidate,ridge,background_audit,3.0,,real_train_only_audit,False,,,,,,,,,
5896,A2,R_SIM,equal_candidate,ridge,background_audit,4.0,,real_train_only_audit,False,,,,,,,,,
5897,N1,synthetic,P_nat,logistic,H,,,synthetic,False,,,,,,,,0.0,PRIOR_ONLY
5898,N1,synthetic,P_nat,mlp32,HP,,,synthetic,True,,,,,,,,0.0,PRIOR_ONLY
5899,N1,synthetic,P_nat,mlp32,HPB,,,synthetic,True,,,,,,,,0.0,PRIOR_ONLY
5900,N1,synthetic,P_nat,mlp32,HPBnoise,,,synthetic,True,,,,,,,,0.0,PRIOR_ONLY
5901,N1,synthetic,P_nat,logistic,H,,,synthetic,False,,,,,,,,1.0,PRIOR_ONLY
5902,N1,synthetic,P_nat,mlp32,HP,,,synthetic,True,,,,,,,,1.0,PRIOR_ONLY
5903,N1,synthetic,P_nat,mlp32,HPB,,,synthetic,True,,,,,,,,1.0,PRIOR_ONLY
5904,N1,synthetic,P_nat,mlp32,HPBnoise,,,synthetic,True,,,,,,,,1.0,PRIOR_ONLY
5905,N1,synthetic,P_nat,logistic,H,,,synthetic,False,,,,,,,,2.0,PRIOR_ONLY
5906,N1,synthetic,P_nat,mlp32,HP,,,synthetic,True,,,,,,,,2.0,PRIOR_ONLY
5907,N1,synthetic,P_nat,mlp32,HPB,,,synthetic,True,,,,,,,,2.0,PRIOR_ONLY
5908,N1,synthetic,P_nat,mlp32,HPBnoise,,,synthetic,True,,,,,,,,2.0,PRIOR_ONLY
5909,N1,synthetic,P_nat,logistic,H,,,synthetic,False,,,,,,,,3.0,PRIOR_ONLY
5910,N1,synthetic,P_nat,mlp32,HP,,,synthetic,True,,,,,,,,3.0,PRIOR_ONLY
5911,N1,synthetic,P_nat,mlp32,HPB,,,synthetic,True,,,,,,,,3.0,PRIOR_ONLY
5912,N1,synthetic,P_nat,mlp32,HPBnoise,,,synthetic,True,,,,,,,,3.0,PRIOR_ONLY
5913,N1,synthetic,P_nat,logistic,H,,,synthetic,False,,,,,,,,4.0,PRIOR_ONLY
5914,N1,synthetic,P_nat,mlp32,HP,,,synthetic,True,,,,,,,,4.0,PRIOR_ONLY
5915,N1,synthetic,P_nat,mlp32,HPB,,,synthetic,True,,,,,,,,4.0,PRIOR_ONLY
5916,N1,synthetic,P_nat,mlp32,HPBnoise,,,synthetic,True,,,,,,,,4.0,PRIOR_ONLY
5917,N1,synthetic,P_nat,logistic,H,,,synthetic,False,,,,,,,,5.0,PRIOR_ONLY
5918,N1,synthetic,P_nat,mlp32,HP,,,synthetic,True,,,,,,,,5.0,PRIOR_ONLY
5919,N1,synthetic,P_nat,mlp32,HPB,,,synthetic,True,,,,,,,,5.0,PRIOR_ONLY
5920,N1,synthetic,P_nat,mlp32,HPBnoise,,,synthetic,True,,,,,,,,5.0,PRIOR_ONLY
5921,N1,synthetic,P_nat,logistic,H,,,synthetic,False,,,,,,,,6.0,PRIOR_ONLY
5922,N1,synthetic,P_nat,mlp32,HP,,,synthetic,True,,,,,,,,6.0,PRIOR_ONLY
5923,N1,synthetic,P_nat,mlp32,HPB,,,synthetic,True,,,,,,,,6.0,PRIOR_ONLY
5924,N1,synthetic,P_nat,mlp32,HPBnoise,,,synthetic,True,,,,,,,,6.0,PRIOR_ONLY
5925,N1,synthetic,P_nat,logistic,H,,,synthetic,False,,,,,,,,7.0,PRIOR_ONLY
5926,N1,synthetic,P_nat,mlp32,HP,,,synthetic,True,,,,,,,,7.0,PRIOR_ONLY
5927,N1,synthetic,P_nat,mlp32,HPB,,,synthetic,True,,,,,,,,7.0,PRIOR_ONLY
5928,N1,synthetic,P_nat,mlp32,HPBnoise,,,synthetic,True,,,,,,,,7.0,PRIOR_ONLY
5929,N1,synthetic,P_nat,logistic,H,,,synthetic,False,,,,,,,,8.0,PRIOR_ONLY
5930,N1,synthetic,P_nat,mlp32,HP,,,synthetic,True,,,,,,,,8.0,PRIOR_ONLY
5931,N1,synthetic,P_nat,mlp32,HPB,,,synthetic,True,,,,,,,,8.0,PRIOR_ONLY
5932,N1,synthetic,P_nat,mlp32,HPBnoise,,,synthetic,True,,,,,,,,8.0,PRIOR_ONLY
5933,N1,synthetic,P_nat,logistic,H,,,synthetic,False,,,,,,,,9.0,PRIOR_ONLY
5934,N1,synthetic,P_nat,mlp32,HP,,,synthetic,True,,,,,,,,9.0,PRIOR_ONLY
5935,N1,synthetic,P_nat,mlp32,HPB,,,synthetic,True,,,,,,,,9.0,PRIOR_ONLY
5936,N1,synthetic,P_nat,mlp32,HPBnoise,,,synthetic,True,,,,,,,,9.0,PRIOR_ONLY
5937,N1,synthetic,P_nat,logistic,H,,,synthetic,False,,,,,,,,10.0,PRIOR_ONLY
5938,N1,synthetic,P_nat,mlp32,HP,,,synthetic,True,,,,,,,,10.0,PRIOR_ONLY
5939,N1,synthetic,P_nat,mlp32,HPB,,,synthetic,True,,,,,,,,10.0,PRIOR_ONLY
5940,N1,synthetic,P_nat,mlp32,HPBnoise,,,synthetic,True,,,,,,,,10.0,PRIOR_ONLY
5941,N1,synthetic,P_nat,logistic,H,,,synthetic,False,,,,,,,,11.0,PRIOR_ONLY
5942,N1,synthetic,P_nat,mlp32,HP,,,synthetic,True,,,,,,,,11.0,PRIOR_ONLY
5943,N1,synthetic,P_nat,mlp32,HPB,,,synthetic,True,,,,,,,,11.0,PRIOR_ONLY
5944,N1,synthetic,P_nat,mlp32,HPBnoise,,,synthetic,True,,,,,,,,11.0,PRIOR_ONLY
5945,N1,synthetic,P_nat,logistic,H,,,synthetic,False,,,,,,,,12.0,PRIOR_ONLY
5946,N1,synthetic,P_nat,mlp32,HP,,,synthetic,True,,,,,,,,12.0,PRIOR_ONLY
5947,N1,synthetic,P_nat,mlp32,HPB,,,synthetic,True,,,,,,,,12.0,PRIOR_ONLY
5948,N1,synthetic,P_nat,mlp32,HPBnoise,,,synthetic,True,,,,,,,,12.0,PRIOR_ONLY
5949,N1,synthetic,P_nat,logistic,H,,,synthetic,False,,,,,,,,13.0,PRIOR_ONLY
5950,N1,synthetic,P_nat,mlp32,HP,,,synthetic,True,,,,,,,,13.0,PRIOR_ONLY
5951,N1,synthetic,P_nat,mlp32,HPB,,,synthetic,True,,,,,,,,13.0,PRIOR_ONLY
5952,N1,synthetic,P_nat,mlp32,HPBnoise,,,synthetic,True,,,,,,,,13.0,PRIOR_ONLY
5953,N1,synthetic,P_nat,logistic,H,,,synthetic,False,,,,,,,,14.0,PRIOR_ONLY
5954,N1,synthetic,P_nat,mlp32,HP,,,synthetic,True,,,,,,,,14.0,PRIOR_ONLY
5955,N1,synthetic,P_nat,mlp32,HPB,,,synthetic,True,,,,,,,,14.0,PRIOR_ONLY
5956,N1,synthetic,P_nat,mlp32,HPBnoise,,,synthetic,True,,,,,,,,14.0,PRIOR_ONLY
5957,N1,synthetic,P_nat,logistic,H,,,synthetic,False,,,,,,,,15.0,PRIOR_ONLY
5958,N1,synthetic,P_nat,mlp32,HP,,,synthetic,True,,,,,,,,15.0,PRIOR_ONLY
5959,N1,synthetic,P_nat,mlp32,HPB,,,synthetic,True,,,,,,,,15.0,PRIOR_ONLY
5960,N1,synthetic,P_nat,mlp32,HPBnoise,,,synthetic,True,,,,,,,,15.0,PRIOR_ONLY
5961,N1,synthetic,P_nat,logistic,H,,,synthetic,False,,,,,,,,16.0,PRIOR_ONLY
5962,N1,synthetic,P_nat,mlp32,HP,,,synthetic,True,,,,,,,,16.0,PRIOR_ONLY
5963,N1,synthetic,P_nat,mlp32,HPB,,,synthetic,True,,,,,,,,16.0,PRIOR_ONLY
5964,N1,synthetic,P_nat,mlp32,HPBnoise,,,synthetic,True,,,,,,,,16.0,PRIOR_ONLY
5965,N1,synthetic,P_nat,logistic,H,,,synthetic,False,,,,,,,,17.0,PRIOR_ONLY
5966,N1,synthetic,P_nat,mlp32,HP,,,synthetic,True,,,,,,,,17.0,PRIOR_ONLY
5967,N1,synthetic,P_nat,mlp32,HPB,,,synthetic,True,,,,,,,,17.0,PRIOR_ONLY
5968,N1,synthetic,P_nat,mlp32,HPBnoise,,,synthetic,True,,,,,,,,17.0,PRIOR_ONLY
5969,N1,synthetic,P_nat,logistic,H,,,synthetic,False,,,,,,,,18.0,PRIOR_ONLY
5970,N1,synthetic,P_nat,mlp32,HP,,,synthetic,True,,,,,,,,18.0,PRIOR_ONLY
5971,N1,synthetic,P_nat,mlp32,HPB,,,synthetic,True,,,,,,,,18.0,PRIOR_ONLY
5972,N1,synthetic,P_nat,mlp32,HPBnoise,,,synthetic,True,,,,,,,,18.0,PRIOR_ONLY
5973,N1,synthetic,P_nat,logistic,H,,,synthetic,False,,,,,,,,19.0,PRIOR_ONLY
5974,N1,synthetic,P_nat,mlp32,HP,,,synthetic,True,,,,,,,,19.0,PRIOR_ONLY
5975,N1,synthetic,P_nat,mlp32,HPB,,,synthetic,True,,,,,,,,19.0,PRIOR_ONLY
5976,N1,synthetic,P_nat,mlp32,HPBnoise,,,synthetic,True,,,,,,,,19.0,PRIOR_ONLY
5977,N1,synthetic,P_nat,logistic,H,,,synthetic,False,,,,,,,,20.0,PRIOR_ONLY
5978,N1,synthetic,P_nat,mlp32,HP,,,synthetic,True,,,,,,,,20.0,PRIOR_ONLY
5979,N1,synthetic,P_nat,mlp32,HPB,,,synthetic,True,,,,,,,,20.0,PRIOR_ONLY
5980,N1,synthetic,P_nat,mlp32,HPBnoise,,,synthetic,True,,,,,,,,20.0,PRIOR_ONLY
5981,N1,synthetic,P_nat,logistic,H,,,synthetic,False,,,,,,,,21.0,PRIOR_ONLY
5982,N1,synthetic,P_nat,mlp32,HP,,,synthetic,True,,,,,,,,21.0,PRIOR_ONLY
5983,N1,synthetic,P_nat,mlp32,HPB,,,synthetic,True,,,,,,,,21.0,PRIOR_ONLY
5984,N1,synthetic,P_nat,mlp32,HPBnoise,,,synthetic,True,,,,,,,,21.0,PRIOR_ONLY
5985,N1,synthetic,P_nat,logistic,H,,,synthetic,False,,,,,,,,22.0,PRIOR_ONLY
5986,N1,synthetic,P_nat,mlp32,HP,,,synthetic,True,,,,,,,,22.0,PRIOR_ONLY
5987,N1,synthetic,P_nat,mlp32,HPB,,,synthetic,True,,,,,,,,22.0,PRIOR_ONLY
5988,N1,synthetic,P_nat,mlp32,HPBnoise,,,synthetic,True,,,,,,,,22.0,PRIOR_ONLY
5989,N1,synthetic,P_nat,logistic,H,,,synthetic,False,,,,,,,,23.0,PRIOR_ONLY
5990,N1,synthetic,P_nat,mlp32,HP,,,synthetic,True,,,,,,,,23.0,PRIOR_ONLY
5991,N1,synthetic,P_nat,mlp32,HPB,,,synthetic,True,,,,,,,,23.0,PRIOR_ONLY
5992,N1,synthetic,P_nat,mlp32,HPBnoise,,,synthetic,True,,,,,,,,23.0,PRIOR_ONLY
5993,N1,synthetic,P_nat,logistic,H,,,synthetic,False,,,,,,,,24.0,PRIOR_ONLY
5994,N1,synthetic,P_nat,mlp32,HP,,,synthetic,True,,,,,,,,24.0,PRIOR_ONLY
5995,N1,synthetic,P_nat,mlp32,HPB,,,synthetic,True,,,,,,,,24.0,PRIOR_ONLY
5996,N1,synthetic,P_nat,mlp32,HPBnoise,,,synthetic,True,,,,,,,,24.0,PRIOR_ONLY
5997,N1,synthetic,P_nat,logistic,H,,,synthetic,False,,,,,,,,25.0,PRIOR_ONLY
5998,N1,synthetic,P_nat,mlp32,HP,,,synthetic,True,,,,,,,,25.0,PRIOR_ONLY
5999,N1,synthetic,P_nat,mlp32,HPB,,,synthetic,True,,,,,,,,25.0,PRIOR_ONLY
6000,N1,synthetic,P_nat,mlp32,HPBnoise,,,synthetic,True,,,,,,,,25.0,PRIOR_ONLY
6001,N1,synthetic,P_nat,logistic,H,,,synthetic,False,,,,,,,,26.0,PRIOR_ONLY
6002,N1,synthetic,P_nat,mlp32,HP,,,synthetic,True,,,,,,,,26.0,PRIOR_ONLY
6003,N1,synthetic,P_nat,mlp32,HPB,,,synthetic,True,,,,,,,,26.0,PRIOR_ONLY
6004,N1,synthetic,P_nat,mlp32,HPBnoise,,,synthetic,True,,,,,,,,26.0,PRIOR_ONLY
6005,N1,synthetic,P_nat,logistic,H,,,synthetic,False,,,,,,,,27.0,PRIOR_ONLY
6006,N1,synthetic,P_nat,mlp32,HP,,,synthetic,True,,,,,,,,27.0,PRIOR_ONLY
6007,N1,synthetic,P_nat,mlp32,HPB,,,synthetic,True,,,,,,,,27.0,PRIOR_ONLY
6008,N1,synthetic,P_nat,mlp32,HPBnoise,,,synthetic,True,,,,,,,,27.0,PRIOR_ONLY
6009,N1,synthetic,P_nat,logistic,H,,,synthetic,False,,,,,,,,28.0,PRIOR_ONLY
6010,N1,synthetic,P_nat,mlp32,HP,,,synthetic,True,,,,,,,,28.0,PRIOR_ONLY
6011,N1,synthetic,P_nat,mlp32,HPB,,,synthetic,True,,,,,,,,28.0,PRIOR_ONLY
6012,N1,synthetic,P_nat,mlp32,HPBnoise,,,synthetic,True,,,,,,,,28.0,PRIOR_ONLY
6013,N1,synthetic,P_nat,logistic,H,,,synthetic,False,,,,,,,,29.0,PRIOR_ONLY
6014,N1,synthetic,P_nat,mlp32,HP,,,synthetic,True,,,,,,,,29.0,PRIOR_ONLY
6015,N1,synthetic,P_nat,mlp32,HPB,,,synthetic,True,,,,,,,,29.0,PRIOR_ONLY
6016,N1,synthetic,P_nat,mlp32,HPBnoise,,,synthetic,True,,,,,,,,29.0,PRIOR_ONLY
6017,N1,synthetic,P_nat,logistic,H,,,synthetic,False,,,,,,,,0.0,BACKGROUND_KEY
6018,N1,synthetic,P_nat,mlp32,HP,,,synthetic,True,,,,,,,,0.0,BACKGROUND_KEY
6019,N1,synthetic,P_nat,mlp32,HPB,,,synthetic,True,,,,,,,,0.0,BACKGROUND_KEY
6020,N1,synthetic,P_nat,mlp32,HPBnoise,,,synthetic,True,,,,,,,,0.0,BACKGROUND_KEY
6021,N1,synthetic,P_nat,logistic,H,,,synthetic,False,,,,,,,,1.0,BACKGROUND_KEY
6022,N1,synthetic,P_nat,mlp32,HP,,,synthetic,True,,,,,,,,1.0,BACKGROUND_KEY
6023,N1,synthetic,P_nat,mlp32,HPB,,,synthetic,True,,,,,,,,1.0,BACKGROUND_KEY
6024,N1,synthetic,P_nat,mlp32,HPBnoise,,,synthetic,True,,,,,,,,1.0,BACKGROUND_KEY
6025,N1,synthetic,P_nat,logistic,H,,,synthetic,False,,,,,,,,2.0,BACKGROUND_KEY
6026,N1,synthetic,P_nat,mlp32,HP,,,synthetic,True,,,,,,,,2.0,BACKGROUND_KEY
6027,N1,synthetic,P_nat,mlp32,HPB,,,synthetic,True,,,,,,,,2.0,BACKGROUND_KEY
6028,N1,synthetic,P_nat,mlp32,HPBnoise,,,synthetic,True,,,,,,,,2.0,BACKGROUND_KEY
6029,N1,synthetic,P_nat,logistic,H,,,synthetic,False,,,,,,,,3.0,BACKGROUND_KEY
6030,N1,synthetic,P_nat,mlp32,HP,,,synthetic,True,,,,,,,,3.0,BACKGROUND_KEY
6031,N1,synthetic,P_nat,mlp32,HPB,,,synthetic,True,,,,,,,,3.0,BACKGROUND_KEY
6032,N1,synthetic,P_nat,mlp32,HPBnoise,,,synthetic,True,,,,,,,,3.0,BACKGROUND_KEY
6033,N1,synthetic,P_nat,logistic,H,,,synthetic,False,,,,,,,,4.0,BACKGROUND_KEY
6034,N1,synthetic,P_nat,mlp32,HP,,,synthetic,True,,,,,,,,4.0,BACKGROUND_KEY
6035,N1,synthetic,P_nat,mlp32,HPB,,,synthetic,True,,,,,,,,4.0,BACKGROUND_KEY
6036,N1,synthetic,P_nat,mlp32,HPBnoise,,,synthetic,True,,,,,,,,4.0,BACKGROUND_KEY
6037,N1,synthetic,P_nat,logistic,H,,,synthetic,False,,,,,,,,5.0,BACKGROUND_KEY
6038,N1,synthetic,P_nat,mlp32,HP,,,synthetic,True,,,,,,,,5.0,BACKGROUND_KEY
6039,N1,synthetic,P_nat,mlp32,HPB,,,synthetic,True,,,,,,,,5.0,BACKGROUND_KEY
6040,N1,synthetic,P_nat,mlp32,HPBnoise,,,synthetic,True,,,,,,,,5.0,BACKGROUND_KEY
6041,N1,synthetic,P_nat,logistic,H,,,synthetic,False,,,,,,,,6.0,BACKGROUND_KEY
6042,N1,synthetic,P_nat,mlp32,HP,,,synthetic,True,,,,,,,,6.0,BACKGROUND_KEY
6043,N1,synthetic,P_nat,mlp32,HPB,,,synthetic,True,,,,,,,,6.0,BACKGROUND_KEY
6044,N1,synthetic,P_nat,mlp32,HPBnoise,,,synthetic,True,,,,,,,,6.0,BACKGROUND_KEY
6045,N1,synthetic,P_nat,logistic,H,,,synthetic,False,,,,,,,,7.0,BACKGROUND_KEY
6046,N1,synthetic,P_nat,mlp32,HP,,,synthetic,True,,,,,,,,7.0,BACKGROUND_KEY
6047,N1,synthetic,P_nat,mlp32,HPB,,,synthetic,True,,,,,,,,7.0,BACKGROUND_KEY
6048,N1,synthetic,P_nat,mlp32,HPBnoise,,,synthetic,True,,,,,,,,7.0,BACKGROUND_KEY
6049,N1,synthetic,P_nat,logistic,H,,,synthetic,False,,,,,,,,8.0,BACKGROUND_KEY
6050,N1,synthetic,P_nat,mlp32,HP,,,synthetic,True,,,,,,,,8.0,BACKGROUND_KEY
6051,N1,synthetic,P_nat,mlp32,HPB,,,synthetic,True,,,,,,,,8.0,BACKGROUND_KEY
6052,N1,synthetic,P_nat,mlp32,HPBnoise,,,synthetic,True,,,,,,,,8.0,BACKGROUND_KEY
6053,N1,synthetic,P_nat,logistic,H,,,synthetic,False,,,,,,,,9.0,BACKGROUND_KEY
6054,N1,synthetic,P_nat,mlp32,HP,,,synthetic,True,,,,,,,,9.0,BACKGROUND_KEY
6055,N1,synthetic,P_nat,mlp32,HPB,,,synthetic,True,,,,,,,,9.0,BACKGROUND_KEY
6056,N1,synthetic,P_nat,mlp32,HPBnoise,,,synthetic,True,,,,,,,,9.0,BACKGROUND_KEY
6057,N1,synthetic,P_nat,logistic,H,,,synthetic,False,,,,,,,,10.0,BACKGROUND_KEY
6058,N1,synthetic,P_nat,mlp32,HP,,,synthetic,True,,,,,,,,10.0,BACKGROUND_KEY
6059,N1,synthetic,P_nat,mlp32,HPB,,,synthetic,True,,,,,,,,10.0,BACKGROUND_KEY
6060,N1,synthetic,P_nat,mlp32,HPBnoise,,,synthetic,True,,,,,,,,10.0,BACKGROUND_KEY
6061,N1,synthetic,P_nat,logistic,H,,,synthetic,False,,,,,,,,11.0,BACKGROUND_KEY
6062,N1,synthetic,P_nat,mlp32,HP,,,synthetic,True,,,,,,,,11.0,BACKGROUND_KEY
6063,N1,synthetic,P_nat,mlp32,HPB,,,synthetic,True,,,,,,,,11.0,BACKGROUND_KEY
6064,N1,synthetic,P_nat,mlp32,HPBnoise,,,synthetic,True,,,,,,,,11.0,BACKGROUND_KEY
6065,N1,synthetic,P_nat,logistic,H,,,synthetic,False,,,,,,,,12.0,BACKGROUND_KEY
6066,N1,synthetic,P_nat,mlp32,HP,,,synthetic,True,,,,,,,,12.0,BACKGROUND_KEY
6067,N1,synthetic,P_nat,mlp32,HPB,,,synthetic,True,,,,,,,,12.0,BACKGROUND_KEY
6068,N1,synthetic,P_nat,mlp32,HPBnoise,,,synthetic,True,,,,,,,,12.0,BACKGROUND_KEY
6069,N1,synthetic,P_nat,logistic,H,,,synthetic,False,,,,,,,,13.0,BACKGROUND_KEY
6070,N1,synthetic,P_nat,mlp32,HP,,,synthetic,True,,,,,,,,13.0,BACKGROUND_KEY
6071,N1,synthetic,P_nat,mlp32,HPB,,,synthetic,True,,,,,,,,13.0,BACKGROUND_KEY
6072,N1,synthetic,P_nat,mlp32,HPBnoise,,,synthetic,True,,,,,,,,13.0,BACKGROUND_KEY
6073,N1,synthetic,P_nat,logistic,H,,,synthetic,False,,,,,,,,14.0,BACKGROUND_KEY
6074,N1,synthetic,P_nat,mlp32,HP,,,synthetic,True,,,,,,,,14.0,BACKGROUND_KEY
6075,N1,synthetic,P_nat,mlp32,HPB,,,synthetic,True,,,,,,,,14.0,BACKGROUND_KEY
6076,N1,synthetic,P_nat,mlp32,HPBnoise,,,synthetic,True,,,,,,,,14.0,BACKGROUND_KEY
6077,N1,synthetic,P_nat,logistic,H,,,synthetic,False,,,,,,,,15.0,BACKGROUND_KEY
6078,N1,synthetic,P_nat,mlp32,HP,,,synthetic,True,,,,,,,,15.0,BACKGROUND_KEY
6079,N1,synthetic,P_nat,mlp32,HPB,,,synthetic,True,,,,,,,,15.0,BACKGROUND_KEY
6080,N1,synthetic,P_nat,mlp32,HPBnoise,,,synthetic,True,,,,,,,,15.0,BACKGROUND_KEY
6081,N1,synthetic,P_nat,logistic,H,,,synthetic,False,,,,,,,,16.0,BACKGROUND_KEY
6082,N1,synthetic,P_nat,mlp32,HP,,,synthetic,True,,,,,,,,16.0,BACKGROUND_KEY
6083,N1,synthetic,P_nat,mlp32,HPB,,,synthetic,True,,,,,,,,16.0,BACKGROUND_KEY
6084,N1,synthetic,P_nat,mlp32,HPBnoise,,,synthetic,True,,,,,,,,16.0,BACKGROUND_KEY
6085,N1,synthetic,P_nat,logistic,H,,,synthetic,False,,,,,,,,17.0,BACKGROUND_KEY
6086,N1,synthetic,P_nat,mlp32,HP,,,synthetic,True,,,,,,,,17.0,BACKGROUND_KEY
6087,N1,synthetic,P_nat,mlp32,HPB,,,synthetic,True,,,,,,,,17.0,BACKGROUND_KEY
6088,N1,synthetic,P_nat,mlp32,HPBnoise,,,synthetic,True,,,,,,,,17.0,BACKGROUND_KEY
6089,N1,synthetic,P_nat,logistic,H,,,synthetic,False,,,,,,,,18.0,BACKGROUND_KEY
6090,N1,synthetic,P_nat,mlp32,HP,,,synthetic,True,,,,,,,,18.0,BACKGROUND_KEY
6091,N1,synthetic,P_nat,mlp32,HPB,,,synthetic,True,,,,,,,,18.0,BACKGROUND_KEY
6092,N1,synthetic,P_nat,mlp32,HPBnoise,,,synthetic,True,,,,,,,,18.0,BACKGROUND_KEY
6093,N1,synthetic,P_nat,logistic,H,,,synthetic,False,,,,,,,,19.0,BACKGROUND_KEY
6094,N1,synthetic,P_nat,mlp32,HP,,,synthetic,True,,,,,,,,19.0,BACKGROUND_KEY
6095,N1,synthetic,P_nat,mlp32,HPB,,,synthetic,True,,,,,,,,19.0,BACKGROUND_KEY
6096,N1,synthetic,P_nat,mlp32,HPBnoise,,,synthetic,True,,,,,,,,19.0,BACKGROUND_KEY
6097,N1,synthetic,P_nat,logistic,H,,,synthetic,False,,,,,,,,20.0,BACKGROUND_KEY
6098,N1,synthetic,P_nat,mlp32,HP,,,synthetic,True,,,,,,,,20.0,BACKGROUND_KEY
6099,N1,synthetic,P_nat,mlp32,HPB,,,synthetic,True,,,,,,,,20.0,BACKGROUND_KEY
6100,N1,synthetic,P_nat,mlp32,HPBnoise,,,synthetic,True,,,,,,,,20.0,BACKGROUND_KEY
6101,N1,synthetic,P_nat,logistic,H,,,synthetic,False,,,,,,,,21.0,BACKGROUND_KEY
6102,N1,synthetic,P_nat,mlp32,HP,,,synthetic,True,,,,,,,,21.0,BACKGROUND_KEY
6103,N1,synthetic,P_nat,mlp32,HPB,,,synthetic,True,,,,,,,,21.0,BACKGROUND_KEY
6104,N1,synthetic,P_nat,mlp32,HPBnoise,,,synthetic,True,,,,,,,,21.0,BACKGROUND_KEY
6105,N1,synthetic,P_nat,logistic,H,,,synthetic,False,,,,,,,,22.0,BACKGROUND_KEY
6106,N1,synthetic,P_nat,mlp32,HP,,,synthetic,True,,,,,,,,22.0,BACKGROUND_KEY
6107,N1,synthetic,P_nat,mlp32,HPB,,,synthetic,True,,,,,,,,22.0,BACKGROUND_KEY
6108,N1,synthetic,P_nat,mlp32,HPBnoise,,,synthetic,True,,,,,,,,22.0,BACKGROUND_KEY
6109,N1,synthetic,P_nat,logistic,H,,,synthetic,False,,,,,,,,23.0,BACKGROUND_KEY
6110,N1,synthetic,P_nat,mlp32,HP,,,synthetic,True,,,,,,,,23.0,BACKGROUND_KEY
6111,N1,synthetic,P_nat,mlp32,HPB,,,synthetic,True,,,,,,,,23.0,BACKGROUND_KEY
6112,N1,synthetic,P_nat,mlp32,HPBnoise,,,synthetic,True,,,,,,,,23.0,BACKGROUND_KEY
6113,N1,synthetic,P_nat,logistic,H,,,synthetic,False,,,,,,,,24.0,BACKGROUND_KEY
6114,N1,synthetic,P_nat,mlp32,HP,,,synthetic,True,,,,,,,,24.0,BACKGROUND_KEY
6115,N1,synthetic,P_nat,mlp32,HPB,,,synthetic,True,,,,,,,,24.0,BACKGROUND_KEY
6116,N1,synthetic,P_nat,mlp32,HPBnoise,,,synthetic,True,,,,,,,,24.0,BACKGROUND_KEY
6117,N1,synthetic,P_nat,logistic,H,,,synthetic,False,,,,,,,,25.0,BACKGROUND_KEY
6118,N1,synthetic,P_nat,mlp32,HP,,,synthetic,True,,,,,,,,25.0,BACKGROUND_KEY
6119,N1,synthetic,P_nat,mlp32,HPB,,,synthetic,True,,,,,,,,25.0,BACKGROUND_KEY
6120,N1,synthetic,P_nat,mlp32,HPBnoise,,,synthetic,True,,,,,,,,25.0,BACKGROUND_KEY
6121,N1,synthetic,P_nat,logistic,H,,,synthetic,False,,,,,,,,26.0,BACKGROUND_KEY
6122,N1,synthetic,P_nat,mlp32,HP,,,synthetic,True,,,,,,,,26.0,BACKGROUND_KEY
6123,N1,synthetic,P_nat,mlp32,HPB,,,synthetic,True,,,,,,,,26.0,BACKGROUND_KEY
6124,N1,synthetic,P_nat,mlp32,HPBnoise,,,synthetic,True,,,,,,,,26.0,BACKGROUND_KEY
6125,N1,synthetic,P_nat,logistic,H,,,synthetic,False,,,,,,,,27.0,BACKGROUND_KEY
6126,N1,synthetic,P_nat,mlp32,HP,,,synthetic,True,,,,,,,,27.0,BACKGROUND_KEY
6127,N1,synthetic,P_nat,mlp32,HPB,,,synthetic,True,,,,,,,,27.0,BACKGROUND_KEY
6128,N1,synthetic,P_nat,mlp32,HPBnoise,,,synthetic,True,,,,,,,,27.0,BACKGROUND_KEY
6129,N1,synthetic,P_nat,logistic,H,,,synthetic,False,,,,,,,,28.0,BACKGROUND_KEY
6130,N1,synthetic,P_nat,mlp32,HP,,,synthetic,True,,,,,,,,28.0,BACKGROUND_KEY
6131,N1,synthetic,P_nat,mlp32,HPB,,,synthetic,True,,,,,,,,28.0,BACKGROUND_KEY
6132,N1,synthetic,P_nat,mlp32,HPBnoise,,,synthetic,True,,,,,,,,28.0,BACKGROUND_KEY
6133,N1,synthetic,P_nat,logistic,H,,,synthetic,False,,,,,,,,29.0,BACKGROUND_KEY
6134,N1,synthetic,P_nat,mlp32,HP,,,synthetic,True,,,,,,,,29.0,BACKGROUND_KEY
6135,N1,synthetic,P_nat,mlp32,HPB,,,synthetic,True,,,,,,,,29.0,BACKGROUND_KEY
6136,N1,synthetic,P_nat,mlp32,HPBnoise,,,synthetic,True,,,,,,,,29.0,BACKGROUND_KEY
6137,N1,synthetic,P_nat,logistic,H,,,synthetic,False,,,,,,,,0.0,ADDITIVE_NOISE
6138,N1,synthetic,P_nat,mlp32,HP,,,synthetic,True,,,,,,,,0.0,ADDITIVE_NOISE
6139,N1,synthetic,P_nat,mlp32,HPB,,,synthetic,True,,,,,,,,0.0,ADDITIVE_NOISE
6140,N1,synthetic,P_nat,mlp32,HPBnoise,,,synthetic,True,,,,,,,,0.0,ADDITIVE_NOISE
6141,N1,synthetic,P_nat,logistic,H,,,synthetic,False,,,,,,,,1.0,ADDITIVE_NOISE
6142,N1,synthetic,P_nat,mlp32,HP,,,synthetic,True,,,,,,,,1.0,ADDITIVE_NOISE
6143,N1,synthetic,P_nat,mlp32,HPB,,,synthetic,True,,,,,,,,1.0,ADDITIVE_NOISE
6144,N1,synthetic,P_nat,mlp32,HPBnoise,,,synthetic,True,,,,,,,,1.0,ADDITIVE_NOISE
6145,N1,synthetic,P_nat,logistic,H,,,synthetic,False,,,,,,,,2.0,ADDITIVE_NOISE
6146,N1,synthetic,P_nat,mlp32,HP,,,synthetic,True,,,,,,,,2.0,ADDITIVE_NOISE
6147,N1,synthetic,P_nat,mlp32,HPB,,,synthetic,True,,,,,,,,2.0,ADDITIVE_NOISE
6148,N1,synthetic,P_nat,mlp32,HPBnoise,,,synthetic,True,,,,,,,,2.0,ADDITIVE_NOISE
6149,N1,synthetic,P_nat,logistic,H,,,synthetic,False,,,,,,,,3.0,ADDITIVE_NOISE
6150,N1,synthetic,P_nat,mlp32,HP,,,synthetic,True,,,,,,,,3.0,ADDITIVE_NOISE
6151,N1,synthetic,P_nat,mlp32,HPB,,,synthetic,True,,,,,,,,3.0,ADDITIVE_NOISE
6152,N1,synthetic,P_nat,mlp32,HPBnoise,,,synthetic,True,,,,,,,,3.0,ADDITIVE_NOISE
6153,N1,synthetic,P_nat,logistic,H,,,synthetic,False,,,,,,,,4.0,ADDITIVE_NOISE
6154,N1,synthetic,P_nat,mlp32,HP,,,synthetic,True,,,,,,,,4.0,ADDITIVE_NOISE
6155,N1,synthetic,P_nat,mlp32,HPB,,,synthetic,True,,,,,,,,4.0,ADDITIVE_NOISE
6156,N1,synthetic,P_nat,mlp32,HPBnoise,,,synthetic,True,,,,,,,,4.0,ADDITIVE_NOISE
6157,N1,synthetic,P_nat,logistic,H,,,synthetic,False,,,,,,,,5.0,ADDITIVE_NOISE
6158,N1,synthetic,P_nat,mlp32,HP,,,synthetic,True,,,,,,,,5.0,ADDITIVE_NOISE
6159,N1,synthetic,P_nat,mlp32,HPB,,,synthetic,True,,,,,,,,5.0,ADDITIVE_NOISE
6160,N1,synthetic,P_nat,mlp32,HPBnoise,,,synthetic,True,,,,,,,,5.0,ADDITIVE_NOISE
6161,N1,synthetic,P_nat,logistic,H,,,synthetic,False,,,,,,,,6.0,ADDITIVE_NOISE
6162,N1,synthetic,P_nat,mlp32,HP,,,synthetic,True,,,,,,,,6.0,ADDITIVE_NOISE
6163,N1,synthetic,P_nat,mlp32,HPB,,,synthetic,True,,,,,,,,6.0,ADDITIVE_NOISE
6164,N1,synthetic,P_nat,mlp32,HPBnoise,,,synthetic,True,,,,,,,,6.0,ADDITIVE_NOISE
6165,N1,synthetic,P_nat,logistic,H,,,synthetic,False,,,,,,,,7.0,ADDITIVE_NOISE
6166,N1,synthetic,P_nat,mlp32,HP,,,synthetic,True,,,,,,,,7.0,ADDITIVE_NOISE
6167,N1,synthetic,P_nat,mlp32,HPB,,,synthetic,True,,,,,,,,7.0,ADDITIVE_NOISE
6168,N1,synthetic,P_nat,mlp32,HPBnoise,,,synthetic,True,,,,,,,,7.0,ADDITIVE_NOISE
6169,N1,synthetic,P_nat,logistic,H,,,synthetic,False,,,,,,,,8.0,ADDITIVE_NOISE
6170,N1,synthetic,P_nat,mlp32,HP,,,synthetic,True,,,,,,,,8.0,ADDITIVE_NOISE
6171,N1,synthetic,P_nat,mlp32,HPB,,,synthetic,True,,,,,,,,8.0,ADDITIVE_NOISE
6172,N1,synthetic,P_nat,mlp32,HPBnoise,,,synthetic,True,,,,,,,,8.0,ADDITIVE_NOISE
6173,N1,synthetic,P_nat,logistic,H,,,synthetic,False,,,,,,,,9.0,ADDITIVE_NOISE
6174,N1,synthetic,P_nat,mlp32,HP,,,synthetic,True,,,,,,,,9.0,ADDITIVE_NOISE
6175,N1,synthetic,P_nat,mlp32,HPB,,,synthetic,True,,,,,,,,9.0,ADDITIVE_NOISE
6176,N1,synthetic,P_nat,mlp32,HPBnoise,,,synthetic,True,,,,,,,,9.0,ADDITIVE_NOISE
6177,N1,synthetic,P_nat,logistic,H,,,synthetic,False,,,,,,,,10.0,ADDITIVE_NOISE
6178,N1,synthetic,P_nat,mlp32,HP,,,synthetic,True,,,,,,,,10.0,ADDITIVE_NOISE
6179,N1,synthetic,P_nat,mlp32,HPB,,,synthetic,True,,,,,,,,10.0,ADDITIVE_NOISE
6180,N1,synthetic,P_nat,mlp32,HPBnoise,,,synthetic,True,,,,,,,,10.0,ADDITIVE_NOISE
6181,N1,synthetic,P_nat,logistic,H,,,synthetic,False,,,,,,,,11.0,ADDITIVE_NOISE
6182,N1,synthetic,P_nat,mlp32,HP,,,synthetic,True,,,,,,,,11.0,ADDITIVE_NOISE
6183,N1,synthetic,P_nat,mlp32,HPB,,,synthetic,True,,,,,,,,11.0,ADDITIVE_NOISE
6184,N1,synthetic,P_nat,mlp32,HPBnoise,,,synthetic,True,,,,,,,,11.0,ADDITIVE_NOISE
6185,N1,synthetic,P_nat,logistic,H,,,synthetic,False,,,,,,,,12.0,ADDITIVE_NOISE
6186,N1,synthetic,P_nat,mlp32,HP,,,synthetic,True,,,,,,,,12.0,ADDITIVE_NOISE
6187,N1,synthetic,P_nat,mlp32,HPB,,,synthetic,True,,,,,,,,12.0,ADDITIVE_NOISE
6188,N1,synthetic,P_nat,mlp32,HPBnoise,,,synthetic,True,,,,,,,,12.0,ADDITIVE_NOISE
6189,N1,synthetic,P_nat,logistic,H,,,synthetic,False,,,,,,,,13.0,ADDITIVE_NOISE
6190,N1,synthetic,P_nat,mlp32,HP,,,synthetic,True,,,,,,,,13.0,ADDITIVE_NOISE
6191,N1,synthetic,P_nat,mlp32,HPB,,,synthetic,True,,,,,,,,13.0,ADDITIVE_NOISE
6192,N1,synthetic,P_nat,mlp32,HPBnoise,,,synthetic,True,,,,,,,,13.0,ADDITIVE_NOISE
6193,N1,synthetic,P_nat,logistic,H,,,synthetic,False,,,,,,,,14.0,ADDITIVE_NOISE
6194,N1,synthetic,P_nat,mlp32,HP,,,synthetic,True,,,,,,,,14.0,ADDITIVE_NOISE
6195,N1,synthetic,P_nat,mlp32,HPB,,,synthetic,True,,,,,,,,14.0,ADDITIVE_NOISE
6196,N1,synthetic,P_nat,mlp32,HPBnoise,,,synthetic,True,,,,,,,,14.0,ADDITIVE_NOISE
6197,N1,synthetic,P_nat,logistic,H,,,synthetic,False,,,,,,,,15.0,ADDITIVE_NOISE
6198,N1,synthetic,P_nat,mlp32,HP,,,synthetic,True,,,,,,,,15.0,ADDITIVE_NOISE
6199,N1,synthetic,P_nat,mlp32,HPB,,,synthetic,True,,,,,,,,15.0,ADDITIVE_NOISE
6200,N1,synthetic,P_nat,mlp32,HPBnoise,,,synthetic,True,,,,,,,,15.0,ADDITIVE_NOISE
6201,N1,synthetic,P_nat,logistic,H,,,synthetic,False,,,,,,,,16.0,ADDITIVE_NOISE
6202,N1,synthetic,P_nat,mlp32,HP,,,synthetic,True,,,,,,,,16.0,ADDITIVE_NOISE
6203,N1,synthetic,P_nat,mlp32,HPB,,,synthetic,True,,,,,,,,16.0,ADDITIVE_NOISE
6204,N1,synthetic,P_nat,mlp32,HPBnoise,,,synthetic,True,,,,,,,,16.0,ADDITIVE_NOISE
6205,N1,synthetic,P_nat,logistic,H,,,synthetic,False,,,,,,,,17.0,ADDITIVE_NOISE
6206,N1,synthetic,P_nat,mlp32,HP,,,synthetic,True,,,,,,,,17.0,ADDITIVE_NOISE
6207,N1,synthetic,P_nat,mlp32,HPB,,,synthetic,True,,,,,,,,17.0,ADDITIVE_NOISE
6208,N1,synthetic,P_nat,mlp32,HPBnoise,,,synthetic,True,,,,,,,,17.0,ADDITIVE_NOISE
6209,N1,synthetic,P_nat,logistic,H,,,synthetic,False,,,,,,,,18.0,ADDITIVE_NOISE
6210,N1,synthetic,P_nat,mlp32,HP,,,synthetic,True,,,,,,,,18.0,ADDITIVE_NOISE
6211,N1,synthetic,P_nat,mlp32,HPB,,,synthetic,True,,,,,,,,18.0,ADDITIVE_NOISE
6212,N1,synthetic,P_nat,mlp32,HPBnoise,,,synthetic,True,,,,,,,,18.0,ADDITIVE_NOISE
6213,N1,synthetic,P_nat,logistic,H,,,synthetic,False,,,,,,,,19.0,ADDITIVE_NOISE
6214,N1,synthetic,P_nat,mlp32,HP,,,synthetic,True,,,,,,,,19.0,ADDITIVE_NOISE
6215,N1,synthetic,P_nat,mlp32,HPB,,,synthetic,True,,,,,,,,19.0,ADDITIVE_NOISE
6216,N1,synthetic,P_nat,mlp32,HPBnoise,,,synthetic,True,,,,,,,,19.0,ADDITIVE_NOISE
6217,N1,synthetic,P_nat,logistic,H,,,synthetic,False,,,,,,,,20.0,ADDITIVE_NOISE
6218,N1,synthetic,P_nat,mlp32,HP,,,synthetic,True,,,,,,,,20.0,ADDITIVE_NOISE
6219,N1,synthetic,P_nat,mlp32,HPB,,,synthetic,True,,,,,,,,20.0,ADDITIVE_NOISE
6220,N1,synthetic,P_nat,mlp32,HPBnoise,,,synthetic,True,,,,,,,,20.0,ADDITIVE_NOISE
6221,N1,synthetic,P_nat,logistic,H,,,synthetic,False,,,,,,,,21.0,ADDITIVE_NOISE
6222,N1,synthetic,P_nat,mlp32,HP,,,synthetic,True,,,,,,,,21.0,ADDITIVE_NOISE
6223,N1,synthetic,P_nat,mlp32,HPB,,,synthetic,True,,,,,,,,21.0,ADDITIVE_NOISE
6224,N1,synthetic,P_nat,mlp32,HPBnoise,,,synthetic,True,,,,,,,,21.0,ADDITIVE_NOISE
6225,N1,synthetic,P_nat,logistic,H,,,synthetic,False,,,,,,,,22.0,ADDITIVE_NOISE
6226,N1,synthetic,P_nat,mlp32,HP,,,synthetic,True,,,,,,,,22.0,ADDITIVE_NOISE
6227,N1,synthetic,P_nat,mlp32,HPB,,,synthetic,True,,,,,,,,22.0,ADDITIVE_NOISE
6228,N1,synthetic,P_nat,mlp32,HPBnoise,,,synthetic,True,,,,,,,,22.0,ADDITIVE_NOISE
6229,N1,synthetic,P_nat,logistic,H,,,synthetic,False,,,,,,,,23.0,ADDITIVE_NOISE
6230,N1,synthetic,P_nat,mlp32,HP,,,synthetic,True,,,,,,,,23.0,ADDITIVE_NOISE
6231,N1,synthetic,P_nat,mlp32,HPB,,,synthetic,True,,,,,,,,23.0,ADDITIVE_NOISE
6232,N1,synthetic,P_nat,mlp32,HPBnoise,,,synthetic,True,,,,,,,,23.0,ADDITIVE_NOISE
6233,N1,synthetic,P_nat,logistic,H,,,synthetic,False,,,,,,,,24.0,ADDITIVE_NOISE
6234,N1,synthetic,P_nat,mlp32,HP,,,synthetic,True,,,,,,,,24.0,ADDITIVE_NOISE
6235,N1,synthetic,P_nat,mlp32,HPB,,,synthetic,True,,,,,,,,24.0,ADDITIVE_NOISE
6236,N1,synthetic,P_nat,mlp32,HPBnoise,,,synthetic,True,,,,,,,,24.0,ADDITIVE_NOISE
6237,N1,synthetic,P_nat,logistic,H,,,synthetic,False,,,,,,,,25.0,ADDITIVE_NOISE
6238,N1,synthetic,P_nat,mlp32,HP,,,synthetic,True,,,,,,,,25.0,ADDITIVE_NOISE
6239,N1,synthetic,P_nat,mlp32,HPB,,,synthetic,True,,,,,,,,25.0,ADDITIVE_NOISE
6240,N1,synthetic,P_nat,mlp32,HPBnoise,,,synthetic,True,,,,,,,,25.0,ADDITIVE_NOISE
6241,N1,synthetic,P_nat,logistic,H,,,synthetic,False,,,,,,,,26.0,ADDITIVE_NOISE
6242,N1,synthetic,P_nat,mlp32,HP,,,synthetic,True,,,,,,,,26.0,ADDITIVE_NOISE
6243,N1,synthetic,P_nat,mlp32,HPB,,,synthetic,True,,,,,,,,26.0,ADDITIVE_NOISE
6244,N1,synthetic,P_nat,mlp32,HPBnoise,,,synthetic,True,,,,,,,,26.0,ADDITIVE_NOISE
6245,N1,synthetic,P_nat,logistic,H,,,synthetic,False,,,,,,,,27.0,ADDITIVE_NOISE
6246,N1,synthetic,P_nat,mlp32,HP,,,synthetic,True,,,,,,,,27.0,ADDITIVE_NOISE
6247,N1,synthetic,P_nat,mlp32,HPB,,,synthetic,True,,,,,,,,27.0,ADDITIVE_NOISE
6248,N1,synthetic,P_nat,mlp32,HPBnoise,,,synthetic,True,,,,,,,,27.0,ADDITIVE_NOISE
6249,N1,synthetic,P_nat,logistic,H,,,synthetic,False,,,,,,,,28.0,ADDITIVE_NOISE
6250,N1,synthetic,P_nat,mlp32,HP,,,synthetic,True,,,,,,,,28.0,ADDITIVE_NOISE
6251,N1,synthetic,P_nat,mlp32,HPB,,,synthetic,True,,,,,,,,28.0,ADDITIVE_NOISE
6252,N1,synthetic,P_nat,mlp32,HPBnoise,,,synthetic,True,,,,,,,,28.0,ADDITIVE_NOISE
6253,N1,synthetic,P_nat,logistic,H,,,synthetic,False,,,,,,,,29.0,ADDITIVE_NOISE
6254,N1,synthetic,P_nat,mlp32,HP,,,synthetic,True,,,,,,,,29.0,ADDITIVE_NOISE
6255,N1,synthetic,P_nat,mlp32,HPB,,,synthetic,True,,,,,,,,29.0,ADDITIVE_NOISE
6256,N1,synthetic,P_nat,mlp32,HPBnoise,,,synthetic,True,,,,,,,,29.0,ADDITIVE_NOISE
6257,N1,synthetic,P_nat,logistic,H,,,synthetic,False,,,,,,,,0.0,INDEPENDENT_BACKGROUND
6258,N1,synthetic,P_nat,mlp32,HP,,,synthetic,True,,,,,,,,0.0,INDEPENDENT_BACKGROUND
6259,N1,synthetic,P_nat,mlp32,HPB,,,synthetic,True,,,,,,,,0.0,INDEPENDENT_BACKGROUND
6260,N1,synthetic,P_nat,mlp32,HPBnoise,,,synthetic,True,,,,,,,,0.0,INDEPENDENT_BACKGROUND
6261,N1,synthetic,P_nat,logistic,H,,,synthetic,False,,,,,,,,1.0,INDEPENDENT_BACKGROUND
6262,N1,synthetic,P_nat,mlp32,HP,,,synthetic,True,,,,,,,,1.0,INDEPENDENT_BACKGROUND
6263,N1,synthetic,P_nat,mlp32,HPB,,,synthetic,True,,,,,,,,1.0,INDEPENDENT_BACKGROUND
6264,N1,synthetic,P_nat,mlp32,HPBnoise,,,synthetic,True,,,,,,,,1.0,INDEPENDENT_BACKGROUND
6265,N1,synthetic,P_nat,logistic,H,,,synthetic,False,,,,,,,,2.0,INDEPENDENT_BACKGROUND
6266,N1,synthetic,P_nat,mlp32,HP,,,synthetic,True,,,,,,,,2.0,INDEPENDENT_BACKGROUND
6267,N1,synthetic,P_nat,mlp32,HPB,,,synthetic,True,,,,,,,,2.0,INDEPENDENT_BACKGROUND
6268,N1,synthetic,P_nat,mlp32,HPBnoise,,,synthetic,True,,,,,,,,2.0,INDEPENDENT_BACKGROUND
6269,N1,synthetic,P_nat,logistic,H,,,synthetic,False,,,,,,,,3.0,INDEPENDENT_BACKGROUND
6270,N1,synthetic,P_nat,mlp32,HP,,,synthetic,True,,,,,,,,3.0,INDEPENDENT_BACKGROUND
6271,N1,synthetic,P_nat,mlp32,HPB,,,synthetic,True,,,,,,,,3.0,INDEPENDENT_BACKGROUND
6272,N1,synthetic,P_nat,mlp32,HPBnoise,,,synthetic,True,,,,,,,,3.0,INDEPENDENT_BACKGROUND
6273,N1,synthetic,P_nat,logistic,H,,,synthetic,False,,,,,,,,4.0,INDEPENDENT_BACKGROUND
6274,N1,synthetic,P_nat,mlp32,HP,,,synthetic,True,,,,,,,,4.0,INDEPENDENT_BACKGROUND
6275,N1,synthetic,P_nat,mlp32,HPB,,,synthetic,True,,,,,,,,4.0,INDEPENDENT_BACKGROUND
6276,N1,synthetic,P_nat,mlp32,HPBnoise,,,synthetic,True,,,,,,,,4.0,INDEPENDENT_BACKGROUND
6277,N1,synthetic,P_nat,logistic,H,,,synthetic,False,,,,,,,,5.0,INDEPENDENT_BACKGROUND
6278,N1,synthetic,P_nat,mlp32,HP,,,synthetic,True,,,,,,,,5.0,INDEPENDENT_BACKGROUND
6279,N1,synthetic,P_nat,mlp32,HPB,,,synthetic,True,,,,,,,,5.0,INDEPENDENT_BACKGROUND
6280,N1,synthetic,P_nat,mlp32,HPBnoise,,,synthetic,True,,,,,,,,5.0,INDEPENDENT_BACKGROUND
6281,N1,synthetic,P_nat,logistic,H,,,synthetic,False,,,,,,,,6.0,INDEPENDENT_BACKGROUND
6282,N1,synthetic,P_nat,mlp32,HP,,,synthetic,True,,,,,,,,6.0,INDEPENDENT_BACKGROUND
6283,N1,synthetic,P_nat,mlp32,HPB,,,synthetic,True,,,,,,,,6.0,INDEPENDENT_BACKGROUND
6284,N1,synthetic,P_nat,mlp32,HPBnoise,,,synthetic,True,,,,,,,,6.0,INDEPENDENT_BACKGROUND
6285,N1,synthetic,P_nat,logistic,H,,,synthetic,False,,,,,,,,7.0,INDEPENDENT_BACKGROUND
6286,N1,synthetic,P_nat,mlp32,HP,,,synthetic,True,,,,,,,,7.0,INDEPENDENT_BACKGROUND
6287,N1,synthetic,P_nat,mlp32,HPB,,,synthetic,True,,,,,,,,7.0,INDEPENDENT_BACKGROUND
6288,N1,synthetic,P_nat,mlp32,HPBnoise,,,synthetic,True,,,,,,,,7.0,INDEPENDENT_BACKGROUND
6289,N1,synthetic,P_nat,logistic,H,,,synthetic,False,,,,,,,,8.0,INDEPENDENT_BACKGROUND
6290,N1,synthetic,P_nat,mlp32,HP,,,synthetic,True,,,,,,,,8.0,INDEPENDENT_BACKGROUND
6291,N1,synthetic,P_nat,mlp32,HPB,,,synthetic,True,,,,,,,,8.0,INDEPENDENT_BACKGROUND
6292,N1,synthetic,P_nat,mlp32,HPBnoise,,,synthetic,True,,,,,,,,8.0,INDEPENDENT_BACKGROUND
6293,N1,synthetic,P_nat,logistic,H,,,synthetic,False,,,,,,,,9.0,INDEPENDENT_BACKGROUND
6294,N1,synthetic,P_nat,mlp32,HP,,,synthetic,True,,,,,,,,9.0,INDEPENDENT_BACKGROUND
6295,N1,synthetic,P_nat,mlp32,HPB,,,synthetic,True,,,,,,,,9.0,INDEPENDENT_BACKGROUND
6296,N1,synthetic,P_nat,mlp32,HPBnoise,,,synthetic,True,,,,,,,,9.0,INDEPENDENT_BACKGROUND
6297,N1,synthetic,P_nat,logistic,H,,,synthetic,False,,,,,,,,10.0,INDEPENDENT_BACKGROUND
6298,N1,synthetic,P_nat,mlp32,HP,,,synthetic,True,,,,,,,,10.0,INDEPENDENT_BACKGROUND
6299,N1,synthetic,P_nat,mlp32,HPB,,,synthetic,True,,,,,,,,10.0,INDEPENDENT_BACKGROUND
6300,N1,synthetic,P_nat,mlp32,HPBnoise,,,synthetic,True,,,,,,,,10.0,INDEPENDENT_BACKGROUND
6301,N1,synthetic,P_nat,logistic,H,,,synthetic,False,,,,,,,,11.0,INDEPENDENT_BACKGROUND
6302,N1,synthetic,P_nat,mlp32,HP,,,synthetic,True,,,,,,,,11.0,INDEPENDENT_BACKGROUND
6303,N1,synthetic,P_nat,mlp32,HPB,,,synthetic,True,,,,,,,,11.0,INDEPENDENT_BACKGROUND
6304,N1,synthetic,P_nat,mlp32,HPBnoise,,,synthetic,True,,,,,,,,11.0,INDEPENDENT_BACKGROUND
6305,N1,synthetic,P_nat,logistic,H,,,synthetic,False,,,,,,,,12.0,INDEPENDENT_BACKGROUND
6306,N1,synthetic,P_nat,mlp32,HP,,,synthetic,True,,,,,,,,12.0,INDEPENDENT_BACKGROUND
6307,N1,synthetic,P_nat,mlp32,HPB,,,synthetic,True,,,,,,,,12.0,INDEPENDENT_BACKGROUND
6308,N1,synthetic,P_nat,mlp32,HPBnoise,,,synthetic,True,,,,,,,,12.0,INDEPENDENT_BACKGROUND
6309,N1,synthetic,P_nat,logistic,H,,,synthetic,False,,,,,,,,13.0,INDEPENDENT_BACKGROUND
6310,N1,synthetic,P_nat,mlp32,HP,,,synthetic,True,,,,,,,,13.0,INDEPENDENT_BACKGROUND
6311,N1,synthetic,P_nat,mlp32,HPB,,,synthetic,True,,,,,,,,13.0,INDEPENDENT_BACKGROUND
6312,N1,synthetic,P_nat,mlp32,HPBnoise,,,synthetic,True,,,,,,,,13.0,INDEPENDENT_BACKGROUND
6313,N1,synthetic,P_nat,logistic,H,,,synthetic,False,,,,,,,,14.0,INDEPENDENT_BACKGROUND
6314,N1,synthetic,P_nat,mlp32,HP,,,synthetic,True,,,,,,,,14.0,INDEPENDENT_BACKGROUND
6315,N1,synthetic,P_nat,mlp32,HPB,,,synthetic,True,,,,,,,,14.0,INDEPENDENT_BACKGROUND
6316,N1,synthetic,P_nat,mlp32,HPBnoise,,,synthetic,True,,,,,,,,14.0,INDEPENDENT_BACKGROUND
6317,N1,synthetic,P_nat,logistic,H,,,synthetic,False,,,,,,,,15.0,INDEPENDENT_BACKGROUND
6318,N1,synthetic,P_nat,mlp32,HP,,,synthetic,True,,,,,,,,15.0,INDEPENDENT_BACKGROUND
6319,N1,synthetic,P_nat,mlp32,HPB,,,synthetic,True,,,,,,,,15.0,INDEPENDENT_BACKGROUND
6320,N1,synthetic,P_nat,mlp32,HPBnoise,,,synthetic,True,,,,,,,,15.0,INDEPENDENT_BACKGROUND
6321,N1,synthetic,P_nat,logistic,H,,,synthetic,False,,,,,,,,16.0,INDEPENDENT_BACKGROUND
6322,N1,synthetic,P_nat,mlp32,HP,,,synthetic,True,,,,,,,,16.0,INDEPENDENT_BACKGROUND
6323,N1,synthetic,P_nat,mlp32,HPB,,,synthetic,True,,,,,,,,16.0,INDEPENDENT_BACKGROUND
6324,N1,synthetic,P_nat,mlp32,HPBnoise,,,synthetic,True,,,,,,,,16.0,INDEPENDENT_BACKGROUND
6325,N1,synthetic,P_nat,logistic,H,,,synthetic,False,,,,,,,,17.0,INDEPENDENT_BACKGROUND
6326,N1,synthetic,P_nat,mlp32,HP,,,synthetic,True,,,,,,,,17.0,INDEPENDENT_BACKGROUND
6327,N1,synthetic,P_nat,mlp32,HPB,,,synthetic,True,,,,,,,,17.0,INDEPENDENT_BACKGROUND
6328,N1,synthetic,P_nat,mlp32,HPBnoise,,,synthetic,True,,,,,,,,17.0,INDEPENDENT_BACKGROUND
6329,N1,synthetic,P_nat,logistic,H,,,synthetic,False,,,,,,,,18.0,INDEPENDENT_BACKGROUND
6330,N1,synthetic,P_nat,mlp32,HP,,,synthetic,True,,,,,,,,18.0,INDEPENDENT_BACKGROUND
6331,N1,synthetic,P_nat,mlp32,HPB,,,synthetic,True,,,,,,,,18.0,INDEPENDENT_BACKGROUND
6332,N1,synthetic,P_nat,mlp32,HPBnoise,,,synthetic,True,,,,,,,,18.0,INDEPENDENT_BACKGROUND
6333,N1,synthetic,P_nat,logistic,H,,,synthetic,False,,,,,,,,19.0,INDEPENDENT_BACKGROUND
6334,N1,synthetic,P_nat,mlp32,HP,,,synthetic,True,,,,,,,,19.0,INDEPENDENT_BACKGROUND
6335,N1,synthetic,P_nat,mlp32,HPB,,,synthetic,True,,,,,,,,19.0,INDEPENDENT_BACKGROUND
6336,N1,synthetic,P_nat,mlp32,HPBnoise,,,synthetic,True,,,,,,,,19.0,INDEPENDENT_BACKGROUND
6337,N1,synthetic,P_nat,logistic,H,,,synthetic,False,,,,,,,,20.0,INDEPENDENT_BACKGROUND
6338,N1,synthetic,P_nat,mlp32,HP,,,synthetic,True,,,,,,,,20.0,INDEPENDENT_BACKGROUND
6339,N1,synthetic,P_nat,mlp32,HPB,,,synthetic,True,,,,,,,,20.0,INDEPENDENT_BACKGROUND
6340,N1,synthetic,P_nat,mlp32,HPBnoise,,,synthetic,True,,,,,,,,20.0,INDEPENDENT_BACKGROUND
6341,N1,synthetic,P_nat,logistic,H,,,synthetic,False,,,,,,,,21.0,INDEPENDENT_BACKGROUND
6342,N1,synthetic,P_nat,mlp32,HP,,,synthetic,True,,,,,,,,21.0,INDEPENDENT_BACKGROUND
6343,N1,synthetic,P_nat,mlp32,HPB,,,synthetic,True,,,,,,,,21.0,INDEPENDENT_BACKGROUND
6344,N1,synthetic,P_nat,mlp32,HPBnoise,,,synthetic,True,,,,,,,,21.0,INDEPENDENT_BACKGROUND
6345,N1,synthetic,P_nat,logistic,H,,,synthetic,False,,,,,,,,22.0,INDEPENDENT_BACKGROUND
6346,N1,synthetic,P_nat,mlp32,HP,,,synthetic,True,,,,,,,,22.0,INDEPENDENT_BACKGROUND
6347,N1,synthetic,P_nat,mlp32,HPB,,,synthetic,True,,,,,,,,22.0,INDEPENDENT_BACKGROUND
6348,N1,synthetic,P_nat,mlp32,HPBnoise,,,synthetic,True,,,,,,,,22.0,INDEPENDENT_BACKGROUND
6349,N1,synthetic,P_nat,logistic,H,,,synthetic,False,,,,,,,,23.0,INDEPENDENT_BACKGROUND
6350,N1,synthetic,P_nat,mlp32,HP,,,synthetic,True,,,,,,,,23.0,INDEPENDENT_BACKGROUND
6351,N1,synthetic,P_nat,mlp32,HPB,,,synthetic,True,,,,,,,,23.0,INDEPENDENT_BACKGROUND
6352,N1,synthetic,P_nat,mlp32,HPBnoise,,,synthetic,True,,,,,,,,23.0,INDEPENDENT_BACKGROUND
6353,N1,synthetic,P_nat,logistic,H,,,synthetic,False,,,,,,,,24.0,INDEPENDENT_BACKGROUND
6354,N1,synthetic,P_nat,mlp32,HP,,,synthetic,True,,,,,,,,24.0,INDEPENDENT_BACKGROUND
6355,N1,synthetic,P_nat,mlp32,HPB,,,synthetic,True,,,,,,,,24.0,INDEPENDENT_BACKGROUND
6356,N1,synthetic,P_nat,mlp32,HPBnoise,,,synthetic,True,,,,,,,,24.0,INDEPENDENT_BACKGROUND
6357,N1,synthetic,P_nat,logistic,H,,,synthetic,False,,,,,,,,25.0,INDEPENDENT_BACKGROUND
6358,N1,synthetic,P_nat,mlp32,HP,,,synthetic,True,,,,,,,,25.0,INDEPENDENT_BACKGROUND
6359,N1,synthetic,P_nat,mlp32,HPB,,,synthetic,True,,,,,,,,25.0,INDEPENDENT_BACKGROUND
6360,N1,synthetic,P_nat,mlp32,HPBnoise,,,synthetic,True,,,,,,,,25.0,INDEPENDENT_BACKGROUND
6361,N1,synthetic,P_nat,logistic,H,,,synthetic,False,,,,,,,,26.0,INDEPENDENT_BACKGROUND
6362,N1,synthetic,P_nat,mlp32,HP,,,synthetic,True,,,,,,,,26.0,INDEPENDENT_BACKGROUND
6363,N1,synthetic,P_nat,mlp32,HPB,,,synthetic,True,,,,,,,,26.0,INDEPENDENT_BACKGROUND
6364,N1,synthetic,P_nat,mlp32,HPBnoise,,,synthetic,True,,,,,,,,26.0,INDEPENDENT_BACKGROUND
6365,N1,synthetic,P_nat,logistic,H,,,synthetic,False,,,,,,,,27.0,INDEPENDENT_BACKGROUND
6366,N1,synthetic,P_nat,mlp32,HP,,,synthetic,True,,,,,,,,27.0,INDEPENDENT_BACKGROUND
6367,N1,synthetic,P_nat,mlp32,HPB,,,synthetic,True,,,,,,,,27.0,INDEPENDENT_BACKGROUND
6368,N1,synthetic,P_nat,mlp32,HPBnoise,,,synthetic,True,,,,,,,,27.0,INDEPENDENT_BACKGROUND
6369,N1,synthetic,P_nat,logistic,H,,,synthetic,False,,,,,,,,28.0,INDEPENDENT_BACKGROUND
6370,N1,synthetic,P_nat,mlp32,HP,,,synthetic,True,,,,,,,,28.0,INDEPENDENT_BACKGROUND
6371,N1,synthetic,P_nat,mlp32,HPB,,,synthetic,True,,,,,,,,28.0,INDEPENDENT_BACKGROUND
6372,N1,synthetic,P_nat,mlp32,HPBnoise,,,synthetic,True,,,,,,,,28.0,INDEPENDENT_BACKGROUND
6373,N1,synthetic,P_nat,logistic,H,,,synthetic,False,,,,,,,,29.0,INDEPENDENT_BACKGROUND
6374,N1,synthetic,P_nat,mlp32,HP,,,synthetic,True,,,,,,,,29.0,INDEPENDENT_BACKGROUND
6375,N1,synthetic,P_nat,mlp32,HPB,,,synthetic,True,,,,,,,,29.0,INDEPENDENT_BACKGROUND
6376,N1,synthetic,P_nat,mlp32,HPBnoise,,,synthetic,True,,,,,,,,29.0,INDEPENDENT_BACKGROUND
6377,N2,synthetic,P_bal,logistic,H,,,synthetic,False,,,,,,,,0.0,MEAN_SUFFICIENT
6378,N2,synthetic,P_bal,logistic,HMU,,,synthetic,False,,,,,,,,0.0,MEAN_SUFFICIENT
6379,N2,synthetic,P_bal,logistic,HMUVAR,,,synthetic,False,,,,,,,,0.0,MEAN_SUFFICIENT
6380,N2,synthetic,P_bal,logistic,HMUMU,,,synthetic,False,,,,,,,,0.0,MEAN_SUFFICIENT
6381,N2,synthetic,P_bal,logistic,HVAR,,,synthetic,False,,,,,,,,0.0,MEAN_SUFFICIENT
6382,N2,synthetic,P_bal,logistic,HRFF,,,synthetic,False,,,,,,,,0.0,MEAN_SUFFICIENT
6383,N2,synthetic,P_bal,logistic,H,,,synthetic,False,,,,,,,,1.0,MEAN_SUFFICIENT
6384,N2,synthetic,P_bal,logistic,HMU,,,synthetic,False,,,,,,,,1.0,MEAN_SUFFICIENT
6385,N2,synthetic,P_bal,logistic,HMUVAR,,,synthetic,False,,,,,,,,1.0,MEAN_SUFFICIENT
6386,N2,synthetic,P_bal,logistic,HMUMU,,,synthetic,False,,,,,,,,1.0,MEAN_SUFFICIENT
6387,N2,synthetic,P_bal,logistic,HVAR,,,synthetic,False,,,,,,,,1.0,MEAN_SUFFICIENT
6388,N2,synthetic,P_bal,logistic,HRFF,,,synthetic,False,,,,,,,,1.0,MEAN_SUFFICIENT
6389,N2,synthetic,P_bal,logistic,H,,,synthetic,False,,,,,,,,2.0,MEAN_SUFFICIENT
6390,N2,synthetic,P_bal,logistic,HMU,,,synthetic,False,,,,,,,,2.0,MEAN_SUFFICIENT
6391,N2,synthetic,P_bal,logistic,HMUVAR,,,synthetic,False,,,,,,,,2.0,MEAN_SUFFICIENT
6392,N2,synthetic,P_bal,logistic,HMUMU,,,synthetic,False,,,,,,,,2.0,MEAN_SUFFICIENT
6393,N2,synthetic,P_bal,logistic,HVAR,,,synthetic,False,,,,,,,,2.0,MEAN_SUFFICIENT
6394,N2,synthetic,P_bal,logistic,HRFF,,,synthetic,False,,,,,,,,2.0,MEAN_SUFFICIENT
6395,N2,synthetic,P_bal,logistic,H,,,synthetic,False,,,,,,,,3.0,MEAN_SUFFICIENT
6396,N2,synthetic,P_bal,logistic,HMU,,,synthetic,False,,,,,,,,3.0,MEAN_SUFFICIENT
6397,N2,synthetic,P_bal,logistic,HMUVAR,,,synthetic,False,,,,,,,,3.0,MEAN_SUFFICIENT
6398,N2,synthetic,P_bal,logistic,HMUMU,,,synthetic,False,,,,,,,,3.0,MEAN_SUFFICIENT
6399,N2,synthetic,P_bal,logistic,HVAR,,,synthetic,False,,,,,,,,3.0,MEAN_SUFFICIENT
6400,N2,synthetic,P_bal,logistic,HRFF,,,synthetic,False,,,,,,,,3.0,MEAN_SUFFICIENT
6401,N2,synthetic,P_bal,logistic,H,,,synthetic,False,,,,,,,,4.0,MEAN_SUFFICIENT
6402,N2,synthetic,P_bal,logistic,HMU,,,synthetic,False,,,,,,,,4.0,MEAN_SUFFICIENT
6403,N2,synthetic,P_bal,logistic,HMUVAR,,,synthetic,False,,,,,,,,4.0,MEAN_SUFFICIENT
6404,N2,synthetic,P_bal,logistic,HMUMU,,,synthetic,False,,,,,,,,4.0,MEAN_SUFFICIENT
6405,N2,synthetic,P_bal,logistic,HVAR,,,synthetic,False,,,,,,,,4.0,MEAN_SUFFICIENT
6406,N2,synthetic,P_bal,logistic,HRFF,,,synthetic,False,,,,,,,,4.0,MEAN_SUFFICIENT
6407,N2,synthetic,P_bal,logistic,H,,,synthetic,False,,,,,,,,5.0,MEAN_SUFFICIENT
6408,N2,synthetic,P_bal,logistic,HMU,,,synthetic,False,,,,,,,,5.0,MEAN_SUFFICIENT
6409,N2,synthetic,P_bal,logistic,HMUVAR,,,synthetic,False,,,,,,,,5.0,MEAN_SUFFICIENT
6410,N2,synthetic,P_bal,logistic,HMUMU,,,synthetic,False,,,,,,,,5.0,MEAN_SUFFICIENT
6411,N2,synthetic,P_bal,logistic,HVAR,,,synthetic,False,,,,,,,,5.0,MEAN_SUFFICIENT
6412,N2,synthetic,P_bal,logistic,HRFF,,,synthetic,False,,,,,,,,5.0,MEAN_SUFFICIENT
6413,N2,synthetic,P_bal,logistic,H,,,synthetic,False,,,,,,,,6.0,MEAN_SUFFICIENT
6414,N2,synthetic,P_bal,logistic,HMU,,,synthetic,False,,,,,,,,6.0,MEAN_SUFFICIENT
6415,N2,synthetic,P_bal,logistic,HMUVAR,,,synthetic,False,,,,,,,,6.0,MEAN_SUFFICIENT
6416,N2,synthetic,P_bal,logistic,HMUMU,,,synthetic,False,,,,,,,,6.0,MEAN_SUFFICIENT
6417,N2,synthetic,P_bal,logistic,HVAR,,,synthetic,False,,,,,,,,6.0,MEAN_SUFFICIENT
6418,N2,synthetic,P_bal,logistic,HRFF,,,synthetic,False,,,,,,,,6.0,MEAN_SUFFICIENT
6419,N2,synthetic,P_bal,logistic,H,,,synthetic,False,,,,,,,,7.0,MEAN_SUFFICIENT
6420,N2,synthetic,P_bal,logistic,HMU,,,synthetic,False,,,,,,,,7.0,MEAN_SUFFICIENT
6421,N2,synthetic,P_bal,logistic,HMUVAR,,,synthetic,False,,,,,,,,7.0,MEAN_SUFFICIENT
6422,N2,synthetic,P_bal,logistic,HMUMU,,,synthetic,False,,,,,,,,7.0,MEAN_SUFFICIENT
6423,N2,synthetic,P_bal,logistic,HVAR,,,synthetic,False,,,,,,,,7.0,MEAN_SUFFICIENT
6424,N2,synthetic,P_bal,logistic,HRFF,,,synthetic,False,,,,,,,,7.0,MEAN_SUFFICIENT
6425,N2,synthetic,P_bal,logistic,H,,,synthetic,False,,,,,,,,8.0,MEAN_SUFFICIENT
6426,N2,synthetic,P_bal,logistic,HMU,,,synthetic,False,,,,,,,,8.0,MEAN_SUFFICIENT
6427,N2,synthetic,P_bal,logistic,HMUVAR,,,synthetic,False,,,,,,,,8.0,MEAN_SUFFICIENT
6428,N2,synthetic,P_bal,logistic,HMUMU,,,synthetic,False,,,,,,,,8.0,MEAN_SUFFICIENT
6429,N2,synthetic,P_bal,logistic,HVAR,,,synthetic,False,,,,,,,,8.0,MEAN_SUFFICIENT
6430,N2,synthetic,P_bal,logistic,HRFF,,,synthetic,False,,,,,,,,8.0,MEAN_SUFFICIENT
6431,N2,synthetic,P_bal,logistic,H,,,synthetic,False,,,,,,,,9.0,MEAN_SUFFICIENT
6432,N2,synthetic,P_bal,logistic,HMU,,,synthetic,False,,,,,,,,9.0,MEAN_SUFFICIENT
6433,N2,synthetic,P_bal,logistic,HMUVAR,,,synthetic,False,,,,,,,,9.0,MEAN_SUFFICIENT
6434,N2,synthetic,P_bal,logistic,HMUMU,,,synthetic,False,,,,,,,,9.0,MEAN_SUFFICIENT
6435,N2,synthetic,P_bal,logistic,HVAR,,,synthetic,False,,,,,,,,9.0,MEAN_SUFFICIENT
6436,N2,synthetic,P_bal,logistic,HRFF,,,synthetic,False,,,,,,,,9.0,MEAN_SUFFICIENT
6437,N2,synthetic,P_bal,logistic,H,,,synthetic,False,,,,,,,,10.0,MEAN_SUFFICIENT
6438,N2,synthetic,P_bal,logistic,HMU,,,synthetic,False,,,,,,,,10.0,MEAN_SUFFICIENT
6439,N2,synthetic,P_bal,logistic,HMUVAR,,,synthetic,False,,,,,,,,10.0,MEAN_SUFFICIENT
6440,N2,synthetic,P_bal,logistic,HMUMU,,,synthetic,False,,,,,,,,10.0,MEAN_SUFFICIENT
6441,N2,synthetic,P_bal,logistic,HVAR,,,synthetic,False,,,,,,,,10.0,MEAN_SUFFICIENT
6442,N2,synthetic,P_bal,logistic,HRFF,,,synthetic,False,,,,,,,,10.0,MEAN_SUFFICIENT
6443,N2,synthetic,P_bal,logistic,H,,,synthetic,False,,,,,,,,11.0,MEAN_SUFFICIENT
6444,N2,synthetic,P_bal,logistic,HMU,,,synthetic,False,,,,,,,,11.0,MEAN_SUFFICIENT
6445,N2,synthetic,P_bal,logistic,HMUVAR,,,synthetic,False,,,,,,,,11.0,MEAN_SUFFICIENT
6446,N2,synthetic,P_bal,logistic,HMUMU,,,synthetic,False,,,,,,,,11.0,MEAN_SUFFICIENT
6447,N2,synthetic,P_bal,logistic,HVAR,,,synthetic,False,,,,,,,,11.0,MEAN_SUFFICIENT
6448,N2,synthetic,P_bal,logistic,HRFF,,,synthetic,False,,,,,,,,11.0,MEAN_SUFFICIENT
6449,N2,synthetic,P_bal,logistic,H,,,synthetic,False,,,,,,,,12.0,MEAN_SUFFICIENT
6450,N2,synthetic,P_bal,logistic,HMU,,,synthetic,False,,,,,,,,12.0,MEAN_SUFFICIENT
6451,N2,synthetic,P_bal,logistic,HMUVAR,,,synthetic,False,,,,,,,,12.0,MEAN_SUFFICIENT
6452,N2,synthetic,P_bal,logistic,HMUMU,,,synthetic,False,,,,,,,,12.0,MEAN_SUFFICIENT
6453,N2,synthetic,P_bal,logistic,HVAR,,,synthetic,False,,,,,,,,12.0,MEAN_SUFFICIENT
6454,N2,synthetic,P_bal,logistic,HRFF,,,synthetic,False,,,,,,,,12.0,MEAN_SUFFICIENT
6455,N2,synthetic,P_bal,logistic,H,,,synthetic,False,,,,,,,,13.0,MEAN_SUFFICIENT
6456,N2,synthetic,P_bal,logistic,HMU,,,synthetic,False,,,,,,,,13.0,MEAN_SUFFICIENT
6457,N2,synthetic,P_bal,logistic,HMUVAR,,,synthetic,False,,,,,,,,13.0,MEAN_SUFFICIENT
6458,N2,synthetic,P_bal,logistic,HMUMU,,,synthetic,False,,,,,,,,13.0,MEAN_SUFFICIENT
6459,N2,synthetic,P_bal,logistic,HVAR,,,synthetic,False,,,,,,,,13.0,MEAN_SUFFICIENT
6460,N2,synthetic,P_bal,logistic,HRFF,,,synthetic,False,,,,,,,,13.0,MEAN_SUFFICIENT
6461,N2,synthetic,P_bal,logistic,H,,,synthetic,False,,,,,,,,14.0,MEAN_SUFFICIENT
6462,N2,synthetic,P_bal,logistic,HMU,,,synthetic,False,,,,,,,,14.0,MEAN_SUFFICIENT
6463,N2,synthetic,P_bal,logistic,HMUVAR,,,synthetic,False,,,,,,,,14.0,MEAN_SUFFICIENT
6464,N2,synthetic,P_bal,logistic,HMUMU,,,synthetic,False,,,,,,,,14.0,MEAN_SUFFICIENT
6465,N2,synthetic,P_bal,logistic,HVAR,,,synthetic,False,,,,,,,,14.0,MEAN_SUFFICIENT
6466,N2,synthetic,P_bal,logistic,HRFF,,,synthetic,False,,,,,,,,14.0,MEAN_SUFFICIENT
6467,N2,synthetic,P_bal,logistic,H,,,synthetic,False,,,,,,,,15.0,MEAN_SUFFICIENT
6468,N2,synthetic,P_bal,logistic,HMU,,,synthetic,False,,,,,,,,15.0,MEAN_SUFFICIENT
6469,N2,synthetic,P_bal,logistic,HMUVAR,,,synthetic,False,,,,,,,,15.0,MEAN_SUFFICIENT
6470,N2,synthetic,P_bal,logistic,HMUMU,,,synthetic,False,,,,,,,,15.0,MEAN_SUFFICIENT
6471,N2,synthetic,P_bal,logistic,HVAR,,,synthetic,False,,,,,,,,15.0,MEAN_SUFFICIENT
6472,N2,synthetic,P_bal,logistic,HRFF,,,synthetic,False,,,,,,,,15.0,MEAN_SUFFICIENT
6473,N2,synthetic,P_bal,logistic,H,,,synthetic,False,,,,,,,,16.0,MEAN_SUFFICIENT
6474,N2,synthetic,P_bal,logistic,HMU,,,synthetic,False,,,,,,,,16.0,MEAN_SUFFICIENT
6475,N2,synthetic,P_bal,logistic,HMUVAR,,,synthetic,False,,,,,,,,16.0,MEAN_SUFFICIENT
6476,N2,synthetic,P_bal,logistic,HMUMU,,,synthetic,False,,,,,,,,16.0,MEAN_SUFFICIENT
6477,N2,synthetic,P_bal,logistic,HVAR,,,synthetic,False,,,,,,,,16.0,MEAN_SUFFICIENT
6478,N2,synthetic,P_bal,logistic,HRFF,,,synthetic,False,,,,,,,,16.0,MEAN_SUFFICIENT
6479,N2,synthetic,P_bal,logistic,H,,,synthetic,False,,,,,,,,17.0,MEAN_SUFFICIENT
6480,N2,synthetic,P_bal,logistic,HMU,,,synthetic,False,,,,,,,,17.0,MEAN_SUFFICIENT
6481,N2,synthetic,P_bal,logistic,HMUVAR,,,synthetic,False,,,,,,,,17.0,MEAN_SUFFICIENT
6482,N2,synthetic,P_bal,logistic,HMUMU,,,synthetic,False,,,,,,,,17.0,MEAN_SUFFICIENT
6483,N2,synthetic,P_bal,logistic,HVAR,,,synthetic,False,,,,,,,,17.0,MEAN_SUFFICIENT
6484,N2,synthetic,P_bal,logistic,HRFF,,,synthetic,False,,,,,,,,17.0,MEAN_SUFFICIENT
6485,N2,synthetic,P_bal,logistic,H,,,synthetic,False,,,,,,,,18.0,MEAN_SUFFICIENT
6486,N2,synthetic,P_bal,logistic,HMU,,,synthetic,False,,,,,,,,18.0,MEAN_SUFFICIENT
6487,N2,synthetic,P_bal,logistic,HMUVAR,,,synthetic,False,,,,,,,,18.0,MEAN_SUFFICIENT
6488,N2,synthetic,P_bal,logistic,HMUMU,,,synthetic,False,,,,,,,,18.0,MEAN_SUFFICIENT
6489,N2,synthetic,P_bal,logistic,HVAR,,,synthetic,False,,,,,,,,18.0,MEAN_SUFFICIENT
6490,N2,synthetic,P_bal,logistic,HRFF,,,synthetic,False,,,,,,,,18.0,MEAN_SUFFICIENT
6491,N2,synthetic,P_bal,logistic,H,,,synthetic,False,,,,,,,,19.0,MEAN_SUFFICIENT
6492,N2,synthetic,P_bal,logistic,HMU,,,synthetic,False,,,,,,,,19.0,MEAN_SUFFICIENT
6493,N2,synthetic,P_bal,logistic,HMUVAR,,,synthetic,False,,,,,,,,19.0,MEAN_SUFFICIENT
6494,N2,synthetic,P_bal,logistic,HMUMU,,,synthetic,False,,,,,,,,19.0,MEAN_SUFFICIENT
6495,N2,synthetic,P_bal,logistic,HVAR,,,synthetic,False,,,,,,,,19.0,MEAN_SUFFICIENT
6496,N2,synthetic,P_bal,logistic,HRFF,,,synthetic,False,,,,,,,,19.0,MEAN_SUFFICIENT
6497,N2,synthetic,P_bal,logistic,H,,,synthetic,False,,,,,,,,20.0,MEAN_SUFFICIENT
6498,N2,synthetic,P_bal,logistic,HMU,,,synthetic,False,,,,,,,,20.0,MEAN_SUFFICIENT
6499,N2,synthetic,P_bal,logistic,HMUVAR,,,synthetic,False,,,,,,,,20.0,MEAN_SUFFICIENT
6500,N2,synthetic,P_bal,logistic,HMUMU,,,synthetic,False,,,,,,,,20.0,MEAN_SUFFICIENT
6501,N2,synthetic,P_bal,logistic,HVAR,,,synthetic,False,,,,,,,,20.0,MEAN_SUFFICIENT
6502,N2,synthetic,P_bal,logistic,HRFF,,,synthetic,False,,,,,,,,20.0,MEAN_SUFFICIENT
6503,N2,synthetic,P_bal,logistic,H,,,synthetic,False,,,,,,,,21.0,MEAN_SUFFICIENT
6504,N2,synthetic,P_bal,logistic,HMU,,,synthetic,False,,,,,,,,21.0,MEAN_SUFFICIENT
6505,N2,synthetic,P_bal,logistic,HMUVAR,,,synthetic,False,,,,,,,,21.0,MEAN_SUFFICIENT
6506,N2,synthetic,P_bal,logistic,HMUMU,,,synthetic,False,,,,,,,,21.0,MEAN_SUFFICIENT
6507,N2,synthetic,P_bal,logistic,HVAR,,,synthetic,False,,,,,,,,21.0,MEAN_SUFFICIENT
6508,N2,synthetic,P_bal,logistic,HRFF,,,synthetic,False,,,,,,,,21.0,MEAN_SUFFICIENT
6509,N2,synthetic,P_bal,logistic,H,,,synthetic,False,,,,,,,,22.0,MEAN_SUFFICIENT
6510,N2,synthetic,P_bal,logistic,HMU,,,synthetic,False,,,,,,,,22.0,MEAN_SUFFICIENT
6511,N2,synthetic,P_bal,logistic,HMUVAR,,,synthetic,False,,,,,,,,22.0,MEAN_SUFFICIENT
6512,N2,synthetic,P_bal,logistic,HMUMU,,,synthetic,False,,,,,,,,22.0,MEAN_SUFFICIENT
6513,N2,synthetic,P_bal,logistic,HVAR,,,synthetic,False,,,,,,,,22.0,MEAN_SUFFICIENT
6514,N2,synthetic,P_bal,logistic,HRFF,,,synthetic,False,,,,,,,,22.0,MEAN_SUFFICIENT
6515,N2,synthetic,P_bal,logistic,H,,,synthetic,False,,,,,,,,23.0,MEAN_SUFFICIENT
6516,N2,synthetic,P_bal,logistic,HMU,,,synthetic,False,,,,,,,,23.0,MEAN_SUFFICIENT
6517,N2,synthetic,P_bal,logistic,HMUVAR,,,synthetic,False,,,,,,,,23.0,MEAN_SUFFICIENT
6518,N2,synthetic,P_bal,logistic,HMUMU,,,synthetic,False,,,,,,,,23.0,MEAN_SUFFICIENT
6519,N2,synthetic,P_bal,logistic,HVAR,,,synthetic,False,,,,,,,,23.0,MEAN_SUFFICIENT
6520,N2,synthetic,P_bal,logistic,HRFF,,,synthetic,False,,,,,,,,23.0,MEAN_SUFFICIENT
6521,N2,synthetic,P_bal,logistic,H,,,synthetic,False,,,,,,,,24.0,MEAN_SUFFICIENT
6522,N2,synthetic,P_bal,logistic,HMU,,,synthetic,False,,,,,,,,24.0,MEAN_SUFFICIENT
6523,N2,synthetic,P_bal,logistic,HMUVAR,,,synthetic,False,,,,,,,,24.0,MEAN_SUFFICIENT
6524,N2,synthetic,P_bal,logistic,HMUMU,,,synthetic,False,,,,,,,,24.0,MEAN_SUFFICIENT
6525,N2,synthetic,P_bal,logistic,HVAR,,,synthetic,False,,,,,,,,24.0,MEAN_SUFFICIENT
6526,N2,synthetic,P_bal,logistic,HRFF,,,synthetic,False,,,,,,,,24.0,MEAN_SUFFICIENT
6527,N2,synthetic,P_bal,logistic,H,,,synthetic,False,,,,,,,,25.0,MEAN_SUFFICIENT
6528,N2,synthetic,P_bal,logistic,HMU,,,synthetic,False,,,,,,,,25.0,MEAN_SUFFICIENT
6529,N2,synthetic,P_bal,logistic,HMUVAR,,,synthetic,False,,,,,,,,25.0,MEAN_SUFFICIENT
6530,N2,synthetic,P_bal,logistic,HMUMU,,,synthetic,False,,,,,,,,25.0,MEAN_SUFFICIENT
6531,N2,synthetic,P_bal,logistic,HVAR,,,synthetic,False,,,,,,,,25.0,MEAN_SUFFICIENT
6532,N2,synthetic,P_bal,logistic,HRFF,,,synthetic,False,,,,,,,,25.0,MEAN_SUFFICIENT
6533,N2,synthetic,P_bal,logistic,H,,,synthetic,False,,,,,,,,26.0,MEAN_SUFFICIENT
6534,N2,synthetic,P_bal,logistic,HMU,,,synthetic,False,,,,,,,,26.0,MEAN_SUFFICIENT
6535,N2,synthetic,P_bal,logistic,HMUVAR,,,synthetic,False,,,,,,,,26.0,MEAN_SUFFICIENT
6536,N2,synthetic,P_bal,logistic,HMUMU,,,synthetic,False,,,,,,,,26.0,MEAN_SUFFICIENT
6537,N2,synthetic,P_bal,logistic,HVAR,,,synthetic,False,,,,,,,,26.0,MEAN_SUFFICIENT
6538,N2,synthetic,P_bal,logistic,HRFF,,,synthetic,False,,,,,,,,26.0,MEAN_SUFFICIENT
6539,N2,synthetic,P_bal,logistic,H,,,synthetic,False,,,,,,,,27.0,MEAN_SUFFICIENT
6540,N2,synthetic,P_bal,logistic,HMU,,,synthetic,False,,,,,,,,27.0,MEAN_SUFFICIENT
6541,N2,synthetic,P_bal,logistic,HMUVAR,,,synthetic,False,,,,,,,,27.0,MEAN_SUFFICIENT
6542,N2,synthetic,P_bal,logistic,HMUMU,,,synthetic,False,,,,,,,,27.0,MEAN_SUFFICIENT
6543,N2,synthetic,P_bal,logistic,HVAR,,,synthetic,False,,,,,,,,27.0,MEAN_SUFFICIENT
6544,N2,synthetic,P_bal,logistic,HRFF,,,synthetic,False,,,,,,,,27.0,MEAN_SUFFICIENT
6545,N2,synthetic,P_bal,logistic,H,,,synthetic,False,,,,,,,,28.0,MEAN_SUFFICIENT
6546,N2,synthetic,P_bal,logistic,HMU,,,synthetic,False,,,,,,,,28.0,MEAN_SUFFICIENT
6547,N2,synthetic,P_bal,logistic,HMUVAR,,,synthetic,False,,,,,,,,28.0,MEAN_SUFFICIENT
6548,N2,synthetic,P_bal,logistic,HMUMU,,,synthetic,False,,,,,,,,28.0,MEAN_SUFFICIENT
6549,N2,synthetic,P_bal,logistic,HVAR,,,synthetic,False,,,,,,,,28.0,MEAN_SUFFICIENT
6550,N2,synthetic,P_bal,logistic,HRFF,,,synthetic,False,,,,,,,,28.0,MEAN_SUFFICIENT
6551,N2,synthetic,P_bal,logistic,H,,,synthetic,False,,,,,,,,29.0,MEAN_SUFFICIENT
6552,N2,synthetic,P_bal,logistic,HMU,,,synthetic,False,,,,,,,,29.0,MEAN_SUFFICIENT
6553,N2,synthetic,P_bal,logistic,HMUVAR,,,synthetic,False,,,,,,,,29.0,MEAN_SUFFICIENT
6554,N2,synthetic,P_bal,logistic,HMUMU,,,synthetic,False,,,,,,,,29.0,MEAN_SUFFICIENT
6555,N2,synthetic,P_bal,logistic,HVAR,,,synthetic,False,,,,,,,,29.0,MEAN_SUFFICIENT
6556,N2,synthetic,P_bal,logistic,HRFF,,,synthetic,False,,,,,,,,29.0,MEAN_SUFFICIENT
6557,N2,synthetic,P_bal,logistic,H,,,synthetic,False,,,,,,,,0.0,COVARIANCE_SIGNAL
6558,N2,synthetic,P_bal,logistic,HMU,,,synthetic,False,,,,,,,,0.0,COVARIANCE_SIGNAL
6559,N2,synthetic,P_bal,logistic,HMUVAR,,,synthetic,False,,,,,,,,0.0,COVARIANCE_SIGNAL
6560,N2,synthetic,P_bal,logistic,HMUMU,,,synthetic,False,,,,,,,,0.0,COVARIANCE_SIGNAL
6561,N2,synthetic,P_bal,logistic,HVAR,,,synthetic,False,,,,,,,,0.0,COVARIANCE_SIGNAL
6562,N2,synthetic,P_bal,logistic,HRFF,,,synthetic,False,,,,,,,,0.0,COVARIANCE_SIGNAL
6563,N2,synthetic,P_bal,logistic,H,,,synthetic,False,,,,,,,,1.0,COVARIANCE_SIGNAL
6564,N2,synthetic,P_bal,logistic,HMU,,,synthetic,False,,,,,,,,1.0,COVARIANCE_SIGNAL
6565,N2,synthetic,P_bal,logistic,HMUVAR,,,synthetic,False,,,,,,,,1.0,COVARIANCE_SIGNAL
6566,N2,synthetic,P_bal,logistic,HMUMU,,,synthetic,False,,,,,,,,1.0,COVARIANCE_SIGNAL
6567,N2,synthetic,P_bal,logistic,HVAR,,,synthetic,False,,,,,,,,1.0,COVARIANCE_SIGNAL
6568,N2,synthetic,P_bal,logistic,HRFF,,,synthetic,False,,,,,,,,1.0,COVARIANCE_SIGNAL
6569,N2,synthetic,P_bal,logistic,H,,,synthetic,False,,,,,,,,2.0,COVARIANCE_SIGNAL
6570,N2,synthetic,P_bal,logistic,HMU,,,synthetic,False,,,,,,,,2.0,COVARIANCE_SIGNAL
6571,N2,synthetic,P_bal,logistic,HMUVAR,,,synthetic,False,,,,,,,,2.0,COVARIANCE_SIGNAL
6572,N2,synthetic,P_bal,logistic,HMUMU,,,synthetic,False,,,,,,,,2.0,COVARIANCE_SIGNAL
6573,N2,synthetic,P_bal,logistic,HVAR,,,synthetic,False,,,,,,,,2.0,COVARIANCE_SIGNAL
6574,N2,synthetic,P_bal,logistic,HRFF,,,synthetic,False,,,,,,,,2.0,COVARIANCE_SIGNAL
6575,N2,synthetic,P_bal,logistic,H,,,synthetic,False,,,,,,,,3.0,COVARIANCE_SIGNAL
6576,N2,synthetic,P_bal,logistic,HMU,,,synthetic,False,,,,,,,,3.0,COVARIANCE_SIGNAL
6577,N2,synthetic,P_bal,logistic,HMUVAR,,,synthetic,False,,,,,,,,3.0,COVARIANCE_SIGNAL
6578,N2,synthetic,P_bal,logistic,HMUMU,,,synthetic,False,,,,,,,,3.0,COVARIANCE_SIGNAL
6579,N2,synthetic,P_bal,logistic,HVAR,,,synthetic,False,,,,,,,,3.0,COVARIANCE_SIGNAL
6580,N2,synthetic,P_bal,logistic,HRFF,,,synthetic,False,,,,,,,,3.0,COVARIANCE_SIGNAL
6581,N2,synthetic,P_bal,logistic,H,,,synthetic,False,,,,,,,,4.0,COVARIANCE_SIGNAL
6582,N2,synthetic,P_bal,logistic,HMU,,,synthetic,False,,,,,,,,4.0,COVARIANCE_SIGNAL
6583,N2,synthetic,P_bal,logistic,HMUVAR,,,synthetic,False,,,,,,,,4.0,COVARIANCE_SIGNAL
6584,N2,synthetic,P_bal,logistic,HMUMU,,,synthetic,False,,,,,,,,4.0,COVARIANCE_SIGNAL
6585,N2,synthetic,P_bal,logistic,HVAR,,,synthetic,False,,,,,,,,4.0,COVARIANCE_SIGNAL
6586,N2,synthetic,P_bal,logistic,HRFF,,,synthetic,False,,,,,,,,4.0,COVARIANCE_SIGNAL
6587,N2,synthetic,P_bal,logistic,H,,,synthetic,False,,,,,,,,5.0,COVARIANCE_SIGNAL
6588,N2,synthetic,P_bal,logistic,HMU,,,synthetic,False,,,,,,,,5.0,COVARIANCE_SIGNAL
6589,N2,synthetic,P_bal,logistic,HMUVAR,,,synthetic,False,,,,,,,,5.0,COVARIANCE_SIGNAL
6590,N2,synthetic,P_bal,logistic,HMUMU,,,synthetic,False,,,,,,,,5.0,COVARIANCE_SIGNAL
6591,N2,synthetic,P_bal,logistic,HVAR,,,synthetic,False,,,,,,,,5.0,COVARIANCE_SIGNAL
6592,N2,synthetic,P_bal,logistic,HRFF,,,synthetic,False,,,,,,,,5.0,COVARIANCE_SIGNAL
6593,N2,synthetic,P_bal,logistic,H,,,synthetic,False,,,,,,,,6.0,COVARIANCE_SIGNAL
6594,N2,synthetic,P_bal,logistic,HMU,,,synthetic,False,,,,,,,,6.0,COVARIANCE_SIGNAL
6595,N2,synthetic,P_bal,logistic,HMUVAR,,,synthetic,False,,,,,,,,6.0,COVARIANCE_SIGNAL
6596,N2,synthetic,P_bal,logistic,HMUMU,,,synthetic,False,,,,,,,,6.0,COVARIANCE_SIGNAL
6597,N2,synthetic,P_bal,logistic,HVAR,,,synthetic,False,,,,,,,,6.0,COVARIANCE_SIGNAL
6598,N2,synthetic,P_bal,logistic,HRFF,,,synthetic,False,,,,,,,,6.0,COVARIANCE_SIGNAL
6599,N2,synthetic,P_bal,logistic,H,,,synthetic,False,,,,,,,,7.0,COVARIANCE_SIGNAL
6600,N2,synthetic,P_bal,logistic,HMU,,,synthetic,False,,,,,,,,7.0,COVARIANCE_SIGNAL
6601,N2,synthetic,P_bal,logistic,HMUVAR,,,synthetic,False,,,,,,,,7.0,COVARIANCE_SIGNAL
6602,N2,synthetic,P_bal,logistic,HMUMU,,,synthetic,False,,,,,,,,7.0,COVARIANCE_SIGNAL
6603,N2,synthetic,P_bal,logistic,HVAR,,,synthetic,False,,,,,,,,7.0,COVARIANCE_SIGNAL
6604,N2,synthetic,P_bal,logistic,HRFF,,,synthetic,False,,,,,,,,7.0,COVARIANCE_SIGNAL
6605,N2,synthetic,P_bal,logistic,H,,,synthetic,False,,,,,,,,8.0,COVARIANCE_SIGNAL
6606,N2,synthetic,P_bal,logistic,HMU,,,synthetic,False,,,,,,,,8.0,COVARIANCE_SIGNAL
6607,N2,synthetic,P_bal,logistic,HMUVAR,,,synthetic,False,,,,,,,,8.0,COVARIANCE_SIGNAL
6608,N2,synthetic,P_bal,logistic,HMUMU,,,synthetic,False,,,,,,,,8.0,COVARIANCE_SIGNAL
6609,N2,synthetic,P_bal,logistic,HVAR,,,synthetic,False,,,,,,,,8.0,COVARIANCE_SIGNAL
6610,N2,synthetic,P_bal,logistic,HRFF,,,synthetic,False,,,,,,,,8.0,COVARIANCE_SIGNAL
6611,N2,synthetic,P_bal,logistic,H,,,synthetic,False,,,,,,,,9.0,COVARIANCE_SIGNAL
6612,N2,synthetic,P_bal,logistic,HMU,,,synthetic,False,,,,,,,,9.0,COVARIANCE_SIGNAL
6613,N2,synthetic,P_bal,logistic,HMUVAR,,,synthetic,False,,,,,,,,9.0,COVARIANCE_SIGNAL
6614,N2,synthetic,P_bal,logistic,HMUMU,,,synthetic,False,,,,,,,,9.0,COVARIANCE_SIGNAL
6615,N2,synthetic,P_bal,logistic,HVAR,,,synthetic,False,,,,,,,,9.0,COVARIANCE_SIGNAL
6616,N2,synthetic,P_bal,logistic,HRFF,,,synthetic,False,,,,,,,,9.0,COVARIANCE_SIGNAL
6617,N2,synthetic,P_bal,logistic,H,,,synthetic,False,,,,,,,,10.0,COVARIANCE_SIGNAL
6618,N2,synthetic,P_bal,logistic,HMU,,,synthetic,False,,,,,,,,10.0,COVARIANCE_SIGNAL
6619,N2,synthetic,P_bal,logistic,HMUVAR,,,synthetic,False,,,,,,,,10.0,COVARIANCE_SIGNAL
6620,N2,synthetic,P_bal,logistic,HMUMU,,,synthetic,False,,,,,,,,10.0,COVARIANCE_SIGNAL
6621,N2,synthetic,P_bal,logistic,HVAR,,,synthetic,False,,,,,,,,10.0,COVARIANCE_SIGNAL
6622,N2,synthetic,P_bal,logistic,HRFF,,,synthetic,False,,,,,,,,10.0,COVARIANCE_SIGNAL
6623,N2,synthetic,P_bal,logistic,H,,,synthetic,False,,,,,,,,11.0,COVARIANCE_SIGNAL
6624,N2,synthetic,P_bal,logistic,HMU,,,synthetic,False,,,,,,,,11.0,COVARIANCE_SIGNAL
6625,N2,synthetic,P_bal,logistic,HMUVAR,,,synthetic,False,,,,,,,,11.0,COVARIANCE_SIGNAL
6626,N2,synthetic,P_bal,logistic,HMUMU,,,synthetic,False,,,,,,,,11.0,COVARIANCE_SIGNAL
6627,N2,synthetic,P_bal,logistic,HVAR,,,synthetic,False,,,,,,,,11.0,COVARIANCE_SIGNAL
6628,N2,synthetic,P_bal,logistic,HRFF,,,synthetic,False,,,,,,,,11.0,COVARIANCE_SIGNAL
6629,N2,synthetic,P_bal,logistic,H,,,synthetic,False,,,,,,,,12.0,COVARIANCE_SIGNAL
6630,N2,synthetic,P_bal,logistic,HMU,,,synthetic,False,,,,,,,,12.0,COVARIANCE_SIGNAL
6631,N2,synthetic,P_bal,logistic,HMUVAR,,,synthetic,False,,,,,,,,12.0,COVARIANCE_SIGNAL
6632,N2,synthetic,P_bal,logistic,HMUMU,,,synthetic,False,,,,,,,,12.0,COVARIANCE_SIGNAL
6633,N2,synthetic,P_bal,logistic,HVAR,,,synthetic,False,,,,,,,,12.0,COVARIANCE_SIGNAL
6634,N2,synthetic,P_bal,logistic,HRFF,,,synthetic,False,,,,,,,,12.0,COVARIANCE_SIGNAL
6635,N2,synthetic,P_bal,logistic,H,,,synthetic,False,,,,,,,,13.0,COVARIANCE_SIGNAL
6636,N2,synthetic,P_bal,logistic,HMU,,,synthetic,False,,,,,,,,13.0,COVARIANCE_SIGNAL
6637,N2,synthetic,P_bal,logistic,HMUVAR,,,synthetic,False,,,,,,,,13.0,COVARIANCE_SIGNAL
6638,N2,synthetic,P_bal,logistic,HMUMU,,,synthetic,False,,,,,,,,13.0,COVARIANCE_SIGNAL
6639,N2,synthetic,P_bal,logistic,HVAR,,,synthetic,False,,,,,,,,13.0,COVARIANCE_SIGNAL
6640,N2,synthetic,P_bal,logistic,HRFF,,,synthetic,False,,,,,,,,13.0,COVARIANCE_SIGNAL
6641,N2,synthetic,P_bal,logistic,H,,,synthetic,False,,,,,,,,14.0,COVARIANCE_SIGNAL
6642,N2,synthetic,P_bal,logistic,HMU,,,synthetic,False,,,,,,,,14.0,COVARIANCE_SIGNAL
6643,N2,synthetic,P_bal,logistic,HMUVAR,,,synthetic,False,,,,,,,,14.0,COVARIANCE_SIGNAL
6644,N2,synthetic,P_bal,logistic,HMUMU,,,synthetic,False,,,,,,,,14.0,COVARIANCE_SIGNAL
6645,N2,synthetic,P_bal,logistic,HVAR,,,synthetic,False,,,,,,,,14.0,COVARIANCE_SIGNAL
6646,N2,synthetic,P_bal,logistic,HRFF,,,synthetic,False,,,,,,,,14.0,COVARIANCE_SIGNAL
6647,N2,synthetic,P_bal,logistic,H,,,synthetic,False,,,,,,,,15.0,COVARIANCE_SIGNAL
6648,N2,synthetic,P_bal,logistic,HMU,,,synthetic,False,,,,,,,,15.0,COVARIANCE_SIGNAL
6649,N2,synthetic,P_bal,logistic,HMUVAR,,,synthetic,False,,,,,,,,15.0,COVARIANCE_SIGNAL
6650,N2,synthetic,P_bal,logistic,HMUMU,,,synthetic,False,,,,,,,,15.0,COVARIANCE_SIGNAL
6651,N2,synthetic,P_bal,logistic,HVAR,,,synthetic,False,,,,,,,,15.0,COVARIANCE_SIGNAL
6652,N2,synthetic,P_bal,logistic,HRFF,,,synthetic,False,,,,,,,,15.0,COVARIANCE_SIGNAL
6653,N2,synthetic,P_bal,logistic,H,,,synthetic,False,,,,,,,,16.0,COVARIANCE_SIGNAL
6654,N2,synthetic,P_bal,logistic,HMU,,,synthetic,False,,,,,,,,16.0,COVARIANCE_SIGNAL
6655,N2,synthetic,P_bal,logistic,HMUVAR,,,synthetic,False,,,,,,,,16.0,COVARIANCE_SIGNAL
6656,N2,synthetic,P_bal,logistic,HMUMU,,,synthetic,False,,,,,,,,16.0,COVARIANCE_SIGNAL
6657,N2,synthetic,P_bal,logistic,HVAR,,,synthetic,False,,,,,,,,16.0,COVARIANCE_SIGNAL
6658,N2,synthetic,P_bal,logistic,HRFF,,,synthetic,False,,,,,,,,16.0,COVARIANCE_SIGNAL
6659,N2,synthetic,P_bal,logistic,H,,,synthetic,False,,,,,,,,17.0,COVARIANCE_SIGNAL
6660,N2,synthetic,P_bal,logistic,HMU,,,synthetic,False,,,,,,,,17.0,COVARIANCE_SIGNAL
6661,N2,synthetic,P_bal,logistic,HMUVAR,,,synthetic,False,,,,,,,,17.0,COVARIANCE_SIGNAL
6662,N2,synthetic,P_bal,logistic,HMUMU,,,synthetic,False,,,,,,,,17.0,COVARIANCE_SIGNAL
6663,N2,synthetic,P_bal,logistic,HVAR,,,synthetic,False,,,,,,,,17.0,COVARIANCE_SIGNAL
6664,N2,synthetic,P_bal,logistic,HRFF,,,synthetic,False,,,,,,,,17.0,COVARIANCE_SIGNAL
6665,N2,synthetic,P_bal,logistic,H,,,synthetic,False,,,,,,,,18.0,COVARIANCE_SIGNAL
6666,N2,synthetic,P_bal,logistic,HMU,,,synthetic,False,,,,,,,,18.0,COVARIANCE_SIGNAL
6667,N2,synthetic,P_bal,logistic,HMUVAR,,,synthetic,False,,,,,,,,18.0,COVARIANCE_SIGNAL
6668,N2,synthetic,P_bal,logistic,HMUMU,,,synthetic,False,,,,,,,,18.0,COVARIANCE_SIGNAL
6669,N2,synthetic,P_bal,logistic,HVAR,,,synthetic,False,,,,,,,,18.0,COVARIANCE_SIGNAL
6670,N2,synthetic,P_bal,logistic,HRFF,,,synthetic,False,,,,,,,,18.0,COVARIANCE_SIGNAL
6671,N2,synthetic,P_bal,logistic,H,,,synthetic,False,,,,,,,,19.0,COVARIANCE_SIGNAL
6672,N2,synthetic,P_bal,logistic,HMU,,,synthetic,False,,,,,,,,19.0,COVARIANCE_SIGNAL
6673,N2,synthetic,P_bal,logistic,HMUVAR,,,synthetic,False,,,,,,,,19.0,COVARIANCE_SIGNAL
6674,N2,synthetic,P_bal,logistic,HMUMU,,,synthetic,False,,,,,,,,19.0,COVARIANCE_SIGNAL
6675,N2,synthetic,P_bal,logistic,HVAR,,,synthetic,False,,,,,,,,19.0,COVARIANCE_SIGNAL
6676,N2,synthetic,P_bal,logistic,HRFF,,,synthetic,False,,,,,,,,19.0,COVARIANCE_SIGNAL
6677,N2,synthetic,P_bal,logistic,H,,,synthetic,False,,,,,,,,20.0,COVARIANCE_SIGNAL
6678,N2,synthetic,P_bal,logistic,HMU,,,synthetic,False,,,,,,,,20.0,COVARIANCE_SIGNAL
6679,N2,synthetic,P_bal,logistic,HMUVAR,,,synthetic,False,,,,,,,,20.0,COVARIANCE_SIGNAL
6680,N2,synthetic,P_bal,logistic,HMUMU,,,synthetic,False,,,,,,,,20.0,COVARIANCE_SIGNAL
6681,N2,synthetic,P_bal,logistic,HVAR,,,synthetic,False,,,,,,,,20.0,COVARIANCE_SIGNAL
6682,N2,synthetic,P_bal,logistic,HRFF,,,synthetic,False,,,,,,,,20.0,COVARIANCE_SIGNAL
6683,N2,synthetic,P_bal,logistic,H,,,synthetic,False,,,,,,,,21.0,COVARIANCE_SIGNAL
6684,N2,synthetic,P_bal,logistic,HMU,,,synthetic,False,,,,,,,,21.0,COVARIANCE_SIGNAL
6685,N2,synthetic,P_bal,logistic,HMUVAR,,,synthetic,False,,,,,,,,21.0,COVARIANCE_SIGNAL
6686,N2,synthetic,P_bal,logistic,HMUMU,,,synthetic,False,,,,,,,,21.0,COVARIANCE_SIGNAL
6687,N2,synthetic,P_bal,logistic,HVAR,,,synthetic,False,,,,,,,,21.0,COVARIANCE_SIGNAL
6688,N2,synthetic,P_bal,logistic,HRFF,,,synthetic,False,,,,,,,,21.0,COVARIANCE_SIGNAL
6689,N2,synthetic,P_bal,logistic,H,,,synthetic,False,,,,,,,,22.0,COVARIANCE_SIGNAL
6690,N2,synthetic,P_bal,logistic,HMU,,,synthetic,False,,,,,,,,22.0,COVARIANCE_SIGNAL
6691,N2,synthetic,P_bal,logistic,HMUVAR,,,synthetic,False,,,,,,,,22.0,COVARIANCE_SIGNAL
6692,N2,synthetic,P_bal,logistic,HMUMU,,,synthetic,False,,,,,,,,22.0,COVARIANCE_SIGNAL
6693,N2,synthetic,P_bal,logistic,HVAR,,,synthetic,False,,,,,,,,22.0,COVARIANCE_SIGNAL
6694,N2,synthetic,P_bal,logistic,HRFF,,,synthetic,False,,,,,,,,22.0,COVARIANCE_SIGNAL
6695,N2,synthetic,P_bal,logistic,H,,,synthetic,False,,,,,,,,23.0,COVARIANCE_SIGNAL
6696,N2,synthetic,P_bal,logistic,HMU,,,synthetic,False,,,,,,,,23.0,COVARIANCE_SIGNAL
6697,N2,synthetic,P_bal,logistic,HMUVAR,,,synthetic,False,,,,,,,,23.0,COVARIANCE_SIGNAL
6698,N2,synthetic,P_bal,logistic,HMUMU,,,synthetic,False,,,,,,,,23.0,COVARIANCE_SIGNAL
6699,N2,synthetic,P_bal,logistic,HVAR,,,synthetic,False,,,,,,,,23.0,COVARIANCE_SIGNAL
6700,N2,synthetic,P_bal,logistic,HRFF,,,synthetic,False,,,,,,,,23.0,COVARIANCE_SIGNAL
6701,N2,synthetic,P_bal,logistic,H,,,synthetic,False,,,,,,,,24.0,COVARIANCE_SIGNAL
6702,N2,synthetic,P_bal,logistic,HMU,,,synthetic,False,,,,,,,,24.0,COVARIANCE_SIGNAL
6703,N2,synthetic,P_bal,logistic,HMUVAR,,,synthetic,False,,,,,,,,24.0,COVARIANCE_SIGNAL
6704,N2,synthetic,P_bal,logistic,HMUMU,,,synthetic,False,,,,,,,,24.0,COVARIANCE_SIGNAL
6705,N2,synthetic,P_bal,logistic,HVAR,,,synthetic,False,,,,,,,,24.0,COVARIANCE_SIGNAL
6706,N2,synthetic,P_bal,logistic,HRFF,,,synthetic,False,,,,,,,,24.0,COVARIANCE_SIGNAL
6707,N2,synthetic,P_bal,logistic,H,,,synthetic,False,,,,,,,,25.0,COVARIANCE_SIGNAL
6708,N2,synthetic,P_bal,logistic,HMU,,,synthetic,False,,,,,,,,25.0,COVARIANCE_SIGNAL
6709,N2,synthetic,P_bal,logistic,HMUVAR,,,synthetic,False,,,,,,,,25.0,COVARIANCE_SIGNAL
6710,N2,synthetic,P_bal,logistic,HMUMU,,,synthetic,False,,,,,,,,25.0,COVARIANCE_SIGNAL
6711,N2,synthetic,P_bal,logistic,HVAR,,,synthetic,False,,,,,,,,25.0,COVARIANCE_SIGNAL
6712,N2,synthetic,P_bal,logistic,HRFF,,,synthetic,False,,,,,,,,25.0,COVARIANCE_SIGNAL
6713,N2,synthetic,P_bal,logistic,H,,,synthetic,False,,,,,,,,26.0,COVARIANCE_SIGNAL
6714,N2,synthetic,P_bal,logistic,HMU,,,synthetic,False,,,,,,,,26.0,COVARIANCE_SIGNAL
6715,N2,synthetic,P_bal,logistic,HMUVAR,,,synthetic,False,,,,,,,,26.0,COVARIANCE_SIGNAL
6716,N2,synthetic,P_bal,logistic,HMUMU,,,synthetic,False,,,,,,,,26.0,COVARIANCE_SIGNAL
6717,N2,synthetic,P_bal,logistic,HVAR,,,synthetic,False,,,,,,,,26.0,COVARIANCE_SIGNAL
6718,N2,synthetic,P_bal,logistic,HRFF,,,synthetic,False,,,,,,,,26.0,COVARIANCE_SIGNAL
6719,N2,synthetic,P_bal,logistic,H,,,synthetic,False,,,,,,,,27.0,COVARIANCE_SIGNAL
6720,N2,synthetic,P_bal,logistic,HMU,,,synthetic,False,,,,,,,,27.0,COVARIANCE_SIGNAL
6721,N2,synthetic,P_bal,logistic,HMUVAR,,,synthetic,False,,,,,,,,27.0,COVARIANCE_SIGNAL
6722,N2,synthetic,P_bal,logistic,HMUMU,,,synthetic,False,,,,,,,,27.0,COVARIANCE_SIGNAL
6723,N2,synthetic,P_bal,logistic,HVAR,,,synthetic,False,,,,,,,,27.0,COVARIANCE_SIGNAL
6724,N2,synthetic,P_bal,logistic,HRFF,,,synthetic,False,,,,,,,,27.0,COVARIANCE_SIGNAL
6725,N2,synthetic,P_bal,logistic,H,,,synthetic,False,,,,,,,,28.0,COVARIANCE_SIGNAL
6726,N2,synthetic,P_bal,logistic,HMU,,,synthetic,False,,,,,,,,28.0,COVARIANCE_SIGNAL
6727,N2,synthetic,P_bal,logistic,HMUVAR,,,synthetic,False,,,,,,,,28.0,COVARIANCE_SIGNAL
6728,N2,synthetic,P_bal,logistic,HMUMU,,,synthetic,False,,,,,,,,28.0,COVARIANCE_SIGNAL
6729,N2,synthetic,P_bal,logistic,HVAR,,,synthetic,False,,,,,,,,28.0,COVARIANCE_SIGNAL
6730,N2,synthetic,P_bal,logistic,HRFF,,,synthetic,False,,,,,,,,28.0,COVARIANCE_SIGNAL
6731,N2,synthetic,P_bal,logistic,H,,,synthetic,False,,,,,,,,29.0,COVARIANCE_SIGNAL
6732,N2,synthetic,P_bal,logistic,HMU,,,synthetic,False,,,,,,,,29.0,COVARIANCE_SIGNAL
6733,N2,synthetic,P_bal,logistic,HMUVAR,,,synthetic,False,,,,,,,,29.0,COVARIANCE_SIGNAL
6734,N2,synthetic,P_bal,logistic,HMUMU,,,synthetic,False,,,,,,,,29.0,COVARIANCE_SIGNAL
6735,N2,synthetic,P_bal,logistic,HVAR,,,synthetic,False,,,,,,,,29.0,COVARIANCE_SIGNAL
6736,N2,synthetic,P_bal,logistic,HRFF,,,synthetic,False,,,,,,,,29.0,COVARIANCE_SIGNAL
6737,N2,synthetic,P_bal,logistic,H,,,synthetic,False,,,,,,,,0.0,TIME_DRIFT
6738,N2,synthetic,P_bal,logistic,HMU,,,synthetic,False,,,,,,,,0.0,TIME_DRIFT
6739,N2,synthetic,P_bal,logistic,HMUVAR,,,synthetic,False,,,,,,,,0.0,TIME_DRIFT
6740,N2,synthetic,P_bal,logistic,HMUMU,,,synthetic,False,,,,,,,,0.0,TIME_DRIFT
6741,N2,synthetic,P_bal,logistic,HVAR,,,synthetic,False,,,,,,,,0.0,TIME_DRIFT
6742,N2,synthetic,P_bal,logistic,HRFF,,,synthetic,False,,,,,,,,0.0,TIME_DRIFT
6743,N2,synthetic,P_bal,logistic,H,,,synthetic,False,,,,,,,,1.0,TIME_DRIFT
6744,N2,synthetic,P_bal,logistic,HMU,,,synthetic,False,,,,,,,,1.0,TIME_DRIFT
6745,N2,synthetic,P_bal,logistic,HMUVAR,,,synthetic,False,,,,,,,,1.0,TIME_DRIFT
6746,N2,synthetic,P_bal,logistic,HMUMU,,,synthetic,False,,,,,,,,1.0,TIME_DRIFT
6747,N2,synthetic,P_bal,logistic,HVAR,,,synthetic,False,,,,,,,,1.0,TIME_DRIFT
6748,N2,synthetic,P_bal,logistic,HRFF,,,synthetic,False,,,,,,,,1.0,TIME_DRIFT
6749,N2,synthetic,P_bal,logistic,H,,,synthetic,False,,,,,,,,2.0,TIME_DRIFT
6750,N2,synthetic,P_bal,logistic,HMU,,,synthetic,False,,,,,,,,2.0,TIME_DRIFT
6751,N2,synthetic,P_bal,logistic,HMUVAR,,,synthetic,False,,,,,,,,2.0,TIME_DRIFT
6752,N2,synthetic,P_bal,logistic,HMUMU,,,synthetic,False,,,,,,,,2.0,TIME_DRIFT
6753,N2,synthetic,P_bal,logistic,HVAR,,,synthetic,False,,,,,,,,2.0,TIME_DRIFT
6754,N2,synthetic,P_bal,logistic,HRFF,,,synthetic,False,,,,,,,,2.0,TIME_DRIFT
6755,N2,synthetic,P_bal,logistic,H,,,synthetic,False,,,,,,,,3.0,TIME_DRIFT
6756,N2,synthetic,P_bal,logistic,HMU,,,synthetic,False,,,,,,,,3.0,TIME_DRIFT
6757,N2,synthetic,P_bal,logistic,HMUVAR,,,synthetic,False,,,,,,,,3.0,TIME_DRIFT
6758,N2,synthetic,P_bal,logistic,HMUMU,,,synthetic,False,,,,,,,,3.0,TIME_DRIFT
6759,N2,synthetic,P_bal,logistic,HVAR,,,synthetic,False,,,,,,,,3.0,TIME_DRIFT
6760,N2,synthetic,P_bal,logistic,HRFF,,,synthetic,False,,,,,,,,3.0,TIME_DRIFT
6761,N2,synthetic,P_bal,logistic,H,,,synthetic,False,,,,,,,,4.0,TIME_DRIFT
6762,N2,synthetic,P_bal,logistic,HMU,,,synthetic,False,,,,,,,,4.0,TIME_DRIFT
6763,N2,synthetic,P_bal,logistic,HMUVAR,,,synthetic,False,,,,,,,,4.0,TIME_DRIFT
6764,N2,synthetic,P_bal,logistic,HMUMU,,,synthetic,False,,,,,,,,4.0,TIME_DRIFT
6765,N2,synthetic,P_bal,logistic,HVAR,,,synthetic,False,,,,,,,,4.0,TIME_DRIFT
6766,N2,synthetic,P_bal,logistic,HRFF,,,synthetic,False,,,,,,,,4.0,TIME_DRIFT
6767,N2,synthetic,P_bal,logistic,H,,,synthetic,False,,,,,,,,5.0,TIME_DRIFT
6768,N2,synthetic,P_bal,logistic,HMU,,,synthetic,False,,,,,,,,5.0,TIME_DRIFT
6769,N2,synthetic,P_bal,logistic,HMUVAR,,,synthetic,False,,,,,,,,5.0,TIME_DRIFT
6770,N2,synthetic,P_bal,logistic,HMUMU,,,synthetic,False,,,,,,,,5.0,TIME_DRIFT
6771,N2,synthetic,P_bal,logistic,HVAR,,,synthetic,False,,,,,,,,5.0,TIME_DRIFT
6772,N2,synthetic,P_bal,logistic,HRFF,,,synthetic,False,,,,,,,,5.0,TIME_DRIFT
6773,N2,synthetic,P_bal,logistic,H,,,synthetic,False,,,,,,,,6.0,TIME_DRIFT
6774,N2,synthetic,P_bal,logistic,HMU,,,synthetic,False,,,,,,,,6.0,TIME_DRIFT
6775,N2,synthetic,P_bal,logistic,HMUVAR,,,synthetic,False,,,,,,,,6.0,TIME_DRIFT
6776,N2,synthetic,P_bal,logistic,HMUMU,,,synthetic,False,,,,,,,,6.0,TIME_DRIFT
6777,N2,synthetic,P_bal,logistic,HVAR,,,synthetic,False,,,,,,,,6.0,TIME_DRIFT
6778,N2,synthetic,P_bal,logistic,HRFF,,,synthetic,False,,,,,,,,6.0,TIME_DRIFT
6779,N2,synthetic,P_bal,logistic,H,,,synthetic,False,,,,,,,,7.0,TIME_DRIFT
6780,N2,synthetic,P_bal,logistic,HMU,,,synthetic,False,,,,,,,,7.0,TIME_DRIFT
6781,N2,synthetic,P_bal,logistic,HMUVAR,,,synthetic,False,,,,,,,,7.0,TIME_DRIFT
6782,N2,synthetic,P_bal,logistic,HMUMU,,,synthetic,False,,,,,,,,7.0,TIME_DRIFT
6783,N2,synthetic,P_bal,logistic,HVAR,,,synthetic,False,,,,,,,,7.0,TIME_DRIFT
6784,N2,synthetic,P_bal,logistic,HRFF,,,synthetic,False,,,,,,,,7.0,TIME_DRIFT
6785,N2,synthetic,P_bal,logistic,H,,,synthetic,False,,,,,,,,8.0,TIME_DRIFT
6786,N2,synthetic,P_bal,logistic,HMU,,,synthetic,False,,,,,,,,8.0,TIME_DRIFT
6787,N2,synthetic,P_bal,logistic,HMUVAR,,,synthetic,False,,,,,,,,8.0,TIME_DRIFT
6788,N2,synthetic,P_bal,logistic,HMUMU,,,synthetic,False,,,,,,,,8.0,TIME_DRIFT
6789,N2,synthetic,P_bal,logistic,HVAR,,,synthetic,False,,,,,,,,8.0,TIME_DRIFT
6790,N2,synthetic,P_bal,logistic,HRFF,,,synthetic,False,,,,,,,,8.0,TIME_DRIFT
6791,N2,synthetic,P_bal,logistic,H,,,synthetic,False,,,,,,,,9.0,TIME_DRIFT
6792,N2,synthetic,P_bal,logistic,HMU,,,synthetic,False,,,,,,,,9.0,TIME_DRIFT
6793,N2,synthetic,P_bal,logistic,HMUVAR,,,synthetic,False,,,,,,,,9.0,TIME_DRIFT
6794,N2,synthetic,P_bal,logistic,HMUMU,,,synthetic,False,,,,,,,,9.0,TIME_DRIFT
6795,N2,synthetic,P_bal,logistic,HVAR,,,synthetic,False,,,,,,,,9.0,TIME_DRIFT
6796,N2,synthetic,P_bal,logistic,HRFF,,,synthetic,False,,,,,,,,9.0,TIME_DRIFT
6797,N2,synthetic,P_bal,logistic,H,,,synthetic,False,,,,,,,,10.0,TIME_DRIFT
6798,N2,synthetic,P_bal,logistic,HMU,,,synthetic,False,,,,,,,,10.0,TIME_DRIFT
6799,N2,synthetic,P_bal,logistic,HMUVAR,,,synthetic,False,,,,,,,,10.0,TIME_DRIFT
6800,N2,synthetic,P_bal,logistic,HMUMU,,,synthetic,False,,,,,,,,10.0,TIME_DRIFT
6801,N2,synthetic,P_bal,logistic,HVAR,,,synthetic,False,,,,,,,,10.0,TIME_DRIFT
6802,N2,synthetic,P_bal,logistic,HRFF,,,synthetic,False,,,,,,,,10.0,TIME_DRIFT
6803,N2,synthetic,P_bal,logistic,H,,,synthetic,False,,,,,,,,11.0,TIME_DRIFT
6804,N2,synthetic,P_bal,logistic,HMU,,,synthetic,False,,,,,,,,11.0,TIME_DRIFT
6805,N2,synthetic,P_bal,logistic,HMUVAR,,,synthetic,False,,,,,,,,11.0,TIME_DRIFT
6806,N2,synthetic,P_bal,logistic,HMUMU,,,synthetic,False,,,,,,,,11.0,TIME_DRIFT
6807,N2,synthetic,P_bal,logistic,HVAR,,,synthetic,False,,,,,,,,11.0,TIME_DRIFT
6808,N2,synthetic,P_bal,logistic,HRFF,,,synthetic,False,,,,,,,,11.0,TIME_DRIFT
6809,N2,synthetic,P_bal,logistic,H,,,synthetic,False,,,,,,,,12.0,TIME_DRIFT
6810,N2,synthetic,P_bal,logistic,HMU,,,synthetic,False,,,,,,,,12.0,TIME_DRIFT
6811,N2,synthetic,P_bal,logistic,HMUVAR,,,synthetic,False,,,,,,,,12.0,TIME_DRIFT
6812,N2,synthetic,P_bal,logistic,HMUMU,,,synthetic,False,,,,,,,,12.0,TIME_DRIFT
6813,N2,synthetic,P_bal,logistic,HVAR,,,synthetic,False,,,,,,,,12.0,TIME_DRIFT
6814,N2,synthetic,P_bal,logistic,HRFF,,,synthetic,False,,,,,,,,12.0,TIME_DRIFT
6815,N2,synthetic,P_bal,logistic,H,,,synthetic,False,,,,,,,,13.0,TIME_DRIFT
6816,N2,synthetic,P_bal,logistic,HMU,,,synthetic,False,,,,,,,,13.0,TIME_DRIFT
6817,N2,synthetic,P_bal,logistic,HMUVAR,,,synthetic,False,,,,,,,,13.0,TIME_DRIFT
6818,N2,synthetic,P_bal,logistic,HMUMU,,,synthetic,False,,,,,,,,13.0,TIME_DRIFT
6819,N2,synthetic,P_bal,logistic,HVAR,,,synthetic,False,,,,,,,,13.0,TIME_DRIFT
6820,N2,synthetic,P_bal,logistic,HRFF,,,synthetic,False,,,,,,,,13.0,TIME_DRIFT
6821,N2,synthetic,P_bal,logistic,H,,,synthetic,False,,,,,,,,14.0,TIME_DRIFT
6822,N2,synthetic,P_bal,logistic,HMU,,,synthetic,False,,,,,,,,14.0,TIME_DRIFT
6823,N2,synthetic,P_bal,logistic,HMUVAR,,,synthetic,False,,,,,,,,14.0,TIME_DRIFT
6824,N2,synthetic,P_bal,logistic,HMUMU,,,synthetic,False,,,,,,,,14.0,TIME_DRIFT
6825,N2,synthetic,P_bal,logistic,HVAR,,,synthetic,False,,,,,,,,14.0,TIME_DRIFT
6826,N2,synthetic,P_bal,logistic,HRFF,,,synthetic,False,,,,,,,,14.0,TIME_DRIFT
6827,N2,synthetic,P_bal,logistic,H,,,synthetic,False,,,,,,,,15.0,TIME_DRIFT
6828,N2,synthetic,P_bal,logistic,HMU,,,synthetic,False,,,,,,,,15.0,TIME_DRIFT
6829,N2,synthetic,P_bal,logistic,HMUVAR,,,synthetic,False,,,,,,,,15.0,TIME_DRIFT
6830,N2,synthetic,P_bal,logistic,HMUMU,,,synthetic,False,,,,,,,,15.0,TIME_DRIFT
6831,N2,synthetic,P_bal,logistic,HVAR,,,synthetic,False,,,,,,,,15.0,TIME_DRIFT
6832,N2,synthetic,P_bal,logistic,HRFF,,,synthetic,False,,,,,,,,15.0,TIME_DRIFT
6833,N2,synthetic,P_bal,logistic,H,,,synthetic,False,,,,,,,,16.0,TIME_DRIFT
6834,N2,synthetic,P_bal,logistic,HMU,,,synthetic,False,,,,,,,,16.0,TIME_DRIFT
6835,N2,synthetic,P_bal,logistic,HMUVAR,,,synthetic,False,,,,,,,,16.0,TIME_DRIFT
6836,N2,synthetic,P_bal,logistic,HMUMU,,,synthetic,False,,,,,,,,16.0,TIME_DRIFT
6837,N2,synthetic,P_bal,logistic,HVAR,,,synthetic,False,,,,,,,,16.0,TIME_DRIFT
6838,N2,synthetic,P_bal,logistic,HRFF,,,synthetic,False,,,,,,,,16.0,TIME_DRIFT
6839,N2,synthetic,P_bal,logistic,H,,,synthetic,False,,,,,,,,17.0,TIME_DRIFT
6840,N2,synthetic,P_bal,logistic,HMU,,,synthetic,False,,,,,,,,17.0,TIME_DRIFT
6841,N2,synthetic,P_bal,logistic,HMUVAR,,,synthetic,False,,,,,,,,17.0,TIME_DRIFT
6842,N2,synthetic,P_bal,logistic,HMUMU,,,synthetic,False,,,,,,,,17.0,TIME_DRIFT
6843,N2,synthetic,P_bal,logistic,HVAR,,,synthetic,False,,,,,,,,17.0,TIME_DRIFT
6844,N2,synthetic,P_bal,logistic,HRFF,,,synthetic,False,,,,,,,,17.0,TIME_DRIFT
6845,N2,synthetic,P_bal,logistic,H,,,synthetic,False,,,,,,,,18.0,TIME_DRIFT
6846,N2,synthetic,P_bal,logistic,HMU,,,synthetic,False,,,,,,,,18.0,TIME_DRIFT
6847,N2,synthetic,P_bal,logistic,HMUVAR,,,synthetic,False,,,,,,,,18.0,TIME_DRIFT
6848,N2,synthetic,P_bal,logistic,HMUMU,,,synthetic,False,,,,,,,,18.0,TIME_DRIFT
6849,N2,synthetic,P_bal,logistic,HVAR,,,synthetic,False,,,,,,,,18.0,TIME_DRIFT
6850,N2,synthetic,P_bal,logistic,HRFF,,,synthetic,False,,,,,,,,18.0,TIME_DRIFT
6851,N2,synthetic,P_bal,logistic,H,,,synthetic,False,,,,,,,,19.0,TIME_DRIFT
6852,N2,synthetic,P_bal,logistic,HMU,,,synthetic,False,,,,,,,,19.0,TIME_DRIFT
6853,N2,synthetic,P_bal,logistic,HMUVAR,,,synthetic,False,,,,,,,,19.0,TIME_DRIFT
6854,N2,synthetic,P_bal,logistic,HMUMU,,,synthetic,False,,,,,,,,19.0,TIME_DRIFT
6855,N2,synthetic,P_bal,logistic,HVAR,,,synthetic,False,,,,,,,,19.0,TIME_DRIFT
6856,N2,synthetic,P_bal,logistic,HRFF,,,synthetic,False,,,,,,,,19.0,TIME_DRIFT
6857,N2,synthetic,P_bal,logistic,H,,,synthetic,False,,,,,,,,20.0,TIME_DRIFT
6858,N2,synthetic,P_bal,logistic,HMU,,,synthetic,False,,,,,,,,20.0,TIME_DRIFT
6859,N2,synthetic,P_bal,logistic,HMUVAR,,,synthetic,False,,,,,,,,20.0,TIME_DRIFT
6860,N2,synthetic,P_bal,logistic,HMUMU,,,synthetic,False,,,,,,,,20.0,TIME_DRIFT
6861,N2,synthetic,P_bal,logistic,HVAR,,,synthetic,False,,,,,,,,20.0,TIME_DRIFT
6862,N2,synthetic,P_bal,logistic,HRFF,,,synthetic,False,,,,,,,,20.0,TIME_DRIFT
6863,N2,synthetic,P_bal,logistic,H,,,synthetic,False,,,,,,,,21.0,TIME_DRIFT
6864,N2,synthetic,P_bal,logistic,HMU,,,synthetic,False,,,,,,,,21.0,TIME_DRIFT
6865,N2,synthetic,P_bal,logistic,HMUVAR,,,synthetic,False,,,,,,,,21.0,TIME_DRIFT
6866,N2,synthetic,P_bal,logistic,HMUMU,,,synthetic,False,,,,,,,,21.0,TIME_DRIFT
6867,N2,synthetic,P_bal,logistic,HVAR,,,synthetic,False,,,,,,,,21.0,TIME_DRIFT
6868,N2,synthetic,P_bal,logistic,HRFF,,,synthetic,False,,,,,,,,21.0,TIME_DRIFT
6869,N2,synthetic,P_bal,logistic,H,,,synthetic,False,,,,,,,,22.0,TIME_DRIFT
6870,N2,synthetic,P_bal,logistic,HMU,,,synthetic,False,,,,,,,,22.0,TIME_DRIFT
6871,N2,synthetic,P_bal,logistic,HMUVAR,,,synthetic,False,,,,,,,,22.0,TIME_DRIFT
6872,N2,synthetic,P_bal,logistic,HMUMU,,,synthetic,False,,,,,,,,22.0,TIME_DRIFT
6873,N2,synthetic,P_bal,logistic,HVAR,,,synthetic,False,,,,,,,,22.0,TIME_DRIFT
6874,N2,synthetic,P_bal,logistic,HRFF,,,synthetic,False,,,,,,,,22.0,TIME_DRIFT
6875,N2,synthetic,P_bal,logistic,H,,,synthetic,False,,,,,,,,23.0,TIME_DRIFT
6876,N2,synthetic,P_bal,logistic,HMU,,,synthetic,False,,,,,,,,23.0,TIME_DRIFT
6877,N2,synthetic,P_bal,logistic,HMUVAR,,,synthetic,False,,,,,,,,23.0,TIME_DRIFT
6878,N2,synthetic,P_bal,logistic,HMUMU,,,synthetic,False,,,,,,,,23.0,TIME_DRIFT
6879,N2,synthetic,P_bal,logistic,HVAR,,,synthetic,False,,,,,,,,23.0,TIME_DRIFT
6880,N2,synthetic,P_bal,logistic,HRFF,,,synthetic,False,,,,,,,,23.0,TIME_DRIFT
6881,N2,synthetic,P_bal,logistic,H,,,synthetic,False,,,,,,,,24.0,TIME_DRIFT
6882,N2,synthetic,P_bal,logistic,HMU,,,synthetic,False,,,,,,,,24.0,TIME_DRIFT
6883,N2,synthetic,P_bal,logistic,HMUVAR,,,synthetic,False,,,,,,,,24.0,TIME_DRIFT
6884,N2,synthetic,P_bal,logistic,HMUMU,,,synthetic,False,,,,,,,,24.0,TIME_DRIFT
6885,N2,synthetic,P_bal,logistic,HVAR,,,synthetic,False,,,,,,,,24.0,TIME_DRIFT
6886,N2,synthetic,P_bal,logistic,HRFF,,,synthetic,False,,,,,,,,24.0,TIME_DRIFT
6887,N2,synthetic,P_bal,logistic,H,,,synthetic,False,,,,,,,,25.0,TIME_DRIFT
6888,N2,synthetic,P_bal,logistic,HMU,,,synthetic,False,,,,,,,,25.0,TIME_DRIFT
6889,N2,synthetic,P_bal,logistic,HMUVAR,,,synthetic,False,,,,,,,,25.0,TIME_DRIFT
6890,N2,synthetic,P_bal,logistic,HMUMU,,,synthetic,False,,,,,,,,25.0,TIME_DRIFT
6891,N2,synthetic,P_bal,logistic,HVAR,,,synthetic,False,,,,,,,,25.0,TIME_DRIFT
6892,N2,synthetic,P_bal,logistic,HRFF,,,synthetic,False,,,,,,,,25.0,TIME_DRIFT
6893,N2,synthetic,P_bal,logistic,H,,,synthetic,False,,,,,,,,26.0,TIME_DRIFT
6894,N2,synthetic,P_bal,logistic,HMU,,,synthetic,False,,,,,,,,26.0,TIME_DRIFT
6895,N2,synthetic,P_bal,logistic,HMUVAR,,,synthetic,False,,,,,,,,26.0,TIME_DRIFT
6896,N2,synthetic,P_bal,logistic,HMUMU,,,synthetic,False,,,,,,,,26.0,TIME_DRIFT
6897,N2,synthetic,P_bal,logistic,HVAR,,,synthetic,False,,,,,,,,26.0,TIME_DRIFT
6898,N2,synthetic,P_bal,logistic,HRFF,,,synthetic,False,,,,,,,,26.0,TIME_DRIFT
6899,N2,synthetic,P_bal,logistic,H,,,synthetic,False,,,,,,,,27.0,TIME_DRIFT
6900,N2,synthetic,P_bal,logistic,HMU,,,synthetic,False,,,,,,,,27.0,TIME_DRIFT
6901,N2,synthetic,P_bal,logistic,HMUVAR,,,synthetic,False,,,,,,,,27.0,TIME_DRIFT
6902,N2,synthetic,P_bal,logistic,HMUMU,,,synthetic,False,,,,,,,,27.0,TIME_DRIFT
6903,N2,synthetic,P_bal,logistic,HVAR,,,synthetic,False,,,,,,,,27.0,TIME_DRIFT
6904,N2,synthetic,P_bal,logistic,HRFF,,,synthetic,False,,,,,,,,27.0,TIME_DRIFT
6905,N2,synthetic,P_bal,logistic,H,,,synthetic,False,,,,,,,,28.0,TIME_DRIFT
6906,N2,synthetic,P_bal,logistic,HMU,,,synthetic,False,,,,,,,,28.0,TIME_DRIFT
6907,N2,synthetic,P_bal,logistic,HMUVAR,,,synthetic,False,,,,,,,,28.0,TIME_DRIFT
6908,N2,synthetic,P_bal,logistic,HMUMU,,,synthetic,False,,,,,,,,28.0,TIME_DRIFT
6909,N2,synthetic,P_bal,logistic,HVAR,,,synthetic,False,,,,,,,,28.0,TIME_DRIFT
6910,N2,synthetic,P_bal,logistic,HRFF,,,synthetic,False,,,,,,,,28.0,TIME_DRIFT
6911,N2,synthetic,P_bal,logistic,H,,,synthetic,False,,,,,,,,29.0,TIME_DRIFT
6912,N2,synthetic,P_bal,logistic,HMU,,,synthetic,False,,,,,,,,29.0,TIME_DRIFT
6913,N2,synthetic,P_bal,logistic,HMUVAR,,,synthetic,False,,,,,,,,29.0,TIME_DRIFT
6914,N2,synthetic,P_bal,logistic,HMUMU,,,synthetic,False,,,,,,,,29.0,TIME_DRIFT
6915,N2,synthetic,P_bal,logistic,HVAR,,,synthetic,False,,,,,,,,29.0,TIME_DRIFT
6916,N2,synthetic,P_bal,logistic,HRFF,,,synthetic,False,,,,,,,,29.0,TIME_DRIFT
6917,N3,synthetic,P_nat,logistic,H,,,synthetic,False,,,,,,,,0.0,HISTORY_ONLY
6918,N3,synthetic,P_nat,logistic,HP,,,synthetic,False,,,,,,,,0.0,HISTORY_ONLY
6919,N3,synthetic,P_nat,logistic,Hnoise,,,synthetic,False,,,,,,,,0.0,HISTORY_ONLY
6920,N3,synthetic,P_nat,mlp32,H,,,synthetic,True,,,,,,,,0.0,HISTORY_ONLY
6921,N3,synthetic,P_nat,mlp32,HP,,,synthetic,True,,,,,,,,0.0,HISTORY_ONLY
6922,N3,synthetic,P_nat,mlp32,Hnoise,,,synthetic,True,,,,,,,,0.0,HISTORY_ONLY
6923,N3,synthetic,P_nat,logistic,H,,,synthetic,False,,,,,,,,1.0,HISTORY_ONLY
6924,N3,synthetic,P_nat,logistic,HP,,,synthetic,False,,,,,,,,1.0,HISTORY_ONLY
6925,N3,synthetic,P_nat,logistic,Hnoise,,,synthetic,False,,,,,,,,1.0,HISTORY_ONLY
6926,N3,synthetic,P_nat,mlp32,H,,,synthetic,True,,,,,,,,1.0,HISTORY_ONLY
6927,N3,synthetic,P_nat,mlp32,HP,,,synthetic,True,,,,,,,,1.0,HISTORY_ONLY
6928,N3,synthetic,P_nat,mlp32,Hnoise,,,synthetic,True,,,,,,,,1.0,HISTORY_ONLY
6929,N3,synthetic,P_nat,logistic,H,,,synthetic,False,,,,,,,,2.0,HISTORY_ONLY
6930,N3,synthetic,P_nat,logistic,HP,,,synthetic,False,,,,,,,,2.0,HISTORY_ONLY
6931,N3,synthetic,P_nat,logistic,Hnoise,,,synthetic,False,,,,,,,,2.0,HISTORY_ONLY
6932,N3,synthetic,P_nat,mlp32,H,,,synthetic,True,,,,,,,,2.0,HISTORY_ONLY
6933,N3,synthetic,P_nat,mlp32,HP,,,synthetic,True,,,,,,,,2.0,HISTORY_ONLY
6934,N3,synthetic,P_nat,mlp32,Hnoise,,,synthetic,True,,,,,,,,2.0,HISTORY_ONLY
6935,N3,synthetic,P_nat,logistic,H,,,synthetic,False,,,,,,,,3.0,HISTORY_ONLY
6936,N3,synthetic,P_nat,logistic,HP,,,synthetic,False,,,,,,,,3.0,HISTORY_ONLY
6937,N3,synthetic,P_nat,logistic,Hnoise,,,synthetic,False,,,,,,,,3.0,HISTORY_ONLY
6938,N3,synthetic,P_nat,mlp32,H,,,synthetic,True,,,,,,,,3.0,HISTORY_ONLY
6939,N3,synthetic,P_nat,mlp32,HP,,,synthetic,True,,,,,,,,3.0,HISTORY_ONLY
6940,N3,synthetic,P_nat,mlp32,Hnoise,,,synthetic,True,,,,,,,,3.0,HISTORY_ONLY
6941,N3,synthetic,P_nat,logistic,H,,,synthetic,False,,,,,,,,4.0,HISTORY_ONLY
6942,N3,synthetic,P_nat,logistic,HP,,,synthetic,False,,,,,,,,4.0,HISTORY_ONLY
6943,N3,synthetic,P_nat,logistic,Hnoise,,,synthetic,False,,,,,,,,4.0,HISTORY_ONLY
6944,N3,synthetic,P_nat,mlp32,H,,,synthetic,True,,,,,,,,4.0,HISTORY_ONLY
6945,N3,synthetic,P_nat,mlp32,HP,,,synthetic,True,,,,,,,,4.0,HISTORY_ONLY
6946,N3,synthetic,P_nat,mlp32,Hnoise,,,synthetic,True,,,,,,,,4.0,HISTORY_ONLY
6947,N3,synthetic,P_nat,logistic,H,,,synthetic,False,,,,,,,,5.0,HISTORY_ONLY
6948,N3,synthetic,P_nat,logistic,HP,,,synthetic,False,,,,,,,,5.0,HISTORY_ONLY
6949,N3,synthetic,P_nat,logistic,Hnoise,,,synthetic,False,,,,,,,,5.0,HISTORY_ONLY
6950,N3,synthetic,P_nat,mlp32,H,,,synthetic,True,,,,,,,,5.0,HISTORY_ONLY
6951,N3,synthetic,P_nat,mlp32,HP,,,synthetic,True,,,,,,,,5.0,HISTORY_ONLY
6952,N3,synthetic,P_nat,mlp32,Hnoise,,,synthetic,True,,,,,,,,5.0,HISTORY_ONLY
6953,N3,synthetic,P_nat,logistic,H,,,synthetic,False,,,,,,,,6.0,HISTORY_ONLY
6954,N3,synthetic,P_nat,logistic,HP,,,synthetic,False,,,,,,,,6.0,HISTORY_ONLY
6955,N3,synthetic,P_nat,logistic,Hnoise,,,synthetic,False,,,,,,,,6.0,HISTORY_ONLY
6956,N3,synthetic,P_nat,mlp32,H,,,synthetic,True,,,,,,,,6.0,HISTORY_ONLY
6957,N3,synthetic,P_nat,mlp32,HP,,,synthetic,True,,,,,,,,6.0,HISTORY_ONLY
6958,N3,synthetic,P_nat,mlp32,Hnoise,,,synthetic,True,,,,,,,,6.0,HISTORY_ONLY
6959,N3,synthetic,P_nat,logistic,H,,,synthetic,False,,,,,,,,7.0,HISTORY_ONLY
6960,N3,synthetic,P_nat,logistic,HP,,,synthetic,False,,,,,,,,7.0,HISTORY_ONLY
6961,N3,synthetic,P_nat,logistic,Hnoise,,,synthetic,False,,,,,,,,7.0,HISTORY_ONLY
6962,N3,synthetic,P_nat,mlp32,H,,,synthetic,True,,,,,,,,7.0,HISTORY_ONLY
6963,N3,synthetic,P_nat,mlp32,HP,,,synthetic,True,,,,,,,,7.0,HISTORY_ONLY
6964,N3,synthetic,P_nat,mlp32,Hnoise,,,synthetic,True,,,,,,,,7.0,HISTORY_ONLY
6965,N3,synthetic,P_nat,logistic,H,,,synthetic,False,,,,,,,,8.0,HISTORY_ONLY
6966,N3,synthetic,P_nat,logistic,HP,,,synthetic,False,,,,,,,,8.0,HISTORY_ONLY
6967,N3,synthetic,P_nat,logistic,Hnoise,,,synthetic,False,,,,,,,,8.0,HISTORY_ONLY
6968,N3,synthetic,P_nat,mlp32,H,,,synthetic,True,,,,,,,,8.0,HISTORY_ONLY
6969,N3,synthetic,P_nat,mlp32,HP,,,synthetic,True,,,,,,,,8.0,HISTORY_ONLY
6970,N3,synthetic,P_nat,mlp32,Hnoise,,,synthetic,True,,,,,,,,8.0,HISTORY_ONLY
6971,N3,synthetic,P_nat,logistic,H,,,synthetic,False,,,,,,,,9.0,HISTORY_ONLY
6972,N3,synthetic,P_nat,logistic,HP,,,synthetic,False,,,,,,,,9.0,HISTORY_ONLY
6973,N3,synthetic,P_nat,logistic,Hnoise,,,synthetic,False,,,,,,,,9.0,HISTORY_ONLY
6974,N3,synthetic,P_nat,mlp32,H,,,synthetic,True,,,,,,,,9.0,HISTORY_ONLY
6975,N3,synthetic,P_nat,mlp32,HP,,,synthetic,True,,,,,,,,9.0,HISTORY_ONLY
6976,N3,synthetic,P_nat,mlp32,Hnoise,,,synthetic,True,,,,,,,,9.0,HISTORY_ONLY
6977,N3,synthetic,P_nat,logistic,H,,,synthetic,False,,,,,,,,10.0,HISTORY_ONLY
6978,N3,synthetic,P_nat,logistic,HP,,,synthetic,False,,,,,,,,10.0,HISTORY_ONLY
6979,N3,synthetic,P_nat,logistic,Hnoise,,,synthetic,False,,,,,,,,10.0,HISTORY_ONLY
6980,N3,synthetic,P_nat,mlp32,H,,,synthetic,True,,,,,,,,10.0,HISTORY_ONLY
6981,N3,synthetic,P_nat,mlp32,HP,,,synthetic,True,,,,,,,,10.0,HISTORY_ONLY
6982,N3,synthetic,P_nat,mlp32,Hnoise,,,synthetic,True,,,,,,,,10.0,HISTORY_ONLY
6983,N3,synthetic,P_nat,logistic,H,,,synthetic,False,,,,,,,,11.0,HISTORY_ONLY
6984,N3,synthetic,P_nat,logistic,HP,,,synthetic,False,,,,,,,,11.0,HISTORY_ONLY
6985,N3,synthetic,P_nat,logistic,Hnoise,,,synthetic,False,,,,,,,,11.0,HISTORY_ONLY
6986,N3,synthetic,P_nat,mlp32,H,,,synthetic,True,,,,,,,,11.0,HISTORY_ONLY
6987,N3,synthetic,P_nat,mlp32,HP,,,synthetic,True,,,,,,,,11.0,HISTORY_ONLY
6988,N3,synthetic,P_nat,mlp32,Hnoise,,,synthetic,True,,,,,,,,11.0,HISTORY_ONLY
6989,N3,synthetic,P_nat,logistic,H,,,synthetic,False,,,,,,,,12.0,HISTORY_ONLY
6990,N3,synthetic,P_nat,logistic,HP,,,synthetic,False,,,,,,,,12.0,HISTORY_ONLY
6991,N3,synthetic,P_nat,logistic,Hnoise,,,synthetic,False,,,,,,,,12.0,HISTORY_ONLY
6992,N3,synthetic,P_nat,mlp32,H,,,synthetic,True,,,,,,,,12.0,HISTORY_ONLY
6993,N3,synthetic,P_nat,mlp32,HP,,,synthetic,True,,,,,,,,12.0,HISTORY_ONLY
6994,N3,synthetic,P_nat,mlp32,Hnoise,,,synthetic,True,,,,,,,,12.0,HISTORY_ONLY
6995,N3,synthetic,P_nat,logistic,H,,,synthetic,False,,,,,,,,13.0,HISTORY_ONLY
6996,N3,synthetic,P_nat,logistic,HP,,,synthetic,False,,,,,,,,13.0,HISTORY_ONLY
6997,N3,synthetic,P_nat,logistic,Hnoise,,,synthetic,False,,,,,,,,13.0,HISTORY_ONLY
6998,N3,synthetic,P_nat,mlp32,H,,,synthetic,True,,,,,,,,13.0,HISTORY_ONLY
6999,N3,synthetic,P_nat,mlp32,HP,,,synthetic,True,,,,,,,,13.0,HISTORY_ONLY
7000,N3,synthetic,P_nat,mlp32,Hnoise,,,synthetic,True,,,,,,,,13.0,HISTORY_ONLY
7001,N3,synthetic,P_nat,logistic,H,,,synthetic,False,,,,,,,,14.0,HISTORY_ONLY
7002,N3,synthetic,P_nat,logistic,HP,,,synthetic,False,,,,,,,,14.0,HISTORY_ONLY
7003,N3,synthetic,P_nat,logistic,Hnoise,,,synthetic,False,,,,,,,,14.0,HISTORY_ONLY
7004,N3,synthetic,P_nat,mlp32,H,,,synthetic,True,,,,,,,,14.0,HISTORY_ONLY
7005,N3,synthetic,P_nat,mlp32,HP,,,synthetic,True,,,,,,,,14.0,HISTORY_ONLY
7006,N3,synthetic,P_nat,mlp32,Hnoise,,,synthetic,True,,,,,,,,14.0,HISTORY_ONLY
7007,N3,synthetic,P_nat,logistic,H,,,synthetic,False,,,,,,,,15.0,HISTORY_ONLY
7008,N3,synthetic,P_nat,logistic,HP,,,synthetic,False,,,,,,,,15.0,HISTORY_ONLY
7009,N3,synthetic,P_nat,logistic,Hnoise,,,synthetic,False,,,,,,,,15.0,HISTORY_ONLY
7010,N3,synthetic,P_nat,mlp32,H,,,synthetic,True,,,,,,,,15.0,HISTORY_ONLY
7011,N3,synthetic,P_nat,mlp32,HP,,,synthetic,True,,,,,,,,15.0,HISTORY_ONLY
7012,N3,synthetic,P_nat,mlp32,Hnoise,,,synthetic,True,,,,,,,,15.0,HISTORY_ONLY
7013,N3,synthetic,P_nat,logistic,H,,,synthetic,False,,,,,,,,16.0,HISTORY_ONLY
7014,N3,synthetic,P_nat,logistic,HP,,,synthetic,False,,,,,,,,16.0,HISTORY_ONLY
7015,N3,synthetic,P_nat,logistic,Hnoise,,,synthetic,False,,,,,,,,16.0,HISTORY_ONLY
7016,N3,synthetic,P_nat,mlp32,H,,,synthetic,True,,,,,,,,16.0,HISTORY_ONLY
7017,N3,synthetic,P_nat,mlp32,HP,,,synthetic,True,,,,,,,,16.0,HISTORY_ONLY
7018,N3,synthetic,P_nat,mlp32,Hnoise,,,synthetic,True,,,,,,,,16.0,HISTORY_ONLY
7019,N3,synthetic,P_nat,logistic,H,,,synthetic,False,,,,,,,,17.0,HISTORY_ONLY
7020,N3,synthetic,P_nat,logistic,HP,,,synthetic,False,,,,,,,,17.0,HISTORY_ONLY
7021,N3,synthetic,P_nat,logistic,Hnoise,,,synthetic,False,,,,,,,,17.0,HISTORY_ONLY
7022,N3,synthetic,P_nat,mlp32,H,,,synthetic,True,,,,,,,,17.0,HISTORY_ONLY
7023,N3,synthetic,P_nat,mlp32,HP,,,synthetic,True,,,,,,,,17.0,HISTORY_ONLY
7024,N3,synthetic,P_nat,mlp32,Hnoise,,,synthetic,True,,,,,,,,17.0,HISTORY_ONLY
7025,N3,synthetic,P_nat,logistic,H,,,synthetic,False,,,,,,,,18.0,HISTORY_ONLY
7026,N3,synthetic,P_nat,logistic,HP,,,synthetic,False,,,,,,,,18.0,HISTORY_ONLY
7027,N3,synthetic,P_nat,logistic,Hnoise,,,synthetic,False,,,,,,,,18.0,HISTORY_ONLY
7028,N3,synthetic,P_nat,mlp32,H,,,synthetic,True,,,,,,,,18.0,HISTORY_ONLY
7029,N3,synthetic,P_nat,mlp32,HP,,,synthetic,True,,,,,,,,18.0,HISTORY_ONLY
7030,N3,synthetic,P_nat,mlp32,Hnoise,,,synthetic,True,,,,,,,,18.0,HISTORY_ONLY
7031,N3,synthetic,P_nat,logistic,H,,,synthetic,False,,,,,,,,19.0,HISTORY_ONLY
7032,N3,synthetic,P_nat,logistic,HP,,,synthetic,False,,,,,,,,19.0,HISTORY_ONLY
7033,N3,synthetic,P_nat,logistic,Hnoise,,,synthetic,False,,,,,,,,19.0,HISTORY_ONLY
7034,N3,synthetic,P_nat,mlp32,H,,,synthetic,True,,,,,,,,19.0,HISTORY_ONLY
7035,N3,synthetic,P_nat,mlp32,HP,,,synthetic,True,,,,,,,,19.0,HISTORY_ONLY
7036,N3,synthetic,P_nat,mlp32,Hnoise,,,synthetic,True,,,,,,,,19.0,HISTORY_ONLY
7037,N3,synthetic,P_nat,logistic,H,,,synthetic,False,,,,,,,,20.0,HISTORY_ONLY
7038,N3,synthetic,P_nat,logistic,HP,,,synthetic,False,,,,,,,,20.0,HISTORY_ONLY
7039,N3,synthetic,P_nat,logistic,Hnoise,,,synthetic,False,,,,,,,,20.0,HISTORY_ONLY
7040,N3,synthetic,P_nat,mlp32,H,,,synthetic,True,,,,,,,,20.0,HISTORY_ONLY
7041,N3,synthetic,P_nat,mlp32,HP,,,synthetic,True,,,,,,,,20.0,HISTORY_ONLY
7042,N3,synthetic,P_nat,mlp32,Hnoise,,,synthetic,True,,,,,,,,20.0,HISTORY_ONLY
7043,N3,synthetic,P_nat,logistic,H,,,synthetic,False,,,,,,,,21.0,HISTORY_ONLY
7044,N3,synthetic,P_nat,logistic,HP,,,synthetic,False,,,,,,,,21.0,HISTORY_ONLY
7045,N3,synthetic,P_nat,logistic,Hnoise,,,synthetic,False,,,,,,,,21.0,HISTORY_ONLY
7046,N3,synthetic,P_nat,mlp32,H,,,synthetic,True,,,,,,,,21.0,HISTORY_ONLY
7047,N3,synthetic,P_nat,mlp32,HP,,,synthetic,True,,,,,,,,21.0,HISTORY_ONLY
7048,N3,synthetic,P_nat,mlp32,Hnoise,,,synthetic,True,,,,,,,,21.0,HISTORY_ONLY
7049,N3,synthetic,P_nat,logistic,H,,,synthetic,False,,,,,,,,22.0,HISTORY_ONLY
7050,N3,synthetic,P_nat,logistic,HP,,,synthetic,False,,,,,,,,22.0,HISTORY_ONLY
7051,N3,synthetic,P_nat,logistic,Hnoise,,,synthetic,False,,,,,,,,22.0,HISTORY_ONLY
7052,N3,synthetic,P_nat,mlp32,H,,,synthetic,True,,,,,,,,22.0,HISTORY_ONLY
7053,N3,synthetic,P_nat,mlp32,HP,,,synthetic,True,,,,,,,,22.0,HISTORY_ONLY
7054,N3,synthetic,P_nat,mlp32,Hnoise,,,synthetic,True,,,,,,,,22.0,HISTORY_ONLY
7055,N3,synthetic,P_nat,logistic,H,,,synthetic,False,,,,,,,,23.0,HISTORY_ONLY
7056,N3,synthetic,P_nat,logistic,HP,,,synthetic,False,,,,,,,,23.0,HISTORY_ONLY
7057,N3,synthetic,P_nat,logistic,Hnoise,,,synthetic,False,,,,,,,,23.0,HISTORY_ONLY
7058,N3,synthetic,P_nat,mlp32,H,,,synthetic,True,,,,,,,,23.0,HISTORY_ONLY
7059,N3,synthetic,P_nat,mlp32,HP,,,synthetic,True,,,,,,,,23.0,HISTORY_ONLY
7060,N3,synthetic,P_nat,mlp32,Hnoise,,,synthetic,True,,,,,,,,23.0,HISTORY_ONLY
7061,N3,synthetic,P_nat,logistic,H,,,synthetic,False,,,,,,,,24.0,HISTORY_ONLY
7062,N3,synthetic,P_nat,logistic,HP,,,synthetic,False,,,,,,,,24.0,HISTORY_ONLY
7063,N3,synthetic,P_nat,logistic,Hnoise,,,synthetic,False,,,,,,,,24.0,HISTORY_ONLY
7064,N3,synthetic,P_nat,mlp32,H,,,synthetic,True,,,,,,,,24.0,HISTORY_ONLY
7065,N3,synthetic,P_nat,mlp32,HP,,,synthetic,True,,,,,,,,24.0,HISTORY_ONLY
7066,N3,synthetic,P_nat,mlp32,Hnoise,,,synthetic,True,,,,,,,,24.0,HISTORY_ONLY
7067,N3,synthetic,P_nat,logistic,H,,,synthetic,False,,,,,,,,25.0,HISTORY_ONLY
7068,N3,synthetic,P_nat,logistic,HP,,,synthetic,False,,,,,,,,25.0,HISTORY_ONLY
7069,N3,synthetic,P_nat,logistic,Hnoise,,,synthetic,False,,,,,,,,25.0,HISTORY_ONLY
7070,N3,synthetic,P_nat,mlp32,H,,,synthetic,True,,,,,,,,25.0,HISTORY_ONLY
7071,N3,synthetic,P_nat,mlp32,HP,,,synthetic,True,,,,,,,,25.0,HISTORY_ONLY
7072,N3,synthetic,P_nat,mlp32,Hnoise,,,synthetic,True,,,,,,,,25.0,HISTORY_ONLY
7073,N3,synthetic,P_nat,logistic,H,,,synthetic,False,,,,,,,,26.0,HISTORY_ONLY
7074,N3,synthetic,P_nat,logistic,HP,,,synthetic,False,,,,,,,,26.0,HISTORY_ONLY
7075,N3,synthetic,P_nat,logistic,Hnoise,,,synthetic,False,,,,,,,,26.0,HISTORY_ONLY
7076,N3,synthetic,P_nat,mlp32,H,,,synthetic,True,,,,,,,,26.0,HISTORY_ONLY
7077,N3,synthetic,P_nat,mlp32,HP,,,synthetic,True,,,,,,,,26.0,HISTORY_ONLY
7078,N3,synthetic,P_nat,mlp32,Hnoise,,,synthetic,True,,,,,,,,26.0,HISTORY_ONLY
7079,N3,synthetic,P_nat,logistic,H,,,synthetic,False,,,,,,,,27.0,HISTORY_ONLY
7080,N3,synthetic,P_nat,logistic,HP,,,synthetic,False,,,,,,,,27.0,HISTORY_ONLY
7081,N3,synthetic,P_nat,logistic,Hnoise,,,synthetic,False,,,,,,,,27.0,HISTORY_ONLY
7082,N3,synthetic,P_nat,mlp32,H,,,synthetic,True,,,,,,,,27.0,HISTORY_ONLY
7083,N3,synthetic,P_nat,mlp32,HP,,,synthetic,True,,,,,,,,27.0,HISTORY_ONLY
7084,N3,synthetic,P_nat,mlp32,Hnoise,,,synthetic,True,,,,,,,,27.0,HISTORY_ONLY
7085,N3,synthetic,P_nat,logistic,H,,,synthetic,False,,,,,,,,28.0,HISTORY_ONLY
7086,N3,synthetic,P_nat,logistic,HP,,,synthetic,False,,,,,,,,28.0,HISTORY_ONLY
7087,N3,synthetic,P_nat,logistic,Hnoise,,,synthetic,False,,,,,,,,28.0,HISTORY_ONLY
7088,N3,synthetic,P_nat,mlp32,H,,,synthetic,True,,,,,,,,28.0,HISTORY_ONLY
7089,N3,synthetic,P_nat,mlp32,HP,,,synthetic,True,,,,,,,,28.0,HISTORY_ONLY
7090,N3,synthetic,P_nat,mlp32,Hnoise,,,synthetic,True,,,,,,,,28.0,HISTORY_ONLY
7091,N3,synthetic,P_nat,logistic,H,,,synthetic,False,,,,,,,,29.0,HISTORY_ONLY
7092,N3,synthetic,P_nat,logistic,HP,,,synthetic,False,,,,,,,,29.0,HISTORY_ONLY
7093,N3,synthetic,P_nat,logistic,Hnoise,,,synthetic,False,,,,,,,,29.0,HISTORY_ONLY
7094,N3,synthetic,P_nat,mlp32,H,,,synthetic,True,,,,,,,,29.0,HISTORY_ONLY
7095,N3,synthetic,P_nat,mlp32,HP,,,synthetic,True,,,,,,,,29.0,HISTORY_ONLY
7096,N3,synthetic,P_nat,mlp32,Hnoise,,,synthetic,True,,,,,,,,29.0,HISTORY_ONLY
7097,N3,synthetic,P_nat,logistic,H,,,synthetic,False,,,,,,,,0.0,EEG_INCREMENT
7098,N3,synthetic,P_nat,logistic,HP,,,synthetic,False,,,,,,,,0.0,EEG_INCREMENT
7099,N3,synthetic,P_nat,logistic,Hnoise,,,synthetic,False,,,,,,,,0.0,EEG_INCREMENT
7100,N3,synthetic,P_nat,mlp32,H,,,synthetic,True,,,,,,,,0.0,EEG_INCREMENT
7101,N3,synthetic,P_nat,mlp32,HP,,,synthetic,True,,,,,,,,0.0,EEG_INCREMENT
7102,N3,synthetic,P_nat,mlp32,Hnoise,,,synthetic,True,,,,,,,,0.0,EEG_INCREMENT
7103,N3,synthetic,P_nat,logistic,H,,,synthetic,False,,,,,,,,1.0,EEG_INCREMENT
7104,N3,synthetic,P_nat,logistic,HP,,,synthetic,False,,,,,,,,1.0,EEG_INCREMENT
7105,N3,synthetic,P_nat,logistic,Hnoise,,,synthetic,False,,,,,,,,1.0,EEG_INCREMENT
7106,N3,synthetic,P_nat,mlp32,H,,,synthetic,True,,,,,,,,1.0,EEG_INCREMENT
7107,N3,synthetic,P_nat,mlp32,HP,,,synthetic,True,,,,,,,,1.0,EEG_INCREMENT
7108,N3,synthetic,P_nat,mlp32,Hnoise,,,synthetic,True,,,,,,,,1.0,EEG_INCREMENT
7109,N3,synthetic,P_nat,logistic,H,,,synthetic,False,,,,,,,,2.0,EEG_INCREMENT
7110,N3,synthetic,P_nat,logistic,HP,,,synthetic,False,,,,,,,,2.0,EEG_INCREMENT
7111,N3,synthetic,P_nat,logistic,Hnoise,,,synthetic,False,,,,,,,,2.0,EEG_INCREMENT
7112,N3,synthetic,P_nat,mlp32,H,,,synthetic,True,,,,,,,,2.0,EEG_INCREMENT
7113,N3,synthetic,P_nat,mlp32,HP,,,synthetic,True,,,,,,,,2.0,EEG_INCREMENT
7114,N3,synthetic,P_nat,mlp32,Hnoise,,,synthetic,True,,,,,,,,2.0,EEG_INCREMENT
7115,N3,synthetic,P_nat,logistic,H,,,synthetic,False,,,,,,,,3.0,EEG_INCREMENT
7116,N3,synthetic,P_nat,logistic,HP,,,synthetic,False,,,,,,,,3.0,EEG_INCREMENT
7117,N3,synthetic,P_nat,logistic,Hnoise,,,synthetic,False,,,,,,,,3.0,EEG_INCREMENT
7118,N3,synthetic,P_nat,mlp32,H,,,synthetic,True,,,,,,,,3.0,EEG_INCREMENT
7119,N3,synthetic,P_nat,mlp32,HP,,,synthetic,True,,,,,,,,3.0,EEG_INCREMENT
7120,N3,synthetic,P_nat,mlp32,Hnoise,,,synthetic,True,,,,,,,,3.0,EEG_INCREMENT
7121,N3,synthetic,P_nat,logistic,H,,,synthetic,False,,,,,,,,4.0,EEG_INCREMENT
7122,N3,synthetic,P_nat,logistic,HP,,,synthetic,False,,,,,,,,4.0,EEG_INCREMENT
7123,N3,synthetic,P_nat,logistic,Hnoise,,,synthetic,False,,,,,,,,4.0,EEG_INCREMENT
7124,N3,synthetic,P_nat,mlp32,H,,,synthetic,True,,,,,,,,4.0,EEG_INCREMENT
7125,N3,synthetic,P_nat,mlp32,HP,,,synthetic,True,,,,,,,,4.0,EEG_INCREMENT
7126,N3,synthetic,P_nat,mlp32,Hnoise,,,synthetic,True,,,,,,,,4.0,EEG_INCREMENT
7127,N3,synthetic,P_nat,logistic,H,,,synthetic,False,,,,,,,,5.0,EEG_INCREMENT
7128,N3,synthetic,P_nat,logistic,HP,,,synthetic,False,,,,,,,,5.0,EEG_INCREMENT
7129,N3,synthetic,P_nat,logistic,Hnoise,,,synthetic,False,,,,,,,,5.0,EEG_INCREMENT
7130,N3,synthetic,P_nat,mlp32,H,,,synthetic,True,,,,,,,,5.0,EEG_INCREMENT
7131,N3,synthetic,P_nat,mlp32,HP,,,synthetic,True,,,,,,,,5.0,EEG_INCREMENT
7132,N3,synthetic,P_nat,mlp32,Hnoise,,,synthetic,True,,,,,,,,5.0,EEG_INCREMENT
7133,N3,synthetic,P_nat,logistic,H,,,synthetic,False,,,,,,,,6.0,EEG_INCREMENT
7134,N3,synthetic,P_nat,logistic,HP,,,synthetic,False,,,,,,,,6.0,EEG_INCREMENT
7135,N3,synthetic,P_nat,logistic,Hnoise,,,synthetic,False,,,,,,,,6.0,EEG_INCREMENT
7136,N3,synthetic,P_nat,mlp32,H,,,synthetic,True,,,,,,,,6.0,EEG_INCREMENT
7137,N3,synthetic,P_nat,mlp32,HP,,,synthetic,True,,,,,,,,6.0,EEG_INCREMENT
7138,N3,synthetic,P_nat,mlp32,Hnoise,,,synthetic,True,,,,,,,,6.0,EEG_INCREMENT
7139,N3,synthetic,P_nat,logistic,H,,,synthetic,False,,,,,,,,7.0,EEG_INCREMENT
7140,N3,synthetic,P_nat,logistic,HP,,,synthetic,False,,,,,,,,7.0,EEG_INCREMENT
7141,N3,synthetic,P_nat,logistic,Hnoise,,,synthetic,False,,,,,,,,7.0,EEG_INCREMENT
7142,N3,synthetic,P_nat,mlp32,H,,,synthetic,True,,,,,,,,7.0,EEG_INCREMENT
7143,N3,synthetic,P_nat,mlp32,HP,,,synthetic,True,,,,,,,,7.0,EEG_INCREMENT
7144,N3,synthetic,P_nat,mlp32,Hnoise,,,synthetic,True,,,,,,,,7.0,EEG_INCREMENT
7145,N3,synthetic,P_nat,logistic,H,,,synthetic,False,,,,,,,,8.0,EEG_INCREMENT
7146,N3,synthetic,P_nat,logistic,HP,,,synthetic,False,,,,,,,,8.0,EEG_INCREMENT
7147,N3,synthetic,P_nat,logistic,Hnoise,,,synthetic,False,,,,,,,,8.0,EEG_INCREMENT
7148,N3,synthetic,P_nat,mlp32,H,,,synthetic,True,,,,,,,,8.0,EEG_INCREMENT
7149,N3,synthetic,P_nat,mlp32,HP,,,synthetic,True,,,,,,,,8.0,EEG_INCREMENT
7150,N3,synthetic,P_nat,mlp32,Hnoise,,,synthetic,True,,,,,,,,8.0,EEG_INCREMENT
7151,N3,synthetic,P_nat,logistic,H,,,synthetic,False,,,,,,,,9.0,EEG_INCREMENT
7152,N3,synthetic,P_nat,logistic,HP,,,synthetic,False,,,,,,,,9.0,EEG_INCREMENT
7153,N3,synthetic,P_nat,logistic,Hnoise,,,synthetic,False,,,,,,,,9.0,EEG_INCREMENT
7154,N3,synthetic,P_nat,mlp32,H,,,synthetic,True,,,,,,,,9.0,EEG_INCREMENT
7155,N3,synthetic,P_nat,mlp32,HP,,,synthetic,True,,,,,,,,9.0,EEG_INCREMENT
7156,N3,synthetic,P_nat,mlp32,Hnoise,,,synthetic,True,,,,,,,,9.0,EEG_INCREMENT
7157,N3,synthetic,P_nat,logistic,H,,,synthetic,False,,,,,,,,10.0,EEG_INCREMENT
7158,N3,synthetic,P_nat,logistic,HP,,,synthetic,False,,,,,,,,10.0,EEG_INCREMENT
7159,N3,synthetic,P_nat,logistic,Hnoise,,,synthetic,False,,,,,,,,10.0,EEG_INCREMENT
7160,N3,synthetic,P_nat,mlp32,H,,,synthetic,True,,,,,,,,10.0,EEG_INCREMENT
7161,N3,synthetic,P_nat,mlp32,HP,,,synthetic,True,,,,,,,,10.0,EEG_INCREMENT
7162,N3,synthetic,P_nat,mlp32,Hnoise,,,synthetic,True,,,,,,,,10.0,EEG_INCREMENT
7163,N3,synthetic,P_nat,logistic,H,,,synthetic,False,,,,,,,,11.0,EEG_INCREMENT
7164,N3,synthetic,P_nat,logistic,HP,,,synthetic,False,,,,,,,,11.0,EEG_INCREMENT
7165,N3,synthetic,P_nat,logistic,Hnoise,,,synthetic,False,,,,,,,,11.0,EEG_INCREMENT
7166,N3,synthetic,P_nat,mlp32,H,,,synthetic,True,,,,,,,,11.0,EEG_INCREMENT
7167,N3,synthetic,P_nat,mlp32,HP,,,synthetic,True,,,,,,,,11.0,EEG_INCREMENT
7168,N3,synthetic,P_nat,mlp32,Hnoise,,,synthetic,True,,,,,,,,11.0,EEG_INCREMENT
7169,N3,synthetic,P_nat,logistic,H,,,synthetic,False,,,,,,,,12.0,EEG_INCREMENT
7170,N3,synthetic,P_nat,logistic,HP,,,synthetic,False,,,,,,,,12.0,EEG_INCREMENT
7171,N3,synthetic,P_nat,logistic,Hnoise,,,synthetic,False,,,,,,,,12.0,EEG_INCREMENT
7172,N3,synthetic,P_nat,mlp32,H,,,synthetic,True,,,,,,,,12.0,EEG_INCREMENT
7173,N3,synthetic,P_nat,mlp32,HP,,,synthetic,True,,,,,,,,12.0,EEG_INCREMENT
7174,N3,synthetic,P_nat,mlp32,Hnoise,,,synthetic,True,,,,,,,,12.0,EEG_INCREMENT
7175,N3,synthetic,P_nat,logistic,H,,,synthetic,False,,,,,,,,13.0,EEG_INCREMENT
7176,N3,synthetic,P_nat,logistic,HP,,,synthetic,False,,,,,,,,13.0,EEG_INCREMENT
7177,N3,synthetic,P_nat,logistic,Hnoise,,,synthetic,False,,,,,,,,13.0,EEG_INCREMENT
7178,N3,synthetic,P_nat,mlp32,H,,,synthetic,True,,,,,,,,13.0,EEG_INCREMENT
7179,N3,synthetic,P_nat,mlp32,HP,,,synthetic,True,,,,,,,,13.0,EEG_INCREMENT
7180,N3,synthetic,P_nat,mlp32,Hnoise,,,synthetic,True,,,,,,,,13.0,EEG_INCREMENT
7181,N3,synthetic,P_nat,logistic,H,,,synthetic,False,,,,,,,,14.0,EEG_INCREMENT
7182,N3,synthetic,P_nat,logistic,HP,,,synthetic,False,,,,,,,,14.0,EEG_INCREMENT
7183,N3,synthetic,P_nat,logistic,Hnoise,,,synthetic,False,,,,,,,,14.0,EEG_INCREMENT
7184,N3,synthetic,P_nat,mlp32,H,,,synthetic,True,,,,,,,,14.0,EEG_INCREMENT
7185,N3,synthetic,P_nat,mlp32,HP,,,synthetic,True,,,,,,,,14.0,EEG_INCREMENT
7186,N3,synthetic,P_nat,mlp32,Hnoise,,,synthetic,True,,,,,,,,14.0,EEG_INCREMENT
7187,N3,synthetic,P_nat,logistic,H,,,synthetic,False,,,,,,,,15.0,EEG_INCREMENT
7188,N3,synthetic,P_nat,logistic,HP,,,synthetic,False,,,,,,,,15.0,EEG_INCREMENT
7189,N3,synthetic,P_nat,logistic,Hnoise,,,synthetic,False,,,,,,,,15.0,EEG_INCREMENT
7190,N3,synthetic,P_nat,mlp32,H,,,synthetic,True,,,,,,,,15.0,EEG_INCREMENT
7191,N3,synthetic,P_nat,mlp32,HP,,,synthetic,True,,,,,,,,15.0,EEG_INCREMENT
7192,N3,synthetic,P_nat,mlp32,Hnoise,,,synthetic,True,,,,,,,,15.0,EEG_INCREMENT
7193,N3,synthetic,P_nat,logistic,H,,,synthetic,False,,,,,,,,16.0,EEG_INCREMENT
7194,N3,synthetic,P_nat,logistic,HP,,,synthetic,False,,,,,,,,16.0,EEG_INCREMENT
7195,N3,synthetic,P_nat,logistic,Hnoise,,,synthetic,False,,,,,,,,16.0,EEG_INCREMENT
7196,N3,synthetic,P_nat,mlp32,H,,,synthetic,True,,,,,,,,16.0,EEG_INCREMENT
7197,N3,synthetic,P_nat,mlp32,HP,,,synthetic,True,,,,,,,,16.0,EEG_INCREMENT
7198,N3,synthetic,P_nat,mlp32,Hnoise,,,synthetic,True,,,,,,,,16.0,EEG_INCREMENT
7199,N3,synthetic,P_nat,logistic,H,,,synthetic,False,,,,,,,,17.0,EEG_INCREMENT
7200,N3,synthetic,P_nat,logistic,HP,,,synthetic,False,,,,,,,,17.0,EEG_INCREMENT
7201,N3,synthetic,P_nat,logistic,Hnoise,,,synthetic,False,,,,,,,,17.0,EEG_INCREMENT
7202,N3,synthetic,P_nat,mlp32,H,,,synthetic,True,,,,,,,,17.0,EEG_INCREMENT
7203,N3,synthetic,P_nat,mlp32,HP,,,synthetic,True,,,,,,,,17.0,EEG_INCREMENT
7204,N3,synthetic,P_nat,mlp32,Hnoise,,,synthetic,True,,,,,,,,17.0,EEG_INCREMENT
7205,N3,synthetic,P_nat,logistic,H,,,synthetic,False,,,,,,,,18.0,EEG_INCREMENT
7206,N3,synthetic,P_nat,logistic,HP,,,synthetic,False,,,,,,,,18.0,EEG_INCREMENT
7207,N3,synthetic,P_nat,logistic,Hnoise,,,synthetic,False,,,,,,,,18.0,EEG_INCREMENT
7208,N3,synthetic,P_nat,mlp32,H,,,synthetic,True,,,,,,,,18.0,EEG_INCREMENT
7209,N3,synthetic,P_nat,mlp32,HP,,,synthetic,True,,,,,,,,18.0,EEG_INCREMENT
7210,N3,synthetic,P_nat,mlp32,Hnoise,,,synthetic,True,,,,,,,,18.0,EEG_INCREMENT
7211,N3,synthetic,P_nat,logistic,H,,,synthetic,False,,,,,,,,19.0,EEG_INCREMENT
7212,N3,synthetic,P_nat,logistic,HP,,,synthetic,False,,,,,,,,19.0,EEG_INCREMENT
7213,N3,synthetic,P_nat,logistic,Hnoise,,,synthetic,False,,,,,,,,19.0,EEG_INCREMENT
7214,N3,synthetic,P_nat,mlp32,H,,,synthetic,True,,,,,,,,19.0,EEG_INCREMENT
7215,N3,synthetic,P_nat,mlp32,HP,,,synthetic,True,,,,,,,,19.0,EEG_INCREMENT
7216,N3,synthetic,P_nat,mlp32,Hnoise,,,synthetic,True,,,,,,,,19.0,EEG_INCREMENT
7217,N3,synthetic,P_nat,logistic,H,,,synthetic,False,,,,,,,,20.0,EEG_INCREMENT
7218,N3,synthetic,P_nat,logistic,HP,,,synthetic,False,,,,,,,,20.0,EEG_INCREMENT
7219,N3,synthetic,P_nat,logistic,Hnoise,,,synthetic,False,,,,,,,,20.0,EEG_INCREMENT
7220,N3,synthetic,P_nat,mlp32,H,,,synthetic,True,,,,,,,,20.0,EEG_INCREMENT
7221,N3,synthetic,P_nat,mlp32,HP,,,synthetic,True,,,,,,,,20.0,EEG_INCREMENT
7222,N3,synthetic,P_nat,mlp32,Hnoise,,,synthetic,True,,,,,,,,20.0,EEG_INCREMENT
7223,N3,synthetic,P_nat,logistic,H,,,synthetic,False,,,,,,,,21.0,EEG_INCREMENT
7224,N3,synthetic,P_nat,logistic,HP,,,synthetic,False,,,,,,,,21.0,EEG_INCREMENT
7225,N3,synthetic,P_nat,logistic,Hnoise,,,synthetic,False,,,,,,,,21.0,EEG_INCREMENT
7226,N3,synthetic,P_nat,mlp32,H,,,synthetic,True,,,,,,,,21.0,EEG_INCREMENT
7227,N3,synthetic,P_nat,mlp32,HP,,,synthetic,True,,,,,,,,21.0,EEG_INCREMENT
7228,N3,synthetic,P_nat,mlp32,Hnoise,,,synthetic,True,,,,,,,,21.0,EEG_INCREMENT
7229,N3,synthetic,P_nat,logistic,H,,,synthetic,False,,,,,,,,22.0,EEG_INCREMENT
7230,N3,synthetic,P_nat,logistic,HP,,,synthetic,False,,,,,,,,22.0,EEG_INCREMENT
7231,N3,synthetic,P_nat,logistic,Hnoise,,,synthetic,False,,,,,,,,22.0,EEG_INCREMENT
7232,N3,synthetic,P_nat,mlp32,H,,,synthetic,True,,,,,,,,22.0,EEG_INCREMENT
7233,N3,synthetic,P_nat,mlp32,HP,,,synthetic,True,,,,,,,,22.0,EEG_INCREMENT
7234,N3,synthetic,P_nat,mlp32,Hnoise,,,synthetic,True,,,,,,,,22.0,EEG_INCREMENT
7235,N3,synthetic,P_nat,logistic,H,,,synthetic,False,,,,,,,,23.0,EEG_INCREMENT
7236,N3,synthetic,P_nat,logistic,HP,,,synthetic,False,,,,,,,,23.0,EEG_INCREMENT
7237,N3,synthetic,P_nat,logistic,Hnoise,,,synthetic,False,,,,,,,,23.0,EEG_INCREMENT
7238,N3,synthetic,P_nat,mlp32,H,,,synthetic,True,,,,,,,,23.0,EEG_INCREMENT
7239,N3,synthetic,P_nat,mlp32,HP,,,synthetic,True,,,,,,,,23.0,EEG_INCREMENT
7240,N3,synthetic,P_nat,mlp32,Hnoise,,,synthetic,True,,,,,,,,23.0,EEG_INCREMENT
7241,N3,synthetic,P_nat,logistic,H,,,synthetic,False,,,,,,,,24.0,EEG_INCREMENT
7242,N3,synthetic,P_nat,logistic,HP,,,synthetic,False,,,,,,,,24.0,EEG_INCREMENT
7243,N3,synthetic,P_nat,logistic,Hnoise,,,synthetic,False,,,,,,,,24.0,EEG_INCREMENT
7244,N3,synthetic,P_nat,mlp32,H,,,synthetic,True,,,,,,,,24.0,EEG_INCREMENT
7245,N3,synthetic,P_nat,mlp32,HP,,,synthetic,True,,,,,,,,24.0,EEG_INCREMENT
7246,N3,synthetic,P_nat,mlp32,Hnoise,,,synthetic,True,,,,,,,,24.0,EEG_INCREMENT
7247,N3,synthetic,P_nat,logistic,H,,,synthetic,False,,,,,,,,25.0,EEG_INCREMENT
7248,N3,synthetic,P_nat,logistic,HP,,,synthetic,False,,,,,,,,25.0,EEG_INCREMENT
7249,N3,synthetic,P_nat,logistic,Hnoise,,,synthetic,False,,,,,,,,25.0,EEG_INCREMENT
7250,N3,synthetic,P_nat,mlp32,H,,,synthetic,True,,,,,,,,25.0,EEG_INCREMENT
7251,N3,synthetic,P_nat,mlp32,HP,,,synthetic,True,,,,,,,,25.0,EEG_INCREMENT
7252,N3,synthetic,P_nat,mlp32,Hnoise,,,synthetic,True,,,,,,,,25.0,EEG_INCREMENT
7253,N3,synthetic,P_nat,logistic,H,,,synthetic,False,,,,,,,,26.0,EEG_INCREMENT
7254,N3,synthetic,P_nat,logistic,HP,,,synthetic,False,,,,,,,,26.0,EEG_INCREMENT
7255,N3,synthetic,P_nat,logistic,Hnoise,,,synthetic,False,,,,,,,,26.0,EEG_INCREMENT
7256,N3,synthetic,P_nat,mlp32,H,,,synthetic,True,,,,,,,,26.0,EEG_INCREMENT
7257,N3,synthetic,P_nat,mlp32,HP,,,synthetic,True,,,,,,,,26.0,EEG_INCREMENT
7258,N3,synthetic,P_nat,mlp32,Hnoise,,,synthetic,True,,,,,,,,26.0,EEG_INCREMENT
7259,N3,synthetic,P_nat,logistic,H,,,synthetic,False,,,,,,,,27.0,EEG_INCREMENT
7260,N3,synthetic,P_nat,logistic,HP,,,synthetic,False,,,,,,,,27.0,EEG_INCREMENT
7261,N3,synthetic,P_nat,logistic,Hnoise,,,synthetic,False,,,,,,,,27.0,EEG_INCREMENT
7262,N3,synthetic,P_nat,mlp32,H,,,synthetic,True,,,,,,,,27.0,EEG_INCREMENT
7263,N3,synthetic,P_nat,mlp32,HP,,,synthetic,True,,,,,,,,27.0,EEG_INCREMENT
7264,N3,synthetic,P_nat,mlp32,Hnoise,,,synthetic,True,,,,,,,,27.0,EEG_INCREMENT
7265,N3,synthetic,P_nat,logistic,H,,,synthetic,False,,,,,,,,28.0,EEG_INCREMENT
7266,N3,synthetic,P_nat,logistic,HP,,,synthetic,False,,,,,,,,28.0,EEG_INCREMENT
7267,N3,synthetic,P_nat,logistic,Hnoise,,,synthetic,False,,,,,,,,28.0,EEG_INCREMENT
7268,N3,synthetic,P_nat,mlp32,H,,,synthetic,True,,,,,,,,28.0,EEG_INCREMENT
7269,N3,synthetic,P_nat,mlp32,HP,,,synthetic,True,,,,,,,,28.0,EEG_INCREMENT
7270,N3,synthetic,P_nat,mlp32,Hnoise,,,synthetic,True,,,,,,,,28.0,EEG_INCREMENT
7271,N3,synthetic,P_nat,logistic,H,,,synthetic,False,,,,,,,,29.0,EEG_INCREMENT
7272,N3,synthetic,P_nat,logistic,HP,,,synthetic,False,,,,,,,,29.0,EEG_INCREMENT
7273,N3,synthetic,P_nat,logistic,Hnoise,,,synthetic,False,,,,,,,,29.0,EEG_INCREMENT
7274,N3,synthetic,P_nat,mlp32,H,,,synthetic,True,,,,,,,,29.0,EEG_INCREMENT
7275,N3,synthetic,P_nat,mlp32,HP,,,synthetic,True,,,,,,,,29.0,EEG_INCREMENT
7276,N3,synthetic,P_nat,mlp32,Hnoise,,,synthetic,True,,,,,,,,29.0,EEG_INCREMENT
7277,N3,synthetic,P_nat,logistic,H,,,synthetic,False,,,,,,,,0.0,NEAR_DETERMINISTIC_HISTORY
7278,N3,synthetic,P_nat,logistic,HP,,,synthetic,False,,,,,,,,0.0,NEAR_DETERMINISTIC_HISTORY
7279,N3,synthetic,P_nat,logistic,Hnoise,,,synthetic,False,,,,,,,,0.0,NEAR_DETERMINISTIC_HISTORY
7280,N3,synthetic,P_nat,mlp32,H,,,synthetic,True,,,,,,,,0.0,NEAR_DETERMINISTIC_HISTORY
7281,N3,synthetic,P_nat,mlp32,HP,,,synthetic,True,,,,,,,,0.0,NEAR_DETERMINISTIC_HISTORY
7282,N3,synthetic,P_nat,mlp32,Hnoise,,,synthetic,True,,,,,,,,0.0,NEAR_DETERMINISTIC_HISTORY
7283,N3,synthetic,P_nat,logistic,H,,,synthetic,False,,,,,,,,1.0,NEAR_DETERMINISTIC_HISTORY
7284,N3,synthetic,P_nat,logistic,HP,,,synthetic,False,,,,,,,,1.0,NEAR_DETERMINISTIC_HISTORY
7285,N3,synthetic,P_nat,logistic,Hnoise,,,synthetic,False,,,,,,,,1.0,NEAR_DETERMINISTIC_HISTORY
7286,N3,synthetic,P_nat,mlp32,H,,,synthetic,True,,,,,,,,1.0,NEAR_DETERMINISTIC_HISTORY
7287,N3,synthetic,P_nat,mlp32,HP,,,synthetic,True,,,,,,,,1.0,NEAR_DETERMINISTIC_HISTORY
7288,N3,synthetic,P_nat,mlp32,Hnoise,,,synthetic,True,,,,,,,,1.0,NEAR_DETERMINISTIC_HISTORY
7289,N3,synthetic,P_nat,logistic,H,,,synthetic,False,,,,,,,,2.0,NEAR_DETERMINISTIC_HISTORY
7290,N3,synthetic,P_nat,logistic,HP,,,synthetic,False,,,,,,,,2.0,NEAR_DETERMINISTIC_HISTORY
7291,N3,synthetic,P_nat,logistic,Hnoise,,,synthetic,False,,,,,,,,2.0,NEAR_DETERMINISTIC_HISTORY
7292,N3,synthetic,P_nat,mlp32,H,,,synthetic,True,,,,,,,,2.0,NEAR_DETERMINISTIC_HISTORY
7293,N3,synthetic,P_nat,mlp32,HP,,,synthetic,True,,,,,,,,2.0,NEAR_DETERMINISTIC_HISTORY
7294,N3,synthetic,P_nat,mlp32,Hnoise,,,synthetic,True,,,,,,,,2.0,NEAR_DETERMINISTIC_HISTORY
7295,N3,synthetic,P_nat,logistic,H,,,synthetic,False,,,,,,,,3.0,NEAR_DETERMINISTIC_HISTORY
7296,N3,synthetic,P_nat,logistic,HP,,,synthetic,False,,,,,,,,3.0,NEAR_DETERMINISTIC_HISTORY
7297,N3,synthetic,P_nat,logistic,Hnoise,,,synthetic,False,,,,,,,,3.0,NEAR_DETERMINISTIC_HISTORY
7298,N3,synthetic,P_nat,mlp32,H,,,synthetic,True,,,,,,,,3.0,NEAR_DETERMINISTIC_HISTORY
7299,N3,synthetic,P_nat,mlp32,HP,,,synthetic,True,,,,,,,,3.0,NEAR_DETERMINISTIC_HISTORY
7300,N3,synthetic,P_nat,mlp32,Hnoise,,,synthetic,True,,,,,,,,3.0,NEAR_DETERMINISTIC_HISTORY
7301,N3,synthetic,P_nat,logistic,H,,,synthetic,False,,,,,,,,4.0,NEAR_DETERMINISTIC_HISTORY
7302,N3,synthetic,P_nat,logistic,HP,,,synthetic,False,,,,,,,,4.0,NEAR_DETERMINISTIC_HISTORY
7303,N3,synthetic,P_nat,logistic,Hnoise,,,synthetic,False,,,,,,,,4.0,NEAR_DETERMINISTIC_HISTORY
7304,N3,synthetic,P_nat,mlp32,H,,,synthetic,True,,,,,,,,4.0,NEAR_DETERMINISTIC_HISTORY
7305,N3,synthetic,P_nat,mlp32,HP,,,synthetic,True,,,,,,,,4.0,NEAR_DETERMINISTIC_HISTORY
7306,N3,synthetic,P_nat,mlp32,Hnoise,,,synthetic,True,,,,,,,,4.0,NEAR_DETERMINISTIC_HISTORY
7307,N3,synthetic,P_nat,logistic,H,,,synthetic,False,,,,,,,,5.0,NEAR_DETERMINISTIC_HISTORY
7308,N3,synthetic,P_nat,logistic,HP,,,synthetic,False,,,,,,,,5.0,NEAR_DETERMINISTIC_HISTORY
7309,N3,synthetic,P_nat,logistic,Hnoise,,,synthetic,False,,,,,,,,5.0,NEAR_DETERMINISTIC_HISTORY
7310,N3,synthetic,P_nat,mlp32,H,,,synthetic,True,,,,,,,,5.0,NEAR_DETERMINISTIC_HISTORY
7311,N3,synthetic,P_nat,mlp32,HP,,,synthetic,True,,,,,,,,5.0,NEAR_DETERMINISTIC_HISTORY
7312,N3,synthetic,P_nat,mlp32,Hnoise,,,synthetic,True,,,,,,,,5.0,NEAR_DETERMINISTIC_HISTORY
7313,N3,synthetic,P_nat,logistic,H,,,synthetic,False,,,,,,,,6.0,NEAR_DETERMINISTIC_HISTORY
7314,N3,synthetic,P_nat,logistic,HP,,,synthetic,False,,,,,,,,6.0,NEAR_DETERMINISTIC_HISTORY
7315,N3,synthetic,P_nat,logistic,Hnoise,,,synthetic,False,,,,,,,,6.0,NEAR_DETERMINISTIC_HISTORY
7316,N3,synthetic,P_nat,mlp32,H,,,synthetic,True,,,,,,,,6.0,NEAR_DETERMINISTIC_HISTORY
7317,N3,synthetic,P_nat,mlp32,HP,,,synthetic,True,,,,,,,,6.0,NEAR_DETERMINISTIC_HISTORY
7318,N3,synthetic,P_nat,mlp32,Hnoise,,,synthetic,True,,,,,,,,6.0,NEAR_DETERMINISTIC_HISTORY
7319,N3,synthetic,P_nat,logistic,H,,,synthetic,False,,,,,,,,7.0,NEAR_DETERMINISTIC_HISTORY
7320,N3,synthetic,P_nat,logistic,HP,,,synthetic,False,,,,,,,,7.0,NEAR_DETERMINISTIC_HISTORY
7321,N3,synthetic,P_nat,logistic,Hnoise,,,synthetic,False,,,,,,,,7.0,NEAR_DETERMINISTIC_HISTORY
7322,N3,synthetic,P_nat,mlp32,H,,,synthetic,True,,,,,,,,7.0,NEAR_DETERMINISTIC_HISTORY
7323,N3,synthetic,P_nat,mlp32,HP,,,synthetic,True,,,,,,,,7.0,NEAR_DETERMINISTIC_HISTORY
7324,N3,synthetic,P_nat,mlp32,Hnoise,,,synthetic,True,,,,,,,,7.0,NEAR_DETERMINISTIC_HISTORY
7325,N3,synthetic,P_nat,logistic,H,,,synthetic,False,,,,,,,,8.0,NEAR_DETERMINISTIC_HISTORY
7326,N3,synthetic,P_nat,logistic,HP,,,synthetic,False,,,,,,,,8.0,NEAR_DETERMINISTIC_HISTORY
7327,N3,synthetic,P_nat,logistic,Hnoise,,,synthetic,False,,,,,,,,8.0,NEAR_DETERMINISTIC_HISTORY
7328,N3,synthetic,P_nat,mlp32,H,,,synthetic,True,,,,,,,,8.0,NEAR_DETERMINISTIC_HISTORY
7329,N3,synthetic,P_nat,mlp32,HP,,,synthetic,True,,,,,,,,8.0,NEAR_DETERMINISTIC_HISTORY
7330,N3,synthetic,P_nat,mlp32,Hnoise,,,synthetic,True,,,,,,,,8.0,NEAR_DETERMINISTIC_HISTORY
7331,N3,synthetic,P_nat,logistic,H,,,synthetic,False,,,,,,,,9.0,NEAR_DETERMINISTIC_HISTORY
7332,N3,synthetic,P_nat,logistic,HP,,,synthetic,False,,,,,,,,9.0,NEAR_DETERMINISTIC_HISTORY
7333,N3,synthetic,P_nat,logistic,Hnoise,,,synthetic,False,,,,,,,,9.0,NEAR_DETERMINISTIC_HISTORY
7334,N3,synthetic,P_nat,mlp32,H,,,synthetic,True,,,,,,,,9.0,NEAR_DETERMINISTIC_HISTORY
7335,N3,synthetic,P_nat,mlp32,HP,,,synthetic,True,,,,,,,,9.0,NEAR_DETERMINISTIC_HISTORY
7336,N3,synthetic,P_nat,mlp32,Hnoise,,,synthetic,True,,,,,,,,9.0,NEAR_DETERMINISTIC_HISTORY
7337,N3,synthetic,P_nat,logistic,H,,,synthetic,False,,,,,,,,10.0,NEAR_DETERMINISTIC_HISTORY
7338,N3,synthetic,P_nat,logistic,HP,,,synthetic,False,,,,,,,,10.0,NEAR_DETERMINISTIC_HISTORY
7339,N3,synthetic,P_nat,logistic,Hnoise,,,synthetic,False,,,,,,,,10.0,NEAR_DETERMINISTIC_HISTORY
7340,N3,synthetic,P_nat,mlp32,H,,,synthetic,True,,,,,,,,10.0,NEAR_DETERMINISTIC_HISTORY
7341,N3,synthetic,P_nat,mlp32,HP,,,synthetic,True,,,,,,,,10.0,NEAR_DETERMINISTIC_HISTORY
7342,N3,synthetic,P_nat,mlp32,Hnoise,,,synthetic,True,,,,,,,,10.0,NEAR_DETERMINISTIC_HISTORY
7343,N3,synthetic,P_nat,logistic,H,,,synthetic,False,,,,,,,,11.0,NEAR_DETERMINISTIC_HISTORY
7344,N3,synthetic,P_nat,logistic,HP,,,synthetic,False,,,,,,,,11.0,NEAR_DETERMINISTIC_HISTORY
7345,N3,synthetic,P_nat,logistic,Hnoise,,,synthetic,False,,,,,,,,11.0,NEAR_DETERMINISTIC_HISTORY
7346,N3,synthetic,P_nat,mlp32,H,,,synthetic,True,,,,,,,,11.0,NEAR_DETERMINISTIC_HISTORY
7347,N3,synthetic,P_nat,mlp32,HP,,,synthetic,True,,,,,,,,11.0,NEAR_DETERMINISTIC_HISTORY
7348,N3,synthetic,P_nat,mlp32,Hnoise,,,synthetic,True,,,,,,,,11.0,NEAR_DETERMINISTIC_HISTORY
7349,N3,synthetic,P_nat,logistic,H,,,synthetic,False,,,,,,,,12.0,NEAR_DETERMINISTIC_HISTORY
7350,N3,synthetic,P_nat,logistic,HP,,,synthetic,False,,,,,,,,12.0,NEAR_DETERMINISTIC_HISTORY
7351,N3,synthetic,P_nat,logistic,Hnoise,,,synthetic,False,,,,,,,,12.0,NEAR_DETERMINISTIC_HISTORY
7352,N3,synthetic,P_nat,mlp32,H,,,synthetic,True,,,,,,,,12.0,NEAR_DETERMINISTIC_HISTORY
7353,N3,synthetic,P_nat,mlp32,HP,,,synthetic,True,,,,,,,,12.0,NEAR_DETERMINISTIC_HISTORY
7354,N3,synthetic,P_nat,mlp32,Hnoise,,,synthetic,True,,,,,,,,12.0,NEAR_DETERMINISTIC_HISTORY
7355,N3,synthetic,P_nat,logistic,H,,,synthetic,False,,,,,,,,13.0,NEAR_DETERMINISTIC_HISTORY
7356,N3,synthetic,P_nat,logistic,HP,,,synthetic,False,,,,,,,,13.0,NEAR_DETERMINISTIC_HISTORY
7357,N3,synthetic,P_nat,logistic,Hnoise,,,synthetic,False,,,,,,,,13.0,NEAR_DETERMINISTIC_HISTORY
7358,N3,synthetic,P_nat,mlp32,H,,,synthetic,True,,,,,,,,13.0,NEAR_DETERMINISTIC_HISTORY
7359,N3,synthetic,P_nat,mlp32,HP,,,synthetic,True,,,,,,,,13.0,NEAR_DETERMINISTIC_HISTORY
7360,N3,synthetic,P_nat,mlp32,Hnoise,,,synthetic,True,,,,,,,,13.0,NEAR_DETERMINISTIC_HISTORY
7361,N3,synthetic,P_nat,logistic,H,,,synthetic,False,,,,,,,,14.0,NEAR_DETERMINISTIC_HISTORY
7362,N3,synthetic,P_nat,logistic,HP,,,synthetic,False,,,,,,,,14.0,NEAR_DETERMINISTIC_HISTORY
7363,N3,synthetic,P_nat,logistic,Hnoise,,,synthetic,False,,,,,,,,14.0,NEAR_DETERMINISTIC_HISTORY
7364,N3,synthetic,P_nat,mlp32,H,,,synthetic,True,,,,,,,,14.0,NEAR_DETERMINISTIC_HISTORY
7365,N3,synthetic,P_nat,mlp32,HP,,,synthetic,True,,,,,,,,14.0,NEAR_DETERMINISTIC_HISTORY
7366,N3,synthetic,P_nat,mlp32,Hnoise,,,synthetic,True,,,,,,,,14.0,NEAR_DETERMINISTIC_HISTORY
7367,N3,synthetic,P_nat,logistic,H,,,synthetic,False,,,,,,,,15.0,NEAR_DETERMINISTIC_HISTORY
7368,N3,synthetic,P_nat,logistic,HP,,,synthetic,False,,,,,,,,15.0,NEAR_DETERMINISTIC_HISTORY
7369,N3,synthetic,P_nat,logistic,Hnoise,,,synthetic,False,,,,,,,,15.0,NEAR_DETERMINISTIC_HISTORY
7370,N3,synthetic,P_nat,mlp32,H,,,synthetic,True,,,,,,,,15.0,NEAR_DETERMINISTIC_HISTORY
7371,N3,synthetic,P_nat,mlp32,HP,,,synthetic,True,,,,,,,,15.0,NEAR_DETERMINISTIC_HISTORY
7372,N3,synthetic,P_nat,mlp32,Hnoise,,,synthetic,True,,,,,,,,15.0,NEAR_DETERMINISTIC_HISTORY
7373,N3,synthetic,P_nat,logistic,H,,,synthetic,False,,,,,,,,16.0,NEAR_DETERMINISTIC_HISTORY
7374,N3,synthetic,P_nat,logistic,HP,,,synthetic,False,,,,,,,,16.0,NEAR_DETERMINISTIC_HISTORY
7375,N3,synthetic,P_nat,logistic,Hnoise,,,synthetic,False,,,,,,,,16.0,NEAR_DETERMINISTIC_HISTORY
7376,N3,synthetic,P_nat,mlp32,H,,,synthetic,True,,,,,,,,16.0,NEAR_DETERMINISTIC_HISTORY
7377,N3,synthetic,P_nat,mlp32,HP,,,synthetic,True,,,,,,,,16.0,NEAR_DETERMINISTIC_HISTORY
7378,N3,synthetic,P_nat,mlp32,Hnoise,,,synthetic,True,,,,,,,,16.0,NEAR_DETERMINISTIC_HISTORY
7379,N3,synthetic,P_nat,logistic,H,,,synthetic,False,,,,,,,,17.0,NEAR_DETERMINISTIC_HISTORY
7380,N3,synthetic,P_nat,logistic,HP,,,synthetic,False,,,,,,,,17.0,NEAR_DETERMINISTIC_HISTORY
7381,N3,synthetic,P_nat,logistic,Hnoise,,,synthetic,False,,,,,,,,17.0,NEAR_DETERMINISTIC_HISTORY
7382,N3,synthetic,P_nat,mlp32,H,,,synthetic,True,,,,,,,,17.0,NEAR_DETERMINISTIC_HISTORY
7383,N3,synthetic,P_nat,mlp32,HP,,,synthetic,True,,,,,,,,17.0,NEAR_DETERMINISTIC_HISTORY
7384,N3,synthetic,P_nat,mlp32,Hnoise,,,synthetic,True,,,,,,,,17.0,NEAR_DETERMINISTIC_HISTORY
7385,N3,synthetic,P_nat,logistic,H,,,synthetic,False,,,,,,,,18.0,NEAR_DETERMINISTIC_HISTORY
7386,N3,synthetic,P_nat,logistic,HP,,,synthetic,False,,,,,,,,18.0,NEAR_DETERMINISTIC_HISTORY
7387,N3,synthetic,P_nat,logistic,Hnoise,,,synthetic,False,,,,,,,,18.0,NEAR_DETERMINISTIC_HISTORY
7388,N3,synthetic,P_nat,mlp32,H,,,synthetic,True,,,,,,,,18.0,NEAR_DETERMINISTIC_HISTORY
7389,N3,synthetic,P_nat,mlp32,HP,,,synthetic,True,,,,,,,,18.0,NEAR_DETERMINISTIC_HISTORY
7390,N3,synthetic,P_nat,mlp32,Hnoise,,,synthetic,True,,,,,,,,18.0,NEAR_DETERMINISTIC_HISTORY
7391,N3,synthetic,P_nat,logistic,H,,,synthetic,False,,,,,,,,19.0,NEAR_DETERMINISTIC_HISTORY
7392,N3,synthetic,P_nat,logistic,HP,,,synthetic,False,,,,,,,,19.0,NEAR_DETERMINISTIC_HISTORY
7393,N3,synthetic,P_nat,logistic,Hnoise,,,synthetic,False,,,,,,,,19.0,NEAR_DETERMINISTIC_HISTORY
7394,N3,synthetic,P_nat,mlp32,H,,,synthetic,True,,,,,,,,19.0,NEAR_DETERMINISTIC_HISTORY
7395,N3,synthetic,P_nat,mlp32,HP,,,synthetic,True,,,,,,,,19.0,NEAR_DETERMINISTIC_HISTORY
7396,N3,synthetic,P_nat,mlp32,Hnoise,,,synthetic,True,,,,,,,,19.0,NEAR_DETERMINISTIC_HISTORY
7397,N3,synthetic,P_nat,logistic,H,,,synthetic,False,,,,,,,,20.0,NEAR_DETERMINISTIC_HISTORY
7398,N3,synthetic,P_nat,logistic,HP,,,synthetic,False,,,,,,,,20.0,NEAR_DETERMINISTIC_HISTORY
7399,N3,synthetic,P_nat,logistic,Hnoise,,,synthetic,False,,,,,,,,20.0,NEAR_DETERMINISTIC_HISTORY
7400,N3,synthetic,P_nat,mlp32,H,,,synthetic,True,,,,,,,,20.0,NEAR_DETERMINISTIC_HISTORY
7401,N3,synthetic,P_nat,mlp32,HP,,,synthetic,True,,,,,,,,20.0,NEAR_DETERMINISTIC_HISTORY
7402,N3,synthetic,P_nat,mlp32,Hnoise,,,synthetic,True,,,,,,,,20.0,NEAR_DETERMINISTIC_HISTORY
7403,N3,synthetic,P_nat,logistic,H,,,synthetic,False,,,,,,,,21.0,NEAR_DETERMINISTIC_HISTORY
7404,N3,synthetic,P_nat,logistic,HP,,,synthetic,False,,,,,,,,21.0,NEAR_DETERMINISTIC_HISTORY
7405,N3,synthetic,P_nat,logistic,Hnoise,,,synthetic,False,,,,,,,,21.0,NEAR_DETERMINISTIC_HISTORY
7406,N3,synthetic,P_nat,mlp32,H,,,synthetic,True,,,,,,,,21.0,NEAR_DETERMINISTIC_HISTORY
7407,N3,synthetic,P_nat,mlp32,HP,,,synthetic,True,,,,,,,,21.0,NEAR_DETERMINISTIC_HISTORY
7408,N3,synthetic,P_nat,mlp32,Hnoise,,,synthetic,True,,,,,,,,21.0,NEAR_DETERMINISTIC_HISTORY
7409,N3,synthetic,P_nat,logistic,H,,,synthetic,False,,,,,,,,22.0,NEAR_DETERMINISTIC_HISTORY
7410,N3,synthetic,P_nat,logistic,HP,,,synthetic,False,,,,,,,,22.0,NEAR_DETERMINISTIC_HISTORY
7411,N3,synthetic,P_nat,logistic,Hnoise,,,synthetic,False,,,,,,,,22.0,NEAR_DETERMINISTIC_HISTORY
7412,N3,synthetic,P_nat,mlp32,H,,,synthetic,True,,,,,,,,22.0,NEAR_DETERMINISTIC_HISTORY
7413,N3,synthetic,P_nat,mlp32,HP,,,synthetic,True,,,,,,,,22.0,NEAR_DETERMINISTIC_HISTORY
7414,N3,synthetic,P_nat,mlp32,Hnoise,,,synthetic,True,,,,,,,,22.0,NEAR_DETERMINISTIC_HISTORY
7415,N3,synthetic,P_nat,logistic,H,,,synthetic,False,,,,,,,,23.0,NEAR_DETERMINISTIC_HISTORY
7416,N3,synthetic,P_nat,logistic,HP,,,synthetic,False,,,,,,,,23.0,NEAR_DETERMINISTIC_HISTORY
7417,N3,synthetic,P_nat,logistic,Hnoise,,,synthetic,False,,,,,,,,23.0,NEAR_DETERMINISTIC_HISTORY
7418,N3,synthetic,P_nat,mlp32,H,,,synthetic,True,,,,,,,,23.0,NEAR_DETERMINISTIC_HISTORY
7419,N3,synthetic,P_nat,mlp32,HP,,,synthetic,True,,,,,,,,23.0,NEAR_DETERMINISTIC_HISTORY
7420,N3,synthetic,P_nat,mlp32,Hnoise,,,synthetic,True,,,,,,,,23.0,NEAR_DETERMINISTIC_HISTORY
7421,N3,synthetic,P_nat,logistic,H,,,synthetic,False,,,,,,,,24.0,NEAR_DETERMINISTIC_HISTORY
7422,N3,synthetic,P_nat,logistic,HP,,,synthetic,False,,,,,,,,24.0,NEAR_DETERMINISTIC_HISTORY
7423,N3,synthetic,P_nat,logistic,Hnoise,,,synthetic,False,,,,,,,,24.0,NEAR_DETERMINISTIC_HISTORY
7424,N3,synthetic,P_nat,mlp32,H,,,synthetic,True,,,,,,,,24.0,NEAR_DETERMINISTIC_HISTORY
7425,N3,synthetic,P_nat,mlp32,HP,,,synthetic,True,,,,,,,,24.0,NEAR_DETERMINISTIC_HISTORY
7426,N3,synthetic,P_nat,mlp32,Hnoise,,,synthetic,True,,,,,,,,24.0,NEAR_DETERMINISTIC_HISTORY
7427,N3,synthetic,P_nat,logistic,H,,,synthetic,False,,,,,,,,25.0,NEAR_DETERMINISTIC_HISTORY
7428,N3,synthetic,P_nat,logistic,HP,,,synthetic,False,,,,,,,,25.0,NEAR_DETERMINISTIC_HISTORY
7429,N3,synthetic,P_nat,logistic,Hnoise,,,synthetic,False,,,,,,,,25.0,NEAR_DETERMINISTIC_HISTORY
7430,N3,synthetic,P_nat,mlp32,H,,,synthetic,True,,,,,,,,25.0,NEAR_DETERMINISTIC_HISTORY
7431,N3,synthetic,P_nat,mlp32,HP,,,synthetic,True,,,,,,,,25.0,NEAR_DETERMINISTIC_HISTORY
7432,N3,synthetic,P_nat,mlp32,Hnoise,,,synthetic,True,,,,,,,,25.0,NEAR_DETERMINISTIC_HISTORY
7433,N3,synthetic,P_nat,logistic,H,,,synthetic,False,,,,,,,,26.0,NEAR_DETERMINISTIC_HISTORY
7434,N3,synthetic,P_nat,logistic,HP,,,synthetic,False,,,,,,,,26.0,NEAR_DETERMINISTIC_HISTORY
7435,N3,synthetic,P_nat,logistic,Hnoise,,,synthetic,False,,,,,,,,26.0,NEAR_DETERMINISTIC_HISTORY
7436,N3,synthetic,P_nat,mlp32,H,,,synthetic,True,,,,,,,,26.0,NEAR_DETERMINISTIC_HISTORY
7437,N3,synthetic,P_nat,mlp32,HP,,,synthetic,True,,,,,,,,26.0,NEAR_DETERMINISTIC_HISTORY
7438,N3,synthetic,P_nat,mlp32,Hnoise,,,synthetic,True,,,,,,,,26.0,NEAR_DETERMINISTIC_HISTORY
7439,N3,synthetic,P_nat,logistic,H,,,synthetic,False,,,,,,,,27.0,NEAR_DETERMINISTIC_HISTORY
7440,N3,synthetic,P_nat,logistic,HP,,,synthetic,False,,,,,,,,27.0,NEAR_DETERMINISTIC_HISTORY
7441,N3,synthetic,P_nat,logistic,Hnoise,,,synthetic,False,,,,,,,,27.0,NEAR_DETERMINISTIC_HISTORY
7442,N3,synthetic,P_nat,mlp32,H,,,synthetic,True,,,,,,,,27.0,NEAR_DETERMINISTIC_HISTORY
7443,N3,synthetic,P_nat,mlp32,HP,,,synthetic,True,,,,,,,,27.0,NEAR_DETERMINISTIC_HISTORY
7444,N3,synthetic,P_nat,mlp32,Hnoise,,,synthetic,True,,,,,,,,27.0,NEAR_DETERMINISTIC_HISTORY
7445,N3,synthetic,P_nat,logistic,H,,,synthetic,False,,,,,,,,28.0,NEAR_DETERMINISTIC_HISTORY
7446,N3,synthetic,P_nat,logistic,HP,,,synthetic,False,,,,,,,,28.0,NEAR_DETERMINISTIC_HISTORY
7447,N3,synthetic,P_nat,logistic,Hnoise,,,synthetic,False,,,,,,,,28.0,NEAR_DETERMINISTIC_HISTORY
7448,N3,synthetic,P_nat,mlp32,H,,,synthetic,True,,,,,,,,28.0,NEAR_DETERMINISTIC_HISTORY
7449,N3,synthetic,P_nat,mlp32,HP,,,synthetic,True,,,,,,,,28.0,NEAR_DETERMINISTIC_HISTORY
7450,N3,synthetic,P_nat,mlp32,Hnoise,,,synthetic,True,,,,,,,,28.0,NEAR_DETERMINISTIC_HISTORY
7451,N3,synthetic,P_nat,logistic,H,,,synthetic,False,,,,,,,,29.0,NEAR_DETERMINISTIC_HISTORY
7452,N3,synthetic,P_nat,logistic,HP,,,synthetic,False,,,,,,,,29.0,NEAR_DETERMINISTIC_HISTORY
7453,N3,synthetic,P_nat,logistic,Hnoise,,,synthetic,False,,,,,,,,29.0,NEAR_DETERMINISTIC_HISTORY
7454,N3,synthetic,P_nat,mlp32,H,,,synthetic,True,,,,,,,,29.0,NEAR_DETERMINISTIC_HISTORY
7455,N3,synthetic,P_nat,mlp32,HP,,,synthetic,True,,,,,,,,29.0,NEAR_DETERMINISTIC_HISTORY
7456,N3,synthetic,P_nat,mlp32,Hnoise,,,synthetic,True,,,,,,,,29.0,NEAR_DETERMINISTIC_HISTORY
