fit_index,packet,mode,population,family,view,outer_fold,inner_fold,fit_stage,neural,reserved_index,C,window,n_fit_groups,n_validation_groups,lam,penalty,record_index,world_index,mechanism
0,GATES,synthetic,P_bal,nonneural_test,contract_test_allowance,,,test,False,0.0,,,,,,,,,
1,GATES,synthetic,P_bal,nonneural_test,contract_test_allowance,,,test,False,1.0,,,,,,,,,
2,GATES,synthetic,P_bal,nonneural_test,contract_test_allowance,,,test,False,2.0,,,,,,,,,
3,GATES,synthetic,P_bal,nonneural_test,contract_test_allowance,,,test,False,3.0,,,,,,,,,
4,GATES,synthetic,P_bal,nonneural_test,contract_test_allowance,,,test,False,4.0,,,,,,,,,
5,GATES,synthetic,P_bal,nonneural_test,contract_test_allowance,,,test,False,5.0,,,,,,,,,
6,GATES,synthetic,P_bal,nonneural_test,contract_test_allowance,,,test,False,6.0,,,,,,,,,
7,GATES,synthetic,P_bal,nonneural_test,contract_test_allowance,,,test,False,7.0,,,,,,,,,
8,GATES,synthetic,P_bal,nonneural_test,contract_test_allowance,,,test,False,8.0,,,,,,,,,
9,GATES,synthetic,P_bal,nonneural_test,contract_test_allowance,,,test,False,9.0,,,,,,,,,
10,GATES,synthetic,P_bal,nonneural_test,contract_test_allowance,,,test,False,10.0,,,,,,,,,
11,GATES,synthetic,P_bal,nonneural_test,contract_test_allowance,,,test,False,11.0,,,,,,,,,
12,GATES,synthetic,P_bal,nonneural_test,contract_test_allowance,,,test,False,12.0,,,,,,,,,
13,GATES,synthetic,P_bal,nonneural_test,contract_test_allowance,,,test,False,13.0,,,,,,,,,
14,GATES,synthetic,P_bal,nonneural_test,contract_test_allowance,,,test,False,14.0,,,,,,,,,
15,GATES,synthetic,P_bal,nonneural_test,contract_test_allowance,,,test,False,15.0,,,,,,,,,
16,GATES,synthetic,P_bal,nonneural_test,contract_test_allowance,,,test,False,16.0,,,,,,,,,
17,GATES,synthetic,P_bal,nonneural_test,contract_test_allowance,,,test,False,17.0,,,,,,,,,
18,GATES,synthetic,P_bal,nonneural_test,contract_test_allowance,,,test,False,18.0,,,,,,,,,
19,GATES,synthetic,P_bal,nonneural_test,contract_test_allowance,,,test,False,19.0,,,,,,,,,
20,GATES,synthetic,P_bal,nonneural_test,contract_test_allowance,,,test,False,20.0,,,,,,,,,
21,GATES,synthetic,P_bal,nonneural_test,contract_test_allowance,,,test,False,21.0,,,,,,,,,
22,GATES,synthetic,P_bal,nonneural_test,contract_test_allowance,,,test,False,22.0,,,,,,,,,
23,GATES,synthetic,P_bal,nonneural_test,contract_test_allowance,,,test,False,23.0,,,,,,,,,
24,GATES,synthetic,P_bal,nonneural_test,contract_test_allowance,,,test,False,24.0,,,,,,,,,
25,GATES,synthetic,P_bal,nonneural_test,contract_test_allowance,,,test,False,25.0,,,,,,,,,
26,GATES,synthetic,P_bal,nonneural_test,contract_test_allowance,,,test,False,26.0,,,,,,,,,
27,GATES,synthetic,P_bal,nonneural_test,contract_test_allowance,,,test,False,27.0,,,,,,,,,
28,GATES,synthetic,P_bal,nonneural_test,contract_test_allowance,,,test,False,28.0,,,,,,,,,
29,GATES,synthetic,P_bal,nonneural_test,contract_test_allowance,,,test,False,29.0,,,,,,,,,
30,GATES,synthetic,P_bal,nonneural_test,contract_test_allowance,,,test,False,30.0,,,,,,,,,
31,GATES,synthetic,P_bal,nonneural_test,contract_test_allowance,,,test,False,31.0,,,,,,,,,
32,GATES,synthetic,P_bal,nonneural_test,contract_test_allowance,,,test,False,32.0,,,,,,,,,
33,GATES,synthetic,P_bal,nonneural_test,contract_test_allowance,,,test,False,33.0,,,,,,,,,
34,GATES,synthetic,P_bal,nonneural_test,contract_test_allowance,,,test,False,34.0,,,,,,,,,
35,GATES,synthetic,P_bal,nonneural_test,contract_test_allowance,,,test,False,35.0,,,,,,,,,
36,GATES,synthetic,P_bal,nonneural_test,contract_test_allowance,,,test,False,36.0,,,,,,,,,
37,GATES,synthetic,P_bal,nonneural_test,contract_test_allowance,,,test,False,37.0,,,,,,,,,
38,GATES,synthetic,P_bal,nonneural_test,contract_test_allowance,,,test,False,38.0,,,,,,,,,
39,GATES,synthetic,P_bal,nonneural_test,contract_test_allowance,,,test,False,39.0,,,,,,,,,
40,GATES,synthetic,P_bal,nonneural_test,contract_test_allowance,,,test,False,40.0,,,,,,,,,
41,GATES,synthetic,P_bal,nonneural_test,contract_test_allowance,,,test,False,41.0,,,,,,,,,
42,GATES,synthetic,P_bal,nonneural_test,contract_test_allowance,,,test,False,42.0,,,,,,,,,
43,GATES,synthetic,P_bal,nonneural_test,contract_test_allowance,,,test,False,43.0,,,,,,,,,
44,GATES,synthetic,P_bal,nonneural_test,contract_test_allowance,,,test,False,44.0,,,,,,,,,
45,GATES,synthetic,P_bal,nonneural_test,contract_test_allowance,,,test,False,45.0,,,,,,,,,
46,GATES,synthetic,P_bal,nonneural_test,contract_test_allowance,,,test,False,46.0,,,,,,,,,
47,GATES,synthetic,P_bal,nonneural_test,contract_test_allowance,,,test,False,47.0,,,,,,,,,
48,GATES,synthetic,P_bal,nonneural_test,contract_test_allowance,,,test,False,48.0,,,,,,,,,
49,GATES,synthetic,P_bal,nonneural_test,contract_test_allowance,,,test,False,49.0,,,,,,,,,
50,GATES,synthetic,P_bal,nonneural_test,contract_test_allowance,,,test,False,50.0,,,,,,,,,
51,GATES,synthetic,P_bal,nonneural_test,contract_test_allowance,,,test,False,51.0,,,,,,,,,
52,GATES,synthetic,P_bal,nonneural_test,contract_test_allowance,,,test,False,52.0,,,,,,,,,
53,GATES,synthetic,P_bal,nonneural_test,contract_test_allowance,,,test,False,53.0,,,,,,,,,
54,GATES,synthetic,P_bal,nonneural_test,contract_test_allowance,,,test,False,54.0,,,,,,,,,
55,GATES,synthetic,P_bal,nonneural_test,contract_test_allowance,,,test,False,55.0,,,,,,,,,
56,GATES,synthetic,P_bal,nonneural_test,contract_test_allowance,,,test,False,56.0,,,,,,,,,
57,GATES,synthetic,P_bal,nonneural_test,contract_test_allowance,,,test,False,57.0,,,,,,,,,
58,GATES,synthetic,P_bal,nonneural_test,contract_test_allowance,,,test,False,58.0,,,,,,,,,
59,GATES,synthetic,P_bal,nonneural_test,contract_test_allowance,,,test,False,59.0,,,,,,,,,
60,GATES,synthetic,P_bal,nonneural_test,contract_test_allowance,,,test,False,60.0,,,,,,,,,
61,GATES,synthetic,P_bal,nonneural_test,contract_test_allowance,,,test,False,61.0,,,,,,,,,
62,GATES,synthetic,P_bal,nonneural_test,contract_test_allowance,,,test,False,62.0,,,,,,,,,
63,GATES,synthetic,P_bal,nonneural_test,contract_test_allowance,,,test,False,63.0,,,,,,,,,
64,GATES,synthetic,P_bal,nonneural_test,contract_test_allowance,,,test,False,64.0,,,,,,,,,
65,GATES,synthetic,P_bal,nonneural_test,contract_test_allowance,,,test,False,65.0,,,,,,,,,
66,GATES,synthetic,P_bal,nonneural_test,contract_test_allowance,,,test,False,66.0,,,,,,,,,
67,GATES,synthetic,P_bal,nonneural_test,contract_test_allowance,,,test,False,67.0,,,,,,,,,
68,GATES,synthetic,P_bal,nonneural_test,contract_test_allowance,,,test,False,68.0,,,,,,,,,
69,GATES,synthetic,P_bal,nonneural_test,contract_test_allowance,,,test,False,69.0,,,,,,,,,
70,GATES,synthetic,P_bal,nonneural_test,contract_test_allowance,,,test,False,70.0,,,,,,,,,
71,GATES,synthetic,P_bal,nonneural_test,contract_test_allowance,,,test,False,71.0,,,,,,,,,
72,GATES,synthetic,P_bal,nonneural_test,contract_test_allowance,,,test,False,72.0,,,,,,,,,
73,GATES,synthetic,P_bal,nonneural_test,contract_test_allowance,,,test,False,73.0,,,,,,,,,
74,GATES,synthetic,P_bal,nonneural_test,contract_test_allowance,,,test,False,74.0,,,,,,,,,
75,GATES,synthetic,P_bal,nonneural_test,contract_test_allowance,,,test,False,75.0,,,,,,,,,
76,GATES,synthetic,P_bal,nonneural_test,contract_test_allowance,,,test,False,76.0,,,,,,,,,
77,GATES,synthetic,P_bal,nonneural_test,contract_test_allowance,,,test,False,77.0,,,,,,,,,
78,GATES,synthetic,P_bal,nonneural_test,contract_test_allowance,,,test,False,78.0,,,,,,,,,
79,GATES,synthetic,P_bal,nonneural_test,contract_test_allowance,,,test,False,79.0,,,,,,,,,
80,GATES,synthetic,P_bal,nonneural_test,contract_test_allowance,,,test,False,80.0,,,,,,,,,
81,GATES,synthetic,P_bal,nonneural_test,contract_test_allowance,,,test,False,81.0,,,,,,,,,
82,GATES,synthetic,P_bal,nonneural_test,contract_test_allowance,,,test,False,82.0,,,,,,,,,
83,GATES,synthetic,P_bal,nonneural_test,contract_test_allowance,,,test,False,83.0,,,,,,,,,
84,GATES,synthetic,P_bal,nonneural_test,contract_test_allowance,,,test,False,84.0,,,,,,,,,
85,GATES,synthetic,P_bal,nonneural_test,contract_test_allowance,,,test,False,85.0,,,,,,,,,
86,GATES,synthetic,P_bal,nonneural_test,contract_test_allowance,,,test,False,86.0,,,,,,,,,
87,GATES,synthetic,P_bal,nonneural_test,contract_test_allowance,,,test,False,87.0,,,,,,,,,
88,GATES,synthetic,P_bal,nonneural_test,contract_test_allowance,,,test,False,88.0,,,,,,,,,
89,GATES,synthetic,P_bal,nonneural_test,contract_test_allowance,,,test,False,89.0,,,,,,,,,
90,GATES,synthetic,P_bal,nonneural_test,contract_test_allowance,,,test,False,90.0,,,,,,,,,
91,GATES,synthetic,P_bal,nonneural_test,contract_test_allowance,,,test,False,91.0,,,,,,,,,
92,GATES,synthetic,P_bal,nonneural_test,contract_test_allowance,,,test,False,92.0,,,,,,,,,
93,GATES,synthetic,P_bal,nonneural_test,contract_test_allowance,,,test,False,93.0,,,,,,,,,
94,GATES,synthetic,P_bal,nonneural_test,contract_test_allowance,,,test,False,94.0,,,,,,,,,
95,GATES,synthetic,P_bal,nonneural_test,contract_test_allowance,,,test,False,95.0,,,,,,,,,
96,GATES,synthetic,P_bal,nonneural_test,contract_test_allowance,,,test,False,96.0,,,,,,,,,
97,GATES,synthetic,P_bal,nonneural_test,contract_test_allowance,,,test,False,97.0,,,,,,,,,
98,GATES,synthetic,P_bal,nonneural_test,contract_test_allowance,,,test,False,98.0,,,,,,,,,
99,GATES,synthetic,P_bal,nonneural_test,contract_test_allowance,,,test,False,99.0,,,,,,,,,
100,GATES,synthetic,P_bal,nonneural_test,contract_test_allowance,,,test,False,100.0,,,,,,,,,
101,GATES,synthetic,P_bal,nonneural_test,contract_test_allowance,,,test,False,101.0,,,,,,,,,
102,GATES,synthetic,P_bal,nonneural_test,contract_test_allowance,,,test,False,102.0,,,,,,,,,
103,GATES,synthetic,P_bal,nonneural_test,contract_test_allowance,,,test,False,103.0,,,,,,,,,
104,GATES,synthetic,P_bal,nonneural_test,contract_test_allowance,,,test,False,104.0,,,,,,,,,
105,GATES,synthetic,P_bal,nonneural_test,contract_test_allowance,,,test,False,105.0,,,,,,,,,
106,GATES,synthetic,P_bal,nonneural_test,contract_test_allowance,,,test,False,106.0,,,,,,,,,
107,GATES,synthetic,P_bal,nonneural_test,contract_test_allowance,,,test,False,107.0,,,,,,,,,
108,GATES,synthetic,P_bal,nonneural_test,contract_test_allowance,,,test,False,108.0,,,,,,,,,
109,GATES,synthetic,P_bal,nonneural_test,contract_test_allowance,,,test,False,109.0,,,,,,,,,
110,GATES,synthetic,P_bal,nonneural_test,contract_test_allowance,,,test,False,110.0,,,,,,,,,
111,GATES,synthetic,P_bal,nonneural_test,contract_test_allowance,,,test,False,111.0,,,,,,,,,
112,GATES,synthetic,P_bal,nonneural_test,contract_test_allowance,,,test,False,112.0,,,,,,,,,
113,GATES,synthetic,P_bal,nonneural_test,contract_test_allowance,,,test,False,113.0,,,,,,,,,
114,GATES,synthetic,P_bal,nonneural_test,contract_test_allowance,,,test,False,114.0,,,,,,,,,
115,GATES,synthetic,P_bal,nonneural_test,contract_test_allowance,,,test,False,115.0,,,,,,,,,
116,GATES,synthetic,P_bal,nonneural_test,contract_test_allowance,,,test,False,116.0,,,,,,,,,
117,GATES,synthetic,P_bal,nonneural_test,contract_test_allowance,,,test,False,117.0,,,,,,,,,
118,GATES,synthetic,P_bal,nonneural_test,contract_test_allowance,,,test,False,118.0,,,,,,,,,
119,GATES,synthetic,P_bal,nonneural_test,contract_test_allowance,,,test,False,119.0,,,,,,,,,
120,GATES,synthetic,P_bal,nonneural_test,contract_test_allowance,,,test,False,120.0,,,,,,,,,
121,GATES,synthetic,P_bal,nonneural_test,contract_test_allowance,,,test,False,121.0,,,,,,,,,
122,GATES,synthetic,P_bal,nonneural_test,contract_test_allowance,,,test,False,122.0,,,,,,,,,
123,GATES,synthetic,P_bal,nonneural_test,contract_test_allowance,,,test,False,123.0,,,,,,,,,
124,GATES,synthetic,P_bal,nonneural_test,contract_test_allowance,,,test,False,124.0,,,,,,,,,
125,GATES,synthetic,P_bal,nonneural_test,contract_test_allowance,,,test,False,125.0,,,,,,,,,
126,GATES,synthetic,P_bal,nonneural_test,contract_test_allowance,,,test,False,126.0,,,,,,,,,
127,GATES,synthetic,P_bal,nonneural_test,contract_test_allowance,,,test,False,127.0,,,,,,,,,
128,GATES,synthetic,P_bal,nonneural_test,contract_test_allowance,,,test,False,128.0,,,,,,,,,
129,GATES,synthetic,P_bal,nonneural_test,contract_test_allowance,,,test,False,129.0,,,,,,,,,
130,GATES,synthetic,P_bal,nonneural_test,contract_test_allowance,,,test,False,130.0,,,,,,,,,
131,GATES,synthetic,P_bal,nonneural_test,contract_test_allowance,,,test,False,131.0,,,,,,,,,
132,GATES,synthetic,P_bal,nonneural_test,contract_test_allowance,,,test,False,132.0,,,,,,,,,
133,GATES,synthetic,P_bal,nonneural_test,contract_test_allowance,,,test,False,133.0,,,,,,,,,
134,GATES,synthetic,P_bal,nonneural_test,contract_test_allowance,,,test,False,134.0,,,,,,,,,
135,GATES,synthetic,P_bal,nonneural_test,contract_test_allowance,,,test,False,135.0,,,,,,,,,
136,GATES,synthetic,P_bal,nonneural_test,contract_test_allowance,,,test,False,136.0,,,,,,,,,
137,GATES,synthetic,P_bal,nonneural_test,contract_test_allowance,,,test,False,137.0,,,,,,,,,
138,GATES,synthetic,P_bal,nonneural_test,contract_test_allowance,,,test,False,138.0,,,,,,,,,
139,GATES,synthetic,P_bal,nonneural_test,contract_test_allowance,,,test,False,139.0,,,,,,,,,
140,GATES,synthetic,P_bal,nonneural_test,contract_test_allowance,,,test,False,140.0,,,,,,,,,
141,GATES,synthetic,P_bal,nonneural_test,contract_test_allowance,,,test,False,141.0,,,,,,,,,
142,GATES,synthetic,P_bal,nonneural_test,contract_test_allowance,,,test,False,142.0,,,,,,,,,
143,GATES,synthetic,P_bal,nonneural_test,contract_test_allowance,,,test,False,143.0,,,,,,,,,
144,GATES,synthetic,P_bal,nonneural_test,contract_test_allowance,,,test,False,144.0,,,,,,,,,
145,GATES,synthetic,P_bal,nonneural_test,contract_test_allowance,,,test,False,145.0,,,,,,,,,
146,GATES,synthetic,P_bal,nonneural_test,contract_test_allowance,,,test,False,146.0,,,,,,,,,
147,GATES,synthetic,P_bal,nonneural_test,contract_test_allowance,,,test,False,147.0,,,,,,,,,
148,GATES,synthetic,P_bal,nonneural_test,contract_test_allowance,,,test,False,148.0,,,,,,,,,
149,GATES,synthetic,P_bal,nonneural_test,contract_test_allowance,,,test,False,149.0,,,,,,,,,
150,GATES,synthetic,P_bal,nonneural_test,contract_test_allowance,,,test,False,150.0,,,,,,,,,
151,GATES,synthetic,P_bal,nonneural_test,contract_test_allowance,,,test,False,151.0,,,,,,,,,
152,GATES,synthetic,P_bal,nonneural_test,contract_test_allowance,,,test,False,152.0,,,,,,,,,
153,GATES,synthetic,P_bal,nonneural_test,contract_test_allowance,,,test,False,153.0,,,,,,,,,
154,GATES,synthetic,P_bal,nonneural_test,contract_test_allowance,,,test,False,154.0,,,,,,,,,
155,GATES,synthetic,P_bal,nonneural_test,contract_test_allowance,,,test,False,155.0,,,,,,,,,
156,GATES,synthetic,P_bal,nonneural_test,contract_test_allowance,,,test,False,156.0,,,,,,,,,
157,GATES,synthetic,P_bal,nonneural_test,contract_test_allowance,,,test,False,157.0,,,,,,,,,
158,GATES,synthetic,P_bal,nonneural_test,contract_test_allowance,,,test,False,158.0,,,,,,,,,
159,GATES,synthetic,P_bal,nonneural_test,contract_test_allowance,,,test,False,159.0,,,,,,,,,
160,GATES,synthetic,P_bal,nonneural_test,contract_test_allowance,,,test,False,160.0,,,,,,,,,
161,GATES,synthetic,P_bal,nonneural_test,contract_test_allowance,,,test,False,161.0,,,,,,,,,
162,GATES,synthetic,P_bal,nonneural_test,contract_test_allowance,,,test,False,162.0,,,,,,,,,
163,GATES,synthetic,P_bal,nonneural_test,contract_test_allowance,,,test,False,163.0,,,,,,,,,
164,GATES,synthetic,P_bal,nonneural_test,contract_test_allowance,,,test,False,164.0,,,,,,,,,
165,GATES,synthetic,P_bal,nonneural_test,contract_test_allowance,,,test,False,165.0,,,,,,,,,
166,GATES,synthetic,P_bal,nonneural_test,contract_test_allowance,,,test,False,166.0,,,,,,,,,
167,GATES,synthetic,P_bal,nonneural_test,contract_test_allowance,,,test,False,167.0,,,,,,,,,
168,GATES,synthetic,P_bal,nonneural_test,contract_test_allowance,,,test,False,168.0,,,,,,,,,
169,GATES,synthetic,P_bal,nonneural_test,contract_test_allowance,,,test,False,169.0,,,,,,,,,
170,GATES,synthetic,P_bal,nonneural_test,contract_test_allowance,,,test,False,170.0,,,,,,,,,
171,GATES,synthetic,P_bal,nonneural_test,contract_test_allowance,,,test,False,171.0,,,,,,,,,
172,GATES,synthetic,P_bal,nonneural_test,contract_test_allowance,,,test,False,172.0,,,,,,,,,
173,GATES,synthetic,P_bal,nonneural_test,contract_test_allowance,,,test,False,173.0,,,,,,,,,
174,GATES,synthetic,P_bal,nonneural_test,contract_test_allowance,,,test,False,174.0,,,,,,,,,
175,GATES,synthetic,P_bal,nonneural_test,contract_test_allowance,,,test,False,175.0,,,,,,,,,
176,GATES,synthetic,P_bal,nonneural_test,contract_test_allowance,,,test,False,176.0,,,,,,,,,
177,GATES,synthetic,P_bal,nonneural_test,contract_test_allowance,,,test,False,177.0,,,,,,,,,
178,GATES,synthetic,P_bal,nonneural_test,contract_test_allowance,,,test,False,178.0,,,,,,,,,
179,GATES,synthetic,P_bal,nonneural_test,contract_test_allowance,,,test,False,179.0,,,,,,,,,
180,GATES,synthetic,P_bal,nonneural_test,contract_test_allowance,,,test,False,180.0,,,,,,,,,
181,GATES,synthetic,P_bal,nonneural_test,contract_test_allowance,,,test,False,181.0,,,,,,,,,
182,GATES,synthetic,P_bal,nonneural_test,contract_test_allowance,,,test,False,182.0,,,,,,,,,
183,GATES,synthetic,P_bal,nonneural_test,contract_test_allowance,,,test,False,183.0,,,,,,,,,
184,GATES,synthetic,P_bal,nonneural_test,contract_test_allowance,,,test,False,184.0,,,,,,,,,
185,GATES,synthetic,P_bal,nonneural_test,contract_test_allowance,,,test,False,185.0,,,,,,,,,
186,GATES,synthetic,P_bal,nonneural_test,contract_test_allowance,,,test,False,186.0,,,,,,,,,
187,GATES,synthetic,P_bal,nonneural_test,contract_test_allowance,,,test,False,187.0,,,,,,,,,
188,GATES,synthetic,P_bal,nonneural_test,contract_test_allowance,,,test,False,188.0,,,,,,,,,
189,GATES,synthetic,P_bal,nonneural_test,contract_test_allowance,,,test,False,189.0,,,,,,,,,
190,GATES,synthetic,P_bal,nonneural_test,contract_test_allowance,,,test,False,190.0,,,,,,,,,
191,GATES,synthetic,P_bal,nonneural_test,contract_test_allowance,,,test,False,191.0,,,,,,,,,
192,GATES,synthetic,P_bal,nonneural_test,contract_test_allowance,,,test,False,192.0,,,,,,,,,
193,GATES,synthetic,P_bal,nonneural_test,contract_test_allowance,,,test,False,193.0,,,,,,,,,
194,GATES,synthetic,P_bal,nonneural_test,contract_test_allowance,,,test,False,194.0,,,,,,,,,
195,GATES,synthetic,P_bal,nonneural_test,contract_test_allowance,,,test,False,195.0,,,,,,,,,
196,GATES,synthetic,P_bal,nonneural_test,contract_test_allowance,,,test,False,196.0,,,,,,,,,
197,GATES,synthetic,P_bal,nonneural_test,contract_test_allowance,,,test,False,197.0,,,,,,,,,
198,GATES,synthetic,P_bal,nonneural_test,contract_test_allowance,,,test,False,198.0,,,,,,,,,
199,GATES,synthetic,P_bal,nonneural_test,contract_test_allowance,,,test,False,199.0,,,,,,,,,
200,GATES,synthetic,P_bal,nonneural_test,contract_test_allowance,,,test,False,200.0,,,,,,,,,
201,GATES,synthetic,P_bal,nonneural_test,contract_test_allowance,,,test,False,201.0,,,,,,,,,
202,GATES,synthetic,P_bal,nonneural_test,contract_test_allowance,,,test,False,202.0,,,,,,,,,
203,GATES,synthetic,P_bal,nonneural_test,contract_test_allowance,,,test,False,203.0,,,,,,,,,
204,GATES,synthetic,P_bal,nonneural_test,contract_test_allowance,,,test,False,204.0,,,,,,,,,
205,GATES,synthetic,P_bal,nonneural_test,contract_test_allowance,,,test,False,205.0,,,,,,,,,
206,GATES,synthetic,P_bal,nonneural_test,contract_test_allowance,,,test,False,206.0,,,,,,,,,
207,GATES,synthetic,P_bal,nonneural_test,contract_test_allowance,,,test,False,207.0,,,,,,,,,
208,GATES,synthetic,P_bal,nonneural_test,contract_test_allowance,,,test,False,208.0,,,,,,,,,
209,GATES,synthetic,P_bal,nonneural_test,contract_test_allowance,,,test,False,209.0,,,,,,,,,
210,GATES,synthetic,P_bal,nonneural_test,contract_test_allowance,,,test,False,210.0,,,,,,,,,
211,GATES,synthetic,P_bal,nonneural_test,contract_test_allowance,,,test,False,211.0,,,,,,,,,
212,GATES,synthetic,P_bal,nonneural_test,contract_test_allowance,,,test,False,212.0,,,,,,,,,
213,GATES,synthetic,P_bal,nonneural_test,contract_test_allowance,,,test,False,213.0,,,,,,,,,
214,GATES,synthetic,P_bal,nonneural_test,contract_test_allowance,,,test,False,214.0,,,,,,,,,
215,GATES,synthetic,P_bal,nonneural_test,contract_test_allowance,,,test,False,215.0,,,,,,,,,
216,GATES,synthetic,P_bal,nonneural_test,contract_test_allowance,,,test,False,216.0,,,,,,,,,
217,GATES,synthetic,P_bal,nonneural_test,contract_test_allowance,,,test,False,217.0,,,,,,,,,
218,GATES,synthetic,P_bal,nonneural_test,contract_test_allowance,,,test,False,218.0,,,,,,,,,
219,GATES,synthetic,P_bal,nonneural_test,contract_test_allowance,,,test,False,219.0,,,,,,,,,
220,GATES,synthetic,P_bal,nonneural_test,contract_test_allowance,,,test,False,220.0,,,,,,,,,
221,GATES,synthetic,P_bal,nonneural_test,contract_test_allowance,,,test,False,221.0,,,,,,,,,
222,GATES,synthetic,P_bal,nonneural_test,contract_test_allowance,,,test,False,222.0,,,,,,,,,
223,GATES,synthetic,P_bal,nonneural_test,contract_test_allowance,,,test,False,223.0,,,,,,,,,
224,GATES,synthetic,P_bal,nonneural_test,contract_test_allowance,,,test,False,224.0,,,,,,,,,
225,GATES,synthetic,P_bal,nonneural_test,contract_test_allowance,,,test,False,225.0,,,,,,,,,
226,GATES,synthetic,P_bal,nonneural_test,contract_test_allowance,,,test,False,226.0,,,,,,,,,
227,GATES,synthetic,P_bal,nonneural_test,contract_test_allowance,,,test,False,227.0,,,,,,,,,
228,GATES,synthetic,P_bal,nonneural_test,contract_test_allowance,,,test,False,228.0,,,,,,,,,
229,GATES,synthetic,P_bal,nonneural_test,contract_test_allowance,,,test,False,229.0,,,,,,,,,
230,GATES,synthetic,P_bal,nonneural_test,contract_test_allowance,,,test,False,230.0,,,,,,,,,
231,GATES,synthetic,P_bal,nonneural_test,contract_test_allowance,,,test,False,231.0,,,,,,,,,
232,GATES,synthetic,P_bal,nonneural_test,contract_test_allowance,,,test,False,232.0,,,,,,,,,
233,GATES,synthetic,P_bal,nonneural_test,contract_test_allowance,,,test,False,233.0,,,,,,,,,
234,GATES,synthetic,P_bal,nonneural_test,contract_test_allowance,,,test,False,234.0,,,,,,,,,
235,GATES,synthetic,P_bal,nonneural_test,contract_test_allowance,,,test,False,235.0,,,,,,,,,
236,GATES,synthetic,P_bal,nonneural_test,contract_test_allowance,,,test,False,236.0,,,,,,,,,
237,GATES,synthetic,P_bal,nonneural_test,contract_test_allowance,,,test,False,237.0,,,,,,,,,
238,GATES,synthetic,P_bal,nonneural_test,contract_test_allowance,,,test,False,238.0,,,,,,,,,
239,GATES,synthetic,P_bal,nonneural_test,contract_test_allowance,,,test,False,239.0,,,,,,,,,
240,GATES,synthetic,P_bal,nonneural_test,contract_test_allowance,,,test,False,240.0,,,,,,,,,
241,GATES,synthetic,P_bal,nonneural_test,contract_test_allowance,,,test,False,241.0,,,,,,,,,
242,GATES,synthetic,P_bal,nonneural_test,contract_test_allowance,,,test,False,242.0,,,,,,,,,
243,GATES,synthetic,P_bal,nonneural_test,contract_test_allowance,,,test,False,243.0,,,,,,,,,
244,GATES,synthetic,P_bal,nonneural_test,contract_test_allowance,,,test,False,244.0,,,,,,,,,
245,GATES,synthetic,P_bal,nonneural_test,contract_test_allowance,,,test,False,245.0,,,,,,,,,
246,GATES,synthetic,P_bal,nonneural_test,contract_test_allowance,,,test,False,246.0,,,,,,,,,
247,GATES,synthetic,P_bal,nonneural_test,contract_test_allowance,,,test,False,247.0,,,,,,,,,
248,GATES,synthetic,P_bal,nonneural_test,contract_test_allowance,,,test,False,248.0,,,,,,,,,
249,GATES,synthetic,P_bal,nonneural_test,contract_test_allowance,,,test,False,249.0,,,,,,,,,
250,GATES,synthetic,P_bal,nonneural_test,contract_test_allowance,,,test,False,250.0,,,,,,,,,
251,GATES,synthetic,P_bal,nonneural_test,contract_test_allowance,,,test,False,251.0,,,,,,,,,
252,GATES,synthetic,P_bal,nonneural_test,contract_test_allowance,,,test,False,252.0,,,,,,,,,
253,GATES,synthetic,P_bal,nonneural_test,contract_test_allowance,,,test,False,253.0,,,,,,,,,
254,GATES,synthetic,P_bal,nonneural_test,contract_test_allowance,,,test,False,254.0,,,,,,,,,
255,GATES,synthetic,P_bal,nonneural_test,contract_test_allowance,,,test,False,255.0,,,,,,,,,
256,GATES,synthetic,P_bal,nonneural_test,contract_test_allowance,,,test,False,256.0,,,,,,,,,
257,GATES,synthetic,P_bal,nonneural_test,contract_test_allowance,,,test,False,257.0,,,,,,,,,
258,GATES,synthetic,P_bal,nonneural_test,contract_test_allowance,,,test,False,258.0,,,,,,,,,
259,GATES,synthetic,P_bal,nonneural_test,contract_test_allowance,,,test,False,259.0,,,,,,,,,
260,GATES,synthetic,P_bal,nonneural_test,contract_test_allowance,,,test,False,260.0,,,,,,,,,
261,GATES,synthetic,P_bal,nonneural_test,contract_test_allowance,,,test,False,261.0,,,,,,,,,
262,GATES,synthetic,P_bal,nonneural_test,contract_test_allowance,,,test,False,262.0,,,,,,,,,
263,GATES,synthetic,P_bal,nonneural_test,contract_test_allowance,,,test,False,263.0,,,,,,,,,
264,GATES,synthetic,P_bal,nonneural_test,contract_test_allowance,,,test,False,264.0,,,,,,,,,
265,GATES,synthetic,P_bal,nonneural_test,contract_test_allowance,,,test,False,265.0,,,,,,,,,
266,GATES,synthetic,P_bal,nonneural_test,contract_test_allowance,,,test,False,266.0,,,,,,,,,
267,GATES,synthetic,P_bal,nonneural_test,contract_test_allowance,,,test,False,267.0,,,,,,,,,
268,GATES,synthetic,P_bal,nonneural_test,contract_test_allowance,,,test,False,268.0,,,,,,,,,
269,GATES,synthetic,P_bal,nonneural_test,contract_test_allowance,,,test,False,269.0,,,,,,,,,
270,GATES,synthetic,P_bal,nonneural_test,contract_test_allowance,,,test,False,270.0,,,,,,,,,
271,GATES,synthetic,P_bal,nonneural_test,contract_test_allowance,,,test,False,271.0,,,,,,,,,
272,GATES,synthetic,P_bal,nonneural_test,contract_test_allowance,,,test,False,272.0,,,,,,,,,
273,GATES,synthetic,P_bal,nonneural_test,contract_test_allowance,,,test,False,273.0,,,,,,,,,
274,GATES,synthetic,P_bal,nonneural_test,contract_test_allowance,,,test,False,274.0,,,,,,,,,
275,GATES,synthetic,P_bal,nonneural_test,contract_test_allowance,,,test,False,275.0,,,,,,,,,
276,GATES,synthetic,P_bal,nonneural_test,contract_test_allowance,,,test,False,276.0,,,,,,,,,
277,GATES,synthetic,P_bal,nonneural_test,contract_test_allowance,,,test,False,277.0,,,,,,,,,
278,GATES,synthetic,P_bal,nonneural_test,contract_test_allowance,,,test,False,278.0,,,,,,,,,
279,GATES,synthetic,P_bal,nonneural_test,contract_test_allowance,,,test,False,279.0,,,,,,,,,
280,GATES,synthetic,P_bal,nonneural_test,contract_test_allowance,,,test,False,280.0,,,,,,,,,
281,GATES,synthetic,P_bal,nonneural_test,contract_test_allowance,,,test,False,281.0,,,,,,,,,
282,GATES,synthetic,P_bal,nonneural_test,contract_test_allowance,,,test,False,282.0,,,,,,,,,
283,GATES,synthetic,P_bal,nonneural_test,contract_test_allowance,,,test,False,283.0,,,,,,,,,
284,GATES,synthetic,P_bal,nonneural_test,contract_test_allowance,,,test,False,284.0,,,,,,,,,
285,GATES,synthetic,P_bal,nonneural_test,contract_test_allowance,,,test,False,285.0,,,,,,,,,
286,GATES,synthetic,P_bal,nonneural_test,contract_test_allowance,,,test,False,286.0,,,,,,,,,
287,GATES,synthetic,P_bal,nonneural_test,contract_test_allowance,,,test,False,287.0,,,,,,,,,
288,GATES,synthetic,P_bal,nonneural_test,contract_test_allowance,,,test,False,288.0,,,,,,,,,
289,GATES,synthetic,P_bal,nonneural_test,contract_test_allowance,,,test,False,289.0,,,,,,,,,
290,GATES,synthetic,P_bal,nonneural_test,contract_test_allowance,,,test,False,290.0,,,,,,,,,
291,GATES,synthetic,P_bal,nonneural_test,contract_test_allowance,,,test,False,291.0,,,,,,,,,
292,GATES,synthetic,P_bal,nonneural_test,contract_test_allowance,,,test,False,292.0,,,,,,,,,
293,GATES,synthetic,P_bal,nonneural_test,contract_test_allowance,,,test,False,293.0,,,,,,,,,
294,GATES,synthetic,P_bal,nonneural_test,contract_test_allowance,,,test,False,294.0,,,,,,,,,
295,GATES,synthetic,P_bal,nonneural_test,contract_test_allowance,,,test,False,295.0,,,,,,,,,
296,GATES,synthetic,P_bal,nonneural_test,contract_test_allowance,,,test,False,296.0,,,,,,,,,
297,GATES,synthetic,P_bal,nonneural_test,contract_test_allowance,,,test,False,297.0,,,,,,,,,
298,GATES,synthetic,P_bal,nonneural_test,contract_test_allowance,,,test,False,298.0,,,,,,,,,
299,GATES,synthetic,P_bal,nonneural_test,contract_test_allowance,,,test,False,299.0,,,,,,,,,
300,GATES,R_SIM,P_nat,logistic,integration_smoke,0.0,0.0,integration,False,,1.0,,,,,,,,
301,N1,R_SIM,P_nat,logistic,H,0.0,0.0,inner,False,,1.0,paired,33.0,14.0,,,,,
302,N1,R_SIM,P_nat,logistic,H,0.0,1.0,inner,False,,1.0,paired,34.0,13.0,,,,,
303,N1,R_SIM,P_nat,logistic,H,0.0,2.0,inner,False,,1.0,paired,34.0,13.0,,,,,
304,N1,R_SIM,P_nat,logistic,H,0.0,,final,False,,1.0,paired,47.0,0.0,,,,,
305,N1,R_SIM,P_nat,logistic,HP,0.0,0.0,inner,False,,1.0,paired,33.0,14.0,,,,,
306,N1,R_SIM,P_nat,logistic,HP,0.0,1.0,inner,False,,1.0,paired,34.0,13.0,,,,,
307,N1,R_SIM,P_nat,logistic,HP,0.0,2.0,inner,False,,1.0,paired,34.0,13.0,,,,,
308,N1,R_SIM,P_nat,logistic,HP,0.0,,final,False,,1.0,paired,47.0,0.0,,,,,
309,N1,R_SIM,P_nat,logistic,HB,0.0,0.0,inner,False,,1.0,paired,33.0,14.0,,,,,
310,N1,R_SIM,P_nat,logistic,HB,0.0,1.0,inner,False,,1.0,paired,34.0,13.0,,,,,
311,N1,R_SIM,P_nat,logistic,HB,0.0,2.0,inner,False,,1.0,paired,34.0,13.0,,,,,
312,N1,R_SIM,P_nat,logistic,HB,0.0,,final,False,,1.0,paired,47.0,0.0,,,,,
313,N1,R_SIM,P_nat,logistic,HPB,0.0,0.0,inner,False,,1.0,paired,33.0,14.0,,,,,
314,N1,R_SIM,P_nat,logistic,HPB,0.0,1.0,inner,False,,1.0,paired,34.0,13.0,,,,,
315,N1,R_SIM,P_nat,logistic,HPB,0.0,2.0,inner,False,,1.0,paired,34.0,13.0,,,,,
316,N1,R_SIM,P_nat,logistic,HPB,0.0,,final,False,,1.0,paired,47.0,0.0,,,,,
317,N1,R_SIM,P_nat,logistic,HPP,0.0,0.0,inner,False,,1.0,paired,33.0,14.0,,,,,
318,N1,R_SIM,P_nat,logistic,HPP,0.0,1.0,inner,False,,1.0,paired,34.0,13.0,,,,,
319,N1,R_SIM,P_nat,logistic,HPP,0.0,2.0,inner,False,,1.0,paired,34.0,13.0,,,,,
320,N1,R_SIM,P_nat,logistic,HPP,0.0,,final,False,,1.0,paired,47.0,0.0,,,,,
321,N1,R_SIM,P_nat,logistic,HPBnoise,0.0,0.0,inner,False,,1.0,paired,33.0,14.0,,,,,
322,N1,R_SIM,P_nat,logistic,HPBnoise,0.0,1.0,inner,False,,1.0,paired,34.0,13.0,,,,,
323,N1,R_SIM,P_nat,logistic,HPBnoise,0.0,2.0,inner,False,,1.0,paired,34.0,13.0,,,,,
324,N1,R_SIM,P_nat,logistic,HPBnoise,0.0,,final,False,,1.0,paired,47.0,0.0,,,,,
325,N1,R_SIM,P_nat,mlp32,H,0.0,0.0,inner,True,,,paired,33.0,14.0,0.001,,,,
326,N1,R_SIM,P_nat,mlp32,H,0.0,1.0,inner,True,,,paired,34.0,13.0,0.001,,,,
327,N1,R_SIM,P_nat,mlp32,H,0.0,2.0,inner,True,,,paired,34.0,13.0,0.001,,,,
328,N1,R_SIM,P_nat,mlp32,H,0.0,,final,True,,,paired,47.0,0.0,0.001,,,,
329,N1,R_SIM,P_nat,mlp32,HP,0.0,0.0,inner,True,,,paired,33.0,14.0,0.001,,,,
330,N1,R_SIM,P_nat,mlp32,HP,0.0,1.0,inner,True,,,paired,34.0,13.0,0.001,,,,
331,N1,R_SIM,P_nat,mlp32,HP,0.0,2.0,inner,True,,,paired,34.0,13.0,0.001,,,,
332,N1,R_SIM,P_nat,mlp32,HP,0.0,,final,True,,,paired,47.0,0.0,0.001,,,,
333,N1,R_SIM,P_nat,mlp32,HB,0.0,0.0,inner,True,,,paired,33.0,14.0,0.001,,,,
334,N1,R_SIM,P_nat,mlp32,HB,0.0,1.0,inner,True,,,paired,34.0,13.0,0.001,,,,
335,N1,R_SIM,P_nat,mlp32,HB,0.0,2.0,inner,True,,,paired,34.0,13.0,0.001,,,,
336,N1,R_SIM,P_nat,mlp32,HB,0.0,,final,True,,,paired,47.0,0.0,0.001,,,,
337,N1,R_SIM,P_nat,mlp32,HPB,0.0,0.0,inner,True,,,paired,33.0,14.0,0.001,,,,
338,N1,R_SIM,P_nat,mlp32,HPB,0.0,1.0,inner,True,,,paired,34.0,13.0,0.001,,,,
339,N1,R_SIM,P_nat,mlp32,HPB,0.0,2.0,inner,True,,,paired,34.0,13.0,0.001,,,,
340,N1,R_SIM,P_nat,mlp32,HPB,0.0,,final,True,,,paired,47.0,0.0,0.001,,,,
341,N1,R_SIM,P_nat,mlp32,HPP,0.0,0.0,inner,True,,,paired,33.0,14.0,0.001,,,,
342,N1,R_SIM,P_nat,mlp32,HPP,0.0,1.0,inner,True,,,paired,34.0,13.0,0.001,,,,
343,N1,R_SIM,P_nat,mlp32,HPP,0.0,2.0,inner,True,,,paired,34.0,13.0,0.001,,,,
344,N1,R_SIM,P_nat,mlp32,HPP,0.0,,final,True,,,paired,47.0,0.0,0.001,,,,
345,N1,R_SIM,P_nat,mlp32,HPBnoise,0.0,0.0,inner,True,,,paired,33.0,14.0,0.001,,,,
346,N1,R_SIM,P_nat,mlp32,HPBnoise,0.0,1.0,inner,True,,,paired,34.0,13.0,0.001,,,,
347,N1,R_SIM,P_nat,mlp32,HPBnoise,0.0,2.0,inner,True,,,paired,34.0,13.0,0.001,,,,
348,N1,R_SIM,P_nat,mlp32,HPBnoise,0.0,,final,True,,,paired,47.0,0.0,0.001,,,,
349,N1,R_SIM,P_bal,logistic,H,0.0,0.0,inner,False,,1.0,paired,33.0,14.0,,,,,
350,N1,R_SIM,P_bal,logistic,H,0.0,1.0,inner,False,,1.0,paired,34.0,13.0,,,,,
351,N1,R_SIM,P_bal,logistic,H,0.0,2.0,inner,False,,1.0,paired,34.0,13.0,,,,,
352,N1,R_SIM,P_bal,logistic,H,0.0,,final,False,,1.0,paired,47.0,0.0,,,,,
353,N1,R_SIM,P_bal,logistic,HP,0.0,0.0,inner,False,,1.0,paired,33.0,14.0,,,,,
354,N1,R_SIM,P_bal,logistic,HP,0.0,1.0,inner,False,,1.0,paired,34.0,13.0,,,,,
355,N1,R_SIM,P_bal,logistic,HP,0.0,2.0,inner,False,,1.0,paired,34.0,13.0,,,,,
356,N1,R_SIM,P_bal,logistic,HP,0.0,,final,False,,1.0,paired,47.0,0.0,,,,,
357,N1,R_SIM,P_bal,logistic,HB,0.0,0.0,inner,False,,1.0,paired,33.0,14.0,,,,,
358,N1,R_SIM,P_bal,logistic,HB,0.0,1.0,inner,False,,1.0,paired,34.0,13.0,,,,,
359,N1,R_SIM,P_bal,logistic,HB,0.0,2.0,inner,False,,1.0,paired,34.0,13.0,,,,,
360,N1,R_SIM,P_bal,logistic,HB,0.0,,final,False,,1.0,paired,47.0,0.0,,,,,
361,N1,R_SIM,P_bal,logistic,HPB,0.0,0.0,inner,False,,1.0,paired,33.0,14.0,,,,,
362,N1,R_SIM,P_bal,logistic,HPB,0.0,1.0,inner,False,,1.0,paired,34.0,13.0,,,,,
363,N1,R_SIM,P_bal,logistic,HPB,0.0,2.0,inner,False,,1.0,paired,34.0,13.0,,,,,
364,N1,R_SIM,P_bal,logistic,HPB,0.0,,final,False,,1.0,paired,47.0,0.0,,,,,
365,N1,R_SIM,P_bal,logistic,HPP,0.0,0.0,inner,False,,1.0,paired,33.0,14.0,,,,,
366,N1,R_SIM,P_bal,logistic,HPP,0.0,1.0,inner,False,,1.0,paired,34.0,13.0,,,,,
367,N1,R_SIM,P_bal,logistic,HPP,0.0,2.0,inner,False,,1.0,paired,34.0,13.0,,,,,
368,N1,R_SIM,P_bal,logistic,HPP,0.0,,final,False,,1.0,paired,47.0,0.0,,,,,
369,N1,R_SIM,P_bal,logistic,HPBnoise,0.0,0.0,inner,False,,1.0,paired,33.0,14.0,,,,,
370,N1,R_SIM,P_bal,logistic,HPBnoise,0.0,1.0,inner,False,,1.0,paired,34.0,13.0,,,,,
371,N1,R_SIM,P_bal,logistic,HPBnoise,0.0,2.0,inner,False,,1.0,paired,34.0,13.0,,,,,
372,N1,R_SIM,P_bal,logistic,HPBnoise,0.0,,final,False,,1.0,paired,47.0,0.0,,,,,
373,N1,R_SIM,P_bal,mlp32,H,0.0,0.0,inner,True,,,paired,33.0,14.0,0.001,,,,
374,N1,R_SIM,P_bal,mlp32,H,0.0,1.0,inner,True,,,paired,34.0,13.0,0.001,,,,
375,N1,R_SIM,P_bal,mlp32,H,0.0,2.0,inner,True,,,paired,34.0,13.0,0.001,,,,
376,N1,R_SIM,P_bal,mlp32,H,0.0,,final,True,,,paired,47.0,0.0,0.001,,,,
377,N1,R_SIM,P_bal,mlp32,HP,0.0,0.0,inner,True,,,paired,33.0,14.0,0.001,,,,
378,N1,R_SIM,P_bal,mlp32,HP,0.0,1.0,inner,True,,,paired,34.0,13.0,0.001,,,,
379,N1,R_SIM,P_bal,mlp32,HP,0.0,2.0,inner,True,,,paired,34.0,13.0,0.001,,,,
380,N1,R_SIM,P_bal,mlp32,HP,0.0,,final,True,,,paired,47.0,0.0,0.001,,,,
381,N1,R_SIM,P_bal,mlp32,HB,0.0,0.0,inner,True,,,paired,33.0,14.0,0.001,,,,
382,N1,R_SIM,P_bal,mlp32,HB,0.0,1.0,inner,True,,,paired,34.0,13.0,0.001,,,,
383,N1,R_SIM,P_bal,mlp32,HB,0.0,2.0,inner,True,,,paired,34.0,13.0,0.001,,,,
384,N1,R_SIM,P_bal,mlp32,HB,0.0,,final,True,,,paired,47.0,0.0,0.001,,,,
385,N1,R_SIM,P_bal,mlp32,HPB,0.0,0.0,inner,True,,,paired,33.0,14.0,0.001,,,,
386,N1,R_SIM,P_bal,mlp32,HPB,0.0,1.0,inner,True,,,paired,34.0,13.0,0.001,,,,
387,N1,R_SIM,P_bal,mlp32,HPB,0.0,2.0,inner,True,,,paired,34.0,13.0,0.001,,,,
388,N1,R_SIM,P_bal,mlp32,HPB,0.0,,final,True,,,paired,47.0,0.0,0.001,,,,
389,N1,R_SIM,P_bal,mlp32,HPP,0.0,0.0,inner,True,,,paired,33.0,14.0,0.001,,,,
390,N1,R_SIM,P_bal,mlp32,HPP,0.0,1.0,inner,True,,,paired,34.0,13.0,0.001,,,,
391,N1,R_SIM,P_bal,mlp32,HPP,0.0,2.0,inner,True,,,paired,34.0,13.0,0.001,,,,
392,N1,R_SIM,P_bal,mlp32,HPP,0.0,,final,True,,,paired,47.0,0.0,0.001,,,,
393,N1,R_SIM,P_bal,mlp32,HPBnoise,0.0,0.0,inner,True,,,paired,33.0,14.0,0.001,,,,
394,N1,R_SIM,P_bal,mlp32,HPBnoise,0.0,1.0,inner,True,,,paired,34.0,13.0,0.001,,,,
395,N1,R_SIM,P_bal,mlp32,HPBnoise,0.0,2.0,inner,True,,,paired,34.0,13.0,0.001,,,,
396,N1,R_SIM,P_bal,mlp32,HPBnoise,0.0,,final,True,,,paired,47.0,0.0,0.001,,,,
397,N1,R_SIM,P_nat,logistic,H,1.0,0.0,inner,False,,1.0,paired,33.0,14.0,,,,,
398,N1,R_SIM,P_nat,logistic,H,1.0,1.0,inner,False,,1.0,paired,33.0,14.0,,,,,
399,N1,R_SIM,P_nat,logistic,H,1.0,2.0,inner,False,,1.0,paired,34.0,13.0,,,,,
400,N1,R_SIM,P_nat,logistic,H,1.0,,final,False,,1.0,paired,47.0,0.0,,,,,
401,N1,R_SIM,P_nat,logistic,HP,1.0,0.0,inner,False,,1.0,paired,33.0,14.0,,,,,
402,N1,R_SIM,P_nat,logistic,HP,1.0,1.0,inner,False,,1.0,paired,33.0,14.0,,,,,
403,N1,R_SIM,P_nat,logistic,HP,1.0,2.0,inner,False,,1.0,paired,34.0,13.0,,,,,
404,N1,R_SIM,P_nat,logistic,HP,1.0,,final,False,,1.0,paired,47.0,0.0,,,,,
405,N1,R_SIM,P_nat,logistic,HB,1.0,0.0,inner,False,,1.0,paired,33.0,14.0,,,,,
406,N1,R_SIM,P_nat,logistic,HB,1.0,1.0,inner,False,,1.0,paired,33.0,14.0,,,,,
407,N1,R_SIM,P_nat,logistic,HB,1.0,2.0,inner,False,,1.0,paired,34.0,13.0,,,,,
408,N1,R_SIM,P_nat,logistic,HB,1.0,,final,False,,1.0,paired,47.0,0.0,,,,,
409,N1,R_SIM,P_nat,logistic,HPB,1.0,0.0,inner,False,,1.0,paired,33.0,14.0,,,,,
410,N1,R_SIM,P_nat,logistic,HPB,1.0,1.0,inner,False,,1.0,paired,33.0,14.0,,,,,
411,N1,R_SIM,P_nat,logistic,HPB,1.0,2.0,inner,False,,1.0,paired,34.0,13.0,,,,,
412,N1,R_SIM,P_nat,logistic,HPB,1.0,,final,False,,1.0,paired,47.0,0.0,,,,,
413,N1,R_SIM,P_nat,logistic,HPP,1.0,0.0,inner,False,,1.0,paired,33.0,14.0,,,,,
414,N1,R_SIM,P_nat,logistic,HPP,1.0,1.0,inner,False,,1.0,paired,33.0,14.0,,,,,
415,N1,R_SIM,P_nat,logistic,HPP,1.0,2.0,inner,False,,1.0,paired,34.0,13.0,,,,,
416,N1,R_SIM,P_nat,logistic,HPP,1.0,,final,False,,1.0,paired,47.0,0.0,,,,,
417,N1,R_SIM,P_nat,logistic,HPBnoise,1.0,0.0,inner,False,,1.0,paired,33.0,14.0,,,,,
418,N1,R_SIM,P_nat,logistic,HPBnoise,1.0,1.0,inner,False,,1.0,paired,33.0,14.0,,,,,
419,N1,R_SIM,P_nat,logistic,HPBnoise,1.0,2.0,inner,False,,1.0,paired,34.0,13.0,,,,,
420,N1,R_SIM,P_nat,logistic,HPBnoise,1.0,,final,False,,1.0,paired,47.0,0.0,,,,,
421,N1,R_SIM,P_nat,mlp32,H,1.0,0.0,inner,True,,,paired,33.0,14.0,0.001,,,,
422,N1,R_SIM,P_nat,mlp32,H,1.0,1.0,inner,True,,,paired,33.0,14.0,0.001,,,,
423,N1,R_SIM,P_nat,mlp32,H,1.0,2.0,inner,True,,,paired,34.0,13.0,0.001,,,,
424,N1,R_SIM,P_nat,mlp32,H,1.0,,final,True,,,paired,47.0,0.0,0.001,,,,
425,N1,R_SIM,P_nat,mlp32,HP,1.0,0.0,inner,True,,,paired,33.0,14.0,0.001,,,,
426,N1,R_SIM,P_nat,mlp32,HP,1.0,1.0,inner,True,,,paired,33.0,14.0,0.001,,,,
427,N1,R_SIM,P_nat,mlp32,HP,1.0,2.0,inner,True,,,paired,34.0,13.0,0.001,,,,
428,N1,R_SIM,P_nat,mlp32,HP,1.0,,final,True,,,paired,47.0,0.0,0.001,,,,
429,N1,R_SIM,P_nat,mlp32,HB,1.0,0.0,inner,True,,,paired,33.0,14.0,0.001,,,,
430,N1,R_SIM,P_nat,mlp32,HB,1.0,1.0,inner,True,,,paired,33.0,14.0,0.001,,,,
431,N1,R_SIM,P_nat,mlp32,HB,1.0,2.0,inner,True,,,paired,34.0,13.0,0.001,,,,
432,N1,R_SIM,P_nat,mlp32,HB,1.0,,final,True,,,paired,47.0,0.0,0.001,,,,
433,N1,R_SIM,P_nat,mlp32,HPB,1.0,0.0,inner,True,,,paired,33.0,14.0,0.001,,,,
434,N1,R_SIM,P_nat,mlp32,HPB,1.0,1.0,inner,True,,,paired,33.0,14.0,0.001,,,,
435,N1,R_SIM,P_nat,mlp32,HPB,1.0,2.0,inner,True,,,paired,34.0,13.0,0.001,,,,
436,N1,R_SIM,P_nat,mlp32,HPB,1.0,,final,True,,,paired,47.0,0.0,0.001,,,,
437,N1,R_SIM,P_nat,mlp32,HPP,1.0,0.0,inner,True,,,paired,33.0,14.0,0.001,,,,
438,N1,R_SIM,P_nat,mlp32,HPP,1.0,1.0,inner,True,,,paired,33.0,14.0,0.001,,,,
439,N1,R_SIM,P_nat,mlp32,HPP,1.0,2.0,inner,True,,,paired,34.0,13.0,0.001,,,,
440,N1,R_SIM,P_nat,mlp32,HPP,1.0,,final,True,,,paired,47.0,0.0,0.001,,,,
441,N1,R_SIM,P_nat,mlp32,HPBnoise,1.0,0.0,inner,True,,,paired,33.0,14.0,0.001,,,,
442,N1,R_SIM,P_nat,mlp32,HPBnoise,1.0,1.0,inner,True,,,paired,33.0,14.0,0.001,,,,
443,N1,R_SIM,P_nat,mlp32,HPBnoise,1.0,2.0,inner,True,,,paired,34.0,13.0,0.001,,,,
444,N1,R_SIM,P_nat,mlp32,HPBnoise,1.0,,final,True,,,paired,47.0,0.0,0.001,,,,
445,N1,R_SIM,P_bal,logistic,H,1.0,0.0,inner,False,,1.0,paired,33.0,14.0,,,,,
446,N1,R_SIM,P_bal,logistic,H,1.0,1.0,inner,False,,1.0,paired,33.0,14.0,,,,,
447,N1,R_SIM,P_bal,logistic,H,1.0,2.0,inner,False,,1.0,paired,34.0,13.0,,,,,
448,N1,R_SIM,P_bal,logistic,H,1.0,,final,False,,1.0,paired,47.0,0.0,,,,,
449,N1,R_SIM,P_bal,logistic,HP,1.0,0.0,inner,False,,1.0,paired,33.0,14.0,,,,,
450,N1,R_SIM,P_bal,logistic,HP,1.0,1.0,inner,False,,1.0,paired,33.0,14.0,,,,,
451,N1,R_SIM,P_bal,logistic,HP,1.0,2.0,inner,False,,1.0,paired,34.0,13.0,,,,,
452,N1,R_SIM,P_bal,logistic,HP,1.0,,final,False,,1.0,paired,47.0,0.0,,,,,
453,N1,R_SIM,P_bal,logistic,HB,1.0,0.0,inner,False,,1.0,paired,33.0,14.0,,,,,
454,N1,R_SIM,P_bal,logistic,HB,1.0,1.0,inner,False,,1.0,paired,33.0,14.0,,,,,
455,N1,R_SIM,P_bal,logistic,HB,1.0,2.0,inner,False,,1.0,paired,34.0,13.0,,,,,
456,N1,R_SIM,P_bal,logistic,HB,1.0,,final,False,,1.0,paired,47.0,0.0,,,,,
457,N1,R_SIM,P_bal,logistic,HPB,1.0,0.0,inner,False,,1.0,paired,33.0,14.0,,,,,
458,N1,R_SIM,P_bal,logistic,HPB,1.0,1.0,inner,False,,1.0,paired,33.0,14.0,,,,,
459,N1,R_SIM,P_bal,logistic,HPB,1.0,2.0,inner,False,,1.0,paired,34.0,13.0,,,,,
460,N1,R_SIM,P_bal,logistic,HPB,1.0,,final,False,,1.0,paired,47.0,0.0,,,,,
461,N1,R_SIM,P_bal,logistic,HPP,1.0,0.0,inner,False,,1.0,paired,33.0,14.0,,,,,
462,N1,R_SIM,P_bal,logistic,HPP,1.0,1.0,inner,False,,1.0,paired,33.0,14.0,,,,,
463,N1,R_SIM,P_bal,logistic,HPP,1.0,2.0,inner,False,,1.0,paired,34.0,13.0,,,,,
464,N1,R_SIM,P_bal,logistic,HPP,1.0,,final,False,,1.0,paired,47.0,0.0,,,,,
465,N1,R_SIM,P_bal,logistic,HPBnoise,1.0,0.0,inner,False,,1.0,paired,33.0,14.0,,,,,
466,N1,R_SIM,P_bal,logistic,HPBnoise,1.0,1.0,inner,False,,1.0,paired,33.0,14.0,,,,,
467,N1,R_SIM,P_bal,logistic,HPBnoise,1.0,2.0,inner,False,,1.0,paired,34.0,13.0,,,,,
468,N1,R_SIM,P_bal,logistic,HPBnoise,1.0,,final,False,,1.0,paired,47.0,0.0,,,,,
469,N1,R_SIM,P_bal,mlp32,H,1.0,0.0,inner,True,,,paired,33.0,14.0,0.001,,,,
470,N1,R_SIM,P_bal,mlp32,H,1.0,1.0,inner,True,,,paired,33.0,14.0,0.001,,,,
471,N1,R_SIM,P_bal,mlp32,H,1.0,2.0,inner,True,,,paired,34.0,13.0,0.001,,,,
472,N1,R_SIM,P_bal,mlp32,H,1.0,,final,True,,,paired,47.0,0.0,0.001,,,,
473,N1,R_SIM,P_bal,mlp32,HP,1.0,0.0,inner,True,,,paired,33.0,14.0,0.001,,,,
474,N1,R_SIM,P_bal,mlp32,HP,1.0,1.0,inner,True,,,paired,33.0,14.0,0.001,,,,
475,N1,R_SIM,P_bal,mlp32,HP,1.0,2.0,inner,True,,,paired,34.0,13.0,0.001,,,,
476,N1,R_SIM,P_bal,mlp32,HP,1.0,,final,True,,,paired,47.0,0.0,0.001,,,,
477,N1,R_SIM,P_bal,mlp32,HB,1.0,0.0,inner,True,,,paired,33.0,14.0,0.001,,,,
478,N1,R_SIM,P_bal,mlp32,HB,1.0,1.0,inner,True,,,paired,33.0,14.0,0.001,,,,
479,N1,R_SIM,P_bal,mlp32,HB,1.0,2.0,inner,True,,,paired,34.0,13.0,0.001,,,,
480,N1,R_SIM,P_bal,mlp32,HB,1.0,,final,True,,,paired,47.0,0.0,0.001,,,,
481,N1,R_SIM,P_bal,mlp32,HPB,1.0,0.0,inner,True,,,paired,33.0,14.0,0.001,,,,
482,N1,R_SIM,P_bal,mlp32,HPB,1.0,1.0,inner,True,,,paired,33.0,14.0,0.001,,,,
483,N1,R_SIM,P_bal,mlp32,HPB,1.0,2.0,inner,True,,,paired,34.0,13.0,0.001,,,,
484,N1,R_SIM,P_bal,mlp32,HPB,1.0,,final,True,,,paired,47.0,0.0,0.001,,,,
485,N1,R_SIM,P_bal,mlp32,HPP,1.0,0.0,inner,True,,,paired,33.0,14.0,0.001,,,,
486,N1,R_SIM,P_bal,mlp32,HPP,1.0,1.0,inner,True,,,paired,33.0,14.0,0.001,,,,
487,N1,R_SIM,P_bal,mlp32,HPP,1.0,2.0,inner,True,,,paired,34.0,13.0,0.001,,,,
488,N1,R_SIM,P_bal,mlp32,HPP,1.0,,final,True,,,paired,47.0,0.0,0.001,,,,
489,N1,R_SIM,P_bal,mlp32,HPBnoise,1.0,0.0,inner,True,,,paired,33.0,14.0,0.001,,,,
490,N1,R_SIM,P_bal,mlp32,HPBnoise,1.0,1.0,inner,True,,,paired,33.0,14.0,0.001,,,,
491,N1,R_SIM,P_bal,mlp32,HPBnoise,1.0,2.0,inner,True,,,paired,34.0,13.0,0.001,,,,
492,N1,R_SIM,P_bal,mlp32,HPBnoise,1.0,,final,True,,,paired,47.0,0.0,0.001,,,,
493,N1,R_SIM,P_nat,logistic,H,2.0,0.0,inner,False,,1.0,paired,34.0,14.0,,,,,
494,N1,R_SIM,P_nat,logistic,H,2.0,1.0,inner,False,,1.0,paired,34.0,14.0,,,,,
495,N1,R_SIM,P_nat,logistic,H,2.0,2.0,inner,False,,1.0,paired,35.0,13.0,,,,,
496,N1,R_SIM,P_nat,logistic,H,2.0,,final,False,,1.0,paired,48.0,0.0,,,,,
497,N1,R_SIM,P_nat,logistic,HP,2.0,0.0,inner,False,,1.0,paired,34.0,14.0,,,,,
498,N1,R_SIM,P_nat,logistic,HP,2.0,1.0,inner,False,,1.0,paired,34.0,14.0,,,,,
499,N1,R_SIM,P_nat,logistic,HP,2.0,2.0,inner,False,,1.0,paired,35.0,13.0,,,,,
500,N1,R_SIM,P_nat,logistic,HP,2.0,,final,False,,1.0,paired,48.0,0.0,,,,,
501,N1,R_SIM,P_nat,logistic,HB,2.0,0.0,inner,False,,1.0,paired,34.0,14.0,,,,,
502,N1,R_SIM,P_nat,logistic,HB,2.0,1.0,inner,False,,1.0,paired,34.0,14.0,,,,,
503,N1,R_SIM,P_nat,logistic,HB,2.0,2.0,inner,False,,1.0,paired,35.0,13.0,,,,,
504,N1,R_SIM,P_nat,logistic,HB,2.0,,final,False,,1.0,paired,48.0,0.0,,,,,
505,N1,R_SIM,P_nat,logistic,HPB,2.0,0.0,inner,False,,1.0,paired,34.0,14.0,,,,,
506,N1,R_SIM,P_nat,logistic,HPB,2.0,1.0,inner,False,,1.0,paired,34.0,14.0,,,,,
507,N1,R_SIM,P_nat,logistic,HPB,2.0,2.0,inner,False,,1.0,paired,35.0,13.0,,,,,
508,N1,R_SIM,P_nat,logistic,HPB,2.0,,final,False,,1.0,paired,48.0,0.0,,,,,
509,N1,R_SIM,P_nat,logistic,HPP,2.0,0.0,inner,False,,1.0,paired,34.0,14.0,,,,,
510,N1,R_SIM,P_nat,logistic,HPP,2.0,1.0,inner,False,,1.0,paired,34.0,14.0,,,,,
511,N1,R_SIM,P_nat,logistic,HPP,2.0,2.0,inner,False,,1.0,paired,35.0,13.0,,,,,
512,N1,R_SIM,P_nat,logistic,HPP,2.0,,final,False,,1.0,paired,48.0,0.0,,,,,
513,N1,R_SIM,P_nat,logistic,HPBnoise,2.0,0.0,inner,False,,1.0,paired,34.0,14.0,,,,,
514,N1,R_SIM,P_nat,logistic,HPBnoise,2.0,1.0,inner,False,,1.0,paired,34.0,14.0,,,,,
515,N1,R_SIM,P_nat,logistic,HPBnoise,2.0,2.0,inner,False,,1.0,paired,35.0,13.0,,,,,
516,N1,R_SIM,P_nat,logistic,HPBnoise,2.0,,final,False,,1.0,paired,48.0,0.0,,,,,
517,N1,R_SIM,P_nat,mlp32,H,2.0,0.0,inner,True,,,paired,34.0,14.0,0.001,,,,
518,N1,R_SIM,P_nat,mlp32,H,2.0,1.0,inner,True,,,paired,34.0,14.0,0.001,,,,
519,N1,R_SIM,P_nat,mlp32,H,2.0,2.0,inner,True,,,paired,35.0,13.0,0.001,,,,
520,N1,R_SIM,P_nat,mlp32,H,2.0,,final,True,,,paired,48.0,0.0,0.001,,,,
521,N1,R_SIM,P_nat,mlp32,HP,2.0,0.0,inner,True,,,paired,34.0,14.0,0.001,,,,
522,N1,R_SIM,P_nat,mlp32,HP,2.0,1.0,inner,True,,,paired,34.0,14.0,0.001,,,,
523,N1,R_SIM,P_nat,mlp32,HP,2.0,2.0,inner,True,,,paired,35.0,13.0,0.001,,,,
524,N1,R_SIM,P_nat,mlp32,HP,2.0,,final,True,,,paired,48.0,0.0,0.001,,,,
525,N1,R_SIM,P_nat,mlp32,HB,2.0,0.0,inner,True,,,paired,34.0,14.0,0.001,,,,
526,N1,R_SIM,P_nat,mlp32,HB,2.0,1.0,inner,True,,,paired,34.0,14.0,0.001,,,,
527,N1,R_SIM,P_nat,mlp32,HB,2.0,2.0,inner,True,,,paired,35.0,13.0,0.001,,,,
528,N1,R_SIM,P_nat,mlp32,HB,2.0,,final,True,,,paired,48.0,0.0,0.001,,,,
529,N1,R_SIM,P_nat,mlp32,HPB,2.0,0.0,inner,True,,,paired,34.0,14.0,0.001,,,,
530,N1,R_SIM,P_nat,mlp32,HPB,2.0,1.0,inner,True,,,paired,34.0,14.0,0.001,,,,
531,N1,R_SIM,P_nat,mlp32,HPB,2.0,2.0,inner,True,,,paired,35.0,13.0,0.001,,,,
532,N1,R_SIM,P_nat,mlp32,HPB,2.0,,final,True,,,paired,48.0,0.0,0.001,,,,
533,N1,R_SIM,P_nat,mlp32,HPP,2.0,0.0,inner,True,,,paired,34.0,14.0,0.001,,,,
534,N1,R_SIM,P_nat,mlp32,HPP,2.0,1.0,inner,True,,,paired,34.0,14.0,0.001,,,,
535,N1,R_SIM,P_nat,mlp32,HPP,2.0,2.0,inner,True,,,paired,35.0,13.0,0.001,,,,
536,N1,R_SIM,P_nat,mlp32,HPP,2.0,,final,True,,,paired,48.0,0.0,0.001,,,,
537,N1,R_SIM,P_nat,mlp32,HPBnoise,2.0,0.0,inner,True,,,paired,34.0,14.0,0.001,,,,
538,N1,R_SIM,P_nat,mlp32,HPBnoise,2.0,1.0,inner,True,,,paired,34.0,14.0,0.001,,,,
539,N1,R_SIM,P_nat,mlp32,HPBnoise,2.0,2.0,inner,True,,,paired,35.0,13.0,0.001,,,,
540,N1,R_SIM,P_nat,mlp32,HPBnoise,2.0,,final,True,,,paired,48.0,0.0,0.001,,,,
541,N1,R_SIM,P_bal,logistic,H,2.0,0.0,inner,False,,1.0,paired,34.0,14.0,,,,,
542,N1,R_SIM,P_bal,logistic,H,2.0,1.0,inner,False,,1.0,paired,34.0,14.0,,,,,
543,N1,R_SIM,P_bal,logistic,H,2.0,2.0,inner,False,,1.0,paired,35.0,13.0,,,,,
544,N1,R_SIM,P_bal,logistic,H,2.0,,final,False,,1.0,paired,48.0,0.0,,,,,
545,N1,R_SIM,P_bal,logistic,HP,2.0,0.0,inner,False,,1.0,paired,34.0,14.0,,,,,
546,N1,R_SIM,P_bal,logistic,HP,2.0,1.0,inner,False,,1.0,paired,34.0,14.0,,,,,
547,N1,R_SIM,P_bal,logistic,HP,2.0,2.0,inner,False,,1.0,paired,35.0,13.0,,,,,
548,N1,R_SIM,P_bal,logistic,HP,2.0,,final,False,,1.0,paired,48.0,0.0,,,,,
549,N1,R_SIM,P_bal,logistic,HB,2.0,0.0,inner,False,,1.0,paired,34.0,14.0,,,,,
550,N1,R_SIM,P_bal,logistic,HB,2.0,1.0,inner,False,,1.0,paired,34.0,14.0,,,,,
551,N1,R_SIM,P_bal,logistic,HB,2.0,2.0,inner,False,,1.0,paired,35.0,13.0,,,,,
552,N1,R_SIM,P_bal,logistic,HB,2.0,,final,False,,1.0,paired,48.0,0.0,,,,,
553,N1,R_SIM,P_bal,logistic,HPB,2.0,0.0,inner,False,,1.0,paired,34.0,14.0,,,,,
554,N1,R_SIM,P_bal,logistic,HPB,2.0,1.0,inner,False,,1.0,paired,34.0,14.0,,,,,
555,N1,R_SIM,P_bal,logistic,HPB,2.0,2.0,inner,False,,1.0,paired,35.0,13.0,,,,,
556,N1,R_SIM,P_bal,logistic,HPB,2.0,,final,False,,1.0,paired,48.0,0.0,,,,,
557,N1,R_SIM,P_bal,logistic,HPP,2.0,0.0,inner,False,,1.0,paired,34.0,14.0,,,,,
558,N1,R_SIM,P_bal,logistic,HPP,2.0,1.0,inner,False,,1.0,paired,34.0,14.0,,,,,
559,N1,R_SIM,P_bal,logistic,HPP,2.0,2.0,inner,False,,1.0,paired,35.0,13.0,,,,,
560,N1,R_SIM,P_bal,logistic,HPP,2.0,,final,False,,1.0,paired,48.0,0.0,,,,,
561,N1,R_SIM,P_bal,logistic,HPBnoise,2.0,0.0,inner,False,,1.0,paired,34.0,14.0,,,,,
562,N1,R_SIM,P_bal,logistic,HPBnoise,2.0,1.0,inner,False,,1.0,paired,34.0,14.0,,,,,
563,N1,R_SIM,P_bal,logistic,HPBnoise,2.0,2.0,inner,False,,1.0,paired,35.0,13.0,,,,,
564,N1,R_SIM,P_bal,logistic,HPBnoise,2.0,,final,False,,1.0,paired,48.0,0.0,,,,,
565,N1,R_SIM,P_bal,mlp32,H,2.0,0.0,inner,True,,,paired,34.0,14.0,0.001,,,,
566,N1,R_SIM,P_bal,mlp32,H,2.0,1.0,inner,True,,,paired,34.0,14.0,0.001,,,,
567,N1,R_SIM,P_bal,mlp32,H,2.0,2.0,inner,True,,,paired,35.0,13.0,0.001,,,,
568,N1,R_SIM,P_bal,mlp32,H,2.0,,final,True,,,paired,48.0,0.0,0.001,,,,
569,N1,R_SIM,P_bal,mlp32,HP,2.0,0.0,inner,True,,,paired,34.0,14.0,0.001,,,,
570,N1,R_SIM,P_bal,mlp32,HP,2.0,1.0,inner,True,,,paired,34.0,14.0,0.001,,,,
571,N1,R_SIM,P_bal,mlp32,HP,2.0,2.0,inner,True,,,paired,35.0,13.0,0.001,,,,
572,N1,R_SIM,P_bal,mlp32,HP,2.0,,final,True,,,paired,48.0,0.0,0.001,,,,
573,N1,R_SIM,P_bal,mlp32,HB,2.0,0.0,inner,True,,,paired,34.0,14.0,0.001,,,,
574,N1,R_SIM,P_bal,mlp32,HB,2.0,1.0,inner,True,,,paired,34.0,14.0,0.001,,,,
575,N1,R_SIM,P_bal,mlp32,HB,2.0,2.0,inner,True,,,paired,35.0,13.0,0.001,,,,
576,N1,R_SIM,P_bal,mlp32,HB,2.0,,final,True,,,paired,48.0,0.0,0.001,,,,
577,N1,R_SIM,P_bal,mlp32,HPB,2.0,0.0,inner,True,,,paired,34.0,14.0,0.001,,,,
578,N1,R_SIM,P_bal,mlp32,HPB,2.0,1.0,inner,True,,,paired,34.0,14.0,0.001,,,,
579,N1,R_SIM,P_bal,mlp32,HPB,2.0,2.0,inner,True,,,paired,35.0,13.0,0.001,,,,
580,N1,R_SIM,P_bal,mlp32,HPB,2.0,,final,True,,,paired,48.0,0.0,0.001,,,,
581,N1,R_SIM,P_bal,mlp32,HPP,2.0,0.0,inner,True,,,paired,34.0,14.0,0.001,,,,
582,N1,R_SIM,P_bal,mlp32,HPP,2.0,1.0,inner,True,,,paired,34.0,14.0,0.001,,,,
583,N1,R_SIM,P_bal,mlp32,HPP,2.0,2.0,inner,True,,,paired,35.0,13.0,0.001,,,,
584,N1,R_SIM,P_bal,mlp32,HPP,2.0,,final,True,,,paired,48.0,0.0,0.001,,,,
585,N1,R_SIM,P_bal,mlp32,HPBnoise,2.0,0.0,inner,True,,,paired,34.0,14.0,0.001,,,,
586,N1,R_SIM,P_bal,mlp32,HPBnoise,2.0,1.0,inner,True,,,paired,34.0,14.0,0.001,,,,
587,N1,R_SIM,P_bal,mlp32,HPBnoise,2.0,2.0,inner,True,,,paired,35.0,13.0,0.001,,,,
588,N1,R_SIM,P_bal,mlp32,HPBnoise,2.0,,final,True,,,paired,48.0,0.0,0.001,,,,
589,N1,R_SIM,P_nat,logistic,H,3.0,0.0,inner,False,,1.0,paired,33.0,14.0,,,,,
590,N1,R_SIM,P_nat,logistic,H,3.0,1.0,inner,False,,1.0,paired,33.0,14.0,,,,,
591,N1,R_SIM,P_nat,logistic,H,3.0,2.0,inner,False,,1.0,paired,34.0,13.0,,,,,
592,N1,R_SIM,P_nat,logistic,H,3.0,,final,False,,1.0,paired,47.0,0.0,,,,,
593,N1,R_SIM,P_nat,logistic,HP,3.0,0.0,inner,False,,1.0,paired,33.0,14.0,,,,,
594,N1,R_SIM,P_nat,logistic,HP,3.0,1.0,inner,False,,1.0,paired,33.0,14.0,,,,,
595,N1,R_SIM,P_nat,logistic,HP,3.0,2.0,inner,False,,1.0,paired,34.0,13.0,,,,,
596,N1,R_SIM,P_nat,logistic,HP,3.0,,final,False,,1.0,paired,47.0,0.0,,,,,
597,N1,R_SIM,P_nat,logistic,HB,3.0,0.0,inner,False,,1.0,paired,33.0,14.0,,,,,
598,N1,R_SIM,P_nat,logistic,HB,3.0,1.0,inner,False,,1.0,paired,33.0,14.0,,,,,
599,N1,R_SIM,P_nat,logistic,HB,3.0,2.0,inner,False,,1.0,paired,34.0,13.0,,,,,
600,N1,R_SIM,P_nat,logistic,HB,3.0,,final,False,,1.0,paired,47.0,0.0,,,,,
601,N1,R_SIM,P_nat,logistic,HPB,3.0,0.0,inner,False,,1.0,paired,33.0,14.0,,,,,
602,N1,R_SIM,P_nat,logistic,HPB,3.0,1.0,inner,False,,1.0,paired,33.0,14.0,,,,,
603,N1,R_SIM,P_nat,logistic,HPB,3.0,2.0,inner,False,,1.0,paired,34.0,13.0,,,,,
604,N1,R_SIM,P_nat,logistic,HPB,3.0,,final,False,,1.0,paired,47.0,0.0,,,,,
605,N1,R_SIM,P_nat,logistic,HPP,3.0,0.0,inner,False,,1.0,paired,33.0,14.0,,,,,
606,N1,R_SIM,P_nat,logistic,HPP,3.0,1.0,inner,False,,1.0,paired,33.0,14.0,,,,,
607,N1,R_SIM,P_nat,logistic,HPP,3.0,2.0,inner,False,,1.0,paired,34.0,13.0,,,,,
608,N1,R_SIM,P_nat,logistic,HPP,3.0,,final,False,,1.0,paired,47.0,0.0,,,,,
609,N1,R_SIM,P_nat,logistic,HPBnoise,3.0,0.0,inner,False,,1.0,paired,33.0,14.0,,,,,
610,N1,R_SIM,P_nat,logistic,HPBnoise,3.0,1.0,inner,False,,1.0,paired,33.0,14.0,,,,,
611,N1,R_SIM,P_nat,logistic,HPBnoise,3.0,2.0,inner,False,,1.0,paired,34.0,13.0,,,,,
612,N1,R_SIM,P_nat,logistic,HPBnoise,3.0,,final,False,,1.0,paired,47.0,0.0,,,,,
613,N1,R_SIM,P_nat,mlp32,H,3.0,0.0,inner,True,,,paired,33.0,14.0,0.001,,,,
614,N1,R_SIM,P_nat,mlp32,H,3.0,1.0,inner,True,,,paired,33.0,14.0,0.001,,,,
615,N1,R_SIM,P_nat,mlp32,H,3.0,2.0,inner,True,,,paired,34.0,13.0,0.001,,,,
616,N1,R_SIM,P_nat,mlp32,H,3.0,,final,True,,,paired,47.0,0.0,0.001,,,,
617,N1,R_SIM,P_nat,mlp32,HP,3.0,0.0,inner,True,,,paired,33.0,14.0,0.001,,,,
618,N1,R_SIM,P_nat,mlp32,HP,3.0,1.0,inner,True,,,paired,33.0,14.0,0.001,,,,
619,N1,R_SIM,P_nat,mlp32,HP,3.0,2.0,inner,True,,,paired,34.0,13.0,0.001,,,,
620,N1,R_SIM,P_nat,mlp32,HP,3.0,,final,True,,,paired,47.0,0.0,0.001,,,,
621,N1,R_SIM,P_nat,mlp32,HB,3.0,0.0,inner,True,,,paired,33.0,14.0,0.001,,,,
622,N1,R_SIM,P_nat,mlp32,HB,3.0,1.0,inner,True,,,paired,33.0,14.0,0.001,,,,
623,N1,R_SIM,P_nat,mlp32,HB,3.0,2.0,inner,True,,,paired,34.0,13.0,0.001,,,,
624,N1,R_SIM,P_nat,mlp32,HB,3.0,,final,True,,,paired,47.0,0.0,0.001,,,,
625,N1,R_SIM,P_nat,mlp32,HPB,3.0,0.0,inner,True,,,paired,33.0,14.0,0.001,,,,
626,N1,R_SIM,P_nat,mlp32,HPB,3.0,1.0,inner,True,,,paired,33.0,14.0,0.001,,,,
627,N1,R_SIM,P_nat,mlp32,HPB,3.0,2.0,inner,True,,,paired,34.0,13.0,0.001,,,,
628,N1,R_SIM,P_nat,mlp32,HPB,3.0,,final,True,,,paired,47.0,0.0,0.001,,,,
629,N1,R_SIM,P_nat,mlp32,HPP,3.0,0.0,inner,True,,,paired,33.0,14.0,0.001,,,,
630,N1,R_SIM,P_nat,mlp32,HPP,3.0,1.0,inner,True,,,paired,33.0,14.0,0.001,,,,
631,N1,R_SIM,P_nat,mlp32,HPP,3.0,2.0,inner,True,,,paired,34.0,13.0,0.001,,,,
632,N1,R_SIM,P_nat,mlp32,HPP,3.0,,final,True,,,paired,47.0,0.0,0.001,,,,
633,N1,R_SIM,P_nat,mlp32,HPBnoise,3.0,0.0,inner,True,,,paired,33.0,14.0,0.001,,,,
634,N1,R_SIM,P_nat,mlp32,HPBnoise,3.0,1.0,inner,True,,,paired,33.0,14.0,0.001,,,,
635,N1,R_SIM,P_nat,mlp32,HPBnoise,3.0,2.0,inner,True,,,paired,34.0,13.0,0.001,,,,
636,N1,R_SIM,P_nat,mlp32,HPBnoise,3.0,,final,True,,,paired,47.0,0.0,0.001,,,,
637,N1,R_SIM,P_bal,logistic,H,3.0,0.0,inner,False,,1.0,paired,33.0,14.0,,,,,
638,N1,R_SIM,P_bal,logistic,H,3.0,1.0,inner,False,,1.0,paired,33.0,14.0,,,,,
639,N1,R_SIM,P_bal,logistic,H,3.0,2.0,inner,False,,1.0,paired,34.0,13.0,,,,,
640,N1,R_SIM,P_bal,logistic,H,3.0,,final,False,,1.0,paired,47.0,0.0,,,,,
641,N1,R_SIM,P_bal,logistic,HP,3.0,0.0,inner,False,,1.0,paired,33.0,14.0,,,,,
642,N1,R_SIM,P_bal,logistic,HP,3.0,1.0,inner,False,,1.0,paired,33.0,14.0,,,,,
643,N1,R_SIM,P_bal,logistic,HP,3.0,2.0,inner,False,,1.0,paired,34.0,13.0,,,,,
644,N1,R_SIM,P_bal,logistic,HP,3.0,,final,False,,1.0,paired,47.0,0.0,,,,,
645,N1,R_SIM,P_bal,logistic,HB,3.0,0.0,inner,False,,1.0,paired,33.0,14.0,,,,,
646,N1,R_SIM,P_bal,logistic,HB,3.0,1.0,inner,False,,1.0,paired,33.0,14.0,,,,,
647,N1,R_SIM,P_bal,logistic,HB,3.0,2.0,inner,False,,1.0,paired,34.0,13.0,,,,,
648,N1,R_SIM,P_bal,logistic,HB,3.0,,final,False,,1.0,paired,47.0,0.0,,,,,
649,N1,R_SIM,P_bal,logistic,HPB,3.0,0.0,inner,False,,1.0,paired,33.0,14.0,,,,,
650,N1,R_SIM,P_bal,logistic,HPB,3.0,1.0,inner,False,,1.0,paired,33.0,14.0,,,,,
651,N1,R_SIM,P_bal,logistic,HPB,3.0,2.0,inner,False,,1.0,paired,34.0,13.0,,,,,
652,N1,R_SIM,P_bal,logistic,HPB,3.0,,final,False,,1.0,paired,47.0,0.0,,,,,
653,N1,R_SIM,P_bal,logistic,HPP,3.0,0.0,inner,False,,1.0,paired,33.0,14.0,,,,,
654,N1,R_SIM,P_bal,logistic,HPP,3.0,1.0,inner,False,,1.0,paired,33.0,14.0,,,,,
655,N1,R_SIM,P_bal,logistic,HPP,3.0,2.0,inner,False,,1.0,paired,34.0,13.0,,,,,
656,N1,R_SIM,P_bal,logistic,HPP,3.0,,final,False,,1.0,paired,47.0,0.0,,,,,
657,N1,R_SIM,P_bal,logistic,HPBnoise,3.0,0.0,inner,False,,1.0,paired,33.0,14.0,,,,,
658,N1,R_SIM,P_bal,logistic,HPBnoise,3.0,1.0,inner,False,,1.0,paired,33.0,14.0,,,,,
659,N1,R_SIM,P_bal,logistic,HPBnoise,3.0,2.0,inner,False,,1.0,paired,34.0,13.0,,,,,
660,N1,R_SIM,P_bal,logistic,HPBnoise,3.0,,final,False,,1.0,paired,47.0,0.0,,,,,
661,N1,R_SIM,P_bal,mlp32,H,3.0,0.0,inner,True,,,paired,33.0,14.0,0.001,,,,
662,N1,R_SIM,P_bal,mlp32,H,3.0,1.0,inner,True,,,paired,33.0,14.0,0.001,,,,
663,N1,R_SIM,P_bal,mlp32,H,3.0,2.0,inner,True,,,paired,34.0,13.0,0.001,,,,
664,N1,R_SIM,P_bal,mlp32,H,3.0,,final,True,,,paired,47.0,0.0,0.001,,,,
665,N1,R_SIM,P_bal,mlp32,HP,3.0,0.0,inner,True,,,paired,33.0,14.0,0.001,,,,
666,N1,R_SIM,P_bal,mlp32,HP,3.0,1.0,inner,True,,,paired,33.0,14.0,0.001,,,,
667,N1,R_SIM,P_bal,mlp32,HP,3.0,2.0,inner,True,,,paired,34.0,13.0,0.001,,,,
668,N1,R_SIM,P_bal,mlp32,HP,3.0,,final,True,,,paired,47.0,0.0,0.001,,,,
669,N1,R_SIM,P_bal,mlp32,HB,3.0,0.0,inner,True,,,paired,33.0,14.0,0.001,,,,
670,N1,R_SIM,P_bal,mlp32,HB,3.0,1.0,inner,True,,,paired,33.0,14.0,0.001,,,,
671,N1,R_SIM,P_bal,mlp32,HB,3.0,2.0,inner,True,,,paired,34.0,13.0,0.001,,,,
672,N1,R_SIM,P_bal,mlp32,HB,3.0,,final,True,,,paired,47.0,0.0,0.001,,,,
673,N1,R_SIM,P_bal,mlp32,HPB,3.0,0.0,inner,True,,,paired,33.0,14.0,0.001,,,,
674,N1,R_SIM,P_bal,mlp32,HPB,3.0,1.0,inner,True,,,paired,33.0,14.0,0.001,,,,
675,N1,R_SIM,P_bal,mlp32,HPB,3.0,2.0,inner,True,,,paired,34.0,13.0,0.001,,,,
676,N1,R_SIM,P_bal,mlp32,HPB,3.0,,final,True,,,paired,47.0,0.0,0.001,,,,
677,N1,R_SIM,P_bal,mlp32,HPP,3.0,0.0,inner,True,,,paired,33.0,14.0,0.001,,,,
678,N1,R_SIM,P_bal,mlp32,HPP,3.0,1.0,inner,True,,,paired,33.0,14.0,0.001,,,,
679,N1,R_SIM,P_bal,mlp32,HPP,3.0,2.0,inner,True,,,paired,34.0,13.0,0.001,,,,
680,N1,R_SIM,P_bal,mlp32,HPP,3.0,,final,True,,,paired,47.0,0.0,0.001,,,,
681,N1,R_SIM,P_bal,mlp32,HPBnoise,3.0,0.0,inner,True,,,paired,33.0,14.0,0.001,,,,
682,N1,R_SIM,P_bal,mlp32,HPBnoise,3.0,1.0,inner,True,,,paired,33.0,14.0,0.001,,,,
683,N1,R_SIM,P_bal,mlp32,HPBnoise,3.0,2.0,inner,True,,,paired,34.0,13.0,0.001,,,,
684,N1,R_SIM,P_bal,mlp32,HPBnoise,3.0,,final,True,,,paired,47.0,0.0,0.001,,,,
685,N1,R_SIM,P_nat,logistic,H,4.0,0.0,inner,False,,1.0,paired,33.0,14.0,,,,,
686,N1,R_SIM,P_nat,logistic,H,4.0,1.0,inner,False,,1.0,paired,33.0,14.0,,,,,
687,N1,R_SIM,P_nat,logistic,H,4.0,2.0,inner,False,,1.0,paired,34.0,13.0,,,,,
688,N1,R_SIM,P_nat,logistic,H,4.0,,final,False,,1.0,paired,47.0,0.0,,,,,
689,N1,R_SIM,P_nat,logistic,HP,4.0,0.0,inner,False,,1.0,paired,33.0,14.0,,,,,
690,N1,R_SIM,P_nat,logistic,HP,4.0,1.0,inner,False,,1.0,paired,33.0,14.0,,,,,
691,N1,R_SIM,P_nat,logistic,HP,4.0,2.0,inner,False,,1.0,paired,34.0,13.0,,,,,
692,N1,R_SIM,P_nat,logistic,HP,4.0,,final,False,,1.0,paired,47.0,0.0,,,,,
693,N1,R_SIM,P_nat,logistic,HB,4.0,0.0,inner,False,,1.0,paired,33.0,14.0,,,,,
694,N1,R_SIM,P_nat,logistic,HB,4.0,1.0,inner,False,,1.0,paired,33.0,14.0,,,,,
695,N1,R_SIM,P_nat,logistic,HB,4.0,2.0,inner,False,,1.0,paired,34.0,13.0,,,,,
696,N1,R_SIM,P_nat,logistic,HB,4.0,,final,False,,1.0,paired,47.0,0.0,,,,,
697,N1,R_SIM,P_nat,logistic,HPB,4.0,0.0,inner,False,,1.0,paired,33.0,14.0,,,,,
698,N1,R_SIM,P_nat,logistic,HPB,4.0,1.0,inner,False,,1.0,paired,33.0,14.0,,,,,
699,N1,R_SIM,P_nat,logistic,HPB,4.0,2.0,inner,False,,1.0,paired,34.0,13.0,,,,,
700,N1,R_SIM,P_nat,logistic,HPB,4.0,,final,False,,1.0,paired,47.0,0.0,,,,,
701,N1,R_SIM,P_nat,logistic,HPP,4.0,0.0,inner,False,,1.0,paired,33.0,14.0,,,,,
702,N1,R_SIM,P_nat,logistic,HPP,4.0,1.0,inner,False,,1.0,paired,33.0,14.0,,,,,
703,N1,R_SIM,P_nat,logistic,HPP,4.0,2.0,inner,False,,1.0,paired,34.0,13.0,,,,,
704,N1,R_SIM,P_nat,logistic,HPP,4.0,,final,False,,1.0,paired,47.0,0.0,,,,,
705,N1,R_SIM,P_nat,logistic,HPBnoise,4.0,0.0,inner,False,,1.0,paired,33.0,14.0,,,,,
706,N1,R_SIM,P_nat,logistic,HPBnoise,4.0,1.0,inner,False,,1.0,paired,33.0,14.0,,,,,
707,N1,R_SIM,P_nat,logistic,HPBnoise,4.0,2.0,inner,False,,1.0,paired,34.0,13.0,,,,,
708,N1,R_SIM,P_nat,logistic,HPBnoise,4.0,,final,False,,1.0,paired,47.0,0.0,,,,,
709,N1,R_SIM,P_nat,mlp32,H,4.0,0.0,inner,True,,,paired,33.0,14.0,0.001,,,,
710,N1,R_SIM,P_nat,mlp32,H,4.0,1.0,inner,True,,,paired,33.0,14.0,0.001,,,,
711,N1,R_SIM,P_nat,mlp32,H,4.0,2.0,inner,True,,,paired,34.0,13.0,0.001,,,,
712,N1,R_SIM,P_nat,mlp32,H,4.0,,final,True,,,paired,47.0,0.0,0.001,,,,
713,N1,R_SIM,P_nat,mlp32,HP,4.0,0.0,inner,True,,,paired,33.0,14.0,0.001,,,,
714,N1,R_SIM,P_nat,mlp32,HP,4.0,1.0,inner,True,,,paired,33.0,14.0,0.001,,,,
715,N1,R_SIM,P_nat,mlp32,HP,4.0,2.0,inner,True,,,paired,34.0,13.0,0.001,,,,
716,N1,R_SIM,P_nat,mlp32,HP,4.0,,final,True,,,paired,47.0,0.0,0.001,,,,
717,N1,R_SIM,P_nat,mlp32,HB,4.0,0.0,inner,True,,,paired,33.0,14.0,0.001,,,,
718,N1,R_SIM,P_nat,mlp32,HB,4.0,1.0,inner,True,,,paired,33.0,14.0,0.001,,,,
719,N1,R_SIM,P_nat,mlp32,HB,4.0,2.0,inner,True,,,paired,34.0,13.0,0.001,,,,
720,N1,R_SIM,P_nat,mlp32,HB,4.0,,final,True,,,paired,47.0,0.0,0.001,,,,
721,N1,R_SIM,P_nat,mlp32,HPB,4.0,0.0,inner,True,,,paired,33.0,14.0,0.001,,,,
722,N1,R_SIM,P_nat,mlp32,HPB,4.0,1.0,inner,True,,,paired,33.0,14.0,0.001,,,,
723,N1,R_SIM,P_nat,mlp32,HPB,4.0,2.0,inner,True,,,paired,34.0,13.0,0.001,,,,
724,N1,R_SIM,P_nat,mlp32,HPB,4.0,,final,True,,,paired,47.0,0.0,0.001,,,,
725,N1,R_SIM,P_nat,mlp32,HPP,4.0,0.0,inner,True,,,paired,33.0,14.0,0.001,,,,
726,N1,R_SIM,P_nat,mlp32,HPP,4.0,1.0,inner,True,,,paired,33.0,14.0,0.001,,,,
727,N1,R_SIM,P_nat,mlp32,HPP,4.0,2.0,inner,True,,,paired,34.0,13.0,0.001,,,,
728,N1,R_SIM,P_nat,mlp32,HPP,4.0,,final,True,,,paired,47.0,0.0,0.001,,,,
729,N1,R_SIM,P_nat,mlp32,HPBnoise,4.0,0.0,inner,True,,,paired,33.0,14.0,0.001,,,,
730,N1,R_SIM,P_nat,mlp32,HPBnoise,4.0,1.0,inner,True,,,paired,33.0,14.0,0.001,,,,
731,N1,R_SIM,P_nat,mlp32,HPBnoise,4.0,2.0,inner,True,,,paired,34.0,13.0,0.001,,,,
732,N1,R_SIM,P_nat,mlp32,HPBnoise,4.0,,final,True,,,paired,47.0,0.0,0.001,,,,
733,N1,R_SIM,P_bal,logistic,H,4.0,0.0,inner,False,,1.0,paired,33.0,14.0,,,,,
734,N1,R_SIM,P_bal,logistic,H,4.0,1.0,inner,False,,1.0,paired,33.0,14.0,,,,,
735,N1,R_SIM,P_bal,logistic,H,4.0,2.0,inner,False,,1.0,paired,34.0,13.0,,,,,
736,N1,R_SIM,P_bal,logistic,H,4.0,,final,False,,1.0,paired,47.0,0.0,,,,,
737,N1,R_SIM,P_bal,logistic,HP,4.0,0.0,inner,False,,1.0,paired,33.0,14.0,,,,,
738,N1,R_SIM,P_bal,logistic,HP,4.0,1.0,inner,False,,1.0,paired,33.0,14.0,,,,,
739,N1,R_SIM,P_bal,logistic,HP,4.0,2.0,inner,False,,1.0,paired,34.0,13.0,,,,,
740,N1,R_SIM,P_bal,logistic,HP,4.0,,final,False,,1.0,paired,47.0,0.0,,,,,
741,N1,R_SIM,P_bal,logistic,HB,4.0,0.0,inner,False,,1.0,paired,33.0,14.0,,,,,
742,N1,R_SIM,P_bal,logistic,HB,4.0,1.0,inner,False,,1.0,paired,33.0,14.0,,,,,
743,N1,R_SIM,P_bal,logistic,HB,4.0,2.0,inner,False,,1.0,paired,34.0,13.0,,,,,
744,N1,R_SIM,P_bal,logistic,HB,4.0,,final,False,,1.0,paired,47.0,0.0,,,,,
745,N1,R_SIM,P_bal,logistic,HPB,4.0,0.0,inner,False,,1.0,paired,33.0,14.0,,,,,
746,N1,R_SIM,P_bal,logistic,HPB,4.0,1.0,inner,False,,1.0,paired,33.0,14.0,,,,,
747,N1,R_SIM,P_bal,logistic,HPB,4.0,2.0,inner,False,,1.0,paired,34.0,13.0,,,,,
748,N1,R_SIM,P_bal,logistic,HPB,4.0,,final,False,,1.0,paired,47.0,0.0,,,,,
749,N1,R_SIM,P_bal,logistic,HPP,4.0,0.0,inner,False,,1.0,paired,33.0,14.0,,,,,
750,N1,R_SIM,P_bal,logistic,HPP,4.0,1.0,inner,False,,1.0,paired,33.0,14.0,,,,,
751,N1,R_SIM,P_bal,logistic,HPP,4.0,2.0,inner,False,,1.0,paired,34.0,13.0,,,,,
752,N1,R_SIM,P_bal,logistic,HPP,4.0,,final,False,,1.0,paired,47.0,0.0,,,,,
753,N1,R_SIM,P_bal,logistic,HPBnoise,4.0,0.0,inner,False,,1.0,paired,33.0,14.0,,,,,
754,N1,R_SIM,P_bal,logistic,HPBnoise,4.0,1.0,inner,False,,1.0,paired,33.0,14.0,,,,,
755,N1,R_SIM,P_bal,logistic,HPBnoise,4.0,2.0,inner,False,,1.0,paired,34.0,13.0,,,,,
756,N1,R_SIM,P_bal,logistic,HPBnoise,4.0,,final,False,,1.0,paired,47.0,0.0,,,,,
757,N1,R_SIM,P_bal,mlp32,H,4.0,0.0,inner,True,,,paired,33.0,14.0,0.001,,,,
758,N1,R_SIM,P_bal,mlp32,H,4.0,1.0,inner,True,,,paired,33.0,14.0,0.001,,,,
759,N1,R_SIM,P_bal,mlp32,H,4.0,2.0,inner,True,,,paired,34.0,13.0,0.001,,,,
760,N1,R_SIM,P_bal,mlp32,H,4.0,,final,True,,,paired,47.0,0.0,0.001,,,,
761,N1,R_SIM,P_bal,mlp32,HP,4.0,0.0,inner,True,,,paired,33.0,14.0,0.001,,,,
762,N1,R_SIM,P_bal,mlp32,HP,4.0,1.0,inner,True,,,paired,33.0,14.0,0.001,,,,
763,N1,R_SIM,P_bal,mlp32,HP,4.0,2.0,inner,True,,,paired,34.0,13.0,0.001,,,,
764,N1,R_SIM,P_bal,mlp32,HP,4.0,,final,True,,,paired,47.0,0.0,0.001,,,,
765,N1,R_SIM,P_bal,mlp32,HB,4.0,0.0,inner,True,,,paired,33.0,14.0,0.001,,,,
766,N1,R_SIM,P_bal,mlp32,HB,4.0,1.0,inner,True,,,paired,33.0,14.0,0.001,,,,
767,N1,R_SIM,P_bal,mlp32,HB,4.0,2.0,inner,True,,,paired,34.0,13.0,0.001,,,,
768,N1,R_SIM,P_bal,mlp32,HB,4.0,,final,True,,,paired,47.0,0.0,0.001,,,,
769,N1,R_SIM,P_bal,mlp32,HPB,4.0,0.0,inner,True,,,paired,33.0,14.0,0.001,,,,
770,N1,R_SIM,P_bal,mlp32,HPB,4.0,1.0,inner,True,,,paired,33.0,14.0,0.001,,,,
771,N1,R_SIM,P_bal,mlp32,HPB,4.0,2.0,inner,True,,,paired,34.0,13.0,0.001,,,,
772,N1,R_SIM,P_bal,mlp32,HPB,4.0,,final,True,,,paired,47.0,0.0,0.001,,,,
773,N1,R_SIM,P_bal,mlp32,HPP,4.0,0.0,inner,True,,,paired,33.0,14.0,0.001,,,,
774,N1,R_SIM,P_bal,mlp32,HPP,4.0,1.0,inner,True,,,paired,33.0,14.0,0.001,,,,
775,N1,R_SIM,P_bal,mlp32,HPP,4.0,2.0,inner,True,,,paired,34.0,13.0,0.001,,,,
776,N1,R_SIM,P_bal,mlp32,HPP,4.0,,final,True,,,paired,47.0,0.0,0.001,,,,
777,N1,R_SIM,P_bal,mlp32,HPBnoise,4.0,0.0,inner,True,,,paired,33.0,14.0,0.001,,,,
778,N1,R_SIM,P_bal,mlp32,HPBnoise,4.0,1.0,inner,True,,,paired,33.0,14.0,0.001,,,,
779,N1,R_SIM,P_bal,mlp32,HPBnoise,4.0,2.0,inner,True,,,paired,34.0,13.0,0.001,,,,
780,N1,R_SIM,P_bal,mlp32,HPBnoise,4.0,,final,True,,,paired,47.0,0.0,0.001,,,,
781,N1,L0,P_nat,logistic,H,0.0,0.0,inner,False,,1.0,paired,33.0,14.0,,,,,
782,N1,L0,P_nat,logistic,H,0.0,1.0,inner,False,,1.0,paired,34.0,13.0,,,,,
783,N1,L0,P_nat,logistic,H,0.0,2.0,inner,False,,1.0,paired,34.0,13.0,,,,,
784,N1,L0,P_nat,logistic,H,0.0,,final,False,,1.0,paired,47.0,0.0,,,,,
785,N1,L0,P_nat,logistic,HP,0.0,0.0,inner,False,,1.0,paired,33.0,14.0,,,,,
786,N1,L0,P_nat,logistic,HP,0.0,1.0,inner,False,,1.0,paired,34.0,13.0,,,,,
787,N1,L0,P_nat,logistic,HP,0.0,2.0,inner,False,,1.0,paired,34.0,13.0,,,,,
788,N1,L0,P_nat,logistic,HP,0.0,,final,False,,1.0,paired,47.0,0.0,,,,,
789,N1,L0,P_nat,logistic,HB,0.0,0.0,inner,False,,1.0,paired,33.0,14.0,,,,,
790,N1,L0,P_nat,logistic,HB,0.0,1.0,inner,False,,1.0,paired,34.0,13.0,,,,,
791,N1,L0,P_nat,logistic,HB,0.0,2.0,inner,False,,1.0,paired,34.0,13.0,,,,,
792,N1,L0,P_nat,logistic,HB,0.0,,final,False,,1.0,paired,47.0,0.0,,,,,
793,N1,L0,P_nat,logistic,HPB,0.0,0.0,inner,False,,1.0,paired,33.0,14.0,,,,,
794,N1,L0,P_nat,logistic,HPB,0.0,1.0,inner,False,,1.0,paired,34.0,13.0,,,,,
795,N1,L0,P_nat,logistic,HPB,0.0,2.0,inner,False,,1.0,paired,34.0,13.0,,,,,
796,N1,L0,P_nat,logistic,HPB,0.0,,final,False,,1.0,paired,47.0,0.0,,,,,
797,N1,L0,P_nat,logistic,HPP,0.0,0.0,inner,False,,1.0,paired,33.0,14.0,,,,,
798,N1,L0,P_nat,logistic,HPP,0.0,1.0,inner,False,,1.0,paired,34.0,13.0,,,,,
799,N1,L0,P_nat,logistic,HPP,0.0,2.0,inner,False,,1.0,paired,34.0,13.0,,,,,
800,N1,L0,P_nat,logistic,HPP,0.0,,final,False,,1.0,paired,47.0,0.0,,,,,
801,N1,L0,P_nat,logistic,HPBnoise,0.0,0.0,inner,False,,1.0,paired,33.0,14.0,,,,,
802,N1,L0,P_nat,logistic,HPBnoise,0.0,1.0,inner,False,,1.0,paired,34.0,13.0,,,,,
803,N1,L0,P_nat,logistic,HPBnoise,0.0,2.0,inner,False,,1.0,paired,34.0,13.0,,,,,
804,N1,L0,P_nat,logistic,HPBnoise,0.0,,final,False,,1.0,paired,47.0,0.0,,,,,
805,N1,L0,P_bal,logistic,H,0.0,0.0,inner,False,,1.0,paired,33.0,14.0,,,,,
806,N1,L0,P_bal,logistic,H,0.0,1.0,inner,False,,1.0,paired,34.0,13.0,,,,,
807,N1,L0,P_bal,logistic,H,0.0,2.0,inner,False,,1.0,paired,34.0,13.0,,,,,
808,N1,L0,P_bal,logistic,H,0.0,,final,False,,1.0,paired,47.0,0.0,,,,,
809,N1,L0,P_bal,logistic,HP,0.0,0.0,inner,False,,1.0,paired,33.0,14.0,,,,,
810,N1,L0,P_bal,logistic,HP,0.0,1.0,inner,False,,1.0,paired,34.0,13.0,,,,,
811,N1,L0,P_bal,logistic,HP,0.0,2.0,inner,False,,1.0,paired,34.0,13.0,,,,,
812,N1,L0,P_bal,logistic,HP,0.0,,final,False,,1.0,paired,47.0,0.0,,,,,
813,N1,L0,P_bal,logistic,HB,0.0,0.0,inner,False,,1.0,paired,33.0,14.0,,,,,
814,N1,L0,P_bal,logistic,HB,0.0,1.0,inner,False,,1.0,paired,34.0,13.0,,,,,
815,N1,L0,P_bal,logistic,HB,0.0,2.0,inner,False,,1.0,paired,34.0,13.0,,,,,
816,N1,L0,P_bal,logistic,HB,0.0,,final,False,,1.0,paired,47.0,0.0,,,,,
817,N1,L0,P_bal,logistic,HPB,0.0,0.0,inner,False,,1.0,paired,33.0,14.0,,,,,
818,N1,L0,P_bal,logistic,HPB,0.0,1.0,inner,False,,1.0,paired,34.0,13.0,,,,,
819,N1,L0,P_bal,logistic,HPB,0.0,2.0,inner,False,,1.0,paired,34.0,13.0,,,,,
820,N1,L0,P_bal,logistic,HPB,0.0,,final,False,,1.0,paired,47.0,0.0,,,,,
821,N1,L0,P_bal,logistic,HPP,0.0,0.0,inner,False,,1.0,paired,33.0,14.0,,,,,
822,N1,L0,P_bal,logistic,HPP,0.0,1.0,inner,False,,1.0,paired,34.0,13.0,,,,,
823,N1,L0,P_bal,logistic,HPP,0.0,2.0,inner,False,,1.0,paired,34.0,13.0,,,,,
824,N1,L0,P_bal,logistic,HPP,0.0,,final,False,,1.0,paired,47.0,0.0,,,,,
825,N1,L0,P_bal,logistic,HPBnoise,0.0,0.0,inner,False,,1.0,paired,33.0,14.0,,,,,
826,N1,L0,P_bal,logistic,HPBnoise,0.0,1.0,inner,False,,1.0,paired,34.0,13.0,,,,,
827,N1,L0,P_bal,logistic,HPBnoise,0.0,2.0,inner,False,,1.0,paired,34.0,13.0,,,,,
828,N1,L0,P_bal,logistic,HPBnoise,0.0,,final,False,,1.0,paired,47.0,0.0,,,,,
829,N1,L0,P_nat,logistic,H,1.0,0.0,inner,False,,1.0,paired,33.0,14.0,,,,,
830,N1,L0,P_nat,logistic,H,1.0,1.0,inner,False,,1.0,paired,33.0,14.0,,,,,
831,N1,L0,P_nat,logistic,H,1.0,2.0,inner,False,,1.0,paired,34.0,13.0,,,,,
832,N1,L0,P_nat,logistic,H,1.0,,final,False,,1.0,paired,47.0,0.0,,,,,
833,N1,L0,P_nat,logistic,HP,1.0,0.0,inner,False,,1.0,paired,33.0,14.0,,,,,
834,N1,L0,P_nat,logistic,HP,1.0,1.0,inner,False,,1.0,paired,33.0,14.0,,,,,
835,N1,L0,P_nat,logistic,HP,1.0,2.0,inner,False,,1.0,paired,34.0,13.0,,,,,
836,N1,L0,P_nat,logistic,HP,1.0,,final,False,,1.0,paired,47.0,0.0,,,,,
837,N1,L0,P_nat,logistic,HB,1.0,0.0,inner,False,,1.0,paired,33.0,14.0,,,,,
838,N1,L0,P_nat,logistic,HB,1.0,1.0,inner,False,,1.0,paired,33.0,14.0,,,,,
839,N1,L0,P_nat,logistic,HB,1.0,2.0,inner,False,,1.0,paired,34.0,13.0,,,,,
840,N1,L0,P_nat,logistic,HB,1.0,,final,False,,1.0,paired,47.0,0.0,,,,,
841,N1,L0,P_nat,logistic,HPB,1.0,0.0,inner,False,,1.0,paired,33.0,14.0,,,,,
842,N1,L0,P_nat,logistic,HPB,1.0,1.0,inner,False,,1.0,paired,33.0,14.0,,,,,
843,N1,L0,P_nat,logistic,HPB,1.0,2.0,inner,False,,1.0,paired,34.0,13.0,,,,,
844,N1,L0,P_nat,logistic,HPB,1.0,,final,False,,1.0,paired,47.0,0.0,,,,,
845,N1,L0,P_nat,logistic,HPP,1.0,0.0,inner,False,,1.0,paired,33.0,14.0,,,,,
846,N1,L0,P_nat,logistic,HPP,1.0,1.0,inner,False,,1.0,paired,33.0,14.0,,,,,
847,N1,L0,P_nat,logistic,HPP,1.0,2.0,inner,False,,1.0,paired,34.0,13.0,,,,,
848,N1,L0,P_nat,logistic,HPP,1.0,,final,False,,1.0,paired,47.0,0.0,,,,,
849,N1,L0,P_nat,logistic,HPBnoise,1.0,0.0,inner,False,,1.0,paired,33.0,14.0,,,,,
850,N1,L0,P_nat,logistic,HPBnoise,1.0,1.0,inner,False,,1.0,paired,33.0,14.0,,,,,
851,N1,L0,P_nat,logistic,HPBnoise,1.0,2.0,inner,False,,1.0,paired,34.0,13.0,,,,,
852,N1,L0,P_nat,logistic,HPBnoise,1.0,,final,False,,1.0,paired,47.0,0.0,,,,,
853,N1,L0,P_bal,logistic,H,1.0,0.0,inner,False,,1.0,paired,33.0,14.0,,,,,
854,N1,L0,P_bal,logistic,H,1.0,1.0,inner,False,,1.0,paired,33.0,14.0,,,,,
855,N1,L0,P_bal,logistic,H,1.0,2.0,inner,False,,1.0,paired,34.0,13.0,,,,,
856,N1,L0,P_bal,logistic,H,1.0,,final,False,,1.0,paired,47.0,0.0,,,,,
857,N1,L0,P_bal,logistic,HP,1.0,0.0,inner,False,,1.0,paired,33.0,14.0,,,,,
858,N1,L0,P_bal,logistic,HP,1.0,1.0,inner,False,,1.0,paired,33.0,14.0,,,,,
859,N1,L0,P_bal,logistic,HP,1.0,2.0,inner,False,,1.0,paired,34.0,13.0,,,,,
860,N1,L0,P_bal,logistic,HP,1.0,,final,False,,1.0,paired,47.0,0.0,,,,,
861,N1,L0,P_bal,logistic,HB,1.0,0.0,inner,False,,1.0,paired,33.0,14.0,,,,,
862,N1,L0,P_bal,logistic,HB,1.0,1.0,inner,False,,1.0,paired,33.0,14.0,,,,,
863,N1,L0,P_bal,logistic,HB,1.0,2.0,inner,False,,1.0,paired,34.0,13.0,,,,,
864,N1,L0,P_bal,logistic,HB,1.0,,final,False,,1.0,paired,47.0,0.0,,,,,
865,N1,L0,P_bal,logistic,HPB,1.0,0.0,inner,False,,1.0,paired,33.0,14.0,,,,,
866,N1,L0,P_bal,logistic,HPB,1.0,1.0,inner,False,,1.0,paired,33.0,14.0,,,,,
867,N1,L0,P_bal,logistic,HPB,1.0,2.0,inner,False,,1.0,paired,34.0,13.0,,,,,
868,N1,L0,P_bal,logistic,HPB,1.0,,final,False,,1.0,paired,47.0,0.0,,,,,
869,N1,L0,P_bal,logistic,HPP,1.0,0.0,inner,False,,1.0,paired,33.0,14.0,,,,,
870,N1,L0,P_bal,logistic,HPP,1.0,1.0,inner,False,,1.0,paired,33.0,14.0,,,,,
871,N1,L0,P_bal,logistic,HPP,1.0,2.0,inner,False,,1.0,paired,34.0,13.0,,,,,
872,N1,L0,P_bal,logistic,HPP,1.0,,final,False,,1.0,paired,47.0,0.0,,,,,
873,N1,L0,P_bal,logistic,HPBnoise,1.0,0.0,inner,False,,1.0,paired,33.0,14.0,,,,,
874,N1,L0,P_bal,logistic,HPBnoise,1.0,1.0,inner,False,,1.0,paired,33.0,14.0,,,,,
875,N1,L0,P_bal,logistic,HPBnoise,1.0,2.0,inner,False,,1.0,paired,34.0,13.0,,,,,
876,N1,L0,P_bal,logistic,HPBnoise,1.0,,final,False,,1.0,paired,47.0,0.0,,,,,
877,N1,L0,P_nat,logistic,H,2.0,0.0,inner,False,,1.0,paired,34.0,14.0,,,,,
878,N1,L0,P_nat,logistic,H,2.0,1.0,inner,False,,1.0,paired,34.0,14.0,,,,,
879,N1,L0,P_nat,logistic,H,2.0,2.0,inner,False,,1.0,paired,35.0,13.0,,,,,
880,N1,L0,P_nat,logistic,H,2.0,,final,False,,1.0,paired,48.0,0.0,,,,,
881,N1,L0,P_nat,logistic,HP,2.0,0.0,inner,False,,1.0,paired,34.0,14.0,,,,,
882,N1,L0,P_nat,logistic,HP,2.0,1.0,inner,False,,1.0,paired,34.0,14.0,,,,,
883,N1,L0,P_nat,logistic,HP,2.0,2.0,inner,False,,1.0,paired,35.0,13.0,,,,,
884,N1,L0,P_nat,logistic,HP,2.0,,final,False,,1.0,paired,48.0,0.0,,,,,
885,N1,L0,P_nat,logistic,HB,2.0,0.0,inner,False,,1.0,paired,34.0,14.0,,,,,
886,N1,L0,P_nat,logistic,HB,2.0,1.0,inner,False,,1.0,paired,34.0,14.0,,,,,
887,N1,L0,P_nat,logistic,HB,2.0,2.0,inner,False,,1.0,paired,35.0,13.0,,,,,
888,N1,L0,P_nat,logistic,HB,2.0,,final,False,,1.0,paired,48.0,0.0,,,,,
889,N1,L0,P_nat,logistic,HPB,2.0,0.0,inner,False,,1.0,paired,34.0,14.0,,,,,
890,N1,L0,P_nat,logistic,HPB,2.0,1.0,inner,False,,1.0,paired,34.0,14.0,,,,,
891,N1,L0,P_nat,logistic,HPB,2.0,2.0,inner,False,,1.0,paired,35.0,13.0,,,,,
892,N1,L0,P_nat,logistic,HPB,2.0,,final,False,,1.0,paired,48.0,0.0,,,,,
893,N1,L0,P_nat,logistic,HPP,2.0,0.0,inner,False,,1.0,paired,34.0,14.0,,,,,
894,N1,L0,P_nat,logistic,HPP,2.0,1.0,inner,False,,1.0,paired,34.0,14.0,,,,,
895,N1,L0,P_nat,logistic,HPP,2.0,2.0,inner,False,,1.0,paired,35.0,13.0,,,,,
896,N1,L0,P_nat,logistic,HPP,2.0,,final,False,,1.0,paired,48.0,0.0,,,,,
897,N1,L0,P_nat,logistic,HPBnoise,2.0,0.0,inner,False,,1.0,paired,34.0,14.0,,,,,
898,N1,L0,P_nat,logistic,HPBnoise,2.0,1.0,inner,False,,1.0,paired,34.0,14.0,,,,,
899,N1,L0,P_nat,logistic,HPBnoise,2.0,2.0,inner,False,,1.0,paired,35.0,13.0,,,,,
900,N1,L0,P_nat,logistic,HPBnoise,2.0,,final,False,,1.0,paired,48.0,0.0,,,,,
901,N1,L0,P_bal,logistic,H,2.0,0.0,inner,False,,1.0,paired,34.0,14.0,,,,,
902,N1,L0,P_bal,logistic,H,2.0,1.0,inner,False,,1.0,paired,34.0,14.0,,,,,
903,N1,L0,P_bal,logistic,H,2.0,2.0,inner,False,,1.0,paired,35.0,13.0,,,,,
904,N1,L0,P_bal,logistic,H,2.0,,final,False,,1.0,paired,48.0,0.0,,,,,
905,N1,L0,P_bal,logistic,HP,2.0,0.0,inner,False,,1.0,paired,34.0,14.0,,,,,
906,N1,L0,P_bal,logistic,HP,2.0,1.0,inner,False,,1.0,paired,34.0,14.0,,,,,
907,N1,L0,P_bal,logistic,HP,2.0,2.0,inner,False,,1.0,paired,35.0,13.0,,,,,
908,N1,L0,P_bal,logistic,HP,2.0,,final,False,,1.0,paired,48.0,0.0,,,,,
909,N1,L0,P_bal,logistic,HB,2.0,0.0,inner,False,,1.0,paired,34.0,14.0,,,,,
910,N1,L0,P_bal,logistic,HB,2.0,1.0,inner,False,,1.0,paired,34.0,14.0,,,,,
911,N1,L0,P_bal,logistic,HB,2.0,2.0,inner,False,,1.0,paired,35.0,13.0,,,,,
912,N1,L0,P_bal,logistic,HB,2.0,,final,False,,1.0,paired,48.0,0.0,,,,,
913,N1,L0,P_bal,logistic,HPB,2.0,0.0,inner,False,,1.0,paired,34.0,14.0,,,,,
914,N1,L0,P_bal,logistic,HPB,2.0,1.0,inner,False,,1.0,paired,34.0,14.0,,,,,
915,N1,L0,P_bal,logistic,HPB,2.0,2.0,inner,False,,1.0,paired,35.0,13.0,,,,,
916,N1,L0,P_bal,logistic,HPB,2.0,,final,False,,1.0,paired,48.0,0.0,,,,,
917,N1,L0,P_bal,logistic,HPP,2.0,0.0,inner,False,,1.0,paired,34.0,14.0,,,,,
918,N1,L0,P_bal,logistic,HPP,2.0,1.0,inner,False,,1.0,paired,34.0,14.0,,,,,
919,N1,L0,P_bal,logistic,HPP,2.0,2.0,inner,False,,1.0,paired,35.0,13.0,,,,,
920,N1,L0,P_bal,logistic,HPP,2.0,,final,False,,1.0,paired,48.0,0.0,,,,,
921,N1,L0,P_bal,logistic,HPBnoise,2.0,0.0,inner,False,,1.0,paired,34.0,14.0,,,,,
922,N1,L0,P_bal,logistic,HPBnoise,2.0,1.0,inner,False,,1.0,paired,34.0,14.0,,,,,
923,N1,L0,P_bal,logistic,HPBnoise,2.0,2.0,inner,False,,1.0,paired,35.0,13.0,,,,,
924,N1,L0,P_bal,logistic,HPBnoise,2.0,,final,False,,1.0,paired,48.0,0.0,,,,,
925,N1,L0,P_nat,logistic,H,3.0,0.0,inner,False,,1.0,paired,33.0,14.0,,,,,
926,N1,L0,P_nat,logistic,H,3.0,1.0,inner,False,,1.0,paired,33.0,14.0,,,,,
927,N1,L0,P_nat,logistic,H,3.0,2.0,inner,False,,1.0,paired,34.0,13.0,,,,,
928,N1,L0,P_nat,logistic,H,3.0,,final,False,,1.0,paired,47.0,0.0,,,,,
929,N1,L0,P_nat,logistic,HP,3.0,0.0,inner,False,,1.0,paired,33.0,14.0,,,,,
930,N1,L0,P_nat,logistic,HP,3.0,1.0,inner,False,,1.0,paired,33.0,14.0,,,,,
931,N1,L0,P_nat,logistic,HP,3.0,2.0,inner,False,,1.0,paired,34.0,13.0,,,,,
932,N1,L0,P_nat,logistic,HP,3.0,,final,False,,1.0,paired,47.0,0.0,,,,,
933,N1,L0,P_nat,logistic,HB,3.0,0.0,inner,False,,1.0,paired,33.0,14.0,,,,,
934,N1,L0,P_nat,logistic,HB,3.0,1.0,inner,False,,1.0,paired,33.0,14.0,,,,,
935,N1,L0,P_nat,logistic,HB,3.0,2.0,inner,False,,1.0,paired,34.0,13.0,,,,,
936,N1,L0,P_nat,logistic,HB,3.0,,final,False,,1.0,paired,47.0,0.0,,,,,
937,N1,L0,P_nat,logistic,HPB,3.0,0.0,inner,False,,1.0,paired,33.0,14.0,,,,,
938,N1,L0,P_nat,logistic,HPB,3.0,1.0,inner,False,,1.0,paired,33.0,14.0,,,,,
939,N1,L0,P_nat,logistic,HPB,3.0,2.0,inner,False,,1.0,paired,34.0,13.0,,,,,
940,N1,L0,P_nat,logistic,HPB,3.0,,final,False,,1.0,paired,47.0,0.0,,,,,
941,N1,L0,P_nat,logistic,HPP,3.0,0.0,inner,False,,1.0,paired,33.0,14.0,,,,,
942,N1,L0,P_nat,logistic,HPP,3.0,1.0,inner,False,,1.0,paired,33.0,14.0,,,,,
943,N1,L0,P_nat,logistic,HPP,3.0,2.0,inner,False,,1.0,paired,34.0,13.0,,,,,
944,N1,L0,P_nat,logistic,HPP,3.0,,final,False,,1.0,paired,47.0,0.0,,,,,
945,N1,L0,P_nat,logistic,HPBnoise,3.0,0.0,inner,False,,1.0,paired,33.0,14.0,,,,,
946,N1,L0,P_nat,logistic,HPBnoise,3.0,1.0,inner,False,,1.0,paired,33.0,14.0,,,,,
947,N1,L0,P_nat,logistic,HPBnoise,3.0,2.0,inner,False,,1.0,paired,34.0,13.0,,,,,
948,N1,L0,P_nat,logistic,HPBnoise,3.0,,final,False,,1.0,paired,47.0,0.0,,,,,
949,N1,L0,P_bal,logistic,H,3.0,0.0,inner,False,,1.0,paired,33.0,14.0,,,,,
950,N1,L0,P_bal,logistic,H,3.0,1.0,inner,False,,1.0,paired,33.0,14.0,,,,,
951,N1,L0,P_bal,logistic,H,3.0,2.0,inner,False,,1.0,paired,34.0,13.0,,,,,
952,N1,L0,P_bal,logistic,H,3.0,,final,False,,1.0,paired,47.0,0.0,,,,,
953,N1,L0,P_bal,logistic,HP,3.0,0.0,inner,False,,1.0,paired,33.0,14.0,,,,,
954,N1,L0,P_bal,logistic,HP,3.0,1.0,inner,False,,1.0,paired,33.0,14.0,,,,,
955,N1,L0,P_bal,logistic,HP,3.0,2.0,inner,False,,1.0,paired,34.0,13.0,,,,,
956,N1,L0,P_bal,logistic,HP,3.0,,final,False,,1.0,paired,47.0,0.0,,,,,
957,N1,L0,P_bal,logistic,HB,3.0,0.0,inner,False,,1.0,paired,33.0,14.0,,,,,
958,N1,L0,P_bal,logistic,HB,3.0,1.0,inner,False,,1.0,paired,33.0,14.0,,,,,
959,N1,L0,P_bal,logistic,HB,3.0,2.0,inner,False,,1.0,paired,34.0,13.0,,,,,
960,N1,L0,P_bal,logistic,HB,3.0,,final,False,,1.0,paired,47.0,0.0,,,,,
961,N1,L0,P_bal,logistic,HPB,3.0,0.0,inner,False,,1.0,paired,33.0,14.0,,,,,
962,N1,L0,P_bal,logistic,HPB,3.0,1.0,inner,False,,1.0,paired,33.0,14.0,,,,,
963,N1,L0,P_bal,logistic,HPB,3.0,2.0,inner,False,,1.0,paired,34.0,13.0,,,,,
964,N1,L0,P_bal,logistic,HPB,3.0,,final,False,,1.0,paired,47.0,0.0,,,,,
965,N1,L0,P_bal,logistic,HPP,3.0,0.0,inner,False,,1.0,paired,33.0,14.0,,,,,
966,N1,L0,P_bal,logistic,HPP,3.0,1.0,inner,False,,1.0,paired,33.0,14.0,,,,,
967,N1,L0,P_bal,logistic,HPP,3.0,2.0,inner,False,,1.0,paired,34.0,13.0,,,,,
968,N1,L0,P_bal,logistic,HPP,3.0,,final,False,,1.0,paired,47.0,0.0,,,,,
969,N1,L0,P_bal,logistic,HPBnoise,3.0,0.0,inner,False,,1.0,paired,33.0,14.0,,,,,
970,N1,L0,P_bal,logistic,HPBnoise,3.0,1.0,inner,False,,1.0,paired,33.0,14.0,,,,,
971,N1,L0,P_bal,logistic,HPBnoise,3.0,2.0,inner,False,,1.0,paired,34.0,13.0,,,,,
972,N1,L0,P_bal,logistic,HPBnoise,3.0,,final,False,,1.0,paired,47.0,0.0,,,,,
973,N1,L0,P_nat,logistic,H,4.0,0.0,inner,False,,1.0,paired,33.0,14.0,,,,,
974,N1,L0,P_nat,logistic,H,4.0,1.0,inner,False,,1.0,paired,33.0,14.0,,,,,
975,N1,L0,P_nat,logistic,H,4.0,2.0,inner,False,,1.0,paired,34.0,13.0,,,,,
976,N1,L0,P_nat,logistic,H,4.0,,final,False,,1.0,paired,47.0,0.0,,,,,
977,N1,L0,P_nat,logistic,HP,4.0,0.0,inner,False,,1.0,paired,33.0,14.0,,,,,
978,N1,L0,P_nat,logistic,HP,4.0,1.0,inner,False,,1.0,paired,33.0,14.0,,,,,
979,N1,L0,P_nat,logistic,HP,4.0,2.0,inner,False,,1.0,paired,34.0,13.0,,,,,
980,N1,L0,P_nat,logistic,HP,4.0,,final,False,,1.0,paired,47.0,0.0,,,,,
981,N1,L0,P_nat,logistic,HB,4.0,0.0,inner,False,,1.0,paired,33.0,14.0,,,,,
982,N1,L0,P_nat,logistic,HB,4.0,1.0,inner,False,,1.0,paired,33.0,14.0,,,,,
983,N1,L0,P_nat,logistic,HB,4.0,2.0,inner,False,,1.0,paired,34.0,13.0,,,,,
984,N1,L0,P_nat,logistic,HB,4.0,,final,False,,1.0,paired,47.0,0.0,,,,,
985,N1,L0,P_nat,logistic,HPB,4.0,0.0,inner,False,,1.0,paired,33.0,14.0,,,,,
986,N1,L0,P_nat,logistic,HPB,4.0,1.0,inner,False,,1.0,paired,33.0,14.0,,,,,
987,N1,L0,P_nat,logistic,HPB,4.0,2.0,inner,False,,1.0,paired,34.0,13.0,,,,,
988,N1,L0,P_nat,logistic,HPB,4.0,,final,False,,1.0,paired,47.0,0.0,,,,,
989,N1,L0,P_nat,logistic,HPP,4.0,0.0,inner,False,,1.0,paired,33.0,14.0,,,,,
990,N1,L0,P_nat,logistic,HPP,4.0,1.0,inner,False,,1.0,paired,33.0,14.0,,,,,
991,N1,L0,P_nat,logistic,HPP,4.0,2.0,inner,False,,1.0,paired,34.0,13.0,,,,,
992,N1,L0,P_nat,logistic,HPP,4.0,,final,False,,1.0,paired,47.0,0.0,,,,,
993,N1,L0,P_nat,logistic,HPBnoise,4.0,0.0,inner,False,,1.0,paired,33.0,14.0,,,,,
994,N1,L0,P_nat,logistic,HPBnoise,4.0,1.0,inner,False,,1.0,paired,33.0,14.0,,,,,
995,N1,L0,P_nat,logistic,HPBnoise,4.0,2.0,inner,False,,1.0,paired,34.0,13.0,,,,,
996,N1,L0,P_nat,logistic,HPBnoise,4.0,,final,False,,1.0,paired,47.0,0.0,,,,,
997,N1,L0,P_bal,logistic,H,4.0,0.0,inner,False,,1.0,paired,33.0,14.0,,,,,
998,N1,L0,P_bal,logistic,H,4.0,1.0,inner,False,,1.0,paired,33.0,14.0,,,,,
999,N1,L0,P_bal,logistic,H,4.0,2.0,inner,False,,1.0,paired,34.0,13.0,,,,,
1000,N1,L0,P_bal,logistic,H,4.0,,final,False,,1.0,paired,47.0,0.0,,,,,
1001,N1,L0,P_bal,logistic,HP,4.0,0.0,inner,False,,1.0,paired,33.0,14.0,,,,,
1002,N1,L0,P_bal,logistic,HP,4.0,1.0,inner,False,,1.0,paired,33.0,14.0,,,,,
1003,N1,L0,P_bal,logistic,HP,4.0,2.0,inner,False,,1.0,paired,34.0,13.0,,,,,
1004,N1,L0,P_bal,logistic,HP,4.0,,final,False,,1.0,paired,47.0,0.0,,,,,
1005,N1,L0,P_bal,logistic,HB,4.0,0.0,inner,False,,1.0,paired,33.0,14.0,,,,,
1006,N1,L0,P_bal,logistic,HB,4.0,1.0,inner,False,,1.0,paired,33.0,14.0,,,,,
1007,N1,L0,P_bal,logistic,HB,4.0,2.0,inner,False,,1.0,paired,34.0,13.0,,,,,
1008,N1,L0,P_bal,logistic,HB,4.0,,final,False,,1.0,paired,47.0,0.0,,,,,
1009,N1,L0,P_bal,logistic,HPB,4.0,0.0,inner,False,,1.0,paired,33.0,14.0,,,,,
1010,N1,L0,P_bal,logistic,HPB,4.0,1.0,inner,False,,1.0,paired,33.0,14.0,,,,,
1011,N1,L0,P_bal,logistic,HPB,4.0,2.0,inner,False,,1.0,paired,34.0,13.0,,,,,
1012,N1,L0,P_bal,logistic,HPB,4.0,,final,False,,1.0,paired,47.0,0.0,,,,,
1013,N1,L0,P_bal,logistic,HPP,4.0,0.0,inner,False,,1.0,paired,33.0,14.0,,,,,
1014,N1,L0,P_bal,logistic,HPP,4.0,1.0,inner,False,,1.0,paired,33.0,14.0,,,,,
1015,N1,L0,P_bal,logistic,HPP,4.0,2.0,inner,False,,1.0,paired,34.0,13.0,,,,,
1016,N1,L0,P_bal,logistic,HPP,4.0,,final,False,,1.0,paired,47.0,0.0,,,,,
1017,N1,L0,P_bal,logistic,HPBnoise,4.0,0.0,inner,False,,1.0,paired,33.0,14.0,,,,,
1018,N1,L0,P_bal,logistic,HPBnoise,4.0,1.0,inner,False,,1.0,paired,33.0,14.0,,,,,
1019,N1,L0,P_bal,logistic,HPBnoise,4.0,2.0,inner,False,,1.0,paired,34.0,13.0,,,,,
1020,N1,L0,P_bal,logistic,HPBnoise,4.0,,final,False,,1.0,paired,47.0,0.0,,,,,
1021,N2,R_SIM,P_bal,logistic,H,0.0,0.0,inner,False,,1.0,post,32.0,13.0,,,,,
1022,N2,R_SIM,P_bal,logistic,H,0.0,1.0,inner,False,,1.0,post,32.0,13.0,,,,,
1023,N2,R_SIM,P_bal,logistic,H,0.0,2.0,inner,False,,1.0,post,32.0,13.0,,,,,
1024,N2,R_SIM,P_bal,logistic,H,0.0,,final,False,,1.0,post,45.0,0.0,,,,,
1025,N2,R_SIM,P_bal,logistic,HMU,0.0,0.0,inner,False,,1.0,post,32.0,13.0,,,,,
1026,N2,R_SIM,P_bal,logistic,HMU,0.0,1.0,inner,False,,1.0,post,32.0,13.0,,,,,
1027,N2,R_SIM,P_bal,logistic,HMU,0.0,2.0,inner,False,,1.0,post,32.0,13.0,,,,,
1028,N2,R_SIM,P_bal,logistic,HMU,0.0,,final,False,,1.0,post,45.0,0.0,,,,,
1029,N2,R_SIM,P_bal,logistic,HMUVAR,0.0,0.0,inner,False,,1.0,post,32.0,13.0,,,,,
1030,N2,R_SIM,P_bal,logistic,HMUVAR,0.0,1.0,inner,False,,1.0,post,32.0,13.0,,,,,
1031,N2,R_SIM,P_bal,logistic,HMUVAR,0.0,2.0,inner,False,,1.0,post,32.0,13.0,,,,,
1032,N2,R_SIM,P_bal,logistic,HMUVAR,0.0,,final,False,,1.0,post,45.0,0.0,,,,,
1033,N2,R_SIM,P_bal,logistic,HMUMU,0.0,0.0,inner,False,,1.0,post,32.0,13.0,,,,,
1034,N2,R_SIM,P_bal,logistic,HMUMU,0.0,1.0,inner,False,,1.0,post,32.0,13.0,,,,,
1035,N2,R_SIM,P_bal,logistic,HMUMU,0.0,2.0,inner,False,,1.0,post,32.0,13.0,,,,,
1036,N2,R_SIM,P_bal,logistic,HMUMU,0.0,,final,False,,1.0,post,45.0,0.0,,,,,
1037,N2,R_SIM,P_bal,logistic,HVAR,0.0,0.0,inner,False,,1.0,post,32.0,13.0,,,,,
1038,N2,R_SIM,P_bal,logistic,HVAR,0.0,1.0,inner,False,,1.0,post,32.0,13.0,,,,,
1039,N2,R_SIM,P_bal,logistic,HVAR,0.0,2.0,inner,False,,1.0,post,32.0,13.0,,,,,
1040,N2,R_SIM,P_bal,logistic,HVAR,0.0,,final,False,,1.0,post,45.0,0.0,,,,,
1041,N2,R_SIM,P_bal,logistic,HRFF,0.0,0.0,inner,False,,1.0,post,32.0,13.0,,,,,
1042,N2,R_SIM,P_bal,logistic,HRFF,0.0,1.0,inner,False,,1.0,post,32.0,13.0,,,,,
1043,N2,R_SIM,P_bal,logistic,HRFF,0.0,2.0,inner,False,,1.0,post,32.0,13.0,,,,,
1044,N2,R_SIM,P_bal,logistic,HRFF,0.0,,final,False,,1.0,post,45.0,0.0,,,,,
1045,N2,R_SIM,P_bal,mlp32,H,0.0,0.0,inner,True,,,post,32.0,13.0,0.001,,,,
1046,N2,R_SIM,P_bal,mlp32,H,0.0,1.0,inner,True,,,post,32.0,13.0,0.001,,,,
1047,N2,R_SIM,P_bal,mlp32,H,0.0,2.0,inner,True,,,post,32.0,13.0,0.001,,,,
1048,N2,R_SIM,P_bal,mlp32,H,0.0,,final,True,,,post,45.0,0.0,0.001,,,,
1049,N2,R_SIM,P_bal,mlp32,HMU,0.0,0.0,inner,True,,,post,32.0,13.0,0.001,,,,
1050,N2,R_SIM,P_bal,mlp32,HMU,0.0,1.0,inner,True,,,post,32.0,13.0,0.001,,,,
1051,N2,R_SIM,P_bal,mlp32,HMU,0.0,2.0,inner,True,,,post,32.0,13.0,0.001,,,,
1052,N2,R_SIM,P_bal,mlp32,HMU,0.0,,final,True,,,post,45.0,0.0,0.001,,,,
1053,N2,R_SIM,P_bal,mlp32,HMUVAR,0.0,0.0,inner,True,,,post,32.0,13.0,0.001,,,,
1054,N2,R_SIM,P_bal,mlp32,HMUVAR,0.0,1.0,inner,True,,,post,32.0,13.0,0.001,,,,
1055,N2,R_SIM,P_bal,mlp32,HMUVAR,0.0,2.0,inner,True,,,post,32.0,13.0,0.001,,,,
1056,N2,R_SIM,P_bal,mlp32,HMUVAR,0.0,,final,True,,,post,45.0,0.0,0.001,,,,
1057,N2,R_SIM,P_bal,mlp32,HMUMU,0.0,0.0,inner,True,,,post,32.0,13.0,0.001,,,,
1058,N2,R_SIM,P_bal,mlp32,HMUMU,0.0,1.0,inner,True,,,post,32.0,13.0,0.001,,,,
1059,N2,R_SIM,P_bal,mlp32,HMUMU,0.0,2.0,inner,True,,,post,32.0,13.0,0.001,,,,
1060,N2,R_SIM,P_bal,mlp32,HMUMU,0.0,,final,True,,,post,45.0,0.0,0.001,,,,
1061,N2,R_SIM,P_bal,mlp32,HVAR,0.0,0.0,inner,True,,,post,32.0,13.0,0.001,,,,
1062,N2,R_SIM,P_bal,mlp32,HVAR,0.0,1.0,inner,True,,,post,32.0,13.0,0.001,,,,
1063,N2,R_SIM,P_bal,mlp32,HVAR,0.0,2.0,inner,True,,,post,32.0,13.0,0.001,,,,
1064,N2,R_SIM,P_bal,mlp32,HVAR,0.0,,final,True,,,post,45.0,0.0,0.001,,,,
1065,N2,R_SIM,P_bal,mlp32,HRFF,0.0,0.0,inner,True,,,post,32.0,13.0,0.001,,,,
1066,N2,R_SIM,P_bal,mlp32,HRFF,0.0,1.0,inner,True,,,post,32.0,13.0,0.001,,,,
1067,N2,R_SIM,P_bal,mlp32,HRFF,0.0,2.0,inner,True,,,post,32.0,13.0,0.001,,,,
1068,N2,R_SIM,P_bal,mlp32,HRFF,0.0,,final,True,,,post,45.0,0.0,0.001,,,,
1069,N2,R_SIM,P_bal,logistic,H,0.0,0.0,inner,False,,1.0,pre,32.0,13.0,,,,,
1070,N2,R_SIM,P_bal,logistic,H,0.0,1.0,inner,False,,1.0,pre,32.0,13.0,,,,,
1071,N2,R_SIM,P_bal,logistic,H,0.0,2.0,inner,False,,1.0,pre,32.0,13.0,,,,,
1072,N2,R_SIM,P_bal,logistic,H,0.0,,final,False,,1.0,pre,45.0,0.0,,,,,
1073,N2,R_SIM,P_bal,logistic,HMU,0.0,0.0,inner,False,,1.0,pre,32.0,13.0,,,,,
1074,N2,R_SIM,P_bal,logistic,HMU,0.0,1.0,inner,False,,1.0,pre,32.0,13.0,,,,,
1075,N2,R_SIM,P_bal,logistic,HMU,0.0,2.0,inner,False,,1.0,pre,32.0,13.0,,,,,
1076,N2,R_SIM,P_bal,logistic,HMU,0.0,,final,False,,1.0,pre,45.0,0.0,,,,,
1077,N2,R_SIM,P_bal,logistic,HMUVAR,0.0,0.0,inner,False,,1.0,pre,32.0,13.0,,,,,
1078,N2,R_SIM,P_bal,logistic,HMUVAR,0.0,1.0,inner,False,,1.0,pre,32.0,13.0,,,,,
1079,N2,R_SIM,P_bal,logistic,HMUVAR,0.0,2.0,inner,False,,1.0,pre,32.0,13.0,,,,,
1080,N2,R_SIM,P_bal,logistic,HMUVAR,0.0,,final,False,,1.0,pre,45.0,0.0,,,,,
1081,N2,R_SIM,P_bal,logistic,HMUMU,0.0,0.0,inner,False,,1.0,pre,32.0,13.0,,,,,
1082,N2,R_SIM,P_bal,logistic,HMUMU,0.0,1.0,inner,False,,1.0,pre,32.0,13.0,,,,,
1083,N2,R_SIM,P_bal,logistic,HMUMU,0.0,2.0,inner,False,,1.0,pre,32.0,13.0,,,,,
1084,N2,R_SIM,P_bal,logistic,HMUMU,0.0,,final,False,,1.0,pre,45.0,0.0,,,,,
1085,N2,R_SIM,P_bal,logistic,HVAR,0.0,0.0,inner,False,,1.0,pre,32.0,13.0,,,,,
1086,N2,R_SIM,P_bal,logistic,HVAR,0.0,1.0,inner,False,,1.0,pre,32.0,13.0,,,,,
1087,N2,R_SIM,P_bal,logistic,HVAR,0.0,2.0,inner,False,,1.0,pre,32.0,13.0,,,,,
1088,N2,R_SIM,P_bal,logistic,HVAR,0.0,,final,False,,1.0,pre,45.0,0.0,,,,,
1089,N2,R_SIM,P_bal,logistic,HRFF,0.0,0.0,inner,False,,1.0,pre,32.0,13.0,,,,,
1090,N2,R_SIM,P_bal,logistic,HRFF,0.0,1.0,inner,False,,1.0,pre,32.0,13.0,,,,,
1091,N2,R_SIM,P_bal,logistic,HRFF,0.0,2.0,inner,False,,1.0,pre,32.0,13.0,,,,,
1092,N2,R_SIM,P_bal,logistic,HRFF,0.0,,final,False,,1.0,pre,45.0,0.0,,,,,
1093,N2,R_SIM,P_bal,mlp32,H,0.0,0.0,inner,True,,,pre,32.0,13.0,0.001,,,,
1094,N2,R_SIM,P_bal,mlp32,H,0.0,1.0,inner,True,,,pre,32.0,13.0,0.001,,,,
1095,N2,R_SIM,P_bal,mlp32,H,0.0,2.0,inner,True,,,pre,32.0,13.0,0.001,,,,
1096,N2,R_SIM,P_bal,mlp32,H,0.0,,final,True,,,pre,45.0,0.0,0.001,,,,
1097,N2,R_SIM,P_bal,mlp32,HMU,0.0,0.0,inner,True,,,pre,32.0,13.0,0.001,,,,
1098,N2,R_SIM,P_bal,mlp32,HMU,0.0,1.0,inner,True,,,pre,32.0,13.0,0.001,,,,
1099,N2,R_SIM,P_bal,mlp32,HMU,0.0,2.0,inner,True,,,pre,32.0,13.0,0.001,,,,
1100,N2,R_SIM,P_bal,mlp32,HMU,0.0,,final,True,,,pre,45.0,0.0,0.001,,,,
1101,N2,R_SIM,P_bal,mlp32,HMUVAR,0.0,0.0,inner,True,,,pre,32.0,13.0,0.001,,,,
1102,N2,R_SIM,P_bal,mlp32,HMUVAR,0.0,1.0,inner,True,,,pre,32.0,13.0,0.001,,,,
1103,N2,R_SIM,P_bal,mlp32,HMUVAR,0.0,2.0,inner,True,,,pre,32.0,13.0,0.001,,,,
1104,N2,R_SIM,P_bal,mlp32,HMUVAR,0.0,,final,True,,,pre,45.0,0.0,0.001,,,,
1105,N2,R_SIM,P_bal,mlp32,HMUMU,0.0,0.0,inner,True,,,pre,32.0,13.0,0.001,,,,
1106,N2,R_SIM,P_bal,mlp32,HMUMU,0.0,1.0,inner,True,,,pre,32.0,13.0,0.001,,,,
1107,N2,R_SIM,P_bal,mlp32,HMUMU,0.0,2.0,inner,True,,,pre,32.0,13.0,0.001,,,,
1108,N2,R_SIM,P_bal,mlp32,HMUMU,0.0,,final,True,,,pre,45.0,0.0,0.001,,,,
1109,N2,R_SIM,P_bal,mlp32,HVAR,0.0,0.0,inner,True,,,pre,32.0,13.0,0.001,,,,
1110,N2,R_SIM,P_bal,mlp32,HVAR,0.0,1.0,inner,True,,,pre,32.0,13.0,0.001,,,,
1111,N2,R_SIM,P_bal,mlp32,HVAR,0.0,2.0,inner,True,,,pre,32.0,13.0,0.001,,,,
1112,N2,R_SIM,P_bal,mlp32,HVAR,0.0,,final,True,,,pre,45.0,0.0,0.001,,,,
1113,N2,R_SIM,P_bal,mlp32,HRFF,0.0,0.0,inner,True,,,pre,32.0,13.0,0.001,,,,
1114,N2,R_SIM,P_bal,mlp32,HRFF,0.0,1.0,inner,True,,,pre,32.0,13.0,0.001,,,,
1115,N2,R_SIM,P_bal,mlp32,HRFF,0.0,2.0,inner,True,,,pre,32.0,13.0,0.001,,,,
1116,N2,R_SIM,P_bal,mlp32,HRFF,0.0,,final,True,,,pre,45.0,0.0,0.001,,,,
1117,N2,R_SIM,P_bal,logistic,H,1.0,0.0,inner,False,,1.0,post,32.0,14.0,,,,,
1118,N2,R_SIM,P_bal,logistic,H,1.0,1.0,inner,False,,1.0,post,32.0,14.0,,,,,
1119,N2,R_SIM,P_bal,logistic,H,1.0,2.0,inner,False,,1.0,post,34.0,12.0,,,,,
1120,N2,R_SIM,P_bal,logistic,H,1.0,,final,False,,1.0,post,46.0,0.0,,,,,
1121,N2,R_SIM,P_bal,logistic,HMU,1.0,0.0,inner,False,,1.0,post,32.0,14.0,,,,,
1122,N2,R_SIM,P_bal,logistic,HMU,1.0,1.0,inner,False,,1.0,post,32.0,14.0,,,,,
1123,N2,R_SIM,P_bal,logistic,HMU,1.0,2.0,inner,False,,1.0,post,34.0,12.0,,,,,
1124,N2,R_SIM,P_bal,logistic,HMU,1.0,,final,False,,1.0,post,46.0,0.0,,,,,
1125,N2,R_SIM,P_bal,logistic,HMUVAR,1.0,0.0,inner,False,,1.0,post,32.0,14.0,,,,,
1126,N2,R_SIM,P_bal,logistic,HMUVAR,1.0,1.0,inner,False,,1.0,post,32.0,14.0,,,,,
1127,N2,R_SIM,P_bal,logistic,HMUVAR,1.0,2.0,inner,False,,1.0,post,34.0,12.0,,,,,
1128,N2,R_SIM,P_bal,logistic,HMUVAR,1.0,,final,False,,1.0,post,46.0,0.0,,,,,
1129,N2,R_SIM,P_bal,logistic,HMUMU,1.0,0.0,inner,False,,1.0,post,32.0,14.0,,,,,
1130,N2,R_SIM,P_bal,logistic,HMUMU,1.0,1.0,inner,False,,1.0,post,32.0,14.0,,,,,
1131,N2,R_SIM,P_bal,logistic,HMUMU,1.0,2.0,inner,False,,1.0,post,34.0,12.0,,,,,
1132,N2,R_SIM,P_bal,logistic,HMUMU,1.0,,final,False,,1.0,post,46.0,0.0,,,,,
1133,N2,R_SIM,P_bal,logistic,HVAR,1.0,0.0,inner,False,,1.0,post,32.0,14.0,,,,,
1134,N2,R_SIM,P_bal,logistic,HVAR,1.0,1.0,inner,False,,1.0,post,32.0,14.0,,,,,
1135,N2,R_SIM,P_bal,logistic,HVAR,1.0,2.0,inner,False,,1.0,post,34.0,12.0,,,,,
1136,N2,R_SIM,P_bal,logistic,HVAR,1.0,,final,False,,1.0,post,46.0,0.0,,,,,
1137,N2,R_SIM,P_bal,logistic,HRFF,1.0,0.0,inner,False,,1.0,post,32.0,14.0,,,,,
1138,N2,R_SIM,P_bal,logistic,HRFF,1.0,1.0,inner,False,,1.0,post,32.0,14.0,,,,,
1139,N2,R_SIM,P_bal,logistic,HRFF,1.0,2.0,inner,False,,1.0,post,34.0,12.0,,,,,
1140,N2,R_SIM,P_bal,logistic,HRFF,1.0,,final,False,,1.0,post,46.0,0.0,,,,,
1141,N2,R_SIM,P_bal,mlp32,H,1.0,0.0,inner,True,,,post,32.0,14.0,0.001,,,,
1142,N2,R_SIM,P_bal,mlp32,H,1.0,1.0,inner,True,,,post,32.0,14.0,0.001,,,,
1143,N2,R_SIM,P_bal,mlp32,H,1.0,2.0,inner,True,,,post,34.0,12.0,0.001,,,,
1144,N2,R_SIM,P_bal,mlp32,H,1.0,,final,True,,,post,46.0,0.0,0.001,,,,
1145,N2,R_SIM,P_bal,mlp32,HMU,1.0,0.0,inner,True,,,post,32.0,14.0,0.001,,,,
1146,N2,R_SIM,P_bal,mlp32,HMU,1.0,1.0,inner,True,,,post,32.0,14.0,0.001,,,,
1147,N2,R_SIM,P_bal,mlp32,HMU,1.0,2.0,inner,True,,,post,34.0,12.0,0.001,,,,
1148,N2,R_SIM,P_bal,mlp32,HMU,1.0,,final,True,,,post,46.0,0.0,0.001,,,,
1149,N2,R_SIM,P_bal,mlp32,HMUVAR,1.0,0.0,inner,True,,,post,32.0,14.0,0.001,,,,
1150,N2,R_SIM,P_bal,mlp32,HMUVAR,1.0,1.0,inner,True,,,post,32.0,14.0,0.001,,,,
1151,N2,R_SIM,P_bal,mlp32,HMUVAR,1.0,2.0,inner,True,,,post,34.0,12.0,0.001,,,,
1152,N2,R_SIM,P_bal,mlp32,HMUVAR,1.0,,final,True,,,post,46.0,0.0,0.001,,,,
1153,N2,R_SIM,P_bal,mlp32,HMUMU,1.0,0.0,inner,True,,,post,32.0,14.0,0.001,,,,
1154,N2,R_SIM,P_bal,mlp32,HMUMU,1.0,1.0,inner,True,,,post,32.0,14.0,0.001,,,,
1155,N2,R_SIM,P_bal,mlp32,HMUMU,1.0,2.0,inner,True,,,post,34.0,12.0,0.001,,,,
1156,N2,R_SIM,P_bal,mlp32,HMUMU,1.0,,final,True,,,post,46.0,0.0,0.001,,,,
1157,N2,R_SIM,P_bal,mlp32,HVAR,1.0,0.0,inner,True,,,post,32.0,14.0,0.001,,,,
1158,N2,R_SIM,P_bal,mlp32,HVAR,1.0,1.0,inner,True,,,post,32.0,14.0,0.001,,,,
1159,N2,R_SIM,P_bal,mlp32,HVAR,1.0,2.0,inner,True,,,post,34.0,12.0,0.001,,,,
1160,N2,R_SIM,P_bal,mlp32,HVAR,1.0,,final,True,,,post,46.0,0.0,0.001,,,,
1161,N2,R_SIM,P_bal,mlp32,HRFF,1.0,0.0,inner,True,,,post,32.0,14.0,0.001,,,,
1162,N2,R_SIM,P_bal,mlp32,HRFF,1.0,1.0,inner,True,,,post,32.0,14.0,0.001,,,,
1163,N2,R_SIM,P_bal,mlp32,HRFF,1.0,2.0,inner,True,,,post,34.0,12.0,0.001,,,,
1164,N2,R_SIM,P_bal,mlp32,HRFF,1.0,,final,True,,,post,46.0,0.0,0.001,,,,
1165,N2,R_SIM,P_bal,logistic,H,1.0,0.0,inner,False,,1.0,pre,32.0,14.0,,,,,
1166,N2,R_SIM,P_bal,logistic,H,1.0,1.0,inner,False,,1.0,pre,32.0,14.0,,,,,
1167,N2,R_SIM,P_bal,logistic,H,1.0,2.0,inner,False,,1.0,pre,34.0,12.0,,,,,
1168,N2,R_SIM,P_bal,logistic,H,1.0,,final,False,,1.0,pre,46.0,0.0,,,,,
1169,N2,R_SIM,P_bal,logistic,HMU,1.0,0.0,inner,False,,1.0,pre,32.0,14.0,,,,,
1170,N2,R_SIM,P_bal,logistic,HMU,1.0,1.0,inner,False,,1.0,pre,32.0,14.0,,,,,
1171,N2,R_SIM,P_bal,logistic,HMU,1.0,2.0,inner,False,,1.0,pre,34.0,12.0,,,,,
1172,N2,R_SIM,P_bal,logistic,HMU,1.0,,final,False,,1.0,pre,46.0,0.0,,,,,
1173,N2,R_SIM,P_bal,logistic,HMUVAR,1.0,0.0,inner,False,,1.0,pre,32.0,14.0,,,,,
1174,N2,R_SIM,P_bal,logistic,HMUVAR,1.0,1.0,inner,False,,1.0,pre,32.0,14.0,,,,,
1175,N2,R_SIM,P_bal,logistic,HMUVAR,1.0,2.0,inner,False,,1.0,pre,34.0,12.0,,,,,
1176,N2,R_SIM,P_bal,logistic,HMUVAR,1.0,,final,False,,1.0,pre,46.0,0.0,,,,,
1177,N2,R_SIM,P_bal,logistic,HMUMU,1.0,0.0,inner,False,,1.0,pre,32.0,14.0,,,,,
1178,N2,R_SIM,P_bal,logistic,HMUMU,1.0,1.0,inner,False,,1.0,pre,32.0,14.0,,,,,
1179,N2,R_SIM,P_bal,logistic,HMUMU,1.0,2.0,inner,False,,1.0,pre,34.0,12.0,,,,,
1180,N2,R_SIM,P_bal,logistic,HMUMU,1.0,,final,False,,1.0,pre,46.0,0.0,,,,,
1181,N2,R_SIM,P_bal,logistic,HVAR,1.0,0.0,inner,False,,1.0,pre,32.0,14.0,,,,,
1182,N2,R_SIM,P_bal,logistic,HVAR,1.0,1.0,inner,False,,1.0,pre,32.0,14.0,,,,,
1183,N2,R_SIM,P_bal,logistic,HVAR,1.0,2.0,inner,False,,1.0,pre,34.0,12.0,,,,,
1184,N2,R_SIM,P_bal,logistic,HVAR,1.0,,final,False,,1.0,pre,46.0,0.0,,,,,
1185,N2,R_SIM,P_bal,logistic,HRFF,1.0,0.0,inner,False,,1.0,pre,32.0,14.0,,,,,
1186,N2,R_SIM,P_bal,logistic,HRFF,1.0,1.0,inner,False,,1.0,pre,32.0,14.0,,,,,
1187,N2,R_SIM,P_bal,logistic,HRFF,1.0,2.0,inner,False,,1.0,pre,34.0,12.0,,,,,
1188,N2,R_SIM,P_bal,logistic,HRFF,1.0,,final,False,,1.0,pre,46.0,0.0,,,,,
1189,N2,R_SIM,P_bal,mlp32,H,1.0,0.0,inner,True,,,pre,32.0,14.0,0.001,,,,
1190,N2,R_SIM,P_bal,mlp32,H,1.0,1.0,inner,True,,,pre,32.0,14.0,0.001,,,,
1191,N2,R_SIM,P_bal,mlp32,H,1.0,2.0,inner,True,,,pre,34.0,12.0,0.001,,,,
1192,N2,R_SIM,P_bal,mlp32,H,1.0,,final,True,,,pre,46.0,0.0,0.001,,,,
1193,N2,R_SIM,P_bal,mlp32,HMU,1.0,0.0,inner,True,,,pre,32.0,14.0,0.001,,,,
1194,N2,R_SIM,P_bal,mlp32,HMU,1.0,1.0,inner,True,,,pre,32.0,14.0,0.001,,,,
1195,N2,R_SIM,P_bal,mlp32,HMU,1.0,2.0,inner,True,,,pre,34.0,12.0,0.001,,,,
1196,N2,R_SIM,P_bal,mlp32,HMU,1.0,,final,True,,,pre,46.0,0.0,0.001,,,,
1197,N2,R_SIM,P_bal,mlp32,HMUVAR,1.0,0.0,inner,True,,,pre,32.0,14.0,0.001,,,,
1198,N2,R_SIM,P_bal,mlp32,HMUVAR,1.0,1.0,inner,True,,,pre,32.0,14.0,0.001,,,,
1199,N2,R_SIM,P_bal,mlp32,HMUVAR,1.0,2.0,inner,True,,,pre,34.0,12.0,0.001,,,,
1200,N2,R_SIM,P_bal,mlp32,HMUVAR,1.0,,final,True,,,pre,46.0,0.0,0.001,,,,
1201,N2,R_SIM,P_bal,mlp32,HMUMU,1.0,0.0,inner,True,,,pre,32.0,14.0,0.001,,,,
1202,N2,R_SIM,P_bal,mlp32,HMUMU,1.0,1.0,inner,True,,,pre,32.0,14.0,0.001,,,,
1203,N2,R_SIM,P_bal,mlp32,HMUMU,1.0,2.0,inner,True,,,pre,34.0,12.0,0.001,,,,
1204,N2,R_SIM,P_bal,mlp32,HMUMU,1.0,,final,True,,,pre,46.0,0.0,0.001,,,,
1205,N2,R_SIM,P_bal,mlp32,HVAR,1.0,0.0,inner,True,,,pre,32.0,14.0,0.001,,,,
1206,N2,R_SIM,P_bal,mlp32,HVAR,1.0,1.0,inner,True,,,pre,32.0,14.0,0.001,,,,
1207,N2,R_SIM,P_bal,mlp32,HVAR,1.0,2.0,inner,True,,,pre,34.0,12.0,0.001,,,,
1208,N2,R_SIM,P_bal,mlp32,HVAR,1.0,,final,True,,,pre,46.0,0.0,0.001,,,,
1209,N2,R_SIM,P_bal,mlp32,HRFF,1.0,0.0,inner,True,,,pre,32.0,14.0,0.001,,,,
1210,N2,R_SIM,P_bal,mlp32,HRFF,1.0,1.0,inner,True,,,pre,32.0,14.0,0.001,,,,
1211,N2,R_SIM,P_bal,mlp32,HRFF,1.0,2.0,inner,True,,,pre,34.0,12.0,0.001,,,,
1212,N2,R_SIM,P_bal,mlp32,HRFF,1.0,,final,True,,,pre,46.0,0.0,0.001,,,,
1213,N2,R_SIM,P_bal,logistic,H,2.0,0.0,inner,False,,1.0,post,32.0,14.0,,,,,
1214,N2,R_SIM,P_bal,logistic,H,2.0,1.0,inner,False,,1.0,post,32.0,14.0,,,,,
1215,N2,R_SIM,P_bal,logistic,H,2.0,2.0,inner,False,,1.0,post,34.0,12.0,,,,,
1216,N2,R_SIM,P_bal,logistic,H,2.0,,final,False,,1.0,post,46.0,0.0,,,,,
1217,N2,R_SIM,P_bal,logistic,HMU,2.0,0.0,inner,False,,1.0,post,32.0,14.0,,,,,
1218,N2,R_SIM,P_bal,logistic,HMU,2.0,1.0,inner,False,,1.0,post,32.0,14.0,,,,,
1219,N2,R_SIM,P_bal,logistic,HMU,2.0,2.0,inner,False,,1.0,post,34.0,12.0,,,,,
1220,N2,R_SIM,P_bal,logistic,HMU,2.0,,final,False,,1.0,post,46.0,0.0,,,,,
1221,N2,R_SIM,P_bal,logistic,HMUVAR,2.0,0.0,inner,False,,1.0,post,32.0,14.0,,,,,
1222,N2,R_SIM,P_bal,logistic,HMUVAR,2.0,1.0,inner,False,,1.0,post,32.0,14.0,,,,,
1223,N2,R_SIM,P_bal,logistic,HMUVAR,2.0,2.0,inner,False,,1.0,post,34.0,12.0,,,,,
1224,N2,R_SIM,P_bal,logistic,HMUVAR,2.0,,final,False,,1.0,post,46.0,0.0,,,,,
1225,N2,R_SIM,P_bal,logistic,HMUMU,2.0,0.0,inner,False,,1.0,post,32.0,14.0,,,,,
1226,N2,R_SIM,P_bal,logistic,HMUMU,2.0,1.0,inner,False,,1.0,post,32.0,14.0,,,,,
1227,N2,R_SIM,P_bal,logistic,HMUMU,2.0,2.0,inner,False,,1.0,post,34.0,12.0,,,,,
1228,N2,R_SIM,P_bal,logistic,HMUMU,2.0,,final,False,,1.0,post,46.0,0.0,,,,,
1229,N2,R_SIM,P_bal,logistic,HVAR,2.0,0.0,inner,False,,1.0,post,32.0,14.0,,,,,
1230,N2,R_SIM,P_bal,logistic,HVAR,2.0,1.0,inner,False,,1.0,post,32.0,14.0,,,,,
1231,N2,R_SIM,P_bal,logistic,HVAR,2.0,2.0,inner,False,,1.0,post,34.0,12.0,,,,,
1232,N2,R_SIM,P_bal,logistic,HVAR,2.0,,final,False,,1.0,post,46.0,0.0,,,,,
1233,N2,R_SIM,P_bal,logistic,HRFF,2.0,0.0,inner,False,,1.0,post,32.0,14.0,,,,,
1234,N2,R_SIM,P_bal,logistic,HRFF,2.0,1.0,inner,False,,1.0,post,32.0,14.0,,,,,
1235,N2,R_SIM,P_bal,logistic,HRFF,2.0,2.0,inner,False,,1.0,post,34.0,12.0,,,,,
1236,N2,R_SIM,P_bal,logistic,HRFF,2.0,,final,False,,1.0,post,46.0,0.0,,,,,
1237,N2,R_SIM,P_bal,mlp32,H,2.0,0.0,inner,True,,,post,32.0,14.0,0.001,,,,
1238,N2,R_SIM,P_bal,mlp32,H,2.0,1.0,inner,True,,,post,32.0,14.0,0.001,,,,
1239,N2,R_SIM,P_bal,mlp32,H,2.0,2.0,inner,True,,,post,34.0,12.0,0.001,,,,
1240,N2,R_SIM,P_bal,mlp32,H,2.0,,final,True,,,post,46.0,0.0,0.001,,,,
1241,N2,R_SIM,P_bal,mlp32,HMU,2.0,0.0,inner,True,,,post,32.0,14.0,0.001,,,,
1242,N2,R_SIM,P_bal,mlp32,HMU,2.0,1.0,inner,True,,,post,32.0,14.0,0.001,,,,
1243,N2,R_SIM,P_bal,mlp32,HMU,2.0,2.0,inner,True,,,post,34.0,12.0,0.001,,,,
1244,N2,R_SIM,P_bal,mlp32,HMU,2.0,,final,True,,,post,46.0,0.0,0.001,,,,
1245,N2,R_SIM,P_bal,mlp32,HMUVAR,2.0,0.0,inner,True,,,post,32.0,14.0,0.001,,,,
1246,N2,R_SIM,P_bal,mlp32,HMUVAR,2.0,1.0,inner,True,,,post,32.0,14.0,0.001,,,,
1247,N2,R_SIM,P_bal,mlp32,HMUVAR,2.0,2.0,inner,True,,,post,34.0,12.0,0.001,,,,
1248,N2,R_SIM,P_bal,mlp32,HMUVAR,2.0,,final,True,,,post,46.0,0.0,0.001,,,,
1249,N2,R_SIM,P_bal,mlp32,HMUMU,2.0,0.0,inner,True,,,post,32.0,14.0,0.001,,,,
1250,N2,R_SIM,P_bal,mlp32,HMUMU,2.0,1.0,inner,True,,,post,32.0,14.0,0.001,,,,
1251,N2,R_SIM,P_bal,mlp32,HMUMU,2.0,2.0,inner,True,,,post,34.0,12.0,0.001,,,,
1252,N2,R_SIM,P_bal,mlp32,HMUMU,2.0,,final,True,,,post,46.0,0.0,0.001,,,,
1253,N2,R_SIM,P_bal,mlp32,HVAR,2.0,0.0,inner,True,,,post,32.0,14.0,0.001,,,,
1254,N2,R_SIM,P_bal,mlp32,HVAR,2.0,1.0,inner,True,,,post,32.0,14.0,0.001,,,,
1255,N2,R_SIM,P_bal,mlp32,HVAR,2.0,2.0,inner,True,,,post,34.0,12.0,0.001,,,,
1256,N2,R_SIM,P_bal,mlp32,HVAR,2.0,,final,True,,,post,46.0,0.0,0.001,,,,
1257,N2,R_SIM,P_bal,mlp32,HRFF,2.0,0.0,inner,True,,,post,32.0,14.0,0.001,,,,
1258,N2,R_SIM,P_bal,mlp32,HRFF,2.0,1.0,inner,True,,,post,32.0,14.0,0.001,,,,
1259,N2,R_SIM,P_bal,mlp32,HRFF,2.0,2.0,inner,True,,,post,34.0,12.0,0.001,,,,
1260,N2,R_SIM,P_bal,mlp32,HRFF,2.0,,final,True,,,post,46.0,0.0,0.001,,,,
1261,N2,R_SIM,P_bal,logistic,H,2.0,0.0,inner,False,,1.0,pre,32.0,14.0,,,,,
1262,N2,R_SIM,P_bal,logistic,H,2.0,1.0,inner,False,,1.0,pre,32.0,14.0,,,,,
1263,N2,R_SIM,P_bal,logistic,H,2.0,2.0,inner,False,,1.0,pre,34.0,12.0,,,,,
1264,N2,R_SIM,P_bal,logistic,H,2.0,,final,False,,1.0,pre,46.0,0.0,,,,,
1265,N2,R_SIM,P_bal,logistic,HMU,2.0,0.0,inner,False,,1.0,pre,32.0,14.0,,,,,
1266,N2,R_SIM,P_bal,logistic,HMU,2.0,1.0,inner,False,,1.0,pre,32.0,14.0,,,,,
1267,N2,R_SIM,P_bal,logistic,HMU,2.0,2.0,inner,False,,1.0,pre,34.0,12.0,,,,,
1268,N2,R_SIM,P_bal,logistic,HMU,2.0,,final,False,,1.0,pre,46.0,0.0,,,,,
1269,N2,R_SIM,P_bal,logistic,HMUVAR,2.0,0.0,inner,False,,1.0,pre,32.0,14.0,,,,,
1270,N2,R_SIM,P_bal,logistic,HMUVAR,2.0,1.0,inner,False,,1.0,pre,32.0,14.0,,,,,
1271,N2,R_SIM,P_bal,logistic,HMUVAR,2.0,2.0,inner,False,,1.0,pre,34.0,12.0,,,,,
1272,N2,R_SIM,P_bal,logistic,HMUVAR,2.0,,final,False,,1.0,pre,46.0,0.0,,,,,
1273,N2,R_SIM,P_bal,logistic,HMUMU,2.0,0.0,inner,False,,1.0,pre,32.0,14.0,,,,,
1274,N2,R_SIM,P_bal,logistic,HMUMU,2.0,1.0,inner,False,,1.0,pre,32.0,14.0,,,,,
1275,N2,R_SIM,P_bal,logistic,HMUMU,2.0,2.0,inner,False,,1.0,pre,34.0,12.0,,,,,
1276,N2,R_SIM,P_bal,logistic,HMUMU,2.0,,final,False,,1.0,pre,46.0,0.0,,,,,
1277,N2,R_SIM,P_bal,logistic,HVAR,2.0,0.0,inner,False,,1.0,pre,32.0,14.0,,,,,
1278,N2,R_SIM,P_bal,logistic,HVAR,2.0,1.0,inner,False,,1.0,pre,32.0,14.0,,,,,
1279,N2,R_SIM,P_bal,logistic,HVAR,2.0,2.0,inner,False,,1.0,pre,34.0,12.0,,,,,
1280,N2,R_SIM,P_bal,logistic,HVAR,2.0,,final,False,,1.0,pre,46.0,0.0,,,,,
1281,N2,R_SIM,P_bal,logistic,HRFF,2.0,0.0,inner,False,,1.0,pre,32.0,14.0,,,,,
1282,N2,R_SIM,P_bal,logistic,HRFF,2.0,1.0,inner,False,,1.0,pre,32.0,14.0,,,,,
1283,N2,R_SIM,P_bal,logistic,HRFF,2.0,2.0,inner,False,,1.0,pre,34.0,12.0,,,,,
1284,N2,R_SIM,P_bal,logistic,HRFF,2.0,,final,False,,1.0,pre,46.0,0.0,,,,,
1285,N2,R_SIM,P_bal,mlp32,H,2.0,0.0,inner,True,,,pre,32.0,14.0,0.001,,,,
1286,N2,R_SIM,P_bal,mlp32,H,2.0,1.0,inner,True,,,pre,32.0,14.0,0.001,,,,
1287,N2,R_SIM,P_bal,mlp32,H,2.0,2.0,inner,True,,,pre,34.0,12.0,0.001,,,,
1288,N2,R_SIM,P_bal,mlp32,H,2.0,,final,True,,,pre,46.0,0.0,0.001,,,,
1289,N2,R_SIM,P_bal,mlp32,HMU,2.0,0.0,inner,True,,,pre,32.0,14.0,0.001,,,,
1290,N2,R_SIM,P_bal,mlp32,HMU,2.0,1.0,inner,True,,,pre,32.0,14.0,0.001,,,,
1291,N2,R_SIM,P_bal,mlp32,HMU,2.0,2.0,inner,True,,,pre,34.0,12.0,0.001,,,,
1292,N2,R_SIM,P_bal,mlp32,HMU,2.0,,final,True,,,pre,46.0,0.0,0.001,,,,
1293,N2,R_SIM,P_bal,mlp32,HMUVAR,2.0,0.0,inner,True,,,pre,32.0,14.0,0.001,,,,
1294,N2,R_SIM,P_bal,mlp32,HMUVAR,2.0,1.0,inner,True,,,pre,32.0,14.0,0.001,,,,
1295,N2,R_SIM,P_bal,mlp32,HMUVAR,2.0,2.0,inner,True,,,pre,34.0,12.0,0.001,,,,
1296,N2,R_SIM,P_bal,mlp32,HMUVAR,2.0,,final,True,,,pre,46.0,0.0,0.001,,,,
1297,N2,R_SIM,P_bal,mlp32,HMUMU,2.0,0.0,inner,True,,,pre,32.0,14.0,0.001,,,,
1298,N2,R_SIM,P_bal,mlp32,HMUMU,2.0,1.0,inner,True,,,pre,32.0,14.0,0.001,,,,
1299,N2,R_SIM,P_bal,mlp32,HMUMU,2.0,2.0,inner,True,,,pre,34.0,12.0,0.001,,,,
1300,N2,R_SIM,P_bal,mlp32,HMUMU,2.0,,final,True,,,pre,46.0,0.0,0.001,,,,
1301,N2,R_SIM,P_bal,mlp32,HVAR,2.0,0.0,inner,True,,,pre,32.0,14.0,0.001,,,,
1302,N2,R_SIM,P_bal,mlp32,HVAR,2.0,1.0,inner,True,,,pre,32.0,14.0,0.001,,,,
1303,N2,R_SIM,P_bal,mlp32,HVAR,2.0,2.0,inner,True,,,pre,34.0,12.0,0.001,,,,
1304,N2,R_SIM,P_bal,mlp32,HVAR,2.0,,final,True,,,pre,46.0,0.0,0.001,,,,
1305,N2,R_SIM,P_bal,mlp32,HRFF,2.0,0.0,inner,True,,,pre,32.0,14.0,0.001,,,,
1306,N2,R_SIM,P_bal,mlp32,HRFF,2.0,1.0,inner,True,,,pre,32.0,14.0,0.001,,,,
1307,N2,R_SIM,P_bal,mlp32,HRFF,2.0,2.0,inner,True,,,pre,34.0,12.0,0.001,,,,
1308,N2,R_SIM,P_bal,mlp32,HRFF,2.0,,final,True,,,pre,46.0,0.0,0.001,,,,
1309,N2,R_SIM,P_bal,logistic,H,3.0,0.0,inner,False,,1.0,post,32.0,14.0,,,,,
1310,N2,R_SIM,P_bal,logistic,H,3.0,1.0,inner,False,,1.0,post,32.0,14.0,,,,,
1311,N2,R_SIM,P_bal,logistic,H,3.0,2.0,inner,False,,1.0,post,33.0,13.0,,,,,
1312,N2,R_SIM,P_bal,logistic,H,3.0,,final,False,,1.0,post,46.0,0.0,,,,,
1313,N2,R_SIM,P_bal,logistic,HMU,3.0,0.0,inner,False,,1.0,post,32.0,14.0,,,,,
1314,N2,R_SIM,P_bal,logistic,HMU,3.0,1.0,inner,False,,1.0,post,32.0,14.0,,,,,
1315,N2,R_SIM,P_bal,logistic,HMU,3.0,2.0,inner,False,,1.0,post,33.0,13.0,,,,,
1316,N2,R_SIM,P_bal,logistic,HMU,3.0,,final,False,,1.0,post,46.0,0.0,,,,,
1317,N2,R_SIM,P_bal,logistic,HMUVAR,3.0,0.0,inner,False,,1.0,post,32.0,14.0,,,,,
1318,N2,R_SIM,P_bal,logistic,HMUVAR,3.0,1.0,inner,False,,1.0,post,32.0,14.0,,,,,
1319,N2,R_SIM,P_bal,logistic,HMUVAR,3.0,2.0,inner,False,,1.0,post,33.0,13.0,,,,,
1320,N2,R_SIM,P_bal,logistic,HMUVAR,3.0,,final,False,,1.0,post,46.0,0.0,,,,,
1321,N2,R_SIM,P_bal,logistic,HMUMU,3.0,0.0,inner,False,,1.0,post,32.0,14.0,,,,,
1322,N2,R_SIM,P_bal,logistic,HMUMU,3.0,1.0,inner,False,,1.0,post,32.0,14.0,,,,,
1323,N2,R_SIM,P_bal,logistic,HMUMU,3.0,2.0,inner,False,,1.0,post,33.0,13.0,,,,,
1324,N2,R_SIM,P_bal,logistic,HMUMU,3.0,,final,False,,1.0,post,46.0,0.0,,,,,
1325,N2,R_SIM,P_bal,logistic,HVAR,3.0,0.0,inner,False,,1.0,post,32.0,14.0,,,,,
1326,N2,R_SIM,P_bal,logistic,HVAR,3.0,1.0,inner,False,,1.0,post,32.0,14.0,,,,,
1327,N2,R_SIM,P_bal,logistic,HVAR,3.0,2.0,inner,False,,1.0,post,33.0,13.0,,,,,
1328,N2,R_SIM,P_bal,logistic,HVAR,3.0,,final,False,,1.0,post,46.0,0.0,,,,,
1329,N2,R_SIM,P_bal,logistic,HRFF,3.0,0.0,inner,False,,1.0,post,32.0,14.0,,,,,
1330,N2,R_SIM,P_bal,logistic,HRFF,3.0,1.0,inner,False,,1.0,post,32.0,14.0,,,,,
1331,N2,R_SIM,P_bal,logistic,HRFF,3.0,2.0,inner,False,,1.0,post,33.0,13.0,,,,,
1332,N2,R_SIM,P_bal,logistic,HRFF,3.0,,final,False,,1.0,post,46.0,0.0,,,,,
1333,N2,R_SIM,P_bal,mlp32,H,3.0,0.0,inner,True,,,post,32.0,14.0,0.001,,,,
1334,N2,R_SIM,P_bal,mlp32,H,3.0,1.0,inner,True,,,post,32.0,14.0,0.001,,,,
1335,N2,R_SIM,P_bal,mlp32,H,3.0,2.0,inner,True,,,post,33.0,13.0,0.001,,,,
1336,N2,R_SIM,P_bal,mlp32,H,3.0,,final,True,,,post,46.0,0.0,0.001,,,,
1337,N2,R_SIM,P_bal,mlp32,HMU,3.0,0.0,inner,True,,,post,32.0,14.0,0.001,,,,
1338,N2,R_SIM,P_bal,mlp32,HMU,3.0,1.0,inner,True,,,post,32.0,14.0,0.001,,,,
1339,N2,R_SIM,P_bal,mlp32,HMU,3.0,2.0,inner,True,,,post,33.0,13.0,0.001,,,,
1340,N2,R_SIM,P_bal,mlp32,HMU,3.0,,final,True,,,post,46.0,0.0,0.001,,,,
1341,N2,R_SIM,P_bal,mlp32,HMUVAR,3.0,0.0,inner,True,,,post,32.0,14.0,0.001,,,,
1342,N2,R_SIM,P_bal,mlp32,HMUVAR,3.0,1.0,inner,True,,,post,32.0,14.0,0.001,,,,
1343,N2,R_SIM,P_bal,mlp32,HMUVAR,3.0,2.0,inner,True,,,post,33.0,13.0,0.001,,,,
1344,N2,R_SIM,P_bal,mlp32,HMUVAR,3.0,,final,True,,,post,46.0,0.0,0.001,,,,
1345,N2,R_SIM,P_bal,mlp32,HMUMU,3.0,0.0,inner,True,,,post,32.0,14.0,0.001,,,,
1346,N2,R_SIM,P_bal,mlp32,HMUMU,3.0,1.0,inner,True,,,post,32.0,14.0,0.001,,,,
1347,N2,R_SIM,P_bal,mlp32,HMUMU,3.0,2.0,inner,True,,,post,33.0,13.0,0.001,,,,
1348,N2,R_SIM,P_bal,mlp32,HMUMU,3.0,,final,True,,,post,46.0,0.0,0.001,,,,
1349,N2,R_SIM,P_bal,mlp32,HVAR,3.0,0.0,inner,True,,,post,32.0,14.0,0.001,,,,
1350,N2,R_SIM,P_bal,mlp32,HVAR,3.0,1.0,inner,True,,,post,32.0,14.0,0.001,,,,
1351,N2,R_SIM,P_bal,mlp32,HVAR,3.0,2.0,inner,True,,,post,33.0,13.0,0.001,,,,
1352,N2,R_SIM,P_bal,mlp32,HVAR,3.0,,final,True,,,post,46.0,0.0,0.001,,,,
1353,N2,R_SIM,P_bal,mlp32,HRFF,3.0,0.0,inner,True,,,post,32.0,14.0,0.001,,,,
1354,N2,R_SIM,P_bal,mlp32,HRFF,3.0,1.0,inner,True,,,post,32.0,14.0,0.001,,,,
1355,N2,R_SIM,P_bal,mlp32,HRFF,3.0,2.0,inner,True,,,post,33.0,13.0,0.001,,,,
1356,N2,R_SIM,P_bal,mlp32,HRFF,3.0,,final,True,,,post,46.0,0.0,0.001,,,,
1357,N2,R_SIM,P_bal,logistic,H,3.0,0.0,inner,False,,1.0,pre,32.0,14.0,,,,,
1358,N2,R_SIM,P_bal,logistic,H,3.0,1.0,inner,False,,1.0,pre,32.0,14.0,,,,,
1359,N2,R_SIM,P_bal,logistic,H,3.0,2.0,inner,False,,1.0,pre,33.0,13.0,,,,,
1360,N2,R_SIM,P_bal,logistic,H,3.0,,final,False,,1.0,pre,46.0,0.0,,,,,
1361,N2,R_SIM,P_bal,logistic,HMU,3.0,0.0,inner,False,,1.0,pre,32.0,14.0,,,,,
1362,N2,R_SIM,P_bal,logistic,HMU,3.0,1.0,inner,False,,1.0,pre,32.0,14.0,,,,,
1363,N2,R_SIM,P_bal,logistic,HMU,3.0,2.0,inner,False,,1.0,pre,33.0,13.0,,,,,
1364,N2,R_SIM,P_bal,logistic,HMU,3.0,,final,False,,1.0,pre,46.0,0.0,,,,,
1365,N2,R_SIM,P_bal,logistic,HMUVAR,3.0,0.0,inner,False,,1.0,pre,32.0,14.0,,,,,
1366,N2,R_SIM,P_bal,logistic,HMUVAR,3.0,1.0,inner,False,,1.0,pre,32.0,14.0,,,,,
1367,N2,R_SIM,P_bal,logistic,HMUVAR,3.0,2.0,inner,False,,1.0,pre,33.0,13.0,,,,,
1368,N2,R_SIM,P_bal,logistic,HMUVAR,3.0,,final,False,,1.0,pre,46.0,0.0,,,,,
1369,N2,R_SIM,P_bal,logistic,HMUMU,3.0,0.0,inner,False,,1.0,pre,32.0,14.0,,,,,
1370,N2,R_SIM,P_bal,logistic,HMUMU,3.0,1.0,inner,False,,1.0,pre,32.0,14.0,,,,,
1371,N2,R_SIM,P_bal,logistic,HMUMU,3.0,2.0,inner,False,,1.0,pre,33.0,13.0,,,,,
1372,N2,R_SIM,P_bal,logistic,HMUMU,3.0,,final,False,,1.0,pre,46.0,0.0,,,,,
1373,N2,R_SIM,P_bal,logistic,HVAR,3.0,0.0,inner,False,,1.0,pre,32.0,14.0,,,,,
1374,N2,R_SIM,P_bal,logistic,HVAR,3.0,1.0,inner,False,,1.0,pre,32.0,14.0,,,,,
1375,N2,R_SIM,P_bal,logistic,HVAR,3.0,2.0,inner,False,,1.0,pre,33.0,13.0,,,,,
1376,N2,R_SIM,P_bal,logistic,HVAR,3.0,,final,False,,1.0,pre,46.0,0.0,,,,,
1377,N2,R_SIM,P_bal,logistic,HRFF,3.0,0.0,inner,False,,1.0,pre,32.0,14.0,,,,,
1378,N2,R_SIM,P_bal,logistic,HRFF,3.0,1.0,inner,False,,1.0,pre,32.0,14.0,,,,,
1379,N2,R_SIM,P_bal,logistic,HRFF,3.0,2.0,inner,False,,1.0,pre,33.0,13.0,,,,,
1380,N2,R_SIM,P_bal,logistic,HRFF,3.0,,final,False,,1.0,pre,46.0,0.0,,,,,
1381,N2,R_SIM,P_bal,mlp32,H,3.0,0.0,inner,True,,,pre,32.0,14.0,0.001,,,,
1382,N2,R_SIM,P_bal,mlp32,H,3.0,1.0,inner,True,,,pre,32.0,14.0,0.001,,,,
1383,N2,R_SIM,P_bal,mlp32,H,3.0,2.0,inner,True,,,pre,33.0,13.0,0.001,,,,
1384,N2,R_SIM,P_bal,mlp32,H,3.0,,final,True,,,pre,46.0,0.0,0.001,,,,
1385,N2,R_SIM,P_bal,mlp32,HMU,3.0,0.0,inner,True,,,pre,32.0,14.0,0.001,,,,
1386,N2,R_SIM,P_bal,mlp32,HMU,3.0,1.0,inner,True,,,pre,32.0,14.0,0.001,,,,
1387,N2,R_SIM,P_bal,mlp32,HMU,3.0,2.0,inner,True,,,pre,33.0,13.0,0.001,,,,
1388,N2,R_SIM,P_bal,mlp32,HMU,3.0,,final,True,,,pre,46.0,0.0,0.001,,,,
1389,N2,R_SIM,P_bal,mlp32,HMUVAR,3.0,0.0,inner,True,,,pre,32.0,14.0,0.001,,,,
1390,N2,R_SIM,P_bal,mlp32,HMUVAR,3.0,1.0,inner,True,,,pre,32.0,14.0,0.001,,,,
1391,N2,R_SIM,P_bal,mlp32,HMUVAR,3.0,2.0,inner,True,,,pre,33.0,13.0,0.001,,,,
1392,N2,R_SIM,P_bal,mlp32,HMUVAR,3.0,,final,True,,,pre,46.0,0.0,0.001,,,,
1393,N2,R_SIM,P_bal,mlp32,HMUMU,3.0,0.0,inner,True,,,pre,32.0,14.0,0.001,,,,
1394,N2,R_SIM,P_bal,mlp32,HMUMU,3.0,1.0,inner,True,,,pre,32.0,14.0,0.001,,,,
1395,N2,R_SIM,P_bal,mlp32,HMUMU,3.0,2.0,inner,True,,,pre,33.0,13.0,0.001,,,,
1396,N2,R_SIM,P_bal,mlp32,HMUMU,3.0,,final,True,,,pre,46.0,0.0,0.001,,,,
1397,N2,R_SIM,P_bal,mlp32,HVAR,3.0,0.0,inner,True,,,pre,32.0,14.0,0.001,,,,
1398,N2,R_SIM,P_bal,mlp32,HVAR,3.0,1.0,inner,True,,,pre,32.0,14.0,0.001,,,,
1399,N2,R_SIM,P_bal,mlp32,HVAR,3.0,2.0,inner,True,,,pre,33.0,13.0,0.001,,,,
1400,N2,R_SIM,P_bal,mlp32,HVAR,3.0,,final,True,,,pre,46.0,0.0,0.001,,,,
1401,N2,R_SIM,P_bal,mlp32,HRFF,3.0,0.0,inner,True,,,pre,32.0,14.0,0.001,,,,
1402,N2,R_SIM,P_bal,mlp32,HRFF,3.0,1.0,inner,True,,,pre,32.0,14.0,0.001,,,,
1403,N2,R_SIM,P_bal,mlp32,HRFF,3.0,2.0,inner,True,,,pre,33.0,13.0,0.001,,,,
1404,N2,R_SIM,P_bal,mlp32,HRFF,3.0,,final,True,,,pre,46.0,0.0,0.001,,,,
1405,N2,R_SIM,P_bal,logistic,H,4.0,0.0,inner,False,,1.0,post,32.0,13.0,,,,,
1406,N2,R_SIM,P_bal,logistic,H,4.0,1.0,inner,False,,1.0,post,31.0,14.0,,,,,
1407,N2,R_SIM,P_bal,logistic,H,4.0,2.0,inner,False,,1.0,post,32.0,13.0,,,,,
1408,N2,R_SIM,P_bal,logistic,H,4.0,,final,False,,1.0,post,45.0,0.0,,,,,
1409,N2,R_SIM,P_bal,logistic,HMU,4.0,0.0,inner,False,,1.0,post,32.0,13.0,,,,,
1410,N2,R_SIM,P_bal,logistic,HMU,4.0,1.0,inner,False,,1.0,post,31.0,14.0,,,,,
1411,N2,R_SIM,P_bal,logistic,HMU,4.0,2.0,inner,False,,1.0,post,32.0,13.0,,,,,
1412,N2,R_SIM,P_bal,logistic,HMU,4.0,,final,False,,1.0,post,45.0,0.0,,,,,
1413,N2,R_SIM,P_bal,logistic,HMUVAR,4.0,0.0,inner,False,,1.0,post,32.0,13.0,,,,,
1414,N2,R_SIM,P_bal,logistic,HMUVAR,4.0,1.0,inner,False,,1.0,post,31.0,14.0,,,,,
1415,N2,R_SIM,P_bal,logistic,HMUVAR,4.0,2.0,inner,False,,1.0,post,32.0,13.0,,,,,
1416,N2,R_SIM,P_bal,logistic,HMUVAR,4.0,,final,False,,1.0,post,45.0,0.0,,,,,
1417,N2,R_SIM,P_bal,logistic,HMUMU,4.0,0.0,inner,False,,1.0,post,32.0,13.0,,,,,
1418,N2,R_SIM,P_bal,logistic,HMUMU,4.0,1.0,inner,False,,1.0,post,31.0,14.0,,,,,
1419,N2,R_SIM,P_bal,logistic,HMUMU,4.0,2.0,inner,False,,1.0,post,32.0,13.0,,,,,
1420,N2,R_SIM,P_bal,logistic,HMUMU,4.0,,final,False,,1.0,post,45.0,0.0,,,,,
1421,N2,R_SIM,P_bal,logistic,HVAR,4.0,0.0,inner,False,,1.0,post,32.0,13.0,,,,,
1422,N2,R_SIM,P_bal,logistic,HVAR,4.0,1.0,inner,False,,1.0,post,31.0,14.0,,,,,
1423,N2,R_SIM,P_bal,logistic,HVAR,4.0,2.0,inner,False,,1.0,post,32.0,13.0,,,,,
1424,N2,R_SIM,P_bal,logistic,HVAR,4.0,,final,False,,1.0,post,45.0,0.0,,,,,
1425,N2,R_SIM,P_bal,logistic,HRFF,4.0,0.0,inner,False,,1.0,post,32.0,13.0,,,,,
1426,N2,R_SIM,P_bal,logistic,HRFF,4.0,1.0,inner,False,,1.0,post,31.0,14.0,,,,,
1427,N2,R_SIM,P_bal,logistic,HRFF,4.0,2.0,inner,False,,1.0,post,32.0,13.0,,,,,
1428,N2,R_SIM,P_bal,logistic,HRFF,4.0,,final,False,,1.0,post,45.0,0.0,,,,,
1429,N2,R_SIM,P_bal,mlp32,H,4.0,0.0,inner,True,,,post,32.0,13.0,0.001,,,,
1430,N2,R_SIM,P_bal,mlp32,H,4.0,1.0,inner,True,,,post,31.0,14.0,0.001,,,,
1431,N2,R_SIM,P_bal,mlp32,H,4.0,2.0,inner,True,,,post,32.0,13.0,0.001,,,,
1432,N2,R_SIM,P_bal,mlp32,H,4.0,,final,True,,,post,45.0,0.0,0.001,,,,
1433,N2,R_SIM,P_bal,mlp32,HMU,4.0,0.0,inner,True,,,post,32.0,13.0,0.001,,,,
1434,N2,R_SIM,P_bal,mlp32,HMU,4.0,1.0,inner,True,,,post,31.0,14.0,0.001,,,,
1435,N2,R_SIM,P_bal,mlp32,HMU,4.0,2.0,inner,True,,,post,32.0,13.0,0.001,,,,
1436,N2,R_SIM,P_bal,mlp32,HMU,4.0,,final,True,,,post,45.0,0.0,0.001,,,,
1437,N2,R_SIM,P_bal,mlp32,HMUVAR,4.0,0.0,inner,True,,,post,32.0,13.0,0.001,,,,
1438,N2,R_SIM,P_bal,mlp32,HMUVAR,4.0,1.0,inner,True,,,post,31.0,14.0,0.001,,,,
1439,N2,R_SIM,P_bal,mlp32,HMUVAR,4.0,2.0,inner,True,,,post,32.0,13.0,0.001,,,,
1440,N2,R_SIM,P_bal,mlp32,HMUVAR,4.0,,final,True,,,post,45.0,0.0,0.001,,,,
1441,N2,R_SIM,P_bal,mlp32,HMUMU,4.0,0.0,inner,True,,,post,32.0,13.0,0.001,,,,
1442,N2,R_SIM,P_bal,mlp32,HMUMU,4.0,1.0,inner,True,,,post,31.0,14.0,0.001,,,,
1443,N2,R_SIM,P_bal,mlp32,HMUMU,4.0,2.0,inner,True,,,post,32.0,13.0,0.001,,,,
1444,N2,R_SIM,P_bal,mlp32,HMUMU,4.0,,final,True,,,post,45.0,0.0,0.001,,,,
1445,N2,R_SIM,P_bal,mlp32,HVAR,4.0,0.0,inner,True,,,post,32.0,13.0,0.001,,,,
1446,N2,R_SIM,P_bal,mlp32,HVAR,4.0,1.0,inner,True,,,post,31.0,14.0,0.001,,,,
1447,N2,R_SIM,P_bal,mlp32,HVAR,4.0,2.0,inner,True,,,post,32.0,13.0,0.001,,,,
1448,N2,R_SIM,P_bal,mlp32,HVAR,4.0,,final,True,,,post,45.0,0.0,0.001,,,,
1449,N2,R_SIM,P_bal,mlp32,HRFF,4.0,0.0,inner,True,,,post,32.0,13.0,0.001,,,,
1450,N2,R_SIM,P_bal,mlp32,HRFF,4.0,1.0,inner,True,,,post,31.0,14.0,0.001,,,,
1451,N2,R_SIM,P_bal,mlp32,HRFF,4.0,2.0,inner,True,,,post,32.0,13.0,0.001,,,,
1452,N2,R_SIM,P_bal,mlp32,HRFF,4.0,,final,True,,,post,45.0,0.0,0.001,,,,
1453,N2,R_SIM,P_bal,logistic,H,4.0,0.0,inner,False,,1.0,pre,32.0,13.0,,,,,
1454,N2,R_SIM,P_bal,logistic,H,4.0,1.0,inner,False,,1.0,pre,31.0,14.0,,,,,
1455,N2,R_SIM,P_bal,logistic,H,4.0,2.0,inner,False,,1.0,pre,32.0,13.0,,,,,
1456,N2,R_SIM,P_bal,logistic,H,4.0,,final,False,,1.0,pre,45.0,0.0,,,,,
1457,N2,R_SIM,P_bal,logistic,HMU,4.0,0.0,inner,False,,1.0,pre,32.0,13.0,,,,,
1458,N2,R_SIM,P_bal,logistic,HMU,4.0,1.0,inner,False,,1.0,pre,31.0,14.0,,,,,
1459,N2,R_SIM,P_bal,logistic,HMU,4.0,2.0,inner,False,,1.0,pre,32.0,13.0,,,,,
1460,N2,R_SIM,P_bal,logistic,HMU,4.0,,final,False,,1.0,pre,45.0,0.0,,,,,
1461,N2,R_SIM,P_bal,logistic,HMUVAR,4.0,0.0,inner,False,,1.0,pre,32.0,13.0,,,,,
1462,N2,R_SIM,P_bal,logistic,HMUVAR,4.0,1.0,inner,False,,1.0,pre,31.0,14.0,,,,,
1463,N2,R_SIM,P_bal,logistic,HMUVAR,4.0,2.0,inner,False,,1.0,pre,32.0,13.0,,,,,
1464,N2,R_SIM,P_bal,logistic,HMUVAR,4.0,,final,False,,1.0,pre,45.0,0.0,,,,,
1465,N2,R_SIM,P_bal,logistic,HMUMU,4.0,0.0,inner,False,,1.0,pre,32.0,13.0,,,,,
1466,N2,R_SIM,P_bal,logistic,HMUMU,4.0,1.0,inner,False,,1.0,pre,31.0,14.0,,,,,
1467,N2,R_SIM,P_bal,logistic,HMUMU,4.0,2.0,inner,False,,1.0,pre,32.0,13.0,,,,,
1468,N2,R_SIM,P_bal,logistic,HMUMU,4.0,,final,False,,1.0,pre,45.0,0.0,,,,,
1469,N2,R_SIM,P_bal,logistic,HVAR,4.0,0.0,inner,False,,1.0,pre,32.0,13.0,,,,,
1470,N2,R_SIM,P_bal,logistic,HVAR,4.0,1.0,inner,False,,1.0,pre,31.0,14.0,,,,,
1471,N2,R_SIM,P_bal,logistic,HVAR,4.0,2.0,inner,False,,1.0,pre,32.0,13.0,,,,,
1472,N2,R_SIM,P_bal,logistic,HVAR,4.0,,final,False,,1.0,pre,45.0,0.0,,,,,
1473,N2,R_SIM,P_bal,logistic,HRFF,4.0,0.0,inner,False,,1.0,pre,32.0,13.0,,,,,
1474,N2,R_SIM,P_bal,logistic,HRFF,4.0,1.0,inner,False,,1.0,pre,31.0,14.0,,,,,
1475,N2,R_SIM,P_bal,logistic,HRFF,4.0,2.0,inner,False,,1.0,pre,32.0,13.0,,,,,
1476,N2,R_SIM,P_bal,logistic,HRFF,4.0,,final,False,,1.0,pre,45.0,0.0,,,,,
1477,N2,R_SIM,P_bal,mlp32,H,4.0,0.0,inner,True,,,pre,32.0,13.0,0.001,,,,
1478,N2,R_SIM,P_bal,mlp32,H,4.0,1.0,inner,True,,,pre,31.0,14.0,0.001,,,,
1479,N2,R_SIM,P_bal,mlp32,H,4.0,2.0,inner,True,,,pre,32.0,13.0,0.001,,,,
1480,N2,R_SIM,P_bal,mlp32,H,4.0,,final,True,,,pre,45.0,0.0,0.001,,,,
1481,N2,R_SIM,P_bal,mlp32,HMU,4.0,0.0,inner,True,,,pre,32.0,13.0,0.001,,,,
1482,N2,R_SIM,P_bal,mlp32,HMU,4.0,1.0,inner,True,,,pre,31.0,14.0,0.001,,,,
1483,N2,R_SIM,P_bal,mlp32,HMU,4.0,2.0,inner,True,,,pre,32.0,13.0,0.001,,,,
1484,N2,R_SIM,P_bal,mlp32,HMU,4.0,,final,True,,,pre,45.0,0.0,0.001,,,,
1485,N2,R_SIM,P_bal,mlp32,HMUVAR,4.0,0.0,inner,True,,,pre,32.0,13.0,0.001,,,,
1486,N2,R_SIM,P_bal,mlp32,HMUVAR,4.0,1.0,inner,True,,,pre,31.0,14.0,0.001,,,,
1487,N2,R_SIM,P_bal,mlp32,HMUVAR,4.0,2.0,inner,True,,,pre,32.0,13.0,0.001,,,,
1488,N2,R_SIM,P_bal,mlp32,HMUVAR,4.0,,final,True,,,pre,45.0,0.0,0.001,,,,
1489,N2,R_SIM,P_bal,mlp32,HMUMU,4.0,0.0,inner,True,,,pre,32.0,13.0,0.001,,,,
1490,N2,R_SIM,P_bal,mlp32,HMUMU,4.0,1.0,inner,True,,,pre,31.0,14.0,0.001,,,,
1491,N2,R_SIM,P_bal,mlp32,HMUMU,4.0,2.0,inner,True,,,pre,32.0,13.0,0.001,,,,
1492,N2,R_SIM,P_bal,mlp32,HMUMU,4.0,,final,True,,,pre,45.0,0.0,0.001,,,,
1493,N2,R_SIM,P_bal,mlp32,HVAR,4.0,0.0,inner,True,,,pre,32.0,13.0,0.001,,,,
1494,N2,R_SIM,P_bal,mlp32,HVAR,4.0,1.0,inner,True,,,pre,31.0,14.0,0.001,,,,
1495,N2,R_SIM,P_bal,mlp32,HVAR,4.0,2.0,inner,True,,,pre,32.0,13.0,0.001,,,,
1496,N2,R_SIM,P_bal,mlp32,HVAR,4.0,,final,True,,,pre,45.0,0.0,0.001,,,,
1497,N2,R_SIM,P_bal,mlp32,HRFF,4.0,0.0,inner,True,,,pre,32.0,13.0,0.001,,,,
1498,N2,R_SIM,P_bal,mlp32,HRFF,4.0,1.0,inner,True,,,pre,31.0,14.0,0.001,,,,
1499,N2,R_SIM,P_bal,mlp32,HRFF,4.0,2.0,inner,True,,,pre,32.0,13.0,0.001,,,,
1500,N2,R_SIM,P_bal,mlp32,HRFF,4.0,,final,True,,,pre,45.0,0.0,0.001,,,,
1501,N2,L0,P_bal,logistic,H,0.0,0.0,inner,False,,1.0,post,32.0,13.0,,,,,
1502,N2,L0,P_bal,logistic,H,0.0,1.0,inner,False,,1.0,post,32.0,13.0,,,,,
1503,N2,L0,P_bal,logistic,H,0.0,2.0,inner,False,,1.0,post,32.0,13.0,,,,,
1504,N2,L0,P_bal,logistic,H,0.0,,final,False,,1.0,post,45.0,0.0,,,,,
1505,N2,L0,P_bal,logistic,HMU,0.0,0.0,inner,False,,1.0,post,32.0,13.0,,,,,
1506,N2,L0,P_bal,logistic,HMU,0.0,1.0,inner,False,,1.0,post,32.0,13.0,,,,,
1507,N2,L0,P_bal,logistic,HMU,0.0,2.0,inner,False,,1.0,post,32.0,13.0,,,,,
1508,N2,L0,P_bal,logistic,HMU,0.0,,final,False,,1.0,post,45.0,0.0,,,,,
1509,N2,L0,P_bal,logistic,HMUVAR,0.0,0.0,inner,False,,1.0,post,32.0,13.0,,,,,
1510,N2,L0,P_bal,logistic,HMUVAR,0.0,1.0,inner,False,,1.0,post,32.0,13.0,,,,,
1511,N2,L0,P_bal,logistic,HMUVAR,0.0,2.0,inner,False,,1.0,post,32.0,13.0,,,,,
1512,N2,L0,P_bal,logistic,HMUVAR,0.0,,final,False,,1.0,post,45.0,0.0,,,,,
1513,N2,L0,P_bal,logistic,HMUMU,0.0,0.0,inner,False,,1.0,post,32.0,13.0,,,,,
1514,N2,L0,P_bal,logistic,HMUMU,0.0,1.0,inner,False,,1.0,post,32.0,13.0,,,,,
1515,N2,L0,P_bal,logistic,HMUMU,0.0,2.0,inner,False,,1.0,post,32.0,13.0,,,,,
1516,N2,L0,P_bal,logistic,HMUMU,0.0,,final,False,,1.0,post,45.0,0.0,,,,,
1517,N2,L0,P_bal,logistic,HVAR,0.0,0.0,inner,False,,1.0,post,32.0,13.0,,,,,
1518,N2,L0,P_bal,logistic,HVAR,0.0,1.0,inner,False,,1.0,post,32.0,13.0,,,,,
1519,N2,L0,P_bal,logistic,HVAR,0.0,2.0,inner,False,,1.0,post,32.0,13.0,,,,,
1520,N2,L0,P_bal,logistic,HVAR,0.0,,final,False,,1.0,post,45.0,0.0,,,,,
1521,N2,L0,P_bal,logistic,HRFF,0.0,0.0,inner,False,,1.0,post,32.0,13.0,,,,,
1522,N2,L0,P_bal,logistic,HRFF,0.0,1.0,inner,False,,1.0,post,32.0,13.0,,,,,
1523,N2,L0,P_bal,logistic,HRFF,0.0,2.0,inner,False,,1.0,post,32.0,13.0,,,,,
1524,N2,L0,P_bal,logistic,HRFF,0.0,,final,False,,1.0,post,45.0,0.0,,,,,
1525,N2,L0,P_bal,logistic,H,0.0,0.0,inner,False,,1.0,pre,32.0,13.0,,,,,
1526,N2,L0,P_bal,logistic,H,0.0,1.0,inner,False,,1.0,pre,32.0,13.0,,,,,
1527,N2,L0,P_bal,logistic,H,0.0,2.0,inner,False,,1.0,pre,32.0,13.0,,,,,
1528,N2,L0,P_bal,logistic,H,0.0,,final,False,,1.0,pre,45.0,0.0,,,,,
1529,N2,L0,P_bal,logistic,HMU,0.0,0.0,inner,False,,1.0,pre,32.0,13.0,,,,,
1530,N2,L0,P_bal,logistic,HMU,0.0,1.0,inner,False,,1.0,pre,32.0,13.0,,,,,
1531,N2,L0,P_bal,logistic,HMU,0.0,2.0,inner,False,,1.0,pre,32.0,13.0,,,,,
1532,N2,L0,P_bal,logistic,HMU,0.0,,final,False,,1.0,pre,45.0,0.0,,,,,
1533,N2,L0,P_bal,logistic,HMUVAR,0.0,0.0,inner,False,,1.0,pre,32.0,13.0,,,,,
1534,N2,L0,P_bal,logistic,HMUVAR,0.0,1.0,inner,False,,1.0,pre,32.0,13.0,,,,,
1535,N2,L0,P_bal,logistic,HMUVAR,0.0,2.0,inner,False,,1.0,pre,32.0,13.0,,,,,
1536,N2,L0,P_bal,logistic,HMUVAR,0.0,,final,False,,1.0,pre,45.0,0.0,,,,,
1537,N2,L0,P_bal,logistic,HMUMU,0.0,0.0,inner,False,,1.0,pre,32.0,13.0,,,,,
1538,N2,L0,P_bal,logistic,HMUMU,0.0,1.0,inner,False,,1.0,pre,32.0,13.0,,,,,
1539,N2,L0,P_bal,logistic,HMUMU,0.0,2.0,inner,False,,1.0,pre,32.0,13.0,,,,,
1540,N2,L0,P_bal,logistic,HMUMU,0.0,,final,False,,1.0,pre,45.0,0.0,,,,,
1541,N2,L0,P_bal,logistic,HVAR,0.0,0.0,inner,False,,1.0,pre,32.0,13.0,,,,,
1542,N2,L0,P_bal,logistic,HVAR,0.0,1.0,inner,False,,1.0,pre,32.0,13.0,,,,,
1543,N2,L0,P_bal,logistic,HVAR,0.0,2.0,inner,False,,1.0,pre,32.0,13.0,,,,,
1544,N2,L0,P_bal,logistic,HVAR,0.0,,final,False,,1.0,pre,45.0,0.0,,,,,
1545,N2,L0,P_bal,logistic,HRFF,0.0,0.0,inner,False,,1.0,pre,32.0,13.0,,,,,
1546,N2,L0,P_bal,logistic,HRFF,0.0,1.0,inner,False,,1.0,pre,32.0,13.0,,,,,
1547,N2,L0,P_bal,logistic,HRFF,0.0,2.0,inner,False,,1.0,pre,32.0,13.0,,,,,
1548,N2,L0,P_bal,logistic,HRFF,0.0,,final,False,,1.0,pre,45.0,0.0,,,,,
1549,N2,L0,P_bal,logistic,H,1.0,0.0,inner,False,,1.0,post,32.0,14.0,,,,,
1550,N2,L0,P_bal,logistic,H,1.0,1.0,inner,False,,1.0,post,32.0,14.0,,,,,
1551,N2,L0,P_bal,logistic,H,1.0,2.0,inner,False,,1.0,post,34.0,12.0,,,,,
1552,N2,L0,P_bal,logistic,H,1.0,,final,False,,1.0,post,46.0,0.0,,,,,
1553,N2,L0,P_bal,logistic,HMU,1.0,0.0,inner,False,,1.0,post,32.0,14.0,,,,,
1554,N2,L0,P_bal,logistic,HMU,1.0,1.0,inner,False,,1.0,post,32.0,14.0,,,,,
1555,N2,L0,P_bal,logistic,HMU,1.0,2.0,inner,False,,1.0,post,34.0,12.0,,,,,
1556,N2,L0,P_bal,logistic,HMU,1.0,,final,False,,1.0,post,46.0,0.0,,,,,
1557,N2,L0,P_bal,logistic,HMUVAR,1.0,0.0,inner,False,,1.0,post,32.0,14.0,,,,,
1558,N2,L0,P_bal,logistic,HMUVAR,1.0,1.0,inner,False,,1.0,post,32.0,14.0,,,,,
1559,N2,L0,P_bal,logistic,HMUVAR,1.0,2.0,inner,False,,1.0,post,34.0,12.0,,,,,
1560,N2,L0,P_bal,logistic,HMUVAR,1.0,,final,False,,1.0,post,46.0,0.0,,,,,
1561,N2,L0,P_bal,logistic,HMUMU,1.0,0.0,inner,False,,1.0,post,32.0,14.0,,,,,
1562,N2,L0,P_bal,logistic,HMUMU,1.0,1.0,inner,False,,1.0,post,32.0,14.0,,,,,
1563,N2,L0,P_bal,logistic,HMUMU,1.0,2.0,inner,False,,1.0,post,34.0,12.0,,,,,
1564,N2,L0,P_bal,logistic,HMUMU,1.0,,final,False,,1.0,post,46.0,0.0,,,,,
1565,N2,L0,P_bal,logistic,HVAR,1.0,0.0,inner,False,,1.0,post,32.0,14.0,,,,,
1566,N2,L0,P_bal,logistic,HVAR,1.0,1.0,inner,False,,1.0,post,32.0,14.0,,,,,
1567,N2,L0,P_bal,logistic,HVAR,1.0,2.0,inner,False,,1.0,post,34.0,12.0,,,,,
1568,N2,L0,P_bal,logistic,HVAR,1.0,,final,False,,1.0,post,46.0,0.0,,,,,
1569,N2,L0,P_bal,logistic,HRFF,1.0,0.0,inner,False,,1.0,post,32.0,14.0,,,,,
1570,N2,L0,P_bal,logistic,HRFF,1.0,1.0,inner,False,,1.0,post,32.0,14.0,,,,,
1571,N2,L0,P_bal,logistic,HRFF,1.0,2.0,inner,False,,1.0,post,34.0,12.0,,,,,
1572,N2,L0,P_bal,logistic,HRFF,1.0,,final,False,,1.0,post,46.0,0.0,,,,,
1573,N2,L0,P_bal,logistic,H,1.0,0.0,inner,False,,1.0,pre,32.0,14.0,,,,,
1574,N2,L0,P_bal,logistic,H,1.0,1.0,inner,False,,1.0,pre,32.0,14.0,,,,,
1575,N2,L0,P_bal,logistic,H,1.0,2.0,inner,False,,1.0,pre,34.0,12.0,,,,,
1576,N2,L0,P_bal,logistic,H,1.0,,final,False,,1.0,pre,46.0,0.0,,,,,
1577,N2,L0,P_bal,logistic,HMU,1.0,0.0,inner,False,,1.0,pre,32.0,14.0,,,,,
1578,N2,L0,P_bal,logistic,HMU,1.0,1.0,inner,False,,1.0,pre,32.0,14.0,,,,,
1579,N2,L0,P_bal,logistic,HMU,1.0,2.0,inner,False,,1.0,pre,34.0,12.0,,,,,
1580,N2,L0,P_bal,logistic,HMU,1.0,,final,False,,1.0,pre,46.0,0.0,,,,,
1581,N2,L0,P_bal,logistic,HMUVAR,1.0,0.0,inner,False,,1.0,pre,32.0,14.0,,,,,
1582,N2,L0,P_bal,logistic,HMUVAR,1.0,1.0,inner,False,,1.0,pre,32.0,14.0,,,,,
1583,N2,L0,P_bal,logistic,HMUVAR,1.0,2.0,inner,False,,1.0,pre,34.0,12.0,,,,,
1584,N2,L0,P_bal,logistic,HMUVAR,1.0,,final,False,,1.0,pre,46.0,0.0,,,,,
1585,N2,L0,P_bal,logistic,HMUMU,1.0,0.0,inner,False,,1.0,pre,32.0,14.0,,,,,
1586,N2,L0,P_bal,logistic,HMUMU,1.0,1.0,inner,False,,1.0,pre,32.0,14.0,,,,,
1587,N2,L0,P_bal,logistic,HMUMU,1.0,2.0,inner,False,,1.0,pre,34.0,12.0,,,,,
1588,N2,L0,P_bal,logistic,HMUMU,1.0,,final,False,,1.0,pre,46.0,0.0,,,,,
1589,N2,L0,P_bal,logistic,HVAR,1.0,0.0,inner,False,,1.0,pre,32.0,14.0,,,,,
1590,N2,L0,P_bal,logistic,HVAR,1.0,1.0,inner,False,,1.0,pre,32.0,14.0,,,,,
1591,N2,L0,P_bal,logistic,HVAR,1.0,2.0,inner,False,,1.0,pre,34.0,12.0,,,,,
1592,N2,L0,P_bal,logistic,HVAR,1.0,,final,False,,1.0,pre,46.0,0.0,,,,,
1593,N2,L0,P_bal,logistic,HRFF,1.0,0.0,inner,False,,1.0,pre,32.0,14.0,,,,,
1594,N2,L0,P_bal,logistic,HRFF,1.0,1.0,inner,False,,1.0,pre,32.0,14.0,,,,,
1595,N2,L0,P_bal,logistic,HRFF,1.0,2.0,inner,False,,1.0,pre,34.0,12.0,,,,,
1596,N2,L0,P_bal,logistic,HRFF,1.0,,final,False,,1.0,pre,46.0,0.0,,,,,
1597,N2,L0,P_bal,logistic,H,2.0,0.0,inner,False,,1.0,post,32.0,14.0,,,,,
1598,N2,L0,P_bal,logistic,H,2.0,1.0,inner,False,,1.0,post,32.0,14.0,,,,,
1599,N2,L0,P_bal,logistic,H,2.0,2.0,inner,False,,1.0,post,34.0,12.0,,,,,
1600,N2,L0,P_bal,logistic,H,2.0,,final,False,,1.0,post,46.0,0.0,,,,,
1601,N2,L0,P_bal,logistic,HMU,2.0,0.0,inner,False,,1.0,post,32.0,14.0,,,,,
1602,N2,L0,P_bal,logistic,HMU,2.0,1.0,inner,False,,1.0,post,32.0,14.0,,,,,
1603,N2,L0,P_bal,logistic,HMU,2.0,2.0,inner,False,,1.0,post,34.0,12.0,,,,,
1604,N2,L0,P_bal,logistic,HMU,2.0,,final,False,,1.0,post,46.0,0.0,,,,,
1605,N2,L0,P_bal,logistic,HMUVAR,2.0,0.0,inner,False,,1.0,post,32.0,14.0,,,,,
1606,N2,L0,P_bal,logistic,HMUVAR,2.0,1.0,inner,False,,1.0,post,32.0,14.0,,,,,
1607,N2,L0,P_bal,logistic,HMUVAR,2.0,2.0,inner,False,,1.0,post,34.0,12.0,,,,,
1608,N2,L0,P_bal,logistic,HMUVAR,2.0,,final,False,,1.0,post,46.0,0.0,,,,,
1609,N2,L0,P_bal,logistic,HMUMU,2.0,0.0,inner,False,,1.0,post,32.0,14.0,,,,,
1610,N2,L0,P_bal,logistic,HMUMU,2.0,1.0,inner,False,,1.0,post,32.0,14.0,,,,,
1611,N2,L0,P_bal,logistic,HMUMU,2.0,2.0,inner,False,,1.0,post,34.0,12.0,,,,,
1612,N2,L0,P_bal,logistic,HMUMU,2.0,,final,False,,1.0,post,46.0,0.0,,,,,
1613,N2,L0,P_bal,logistic,HVAR,2.0,0.0,inner,False,,1.0,post,32.0,14.0,,,,,
1614,N2,L0,P_bal,logistic,HVAR,2.0,1.0,inner,False,,1.0,post,32.0,14.0,,,,,
1615,N2,L0,P_bal,logistic,HVAR,2.0,2.0,inner,False,,1.0,post,34.0,12.0,,,,,
1616,N2,L0,P_bal,logistic,HVAR,2.0,,final,False,,1.0,post,46.0,0.0,,,,,
1617,N2,L0,P_bal,logistic,HRFF,2.0,0.0,inner,False,,1.0,post,32.0,14.0,,,,,
1618,N2,L0,P_bal,logistic,HRFF,2.0,1.0,inner,False,,1.0,post,32.0,14.0,,,,,
1619,N2,L0,P_bal,logistic,HRFF,2.0,2.0,inner,False,,1.0,post,34.0,12.0,,,,,
1620,N2,L0,P_bal,logistic,HRFF,2.0,,final,False,,1.0,post,46.0,0.0,,,,,
1621,N2,L0,P_bal,logistic,H,2.0,0.0,inner,False,,1.0,pre,32.0,14.0,,,,,
1622,N2,L0,P_bal,logistic,H,2.0,1.0,inner,False,,1.0,pre,32.0,14.0,,,,,
1623,N2,L0,P_bal,logistic,H,2.0,2.0,inner,False,,1.0,pre,34.0,12.0,,,,,
1624,N2,L0,P_bal,logistic,H,2.0,,final,False,,1.0,pre,46.0,0.0,,,,,
1625,N2,L0,P_bal,logistic,HMU,2.0,0.0,inner,False,,1.0,pre,32.0,14.0,,,,,
1626,N2,L0,P_bal,logistic,HMU,2.0,1.0,inner,False,,1.0,pre,32.0,14.0,,,,,
1627,N2,L0,P_bal,logistic,HMU,2.0,2.0,inner,False,,1.0,pre,34.0,12.0,,,,,
1628,N2,L0,P_bal,logistic,HMU,2.0,,final,False,,1.0,pre,46.0,0.0,,,,,
1629,N2,L0,P_bal,logistic,HMUVAR,2.0,0.0,inner,False,,1.0,pre,32.0,14.0,,,,,
1630,N2,L0,P_bal,logistic,HMUVAR,2.0,1.0,inner,False,,1.0,pre,32.0,14.0,,,,,
1631,N2,L0,P_bal,logistic,HMUVAR,2.0,2.0,inner,False,,1.0,pre,34.0,12.0,,,,,
1632,N2,L0,P_bal,logistic,HMUVAR,2.0,,final,False,,1.0,pre,46.0,0.0,,,,,
1633,N2,L0,P_bal,logistic,HMUMU,2.0,0.0,inner,False,,1.0,pre,32.0,14.0,,,,,
1634,N2,L0,P_bal,logistic,HMUMU,2.0,1.0,inner,False,,1.0,pre,32.0,14.0,,,,,
1635,N2,L0,P_bal,logistic,HMUMU,2.0,2.0,inner,False,,1.0,pre,34.0,12.0,,,,,
1636,N2,L0,P_bal,logistic,HMUMU,2.0,,final,False,,1.0,pre,46.0,0.0,,,,,
1637,N2,L0,P_bal,logistic,HVAR,2.0,0.0,inner,False,,1.0,pre,32.0,14.0,,,,,
1638,N2,L0,P_bal,logistic,HVAR,2.0,1.0,inner,False,,1.0,pre,32.0,14.0,,,,,
1639,N2,L0,P_bal,logistic,HVAR,2.0,2.0,inner,False,,1.0,pre,34.0,12.0,,,,,
1640,N2,L0,P_bal,logistic,HVAR,2.0,,final,False,,1.0,pre,46.0,0.0,,,,,
1641,N2,L0,P_bal,logistic,HRFF,2.0,0.0,inner,False,,1.0,pre,32.0,14.0,,,,,
1642,N2,L0,P_bal,logistic,HRFF,2.0,1.0,inner,False,,1.0,pre,32.0,14.0,,,,,
1643,N2,L0,P_bal,logistic,HRFF,2.0,2.0,inner,False,,1.0,pre,34.0,12.0,,,,,
1644,N2,L0,P_bal,logistic,HRFF,2.0,,final,False,,1.0,pre,46.0,0.0,,,,,
1645,N2,L0,P_bal,logistic,H,3.0,0.0,inner,False,,1.0,post,32.0,14.0,,,,,
1646,N2,L0,P_bal,logistic,H,3.0,1.0,inner,False,,1.0,post,32.0,14.0,,,,,
1647,N2,L0,P_bal,logistic,H,3.0,2.0,inner,False,,1.0,post,33.0,13.0,,,,,
1648,N2,L0,P_bal,logistic,H,3.0,,final,False,,1.0,post,46.0,0.0,,,,,
1649,N2,L0,P_bal,logistic,HMU,3.0,0.0,inner,False,,1.0,post,32.0,14.0,,,,,
1650,N2,L0,P_bal,logistic,HMU,3.0,1.0,inner,False,,1.0,post,32.0,14.0,,,,,
1651,N2,L0,P_bal,logistic,HMU,3.0,2.0,inner,False,,1.0,post,33.0,13.0,,,,,
1652,N2,L0,P_bal,logistic,HMU,3.0,,final,False,,1.0,post,46.0,0.0,,,,,
1653,N2,L0,P_bal,logistic,HMUVAR,3.0,0.0,inner,False,,1.0,post,32.0,14.0,,,,,
1654,N2,L0,P_bal,logistic,HMUVAR,3.0,1.0,inner,False,,1.0,post,32.0,14.0,,,,,
1655,N2,L0,P_bal,logistic,HMUVAR,3.0,2.0,inner,False,,1.0,post,33.0,13.0,,,,,
1656,N2,L0,P_bal,logistic,HMUVAR,3.0,,final,False,,1.0,post,46.0,0.0,,,,,
1657,N2,L0,P_bal,logistic,HMUMU,3.0,0.0,inner,False,,1.0,post,32.0,14.0,,,,,
1658,N2,L0,P_bal,logistic,HMUMU,3.0,1.0,inner,False,,1.0,post,32.0,14.0,,,,,
1659,N2,L0,P_bal,logistic,HMUMU,3.0,2.0,inner,False,,1.0,post,33.0,13.0,,,,,
1660,N2,L0,P_bal,logistic,HMUMU,3.0,,final,False,,1.0,post,46.0,0.0,,,,,
1661,N2,L0,P_bal,logistic,HVAR,3.0,0.0,inner,False,,1.0,post,32.0,14.0,,,,,
1662,N2,L0,P_bal,logistic,HVAR,3.0,1.0,inner,False,,1.0,post,32.0,14.0,,,,,
1663,N2,L0,P_bal,logistic,HVAR,3.0,2.0,inner,False,,1.0,post,33.0,13.0,,,,,
1664,N2,L0,P_bal,logistic,HVAR,3.0,,final,False,,1.0,post,46.0,0.0,,,,,
1665,N2,L0,P_bal,logistic,HRFF,3.0,0.0,inner,False,,1.0,post,32.0,14.0,,,,,
1666,N2,L0,P_bal,logistic,HRFF,3.0,1.0,inner,False,,1.0,post,32.0,14.0,,,,,
1667,N2,L0,P_bal,logistic,HRFF,3.0,2.0,inner,False,,1.0,post,33.0,13.0,,,,,
1668,N2,L0,P_bal,logistic,HRFF,3.0,,final,False,,1.0,post,46.0,0.0,,,,,
1669,N2,L0,P_bal,logistic,H,3.0,0.0,inner,False,,1.0,pre,32.0,14.0,,,,,
1670,N2,L0,P_bal,logistic,H,3.0,1.0,inner,False,,1.0,pre,32.0,14.0,,,,,
1671,N2,L0,P_bal,logistic,H,3.0,2.0,inner,False,,1.0,pre,33.0,13.0,,,,,
1672,N2,L0,P_bal,logistic,H,3.0,,final,False,,1.0,pre,46.0,0.0,,,,,
1673,N2,L0,P_bal,logistic,HMU,3.0,0.0,inner,False,,1.0,pre,32.0,14.0,,,,,
1674,N2,L0,P_bal,logistic,HMU,3.0,1.0,inner,False,,1.0,pre,32.0,14.0,,,,,
1675,N2,L0,P_bal,logistic,HMU,3.0,2.0,inner,False,,1.0,pre,33.0,13.0,,,,,
1676,N2,L0,P_bal,logistic,HMU,3.0,,final,False,,1.0,pre,46.0,0.0,,,,,
1677,N2,L0,P_bal,logistic,HMUVAR,3.0,0.0,inner,False,,1.0,pre,32.0,14.0,,,,,
1678,N2,L0,P_bal,logistic,HMUVAR,3.0,1.0,inner,False,,1.0,pre,32.0,14.0,,,,,
1679,N2,L0,P_bal,logistic,HMUVAR,3.0,2.0,inner,False,,1.0,pre,33.0,13.0,,,,,
1680,N2,L0,P_bal,logistic,HMUVAR,3.0,,final,False,,1.0,pre,46.0,0.0,,,,,
1681,N2,L0,P_bal,logistic,HMUMU,3.0,0.0,inner,False,,1.0,pre,32.0,14.0,,,,,
1682,N2,L0,P_bal,logistic,HMUMU,3.0,1.0,inner,False,,1.0,pre,32.0,14.0,,,,,
1683,N2,L0,P_bal,logistic,HMUMU,3.0,2.0,inner,False,,1.0,pre,33.0,13.0,,,,,
1684,N2,L0,P_bal,logistic,HMUMU,3.0,,final,False,,1.0,pre,46.0,0.0,,,,,
1685,N2,L0,P_bal,logistic,HVAR,3.0,0.0,inner,False,,1.0,pre,32.0,14.0,,,,,
1686,N2,L0,P_bal,logistic,HVAR,3.0,1.0,inner,False,,1.0,pre,32.0,14.0,,,,,
1687,N2,L0,P_bal,logistic,HVAR,3.0,2.0,inner,False,,1.0,pre,33.0,13.0,,,,,
1688,N2,L0,P_bal,logistic,HVAR,3.0,,final,False,,1.0,pre,46.0,0.0,,,,,
1689,N2,L0,P_bal,logistic,HRFF,3.0,0.0,inner,False,,1.0,pre,32.0,14.0,,,,,
1690,N2,L0,P_bal,logistic,HRFF,3.0,1.0,inner,False,,1.0,pre,32.0,14.0,,,,,
1691,N2,L0,P_bal,logistic,HRFF,3.0,2.0,inner,False,,1.0,pre,33.0,13.0,,,,,
1692,N2,L0,P_bal,logistic,HRFF,3.0,,final,False,,1.0,pre,46.0,0.0,,,,,
1693,N2,L0,P_bal,logistic,H,4.0,0.0,inner,False,,1.0,post,32.0,13.0,,,,,
1694,N2,L0,P_bal,logistic,H,4.0,1.0,inner,False,,1.0,post,31.0,14.0,,,,,
1695,N2,L0,P_bal,logistic,H,4.0,2.0,inner,False,,1.0,post,32.0,13.0,,,,,
1696,N2,L0,P_bal,logistic,H,4.0,,final,False,,1.0,post,45.0,0.0,,,,,
1697,N2,L0,P_bal,logistic,HMU,4.0,0.0,inner,False,,1.0,post,32.0,13.0,,,,,
1698,N2,L0,P_bal,logistic,HMU,4.0,1.0,inner,False,,1.0,post,31.0,14.0,,,,,
1699,N2,L0,P_bal,logistic,HMU,4.0,2.0,inner,False,,1.0,post,32.0,13.0,,,,,
1700,N2,L0,P_bal,logistic,HMU,4.0,,final,False,,1.0,post,45.0,0.0,,,,,
1701,N2,L0,P_bal,logistic,HMUVAR,4.0,0.0,inner,False,,1.0,post,32.0,13.0,,,,,
1702,N2,L0,P_bal,logistic,HMUVAR,4.0,1.0,inner,False,,1.0,post,31.0,14.0,,,,,
1703,N2,L0,P_bal,logistic,HMUVAR,4.0,2.0,inner,False,,1.0,post,32.0,13.0,,,,,
1704,N2,L0,P_bal,logistic,HMUVAR,4.0,,final,False,,1.0,post,45.0,0.0,,,,,
1705,N2,L0,P_bal,logistic,HMUMU,4.0,0.0,inner,False,,1.0,post,32.0,13.0,,,,,
1706,N2,L0,P_bal,logistic,HMUMU,4.0,1.0,inner,False,,1.0,post,31.0,14.0,,,,,
1707,N2,L0,P_bal,logistic,HMUMU,4.0,2.0,inner,False,,1.0,post,32.0,13.0,,,,,
1708,N2,L0,P_bal,logistic,HMUMU,4.0,,final,False,,1.0,post,45.0,0.0,,,,,
1709,N2,L0,P_bal,logistic,HVAR,4.0,0.0,inner,False,,1.0,post,32.0,13.0,,,,,
1710,N2,L0,P_bal,logistic,HVAR,4.0,1.0,inner,False,,1.0,post,31.0,14.0,,,,,
1711,N2,L0,P_bal,logistic,HVAR,4.0,2.0,inner,False,,1.0,post,32.0,13.0,,,,,
1712,N2,L0,P_bal,logistic,HVAR,4.0,,final,False,,1.0,post,45.0,0.0,,,,,
1713,N2,L0,P_bal,logistic,HRFF,4.0,0.0,inner,False,,1.0,post,32.0,13.0,,,,,
1714,N2,L0,P_bal,logistic,HRFF,4.0,1.0,inner,False,,1.0,post,31.0,14.0,,,,,
1715,N2,L0,P_bal,logistic,HRFF,4.0,2.0,inner,False,,1.0,post,32.0,13.0,,,,,
1716,N2,L0,P_bal,logistic,HRFF,4.0,,final,False,,1.0,post,45.0,0.0,,,,,
1717,N2,L0,P_bal,logistic,H,4.0,0.0,inner,False,,1.0,pre,32.0,13.0,,,,,
1718,N2,L0,P_bal,logistic,H,4.0,1.0,inner,False,,1.0,pre,31.0,14.0,,,,,
1719,N2,L0,P_bal,logistic,H,4.0,2.0,inner,False,,1.0,pre,32.0,13.0,,,,,
1720,N2,L0,P_bal,logistic,H,4.0,,final,False,,1.0,pre,45.0,0.0,,,,,
1721,N2,L0,P_bal,logistic,HMU,4.0,0.0,inner,False,,1.0,pre,32.0,13.0,,,,,
1722,N2,L0,P_bal,logistic,HMU,4.0,1.0,inner,False,,1.0,pre,31.0,14.0,,,,,
1723,N2,L0,P_bal,logistic,HMU,4.0,2.0,inner,False,,1.0,pre,32.0,13.0,,,,,
1724,N2,L0,P_bal,logistic,HMU,4.0,,final,False,,1.0,pre,45.0,0.0,,,,,
1725,N2,L0,P_bal,logistic,HMUVAR,4.0,0.0,inner,False,,1.0,pre,32.0,13.0,,,,,
1726,N2,L0,P_bal,logistic,HMUVAR,4.0,1.0,inner,False,,1.0,pre,31.0,14.0,,,,,
1727,N2,L0,P_bal,logistic,HMUVAR,4.0,2.0,inner,False,,1.0,pre,32.0,13.0,,,,,
1728,N2,L0,P_bal,logistic,HMUVAR,4.0,,final,False,,1.0,pre,45.0,0.0,,,,,
1729,N2,L0,P_bal,logistic,HMUMU,4.0,0.0,inner,False,,1.0,pre,32.0,13.0,,,,,
1730,N2,L0,P_bal,logistic,HMUMU,4.0,1.0,inner,False,,1.0,pre,31.0,14.0,,,,,
1731,N2,L0,P_bal,logistic,HMUMU,4.0,2.0,inner,False,,1.0,pre,32.0,13.0,,,,,
1732,N2,L0,P_bal,logistic,HMUMU,4.0,,final,False,,1.0,pre,45.0,0.0,,,,,
1733,N2,L0,P_bal,logistic,HVAR,4.0,0.0,inner,False,,1.0,pre,32.0,13.0,,,,,
1734,N2,L0,P_bal,logistic,HVAR,4.0,1.0,inner,False,,1.0,pre,31.0,14.0,,,,,
1735,N2,L0,P_bal,logistic,HVAR,4.0,2.0,inner,False,,1.0,pre,32.0,13.0,,,,,
1736,N2,L0,P_bal,logistic,HVAR,4.0,,final,False,,1.0,pre,45.0,0.0,,,,,
1737,N2,L0,P_bal,logistic,HRFF,4.0,0.0,inner,False,,1.0,pre,32.0,13.0,,,,,
1738,N2,L0,P_bal,logistic,HRFF,4.0,1.0,inner,False,,1.0,pre,31.0,14.0,,,,,
1739,N2,L0,P_bal,logistic,HRFF,4.0,2.0,inner,False,,1.0,pre,32.0,13.0,,,,,
1740,N2,L0,P_bal,logistic,HRFF,4.0,,final,False,,1.0,pre,45.0,0.0,,,,,
1741,N3,R_SIM,P_nat,logistic,H,0.0,0.0,inner,False,,1.0,paired,34.0,14.0,,,,,
1742,N3,R_SIM,P_nat,logistic,H,0.0,1.0,inner,False,,1.0,paired,35.0,13.0,,,,,
1743,N3,R_SIM,P_nat,logistic,H,0.0,2.0,inner,False,,1.0,paired,35.0,13.0,,,,,
1744,N3,R_SIM,P_nat,logistic,H,0.0,,final,False,,1.0,paired,48.0,0.0,,,,,
1745,N3,R_SIM,P_nat,logistic,HP,0.0,0.0,inner,False,,1.0,paired,34.0,14.0,,,,,
1746,N3,R_SIM,P_nat,logistic,HP,0.0,1.0,inner,False,,1.0,paired,35.0,13.0,,,,,
1747,N3,R_SIM,P_nat,logistic,HP,0.0,2.0,inner,False,,1.0,paired,35.0,13.0,,,,,
1748,N3,R_SIM,P_nat,logistic,HP,0.0,,final,False,,1.0,paired,48.0,0.0,,,,,
1749,N3,R_SIM,P_nat,logistic,HB,0.0,0.0,inner,False,,1.0,paired,34.0,14.0,,,,,
1750,N3,R_SIM,P_nat,logistic,HB,0.0,1.0,inner,False,,1.0,paired,35.0,13.0,,,,,
1751,N3,R_SIM,P_nat,logistic,HB,0.0,2.0,inner,False,,1.0,paired,35.0,13.0,,,,,
1752,N3,R_SIM,P_nat,logistic,HB,0.0,,final,False,,1.0,paired,48.0,0.0,,,,,
1753,N3,R_SIM,P_nat,logistic,HBP,0.0,0.0,inner,False,,1.0,paired,34.0,14.0,,,,,
1754,N3,R_SIM,P_nat,logistic,HBP,0.0,1.0,inner,False,,1.0,paired,35.0,13.0,,,,,
1755,N3,R_SIM,P_nat,logistic,HBP,0.0,2.0,inner,False,,1.0,paired,35.0,13.0,,,,,
1756,N3,R_SIM,P_nat,logistic,HBP,0.0,,final,False,,1.0,paired,48.0,0.0,,,,,
1757,N3,R_SIM,P_nat,logistic,Hnoise,0.0,0.0,inner,False,,1.0,paired,34.0,14.0,,,,,
1758,N3,R_SIM,P_nat,logistic,Hnoise,0.0,1.0,inner,False,,1.0,paired,35.0,13.0,,,,,
1759,N3,R_SIM,P_nat,logistic,Hnoise,0.0,2.0,inner,False,,1.0,paired,35.0,13.0,,,,,
1760,N3,R_SIM,P_nat,logistic,Hnoise,0.0,,final,False,,1.0,paired,48.0,0.0,,,,,
1761,N3,R_SIM,P_nat,mlp32,H,0.0,0.0,inner,True,,,paired,34.0,14.0,0.001,,,,
1762,N3,R_SIM,P_nat,mlp32,H,0.0,1.0,inner,True,,,paired,35.0,13.0,0.001,,,,
1763,N3,R_SIM,P_nat,mlp32,H,0.0,2.0,inner,True,,,paired,35.0,13.0,0.001,,,,
1764,N3,R_SIM,P_nat,mlp32,H,0.0,,final,True,,,paired,48.0,0.0,0.001,,,,
1765,N3,R_SIM,P_nat,mlp32,HP,0.0,0.0,inner,True,,,paired,34.0,14.0,0.001,,,,
1766,N3,R_SIM,P_nat,mlp32,HP,0.0,1.0,inner,True,,,paired,35.0,13.0,0.001,,,,
1767,N3,R_SIM,P_nat,mlp32,HP,0.0,2.0,inner,True,,,paired,35.0,13.0,0.001,,,,
1768,N3,R_SIM,P_nat,mlp32,HP,0.0,,final,True,,,paired,48.0,0.0,0.001,,,,
1769,N3,R_SIM,P_nat,mlp32,HB,0.0,0.0,inner,True,,,paired,34.0,14.0,0.001,,,,
1770,N3,R_SIM,P_nat,mlp32,HB,0.0,1.0,inner,True,,,paired,35.0,13.0,0.001,,,,
1771,N3,R_SIM,P_nat,mlp32,HB,0.0,2.0,inner,True,,,paired,35.0,13.0,0.001,,,,
1772,N3,R_SIM,P_nat,mlp32,HB,0.0,,final,True,,,paired,48.0,0.0,0.001,,,,
1773,N3,R_SIM,P_nat,mlp32,HBP,0.0,0.0,inner,True,,,paired,34.0,14.0,0.001,,,,
1774,N3,R_SIM,P_nat,mlp32,HBP,0.0,1.0,inner,True,,,paired,35.0,13.0,0.001,,,,
1775,N3,R_SIM,P_nat,mlp32,HBP,0.0,2.0,inner,True,,,paired,35.0,13.0,0.001,,,,
1776,N3,R_SIM,P_nat,mlp32,HBP,0.0,,final,True,,,paired,48.0,0.0,0.001,,,,
1777,N3,R_SIM,P_nat,mlp32,Hnoise,0.0,0.0,inner,True,,,paired,34.0,14.0,0.001,,,,
1778,N3,R_SIM,P_nat,mlp32,Hnoise,0.0,1.0,inner,True,,,paired,35.0,13.0,0.001,,,,
1779,N3,R_SIM,P_nat,mlp32,Hnoise,0.0,2.0,inner,True,,,paired,35.0,13.0,0.001,,,,
1780,N3,R_SIM,P_nat,mlp32,Hnoise,0.0,,final,True,,,paired,48.0,0.0,0.001,,,,
1781,N3,R_SIM,P_bal,logistic,H,0.0,0.0,inner,False,,1.0,paired,34.0,14.0,,,,,
1782,N3,R_SIM,P_bal,logistic,H,0.0,1.0,inner,False,,1.0,paired,35.0,13.0,,,,,
1783,N3,R_SIM,P_bal,logistic,H,0.0,2.0,inner,False,,1.0,paired,35.0,13.0,,,,,
1784,N3,R_SIM,P_bal,logistic,H,0.0,,final,False,,1.0,paired,48.0,0.0,,,,,
1785,N3,R_SIM,P_bal,logistic,HP,0.0,0.0,inner,False,,1.0,paired,34.0,14.0,,,,,
1786,N3,R_SIM,P_bal,logistic,HP,0.0,1.0,inner,False,,1.0,paired,35.0,13.0,,,,,
1787,N3,R_SIM,P_bal,logistic,HP,0.0,2.0,inner,False,,1.0,paired,35.0,13.0,,,,,
1788,N3,R_SIM,P_bal,logistic,HP,0.0,,final,False,,1.0,paired,48.0,0.0,,,,,
1789,N3,R_SIM,P_bal,logistic,HB,0.0,0.0,inner,False,,1.0,paired,34.0,14.0,,,,,
1790,N3,R_SIM,P_bal,logistic,HB,0.0,1.0,inner,False,,1.0,paired,35.0,13.0,,,,,
1791,N3,R_SIM,P_bal,logistic,HB,0.0,2.0,inner,False,,1.0,paired,35.0,13.0,,,,,
1792,N3,R_SIM,P_bal,logistic,HB,0.0,,final,False,,1.0,paired,48.0,0.0,,,,,
1793,N3,R_SIM,P_bal,logistic,HBP,0.0,0.0,inner,False,,1.0,paired,34.0,14.0,,,,,
1794,N3,R_SIM,P_bal,logistic,HBP,0.0,1.0,inner,False,,1.0,paired,35.0,13.0,,,,,
1795,N3,R_SIM,P_bal,logistic,HBP,0.0,2.0,inner,False,,1.0,paired,35.0,13.0,,,,,
1796,N3,R_SIM,P_bal,logistic,HBP,0.0,,final,False,,1.0,paired,48.0,0.0,,,,,
1797,N3,R_SIM,P_bal,logistic,Hnoise,0.0,0.0,inner,False,,1.0,paired,34.0,14.0,,,,,
1798,N3,R_SIM,P_bal,logistic,Hnoise,0.0,1.0,inner,False,,1.0,paired,35.0,13.0,,,,,
1799,N3,R_SIM,P_bal,logistic,Hnoise,0.0,2.0,inner,False,,1.0,paired,35.0,13.0,,,,,
1800,N3,R_SIM,P_bal,logistic,Hnoise,0.0,,final,False,,1.0,paired,48.0,0.0,,,,,
1801,N3,R_SIM,P_bal,mlp32,H,0.0,0.0,inner,True,,,paired,34.0,14.0,0.001,,,,
1802,N3,R_SIM,P_bal,mlp32,H,0.0,1.0,inner,True,,,paired,35.0,13.0,0.001,,,,
1803,N3,R_SIM,P_bal,mlp32,H,0.0,2.0,inner,True,,,paired,35.0,13.0,0.001,,,,
1804,N3,R_SIM,P_bal,mlp32,H,0.0,,final,True,,,paired,48.0,0.0,0.001,,,,
1805,N3,R_SIM,P_bal,mlp32,HP,0.0,0.0,inner,True,,,paired,34.0,14.0,0.001,,,,
1806,N3,R_SIM,P_bal,mlp32,HP,0.0,1.0,inner,True,,,paired,35.0,13.0,0.001,,,,
1807,N3,R_SIM,P_bal,mlp32,HP,0.0,2.0,inner,True,,,paired,35.0,13.0,0.001,,,,
1808,N3,R_SIM,P_bal,mlp32,HP,0.0,,final,True,,,paired,48.0,0.0,0.001,,,,
1809,N3,R_SIM,P_bal,mlp32,HB,0.0,0.0,inner,True,,,paired,34.0,14.0,0.001,,,,
1810,N3,R_SIM,P_bal,mlp32,HB,0.0,1.0,inner,True,,,paired,35.0,13.0,0.001,,,,
1811,N3,R_SIM,P_bal,mlp32,HB,0.0,2.0,inner,True,,,paired,35.0,13.0,0.001,,,,
1812,N3,R_SIM,P_bal,mlp32,HB,0.0,,final,True,,,paired,48.0,0.0,0.001,,,,
1813,N3,R_SIM,P_bal,mlp32,HBP,0.0,0.0,inner,True,,,paired,34.0,14.0,0.001,,,,
1814,N3,R_SIM,P_bal,mlp32,HBP,0.0,1.0,inner,True,,,paired,35.0,13.0,0.001,,,,
1815,N3,R_SIM,P_bal,mlp32,HBP,0.0,2.0,inner,True,,,paired,35.0,13.0,0.001,,,,
1816,N3,R_SIM,P_bal,mlp32,HBP,0.0,,final,True,,,paired,48.0,0.0,0.001,,,,
1817,N3,R_SIM,P_bal,mlp32,Hnoise,0.0,0.0,inner,True,,,paired,34.0,14.0,0.001,,,,
1818,N3,R_SIM,P_bal,mlp32,Hnoise,0.0,1.0,inner,True,,,paired,35.0,13.0,0.001,,,,
1819,N3,R_SIM,P_bal,mlp32,Hnoise,0.0,2.0,inner,True,,,paired,35.0,13.0,0.001,,,,
1820,N3,R_SIM,P_bal,mlp32,Hnoise,0.0,,final,True,,,paired,48.0,0.0,0.001,,,,
1821,N3,R_SIM,P_nat,logistic,H,1.0,0.0,inner,False,,1.0,paired,34.0,14.0,,,,,
1822,N3,R_SIM,P_nat,logistic,H,1.0,1.0,inner,False,,1.0,paired,34.0,14.0,,,,,
1823,N3,R_SIM,P_nat,logistic,H,1.0,2.0,inner,False,,1.0,paired,35.0,13.0,,,,,
1824,N3,R_SIM,P_nat,logistic,H,1.0,,final,False,,1.0,paired,48.0,0.0,,,,,
1825,N3,R_SIM,P_nat,logistic,HP,1.0,0.0,inner,False,,1.0,paired,34.0,14.0,,,,,
1826,N3,R_SIM,P_nat,logistic,HP,1.0,1.0,inner,False,,1.0,paired,34.0,14.0,,,,,
1827,N3,R_SIM,P_nat,logistic,HP,1.0,2.0,inner,False,,1.0,paired,35.0,13.0,,,,,
1828,N3,R_SIM,P_nat,logistic,HP,1.0,,final,False,,1.0,paired,48.0,0.0,,,,,
1829,N3,R_SIM,P_nat,logistic,HB,1.0,0.0,inner,False,,1.0,paired,34.0,14.0,,,,,
1830,N3,R_SIM,P_nat,logistic,HB,1.0,1.0,inner,False,,1.0,paired,34.0,14.0,,,,,
1831,N3,R_SIM,P_nat,logistic,HB,1.0,2.0,inner,False,,1.0,paired,35.0,13.0,,,,,
1832,N3,R_SIM,P_nat,logistic,HB,1.0,,final,False,,1.0,paired,48.0,0.0,,,,,
1833,N3,R_SIM,P_nat,logistic,HBP,1.0,0.0,inner,False,,1.0,paired,34.0,14.0,,,,,
1834,N3,R_SIM,P_nat,logistic,HBP,1.0,1.0,inner,False,,1.0,paired,34.0,14.0,,,,,
1835,N3,R_SIM,P_nat,logistic,HBP,1.0,2.0,inner,False,,1.0,paired,35.0,13.0,,,,,
1836,N3,R_SIM,P_nat,logistic,HBP,1.0,,final,False,,1.0,paired,48.0,0.0,,,,,
1837,N3,R_SIM,P_nat,logistic,Hnoise,1.0,0.0,inner,False,,1.0,paired,34.0,14.0,,,,,
1838,N3,R_SIM,P_nat,logistic,Hnoise,1.0,1.0,inner,False,,1.0,paired,34.0,14.0,,,,,
1839,N3,R_SIM,P_nat,logistic,Hnoise,1.0,2.0,inner,False,,1.0,paired,35.0,13.0,,,,,
1840,N3,R_SIM,P_nat,logistic,Hnoise,1.0,,final,False,,1.0,paired,48.0,0.0,,,,,
1841,N3,R_SIM,P_nat,mlp32,H,1.0,0.0,inner,True,,,paired,34.0,14.0,0.001,,,,
1842,N3,R_SIM,P_nat,mlp32,H,1.0,1.0,inner,True,,,paired,34.0,14.0,0.001,,,,
1843,N3,R_SIM,P_nat,mlp32,H,1.0,2.0,inner,True,,,paired,35.0,13.0,0.001,,,,
1844,N3,R_SIM,P_nat,mlp32,H,1.0,,final,True,,,paired,48.0,0.0,0.001,,,,
1845,N3,R_SIM,P_nat,mlp32,HP,1.0,0.0,inner,True,,,paired,34.0,14.0,0.001,,,,
1846,N3,R_SIM,P_nat,mlp32,HP,1.0,1.0,inner,True,,,paired,34.0,14.0,0.001,,,,
1847,N3,R_SIM,P_nat,mlp32,HP,1.0,2.0,inner,True,,,paired,35.0,13.0,0.001,,,,
1848,N3,R_SIM,P_nat,mlp32,HP,1.0,,final,True,,,paired,48.0,0.0,0.001,,,,
1849,N3,R_SIM,P_nat,mlp32,HB,1.0,0.0,inner,True,,,paired,34.0,14.0,0.001,,,,
1850,N3,R_SIM,P_nat,mlp32,HB,1.0,1.0,inner,True,,,paired,34.0,14.0,0.001,,,,
1851,N3,R_SIM,P_nat,mlp32,HB,1.0,2.0,inner,True,,,paired,35.0,13.0,0.001,,,,
1852,N3,R_SIM,P_nat,mlp32,HB,1.0,,final,True,,,paired,48.0,0.0,0.001,,,,
1853,N3,R_SIM,P_nat,mlp32,HBP,1.0,0.0,inner,True,,,paired,34.0,14.0,0.001,,,,
1854,N3,R_SIM,P_nat,mlp32,HBP,1.0,1.0,inner,True,,,paired,34.0,14.0,0.001,,,,
1855,N3,R_SIM,P_nat,mlp32,HBP,1.0,2.0,inner,True,,,paired,35.0,13.0,0.001,,,,
1856,N3,R_SIM,P_nat,mlp32,HBP,1.0,,final,True,,,paired,48.0,0.0,0.001,,,,
1857,N3,R_SIM,P_nat,mlp32,Hnoise,1.0,0.0,inner,True,,,paired,34.0,14.0,0.001,,,,
1858,N3,R_SIM,P_nat,mlp32,Hnoise,1.0,1.0,inner,True,,,paired,34.0,14.0,0.001,,,,
1859,N3,R_SIM,P_nat,mlp32,Hnoise,1.0,2.0,inner,True,,,paired,35.0,13.0,0.001,,,,
1860,N3,R_SIM,P_nat,mlp32,Hnoise,1.0,,final,True,,,paired,48.0,0.0,0.001,,,,
1861,N3,R_SIM,P_bal,logistic,H,1.0,0.0,inner,False,,1.0,paired,34.0,14.0,,,,,
1862,N3,R_SIM,P_bal,logistic,H,1.0,1.0,inner,False,,1.0,paired,34.0,14.0,,,,,
1863,N3,R_SIM,P_bal,logistic,H,1.0,2.0,inner,False,,1.0,paired,35.0,13.0,,,,,
1864,N3,R_SIM,P_bal,logistic,H,1.0,,final,False,,1.0,paired,48.0,0.0,,,,,
1865,N3,R_SIM,P_bal,logistic,HP,1.0,0.0,inner,False,,1.0,paired,34.0,14.0,,,,,
1866,N3,R_SIM,P_bal,logistic,HP,1.0,1.0,inner,False,,1.0,paired,34.0,14.0,,,,,
1867,N3,R_SIM,P_bal,logistic,HP,1.0,2.0,inner,False,,1.0,paired,35.0,13.0,,,,,
1868,N3,R_SIM,P_bal,logistic,HP,1.0,,final,False,,1.0,paired,48.0,0.0,,,,,
1869,N3,R_SIM,P_bal,logistic,HB,1.0,0.0,inner,False,,1.0,paired,34.0,14.0,,,,,
1870,N3,R_SIM,P_bal,logistic,HB,1.0,1.0,inner,False,,1.0,paired,34.0,14.0,,,,,
1871,N3,R_SIM,P_bal,logistic,HB,1.0,2.0,inner,False,,1.0,paired,35.0,13.0,,,,,
1872,N3,R_SIM,P_bal,logistic,HB,1.0,,final,False,,1.0,paired,48.0,0.0,,,,,
1873,N3,R_SIM,P_bal,logistic,HBP,1.0,0.0,inner,False,,1.0,paired,34.0,14.0,,,,,
1874,N3,R_SIM,P_bal,logistic,HBP,1.0,1.0,inner,False,,1.0,paired,34.0,14.0,,,,,
1875,N3,R_SIM,P_bal,logistic,HBP,1.0,2.0,inner,False,,1.0,paired,35.0,13.0,,,,,
1876,N3,R_SIM,P_bal,logistic,HBP,1.0,,final,False,,1.0,paired,48.0,0.0,,,,,
1877,N3,R_SIM,P_bal,logistic,Hnoise,1.0,0.0,inner,False,,1.0,paired,34.0,14.0,,,,,
1878,N3,R_SIM,P_bal,logistic,Hnoise,1.0,1.0,inner,False,,1.0,paired,34.0,14.0,,,,,
1879,N3,R_SIM,P_bal,logistic,Hnoise,1.0,2.0,inner,False,,1.0,paired,35.0,13.0,,,,,
1880,N3,R_SIM,P_bal,logistic,Hnoise,1.0,,final,False,,1.0,paired,48.0,0.0,,,,,
1881,N3,R_SIM,P_bal,mlp32,H,1.0,0.0,inner,True,,,paired,34.0,14.0,0.001,,,,
1882,N3,R_SIM,P_bal,mlp32,H,1.0,1.0,inner,True,,,paired,34.0,14.0,0.001,,,,
1883,N3,R_SIM,P_bal,mlp32,H,1.0,2.0,inner,True,,,paired,35.0,13.0,0.001,,,,
1884,N3,R_SIM,P_bal,mlp32,H,1.0,,final,True,,,paired,48.0,0.0,0.001,,,,
1885,N3,R_SIM,P_bal,mlp32,HP,1.0,0.0,inner,True,,,paired,34.0,14.0,0.001,,,,
1886,N3,R_SIM,P_bal,mlp32,HP,1.0,1.0,inner,True,,,paired,34.0,14.0,0.001,,,,
1887,N3,R_SIM,P_bal,mlp32,HP,1.0,2.0,inner,True,,,paired,35.0,13.0,0.001,,,,
1888,N3,R_SIM,P_bal,mlp32,HP,1.0,,final,True,,,paired,48.0,0.0,0.001,,,,
1889,N3,R_SIM,P_bal,mlp32,HB,1.0,0.0,inner,True,,,paired,34.0,14.0,0.001,,,,
1890,N3,R_SIM,P_bal,mlp32,HB,1.0,1.0,inner,True,,,paired,34.0,14.0,0.001,,,,
1891,N3,R_SIM,P_bal,mlp32,HB,1.0,2.0,inner,True,,,paired,35.0,13.0,0.001,,,,
1892,N3,R_SIM,P_bal,mlp32,HB,1.0,,final,True,,,paired,48.0,0.0,0.001,,,,
1893,N3,R_SIM,P_bal,mlp32,HBP,1.0,0.0,inner,True,,,paired,34.0,14.0,0.001,,,,
1894,N3,R_SIM,P_bal,mlp32,HBP,1.0,1.0,inner,True,,,paired,34.0,14.0,0.001,,,,
1895,N3,R_SIM,P_bal,mlp32,HBP,1.0,2.0,inner,True,,,paired,35.0,13.0,0.001,,,,
1896,N3,R_SIM,P_bal,mlp32,HBP,1.0,,final,True,,,paired,48.0,0.0,0.001,,,,
1897,N3,R_SIM,P_bal,mlp32,Hnoise,1.0,0.0,inner,True,,,paired,34.0,14.0,0.001,,,,
1898,N3,R_SIM,P_bal,mlp32,Hnoise,1.0,1.0,inner,True,,,paired,34.0,14.0,0.001,,,,
1899,N3,R_SIM,P_bal,mlp32,Hnoise,1.0,2.0,inner,True,,,paired,35.0,13.0,0.001,,,,
1900,N3,R_SIM,P_bal,mlp32,Hnoise,1.0,,final,True,,,paired,48.0,0.0,0.001,,,,
1901,N3,R_SIM,P_nat,logistic,H,2.0,0.0,inner,False,,1.0,paired,34.0,14.0,,,,,
1902,N3,R_SIM,P_nat,logistic,H,2.0,1.0,inner,False,,1.0,paired,34.0,14.0,,,,,
1903,N3,R_SIM,P_nat,logistic,H,2.0,2.0,inner,False,,1.0,paired,35.0,13.0,,,,,
1904,N3,R_SIM,P_nat,logistic,H,2.0,,final,False,,1.0,paired,48.0,0.0,,,,,
1905,N3,R_SIM,P_nat,logistic,HP,2.0,0.0,inner,False,,1.0,paired,34.0,14.0,,,,,
1906,N3,R_SIM,P_nat,logistic,HP,2.0,1.0,inner,False,,1.0,paired,34.0,14.0,,,,,
1907,N3,R_SIM,P_nat,logistic,HP,2.0,2.0,inner,False,,1.0,paired,35.0,13.0,,,,,
1908,N3,R_SIM,P_nat,logistic,HP,2.0,,final,False,,1.0,paired,48.0,0.0,,,,,
1909,N3,R_SIM,P_nat,logistic,HB,2.0,0.0,inner,False,,1.0,paired,34.0,14.0,,,,,
1910,N3,R_SIM,P_nat,logistic,HB,2.0,1.0,inner,False,,1.0,paired,34.0,14.0,,,,,
1911,N3,R_SIM,P_nat,logistic,HB,2.0,2.0,inner,False,,1.0,paired,35.0,13.0,,,,,
1912,N3,R_SIM,P_nat,logistic,HB,2.0,,final,False,,1.0,paired,48.0,0.0,,,,,
1913,N3,R_SIM,P_nat,logistic,HBP,2.0,0.0,inner,False,,1.0,paired,34.0,14.0,,,,,
1914,N3,R_SIM,P_nat,logistic,HBP,2.0,1.0,inner,False,,1.0,paired,34.0,14.0,,,,,
1915,N3,R_SIM,P_nat,logistic,HBP,2.0,2.0,inner,False,,1.0,paired,35.0,13.0,,,,,
1916,N3,R_SIM,P_nat,logistic,HBP,2.0,,final,False,,1.0,paired,48.0,0.0,,,,,
1917,N3,R_SIM,P_nat,logistic,Hnoise,2.0,0.0,inner,False,,1.0,paired,34.0,14.0,,,,,
1918,N3,R_SIM,P_nat,logistic,Hnoise,2.0,1.0,inner,False,,1.0,paired,34.0,14.0,,,,,
1919,N3,R_SIM,P_nat,logistic,Hnoise,2.0,2.0,inner,False,,1.0,paired,35.0,13.0,,,,,
1920,N3,R_SIM,P_nat,logistic,Hnoise,2.0,,final,False,,1.0,paired,48.0,0.0,,,,,
1921,N3,R_SIM,P_nat,mlp32,H,2.0,0.0,inner,True,,,paired,34.0,14.0,0.001,,,,
1922,N3,R_SIM,P_nat,mlp32,H,2.0,1.0,inner,True,,,paired,34.0,14.0,0.001,,,,
1923,N3,R_SIM,P_nat,mlp32,H,2.0,2.0,inner,True,,,paired,35.0,13.0,0.001,,,,
1924,N3,R_SIM,P_nat,mlp32,H,2.0,,final,True,,,paired,48.0,0.0,0.001,,,,
1925,N3,R_SIM,P_nat,mlp32,HP,2.0,0.0,inner,True,,,paired,34.0,14.0,0.001,,,,
1926,N3,R_SIM,P_nat,mlp32,HP,2.0,1.0,inner,True,,,paired,34.0,14.0,0.001,,,,
1927,N3,R_SIM,P_nat,mlp32,HP,2.0,2.0,inner,True,,,paired,35.0,13.0,0.001,,,,
1928,N3,R_SIM,P_nat,mlp32,HP,2.0,,final,True,,,paired,48.0,0.0,0.001,,,,
1929,N3,R_SIM,P_nat,mlp32,HB,2.0,0.0,inner,True,,,paired,34.0,14.0,0.001,,,,
1930,N3,R_SIM,P_nat,mlp32,HB,2.0,1.0,inner,True,,,paired,34.0,14.0,0.001,,,,
1931,N3,R_SIM,P_nat,mlp32,HB,2.0,2.0,inner,True,,,paired,35.0,13.0,0.001,,,,
1932,N3,R_SIM,P_nat,mlp32,HB,2.0,,final,True,,,paired,48.0,0.0,0.001,,,,
1933,N3,R_SIM,P_nat,mlp32,HBP,2.0,0.0,inner,True,,,paired,34.0,14.0,0.001,,,,
1934,N3,R_SIM,P_nat,mlp32,HBP,2.0,1.0,inner,True,,,paired,34.0,14.0,0.001,,,,
1935,N3,R_SIM,P_nat,mlp32,HBP,2.0,2.0,inner,True,,,paired,35.0,13.0,0.001,,,,
1936,N3,R_SIM,P_nat,mlp32,HBP,2.0,,final,True,,,paired,48.0,0.0,0.001,,,,
1937,N3,R_SIM,P_nat,mlp32,Hnoise,2.0,0.0,inner,True,,,paired,34.0,14.0,0.001,,,,
1938,N3,R_SIM,P_nat,mlp32,Hnoise,2.0,1.0,inner,True,,,paired,34.0,14.0,0.001,,,,
1939,N3,R_SIM,P_nat,mlp32,Hnoise,2.0,2.0,inner,True,,,paired,35.0,13.0,0.001,,,,
1940,N3,R_SIM,P_nat,mlp32,Hnoise,2.0,,final,True,,,paired,48.0,0.0,0.001,,,,
1941,N3,R_SIM,P_bal,logistic,H,2.0,0.0,inner,False,,1.0,paired,34.0,14.0,,,,,
1942,N3,R_SIM,P_bal,logistic,H,2.0,1.0,inner,False,,1.0,paired,34.0,14.0,,,,,
1943,N3,R_SIM,P_bal,logistic,H,2.0,2.0,inner,False,,1.0,paired,35.0,13.0,,,,,
1944,N3,R_SIM,P_bal,logistic,H,2.0,,final,False,,1.0,paired,48.0,0.0,,,,,
1945,N3,R_SIM,P_bal,logistic,HP,2.0,0.0,inner,False,,1.0,paired,34.0,14.0,,,,,
1946,N3,R_SIM,P_bal,logistic,HP,2.0,1.0,inner,False,,1.0,paired,34.0,14.0,,,,,
1947,N3,R_SIM,P_bal,logistic,HP,2.0,2.0,inner,False,,1.0,paired,35.0,13.0,,,,,
1948,N3,R_SIM,P_bal,logistic,HP,2.0,,final,False,,1.0,paired,48.0,0.0,,,,,
1949,N3,R_SIM,P_bal,logistic,HB,2.0,0.0,inner,False,,1.0,paired,34.0,14.0,,,,,
1950,N3,R_SIM,P_bal,logistic,HB,2.0,1.0,inner,False,,1.0,paired,34.0,14.0,,,,,
1951,N3,R_SIM,P_bal,logistic,HB,2.0,2.0,inner,False,,1.0,paired,35.0,13.0,,,,,
1952,N3,R_SIM,P_bal,logistic,HB,2.0,,final,False,,1.0,paired,48.0,0.0,,,,,
1953,N3,R_SIM,P_bal,logistic,HBP,2.0,0.0,inner,False,,1.0,paired,34.0,14.0,,,,,
1954,N3,R_SIM,P_bal,logistic,HBP,2.0,1.0,inner,False,,1.0,paired,34.0,14.0,,,,,
1955,N3,R_SIM,P_bal,logistic,HBP,2.0,2.0,inner,False,,1.0,paired,35.0,13.0,,,,,
1956,N3,R_SIM,P_bal,logistic,HBP,2.0,,final,False,,1.0,paired,48.0,0.0,,,,,
1957,N3,R_SIM,P_bal,logistic,Hnoise,2.0,0.0,inner,False,,1.0,paired,34.0,14.0,,,,,
1958,N3,R_SIM,P_bal,logistic,Hnoise,2.0,1.0,inner,False,,1.0,paired,34.0,14.0,,,,,
1959,N3,R_SIM,P_bal,logistic,Hnoise,2.0,2.0,inner,False,,1.0,paired,35.0,13.0,,,,,
1960,N3,R_SIM,P_bal,logistic,Hnoise,2.0,,final,False,,1.0,paired,48.0,0.0,,,,,
1961,N3,R_SIM,P_bal,mlp32,H,2.0,0.0,inner,True,,,paired,34.0,14.0,0.001,,,,
1962,N3,R_SIM,P_bal,mlp32,H,2.0,1.0,inner,True,,,paired,34.0,14.0,0.001,,,,
1963,N3,R_SIM,P_bal,mlp32,H,2.0,2.0,inner,True,,,paired,35.0,13.0,0.001,,,,
1964,N3,R_SIM,P_bal,mlp32,H,2.0,,final,True,,,paired,48.0,0.0,0.001,,,,
1965,N3,R_SIM,P_bal,mlp32,HP,2.0,0.0,inner,True,,,paired,34.0,14.0,0.001,,,,
1966,N3,R_SIM,P_bal,mlp32,HP,2.0,1.0,inner,True,,,paired,34.0,14.0,0.001,,,,
1967,N3,R_SIM,P_bal,mlp32,HP,2.0,2.0,inner,True,,,paired,35.0,13.0,0.001,,,,
1968,N3,R_SIM,P_bal,mlp32,HP,2.0,,final,True,,,paired,48.0,0.0,0.001,,,,
1969,N3,R_SIM,P_bal,mlp32,HB,2.0,0.0,inner,True,,,paired,34.0,14.0,0.001,,,,
1970,N3,R_SIM,P_bal,mlp32,HB,2.0,1.0,inner,True,,,paired,34.0,14.0,0.001,,,,
1971,N3,R_SIM,P_bal,mlp32,HB,2.0,2.0,inner,True,,,paired,35.0,13.0,0.001,,,,
1972,N3,R_SIM,P_bal,mlp32,HB,2.0,,final,True,,,paired,48.0,0.0,0.001,,,,
1973,N3,R_SIM,P_bal,mlp32,HBP,2.0,0.0,inner,True,,,paired,34.0,14.0,0.001,,,,
1974,N3,R_SIM,P_bal,mlp32,HBP,2.0,1.0,inner,True,,,paired,34.0,14.0,0.001,,,,
1975,N3,R_SIM,P_bal,mlp32,HBP,2.0,2.0,inner,True,,,paired,35.0,13.0,0.001,,,,
1976,N3,R_SIM,P_bal,mlp32,HBP,2.0,,final,True,,,paired,48.0,0.0,0.001,,,,
1977,N3,R_SIM,P_bal,mlp32,Hnoise,2.0,0.0,inner,True,,,paired,34.0,14.0,0.001,,,,
1978,N3,R_SIM,P_bal,mlp32,Hnoise,2.0,1.0,inner,True,,,paired,34.0,14.0,0.001,,,,
1979,N3,R_SIM,P_bal,mlp32,Hnoise,2.0,2.0,inner,True,,,paired,35.0,13.0,0.001,,,,
1980,N3,R_SIM,P_bal,mlp32,Hnoise,2.0,,final,True,,,paired,48.0,0.0,0.001,,,,
1981,N3,R_SIM,P_nat,logistic,H,3.0,0.0,inner,False,,1.0,paired,34.0,14.0,,,,,
1982,N3,R_SIM,P_nat,logistic,H,3.0,1.0,inner,False,,1.0,paired,34.0,14.0,,,,,
1983,N3,R_SIM,P_nat,logistic,H,3.0,2.0,inner,False,,1.0,paired,35.0,13.0,,,,,
1984,N3,R_SIM,P_nat,logistic,H,3.0,,final,False,,1.0,paired,48.0,0.0,,,,,
1985,N3,R_SIM,P_nat,logistic,HP,3.0,0.0,inner,False,,1.0,paired,34.0,14.0,,,,,
1986,N3,R_SIM,P_nat,logistic,HP,3.0,1.0,inner,False,,1.0,paired,34.0,14.0,,,,,
1987,N3,R_SIM,P_nat,logistic,HP,3.0,2.0,inner,False,,1.0,paired,35.0,13.0,,,,,
1988,N3,R_SIM,P_nat,logistic,HP,3.0,,final,False,,1.0,paired,48.0,0.0,,,,,
1989,N3,R_SIM,P_nat,logistic,HB,3.0,0.0,inner,False,,1.0,paired,34.0,14.0,,,,,
1990,N3,R_SIM,P_nat,logistic,HB,3.0,1.0,inner,False,,1.0,paired,34.0,14.0,,,,,
1991,N3,R_SIM,P_nat,logistic,HB,3.0,2.0,inner,False,,1.0,paired,35.0,13.0,,,,,
1992,N3,R_SIM,P_nat,logistic,HB,3.0,,final,False,,1.0,paired,48.0,0.0,,,,,
1993,N3,R_SIM,P_nat,logistic,HBP,3.0,0.0,inner,False,,1.0,paired,34.0,14.0,,,,,
1994,N3,R_SIM,P_nat,logistic,HBP,3.0,1.0,inner,False,,1.0,paired,34.0,14.0,,,,,
1995,N3,R_SIM,P_nat,logistic,HBP,3.0,2.0,inner,False,,1.0,paired,35.0,13.0,,,,,
1996,N3,R_SIM,P_nat,logistic,HBP,3.0,,final,False,,1.0,paired,48.0,0.0,,,,,
1997,N3,R_SIM,P_nat,logistic,Hnoise,3.0,0.0,inner,False,,1.0,paired,34.0,14.0,,,,,
1998,N3,R_SIM,P_nat,logistic,Hnoise,3.0,1.0,inner,False,,1.0,paired,34.0,14.0,,,,,
1999,N3,R_SIM,P_nat,logistic,Hnoise,3.0,2.0,inner,False,,1.0,paired,35.0,13.0,,,,,
2000,N3,R_SIM,P_nat,logistic,Hnoise,3.0,,final,False,,1.0,paired,48.0,0.0,,,,,
2001,N3,R_SIM,P_nat,mlp32,H,3.0,0.0,inner,True,,,paired,34.0,14.0,0.001,,,,
2002,N3,R_SIM,P_nat,mlp32,H,3.0,1.0,inner,True,,,paired,34.0,14.0,0.001,,,,
2003,N3,R_SIM,P_nat,mlp32,H,3.0,2.0,inner,True,,,paired,35.0,13.0,0.001,,,,
2004,N3,R_SIM,P_nat,mlp32,H,3.0,,final,True,,,paired,48.0,0.0,0.001,,,,
2005,N3,R_SIM,P_nat,mlp32,HP,3.0,0.0,inner,True,,,paired,34.0,14.0,0.001,,,,
2006,N3,R_SIM,P_nat,mlp32,HP,3.0,1.0,inner,True,,,paired,34.0,14.0,0.001,,,,
2007,N3,R_SIM,P_nat,mlp32,HP,3.0,2.0,inner,True,,,paired,35.0,13.0,0.001,,,,
2008,N3,R_SIM,P_nat,mlp32,HP,3.0,,final,True,,,paired,48.0,0.0,0.001,,,,
2009,N3,R_SIM,P_nat,mlp32,HB,3.0,0.0,inner,True,,,paired,34.0,14.0,0.001,,,,
2010,N3,R_SIM,P_nat,mlp32,HB,3.0,1.0,inner,True,,,paired,34.0,14.0,0.001,,,,
2011,N3,R_SIM,P_nat,mlp32,HB,3.0,2.0,inner,True,,,paired,35.0,13.0,0.001,,,,
2012,N3,R_SIM,P_nat,mlp32,HB,3.0,,final,True,,,paired,48.0,0.0,0.001,,,,
2013,N3,R_SIM,P_nat,mlp32,HBP,3.0,0.0,inner,True,,,paired,34.0,14.0,0.001,,,,
2014,N3,R_SIM,P_nat,mlp32,HBP,3.0,1.0,inner,True,,,paired,34.0,14.0,0.001,,,,
2015,N3,R_SIM,P_nat,mlp32,HBP,3.0,2.0,inner,True,,,paired,35.0,13.0,0.001,,,,
2016,N3,R_SIM,P_nat,mlp32,HBP,3.0,,final,True,,,paired,48.0,0.0,0.001,,,,
2017,N3,R_SIM,P_nat,mlp32,Hnoise,3.0,0.0,inner,True,,,paired,34.0,14.0,0.001,,,,
2018,N3,R_SIM,P_nat,mlp32,Hnoise,3.0,1.0,inner,True,,,paired,34.0,14.0,0.001,,,,
2019,N3,R_SIM,P_nat,mlp32,Hnoise,3.0,2.0,inner,True,,,paired,35.0,13.0,0.001,,,,
2020,N3,R_SIM,P_nat,mlp32,Hnoise,3.0,,final,True,,,paired,48.0,0.0,0.001,,,,
2021,N3,R_SIM,P_bal,logistic,H,3.0,0.0,inner,False,,1.0,paired,34.0,14.0,,,,,
2022,N3,R_SIM,P_bal,logistic,H,3.0,1.0,inner,False,,1.0,paired,34.0,14.0,,,,,
2023,N3,R_SIM,P_bal,logistic,H,3.0,2.0,inner,False,,1.0,paired,35.0,13.0,,,,,
2024,N3,R_SIM,P_bal,logistic,H,3.0,,final,False,,1.0,paired,48.0,0.0,,,,,
2025,N3,R_SIM,P_bal,logistic,HP,3.0,0.0,inner,False,,1.0,paired,34.0,14.0,,,,,
2026,N3,R_SIM,P_bal,logistic,HP,3.0,1.0,inner,False,,1.0,paired,34.0,14.0,,,,,
2027,N3,R_SIM,P_bal,logistic,HP,3.0,2.0,inner,False,,1.0,paired,35.0,13.0,,,,,
2028,N3,R_SIM,P_bal,logistic,HP,3.0,,final,False,,1.0,paired,48.0,0.0,,,,,
2029,N3,R_SIM,P_bal,logistic,HB,3.0,0.0,inner,False,,1.0,paired,34.0,14.0,,,,,
2030,N3,R_SIM,P_bal,logistic,HB,3.0,1.0,inner,False,,1.0,paired,34.0,14.0,,,,,
2031,N3,R_SIM,P_bal,logistic,HB,3.0,2.0,inner,False,,1.0,paired,35.0,13.0,,,,,
2032,N3,R_SIM,P_bal,logistic,HB,3.0,,final,False,,1.0,paired,48.0,0.0,,,,,
2033,N3,R_SIM,P_bal,logistic,HBP,3.0,0.0,inner,False,,1.0,paired,34.0,14.0,,,,,
2034,N3,R_SIM,P_bal,logistic,HBP,3.0,1.0,inner,False,,1.0,paired,34.0,14.0,,,,,
2035,N3,R_SIM,P_bal,logistic,HBP,3.0,2.0,inner,False,,1.0,paired,35.0,13.0,,,,,
2036,N3,R_SIM,P_bal,logistic,HBP,3.0,,final,False,,1.0,paired,48.0,0.0,,,,,
2037,N3,R_SIM,P_bal,logistic,Hnoise,3.0,0.0,inner,False,,1.0,paired,34.0,14.0,,,,,
2038,N3,R_SIM,P_bal,logistic,Hnoise,3.0,1.0,inner,False,,1.0,paired,34.0,14.0,,,,,
2039,N3,R_SIM,P_bal,logistic,Hnoise,3.0,2.0,inner,False,,1.0,paired,35.0,13.0,,,,,
2040,N3,R_SIM,P_bal,logistic,Hnoise,3.0,,final,False,,1.0,paired,48.0,0.0,,,,,
2041,N3,R_SIM,P_bal,mlp32,H,3.0,0.0,inner,True,,,paired,34.0,14.0,0.001,,,,
2042,N3,R_SIM,P_bal,mlp32,H,3.0,1.0,inner,True,,,paired,34.0,14.0,0.001,,,,
2043,N3,R_SIM,P_bal,mlp32,H,3.0,2.0,inner,True,,,paired,35.0,13.0,0.001,,,,
2044,N3,R_SIM,P_bal,mlp32,H,3.0,,final,True,,,paired,48.0,0.0,0.001,,,,
2045,N3,R_SIM,P_bal,mlp32,HP,3.0,0.0,inner,True,,,paired,34.0,14.0,0.001,,,,
2046,N3,R_SIM,P_bal,mlp32,HP,3.0,1.0,inner,True,,,paired,34.0,14.0,0.001,,,,
2047,N3,R_SIM,P_bal,mlp32,HP,3.0,2.0,inner,True,,,paired,35.0,13.0,0.001,,,,
2048,N3,R_SIM,P_bal,mlp32,HP,3.0,,final,True,,,paired,48.0,0.0,0.001,,,,
2049,N3,R_SIM,P_bal,mlp32,HB,3.0,0.0,inner,True,,,paired,34.0,14.0,0.001,,,,
2050,N3,R_SIM,P_bal,mlp32,HB,3.0,1.0,inner,True,,,paired,34.0,14.0,0.001,,,,
2051,N3,R_SIM,P_bal,mlp32,HB,3.0,2.0,inner,True,,,paired,35.0,13.0,0.001,,,,
2052,N3,R_SIM,P_bal,mlp32,HB,3.0,,final,True,,,paired,48.0,0.0,0.001,,,,
2053,N3,R_SIM,P_bal,mlp32,HBP,3.0,0.0,inner,True,,,paired,34.0,14.0,0.001,,,,
2054,N3,R_SIM,P_bal,mlp32,HBP,3.0,1.0,inner,True,,,paired,34.0,14.0,0.001,,,,
2055,N3,R_SIM,P_bal,mlp32,HBP,3.0,2.0,inner,True,,,paired,35.0,13.0,0.001,,,,
2056,N3,R_SIM,P_bal,mlp32,HBP,3.0,,final,True,,,paired,48.0,0.0,0.001,,,,
2057,N3,R_SIM,P_bal,mlp32,Hnoise,3.0,0.0,inner,True,,,paired,34.0,14.0,0.001,,,,
2058,N3,R_SIM,P_bal,mlp32,Hnoise,3.0,1.0,inner,True,,,paired,34.0,14.0,0.001,,,,
2059,N3,R_SIM,P_bal,mlp32,Hnoise,3.0,2.0,inner,True,,,paired,35.0,13.0,0.001,,,,
2060,N3,R_SIM,P_bal,mlp32,Hnoise,3.0,,final,True,,,paired,48.0,0.0,0.001,,,,
2061,N3,R_SIM,P_nat,logistic,H,4.0,0.0,inner,False,,1.0,paired,34.0,14.0,,,,,
2062,N3,R_SIM,P_nat,logistic,H,4.0,1.0,inner,False,,1.0,paired,34.0,14.0,,,,,
2063,N3,R_SIM,P_nat,logistic,H,4.0,2.0,inner,False,,1.0,paired,35.0,13.0,,,,,
2064,N3,R_SIM,P_nat,logistic,H,4.0,,final,False,,1.0,paired,48.0,0.0,,,,,
2065,N3,R_SIM,P_nat,logistic,HP,4.0,0.0,inner,False,,1.0,paired,34.0,14.0,,,,,
2066,N3,R_SIM,P_nat,logistic,HP,4.0,1.0,inner,False,,1.0,paired,34.0,14.0,,,,,
2067,N3,R_SIM,P_nat,logistic,HP,4.0,2.0,inner,False,,1.0,paired,35.0,13.0,,,,,
2068,N3,R_SIM,P_nat,logistic,HP,4.0,,final,False,,1.0,paired,48.0,0.0,,,,,
2069,N3,R_SIM,P_nat,logistic,HB,4.0,0.0,inner,False,,1.0,paired,34.0,14.0,,,,,
2070,N3,R_SIM,P_nat,logistic,HB,4.0,1.0,inner,False,,1.0,paired,34.0,14.0,,,,,
2071,N3,R_SIM,P_nat,logistic,HB,4.0,2.0,inner,False,,1.0,paired,35.0,13.0,,,,,
2072,N3,R_SIM,P_nat,logistic,HB,4.0,,final,False,,1.0,paired,48.0,0.0,,,,,
2073,N3,R_SIM,P_nat,logistic,HBP,4.0,0.0,inner,False,,1.0,paired,34.0,14.0,,,,,
2074,N3,R_SIM,P_nat,logistic,HBP,4.0,1.0,inner,False,,1.0,paired,34.0,14.0,,,,,
2075,N3,R_SIM,P_nat,logistic,HBP,4.0,2.0,inner,False,,1.0,paired,35.0,13.0,,,,,
2076,N3,R_SIM,P_nat,logistic,HBP,4.0,,final,False,,1.0,paired,48.0,0.0,,,,,
2077,N3,R_SIM,P_nat,logistic,Hnoise,4.0,0.0,inner,False,,1.0,paired,34.0,14.0,,,,,
2078,N3,R_SIM,P_nat,logistic,Hnoise,4.0,1.0,inner,False,,1.0,paired,34.0,14.0,,,,,
2079,N3,R_SIM,P_nat,logistic,Hnoise,4.0,2.0,inner,False,,1.0,paired,35.0,13.0,,,,,
2080,N3,R_SIM,P_nat,logistic,Hnoise,4.0,,final,False,,1.0,paired,48.0,0.0,,,,,
2081,N3,R_SIM,P_nat,mlp32,H,4.0,0.0,inner,True,,,paired,34.0,14.0,0.001,,,,
2082,N3,R_SIM,P_nat,mlp32,H,4.0,1.0,inner,True,,,paired,34.0,14.0,0.001,,,,
2083,N3,R_SIM,P_nat,mlp32,H,4.0,2.0,inner,True,,,paired,35.0,13.0,0.001,,,,
2084,N3,R_SIM,P_nat,mlp32,H,4.0,,final,True,,,paired,48.0,0.0,0.001,,,,
2085,N3,R_SIM,P_nat,mlp32,HP,4.0,0.0,inner,True,,,paired,34.0,14.0,0.001,,,,
2086,N3,R_SIM,P_nat,mlp32,HP,4.0,1.0,inner,True,,,paired,34.0,14.0,0.001,,,,
2087,N3,R_SIM,P_nat,mlp32,HP,4.0,2.0,inner,True,,,paired,35.0,13.0,0.001,,,,
2088,N3,R_SIM,P_nat,mlp32,HP,4.0,,final,True,,,paired,48.0,0.0,0.001,,,,
2089,N3,R_SIM,P_nat,mlp32,HB,4.0,0.0,inner,True,,,paired,34.0,14.0,0.001,,,,
2090,N3,R_SIM,P_nat,mlp32,HB,4.0,1.0,inner,True,,,paired,34.0,14.0,0.001,,,,
2091,N3,R_SIM,P_nat,mlp32,HB,4.0,2.0,inner,True,,,paired,35.0,13.0,0.001,,,,
2092,N3,R_SIM,P_nat,mlp32,HB,4.0,,final,True,,,paired,48.0,0.0,0.001,,,,
2093,N3,R_SIM,P_nat,mlp32,HBP,4.0,0.0,inner,True,,,paired,34.0,14.0,0.001,,,,
2094,N3,R_SIM,P_nat,mlp32,HBP,4.0,1.0,inner,True,,,paired,34.0,14.0,0.001,,,,
2095,N3,R_SIM,P_nat,mlp32,HBP,4.0,2.0,inner,True,,,paired,35.0,13.0,0.001,,,,
2096,N3,R_SIM,P_nat,mlp32,HBP,4.0,,final,True,,,paired,48.0,0.0,0.001,,,,
2097,N3,R_SIM,P_nat,mlp32,Hnoise,4.0,0.0,inner,True,,,paired,34.0,14.0,0.001,,,,
2098,N3,R_SIM,P_nat,mlp32,Hnoise,4.0,1.0,inner,True,,,paired,34.0,14.0,0.001,,,,
2099,N3,R_SIM,P_nat,mlp32,Hnoise,4.0,2.0,inner,True,,,paired,35.0,13.0,0.001,,,,
2100,N3,R_SIM,P_nat,mlp32,Hnoise,4.0,,final,True,,,paired,48.0,0.0,0.001,,,,
2101,N3,R_SIM,P_bal,logistic,H,4.0,0.0,inner,False,,1.0,paired,34.0,14.0,,,,,
2102,N3,R_SIM,P_bal,logistic,H,4.0,1.0,inner,False,,1.0,paired,34.0,14.0,,,,,
2103,N3,R_SIM,P_bal,logistic,H,4.0,2.0,inner,False,,1.0,paired,35.0,13.0,,,,,
2104,N3,R_SIM,P_bal,logistic,H,4.0,,final,False,,1.0,paired,48.0,0.0,,,,,
2105,N3,R_SIM,P_bal,logistic,HP,4.0,0.0,inner,False,,1.0,paired,34.0,14.0,,,,,
2106,N3,R_SIM,P_bal,logistic,HP,4.0,1.0,inner,False,,1.0,paired,34.0,14.0,,,,,
2107,N3,R_SIM,P_bal,logistic,HP,4.0,2.0,inner,False,,1.0,paired,35.0,13.0,,,,,
2108,N3,R_SIM,P_bal,logistic,HP,4.0,,final,False,,1.0,paired,48.0,0.0,,,,,
2109,N3,R_SIM,P_bal,logistic,HB,4.0,0.0,inner,False,,1.0,paired,34.0,14.0,,,,,
2110,N3,R_SIM,P_bal,logistic,HB,4.0,1.0,inner,False,,1.0,paired,34.0,14.0,,,,,
2111,N3,R_SIM,P_bal,logistic,HB,4.0,2.0,inner,False,,1.0,paired,35.0,13.0,,,,,
2112,N3,R_SIM,P_bal,logistic,HB,4.0,,final,False,,1.0,paired,48.0,0.0,,,,,
2113,N3,R_SIM,P_bal,logistic,HBP,4.0,0.0,inner,False,,1.0,paired,34.0,14.0,,,,,
2114,N3,R_SIM,P_bal,logistic,HBP,4.0,1.0,inner,False,,1.0,paired,34.0,14.0,,,,,
2115,N3,R_SIM,P_bal,logistic,HBP,4.0,2.0,inner,False,,1.0,paired,35.0,13.0,,,,,
2116,N3,R_SIM,P_bal,logistic,HBP,4.0,,final,False,,1.0,paired,48.0,0.0,,,,,
2117,N3,R_SIM,P_bal,logistic,Hnoise,4.0,0.0,inner,False,,1.0,paired,34.0,14.0,,,,,
2118,N3,R_SIM,P_bal,logistic,Hnoise,4.0,1.0,inner,False,,1.0,paired,34.0,14.0,,,,,
2119,N3,R_SIM,P_bal,logistic,Hnoise,4.0,2.0,inner,False,,1.0,paired,35.0,13.0,,,,,
2120,N3,R_SIM,P_bal,logistic,Hnoise,4.0,,final,False,,1.0,paired,48.0,0.0,,,,,
2121,N3,R_SIM,P_bal,mlp32,H,4.0,0.0,inner,True,,,paired,34.0,14.0,0.001,,,,
2122,N3,R_SIM,P_bal,mlp32,H,4.0,1.0,inner,True,,,paired,34.0,14.0,0.001,,,,
2123,N3,R_SIM,P_bal,mlp32,H,4.0,2.0,inner,True,,,paired,35.0,13.0,0.001,,,,
2124,N3,R_SIM,P_bal,mlp32,H,4.0,,final,True,,,paired,48.0,0.0,0.001,,,,
2125,N3,R_SIM,P_bal,mlp32,HP,4.0,0.0,inner,True,,,paired,34.0,14.0,0.001,,,,
2126,N3,R_SIM,P_bal,mlp32,HP,4.0,1.0,inner,True,,,paired,34.0,14.0,0.001,,,,
2127,N3,R_SIM,P_bal,mlp32,HP,4.0,2.0,inner,True,,,paired,35.0,13.0,0.001,,,,
2128,N3,R_SIM,P_bal,mlp32,HP,4.0,,final,True,,,paired,48.0,0.0,0.001,,,,
2129,N3,R_SIM,P_bal,mlp32,HB,4.0,0.0,inner,True,,,paired,34.0,14.0,0.001,,,,
2130,N3,R_SIM,P_bal,mlp32,HB,4.0,1.0,inner,True,,,paired,34.0,14.0,0.001,,,,
2131,N3,R_SIM,P_bal,mlp32,HB,4.0,2.0,inner,True,,,paired,35.0,13.0,0.001,,,,
2132,N3,R_SIM,P_bal,mlp32,HB,4.0,,final,True,,,paired,48.0,0.0,0.001,,,,
2133,N3,R_SIM,P_bal,mlp32,HBP,4.0,0.0,inner,True,,,paired,34.0,14.0,0.001,,,,
2134,N3,R_SIM,P_bal,mlp32,HBP,4.0,1.0,inner,True,,,paired,34.0,14.0,0.001,,,,
2135,N3,R_SIM,P_bal,mlp32,HBP,4.0,2.0,inner,True,,,paired,35.0,13.0,0.001,,,,
2136,N3,R_SIM,P_bal,mlp32,HBP,4.0,,final,True,,,paired,48.0,0.0,0.001,,,,
2137,N3,R_SIM,P_bal,mlp32,Hnoise,4.0,0.0,inner,True,,,paired,34.0,14.0,0.001,,,,
2138,N3,R_SIM,P_bal,mlp32,Hnoise,4.0,1.0,inner,True,,,paired,34.0,14.0,0.001,,,,
2139,N3,R_SIM,P_bal,mlp32,Hnoise,4.0,2.0,inner,True,,,paired,35.0,13.0,0.001,,,,
2140,N3,R_SIM,P_bal,mlp32,Hnoise,4.0,,final,True,,,paired,48.0,0.0,0.001,,,,
2141,N3,L0,P_nat,logistic,H,0.0,0.0,inner,False,,1.0,paired,34.0,14.0,,,,,
2142,N3,L0,P_nat,logistic,H,0.0,1.0,inner,False,,1.0,paired,35.0,13.0,,,,,
2143,N3,L0,P_nat,logistic,H,0.0,2.0,inner,False,,1.0,paired,35.0,13.0,,,,,
2144,N3,L0,P_nat,logistic,H,0.0,,final,False,,1.0,paired,48.0,0.0,,,,,
2145,N3,L0,P_nat,logistic,HP,0.0,0.0,inner,False,,1.0,paired,34.0,14.0,,,,,
2146,N3,L0,P_nat,logistic,HP,0.0,1.0,inner,False,,1.0,paired,35.0,13.0,,,,,
2147,N3,L0,P_nat,logistic,HP,0.0,2.0,inner,False,,1.0,paired,35.0,13.0,,,,,
2148,N3,L0,P_nat,logistic,HP,0.0,,final,False,,1.0,paired,48.0,0.0,,,,,
2149,N3,L0,P_nat,logistic,HB,0.0,0.0,inner,False,,1.0,paired,34.0,14.0,,,,,
2150,N3,L0,P_nat,logistic,HB,0.0,1.0,inner,False,,1.0,paired,35.0,13.0,,,,,
2151,N3,L0,P_nat,logistic,HB,0.0,2.0,inner,False,,1.0,paired,35.0,13.0,,,,,
2152,N3,L0,P_nat,logistic,HB,0.0,,final,False,,1.0,paired,48.0,0.0,,,,,
2153,N3,L0,P_nat,logistic,HBP,0.0,0.0,inner,False,,1.0,paired,34.0,14.0,,,,,
2154,N3,L0,P_nat,logistic,HBP,0.0,1.0,inner,False,,1.0,paired,35.0,13.0,,,,,
2155,N3,L0,P_nat,logistic,HBP,0.0,2.0,inner,False,,1.0,paired,35.0,13.0,,,,,
2156,N3,L0,P_nat,logistic,HBP,0.0,,final,False,,1.0,paired,48.0,0.0,,,,,
2157,N3,L0,P_nat,logistic,Hnoise,0.0,0.0,inner,False,,1.0,paired,34.0,14.0,,,,,
2158,N3,L0,P_nat,logistic,Hnoise,0.0,1.0,inner,False,,1.0,paired,35.0,13.0,,,,,
2159,N3,L0,P_nat,logistic,Hnoise,0.0,2.0,inner,False,,1.0,paired,35.0,13.0,,,,,
2160,N3,L0,P_nat,logistic,Hnoise,0.0,,final,False,,1.0,paired,48.0,0.0,,,,,
2161,N3,L0,P_bal,logistic,H,0.0,0.0,inner,False,,1.0,paired,34.0,14.0,,,,,
2162,N3,L0,P_bal,logistic,H,0.0,1.0,inner,False,,1.0,paired,35.0,13.0,,,,,
2163,N3,L0,P_bal,logistic,H,0.0,2.0,inner,False,,1.0,paired,35.0,13.0,,,,,
2164,N3,L0,P_bal,logistic,H,0.0,,final,False,,1.0,paired,48.0,0.0,,,,,
2165,N3,L0,P_bal,logistic,HP,0.0,0.0,inner,False,,1.0,paired,34.0,14.0,,,,,
2166,N3,L0,P_bal,logistic,HP,0.0,1.0,inner,False,,1.0,paired,35.0,13.0,,,,,
2167,N3,L0,P_bal,logistic,HP,0.0,2.0,inner,False,,1.0,paired,35.0,13.0,,,,,
2168,N3,L0,P_bal,logistic,HP,0.0,,final,False,,1.0,paired,48.0,0.0,,,,,
2169,N3,L0,P_bal,logistic,HB,0.0,0.0,inner,False,,1.0,paired,34.0,14.0,,,,,
2170,N3,L0,P_bal,logistic,HB,0.0,1.0,inner,False,,1.0,paired,35.0,13.0,,,,,
2171,N3,L0,P_bal,logistic,HB,0.0,2.0,inner,False,,1.0,paired,35.0,13.0,,,,,
2172,N3,L0,P_bal,logistic,HB,0.0,,final,False,,1.0,paired,48.0,0.0,,,,,
2173,N3,L0,P_bal,logistic,HBP,0.0,0.0,inner,False,,1.0,paired,34.0,14.0,,,,,
2174,N3,L0,P_bal,logistic,HBP,0.0,1.0,inner,False,,1.0,paired,35.0,13.0,,,,,
2175,N3,L0,P_bal,logistic,HBP,0.0,2.0,inner,False,,1.0,paired,35.0,13.0,,,,,
2176,N3,L0,P_bal,logistic,HBP,0.0,,final,False,,1.0,paired,48.0,0.0,,,,,
2177,N3,L0,P_bal,logistic,Hnoise,0.0,0.0,inner,False,,1.0,paired,34.0,14.0,,,,,
2178,N3,L0,P_bal,logistic,Hnoise,0.0,1.0,inner,False,,1.0,paired,35.0,13.0,,,,,
2179,N3,L0,P_bal,logistic,Hnoise,0.0,2.0,inner,False,,1.0,paired,35.0,13.0,,,,,
2180,N3,L0,P_bal,logistic,Hnoise,0.0,,final,False,,1.0,paired,48.0,0.0,,,,,
2181,N3,L0,P_nat,logistic,H,1.0,0.0,inner,False,,1.0,paired,34.0,14.0,,,,,
2182,N3,L0,P_nat,logistic,H,1.0,1.0,inner,False,,1.0,paired,34.0,14.0,,,,,
2183,N3,L0,P_nat,logistic,H,1.0,2.0,inner,False,,1.0,paired,35.0,13.0,,,,,
2184,N3,L0,P_nat,logistic,H,1.0,,final,False,,1.0,paired,48.0,0.0,,,,,
2185,N3,L0,P_nat,logistic,HP,1.0,0.0,inner,False,,1.0,paired,34.0,14.0,,,,,
2186,N3,L0,P_nat,logistic,HP,1.0,1.0,inner,False,,1.0,paired,34.0,14.0,,,,,
2187,N3,L0,P_nat,logistic,HP,1.0,2.0,inner,False,,1.0,paired,35.0,13.0,,,,,
2188,N3,L0,P_nat,logistic,HP,1.0,,final,False,,1.0,paired,48.0,0.0,,,,,
2189,N3,L0,P_nat,logistic,HB,1.0,0.0,inner,False,,1.0,paired,34.0,14.0,,,,,
2190,N3,L0,P_nat,logistic,HB,1.0,1.0,inner,False,,1.0,paired,34.0,14.0,,,,,
2191,N3,L0,P_nat,logistic,HB,1.0,2.0,inner,False,,1.0,paired,35.0,13.0,,,,,
2192,N3,L0,P_nat,logistic,HB,1.0,,final,False,,1.0,paired,48.0,0.0,,,,,
2193,N3,L0,P_nat,logistic,HBP,1.0,0.0,inner,False,,1.0,paired,34.0,14.0,,,,,
2194,N3,L0,P_nat,logistic,HBP,1.0,1.0,inner,False,,1.0,paired,34.0,14.0,,,,,
2195,N3,L0,P_nat,logistic,HBP,1.0,2.0,inner,False,,1.0,paired,35.0,13.0,,,,,
2196,N3,L0,P_nat,logistic,HBP,1.0,,final,False,,1.0,paired,48.0,0.0,,,,,
2197,N3,L0,P_nat,logistic,Hnoise,1.0,0.0,inner,False,,1.0,paired,34.0,14.0,,,,,
2198,N3,L0,P_nat,logistic,Hnoise,1.0,1.0,inner,False,,1.0,paired,34.0,14.0,,,,,
2199,N3,L0,P_nat,logistic,Hnoise,1.0,2.0,inner,False,,1.0,paired,35.0,13.0,,,,,
2200,N3,L0,P_nat,logistic,Hnoise,1.0,,final,False,,1.0,paired,48.0,0.0,,,,,
2201,N3,L0,P_bal,logistic,H,1.0,0.0,inner,False,,1.0,paired,34.0,14.0,,,,,
2202,N3,L0,P_bal,logistic,H,1.0,1.0,inner,False,,1.0,paired,34.0,14.0,,,,,
2203,N3,L0,P_bal,logistic,H,1.0,2.0,inner,False,,1.0,paired,35.0,13.0,,,,,
2204,N3,L0,P_bal,logistic,H,1.0,,final,False,,1.0,paired,48.0,0.0,,,,,
2205,N3,L0,P_bal,logistic,HP,1.0,0.0,inner,False,,1.0,paired,34.0,14.0,,,,,
2206,N3,L0,P_bal,logistic,HP,1.0,1.0,inner,False,,1.0,paired,34.0,14.0,,,,,
2207,N3,L0,P_bal,logistic,HP,1.0,2.0,inner,False,,1.0,paired,35.0,13.0,,,,,
2208,N3,L0,P_bal,logistic,HP,1.0,,final,False,,1.0,paired,48.0,0.0,,,,,
2209,N3,L0,P_bal,logistic,HB,1.0,0.0,inner,False,,1.0,paired,34.0,14.0,,,,,
2210,N3,L0,P_bal,logistic,HB,1.0,1.0,inner,False,,1.0,paired,34.0,14.0,,,,,
2211,N3,L0,P_bal,logistic,HB,1.0,2.0,inner,False,,1.0,paired,35.0,13.0,,,,,
2212,N3,L0,P_bal,logistic,HB,1.0,,final,False,,1.0,paired,48.0,0.0,,,,,
2213,N3,L0,P_bal,logistic,HBP,1.0,0.0,inner,False,,1.0,paired,34.0,14.0,,,,,
2214,N3,L0,P_bal,logistic,HBP,1.0,1.0,inner,False,,1.0,paired,34.0,14.0,,,,,
2215,N3,L0,P_bal,logistic,HBP,1.0,2.0,inner,False,,1.0,paired,35.0,13.0,,,,,
2216,N3,L0,P_bal,logistic,HBP,1.0,,final,False,,1.0,paired,48.0,0.0,,,,,
2217,N3,L0,P_bal,logistic,Hnoise,1.0,0.0,inner,False,,1.0,paired,34.0,14.0,,,,,
2218,N3,L0,P_bal,logistic,Hnoise,1.0,1.0,inner,False,,1.0,paired,34.0,14.0,,,,,
2219,N3,L0,P_bal,logistic,Hnoise,1.0,2.0,inner,False,,1.0,paired,35.0,13.0,,,,,
2220,N3,L0,P_bal,logistic,Hnoise,1.0,,final,False,,1.0,paired,48.0,0.0,,,,,
2221,N3,L0,P_nat,logistic,H,2.0,0.0,inner,False,,1.0,paired,34.0,14.0,,,,,
2222,N3,L0,P_nat,logistic,H,2.0,1.0,inner,False,,1.0,paired,34.0,14.0,,,,,
2223,N3,L0,P_nat,logistic,H,2.0,2.0,inner,False,,1.0,paired,35.0,13.0,,,,,
2224,N3,L0,P_nat,logistic,H,2.0,,final,False,,1.0,paired,48.0,0.0,,,,,
2225,N3,L0,P_nat,logistic,HP,2.0,0.0,inner,False,,1.0,paired,34.0,14.0,,,,,
2226,N3,L0,P_nat,logistic,HP,2.0,1.0,inner,False,,1.0,paired,34.0,14.0,,,,,
2227,N3,L0,P_nat,logistic,HP,2.0,2.0,inner,False,,1.0,paired,35.0,13.0,,,,,
2228,N3,L0,P_nat,logistic,HP,2.0,,final,False,,1.0,paired,48.0,0.0,,,,,
2229,N3,L0,P_nat,logistic,HB,2.0,0.0,inner,False,,1.0,paired,34.0,14.0,,,,,
2230,N3,L0,P_nat,logistic,HB,2.0,1.0,inner,False,,1.0,paired,34.0,14.0,,,,,
2231,N3,L0,P_nat,logistic,HB,2.0,2.0,inner,False,,1.0,paired,35.0,13.0,,,,,
2232,N3,L0,P_nat,logistic,HB,2.0,,final,False,,1.0,paired,48.0,0.0,,,,,
2233,N3,L0,P_nat,logistic,HBP,2.0,0.0,inner,False,,1.0,paired,34.0,14.0,,,,,
2234,N3,L0,P_nat,logistic,HBP,2.0,1.0,inner,False,,1.0,paired,34.0,14.0,,,,,
2235,N3,L0,P_nat,logistic,HBP,2.0,2.0,inner,False,,1.0,paired,35.0,13.0,,,,,
2236,N3,L0,P_nat,logistic,HBP,2.0,,final,False,,1.0,paired,48.0,0.0,,,,,
2237,N3,L0,P_nat,logistic,Hnoise,2.0,0.0,inner,False,,1.0,paired,34.0,14.0,,,,,
2238,N3,L0,P_nat,logistic,Hnoise,2.0,1.0,inner,False,,1.0,paired,34.0,14.0,,,,,
2239,N3,L0,P_nat,logistic,Hnoise,2.0,2.0,inner,False,,1.0,paired,35.0,13.0,,,,,
2240,N3,L0,P_nat,logistic,Hnoise,2.0,,final,False,,1.0,paired,48.0,0.0,,,,,
2241,N3,L0,P_bal,logistic,H,2.0,0.0,inner,False,,1.0,paired,34.0,14.0,,,,,
2242,N3,L0,P_bal,logistic,H,2.0,1.0,inner,False,,1.0,paired,34.0,14.0,,,,,
2243,N3,L0,P_bal,logistic,H,2.0,2.0,inner,False,,1.0,paired,35.0,13.0,,,,,
2244,N3,L0,P_bal,logistic,H,2.0,,final,False,,1.0,paired,48.0,0.0,,,,,
2245,N3,L0,P_bal,logistic,HP,2.0,0.0,inner,False,,1.0,paired,34.0,14.0,,,,,
2246,N3,L0,P_bal,logistic,HP,2.0,1.0,inner,False,,1.0,paired,34.0,14.0,,,,,
2247,N3,L0,P_bal,logistic,HP,2.0,2.0,inner,False,,1.0,paired,35.0,13.0,,,,,
2248,N3,L0,P_bal,logistic,HP,2.0,,final,False,,1.0,paired,48.0,0.0,,,,,
2249,N3,L0,P_bal,logistic,HB,2.0,0.0,inner,False,,1.0,paired,34.0,14.0,,,,,
2250,N3,L0,P_bal,logistic,HB,2.0,1.0,inner,False,,1.0,paired,34.0,14.0,,,,,
2251,N3,L0,P_bal,logistic,HB,2.0,2.0,inner,False,,1.0,paired,35.0,13.0,,,,,
2252,N3,L0,P_bal,logistic,HB,2.0,,final,False,,1.0,paired,48.0,0.0,,,,,
2253,N3,L0,P_bal,logistic,HBP,2.0,0.0,inner,False,,1.0,paired,34.0,14.0,,,,,
2254,N3,L0,P_bal,logistic,HBP,2.0,1.0,inner,False,,1.0,paired,34.0,14.0,,,,,
2255,N3,L0,P_bal,logistic,HBP,2.0,2.0,inner,False,,1.0,paired,35.0,13.0,,,,,
2256,N3,L0,P_bal,logistic,HBP,2.0,,final,False,,1.0,paired,48.0,0.0,,,,,
2257,N3,L0,P_bal,logistic,Hnoise,2.0,0.0,inner,False,,1.0,paired,34.0,14.0,,,,,
2258,N3,L0,P_bal,logistic,Hnoise,2.0,1.0,inner,False,,1.0,paired,34.0,14.0,,,,,
2259,N3,L0,P_bal,logistic,Hnoise,2.0,2.0,inner,False,,1.0,paired,35.0,13.0,,,,,
2260,N3,L0,P_bal,logistic,Hnoise,2.0,,final,False,,1.0,paired,48.0,0.0,,,,,
2261,N3,L0,P_nat,logistic,H,3.0,0.0,inner,False,,1.0,paired,34.0,14.0,,,,,
2262,N3,L0,P_nat,logistic,H,3.0,1.0,inner,False,,1.0,paired,34.0,14.0,,,,,
2263,N3,L0,P_nat,logistic,H,3.0,2.0,inner,False,,1.0,paired,35.0,13.0,,,,,
2264,N3,L0,P_nat,logistic,H,3.0,,final,False,,1.0,paired,48.0,0.0,,,,,
2265,N3,L0,P_nat,logistic,HP,3.0,0.0,inner,False,,1.0,paired,34.0,14.0,,,,,
2266,N3,L0,P_nat,logistic,HP,3.0,1.0,inner,False,,1.0,paired,34.0,14.0,,,,,
2267,N3,L0,P_nat,logistic,HP,3.0,2.0,inner,False,,1.0,paired,35.0,13.0,,,,,
2268,N3,L0,P_nat,logistic,HP,3.0,,final,False,,1.0,paired,48.0,0.0,,,,,
2269,N3,L0,P_nat,logistic,HB,3.0,0.0,inner,False,,1.0,paired,34.0,14.0,,,,,
2270,N3,L0,P_nat,logistic,HB,3.0,1.0,inner,False,,1.0,paired,34.0,14.0,,,,,
2271,N3,L0,P_nat,logistic,HB,3.0,2.0,inner,False,,1.0,paired,35.0,13.0,,,,,
2272,N3,L0,P_nat,logistic,HB,3.0,,final,False,,1.0,paired,48.0,0.0,,,,,
2273,N3,L0,P_nat,logistic,HBP,3.0,0.0,inner,False,,1.0,paired,34.0,14.0,,,,,
2274,N3,L0,P_nat,logistic,HBP,3.0,1.0,inner,False,,1.0,paired,34.0,14.0,,,,,
2275,N3,L0,P_nat,logistic,HBP,3.0,2.0,inner,False,,1.0,paired,35.0,13.0,,,,,
2276,N3,L0,P_nat,logistic,HBP,3.0,,final,False,,1.0,paired,48.0,0.0,,,,,
2277,N3,L0,P_nat,logistic,Hnoise,3.0,0.0,inner,False,,1.0,paired,34.0,14.0,,,,,
2278,N3,L0,P_nat,logistic,Hnoise,3.0,1.0,inner,False,,1.0,paired,34.0,14.0,,,,,
2279,N3,L0,P_nat,logistic,Hnoise,3.0,2.0,inner,False,,1.0,paired,35.0,13.0,,,,,
2280,N3,L0,P_nat,logistic,Hnoise,3.0,,final,False,,1.0,paired,48.0,0.0,,,,,
2281,N3,L0,P_bal,logistic,H,3.0,0.0,inner,False,,1.0,paired,34.0,14.0,,,,,
2282,N3,L0,P_bal,logistic,H,3.0,1.0,inner,False,,1.0,paired,34.0,14.0,,,,,
2283,N3,L0,P_bal,logistic,H,3.0,2.0,inner,False,,1.0,paired,35.0,13.0,,,,,
2284,N3,L0,P_bal,logistic,H,3.0,,final,False,,1.0,paired,48.0,0.0,,,,,
2285,N3,L0,P_bal,logistic,HP,3.0,0.0,inner,False,,1.0,paired,34.0,14.0,,,,,
2286,N3,L0,P_bal,logistic,HP,3.0,1.0,inner,False,,1.0,paired,34.0,14.0,,,,,
2287,N3,L0,P_bal,logistic,HP,3.0,2.0,inner,False,,1.0,paired,35.0,13.0,,,,,
2288,N3,L0,P_bal,logistic,HP,3.0,,final,False,,1.0,paired,48.0,0.0,,,,,
2289,N3,L0,P_bal,logistic,HB,3.0,0.0,inner,False,,1.0,paired,34.0,14.0,,,,,
2290,N3,L0,P_bal,logistic,HB,3.0,1.0,inner,False,,1.0,paired,34.0,14.0,,,,,
2291,N3,L0,P_bal,logistic,HB,3.0,2.0,inner,False,,1.0,paired,35.0,13.0,,,,,
2292,N3,L0,P_bal,logistic,HB,3.0,,final,False,,1.0,paired,48.0,0.0,,,,,
2293,N3,L0,P_bal,logistic,HBP,3.0,0.0,inner,False,,1.0,paired,34.0,14.0,,,,,
2294,N3,L0,P_bal,logistic,HBP,3.0,1.0,inner,False,,1.0,paired,34.0,14.0,,,,,
2295,N3,L0,P_bal,logistic,HBP,3.0,2.0,inner,False,,1.0,paired,35.0,13.0,,,,,
2296,N3,L0,P_bal,logistic,HBP,3.0,,final,False,,1.0,paired,48.0,0.0,,,,,
2297,N3,L0,P_bal,logistic,Hnoise,3.0,0.0,inner,False,,1.0,paired,34.0,14.0,,,,,
2298,N3,L0,P_bal,logistic,Hnoise,3.0,1.0,inner,False,,1.0,paired,34.0,14.0,,,,,
2299,N3,L0,P_bal,logistic,Hnoise,3.0,2.0,inner,False,,1.0,paired,35.0,13.0,,,,,
2300,N3,L0,P_bal,logistic,Hnoise,3.0,,final,False,,1.0,paired,48.0,0.0,,,,,
2301,N3,L0,P_nat,logistic,H,4.0,0.0,inner,False,,1.0,paired,34.0,14.0,,,,,
2302,N3,L0,P_nat,logistic,H,4.0,1.0,inner,False,,1.0,paired,34.0,14.0,,,,,
2303,N3,L0,P_nat,logistic,H,4.0,2.0,inner,False,,1.0,paired,35.0,13.0,,,,,
2304,N3,L0,P_nat,logistic,H,4.0,,final,False,,1.0,paired,48.0,0.0,,,,,
2305,N3,L0,P_nat,logistic,HP,4.0,0.0,inner,False,,1.0,paired,34.0,14.0,,,,,
2306,N3,L0,P_nat,logistic,HP,4.0,1.0,inner,False,,1.0,paired,34.0,14.0,,,,,
2307,N3,L0,P_nat,logistic,HP,4.0,2.0,inner,False,,1.0,paired,35.0,13.0,,,,,
2308,N3,L0,P_nat,logistic,HP,4.0,,final,False,,1.0,paired,48.0,0.0,,,,,
2309,N3,L0,P_nat,logistic,HB,4.0,0.0,inner,False,,1.0,paired,34.0,14.0,,,,,
2310,N3,L0,P_nat,logistic,HB,4.0,1.0,inner,False,,1.0,paired,34.0,14.0,,,,,
2311,N3,L0,P_nat,logistic,HB,4.0,2.0,inner,False,,1.0,paired,35.0,13.0,,,,,
2312,N3,L0,P_nat,logistic,HB,4.0,,final,False,,1.0,paired,48.0,0.0,,,,,
2313,N3,L0,P_nat,logistic,HBP,4.0,0.0,inner,False,,1.0,paired,34.0,14.0,,,,,
2314,N3,L0,P_nat,logistic,HBP,4.0,1.0,inner,False,,1.0,paired,34.0,14.0,,,,,
2315,N3,L0,P_nat,logistic,HBP,4.0,2.0,inner,False,,1.0,paired,35.0,13.0,,,,,
2316,N3,L0,P_nat,logistic,HBP,4.0,,final,False,,1.0,paired,48.0,0.0,,,,,
2317,N3,L0,P_nat,logistic,Hnoise,4.0,0.0,inner,False,,1.0,paired,34.0,14.0,,,,,
2318,N3,L0,P_nat,logistic,Hnoise,4.0,1.0,inner,False,,1.0,paired,34.0,14.0,,,,,
2319,N3,L0,P_nat,logistic,Hnoise,4.0,2.0,inner,False,,1.0,paired,35.0,13.0,,,,,
2320,N3,L0,P_nat,logistic,Hnoise,4.0,,final,False,,1.0,paired,48.0,0.0,,,,,
2321,N3,L0,P_bal,logistic,H,4.0,0.0,inner,False,,1.0,paired,34.0,14.0,,,,,
2322,N3,L0,P_bal,logistic,H,4.0,1.0,inner,False,,1.0,paired,34.0,14.0,,,,,
2323,N3,L0,P_bal,logistic,H,4.0,2.0,inner,False,,1.0,paired,35.0,13.0,,,,,
2324,N3,L0,P_bal,logistic,H,4.0,,final,False,,1.0,paired,48.0,0.0,,,,,
2325,N3,L0,P_bal,logistic,HP,4.0,0.0,inner,False,,1.0,paired,34.0,14.0,,,,,
2326,N3,L0,P_bal,logistic,HP,4.0,1.0,inner,False,,1.0,paired,34.0,14.0,,,,,
2327,N3,L0,P_bal,logistic,HP,4.0,2.0,inner,False,,1.0,paired,35.0,13.0,,,,,
2328,N3,L0,P_bal,logistic,HP,4.0,,final,False,,1.0,paired,48.0,0.0,,,,,
2329,N3,L0,P_bal,logistic,HB,4.0,0.0,inner,False,,1.0,paired,34.0,14.0,,,,,
2330,N3,L0,P_bal,logistic,HB,4.0,1.0,inner,False,,1.0,paired,34.0,14.0,,,,,
2331,N3,L0,P_bal,logistic,HB,4.0,2.0,inner,False,,1.0,paired,35.0,13.0,,,,,
2332,N3,L0,P_bal,logistic,HB,4.0,,final,False,,1.0,paired,48.0,0.0,,,,,
2333,N3,L0,P_bal,logistic,HBP,4.0,0.0,inner,False,,1.0,paired,34.0,14.0,,,,,
2334,N3,L0,P_bal,logistic,HBP,4.0,1.0,inner,False,,1.0,paired,34.0,14.0,,,,,
2335,N3,L0,P_bal,logistic,HBP,4.0,2.0,inner,False,,1.0,paired,35.0,13.0,,,,,
2336,N3,L0,P_bal,logistic,HBP,4.0,,final,False,,1.0,paired,48.0,0.0,,,,,
2337,N3,L0,P_bal,logistic,Hnoise,4.0,0.0,inner,False,,1.0,paired,34.0,14.0,,,,,
2338,N3,L0,P_bal,logistic,Hnoise,4.0,1.0,inner,False,,1.0,paired,34.0,14.0,,,,,
2339,N3,L0,P_bal,logistic,Hnoise,4.0,2.0,inner,False,,1.0,paired,35.0,13.0,,,,,
2340,N3,L0,P_bal,logistic,Hnoise,4.0,,final,False,,1.0,paired,48.0,0.0,,,,,
2341,N1,R_SIM,P_nat,mlp32,HPB_training_child_donor,0.0,0.0,inner,True,,,paired,,,0.001,,,,
2342,N1,R_SIM,P_nat,mlp32,HPB_donor_support_reference,0.0,0.0,inner,True,,,paired,,,0.001,,,,
2343,N1,R_SIM,P_nat,mlp32,HPB_training_child_donor,0.0,1.0,inner,True,,,paired,,,0.001,,,,
2344,N1,R_SIM,P_nat,mlp32,HPB_donor_support_reference,0.0,1.0,inner,True,,,paired,,,0.001,,,,
2345,N1,R_SIM,P_nat,mlp32,HPB_training_child_donor,0.0,2.0,inner,True,,,paired,,,0.001,,,,
2346,N1,R_SIM,P_nat,mlp32,HPB_donor_support_reference,0.0,2.0,inner,True,,,paired,,,0.001,,,,
2347,N1,R_SIM,P_nat,mlp32,HPB_training_child_donor,0.0,,final,True,,,paired,,,0.001,,,,
2348,N1,R_SIM,P_nat,mlp32,HPB_donor_support_reference,0.0,,final,True,,,paired,,,0.001,,,,
2349,N1,R_SIM,P_nat,mlp32,HPB_training_child_donor,1.0,0.0,inner,True,,,paired,,,0.001,,,,
2350,N1,R_SIM,P_nat,mlp32,HPB_donor_support_reference,1.0,0.0,inner,True,,,paired,,,0.001,,,,
2351,N1,R_SIM,P_nat,mlp32,HPB_training_child_donor,1.0,1.0,inner,True,,,paired,,,0.001,,,,
2352,N1,R_SIM,P_nat,mlp32,HPB_donor_support_reference,1.0,1.0,inner,True,,,paired,,,0.001,,,,
2353,N1,R_SIM,P_nat,mlp32,HPB_training_child_donor,1.0,2.0,inner,True,,,paired,,,0.001,,,,
2354,N1,R_SIM,P_nat,mlp32,HPB_donor_support_reference,1.0,2.0,inner,True,,,paired,,,0.001,,,,
2355,N1,R_SIM,P_nat,mlp32,HPB_training_child_donor,1.0,,final,True,,,paired,,,0.001,,,,
2356,N1,R_SIM,P_nat,mlp32,HPB_donor_support_reference,1.0,,final,True,,,paired,,,0.001,,,,
2357,N1,R_SIM,P_nat,mlp32,HPB_training_child_donor,2.0,0.0,inner,True,,,paired,,,0.001,,,,
2358,N1,R_SIM,P_nat,mlp32,HPB_donor_support_reference,2.0,0.0,inner,True,,,paired,,,0.001,,,,
2359,N1,R_SIM,P_nat,mlp32,HPB_training_child_donor,2.0,1.0,inner,True,,,paired,,,0.001,,,,
2360,N1,R_SIM,P_nat,mlp32,HPB_donor_support_reference,2.0,1.0,inner,True,,,paired,,,0.001,,,,
2361,N1,R_SIM,P_nat,mlp32,HPB_training_child_donor,2.0,2.0,inner,True,,,paired,,,0.001,,,,
2362,N1,R_SIM,P_nat,mlp32,HPB_donor_support_reference,2.0,2.0,inner,True,,,paired,,,0.001,,,,
2363,N1,R_SIM,P_nat,mlp32,HPB_training_child_donor,2.0,,final,True,,,paired,,,0.001,,,,
2364,N1,R_SIM,P_nat,mlp32,HPB_donor_support_reference,2.0,,final,True,,,paired,,,0.001,,,,
2365,N1,R_SIM,P_nat,mlp32,HPB_training_child_donor,3.0,0.0,inner,True,,,paired,,,0.001,,,,
2366,N1,R_SIM,P_nat,mlp32,HPB_donor_support_reference,3.0,0.0,inner,True,,,paired,,,0.001,,,,
2367,N1,R_SIM,P_nat,mlp32,HPB_training_child_donor,3.0,1.0,inner,True,,,paired,,,0.001,,,,
2368,N1,R_SIM,P_nat,mlp32,HPB_donor_support_reference,3.0,1.0,inner,True,,,paired,,,0.001,,,,
2369,N1,R_SIM,P_nat,mlp32,HPB_training_child_donor,3.0,2.0,inner,True,,,paired,,,0.001,,,,
2370,N1,R_SIM,P_nat,mlp32,HPB_donor_support_reference,3.0,2.0,inner,True,,,paired,,,0.001,,,,
2371,N1,R_SIM,P_nat,mlp32,HPB_training_child_donor,3.0,,final,True,,,paired,,,0.001,,,,
2372,N1,R_SIM,P_nat,mlp32,HPB_donor_support_reference,3.0,,final,True,,,paired,,,0.001,,,,
2373,N1,R_SIM,P_nat,mlp32,HPB_training_child_donor,4.0,0.0,inner,True,,,paired,,,0.001,,,,
2374,N1,R_SIM,P_nat,mlp32,HPB_donor_support_reference,4.0,0.0,inner,True,,,paired,,,0.001,,,,
2375,N1,R_SIM,P_nat,mlp32,HPB_training_child_donor,4.0,1.0,inner,True,,,paired,,,0.001,,,,
2376,N1,R_SIM,P_nat,mlp32,HPB_donor_support_reference,4.0,1.0,inner,True,,,paired,,,0.001,,,,
2377,N1,R_SIM,P_nat,mlp32,HPB_training_child_donor,4.0,2.0,inner,True,,,paired,,,0.001,,,,
2378,N1,R_SIM,P_nat,mlp32,HPB_donor_support_reference,4.0,2.0,inner,True,,,paired,,,0.001,,,,
2379,N1,R_SIM,P_nat,mlp32,HPB_training_child_donor,4.0,,final,True,,,paired,,,0.001,,,,
2380,N1,R_SIM,P_nat,mlp32,HPB_donor_support_reference,4.0,,final,True,,,paired,,,0.001,,,,
2381,C2_R,R_SIM,P_bal,logistic,L,0.0,0.0,inner,False,,,,,,,0.01,,,
2382,C2_R,R_SIM,P_bal,logistic,L,0.0,0.0,inner,False,,,,,,,0.1,,,
2383,C2_R,R_SIM,P_bal,logistic,L,0.0,0.0,inner,False,,,,,,,1.0,,,
2384,C2_R,R_SIM,P_bal,logistic,L,0.0,0.0,inner,False,,,,,,,10.0,,,
2385,C2_R,R_SIM,P_bal,logistic,L,0.0,1.0,inner,False,,,,,,,0.01,,,
2386,C2_R,R_SIM,P_bal,logistic,L,0.0,1.0,inner,False,,,,,,,0.1,,,
2387,C2_R,R_SIM,P_bal,logistic,L,0.0,1.0,inner,False,,,,,,,1.0,,,
2388,C2_R,R_SIM,P_bal,logistic,L,0.0,1.0,inner,False,,,,,,,10.0,,,
2389,C2_R,R_SIM,P_bal,logistic,L,0.0,2.0,inner,False,,,,,,,0.01,,,
2390,C2_R,R_SIM,P_bal,logistic,L,0.0,2.0,inner,False,,,,,,,0.1,,,
2391,C2_R,R_SIM,P_bal,logistic,L,0.0,2.0,inner,False,,,,,,,1.0,,,
2392,C2_R,R_SIM,P_bal,logistic,L,0.0,2.0,inner,False,,,,,,,10.0,,,
2393,C2_R,R_SIM,P_bal,logistic,L,0.0,,final_selected_C,False,,,,,,,,,,
2394,C2_R,R_SIM,P_bal,logistic,R,0.0,0.0,inner,False,,,,,,,0.01,,,
2395,C2_R,R_SIM,P_bal,logistic,R,0.0,0.0,inner,False,,,,,,,0.1,,,
2396,C2_R,R_SIM,P_bal,logistic,R,0.0,0.0,inner,False,,,,,,,1.0,,,
2397,C2_R,R_SIM,P_bal,logistic,R,0.0,0.0,inner,False,,,,,,,10.0,,,
2398,C2_R,R_SIM,P_bal,logistic,R,0.0,1.0,inner,False,,,,,,,0.01,,,
2399,C2_R,R_SIM,P_bal,logistic,R,0.0,1.0,inner,False,,,,,,,0.1,,,
2400,C2_R,R_SIM,P_bal,logistic,R,0.0,1.0,inner,False,,,,,,,1.0,,,
2401,C2_R,R_SIM,P_bal,logistic,R,0.0,1.0,inner,False,,,,,,,10.0,,,
2402,C2_R,R_SIM,P_bal,logistic,R,0.0,2.0,inner,False,,,,,,,0.01,,,
2403,C2_R,R_SIM,P_bal,logistic,R,0.0,2.0,inner,False,,,,,,,0.1,,,
2404,C2_R,R_SIM,P_bal,logistic,R,0.0,2.0,inner,False,,,,,,,1.0,,,
2405,C2_R,R_SIM,P_bal,logistic,R,0.0,2.0,inner,False,,,,,,,10.0,,,
2406,C2_R,R_SIM,P_bal,logistic,R,0.0,,final_selected_C,False,,,,,,,,,,
2407,C2_R,R_SIM,P_bal,logistic,LR,0.0,0.0,inner,False,,,,,,,0.01,,,
2408,C2_R,R_SIM,P_bal,logistic,LR,0.0,0.0,inner,False,,,,,,,0.1,,,
2409,C2_R,R_SIM,P_bal,logistic,LR,0.0,0.0,inner,False,,,,,,,1.0,,,
2410,C2_R,R_SIM,P_bal,logistic,LR,0.0,0.0,inner,False,,,,,,,10.0,,,
2411,C2_R,R_SIM,P_bal,logistic,LR,0.0,1.0,inner,False,,,,,,,0.01,,,
2412,C2_R,R_SIM,P_bal,logistic,LR,0.0,1.0,inner,False,,,,,,,0.1,,,
2413,C2_R,R_SIM,P_bal,logistic,LR,0.0,1.0,inner,False,,,,,,,1.0,,,
2414,C2_R,R_SIM,P_bal,logistic,LR,0.0,1.0,inner,False,,,,,,,10.0,,,
2415,C2_R,R_SIM,P_bal,logistic,LR,0.0,2.0,inner,False,,,,,,,0.01,,,
2416,C2_R,R_SIM,P_bal,logistic,LR,0.0,2.0,inner,False,,,,,,,0.1,,,
2417,C2_R,R_SIM,P_bal,logistic,LR,0.0,2.0,inner,False,,,,,,,1.0,,,
2418,C2_R,R_SIM,P_bal,logistic,LR,0.0,2.0,inner,False,,,,,,,10.0,,,
2419,C2_R,R_SIM,P_bal,logistic,LR,0.0,,final_selected_C,False,,,,,,,,,,
2420,C2_R,R_SIM,P_bal,logistic,LL,0.0,0.0,inner,False,,,,,,,0.01,,,
2421,C2_R,R_SIM,P_bal,logistic,LL,0.0,0.0,inner,False,,,,,,,0.1,,,
2422,C2_R,R_SIM,P_bal,logistic,LL,0.0,0.0,inner,False,,,,,,,1.0,,,
2423,C2_R,R_SIM,P_bal,logistic,LL,0.0,0.0,inner,False,,,,,,,10.0,,,
2424,C2_R,R_SIM,P_bal,logistic,LL,0.0,1.0,inner,False,,,,,,,0.01,,,
2425,C2_R,R_SIM,P_bal,logistic,LL,0.0,1.0,inner,False,,,,,,,0.1,,,
2426,C2_R,R_SIM,P_bal,logistic,LL,0.0,1.0,inner,False,,,,,,,1.0,,,
2427,C2_R,R_SIM,P_bal,logistic,LL,0.0,1.0,inner,False,,,,,,,10.0,,,
2428,C2_R,R_SIM,P_bal,logistic,LL,0.0,2.0,inner,False,,,,,,,0.01,,,
2429,C2_R,R_SIM,P_bal,logistic,LL,0.0,2.0,inner,False,,,,,,,0.1,,,
2430,C2_R,R_SIM,P_bal,logistic,LL,0.0,2.0,inner,False,,,,,,,1.0,,,
2431,C2_R,R_SIM,P_bal,logistic,LL,0.0,2.0,inner,False,,,,,,,10.0,,,
2432,C2_R,R_SIM,P_bal,logistic,LL,0.0,,final_selected_C,False,,,,,,,,,,
2433,C2_R,R_SIM,P_bal,logistic,RR,0.0,0.0,inner,False,,,,,,,0.01,,,
2434,C2_R,R_SIM,P_bal,logistic,RR,0.0,0.0,inner,False,,,,,,,0.1,,,
2435,C2_R,R_SIM,P_bal,logistic,RR,0.0,0.0,inner,False,,,,,,,1.0,,,
2436,C2_R,R_SIM,P_bal,logistic,RR,0.0,0.0,inner,False,,,,,,,10.0,,,
2437,C2_R,R_SIM,P_bal,logistic,RR,0.0,1.0,inner,False,,,,,,,0.01,,,
2438,C2_R,R_SIM,P_bal,logistic,RR,0.0,1.0,inner,False,,,,,,,0.1,,,
2439,C2_R,R_SIM,P_bal,logistic,RR,0.0,1.0,inner,False,,,,,,,1.0,,,
2440,C2_R,R_SIM,P_bal,logistic,RR,0.0,1.0,inner,False,,,,,,,10.0,,,
2441,C2_R,R_SIM,P_bal,logistic,RR,0.0,2.0,inner,False,,,,,,,0.01,,,
2442,C2_R,R_SIM,P_bal,logistic,RR,0.0,2.0,inner,False,,,,,,,0.1,,,
2443,C2_R,R_SIM,P_bal,logistic,RR,0.0,2.0,inner,False,,,,,,,1.0,,,
2444,C2_R,R_SIM,P_bal,logistic,RR,0.0,2.0,inner,False,,,,,,,10.0,,,
2445,C2_R,R_SIM,P_bal,logistic,RR,0.0,,final_selected_C,False,,,,,,,,,,
2446,C2_R,R_SIM,P_bal,mlp32,L,0.0,0.0,inner,True,,,,,,,0.01,,,
2447,C2_R,R_SIM,P_bal,mlp32,L,0.0,0.0,inner,True,,,,,,,0.1,,,
2448,C2_R,R_SIM,P_bal,mlp32,L,0.0,0.0,inner,True,,,,,,,1.0,,,
2449,C2_R,R_SIM,P_bal,mlp32,L,0.0,0.0,inner,True,,,,,,,10.0,,,
2450,C2_R,R_SIM,P_bal,mlp32,L,0.0,1.0,inner,True,,,,,,,0.01,,,
2451,C2_R,R_SIM,P_bal,mlp32,L,0.0,1.0,inner,True,,,,,,,0.1,,,
2452,C2_R,R_SIM,P_bal,mlp32,L,0.0,1.0,inner,True,,,,,,,1.0,,,
2453,C2_R,R_SIM,P_bal,mlp32,L,0.0,1.0,inner,True,,,,,,,10.0,,,
2454,C2_R,R_SIM,P_bal,mlp32,L,0.0,2.0,inner,True,,,,,,,0.01,,,
2455,C2_R,R_SIM,P_bal,mlp32,L,0.0,2.0,inner,True,,,,,,,0.1,,,
2456,C2_R,R_SIM,P_bal,mlp32,L,0.0,2.0,inner,True,,,,,,,1.0,,,
2457,C2_R,R_SIM,P_bal,mlp32,L,0.0,2.0,inner,True,,,,,,,10.0,,,
2458,C2_R,R_SIM,P_bal,mlp32,L,0.0,,final_all_alpha,True,,,,,,,0.01,,,
2459,C2_R,R_SIM,P_bal,mlp32,L,0.0,,final_all_alpha,True,,,,,,,0.1,,,
2460,C2_R,R_SIM,P_bal,mlp32,L,0.0,,final_all_alpha,True,,,,,,,1.0,,,
2461,C2_R,R_SIM,P_bal,mlp32,L,0.0,,final_all_alpha,True,,,,,,,10.0,,,
2462,C2_R,R_SIM,P_bal,mlp32,R,0.0,0.0,inner,True,,,,,,,0.01,,,
2463,C2_R,R_SIM,P_bal,mlp32,R,0.0,0.0,inner,True,,,,,,,0.1,,,
2464,C2_R,R_SIM,P_bal,mlp32,R,0.0,0.0,inner,True,,,,,,,1.0,,,
2465,C2_R,R_SIM,P_bal,mlp32,R,0.0,0.0,inner,True,,,,,,,10.0,,,
2466,C2_R,R_SIM,P_bal,mlp32,R,0.0,1.0,inner,True,,,,,,,0.01,,,
2467,C2_R,R_SIM,P_bal,mlp32,R,0.0,1.0,inner,True,,,,,,,0.1,,,
2468,C2_R,R_SIM,P_bal,mlp32,R,0.0,1.0,inner,True,,,,,,,1.0,,,
2469,C2_R,R_SIM,P_bal,mlp32,R,0.0,1.0,inner,True,,,,,,,10.0,,,
2470,C2_R,R_SIM,P_bal,mlp32,R,0.0,2.0,inner,True,,,,,,,0.01,,,
2471,C2_R,R_SIM,P_bal,mlp32,R,0.0,2.0,inner,True,,,,,,,0.1,,,
2472,C2_R,R_SIM,P_bal,mlp32,R,0.0,2.0,inner,True,,,,,,,1.0,,,
2473,C2_R,R_SIM,P_bal,mlp32,R,0.0,2.0,inner,True,,,,,,,10.0,,,
2474,C2_R,R_SIM,P_bal,mlp32,R,0.0,,final_all_alpha,True,,,,,,,0.01,,,
2475,C2_R,R_SIM,P_bal,mlp32,R,0.0,,final_all_alpha,True,,,,,,,0.1,,,
2476,C2_R,R_SIM,P_bal,mlp32,R,0.0,,final_all_alpha,True,,,,,,,1.0,,,
2477,C2_R,R_SIM,P_bal,mlp32,R,0.0,,final_all_alpha,True,,,,,,,10.0,,,
2478,C2_R,R_SIM,P_bal,mlp32,LR,0.0,0.0,inner,True,,,,,,,0.01,,,
2479,C2_R,R_SIM,P_bal,mlp32,LR,0.0,0.0,inner,True,,,,,,,0.1,,,
2480,C2_R,R_SIM,P_bal,mlp32,LR,0.0,0.0,inner,True,,,,,,,1.0,,,
2481,C2_R,R_SIM,P_bal,mlp32,LR,0.0,0.0,inner,True,,,,,,,10.0,,,
2482,C2_R,R_SIM,P_bal,mlp32,LR,0.0,1.0,inner,True,,,,,,,0.01,,,
2483,C2_R,R_SIM,P_bal,mlp32,LR,0.0,1.0,inner,True,,,,,,,0.1,,,
2484,C2_R,R_SIM,P_bal,mlp32,LR,0.0,1.0,inner,True,,,,,,,1.0,,,
2485,C2_R,R_SIM,P_bal,mlp32,LR,0.0,1.0,inner,True,,,,,,,10.0,,,
2486,C2_R,R_SIM,P_bal,mlp32,LR,0.0,2.0,inner,True,,,,,,,0.01,,,
2487,C2_R,R_SIM,P_bal,mlp32,LR,0.0,2.0,inner,True,,,,,,,0.1,,,
2488,C2_R,R_SIM,P_bal,mlp32,LR,0.0,2.0,inner,True,,,,,,,1.0,,,
2489,C2_R,R_SIM,P_bal,mlp32,LR,0.0,2.0,inner,True,,,,,,,10.0,,,
2490,C2_R,R_SIM,P_bal,mlp32,LR,0.0,,final_all_alpha,True,,,,,,,0.01,,,
2491,C2_R,R_SIM,P_bal,mlp32,LR,0.0,,final_all_alpha,True,,,,,,,0.1,,,
2492,C2_R,R_SIM,P_bal,mlp32,LR,0.0,,final_all_alpha,True,,,,,,,1.0,,,
2493,C2_R,R_SIM,P_bal,mlp32,LR,0.0,,final_all_alpha,True,,,,,,,10.0,,,
2494,C2_R,R_SIM,P_bal,mlp32,LL,0.0,0.0,inner,True,,,,,,,0.01,,,
2495,C2_R,R_SIM,P_bal,mlp32,LL,0.0,0.0,inner,True,,,,,,,0.1,,,
2496,C2_R,R_SIM,P_bal,mlp32,LL,0.0,0.0,inner,True,,,,,,,1.0,,,
2497,C2_R,R_SIM,P_bal,mlp32,LL,0.0,0.0,inner,True,,,,,,,10.0,,,
2498,C2_R,R_SIM,P_bal,mlp32,LL,0.0,1.0,inner,True,,,,,,,0.01,,,
2499,C2_R,R_SIM,P_bal,mlp32,LL,0.0,1.0,inner,True,,,,,,,0.1,,,
2500,C2_R,R_SIM,P_bal,mlp32,LL,0.0,1.0,inner,True,,,,,,,1.0,,,
2501,C2_R,R_SIM,P_bal,mlp32,LL,0.0,1.0,inner,True,,,,,,,10.0,,,
2502,C2_R,R_SIM,P_bal,mlp32,LL,0.0,2.0,inner,True,,,,,,,0.01,,,
2503,C2_R,R_SIM,P_bal,mlp32,LL,0.0,2.0,inner,True,,,,,,,0.1,,,
2504,C2_R,R_SIM,P_bal,mlp32,LL,0.0,2.0,inner,True,,,,,,,1.0,,,
2505,C2_R,R_SIM,P_bal,mlp32,LL,0.0,2.0,inner,True,,,,,,,10.0,,,
2506,C2_R,R_SIM,P_bal,mlp32,LL,0.0,,final_all_alpha,True,,,,,,,0.01,,,
2507,C2_R,R_SIM,P_bal,mlp32,LL,0.0,,final_all_alpha,True,,,,,,,0.1,,,
2508,C2_R,R_SIM,P_bal,mlp32,LL,0.0,,final_all_alpha,True,,,,,,,1.0,,,
2509,C2_R,R_SIM,P_bal,mlp32,LL,0.0,,final_all_alpha,True,,,,,,,10.0,,,
2510,C2_R,R_SIM,P_bal,mlp32,RR,0.0,0.0,inner,True,,,,,,,0.01,,,
2511,C2_R,R_SIM,P_bal,mlp32,RR,0.0,0.0,inner,True,,,,,,,0.1,,,
2512,C2_R,R_SIM,P_bal,mlp32,RR,0.0,0.0,inner,True,,,,,,,1.0,,,
2513,C2_R,R_SIM,P_bal,mlp32,RR,0.0,0.0,inner,True,,,,,,,10.0,,,
2514,C2_R,R_SIM,P_bal,mlp32,RR,0.0,1.0,inner,True,,,,,,,0.01,,,
2515,C2_R,R_SIM,P_bal,mlp32,RR,0.0,1.0,inner,True,,,,,,,0.1,,,
2516,C2_R,R_SIM,P_bal,mlp32,RR,0.0,1.0,inner,True,,,,,,,1.0,,,
2517,C2_R,R_SIM,P_bal,mlp32,RR,0.0,1.0,inner,True,,,,,,,10.0,,,
2518,C2_R,R_SIM,P_bal,mlp32,RR,0.0,2.0,inner,True,,,,,,,0.01,,,
2519,C2_R,R_SIM,P_bal,mlp32,RR,0.0,2.0,inner,True,,,,,,,0.1,,,
2520,C2_R,R_SIM,P_bal,mlp32,RR,0.0,2.0,inner,True,,,,,,,1.0,,,
2521,C2_R,R_SIM,P_bal,mlp32,RR,0.0,2.0,inner,True,,,,,,,10.0,,,
2522,C2_R,R_SIM,P_bal,mlp32,RR,0.0,,final_all_alpha,True,,,,,,,0.01,,,
2523,C2_R,R_SIM,P_bal,mlp32,RR,0.0,,final_all_alpha,True,,,,,,,0.1,,,
2524,C2_R,R_SIM,P_bal,mlp32,RR,0.0,,final_all_alpha,True,,,,,,,1.0,,,
2525,C2_R,R_SIM,P_bal,mlp32,RR,0.0,,final_all_alpha,True,,,,,,,10.0,,,
2526,C2_R,R_SIM,P_bal,mlp64,L,0.0,0.0,inner,True,,,,,,,0.01,,,
2527,C2_R,R_SIM,P_bal,mlp64,L,0.0,0.0,inner,True,,,,,,,0.1,,,
2528,C2_R,R_SIM,P_bal,mlp64,L,0.0,0.0,inner,True,,,,,,,1.0,,,
2529,C2_R,R_SIM,P_bal,mlp64,L,0.0,0.0,inner,True,,,,,,,10.0,,,
2530,C2_R,R_SIM,P_bal,mlp64,L,0.0,1.0,inner,True,,,,,,,0.01,,,
2531,C2_R,R_SIM,P_bal,mlp64,L,0.0,1.0,inner,True,,,,,,,0.1,,,
2532,C2_R,R_SIM,P_bal,mlp64,L,0.0,1.0,inner,True,,,,,,,1.0,,,
2533,C2_R,R_SIM,P_bal,mlp64,L,0.0,1.0,inner,True,,,,,,,10.0,,,
2534,C2_R,R_SIM,P_bal,mlp64,L,0.0,2.0,inner,True,,,,,,,0.01,,,
2535,C2_R,R_SIM,P_bal,mlp64,L,0.0,2.0,inner,True,,,,,,,0.1,,,
2536,C2_R,R_SIM,P_bal,mlp64,L,0.0,2.0,inner,True,,,,,,,1.0,,,
2537,C2_R,R_SIM,P_bal,mlp64,L,0.0,2.0,inner,True,,,,,,,10.0,,,
2538,C2_R,R_SIM,P_bal,mlp64,L,0.0,,final_all_alpha,True,,,,,,,0.01,,,
2539,C2_R,R_SIM,P_bal,mlp64,L,0.0,,final_all_alpha,True,,,,,,,0.1,,,
2540,C2_R,R_SIM,P_bal,mlp64,L,0.0,,final_all_alpha,True,,,,,,,1.0,,,
2541,C2_R,R_SIM,P_bal,mlp64,L,0.0,,final_all_alpha,True,,,,,,,10.0,,,
2542,C2_R,R_SIM,P_bal,mlp64,R,0.0,0.0,inner,True,,,,,,,0.01,,,
2543,C2_R,R_SIM,P_bal,mlp64,R,0.0,0.0,inner,True,,,,,,,0.1,,,
2544,C2_R,R_SIM,P_bal,mlp64,R,0.0,0.0,inner,True,,,,,,,1.0,,,
2545,C2_R,R_SIM,P_bal,mlp64,R,0.0,0.0,inner,True,,,,,,,10.0,,,
2546,C2_R,R_SIM,P_bal,mlp64,R,0.0,1.0,inner,True,,,,,,,0.01,,,
2547,C2_R,R_SIM,P_bal,mlp64,R,0.0,1.0,inner,True,,,,,,,0.1,,,
2548,C2_R,R_SIM,P_bal,mlp64,R,0.0,1.0,inner,True,,,,,,,1.0,,,
2549,C2_R,R_SIM,P_bal,mlp64,R,0.0,1.0,inner,True,,,,,,,10.0,,,
2550,C2_R,R_SIM,P_bal,mlp64,R,0.0,2.0,inner,True,,,,,,,0.01,,,
2551,C2_R,R_SIM,P_bal,mlp64,R,0.0,2.0,inner,True,,,,,,,0.1,,,
2552,C2_R,R_SIM,P_bal,mlp64,R,0.0,2.0,inner,True,,,,,,,1.0,,,
2553,C2_R,R_SIM,P_bal,mlp64,R,0.0,2.0,inner,True,,,,,,,10.0,,,
2554,C2_R,R_SIM,P_bal,mlp64,R,0.0,,final_all_alpha,True,,,,,,,0.01,,,
2555,C2_R,R_SIM,P_bal,mlp64,R,0.0,,final_all_alpha,True,,,,,,,0.1,,,
2556,C2_R,R_SIM,P_bal,mlp64,R,0.0,,final_all_alpha,True,,,,,,,1.0,,,
2557,C2_R,R_SIM,P_bal,mlp64,R,0.0,,final_all_alpha,True,,,,,,,10.0,,,
2558,C2_R,R_SIM,P_bal,logistic,L,1.0,0.0,inner,False,,,,,,,0.01,,,
2559,C2_R,R_SIM,P_bal,logistic,L,1.0,0.0,inner,False,,,,,,,0.1,,,
2560,C2_R,R_SIM,P_bal,logistic,L,1.0,0.0,inner,False,,,,,,,1.0,,,
2561,C2_R,R_SIM,P_bal,logistic,L,1.0,0.0,inner,False,,,,,,,10.0,,,
2562,C2_R,R_SIM,P_bal,logistic,L,1.0,1.0,inner,False,,,,,,,0.01,,,
2563,C2_R,R_SIM,P_bal,logistic,L,1.0,1.0,inner,False,,,,,,,0.1,,,
2564,C2_R,R_SIM,P_bal,logistic,L,1.0,1.0,inner,False,,,,,,,1.0,,,
2565,C2_R,R_SIM,P_bal,logistic,L,1.0,1.0,inner,False,,,,,,,10.0,,,
2566,C2_R,R_SIM,P_bal,logistic,L,1.0,2.0,inner,False,,,,,,,0.01,,,
2567,C2_R,R_SIM,P_bal,logistic,L,1.0,2.0,inner,False,,,,,,,0.1,,,
2568,C2_R,R_SIM,P_bal,logistic,L,1.0,2.0,inner,False,,,,,,,1.0,,,
2569,C2_R,R_SIM,P_bal,logistic,L,1.0,2.0,inner,False,,,,,,,10.0,,,
2570,C2_R,R_SIM,P_bal,logistic,L,1.0,,final_selected_C,False,,,,,,,,,,
2571,C2_R,R_SIM,P_bal,logistic,R,1.0,0.0,inner,False,,,,,,,0.01,,,
2572,C2_R,R_SIM,P_bal,logistic,R,1.0,0.0,inner,False,,,,,,,0.1,,,
2573,C2_R,R_SIM,P_bal,logistic,R,1.0,0.0,inner,False,,,,,,,1.0,,,
2574,C2_R,R_SIM,P_bal,logistic,R,1.0,0.0,inner,False,,,,,,,10.0,,,
2575,C2_R,R_SIM,P_bal,logistic,R,1.0,1.0,inner,False,,,,,,,0.01,,,
2576,C2_R,R_SIM,P_bal,logistic,R,1.0,1.0,inner,False,,,,,,,0.1,,,
2577,C2_R,R_SIM,P_bal,logistic,R,1.0,1.0,inner,False,,,,,,,1.0,,,
2578,C2_R,R_SIM,P_bal,logistic,R,1.0,1.0,inner,False,,,,,,,10.0,,,
2579,C2_R,R_SIM,P_bal,logistic,R,1.0,2.0,inner,False,,,,,,,0.01,,,
2580,C2_R,R_SIM,P_bal,logistic,R,1.0,2.0,inner,False,,,,,,,0.1,,,
2581,C2_R,R_SIM,P_bal,logistic,R,1.0,2.0,inner,False,,,,,,,1.0,,,
2582,C2_R,R_SIM,P_bal,logistic,R,1.0,2.0,inner,False,,,,,,,10.0,,,
2583,C2_R,R_SIM,P_bal,logistic,R,1.0,,final_selected_C,False,,,,,,,,,,
2584,C2_R,R_SIM,P_bal,logistic,LR,1.0,0.0,inner,False,,,,,,,0.01,,,
2585,C2_R,R_SIM,P_bal,logistic,LR,1.0,0.0,inner,False,,,,,,,0.1,,,
2586,C2_R,R_SIM,P_bal,logistic,LR,1.0,0.0,inner,False,,,,,,,1.0,,,
2587,C2_R,R_SIM,P_bal,logistic,LR,1.0,0.0,inner,False,,,,,,,10.0,,,
2588,C2_R,R_SIM,P_bal,logistic,LR,1.0,1.0,inner,False,,,,,,,0.01,,,
2589,C2_R,R_SIM,P_bal,logistic,LR,1.0,1.0,inner,False,,,,,,,0.1,,,
2590,C2_R,R_SIM,P_bal,logistic,LR,1.0,1.0,inner,False,,,,,,,1.0,,,
2591,C2_R,R_SIM,P_bal,logistic,LR,1.0,1.0,inner,False,,,,,,,10.0,,,
2592,C2_R,R_SIM,P_bal,logistic,LR,1.0,2.0,inner,False,,,,,,,0.01,,,
2593,C2_R,R_SIM,P_bal,logistic,LR,1.0,2.0,inner,False,,,,,,,0.1,,,
2594,C2_R,R_SIM,P_bal,logistic,LR,1.0,2.0,inner,False,,,,,,,1.0,,,
2595,C2_R,R_SIM,P_bal,logistic,LR,1.0,2.0,inner,False,,,,,,,10.0,,,
2596,C2_R,R_SIM,P_bal,logistic,LR,1.0,,final_selected_C,False,,,,,,,,,,
2597,C2_R,R_SIM,P_bal,logistic,LL,1.0,0.0,inner,False,,,,,,,0.01,,,
2598,C2_R,R_SIM,P_bal,logistic,LL,1.0,0.0,inner,False,,,,,,,0.1,,,
2599,C2_R,R_SIM,P_bal,logistic,LL,1.0,0.0,inner,False,,,,,,,1.0,,,
2600,C2_R,R_SIM,P_bal,logistic,LL,1.0,0.0,inner,False,,,,,,,10.0,,,
2601,C2_R,R_SIM,P_bal,logistic,LL,1.0,1.0,inner,False,,,,,,,0.01,,,
2602,C2_R,R_SIM,P_bal,logistic,LL,1.0,1.0,inner,False,,,,,,,0.1,,,
2603,C2_R,R_SIM,P_bal,logistic,LL,1.0,1.0,inner,False,,,,,,,1.0,,,
2604,C2_R,R_SIM,P_bal,logistic,LL,1.0,1.0,inner,False,,,,,,,10.0,,,
2605,C2_R,R_SIM,P_bal,logistic,LL,1.0,2.0,inner,False,,,,,,,0.01,,,
2606,C2_R,R_SIM,P_bal,logistic,LL,1.0,2.0,inner,False,,,,,,,0.1,,,
2607,C2_R,R_SIM,P_bal,logistic,LL,1.0,2.0,inner,False,,,,,,,1.0,,,
2608,C2_R,R_SIM,P_bal,logistic,LL,1.0,2.0,inner,False,,,,,,,10.0,,,
2609,C2_R,R_SIM,P_bal,logistic,LL,1.0,,final_selected_C,False,,,,,,,,,,
2610,C2_R,R_SIM,P_bal,logistic,RR,1.0,0.0,inner,False,,,,,,,0.01,,,
2611,C2_R,R_SIM,P_bal,logistic,RR,1.0,0.0,inner,False,,,,,,,0.1,,,
2612,C2_R,R_SIM,P_bal,logistic,RR,1.0,0.0,inner,False,,,,,,,1.0,,,
2613,C2_R,R_SIM,P_bal,logistic,RR,1.0,0.0,inner,False,,,,,,,10.0,,,
2614,C2_R,R_SIM,P_bal,logistic,RR,1.0,1.0,inner,False,,,,,,,0.01,,,
2615,C2_R,R_SIM,P_bal,logistic,RR,1.0,1.0,inner,False,,,,,,,0.1,,,
2616,C2_R,R_SIM,P_bal,logistic,RR,1.0,1.0,inner,False,,,,,,,1.0,,,
2617,C2_R,R_SIM,P_bal,logistic,RR,1.0,1.0,inner,False,,,,,,,10.0,,,
2618,C2_R,R_SIM,P_bal,logistic,RR,1.0,2.0,inner,False,,,,,,,0.01,,,
2619,C2_R,R_SIM,P_bal,logistic,RR,1.0,2.0,inner,False,,,,,,,0.1,,,
2620,C2_R,R_SIM,P_bal,logistic,RR,1.0,2.0,inner,False,,,,,,,1.0,,,
2621,C2_R,R_SIM,P_bal,logistic,RR,1.0,2.0,inner,False,,,,,,,10.0,,,
2622,C2_R,R_SIM,P_bal,logistic,RR,1.0,,final_selected_C,False,,,,,,,,,,
2623,C2_R,R_SIM,P_bal,mlp32,L,1.0,0.0,inner,True,,,,,,,0.01,,,
2624,C2_R,R_SIM,P_bal,mlp32,L,1.0,0.0,inner,True,,,,,,,0.1,,,
2625,C2_R,R_SIM,P_bal,mlp32,L,1.0,0.0,inner,True,,,,,,,1.0,,,
2626,C2_R,R_SIM,P_bal,mlp32,L,1.0,0.0,inner,True,,,,,,,10.0,,,
2627,C2_R,R_SIM,P_bal,mlp32,L,1.0,1.0,inner,True,,,,,,,0.01,,,
2628,C2_R,R_SIM,P_bal,mlp32,L,1.0,1.0,inner,True,,,,,,,0.1,,,
2629,C2_R,R_SIM,P_bal,mlp32,L,1.0,1.0,inner,True,,,,,,,1.0,,,
2630,C2_R,R_SIM,P_bal,mlp32,L,1.0,1.0,inner,True,,,,,,,10.0,,,
2631,C2_R,R_SIM,P_bal,mlp32,L,1.0,2.0,inner,True,,,,,,,0.01,,,
2632,C2_R,R_SIM,P_bal,mlp32,L,1.0,2.0,inner,True,,,,,,,0.1,,,
2633,C2_R,R_SIM,P_bal,mlp32,L,1.0,2.0,inner,True,,,,,,,1.0,,,
2634,C2_R,R_SIM,P_bal,mlp32,L,1.0,2.0,inner,True,,,,,,,10.0,,,
2635,C2_R,R_SIM,P_bal,mlp32,L,1.0,,final_all_alpha,True,,,,,,,0.01,,,
2636,C2_R,R_SIM,P_bal,mlp32,L,1.0,,final_all_alpha,True,,,,,,,0.1,,,
2637,C2_R,R_SIM,P_bal,mlp32,L,1.0,,final_all_alpha,True,,,,,,,1.0,,,
2638,C2_R,R_SIM,P_bal,mlp32,L,1.0,,final_all_alpha,True,,,,,,,10.0,,,
2639,C2_R,R_SIM,P_bal,mlp32,R,1.0,0.0,inner,True,,,,,,,0.01,,,
2640,C2_R,R_SIM,P_bal,mlp32,R,1.0,0.0,inner,True,,,,,,,0.1,,,
2641,C2_R,R_SIM,P_bal,mlp32,R,1.0,0.0,inner,True,,,,,,,1.0,,,
2642,C2_R,R_SIM,P_bal,mlp32,R,1.0,0.0,inner,True,,,,,,,10.0,,,
2643,C2_R,R_SIM,P_bal,mlp32,R,1.0,1.0,inner,True,,,,,,,0.01,,,
2644,C2_R,R_SIM,P_bal,mlp32,R,1.0,1.0,inner,True,,,,,,,0.1,,,
2645,C2_R,R_SIM,P_bal,mlp32,R,1.0,1.0,inner,True,,,,,,,1.0,,,
2646,C2_R,R_SIM,P_bal,mlp32,R,1.0,1.0,inner,True,,,,,,,10.0,,,
2647,C2_R,R_SIM,P_bal,mlp32,R,1.0,2.0,inner,True,,,,,,,0.01,,,
2648,C2_R,R_SIM,P_bal,mlp32,R,1.0,2.0,inner,True,,,,,,,0.1,,,
2649,C2_R,R_SIM,P_bal,mlp32,R,1.0,2.0,inner,True,,,,,,,1.0,,,
2650,C2_R,R_SIM,P_bal,mlp32,R,1.0,2.0,inner,True,,,,,,,10.0,,,
2651,C2_R,R_SIM,P_bal,mlp32,R,1.0,,final_all_alpha,True,,,,,,,0.01,,,
2652,C2_R,R_SIM,P_bal,mlp32,R,1.0,,final_all_alpha,True,,,,,,,0.1,,,
2653,C2_R,R_SIM,P_bal,mlp32,R,1.0,,final_all_alpha,True,,,,,,,1.0,,,
2654,C2_R,R_SIM,P_bal,mlp32,R,1.0,,final_all_alpha,True,,,,,,,10.0,,,
2655,C2_R,R_SIM,P_bal,mlp32,LR,1.0,0.0,inner,True,,,,,,,0.01,,,
2656,C2_R,R_SIM,P_bal,mlp32,LR,1.0,0.0,inner,True,,,,,,,0.1,,,
2657,C2_R,R_SIM,P_bal,mlp32,LR,1.0,0.0,inner,True,,,,,,,1.0,,,
2658,C2_R,R_SIM,P_bal,mlp32,LR,1.0,0.0,inner,True,,,,,,,10.0,,,
2659,C2_R,R_SIM,P_bal,mlp32,LR,1.0,1.0,inner,True,,,,,,,0.01,,,
2660,C2_R,R_SIM,P_bal,mlp32,LR,1.0,1.0,inner,True,,,,,,,0.1,,,
2661,C2_R,R_SIM,P_bal,mlp32,LR,1.0,1.0,inner,True,,,,,,,1.0,,,
2662,C2_R,R_SIM,P_bal,mlp32,LR,1.0,1.0,inner,True,,,,,,,10.0,,,
2663,C2_R,R_SIM,P_bal,mlp32,LR,1.0,2.0,inner,True,,,,,,,0.01,,,
2664,C2_R,R_SIM,P_bal,mlp32,LR,1.0,2.0,inner,True,,,,,,,0.1,,,
2665,C2_R,R_SIM,P_bal,mlp32,LR,1.0,2.0,inner,True,,,,,,,1.0,,,
2666,C2_R,R_SIM,P_bal,mlp32,LR,1.0,2.0,inner,True,,,,,,,10.0,,,
2667,C2_R,R_SIM,P_bal,mlp32,LR,1.0,,final_all_alpha,True,,,,,,,0.01,,,
2668,C2_R,R_SIM,P_bal,mlp32,LR,1.0,,final_all_alpha,True,,,,,,,0.1,,,
2669,C2_R,R_SIM,P_bal,mlp32,LR,1.0,,final_all_alpha,True,,,,,,,1.0,,,
2670,C2_R,R_SIM,P_bal,mlp32,LR,1.0,,final_all_alpha,True,,,,,,,10.0,,,
2671,C2_R,R_SIM,P_bal,mlp32,LL,1.0,0.0,inner,True,,,,,,,0.01,,,
2672,C2_R,R_SIM,P_bal,mlp32,LL,1.0,0.0,inner,True,,,,,,,0.1,,,
2673,C2_R,R_SIM,P_bal,mlp32,LL,1.0,0.0,inner,True,,,,,,,1.0,,,
2674,C2_R,R_SIM,P_bal,mlp32,LL,1.0,0.0,inner,True,,,,,,,10.0,,,
2675,C2_R,R_SIM,P_bal,mlp32,LL,1.0,1.0,inner,True,,,,,,,0.01,,,
2676,C2_R,R_SIM,P_bal,mlp32,LL,1.0,1.0,inner,True,,,,,,,0.1,,,
2677,C2_R,R_SIM,P_bal,mlp32,LL,1.0,1.0,inner,True,,,,,,,1.0,,,
2678,C2_R,R_SIM,P_bal,mlp32,LL,1.0,1.0,inner,True,,,,,,,10.0,,,
2679,C2_R,R_SIM,P_bal,mlp32,LL,1.0,2.0,inner,True,,,,,,,0.01,,,
2680,C2_R,R_SIM,P_bal,mlp32,LL,1.0,2.0,inner,True,,,,,,,0.1,,,
2681,C2_R,R_SIM,P_bal,mlp32,LL,1.0,2.0,inner,True,,,,,,,1.0,,,
2682,C2_R,R_SIM,P_bal,mlp32,LL,1.0,2.0,inner,True,,,,,,,10.0,,,
2683,C2_R,R_SIM,P_bal,mlp32,LL,1.0,,final_all_alpha,True,,,,,,,0.01,,,
2684,C2_R,R_SIM,P_bal,mlp32,LL,1.0,,final_all_alpha,True,,,,,,,0.1,,,
2685,C2_R,R_SIM,P_bal,mlp32,LL,1.0,,final_all_alpha,True,,,,,,,1.0,,,
2686,C2_R,R_SIM,P_bal,mlp32,LL,1.0,,final_all_alpha,True,,,,,,,10.0,,,
2687,C2_R,R_SIM,P_bal,mlp32,RR,1.0,0.0,inner,True,,,,,,,0.01,,,
2688,C2_R,R_SIM,P_bal,mlp32,RR,1.0,0.0,inner,True,,,,,,,0.1,,,
2689,C2_R,R_SIM,P_bal,mlp32,RR,1.0,0.0,inner,True,,,,,,,1.0,,,
2690,C2_R,R_SIM,P_bal,mlp32,RR,1.0,0.0,inner,True,,,,,,,10.0,,,
2691,C2_R,R_SIM,P_bal,mlp32,RR,1.0,1.0,inner,True,,,,,,,0.01,,,
2692,C2_R,R_SIM,P_bal,mlp32,RR,1.0,1.0,inner,True,,,,,,,0.1,,,
2693,C2_R,R_SIM,P_bal,mlp32,RR,1.0,1.0,inner,True,,,,,,,1.0,,,
2694,C2_R,R_SIM,P_bal,mlp32,RR,1.0,1.0,inner,True,,,,,,,10.0,,,
2695,C2_R,R_SIM,P_bal,mlp32,RR,1.0,2.0,inner,True,,,,,,,0.01,,,
2696,C2_R,R_SIM,P_bal,mlp32,RR,1.0,2.0,inner,True,,,,,,,0.1,,,
2697,C2_R,R_SIM,P_bal,mlp32,RR,1.0,2.0,inner,True,,,,,,,1.0,,,
2698,C2_R,R_SIM,P_bal,mlp32,RR,1.0,2.0,inner,True,,,,,,,10.0,,,
2699,C2_R,R_SIM,P_bal,mlp32,RR,1.0,,final_all_alpha,True,,,,,,,0.01,,,
2700,C2_R,R_SIM,P_bal,mlp32,RR,1.0,,final_all_alpha,True,,,,,,,0.1,,,
2701,C2_R,R_SIM,P_bal,mlp32,RR,1.0,,final_all_alpha,True,,,,,,,1.0,,,
2702,C2_R,R_SIM,P_bal,mlp32,RR,1.0,,final_all_alpha,True,,,,,,,10.0,,,
2703,C2_R,R_SIM,P_bal,mlp64,L,1.0,0.0,inner,True,,,,,,,0.01,,,
2704,C2_R,R_SIM,P_bal,mlp64,L,1.0,0.0,inner,True,,,,,,,0.1,,,
2705,C2_R,R_SIM,P_bal,mlp64,L,1.0,0.0,inner,True,,,,,,,1.0,,,
2706,C2_R,R_SIM,P_bal,mlp64,L,1.0,0.0,inner,True,,,,,,,10.0,,,
2707,C2_R,R_SIM,P_bal,mlp64,L,1.0,1.0,inner,True,,,,,,,0.01,,,
2708,C2_R,R_SIM,P_bal,mlp64,L,1.0,1.0,inner,True,,,,,,,0.1,,,
2709,C2_R,R_SIM,P_bal,mlp64,L,1.0,1.0,inner,True,,,,,,,1.0,,,
2710,C2_R,R_SIM,P_bal,mlp64,L,1.0,1.0,inner,True,,,,,,,10.0,,,
2711,C2_R,R_SIM,P_bal,mlp64,L,1.0,2.0,inner,True,,,,,,,0.01,,,
2712,C2_R,R_SIM,P_bal,mlp64,L,1.0,2.0,inner,True,,,,,,,0.1,,,
2713,C2_R,R_SIM,P_bal,mlp64,L,1.0,2.0,inner,True,,,,,,,1.0,,,
2714,C2_R,R_SIM,P_bal,mlp64,L,1.0,2.0,inner,True,,,,,,,10.0,,,
2715,C2_R,R_SIM,P_bal,mlp64,L,1.0,,final_all_alpha,True,,,,,,,0.01,,,
2716,C2_R,R_SIM,P_bal,mlp64,L,1.0,,final_all_alpha,True,,,,,,,0.1,,,
2717,C2_R,R_SIM,P_bal,mlp64,L,1.0,,final_all_alpha,True,,,,,,,1.0,,,
2718,C2_R,R_SIM,P_bal,mlp64,L,1.0,,final_all_alpha,True,,,,,,,10.0,,,
2719,C2_R,R_SIM,P_bal,mlp64,R,1.0,0.0,inner,True,,,,,,,0.01,,,
2720,C2_R,R_SIM,P_bal,mlp64,R,1.0,0.0,inner,True,,,,,,,0.1,,,
2721,C2_R,R_SIM,P_bal,mlp64,R,1.0,0.0,inner,True,,,,,,,1.0,,,
2722,C2_R,R_SIM,P_bal,mlp64,R,1.0,0.0,inner,True,,,,,,,10.0,,,
2723,C2_R,R_SIM,P_bal,mlp64,R,1.0,1.0,inner,True,,,,,,,0.01,,,
2724,C2_R,R_SIM,P_bal,mlp64,R,1.0,1.0,inner,True,,,,,,,0.1,,,
2725,C2_R,R_SIM,P_bal,mlp64,R,1.0,1.0,inner,True,,,,,,,1.0,,,
2726,C2_R,R_SIM,P_bal,mlp64,R,1.0,1.0,inner,True,,,,,,,10.0,,,
2727,C2_R,R_SIM,P_bal,mlp64,R,1.0,2.0,inner,True,,,,,,,0.01,,,
2728,C2_R,R_SIM,P_bal,mlp64,R,1.0,2.0,inner,True,,,,,,,0.1,,,
2729,C2_R,R_SIM,P_bal,mlp64,R,1.0,2.0,inner,True,,,,,,,1.0,,,
2730,C2_R,R_SIM,P_bal,mlp64,R,1.0,2.0,inner,True,,,,,,,10.0,,,
2731,C2_R,R_SIM,P_bal,mlp64,R,1.0,,final_all_alpha,True,,,,,,,0.01,,,
2732,C2_R,R_SIM,P_bal,mlp64,R,1.0,,final_all_alpha,True,,,,,,,0.1,,,
2733,C2_R,R_SIM,P_bal,mlp64,R,1.0,,final_all_alpha,True,,,,,,,1.0,,,
2734,C2_R,R_SIM,P_bal,mlp64,R,1.0,,final_all_alpha,True,,,,,,,10.0,,,
2735,C2_R,R_SIM,P_bal,logistic,L,2.0,0.0,inner,False,,,,,,,0.01,,,
2736,C2_R,R_SIM,P_bal,logistic,L,2.0,0.0,inner,False,,,,,,,0.1,,,
2737,C2_R,R_SIM,P_bal,logistic,L,2.0,0.0,inner,False,,,,,,,1.0,,,
2738,C2_R,R_SIM,P_bal,logistic,L,2.0,0.0,inner,False,,,,,,,10.0,,,
2739,C2_R,R_SIM,P_bal,logistic,L,2.0,1.0,inner,False,,,,,,,0.01,,,
2740,C2_R,R_SIM,P_bal,logistic,L,2.0,1.0,inner,False,,,,,,,0.1,,,
2741,C2_R,R_SIM,P_bal,logistic,L,2.0,1.0,inner,False,,,,,,,1.0,,,
2742,C2_R,R_SIM,P_bal,logistic,L,2.0,1.0,inner,False,,,,,,,10.0,,,
2743,C2_R,R_SIM,P_bal,logistic,L,2.0,2.0,inner,False,,,,,,,0.01,,,
2744,C2_R,R_SIM,P_bal,logistic,L,2.0,2.0,inner,False,,,,,,,0.1,,,
2745,C2_R,R_SIM,P_bal,logistic,L,2.0,2.0,inner,False,,,,,,,1.0,,,
2746,C2_R,R_SIM,P_bal,logistic,L,2.0,2.0,inner,False,,,,,,,10.0,,,
2747,C2_R,R_SIM,P_bal,logistic,L,2.0,,final_selected_C,False,,,,,,,,,,
2748,C2_R,R_SIM,P_bal,logistic,R,2.0,0.0,inner,False,,,,,,,0.01,,,
2749,C2_R,R_SIM,P_bal,logistic,R,2.0,0.0,inner,False,,,,,,,0.1,,,
2750,C2_R,R_SIM,P_bal,logistic,R,2.0,0.0,inner,False,,,,,,,1.0,,,
2751,C2_R,R_SIM,P_bal,logistic,R,2.0,0.0,inner,False,,,,,,,10.0,,,
2752,C2_R,R_SIM,P_bal,logistic,R,2.0,1.0,inner,False,,,,,,,0.01,,,
2753,C2_R,R_SIM,P_bal,logistic,R,2.0,1.0,inner,False,,,,,,,0.1,,,
2754,C2_R,R_SIM,P_bal,logistic,R,2.0,1.0,inner,False,,,,,,,1.0,,,
2755,C2_R,R_SIM,P_bal,logistic,R,2.0,1.0,inner,False,,,,,,,10.0,,,
2756,C2_R,R_SIM,P_bal,logistic,R,2.0,2.0,inner,False,,,,,,,0.01,,,
2757,C2_R,R_SIM,P_bal,logistic,R,2.0,2.0,inner,False,,,,,,,0.1,,,
2758,C2_R,R_SIM,P_bal,logistic,R,2.0,2.0,inner,False,,,,,,,1.0,,,
2759,C2_R,R_SIM,P_bal,logistic,R,2.0,2.0,inner,False,,,,,,,10.0,,,
2760,C2_R,R_SIM,P_bal,logistic,R,2.0,,final_selected_C,False,,,,,,,,,,
2761,C2_R,R_SIM,P_bal,logistic,LR,2.0,0.0,inner,False,,,,,,,0.01,,,
2762,C2_R,R_SIM,P_bal,logistic,LR,2.0,0.0,inner,False,,,,,,,0.1,,,
2763,C2_R,R_SIM,P_bal,logistic,LR,2.0,0.0,inner,False,,,,,,,1.0,,,
2764,C2_R,R_SIM,P_bal,logistic,LR,2.0,0.0,inner,False,,,,,,,10.0,,,
2765,C2_R,R_SIM,P_bal,logistic,LR,2.0,1.0,inner,False,,,,,,,0.01,,,
2766,C2_R,R_SIM,P_bal,logistic,LR,2.0,1.0,inner,False,,,,,,,0.1,,,
2767,C2_R,R_SIM,P_bal,logistic,LR,2.0,1.0,inner,False,,,,,,,1.0,,,
2768,C2_R,R_SIM,P_bal,logistic,LR,2.0,1.0,inner,False,,,,,,,10.0,,,
2769,C2_R,R_SIM,P_bal,logistic,LR,2.0,2.0,inner,False,,,,,,,0.01,,,
2770,C2_R,R_SIM,P_bal,logistic,LR,2.0,2.0,inner,False,,,,,,,0.1,,,
2771,C2_R,R_SIM,P_bal,logistic,LR,2.0,2.0,inner,False,,,,,,,1.0,,,
2772,C2_R,R_SIM,P_bal,logistic,LR,2.0,2.0,inner,False,,,,,,,10.0,,,
2773,C2_R,R_SIM,P_bal,logistic,LR,2.0,,final_selected_C,False,,,,,,,,,,
2774,C2_R,R_SIM,P_bal,logistic,LL,2.0,0.0,inner,False,,,,,,,0.01,,,
2775,C2_R,R_SIM,P_bal,logistic,LL,2.0,0.0,inner,False,,,,,,,0.1,,,
2776,C2_R,R_SIM,P_bal,logistic,LL,2.0,0.0,inner,False,,,,,,,1.0,,,
2777,C2_R,R_SIM,P_bal,logistic,LL,2.0,0.0,inner,False,,,,,,,10.0,,,
2778,C2_R,R_SIM,P_bal,logistic,LL,2.0,1.0,inner,False,,,,,,,0.01,,,
2779,C2_R,R_SIM,P_bal,logistic,LL,2.0,1.0,inner,False,,,,,,,0.1,,,
2780,C2_R,R_SIM,P_bal,logistic,LL,2.0,1.0,inner,False,,,,,,,1.0,,,
2781,C2_R,R_SIM,P_bal,logistic,LL,2.0,1.0,inner,False,,,,,,,10.0,,,
2782,C2_R,R_SIM,P_bal,logistic,LL,2.0,2.0,inner,False,,,,,,,0.01,,,
2783,C2_R,R_SIM,P_bal,logistic,LL,2.0,2.0,inner,False,,,,,,,0.1,,,
2784,C2_R,R_SIM,P_bal,logistic,LL,2.0,2.0,inner,False,,,,,,,1.0,,,
2785,C2_R,R_SIM,P_bal,logistic,LL,2.0,2.0,inner,False,,,,,,,10.0,,,
2786,C2_R,R_SIM,P_bal,logistic,LL,2.0,,final_selected_C,False,,,,,,,,,,
2787,C2_R,R_SIM,P_bal,logistic,RR,2.0,0.0,inner,False,,,,,,,0.01,,,
2788,C2_R,R_SIM,P_bal,logistic,RR,2.0,0.0,inner,False,,,,,,,0.1,,,
2789,C2_R,R_SIM,P_bal,logistic,RR,2.0,0.0,inner,False,,,,,,,1.0,,,
2790,C2_R,R_SIM,P_bal,logistic,RR,2.0,0.0,inner,False,,,,,,,10.0,,,
2791,C2_R,R_SIM,P_bal,logistic,RR,2.0,1.0,inner,False,,,,,,,0.01,,,
2792,C2_R,R_SIM,P_bal,logistic,RR,2.0,1.0,inner,False,,,,,,,0.1,,,
2793,C2_R,R_SIM,P_bal,logistic,RR,2.0,1.0,inner,False,,,,,,,1.0,,,
2794,C2_R,R_SIM,P_bal,logistic,RR,2.0,1.0,inner,False,,,,,,,10.0,,,
2795,C2_R,R_SIM,P_bal,logistic,RR,2.0,2.0,inner,False,,,,,,,0.01,,,
2796,C2_R,R_SIM,P_bal,logistic,RR,2.0,2.0,inner,False,,,,,,,0.1,,,
2797,C2_R,R_SIM,P_bal,logistic,RR,2.0,2.0,inner,False,,,,,,,1.0,,,
2798,C2_R,R_SIM,P_bal,logistic,RR,2.0,2.0,inner,False,,,,,,,10.0,,,
2799,C2_R,R_SIM,P_bal,logistic,RR,2.0,,final_selected_C,False,,,,,,,,,,
2800,C2_R,R_SIM,P_bal,mlp32,L,2.0,0.0,inner,True,,,,,,,0.01,,,
2801,C2_R,R_SIM,P_bal,mlp32,L,2.0,0.0,inner,True,,,,,,,0.1,,,
2802,C2_R,R_SIM,P_bal,mlp32,L,2.0,0.0,inner,True,,,,,,,1.0,,,
2803,C2_R,R_SIM,P_bal,mlp32,L,2.0,0.0,inner,True,,,,,,,10.0,,,
2804,C2_R,R_SIM,P_bal,mlp32,L,2.0,1.0,inner,True,,,,,,,0.01,,,
2805,C2_R,R_SIM,P_bal,mlp32,L,2.0,1.0,inner,True,,,,,,,0.1,,,
2806,C2_R,R_SIM,P_bal,mlp32,L,2.0,1.0,inner,True,,,,,,,1.0,,,
2807,C2_R,R_SIM,P_bal,mlp32,L,2.0,1.0,inner,True,,,,,,,10.0,,,
2808,C2_R,R_SIM,P_bal,mlp32,L,2.0,2.0,inner,True,,,,,,,0.01,,,
2809,C2_R,R_SIM,P_bal,mlp32,L,2.0,2.0,inner,True,,,,,,,0.1,,,
2810,C2_R,R_SIM,P_bal,mlp32,L,2.0,2.0,inner,True,,,,,,,1.0,,,
2811,C2_R,R_SIM,P_bal,mlp32,L,2.0,2.0,inner,True,,,,,,,10.0,,,
2812,C2_R,R_SIM,P_bal,mlp32,L,2.0,,final_all_alpha,True,,,,,,,0.01,,,
2813,C2_R,R_SIM,P_bal,mlp32,L,2.0,,final_all_alpha,True,,,,,,,0.1,,,
2814,C2_R,R_SIM,P_bal,mlp32,L,2.0,,final_all_alpha,True,,,,,,,1.0,,,
2815,C2_R,R_SIM,P_bal,mlp32,L,2.0,,final_all_alpha,True,,,,,,,10.0,,,
2816,C2_R,R_SIM,P_bal,mlp32,R,2.0,0.0,inner,True,,,,,,,0.01,,,
2817,C2_R,R_SIM,P_bal,mlp32,R,2.0,0.0,inner,True,,,,,,,0.1,,,
2818,C2_R,R_SIM,P_bal,mlp32,R,2.0,0.0,inner,True,,,,,,,1.0,,,
2819,C2_R,R_SIM,P_bal,mlp32,R,2.0,0.0,inner,True,,,,,,,10.0,,,
2820,C2_R,R_SIM,P_bal,mlp32,R,2.0,1.0,inner,True,,,,,,,0.01,,,
2821,C2_R,R_SIM,P_bal,mlp32,R,2.0,1.0,inner,True,,,,,,,0.1,,,
2822,C2_R,R_SIM,P_bal,mlp32,R,2.0,1.0,inner,True,,,,,,,1.0,,,
2823,C2_R,R_SIM,P_bal,mlp32,R,2.0,1.0,inner,True,,,,,,,10.0,,,
2824,C2_R,R_SIM,P_bal,mlp32,R,2.0,2.0,inner,True,,,,,,,0.01,,,
2825,C2_R,R_SIM,P_bal,mlp32,R,2.0,2.0,inner,True,,,,,,,0.1,,,
2826,C2_R,R_SIM,P_bal,mlp32,R,2.0,2.0,inner,True,,,,,,,1.0,,,
2827,C2_R,R_SIM,P_bal,mlp32,R,2.0,2.0,inner,True,,,,,,,10.0,,,
2828,C2_R,R_SIM,P_bal,mlp32,R,2.0,,final_all_alpha,True,,,,,,,0.01,,,
2829,C2_R,R_SIM,P_bal,mlp32,R,2.0,,final_all_alpha,True,,,,,,,0.1,,,
2830,C2_R,R_SIM,P_bal,mlp32,R,2.0,,final_all_alpha,True,,,,,,,1.0,,,
2831,C2_R,R_SIM,P_bal,mlp32,R,2.0,,final_all_alpha,True,,,,,,,10.0,,,
2832,C2_R,R_SIM,P_bal,mlp32,LR,2.0,0.0,inner,True,,,,,,,0.01,,,
2833,C2_R,R_SIM,P_bal,mlp32,LR,2.0,0.0,inner,True,,,,,,,0.1,,,
2834,C2_R,R_SIM,P_bal,mlp32,LR,2.0,0.0,inner,True,,,,,,,1.0,,,
2835,C2_R,R_SIM,P_bal,mlp32,LR,2.0,0.0,inner,True,,,,,,,10.0,,,
2836,C2_R,R_SIM,P_bal,mlp32,LR,2.0,1.0,inner,True,,,,,,,0.01,,,
2837,C2_R,R_SIM,P_bal,mlp32,LR,2.0,1.0,inner,True,,,,,,,0.1,,,
2838,C2_R,R_SIM,P_bal,mlp32,LR,2.0,1.0,inner,True,,,,,,,1.0,,,
2839,C2_R,R_SIM,P_bal,mlp32,LR,2.0,1.0,inner,True,,,,,,,10.0,,,
2840,C2_R,R_SIM,P_bal,mlp32,LR,2.0,2.0,inner,True,,,,,,,0.01,,,
2841,C2_R,R_SIM,P_bal,mlp32,LR,2.0,2.0,inner,True,,,,,,,0.1,,,
2842,C2_R,R_SIM,P_bal,mlp32,LR,2.0,2.0,inner,True,,,,,,,1.0,,,
2843,C2_R,R_SIM,P_bal,mlp32,LR,2.0,2.0,inner,True,,,,,,,10.0,,,
2844,C2_R,R_SIM,P_bal,mlp32,LR,2.0,,final_all_alpha,True,,,,,,,0.01,,,
2845,C2_R,R_SIM,P_bal,mlp32,LR,2.0,,final_all_alpha,True,,,,,,,0.1,,,
2846,C2_R,R_SIM,P_bal,mlp32,LR,2.0,,final_all_alpha,True,,,,,,,1.0,,,
2847,C2_R,R_SIM,P_bal,mlp32,LR,2.0,,final_all_alpha,True,,,,,,,10.0,,,
2848,C2_R,R_SIM,P_bal,mlp32,LL,2.0,0.0,inner,True,,,,,,,0.01,,,
2849,C2_R,R_SIM,P_bal,mlp32,LL,2.0,0.0,inner,True,,,,,,,0.1,,,
2850,C2_R,R_SIM,P_bal,mlp32,LL,2.0,0.0,inner,True,,,,,,,1.0,,,
2851,C2_R,R_SIM,P_bal,mlp32,LL,2.0,0.0,inner,True,,,,,,,10.0,,,
2852,C2_R,R_SIM,P_bal,mlp32,LL,2.0,1.0,inner,True,,,,,,,0.01,,,
2853,C2_R,R_SIM,P_bal,mlp32,LL,2.0,1.0,inner,True,,,,,,,0.1,,,
2854,C2_R,R_SIM,P_bal,mlp32,LL,2.0,1.0,inner,True,,,,,,,1.0,,,
2855,C2_R,R_SIM,P_bal,mlp32,LL,2.0,1.0,inner,True,,,,,,,10.0,,,
2856,C2_R,R_SIM,P_bal,mlp32,LL,2.0,2.0,inner,True,,,,,,,0.01,,,
2857,C2_R,R_SIM,P_bal,mlp32,LL,2.0,2.0,inner,True,,,,,,,0.1,,,
2858,C2_R,R_SIM,P_bal,mlp32,LL,2.0,2.0,inner,True,,,,,,,1.0,,,
2859,C2_R,R_SIM,P_bal,mlp32,LL,2.0,2.0,inner,True,,,,,,,10.0,,,
2860,C2_R,R_SIM,P_bal,mlp32,LL,2.0,,final_all_alpha,True,,,,,,,0.01,,,
2861,C2_R,R_SIM,P_bal,mlp32,LL,2.0,,final_all_alpha,True,,,,,,,0.1,,,
2862,C2_R,R_SIM,P_bal,mlp32,LL,2.0,,final_all_alpha,True,,,,,,,1.0,,,
2863,C2_R,R_SIM,P_bal,mlp32,LL,2.0,,final_all_alpha,True,,,,,,,10.0,,,
2864,C2_R,R_SIM,P_bal,mlp32,RR,2.0,0.0,inner,True,,,,,,,0.01,,,
2865,C2_R,R_SIM,P_bal,mlp32,RR,2.0,0.0,inner,True,,,,,,,0.1,,,
2866,C2_R,R_SIM,P_bal,mlp32,RR,2.0,0.0,inner,True,,,,,,,1.0,,,
2867,C2_R,R_SIM,P_bal,mlp32,RR,2.0,0.0,inner,True,,,,,,,10.0,,,
2868,C2_R,R_SIM,P_bal,mlp32,RR,2.0,1.0,inner,True,,,,,,,0.01,,,
2869,C2_R,R_SIM,P_bal,mlp32,RR,2.0,1.0,inner,True,,,,,,,0.1,,,
2870,C2_R,R_SIM,P_bal,mlp32,RR,2.0,1.0,inner,True,,,,,,,1.0,,,
2871,C2_R,R_SIM,P_bal,mlp32,RR,2.0,1.0,inner,True,,,,,,,10.0,,,
2872,C2_R,R_SIM,P_bal,mlp32,RR,2.0,2.0,inner,True,,,,,,,0.01,,,
2873,C2_R,R_SIM,P_bal,mlp32,RR,2.0,2.0,inner,True,,,,,,,0.1,,,
2874,C2_R,R_SIM,P_bal,mlp32,RR,2.0,2.0,inner,True,,,,,,,1.0,,,
2875,C2_R,R_SIM,P_bal,mlp32,RR,2.0,2.0,inner,True,,,,,,,10.0,,,
2876,C2_R,R_SIM,P_bal,mlp32,RR,2.0,,final_all_alpha,True,,,,,,,0.01,,,
2877,C2_R,R_SIM,P_bal,mlp32,RR,2.0,,final_all_alpha,True,,,,,,,0.1,,,
2878,C2_R,R_SIM,P_bal,mlp32,RR,2.0,,final_all_alpha,True,,,,,,,1.0,,,
2879,C2_R,R_SIM,P_bal,mlp32,RR,2.0,,final_all_alpha,True,,,,,,,10.0,,,
2880,C2_R,R_SIM,P_bal,mlp64,L,2.0,0.0,inner,True,,,,,,,0.01,,,
2881,C2_R,R_SIM,P_bal,mlp64,L,2.0,0.0,inner,True,,,,,,,0.1,,,
2882,C2_R,R_SIM,P_bal,mlp64,L,2.0,0.0,inner,True,,,,,,,1.0,,,
2883,C2_R,R_SIM,P_bal,mlp64,L,2.0,0.0,inner,True,,,,,,,10.0,,,
2884,C2_R,R_SIM,P_bal,mlp64,L,2.0,1.0,inner,True,,,,,,,0.01,,,
2885,C2_R,R_SIM,P_bal,mlp64,L,2.0,1.0,inner,True,,,,,,,0.1,,,
2886,C2_R,R_SIM,P_bal,mlp64,L,2.0,1.0,inner,True,,,,,,,1.0,,,
2887,C2_R,R_SIM,P_bal,mlp64,L,2.0,1.0,inner,True,,,,,,,10.0,,,
2888,C2_R,R_SIM,P_bal,mlp64,L,2.0,2.0,inner,True,,,,,,,0.01,,,
2889,C2_R,R_SIM,P_bal,mlp64,L,2.0,2.0,inner,True,,,,,,,0.1,,,
2890,C2_R,R_SIM,P_bal,mlp64,L,2.0,2.0,inner,True,,,,,,,1.0,,,
2891,C2_R,R_SIM,P_bal,mlp64,L,2.0,2.0,inner,True,,,,,,,10.0,,,
2892,C2_R,R_SIM,P_bal,mlp64,L,2.0,,final_all_alpha,True,,,,,,,0.01,,,
2893,C2_R,R_SIM,P_bal,mlp64,L,2.0,,final_all_alpha,True,,,,,,,0.1,,,
2894,C2_R,R_SIM,P_bal,mlp64,L,2.0,,final_all_alpha,True,,,,,,,1.0,,,
2895,C2_R,R_SIM,P_bal,mlp64,L,2.0,,final_all_alpha,True,,,,,,,10.0,,,
2896,C2_R,R_SIM,P_bal,mlp64,R,2.0,0.0,inner,True,,,,,,,0.01,,,
2897,C2_R,R_SIM,P_bal,mlp64,R,2.0,0.0,inner,True,,,,,,,0.1,,,
2898,C2_R,R_SIM,P_bal,mlp64,R,2.0,0.0,inner,True,,,,,,,1.0,,,
2899,C2_R,R_SIM,P_bal,mlp64,R,2.0,0.0,inner,True,,,,,,,10.0,,,
2900,C2_R,R_SIM,P_bal,mlp64,R,2.0,1.0,inner,True,,,,,,,0.01,,,
2901,C2_R,R_SIM,P_bal,mlp64,R,2.0,1.0,inner,True,,,,,,,0.1,,,
2902,C2_R,R_SIM,P_bal,mlp64,R,2.0,1.0,inner,True,,,,,,,1.0,,,
2903,C2_R,R_SIM,P_bal,mlp64,R,2.0,1.0,inner,True,,,,,,,10.0,,,
2904,C2_R,R_SIM,P_bal,mlp64,R,2.0,2.0,inner,True,,,,,,,0.01,,,
2905,C2_R,R_SIM,P_bal,mlp64,R,2.0,2.0,inner,True,,,,,,,0.1,,,
2906,C2_R,R_SIM,P_bal,mlp64,R,2.0,2.0,inner,True,,,,,,,1.0,,,
2907,C2_R,R_SIM,P_bal,mlp64,R,2.0,2.0,inner,True,,,,,,,10.0,,,
2908,C2_R,R_SIM,P_bal,mlp64,R,2.0,,final_all_alpha,True,,,,,,,0.01,,,
2909,C2_R,R_SIM,P_bal,mlp64,R,2.0,,final_all_alpha,True,,,,,,,0.1,,,
2910,C2_R,R_SIM,P_bal,mlp64,R,2.0,,final_all_alpha,True,,,,,,,1.0,,,
2911,C2_R,R_SIM,P_bal,mlp64,R,2.0,,final_all_alpha,True,,,,,,,10.0,,,
2912,C2_R,R_SIM,P_bal,logistic,L,3.0,0.0,inner,False,,,,,,,0.01,,,
2913,C2_R,R_SIM,P_bal,logistic,L,3.0,0.0,inner,False,,,,,,,0.1,,,
2914,C2_R,R_SIM,P_bal,logistic,L,3.0,0.0,inner,False,,,,,,,1.0,,,
2915,C2_R,R_SIM,P_bal,logistic,L,3.0,0.0,inner,False,,,,,,,10.0,,,
2916,C2_R,R_SIM,P_bal,logistic,L,3.0,1.0,inner,False,,,,,,,0.01,,,
2917,C2_R,R_SIM,P_bal,logistic,L,3.0,1.0,inner,False,,,,,,,0.1,,,
2918,C2_R,R_SIM,P_bal,logistic,L,3.0,1.0,inner,False,,,,,,,1.0,,,
2919,C2_R,R_SIM,P_bal,logistic,L,3.0,1.0,inner,False,,,,,,,10.0,,,
2920,C2_R,R_SIM,P_bal,logistic,L,3.0,2.0,inner,False,,,,,,,0.01,,,
2921,C2_R,R_SIM,P_bal,logistic,L,3.0,2.0,inner,False,,,,,,,0.1,,,
2922,C2_R,R_SIM,P_bal,logistic,L,3.0,2.0,inner,False,,,,,,,1.0,,,
2923,C2_R,R_SIM,P_bal,logistic,L,3.0,2.0,inner,False,,,,,,,10.0,,,
2924,C2_R,R_SIM,P_bal,logistic,L,3.0,,final_selected_C,False,,,,,,,,,,
2925,C2_R,R_SIM,P_bal,logistic,R,3.0,0.0,inner,False,,,,,,,0.01,,,
2926,C2_R,R_SIM,P_bal,logistic,R,3.0,0.0,inner,False,,,,,,,0.1,,,
2927,C2_R,R_SIM,P_bal,logistic,R,3.0,0.0,inner,False,,,,,,,1.0,,,
2928,C2_R,R_SIM,P_bal,logistic,R,3.0,0.0,inner,False,,,,,,,10.0,,,
2929,C2_R,R_SIM,P_bal,logistic,R,3.0,1.0,inner,False,,,,,,,0.01,,,
2930,C2_R,R_SIM,P_bal,logistic,R,3.0,1.0,inner,False,,,,,,,0.1,,,
2931,C2_R,R_SIM,P_bal,logistic,R,3.0,1.0,inner,False,,,,,,,1.0,,,
2932,C2_R,R_SIM,P_bal,logistic,R,3.0,1.0,inner,False,,,,,,,10.0,,,
2933,C2_R,R_SIM,P_bal,logistic,R,3.0,2.0,inner,False,,,,,,,0.01,,,
2934,C2_R,R_SIM,P_bal,logistic,R,3.0,2.0,inner,False,,,,,,,0.1,,,
2935,C2_R,R_SIM,P_bal,logistic,R,3.0,2.0,inner,False,,,,,,,1.0,,,
2936,C2_R,R_SIM,P_bal,logistic,R,3.0,2.0,inner,False,,,,,,,10.0,,,
2937,C2_R,R_SIM,P_bal,logistic,R,3.0,,final_selected_C,False,,,,,,,,,,
2938,C2_R,R_SIM,P_bal,logistic,LR,3.0,0.0,inner,False,,,,,,,0.01,,,
2939,C2_R,R_SIM,P_bal,logistic,LR,3.0,0.0,inner,False,,,,,,,0.1,,,
2940,C2_R,R_SIM,P_bal,logistic,LR,3.0,0.0,inner,False,,,,,,,1.0,,,
2941,C2_R,R_SIM,P_bal,logistic,LR,3.0,0.0,inner,False,,,,,,,10.0,,,
2942,C2_R,R_SIM,P_bal,logistic,LR,3.0,1.0,inner,False,,,,,,,0.01,,,
2943,C2_R,R_SIM,P_bal,logistic,LR,3.0,1.0,inner,False,,,,,,,0.1,,,
2944,C2_R,R_SIM,P_bal,logistic,LR,3.0,1.0,inner,False,,,,,,,1.0,,,
2945,C2_R,R_SIM,P_bal,logistic,LR,3.0,1.0,inner,False,,,,,,,10.0,,,
2946,C2_R,R_SIM,P_bal,logistic,LR,3.0,2.0,inner,False,,,,,,,0.01,,,
2947,C2_R,R_SIM,P_bal,logistic,LR,3.0,2.0,inner,False,,,,,,,0.1,,,
2948,C2_R,R_SIM,P_bal,logistic,LR,3.0,2.0,inner,False,,,,,,,1.0,,,
2949,C2_R,R_SIM,P_bal,logistic,LR,3.0,2.0,inner,False,,,,,,,10.0,,,
2950,C2_R,R_SIM,P_bal,logistic,LR,3.0,,final_selected_C,False,,,,,,,,,,
2951,C2_R,R_SIM,P_bal,logistic,LL,3.0,0.0,inner,False,,,,,,,0.01,,,
2952,C2_R,R_SIM,P_bal,logistic,LL,3.0,0.0,inner,False,,,,,,,0.1,,,
2953,C2_R,R_SIM,P_bal,logistic,LL,3.0,0.0,inner,False,,,,,,,1.0,,,
2954,C2_R,R_SIM,P_bal,logistic,LL,3.0,0.0,inner,False,,,,,,,10.0,,,
2955,C2_R,R_SIM,P_bal,logistic,LL,3.0,1.0,inner,False,,,,,,,0.01,,,
2956,C2_R,R_SIM,P_bal,logistic,LL,3.0,1.0,inner,False,,,,,,,0.1,,,
2957,C2_R,R_SIM,P_bal,logistic,LL,3.0,1.0,inner,False,,,,,,,1.0,,,
2958,C2_R,R_SIM,P_bal,logistic,LL,3.0,1.0,inner,False,,,,,,,10.0,,,
2959,C2_R,R_SIM,P_bal,logistic,LL,3.0,2.0,inner,False,,,,,,,0.01,,,
2960,C2_R,R_SIM,P_bal,logistic,LL,3.0,2.0,inner,False,,,,,,,0.1,,,
2961,C2_R,R_SIM,P_bal,logistic,LL,3.0,2.0,inner,False,,,,,,,1.0,,,
2962,C2_R,R_SIM,P_bal,logistic,LL,3.0,2.0,inner,False,,,,,,,10.0,,,
2963,C2_R,R_SIM,P_bal,logistic,LL,3.0,,final_selected_C,False,,,,,,,,,,
2964,C2_R,R_SIM,P_bal,logistic,RR,3.0,0.0,inner,False,,,,,,,0.01,,,
2965,C2_R,R_SIM,P_bal,logistic,RR,3.0,0.0,inner,False,,,,,,,0.1,,,
2966,C2_R,R_SIM,P_bal,logistic,RR,3.0,0.0,inner,False,,,,,,,1.0,,,
2967,C2_R,R_SIM,P_bal,logistic,RR,3.0,0.0,inner,False,,,,,,,10.0,,,
2968,C2_R,R_SIM,P_bal,logistic,RR,3.0,1.0,inner,False,,,,,,,0.01,,,
2969,C2_R,R_SIM,P_bal,logistic,RR,3.0,1.0,inner,False,,,,,,,0.1,,,
2970,C2_R,R_SIM,P_bal,logistic,RR,3.0,1.0,inner,False,,,,,,,1.0,,,
2971,C2_R,R_SIM,P_bal,logistic,RR,3.0,1.0,inner,False,,,,,,,10.0,,,
2972,C2_R,R_SIM,P_bal,logistic,RR,3.0,2.0,inner,False,,,,,,,0.01,,,
2973,C2_R,R_SIM,P_bal,logistic,RR,3.0,2.0,inner,False,,,,,,,0.1,,,
2974,C2_R,R_SIM,P_bal,logistic,RR,3.0,2.0,inner,False,,,,,,,1.0,,,
2975,C2_R,R_SIM,P_bal,logistic,RR,3.0,2.0,inner,False,,,,,,,10.0,,,
2976,C2_R,R_SIM,P_bal,logistic,RR,3.0,,final_selected_C,False,,,,,,,,,,
2977,C2_R,R_SIM,P_bal,mlp32,L,3.0,0.0,inner,True,,,,,,,0.01,,,
2978,C2_R,R_SIM,P_bal,mlp32,L,3.0,0.0,inner,True,,,,,,,0.1,,,
2979,C2_R,R_SIM,P_bal,mlp32,L,3.0,0.0,inner,True,,,,,,,1.0,,,
2980,C2_R,R_SIM,P_bal,mlp32,L,3.0,0.0,inner,True,,,,,,,10.0,,,
2981,C2_R,R_SIM,P_bal,mlp32,L,3.0,1.0,inner,True,,,,,,,0.01,,,
2982,C2_R,R_SIM,P_bal,mlp32,L,3.0,1.0,inner,True,,,,,,,0.1,,,
2983,C2_R,R_SIM,P_bal,mlp32,L,3.0,1.0,inner,True,,,,,,,1.0,,,
2984,C2_R,R_SIM,P_bal,mlp32,L,3.0,1.0,inner,True,,,,,,,10.0,,,
2985,C2_R,R_SIM,P_bal,mlp32,L,3.0,2.0,inner,True,,,,,,,0.01,,,
2986,C2_R,R_SIM,P_bal,mlp32,L,3.0,2.0,inner,True,,,,,,,0.1,,,
2987,C2_R,R_SIM,P_bal,mlp32,L,3.0,2.0,inner,True,,,,,,,1.0,,,
2988,C2_R,R_SIM,P_bal,mlp32,L,3.0,2.0,inner,True,,,,,,,10.0,,,
2989,C2_R,R_SIM,P_bal,mlp32,L,3.0,,final_all_alpha,True,,,,,,,0.01,,,
2990,C2_R,R_SIM,P_bal,mlp32,L,3.0,,final_all_alpha,True,,,,,,,0.1,,,
2991,C2_R,R_SIM,P_bal,mlp32,L,3.0,,final_all_alpha,True,,,,,,,1.0,,,
2992,C2_R,R_SIM,P_bal,mlp32,L,3.0,,final_all_alpha,True,,,,,,,10.0,,,
2993,C2_R,R_SIM,P_bal,mlp32,R,3.0,0.0,inner,True,,,,,,,0.01,,,
2994,C2_R,R_SIM,P_bal,mlp32,R,3.0,0.0,inner,True,,,,,,,0.1,,,
2995,C2_R,R_SIM,P_bal,mlp32,R,3.0,0.0,inner,True,,,,,,,1.0,,,
2996,C2_R,R_SIM,P_bal,mlp32,R,3.0,0.0,inner,True,,,,,,,10.0,,,
2997,C2_R,R_SIM,P_bal,mlp32,R,3.0,1.0,inner,True,,,,,,,0.01,,,
2998,C2_R,R_SIM,P_bal,mlp32,R,3.0,1.0,inner,True,,,,,,,0.1,,,
2999,C2_R,R_SIM,P_bal,mlp32,R,3.0,1.0,inner,True,,,,,,,1.0,,,
3000,C2_R,R_SIM,P_bal,mlp32,R,3.0,1.0,inner,True,,,,,,,10.0,,,
3001,C2_R,R_SIM,P_bal,mlp32,R,3.0,2.0,inner,True,,,,,,,0.01,,,
3002,C2_R,R_SIM,P_bal,mlp32,R,3.0,2.0,inner,True,,,,,,,0.1,,,
3003,C2_R,R_SIM,P_bal,mlp32,R,3.0,2.0,inner,True,,,,,,,1.0,,,
3004,C2_R,R_SIM,P_bal,mlp32,R,3.0,2.0,inner,True,,,,,,,10.0,,,
3005,C2_R,R_SIM,P_bal,mlp32,R,3.0,,final_all_alpha,True,,,,,,,0.01,,,
3006,C2_R,R_SIM,P_bal,mlp32,R,3.0,,final_all_alpha,True,,,,,,,0.1,,,
3007,C2_R,R_SIM,P_bal,mlp32,R,3.0,,final_all_alpha,True,,,,,,,1.0,,,
3008,C2_R,R_SIM,P_bal,mlp32,R,3.0,,final_all_alpha,True,,,,,,,10.0,,,
3009,C2_R,R_SIM,P_bal,mlp32,LR,3.0,0.0,inner,True,,,,,,,0.01,,,
3010,C2_R,R_SIM,P_bal,mlp32,LR,3.0,0.0,inner,True,,,,,,,0.1,,,
3011,C2_R,R_SIM,P_bal,mlp32,LR,3.0,0.0,inner,True,,,,,,,1.0,,,
3012,C2_R,R_SIM,P_bal,mlp32,LR,3.0,0.0,inner,True,,,,,,,10.0,,,
3013,C2_R,R_SIM,P_bal,mlp32,LR,3.0,1.0,inner,True,,,,,,,0.01,,,
3014,C2_R,R_SIM,P_bal,mlp32,LR,3.0,1.0,inner,True,,,,,,,0.1,,,
3015,C2_R,R_SIM,P_bal,mlp32,LR,3.0,1.0,inner,True,,,,,,,1.0,,,
3016,C2_R,R_SIM,P_bal,mlp32,LR,3.0,1.0,inner,True,,,,,,,10.0,,,
3017,C2_R,R_SIM,P_bal,mlp32,LR,3.0,2.0,inner,True,,,,,,,0.01,,,
3018,C2_R,R_SIM,P_bal,mlp32,LR,3.0,2.0,inner,True,,,,,,,0.1,,,
3019,C2_R,R_SIM,P_bal,mlp32,LR,3.0,2.0,inner,True,,,,,,,1.0,,,
3020,C2_R,R_SIM,P_bal,mlp32,LR,3.0,2.0,inner,True,,,,,,,10.0,,,
3021,C2_R,R_SIM,P_bal,mlp32,LR,3.0,,final_all_alpha,True,,,,,,,0.01,,,
3022,C2_R,R_SIM,P_bal,mlp32,LR,3.0,,final_all_alpha,True,,,,,,,0.1,,,
3023,C2_R,R_SIM,P_bal,mlp32,LR,3.0,,final_all_alpha,True,,,,,,,1.0,,,
3024,C2_R,R_SIM,P_bal,mlp32,LR,3.0,,final_all_alpha,True,,,,,,,10.0,,,
3025,C2_R,R_SIM,P_bal,mlp32,LL,3.0,0.0,inner,True,,,,,,,0.01,,,
3026,C2_R,R_SIM,P_bal,mlp32,LL,3.0,0.0,inner,True,,,,,,,0.1,,,
3027,C2_R,R_SIM,P_bal,mlp32,LL,3.0,0.0,inner,True,,,,,,,1.0,,,
3028,C2_R,R_SIM,P_bal,mlp32,LL,3.0,0.0,inner,True,,,,,,,10.0,,,
3029,C2_R,R_SIM,P_bal,mlp32,LL,3.0,1.0,inner,True,,,,,,,0.01,,,
3030,C2_R,R_SIM,P_bal,mlp32,LL,3.0,1.0,inner,True,,,,,,,0.1,,,
3031,C2_R,R_SIM,P_bal,mlp32,LL,3.0,1.0,inner,True,,,,,,,1.0,,,
3032,C2_R,R_SIM,P_bal,mlp32,LL,3.0,1.0,inner,True,,,,,,,10.0,,,
3033,C2_R,R_SIM,P_bal,mlp32,LL,3.0,2.0,inner,True,,,,,,,0.01,,,
3034,C2_R,R_SIM,P_bal,mlp32,LL,3.0,2.0,inner,True,,,,,,,0.1,,,
3035,C2_R,R_SIM,P_bal,mlp32,LL,3.0,2.0,inner,True,,,,,,,1.0,,,
3036,C2_R,R_SIM,P_bal,mlp32,LL,3.0,2.0,inner,True,,,,,,,10.0,,,
3037,C2_R,R_SIM,P_bal,mlp32,LL,3.0,,final_all_alpha,True,,,,,,,0.01,,,
3038,C2_R,R_SIM,P_bal,mlp32,LL,3.0,,final_all_alpha,True,,,,,,,0.1,,,
3039,C2_R,R_SIM,P_bal,mlp32,LL,3.0,,final_all_alpha,True,,,,,,,1.0,,,
3040,C2_R,R_SIM,P_bal,mlp32,LL,3.0,,final_all_alpha,True,,,,,,,10.0,,,
3041,C2_R,R_SIM,P_bal,mlp32,RR,3.0,0.0,inner,True,,,,,,,0.01,,,
3042,C2_R,R_SIM,P_bal,mlp32,RR,3.0,0.0,inner,True,,,,,,,0.1,,,
3043,C2_R,R_SIM,P_bal,mlp32,RR,3.0,0.0,inner,True,,,,,,,1.0,,,
3044,C2_R,R_SIM,P_bal,mlp32,RR,3.0,0.0,inner,True,,,,,,,10.0,,,
3045,C2_R,R_SIM,P_bal,mlp32,RR,3.0,1.0,inner,True,,,,,,,0.01,,,
3046,C2_R,R_SIM,P_bal,mlp32,RR,3.0,1.0,inner,True,,,,,,,0.1,,,
3047,C2_R,R_SIM,P_bal,mlp32,RR,3.0,1.0,inner,True,,,,,,,1.0,,,
3048,C2_R,R_SIM,P_bal,mlp32,RR,3.0,1.0,inner,True,,,,,,,10.0,,,
3049,C2_R,R_SIM,P_bal,mlp32,RR,3.0,2.0,inner,True,,,,,,,0.01,,,
3050,C2_R,R_SIM,P_bal,mlp32,RR,3.0,2.0,inner,True,,,,,,,0.1,,,
3051,C2_R,R_SIM,P_bal,mlp32,RR,3.0,2.0,inner,True,,,,,,,1.0,,,
3052,C2_R,R_SIM,P_bal,mlp32,RR,3.0,2.0,inner,True,,,,,,,10.0,,,
3053,C2_R,R_SIM,P_bal,mlp32,RR,3.0,,final_all_alpha,True,,,,,,,0.01,,,
3054,C2_R,R_SIM,P_bal,mlp32,RR,3.0,,final_all_alpha,True,,,,,,,0.1,,,
3055,C2_R,R_SIM,P_bal,mlp32,RR,3.0,,final_all_alpha,True,,,,,,,1.0,,,
3056,C2_R,R_SIM,P_bal,mlp32,RR,3.0,,final_all_alpha,True,,,,,,,10.0,,,
3057,C2_R,R_SIM,P_bal,mlp64,L,3.0,0.0,inner,True,,,,,,,0.01,,,
3058,C2_R,R_SIM,P_bal,mlp64,L,3.0,0.0,inner,True,,,,,,,0.1,,,
3059,C2_R,R_SIM,P_bal,mlp64,L,3.0,0.0,inner,True,,,,,,,1.0,,,
3060,C2_R,R_SIM,P_bal,mlp64,L,3.0,0.0,inner,True,,,,,,,10.0,,,
3061,C2_R,R_SIM,P_bal,mlp64,L,3.0,1.0,inner,True,,,,,,,0.01,,,
3062,C2_R,R_SIM,P_bal,mlp64,L,3.0,1.0,inner,True,,,,,,,0.1,,,
3063,C2_R,R_SIM,P_bal,mlp64,L,3.0,1.0,inner,True,,,,,,,1.0,,,
3064,C2_R,R_SIM,P_bal,mlp64,L,3.0,1.0,inner,True,,,,,,,10.0,,,
3065,C2_R,R_SIM,P_bal,mlp64,L,3.0,2.0,inner,True,,,,,,,0.01,,,
3066,C2_R,R_SIM,P_bal,mlp64,L,3.0,2.0,inner,True,,,,,,,0.1,,,
3067,C2_R,R_SIM,P_bal,mlp64,L,3.0,2.0,inner,True,,,,,,,1.0,,,
3068,C2_R,R_SIM,P_bal,mlp64,L,3.0,2.0,inner,True,,,,,,,10.0,,,
3069,C2_R,R_SIM,P_bal,mlp64,L,3.0,,final_all_alpha,True,,,,,,,0.01,,,
3070,C2_R,R_SIM,P_bal,mlp64,L,3.0,,final_all_alpha,True,,,,,,,0.1,,,
3071,C2_R,R_SIM,P_bal,mlp64,L,3.0,,final_all_alpha,True,,,,,,,1.0,,,
3072,C2_R,R_SIM,P_bal,mlp64,L,3.0,,final_all_alpha,True,,,,,,,10.0,,,
3073,C2_R,R_SIM,P_bal,mlp64,R,3.0,0.0,inner,True,,,,,,,0.01,,,
3074,C2_R,R_SIM,P_bal,mlp64,R,3.0,0.0,inner,True,,,,,,,0.1,,,
3075,C2_R,R_SIM,P_bal,mlp64,R,3.0,0.0,inner,True,,,,,,,1.0,,,
3076,C2_R,R_SIM,P_bal,mlp64,R,3.0,0.0,inner,True,,,,,,,10.0,,,
3077,C2_R,R_SIM,P_bal,mlp64,R,3.0,1.0,inner,True,,,,,,,0.01,,,
3078,C2_R,R_SIM,P_bal,mlp64,R,3.0,1.0,inner,True,,,,,,,0.1,,,
3079,C2_R,R_SIM,P_bal,mlp64,R,3.0,1.0,inner,True,,,,,,,1.0,,,
3080,C2_R,R_SIM,P_bal,mlp64,R,3.0,1.0,inner,True,,,,,,,10.0,,,
3081,C2_R,R_SIM,P_bal,mlp64,R,3.0,2.0,inner,True,,,,,,,0.01,,,
3082,C2_R,R_SIM,P_bal,mlp64,R,3.0,2.0,inner,True,,,,,,,0.1,,,
3083,C2_R,R_SIM,P_bal,mlp64,R,3.0,2.0,inner,True,,,,,,,1.0,,,
3084,C2_R,R_SIM,P_bal,mlp64,R,3.0,2.0,inner,True,,,,,,,10.0,,,
3085,C2_R,R_SIM,P_bal,mlp64,R,3.0,,final_all_alpha,True,,,,,,,0.01,,,
3086,C2_R,R_SIM,P_bal,mlp64,R,3.0,,final_all_alpha,True,,,,,,,0.1,,,
3087,C2_R,R_SIM,P_bal,mlp64,R,3.0,,final_all_alpha,True,,,,,,,1.0,,,
3088,C2_R,R_SIM,P_bal,mlp64,R,3.0,,final_all_alpha,True,,,,,,,10.0,,,
3089,C2_R,R_SIM,P_bal,logistic,L,4.0,0.0,inner,False,,,,,,,0.01,,,
3090,C2_R,R_SIM,P_bal,logistic,L,4.0,0.0,inner,False,,,,,,,0.1,,,
3091,C2_R,R_SIM,P_bal,logistic,L,4.0,0.0,inner,False,,,,,,,1.0,,,
3092,C2_R,R_SIM,P_bal,logistic,L,4.0,0.0,inner,False,,,,,,,10.0,,,
3093,C2_R,R_SIM,P_bal,logistic,L,4.0,1.0,inner,False,,,,,,,0.01,,,
3094,C2_R,R_SIM,P_bal,logistic,L,4.0,1.0,inner,False,,,,,,,0.1,,,
3095,C2_R,R_SIM,P_bal,logistic,L,4.0,1.0,inner,False,,,,,,,1.0,,,
3096,C2_R,R_SIM,P_bal,logistic,L,4.0,1.0,inner,False,,,,,,,10.0,,,
3097,C2_R,R_SIM,P_bal,logistic,L,4.0,2.0,inner,False,,,,,,,0.01,,,
3098,C2_R,R_SIM,P_bal,logistic,L,4.0,2.0,inner,False,,,,,,,0.1,,,
3099,C2_R,R_SIM,P_bal,logistic,L,4.0,2.0,inner,False,,,,,,,1.0,,,
3100,C2_R,R_SIM,P_bal,logistic,L,4.0,2.0,inner,False,,,,,,,10.0,,,
3101,C2_R,R_SIM,P_bal,logistic,L,4.0,,final_selected_C,False,,,,,,,,,,
3102,C2_R,R_SIM,P_bal,logistic,R,4.0,0.0,inner,False,,,,,,,0.01,,,
3103,C2_R,R_SIM,P_bal,logistic,R,4.0,0.0,inner,False,,,,,,,0.1,,,
3104,C2_R,R_SIM,P_bal,logistic,R,4.0,0.0,inner,False,,,,,,,1.0,,,
3105,C2_R,R_SIM,P_bal,logistic,R,4.0,0.0,inner,False,,,,,,,10.0,,,
3106,C2_R,R_SIM,P_bal,logistic,R,4.0,1.0,inner,False,,,,,,,0.01,,,
3107,C2_R,R_SIM,P_bal,logistic,R,4.0,1.0,inner,False,,,,,,,0.1,,,
3108,C2_R,R_SIM,P_bal,logistic,R,4.0,1.0,inner,False,,,,,,,1.0,,,
3109,C2_R,R_SIM,P_bal,logistic,R,4.0,1.0,inner,False,,,,,,,10.0,,,
3110,C2_R,R_SIM,P_bal,logistic,R,4.0,2.0,inner,False,,,,,,,0.01,,,
3111,C2_R,R_SIM,P_bal,logistic,R,4.0,2.0,inner,False,,,,,,,0.1,,,
3112,C2_R,R_SIM,P_bal,logistic,R,4.0,2.0,inner,False,,,,,,,1.0,,,
3113,C2_R,R_SIM,P_bal,logistic,R,4.0,2.0,inner,False,,,,,,,10.0,,,
3114,C2_R,R_SIM,P_bal,logistic,R,4.0,,final_selected_C,False,,,,,,,,,,
3115,C2_R,R_SIM,P_bal,logistic,LR,4.0,0.0,inner,False,,,,,,,0.01,,,
3116,C2_R,R_SIM,P_bal,logistic,LR,4.0,0.0,inner,False,,,,,,,0.1,,,
3117,C2_R,R_SIM,P_bal,logistic,LR,4.0,0.0,inner,False,,,,,,,1.0,,,
3118,C2_R,R_SIM,P_bal,logistic,LR,4.0,0.0,inner,False,,,,,,,10.0,,,
3119,C2_R,R_SIM,P_bal,logistic,LR,4.0,1.0,inner,False,,,,,,,0.01,,,
3120,C2_R,R_SIM,P_bal,logistic,LR,4.0,1.0,inner,False,,,,,,,0.1,,,
3121,C2_R,R_SIM,P_bal,logistic,LR,4.0,1.0,inner,False,,,,,,,1.0,,,
3122,C2_R,R_SIM,P_bal,logistic,LR,4.0,1.0,inner,False,,,,,,,10.0,,,
3123,C2_R,R_SIM,P_bal,logistic,LR,4.0,2.0,inner,False,,,,,,,0.01,,,
3124,C2_R,R_SIM,P_bal,logistic,LR,4.0,2.0,inner,False,,,,,,,0.1,,,
3125,C2_R,R_SIM,P_bal,logistic,LR,4.0,2.0,inner,False,,,,,,,1.0,,,
3126,C2_R,R_SIM,P_bal,logistic,LR,4.0,2.0,inner,False,,,,,,,10.0,,,
3127,C2_R,R_SIM,P_bal,logistic,LR,4.0,,final_selected_C,False,,,,,,,,,,
3128,C2_R,R_SIM,P_bal,logistic,LL,4.0,0.0,inner,False,,,,,,,0.01,,,
3129,C2_R,R_SIM,P_bal,logistic,LL,4.0,0.0,inner,False,,,,,,,0.1,,,
3130,C2_R,R_SIM,P_bal,logistic,LL,4.0,0.0,inner,False,,,,,,,1.0,,,
3131,C2_R,R_SIM,P_bal,logistic,LL,4.0,0.0,inner,False,,,,,,,10.0,,,
3132,C2_R,R_SIM,P_bal,logistic,LL,4.0,1.0,inner,False,,,,,,,0.01,,,
3133,C2_R,R_SIM,P_bal,logistic,LL,4.0,1.0,inner,False,,,,,,,0.1,,,
3134,C2_R,R_SIM,P_bal,logistic,LL,4.0,1.0,inner,False,,,,,,,1.0,,,
3135,C2_R,R_SIM,P_bal,logistic,LL,4.0,1.0,inner,False,,,,,,,10.0,,,
3136,C2_R,R_SIM,P_bal,logistic,LL,4.0,2.0,inner,False,,,,,,,0.01,,,
3137,C2_R,R_SIM,P_bal,logistic,LL,4.0,2.0,inner,False,,,,,,,0.1,,,
3138,C2_R,R_SIM,P_bal,logistic,LL,4.0,2.0,inner,False,,,,,,,1.0,,,
3139,C2_R,R_SIM,P_bal,logistic,LL,4.0,2.0,inner,False,,,,,,,10.0,,,
3140,C2_R,R_SIM,P_bal,logistic,LL,4.0,,final_selected_C,False,,,,,,,,,,
3141,C2_R,R_SIM,P_bal,logistic,RR,4.0,0.0,inner,False,,,,,,,0.01,,,
3142,C2_R,R_SIM,P_bal,logistic,RR,4.0,0.0,inner,False,,,,,,,0.1,,,
3143,C2_R,R_SIM,P_bal,logistic,RR,4.0,0.0,inner,False,,,,,,,1.0,,,
3144,C2_R,R_SIM,P_bal,logistic,RR,4.0,0.0,inner,False,,,,,,,10.0,,,
3145,C2_R,R_SIM,P_bal,logistic,RR,4.0,1.0,inner,False,,,,,,,0.01,,,
3146,C2_R,R_SIM,P_bal,logistic,RR,4.0,1.0,inner,False,,,,,,,0.1,,,
3147,C2_R,R_SIM,P_bal,logistic,RR,4.0,1.0,inner,False,,,,,,,1.0,,,
3148,C2_R,R_SIM,P_bal,logistic,RR,4.0,1.0,inner,False,,,,,,,10.0,,,
3149,C2_R,R_SIM,P_bal,logistic,RR,4.0,2.0,inner,False,,,,,,,0.01,,,
3150,C2_R,R_SIM,P_bal,logistic,RR,4.0,2.0,inner,False,,,,,,,0.1,,,
3151,C2_R,R_SIM,P_bal,logistic,RR,4.0,2.0,inner,False,,,,,,,1.0,,,
3152,C2_R,R_SIM,P_bal,logistic,RR,4.0,2.0,inner,False,,,,,,,10.0,,,
3153,C2_R,R_SIM,P_bal,logistic,RR,4.0,,final_selected_C,False,,,,,,,,,,
3154,C2_R,R_SIM,P_bal,mlp32,L,4.0,0.0,inner,True,,,,,,,0.01,,,
3155,C2_R,R_SIM,P_bal,mlp32,L,4.0,0.0,inner,True,,,,,,,0.1,,,
3156,C2_R,R_SIM,P_bal,mlp32,L,4.0,0.0,inner,True,,,,,,,1.0,,,
3157,C2_R,R_SIM,P_bal,mlp32,L,4.0,0.0,inner,True,,,,,,,10.0,,,
3158,C2_R,R_SIM,P_bal,mlp32,L,4.0,1.0,inner,True,,,,,,,0.01,,,
3159,C2_R,R_SIM,P_bal,mlp32,L,4.0,1.0,inner,True,,,,,,,0.1,,,
3160,C2_R,R_SIM,P_bal,mlp32,L,4.0,1.0,inner,True,,,,,,,1.0,,,
3161,C2_R,R_SIM,P_bal,mlp32,L,4.0,1.0,inner,True,,,,,,,10.0,,,
3162,C2_R,R_SIM,P_bal,mlp32,L,4.0,2.0,inner,True,,,,,,,0.01,,,
3163,C2_R,R_SIM,P_bal,mlp32,L,4.0,2.0,inner,True,,,,,,,0.1,,,
3164,C2_R,R_SIM,P_bal,mlp32,L,4.0,2.0,inner,True,,,,,,,1.0,,,
3165,C2_R,R_SIM,P_bal,mlp32,L,4.0,2.0,inner,True,,,,,,,10.0,,,
3166,C2_R,R_SIM,P_bal,mlp32,L,4.0,,final_all_alpha,True,,,,,,,0.01,,,
3167,C2_R,R_SIM,P_bal,mlp32,L,4.0,,final_all_alpha,True,,,,,,,0.1,,,
3168,C2_R,R_SIM,P_bal,mlp32,L,4.0,,final_all_alpha,True,,,,,,,1.0,,,
3169,C2_R,R_SIM,P_bal,mlp32,L,4.0,,final_all_alpha,True,,,,,,,10.0,,,
3170,C2_R,R_SIM,P_bal,mlp32,R,4.0,0.0,inner,True,,,,,,,0.01,,,
3171,C2_R,R_SIM,P_bal,mlp32,R,4.0,0.0,inner,True,,,,,,,0.1,,,
3172,C2_R,R_SIM,P_bal,mlp32,R,4.0,0.0,inner,True,,,,,,,1.0,,,
3173,C2_R,R_SIM,P_bal,mlp32,R,4.0,0.0,inner,True,,,,,,,10.0,,,
3174,C2_R,R_SIM,P_bal,mlp32,R,4.0,1.0,inner,True,,,,,,,0.01,,,
3175,C2_R,R_SIM,P_bal,mlp32,R,4.0,1.0,inner,True,,,,,,,0.1,,,
3176,C2_R,R_SIM,P_bal,mlp32,R,4.0,1.0,inner,True,,,,,,,1.0,,,
3177,C2_R,R_SIM,P_bal,mlp32,R,4.0,1.0,inner,True,,,,,,,10.0,,,
3178,C2_R,R_SIM,P_bal,mlp32,R,4.0,2.0,inner,True,,,,,,,0.01,,,
3179,C2_R,R_SIM,P_bal,mlp32,R,4.0,2.0,inner,True,,,,,,,0.1,,,
3180,C2_R,R_SIM,P_bal,mlp32,R,4.0,2.0,inner,True,,,,,,,1.0,,,
3181,C2_R,R_SIM,P_bal,mlp32,R,4.0,2.0,inner,True,,,,,,,10.0,,,
3182,C2_R,R_SIM,P_bal,mlp32,R,4.0,,final_all_alpha,True,,,,,,,0.01,,,
3183,C2_R,R_SIM,P_bal,mlp32,R,4.0,,final_all_alpha,True,,,,,,,0.1,,,
3184,C2_R,R_SIM,P_bal,mlp32,R,4.0,,final_all_alpha,True,,,,,,,1.0,,,
3185,C2_R,R_SIM,P_bal,mlp32,R,4.0,,final_all_alpha,True,,,,,,,10.0,,,
3186,C2_R,R_SIM,P_bal,mlp32,LR,4.0,0.0,inner,True,,,,,,,0.01,,,
3187,C2_R,R_SIM,P_bal,mlp32,LR,4.0,0.0,inner,True,,,,,,,0.1,,,
3188,C2_R,R_SIM,P_bal,mlp32,LR,4.0,0.0,inner,True,,,,,,,1.0,,,
3189,C2_R,R_SIM,P_bal,mlp32,LR,4.0,0.0,inner,True,,,,,,,10.0,,,
3190,C2_R,R_SIM,P_bal,mlp32,LR,4.0,1.0,inner,True,,,,,,,0.01,,,
3191,C2_R,R_SIM,P_bal,mlp32,LR,4.0,1.0,inner,True,,,,,,,0.1,,,
3192,C2_R,R_SIM,P_bal,mlp32,LR,4.0,1.0,inner,True,,,,,,,1.0,,,
3193,C2_R,R_SIM,P_bal,mlp32,LR,4.0,1.0,inner,True,,,,,,,10.0,,,
3194,C2_R,R_SIM,P_bal,mlp32,LR,4.0,2.0,inner,True,,,,,,,0.01,,,
3195,C2_R,R_SIM,P_bal,mlp32,LR,4.0,2.0,inner,True,,,,,,,0.1,,,
3196,C2_R,R_SIM,P_bal,mlp32,LR,4.0,2.0,inner,True,,,,,,,1.0,,,
3197,C2_R,R_SIM,P_bal,mlp32,LR,4.0,2.0,inner,True,,,,,,,10.0,,,
3198,C2_R,R_SIM,P_bal,mlp32,LR,4.0,,final_all_alpha,True,,,,,,,0.01,,,
3199,C2_R,R_SIM,P_bal,mlp32,LR,4.0,,final_all_alpha,True,,,,,,,0.1,,,
3200,C2_R,R_SIM,P_bal,mlp32,LR,4.0,,final_all_alpha,True,,,,,,,1.0,,,
3201,C2_R,R_SIM,P_bal,mlp32,LR,4.0,,final_all_alpha,True,,,,,,,10.0,,,
3202,C2_R,R_SIM,P_bal,mlp32,LL,4.0,0.0,inner,True,,,,,,,0.01,,,
3203,C2_R,R_SIM,P_bal,mlp32,LL,4.0,0.0,inner,True,,,,,,,0.1,,,
3204,C2_R,R_SIM,P_bal,mlp32,LL,4.0,0.0,inner,True,,,,,,,1.0,,,
3205,C2_R,R_SIM,P_bal,mlp32,LL,4.0,0.0,inner,True,,,,,,,10.0,,,
3206,C2_R,R_SIM,P_bal,mlp32,LL,4.0,1.0,inner,True,,,,,,,0.01,,,
3207,C2_R,R_SIM,P_bal,mlp32,LL,4.0,1.0,inner,True,,,,,,,0.1,,,
3208,C2_R,R_SIM,P_bal,mlp32,LL,4.0,1.0,inner,True,,,,,,,1.0,,,
3209,C2_R,R_SIM,P_bal,mlp32,LL,4.0,1.0,inner,True,,,,,,,10.0,,,
3210,C2_R,R_SIM,P_bal,mlp32,LL,4.0,2.0,inner,True,,,,,,,0.01,,,
3211,C2_R,R_SIM,P_bal,mlp32,LL,4.0,2.0,inner,True,,,,,,,0.1,,,
3212,C2_R,R_SIM,P_bal,mlp32,LL,4.0,2.0,inner,True,,,,,,,1.0,,,
3213,C2_R,R_SIM,P_bal,mlp32,LL,4.0,2.0,inner,True,,,,,,,10.0,,,
3214,C2_R,R_SIM,P_bal,mlp32,LL,4.0,,final_all_alpha,True,,,,,,,0.01,,,
3215,C2_R,R_SIM,P_bal,mlp32,LL,4.0,,final_all_alpha,True,,,,,,,0.1,,,
3216,C2_R,R_SIM,P_bal,mlp32,LL,4.0,,final_all_alpha,True,,,,,,,1.0,,,
3217,C2_R,R_SIM,P_bal,mlp32,LL,4.0,,final_all_alpha,True,,,,,,,10.0,,,
3218,C2_R,R_SIM,P_bal,mlp32,RR,4.0,0.0,inner,True,,,,,,,0.01,,,
3219,C2_R,R_SIM,P_bal,mlp32,RR,4.0,0.0,inner,True,,,,,,,0.1,,,
3220,C2_R,R_SIM,P_bal,mlp32,RR,4.0,0.0,inner,True,,,,,,,1.0,,,
3221,C2_R,R_SIM,P_bal,mlp32,RR,4.0,0.0,inner,True,,,,,,,10.0,,,
3222,C2_R,R_SIM,P_bal,mlp32,RR,4.0,1.0,inner,True,,,,,,,0.01,,,
3223,C2_R,R_SIM,P_bal,mlp32,RR,4.0,1.0,inner,True,,,,,,,0.1,,,
3224,C2_R,R_SIM,P_bal,mlp32,RR,4.0,1.0,inner,True,,,,,,,1.0,,,
3225,C2_R,R_SIM,P_bal,mlp32,RR,4.0,1.0,inner,True,,,,,,,10.0,,,
3226,C2_R,R_SIM,P_bal,mlp32,RR,4.0,2.0,inner,True,,,,,,,0.01,,,
3227,C2_R,R_SIM,P_bal,mlp32,RR,4.0,2.0,inner,True,,,,,,,0.1,,,
3228,C2_R,R_SIM,P_bal,mlp32,RR,4.0,2.0,inner,True,,,,,,,1.0,,,
3229,C2_R,R_SIM,P_bal,mlp32,RR,4.0,2.0,inner,True,,,,,,,10.0,,,
3230,C2_R,R_SIM,P_bal,mlp32,RR,4.0,,final_all_alpha,True,,,,,,,0.01,,,
3231,C2_R,R_SIM,P_bal,mlp32,RR,4.0,,final_all_alpha,True,,,,,,,0.1,,,
3232,C2_R,R_SIM,P_bal,mlp32,RR,4.0,,final_all_alpha,True,,,,,,,1.0,,,
3233,C2_R,R_SIM,P_bal,mlp32,RR,4.0,,final_all_alpha,True,,,,,,,10.0,,,
3234,C2_R,R_SIM,P_bal,mlp64,L,4.0,0.0,inner,True,,,,,,,0.01,,,
3235,C2_R,R_SIM,P_bal,mlp64,L,4.0,0.0,inner,True,,,,,,,0.1,,,
3236,C2_R,R_SIM,P_bal,mlp64,L,4.0,0.0,inner,True,,,,,,,1.0,,,
3237,C2_R,R_SIM,P_bal,mlp64,L,4.0,0.0,inner,True,,,,,,,10.0,,,
3238,C2_R,R_SIM,P_bal,mlp64,L,4.0,1.0,inner,True,,,,,,,0.01,,,
3239,C2_R,R_SIM,P_bal,mlp64,L,4.0,1.0,inner,True,,,,,,,0.1,,,
3240,C2_R,R_SIM,P_bal,mlp64,L,4.0,1.0,inner,True,,,,,,,1.0,,,
3241,C2_R,R_SIM,P_bal,mlp64,L,4.0,1.0,inner,True,,,,,,,10.0,,,
3242,C2_R,R_SIM,P_bal,mlp64,L,4.0,2.0,inner,True,,,,,,,0.01,,,
3243,C2_R,R_SIM,P_bal,mlp64,L,4.0,2.0,inner,True,,,,,,,0.1,,,
3244,C2_R,R_SIM,P_bal,mlp64,L,4.0,2.0,inner,True,,,,,,,1.0,,,
3245,C2_R,R_SIM,P_bal,mlp64,L,4.0,2.0,inner,True,,,,,,,10.0,,,
3246,C2_R,R_SIM,P_bal,mlp64,L,4.0,,final_all_alpha,True,,,,,,,0.01,,,
3247,C2_R,R_SIM,P_bal,mlp64,L,4.0,,final_all_alpha,True,,,,,,,0.1,,,
3248,C2_R,R_SIM,P_bal,mlp64,L,4.0,,final_all_alpha,True,,,,,,,1.0,,,
3249,C2_R,R_SIM,P_bal,mlp64,L,4.0,,final_all_alpha,True,,,,,,,10.0,,,
3250,C2_R,R_SIM,P_bal,mlp64,R,4.0,0.0,inner,True,,,,,,,0.01,,,
3251,C2_R,R_SIM,P_bal,mlp64,R,4.0,0.0,inner,True,,,,,,,0.1,,,
3252,C2_R,R_SIM,P_bal,mlp64,R,4.0,0.0,inner,True,,,,,,,1.0,,,
3253,C2_R,R_SIM,P_bal,mlp64,R,4.0,0.0,inner,True,,,,,,,10.0,,,
3254,C2_R,R_SIM,P_bal,mlp64,R,4.0,1.0,inner,True,,,,,,,0.01,,,
3255,C2_R,R_SIM,P_bal,mlp64,R,4.0,1.0,inner,True,,,,,,,0.1,,,
3256,C2_R,R_SIM,P_bal,mlp64,R,4.0,1.0,inner,True,,,,,,,1.0,,,
3257,C2_R,R_SIM,P_bal,mlp64,R,4.0,1.0,inner,True,,,,,,,10.0,,,
3258,C2_R,R_SIM,P_bal,mlp64,R,4.0,2.0,inner,True,,,,,,,0.01,,,
3259,C2_R,R_SIM,P_bal,mlp64,R,4.0,2.0,inner,True,,,,,,,0.1,,,
3260,C2_R,R_SIM,P_bal,mlp64,R,4.0,2.0,inner,True,,,,,,,1.0,,,
3261,C2_R,R_SIM,P_bal,mlp64,R,4.0,2.0,inner,True,,,,,,,10.0,,,
3262,C2_R,R_SIM,P_bal,mlp64,R,4.0,,final_all_alpha,True,,,,,,,0.01,,,
3263,C2_R,R_SIM,P_bal,mlp64,R,4.0,,final_all_alpha,True,,,,,,,0.1,,,
3264,C2_R,R_SIM,P_bal,mlp64,R,4.0,,final_all_alpha,True,,,,,,,1.0,,,
3265,C2_R,R_SIM,P_bal,mlp64,R,4.0,,final_all_alpha,True,,,,,,,10.0,,,
3266,E0_R,native128,P_bal,mlp32,native,0.0,0.0,inner,True,,,,,,,0.01,0.0,,
3267,E0_R,native128,P_bal,mlp32,native,0.0,0.0,inner,True,,,,,,,0.1,0.0,,
3268,E0_R,native128,P_bal,mlp32,native,0.0,0.0,inner,True,,,,,,,1.0,0.0,,
3269,E0_R,native128,P_bal,mlp32,native,0.0,0.0,inner,True,,,,,,,10.0,0.0,,
3270,E0_R,native128,P_bal,mlp32,native,0.0,1.0,inner,True,,,,,,,0.01,0.0,,
3271,E0_R,native128,P_bal,mlp32,native,0.0,1.0,inner,True,,,,,,,0.1,0.0,,
3272,E0_R,native128,P_bal,mlp32,native,0.0,1.0,inner,True,,,,,,,1.0,0.0,,
3273,E0_R,native128,P_bal,mlp32,native,0.0,1.0,inner,True,,,,,,,10.0,0.0,,
3274,E0_R,native128,P_bal,mlp32,native,0.0,2.0,inner,True,,,,,,,0.01,0.0,,
3275,E0_R,native128,P_bal,mlp32,native,0.0,2.0,inner,True,,,,,,,0.1,0.0,,
3276,E0_R,native128,P_bal,mlp32,native,0.0,2.0,inner,True,,,,,,,1.0,0.0,,
3277,E0_R,native128,P_bal,mlp32,native,0.0,2.0,inner,True,,,,,,,10.0,0.0,,
3278,E0_R,native128,P_bal,mlp32,native,0.0,,final_all_alpha,True,,,,,,,0.01,0.0,,
3279,E0_R,native128,P_bal,mlp32,native,0.0,,final_all_alpha,True,,,,,,,0.1,0.0,,
3280,E0_R,native128,P_bal,mlp32,native,0.0,,final_all_alpha,True,,,,,,,1.0,0.0,,
3281,E0_R,native128,P_bal,mlp32,native,0.0,,final_all_alpha,True,,,,,,,10.0,0.0,,
3282,E0_R,native128,P_bal,mlp32,native,1.0,0.0,inner,True,,,,,,,0.01,0.0,,
3283,E0_R,native128,P_bal,mlp32,native,1.0,0.0,inner,True,,,,,,,0.1,0.0,,
3284,E0_R,native128,P_bal,mlp32,native,1.0,0.0,inner,True,,,,,,,1.0,0.0,,
3285,E0_R,native128,P_bal,mlp32,native,1.0,0.0,inner,True,,,,,,,10.0,0.0,,
3286,E0_R,native128,P_bal,mlp32,native,1.0,1.0,inner,True,,,,,,,0.01,0.0,,
3287,E0_R,native128,P_bal,mlp32,native,1.0,1.0,inner,True,,,,,,,0.1,0.0,,
3288,E0_R,native128,P_bal,mlp32,native,1.0,1.0,inner,True,,,,,,,1.0,0.0,,
3289,E0_R,native128,P_bal,mlp32,native,1.0,1.0,inner,True,,,,,,,10.0,0.0,,
3290,E0_R,native128,P_bal,mlp32,native,1.0,2.0,inner,True,,,,,,,0.01,0.0,,
3291,E0_R,native128,P_bal,mlp32,native,1.0,2.0,inner,True,,,,,,,0.1,0.0,,
3292,E0_R,native128,P_bal,mlp32,native,1.0,2.0,inner,True,,,,,,,1.0,0.0,,
3293,E0_R,native128,P_bal,mlp32,native,1.0,2.0,inner,True,,,,,,,10.0,0.0,,
3294,E0_R,native128,P_bal,mlp32,native,1.0,,final_all_alpha,True,,,,,,,0.01,0.0,,
3295,E0_R,native128,P_bal,mlp32,native,1.0,,final_all_alpha,True,,,,,,,0.1,0.0,,
3296,E0_R,native128,P_bal,mlp32,native,1.0,,final_all_alpha,True,,,,,,,1.0,0.0,,
3297,E0_R,native128,P_bal,mlp32,native,1.0,,final_all_alpha,True,,,,,,,10.0,0.0,,
3298,E0_R,native128,P_bal,mlp32,native,2.0,0.0,inner,True,,,,,,,0.01,0.0,,
3299,E0_R,native128,P_bal,mlp32,native,2.0,0.0,inner,True,,,,,,,0.1,0.0,,
3300,E0_R,native128,P_bal,mlp32,native,2.0,0.0,inner,True,,,,,,,1.0,0.0,,
3301,E0_R,native128,P_bal,mlp32,native,2.0,0.0,inner,True,,,,,,,10.0,0.0,,
3302,E0_R,native128,P_bal,mlp32,native,2.0,1.0,inner,True,,,,,,,0.01,0.0,,
3303,E0_R,native128,P_bal,mlp32,native,2.0,1.0,inner,True,,,,,,,0.1,0.0,,
3304,E0_R,native128,P_bal,mlp32,native,2.0,1.0,inner,True,,,,,,,1.0,0.0,,
3305,E0_R,native128,P_bal,mlp32,native,2.0,1.0,inner,True,,,,,,,10.0,0.0,,
3306,E0_R,native128,P_bal,mlp32,native,2.0,2.0,inner,True,,,,,,,0.01,0.0,,
3307,E0_R,native128,P_bal,mlp32,native,2.0,2.0,inner,True,,,,,,,0.1,0.0,,
3308,E0_R,native128,P_bal,mlp32,native,2.0,2.0,inner,True,,,,,,,1.0,0.0,,
3309,E0_R,native128,P_bal,mlp32,native,2.0,2.0,inner,True,,,,,,,10.0,0.0,,
3310,E0_R,native128,P_bal,mlp32,native,2.0,,final_all_alpha,True,,,,,,,0.01,0.0,,
3311,E0_R,native128,P_bal,mlp32,native,2.0,,final_all_alpha,True,,,,,,,0.1,0.0,,
3312,E0_R,native128,P_bal,mlp32,native,2.0,,final_all_alpha,True,,,,,,,1.0,0.0,,
3313,E0_R,native128,P_bal,mlp32,native,2.0,,final_all_alpha,True,,,,,,,10.0,0.0,,
3314,E0_R,native128,P_bal,mlp32,native,3.0,0.0,inner,True,,,,,,,0.01,0.0,,
3315,E0_R,native128,P_bal,mlp32,native,3.0,0.0,inner,True,,,,,,,0.1,0.0,,
3316,E0_R,native128,P_bal,mlp32,native,3.0,0.0,inner,True,,,,,,,1.0,0.0,,
3317,E0_R,native128,P_bal,mlp32,native,3.0,0.0,inner,True,,,,,,,10.0,0.0,,
3318,E0_R,native128,P_bal,mlp32,native,3.0,1.0,inner,True,,,,,,,0.01,0.0,,
3319,E0_R,native128,P_bal,mlp32,native,3.0,1.0,inner,True,,,,,,,0.1,0.0,,
3320,E0_R,native128,P_bal,mlp32,native,3.0,1.0,inner,True,,,,,,,1.0,0.0,,
3321,E0_R,native128,P_bal,mlp32,native,3.0,1.0,inner,True,,,,,,,10.0,0.0,,
3322,E0_R,native128,P_bal,mlp32,native,3.0,2.0,inner,True,,,,,,,0.01,0.0,,
3323,E0_R,native128,P_bal,mlp32,native,3.0,2.0,inner,True,,,,,,,0.1,0.0,,
3324,E0_R,native128,P_bal,mlp32,native,3.0,2.0,inner,True,,,,,,,1.0,0.0,,
3325,E0_R,native128,P_bal,mlp32,native,3.0,2.0,inner,True,,,,,,,10.0,0.0,,
3326,E0_R,native128,P_bal,mlp32,native,3.0,,final_all_alpha,True,,,,,,,0.01,0.0,,
3327,E0_R,native128,P_bal,mlp32,native,3.0,,final_all_alpha,True,,,,,,,0.1,0.0,,
3328,E0_R,native128,P_bal,mlp32,native,3.0,,final_all_alpha,True,,,,,,,1.0,0.0,,
3329,E0_R,native128,P_bal,mlp32,native,3.0,,final_all_alpha,True,,,,,,,10.0,0.0,,
3330,E0_R,native128,P_bal,mlp32,native,0.0,0.0,inner,True,,,,,,,0.01,1.0,,
3331,E0_R,native128,P_bal,mlp32,native,0.0,0.0,inner,True,,,,,,,0.1,1.0,,
3332,E0_R,native128,P_bal,mlp32,native,0.0,0.0,inner,True,,,,,,,1.0,1.0,,
3333,E0_R,native128,P_bal,mlp32,native,0.0,0.0,inner,True,,,,,,,10.0,1.0,,
3334,E0_R,native128,P_bal,mlp32,native,0.0,1.0,inner,True,,,,,,,0.01,1.0,,
3335,E0_R,native128,P_bal,mlp32,native,0.0,1.0,inner,True,,,,,,,0.1,1.0,,
3336,E0_R,native128,P_bal,mlp32,native,0.0,1.0,inner,True,,,,,,,1.0,1.0,,
3337,E0_R,native128,P_bal,mlp32,native,0.0,1.0,inner,True,,,,,,,10.0,1.0,,
3338,E0_R,native128,P_bal,mlp32,native,0.0,2.0,inner,True,,,,,,,0.01,1.0,,
3339,E0_R,native128,P_bal,mlp32,native,0.0,2.0,inner,True,,,,,,,0.1,1.0,,
3340,E0_R,native128,P_bal,mlp32,native,0.0,2.0,inner,True,,,,,,,1.0,1.0,,
3341,E0_R,native128,P_bal,mlp32,native,0.0,2.0,inner,True,,,,,,,10.0,1.0,,
3342,E0_R,native128,P_bal,mlp32,native,0.0,,final_all_alpha,True,,,,,,,0.01,1.0,,
3343,E0_R,native128,P_bal,mlp32,native,0.0,,final_all_alpha,True,,,,,,,0.1,1.0,,
3344,E0_R,native128,P_bal,mlp32,native,0.0,,final_all_alpha,True,,,,,,,1.0,1.0,,
3345,E0_R,native128,P_bal,mlp32,native,0.0,,final_all_alpha,True,,,,,,,10.0,1.0,,
3346,E0_R,native128,P_bal,mlp32,native,1.0,0.0,inner,True,,,,,,,0.01,1.0,,
3347,E0_R,native128,P_bal,mlp32,native,1.0,0.0,inner,True,,,,,,,0.1,1.0,,
3348,E0_R,native128,P_bal,mlp32,native,1.0,0.0,inner,True,,,,,,,1.0,1.0,,
3349,E0_R,native128,P_bal,mlp32,native,1.0,0.0,inner,True,,,,,,,10.0,1.0,,
3350,E0_R,native128,P_bal,mlp32,native,1.0,1.0,inner,True,,,,,,,0.01,1.0,,
3351,E0_R,native128,P_bal,mlp32,native,1.0,1.0,inner,True,,,,,,,0.1,1.0,,
3352,E0_R,native128,P_bal,mlp32,native,1.0,1.0,inner,True,,,,,,,1.0,1.0,,
3353,E0_R,native128,P_bal,mlp32,native,1.0,1.0,inner,True,,,,,,,10.0,1.0,,
3354,E0_R,native128,P_bal,mlp32,native,1.0,2.0,inner,True,,,,,,,0.01,1.0,,
3355,E0_R,native128,P_bal,mlp32,native,1.0,2.0,inner,True,,,,,,,0.1,1.0,,
3356,E0_R,native128,P_bal,mlp32,native,1.0,2.0,inner,True,,,,,,,1.0,1.0,,
3357,E0_R,native128,P_bal,mlp32,native,1.0,2.0,inner,True,,,,,,,10.0,1.0,,
3358,E0_R,native128,P_bal,mlp32,native,1.0,,final_all_alpha,True,,,,,,,0.01,1.0,,
3359,E0_R,native128,P_bal,mlp32,native,1.0,,final_all_alpha,True,,,,,,,0.1,1.0,,
3360,E0_R,native128,P_bal,mlp32,native,1.0,,final_all_alpha,True,,,,,,,1.0,1.0,,
3361,E0_R,native128,P_bal,mlp32,native,1.0,,final_all_alpha,True,,,,,,,10.0,1.0,,
3362,E0_R,native128,P_bal,mlp32,native,2.0,0.0,inner,True,,,,,,,0.01,1.0,,
3363,E0_R,native128,P_bal,mlp32,native,2.0,0.0,inner,True,,,,,,,0.1,1.0,,
3364,E0_R,native128,P_bal,mlp32,native,2.0,0.0,inner,True,,,,,,,1.0,1.0,,
3365,E0_R,native128,P_bal,mlp32,native,2.0,0.0,inner,True,,,,,,,10.0,1.0,,
3366,E0_R,native128,P_bal,mlp32,native,2.0,1.0,inner,True,,,,,,,0.01,1.0,,
3367,E0_R,native128,P_bal,mlp32,native,2.0,1.0,inner,True,,,,,,,0.1,1.0,,
3368,E0_R,native128,P_bal,mlp32,native,2.0,1.0,inner,True,,,,,,,1.0,1.0,,
3369,E0_R,native128,P_bal,mlp32,native,2.0,1.0,inner,True,,,,,,,10.0,1.0,,
3370,E0_R,native128,P_bal,mlp32,native,2.0,2.0,inner,True,,,,,,,0.01,1.0,,
3371,E0_R,native128,P_bal,mlp32,native,2.0,2.0,inner,True,,,,,,,0.1,1.0,,
3372,E0_R,native128,P_bal,mlp32,native,2.0,2.0,inner,True,,,,,,,1.0,1.0,,
3373,E0_R,native128,P_bal,mlp32,native,2.0,2.0,inner,True,,,,,,,10.0,1.0,,
3374,E0_R,native128,P_bal,mlp32,native,2.0,,final_all_alpha,True,,,,,,,0.01,1.0,,
3375,E0_R,native128,P_bal,mlp32,native,2.0,,final_all_alpha,True,,,,,,,0.1,1.0,,
3376,E0_R,native128,P_bal,mlp32,native,2.0,,final_all_alpha,True,,,,,,,1.0,1.0,,
3377,E0_R,native128,P_bal,mlp32,native,2.0,,final_all_alpha,True,,,,,,,10.0,1.0,,
3378,E0_R,native128,P_bal,mlp32,native,3.0,0.0,inner,True,,,,,,,0.01,1.0,,
3379,E0_R,native128,P_bal,mlp32,native,3.0,0.0,inner,True,,,,,,,0.1,1.0,,
3380,E0_R,native128,P_bal,mlp32,native,3.0,0.0,inner,True,,,,,,,1.0,1.0,,
3381,E0_R,native128,P_bal,mlp32,native,3.0,0.0,inner,True,,,,,,,10.0,1.0,,
3382,E0_R,native128,P_bal,mlp32,native,3.0,1.0,inner,True,,,,,,,0.01,1.0,,
3383,E0_R,native128,P_bal,mlp32,native,3.0,1.0,inner,True,,,,,,,0.1,1.0,,
3384,E0_R,native128,P_bal,mlp32,native,3.0,1.0,inner,True,,,,,,,1.0,1.0,,
3385,E0_R,native128,P_bal,mlp32,native,3.0,1.0,inner,True,,,,,,,10.0,1.0,,
3386,E0_R,native128,P_bal,mlp32,native,3.0,2.0,inner,True,,,,,,,0.01,1.0,,
3387,E0_R,native128,P_bal,mlp32,native,3.0,2.0,inner,True,,,,,,,0.1,1.0,,
3388,E0_R,native128,P_bal,mlp32,native,3.0,2.0,inner,True,,,,,,,1.0,1.0,,
3389,E0_R,native128,P_bal,mlp32,native,3.0,2.0,inner,True,,,,,,,10.0,1.0,,
3390,E0_R,native128,P_bal,mlp32,native,3.0,,final_all_alpha,True,,,,,,,0.01,1.0,,
3391,E0_R,native128,P_bal,mlp32,native,3.0,,final_all_alpha,True,,,,,,,0.1,1.0,,
3392,E0_R,native128,P_bal,mlp32,native,3.0,,final_all_alpha,True,,,,,,,1.0,1.0,,
3393,E0_R,native128,P_bal,mlp32,native,3.0,,final_all_alpha,True,,,,,,,10.0,1.0,,
3394,E0_R,native128,P_bal,mlp32,native,0.0,0.0,inner,True,,,,,,,0.01,2.0,,
3395,E0_R,native128,P_bal,mlp32,native,0.0,0.0,inner,True,,,,,,,0.1,2.0,,
3396,E0_R,native128,P_bal,mlp32,native,0.0,0.0,inner,True,,,,,,,1.0,2.0,,
3397,E0_R,native128,P_bal,mlp32,native,0.0,0.0,inner,True,,,,,,,10.0,2.0,,
3398,E0_R,native128,P_bal,mlp32,native,0.0,1.0,inner,True,,,,,,,0.01,2.0,,
3399,E0_R,native128,P_bal,mlp32,native,0.0,1.0,inner,True,,,,,,,0.1,2.0,,
3400,E0_R,native128,P_bal,mlp32,native,0.0,1.0,inner,True,,,,,,,1.0,2.0,,
3401,E0_R,native128,P_bal,mlp32,native,0.0,1.0,inner,True,,,,,,,10.0,2.0,,
3402,E0_R,native128,P_bal,mlp32,native,0.0,2.0,inner,True,,,,,,,0.01,2.0,,
3403,E0_R,native128,P_bal,mlp32,native,0.0,2.0,inner,True,,,,,,,0.1,2.0,,
3404,E0_R,native128,P_bal,mlp32,native,0.0,2.0,inner,True,,,,,,,1.0,2.0,,
3405,E0_R,native128,P_bal,mlp32,native,0.0,2.0,inner,True,,,,,,,10.0,2.0,,
3406,E0_R,native128,P_bal,mlp32,native,0.0,,final_all_alpha,True,,,,,,,0.01,2.0,,
3407,E0_R,native128,P_bal,mlp32,native,0.0,,final_all_alpha,True,,,,,,,0.1,2.0,,
3408,E0_R,native128,P_bal,mlp32,native,0.0,,final_all_alpha,True,,,,,,,1.0,2.0,,
3409,E0_R,native128,P_bal,mlp32,native,0.0,,final_all_alpha,True,,,,,,,10.0,2.0,,
3410,E0_R,native128,P_bal,mlp32,native,1.0,0.0,inner,True,,,,,,,0.01,2.0,,
3411,E0_R,native128,P_bal,mlp32,native,1.0,0.0,inner,True,,,,,,,0.1,2.0,,
3412,E0_R,native128,P_bal,mlp32,native,1.0,0.0,inner,True,,,,,,,1.0,2.0,,
3413,E0_R,native128,P_bal,mlp32,native,1.0,0.0,inner,True,,,,,,,10.0,2.0,,
3414,E0_R,native128,P_bal,mlp32,native,1.0,1.0,inner,True,,,,,,,0.01,2.0,,
3415,E0_R,native128,P_bal,mlp32,native,1.0,1.0,inner,True,,,,,,,0.1,2.0,,
3416,E0_R,native128,P_bal,mlp32,native,1.0,1.0,inner,True,,,,,,,1.0,2.0,,
3417,E0_R,native128,P_bal,mlp32,native,1.0,1.0,inner,True,,,,,,,10.0,2.0,,
3418,E0_R,native128,P_bal,mlp32,native,1.0,2.0,inner,True,,,,,,,0.01,2.0,,
3419,E0_R,native128,P_bal,mlp32,native,1.0,2.0,inner,True,,,,,,,0.1,2.0,,
3420,E0_R,native128,P_bal,mlp32,native,1.0,2.0,inner,True,,,,,,,1.0,2.0,,
3421,E0_R,native128,P_bal,mlp32,native,1.0,2.0,inner,True,,,,,,,10.0,2.0,,
3422,E0_R,native128,P_bal,mlp32,native,1.0,,final_all_alpha,True,,,,,,,0.01,2.0,,
3423,E0_R,native128,P_bal,mlp32,native,1.0,,final_all_alpha,True,,,,,,,0.1,2.0,,
3424,E0_R,native128,P_bal,mlp32,native,1.0,,final_all_alpha,True,,,,,,,1.0,2.0,,
3425,E0_R,native128,P_bal,mlp32,native,1.0,,final_all_alpha,True,,,,,,,10.0,2.0,,
3426,E0_R,native128,P_bal,mlp32,native,2.0,0.0,inner,True,,,,,,,0.01,2.0,,
3427,E0_R,native128,P_bal,mlp32,native,2.0,0.0,inner,True,,,,,,,0.1,2.0,,
3428,E0_R,native128,P_bal,mlp32,native,2.0,0.0,inner,True,,,,,,,1.0,2.0,,
3429,E0_R,native128,P_bal,mlp32,native,2.0,0.0,inner,True,,,,,,,10.0,2.0,,
3430,E0_R,native128,P_bal,mlp32,native,2.0,1.0,inner,True,,,,,,,0.01,2.0,,
3431,E0_R,native128,P_bal,mlp32,native,2.0,1.0,inner,True,,,,,,,0.1,2.0,,
3432,E0_R,native128,P_bal,mlp32,native,2.0,1.0,inner,True,,,,,,,1.0,2.0,,
3433,E0_R,native128,P_bal,mlp32,native,2.0,1.0,inner,True,,,,,,,10.0,2.0,,
3434,E0_R,native128,P_bal,mlp32,native,2.0,2.0,inner,True,,,,,,,0.01,2.0,,
3435,E0_R,native128,P_bal,mlp32,native,2.0,2.0,inner,True,,,,,,,0.1,2.0,,
3436,E0_R,native128,P_bal,mlp32,native,2.0,2.0,inner,True,,,,,,,1.0,2.0,,
3437,E0_R,native128,P_bal,mlp32,native,2.0,2.0,inner,True,,,,,,,10.0,2.0,,
3438,E0_R,native128,P_bal,mlp32,native,2.0,,final_all_alpha,True,,,,,,,0.01,2.0,,
3439,E0_R,native128,P_bal,mlp32,native,2.0,,final_all_alpha,True,,,,,,,0.1,2.0,,
3440,E0_R,native128,P_bal,mlp32,native,2.0,,final_all_alpha,True,,,,,,,1.0,2.0,,
3441,E0_R,native128,P_bal,mlp32,native,2.0,,final_all_alpha,True,,,,,,,10.0,2.0,,
3442,E0_R,native128,P_bal,mlp32,native,3.0,0.0,inner,True,,,,,,,0.01,2.0,,
3443,E0_R,native128,P_bal,mlp32,native,3.0,0.0,inner,True,,,,,,,0.1,2.0,,
3444,E0_R,native128,P_bal,mlp32,native,3.0,0.0,inner,True,,,,,,,1.0,2.0,,
3445,E0_R,native128,P_bal,mlp32,native,3.0,0.0,inner,True,,,,,,,10.0,2.0,,
3446,E0_R,native128,P_bal,mlp32,native,3.0,1.0,inner,True,,,,,,,0.01,2.0,,
3447,E0_R,native128,P_bal,mlp32,native,3.0,1.0,inner,True,,,,,,,0.1,2.0,,
3448,E0_R,native128,P_bal,mlp32,native,3.0,1.0,inner,True,,,,,,,1.0,2.0,,
3449,E0_R,native128,P_bal,mlp32,native,3.0,1.0,inner,True,,,,,,,10.0,2.0,,
3450,E0_R,native128,P_bal,mlp32,native,3.0,2.0,inner,True,,,,,,,0.01,2.0,,
3451,E0_R,native128,P_bal,mlp32,native,3.0,2.0,inner,True,,,,,,,0.1,2.0,,
3452,E0_R,native128,P_bal,mlp32,native,3.0,2.0,inner,True,,,,,,,1.0,2.0,,
3453,E0_R,native128,P_bal,mlp32,native,3.0,2.0,inner,True,,,,,,,10.0,2.0,,
3454,E0_R,native128,P_bal,mlp32,native,3.0,,final_all_alpha,True,,,,,,,0.01,2.0,,
3455,E0_R,native128,P_bal,mlp32,native,3.0,,final_all_alpha,True,,,,,,,0.1,2.0,,
3456,E0_R,native128,P_bal,mlp32,native,3.0,,final_all_alpha,True,,,,,,,1.0,2.0,,
3457,E0_R,native128,P_bal,mlp32,native,3.0,,final_all_alpha,True,,,,,,,10.0,2.0,,
3458,E0_R,native128,P_bal,mlp32,native,0.0,0.0,inner,True,,,,,,,0.01,3.0,,
3459,E0_R,native128,P_bal,mlp32,native,0.0,0.0,inner,True,,,,,,,0.1,3.0,,
3460,E0_R,native128,P_bal,mlp32,native,0.0,0.0,inner,True,,,,,,,1.0,3.0,,
3461,E0_R,native128,P_bal,mlp32,native,0.0,0.0,inner,True,,,,,,,10.0,3.0,,
3462,E0_R,native128,P_bal,mlp32,native,0.0,1.0,inner,True,,,,,,,0.01,3.0,,
3463,E0_R,native128,P_bal,mlp32,native,0.0,1.0,inner,True,,,,,,,0.1,3.0,,
3464,E0_R,native128,P_bal,mlp32,native,0.0,1.0,inner,True,,,,,,,1.0,3.0,,
3465,E0_R,native128,P_bal,mlp32,native,0.0,1.0,inner,True,,,,,,,10.0,3.0,,
3466,E0_R,native128,P_bal,mlp32,native,0.0,2.0,inner,True,,,,,,,0.01,3.0,,
3467,E0_R,native128,P_bal,mlp32,native,0.0,2.0,inner,True,,,,,,,0.1,3.0,,
3468,E0_R,native128,P_bal,mlp32,native,0.0,2.0,inner,True,,,,,,,1.0,3.0,,
3469,E0_R,native128,P_bal,mlp32,native,0.0,2.0,inner,True,,,,,,,10.0,3.0,,
3470,E0_R,native128,P_bal,mlp32,native,0.0,,final_all_alpha,True,,,,,,,0.01,3.0,,
3471,E0_R,native128,P_bal,mlp32,native,0.0,,final_all_alpha,True,,,,,,,0.1,3.0,,
3472,E0_R,native128,P_bal,mlp32,native,0.0,,final_all_alpha,True,,,,,,,1.0,3.0,,
3473,E0_R,native128,P_bal,mlp32,native,0.0,,final_all_alpha,True,,,,,,,10.0,3.0,,
3474,E0_R,native128,P_bal,mlp32,native,1.0,0.0,inner,True,,,,,,,0.01,3.0,,
3475,E0_R,native128,P_bal,mlp32,native,1.0,0.0,inner,True,,,,,,,0.1,3.0,,
3476,E0_R,native128,P_bal,mlp32,native,1.0,0.0,inner,True,,,,,,,1.0,3.0,,
3477,E0_R,native128,P_bal,mlp32,native,1.0,0.0,inner,True,,,,,,,10.0,3.0,,
3478,E0_R,native128,P_bal,mlp32,native,1.0,1.0,inner,True,,,,,,,0.01,3.0,,
3479,E0_R,native128,P_bal,mlp32,native,1.0,1.0,inner,True,,,,,,,0.1,3.0,,
3480,E0_R,native128,P_bal,mlp32,native,1.0,1.0,inner,True,,,,,,,1.0,3.0,,
3481,E0_R,native128,P_bal,mlp32,native,1.0,1.0,inner,True,,,,,,,10.0,3.0,,
3482,E0_R,native128,P_bal,mlp32,native,1.0,2.0,inner,True,,,,,,,0.01,3.0,,
3483,E0_R,native128,P_bal,mlp32,native,1.0,2.0,inner,True,,,,,,,0.1,3.0,,
3484,E0_R,native128,P_bal,mlp32,native,1.0,2.0,inner,True,,,,,,,1.0,3.0,,
3485,E0_R,native128,P_bal,mlp32,native,1.0,2.0,inner,True,,,,,,,10.0,3.0,,
3486,E0_R,native128,P_bal,mlp32,native,1.0,,final_all_alpha,True,,,,,,,0.01,3.0,,
3487,E0_R,native128,P_bal,mlp32,native,1.0,,final_all_alpha,True,,,,,,,0.1,3.0,,
3488,E0_R,native128,P_bal,mlp32,native,1.0,,final_all_alpha,True,,,,,,,1.0,3.0,,
3489,E0_R,native128,P_bal,mlp32,native,1.0,,final_all_alpha,True,,,,,,,10.0,3.0,,
3490,E0_R,native128,P_bal,mlp32,native,2.0,0.0,inner,True,,,,,,,0.01,3.0,,
3491,E0_R,native128,P_bal,mlp32,native,2.0,0.0,inner,True,,,,,,,0.1,3.0,,
3492,E0_R,native128,P_bal,mlp32,native,2.0,0.0,inner,True,,,,,,,1.0,3.0,,
3493,E0_R,native128,P_bal,mlp32,native,2.0,0.0,inner,True,,,,,,,10.0,3.0,,
3494,E0_R,native128,P_bal,mlp32,native,2.0,1.0,inner,True,,,,,,,0.01,3.0,,
3495,E0_R,native128,P_bal,mlp32,native,2.0,1.0,inner,True,,,,,,,0.1,3.0,,
3496,E0_R,native128,P_bal,mlp32,native,2.0,1.0,inner,True,,,,,,,1.0,3.0,,
3497,E0_R,native128,P_bal,mlp32,native,2.0,1.0,inner,True,,,,,,,10.0,3.0,,
3498,E0_R,native128,P_bal,mlp32,native,2.0,2.0,inner,True,,,,,,,0.01,3.0,,
3499,E0_R,native128,P_bal,mlp32,native,2.0,2.0,inner,True,,,,,,,0.1,3.0,,
3500,E0_R,native128,P_bal,mlp32,native,2.0,2.0,inner,True,,,,,,,1.0,3.0,,
3501,E0_R,native128,P_bal,mlp32,native,2.0,2.0,inner,True,,,,,,,10.0,3.0,,
3502,E0_R,native128,P_bal,mlp32,native,2.0,,final_all_alpha,True,,,,,,,0.01,3.0,,
3503,E0_R,native128,P_bal,mlp32,native,2.0,,final_all_alpha,True,,,,,,,0.1,3.0,,
3504,E0_R,native128,P_bal,mlp32,native,2.0,,final_all_alpha,True,,,,,,,1.0,3.0,,
3505,E0_R,native128,P_bal,mlp32,native,2.0,,final_all_alpha,True,,,,,,,10.0,3.0,,
3506,E0_R,native128,P_bal,mlp32,native,3.0,0.0,inner,True,,,,,,,0.01,3.0,,
3507,E0_R,native128,P_bal,mlp32,native,3.0,0.0,inner,True,,,,,,,0.1,3.0,,
3508,E0_R,native128,P_bal,mlp32,native,3.0,0.0,inner,True,,,,,,,1.0,3.0,,
3509,E0_R,native128,P_bal,mlp32,native,3.0,0.0,inner,True,,,,,,,10.0,3.0,,
3510,E0_R,native128,P_bal,mlp32,native,3.0,1.0,inner,True,,,,,,,0.01,3.0,,
3511,E0_R,native128,P_bal,mlp32,native,3.0,1.0,inner,True,,,,,,,0.1,3.0,,
3512,E0_R,native128,P_bal,mlp32,native,3.0,1.0,inner,True,,,,,,,1.0,3.0,,
3513,E0_R,native128,P_bal,mlp32,native,3.0,1.0,inner,True,,,,,,,10.0,3.0,,
3514,E0_R,native128,P_bal,mlp32,native,3.0,2.0,inner,True,,,,,,,0.01,3.0,,
3515,E0_R,native128,P_bal,mlp32,native,3.0,2.0,inner,True,,,,,,,0.1,3.0,,
3516,E0_R,native128,P_bal,mlp32,native,3.0,2.0,inner,True,,,,,,,1.0,3.0,,
3517,E0_R,native128,P_bal,mlp32,native,3.0,2.0,inner,True,,,,,,,10.0,3.0,,
3518,E0_R,native128,P_bal,mlp32,native,3.0,,final_all_alpha,True,,,,,,,0.01,3.0,,
3519,E0_R,native128,P_bal,mlp32,native,3.0,,final_all_alpha,True,,,,,,,0.1,3.0,,
3520,E0_R,native128,P_bal,mlp32,native,3.0,,final_all_alpha,True,,,,,,,1.0,3.0,,
3521,E0_R,native128,P_bal,mlp32,native,3.0,,final_all_alpha,True,,,,,,,10.0,3.0,,
3522,E0_R,native128,P_bal,mlp32,native,0.0,0.0,inner,True,,,,,,,0.01,4.0,,
3523,E0_R,native128,P_bal,mlp32,native,0.0,0.0,inner,True,,,,,,,0.1,4.0,,
3524,E0_R,native128,P_bal,mlp32,native,0.0,0.0,inner,True,,,,,,,1.0,4.0,,
3525,E0_R,native128,P_bal,mlp32,native,0.0,0.0,inner,True,,,,,,,10.0,4.0,,
3526,E0_R,native128,P_bal,mlp32,native,0.0,1.0,inner,True,,,,,,,0.01,4.0,,
3527,E0_R,native128,P_bal,mlp32,native,0.0,1.0,inner,True,,,,,,,0.1,4.0,,
3528,E0_R,native128,P_bal,mlp32,native,0.0,1.0,inner,True,,,,,,,1.0,4.0,,
3529,E0_R,native128,P_bal,mlp32,native,0.0,1.0,inner,True,,,,,,,10.0,4.0,,
3530,E0_R,native128,P_bal,mlp32,native,0.0,2.0,inner,True,,,,,,,0.01,4.0,,
3531,E0_R,native128,P_bal,mlp32,native,0.0,2.0,inner,True,,,,,,,0.1,4.0,,
3532,E0_R,native128,P_bal,mlp32,native,0.0,2.0,inner,True,,,,,,,1.0,4.0,,
3533,E0_R,native128,P_bal,mlp32,native,0.0,2.0,inner,True,,,,,,,10.0,4.0,,
3534,E0_R,native128,P_bal,mlp32,native,0.0,,final_all_alpha,True,,,,,,,0.01,4.0,,
3535,E0_R,native128,P_bal,mlp32,native,0.0,,final_all_alpha,True,,,,,,,0.1,4.0,,
3536,E0_R,native128,P_bal,mlp32,native,0.0,,final_all_alpha,True,,,,,,,1.0,4.0,,
3537,E0_R,native128,P_bal,mlp32,native,0.0,,final_all_alpha,True,,,,,,,10.0,4.0,,
3538,E0_R,native128,P_bal,mlp32,native,1.0,0.0,inner,True,,,,,,,0.01,4.0,,
3539,E0_R,native128,P_bal,mlp32,native,1.0,0.0,inner,True,,,,,,,0.1,4.0,,
3540,E0_R,native128,P_bal,mlp32,native,1.0,0.0,inner,True,,,,,,,1.0,4.0,,
3541,E0_R,native128,P_bal,mlp32,native,1.0,0.0,inner,True,,,,,,,10.0,4.0,,
3542,E0_R,native128,P_bal,mlp32,native,1.0,1.0,inner,True,,,,,,,0.01,4.0,,
3543,E0_R,native128,P_bal,mlp32,native,1.0,1.0,inner,True,,,,,,,0.1,4.0,,
3544,E0_R,native128,P_bal,mlp32,native,1.0,1.0,inner,True,,,,,,,1.0,4.0,,
3545,E0_R,native128,P_bal,mlp32,native,1.0,1.0,inner,True,,,,,,,10.0,4.0,,
3546,E0_R,native128,P_bal,mlp32,native,1.0,2.0,inner,True,,,,,,,0.01,4.0,,
3547,E0_R,native128,P_bal,mlp32,native,1.0,2.0,inner,True,,,,,,,0.1,4.0,,
3548,E0_R,native128,P_bal,mlp32,native,1.0,2.0,inner,True,,,,,,,1.0,4.0,,
3549,E0_R,native128,P_bal,mlp32,native,1.0,2.0,inner,True,,,,,,,10.0,4.0,,
3550,E0_R,native128,P_bal,mlp32,native,1.0,,final_all_alpha,True,,,,,,,0.01,4.0,,
3551,E0_R,native128,P_bal,mlp32,native,1.0,,final_all_alpha,True,,,,,,,0.1,4.0,,
3552,E0_R,native128,P_bal,mlp32,native,1.0,,final_all_alpha,True,,,,,,,1.0,4.0,,
3553,E0_R,native128,P_bal,mlp32,native,1.0,,final_all_alpha,True,,,,,,,10.0,4.0,,
3554,E0_R,native128,P_bal,mlp32,native,2.0,0.0,inner,True,,,,,,,0.01,4.0,,
3555,E0_R,native128,P_bal,mlp32,native,2.0,0.0,inner,True,,,,,,,0.1,4.0,,
3556,E0_R,native128,P_bal,mlp32,native,2.0,0.0,inner,True,,,,,,,1.0,4.0,,
3557,E0_R,native128,P_bal,mlp32,native,2.0,0.0,inner,True,,,,,,,10.0,4.0,,
3558,E0_R,native128,P_bal,mlp32,native,2.0,1.0,inner,True,,,,,,,0.01,4.0,,
3559,E0_R,native128,P_bal,mlp32,native,2.0,1.0,inner,True,,,,,,,0.1,4.0,,
3560,E0_R,native128,P_bal,mlp32,native,2.0,1.0,inner,True,,,,,,,1.0,4.0,,
3561,E0_R,native128,P_bal,mlp32,native,2.0,1.0,inner,True,,,,,,,10.0,4.0,,
3562,E0_R,native128,P_bal,mlp32,native,2.0,2.0,inner,True,,,,,,,0.01,4.0,,
3563,E0_R,native128,P_bal,mlp32,native,2.0,2.0,inner,True,,,,,,,0.1,4.0,,
3564,E0_R,native128,P_bal,mlp32,native,2.0,2.0,inner,True,,,,,,,1.0,4.0,,
3565,E0_R,native128,P_bal,mlp32,native,2.0,2.0,inner,True,,,,,,,10.0,4.0,,
3566,E0_R,native128,P_bal,mlp32,native,2.0,,final_all_alpha,True,,,,,,,0.01,4.0,,
3567,E0_R,native128,P_bal,mlp32,native,2.0,,final_all_alpha,True,,,,,,,0.1,4.0,,
3568,E0_R,native128,P_bal,mlp32,native,2.0,,final_all_alpha,True,,,,,,,1.0,4.0,,
3569,E0_R,native128,P_bal,mlp32,native,2.0,,final_all_alpha,True,,,,,,,10.0,4.0,,
3570,E0_R,native128,P_bal,mlp32,native,3.0,0.0,inner,True,,,,,,,0.01,4.0,,
3571,E0_R,native128,P_bal,mlp32,native,3.0,0.0,inner,True,,,,,,,0.1,4.0,,
3572,E0_R,native128,P_bal,mlp32,native,3.0,0.0,inner,True,,,,,,,1.0,4.0,,
3573,E0_R,native128,P_bal,mlp32,native,3.0,0.0,inner,True,,,,,,,10.0,4.0,,
3574,E0_R,native128,P_bal,mlp32,native,3.0,1.0,inner,True,,,,,,,0.01,4.0,,
3575,E0_R,native128,P_bal,mlp32,native,3.0,1.0,inner,True,,,,,,,0.1,4.0,,
3576,E0_R,native128,P_bal,mlp32,native,3.0,1.0,inner,True,,,,,,,1.0,4.0,,
3577,E0_R,native128,P_bal,mlp32,native,3.0,1.0,inner,True,,,,,,,10.0,4.0,,
3578,E0_R,native128,P_bal,mlp32,native,3.0,2.0,inner,True,,,,,,,0.01,4.0,,
3579,E0_R,native128,P_bal,mlp32,native,3.0,2.0,inner,True,,,,,,,0.1,4.0,,
3580,E0_R,native128,P_bal,mlp32,native,3.0,2.0,inner,True,,,,,,,1.0,4.0,,
3581,E0_R,native128,P_bal,mlp32,native,3.0,2.0,inner,True,,,,,,,10.0,4.0,,
3582,E0_R,native128,P_bal,mlp32,native,3.0,,final_all_alpha,True,,,,,,,0.01,4.0,,
3583,E0_R,native128,P_bal,mlp32,native,3.0,,final_all_alpha,True,,,,,,,0.1,4.0,,
3584,E0_R,native128,P_bal,mlp32,native,3.0,,final_all_alpha,True,,,,,,,1.0,4.0,,
3585,E0_R,native128,P_bal,mlp32,native,3.0,,final_all_alpha,True,,,,,,,10.0,4.0,,
3586,E0_R,native128,P_bal,mlp32,native,0.0,0.0,inner,True,,,,,,,0.01,5.0,,
3587,E0_R,native128,P_bal,mlp32,native,0.0,0.0,inner,True,,,,,,,0.1,5.0,,
3588,E0_R,native128,P_bal,mlp32,native,0.0,0.0,inner,True,,,,,,,1.0,5.0,,
3589,E0_R,native128,P_bal,mlp32,native,0.0,0.0,inner,True,,,,,,,10.0,5.0,,
3590,E0_R,native128,P_bal,mlp32,native,0.0,1.0,inner,True,,,,,,,0.01,5.0,,
3591,E0_R,native128,P_bal,mlp32,native,0.0,1.0,inner,True,,,,,,,0.1,5.0,,
3592,E0_R,native128,P_bal,mlp32,native,0.0,1.0,inner,True,,,,,,,1.0,5.0,,
3593,E0_R,native128,P_bal,mlp32,native,0.0,1.0,inner,True,,,,,,,10.0,5.0,,
3594,E0_R,native128,P_bal,mlp32,native,0.0,2.0,inner,True,,,,,,,0.01,5.0,,
3595,E0_R,native128,P_bal,mlp32,native,0.0,2.0,inner,True,,,,,,,0.1,5.0,,
3596,E0_R,native128,P_bal,mlp32,native,0.0,2.0,inner,True,,,,,,,1.0,5.0,,
3597,E0_R,native128,P_bal,mlp32,native,0.0,2.0,inner,True,,,,,,,10.0,5.0,,
3598,E0_R,native128,P_bal,mlp32,native,0.0,,final_all_alpha,True,,,,,,,0.01,5.0,,
3599,E0_R,native128,P_bal,mlp32,native,0.0,,final_all_alpha,True,,,,,,,0.1,5.0,,
3600,E0_R,native128,P_bal,mlp32,native,0.0,,final_all_alpha,True,,,,,,,1.0,5.0,,
3601,E0_R,native128,P_bal,mlp32,native,0.0,,final_all_alpha,True,,,,,,,10.0,5.0,,
3602,E0_R,native128,P_bal,mlp32,native,1.0,0.0,inner,True,,,,,,,0.01,5.0,,
3603,E0_R,native128,P_bal,mlp32,native,1.0,0.0,inner,True,,,,,,,0.1,5.0,,
3604,E0_R,native128,P_bal,mlp32,native,1.0,0.0,inner,True,,,,,,,1.0,5.0,,
3605,E0_R,native128,P_bal,mlp32,native,1.0,0.0,inner,True,,,,,,,10.0,5.0,,
3606,E0_R,native128,P_bal,mlp32,native,1.0,1.0,inner,True,,,,,,,0.01,5.0,,
3607,E0_R,native128,P_bal,mlp32,native,1.0,1.0,inner,True,,,,,,,0.1,5.0,,
3608,E0_R,native128,P_bal,mlp32,native,1.0,1.0,inner,True,,,,,,,1.0,5.0,,
3609,E0_R,native128,P_bal,mlp32,native,1.0,1.0,inner,True,,,,,,,10.0,5.0,,
3610,E0_R,native128,P_bal,mlp32,native,1.0,2.0,inner,True,,,,,,,0.01,5.0,,
3611,E0_R,native128,P_bal,mlp32,native,1.0,2.0,inner,True,,,,,,,0.1,5.0,,
3612,E0_R,native128,P_bal,mlp32,native,1.0,2.0,inner,True,,,,,,,1.0,5.0,,
3613,E0_R,native128,P_bal,mlp32,native,1.0,2.0,inner,True,,,,,,,10.0,5.0,,
3614,E0_R,native128,P_bal,mlp32,native,1.0,,final_all_alpha,True,,,,,,,0.01,5.0,,
3615,E0_R,native128,P_bal,mlp32,native,1.0,,final_all_alpha,True,,,,,,,0.1,5.0,,
3616,E0_R,native128,P_bal,mlp32,native,1.0,,final_all_alpha,True,,,,,,,1.0,5.0,,
3617,E0_R,native128,P_bal,mlp32,native,1.0,,final_all_alpha,True,,,,,,,10.0,5.0,,
3618,E0_R,native128,P_bal,mlp32,native,2.0,0.0,inner,True,,,,,,,0.01,5.0,,
3619,E0_R,native128,P_bal,mlp32,native,2.0,0.0,inner,True,,,,,,,0.1,5.0,,
3620,E0_R,native128,P_bal,mlp32,native,2.0,0.0,inner,True,,,,,,,1.0,5.0,,
3621,E0_R,native128,P_bal,mlp32,native,2.0,0.0,inner,True,,,,,,,10.0,5.0,,
3622,E0_R,native128,P_bal,mlp32,native,2.0,1.0,inner,True,,,,,,,0.01,5.0,,
3623,E0_R,native128,P_bal,mlp32,native,2.0,1.0,inner,True,,,,,,,0.1,5.0,,
3624,E0_R,native128,P_bal,mlp32,native,2.0,1.0,inner,True,,,,,,,1.0,5.0,,
3625,E0_R,native128,P_bal,mlp32,native,2.0,1.0,inner,True,,,,,,,10.0,5.0,,
3626,E0_R,native128,P_bal,mlp32,native,2.0,2.0,inner,True,,,,,,,0.01,5.0,,
3627,E0_R,native128,P_bal,mlp32,native,2.0,2.0,inner,True,,,,,,,0.1,5.0,,
3628,E0_R,native128,P_bal,mlp32,native,2.0,2.0,inner,True,,,,,,,1.0,5.0,,
3629,E0_R,native128,P_bal,mlp32,native,2.0,2.0,inner,True,,,,,,,10.0,5.0,,
3630,E0_R,native128,P_bal,mlp32,native,2.0,,final_all_alpha,True,,,,,,,0.01,5.0,,
3631,E0_R,native128,P_bal,mlp32,native,2.0,,final_all_alpha,True,,,,,,,0.1,5.0,,
3632,E0_R,native128,P_bal,mlp32,native,2.0,,final_all_alpha,True,,,,,,,1.0,5.0,,
3633,E0_R,native128,P_bal,mlp32,native,2.0,,final_all_alpha,True,,,,,,,10.0,5.0,,
3634,E0_R,native128,P_bal,mlp32,native,3.0,0.0,inner,True,,,,,,,0.01,5.0,,
3635,E0_R,native128,P_bal,mlp32,native,3.0,0.0,inner,True,,,,,,,0.1,5.0,,
3636,E0_R,native128,P_bal,mlp32,native,3.0,0.0,inner,True,,,,,,,1.0,5.0,,
3637,E0_R,native128,P_bal,mlp32,native,3.0,0.0,inner,True,,,,,,,10.0,5.0,,
3638,E0_R,native128,P_bal,mlp32,native,3.0,1.0,inner,True,,,,,,,0.01,5.0,,
3639,E0_R,native128,P_bal,mlp32,native,3.0,1.0,inner,True,,,,,,,0.1,5.0,,
3640,E0_R,native128,P_bal,mlp32,native,3.0,1.0,inner,True,,,,,,,1.0,5.0,,
3641,E0_R,native128,P_bal,mlp32,native,3.0,1.0,inner,True,,,,,,,10.0,5.0,,
3642,E0_R,native128,P_bal,mlp32,native,3.0,2.0,inner,True,,,,,,,0.01,5.0,,
3643,E0_R,native128,P_bal,mlp32,native,3.0,2.0,inner,True,,,,,,,0.1,5.0,,
3644,E0_R,native128,P_bal,mlp32,native,3.0,2.0,inner,True,,,,,,,1.0,5.0,,
3645,E0_R,native128,P_bal,mlp32,native,3.0,2.0,inner,True,,,,,,,10.0,5.0,,
3646,E0_R,native128,P_bal,mlp32,native,3.0,,final_all_alpha,True,,,,,,,0.01,5.0,,
3647,E0_R,native128,P_bal,mlp32,native,3.0,,final_all_alpha,True,,,,,,,0.1,5.0,,
3648,E0_R,native128,P_bal,mlp32,native,3.0,,final_all_alpha,True,,,,,,,1.0,5.0,,
3649,E0_R,native128,P_bal,mlp32,native,3.0,,final_all_alpha,True,,,,,,,10.0,5.0,,
3650,E0_R,native128,P_bal,mlp32,native,0.0,0.0,inner,True,,,,,,,0.01,6.0,,
3651,E0_R,native128,P_bal,mlp32,native,0.0,0.0,inner,True,,,,,,,0.1,6.0,,
3652,E0_R,native128,P_bal,mlp32,native,0.0,0.0,inner,True,,,,,,,1.0,6.0,,
3653,E0_R,native128,P_bal,mlp32,native,0.0,0.0,inner,True,,,,,,,10.0,6.0,,
3654,E0_R,native128,P_bal,mlp32,native,0.0,1.0,inner,True,,,,,,,0.01,6.0,,
3655,E0_R,native128,P_bal,mlp32,native,0.0,1.0,inner,True,,,,,,,0.1,6.0,,
3656,E0_R,native128,P_bal,mlp32,native,0.0,1.0,inner,True,,,,,,,1.0,6.0,,
3657,E0_R,native128,P_bal,mlp32,native,0.0,1.0,inner,True,,,,,,,10.0,6.0,,
3658,E0_R,native128,P_bal,mlp32,native,0.0,2.0,inner,True,,,,,,,0.01,6.0,,
3659,E0_R,native128,P_bal,mlp32,native,0.0,2.0,inner,True,,,,,,,0.1,6.0,,
3660,E0_R,native128,P_bal,mlp32,native,0.0,2.0,inner,True,,,,,,,1.0,6.0,,
3661,E0_R,native128,P_bal,mlp32,native,0.0,2.0,inner,True,,,,,,,10.0,6.0,,
3662,E0_R,native128,P_bal,mlp32,native,0.0,,final_all_alpha,True,,,,,,,0.01,6.0,,
3663,E0_R,native128,P_bal,mlp32,native,0.0,,final_all_alpha,True,,,,,,,0.1,6.0,,
3664,E0_R,native128,P_bal,mlp32,native,0.0,,final_all_alpha,True,,,,,,,1.0,6.0,,
3665,E0_R,native128,P_bal,mlp32,native,0.0,,final_all_alpha,True,,,,,,,10.0,6.0,,
3666,E0_R,native128,P_bal,mlp32,native,1.0,0.0,inner,True,,,,,,,0.01,6.0,,
3667,E0_R,native128,P_bal,mlp32,native,1.0,0.0,inner,True,,,,,,,0.1,6.0,,
3668,E0_R,native128,P_bal,mlp32,native,1.0,0.0,inner,True,,,,,,,1.0,6.0,,
3669,E0_R,native128,P_bal,mlp32,native,1.0,0.0,inner,True,,,,,,,10.0,6.0,,
3670,E0_R,native128,P_bal,mlp32,native,1.0,1.0,inner,True,,,,,,,0.01,6.0,,
3671,E0_R,native128,P_bal,mlp32,native,1.0,1.0,inner,True,,,,,,,0.1,6.0,,
3672,E0_R,native128,P_bal,mlp32,native,1.0,1.0,inner,True,,,,,,,1.0,6.0,,
3673,E0_R,native128,P_bal,mlp32,native,1.0,1.0,inner,True,,,,,,,10.0,6.0,,
3674,E0_R,native128,P_bal,mlp32,native,1.0,2.0,inner,True,,,,,,,0.01,6.0,,
3675,E0_R,native128,P_bal,mlp32,native,1.0,2.0,inner,True,,,,,,,0.1,6.0,,
3676,E0_R,native128,P_bal,mlp32,native,1.0,2.0,inner,True,,,,,,,1.0,6.0,,
3677,E0_R,native128,P_bal,mlp32,native,1.0,2.0,inner,True,,,,,,,10.0,6.0,,
3678,E0_R,native128,P_bal,mlp32,native,1.0,,final_all_alpha,True,,,,,,,0.01,6.0,,
3679,E0_R,native128,P_bal,mlp32,native,1.0,,final_all_alpha,True,,,,,,,0.1,6.0,,
3680,E0_R,native128,P_bal,mlp32,native,1.0,,final_all_alpha,True,,,,,,,1.0,6.0,,
3681,E0_R,native128,P_bal,mlp32,native,1.0,,final_all_alpha,True,,,,,,,10.0,6.0,,
3682,E0_R,native128,P_bal,mlp32,native,2.0,0.0,inner,True,,,,,,,0.01,6.0,,
3683,E0_R,native128,P_bal,mlp32,native,2.0,0.0,inner,True,,,,,,,0.1,6.0,,
3684,E0_R,native128,P_bal,mlp32,native,2.0,0.0,inner,True,,,,,,,1.0,6.0,,
3685,E0_R,native128,P_bal,mlp32,native,2.0,0.0,inner,True,,,,,,,10.0,6.0,,
3686,E0_R,native128,P_bal,mlp32,native,2.0,1.0,inner,True,,,,,,,0.01,6.0,,
3687,E0_R,native128,P_bal,mlp32,native,2.0,1.0,inner,True,,,,,,,0.1,6.0,,
3688,E0_R,native128,P_bal,mlp32,native,2.0,1.0,inner,True,,,,,,,1.0,6.0,,
3689,E0_R,native128,P_bal,mlp32,native,2.0,1.0,inner,True,,,,,,,10.0,6.0,,
3690,E0_R,native128,P_bal,mlp32,native,2.0,2.0,inner,True,,,,,,,0.01,6.0,,
3691,E0_R,native128,P_bal,mlp32,native,2.0,2.0,inner,True,,,,,,,0.1,6.0,,
3692,E0_R,native128,P_bal,mlp32,native,2.0,2.0,inner,True,,,,,,,1.0,6.0,,
3693,E0_R,native128,P_bal,mlp32,native,2.0,2.0,inner,True,,,,,,,10.0,6.0,,
3694,E0_R,native128,P_bal,mlp32,native,2.0,,final_all_alpha,True,,,,,,,0.01,6.0,,
3695,E0_R,native128,P_bal,mlp32,native,2.0,,final_all_alpha,True,,,,,,,0.1,6.0,,
3696,E0_R,native128,P_bal,mlp32,native,2.0,,final_all_alpha,True,,,,,,,1.0,6.0,,
3697,E0_R,native128,P_bal,mlp32,native,2.0,,final_all_alpha,True,,,,,,,10.0,6.0,,
3698,E0_R,native128,P_bal,mlp32,native,3.0,0.0,inner,True,,,,,,,0.01,6.0,,
3699,E0_R,native128,P_bal,mlp32,native,3.0,0.0,inner,True,,,,,,,0.1,6.0,,
3700,E0_R,native128,P_bal,mlp32,native,3.0,0.0,inner,True,,,,,,,1.0,6.0,,
3701,E0_R,native128,P_bal,mlp32,native,3.0,0.0,inner,True,,,,,,,10.0,6.0,,
3702,E0_R,native128,P_bal,mlp32,native,3.0,1.0,inner,True,,,,,,,0.01,6.0,,
3703,E0_R,native128,P_bal,mlp32,native,3.0,1.0,inner,True,,,,,,,0.1,6.0,,
3704,E0_R,native128,P_bal,mlp32,native,3.0,1.0,inner,True,,,,,,,1.0,6.0,,
3705,E0_R,native128,P_bal,mlp32,native,3.0,1.0,inner,True,,,,,,,10.0,6.0,,
3706,E0_R,native128,P_bal,mlp32,native,3.0,2.0,inner,True,,,,,,,0.01,6.0,,
3707,E0_R,native128,P_bal,mlp32,native,3.0,2.0,inner,True,,,,,,,0.1,6.0,,
3708,E0_R,native128,P_bal,mlp32,native,3.0,2.0,inner,True,,,,,,,1.0,6.0,,
3709,E0_R,native128,P_bal,mlp32,native,3.0,2.0,inner,True,,,,,,,10.0,6.0,,
3710,E0_R,native128,P_bal,mlp32,native,3.0,,final_all_alpha,True,,,,,,,0.01,6.0,,
3711,E0_R,native128,P_bal,mlp32,native,3.0,,final_all_alpha,True,,,,,,,0.1,6.0,,
3712,E0_R,native128,P_bal,mlp32,native,3.0,,final_all_alpha,True,,,,,,,1.0,6.0,,
3713,E0_R,native128,P_bal,mlp32,native,3.0,,final_all_alpha,True,,,,,,,10.0,6.0,,
3714,E0_R,native128,P_bal,mlp32,native,0.0,0.0,inner,True,,,,,,,0.01,7.0,,
3715,E0_R,native128,P_bal,mlp32,native,0.0,0.0,inner,True,,,,,,,0.1,7.0,,
3716,E0_R,native128,P_bal,mlp32,native,0.0,0.0,inner,True,,,,,,,1.0,7.0,,
3717,E0_R,native128,P_bal,mlp32,native,0.0,0.0,inner,True,,,,,,,10.0,7.0,,
3718,E0_R,native128,P_bal,mlp32,native,0.0,1.0,inner,True,,,,,,,0.01,7.0,,
3719,E0_R,native128,P_bal,mlp32,native,0.0,1.0,inner,True,,,,,,,0.1,7.0,,
3720,E0_R,native128,P_bal,mlp32,native,0.0,1.0,inner,True,,,,,,,1.0,7.0,,
3721,E0_R,native128,P_bal,mlp32,native,0.0,1.0,inner,True,,,,,,,10.0,7.0,,
3722,E0_R,native128,P_bal,mlp32,native,0.0,2.0,inner,True,,,,,,,0.01,7.0,,
3723,E0_R,native128,P_bal,mlp32,native,0.0,2.0,inner,True,,,,,,,0.1,7.0,,
3724,E0_R,native128,P_bal,mlp32,native,0.0,2.0,inner,True,,,,,,,1.0,7.0,,
3725,E0_R,native128,P_bal,mlp32,native,0.0,2.0,inner,True,,,,,,,10.0,7.0,,
3726,E0_R,native128,P_bal,mlp32,native,0.0,,final_all_alpha,True,,,,,,,0.01,7.0,,
3727,E0_R,native128,P_bal,mlp32,native,0.0,,final_all_alpha,True,,,,,,,0.1,7.0,,
3728,E0_R,native128,P_bal,mlp32,native,0.0,,final_all_alpha,True,,,,,,,1.0,7.0,,
3729,E0_R,native128,P_bal,mlp32,native,0.0,,final_all_alpha,True,,,,,,,10.0,7.0,,
3730,E0_R,native128,P_bal,mlp32,native,1.0,0.0,inner,True,,,,,,,0.01,7.0,,
3731,E0_R,native128,P_bal,mlp32,native,1.0,0.0,inner,True,,,,,,,0.1,7.0,,
3732,E0_R,native128,P_bal,mlp32,native,1.0,0.0,inner,True,,,,,,,1.0,7.0,,
3733,E0_R,native128,P_bal,mlp32,native,1.0,0.0,inner,True,,,,,,,10.0,7.0,,
3734,E0_R,native128,P_bal,mlp32,native,1.0,1.0,inner,True,,,,,,,0.01,7.0,,
3735,E0_R,native128,P_bal,mlp32,native,1.0,1.0,inner,True,,,,,,,0.1,7.0,,
3736,E0_R,native128,P_bal,mlp32,native,1.0,1.0,inner,True,,,,,,,1.0,7.0,,
3737,E0_R,native128,P_bal,mlp32,native,1.0,1.0,inner,True,,,,,,,10.0,7.0,,
3738,E0_R,native128,P_bal,mlp32,native,1.0,2.0,inner,True,,,,,,,0.01,7.0,,
3739,E0_R,native128,P_bal,mlp32,native,1.0,2.0,inner,True,,,,,,,0.1,7.0,,
3740,E0_R,native128,P_bal,mlp32,native,1.0,2.0,inner,True,,,,,,,1.0,7.0,,
3741,E0_R,native128,P_bal,mlp32,native,1.0,2.0,inner,True,,,,,,,10.0,7.0,,
3742,E0_R,native128,P_bal,mlp32,native,1.0,,final_all_alpha,True,,,,,,,0.01,7.0,,
3743,E0_R,native128,P_bal,mlp32,native,1.0,,final_all_alpha,True,,,,,,,0.1,7.0,,
3744,E0_R,native128,P_bal,mlp32,native,1.0,,final_all_alpha,True,,,,,,,1.0,7.0,,
3745,E0_R,native128,P_bal,mlp32,native,1.0,,final_all_alpha,True,,,,,,,10.0,7.0,,
3746,E0_R,native128,P_bal,mlp32,native,2.0,0.0,inner,True,,,,,,,0.01,7.0,,
3747,E0_R,native128,P_bal,mlp32,native,2.0,0.0,inner,True,,,,,,,0.1,7.0,,
3748,E0_R,native128,P_bal,mlp32,native,2.0,0.0,inner,True,,,,,,,1.0,7.0,,
3749,E0_R,native128,P_bal,mlp32,native,2.0,0.0,inner,True,,,,,,,10.0,7.0,,
3750,E0_R,native128,P_bal,mlp32,native,2.0,1.0,inner,True,,,,,,,0.01,7.0,,
3751,E0_R,native128,P_bal,mlp32,native,2.0,1.0,inner,True,,,,,,,0.1,7.0,,
3752,E0_R,native128,P_bal,mlp32,native,2.0,1.0,inner,True,,,,,,,1.0,7.0,,
3753,E0_R,native128,P_bal,mlp32,native,2.0,1.0,inner,True,,,,,,,10.0,7.0,,
3754,E0_R,native128,P_bal,mlp32,native,2.0,2.0,inner,True,,,,,,,0.01,7.0,,
3755,E0_R,native128,P_bal,mlp32,native,2.0,2.0,inner,True,,,,,,,0.1,7.0,,
3756,E0_R,native128,P_bal,mlp32,native,2.0,2.0,inner,True,,,,,,,1.0,7.0,,
3757,E0_R,native128,P_bal,mlp32,native,2.0,2.0,inner,True,,,,,,,10.0,7.0,,
3758,E0_R,native128,P_bal,mlp32,native,2.0,,final_all_alpha,True,,,,,,,0.01,7.0,,
3759,E0_R,native128,P_bal,mlp32,native,2.0,,final_all_alpha,True,,,,,,,0.1,7.0,,
3760,E0_R,native128,P_bal,mlp32,native,2.0,,final_all_alpha,True,,,,,,,1.0,7.0,,
3761,E0_R,native128,P_bal,mlp32,native,2.0,,final_all_alpha,True,,,,,,,10.0,7.0,,
3762,E0_R,native128,P_bal,mlp32,native,3.0,0.0,inner,True,,,,,,,0.01,7.0,,
3763,E0_R,native128,P_bal,mlp32,native,3.0,0.0,inner,True,,,,,,,0.1,7.0,,
3764,E0_R,native128,P_bal,mlp32,native,3.0,0.0,inner,True,,,,,,,1.0,7.0,,
3765,E0_R,native128,P_bal,mlp32,native,3.0,0.0,inner,True,,,,,,,10.0,7.0,,
3766,E0_R,native128,P_bal,mlp32,native,3.0,1.0,inner,True,,,,,,,0.01,7.0,,
3767,E0_R,native128,P_bal,mlp32,native,3.0,1.0,inner,True,,,,,,,0.1,7.0,,
3768,E0_R,native128,P_bal,mlp32,native,3.0,1.0,inner,True,,,,,,,1.0,7.0,,
3769,E0_R,native128,P_bal,mlp32,native,3.0,1.0,inner,True,,,,,,,10.0,7.0,,
3770,E0_R,native128,P_bal,mlp32,native,3.0,2.0,inner,True,,,,,,,0.01,7.0,,
3771,E0_R,native128,P_bal,mlp32,native,3.0,2.0,inner,True,,,,,,,0.1,7.0,,
3772,E0_R,native128,P_bal,mlp32,native,3.0,2.0,inner,True,,,,,,,1.0,7.0,,
3773,E0_R,native128,P_bal,mlp32,native,3.0,2.0,inner,True,,,,,,,10.0,7.0,,
3774,E0_R,native128,P_bal,mlp32,native,3.0,,final_all_alpha,True,,,,,,,0.01,7.0,,
3775,E0_R,native128,P_bal,mlp32,native,3.0,,final_all_alpha,True,,,,,,,0.1,7.0,,
3776,E0_R,native128,P_bal,mlp32,native,3.0,,final_all_alpha,True,,,,,,,1.0,7.0,,
3777,E0_R,native128,P_bal,mlp32,native,3.0,,final_all_alpha,True,,,,,,,10.0,7.0,,
3778,E0_R,native128,P_bal,mlp32,native,0.0,0.0,inner,True,,,,,,,0.01,8.0,,
3779,E0_R,native128,P_bal,mlp32,native,0.0,0.0,inner,True,,,,,,,0.1,8.0,,
3780,E0_R,native128,P_bal,mlp32,native,0.0,0.0,inner,True,,,,,,,1.0,8.0,,
3781,E0_R,native128,P_bal,mlp32,native,0.0,0.0,inner,True,,,,,,,10.0,8.0,,
3782,E0_R,native128,P_bal,mlp32,native,0.0,1.0,inner,True,,,,,,,0.01,8.0,,
3783,E0_R,native128,P_bal,mlp32,native,0.0,1.0,inner,True,,,,,,,0.1,8.0,,
3784,E0_R,native128,P_bal,mlp32,native,0.0,1.0,inner,True,,,,,,,1.0,8.0,,
3785,E0_R,native128,P_bal,mlp32,native,0.0,1.0,inner,True,,,,,,,10.0,8.0,,
3786,E0_R,native128,P_bal,mlp32,native,0.0,2.0,inner,True,,,,,,,0.01,8.0,,
3787,E0_R,native128,P_bal,mlp32,native,0.0,2.0,inner,True,,,,,,,0.1,8.0,,
3788,E0_R,native128,P_bal,mlp32,native,0.0,2.0,inner,True,,,,,,,1.0,8.0,,
3789,E0_R,native128,P_bal,mlp32,native,0.0,2.0,inner,True,,,,,,,10.0,8.0,,
3790,E0_R,native128,P_bal,mlp32,native,0.0,,final_all_alpha,True,,,,,,,0.01,8.0,,
3791,E0_R,native128,P_bal,mlp32,native,0.0,,final_all_alpha,True,,,,,,,0.1,8.0,,
3792,E0_R,native128,P_bal,mlp32,native,0.0,,final_all_alpha,True,,,,,,,1.0,8.0,,
3793,E0_R,native128,P_bal,mlp32,native,0.0,,final_all_alpha,True,,,,,,,10.0,8.0,,
3794,E0_R,native128,P_bal,mlp32,native,1.0,0.0,inner,True,,,,,,,0.01,8.0,,
3795,E0_R,native128,P_bal,mlp32,native,1.0,0.0,inner,True,,,,,,,0.1,8.0,,
3796,E0_R,native128,P_bal,mlp32,native,1.0,0.0,inner,True,,,,,,,1.0,8.0,,
3797,E0_R,native128,P_bal,mlp32,native,1.0,0.0,inner,True,,,,,,,10.0,8.0,,
3798,E0_R,native128,P_bal,mlp32,native,1.0,1.0,inner,True,,,,,,,0.01,8.0,,
3799,E0_R,native128,P_bal,mlp32,native,1.0,1.0,inner,True,,,,,,,0.1,8.0,,
3800,E0_R,native128,P_bal,mlp32,native,1.0,1.0,inner,True,,,,,,,1.0,8.0,,
3801,E0_R,native128,P_bal,mlp32,native,1.0,1.0,inner,True,,,,,,,10.0,8.0,,
3802,E0_R,native128,P_bal,mlp32,native,1.0,2.0,inner,True,,,,,,,0.01,8.0,,
3803,E0_R,native128,P_bal,mlp32,native,1.0,2.0,inner,True,,,,,,,0.1,8.0,,
3804,E0_R,native128,P_bal,mlp32,native,1.0,2.0,inner,True,,,,,,,1.0,8.0,,
3805,E0_R,native128,P_bal,mlp32,native,1.0,2.0,inner,True,,,,,,,10.0,8.0,,
3806,E0_R,native128,P_bal,mlp32,native,1.0,,final_all_alpha,True,,,,,,,0.01,8.0,,
3807,E0_R,native128,P_bal,mlp32,native,1.0,,final_all_alpha,True,,,,,,,0.1,8.0,,
3808,E0_R,native128,P_bal,mlp32,native,1.0,,final_all_alpha,True,,,,,,,1.0,8.0,,
3809,E0_R,native128,P_bal,mlp32,native,1.0,,final_all_alpha,True,,,,,,,10.0,8.0,,
3810,E0_R,native128,P_bal,mlp32,native,2.0,0.0,inner,True,,,,,,,0.01,8.0,,
3811,E0_R,native128,P_bal,mlp32,native,2.0,0.0,inner,True,,,,,,,0.1,8.0,,
3812,E0_R,native128,P_bal,mlp32,native,2.0,0.0,inner,True,,,,,,,1.0,8.0,,
3813,E0_R,native128,P_bal,mlp32,native,2.0,0.0,inner,True,,,,,,,10.0,8.0,,
3814,E0_R,native128,P_bal,mlp32,native,2.0,1.0,inner,True,,,,,,,0.01,8.0,,
3815,E0_R,native128,P_bal,mlp32,native,2.0,1.0,inner,True,,,,,,,0.1,8.0,,
3816,E0_R,native128,P_bal,mlp32,native,2.0,1.0,inner,True,,,,,,,1.0,8.0,,
3817,E0_R,native128,P_bal,mlp32,native,2.0,1.0,inner,True,,,,,,,10.0,8.0,,
3818,E0_R,native128,P_bal,mlp32,native,2.0,2.0,inner,True,,,,,,,0.01,8.0,,
3819,E0_R,native128,P_bal,mlp32,native,2.0,2.0,inner,True,,,,,,,0.1,8.0,,
3820,E0_R,native128,P_bal,mlp32,native,2.0,2.0,inner,True,,,,,,,1.0,8.0,,
3821,E0_R,native128,P_bal,mlp32,native,2.0,2.0,inner,True,,,,,,,10.0,8.0,,
3822,E0_R,native128,P_bal,mlp32,native,2.0,,final_all_alpha,True,,,,,,,0.01,8.0,,
3823,E0_R,native128,P_bal,mlp32,native,2.0,,final_all_alpha,True,,,,,,,0.1,8.0,,
3824,E0_R,native128,P_bal,mlp32,native,2.0,,final_all_alpha,True,,,,,,,1.0,8.0,,
3825,E0_R,native128,P_bal,mlp32,native,2.0,,final_all_alpha,True,,,,,,,10.0,8.0,,
3826,E0_R,native128,P_bal,mlp32,native,3.0,0.0,inner,True,,,,,,,0.01,8.0,,
3827,E0_R,native128,P_bal,mlp32,native,3.0,0.0,inner,True,,,,,,,0.1,8.0,,
3828,E0_R,native128,P_bal,mlp32,native,3.0,0.0,inner,True,,,,,,,1.0,8.0,,
3829,E0_R,native128,P_bal,mlp32,native,3.0,0.0,inner,True,,,,,,,10.0,8.0,,
3830,E0_R,native128,P_bal,mlp32,native,3.0,1.0,inner,True,,,,,,,0.01,8.0,,
3831,E0_R,native128,P_bal,mlp32,native,3.0,1.0,inner,True,,,,,,,0.1,8.0,,
3832,E0_R,native128,P_bal,mlp32,native,3.0,1.0,inner,True,,,,,,,1.0,8.0,,
3833,E0_R,native128,P_bal,mlp32,native,3.0,1.0,inner,True,,,,,,,10.0,8.0,,
3834,E0_R,native128,P_bal,mlp32,native,3.0,2.0,inner,True,,,,,,,0.01,8.0,,
3835,E0_R,native128,P_bal,mlp32,native,3.0,2.0,inner,True,,,,,,,0.1,8.0,,
3836,E0_R,native128,P_bal,mlp32,native,3.0,2.0,inner,True,,,,,,,1.0,8.0,,
3837,E0_R,native128,P_bal,mlp32,native,3.0,2.0,inner,True,,,,,,,10.0,8.0,,
3838,E0_R,native128,P_bal,mlp32,native,3.0,,final_all_alpha,True,,,,,,,0.01,8.0,,
3839,E0_R,native128,P_bal,mlp32,native,3.0,,final_all_alpha,True,,,,,,,0.1,8.0,,
3840,E0_R,native128,P_bal,mlp32,native,3.0,,final_all_alpha,True,,,,,,,1.0,8.0,,
3841,E0_R,native128,P_bal,mlp32,native,3.0,,final_all_alpha,True,,,,,,,10.0,8.0,,
3842,E0_R,native128,P_bal,mlp32,native,0.0,0.0,inner,True,,,,,,,0.01,9.0,,
3843,E0_R,native128,P_bal,mlp32,native,0.0,0.0,inner,True,,,,,,,0.1,9.0,,
3844,E0_R,native128,P_bal,mlp32,native,0.0,0.0,inner,True,,,,,,,1.0,9.0,,
3845,E0_R,native128,P_bal,mlp32,native,0.0,0.0,inner,True,,,,,,,10.0,9.0,,
3846,E0_R,native128,P_bal,mlp32,native,0.0,1.0,inner,True,,,,,,,0.01,9.0,,
3847,E0_R,native128,P_bal,mlp32,native,0.0,1.0,inner,True,,,,,,,0.1,9.0,,
3848,E0_R,native128,P_bal,mlp32,native,0.0,1.0,inner,True,,,,,,,1.0,9.0,,
3849,E0_R,native128,P_bal,mlp32,native,0.0,1.0,inner,True,,,,,,,10.0,9.0,,
3850,E0_R,native128,P_bal,mlp32,native,0.0,2.0,inner,True,,,,,,,0.01,9.0,,
3851,E0_R,native128,P_bal,mlp32,native,0.0,2.0,inner,True,,,,,,,0.1,9.0,,
3852,E0_R,native128,P_bal,mlp32,native,0.0,2.0,inner,True,,,,,,,1.0,9.0,,
3853,E0_R,native128,P_bal,mlp32,native,0.0,2.0,inner,True,,,,,,,10.0,9.0,,
3854,E0_R,native128,P_bal,mlp32,native,0.0,,final_all_alpha,True,,,,,,,0.01,9.0,,
3855,E0_R,native128,P_bal,mlp32,native,0.0,,final_all_alpha,True,,,,,,,0.1,9.0,,
3856,E0_R,native128,P_bal,mlp32,native,0.0,,final_all_alpha,True,,,,,,,1.0,9.0,,
3857,E0_R,native128,P_bal,mlp32,native,0.0,,final_all_alpha,True,,,,,,,10.0,9.0,,
3858,E0_R,native128,P_bal,mlp32,native,1.0,0.0,inner,True,,,,,,,0.01,9.0,,
3859,E0_R,native128,P_bal,mlp32,native,1.0,0.0,inner,True,,,,,,,0.1,9.0,,
3860,E0_R,native128,P_bal,mlp32,native,1.0,0.0,inner,True,,,,,,,1.0,9.0,,
3861,E0_R,native128,P_bal,mlp32,native,1.0,0.0,inner,True,,,,,,,10.0,9.0,,
3862,E0_R,native128,P_bal,mlp32,native,1.0,1.0,inner,True,,,,,,,0.01,9.0,,
3863,E0_R,native128,P_bal,mlp32,native,1.0,1.0,inner,True,,,,,,,0.1,9.0,,
3864,E0_R,native128,P_bal,mlp32,native,1.0,1.0,inner,True,,,,,,,1.0,9.0,,
3865,E0_R,native128,P_bal,mlp32,native,1.0,1.0,inner,True,,,,,,,10.0,9.0,,
3866,E0_R,native128,P_bal,mlp32,native,1.0,2.0,inner,True,,,,,,,0.01,9.0,,
3867,E0_R,native128,P_bal,mlp32,native,1.0,2.0,inner,True,,,,,,,0.1,9.0,,
3868,E0_R,native128,P_bal,mlp32,native,1.0,2.0,inner,True,,,,,,,1.0,9.0,,
3869,E0_R,native128,P_bal,mlp32,native,1.0,2.0,inner,True,,,,,,,10.0,9.0,,
3870,E0_R,native128,P_bal,mlp32,native,1.0,,final_all_alpha,True,,,,,,,0.01,9.0,,
3871,E0_R,native128,P_bal,mlp32,native,1.0,,final_all_alpha,True,,,,,,,0.1,9.0,,
3872,E0_R,native128,P_bal,mlp32,native,1.0,,final_all_alpha,True,,,,,,,1.0,9.0,,
3873,E0_R,native128,P_bal,mlp32,native,1.0,,final_all_alpha,True,,,,,,,10.0,9.0,,
3874,E0_R,native128,P_bal,mlp32,native,2.0,0.0,inner,True,,,,,,,0.01,9.0,,
3875,E0_R,native128,P_bal,mlp32,native,2.0,0.0,inner,True,,,,,,,0.1,9.0,,
3876,E0_R,native128,P_bal,mlp32,native,2.0,0.0,inner,True,,,,,,,1.0,9.0,,
3877,E0_R,native128,P_bal,mlp32,native,2.0,0.0,inner,True,,,,,,,10.0,9.0,,
3878,E0_R,native128,P_bal,mlp32,native,2.0,1.0,inner,True,,,,,,,0.01,9.0,,
3879,E0_R,native128,P_bal,mlp32,native,2.0,1.0,inner,True,,,,,,,0.1,9.0,,
3880,E0_R,native128,P_bal,mlp32,native,2.0,1.0,inner,True,,,,,,,1.0,9.0,,
3881,E0_R,native128,P_bal,mlp32,native,2.0,1.0,inner,True,,,,,,,10.0,9.0,,
3882,E0_R,native128,P_bal,mlp32,native,2.0,2.0,inner,True,,,,,,,0.01,9.0,,
3883,E0_R,native128,P_bal,mlp32,native,2.0,2.0,inner,True,,,,,,,0.1,9.0,,
3884,E0_R,native128,P_bal,mlp32,native,2.0,2.0,inner,True,,,,,,,1.0,9.0,,
3885,E0_R,native128,P_bal,mlp32,native,2.0,2.0,inner,True,,,,,,,10.0,9.0,,
3886,E0_R,native128,P_bal,mlp32,native,2.0,,final_all_alpha,True,,,,,,,0.01,9.0,,
3887,E0_R,native128,P_bal,mlp32,native,2.0,,final_all_alpha,True,,,,,,,0.1,9.0,,
3888,E0_R,native128,P_bal,mlp32,native,2.0,,final_all_alpha,True,,,,,,,1.0,9.0,,
3889,E0_R,native128,P_bal,mlp32,native,2.0,,final_all_alpha,True,,,,,,,10.0,9.0,,
3890,E0_R,native128,P_bal,mlp32,native,3.0,0.0,inner,True,,,,,,,0.01,9.0,,
3891,E0_R,native128,P_bal,mlp32,native,3.0,0.0,inner,True,,,,,,,0.1,9.0,,
3892,E0_R,native128,P_bal,mlp32,native,3.0,0.0,inner,True,,,,,,,1.0,9.0,,
3893,E0_R,native128,P_bal,mlp32,native,3.0,0.0,inner,True,,,,,,,10.0,9.0,,
3894,E0_R,native128,P_bal,mlp32,native,3.0,1.0,inner,True,,,,,,,0.01,9.0,,
3895,E0_R,native128,P_bal,mlp32,native,3.0,1.0,inner,True,,,,,,,0.1,9.0,,
3896,E0_R,native128,P_bal,mlp32,native,3.0,1.0,inner,True,,,,,,,1.0,9.0,,
3897,E0_R,native128,P_bal,mlp32,native,3.0,1.0,inner,True,,,,,,,10.0,9.0,,
3898,E0_R,native128,P_bal,mlp32,native,3.0,2.0,inner,True,,,,,,,0.01,9.0,,
3899,E0_R,native128,P_bal,mlp32,native,3.0,2.0,inner,True,,,,,,,0.1,9.0,,
3900,E0_R,native128,P_bal,mlp32,native,3.0,2.0,inner,True,,,,,,,1.0,9.0,,
3901,E0_R,native128,P_bal,mlp32,native,3.0,2.0,inner,True,,,,,,,10.0,9.0,,
3902,E0_R,native128,P_bal,mlp32,native,3.0,,final_all_alpha,True,,,,,,,0.01,9.0,,
3903,E0_R,native128,P_bal,mlp32,native,3.0,,final_all_alpha,True,,,,,,,0.1,9.0,,
3904,E0_R,native128,P_bal,mlp32,native,3.0,,final_all_alpha,True,,,,,,,1.0,9.0,,
3905,E0_R,native128,P_bal,mlp32,native,3.0,,final_all_alpha,True,,,,,,,10.0,9.0,,
3906,E0_R,native128,P_bal,mlp32,native,0.0,0.0,inner,True,,,,,,,0.01,10.0,,
3907,E0_R,native128,P_bal,mlp32,native,0.0,0.0,inner,True,,,,,,,0.1,10.0,,
3908,E0_R,native128,P_bal,mlp32,native,0.0,0.0,inner,True,,,,,,,1.0,10.0,,
3909,E0_R,native128,P_bal,mlp32,native,0.0,0.0,inner,True,,,,,,,10.0,10.0,,
3910,E0_R,native128,P_bal,mlp32,native,0.0,1.0,inner,True,,,,,,,0.01,10.0,,
3911,E0_R,native128,P_bal,mlp32,native,0.0,1.0,inner,True,,,,,,,0.1,10.0,,
3912,E0_R,native128,P_bal,mlp32,native,0.0,1.0,inner,True,,,,,,,1.0,10.0,,
3913,E0_R,native128,P_bal,mlp32,native,0.0,1.0,inner,True,,,,,,,10.0,10.0,,
3914,E0_R,native128,P_bal,mlp32,native,0.0,2.0,inner,True,,,,,,,0.01,10.0,,
3915,E0_R,native128,P_bal,mlp32,native,0.0,2.0,inner,True,,,,,,,0.1,10.0,,
3916,E0_R,native128,P_bal,mlp32,native,0.0,2.0,inner,True,,,,,,,1.0,10.0,,
3917,E0_R,native128,P_bal,mlp32,native,0.0,2.0,inner,True,,,,,,,10.0,10.0,,
3918,E0_R,native128,P_bal,mlp32,native,0.0,,final_all_alpha,True,,,,,,,0.01,10.0,,
3919,E0_R,native128,P_bal,mlp32,native,0.0,,final_all_alpha,True,,,,,,,0.1,10.0,,
3920,E0_R,native128,P_bal,mlp32,native,0.0,,final_all_alpha,True,,,,,,,1.0,10.0,,
3921,E0_R,native128,P_bal,mlp32,native,0.0,,final_all_alpha,True,,,,,,,10.0,10.0,,
3922,E0_R,native128,P_bal,mlp32,native,1.0,0.0,inner,True,,,,,,,0.01,10.0,,
3923,E0_R,native128,P_bal,mlp32,native,1.0,0.0,inner,True,,,,,,,0.1,10.0,,
3924,E0_R,native128,P_bal,mlp32,native,1.0,0.0,inner,True,,,,,,,1.0,10.0,,
3925,E0_R,native128,P_bal,mlp32,native,1.0,0.0,inner,True,,,,,,,10.0,10.0,,
3926,E0_R,native128,P_bal,mlp32,native,1.0,1.0,inner,True,,,,,,,0.01,10.0,,
3927,E0_R,native128,P_bal,mlp32,native,1.0,1.0,inner,True,,,,,,,0.1,10.0,,
3928,E0_R,native128,P_bal,mlp32,native,1.0,1.0,inner,True,,,,,,,1.0,10.0,,
3929,E0_R,native128,P_bal,mlp32,native,1.0,1.0,inner,True,,,,,,,10.0,10.0,,
3930,E0_R,native128,P_bal,mlp32,native,1.0,2.0,inner,True,,,,,,,0.01,10.0,,
3931,E0_R,native128,P_bal,mlp32,native,1.0,2.0,inner,True,,,,,,,0.1,10.0,,
3932,E0_R,native128,P_bal,mlp32,native,1.0,2.0,inner,True,,,,,,,1.0,10.0,,
3933,E0_R,native128,P_bal,mlp32,native,1.0,2.0,inner,True,,,,,,,10.0,10.0,,
3934,E0_R,native128,P_bal,mlp32,native,1.0,,final_all_alpha,True,,,,,,,0.01,10.0,,
3935,E0_R,native128,P_bal,mlp32,native,1.0,,final_all_alpha,True,,,,,,,0.1,10.0,,
3936,E0_R,native128,P_bal,mlp32,native,1.0,,final_all_alpha,True,,,,,,,1.0,10.0,,
3937,E0_R,native128,P_bal,mlp32,native,1.0,,final_all_alpha,True,,,,,,,10.0,10.0,,
3938,E0_R,native128,P_bal,mlp32,native,2.0,0.0,inner,True,,,,,,,0.01,10.0,,
3939,E0_R,native128,P_bal,mlp32,native,2.0,0.0,inner,True,,,,,,,0.1,10.0,,
3940,E0_R,native128,P_bal,mlp32,native,2.0,0.0,inner,True,,,,,,,1.0,10.0,,
3941,E0_R,native128,P_bal,mlp32,native,2.0,0.0,inner,True,,,,,,,10.0,10.0,,
3942,E0_R,native128,P_bal,mlp32,native,2.0,1.0,inner,True,,,,,,,0.01,10.0,,
3943,E0_R,native128,P_bal,mlp32,native,2.0,1.0,inner,True,,,,,,,0.1,10.0,,
3944,E0_R,native128,P_bal,mlp32,native,2.0,1.0,inner,True,,,,,,,1.0,10.0,,
3945,E0_R,native128,P_bal,mlp32,native,2.0,1.0,inner,True,,,,,,,10.0,10.0,,
3946,E0_R,native128,P_bal,mlp32,native,2.0,2.0,inner,True,,,,,,,0.01,10.0,,
3947,E0_R,native128,P_bal,mlp32,native,2.0,2.0,inner,True,,,,,,,0.1,10.0,,
3948,E0_R,native128,P_bal,mlp32,native,2.0,2.0,inner,True,,,,,,,1.0,10.0,,
3949,E0_R,native128,P_bal,mlp32,native,2.0,2.0,inner,True,,,,,,,10.0,10.0,,
3950,E0_R,native128,P_bal,mlp32,native,2.0,,final_all_alpha,True,,,,,,,0.01,10.0,,
3951,E0_R,native128,P_bal,mlp32,native,2.0,,final_all_alpha,True,,,,,,,0.1,10.0,,
3952,E0_R,native128,P_bal,mlp32,native,2.0,,final_all_alpha,True,,,,,,,1.0,10.0,,
3953,E0_R,native128,P_bal,mlp32,native,2.0,,final_all_alpha,True,,,,,,,10.0,10.0,,
3954,E0_R,native128,P_bal,mlp32,native,3.0,0.0,inner,True,,,,,,,0.01,10.0,,
3955,E0_R,native128,P_bal,mlp32,native,3.0,0.0,inner,True,,,,,,,0.1,10.0,,
3956,E0_R,native128,P_bal,mlp32,native,3.0,0.0,inner,True,,,,,,,1.0,10.0,,
3957,E0_R,native128,P_bal,mlp32,native,3.0,0.0,inner,True,,,,,,,10.0,10.0,,
3958,E0_R,native128,P_bal,mlp32,native,3.0,1.0,inner,True,,,,,,,0.01,10.0,,
3959,E0_R,native128,P_bal,mlp32,native,3.0,1.0,inner,True,,,,,,,0.1,10.0,,
3960,E0_R,native128,P_bal,mlp32,native,3.0,1.0,inner,True,,,,,,,1.0,10.0,,
3961,E0_R,native128,P_bal,mlp32,native,3.0,1.0,inner,True,,,,,,,10.0,10.0,,
3962,E0_R,native128,P_bal,mlp32,native,3.0,2.0,inner,True,,,,,,,0.01,10.0,,
3963,E0_R,native128,P_bal,mlp32,native,3.0,2.0,inner,True,,,,,,,0.1,10.0,,
3964,E0_R,native128,P_bal,mlp32,native,3.0,2.0,inner,True,,,,,,,1.0,10.0,,
3965,E0_R,native128,P_bal,mlp32,native,3.0,2.0,inner,True,,,,,,,10.0,10.0,,
3966,E0_R,native128,P_bal,mlp32,native,3.0,,final_all_alpha,True,,,,,,,0.01,10.0,,
3967,E0_R,native128,P_bal,mlp32,native,3.0,,final_all_alpha,True,,,,,,,0.1,10.0,,
3968,E0_R,native128,P_bal,mlp32,native,3.0,,final_all_alpha,True,,,,,,,1.0,10.0,,
3969,E0_R,native128,P_bal,mlp32,native,3.0,,final_all_alpha,True,,,,,,,10.0,10.0,,
3970,E0_R,native128,P_bal,mlp32,native,0.0,0.0,inner,True,,,,,,,0.01,11.0,,
3971,E0_R,native128,P_bal,mlp32,native,0.0,0.0,inner,True,,,,,,,0.1,11.0,,
3972,E0_R,native128,P_bal,mlp32,native,0.0,0.0,inner,True,,,,,,,1.0,11.0,,
3973,E0_R,native128,P_bal,mlp32,native,0.0,0.0,inner,True,,,,,,,10.0,11.0,,
3974,E0_R,native128,P_bal,mlp32,native,0.0,1.0,inner,True,,,,,,,0.01,11.0,,
3975,E0_R,native128,P_bal,mlp32,native,0.0,1.0,inner,True,,,,,,,0.1,11.0,,
3976,E0_R,native128,P_bal,mlp32,native,0.0,1.0,inner,True,,,,,,,1.0,11.0,,
3977,E0_R,native128,P_bal,mlp32,native,0.0,1.0,inner,True,,,,,,,10.0,11.0,,
3978,E0_R,native128,P_bal,mlp32,native,0.0,2.0,inner,True,,,,,,,0.01,11.0,,
3979,E0_R,native128,P_bal,mlp32,native,0.0,2.0,inner,True,,,,,,,0.1,11.0,,
3980,E0_R,native128,P_bal,mlp32,native,0.0,2.0,inner,True,,,,,,,1.0,11.0,,
3981,E0_R,native128,P_bal,mlp32,native,0.0,2.0,inner,True,,,,,,,10.0,11.0,,
3982,E0_R,native128,P_bal,mlp32,native,0.0,,final_all_alpha,True,,,,,,,0.01,11.0,,
3983,E0_R,native128,P_bal,mlp32,native,0.0,,final_all_alpha,True,,,,,,,0.1,11.0,,
3984,E0_R,native128,P_bal,mlp32,native,0.0,,final_all_alpha,True,,,,,,,1.0,11.0,,
3985,E0_R,native128,P_bal,mlp32,native,0.0,,final_all_alpha,True,,,,,,,10.0,11.0,,
3986,E0_R,native128,P_bal,mlp32,native,1.0,0.0,inner,True,,,,,,,0.01,11.0,,
3987,E0_R,native128,P_bal,mlp32,native,1.0,0.0,inner,True,,,,,,,0.1,11.0,,
3988,E0_R,native128,P_bal,mlp32,native,1.0,0.0,inner,True,,,,,,,1.0,11.0,,
3989,E0_R,native128,P_bal,mlp32,native,1.0,0.0,inner,True,,,,,,,10.0,11.0,,
3990,E0_R,native128,P_bal,mlp32,native,1.0,1.0,inner,True,,,,,,,0.01,11.0,,
3991,E0_R,native128,P_bal,mlp32,native,1.0,1.0,inner,True,,,,,,,0.1,11.0,,
3992,E0_R,native128,P_bal,mlp32,native,1.0,1.0,inner,True,,,,,,,1.0,11.0,,
3993,E0_R,native128,P_bal,mlp32,native,1.0,1.0,inner,True,,,,,,,10.0,11.0,,
3994,E0_R,native128,P_bal,mlp32,native,1.0,2.0,inner,True,,,,,,,0.01,11.0,,
3995,E0_R,native128,P_bal,mlp32,native,1.0,2.0,inner,True,,,,,,,0.1,11.0,,
3996,E0_R,native128,P_bal,mlp32,native,1.0,2.0,inner,True,,,,,,,1.0,11.0,,
3997,E0_R,native128,P_bal,mlp32,native,1.0,2.0,inner,True,,,,,,,10.0,11.0,,
3998,E0_R,native128,P_bal,mlp32,native,1.0,,final_all_alpha,True,,,,,,,0.01,11.0,,
3999,E0_R,native128,P_bal,mlp32,native,1.0,,final_all_alpha,True,,,,,,,0.1,11.0,,
4000,E0_R,native128,P_bal,mlp32,native,1.0,,final_all_alpha,True,,,,,,,1.0,11.0,,
4001,E0_R,native128,P_bal,mlp32,native,1.0,,final_all_alpha,True,,,,,,,10.0,11.0,,
4002,E0_R,native128,P_bal,mlp32,native,2.0,0.0,inner,True,,,,,,,0.01,11.0,,
4003,E0_R,native128,P_bal,mlp32,native,2.0,0.0,inner,True,,,,,,,0.1,11.0,,
4004,E0_R,native128,P_bal,mlp32,native,2.0,0.0,inner,True,,,,,,,1.0,11.0,,
4005,E0_R,native128,P_bal,mlp32,native,2.0,0.0,inner,True,,,,,,,10.0,11.0,,
4006,E0_R,native128,P_bal,mlp32,native,2.0,1.0,inner,True,,,,,,,0.01,11.0,,
4007,E0_R,native128,P_bal,mlp32,native,2.0,1.0,inner,True,,,,,,,0.1,11.0,,
4008,E0_R,native128,P_bal,mlp32,native,2.0,1.0,inner,True,,,,,,,1.0,11.0,,
4009,E0_R,native128,P_bal,mlp32,native,2.0,1.0,inner,True,,,,,,,10.0,11.0,,
4010,E0_R,native128,P_bal,mlp32,native,2.0,2.0,inner,True,,,,,,,0.01,11.0,,
4011,E0_R,native128,P_bal,mlp32,native,2.0,2.0,inner,True,,,,,,,0.1,11.0,,
4012,E0_R,native128,P_bal,mlp32,native,2.0,2.0,inner,True,,,,,,,1.0,11.0,,
4013,E0_R,native128,P_bal,mlp32,native,2.0,2.0,inner,True,,,,,,,10.0,11.0,,
4014,E0_R,native128,P_bal,mlp32,native,2.0,,final_all_alpha,True,,,,,,,0.01,11.0,,
4015,E0_R,native128,P_bal,mlp32,native,2.0,,final_all_alpha,True,,,,,,,0.1,11.0,,
4016,E0_R,native128,P_bal,mlp32,native,2.0,,final_all_alpha,True,,,,,,,1.0,11.0,,
4017,E0_R,native128,P_bal,mlp32,native,2.0,,final_all_alpha,True,,,,,,,10.0,11.0,,
4018,E0_R,native128,P_bal,mlp32,native,3.0,0.0,inner,True,,,,,,,0.01,11.0,,
4019,E0_R,native128,P_bal,mlp32,native,3.0,0.0,inner,True,,,,,,,0.1,11.0,,
4020,E0_R,native128,P_bal,mlp32,native,3.0,0.0,inner,True,,,,,,,1.0,11.0,,
4021,E0_R,native128,P_bal,mlp32,native,3.0,0.0,inner,True,,,,,,,10.0,11.0,,
4022,E0_R,native128,P_bal,mlp32,native,3.0,1.0,inner,True,,,,,,,0.01,11.0,,
4023,E0_R,native128,P_bal,mlp32,native,3.0,1.0,inner,True,,,,,,,0.1,11.0,,
4024,E0_R,native128,P_bal,mlp32,native,3.0,1.0,inner,True,,,,,,,1.0,11.0,,
4025,E0_R,native128,P_bal,mlp32,native,3.0,1.0,inner,True,,,,,,,10.0,11.0,,
4026,E0_R,native128,P_bal,mlp32,native,3.0,2.0,inner,True,,,,,,,0.01,11.0,,
4027,E0_R,native128,P_bal,mlp32,native,3.0,2.0,inner,True,,,,,,,0.1,11.0,,
4028,E0_R,native128,P_bal,mlp32,native,3.0,2.0,inner,True,,,,,,,1.0,11.0,,
4029,E0_R,native128,P_bal,mlp32,native,3.0,2.0,inner,True,,,,,,,10.0,11.0,,
4030,E0_R,native128,P_bal,mlp32,native,3.0,,final_all_alpha,True,,,,,,,0.01,11.0,,
4031,E0_R,native128,P_bal,mlp32,native,3.0,,final_all_alpha,True,,,,,,,0.1,11.0,,
4032,E0_R,native128,P_bal,mlp32,native,3.0,,final_all_alpha,True,,,,,,,1.0,11.0,,
4033,E0_R,native128,P_bal,mlp32,native,3.0,,final_all_alpha,True,,,,,,,10.0,11.0,,
4034,E0_R,native128,P_bal,mlp32,native,0.0,0.0,inner,True,,,,,,,0.01,12.0,,
4035,E0_R,native128,P_bal,mlp32,native,0.0,0.0,inner,True,,,,,,,0.1,12.0,,
4036,E0_R,native128,P_bal,mlp32,native,0.0,0.0,inner,True,,,,,,,1.0,12.0,,
4037,E0_R,native128,P_bal,mlp32,native,0.0,0.0,inner,True,,,,,,,10.0,12.0,,
4038,E0_R,native128,P_bal,mlp32,native,0.0,1.0,inner,True,,,,,,,0.01,12.0,,
4039,E0_R,native128,P_bal,mlp32,native,0.0,1.0,inner,True,,,,,,,0.1,12.0,,
4040,E0_R,native128,P_bal,mlp32,native,0.0,1.0,inner,True,,,,,,,1.0,12.0,,
4041,E0_R,native128,P_bal,mlp32,native,0.0,1.0,inner,True,,,,,,,10.0,12.0,,
4042,E0_R,native128,P_bal,mlp32,native,0.0,2.0,inner,True,,,,,,,0.01,12.0,,
4043,E0_R,native128,P_bal,mlp32,native,0.0,2.0,inner,True,,,,,,,0.1,12.0,,
4044,E0_R,native128,P_bal,mlp32,native,0.0,2.0,inner,True,,,,,,,1.0,12.0,,
4045,E0_R,native128,P_bal,mlp32,native,0.0,2.0,inner,True,,,,,,,10.0,12.0,,
4046,E0_R,native128,P_bal,mlp32,native,0.0,,final_all_alpha,True,,,,,,,0.01,12.0,,
4047,E0_R,native128,P_bal,mlp32,native,0.0,,final_all_alpha,True,,,,,,,0.1,12.0,,
4048,E0_R,native128,P_bal,mlp32,native,0.0,,final_all_alpha,True,,,,,,,1.0,12.0,,
4049,E0_R,native128,P_bal,mlp32,native,0.0,,final_all_alpha,True,,,,,,,10.0,12.0,,
4050,E0_R,native128,P_bal,mlp32,native,1.0,0.0,inner,True,,,,,,,0.01,12.0,,
4051,E0_R,native128,P_bal,mlp32,native,1.0,0.0,inner,True,,,,,,,0.1,12.0,,
4052,E0_R,native128,P_bal,mlp32,native,1.0,0.0,inner,True,,,,,,,1.0,12.0,,
4053,E0_R,native128,P_bal,mlp32,native,1.0,0.0,inner,True,,,,,,,10.0,12.0,,
4054,E0_R,native128,P_bal,mlp32,native,1.0,1.0,inner,True,,,,,,,0.01,12.0,,
4055,E0_R,native128,P_bal,mlp32,native,1.0,1.0,inner,True,,,,,,,0.1,12.0,,
4056,E0_R,native128,P_bal,mlp32,native,1.0,1.0,inner,True,,,,,,,1.0,12.0,,
4057,E0_R,native128,P_bal,mlp32,native,1.0,1.0,inner,True,,,,,,,10.0,12.0,,
4058,E0_R,native128,P_bal,mlp32,native,1.0,2.0,inner,True,,,,,,,0.01,12.0,,
4059,E0_R,native128,P_bal,mlp32,native,1.0,2.0,inner,True,,,,,,,0.1,12.0,,
4060,E0_R,native128,P_bal,mlp32,native,1.0,2.0,inner,True,,,,,,,1.0,12.0,,
4061,E0_R,native128,P_bal,mlp32,native,1.0,2.0,inner,True,,,,,,,10.0,12.0,,
4062,E0_R,native128,P_bal,mlp32,native,1.0,,final_all_alpha,True,,,,,,,0.01,12.0,,
4063,E0_R,native128,P_bal,mlp32,native,1.0,,final_all_alpha,True,,,,,,,0.1,12.0,,
4064,E0_R,native128,P_bal,mlp32,native,1.0,,final_all_alpha,True,,,,,,,1.0,12.0,,
4065,E0_R,native128,P_bal,mlp32,native,1.0,,final_all_alpha,True,,,,,,,10.0,12.0,,
4066,E0_R,native128,P_bal,mlp32,native,2.0,0.0,inner,True,,,,,,,0.01,12.0,,
4067,E0_R,native128,P_bal,mlp32,native,2.0,0.0,inner,True,,,,,,,0.1,12.0,,
4068,E0_R,native128,P_bal,mlp32,native,2.0,0.0,inner,True,,,,,,,1.0,12.0,,
4069,E0_R,native128,P_bal,mlp32,native,2.0,0.0,inner,True,,,,,,,10.0,12.0,,
4070,E0_R,native128,P_bal,mlp32,native,2.0,1.0,inner,True,,,,,,,0.01,12.0,,
4071,E0_R,native128,P_bal,mlp32,native,2.0,1.0,inner,True,,,,,,,0.1,12.0,,
4072,E0_R,native128,P_bal,mlp32,native,2.0,1.0,inner,True,,,,,,,1.0,12.0,,
4073,E0_R,native128,P_bal,mlp32,native,2.0,1.0,inner,True,,,,,,,10.0,12.0,,
4074,E0_R,native128,P_bal,mlp32,native,2.0,2.0,inner,True,,,,,,,0.01,12.0,,
4075,E0_R,native128,P_bal,mlp32,native,2.0,2.0,inner,True,,,,,,,0.1,12.0,,
4076,E0_R,native128,P_bal,mlp32,native,2.0,2.0,inner,True,,,,,,,1.0,12.0,,
4077,E0_R,native128,P_bal,mlp32,native,2.0,2.0,inner,True,,,,,,,10.0,12.0,,
4078,E0_R,native128,P_bal,mlp32,native,2.0,,final_all_alpha,True,,,,,,,0.01,12.0,,
4079,E0_R,native128,P_bal,mlp32,native,2.0,,final_all_alpha,True,,,,,,,0.1,12.0,,
4080,E0_R,native128,P_bal,mlp32,native,2.0,,final_all_alpha,True,,,,,,,1.0,12.0,,
4081,E0_R,native128,P_bal,mlp32,native,2.0,,final_all_alpha,True,,,,,,,10.0,12.0,,
4082,E0_R,native128,P_bal,mlp32,native,3.0,0.0,inner,True,,,,,,,0.01,12.0,,
4083,E0_R,native128,P_bal,mlp32,native,3.0,0.0,inner,True,,,,,,,0.1,12.0,,
4084,E0_R,native128,P_bal,mlp32,native,3.0,0.0,inner,True,,,,,,,1.0,12.0,,
4085,E0_R,native128,P_bal,mlp32,native,3.0,0.0,inner,True,,,,,,,10.0,12.0,,
4086,E0_R,native128,P_bal,mlp32,native,3.0,1.0,inner,True,,,,,,,0.01,12.0,,
4087,E0_R,native128,P_bal,mlp32,native,3.0,1.0,inner,True,,,,,,,0.1,12.0,,
4088,E0_R,native128,P_bal,mlp32,native,3.0,1.0,inner,True,,,,,,,1.0,12.0,,
4089,E0_R,native128,P_bal,mlp32,native,3.0,1.0,inner,True,,,,,,,10.0,12.0,,
4090,E0_R,native128,P_bal,mlp32,native,3.0,2.0,inner,True,,,,,,,0.01,12.0,,
4091,E0_R,native128,P_bal,mlp32,native,3.0,2.0,inner,True,,,,,,,0.1,12.0,,
4092,E0_R,native128,P_bal,mlp32,native,3.0,2.0,inner,True,,,,,,,1.0,12.0,,
4093,E0_R,native128,P_bal,mlp32,native,3.0,2.0,inner,True,,,,,,,10.0,12.0,,
4094,E0_R,native128,P_bal,mlp32,native,3.0,,final_all_alpha,True,,,,,,,0.01,12.0,,
4095,E0_R,native128,P_bal,mlp32,native,3.0,,final_all_alpha,True,,,,,,,0.1,12.0,,
4096,E0_R,native128,P_bal,mlp32,native,3.0,,final_all_alpha,True,,,,,,,1.0,12.0,,
4097,E0_R,native128,P_bal,mlp32,native,3.0,,final_all_alpha,True,,,,,,,10.0,12.0,,
4098,E0_R,native128,P_bal,mlp32,native,0.0,0.0,inner,True,,,,,,,0.01,13.0,,
4099,E0_R,native128,P_bal,mlp32,native,0.0,0.0,inner,True,,,,,,,0.1,13.0,,
4100,E0_R,native128,P_bal,mlp32,native,0.0,0.0,inner,True,,,,,,,1.0,13.0,,
4101,E0_R,native128,P_bal,mlp32,native,0.0,0.0,inner,True,,,,,,,10.0,13.0,,
4102,E0_R,native128,P_bal,mlp32,native,0.0,1.0,inner,True,,,,,,,0.01,13.0,,
4103,E0_R,native128,P_bal,mlp32,native,0.0,1.0,inner,True,,,,,,,0.1,13.0,,
4104,E0_R,native128,P_bal,mlp32,native,0.0,1.0,inner,True,,,,,,,1.0,13.0,,
4105,E0_R,native128,P_bal,mlp32,native,0.0,1.0,inner,True,,,,,,,10.0,13.0,,
4106,E0_R,native128,P_bal,mlp32,native,0.0,2.0,inner,True,,,,,,,0.01,13.0,,
4107,E0_R,native128,P_bal,mlp32,native,0.0,2.0,inner,True,,,,,,,0.1,13.0,,
4108,E0_R,native128,P_bal,mlp32,native,0.0,2.0,inner,True,,,,,,,1.0,13.0,,
4109,E0_R,native128,P_bal,mlp32,native,0.0,2.0,inner,True,,,,,,,10.0,13.0,,
4110,E0_R,native128,P_bal,mlp32,native,0.0,,final_all_alpha,True,,,,,,,0.01,13.0,,
4111,E0_R,native128,P_bal,mlp32,native,0.0,,final_all_alpha,True,,,,,,,0.1,13.0,,
4112,E0_R,native128,P_bal,mlp32,native,0.0,,final_all_alpha,True,,,,,,,1.0,13.0,,
4113,E0_R,native128,P_bal,mlp32,native,0.0,,final_all_alpha,True,,,,,,,10.0,13.0,,
4114,E0_R,native128,P_bal,mlp32,native,1.0,0.0,inner,True,,,,,,,0.01,13.0,,
4115,E0_R,native128,P_bal,mlp32,native,1.0,0.0,inner,True,,,,,,,0.1,13.0,,
4116,E0_R,native128,P_bal,mlp32,native,1.0,0.0,inner,True,,,,,,,1.0,13.0,,
4117,E0_R,native128,P_bal,mlp32,native,1.0,0.0,inner,True,,,,,,,10.0,13.0,,
4118,E0_R,native128,P_bal,mlp32,native,1.0,1.0,inner,True,,,,,,,0.01,13.0,,
4119,E0_R,native128,P_bal,mlp32,native,1.0,1.0,inner,True,,,,,,,0.1,13.0,,
4120,E0_R,native128,P_bal,mlp32,native,1.0,1.0,inner,True,,,,,,,1.0,13.0,,
4121,E0_R,native128,P_bal,mlp32,native,1.0,1.0,inner,True,,,,,,,10.0,13.0,,
4122,E0_R,native128,P_bal,mlp32,native,1.0,2.0,inner,True,,,,,,,0.01,13.0,,
4123,E0_R,native128,P_bal,mlp32,native,1.0,2.0,inner,True,,,,,,,0.1,13.0,,
4124,E0_R,native128,P_bal,mlp32,native,1.0,2.0,inner,True,,,,,,,1.0,13.0,,
4125,E0_R,native128,P_bal,mlp32,native,1.0,2.0,inner,True,,,,,,,10.0,13.0,,
4126,E0_R,native128,P_bal,mlp32,native,1.0,,final_all_alpha,True,,,,,,,0.01,13.0,,
4127,E0_R,native128,P_bal,mlp32,native,1.0,,final_all_alpha,True,,,,,,,0.1,13.0,,
4128,E0_R,native128,P_bal,mlp32,native,1.0,,final_all_alpha,True,,,,,,,1.0,13.0,,
4129,E0_R,native128,P_bal,mlp32,native,1.0,,final_all_alpha,True,,,,,,,10.0,13.0,,
4130,E0_R,native128,P_bal,mlp32,native,2.0,0.0,inner,True,,,,,,,0.01,13.0,,
4131,E0_R,native128,P_bal,mlp32,native,2.0,0.0,inner,True,,,,,,,0.1,13.0,,
4132,E0_R,native128,P_bal,mlp32,native,2.0,0.0,inner,True,,,,,,,1.0,13.0,,
4133,E0_R,native128,P_bal,mlp32,native,2.0,0.0,inner,True,,,,,,,10.0,13.0,,
4134,E0_R,native128,P_bal,mlp32,native,2.0,1.0,inner,True,,,,,,,0.01,13.0,,
4135,E0_R,native128,P_bal,mlp32,native,2.0,1.0,inner,True,,,,,,,0.1,13.0,,
4136,E0_R,native128,P_bal,mlp32,native,2.0,1.0,inner,True,,,,,,,1.0,13.0,,
4137,E0_R,native128,P_bal,mlp32,native,2.0,1.0,inner,True,,,,,,,10.0,13.0,,
4138,E0_R,native128,P_bal,mlp32,native,2.0,2.0,inner,True,,,,,,,0.01,13.0,,
4139,E0_R,native128,P_bal,mlp32,native,2.0,2.0,inner,True,,,,,,,0.1,13.0,,
4140,E0_R,native128,P_bal,mlp32,native,2.0,2.0,inner,True,,,,,,,1.0,13.0,,
4141,E0_R,native128,P_bal,mlp32,native,2.0,2.0,inner,True,,,,,,,10.0,13.0,,
4142,E0_R,native128,P_bal,mlp32,native,2.0,,final_all_alpha,True,,,,,,,0.01,13.0,,
4143,E0_R,native128,P_bal,mlp32,native,2.0,,final_all_alpha,True,,,,,,,0.1,13.0,,
4144,E0_R,native128,P_bal,mlp32,native,2.0,,final_all_alpha,True,,,,,,,1.0,13.0,,
4145,E0_R,native128,P_bal,mlp32,native,2.0,,final_all_alpha,True,,,,,,,10.0,13.0,,
4146,E0_R,native128,P_bal,mlp32,native,3.0,0.0,inner,True,,,,,,,0.01,13.0,,
4147,E0_R,native128,P_bal,mlp32,native,3.0,0.0,inner,True,,,,,,,0.1,13.0,,
4148,E0_R,native128,P_bal,mlp32,native,3.0,0.0,inner,True,,,,,,,1.0,13.0,,
4149,E0_R,native128,P_bal,mlp32,native,3.0,0.0,inner,True,,,,,,,10.0,13.0,,
4150,E0_R,native128,P_bal,mlp32,native,3.0,1.0,inner,True,,,,,,,0.01,13.0,,
4151,E0_R,native128,P_bal,mlp32,native,3.0,1.0,inner,True,,,,,,,0.1,13.0,,
4152,E0_R,native128,P_bal,mlp32,native,3.0,1.0,inner,True,,,,,,,1.0,13.0,,
4153,E0_R,native128,P_bal,mlp32,native,3.0,1.0,inner,True,,,,,,,10.0,13.0,,
4154,E0_R,native128,P_bal,mlp32,native,3.0,2.0,inner,True,,,,,,,0.01,13.0,,
4155,E0_R,native128,P_bal,mlp32,native,3.0,2.0,inner,True,,,,,,,0.1,13.0,,
4156,E0_R,native128,P_bal,mlp32,native,3.0,2.0,inner,True,,,,,,,1.0,13.0,,
4157,E0_R,native128,P_bal,mlp32,native,3.0,2.0,inner,True,,,,,,,10.0,13.0,,
4158,E0_R,native128,P_bal,mlp32,native,3.0,,final_all_alpha,True,,,,,,,0.01,13.0,,
4159,E0_R,native128,P_bal,mlp32,native,3.0,,final_all_alpha,True,,,,,,,0.1,13.0,,
4160,E0_R,native128,P_bal,mlp32,native,3.0,,final_all_alpha,True,,,,,,,1.0,13.0,,
4161,E0_R,native128,P_bal,mlp32,native,3.0,,final_all_alpha,True,,,,,,,10.0,13.0,,
4162,E0_R,native128,P_bal,mlp32,native,0.0,0.0,inner,True,,,,,,,0.01,14.0,,
4163,E0_R,native128,P_bal,mlp32,native,0.0,0.0,inner,True,,,,,,,0.1,14.0,,
4164,E0_R,native128,P_bal,mlp32,native,0.0,0.0,inner,True,,,,,,,1.0,14.0,,
4165,E0_R,native128,P_bal,mlp32,native,0.0,0.0,inner,True,,,,,,,10.0,14.0,,
4166,E0_R,native128,P_bal,mlp32,native,0.0,1.0,inner,True,,,,,,,0.01,14.0,,
4167,E0_R,native128,P_bal,mlp32,native,0.0,1.0,inner,True,,,,,,,0.1,14.0,,
4168,E0_R,native128,P_bal,mlp32,native,0.0,1.0,inner,True,,,,,,,1.0,14.0,,
4169,E0_R,native128,P_bal,mlp32,native,0.0,1.0,inner,True,,,,,,,10.0,14.0,,
4170,E0_R,native128,P_bal,mlp32,native,0.0,2.0,inner,True,,,,,,,0.01,14.0,,
4171,E0_R,native128,P_bal,mlp32,native,0.0,2.0,inner,True,,,,,,,0.1,14.0,,
4172,E0_R,native128,P_bal,mlp32,native,0.0,2.0,inner,True,,,,,,,1.0,14.0,,
4173,E0_R,native128,P_bal,mlp32,native,0.0,2.0,inner,True,,,,,,,10.0,14.0,,
4174,E0_R,native128,P_bal,mlp32,native,0.0,,final_all_alpha,True,,,,,,,0.01,14.0,,
4175,E0_R,native128,P_bal,mlp32,native,0.0,,final_all_alpha,True,,,,,,,0.1,14.0,,
4176,E0_R,native128,P_bal,mlp32,native,0.0,,final_all_alpha,True,,,,,,,1.0,14.0,,
4177,E0_R,native128,P_bal,mlp32,native,0.0,,final_all_alpha,True,,,,,,,10.0,14.0,,
4178,E0_R,native128,P_bal,mlp32,native,1.0,0.0,inner,True,,,,,,,0.01,14.0,,
4179,E0_R,native128,P_bal,mlp32,native,1.0,0.0,inner,True,,,,,,,0.1,14.0,,
4180,E0_R,native128,P_bal,mlp32,native,1.0,0.0,inner,True,,,,,,,1.0,14.0,,
4181,E0_R,native128,P_bal,mlp32,native,1.0,0.0,inner,True,,,,,,,10.0,14.0,,
4182,E0_R,native128,P_bal,mlp32,native,1.0,1.0,inner,True,,,,,,,0.01,14.0,,
4183,E0_R,native128,P_bal,mlp32,native,1.0,1.0,inner,True,,,,,,,0.1,14.0,,
4184,E0_R,native128,P_bal,mlp32,native,1.0,1.0,inner,True,,,,,,,1.0,14.0,,
4185,E0_R,native128,P_bal,mlp32,native,1.0,1.0,inner,True,,,,,,,10.0,14.0,,
4186,E0_R,native128,P_bal,mlp32,native,1.0,2.0,inner,True,,,,,,,0.01,14.0,,
4187,E0_R,native128,P_bal,mlp32,native,1.0,2.0,inner,True,,,,,,,0.1,14.0,,
4188,E0_R,native128,P_bal,mlp32,native,1.0,2.0,inner,True,,,,,,,1.0,14.0,,
4189,E0_R,native128,P_bal,mlp32,native,1.0,2.0,inner,True,,,,,,,10.0,14.0,,
4190,E0_R,native128,P_bal,mlp32,native,1.0,,final_all_alpha,True,,,,,,,0.01,14.0,,
4191,E0_R,native128,P_bal,mlp32,native,1.0,,final_all_alpha,True,,,,,,,0.1,14.0,,
4192,E0_R,native128,P_bal,mlp32,native,1.0,,final_all_alpha,True,,,,,,,1.0,14.0,,
4193,E0_R,native128,P_bal,mlp32,native,1.0,,final_all_alpha,True,,,,,,,10.0,14.0,,
4194,E0_R,native128,P_bal,mlp32,native,2.0,0.0,inner,True,,,,,,,0.01,14.0,,
4195,E0_R,native128,P_bal,mlp32,native,2.0,0.0,inner,True,,,,,,,0.1,14.0,,
4196,E0_R,native128,P_bal,mlp32,native,2.0,0.0,inner,True,,,,,,,1.0,14.0,,
4197,E0_R,native128,P_bal,mlp32,native,2.0,0.0,inner,True,,,,,,,10.0,14.0,,
4198,E0_R,native128,P_bal,mlp32,native,2.0,1.0,inner,True,,,,,,,0.01,14.0,,
4199,E0_R,native128,P_bal,mlp32,native,2.0,1.0,inner,True,,,,,,,0.1,14.0,,
4200,E0_R,native128,P_bal,mlp32,native,2.0,1.0,inner,True,,,,,,,1.0,14.0,,
4201,E0_R,native128,P_bal,mlp32,native,2.0,1.0,inner,True,,,,,,,10.0,14.0,,
4202,E0_R,native128,P_bal,mlp32,native,2.0,2.0,inner,True,,,,,,,0.01,14.0,,
4203,E0_R,native128,P_bal,mlp32,native,2.0,2.0,inner,True,,,,,,,0.1,14.0,,
4204,E0_R,native128,P_bal,mlp32,native,2.0,2.0,inner,True,,,,,,,1.0,14.0,,
4205,E0_R,native128,P_bal,mlp32,native,2.0,2.0,inner,True,,,,,,,10.0,14.0,,
4206,E0_R,native128,P_bal,mlp32,native,2.0,,final_all_alpha,True,,,,,,,0.01,14.0,,
4207,E0_R,native128,P_bal,mlp32,native,2.0,,final_all_alpha,True,,,,,,,0.1,14.0,,
4208,E0_R,native128,P_bal,mlp32,native,2.0,,final_all_alpha,True,,,,,,,1.0,14.0,,
4209,E0_R,native128,P_bal,mlp32,native,2.0,,final_all_alpha,True,,,,,,,10.0,14.0,,
4210,E0_R,native128,P_bal,mlp32,native,3.0,0.0,inner,True,,,,,,,0.01,14.0,,
4211,E0_R,native128,P_bal,mlp32,native,3.0,0.0,inner,True,,,,,,,0.1,14.0,,
4212,E0_R,native128,P_bal,mlp32,native,3.0,0.0,inner,True,,,,,,,1.0,14.0,,
4213,E0_R,native128,P_bal,mlp32,native,3.0,0.0,inner,True,,,,,,,10.0,14.0,,
4214,E0_R,native128,P_bal,mlp32,native,3.0,1.0,inner,True,,,,,,,0.01,14.0,,
4215,E0_R,native128,P_bal,mlp32,native,3.0,1.0,inner,True,,,,,,,0.1,14.0,,
4216,E0_R,native128,P_bal,mlp32,native,3.0,1.0,inner,True,,,,,,,1.0,14.0,,
4217,E0_R,native128,P_bal,mlp32,native,3.0,1.0,inner,True,,,,,,,10.0,14.0,,
4218,E0_R,native128,P_bal,mlp32,native,3.0,2.0,inner,True,,,,,,,0.01,14.0,,
4219,E0_R,native128,P_bal,mlp32,native,3.0,2.0,inner,True,,,,,,,0.1,14.0,,
4220,E0_R,native128,P_bal,mlp32,native,3.0,2.0,inner,True,,,,,,,1.0,14.0,,
4221,E0_R,native128,P_bal,mlp32,native,3.0,2.0,inner,True,,,,,,,10.0,14.0,,
4222,E0_R,native128,P_bal,mlp32,native,3.0,,final_all_alpha,True,,,,,,,0.01,14.0,,
4223,E0_R,native128,P_bal,mlp32,native,3.0,,final_all_alpha,True,,,,,,,0.1,14.0,,
4224,E0_R,native128,P_bal,mlp32,native,3.0,,final_all_alpha,True,,,,,,,1.0,14.0,,
4225,E0_R,native128,P_bal,mlp32,native,3.0,,final_all_alpha,True,,,,,,,10.0,14.0,,
4226,E0_R,native128,P_bal,mlp32,native,0.0,0.0,inner,True,,,,,,,0.01,15.0,,
4227,E0_R,native128,P_bal,mlp32,native,0.0,0.0,inner,True,,,,,,,0.1,15.0,,
4228,E0_R,native128,P_bal,mlp32,native,0.0,0.0,inner,True,,,,,,,1.0,15.0,,
4229,E0_R,native128,P_bal,mlp32,native,0.0,0.0,inner,True,,,,,,,10.0,15.0,,
4230,E0_R,native128,P_bal,mlp32,native,0.0,1.0,inner,True,,,,,,,0.01,15.0,,
4231,E0_R,native128,P_bal,mlp32,native,0.0,1.0,inner,True,,,,,,,0.1,15.0,,
4232,E0_R,native128,P_bal,mlp32,native,0.0,1.0,inner,True,,,,,,,1.0,15.0,,
4233,E0_R,native128,P_bal,mlp32,native,0.0,1.0,inner,True,,,,,,,10.0,15.0,,
4234,E0_R,native128,P_bal,mlp32,native,0.0,2.0,inner,True,,,,,,,0.01,15.0,,
4235,E0_R,native128,P_bal,mlp32,native,0.0,2.0,inner,True,,,,,,,0.1,15.0,,
4236,E0_R,native128,P_bal,mlp32,native,0.0,2.0,inner,True,,,,,,,1.0,15.0,,
4237,E0_R,native128,P_bal,mlp32,native,0.0,2.0,inner,True,,,,,,,10.0,15.0,,
4238,E0_R,native128,P_bal,mlp32,native,0.0,,final_all_alpha,True,,,,,,,0.01,15.0,,
4239,E0_R,native128,P_bal,mlp32,native,0.0,,final_all_alpha,True,,,,,,,0.1,15.0,,
4240,E0_R,native128,P_bal,mlp32,native,0.0,,final_all_alpha,True,,,,,,,1.0,15.0,,
4241,E0_R,native128,P_bal,mlp32,native,0.0,,final_all_alpha,True,,,,,,,10.0,15.0,,
4242,E0_R,native128,P_bal,mlp32,native,1.0,0.0,inner,True,,,,,,,0.01,15.0,,
4243,E0_R,native128,P_bal,mlp32,native,1.0,0.0,inner,True,,,,,,,0.1,15.0,,
4244,E0_R,native128,P_bal,mlp32,native,1.0,0.0,inner,True,,,,,,,1.0,15.0,,
4245,E0_R,native128,P_bal,mlp32,native,1.0,0.0,inner,True,,,,,,,10.0,15.0,,
4246,E0_R,native128,P_bal,mlp32,native,1.0,1.0,inner,True,,,,,,,0.01,15.0,,
4247,E0_R,native128,P_bal,mlp32,native,1.0,1.0,inner,True,,,,,,,0.1,15.0,,
4248,E0_R,native128,P_bal,mlp32,native,1.0,1.0,inner,True,,,,,,,1.0,15.0,,
4249,E0_R,native128,P_bal,mlp32,native,1.0,1.0,inner,True,,,,,,,10.0,15.0,,
4250,E0_R,native128,P_bal,mlp32,native,1.0,2.0,inner,True,,,,,,,0.01,15.0,,
4251,E0_R,native128,P_bal,mlp32,native,1.0,2.0,inner,True,,,,,,,0.1,15.0,,
4252,E0_R,native128,P_bal,mlp32,native,1.0,2.0,inner,True,,,,,,,1.0,15.0,,
4253,E0_R,native128,P_bal,mlp32,native,1.0,2.0,inner,True,,,,,,,10.0,15.0,,
4254,E0_R,native128,P_bal,mlp32,native,1.0,,final_all_alpha,True,,,,,,,0.01,15.0,,
4255,E0_R,native128,P_bal,mlp32,native,1.0,,final_all_alpha,True,,,,,,,0.1,15.0,,
4256,E0_R,native128,P_bal,mlp32,native,1.0,,final_all_alpha,True,,,,,,,1.0,15.0,,
4257,E0_R,native128,P_bal,mlp32,native,1.0,,final_all_alpha,True,,,,,,,10.0,15.0,,
4258,E0_R,native128,P_bal,mlp32,native,2.0,0.0,inner,True,,,,,,,0.01,15.0,,
4259,E0_R,native128,P_bal,mlp32,native,2.0,0.0,inner,True,,,,,,,0.1,15.0,,
4260,E0_R,native128,P_bal,mlp32,native,2.0,0.0,inner,True,,,,,,,1.0,15.0,,
4261,E0_R,native128,P_bal,mlp32,native,2.0,0.0,inner,True,,,,,,,10.0,15.0,,
4262,E0_R,native128,P_bal,mlp32,native,2.0,1.0,inner,True,,,,,,,0.01,15.0,,
4263,E0_R,native128,P_bal,mlp32,native,2.0,1.0,inner,True,,,,,,,0.1,15.0,,
4264,E0_R,native128,P_bal,mlp32,native,2.0,1.0,inner,True,,,,,,,1.0,15.0,,
4265,E0_R,native128,P_bal,mlp32,native,2.0,1.0,inner,True,,,,,,,10.0,15.0,,
4266,E0_R,native128,P_bal,mlp32,native,2.0,2.0,inner,True,,,,,,,0.01,15.0,,
4267,E0_R,native128,P_bal,mlp32,native,2.0,2.0,inner,True,,,,,,,0.1,15.0,,
4268,E0_R,native128,P_bal,mlp32,native,2.0,2.0,inner,True,,,,,,,1.0,15.0,,
4269,E0_R,native128,P_bal,mlp32,native,2.0,2.0,inner,True,,,,,,,10.0,15.0,,
4270,E0_R,native128,P_bal,mlp32,native,2.0,,final_all_alpha,True,,,,,,,0.01,15.0,,
4271,E0_R,native128,P_bal,mlp32,native,2.0,,final_all_alpha,True,,,,,,,0.1,15.0,,
4272,E0_R,native128,P_bal,mlp32,native,2.0,,final_all_alpha,True,,,,,,,1.0,15.0,,
4273,E0_R,native128,P_bal,mlp32,native,2.0,,final_all_alpha,True,,,,,,,10.0,15.0,,
4274,E0_R,native128,P_bal,mlp32,native,3.0,0.0,inner,True,,,,,,,0.01,15.0,,
4275,E0_R,native128,P_bal,mlp32,native,3.0,0.0,inner,True,,,,,,,0.1,15.0,,
4276,E0_R,native128,P_bal,mlp32,native,3.0,0.0,inner,True,,,,,,,1.0,15.0,,
4277,E0_R,native128,P_bal,mlp32,native,3.0,0.0,inner,True,,,,,,,10.0,15.0,,
4278,E0_R,native128,P_bal,mlp32,native,3.0,1.0,inner,True,,,,,,,0.01,15.0,,
4279,E0_R,native128,P_bal,mlp32,native,3.0,1.0,inner,True,,,,,,,0.1,15.0,,
4280,E0_R,native128,P_bal,mlp32,native,3.0,1.0,inner,True,,,,,,,1.0,15.0,,
4281,E0_R,native128,P_bal,mlp32,native,3.0,1.0,inner,True,,,,,,,10.0,15.0,,
4282,E0_R,native128,P_bal,mlp32,native,3.0,2.0,inner,True,,,,,,,0.01,15.0,,
4283,E0_R,native128,P_bal,mlp32,native,3.0,2.0,inner,True,,,,,,,0.1,15.0,,
4284,E0_R,native128,P_bal,mlp32,native,3.0,2.0,inner,True,,,,,,,1.0,15.0,,
4285,E0_R,native128,P_bal,mlp32,native,3.0,2.0,inner,True,,,,,,,10.0,15.0,,
4286,E0_R,native128,P_bal,mlp32,native,3.0,,final_all_alpha,True,,,,,,,0.01,15.0,,
4287,E0_R,native128,P_bal,mlp32,native,3.0,,final_all_alpha,True,,,,,,,0.1,15.0,,
4288,E0_R,native128,P_bal,mlp32,native,3.0,,final_all_alpha,True,,,,,,,1.0,15.0,,
4289,E0_R,native128,P_bal,mlp32,native,3.0,,final_all_alpha,True,,,,,,,10.0,15.0,,
4290,C2_S,L0,P_bal,logistic,S0,0.0,0.0,inner,False,,0.01,,,,,,,,
4291,C2_S,L0,P_bal,logistic,S0,0.0,0.0,inner,False,,0.1,,,,,,,,
4292,C2_S,L0,P_bal,logistic,S0,0.0,0.0,inner,False,,1.0,,,,,,,,
4293,C2_S,L0,P_bal,logistic,S0,0.0,0.0,inner,False,,10.0,,,,,,,,
4294,C2_S,L0,P_bal,logistic,S0,0.0,1.0,inner,False,,0.01,,,,,,,,
4295,C2_S,L0,P_bal,logistic,S0,0.0,1.0,inner,False,,0.1,,,,,,,,
4296,C2_S,L0,P_bal,logistic,S0,0.0,1.0,inner,False,,1.0,,,,,,,,
4297,C2_S,L0,P_bal,logistic,S0,0.0,1.0,inner,False,,10.0,,,,,,,,
4298,C2_S,L0,P_bal,logistic,S0,0.0,2.0,inner,False,,0.01,,,,,,,,
4299,C2_S,L0,P_bal,logistic,S0,0.0,2.0,inner,False,,0.1,,,,,,,,
4300,C2_S,L0,P_bal,logistic,S0,0.0,2.0,inner,False,,1.0,,,,,,,,
4301,C2_S,L0,P_bal,logistic,S0,0.0,2.0,inner,False,,10.0,,,,,,,,
4302,C2_S,L0,P_bal,logistic,S0,0.0,,final_selected_C,False,,,,,,,,,,
4303,C2_S,L0,P_bal,logistic,S1,0.0,0.0,inner,False,,0.01,,,,,,,,
4304,C2_S,L0,P_bal,logistic,S1,0.0,0.0,inner,False,,0.1,,,,,,,,
4305,C2_S,L0,P_bal,logistic,S1,0.0,0.0,inner,False,,1.0,,,,,,,,
4306,C2_S,L0,P_bal,logistic,S1,0.0,0.0,inner,False,,10.0,,,,,,,,
4307,C2_S,L0,P_bal,logistic,S1,0.0,1.0,inner,False,,0.01,,,,,,,,
4308,C2_S,L0,P_bal,logistic,S1,0.0,1.0,inner,False,,0.1,,,,,,,,
4309,C2_S,L0,P_bal,logistic,S1,0.0,1.0,inner,False,,1.0,,,,,,,,
4310,C2_S,L0,P_bal,logistic,S1,0.0,1.0,inner,False,,10.0,,,,,,,,
4311,C2_S,L0,P_bal,logistic,S1,0.0,2.0,inner,False,,0.01,,,,,,,,
4312,C2_S,L0,P_bal,logistic,S1,0.0,2.0,inner,False,,0.1,,,,,,,,
4313,C2_S,L0,P_bal,logistic,S1,0.0,2.0,inner,False,,1.0,,,,,,,,
4314,C2_S,L0,P_bal,logistic,S1,0.0,2.0,inner,False,,10.0,,,,,,,,
4315,C2_S,L0,P_bal,logistic,S1,0.0,,final_selected_C,False,,,,,,,,,,
4316,C2_S,L0,P_bal,logistic,S2,0.0,0.0,inner,False,,0.01,,,,,,,,
4317,C2_S,L0,P_bal,logistic,S2,0.0,0.0,inner,False,,0.1,,,,,,,,
4318,C2_S,L0,P_bal,logistic,S2,0.0,0.0,inner,False,,1.0,,,,,,,,
4319,C2_S,L0,P_bal,logistic,S2,0.0,0.0,inner,False,,10.0,,,,,,,,
4320,C2_S,L0,P_bal,logistic,S2,0.0,1.0,inner,False,,0.01,,,,,,,,
4321,C2_S,L0,P_bal,logistic,S2,0.0,1.0,inner,False,,0.1,,,,,,,,
4322,C2_S,L0,P_bal,logistic,S2,0.0,1.0,inner,False,,1.0,,,,,,,,
4323,C2_S,L0,P_bal,logistic,S2,0.0,1.0,inner,False,,10.0,,,,,,,,
4324,C2_S,L0,P_bal,logistic,S2,0.0,2.0,inner,False,,0.01,,,,,,,,
4325,C2_S,L0,P_bal,logistic,S2,0.0,2.0,inner,False,,0.1,,,,,,,,
4326,C2_S,L0,P_bal,logistic,S2,0.0,2.0,inner,False,,1.0,,,,,,,,
4327,C2_S,L0,P_bal,logistic,S2,0.0,2.0,inner,False,,10.0,,,,,,,,
4328,C2_S,L0,P_bal,logistic,S2,0.0,,final_selected_C,False,,,,,,,,,,
4329,C2_S,L0,P_bal,logistic,FULL20,0.0,0.0,inner,False,,0.01,,,,,,,,
4330,C2_S,L0,P_bal,logistic,FULL20,0.0,0.0,inner,False,,0.1,,,,,,,,
4331,C2_S,L0,P_bal,logistic,FULL20,0.0,0.0,inner,False,,1.0,,,,,,,,
4332,C2_S,L0,P_bal,logistic,FULL20,0.0,0.0,inner,False,,10.0,,,,,,,,
4333,C2_S,L0,P_bal,logistic,FULL20,0.0,1.0,inner,False,,0.01,,,,,,,,
4334,C2_S,L0,P_bal,logistic,FULL20,0.0,1.0,inner,False,,0.1,,,,,,,,
4335,C2_S,L0,P_bal,logistic,FULL20,0.0,1.0,inner,False,,1.0,,,,,,,,
4336,C2_S,L0,P_bal,logistic,FULL20,0.0,1.0,inner,False,,10.0,,,,,,,,
4337,C2_S,L0,P_bal,logistic,FULL20,0.0,2.0,inner,False,,0.01,,,,,,,,
4338,C2_S,L0,P_bal,logistic,FULL20,0.0,2.0,inner,False,,0.1,,,,,,,,
4339,C2_S,L0,P_bal,logistic,FULL20,0.0,2.0,inner,False,,1.0,,,,,,,,
4340,C2_S,L0,P_bal,logistic,FULL20,0.0,2.0,inner,False,,10.0,,,,,,,,
4341,C2_S,L0,P_bal,logistic,FULL20,0.0,,final_selected_C,False,,,,,,,,,,
4342,C2_S,L0,P_bal,logistic,S0_DUP_S1,0.0,0.0,inner,False,,0.01,,,,,,,,
4343,C2_S,L0,P_bal,logistic,S0_DUP_S1,0.0,0.0,inner,False,,0.1,,,,,,,,
4344,C2_S,L0,P_bal,logistic,S0_DUP_S1,0.0,0.0,inner,False,,1.0,,,,,,,,
4345,C2_S,L0,P_bal,logistic,S0_DUP_S1,0.0,0.0,inner,False,,10.0,,,,,,,,
4346,C2_S,L0,P_bal,logistic,S0_DUP_S1,0.0,1.0,inner,False,,0.01,,,,,,,,
4347,C2_S,L0,P_bal,logistic,S0_DUP_S1,0.0,1.0,inner,False,,0.1,,,,,,,,
4348,C2_S,L0,P_bal,logistic,S0_DUP_S1,0.0,1.0,inner,False,,1.0,,,,,,,,
4349,C2_S,L0,P_bal,logistic,S0_DUP_S1,0.0,1.0,inner,False,,10.0,,,,,,,,
4350,C2_S,L0,P_bal,logistic,S0_DUP_S1,0.0,2.0,inner,False,,0.01,,,,,,,,
4351,C2_S,L0,P_bal,logistic,S0_DUP_S1,0.0,2.0,inner,False,,0.1,,,,,,,,
4352,C2_S,L0,P_bal,logistic,S0_DUP_S1,0.0,2.0,inner,False,,1.0,,,,,,,,
4353,C2_S,L0,P_bal,logistic,S0_DUP_S1,0.0,2.0,inner,False,,10.0,,,,,,,,
4354,C2_S,L0,P_bal,logistic,S0_DUP_S1,0.0,,final_selected_C,False,,,,,,,,,,
4355,C2_S,L0,P_bal,logistic,S0_DUP_S2,0.0,0.0,inner,False,,0.01,,,,,,,,
4356,C2_S,L0,P_bal,logistic,S0_DUP_S2,0.0,0.0,inner,False,,0.1,,,,,,,,
4357,C2_S,L0,P_bal,logistic,S0_DUP_S2,0.0,0.0,inner,False,,1.0,,,,,,,,
4358,C2_S,L0,P_bal,logistic,S0_DUP_S2,0.0,0.0,inner,False,,10.0,,,,,,,,
4359,C2_S,L0,P_bal,logistic,S0_DUP_S2,0.0,1.0,inner,False,,0.01,,,,,,,,
4360,C2_S,L0,P_bal,logistic,S0_DUP_S2,0.0,1.0,inner,False,,0.1,,,,,,,,
4361,C2_S,L0,P_bal,logistic,S0_DUP_S2,0.0,1.0,inner,False,,1.0,,,,,,,,
4362,C2_S,L0,P_bal,logistic,S0_DUP_S2,0.0,1.0,inner,False,,10.0,,,,,,,,
4363,C2_S,L0,P_bal,logistic,S0_DUP_S2,0.0,2.0,inner,False,,0.01,,,,,,,,
4364,C2_S,L0,P_bal,logistic,S0_DUP_S2,0.0,2.0,inner,False,,0.1,,,,,,,,
4365,C2_S,L0,P_bal,logistic,S0_DUP_S2,0.0,2.0,inner,False,,1.0,,,,,,,,
4366,C2_S,L0,P_bal,logistic,S0_DUP_S2,0.0,2.0,inner,False,,10.0,,,,,,,,
4367,C2_S,L0,P_bal,logistic,S0_DUP_S2,0.0,,final_selected_C,False,,,,,,,,,,
4368,C2_S,L0,P_bal,logistic,S0,1.0,0.0,inner,False,,0.01,,,,,,,,
4369,C2_S,L0,P_bal,logistic,S0,1.0,0.0,inner,False,,0.1,,,,,,,,
4370,C2_S,L0,P_bal,logistic,S0,1.0,0.0,inner,False,,1.0,,,,,,,,
4371,C2_S,L0,P_bal,logistic,S0,1.0,0.0,inner,False,,10.0,,,,,,,,
4372,C2_S,L0,P_bal,logistic,S0,1.0,1.0,inner,False,,0.01,,,,,,,,
4373,C2_S,L0,P_bal,logistic,S0,1.0,1.0,inner,False,,0.1,,,,,,,,
4374,C2_S,L0,P_bal,logistic,S0,1.0,1.0,inner,False,,1.0,,,,,,,,
4375,C2_S,L0,P_bal,logistic,S0,1.0,1.0,inner,False,,10.0,,,,,,,,
4376,C2_S,L0,P_bal,logistic,S0,1.0,2.0,inner,False,,0.01,,,,,,,,
4377,C2_S,L0,P_bal,logistic,S0,1.0,2.0,inner,False,,0.1,,,,,,,,
4378,C2_S,L0,P_bal,logistic,S0,1.0,2.0,inner,False,,1.0,,,,,,,,
4379,C2_S,L0,P_bal,logistic,S0,1.0,2.0,inner,False,,10.0,,,,,,,,
4380,C2_S,L0,P_bal,logistic,S0,1.0,,final_selected_C,False,,,,,,,,,,
4381,C2_S,L0,P_bal,logistic,S1,1.0,0.0,inner,False,,0.01,,,,,,,,
4382,C2_S,L0,P_bal,logistic,S1,1.0,0.0,inner,False,,0.1,,,,,,,,
4383,C2_S,L0,P_bal,logistic,S1,1.0,0.0,inner,False,,1.0,,,,,,,,
4384,C2_S,L0,P_bal,logistic,S1,1.0,0.0,inner,False,,10.0,,,,,,,,
4385,C2_S,L0,P_bal,logistic,S1,1.0,1.0,inner,False,,0.01,,,,,,,,
4386,C2_S,L0,P_bal,logistic,S1,1.0,1.0,inner,False,,0.1,,,,,,,,
4387,C2_S,L0,P_bal,logistic,S1,1.0,1.0,inner,False,,1.0,,,,,,,,
4388,C2_S,L0,P_bal,logistic,S1,1.0,1.0,inner,False,,10.0,,,,,,,,
4389,C2_S,L0,P_bal,logistic,S1,1.0,2.0,inner,False,,0.01,,,,,,,,
4390,C2_S,L0,P_bal,logistic,S1,1.0,2.0,inner,False,,0.1,,,,,,,,
4391,C2_S,L0,P_bal,logistic,S1,1.0,2.0,inner,False,,1.0,,,,,,,,
4392,C2_S,L0,P_bal,logistic,S1,1.0,2.0,inner,False,,10.0,,,,,,,,
4393,C2_S,L0,P_bal,logistic,S1,1.0,,final_selected_C,False,,,,,,,,,,
4394,C2_S,L0,P_bal,logistic,S2,1.0,0.0,inner,False,,0.01,,,,,,,,
4395,C2_S,L0,P_bal,logistic,S2,1.0,0.0,inner,False,,0.1,,,,,,,,
4396,C2_S,L0,P_bal,logistic,S2,1.0,0.0,inner,False,,1.0,,,,,,,,
4397,C2_S,L0,P_bal,logistic,S2,1.0,0.0,inner,False,,10.0,,,,,,,,
4398,C2_S,L0,P_bal,logistic,S2,1.0,1.0,inner,False,,0.01,,,,,,,,
4399,C2_S,L0,P_bal,logistic,S2,1.0,1.0,inner,False,,0.1,,,,,,,,
4400,C2_S,L0,P_bal,logistic,S2,1.0,1.0,inner,False,,1.0,,,,,,,,
4401,C2_S,L0,P_bal,logistic,S2,1.0,1.0,inner,False,,10.0,,,,,,,,
4402,C2_S,L0,P_bal,logistic,S2,1.0,2.0,inner,False,,0.01,,,,,,,,
4403,C2_S,L0,P_bal,logistic,S2,1.0,2.0,inner,False,,0.1,,,,,,,,
4404,C2_S,L0,P_bal,logistic,S2,1.0,2.0,inner,False,,1.0,,,,,,,,
4405,C2_S,L0,P_bal,logistic,S2,1.0,2.0,inner,False,,10.0,,,,,,,,
4406,C2_S,L0,P_bal,logistic,S2,1.0,,final_selected_C,False,,,,,,,,,,
4407,C2_S,L0,P_bal,logistic,FULL20,1.0,0.0,inner,False,,0.01,,,,,,,,
4408,C2_S,L0,P_bal,logistic,FULL20,1.0,0.0,inner,False,,0.1,,,,,,,,
4409,C2_S,L0,P_bal,logistic,FULL20,1.0,0.0,inner,False,,1.0,,,,,,,,
4410,C2_S,L0,P_bal,logistic,FULL20,1.0,0.0,inner,False,,10.0,,,,,,,,
4411,C2_S,L0,P_bal,logistic,FULL20,1.0,1.0,inner,False,,0.01,,,,,,,,
4412,C2_S,L0,P_bal,logistic,FULL20,1.0,1.0,inner,False,,0.1,,,,,,,,
4413,C2_S,L0,P_bal,logistic,FULL20,1.0,1.0,inner,False,,1.0,,,,,,,,
4414,C2_S,L0,P_bal,logistic,FULL20,1.0,1.0,inner,False,,10.0,,,,,,,,
4415,C2_S,L0,P_bal,logistic,FULL20,1.0,2.0,inner,False,,0.01,,,,,,,,
4416,C2_S,L0,P_bal,logistic,FULL20,1.0,2.0,inner,False,,0.1,,,,,,,,
4417,C2_S,L0,P_bal,logistic,FULL20,1.0,2.0,inner,False,,1.0,,,,,,,,
4418,C2_S,L0,P_bal,logistic,FULL20,1.0,2.0,inner,False,,10.0,,,,,,,,
4419,C2_S,L0,P_bal,logistic,FULL20,1.0,,final_selected_C,False,,,,,,,,,,
4420,C2_S,L0,P_bal,logistic,S0_DUP_S1,1.0,0.0,inner,False,,0.01,,,,,,,,
4421,C2_S,L0,P_bal,logistic,S0_DUP_S1,1.0,0.0,inner,False,,0.1,,,,,,,,
4422,C2_S,L0,P_bal,logistic,S0_DUP_S1,1.0,0.0,inner,False,,1.0,,,,,,,,
4423,C2_S,L0,P_bal,logistic,S0_DUP_S1,1.0,0.0,inner,False,,10.0,,,,,,,,
4424,C2_S,L0,P_bal,logistic,S0_DUP_S1,1.0,1.0,inner,False,,0.01,,,,,,,,
4425,C2_S,L0,P_bal,logistic,S0_DUP_S1,1.0,1.0,inner,False,,0.1,,,,,,,,
4426,C2_S,L0,P_bal,logistic,S0_DUP_S1,1.0,1.0,inner,False,,1.0,,,,,,,,
4427,C2_S,L0,P_bal,logistic,S0_DUP_S1,1.0,1.0,inner,False,,10.0,,,,,,,,
4428,C2_S,L0,P_bal,logistic,S0_DUP_S1,1.0,2.0,inner,False,,0.01,,,,,,,,
4429,C2_S,L0,P_bal,logistic,S0_DUP_S1,1.0,2.0,inner,False,,0.1,,,,,,,,
4430,C2_S,L0,P_bal,logistic,S0_DUP_S1,1.0,2.0,inner,False,,1.0,,,,,,,,
4431,C2_S,L0,P_bal,logistic,S0_DUP_S1,1.0,2.0,inner,False,,10.0,,,,,,,,
4432,C2_S,L0,P_bal,logistic,S0_DUP_S1,1.0,,final_selected_C,False,,,,,,,,,,
4433,C2_S,L0,P_bal,logistic,S0_DUP_S2,1.0,0.0,inner,False,,0.01,,,,,,,,
4434,C2_S,L0,P_bal,logistic,S0_DUP_S2,1.0,0.0,inner,False,,0.1,,,,,,,,
4435,C2_S,L0,P_bal,logistic,S0_DUP_S2,1.0,0.0,inner,False,,1.0,,,,,,,,
4436,C2_S,L0,P_bal,logistic,S0_DUP_S2,1.0,0.0,inner,False,,10.0,,,,,,,,
4437,C2_S,L0,P_bal,logistic,S0_DUP_S2,1.0,1.0,inner,False,,0.01,,,,,,,,
4438,C2_S,L0,P_bal,logistic,S0_DUP_S2,1.0,1.0,inner,False,,0.1,,,,,,,,
4439,C2_S,L0,P_bal,logistic,S0_DUP_S2,1.0,1.0,inner,False,,1.0,,,,,,,,
4440,C2_S,L0,P_bal,logistic,S0_DUP_S2,1.0,1.0,inner,False,,10.0,,,,,,,,
4441,C2_S,L0,P_bal,logistic,S0_DUP_S2,1.0,2.0,inner,False,,0.01,,,,,,,,
4442,C2_S,L0,P_bal,logistic,S0_DUP_S2,1.0,2.0,inner,False,,0.1,,,,,,,,
4443,C2_S,L0,P_bal,logistic,S0_DUP_S2,1.0,2.0,inner,False,,1.0,,,,,,,,
4444,C2_S,L0,P_bal,logistic,S0_DUP_S2,1.0,2.0,inner,False,,10.0,,,,,,,,
4445,C2_S,L0,P_bal,logistic,S0_DUP_S2,1.0,,final_selected_C,False,,,,,,,,,,
4446,C2_S,L0,P_bal,logistic,S0,2.0,0.0,inner,False,,0.01,,,,,,,,
4447,C2_S,L0,P_bal,logistic,S0,2.0,0.0,inner,False,,0.1,,,,,,,,
4448,C2_S,L0,P_bal,logistic,S0,2.0,0.0,inner,False,,1.0,,,,,,,,
4449,C2_S,L0,P_bal,logistic,S0,2.0,0.0,inner,False,,10.0,,,,,,,,
4450,C2_S,L0,P_bal,logistic,S0,2.0,1.0,inner,False,,0.01,,,,,,,,
4451,C2_S,L0,P_bal,logistic,S0,2.0,1.0,inner,False,,0.1,,,,,,,,
4452,C2_S,L0,P_bal,logistic,S0,2.0,1.0,inner,False,,1.0,,,,,,,,
4453,C2_S,L0,P_bal,logistic,S0,2.0,1.0,inner,False,,10.0,,,,,,,,
4454,C2_S,L0,P_bal,logistic,S0,2.0,2.0,inner,False,,0.01,,,,,,,,
4455,C2_S,L0,P_bal,logistic,S0,2.0,2.0,inner,False,,0.1,,,,,,,,
4456,C2_S,L0,P_bal,logistic,S0,2.0,2.0,inner,False,,1.0,,,,,,,,
4457,C2_S,L0,P_bal,logistic,S0,2.0,2.0,inner,False,,10.0,,,,,,,,
4458,C2_S,L0,P_bal,logistic,S0,2.0,,final_selected_C,False,,,,,,,,,,
4459,C2_S,L0,P_bal,logistic,S1,2.0,0.0,inner,False,,0.01,,,,,,,,
4460,C2_S,L0,P_bal,logistic,S1,2.0,0.0,inner,False,,0.1,,,,,,,,
4461,C2_S,L0,P_bal,logistic,S1,2.0,0.0,inner,False,,1.0,,,,,,,,
4462,C2_S,L0,P_bal,logistic,S1,2.0,0.0,inner,False,,10.0,,,,,,,,
4463,C2_S,L0,P_bal,logistic,S1,2.0,1.0,inner,False,,0.01,,,,,,,,
4464,C2_S,L0,P_bal,logistic,S1,2.0,1.0,inner,False,,0.1,,,,,,,,
4465,C2_S,L0,P_bal,logistic,S1,2.0,1.0,inner,False,,1.0,,,,,,,,
4466,C2_S,L0,P_bal,logistic,S1,2.0,1.0,inner,False,,10.0,,,,,,,,
4467,C2_S,L0,P_bal,logistic,S1,2.0,2.0,inner,False,,0.01,,,,,,,,
4468,C2_S,L0,P_bal,logistic,S1,2.0,2.0,inner,False,,0.1,,,,,,,,
4469,C2_S,L0,P_bal,logistic,S1,2.0,2.0,inner,False,,1.0,,,,,,,,
4470,C2_S,L0,P_bal,logistic,S1,2.0,2.0,inner,False,,10.0,,,,,,,,
4471,C2_S,L0,P_bal,logistic,S1,2.0,,final_selected_C,False,,,,,,,,,,
4472,C2_S,L0,P_bal,logistic,S2,2.0,0.0,inner,False,,0.01,,,,,,,,
4473,C2_S,L0,P_bal,logistic,S2,2.0,0.0,inner,False,,0.1,,,,,,,,
4474,C2_S,L0,P_bal,logistic,S2,2.0,0.0,inner,False,,1.0,,,,,,,,
4475,C2_S,L0,P_bal,logistic,S2,2.0,0.0,inner,False,,10.0,,,,,,,,
4476,C2_S,L0,P_bal,logistic,S2,2.0,1.0,inner,False,,0.01,,,,,,,,
4477,C2_S,L0,P_bal,logistic,S2,2.0,1.0,inner,False,,0.1,,,,,,,,
4478,C2_S,L0,P_bal,logistic,S2,2.0,1.0,inner,False,,1.0,,,,,,,,
4479,C2_S,L0,P_bal,logistic,S2,2.0,1.0,inner,False,,10.0,,,,,,,,
4480,C2_S,L0,P_bal,logistic,S2,2.0,2.0,inner,False,,0.01,,,,,,,,
4481,C2_S,L0,P_bal,logistic,S2,2.0,2.0,inner,False,,0.1,,,,,,,,
4482,C2_S,L0,P_bal,logistic,S2,2.0,2.0,inner,False,,1.0,,,,,,,,
4483,C2_S,L0,P_bal,logistic,S2,2.0,2.0,inner,False,,10.0,,,,,,,,
4484,C2_S,L0,P_bal,logistic,S2,2.0,,final_selected_C,False,,,,,,,,,,
4485,C2_S,L0,P_bal,logistic,FULL20,2.0,0.0,inner,False,,0.01,,,,,,,,
4486,C2_S,L0,P_bal,logistic,FULL20,2.0,0.0,inner,False,,0.1,,,,,,,,
4487,C2_S,L0,P_bal,logistic,FULL20,2.0,0.0,inner,False,,1.0,,,,,,,,
4488,C2_S,L0,P_bal,logistic,FULL20,2.0,0.0,inner,False,,10.0,,,,,,,,
4489,C2_S,L0,P_bal,logistic,FULL20,2.0,1.0,inner,False,,0.01,,,,,,,,
4490,C2_S,L0,P_bal,logistic,FULL20,2.0,1.0,inner,False,,0.1,,,,,,,,
4491,C2_S,L0,P_bal,logistic,FULL20,2.0,1.0,inner,False,,1.0,,,,,,,,
4492,C2_S,L0,P_bal,logistic,FULL20,2.0,1.0,inner,False,,10.0,,,,,,,,
4493,C2_S,L0,P_bal,logistic,FULL20,2.0,2.0,inner,False,,0.01,,,,,,,,
4494,C2_S,L0,P_bal,logistic,FULL20,2.0,2.0,inner,False,,0.1,,,,,,,,
4495,C2_S,L0,P_bal,logistic,FULL20,2.0,2.0,inner,False,,1.0,,,,,,,,
4496,C2_S,L0,P_bal,logistic,FULL20,2.0,2.0,inner,False,,10.0,,,,,,,,
4497,C2_S,L0,P_bal,logistic,FULL20,2.0,,final_selected_C,False,,,,,,,,,,
4498,C2_S,L0,P_bal,logistic,S0_DUP_S1,2.0,0.0,inner,False,,0.01,,,,,,,,
4499,C2_S,L0,P_bal,logistic,S0_DUP_S1,2.0,0.0,inner,False,,0.1,,,,,,,,
4500,C2_S,L0,P_bal,logistic,S0_DUP_S1,2.0,0.0,inner,False,,1.0,,,,,,,,
4501,C2_S,L0,P_bal,logistic,S0_DUP_S1,2.0,0.0,inner,False,,10.0,,,,,,,,
4502,C2_S,L0,P_bal,logistic,S0_DUP_S1,2.0,1.0,inner,False,,0.01,,,,,,,,
4503,C2_S,L0,P_bal,logistic,S0_DUP_S1,2.0,1.0,inner,False,,0.1,,,,,,,,
4504,C2_S,L0,P_bal,logistic,S0_DUP_S1,2.0,1.0,inner,False,,1.0,,,,,,,,
4505,C2_S,L0,P_bal,logistic,S0_DUP_S1,2.0,1.0,inner,False,,10.0,,,,,,,,
4506,C2_S,L0,P_bal,logistic,S0_DUP_S1,2.0,2.0,inner,False,,0.01,,,,,,,,
4507,C2_S,L0,P_bal,logistic,S0_DUP_S1,2.0,2.0,inner,False,,0.1,,,,,,,,
4508,C2_S,L0,P_bal,logistic,S0_DUP_S1,2.0,2.0,inner,False,,1.0,,,,,,,,
4509,C2_S,L0,P_bal,logistic,S0_DUP_S1,2.0,2.0,inner,False,,10.0,,,,,,,,
4510,C2_S,L0,P_bal,logistic,S0_DUP_S1,2.0,,final_selected_C,False,,,,,,,,,,
4511,C2_S,L0,P_bal,logistic,S0_DUP_S2,2.0,0.0,inner,False,,0.01,,,,,,,,
4512,C2_S,L0,P_bal,logistic,S0_DUP_S2,2.0,0.0,inner,False,,0.1,,,,,,,,
4513,C2_S,L0,P_bal,logistic,S0_DUP_S2,2.0,0.0,inner,False,,1.0,,,,,,,,
4514,C2_S,L0,P_bal,logistic,S0_DUP_S2,2.0,0.0,inner,False,,10.0,,,,,,,,
4515,C2_S,L0,P_bal,logistic,S0_DUP_S2,2.0,1.0,inner,False,,0.01,,,,,,,,
4516,C2_S,L0,P_bal,logistic,S0_DUP_S2,2.0,1.0,inner,False,,0.1,,,,,,,,
4517,C2_S,L0,P_bal,logistic,S0_DUP_S2,2.0,1.0,inner,False,,1.0,,,,,,,,
4518,C2_S,L0,P_bal,logistic,S0_DUP_S2,2.0,1.0,inner,False,,10.0,,,,,,,,
4519,C2_S,L0,P_bal,logistic,S0_DUP_S2,2.0,2.0,inner,False,,0.01,,,,,,,,
4520,C2_S,L0,P_bal,logistic,S0_DUP_S2,2.0,2.0,inner,False,,0.1,,,,,,,,
4521,C2_S,L0,P_bal,logistic,S0_DUP_S2,2.0,2.0,inner,False,,1.0,,,,,,,,
4522,C2_S,L0,P_bal,logistic,S0_DUP_S2,2.0,2.0,inner,False,,10.0,,,,,,,,
4523,C2_S,L0,P_bal,logistic,S0_DUP_S2,2.0,,final_selected_C,False,,,,,,,,,,
4524,C2_S,L0,P_bal,logistic,S0,3.0,0.0,inner,False,,0.01,,,,,,,,
4525,C2_S,L0,P_bal,logistic,S0,3.0,0.0,inner,False,,0.1,,,,,,,,
4526,C2_S,L0,P_bal,logistic,S0,3.0,0.0,inner,False,,1.0,,,,,,,,
4527,C2_S,L0,P_bal,logistic,S0,3.0,0.0,inner,False,,10.0,,,,,,,,
4528,C2_S,L0,P_bal,logistic,S0,3.0,1.0,inner,False,,0.01,,,,,,,,
4529,C2_S,L0,P_bal,logistic,S0,3.0,1.0,inner,False,,0.1,,,,,,,,
4530,C2_S,L0,P_bal,logistic,S0,3.0,1.0,inner,False,,1.0,,,,,,,,
4531,C2_S,L0,P_bal,logistic,S0,3.0,1.0,inner,False,,10.0,,,,,,,,
4532,C2_S,L0,P_bal,logistic,S0,3.0,2.0,inner,False,,0.01,,,,,,,,
4533,C2_S,L0,P_bal,logistic,S0,3.0,2.0,inner,False,,0.1,,,,,,,,
4534,C2_S,L0,P_bal,logistic,S0,3.0,2.0,inner,False,,1.0,,,,,,,,
4535,C2_S,L0,P_bal,logistic,S0,3.0,2.0,inner,False,,10.0,,,,,,,,
4536,C2_S,L0,P_bal,logistic,S0,3.0,,final_selected_C,False,,,,,,,,,,
4537,C2_S,L0,P_bal,logistic,S1,3.0,0.0,inner,False,,0.01,,,,,,,,
4538,C2_S,L0,P_bal,logistic,S1,3.0,0.0,inner,False,,0.1,,,,,,,,
4539,C2_S,L0,P_bal,logistic,S1,3.0,0.0,inner,False,,1.0,,,,,,,,
4540,C2_S,L0,P_bal,logistic,S1,3.0,0.0,inner,False,,10.0,,,,,,,,
4541,C2_S,L0,P_bal,logistic,S1,3.0,1.0,inner,False,,0.01,,,,,,,,
4542,C2_S,L0,P_bal,logistic,S1,3.0,1.0,inner,False,,0.1,,,,,,,,
4543,C2_S,L0,P_bal,logistic,S1,3.0,1.0,inner,False,,1.0,,,,,,,,
4544,C2_S,L0,P_bal,logistic,S1,3.0,1.0,inner,False,,10.0,,,,,,,,
4545,C2_S,L0,P_bal,logistic,S1,3.0,2.0,inner,False,,0.01,,,,,,,,
4546,C2_S,L0,P_bal,logistic,S1,3.0,2.0,inner,False,,0.1,,,,,,,,
4547,C2_S,L0,P_bal,logistic,S1,3.0,2.0,inner,False,,1.0,,,,,,,,
4548,C2_S,L0,P_bal,logistic,S1,3.0,2.0,inner,False,,10.0,,,,,,,,
4549,C2_S,L0,P_bal,logistic,S1,3.0,,final_selected_C,False,,,,,,,,,,
4550,C2_S,L0,P_bal,logistic,S2,3.0,0.0,inner,False,,0.01,,,,,,,,
4551,C2_S,L0,P_bal,logistic,S2,3.0,0.0,inner,False,,0.1,,,,,,,,
4552,C2_S,L0,P_bal,logistic,S2,3.0,0.0,inner,False,,1.0,,,,,,,,
4553,C2_S,L0,P_bal,logistic,S2,3.0,0.0,inner,False,,10.0,,,,,,,,
4554,C2_S,L0,P_bal,logistic,S2,3.0,1.0,inner,False,,0.01,,,,,,,,
4555,C2_S,L0,P_bal,logistic,S2,3.0,1.0,inner,False,,0.1,,,,,,,,
4556,C2_S,L0,P_bal,logistic,S2,3.0,1.0,inner,False,,1.0,,,,,,,,
4557,C2_S,L0,P_bal,logistic,S2,3.0,1.0,inner,False,,10.0,,,,,,,,
4558,C2_S,L0,P_bal,logistic,S2,3.0,2.0,inner,False,,0.01,,,,,,,,
4559,C2_S,L0,P_bal,logistic,S2,3.0,2.0,inner,False,,0.1,,,,,,,,
4560,C2_S,L0,P_bal,logistic,S2,3.0,2.0,inner,False,,1.0,,,,,,,,
4561,C2_S,L0,P_bal,logistic,S2,3.0,2.0,inner,False,,10.0,,,,,,,,
4562,C2_S,L0,P_bal,logistic,S2,3.0,,final_selected_C,False,,,,,,,,,,
4563,C2_S,L0,P_bal,logistic,FULL20,3.0,0.0,inner,False,,0.01,,,,,,,,
4564,C2_S,L0,P_bal,logistic,FULL20,3.0,0.0,inner,False,,0.1,,,,,,,,
4565,C2_S,L0,P_bal,logistic,FULL20,3.0,0.0,inner,False,,1.0,,,,,,,,
4566,C2_S,L0,P_bal,logistic,FULL20,3.0,0.0,inner,False,,10.0,,,,,,,,
4567,C2_S,L0,P_bal,logistic,FULL20,3.0,1.0,inner,False,,0.01,,,,,,,,
4568,C2_S,L0,P_bal,logistic,FULL20,3.0,1.0,inner,False,,0.1,,,,,,,,
4569,C2_S,L0,P_bal,logistic,FULL20,3.0,1.0,inner,False,,1.0,,,,,,,,
4570,C2_S,L0,P_bal,logistic,FULL20,3.0,1.0,inner,False,,10.0,,,,,,,,
4571,C2_S,L0,P_bal,logistic,FULL20,3.0,2.0,inner,False,,0.01,,,,,,,,
4572,C2_S,L0,P_bal,logistic,FULL20,3.0,2.0,inner,False,,0.1,,,,,,,,
4573,C2_S,L0,P_bal,logistic,FULL20,3.0,2.0,inner,False,,1.0,,,,,,,,
4574,C2_S,L0,P_bal,logistic,FULL20,3.0,2.0,inner,False,,10.0,,,,,,,,
4575,C2_S,L0,P_bal,logistic,FULL20,3.0,,final_selected_C,False,,,,,,,,,,
4576,C2_S,L0,P_bal,logistic,S0_DUP_S1,3.0,0.0,inner,False,,0.01,,,,,,,,
4577,C2_S,L0,P_bal,logistic,S0_DUP_S1,3.0,0.0,inner,False,,0.1,,,,,,,,
4578,C2_S,L0,P_bal,logistic,S0_DUP_S1,3.0,0.0,inner,False,,1.0,,,,,,,,
4579,C2_S,L0,P_bal,logistic,S0_DUP_S1,3.0,0.0,inner,False,,10.0,,,,,,,,
4580,C2_S,L0,P_bal,logistic,S0_DUP_S1,3.0,1.0,inner,False,,0.01,,,,,,,,
4581,C2_S,L0,P_bal,logistic,S0_DUP_S1,3.0,1.0,inner,False,,0.1,,,,,,,,
4582,C2_S,L0,P_bal,logistic,S0_DUP_S1,3.0,1.0,inner,False,,1.0,,,,,,,,
4583,C2_S,L0,P_bal,logistic,S0_DUP_S1,3.0,1.0,inner,False,,10.0,,,,,,,,
4584,C2_S,L0,P_bal,logistic,S0_DUP_S1,3.0,2.0,inner,False,,0.01,,,,,,,,
4585,C2_S,L0,P_bal,logistic,S0_DUP_S1,3.0,2.0,inner,False,,0.1,,,,,,,,
4586,C2_S,L0,P_bal,logistic,S0_DUP_S1,3.0,2.0,inner,False,,1.0,,,,,,,,
4587,C2_S,L0,P_bal,logistic,S0_DUP_S1,3.0,2.0,inner,False,,10.0,,,,,,,,
4588,C2_S,L0,P_bal,logistic,S0_DUP_S1,3.0,,final_selected_C,False,,,,,,,,,,
4589,C2_S,L0,P_bal,logistic,S0_DUP_S2,3.0,0.0,inner,False,,0.01,,,,,,,,
4590,C2_S,L0,P_bal,logistic,S0_DUP_S2,3.0,0.0,inner,False,,0.1,,,,,,,,
4591,C2_S,L0,P_bal,logistic,S0_DUP_S2,3.0,0.0,inner,False,,1.0,,,,,,,,
4592,C2_S,L0,P_bal,logistic,S0_DUP_S2,3.0,0.0,inner,False,,10.0,,,,,,,,
4593,C2_S,L0,P_bal,logistic,S0_DUP_S2,3.0,1.0,inner,False,,0.01,,,,,,,,
4594,C2_S,L0,P_bal,logistic,S0_DUP_S2,3.0,1.0,inner,False,,0.1,,,,,,,,
4595,C2_S,L0,P_bal,logistic,S0_DUP_S2,3.0,1.0,inner,False,,1.0,,,,,,,,
4596,C2_S,L0,P_bal,logistic,S0_DUP_S2,3.0,1.0,inner,False,,10.0,,,,,,,,
4597,C2_S,L0,P_bal,logistic,S0_DUP_S2,3.0,2.0,inner,False,,0.01,,,,,,,,
4598,C2_S,L0,P_bal,logistic,S0_DUP_S2,3.0,2.0,inner,False,,0.1,,,,,,,,
4599,C2_S,L0,P_bal,logistic,S0_DUP_S2,3.0,2.0,inner,False,,1.0,,,,,,,,
4600,C2_S,L0,P_bal,logistic,S0_DUP_S2,3.0,2.0,inner,False,,10.0,,,,,,,,
4601,C2_S,L0,P_bal,logistic,S0_DUP_S2,3.0,,final_selected_C,False,,,,,,,,,,
4602,C2_S,L0,P_bal,logistic,S0,4.0,0.0,inner,False,,0.01,,,,,,,,
4603,C2_S,L0,P_bal,logistic,S0,4.0,0.0,inner,False,,0.1,,,,,,,,
4604,C2_S,L0,P_bal,logistic,S0,4.0,0.0,inner,False,,1.0,,,,,,,,
4605,C2_S,L0,P_bal,logistic,S0,4.0,0.0,inner,False,,10.0,,,,,,,,
4606,C2_S,L0,P_bal,logistic,S0,4.0,1.0,inner,False,,0.01,,,,,,,,
4607,C2_S,L0,P_bal,logistic,S0,4.0,1.0,inner,False,,0.1,,,,,,,,
4608,C2_S,L0,P_bal,logistic,S0,4.0,1.0,inner,False,,1.0,,,,,,,,
4609,C2_S,L0,P_bal,logistic,S0,4.0,1.0,inner,False,,10.0,,,,,,,,
4610,C2_S,L0,P_bal,logistic,S0,4.0,2.0,inner,False,,0.01,,,,,,,,
4611,C2_S,L0,P_bal,logistic,S0,4.0,2.0,inner,False,,0.1,,,,,,,,
4612,C2_S,L0,P_bal,logistic,S0,4.0,2.0,inner,False,,1.0,,,,,,,,
4613,C2_S,L0,P_bal,logistic,S0,4.0,2.0,inner,False,,10.0,,,,,,,,
4614,C2_S,L0,P_bal,logistic,S0,4.0,,final_selected_C,False,,,,,,,,,,
4615,C2_S,L0,P_bal,logistic,S1,4.0,0.0,inner,False,,0.01,,,,,,,,
4616,C2_S,L0,P_bal,logistic,S1,4.0,0.0,inner,False,,0.1,,,,,,,,
4617,C2_S,L0,P_bal,logistic,S1,4.0,0.0,inner,False,,1.0,,,,,,,,
4618,C2_S,L0,P_bal,logistic,S1,4.0,0.0,inner,False,,10.0,,,,,,,,
4619,C2_S,L0,P_bal,logistic,S1,4.0,1.0,inner,False,,0.01,,,,,,,,
4620,C2_S,L0,P_bal,logistic,S1,4.0,1.0,inner,False,,0.1,,,,,,,,
4621,C2_S,L0,P_bal,logistic,S1,4.0,1.0,inner,False,,1.0,,,,,,,,
4622,C2_S,L0,P_bal,logistic,S1,4.0,1.0,inner,False,,10.0,,,,,,,,
4623,C2_S,L0,P_bal,logistic,S1,4.0,2.0,inner,False,,0.01,,,,,,,,
4624,C2_S,L0,P_bal,logistic,S1,4.0,2.0,inner,False,,0.1,,,,,,,,
4625,C2_S,L0,P_bal,logistic,S1,4.0,2.0,inner,False,,1.0,,,,,,,,
4626,C2_S,L0,P_bal,logistic,S1,4.0,2.0,inner,False,,10.0,,,,,,,,
4627,C2_S,L0,P_bal,logistic,S1,4.0,,final_selected_C,False,,,,,,,,,,
4628,C2_S,L0,P_bal,logistic,S2,4.0,0.0,inner,False,,0.01,,,,,,,,
4629,C2_S,L0,P_bal,logistic,S2,4.0,0.0,inner,False,,0.1,,,,,,,,
4630,C2_S,L0,P_bal,logistic,S2,4.0,0.0,inner,False,,1.0,,,,,,,,
4631,C2_S,L0,P_bal,logistic,S2,4.0,0.0,inner,False,,10.0,,,,,,,,
4632,C2_S,L0,P_bal,logistic,S2,4.0,1.0,inner,False,,0.01,,,,,,,,
4633,C2_S,L0,P_bal,logistic,S2,4.0,1.0,inner,False,,0.1,,,,,,,,
4634,C2_S,L0,P_bal,logistic,S2,4.0,1.0,inner,False,,1.0,,,,,,,,
4635,C2_S,L0,P_bal,logistic,S2,4.0,1.0,inner,False,,10.0,,,,,,,,
4636,C2_S,L0,P_bal,logistic,S2,4.0,2.0,inner,False,,0.01,,,,,,,,
4637,C2_S,L0,P_bal,logistic,S2,4.0,2.0,inner,False,,0.1,,,,,,,,
4638,C2_S,L0,P_bal,logistic,S2,4.0,2.0,inner,False,,1.0,,,,,,,,
4639,C2_S,L0,P_bal,logistic,S2,4.0,2.0,inner,False,,10.0,,,,,,,,
4640,C2_S,L0,P_bal,logistic,S2,4.0,,final_selected_C,False,,,,,,,,,,
4641,C2_S,L0,P_bal,logistic,FULL20,4.0,0.0,inner,False,,0.01,,,,,,,,
4642,C2_S,L0,P_bal,logistic,FULL20,4.0,0.0,inner,False,,0.1,,,,,,,,
4643,C2_S,L0,P_bal,logistic,FULL20,4.0,0.0,inner,False,,1.0,,,,,,,,
4644,C2_S,L0,P_bal,logistic,FULL20,4.0,0.0,inner,False,,10.0,,,,,,,,
4645,C2_S,L0,P_bal,logistic,FULL20,4.0,1.0,inner,False,,0.01,,,,,,,,
4646,C2_S,L0,P_bal,logistic,FULL20,4.0,1.0,inner,False,,0.1,,,,,,,,
4647,C2_S,L0,P_bal,logistic,FULL20,4.0,1.0,inner,False,,1.0,,,,,,,,
4648,C2_S,L0,P_bal,logistic,FULL20,4.0,1.0,inner,False,,10.0,,,,,,,,
4649,C2_S,L0,P_bal,logistic,FULL20,4.0,2.0,inner,False,,0.01,,,,,,,,
4650,C2_S,L0,P_bal,logistic,FULL20,4.0,2.0,inner,False,,0.1,,,,,,,,
4651,C2_S,L0,P_bal,logistic,FULL20,4.0,2.0,inner,False,,1.0,,,,,,,,
4652,C2_S,L0,P_bal,logistic,FULL20,4.0,2.0,inner,False,,10.0,,,,,,,,
4653,C2_S,L0,P_bal,logistic,FULL20,4.0,,final_selected_C,False,,,,,,,,,,
4654,C2_S,L0,P_bal,logistic,S0_DUP_S1,4.0,0.0,inner,False,,0.01,,,,,,,,
4655,C2_S,L0,P_bal,logistic,S0_DUP_S1,4.0,0.0,inner,False,,0.1,,,,,,,,
4656,C2_S,L0,P_bal,logistic,S0_DUP_S1,4.0,0.0,inner,False,,1.0,,,,,,,,
4657,C2_S,L0,P_bal,logistic,S0_DUP_S1,4.0,0.0,inner,False,,10.0,,,,,,,,
4658,C2_S,L0,P_bal,logistic,S0_DUP_S1,4.0,1.0,inner,False,,0.01,,,,,,,,
4659,C2_S,L0,P_bal,logistic,S0_DUP_S1,4.0,1.0,inner,False,,0.1,,,,,,,,
4660,C2_S,L0,P_bal,logistic,S0_DUP_S1,4.0,1.0,inner,False,,1.0,,,,,,,,
4661,C2_S,L0,P_bal,logistic,S0_DUP_S1,4.0,1.0,inner,False,,10.0,,,,,,,,
4662,C2_S,L0,P_bal,logistic,S0_DUP_S1,4.0,2.0,inner,False,,0.01,,,,,,,,
4663,C2_S,L0,P_bal,logistic,S0_DUP_S1,4.0,2.0,inner,False,,0.1,,,,,,,,
4664,C2_S,L0,P_bal,logistic,S0_DUP_S1,4.0,2.0,inner,False,,1.0,,,,,,,,
4665,C2_S,L0,P_bal,logistic,S0_DUP_S1,4.0,2.0,inner,False,,10.0,,,,,,,,
4666,C2_S,L0,P_bal,logistic,S0_DUP_S1,4.0,,final_selected_C,False,,,,,,,,,,
4667,C2_S,L0,P_bal,logistic,S0_DUP_S2,4.0,0.0,inner,False,,0.01,,,,,,,,
4668,C2_S,L0,P_bal,logistic,S0_DUP_S2,4.0,0.0,inner,False,,0.1,,,,,,,,
4669,C2_S,L0,P_bal,logistic,S0_DUP_S2,4.0,0.0,inner,False,,1.0,,,,,,,,
4670,C2_S,L0,P_bal,logistic,S0_DUP_S2,4.0,0.0,inner,False,,10.0,,,,,,,,
4671,C2_S,L0,P_bal,logistic,S0_DUP_S2,4.0,1.0,inner,False,,0.01,,,,,,,,
4672,C2_S,L0,P_bal,logistic,S0_DUP_S2,4.0,1.0,inner,False,,0.1,,,,,,,,
4673,C2_S,L0,P_bal,logistic,S0_DUP_S2,4.0,1.0,inner,False,,1.0,,,,,,,,
4674,C2_S,L0,P_bal,logistic,S0_DUP_S2,4.0,1.0,inner,False,,10.0,,,,,,,,
4675,C2_S,L0,P_bal,logistic,S0_DUP_S2,4.0,2.0,inner,False,,0.01,,,,,,,,
4676,C2_S,L0,P_bal,logistic,S0_DUP_S2,4.0,2.0,inner,False,,0.1,,,,,,,,
4677,C2_S,L0,P_bal,logistic,S0_DUP_S2,4.0,2.0,inner,False,,1.0,,,,,,,,
4678,C2_S,L0,P_bal,logistic,S0_DUP_S2,4.0,2.0,inner,False,,10.0,,,,,,,,
4679,C2_S,L0,P_bal,logistic,S0_DUP_S2,4.0,,final_selected_C,False,,,,,,,,,,
4680,G0,L0,P_bal,logistic,within_child,0.0,,training_child_C_selection,False,,0.01,,,,,,0.0,,
4681,G0,L0,P_bal,logistic,within_child,0.0,,training_child_C_selection,False,,0.1,,,,,,0.0,,
4682,G0,L0,P_bal,logistic,within_child,0.0,,training_child_C_selection,False,,1.0,,,,,,0.0,,
4683,G0,L0,P_bal,logistic,within_child,0.0,,training_child_C_selection,False,,10.0,,,,,,0.0,,
4684,G0,L0,P_bal,logistic,within_child,0.0,,training_child_C_selection,False,,0.01,,,,,,1.0,,
4685,G0,L0,P_bal,logistic,within_child,0.0,,training_child_C_selection,False,,0.1,,,,,,1.0,,
4686,G0,L0,P_bal,logistic,within_child,0.0,,training_child_C_selection,False,,1.0,,,,,,1.0,,
4687,G0,L0,P_bal,logistic,within_child,0.0,,training_child_C_selection,False,,10.0,,,,,,1.0,,
4688,G0,L0,P_bal,logistic,within_child,0.0,,training_child_C_selection,False,,0.01,,,,,,2.0,,
4689,G0,L0,P_bal,logistic,within_child,0.0,,training_child_C_selection,False,,0.1,,,,,,2.0,,
4690,G0,L0,P_bal,logistic,within_child,0.0,,training_child_C_selection,False,,1.0,,,,,,2.0,,
4691,G0,L0,P_bal,logistic,within_child,0.0,,training_child_C_selection,False,,10.0,,,,,,2.0,,
4692,G0,L0,P_bal,logistic,within_child,0.0,,training_child_C_selection,False,,0.01,,,,,,3.0,,
4693,G0,L0,P_bal,logistic,within_child,0.0,,training_child_C_selection,False,,0.1,,,,,,3.0,,
4694,G0,L0,P_bal,logistic,within_child,0.0,,training_child_C_selection,False,,1.0,,,,,,3.0,,
4695,G0,L0,P_bal,logistic,within_child,0.0,,training_child_C_selection,False,,10.0,,,,,,3.0,,
4696,G0,L0,P_bal,logistic,within_child,0.0,,training_child_C_selection,False,,0.01,,,,,,4.0,,
4697,G0,L0,P_bal,logistic,within_child,0.0,,training_child_C_selection,False,,0.1,,,,,,4.0,,
4698,G0,L0,P_bal,logistic,within_child,0.0,,training_child_C_selection,False,,1.0,,,,,,4.0,,
4699,G0,L0,P_bal,logistic,within_child,0.0,,training_child_C_selection,False,,10.0,,,,,,4.0,,
4700,G0,L0,P_bal,logistic,within_child,0.0,,training_child_C_selection,False,,0.01,,,,,,5.0,,
4701,G0,L0,P_bal,logistic,within_child,0.0,,training_child_C_selection,False,,0.1,,,,,,5.0,,
4702,G0,L0,P_bal,logistic,within_child,0.0,,training_child_C_selection,False,,1.0,,,,,,5.0,,
4703,G0,L0,P_bal,logistic,within_child,0.0,,training_child_C_selection,False,,10.0,,,,,,5.0,,
4704,G0,L0,P_bal,logistic,within_child,0.0,,training_child_C_selection,False,,0.01,,,,,,6.0,,
4705,G0,L0,P_bal,logistic,within_child,0.0,,training_child_C_selection,False,,0.1,,,,,,6.0,,
4706,G0,L0,P_bal,logistic,within_child,0.0,,training_child_C_selection,False,,1.0,,,,,,6.0,,
4707,G0,L0,P_bal,logistic,within_child,0.0,,training_child_C_selection,False,,10.0,,,,,,6.0,,
4708,G0,L0,P_bal,logistic,within_child,0.0,,training_child_C_selection,False,,0.01,,,,,,7.0,,
4709,G0,L0,P_bal,logistic,within_child,0.0,,training_child_C_selection,False,,0.1,,,,,,7.0,,
4710,G0,L0,P_bal,logistic,within_child,0.0,,training_child_C_selection,False,,1.0,,,,,,7.0,,
4711,G0,L0,P_bal,logistic,within_child,0.0,,training_child_C_selection,False,,10.0,,,,,,7.0,,
4712,G0,L0,P_bal,logistic,within_child,0.0,,training_child_C_selection,False,,0.01,,,,,,8.0,,
4713,G0,L0,P_bal,logistic,within_child,0.0,,training_child_C_selection,False,,0.1,,,,,,8.0,,
4714,G0,L0,P_bal,logistic,within_child,0.0,,training_child_C_selection,False,,1.0,,,,,,8.0,,
4715,G0,L0,P_bal,logistic,within_child,0.0,,training_child_C_selection,False,,10.0,,,,,,8.0,,
4716,G0,L0,P_bal,logistic,within_child,0.0,,training_child_C_selection,False,,0.01,,,,,,9.0,,
4717,G0,L0,P_bal,logistic,within_child,0.0,,training_child_C_selection,False,,0.1,,,,,,9.0,,
4718,G0,L0,P_bal,logistic,within_child,0.0,,training_child_C_selection,False,,1.0,,,,,,9.0,,
4719,G0,L0,P_bal,logistic,within_child,0.0,,training_child_C_selection,False,,10.0,,,,,,9.0,,
4720,G0,L0,P_bal,logistic,within_child,0.0,,heldout_child_calibration,False,,,,,,,,0.0,,
4721,G0,L0,P_bal,logistic,within_child,0.0,,heldout_child_calibration,False,,,,,,,,1.0,,
4722,G0,L0,P_bal,logistic,within_child,0.0,,heldout_child_calibration,False,,,,,,,,2.0,,
4723,G0,L0,P_bal,logistic,within_child,0.0,,heldout_child_calibration,False,,,,,,,,3.0,,
4724,G0,L0,P_bal,logistic,within_child,0.0,,heldout_child_calibration,False,,,,,,,,4.0,,
4725,G0,L0,P_bal,logistic,within_child,0.0,,heldout_child_calibration,False,,,,,,,,5.0,,
4726,G0,L0,P_bal,logistic,within_child,0.0,,heldout_child_calibration,False,,,,,,,,6.0,,
4727,G0,L0,P_bal,logistic,within_child,0.0,,heldout_child_calibration,False,,,,,,,,7.0,,
4728,G0,L0,P_bal,logistic,within_child,0.0,,heldout_child_calibration,False,,,,,,,,8.0,,
4729,G0,L0,P_bal,logistic,within_child,0.0,,heldout_child_calibration,False,,,,,,,,9.0,,
4730,G0,L0,P_bal,logistic,within_child,0.0,,heldout_child_calibration,False,,,,,,,,10.0,,
4731,G0,R_RAND,P_bal,logistic,within_child,0.0,,training_child_C_selection,False,,0.01,,,,,,0.0,,
4732,G0,R_RAND,P_bal,logistic,within_child,0.0,,training_child_C_selection,False,,0.1,,,,,,0.0,,
4733,G0,R_RAND,P_bal,logistic,within_child,0.0,,training_child_C_selection,False,,1.0,,,,,,0.0,,
4734,G0,R_RAND,P_bal,logistic,within_child,0.0,,training_child_C_selection,False,,10.0,,,,,,0.0,,
4735,G0,R_RAND,P_bal,logistic,within_child,0.0,,training_child_C_selection,False,,0.01,,,,,,1.0,,
4736,G0,R_RAND,P_bal,logistic,within_child,0.0,,training_child_C_selection,False,,0.1,,,,,,1.0,,
4737,G0,R_RAND,P_bal,logistic,within_child,0.0,,training_child_C_selection,False,,1.0,,,,,,1.0,,
4738,G0,R_RAND,P_bal,logistic,within_child,0.0,,training_child_C_selection,False,,10.0,,,,,,1.0,,
4739,G0,R_RAND,P_bal,logistic,within_child,0.0,,training_child_C_selection,False,,0.01,,,,,,2.0,,
4740,G0,R_RAND,P_bal,logistic,within_child,0.0,,training_child_C_selection,False,,0.1,,,,,,2.0,,
4741,G0,R_RAND,P_bal,logistic,within_child,0.0,,training_child_C_selection,False,,1.0,,,,,,2.0,,
4742,G0,R_RAND,P_bal,logistic,within_child,0.0,,training_child_C_selection,False,,10.0,,,,,,2.0,,
4743,G0,R_RAND,P_bal,logistic,within_child,0.0,,training_child_C_selection,False,,0.01,,,,,,3.0,,
4744,G0,R_RAND,P_bal,logistic,within_child,0.0,,training_child_C_selection,False,,0.1,,,,,,3.0,,
4745,G0,R_RAND,P_bal,logistic,within_child,0.0,,training_child_C_selection,False,,1.0,,,,,,3.0,,
4746,G0,R_RAND,P_bal,logistic,within_child,0.0,,training_child_C_selection,False,,10.0,,,,,,3.0,,
4747,G0,R_RAND,P_bal,logistic,within_child,0.0,,training_child_C_selection,False,,0.01,,,,,,4.0,,
4748,G0,R_RAND,P_bal,logistic,within_child,0.0,,training_child_C_selection,False,,0.1,,,,,,4.0,,
4749,G0,R_RAND,P_bal,logistic,within_child,0.0,,training_child_C_selection,False,,1.0,,,,,,4.0,,
4750,G0,R_RAND,P_bal,logistic,within_child,0.0,,training_child_C_selection,False,,10.0,,,,,,4.0,,
4751,G0,R_RAND,P_bal,logistic,within_child,0.0,,training_child_C_selection,False,,0.01,,,,,,5.0,,
4752,G0,R_RAND,P_bal,logistic,within_child,0.0,,training_child_C_selection,False,,0.1,,,,,,5.0,,
4753,G0,R_RAND,P_bal,logistic,within_child,0.0,,training_child_C_selection,False,,1.0,,,,,,5.0,,
4754,G0,R_RAND,P_bal,logistic,within_child,0.0,,training_child_C_selection,False,,10.0,,,,,,5.0,,
4755,G0,R_RAND,P_bal,logistic,within_child,0.0,,training_child_C_selection,False,,0.01,,,,,,6.0,,
4756,G0,R_RAND,P_bal,logistic,within_child,0.0,,training_child_C_selection,False,,0.1,,,,,,6.0,,
4757,G0,R_RAND,P_bal,logistic,within_child,0.0,,training_child_C_selection,False,,1.0,,,,,,6.0,,
4758,G0,R_RAND,P_bal,logistic,within_child,0.0,,training_child_C_selection,False,,10.0,,,,,,6.0,,
4759,G0,R_RAND,P_bal,logistic,within_child,0.0,,training_child_C_selection,False,,0.01,,,,,,7.0,,
4760,G0,R_RAND,P_bal,logistic,within_child,0.0,,training_child_C_selection,False,,0.1,,,,,,7.0,,
4761,G0,R_RAND,P_bal,logistic,within_child,0.0,,training_child_C_selection,False,,1.0,,,,,,7.0,,
4762,G0,R_RAND,P_bal,logistic,within_child,0.0,,training_child_C_selection,False,,10.0,,,,,,7.0,,
4763,G0,R_RAND,P_bal,logistic,within_child,0.0,,training_child_C_selection,False,,0.01,,,,,,8.0,,
4764,G0,R_RAND,P_bal,logistic,within_child,0.0,,training_child_C_selection,False,,0.1,,,,,,8.0,,
4765,G0,R_RAND,P_bal,logistic,within_child,0.0,,training_child_C_selection,False,,1.0,,,,,,8.0,,
4766,G0,R_RAND,P_bal,logistic,within_child,0.0,,training_child_C_selection,False,,10.0,,,,,,8.0,,
4767,G0,R_RAND,P_bal,logistic,within_child,0.0,,training_child_C_selection,False,,0.01,,,,,,9.0,,
4768,G0,R_RAND,P_bal,logistic,within_child,0.0,,training_child_C_selection,False,,0.1,,,,,,9.0,,
4769,G0,R_RAND,P_bal,logistic,within_child,0.0,,training_child_C_selection,False,,1.0,,,,,,9.0,,
4770,G0,R_RAND,P_bal,logistic,within_child,0.0,,training_child_C_selection,False,,10.0,,,,,,9.0,,
4771,G0,R_RAND,P_bal,logistic,within_child,0.0,,heldout_child_calibration,False,,,,,,,,0.0,,
4772,G0,R_RAND,P_bal,logistic,within_child,0.0,,heldout_child_calibration,False,,,,,,,,1.0,,
4773,G0,R_RAND,P_bal,logistic,within_child,0.0,,heldout_child_calibration,False,,,,,,,,2.0,,
4774,G0,R_RAND,P_bal,logistic,within_child,0.0,,heldout_child_calibration,False,,,,,,,,3.0,,
4775,G0,R_RAND,P_bal,logistic,within_child,0.0,,heldout_child_calibration,False,,,,,,,,4.0,,
4776,G0,R_RAND,P_bal,logistic,within_child,0.0,,heldout_child_calibration,False,,,,,,,,5.0,,
4777,G0,R_RAND,P_bal,logistic,within_child,0.0,,heldout_child_calibration,False,,,,,,,,6.0,,
4778,G0,R_RAND,P_bal,logistic,within_child,0.0,,heldout_child_calibration,False,,,,,,,,7.0,,
4779,G0,R_RAND,P_bal,logistic,within_child,0.0,,heldout_child_calibration,False,,,,,,,,8.0,,
4780,G0,R_RAND,P_bal,logistic,within_child,0.0,,heldout_child_calibration,False,,,,,,,,9.0,,
4781,G0,R_RAND,P_bal,logistic,within_child,0.0,,heldout_child_calibration,False,,,,,,,,10.0,,
4782,G0,R_SUP,P_bal,logistic,within_child,0.0,,training_child_C_selection,False,,0.01,,,,,,0.0,,
4783,G0,R_SUP,P_bal,logistic,within_child,0.0,,training_child_C_selection,False,,0.1,,,,,,0.0,,
4784,G0,R_SUP,P_bal,logistic,within_child,0.0,,training_child_C_selection,False,,1.0,,,,,,0.0,,
4785,G0,R_SUP,P_bal,logistic,within_child,0.0,,training_child_C_selection,False,,10.0,,,,,,0.0,,
4786,G0,R_SUP,P_bal,logistic,within_child,0.0,,training_child_C_selection,False,,0.01,,,,,,1.0,,
4787,G0,R_SUP,P_bal,logistic,within_child,0.0,,training_child_C_selection,False,,0.1,,,,,,1.0,,
4788,G0,R_SUP,P_bal,logistic,within_child,0.0,,training_child_C_selection,False,,1.0,,,,,,1.0,,
4789,G0,R_SUP,P_bal,logistic,within_child,0.0,,training_child_C_selection,False,,10.0,,,,,,1.0,,
4790,G0,R_SUP,P_bal,logistic,within_child,0.0,,training_child_C_selection,False,,0.01,,,,,,2.0,,
4791,G0,R_SUP,P_bal,logistic,within_child,0.0,,training_child_C_selection,False,,0.1,,,,,,2.0,,
4792,G0,R_SUP,P_bal,logistic,within_child,0.0,,training_child_C_selection,False,,1.0,,,,,,2.0,,
4793,G0,R_SUP,P_bal,logistic,within_child,0.0,,training_child_C_selection,False,,10.0,,,,,,2.0,,
4794,G0,R_SUP,P_bal,logistic,within_child,0.0,,training_child_C_selection,False,,0.01,,,,,,3.0,,
4795,G0,R_SUP,P_bal,logistic,within_child,0.0,,training_child_C_selection,False,,0.1,,,,,,3.0,,
4796,G0,R_SUP,P_bal,logistic,within_child,0.0,,training_child_C_selection,False,,1.0,,,,,,3.0,,
4797,G0,R_SUP,P_bal,logistic,within_child,0.0,,training_child_C_selection,False,,10.0,,,,,,3.0,,
4798,G0,R_SUP,P_bal,logistic,within_child,0.0,,training_child_C_selection,False,,0.01,,,,,,4.0,,
4799,G0,R_SUP,P_bal,logistic,within_child,0.0,,training_child_C_selection,False,,0.1,,,,,,4.0,,
4800,G0,R_SUP,P_bal,logistic,within_child,0.0,,training_child_C_selection,False,,1.0,,,,,,4.0,,
4801,G0,R_SUP,P_bal,logistic,within_child,0.0,,training_child_C_selection,False,,10.0,,,,,,4.0,,
4802,G0,R_SUP,P_bal,logistic,within_child,0.0,,training_child_C_selection,False,,0.01,,,,,,5.0,,
4803,G0,R_SUP,P_bal,logistic,within_child,0.0,,training_child_C_selection,False,,0.1,,,,,,5.0,,
4804,G0,R_SUP,P_bal,logistic,within_child,0.0,,training_child_C_selection,False,,1.0,,,,,,5.0,,
4805,G0,R_SUP,P_bal,logistic,within_child,0.0,,training_child_C_selection,False,,10.0,,,,,,5.0,,
4806,G0,R_SUP,P_bal,logistic,within_child,0.0,,training_child_C_selection,False,,0.01,,,,,,6.0,,
4807,G0,R_SUP,P_bal,logistic,within_child,0.0,,training_child_C_selection,False,,0.1,,,,,,6.0,,
4808,G0,R_SUP,P_bal,logistic,within_child,0.0,,training_child_C_selection,False,,1.0,,,,,,6.0,,
4809,G0,R_SUP,P_bal,logistic,within_child,0.0,,training_child_C_selection,False,,10.0,,,,,,6.0,,
4810,G0,R_SUP,P_bal,logistic,within_child,0.0,,training_child_C_selection,False,,0.01,,,,,,7.0,,
4811,G0,R_SUP,P_bal,logistic,within_child,0.0,,training_child_C_selection,False,,0.1,,,,,,7.0,,
4812,G0,R_SUP,P_bal,logistic,within_child,0.0,,training_child_C_selection,False,,1.0,,,,,,7.0,,
4813,G0,R_SUP,P_bal,logistic,within_child,0.0,,training_child_C_selection,False,,10.0,,,,,,7.0,,
4814,G0,R_SUP,P_bal,logistic,within_child,0.0,,training_child_C_selection,False,,0.01,,,,,,8.0,,
4815,G0,R_SUP,P_bal,logistic,within_child,0.0,,training_child_C_selection,False,,0.1,,,,,,8.0,,
4816,G0,R_SUP,P_bal,logistic,within_child,0.0,,training_child_C_selection,False,,1.0,,,,,,8.0,,
4817,G0,R_SUP,P_bal,logistic,within_child,0.0,,training_child_C_selection,False,,10.0,,,,,,8.0,,
4818,G0,R_SUP,P_bal,logistic,within_child,0.0,,training_child_C_selection,False,,0.01,,,,,,9.0,,
4819,G0,R_SUP,P_bal,logistic,within_child,0.0,,training_child_C_selection,False,,0.1,,,,,,9.0,,
4820,G0,R_SUP,P_bal,logistic,within_child,0.0,,training_child_C_selection,False,,1.0,,,,,,9.0,,
4821,G0,R_SUP,P_bal,logistic,within_child,0.0,,training_child_C_selection,False,,10.0,,,,,,9.0,,
4822,G0,R_SUP,P_bal,logistic,within_child,0.0,,heldout_child_calibration,False,,,,,,,,0.0,,
4823,G0,R_SUP,P_bal,logistic,within_child,0.0,,heldout_child_calibration,False,,,,,,,,1.0,,
4824,G0,R_SUP,P_bal,logistic,within_child,0.0,,heldout_child_calibration,False,,,,,,,,2.0,,
4825,G0,R_SUP,P_bal,logistic,within_child,0.0,,heldout_child_calibration,False,,,,,,,,3.0,,
4826,G0,R_SUP,P_bal,logistic,within_child,0.0,,heldout_child_calibration,False,,,,,,,,4.0,,
4827,G0,R_SUP,P_bal,logistic,within_child,0.0,,heldout_child_calibration,False,,,,,,,,5.0,,
4828,G0,R_SUP,P_bal,logistic,within_child,0.0,,heldout_child_calibration,False,,,,,,,,6.0,,
4829,G0,R_SUP,P_bal,logistic,within_child,0.0,,heldout_child_calibration,False,,,,,,,,7.0,,
4830,G0,R_SUP,P_bal,logistic,within_child,0.0,,heldout_child_calibration,False,,,,,,,,8.0,,
4831,G0,R_SUP,P_bal,logistic,within_child,0.0,,heldout_child_calibration,False,,,,,,,,9.0,,
4832,G0,R_SUP,P_bal,logistic,within_child,0.0,,heldout_child_calibration,False,,,,,,,,10.0,,
4833,G0,R_SIM,P_bal,logistic,within_child,0.0,,training_child_C_selection,False,,0.01,,,,,,0.0,,
4834,G0,R_SIM,P_bal,logistic,within_child,0.0,,training_child_C_selection,False,,0.1,,,,,,0.0,,
4835,G0,R_SIM,P_bal,logistic,within_child,0.0,,training_child_C_selection,False,,1.0,,,,,,0.0,,
4836,G0,R_SIM,P_bal,logistic,within_child,0.0,,training_child_C_selection,False,,10.0,,,,,,0.0,,
4837,G0,R_SIM,P_bal,logistic,within_child,0.0,,training_child_C_selection,False,,0.01,,,,,,1.0,,
4838,G0,R_SIM,P_bal,logistic,within_child,0.0,,training_child_C_selection,False,,0.1,,,,,,1.0,,
4839,G0,R_SIM,P_bal,logistic,within_child,0.0,,training_child_C_selection,False,,1.0,,,,,,1.0,,
4840,G0,R_SIM,P_bal,logistic,within_child,0.0,,training_child_C_selection,False,,10.0,,,,,,1.0,,
4841,G0,R_SIM,P_bal,logistic,within_child,0.0,,training_child_C_selection,False,,0.01,,,,,,2.0,,
4842,G0,R_SIM,P_bal,logistic,within_child,0.0,,training_child_C_selection,False,,0.1,,,,,,2.0,,
4843,G0,R_SIM,P_bal,logistic,within_child,0.0,,training_child_C_selection,False,,1.0,,,,,,2.0,,
4844,G0,R_SIM,P_bal,logistic,within_child,0.0,,training_child_C_selection,False,,10.0,,,,,,2.0,,
4845,G0,R_SIM,P_bal,logistic,within_child,0.0,,training_child_C_selection,False,,0.01,,,,,,3.0,,
4846,G0,R_SIM,P_bal,logistic,within_child,0.0,,training_child_C_selection,False,,0.1,,,,,,3.0,,
4847,G0,R_SIM,P_bal,logistic,within_child,0.0,,training_child_C_selection,False,,1.0,,,,,,3.0,,
4848,G0,R_SIM,P_bal,logistic,within_child,0.0,,training_child_C_selection,False,,10.0,,,,,,3.0,,
4849,G0,R_SIM,P_bal,logistic,within_child,0.0,,training_child_C_selection,False,,0.01,,,,,,4.0,,
4850,G0,R_SIM,P_bal,logistic,within_child,0.0,,training_child_C_selection,False,,0.1,,,,,,4.0,,
4851,G0,R_SIM,P_bal,logistic,within_child,0.0,,training_child_C_selection,False,,1.0,,,,,,4.0,,
4852,G0,R_SIM,P_bal,logistic,within_child,0.0,,training_child_C_selection,False,,10.0,,,,,,4.0,,
4853,G0,R_SIM,P_bal,logistic,within_child,0.0,,training_child_C_selection,False,,0.01,,,,,,5.0,,
4854,G0,R_SIM,P_bal,logistic,within_child,0.0,,training_child_C_selection,False,,0.1,,,,,,5.0,,
4855,G0,R_SIM,P_bal,logistic,within_child,0.0,,training_child_C_selection,False,,1.0,,,,,,5.0,,
4856,G0,R_SIM,P_bal,logistic,within_child,0.0,,training_child_C_selection,False,,10.0,,,,,,5.0,,
4857,G0,R_SIM,P_bal,logistic,within_child,0.0,,training_child_C_selection,False,,0.01,,,,,,6.0,,
4858,G0,R_SIM,P_bal,logistic,within_child,0.0,,training_child_C_selection,False,,0.1,,,,,,6.0,,
4859,G0,R_SIM,P_bal,logistic,within_child,0.0,,training_child_C_selection,False,,1.0,,,,,,6.0,,
4860,G0,R_SIM,P_bal,logistic,within_child,0.0,,training_child_C_selection,False,,10.0,,,,,,6.0,,
4861,G0,R_SIM,P_bal,logistic,within_child,0.0,,training_child_C_selection,False,,0.01,,,,,,7.0,,
4862,G0,R_SIM,P_bal,logistic,within_child,0.0,,training_child_C_selection,False,,0.1,,,,,,7.0,,
4863,G0,R_SIM,P_bal,logistic,within_child,0.0,,training_child_C_selection,False,,1.0,,,,,,7.0,,
4864,G0,R_SIM,P_bal,logistic,within_child,0.0,,training_child_C_selection,False,,10.0,,,,,,7.0,,
4865,G0,R_SIM,P_bal,logistic,within_child,0.0,,training_child_C_selection,False,,0.01,,,,,,8.0,,
4866,G0,R_SIM,P_bal,logistic,within_child,0.0,,training_child_C_selection,False,,0.1,,,,,,8.0,,
4867,G0,R_SIM,P_bal,logistic,within_child,0.0,,training_child_C_selection,False,,1.0,,,,,,8.0,,
4868,G0,R_SIM,P_bal,logistic,within_child,0.0,,training_child_C_selection,False,,10.0,,,,,,8.0,,
4869,G0,R_SIM,P_bal,logistic,within_child,0.0,,training_child_C_selection,False,,0.01,,,,,,9.0,,
4870,G0,R_SIM,P_bal,logistic,within_child,0.0,,training_child_C_selection,False,,0.1,,,,,,9.0,,
4871,G0,R_SIM,P_bal,logistic,within_child,0.0,,training_child_C_selection,False,,1.0,,,,,,9.0,,
4872,G0,R_SIM,P_bal,logistic,within_child,0.0,,training_child_C_selection,False,,10.0,,,,,,9.0,,
4873,G0,R_SIM,P_bal,logistic,within_child,0.0,,heldout_child_calibration,False,,,,,,,,0.0,,
4874,G0,R_SIM,P_bal,logistic,within_child,0.0,,heldout_child_calibration,False,,,,,,,,1.0,,
4875,G0,R_SIM,P_bal,logistic,within_child,0.0,,heldout_child_calibration,False,,,,,,,,2.0,,
4876,G0,R_SIM,P_bal,logistic,within_child,0.0,,heldout_child_calibration,False,,,,,,,,3.0,,
4877,G0,R_SIM,P_bal,logistic,within_child,0.0,,heldout_child_calibration,False,,,,,,,,4.0,,
4878,G0,R_SIM,P_bal,logistic,within_child,0.0,,heldout_child_calibration,False,,,,,,,,5.0,,
4879,G0,R_SIM,P_bal,logistic,within_child,0.0,,heldout_child_calibration,False,,,,,,,,6.0,,
4880,G0,R_SIM,P_bal,logistic,within_child,0.0,,heldout_child_calibration,False,,,,,,,,7.0,,
4881,G0,R_SIM,P_bal,logistic,within_child,0.0,,heldout_child_calibration,False,,,,,,,,8.0,,
4882,G0,R_SIM,P_bal,logistic,within_child,0.0,,heldout_child_calibration,False,,,,,,,,9.0,,
4883,G0,R_SIM,P_bal,logistic,within_child,0.0,,heldout_child_calibration,False,,,,,,,,10.0,,
4884,G0,L0,P_bal,logistic,within_child,1.0,,training_child_C_selection,False,,0.01,,,,,,0.0,,
4885,G0,L0,P_bal,logistic,within_child,1.0,,training_child_C_selection,False,,0.1,,,,,,0.0,,
4886,G0,L0,P_bal,logistic,within_child,1.0,,training_child_C_selection,False,,1.0,,,,,,0.0,,
4887,G0,L0,P_bal,logistic,within_child,1.0,,training_child_C_selection,False,,10.0,,,,,,0.0,,
4888,G0,L0,P_bal,logistic,within_child,1.0,,training_child_C_selection,False,,0.01,,,,,,1.0,,
4889,G0,L0,P_bal,logistic,within_child,1.0,,training_child_C_selection,False,,0.1,,,,,,1.0,,
4890,G0,L0,P_bal,logistic,within_child,1.0,,training_child_C_selection,False,,1.0,,,,,,1.0,,
4891,G0,L0,P_bal,logistic,within_child,1.0,,training_child_C_selection,False,,10.0,,,,,,1.0,,
4892,G0,L0,P_bal,logistic,within_child,1.0,,training_child_C_selection,False,,0.01,,,,,,2.0,,
4893,G0,L0,P_bal,logistic,within_child,1.0,,training_child_C_selection,False,,0.1,,,,,,2.0,,
4894,G0,L0,P_bal,logistic,within_child,1.0,,training_child_C_selection,False,,1.0,,,,,,2.0,,
4895,G0,L0,P_bal,logistic,within_child,1.0,,training_child_C_selection,False,,10.0,,,,,,2.0,,
4896,G0,L0,P_bal,logistic,within_child,1.0,,training_child_C_selection,False,,0.01,,,,,,3.0,,
4897,G0,L0,P_bal,logistic,within_child,1.0,,training_child_C_selection,False,,0.1,,,,,,3.0,,
4898,G0,L0,P_bal,logistic,within_child,1.0,,training_child_C_selection,False,,1.0,,,,,,3.0,,
4899,G0,L0,P_bal,logistic,within_child,1.0,,training_child_C_selection,False,,10.0,,,,,,3.0,,
4900,G0,L0,P_bal,logistic,within_child,1.0,,training_child_C_selection,False,,0.01,,,,,,4.0,,
4901,G0,L0,P_bal,logistic,within_child,1.0,,training_child_C_selection,False,,0.1,,,,,,4.0,,
4902,G0,L0,P_bal,logistic,within_child,1.0,,training_child_C_selection,False,,1.0,,,,,,4.0,,
4903,G0,L0,P_bal,logistic,within_child,1.0,,training_child_C_selection,False,,10.0,,,,,,4.0,,
4904,G0,L0,P_bal,logistic,within_child,1.0,,training_child_C_selection,False,,0.01,,,,,,5.0,,
4905,G0,L0,P_bal,logistic,within_child,1.0,,training_child_C_selection,False,,0.1,,,,,,5.0,,
4906,G0,L0,P_bal,logistic,within_child,1.0,,training_child_C_selection,False,,1.0,,,,,,5.0,,
4907,G0,L0,P_bal,logistic,within_child,1.0,,training_child_C_selection,False,,10.0,,,,,,5.0,,
4908,G0,L0,P_bal,logistic,within_child,1.0,,training_child_C_selection,False,,0.01,,,,,,6.0,,
4909,G0,L0,P_bal,logistic,within_child,1.0,,training_child_C_selection,False,,0.1,,,,,,6.0,,
4910,G0,L0,P_bal,logistic,within_child,1.0,,training_child_C_selection,False,,1.0,,,,,,6.0,,
4911,G0,L0,P_bal,logistic,within_child,1.0,,training_child_C_selection,False,,10.0,,,,,,6.0,,
4912,G0,L0,P_bal,logistic,within_child,1.0,,training_child_C_selection,False,,0.01,,,,,,7.0,,
4913,G0,L0,P_bal,logistic,within_child,1.0,,training_child_C_selection,False,,0.1,,,,,,7.0,,
4914,G0,L0,P_bal,logistic,within_child,1.0,,training_child_C_selection,False,,1.0,,,,,,7.0,,
4915,G0,L0,P_bal,logistic,within_child,1.0,,training_child_C_selection,False,,10.0,,,,,,7.0,,
4916,G0,L0,P_bal,logistic,within_child,1.0,,training_child_C_selection,False,,0.01,,,,,,8.0,,
4917,G0,L0,P_bal,logistic,within_child,1.0,,training_child_C_selection,False,,0.1,,,,,,8.0,,
4918,G0,L0,P_bal,logistic,within_child,1.0,,training_child_C_selection,False,,1.0,,,,,,8.0,,
4919,G0,L0,P_bal,logistic,within_child,1.0,,training_child_C_selection,False,,10.0,,,,,,8.0,,
4920,G0,L0,P_bal,logistic,within_child,1.0,,training_child_C_selection,False,,0.01,,,,,,9.0,,
4921,G0,L0,P_bal,logistic,within_child,1.0,,training_child_C_selection,False,,0.1,,,,,,9.0,,
4922,G0,L0,P_bal,logistic,within_child,1.0,,training_child_C_selection,False,,1.0,,,,,,9.0,,
4923,G0,L0,P_bal,logistic,within_child,1.0,,training_child_C_selection,False,,10.0,,,,,,9.0,,
4924,G0,L0,P_bal,logistic,within_child,1.0,,heldout_child_calibration,False,,,,,,,,0.0,,
4925,G0,L0,P_bal,logistic,within_child,1.0,,heldout_child_calibration,False,,,,,,,,1.0,,
4926,G0,L0,P_bal,logistic,within_child,1.0,,heldout_child_calibration,False,,,,,,,,2.0,,
4927,G0,L0,P_bal,logistic,within_child,1.0,,heldout_child_calibration,False,,,,,,,,3.0,,
4928,G0,L0,P_bal,logistic,within_child,1.0,,heldout_child_calibration,False,,,,,,,,4.0,,
4929,G0,L0,P_bal,logistic,within_child,1.0,,heldout_child_calibration,False,,,,,,,,5.0,,
4930,G0,L0,P_bal,logistic,within_child,1.0,,heldout_child_calibration,False,,,,,,,,6.0,,
4931,G0,L0,P_bal,logistic,within_child,1.0,,heldout_child_calibration,False,,,,,,,,7.0,,
4932,G0,L0,P_bal,logistic,within_child,1.0,,heldout_child_calibration,False,,,,,,,,8.0,,
4933,G0,L0,P_bal,logistic,within_child,1.0,,heldout_child_calibration,False,,,,,,,,9.0,,
4934,G0,L0,P_bal,logistic,within_child,1.0,,heldout_child_calibration,False,,,,,,,,10.0,,
4935,G0,R_RAND,P_bal,logistic,within_child,1.0,,training_child_C_selection,False,,0.01,,,,,,0.0,,
4936,G0,R_RAND,P_bal,logistic,within_child,1.0,,training_child_C_selection,False,,0.1,,,,,,0.0,,
4937,G0,R_RAND,P_bal,logistic,within_child,1.0,,training_child_C_selection,False,,1.0,,,,,,0.0,,
4938,G0,R_RAND,P_bal,logistic,within_child,1.0,,training_child_C_selection,False,,10.0,,,,,,0.0,,
4939,G0,R_RAND,P_bal,logistic,within_child,1.0,,training_child_C_selection,False,,0.01,,,,,,1.0,,
4940,G0,R_RAND,P_bal,logistic,within_child,1.0,,training_child_C_selection,False,,0.1,,,,,,1.0,,
4941,G0,R_RAND,P_bal,logistic,within_child,1.0,,training_child_C_selection,False,,1.0,,,,,,1.0,,
4942,G0,R_RAND,P_bal,logistic,within_child,1.0,,training_child_C_selection,False,,10.0,,,,,,1.0,,
4943,G0,R_RAND,P_bal,logistic,within_child,1.0,,training_child_C_selection,False,,0.01,,,,,,2.0,,
4944,G0,R_RAND,P_bal,logistic,within_child,1.0,,training_child_C_selection,False,,0.1,,,,,,2.0,,
4945,G0,R_RAND,P_bal,logistic,within_child,1.0,,training_child_C_selection,False,,1.0,,,,,,2.0,,
4946,G0,R_RAND,P_bal,logistic,within_child,1.0,,training_child_C_selection,False,,10.0,,,,,,2.0,,
4947,G0,R_RAND,P_bal,logistic,within_child,1.0,,training_child_C_selection,False,,0.01,,,,,,3.0,,
4948,G0,R_RAND,P_bal,logistic,within_child,1.0,,training_child_C_selection,False,,0.1,,,,,,3.0,,
4949,G0,R_RAND,P_bal,logistic,within_child,1.0,,training_child_C_selection,False,,1.0,,,,,,3.0,,
4950,G0,R_RAND,P_bal,logistic,within_child,1.0,,training_child_C_selection,False,,10.0,,,,,,3.0,,
4951,G0,R_RAND,P_bal,logistic,within_child,1.0,,training_child_C_selection,False,,0.01,,,,,,4.0,,
4952,G0,R_RAND,P_bal,logistic,within_child,1.0,,training_child_C_selection,False,,0.1,,,,,,4.0,,
4953,G0,R_RAND,P_bal,logistic,within_child,1.0,,training_child_C_selection,False,,1.0,,,,,,4.0,,
4954,G0,R_RAND,P_bal,logistic,within_child,1.0,,training_child_C_selection,False,,10.0,,,,,,4.0,,
4955,G0,R_RAND,P_bal,logistic,within_child,1.0,,training_child_C_selection,False,,0.01,,,,,,5.0,,
4956,G0,R_RAND,P_bal,logistic,within_child,1.0,,training_child_C_selection,False,,0.1,,,,,,5.0,,
4957,G0,R_RAND,P_bal,logistic,within_child,1.0,,training_child_C_selection,False,,1.0,,,,,,5.0,,
4958,G0,R_RAND,P_bal,logistic,within_child,1.0,,training_child_C_selection,False,,10.0,,,,,,5.0,,
4959,G0,R_RAND,P_bal,logistic,within_child,1.0,,training_child_C_selection,False,,0.01,,,,,,6.0,,
4960,G0,R_RAND,P_bal,logistic,within_child,1.0,,training_child_C_selection,False,,0.1,,,,,,6.0,,
4961,G0,R_RAND,P_bal,logistic,within_child,1.0,,training_child_C_selection,False,,1.0,,,,,,6.0,,
4962,G0,R_RAND,P_bal,logistic,within_child,1.0,,training_child_C_selection,False,,10.0,,,,,,6.0,,
4963,G0,R_RAND,P_bal,logistic,within_child,1.0,,training_child_C_selection,False,,0.01,,,,,,7.0,,
4964,G0,R_RAND,P_bal,logistic,within_child,1.0,,training_child_C_selection,False,,0.1,,,,,,7.0,,
4965,G0,R_RAND,P_bal,logistic,within_child,1.0,,training_child_C_selection,False,,1.0,,,,,,7.0,,
4966,G0,R_RAND,P_bal,logistic,within_child,1.0,,training_child_C_selection,False,,10.0,,,,,,7.0,,
4967,G0,R_RAND,P_bal,logistic,within_child,1.0,,training_child_C_selection,False,,0.01,,,,,,8.0,,
4968,G0,R_RAND,P_bal,logistic,within_child,1.0,,training_child_C_selection,False,,0.1,,,,,,8.0,,
4969,G0,R_RAND,P_bal,logistic,within_child,1.0,,training_child_C_selection,False,,1.0,,,,,,8.0,,
4970,G0,R_RAND,P_bal,logistic,within_child,1.0,,training_child_C_selection,False,,10.0,,,,,,8.0,,
4971,G0,R_RAND,P_bal,logistic,within_child,1.0,,training_child_C_selection,False,,0.01,,,,,,9.0,,
4972,G0,R_RAND,P_bal,logistic,within_child,1.0,,training_child_C_selection,False,,0.1,,,,,,9.0,,
4973,G0,R_RAND,P_bal,logistic,within_child,1.0,,training_child_C_selection,False,,1.0,,,,,,9.0,,
4974,G0,R_RAND,P_bal,logistic,within_child,1.0,,training_child_C_selection,False,,10.0,,,,,,9.0,,
4975,G0,R_RAND,P_bal,logistic,within_child,1.0,,heldout_child_calibration,False,,,,,,,,0.0,,
4976,G0,R_RAND,P_bal,logistic,within_child,1.0,,heldout_child_calibration,False,,,,,,,,1.0,,
4977,G0,R_RAND,P_bal,logistic,within_child,1.0,,heldout_child_calibration,False,,,,,,,,2.0,,
4978,G0,R_RAND,P_bal,logistic,within_child,1.0,,heldout_child_calibration,False,,,,,,,,3.0,,
4979,G0,R_RAND,P_bal,logistic,within_child,1.0,,heldout_child_calibration,False,,,,,,,,4.0,,
4980,G0,R_RAND,P_bal,logistic,within_child,1.0,,heldout_child_calibration,False,,,,,,,,5.0,,
4981,G0,R_RAND,P_bal,logistic,within_child,1.0,,heldout_child_calibration,False,,,,,,,,6.0,,
4982,G0,R_RAND,P_bal,logistic,within_child,1.0,,heldout_child_calibration,False,,,,,,,,7.0,,
4983,G0,R_RAND,P_bal,logistic,within_child,1.0,,heldout_child_calibration,False,,,,,,,,8.0,,
4984,G0,R_RAND,P_bal,logistic,within_child,1.0,,heldout_child_calibration,False,,,,,,,,9.0,,
4985,G0,R_RAND,P_bal,logistic,within_child,1.0,,heldout_child_calibration,False,,,,,,,,10.0,,
4986,G0,R_SUP,P_bal,logistic,within_child,1.0,,training_child_C_selection,False,,0.01,,,,,,0.0,,
4987,G0,R_SUP,P_bal,logistic,within_child,1.0,,training_child_C_selection,False,,0.1,,,,,,0.0,,
4988,G0,R_SUP,P_bal,logistic,within_child,1.0,,training_child_C_selection,False,,1.0,,,,,,0.0,,
4989,G0,R_SUP,P_bal,logistic,within_child,1.0,,training_child_C_selection,False,,10.0,,,,,,0.0,,
4990,G0,R_SUP,P_bal,logistic,within_child,1.0,,training_child_C_selection,False,,0.01,,,,,,1.0,,
4991,G0,R_SUP,P_bal,logistic,within_child,1.0,,training_child_C_selection,False,,0.1,,,,,,1.0,,
4992,G0,R_SUP,P_bal,logistic,within_child,1.0,,training_child_C_selection,False,,1.0,,,,,,1.0,,
4993,G0,R_SUP,P_bal,logistic,within_child,1.0,,training_child_C_selection,False,,10.0,,,,,,1.0,,
4994,G0,R_SUP,P_bal,logistic,within_child,1.0,,training_child_C_selection,False,,0.01,,,,,,2.0,,
4995,G0,R_SUP,P_bal,logistic,within_child,1.0,,training_child_C_selection,False,,0.1,,,,,,2.0,,
4996,G0,R_SUP,P_bal,logistic,within_child,1.0,,training_child_C_selection,False,,1.0,,,,,,2.0,,
4997,G0,R_SUP,P_bal,logistic,within_child,1.0,,training_child_C_selection,False,,10.0,,,,,,2.0,,
4998,G0,R_SUP,P_bal,logistic,within_child,1.0,,training_child_C_selection,False,,0.01,,,,,,3.0,,
4999,G0,R_SUP,P_bal,logistic,within_child,1.0,,training_child_C_selection,False,,0.1,,,,,,3.0,,
5000,G0,R_SUP,P_bal,logistic,within_child,1.0,,training_child_C_selection,False,,1.0,,,,,,3.0,,
5001,G0,R_SUP,P_bal,logistic,within_child,1.0,,training_child_C_selection,False,,10.0,,,,,,3.0,,
5002,G0,R_SUP,P_bal,logistic,within_child,1.0,,training_child_C_selection,False,,0.01,,,,,,4.0,,
5003,G0,R_SUP,P_bal,logistic,within_child,1.0,,training_child_C_selection,False,,0.1,,,,,,4.0,,
5004,G0,R_SUP,P_bal,logistic,within_child,1.0,,training_child_C_selection,False,,1.0,,,,,,4.0,,
5005,G0,R_SUP,P_bal,logistic,within_child,1.0,,training_child_C_selection,False,,10.0,,,,,,4.0,,
5006,G0,R_SUP,P_bal,logistic,within_child,1.0,,training_child_C_selection,False,,0.01,,,,,,5.0,,
5007,G0,R_SUP,P_bal,logistic,within_child,1.0,,training_child_C_selection,False,,0.1,,,,,,5.0,,
5008,G0,R_SUP,P_bal,logistic,within_child,1.0,,training_child_C_selection,False,,1.0,,,,,,5.0,,
5009,G0,R_SUP,P_bal,logistic,within_child,1.0,,training_child_C_selection,False,,10.0,,,,,,5.0,,
5010,G0,R_SUP,P_bal,logistic,within_child,1.0,,training_child_C_selection,False,,0.01,,,,,,6.0,,
5011,G0,R_SUP,P_bal,logistic,within_child,1.0,,training_child_C_selection,False,,0.1,,,,,,6.0,,
5012,G0,R_SUP,P_bal,logistic,within_child,1.0,,training_child_C_selection,False,,1.0,,,,,,6.0,,
5013,G0,R_SUP,P_bal,logistic,within_child,1.0,,training_child_C_selection,False,,10.0,,,,,,6.0,,
5014,G0,R_SUP,P_bal,logistic,within_child,1.0,,training_child_C_selection,False,,0.01,,,,,,7.0,,
5015,G0,R_SUP,P_bal,logistic,within_child,1.0,,training_child_C_selection,False,,0.1,,,,,,7.0,,
5016,G0,R_SUP,P_bal,logistic,within_child,1.0,,training_child_C_selection,False,,1.0,,,,,,7.0,,
5017,G0,R_SUP,P_bal,logistic,within_child,1.0,,training_child_C_selection,False,,10.0,,,,,,7.0,,
5018,G0,R_SUP,P_bal,logistic,within_child,1.0,,training_child_C_selection,False,,0.01,,,,,,8.0,,
5019,G0,R_SUP,P_bal,logistic,within_child,1.0,,training_child_C_selection,False,,0.1,,,,,,8.0,,
5020,G0,R_SUP,P_bal,logistic,within_child,1.0,,training_child_C_selection,False,,1.0,,,,,,8.0,,
5021,G0,R_SUP,P_bal,logistic,within_child,1.0,,training_child_C_selection,False,,10.0,,,,,,8.0,,
5022,G0,R_SUP,P_bal,logistic,within_child,1.0,,training_child_C_selection,False,,0.01,,,,,,9.0,,
5023,G0,R_SUP,P_bal,logistic,within_child,1.0,,training_child_C_selection,False,,0.1,,,,,,9.0,,
5024,G0,R_SUP,P_bal,logistic,within_child,1.0,,training_child_C_selection,False,,1.0,,,,,,9.0,,
5025,G0,R_SUP,P_bal,logistic,within_child,1.0,,training_child_C_selection,False,,10.0,,,,,,9.0,,
5026,G0,R_SUP,P_bal,logistic,within_child,1.0,,heldout_child_calibration,False,,,,,,,,0.0,,
5027,G0,R_SUP,P_bal,logistic,within_child,1.0,,heldout_child_calibration,False,,,,,,,,1.0,,
5028,G0,R_SUP,P_bal,logistic,within_child,1.0,,heldout_child_calibration,False,,,,,,,,2.0,,
5029,G0,R_SUP,P_bal,logistic,within_child,1.0,,heldout_child_calibration,False,,,,,,,,3.0,,
5030,G0,R_SUP,P_bal,logistic,within_child,1.0,,heldout_child_calibration,False,,,,,,,,4.0,,
5031,G0,R_SUP,P_bal,logistic,within_child,1.0,,heldout_child_calibration,False,,,,,,,,5.0,,
5032,G0,R_SUP,P_bal,logistic,within_child,1.0,,heldout_child_calibration,False,,,,,,,,6.0,,
5033,G0,R_SUP,P_bal,logistic,within_child,1.0,,heldout_child_calibration,False,,,,,,,,7.0,,
5034,G0,R_SUP,P_bal,logistic,within_child,1.0,,heldout_child_calibration,False,,,,,,,,8.0,,
5035,G0,R_SUP,P_bal,logistic,within_child,1.0,,heldout_child_calibration,False,,,,,,,,9.0,,
5036,G0,R_SUP,P_bal,logistic,within_child,1.0,,heldout_child_calibration,False,,,,,,,,10.0,,
5037,G0,R_SIM,P_bal,logistic,within_child,1.0,,training_child_C_selection,False,,0.01,,,,,,0.0,,
5038,G0,R_SIM,P_bal,logistic,within_child,1.0,,training_child_C_selection,False,,0.1,,,,,,0.0,,
5039,G0,R_SIM,P_bal,logistic,within_child,1.0,,training_child_C_selection,False,,1.0,,,,,,0.0,,
5040,G0,R_SIM,P_bal,logistic,within_child,1.0,,training_child_C_selection,False,,10.0,,,,,,0.0,,
5041,G0,R_SIM,P_bal,logistic,within_child,1.0,,training_child_C_selection,False,,0.01,,,,,,1.0,,
5042,G0,R_SIM,P_bal,logistic,within_child,1.0,,training_child_C_selection,False,,0.1,,,,,,1.0,,
5043,G0,R_SIM,P_bal,logistic,within_child,1.0,,training_child_C_selection,False,,1.0,,,,,,1.0,,
5044,G0,R_SIM,P_bal,logistic,within_child,1.0,,training_child_C_selection,False,,10.0,,,,,,1.0,,
5045,G0,R_SIM,P_bal,logistic,within_child,1.0,,training_child_C_selection,False,,0.01,,,,,,2.0,,
5046,G0,R_SIM,P_bal,logistic,within_child,1.0,,training_child_C_selection,False,,0.1,,,,,,2.0,,
5047,G0,R_SIM,P_bal,logistic,within_child,1.0,,training_child_C_selection,False,,1.0,,,,,,2.0,,
5048,G0,R_SIM,P_bal,logistic,within_child,1.0,,training_child_C_selection,False,,10.0,,,,,,2.0,,
5049,G0,R_SIM,P_bal,logistic,within_child,1.0,,training_child_C_selection,False,,0.01,,,,,,3.0,,
5050,G0,R_SIM,P_bal,logistic,within_child,1.0,,training_child_C_selection,False,,0.1,,,,,,3.0,,
5051,G0,R_SIM,P_bal,logistic,within_child,1.0,,training_child_C_selection,False,,1.0,,,,,,3.0,,
5052,G0,R_SIM,P_bal,logistic,within_child,1.0,,training_child_C_selection,False,,10.0,,,,,,3.0,,
5053,G0,R_SIM,P_bal,logistic,within_child,1.0,,training_child_C_selection,False,,0.01,,,,,,4.0,,
5054,G0,R_SIM,P_bal,logistic,within_child,1.0,,training_child_C_selection,False,,0.1,,,,,,4.0,,
5055,G0,R_SIM,P_bal,logistic,within_child,1.0,,training_child_C_selection,False,,1.0,,,,,,4.0,,
5056,G0,R_SIM,P_bal,logistic,within_child,1.0,,training_child_C_selection,False,,10.0,,,,,,4.0,,
5057,G0,R_SIM,P_bal,logistic,within_child,1.0,,training_child_C_selection,False,,0.01,,,,,,5.0,,
5058,G0,R_SIM,P_bal,logistic,within_child,1.0,,training_child_C_selection,False,,0.1,,,,,,5.0,,
5059,G0,R_SIM,P_bal,logistic,within_child,1.0,,training_child_C_selection,False,,1.0,,,,,,5.0,,
5060,G0,R_SIM,P_bal,logistic,within_child,1.0,,training_child_C_selection,False,,10.0,,,,,,5.0,,
5061,G0,R_SIM,P_bal,logistic,within_child,1.0,,training_child_C_selection,False,,0.01,,,,,,6.0,,
5062,G0,R_SIM,P_bal,logistic,within_child,1.0,,training_child_C_selection,False,,0.1,,,,,,6.0,,
5063,G0,R_SIM,P_bal,logistic,within_child,1.0,,training_child_C_selection,False,,1.0,,,,,,6.0,,
5064,G0,R_SIM,P_bal,logistic,within_child,1.0,,training_child_C_selection,False,,10.0,,,,,,6.0,,
5065,G0,R_SIM,P_bal,logistic,within_child,1.0,,training_child_C_selection,False,,0.01,,,,,,7.0,,
5066,G0,R_SIM,P_bal,logistic,within_child,1.0,,training_child_C_selection,False,,0.1,,,,,,7.0,,
5067,G0,R_SIM,P_bal,logistic,within_child,1.0,,training_child_C_selection,False,,1.0,,,,,,7.0,,
5068,G0,R_SIM,P_bal,logistic,within_child,1.0,,training_child_C_selection,False,,10.0,,,,,,7.0,,
5069,G0,R_SIM,P_bal,logistic,within_child,1.0,,training_child_C_selection,False,,0.01,,,,,,8.0,,
5070,G0,R_SIM,P_bal,logistic,within_child,1.0,,training_child_C_selection,False,,0.1,,,,,,8.0,,
5071,G0,R_SIM,P_bal,logistic,within_child,1.0,,training_child_C_selection,False,,1.0,,,,,,8.0,,
5072,G0,R_SIM,P_bal,logistic,within_child,1.0,,training_child_C_selection,False,,10.0,,,,,,8.0,,
5073,G0,R_SIM,P_bal,logistic,within_child,1.0,,training_child_C_selection,False,,0.01,,,,,,9.0,,
5074,G0,R_SIM,P_bal,logistic,within_child,1.0,,training_child_C_selection,False,,0.1,,,,,,9.0,,
5075,G0,R_SIM,P_bal,logistic,within_child,1.0,,training_child_C_selection,False,,1.0,,,,,,9.0,,
5076,G0,R_SIM,P_bal,logistic,within_child,1.0,,training_child_C_selection,False,,10.0,,,,,,9.0,,
5077,G0,R_SIM,P_bal,logistic,within_child,1.0,,heldout_child_calibration,False,,,,,,,,0.0,,
5078,G0,R_SIM,P_bal,logistic,within_child,1.0,,heldout_child_calibration,False,,,,,,,,1.0,,
5079,G0,R_SIM,P_bal,logistic,within_child,1.0,,heldout_child_calibration,False,,,,,,,,2.0,,
5080,G0,R_SIM,P_bal,logistic,within_child,1.0,,heldout_child_calibration,False,,,,,,,,3.0,,
5081,G0,R_SIM,P_bal,logistic,within_child,1.0,,heldout_child_calibration,False,,,,,,,,4.0,,
5082,G0,R_SIM,P_bal,logistic,within_child,1.0,,heldout_child_calibration,False,,,,,,,,5.0,,
5083,G0,R_SIM,P_bal,logistic,within_child,1.0,,heldout_child_calibration,False,,,,,,,,6.0,,
5084,G0,R_SIM,P_bal,logistic,within_child,1.0,,heldout_child_calibration,False,,,,,,,,7.0,,
5085,G0,R_SIM,P_bal,logistic,within_child,1.0,,heldout_child_calibration,False,,,,,,,,8.0,,
5086,G0,R_SIM,P_bal,logistic,within_child,1.0,,heldout_child_calibration,False,,,,,,,,9.0,,
5087,G0,R_SIM,P_bal,logistic,within_child,1.0,,heldout_child_calibration,False,,,,,,,,10.0,,
5088,G0,L0,P_bal,logistic,within_child,2.0,,training_child_C_selection,False,,0.01,,,,,,0.0,,
5089,G0,L0,P_bal,logistic,within_child,2.0,,training_child_C_selection,False,,0.1,,,,,,0.0,,
5090,G0,L0,P_bal,logistic,within_child,2.0,,training_child_C_selection,False,,1.0,,,,,,0.0,,
5091,G0,L0,P_bal,logistic,within_child,2.0,,training_child_C_selection,False,,10.0,,,,,,0.0,,
5092,G0,L0,P_bal,logistic,within_child,2.0,,training_child_C_selection,False,,0.01,,,,,,1.0,,
5093,G0,L0,P_bal,logistic,within_child,2.0,,training_child_C_selection,False,,0.1,,,,,,1.0,,
5094,G0,L0,P_bal,logistic,within_child,2.0,,training_child_C_selection,False,,1.0,,,,,,1.0,,
5095,G0,L0,P_bal,logistic,within_child,2.0,,training_child_C_selection,False,,10.0,,,,,,1.0,,
5096,G0,L0,P_bal,logistic,within_child,2.0,,training_child_C_selection,False,,0.01,,,,,,2.0,,
5097,G0,L0,P_bal,logistic,within_child,2.0,,training_child_C_selection,False,,0.1,,,,,,2.0,,
5098,G0,L0,P_bal,logistic,within_child,2.0,,training_child_C_selection,False,,1.0,,,,,,2.0,,
5099,G0,L0,P_bal,logistic,within_child,2.0,,training_child_C_selection,False,,10.0,,,,,,2.0,,
5100,G0,L0,P_bal,logistic,within_child,2.0,,training_child_C_selection,False,,0.01,,,,,,3.0,,
5101,G0,L0,P_bal,logistic,within_child,2.0,,training_child_C_selection,False,,0.1,,,,,,3.0,,
5102,G0,L0,P_bal,logistic,within_child,2.0,,training_child_C_selection,False,,1.0,,,,,,3.0,,
5103,G0,L0,P_bal,logistic,within_child,2.0,,training_child_C_selection,False,,10.0,,,,,,3.0,,
5104,G0,L0,P_bal,logistic,within_child,2.0,,training_child_C_selection,False,,0.01,,,,,,4.0,,
5105,G0,L0,P_bal,logistic,within_child,2.0,,training_child_C_selection,False,,0.1,,,,,,4.0,,
5106,G0,L0,P_bal,logistic,within_child,2.0,,training_child_C_selection,False,,1.0,,,,,,4.0,,
5107,G0,L0,P_bal,logistic,within_child,2.0,,training_child_C_selection,False,,10.0,,,,,,4.0,,
5108,G0,L0,P_bal,logistic,within_child,2.0,,training_child_C_selection,False,,0.01,,,,,,5.0,,
5109,G0,L0,P_bal,logistic,within_child,2.0,,training_child_C_selection,False,,0.1,,,,,,5.0,,
5110,G0,L0,P_bal,logistic,within_child,2.0,,training_child_C_selection,False,,1.0,,,,,,5.0,,
5111,G0,L0,P_bal,logistic,within_child,2.0,,training_child_C_selection,False,,10.0,,,,,,5.0,,
5112,G0,L0,P_bal,logistic,within_child,2.0,,training_child_C_selection,False,,0.01,,,,,,6.0,,
5113,G0,L0,P_bal,logistic,within_child,2.0,,training_child_C_selection,False,,0.1,,,,,,6.0,,
5114,G0,L0,P_bal,logistic,within_child,2.0,,training_child_C_selection,False,,1.0,,,,,,6.0,,
5115,G0,L0,P_bal,logistic,within_child,2.0,,training_child_C_selection,False,,10.0,,,,,,6.0,,
5116,G0,L0,P_bal,logistic,within_child,2.0,,training_child_C_selection,False,,0.01,,,,,,7.0,,
5117,G0,L0,P_bal,logistic,within_child,2.0,,training_child_C_selection,False,,0.1,,,,,,7.0,,
5118,G0,L0,P_bal,logistic,within_child,2.0,,training_child_C_selection,False,,1.0,,,,,,7.0,,
5119,G0,L0,P_bal,logistic,within_child,2.0,,training_child_C_selection,False,,10.0,,,,,,7.0,,
5120,G0,L0,P_bal,logistic,within_child,2.0,,training_child_C_selection,False,,0.01,,,,,,8.0,,
5121,G0,L0,P_bal,logistic,within_child,2.0,,training_child_C_selection,False,,0.1,,,,,,8.0,,
5122,G0,L0,P_bal,logistic,within_child,2.0,,training_child_C_selection,False,,1.0,,,,,,8.0,,
5123,G0,L0,P_bal,logistic,within_child,2.0,,training_child_C_selection,False,,10.0,,,,,,8.0,,
5124,G0,L0,P_bal,logistic,within_child,2.0,,training_child_C_selection,False,,0.01,,,,,,9.0,,
5125,G0,L0,P_bal,logistic,within_child,2.0,,training_child_C_selection,False,,0.1,,,,,,9.0,,
5126,G0,L0,P_bal,logistic,within_child,2.0,,training_child_C_selection,False,,1.0,,,,,,9.0,,
5127,G0,L0,P_bal,logistic,within_child,2.0,,training_child_C_selection,False,,10.0,,,,,,9.0,,
5128,G0,L0,P_bal,logistic,within_child,2.0,,heldout_child_calibration,False,,,,,,,,0.0,,
5129,G0,L0,P_bal,logistic,within_child,2.0,,heldout_child_calibration,False,,,,,,,,1.0,,
5130,G0,L0,P_bal,logistic,within_child,2.0,,heldout_child_calibration,False,,,,,,,,2.0,,
5131,G0,L0,P_bal,logistic,within_child,2.0,,heldout_child_calibration,False,,,,,,,,3.0,,
5132,G0,L0,P_bal,logistic,within_child,2.0,,heldout_child_calibration,False,,,,,,,,4.0,,
5133,G0,L0,P_bal,logistic,within_child,2.0,,heldout_child_calibration,False,,,,,,,,5.0,,
5134,G0,L0,P_bal,logistic,within_child,2.0,,heldout_child_calibration,False,,,,,,,,6.0,,
5135,G0,L0,P_bal,logistic,within_child,2.0,,heldout_child_calibration,False,,,,,,,,7.0,,
5136,G0,L0,P_bal,logistic,within_child,2.0,,heldout_child_calibration,False,,,,,,,,8.0,,
5137,G0,L0,P_bal,logistic,within_child,2.0,,heldout_child_calibration,False,,,,,,,,9.0,,
5138,G0,L0,P_bal,logistic,within_child,2.0,,heldout_child_calibration,False,,,,,,,,10.0,,
5139,G0,R_RAND,P_bal,logistic,within_child,2.0,,training_child_C_selection,False,,0.01,,,,,,0.0,,
5140,G0,R_RAND,P_bal,logistic,within_child,2.0,,training_child_C_selection,False,,0.1,,,,,,0.0,,
5141,G0,R_RAND,P_bal,logistic,within_child,2.0,,training_child_C_selection,False,,1.0,,,,,,0.0,,
5142,G0,R_RAND,P_bal,logistic,within_child,2.0,,training_child_C_selection,False,,10.0,,,,,,0.0,,
5143,G0,R_RAND,P_bal,logistic,within_child,2.0,,training_child_C_selection,False,,0.01,,,,,,1.0,,
5144,G0,R_RAND,P_bal,logistic,within_child,2.0,,training_child_C_selection,False,,0.1,,,,,,1.0,,
5145,G0,R_RAND,P_bal,logistic,within_child,2.0,,training_child_C_selection,False,,1.0,,,,,,1.0,,
5146,G0,R_RAND,P_bal,logistic,within_child,2.0,,training_child_C_selection,False,,10.0,,,,,,1.0,,
5147,G0,R_RAND,P_bal,logistic,within_child,2.0,,training_child_C_selection,False,,0.01,,,,,,2.0,,
5148,G0,R_RAND,P_bal,logistic,within_child,2.0,,training_child_C_selection,False,,0.1,,,,,,2.0,,
5149,G0,R_RAND,P_bal,logistic,within_child,2.0,,training_child_C_selection,False,,1.0,,,,,,2.0,,
5150,G0,R_RAND,P_bal,logistic,within_child,2.0,,training_child_C_selection,False,,10.0,,,,,,2.0,,
5151,G0,R_RAND,P_bal,logistic,within_child,2.0,,training_child_C_selection,False,,0.01,,,,,,3.0,,
5152,G0,R_RAND,P_bal,logistic,within_child,2.0,,training_child_C_selection,False,,0.1,,,,,,3.0,,
5153,G0,R_RAND,P_bal,logistic,within_child,2.0,,training_child_C_selection,False,,1.0,,,,,,3.0,,
5154,G0,R_RAND,P_bal,logistic,within_child,2.0,,training_child_C_selection,False,,10.0,,,,,,3.0,,
5155,G0,R_RAND,P_bal,logistic,within_child,2.0,,training_child_C_selection,False,,0.01,,,,,,4.0,,
5156,G0,R_RAND,P_bal,logistic,within_child,2.0,,training_child_C_selection,False,,0.1,,,,,,4.0,,
5157,G0,R_RAND,P_bal,logistic,within_child,2.0,,training_child_C_selection,False,,1.0,,,,,,4.0,,
5158,G0,R_RAND,P_bal,logistic,within_child,2.0,,training_child_C_selection,False,,10.0,,,,,,4.0,,
5159,G0,R_RAND,P_bal,logistic,within_child,2.0,,training_child_C_selection,False,,0.01,,,,,,5.0,,
5160,G0,R_RAND,P_bal,logistic,within_child,2.0,,training_child_C_selection,False,,0.1,,,,,,5.0,,
5161,G0,R_RAND,P_bal,logistic,within_child,2.0,,training_child_C_selection,False,,1.0,,,,,,5.0,,
5162,G0,R_RAND,P_bal,logistic,within_child,2.0,,training_child_C_selection,False,,10.0,,,,,,5.0,,
5163,G0,R_RAND,P_bal,logistic,within_child,2.0,,training_child_C_selection,False,,0.01,,,,,,6.0,,
5164,G0,R_RAND,P_bal,logistic,within_child,2.0,,training_child_C_selection,False,,0.1,,,,,,6.0,,
5165,G0,R_RAND,P_bal,logistic,within_child,2.0,,training_child_C_selection,False,,1.0,,,,,,6.0,,
5166,G0,R_RAND,P_bal,logistic,within_child,2.0,,training_child_C_selection,False,,10.0,,,,,,6.0,,
5167,G0,R_RAND,P_bal,logistic,within_child,2.0,,training_child_C_selection,False,,0.01,,,,,,7.0,,
5168,G0,R_RAND,P_bal,logistic,within_child,2.0,,training_child_C_selection,False,,0.1,,,,,,7.0,,
5169,G0,R_RAND,P_bal,logistic,within_child,2.0,,training_child_C_selection,False,,1.0,,,,,,7.0,,
5170,G0,R_RAND,P_bal,logistic,within_child,2.0,,training_child_C_selection,False,,10.0,,,,,,7.0,,
5171,G0,R_RAND,P_bal,logistic,within_child,2.0,,training_child_C_selection,False,,0.01,,,,,,8.0,,
5172,G0,R_RAND,P_bal,logistic,within_child,2.0,,training_child_C_selection,False,,0.1,,,,,,8.0,,
5173,G0,R_RAND,P_bal,logistic,within_child,2.0,,training_child_C_selection,False,,1.0,,,,,,8.0,,
5174,G0,R_RAND,P_bal,logistic,within_child,2.0,,training_child_C_selection,False,,10.0,,,,,,8.0,,
5175,G0,R_RAND,P_bal,logistic,within_child,2.0,,training_child_C_selection,False,,0.01,,,,,,9.0,,
5176,G0,R_RAND,P_bal,logistic,within_child,2.0,,training_child_C_selection,False,,0.1,,,,,,9.0,,
5177,G0,R_RAND,P_bal,logistic,within_child,2.0,,training_child_C_selection,False,,1.0,,,,,,9.0,,
5178,G0,R_RAND,P_bal,logistic,within_child,2.0,,training_child_C_selection,False,,10.0,,,,,,9.0,,
5179,G0,R_RAND,P_bal,logistic,within_child,2.0,,heldout_child_calibration,False,,,,,,,,0.0,,
5180,G0,R_RAND,P_bal,logistic,within_child,2.0,,heldout_child_calibration,False,,,,,,,,1.0,,
5181,G0,R_RAND,P_bal,logistic,within_child,2.0,,heldout_child_calibration,False,,,,,,,,2.0,,
5182,G0,R_RAND,P_bal,logistic,within_child,2.0,,heldout_child_calibration,False,,,,,,,,3.0,,
5183,G0,R_RAND,P_bal,logistic,within_child,2.0,,heldout_child_calibration,False,,,,,,,,4.0,,
5184,G0,R_RAND,P_bal,logistic,within_child,2.0,,heldout_child_calibration,False,,,,,,,,5.0,,
5185,G0,R_RAND,P_bal,logistic,within_child,2.0,,heldout_child_calibration,False,,,,,,,,6.0,,
5186,G0,R_RAND,P_bal,logistic,within_child,2.0,,heldout_child_calibration,False,,,,,,,,7.0,,
5187,G0,R_RAND,P_bal,logistic,within_child,2.0,,heldout_child_calibration,False,,,,,,,,8.0,,
5188,G0,R_RAND,P_bal,logistic,within_child,2.0,,heldout_child_calibration,False,,,,,,,,9.0,,
5189,G0,R_RAND,P_bal,logistic,within_child,2.0,,heldout_child_calibration,False,,,,,,,,10.0,,
5190,G0,R_SUP,P_bal,logistic,within_child,2.0,,training_child_C_selection,False,,0.01,,,,,,0.0,,
5191,G0,R_SUP,P_bal,logistic,within_child,2.0,,training_child_C_selection,False,,0.1,,,,,,0.0,,
5192,G0,R_SUP,P_bal,logistic,within_child,2.0,,training_child_C_selection,False,,1.0,,,,,,0.0,,
5193,G0,R_SUP,P_bal,logistic,within_child,2.0,,training_child_C_selection,False,,10.0,,,,,,0.0,,
5194,G0,R_SUP,P_bal,logistic,within_child,2.0,,training_child_C_selection,False,,0.01,,,,,,1.0,,
5195,G0,R_SUP,P_bal,logistic,within_child,2.0,,training_child_C_selection,False,,0.1,,,,,,1.0,,
5196,G0,R_SUP,P_bal,logistic,within_child,2.0,,training_child_C_selection,False,,1.0,,,,,,1.0,,
5197,G0,R_SUP,P_bal,logistic,within_child,2.0,,training_child_C_selection,False,,10.0,,,,,,1.0,,
5198,G0,R_SUP,P_bal,logistic,within_child,2.0,,training_child_C_selection,False,,0.01,,,,,,2.0,,
5199,G0,R_SUP,P_bal,logistic,within_child,2.0,,training_child_C_selection,False,,0.1,,,,,,2.0,,
5200,G0,R_SUP,P_bal,logistic,within_child,2.0,,training_child_C_selection,False,,1.0,,,,,,2.0,,
5201,G0,R_SUP,P_bal,logistic,within_child,2.0,,training_child_C_selection,False,,10.0,,,,,,2.0,,
5202,G0,R_SUP,P_bal,logistic,within_child,2.0,,training_child_C_selection,False,,0.01,,,,,,3.0,,
5203,G0,R_SUP,P_bal,logistic,within_child,2.0,,training_child_C_selection,False,,0.1,,,,,,3.0,,
5204,G0,R_SUP,P_bal,logistic,within_child,2.0,,training_child_C_selection,False,,1.0,,,,,,3.0,,
5205,G0,R_SUP,P_bal,logistic,within_child,2.0,,training_child_C_selection,False,,10.0,,,,,,3.0,,
5206,G0,R_SUP,P_bal,logistic,within_child,2.0,,training_child_C_selection,False,,0.01,,,,,,4.0,,
5207,G0,R_SUP,P_bal,logistic,within_child,2.0,,training_child_C_selection,False,,0.1,,,,,,4.0,,
5208,G0,R_SUP,P_bal,logistic,within_child,2.0,,training_child_C_selection,False,,1.0,,,,,,4.0,,
5209,G0,R_SUP,P_bal,logistic,within_child,2.0,,training_child_C_selection,False,,10.0,,,,,,4.0,,
5210,G0,R_SUP,P_bal,logistic,within_child,2.0,,training_child_C_selection,False,,0.01,,,,,,5.0,,
5211,G0,R_SUP,P_bal,logistic,within_child,2.0,,training_child_C_selection,False,,0.1,,,,,,5.0,,
5212,G0,R_SUP,P_bal,logistic,within_child,2.0,,training_child_C_selection,False,,1.0,,,,,,5.0,,
5213,G0,R_SUP,P_bal,logistic,within_child,2.0,,training_child_C_selection,False,,10.0,,,,,,5.0,,
5214,G0,R_SUP,P_bal,logistic,within_child,2.0,,training_child_C_selection,False,,0.01,,,,,,6.0,,
5215,G0,R_SUP,P_bal,logistic,within_child,2.0,,training_child_C_selection,False,,0.1,,,,,,6.0,,
5216,G0,R_SUP,P_bal,logistic,within_child,2.0,,training_child_C_selection,False,,1.0,,,,,,6.0,,
5217,G0,R_SUP,P_bal,logistic,within_child,2.0,,training_child_C_selection,False,,10.0,,,,,,6.0,,
5218,G0,R_SUP,P_bal,logistic,within_child,2.0,,training_child_C_selection,False,,0.01,,,,,,7.0,,
5219,G0,R_SUP,P_bal,logistic,within_child,2.0,,training_child_C_selection,False,,0.1,,,,,,7.0,,
5220,G0,R_SUP,P_bal,logistic,within_child,2.0,,training_child_C_selection,False,,1.0,,,,,,7.0,,
5221,G0,R_SUP,P_bal,logistic,within_child,2.0,,training_child_C_selection,False,,10.0,,,,,,7.0,,
5222,G0,R_SUP,P_bal,logistic,within_child,2.0,,training_child_C_selection,False,,0.01,,,,,,8.0,,
5223,G0,R_SUP,P_bal,logistic,within_child,2.0,,training_child_C_selection,False,,0.1,,,,,,8.0,,
5224,G0,R_SUP,P_bal,logistic,within_child,2.0,,training_child_C_selection,False,,1.0,,,,,,8.0,,
5225,G0,R_SUP,P_bal,logistic,within_child,2.0,,training_child_C_selection,False,,10.0,,,,,,8.0,,
5226,G0,R_SUP,P_bal,logistic,within_child,2.0,,training_child_C_selection,False,,0.01,,,,,,9.0,,
5227,G0,R_SUP,P_bal,logistic,within_child,2.0,,training_child_C_selection,False,,0.1,,,,,,9.0,,
5228,G0,R_SUP,P_bal,logistic,within_child,2.0,,training_child_C_selection,False,,1.0,,,,,,9.0,,
5229,G0,R_SUP,P_bal,logistic,within_child,2.0,,training_child_C_selection,False,,10.0,,,,,,9.0,,
5230,G0,R_SUP,P_bal,logistic,within_child,2.0,,heldout_child_calibration,False,,,,,,,,0.0,,
5231,G0,R_SUP,P_bal,logistic,within_child,2.0,,heldout_child_calibration,False,,,,,,,,1.0,,
5232,G0,R_SUP,P_bal,logistic,within_child,2.0,,heldout_child_calibration,False,,,,,,,,2.0,,
5233,G0,R_SUP,P_bal,logistic,within_child,2.0,,heldout_child_calibration,False,,,,,,,,3.0,,
5234,G0,R_SUP,P_bal,logistic,within_child,2.0,,heldout_child_calibration,False,,,,,,,,4.0,,
5235,G0,R_SUP,P_bal,logistic,within_child,2.0,,heldout_child_calibration,False,,,,,,,,5.0,,
5236,G0,R_SUP,P_bal,logistic,within_child,2.0,,heldout_child_calibration,False,,,,,,,,6.0,,
5237,G0,R_SUP,P_bal,logistic,within_child,2.0,,heldout_child_calibration,False,,,,,,,,7.0,,
5238,G0,R_SUP,P_bal,logistic,within_child,2.0,,heldout_child_calibration,False,,,,,,,,8.0,,
5239,G0,R_SUP,P_bal,logistic,within_child,2.0,,heldout_child_calibration,False,,,,,,,,9.0,,
5240,G0,R_SUP,P_bal,logistic,within_child,2.0,,heldout_child_calibration,False,,,,,,,,10.0,,
5241,G0,R_SIM,P_bal,logistic,within_child,2.0,,training_child_C_selection,False,,0.01,,,,,,0.0,,
5242,G0,R_SIM,P_bal,logistic,within_child,2.0,,training_child_C_selection,False,,0.1,,,,,,0.0,,
5243,G0,R_SIM,P_bal,logistic,within_child,2.0,,training_child_C_selection,False,,1.0,,,,,,0.0,,
5244,G0,R_SIM,P_bal,logistic,within_child,2.0,,training_child_C_selection,False,,10.0,,,,,,0.0,,
5245,G0,R_SIM,P_bal,logistic,within_child,2.0,,training_child_C_selection,False,,0.01,,,,,,1.0,,
5246,G0,R_SIM,P_bal,logistic,within_child,2.0,,training_child_C_selection,False,,0.1,,,,,,1.0,,
5247,G0,R_SIM,P_bal,logistic,within_child,2.0,,training_child_C_selection,False,,1.0,,,,,,1.0,,
5248,G0,R_SIM,P_bal,logistic,within_child,2.0,,training_child_C_selection,False,,10.0,,,,,,1.0,,
5249,G0,R_SIM,P_bal,logistic,within_child,2.0,,training_child_C_selection,False,,0.01,,,,,,2.0,,
5250,G0,R_SIM,P_bal,logistic,within_child,2.0,,training_child_C_selection,False,,0.1,,,,,,2.0,,
5251,G0,R_SIM,P_bal,logistic,within_child,2.0,,training_child_C_selection,False,,1.0,,,,,,2.0,,
5252,G0,R_SIM,P_bal,logistic,within_child,2.0,,training_child_C_selection,False,,10.0,,,,,,2.0,,
5253,G0,R_SIM,P_bal,logistic,within_child,2.0,,training_child_C_selection,False,,0.01,,,,,,3.0,,
5254,G0,R_SIM,P_bal,logistic,within_child,2.0,,training_child_C_selection,False,,0.1,,,,,,3.0,,
5255,G0,R_SIM,P_bal,logistic,within_child,2.0,,training_child_C_selection,False,,1.0,,,,,,3.0,,
5256,G0,R_SIM,P_bal,logistic,within_child,2.0,,training_child_C_selection,False,,10.0,,,,,,3.0,,
5257,G0,R_SIM,P_bal,logistic,within_child,2.0,,training_child_C_selection,False,,0.01,,,,,,4.0,,
5258,G0,R_SIM,P_bal,logistic,within_child,2.0,,training_child_C_selection,False,,0.1,,,,,,4.0,,
5259,G0,R_SIM,P_bal,logistic,within_child,2.0,,training_child_C_selection,False,,1.0,,,,,,4.0,,
5260,G0,R_SIM,P_bal,logistic,within_child,2.0,,training_child_C_selection,False,,10.0,,,,,,4.0,,
5261,G0,R_SIM,P_bal,logistic,within_child,2.0,,training_child_C_selection,False,,0.01,,,,,,5.0,,
5262,G0,R_SIM,P_bal,logistic,within_child,2.0,,training_child_C_selection,False,,0.1,,,,,,5.0,,
5263,G0,R_SIM,P_bal,logistic,within_child,2.0,,training_child_C_selection,False,,1.0,,,,,,5.0,,
5264,G0,R_SIM,P_bal,logistic,within_child,2.0,,training_child_C_selection,False,,10.0,,,,,,5.0,,
5265,G0,R_SIM,P_bal,logistic,within_child,2.0,,training_child_C_selection,False,,0.01,,,,,,6.0,,
5266,G0,R_SIM,P_bal,logistic,within_child,2.0,,training_child_C_selection,False,,0.1,,,,,,6.0,,
5267,G0,R_SIM,P_bal,logistic,within_child,2.0,,training_child_C_selection,False,,1.0,,,,,,6.0,,
5268,G0,R_SIM,P_bal,logistic,within_child,2.0,,training_child_C_selection,False,,10.0,,,,,,6.0,,
5269,G0,R_SIM,P_bal,logistic,within_child,2.0,,training_child_C_selection,False,,0.01,,,,,,7.0,,
5270,G0,R_SIM,P_bal,logistic,within_child,2.0,,training_child_C_selection,False,,0.1,,,,,,7.0,,
5271,G0,R_SIM,P_bal,logistic,within_child,2.0,,training_child_C_selection,False,,1.0,,,,,,7.0,,
5272,G0,R_SIM,P_bal,logistic,within_child,2.0,,training_child_C_selection,False,,10.0,,,,,,7.0,,
5273,G0,R_SIM,P_bal,logistic,within_child,2.0,,training_child_C_selection,False,,0.01,,,,,,8.0,,
5274,G0,R_SIM,P_bal,logistic,within_child,2.0,,training_child_C_selection,False,,0.1,,,,,,8.0,,
5275,G0,R_SIM,P_bal,logistic,within_child,2.0,,training_child_C_selection,False,,1.0,,,,,,8.0,,
5276,G0,R_SIM,P_bal,logistic,within_child,2.0,,training_child_C_selection,False,,10.0,,,,,,8.0,,
5277,G0,R_SIM,P_bal,logistic,within_child,2.0,,training_child_C_selection,False,,0.01,,,,,,9.0,,
5278,G0,R_SIM,P_bal,logistic,within_child,2.0,,training_child_C_selection,False,,0.1,,,,,,9.0,,
5279,G0,R_SIM,P_bal,logistic,within_child,2.0,,training_child_C_selection,False,,1.0,,,,,,9.0,,
5280,G0,R_SIM,P_bal,logistic,within_child,2.0,,training_child_C_selection,False,,10.0,,,,,,9.0,,
5281,G0,R_SIM,P_bal,logistic,within_child,2.0,,heldout_child_calibration,False,,,,,,,,0.0,,
5282,G0,R_SIM,P_bal,logistic,within_child,2.0,,heldout_child_calibration,False,,,,,,,,1.0,,
5283,G0,R_SIM,P_bal,logistic,within_child,2.0,,heldout_child_calibration,False,,,,,,,,2.0,,
5284,G0,R_SIM,P_bal,logistic,within_child,2.0,,heldout_child_calibration,False,,,,,,,,3.0,,
5285,G0,R_SIM,P_bal,logistic,within_child,2.0,,heldout_child_calibration,False,,,,,,,,4.0,,
5286,G0,R_SIM,P_bal,logistic,within_child,2.0,,heldout_child_calibration,False,,,,,,,,5.0,,
5287,G0,R_SIM,P_bal,logistic,within_child,2.0,,heldout_child_calibration,False,,,,,,,,6.0,,
5288,G0,R_SIM,P_bal,logistic,within_child,2.0,,heldout_child_calibration,False,,,,,,,,7.0,,
5289,G0,R_SIM,P_bal,logistic,within_child,2.0,,heldout_child_calibration,False,,,,,,,,8.0,,
5290,G0,R_SIM,P_bal,logistic,within_child,2.0,,heldout_child_calibration,False,,,,,,,,9.0,,
5291,G0,R_SIM,P_bal,logistic,within_child,2.0,,heldout_child_calibration,False,,,,,,,,10.0,,
5292,G0,L0,P_bal,logistic,within_child,3.0,,training_child_C_selection,False,,0.01,,,,,,0.0,,
5293,G0,L0,P_bal,logistic,within_child,3.0,,training_child_C_selection,False,,0.1,,,,,,0.0,,
5294,G0,L0,P_bal,logistic,within_child,3.0,,training_child_C_selection,False,,1.0,,,,,,0.0,,
5295,G0,L0,P_bal,logistic,within_child,3.0,,training_child_C_selection,False,,10.0,,,,,,0.0,,
5296,G0,L0,P_bal,logistic,within_child,3.0,,training_child_C_selection,False,,0.01,,,,,,1.0,,
5297,G0,L0,P_bal,logistic,within_child,3.0,,training_child_C_selection,False,,0.1,,,,,,1.0,,
5298,G0,L0,P_bal,logistic,within_child,3.0,,training_child_C_selection,False,,1.0,,,,,,1.0,,
5299,G0,L0,P_bal,logistic,within_child,3.0,,training_child_C_selection,False,,10.0,,,,,,1.0,,
5300,G0,L0,P_bal,logistic,within_child,3.0,,training_child_C_selection,False,,0.01,,,,,,2.0,,
5301,G0,L0,P_bal,logistic,within_child,3.0,,training_child_C_selection,False,,0.1,,,,,,2.0,,
5302,G0,L0,P_bal,logistic,within_child,3.0,,training_child_C_selection,False,,1.0,,,,,,2.0,,
5303,G0,L0,P_bal,logistic,within_child,3.0,,training_child_C_selection,False,,10.0,,,,,,2.0,,
5304,G0,L0,P_bal,logistic,within_child,3.0,,training_child_C_selection,False,,0.01,,,,,,3.0,,
5305,G0,L0,P_bal,logistic,within_child,3.0,,training_child_C_selection,False,,0.1,,,,,,3.0,,
5306,G0,L0,P_bal,logistic,within_child,3.0,,training_child_C_selection,False,,1.0,,,,,,3.0,,
5307,G0,L0,P_bal,logistic,within_child,3.0,,training_child_C_selection,False,,10.0,,,,,,3.0,,
5308,G0,L0,P_bal,logistic,within_child,3.0,,training_child_C_selection,False,,0.01,,,,,,4.0,,
5309,G0,L0,P_bal,logistic,within_child,3.0,,training_child_C_selection,False,,0.1,,,,,,4.0,,
5310,G0,L0,P_bal,logistic,within_child,3.0,,training_child_C_selection,False,,1.0,,,,,,4.0,,
5311,G0,L0,P_bal,logistic,within_child,3.0,,training_child_C_selection,False,,10.0,,,,,,4.0,,
5312,G0,L0,P_bal,logistic,within_child,3.0,,training_child_C_selection,False,,0.01,,,,,,5.0,,
5313,G0,L0,P_bal,logistic,within_child,3.0,,training_child_C_selection,False,,0.1,,,,,,5.0,,
5314,G0,L0,P_bal,logistic,within_child,3.0,,training_child_C_selection,False,,1.0,,,,,,5.0,,
5315,G0,L0,P_bal,logistic,within_child,3.0,,training_child_C_selection,False,,10.0,,,,,,5.0,,
5316,G0,L0,P_bal,logistic,within_child,3.0,,training_child_C_selection,False,,0.01,,,,,,6.0,,
5317,G0,L0,P_bal,logistic,within_child,3.0,,training_child_C_selection,False,,0.1,,,,,,6.0,,
5318,G0,L0,P_bal,logistic,within_child,3.0,,training_child_C_selection,False,,1.0,,,,,,6.0,,
5319,G0,L0,P_bal,logistic,within_child,3.0,,training_child_C_selection,False,,10.0,,,,,,6.0,,
5320,G0,L0,P_bal,logistic,within_child,3.0,,training_child_C_selection,False,,0.01,,,,,,7.0,,
5321,G0,L0,P_bal,logistic,within_child,3.0,,training_child_C_selection,False,,0.1,,,,,,7.0,,
5322,G0,L0,P_bal,logistic,within_child,3.0,,training_child_C_selection,False,,1.0,,,,,,7.0,,
5323,G0,L0,P_bal,logistic,within_child,3.0,,training_child_C_selection,False,,10.0,,,,,,7.0,,
5324,G0,L0,P_bal,logistic,within_child,3.0,,training_child_C_selection,False,,0.01,,,,,,8.0,,
5325,G0,L0,P_bal,logistic,within_child,3.0,,training_child_C_selection,False,,0.1,,,,,,8.0,,
5326,G0,L0,P_bal,logistic,within_child,3.0,,training_child_C_selection,False,,1.0,,,,,,8.0,,
5327,G0,L0,P_bal,logistic,within_child,3.0,,training_child_C_selection,False,,10.0,,,,,,8.0,,
5328,G0,L0,P_bal,logistic,within_child,3.0,,training_child_C_selection,False,,0.01,,,,,,9.0,,
5329,G0,L0,P_bal,logistic,within_child,3.0,,training_child_C_selection,False,,0.1,,,,,,9.0,,
5330,G0,L0,P_bal,logistic,within_child,3.0,,training_child_C_selection,False,,1.0,,,,,,9.0,,
5331,G0,L0,P_bal,logistic,within_child,3.0,,training_child_C_selection,False,,10.0,,,,,,9.0,,
5332,G0,L0,P_bal,logistic,within_child,3.0,,heldout_child_calibration,False,,,,,,,,0.0,,
5333,G0,L0,P_bal,logistic,within_child,3.0,,heldout_child_calibration,False,,,,,,,,1.0,,
5334,G0,L0,P_bal,logistic,within_child,3.0,,heldout_child_calibration,False,,,,,,,,2.0,,
5335,G0,L0,P_bal,logistic,within_child,3.0,,heldout_child_calibration,False,,,,,,,,3.0,,
5336,G0,L0,P_bal,logistic,within_child,3.0,,heldout_child_calibration,False,,,,,,,,4.0,,
5337,G0,L0,P_bal,logistic,within_child,3.0,,heldout_child_calibration,False,,,,,,,,5.0,,
5338,G0,L0,P_bal,logistic,within_child,3.0,,heldout_child_calibration,False,,,,,,,,6.0,,
5339,G0,L0,P_bal,logistic,within_child,3.0,,heldout_child_calibration,False,,,,,,,,7.0,,
5340,G0,L0,P_bal,logistic,within_child,3.0,,heldout_child_calibration,False,,,,,,,,8.0,,
5341,G0,L0,P_bal,logistic,within_child,3.0,,heldout_child_calibration,False,,,,,,,,9.0,,
5342,G0,L0,P_bal,logistic,within_child,3.0,,heldout_child_calibration,False,,,,,,,,10.0,,
5343,G0,L0,P_bal,logistic,within_child,3.0,,heldout_child_calibration,False,,,,,,,,11.0,,
5344,G0,R_RAND,P_bal,logistic,within_child,3.0,,training_child_C_selection,False,,0.01,,,,,,0.0,,
5345,G0,R_RAND,P_bal,logistic,within_child,3.0,,training_child_C_selection,False,,0.1,,,,,,0.0,,
5346,G0,R_RAND,P_bal,logistic,within_child,3.0,,training_child_C_selection,False,,1.0,,,,,,0.0,,
5347,G0,R_RAND,P_bal,logistic,within_child,3.0,,training_child_C_selection,False,,10.0,,,,,,0.0,,
5348,G0,R_RAND,P_bal,logistic,within_child,3.0,,training_child_C_selection,False,,0.01,,,,,,1.0,,
5349,G0,R_RAND,P_bal,logistic,within_child,3.0,,training_child_C_selection,False,,0.1,,,,,,1.0,,
5350,G0,R_RAND,P_bal,logistic,within_child,3.0,,training_child_C_selection,False,,1.0,,,,,,1.0,,
5351,G0,R_RAND,P_bal,logistic,within_child,3.0,,training_child_C_selection,False,,10.0,,,,,,1.0,,
5352,G0,R_RAND,P_bal,logistic,within_child,3.0,,training_child_C_selection,False,,0.01,,,,,,2.0,,
5353,G0,R_RAND,P_bal,logistic,within_child,3.0,,training_child_C_selection,False,,0.1,,,,,,2.0,,
5354,G0,R_RAND,P_bal,logistic,within_child,3.0,,training_child_C_selection,False,,1.0,,,,,,2.0,,
5355,G0,R_RAND,P_bal,logistic,within_child,3.0,,training_child_C_selection,False,,10.0,,,,,,2.0,,
5356,G0,R_RAND,P_bal,logistic,within_child,3.0,,training_child_C_selection,False,,0.01,,,,,,3.0,,
5357,G0,R_RAND,P_bal,logistic,within_child,3.0,,training_child_C_selection,False,,0.1,,,,,,3.0,,
5358,G0,R_RAND,P_bal,logistic,within_child,3.0,,training_child_C_selection,False,,1.0,,,,,,3.0,,
5359,G0,R_RAND,P_bal,logistic,within_child,3.0,,training_child_C_selection,False,,10.0,,,,,,3.0,,
5360,G0,R_RAND,P_bal,logistic,within_child,3.0,,training_child_C_selection,False,,0.01,,,,,,4.0,,
5361,G0,R_RAND,P_bal,logistic,within_child,3.0,,training_child_C_selection,False,,0.1,,,,,,4.0,,
5362,G0,R_RAND,P_bal,logistic,within_child,3.0,,training_child_C_selection,False,,1.0,,,,,,4.0,,
5363,G0,R_RAND,P_bal,logistic,within_child,3.0,,training_child_C_selection,False,,10.0,,,,,,4.0,,
5364,G0,R_RAND,P_bal,logistic,within_child,3.0,,training_child_C_selection,False,,0.01,,,,,,5.0,,
5365,G0,R_RAND,P_bal,logistic,within_child,3.0,,training_child_C_selection,False,,0.1,,,,,,5.0,,
5366,G0,R_RAND,P_bal,logistic,within_child,3.0,,training_child_C_selection,False,,1.0,,,,,,5.0,,
5367,G0,R_RAND,P_bal,logistic,within_child,3.0,,training_child_C_selection,False,,10.0,,,,,,5.0,,
5368,G0,R_RAND,P_bal,logistic,within_child,3.0,,training_child_C_selection,False,,0.01,,,,,,6.0,,
5369,G0,R_RAND,P_bal,logistic,within_child,3.0,,training_child_C_selection,False,,0.1,,,,,,6.0,,
5370,G0,R_RAND,P_bal,logistic,within_child,3.0,,training_child_C_selection,False,,1.0,,,,,,6.0,,
5371,G0,R_RAND,P_bal,logistic,within_child,3.0,,training_child_C_selection,False,,10.0,,,,,,6.0,,
5372,G0,R_RAND,P_bal,logistic,within_child,3.0,,training_child_C_selection,False,,0.01,,,,,,7.0,,
5373,G0,R_RAND,P_bal,logistic,within_child,3.0,,training_child_C_selection,False,,0.1,,,,,,7.0,,
5374,G0,R_RAND,P_bal,logistic,within_child,3.0,,training_child_C_selection,False,,1.0,,,,,,7.0,,
5375,G0,R_RAND,P_bal,logistic,within_child,3.0,,training_child_C_selection,False,,10.0,,,,,,7.0,,
5376,G0,R_RAND,P_bal,logistic,within_child,3.0,,training_child_C_selection,False,,0.01,,,,,,8.0,,
5377,G0,R_RAND,P_bal,logistic,within_child,3.0,,training_child_C_selection,False,,0.1,,,,,,8.0,,
5378,G0,R_RAND,P_bal,logistic,within_child,3.0,,training_child_C_selection,False,,1.0,,,,,,8.0,,
5379,G0,R_RAND,P_bal,logistic,within_child,3.0,,training_child_C_selection,False,,10.0,,,,,,8.0,,
5380,G0,R_RAND,P_bal,logistic,within_child,3.0,,training_child_C_selection,False,,0.01,,,,,,9.0,,
5381,G0,R_RAND,P_bal,logistic,within_child,3.0,,training_child_C_selection,False,,0.1,,,,,,9.0,,
5382,G0,R_RAND,P_bal,logistic,within_child,3.0,,training_child_C_selection,False,,1.0,,,,,,9.0,,
5383,G0,R_RAND,P_bal,logistic,within_child,3.0,,training_child_C_selection,False,,10.0,,,,,,9.0,,
5384,G0,R_RAND,P_bal,logistic,within_child,3.0,,heldout_child_calibration,False,,,,,,,,0.0,,
5385,G0,R_RAND,P_bal,logistic,within_child,3.0,,heldout_child_calibration,False,,,,,,,,1.0,,
5386,G0,R_RAND,P_bal,logistic,within_child,3.0,,heldout_child_calibration,False,,,,,,,,2.0,,
5387,G0,R_RAND,P_bal,logistic,within_child,3.0,,heldout_child_calibration,False,,,,,,,,3.0,,
5388,G0,R_RAND,P_bal,logistic,within_child,3.0,,heldout_child_calibration,False,,,,,,,,4.0,,
5389,G0,R_RAND,P_bal,logistic,within_child,3.0,,heldout_child_calibration,False,,,,,,,,5.0,,
5390,G0,R_RAND,P_bal,logistic,within_child,3.0,,heldout_child_calibration,False,,,,,,,,6.0,,
5391,G0,R_RAND,P_bal,logistic,within_child,3.0,,heldout_child_calibration,False,,,,,,,,7.0,,
5392,G0,R_RAND,P_bal,logistic,within_child,3.0,,heldout_child_calibration,False,,,,,,,,8.0,,
5393,G0,R_RAND,P_bal,logistic,within_child,3.0,,heldout_child_calibration,False,,,,,,,,9.0,,
5394,G0,R_RAND,P_bal,logistic,within_child,3.0,,heldout_child_calibration,False,,,,,,,,10.0,,
5395,G0,R_RAND,P_bal,logistic,within_child,3.0,,heldout_child_calibration,False,,,,,,,,11.0,,
5396,G0,R_SUP,P_bal,logistic,within_child,3.0,,training_child_C_selection,False,,0.01,,,,,,0.0,,
5397,G0,R_SUP,P_bal,logistic,within_child,3.0,,training_child_C_selection,False,,0.1,,,,,,0.0,,
5398,G0,R_SUP,P_bal,logistic,within_child,3.0,,training_child_C_selection,False,,1.0,,,,,,0.0,,
5399,G0,R_SUP,P_bal,logistic,within_child,3.0,,training_child_C_selection,False,,10.0,,,,,,0.0,,
5400,G0,R_SUP,P_bal,logistic,within_child,3.0,,training_child_C_selection,False,,0.01,,,,,,1.0,,
5401,G0,R_SUP,P_bal,logistic,within_child,3.0,,training_child_C_selection,False,,0.1,,,,,,1.0,,
5402,G0,R_SUP,P_bal,logistic,within_child,3.0,,training_child_C_selection,False,,1.0,,,,,,1.0,,
5403,G0,R_SUP,P_bal,logistic,within_child,3.0,,training_child_C_selection,False,,10.0,,,,,,1.0,,
5404,G0,R_SUP,P_bal,logistic,within_child,3.0,,training_child_C_selection,False,,0.01,,,,,,2.0,,
5405,G0,R_SUP,P_bal,logistic,within_child,3.0,,training_child_C_selection,False,,0.1,,,,,,2.0,,
5406,G0,R_SUP,P_bal,logistic,within_child,3.0,,training_child_C_selection,False,,1.0,,,,,,2.0,,
5407,G0,R_SUP,P_bal,logistic,within_child,3.0,,training_child_C_selection,False,,10.0,,,,,,2.0,,
5408,G0,R_SUP,P_bal,logistic,within_child,3.0,,training_child_C_selection,False,,0.01,,,,,,3.0,,
5409,G0,R_SUP,P_bal,logistic,within_child,3.0,,training_child_C_selection,False,,0.1,,,,,,3.0,,
5410,G0,R_SUP,P_bal,logistic,within_child,3.0,,training_child_C_selection,False,,1.0,,,,,,3.0,,
5411,G0,R_SUP,P_bal,logistic,within_child,3.0,,training_child_C_selection,False,,10.0,,,,,,3.0,,
5412,G0,R_SUP,P_bal,logistic,within_child,3.0,,training_child_C_selection,False,,0.01,,,,,,4.0,,
5413,G0,R_SUP,P_bal,logistic,within_child,3.0,,training_child_C_selection,False,,0.1,,,,,,4.0,,
5414,G0,R_SUP,P_bal,logistic,within_child,3.0,,training_child_C_selection,False,,1.0,,,,,,4.0,,
5415,G0,R_SUP,P_bal,logistic,within_child,3.0,,training_child_C_selection,False,,10.0,,,,,,4.0,,
5416,G0,R_SUP,P_bal,logistic,within_child,3.0,,training_child_C_selection,False,,0.01,,,,,,5.0,,
5417,G0,R_SUP,P_bal,logistic,within_child,3.0,,training_child_C_selection,False,,0.1,,,,,,5.0,,
5418,G0,R_SUP,P_bal,logistic,within_child,3.0,,training_child_C_selection,False,,1.0,,,,,,5.0,,
5419,G0,R_SUP,P_bal,logistic,within_child,3.0,,training_child_C_selection,False,,10.0,,,,,,5.0,,
5420,G0,R_SUP,P_bal,logistic,within_child,3.0,,training_child_C_selection,False,,0.01,,,,,,6.0,,
5421,G0,R_SUP,P_bal,logistic,within_child,3.0,,training_child_C_selection,False,,0.1,,,,,,6.0,,
5422,G0,R_SUP,P_bal,logistic,within_child,3.0,,training_child_C_selection,False,,1.0,,,,,,6.0,,
5423,G0,R_SUP,P_bal,logistic,within_child,3.0,,training_child_C_selection,False,,10.0,,,,,,6.0,,
5424,G0,R_SUP,P_bal,logistic,within_child,3.0,,training_child_C_selection,False,,0.01,,,,,,7.0,,
5425,G0,R_SUP,P_bal,logistic,within_child,3.0,,training_child_C_selection,False,,0.1,,,,,,7.0,,
5426,G0,R_SUP,P_bal,logistic,within_child,3.0,,training_child_C_selection,False,,1.0,,,,,,7.0,,
5427,G0,R_SUP,P_bal,logistic,within_child,3.0,,training_child_C_selection,False,,10.0,,,,,,7.0,,
5428,G0,R_SUP,P_bal,logistic,within_child,3.0,,training_child_C_selection,False,,0.01,,,,,,8.0,,
5429,G0,R_SUP,P_bal,logistic,within_child,3.0,,training_child_C_selection,False,,0.1,,,,,,8.0,,
5430,G0,R_SUP,P_bal,logistic,within_child,3.0,,training_child_C_selection,False,,1.0,,,,,,8.0,,
5431,G0,R_SUP,P_bal,logistic,within_child,3.0,,training_child_C_selection,False,,10.0,,,,,,8.0,,
5432,G0,R_SUP,P_bal,logistic,within_child,3.0,,training_child_C_selection,False,,0.01,,,,,,9.0,,
5433,G0,R_SUP,P_bal,logistic,within_child,3.0,,training_child_C_selection,False,,0.1,,,,,,9.0,,
5434,G0,R_SUP,P_bal,logistic,within_child,3.0,,training_child_C_selection,False,,1.0,,,,,,9.0,,
5435,G0,R_SUP,P_bal,logistic,within_child,3.0,,training_child_C_selection,False,,10.0,,,,,,9.0,,
5436,G0,R_SUP,P_bal,logistic,within_child,3.0,,heldout_child_calibration,False,,,,,,,,0.0,,
5437,G0,R_SUP,P_bal,logistic,within_child,3.0,,heldout_child_calibration,False,,,,,,,,1.0,,
5438,G0,R_SUP,P_bal,logistic,within_child,3.0,,heldout_child_calibration,False,,,,,,,,2.0,,
5439,G0,R_SUP,P_bal,logistic,within_child,3.0,,heldout_child_calibration,False,,,,,,,,3.0,,
5440,G0,R_SUP,P_bal,logistic,within_child,3.0,,heldout_child_calibration,False,,,,,,,,4.0,,
5441,G0,R_SUP,P_bal,logistic,within_child,3.0,,heldout_child_calibration,False,,,,,,,,5.0,,
5442,G0,R_SUP,P_bal,logistic,within_child,3.0,,heldout_child_calibration,False,,,,,,,,6.0,,
5443,G0,R_SUP,P_bal,logistic,within_child,3.0,,heldout_child_calibration,False,,,,,,,,7.0,,
5444,G0,R_SUP,P_bal,logistic,within_child,3.0,,heldout_child_calibration,False,,,,,,,,8.0,,
5445,G0,R_SUP,P_bal,logistic,within_child,3.0,,heldout_child_calibration,False,,,,,,,,9.0,,
5446,G0,R_SUP,P_bal,logistic,within_child,3.0,,heldout_child_calibration,False,,,,,,,,10.0,,
5447,G0,R_SUP,P_bal,logistic,within_child,3.0,,heldout_child_calibration,False,,,,,,,,11.0,,
5448,G0,R_SIM,P_bal,logistic,within_child,3.0,,training_child_C_selection,False,,0.01,,,,,,0.0,,
5449,G0,R_SIM,P_bal,logistic,within_child,3.0,,training_child_C_selection,False,,0.1,,,,,,0.0,,
5450,G0,R_SIM,P_bal,logistic,within_child,3.0,,training_child_C_selection,False,,1.0,,,,,,0.0,,
5451,G0,R_SIM,P_bal,logistic,within_child,3.0,,training_child_C_selection,False,,10.0,,,,,,0.0,,
5452,G0,R_SIM,P_bal,logistic,within_child,3.0,,training_child_C_selection,False,,0.01,,,,,,1.0,,
5453,G0,R_SIM,P_bal,logistic,within_child,3.0,,training_child_C_selection,False,,0.1,,,,,,1.0,,
5454,G0,R_SIM,P_bal,logistic,within_child,3.0,,training_child_C_selection,False,,1.0,,,,,,1.0,,
5455,G0,R_SIM,P_bal,logistic,within_child,3.0,,training_child_C_selection,False,,10.0,,,,,,1.0,,
5456,G0,R_SIM,P_bal,logistic,within_child,3.0,,training_child_C_selection,False,,0.01,,,,,,2.0,,
5457,G0,R_SIM,P_bal,logistic,within_child,3.0,,training_child_C_selection,False,,0.1,,,,,,2.0,,
5458,G0,R_SIM,P_bal,logistic,within_child,3.0,,training_child_C_selection,False,,1.0,,,,,,2.0,,
5459,G0,R_SIM,P_bal,logistic,within_child,3.0,,training_child_C_selection,False,,10.0,,,,,,2.0,,
5460,G0,R_SIM,P_bal,logistic,within_child,3.0,,training_child_C_selection,False,,0.01,,,,,,3.0,,
5461,G0,R_SIM,P_bal,logistic,within_child,3.0,,training_child_C_selection,False,,0.1,,,,,,3.0,,
5462,G0,R_SIM,P_bal,logistic,within_child,3.0,,training_child_C_selection,False,,1.0,,,,,,3.0,,
5463,G0,R_SIM,P_bal,logistic,within_child,3.0,,training_child_C_selection,False,,10.0,,,,,,3.0,,
5464,G0,R_SIM,P_bal,logistic,within_child,3.0,,training_child_C_selection,False,,0.01,,,,,,4.0,,
5465,G0,R_SIM,P_bal,logistic,within_child,3.0,,training_child_C_selection,False,,0.1,,,,,,4.0,,
5466,G0,R_SIM,P_bal,logistic,within_child,3.0,,training_child_C_selection,False,,1.0,,,,,,4.0,,
5467,G0,R_SIM,P_bal,logistic,within_child,3.0,,training_child_C_selection,False,,10.0,,,,,,4.0,,
5468,G0,R_SIM,P_bal,logistic,within_child,3.0,,training_child_C_selection,False,,0.01,,,,,,5.0,,
5469,G0,R_SIM,P_bal,logistic,within_child,3.0,,training_child_C_selection,False,,0.1,,,,,,5.0,,
5470,G0,R_SIM,P_bal,logistic,within_child,3.0,,training_child_C_selection,False,,1.0,,,,,,5.0,,
5471,G0,R_SIM,P_bal,logistic,within_child,3.0,,training_child_C_selection,False,,10.0,,,,,,5.0,,
5472,G0,R_SIM,P_bal,logistic,within_child,3.0,,training_child_C_selection,False,,0.01,,,,,,6.0,,
5473,G0,R_SIM,P_bal,logistic,within_child,3.0,,training_child_C_selection,False,,0.1,,,,,,6.0,,
5474,G0,R_SIM,P_bal,logistic,within_child,3.0,,training_child_C_selection,False,,1.0,,,,,,6.0,,
5475,G0,R_SIM,P_bal,logistic,within_child,3.0,,training_child_C_selection,False,,10.0,,,,,,6.0,,
5476,G0,R_SIM,P_bal,logistic,within_child,3.0,,training_child_C_selection,False,,0.01,,,,,,7.0,,
5477,G0,R_SIM,P_bal,logistic,within_child,3.0,,training_child_C_selection,False,,0.1,,,,,,7.0,,
5478,G0,R_SIM,P_bal,logistic,within_child,3.0,,training_child_C_selection,False,,1.0,,,,,,7.0,,
5479,G0,R_SIM,P_bal,logistic,within_child,3.0,,training_child_C_selection,False,,10.0,,,,,,7.0,,
5480,G0,R_SIM,P_bal,logistic,within_child,3.0,,training_child_C_selection,False,,0.01,,,,,,8.0,,
5481,G0,R_SIM,P_bal,logistic,within_child,3.0,,training_child_C_selection,False,,0.1,,,,,,8.0,,
5482,G0,R_SIM,P_bal,logistic,within_child,3.0,,training_child_C_selection,False,,1.0,,,,,,8.0,,
5483,G0,R_SIM,P_bal,logistic,within_child,3.0,,training_child_C_selection,False,,10.0,,,,,,8.0,,
5484,G0,R_SIM,P_bal,logistic,within_child,3.0,,training_child_C_selection,False,,0.01,,,,,,9.0,,
5485,G0,R_SIM,P_bal,logistic,within_child,3.0,,training_child_C_selection,False,,0.1,,,,,,9.0,,
5486,G0,R_SIM,P_bal,logistic,within_child,3.0,,training_child_C_selection,False,,1.0,,,,,,9.0,,
5487,G0,R_SIM,P_bal,logistic,within_child,3.0,,training_child_C_selection,False,,10.0,,,,,,9.0,,
5488,G0,R_SIM,P_bal,logistic,within_child,3.0,,heldout_child_calibration,False,,,,,,,,0.0,,
5489,G0,R_SIM,P_bal,logistic,within_child,3.0,,heldout_child_calibration,False,,,,,,,,1.0,,
5490,G0,R_SIM,P_bal,logistic,within_child,3.0,,heldout_child_calibration,False,,,,,,,,2.0,,
5491,G0,R_SIM,P_bal,logistic,within_child,3.0,,heldout_child_calibration,False,,,,,,,,3.0,,
5492,G0,R_SIM,P_bal,logistic,within_child,3.0,,heldout_child_calibration,False,,,,,,,,4.0,,
5493,G0,R_SIM,P_bal,logistic,within_child,3.0,,heldout_child_calibration,False,,,,,,,,5.0,,
5494,G0,R_SIM,P_bal,logistic,within_child,3.0,,heldout_child_calibration,False,,,,,,,,6.0,,
5495,G0,R_SIM,P_bal,logistic,within_child,3.0,,heldout_child_calibration,False,,,,,,,,7.0,,
5496,G0,R_SIM,P_bal,logistic,within_child,3.0,,heldout_child_calibration,False,,,,,,,,8.0,,
5497,G0,R_SIM,P_bal,logistic,within_child,3.0,,heldout_child_calibration,False,,,,,,,,9.0,,
5498,G0,R_SIM,P_bal,logistic,within_child,3.0,,heldout_child_calibration,False,,,,,,,,10.0,,
5499,G0,R_SIM,P_bal,logistic,within_child,3.0,,heldout_child_calibration,False,,,,,,,,11.0,,
5500,G0,L0,P_bal,logistic,within_child,4.0,,training_child_C_selection,False,,0.01,,,,,,0.0,,
5501,G0,L0,P_bal,logistic,within_child,4.0,,training_child_C_selection,False,,0.1,,,,,,0.0,,
5502,G0,L0,P_bal,logistic,within_child,4.0,,training_child_C_selection,False,,1.0,,,,,,0.0,,
5503,G0,L0,P_bal,logistic,within_child,4.0,,training_child_C_selection,False,,10.0,,,,,,0.0,,
5504,G0,L0,P_bal,logistic,within_child,4.0,,training_child_C_selection,False,,0.01,,,,,,1.0,,
5505,G0,L0,P_bal,logistic,within_child,4.0,,training_child_C_selection,False,,0.1,,,,,,1.0,,
5506,G0,L0,P_bal,logistic,within_child,4.0,,training_child_C_selection,False,,1.0,,,,,,1.0,,
5507,G0,L0,P_bal,logistic,within_child,4.0,,training_child_C_selection,False,,10.0,,,,,,1.0,,
5508,G0,L0,P_bal,logistic,within_child,4.0,,training_child_C_selection,False,,0.01,,,,,,2.0,,
5509,G0,L0,P_bal,logistic,within_child,4.0,,training_child_C_selection,False,,0.1,,,,,,2.0,,
5510,G0,L0,P_bal,logistic,within_child,4.0,,training_child_C_selection,False,,1.0,,,,,,2.0,,
5511,G0,L0,P_bal,logistic,within_child,4.0,,training_child_C_selection,False,,10.0,,,,,,2.0,,
5512,G0,L0,P_bal,logistic,within_child,4.0,,training_child_C_selection,False,,0.01,,,,,,3.0,,
5513,G0,L0,P_bal,logistic,within_child,4.0,,training_child_C_selection,False,,0.1,,,,,,3.0,,
5514,G0,L0,P_bal,logistic,within_child,4.0,,training_child_C_selection,False,,1.0,,,,,,3.0,,
5515,G0,L0,P_bal,logistic,within_child,4.0,,training_child_C_selection,False,,10.0,,,,,,3.0,,
5516,G0,L0,P_bal,logistic,within_child,4.0,,training_child_C_selection,False,,0.01,,,,,,4.0,,
5517,G0,L0,P_bal,logistic,within_child,4.0,,training_child_C_selection,False,,0.1,,,,,,4.0,,
5518,G0,L0,P_bal,logistic,within_child,4.0,,training_child_C_selection,False,,1.0,,,,,,4.0,,
5519,G0,L0,P_bal,logistic,within_child,4.0,,training_child_C_selection,False,,10.0,,,,,,4.0,,
5520,G0,L0,P_bal,logistic,within_child,4.0,,training_child_C_selection,False,,0.01,,,,,,5.0,,
5521,G0,L0,P_bal,logistic,within_child,4.0,,training_child_C_selection,False,,0.1,,,,,,5.0,,
5522,G0,L0,P_bal,logistic,within_child,4.0,,training_child_C_selection,False,,1.0,,,,,,5.0,,
5523,G0,L0,P_bal,logistic,within_child,4.0,,training_child_C_selection,False,,10.0,,,,,,5.0,,
5524,G0,L0,P_bal,logistic,within_child,4.0,,training_child_C_selection,False,,0.01,,,,,,6.0,,
5525,G0,L0,P_bal,logistic,within_child,4.0,,training_child_C_selection,False,,0.1,,,,,,6.0,,
5526,G0,L0,P_bal,logistic,within_child,4.0,,training_child_C_selection,False,,1.0,,,,,,6.0,,
5527,G0,L0,P_bal,logistic,within_child,4.0,,training_child_C_selection,False,,10.0,,,,,,6.0,,
5528,G0,L0,P_bal,logistic,within_child,4.0,,training_child_C_selection,False,,0.01,,,,,,7.0,,
5529,G0,L0,P_bal,logistic,within_child,4.0,,training_child_C_selection,False,,0.1,,,,,,7.0,,
5530,G0,L0,P_bal,logistic,within_child,4.0,,training_child_C_selection,False,,1.0,,,,,,7.0,,
5531,G0,L0,P_bal,logistic,within_child,4.0,,training_child_C_selection,False,,10.0,,,,,,7.0,,
5532,G0,L0,P_bal,logistic,within_child,4.0,,training_child_C_selection,False,,0.01,,,,,,8.0,,
5533,G0,L0,P_bal,logistic,within_child,4.0,,training_child_C_selection,False,,0.1,,,,,,8.0,,
5534,G0,L0,P_bal,logistic,within_child,4.0,,training_child_C_selection,False,,1.0,,,,,,8.0,,
5535,G0,L0,P_bal,logistic,within_child,4.0,,training_child_C_selection,False,,10.0,,,,,,8.0,,
5536,G0,L0,P_bal,logistic,within_child,4.0,,training_child_C_selection,False,,0.01,,,,,,9.0,,
5537,G0,L0,P_bal,logistic,within_child,4.0,,training_child_C_selection,False,,0.1,,,,,,9.0,,
5538,G0,L0,P_bal,logistic,within_child,4.0,,training_child_C_selection,False,,1.0,,,,,,9.0,,
5539,G0,L0,P_bal,logistic,within_child,4.0,,training_child_C_selection,False,,10.0,,,,,,9.0,,
5540,G0,L0,P_bal,logistic,within_child,4.0,,heldout_child_calibration,False,,,,,,,,0.0,,
5541,G0,L0,P_bal,logistic,within_child,4.0,,heldout_child_calibration,False,,,,,,,,1.0,,
5542,G0,L0,P_bal,logistic,within_child,4.0,,heldout_child_calibration,False,,,,,,,,2.0,,
5543,G0,L0,P_bal,logistic,within_child,4.0,,heldout_child_calibration,False,,,,,,,,3.0,,
5544,G0,L0,P_bal,logistic,within_child,4.0,,heldout_child_calibration,False,,,,,,,,4.0,,
5545,G0,L0,P_bal,logistic,within_child,4.0,,heldout_child_calibration,False,,,,,,,,5.0,,
5546,G0,L0,P_bal,logistic,within_child,4.0,,heldout_child_calibration,False,,,,,,,,6.0,,
5547,G0,L0,P_bal,logistic,within_child,4.0,,heldout_child_calibration,False,,,,,,,,7.0,,
5548,G0,L0,P_bal,logistic,within_child,4.0,,heldout_child_calibration,False,,,,,,,,8.0,,
5549,G0,L0,P_bal,logistic,within_child,4.0,,heldout_child_calibration,False,,,,,,,,9.0,,
5550,G0,L0,P_bal,logistic,within_child,4.0,,heldout_child_calibration,False,,,,,,,,10.0,,
5551,G0,L0,P_bal,logistic,within_child,4.0,,heldout_child_calibration,False,,,,,,,,11.0,,
5552,G0,R_RAND,P_bal,logistic,within_child,4.0,,training_child_C_selection,False,,0.01,,,,,,0.0,,
5553,G0,R_RAND,P_bal,logistic,within_child,4.0,,training_child_C_selection,False,,0.1,,,,,,0.0,,
5554,G0,R_RAND,P_bal,logistic,within_child,4.0,,training_child_C_selection,False,,1.0,,,,,,0.0,,
5555,G0,R_RAND,P_bal,logistic,within_child,4.0,,training_child_C_selection,False,,10.0,,,,,,0.0,,
5556,G0,R_RAND,P_bal,logistic,within_child,4.0,,training_child_C_selection,False,,0.01,,,,,,1.0,,
5557,G0,R_RAND,P_bal,logistic,within_child,4.0,,training_child_C_selection,False,,0.1,,,,,,1.0,,
5558,G0,R_RAND,P_bal,logistic,within_child,4.0,,training_child_C_selection,False,,1.0,,,,,,1.0,,
5559,G0,R_RAND,P_bal,logistic,within_child,4.0,,training_child_C_selection,False,,10.0,,,,,,1.0,,
5560,G0,R_RAND,P_bal,logistic,within_child,4.0,,training_child_C_selection,False,,0.01,,,,,,2.0,,
5561,G0,R_RAND,P_bal,logistic,within_child,4.0,,training_child_C_selection,False,,0.1,,,,,,2.0,,
5562,G0,R_RAND,P_bal,logistic,within_child,4.0,,training_child_C_selection,False,,1.0,,,,,,2.0,,
5563,G0,R_RAND,P_bal,logistic,within_child,4.0,,training_child_C_selection,False,,10.0,,,,,,2.0,,
5564,G0,R_RAND,P_bal,logistic,within_child,4.0,,training_child_C_selection,False,,0.01,,,,,,3.0,,
5565,G0,R_RAND,P_bal,logistic,within_child,4.0,,training_child_C_selection,False,,0.1,,,,,,3.0,,
5566,G0,R_RAND,P_bal,logistic,within_child,4.0,,training_child_C_selection,False,,1.0,,,,,,3.0,,
5567,G0,R_RAND,P_bal,logistic,within_child,4.0,,training_child_C_selection,False,,10.0,,,,,,3.0,,
5568,G0,R_RAND,P_bal,logistic,within_child,4.0,,training_child_C_selection,False,,0.01,,,,,,4.0,,
5569,G0,R_RAND,P_bal,logistic,within_child,4.0,,training_child_C_selection,False,,0.1,,,,,,4.0,,
5570,G0,R_RAND,P_bal,logistic,within_child,4.0,,training_child_C_selection,False,,1.0,,,,,,4.0,,
5571,G0,R_RAND,P_bal,logistic,within_child,4.0,,training_child_C_selection,False,,10.0,,,,,,4.0,,
5572,G0,R_RAND,P_bal,logistic,within_child,4.0,,training_child_C_selection,False,,0.01,,,,,,5.0,,
5573,G0,R_RAND,P_bal,logistic,within_child,4.0,,training_child_C_selection,False,,0.1,,,,,,5.0,,
5574,G0,R_RAND,P_bal,logistic,within_child,4.0,,training_child_C_selection,False,,1.0,,,,,,5.0,,
5575,G0,R_RAND,P_bal,logistic,within_child,4.0,,training_child_C_selection,False,,10.0,,,,,,5.0,,
5576,G0,R_RAND,P_bal,logistic,within_child,4.0,,training_child_C_selection,False,,0.01,,,,,,6.0,,
5577,G0,R_RAND,P_bal,logistic,within_child,4.0,,training_child_C_selection,False,,0.1,,,,,,6.0,,
5578,G0,R_RAND,P_bal,logistic,within_child,4.0,,training_child_C_selection,False,,1.0,,,,,,6.0,,
5579,G0,R_RAND,P_bal,logistic,within_child,4.0,,training_child_C_selection,False,,10.0,,,,,,6.0,,
5580,G0,R_RAND,P_bal,logistic,within_child,4.0,,training_child_C_selection,False,,0.01,,,,,,7.0,,
5581,G0,R_RAND,P_bal,logistic,within_child,4.0,,training_child_C_selection,False,,0.1,,,,,,7.0,,
5582,G0,R_RAND,P_bal,logistic,within_child,4.0,,training_child_C_selection,False,,1.0,,,,,,7.0,,
5583,G0,R_RAND,P_bal,logistic,within_child,4.0,,training_child_C_selection,False,,10.0,,,,,,7.0,,
5584,G0,R_RAND,P_bal,logistic,within_child,4.0,,training_child_C_selection,False,,0.01,,,,,,8.0,,
5585,G0,R_RAND,P_bal,logistic,within_child,4.0,,training_child_C_selection,False,,0.1,,,,,,8.0,,
5586,G0,R_RAND,P_bal,logistic,within_child,4.0,,training_child_C_selection,False,,1.0,,,,,,8.0,,
5587,G0,R_RAND,P_bal,logistic,within_child,4.0,,training_child_C_selection,False,,10.0,,,,,,8.0,,
5588,G0,R_RAND,P_bal,logistic,within_child,4.0,,training_child_C_selection,False,,0.01,,,,,,9.0,,
5589,G0,R_RAND,P_bal,logistic,within_child,4.0,,training_child_C_selection,False,,0.1,,,,,,9.0,,
5590,G0,R_RAND,P_bal,logistic,within_child,4.0,,training_child_C_selection,False,,1.0,,,,,,9.0,,
5591,G0,R_RAND,P_bal,logistic,within_child,4.0,,training_child_C_selection,False,,10.0,,,,,,9.0,,
5592,G0,R_RAND,P_bal,logistic,within_child,4.0,,heldout_child_calibration,False,,,,,,,,0.0,,
5593,G0,R_RAND,P_bal,logistic,within_child,4.0,,heldout_child_calibration,False,,,,,,,,1.0,,
5594,G0,R_RAND,P_bal,logistic,within_child,4.0,,heldout_child_calibration,False,,,,,,,,2.0,,
5595,G0,R_RAND,P_bal,logistic,within_child,4.0,,heldout_child_calibration,False,,,,,,,,3.0,,
5596,G0,R_RAND,P_bal,logistic,within_child,4.0,,heldout_child_calibration,False,,,,,,,,4.0,,
5597,G0,R_RAND,P_bal,logistic,within_child,4.0,,heldout_child_calibration,False,,,,,,,,5.0,,
5598,G0,R_RAND,P_bal,logistic,within_child,4.0,,heldout_child_calibration,False,,,,,,,,6.0,,
5599,G0,R_RAND,P_bal,logistic,within_child,4.0,,heldout_child_calibration,False,,,,,,,,7.0,,
5600,G0,R_RAND,P_bal,logistic,within_child,4.0,,heldout_child_calibration,False,,,,,,,,8.0,,
5601,G0,R_RAND,P_bal,logistic,within_child,4.0,,heldout_child_calibration,False,,,,,,,,9.0,,
5602,G0,R_RAND,P_bal,logistic,within_child,4.0,,heldout_child_calibration,False,,,,,,,,10.0,,
5603,G0,R_RAND,P_bal,logistic,within_child,4.0,,heldout_child_calibration,False,,,,,,,,11.0,,
5604,G0,R_SUP,P_bal,logistic,within_child,4.0,,training_child_C_selection,False,,0.01,,,,,,0.0,,
5605,G0,R_SUP,P_bal,logistic,within_child,4.0,,training_child_C_selection,False,,0.1,,,,,,0.0,,
5606,G0,R_SUP,P_bal,logistic,within_child,4.0,,training_child_C_selection,False,,1.0,,,,,,0.0,,
5607,G0,R_SUP,P_bal,logistic,within_child,4.0,,training_child_C_selection,False,,10.0,,,,,,0.0,,
5608,G0,R_SUP,P_bal,logistic,within_child,4.0,,training_child_C_selection,False,,0.01,,,,,,1.0,,
5609,G0,R_SUP,P_bal,logistic,within_child,4.0,,training_child_C_selection,False,,0.1,,,,,,1.0,,
5610,G0,R_SUP,P_bal,logistic,within_child,4.0,,training_child_C_selection,False,,1.0,,,,,,1.0,,
5611,G0,R_SUP,P_bal,logistic,within_child,4.0,,training_child_C_selection,False,,10.0,,,,,,1.0,,
5612,G0,R_SUP,P_bal,logistic,within_child,4.0,,training_child_C_selection,False,,0.01,,,,,,2.0,,
5613,G0,R_SUP,P_bal,logistic,within_child,4.0,,training_child_C_selection,False,,0.1,,,,,,2.0,,
5614,G0,R_SUP,P_bal,logistic,within_child,4.0,,training_child_C_selection,False,,1.0,,,,,,2.0,,
5615,G0,R_SUP,P_bal,logistic,within_child,4.0,,training_child_C_selection,False,,10.0,,,,,,2.0,,
5616,G0,R_SUP,P_bal,logistic,within_child,4.0,,training_child_C_selection,False,,0.01,,,,,,3.0,,
5617,G0,R_SUP,P_bal,logistic,within_child,4.0,,training_child_C_selection,False,,0.1,,,,,,3.0,,
5618,G0,R_SUP,P_bal,logistic,within_child,4.0,,training_child_C_selection,False,,1.0,,,,,,3.0,,
5619,G0,R_SUP,P_bal,logistic,within_child,4.0,,training_child_C_selection,False,,10.0,,,,,,3.0,,
5620,G0,R_SUP,P_bal,logistic,within_child,4.0,,training_child_C_selection,False,,0.01,,,,,,4.0,,
5621,G0,R_SUP,P_bal,logistic,within_child,4.0,,training_child_C_selection,False,,0.1,,,,,,4.0,,
5622,G0,R_SUP,P_bal,logistic,within_child,4.0,,training_child_C_selection,False,,1.0,,,,,,4.0,,
5623,G0,R_SUP,P_bal,logistic,within_child,4.0,,training_child_C_selection,False,,10.0,,,,,,4.0,,
5624,G0,R_SUP,P_bal,logistic,within_child,4.0,,training_child_C_selection,False,,0.01,,,,,,5.0,,
5625,G0,R_SUP,P_bal,logistic,within_child,4.0,,training_child_C_selection,False,,0.1,,,,,,5.0,,
5626,G0,R_SUP,P_bal,logistic,within_child,4.0,,training_child_C_selection,False,,1.0,,,,,,5.0,,
5627,G0,R_SUP,P_bal,logistic,within_child,4.0,,training_child_C_selection,False,,10.0,,,,,,5.0,,
5628,G0,R_SUP,P_bal,logistic,within_child,4.0,,training_child_C_selection,False,,0.01,,,,,,6.0,,
5629,G0,R_SUP,P_bal,logistic,within_child,4.0,,training_child_C_selection,False,,0.1,,,,,,6.0,,
5630,G0,R_SUP,P_bal,logistic,within_child,4.0,,training_child_C_selection,False,,1.0,,,,,,6.0,,
5631,G0,R_SUP,P_bal,logistic,within_child,4.0,,training_child_C_selection,False,,10.0,,,,,,6.0,,
5632,G0,R_SUP,P_bal,logistic,within_child,4.0,,training_child_C_selection,False,,0.01,,,,,,7.0,,
5633,G0,R_SUP,P_bal,logistic,within_child,4.0,,training_child_C_selection,False,,0.1,,,,,,7.0,,
5634,G0,R_SUP,P_bal,logistic,within_child,4.0,,training_child_C_selection,False,,1.0,,,,,,7.0,,
5635,G0,R_SUP,P_bal,logistic,within_child,4.0,,training_child_C_selection,False,,10.0,,,,,,7.0,,
5636,G0,R_SUP,P_bal,logistic,within_child,4.0,,training_child_C_selection,False,,0.01,,,,,,8.0,,
5637,G0,R_SUP,P_bal,logistic,within_child,4.0,,training_child_C_selection,False,,0.1,,,,,,8.0,,
5638,G0,R_SUP,P_bal,logistic,within_child,4.0,,training_child_C_selection,False,,1.0,,,,,,8.0,,
5639,G0,R_SUP,P_bal,logistic,within_child,4.0,,training_child_C_selection,False,,10.0,,,,,,8.0,,
5640,G0,R_SUP,P_bal,logistic,within_child,4.0,,training_child_C_selection,False,,0.01,,,,,,9.0,,
5641,G0,R_SUP,P_bal,logistic,within_child,4.0,,training_child_C_selection,False,,0.1,,,,,,9.0,,
5642,G0,R_SUP,P_bal,logistic,within_child,4.0,,training_child_C_selection,False,,1.0,,,,,,9.0,,
5643,G0,R_SUP,P_bal,logistic,within_child,4.0,,training_child_C_selection,False,,10.0,,,,,,9.0,,
5644,G0,R_SUP,P_bal,logistic,within_child,4.0,,heldout_child_calibration,False,,,,,,,,0.0,,
5645,G0,R_SUP,P_bal,logistic,within_child,4.0,,heldout_child_calibration,False,,,,,,,,1.0,,
5646,G0,R_SUP,P_bal,logistic,within_child,4.0,,heldout_child_calibration,False,,,,,,,,2.0,,
5647,G0,R_SUP,P_bal,logistic,within_child,4.0,,heldout_child_calibration,False,,,,,,,,3.0,,
5648,G0,R_SUP,P_bal,logistic,within_child,4.0,,heldout_child_calibration,False,,,,,,,,4.0,,
5649,G0,R_SUP,P_bal,logistic,within_child,4.0,,heldout_child_calibration,False,,,,,,,,5.0,,
5650,G0,R_SUP,P_bal,logistic,within_child,4.0,,heldout_child_calibration,False,,,,,,,,6.0,,
5651,G0,R_SUP,P_bal,logistic,within_child,4.0,,heldout_child_calibration,False,,,,,,,,7.0,,
5652,G0,R_SUP,P_bal,logistic,within_child,4.0,,heldout_child_calibration,False,,,,,,,,8.0,,
5653,G0,R_SUP,P_bal,logistic,within_child,4.0,,heldout_child_calibration,False,,,,,,,,9.0,,
5654,G0,R_SUP,P_bal,logistic,within_child,4.0,,heldout_child_calibration,False,,,,,,,,10.0,,
5655,G0,R_SUP,P_bal,logistic,within_child,4.0,,heldout_child_calibration,False,,,,,,,,11.0,,
5656,G0,R_SIM,P_bal,logistic,within_child,4.0,,training_child_C_selection,False,,0.01,,,,,,0.0,,
5657,G0,R_SIM,P_bal,logistic,within_child,4.0,,training_child_C_selection,False,,0.1,,,,,,0.0,,
5658,G0,R_SIM,P_bal,logistic,within_child,4.0,,training_child_C_selection,False,,1.0,,,,,,0.0,,
5659,G0,R_SIM,P_bal,logistic,within_child,4.0,,training_child_C_selection,False,,10.0,,,,,,0.0,,
5660,G0,R_SIM,P_bal,logistic,within_child,4.0,,training_child_C_selection,False,,0.01,,,,,,1.0,,
5661,G0,R_SIM,P_bal,logistic,within_child,4.0,,training_child_C_selection,False,,0.1,,,,,,1.0,,
5662,G0,R_SIM,P_bal,logistic,within_child,4.0,,training_child_C_selection,False,,1.0,,,,,,1.0,,
5663,G0,R_SIM,P_bal,logistic,within_child,4.0,,training_child_C_selection,False,,10.0,,,,,,1.0,,
5664,G0,R_SIM,P_bal,logistic,within_child,4.0,,training_child_C_selection,False,,0.01,,,,,,2.0,,
5665,G0,R_SIM,P_bal,logistic,within_child,4.0,,training_child_C_selection,False,,0.1,,,,,,2.0,,
5666,G0,R_SIM,P_bal,logistic,within_child,4.0,,training_child_C_selection,False,,1.0,,,,,,2.0,,
5667,G0,R_SIM,P_bal,logistic,within_child,4.0,,training_child_C_selection,False,,10.0,,,,,,2.0,,
5668,G0,R_SIM,P_bal,logistic,within_child,4.0,,training_child_C_selection,False,,0.01,,,,,,3.0,,
5669,G0,R_SIM,P_bal,logistic,within_child,4.0,,training_child_C_selection,False,,0.1,,,,,,3.0,,
5670,G0,R_SIM,P_bal,logistic,within_child,4.0,,training_child_C_selection,False,,1.0,,,,,,3.0,,
5671,G0,R_SIM,P_bal,logistic,within_child,4.0,,training_child_C_selection,False,,10.0,,,,,,3.0,,
5672,G0,R_SIM,P_bal,logistic,within_child,4.0,,training_child_C_selection,False,,0.01,,,,,,4.0,,
5673,G0,R_SIM,P_bal,logistic,within_child,4.0,,training_child_C_selection,False,,0.1,,,,,,4.0,,
5674,G0,R_SIM,P_bal,logistic,within_child,4.0,,training_child_C_selection,False,,1.0,,,,,,4.0,,
5675,G0,R_SIM,P_bal,logistic,within_child,4.0,,training_child_C_selection,False,,10.0,,,,,,4.0,,
5676,G0,R_SIM,P_bal,logistic,within_child,4.0,,training_child_C_selection,False,,0.01,,,,,,5.0,,
5677,G0,R_SIM,P_bal,logistic,within_child,4.0,,training_child_C_selection,False,,0.1,,,,,,5.0,,
5678,G0,R_SIM,P_bal,logistic,within_child,4.0,,training_child_C_selection,False,,1.0,,,,,,5.0,,
5679,G0,R_SIM,P_bal,logistic,within_child,4.0,,training_child_C_selection,False,,10.0,,,,,,5.0,,
5680,G0,R_SIM,P_bal,logistic,within_child,4.0,,training_child_C_selection,False,,0.01,,,,,,6.0,,
5681,G0,R_SIM,P_bal,logistic,within_child,4.0,,training_child_C_selection,False,,0.1,,,,,,6.0,,
5682,G0,R_SIM,P_bal,logistic,within_child,4.0,,training_child_C_selection,False,,1.0,,,,,,6.0,,
5683,G0,R_SIM,P_bal,logistic,within_child,4.0,,training_child_C_selection,False,,10.0,,,,,,6.0,,
5684,G0,R_SIM,P_bal,logistic,within_child,4.0,,training_child_C_selection,False,,0.01,,,,,,7.0,,
5685,G0,R_SIM,P_bal,logistic,within_child,4.0,,training_child_C_selection,False,,0.1,,,,,,7.0,,
5686,G0,R_SIM,P_bal,logistic,within_child,4.0,,training_child_C_selection,False,,1.0,,,,,,7.0,,
5687,G0,R_SIM,P_bal,logistic,within_child,4.0,,training_child_C_selection,False,,10.0,,,,,,7.0,,
5688,G0,R_SIM,P_bal,logistic,within_child,4.0,,training_child_C_selection,False,,0.01,,,,,,8.0,,
5689,G0,R_SIM,P_bal,logistic,within_child,4.0,,training_child_C_selection,False,,0.1,,,,,,8.0,,
5690,G0,R_SIM,P_bal,logistic,within_child,4.0,,training_child_C_selection,False,,1.0,,,,,,8.0,,
5691,G0,R_SIM,P_bal,logistic,within_child,4.0,,training_child_C_selection,False,,10.0,,,,,,8.0,,
5692,G0,R_SIM,P_bal,logistic,within_child,4.0,,training_child_C_selection,False,,0.01,,,,,,9.0,,
5693,G0,R_SIM,P_bal,logistic,within_child,4.0,,training_child_C_selection,False,,0.1,,,,,,9.0,,
5694,G0,R_SIM,P_bal,logistic,within_child,4.0,,training_child_C_selection,False,,1.0,,,,,,9.0,,
5695,G0,R_SIM,P_bal,logistic,within_child,4.0,,training_child_C_selection,False,,10.0,,,,,,9.0,,
5696,G0,R_SIM,P_bal,logistic,within_child,4.0,,heldout_child_calibration,False,,,,,,,,0.0,,
5697,G0,R_SIM,P_bal,logistic,within_child,4.0,,heldout_child_calibration,False,,,,,,,,1.0,,
5698,G0,R_SIM,P_bal,logistic,within_child,4.0,,heldout_child_calibration,False,,,,,,,,2.0,,
5699,G0,R_SIM,P_bal,logistic,within_child,4.0,,heldout_child_calibration,False,,,,,,,,3.0,,
5700,G0,R_SIM,P_bal,logistic,within_child,4.0,,heldout_child_calibration,False,,,,,,,,4.0,,
5701,G0,R_SIM,P_bal,logistic,within_child,4.0,,heldout_child_calibration,False,,,,,,,,5.0,,
5702,G0,R_SIM,P_bal,logistic,within_child,4.0,,heldout_child_calibration,False,,,,,,,,6.0,,
5703,G0,R_SIM,P_bal,logistic,within_child,4.0,,heldout_child_calibration,False,,,,,,,,7.0,,
5704,G0,R_SIM,P_bal,logistic,within_child,4.0,,heldout_child_calibration,False,,,,,,,,8.0,,
5705,G0,R_SIM,P_bal,logistic,within_child,4.0,,heldout_child_calibration,False,,,,,,,,9.0,,
5706,G0,R_SIM,P_bal,logistic,within_child,4.0,,heldout_child_calibration,False,,,,,,,,10.0,,
5707,G0,R_SIM,P_bal,logistic,within_child,4.0,,heldout_child_calibration,False,,,,,,,,11.0,,
5708,G0,L0,P_bal,logistic,causal,0.0,0.0,bridge_inner,False,,0.01,,,,,,,,
5709,G0,L0,P_bal,logistic,causal,0.0,0.0,bridge_inner,False,,0.1,,,,,,,,
5710,G0,L0,P_bal,logistic,causal,0.0,0.0,bridge_inner,False,,1.0,,,,,,,,
5711,G0,L0,P_bal,logistic,causal,0.0,0.0,bridge_inner,False,,10.0,,,,,,,,
5712,G0,L0,P_bal,logistic,causal,0.0,1.0,bridge_inner,False,,0.01,,,,,,,,
5713,G0,L0,P_bal,logistic,causal,0.0,1.0,bridge_inner,False,,0.1,,,,,,,,
5714,G0,L0,P_bal,logistic,causal,0.0,1.0,bridge_inner,False,,1.0,,,,,,,,
5715,G0,L0,P_bal,logistic,causal,0.0,1.0,bridge_inner,False,,10.0,,,,,,,,
5716,G0,L0,P_bal,logistic,causal,0.0,2.0,bridge_inner,False,,0.01,,,,,,,,
5717,G0,L0,P_bal,logistic,causal,0.0,2.0,bridge_inner,False,,0.1,,,,,,,,
5718,G0,L0,P_bal,logistic,causal,0.0,2.0,bridge_inner,False,,1.0,,,,,,,,
5719,G0,L0,P_bal,logistic,causal,0.0,2.0,bridge_inner,False,,10.0,,,,,,,,
5720,G0,L0,P_bal,logistic,causal,0.0,,bridge_final,False,,,,,,,,,,
5721,G0,L0,P_bal,logistic,causal,1.0,0.0,bridge_inner,False,,0.01,,,,,,,,
5722,G0,L0,P_bal,logistic,causal,1.0,0.0,bridge_inner,False,,0.1,,,,,,,,
5723,G0,L0,P_bal,logistic,causal,1.0,0.0,bridge_inner,False,,1.0,,,,,,,,
5724,G0,L0,P_bal,logistic,causal,1.0,0.0,bridge_inner,False,,10.0,,,,,,,,
5725,G0,L0,P_bal,logistic,causal,1.0,1.0,bridge_inner,False,,0.01,,,,,,,,
5726,G0,L0,P_bal,logistic,causal,1.0,1.0,bridge_inner,False,,0.1,,,,,,,,
5727,G0,L0,P_bal,logistic,causal,1.0,1.0,bridge_inner,False,,1.0,,,,,,,,
5728,G0,L0,P_bal,logistic,causal,1.0,1.0,bridge_inner,False,,10.0,,,,,,,,
5729,G0,L0,P_bal,logistic,causal,1.0,2.0,bridge_inner,False,,0.01,,,,,,,,
5730,G0,L0,P_bal,logistic,causal,1.0,2.0,bridge_inner,False,,0.1,,,,,,,,
5731,G0,L0,P_bal,logistic,causal,1.0,2.0,bridge_inner,False,,1.0,,,,,,,,
5732,G0,L0,P_bal,logistic,causal,1.0,2.0,bridge_inner,False,,10.0,,,,,,,,
5733,G0,L0,P_bal,logistic,causal,1.0,,bridge_final,False,,,,,,,,,,
5734,G0,L0,P_bal,logistic,causal,2.0,0.0,bridge_inner,False,,0.01,,,,,,,,
5735,G0,L0,P_bal,logistic,causal,2.0,0.0,bridge_inner,False,,0.1,,,,,,,,
5736,G0,L0,P_bal,logistic,causal,2.0,0.0,bridge_inner,False,,1.0,,,,,,,,
5737,G0,L0,P_bal,logistic,causal,2.0,0.0,bridge_inner,False,,10.0,,,,,,,,
5738,G0,L0,P_bal,logistic,causal,2.0,1.0,bridge_inner,False,,0.01,,,,,,,,
5739,G0,L0,P_bal,logistic,causal,2.0,1.0,bridge_inner,False,,0.1,,,,,,,,
5740,G0,L0,P_bal,logistic,causal,2.0,1.0,bridge_inner,False,,1.0,,,,,,,,
5741,G0,L0,P_bal,logistic,causal,2.0,1.0,bridge_inner,False,,10.0,,,,,,,,
5742,G0,L0,P_bal,logistic,causal,2.0,2.0,bridge_inner,False,,0.01,,,,,,,,
5743,G0,L0,P_bal,logistic,causal,2.0,2.0,bridge_inner,False,,0.1,,,,,,,,
5744,G0,L0,P_bal,logistic,causal,2.0,2.0,bridge_inner,False,,1.0,,,,,,,,
5745,G0,L0,P_bal,logistic,causal,2.0,2.0,bridge_inner,False,,10.0,,,,,,,,
5746,G0,L0,P_bal,logistic,causal,2.0,,bridge_final,False,,,,,,,,,,
5747,G0,L0,P_bal,logistic,causal,3.0,0.0,bridge_inner,False,,0.01,,,,,,,,
5748,G0,L0,P_bal,logistic,causal,3.0,0.0,bridge_inner,False,,0.1,,,,,,,,
5749,G0,L0,P_bal,logistic,causal,3.0,0.0,bridge_inner,False,,1.0,,,,,,,,
5750,G0,L0,P_bal,logistic,causal,3.0,0.0,bridge_inner,False,,10.0,,,,,,,,
5751,G0,L0,P_bal,logistic,causal,3.0,1.0,bridge_inner,False,,0.01,,,,,,,,
5752,G0,L0,P_bal,logistic,causal,3.0,1.0,bridge_inner,False,,0.1,,,,,,,,
5753,G0,L0,P_bal,logistic,causal,3.0,1.0,bridge_inner,False,,1.0,,,,,,,,
5754,G0,L0,P_bal,logistic,causal,3.0,1.0,bridge_inner,False,,10.0,,,,,,,,
5755,G0,L0,P_bal,logistic,causal,3.0,2.0,bridge_inner,False,,0.01,,,,,,,,
5756,G0,L0,P_bal,logistic,causal,3.0,2.0,bridge_inner,False,,0.1,,,,,,,,
5757,G0,L0,P_bal,logistic,causal,3.0,2.0,bridge_inner,False,,1.0,,,,,,,,
5758,G0,L0,P_bal,logistic,causal,3.0,2.0,bridge_inner,False,,10.0,,,,,,,,
5759,G0,L0,P_bal,logistic,causal,3.0,,bridge_final,False,,,,,,,,,,
5760,G0,L0,P_bal,logistic,causal,4.0,0.0,bridge_inner,False,,0.01,,,,,,,,
5761,G0,L0,P_bal,logistic,causal,4.0,0.0,bridge_inner,False,,0.1,,,,,,,,
5762,G0,L0,P_bal,logistic,causal,4.0,0.0,bridge_inner,False,,1.0,,,,,,,,
5763,G0,L0,P_bal,logistic,causal,4.0,0.0,bridge_inner,False,,10.0,,,,,,,,
5764,G0,L0,P_bal,logistic,causal,4.0,1.0,bridge_inner,False,,0.01,,,,,,,,
5765,G0,L0,P_bal,logistic,causal,4.0,1.0,bridge_inner,False,,0.1,,,,,,,,
5766,G0,L0,P_bal,logistic,causal,4.0,1.0,bridge_inner,False,,1.0,,,,,,,,
5767,G0,L0,P_bal,logistic,causal,4.0,1.0,bridge_inner,False,,10.0,,,,,,,,
5768,G0,L0,P_bal,logistic,causal,4.0,2.0,bridge_inner,False,,0.01,,,,,,,,
5769,G0,L0,P_bal,logistic,causal,4.0,2.0,bridge_inner,False,,0.1,,,,,,,,
5770,G0,L0,P_bal,logistic,causal,4.0,2.0,bridge_inner,False,,1.0,,,,,,,,
5771,G0,L0,P_bal,logistic,causal,4.0,2.0,bridge_inner,False,,10.0,,,,,,,,
5772,G0,L0,P_bal,logistic,causal,4.0,,bridge_final,False,,,,,,,,,,
5773,G0,L0,P_bal,logistic,offline,0.0,0.0,bridge_inner,False,,0.01,,,,,,,,
5774,G0,L0,P_bal,logistic,offline,0.0,0.0,bridge_inner,False,,0.1,,,,,,,,
5775,G0,L0,P_bal,logistic,offline,0.0,0.0,bridge_inner,False,,1.0,,,,,,,,
5776,G0,L0,P_bal,logistic,offline,0.0,0.0,bridge_inner,False,,10.0,,,,,,,,
5777,G0,L0,P_bal,logistic,offline,0.0,1.0,bridge_inner,False,,0.01,,,,,,,,
5778,G0,L0,P_bal,logistic,offline,0.0,1.0,bridge_inner,False,,0.1,,,,,,,,
5779,G0,L0,P_bal,logistic,offline,0.0,1.0,bridge_inner,False,,1.0,,,,,,,,
5780,G0,L0,P_bal,logistic,offline,0.0,1.0,bridge_inner,False,,10.0,,,,,,,,
5781,G0,L0,P_bal,logistic,offline,0.0,2.0,bridge_inner,False,,0.01,,,,,,,,
5782,G0,L0,P_bal,logistic,offline,0.0,2.0,bridge_inner,False,,0.1,,,,,,,,
5783,G0,L0,P_bal,logistic,offline,0.0,2.0,bridge_inner,False,,1.0,,,,,,,,
5784,G0,L0,P_bal,logistic,offline,0.0,2.0,bridge_inner,False,,10.0,,,,,,,,
5785,G0,L0,P_bal,logistic,offline,0.0,,bridge_final,False,,,,,,,,,,
5786,G0,L0,P_bal,logistic,offline,1.0,0.0,bridge_inner,False,,0.01,,,,,,,,
5787,G0,L0,P_bal,logistic,offline,1.0,0.0,bridge_inner,False,,0.1,,,,,,,,
5788,G0,L0,P_bal,logistic,offline,1.0,0.0,bridge_inner,False,,1.0,,,,,,,,
5789,G0,L0,P_bal,logistic,offline,1.0,0.0,bridge_inner,False,,10.0,,,,,,,,
5790,G0,L0,P_bal,logistic,offline,1.0,1.0,bridge_inner,False,,0.01,,,,,,,,
5791,G0,L0,P_bal,logistic,offline,1.0,1.0,bridge_inner,False,,0.1,,,,,,,,
5792,G0,L0,P_bal,logistic,offline,1.0,1.0,bridge_inner,False,,1.0,,,,,,,,
5793,G0,L0,P_bal,logistic,offline,1.0,1.0,bridge_inner,False,,10.0,,,,,,,,
5794,G0,L0,P_bal,logistic,offline,1.0,2.0,bridge_inner,False,,0.01,,,,,,,,
5795,G0,L0,P_bal,logistic,offline,1.0,2.0,bridge_inner,False,,0.1,,,,,,,,
5796,G0,L0,P_bal,logistic,offline,1.0,2.0,bridge_inner,False,,1.0,,,,,,,,
5797,G0,L0,P_bal,logistic,offline,1.0,2.0,bridge_inner,False,,10.0,,,,,,,,
5798,G0,L0,P_bal,logistic,offline,1.0,,bridge_final,False,,,,,,,,,,
5799,G0,L0,P_bal,logistic,offline,2.0,0.0,bridge_inner,False,,0.01,,,,,,,,
5800,G0,L0,P_bal,logistic,offline,2.0,0.0,bridge_inner,False,,0.1,,,,,,,,
5801,G0,L0,P_bal,logistic,offline,2.0,0.0,bridge_inner,False,,1.0,,,,,,,,
5802,G0,L0,P_bal,logistic,offline,2.0,0.0,bridge_inner,False,,10.0,,,,,,,,
5803,G0,L0,P_bal,logistic,offline,2.0,1.0,bridge_inner,False,,0.01,,,,,,,,
5804,G0,L0,P_bal,logistic,offline,2.0,1.0,bridge_inner,False,,0.1,,,,,,,,
5805,G0,L0,P_bal,logistic,offline,2.0,1.0,bridge_inner,False,,1.0,,,,,,,,
5806,G0,L0,P_bal,logistic,offline,2.0,1.0,bridge_inner,False,,10.0,,,,,,,,
5807,G0,L0,P_bal,logistic,offline,2.0,2.0,bridge_inner,False,,0.01,,,,,,,,
5808,G0,L0,P_bal,logistic,offline,2.0,2.0,bridge_inner,False,,0.1,,,,,,,,
5809,G0,L0,P_bal,logistic,offline,2.0,2.0,bridge_inner,False,,1.0,,,,,,,,
5810,G0,L0,P_bal,logistic,offline,2.0,2.0,bridge_inner,False,,10.0,,,,,,,,
5811,G0,L0,P_bal,logistic,offline,2.0,,bridge_final,False,,,,,,,,,,
5812,G0,L0,P_bal,logistic,offline,3.0,0.0,bridge_inner,False,,0.01,,,,,,,,
5813,G0,L0,P_bal,logistic,offline,3.0,0.0,bridge_inner,False,,0.1,,,,,,,,
5814,G0,L0,P_bal,logistic,offline,3.0,0.0,bridge_inner,False,,1.0,,,,,,,,
5815,G0,L0,P_bal,logistic,offline,3.0,0.0,bridge_inner,False,,10.0,,,,,,,,
5816,G0,L0,P_bal,logistic,offline,3.0,1.0,bridge_inner,False,,0.01,,,,,,,,
5817,G0,L0,P_bal,logistic,offline,3.0,1.0,bridge_inner,False,,0.1,,,,,,,,
5818,G0,L0,P_bal,logistic,offline,3.0,1.0,bridge_inner,False,,1.0,,,,,,,,
5819,G0,L0,P_bal,logistic,offline,3.0,1.0,bridge_inner,False,,10.0,,,,,,,,
5820,G0,L0,P_bal,logistic,offline,3.0,2.0,bridge_inner,False,,0.01,,,,,,,,
5821,G0,L0,P_bal,logistic,offline,3.0,2.0,bridge_inner,False,,0.1,,,,,,,,
5822,G0,L0,P_bal,logistic,offline,3.0,2.0,bridge_inner,False,,1.0,,,,,,,,
5823,G0,L0,P_bal,logistic,offline,3.0,2.0,bridge_inner,False,,10.0,,,,,,,,
5824,G0,L0,P_bal,logistic,offline,3.0,,bridge_final,False,,,,,,,,,,
5825,G0,L0,P_bal,logistic,offline,4.0,0.0,bridge_inner,False,,0.01,,,,,,,,
5826,G0,L0,P_bal,logistic,offline,4.0,0.0,bridge_inner,False,,0.1,,,,,,,,
5827,G0,L0,P_bal,logistic,offline,4.0,0.0,bridge_inner,False,,1.0,,,,,,,,
5828,G0,L0,P_bal,logistic,offline,4.0,0.0,bridge_inner,False,,10.0,,,,,,,,
5829,G0,L0,P_bal,logistic,offline,4.0,1.0,bridge_inner,False,,0.01,,,,,,,,
5830,G0,L0,P_bal,logistic,offline,4.0,1.0,bridge_inner,False,,0.1,,,,,,,,
5831,G0,L0,P_bal,logistic,offline,4.0,1.0,bridge_inner,False,,1.0,,,,,,,,
5832,G0,L0,P_bal,logistic,offline,4.0,1.0,bridge_inner,False,,10.0,,,,,,,,
5833,G0,L0,P_bal,logistic,offline,4.0,2.0,bridge_inner,False,,0.01,,,,,,,,
5834,G0,L0,P_bal,logistic,offline,4.0,2.0,bridge_inner,False,,0.1,,,,,,,,
5835,G0,L0,P_bal,logistic,offline,4.0,2.0,bridge_inner,False,,1.0,,,,,,,,
5836,G0,L0,P_bal,logistic,offline,4.0,2.0,bridge_inner,False,,10.0,,,,,,,,
5837,G0,L0,P_bal,logistic,offline,4.0,,bridge_final,False,,,,,,,,,,
5838,G0,synthetic,P_bal,logistic,feature_injection,,,synthetic,False,,,,,,,,,0.0,
5839,G0,synthetic,P_bal,logistic,feature_injection,,,synthetic,False,,,,,,,,,1.0,
5840,G0,synthetic,P_bal,logistic,feature_injection,,,synthetic,False,,,,,,,,,2.0,
5841,G0,synthetic,P_bal,logistic,feature_injection,,,synthetic,False,,,,,,,,,3.0,
5842,G0,synthetic,P_bal,logistic,feature_injection,,,synthetic,False,,,,,,,,,4.0,
5843,G0,synthetic,P_bal,logistic,feature_injection,,,synthetic,False,,,,,,,,,5.0,
5844,G0,synthetic,P_bal,logistic,feature_injection,,,synthetic,False,,,,,,,,,6.0,
5845,G0,synthetic,P_bal,logistic,feature_injection,,,synthetic,False,,,,,,,,,7.0,
5846,G0,synthetic,P_bal,logistic,feature_injection,,,synthetic,False,,,,,,,,,8.0,
5847,G0,synthetic,P_bal,logistic,feature_injection,,,synthetic,False,,,,,,,,,9.0,
5848,G0,synthetic,P_bal,logistic,feature_injection,,,synthetic,False,,,,,,,,,10.0,
5849,G0,synthetic,P_bal,logistic,feature_injection,,,synthetic,False,,,,,,,,,11.0,
5850,G0,synthetic,P_bal,logistic,feature_injection,,,synthetic,False,,,,,,,,,12.0,
5851,G0,synthetic,P_bal,logistic,feature_injection,,,synthetic,False,,,,,,,,,13.0,
5852,G0,synthetic,P_bal,logistic,feature_injection,,,synthetic,False,,,,,,,,,14.0,
5853,G0,synthetic,P_bal,logistic,feature_injection,,,synthetic,False,,,,,,,,,15.0,
5854,G0,synthetic,P_bal,logistic,feature_injection,,,synthetic,False,,,,,,,,,16.0,
5855,G0,synthetic,P_bal,logistic,feature_injection,,,synthetic,False,,,,,,,,,17.0,
5856,G0,synthetic,P_bal,logistic,feature_injection,,,synthetic,False,,,,,,,,,18.0,
5857,G0,synthetic,P_bal,logistic,feature_injection,,,synthetic,False,,,,,,,,,19.0,
5858,G0,synthetic,P_bal,logistic,feature_injection,,,synthetic,False,,,,,,,,,20.0,
5859,G0,synthetic,P_bal,logistic,feature_injection,,,synthetic,False,,,,,,,,,21.0,
5860,G0,synthetic,P_bal,logistic,feature_injection,,,synthetic,False,,,,,,,,,22.0,
5861,G0,synthetic,P_bal,logistic,feature_injection,,,synthetic,False,,,,,,,,,23.0,
5862,G0,synthetic,P_bal,logistic,feature_injection,,,synthetic,False,,,,,,,,,24.0,
5863,G0,synthetic,P_bal,logistic,feature_injection,,,synthetic,False,,,,,,,,,25.0,
5864,G0,synthetic,P_bal,logistic,feature_injection,,,synthetic,False,,,,,,,,,26.0,
5865,G0,synthetic,P_bal,logistic,feature_injection,,,synthetic,False,,,,,,,,,27.0,
5866,G0,synthetic,P_bal,logistic,feature_injection,,,synthetic,False,,,,,,,,,28.0,
5867,G0,synthetic,P_bal,logistic,feature_injection,,,synthetic,False,,,,,,,,,29.0,
5868,G0,synthetic,P_bal,logistic,feature_injection,,,synthetic,False,,,,,,,,,30.0,
5869,G0,synthetic,P_bal,logistic,feature_injection,,,synthetic,False,,,,,,,,,31.0,
5870,G0,synthetic,P_bal,logistic,feature_injection,,,synthetic,False,,,,,,,,,32.0,
5871,G0,synthetic,P_bal,logistic,feature_injection,,,synthetic,False,,,,,,,,,33.0,
5872,G0,synthetic,P_bal,logistic,feature_injection,,,synthetic,False,,,,,,,,,34.0,
5873,G0,synthetic,P_bal,logistic,feature_injection,,,synthetic,False,,,,,,,,,35.0,
5874,G0,synthetic,P_bal,logistic,feature_injection,,,synthetic,False,,,,,,,,,36.0,
5875,G0,synthetic,P_bal,logistic,feature_injection,,,synthetic,False,,,,,,,,,37.0,
5876,G0,synthetic,P_bal,logistic,feature_injection,,,synthetic,False,,,,,,,,,38.0,
5877,G0,synthetic,P_bal,logistic,feature_injection,,,synthetic,False,,,,,,,,,39.0,
5878,G0,synthetic,P_bal,logistic,feature_injection,,,synthetic,False,,,,,,,,,40.0,
5879,G0,synthetic,P_bal,logistic,feature_injection,,,synthetic,False,,,,,,,,,41.0,
5880,G0,synthetic,P_bal,logistic,feature_injection,,,synthetic,False,,,,,,,,,42.0,
5881,G0,synthetic,P_bal,logistic,feature_injection,,,synthetic,False,,,,,,,,,43.0,
5882,G0,synthetic,P_bal,logistic,feature_injection,,,synthetic,False,,,,,,,,,44.0,
5883,G0,synthetic,P_bal,logistic,feature_injection,,,synthetic,False,,,,,,,,,45.0,
5884,G0,synthetic,P_bal,logistic,feature_injection,,,synthetic,False,,,,,,,,,46.0,
5885,G0,synthetic,P_bal,logistic,feature_injection,,,synthetic,False,,,,,,,,,47.0,
5886,G0,synthetic,P_bal,logistic,feature_injection,,,synthetic,False,,,,,,,,,48.0,
5887,G0,synthetic,P_bal,logistic,feature_injection,,,synthetic,False,,,,,,,,,49.0,
5888,G0,synthetic,P_bal,logistic,feature_injection,,,synthetic,False,,,,,,,,,50.0,
5889,G0,synthetic,P_bal,logistic,feature_injection,,,synthetic,False,,,,,,,,,51.0,
5890,G0,synthetic,P_bal,logistic,feature_injection,,,synthetic,False,,,,,,,,,52.0,
5891,G0,synthetic,P_bal,logistic,feature_injection,,,synthetic,False,,,,,,,,,53.0,
5892,G0,synthetic,P_bal,logistic,feature_injection,,,synthetic,False,,,,,,,,,54.0,
5893,G0,synthetic,P_bal,logistic,feature_injection,,,synthetic,False,,,,,,,,,55.0,
5894,G0,synthetic,P_bal,logistic,feature_injection,,,synthetic,False,,,,,,,,,56.0,
5895,G0,synthetic,P_bal,logistic,feature_injection,,,synthetic,False,,,,,,,,,57.0,
5896,G0,synthetic,P_bal,logistic,feature_injection,,,synthetic,False,,,,,,,,,58.0,
5897,G0,synthetic,P_bal,logistic,feature_injection,,,synthetic,False,,,,,,,,,59.0,
5898,A2,synthetic,equal_candidate,ridge,background_audit,,,synthetic,False,,,,,,,,,0.0,null
5899,A2,synthetic,equal_candidate,ridge,background_audit,,,synthetic,False,,,,,,,,,1.0,null
5900,A2,synthetic,equal_candidate,ridge,background_audit,,,synthetic,False,,,,,,,,,2.0,null
5901,A2,synthetic,equal_candidate,ridge,background_audit,,,synthetic,False,,,,,,,,,3.0,null
5902,A2,synthetic,equal_candidate,ridge,background_audit,,,synthetic,False,,,,,,,,,4.0,null
5903,A2,synthetic,equal_candidate,ridge,background_audit,,,synthetic,False,,,,,,,,,5.0,null
5904,A2,synthetic,equal_candidate,ridge,background_audit,,,synthetic,False,,,,,,,,,6.0,null
5905,A2,synthetic,equal_candidate,ridge,background_audit,,,synthetic,False,,,,,,,,,7.0,null
5906,A2,synthetic,equal_candidate,ridge,background_audit,,,synthetic,False,,,,,,,,,8.0,null
5907,A2,synthetic,equal_candidate,ridge,background_audit,,,synthetic,False,,,,,,,,,9.0,null
5908,A2,synthetic,equal_candidate,ridge,background_audit,,,synthetic,False,,,,,,,,,10.0,null
5909,A2,synthetic,equal_candidate,ridge,background_audit,,,synthetic,False,,,,,,,,,11.0,null
5910,A2,synthetic,equal_candidate,ridge,background_audit,,,synthetic,False,,,,,,,,,12.0,null
5911,A2,synthetic,equal_candidate,ridge,background_audit,,,synthetic,False,,,,,,,,,13.0,null
5912,A2,synthetic,equal_candidate,ridge,background_audit,,,synthetic,False,,,,,,,,,14.0,null
5913,A2,synthetic,equal_candidate,ridge,background_audit,,,synthetic,False,,,,,,,,,15.0,null
5914,A2,synthetic,equal_candidate,ridge,background_audit,,,synthetic,False,,,,,,,,,16.0,null
5915,A2,synthetic,equal_candidate,ridge,background_audit,,,synthetic,False,,,,,,,,,17.0,null
5916,A2,synthetic,equal_candidate,ridge,background_audit,,,synthetic,False,,,,,,,,,18.0,null
5917,A2,synthetic,equal_candidate,ridge,background_audit,,,synthetic,False,,,,,,,,,19.0,null
5918,A2,synthetic,equal_candidate,ridge,background_audit,,,synthetic,False,,,,,,,,,20.0,null
5919,A2,synthetic,equal_candidate,ridge,background_audit,,,synthetic,False,,,,,,,,,21.0,null
5920,A2,synthetic,equal_candidate,ridge,background_audit,,,synthetic,False,,,,,,,,,22.0,null
5921,A2,synthetic,equal_candidate,ridge,background_audit,,,synthetic,False,,,,,,,,,23.0,null
5922,A2,synthetic,equal_candidate,ridge,background_audit,,,synthetic,False,,,,,,,,,24.0,null
5923,A2,synthetic,equal_candidate,ridge,background_audit,,,synthetic,False,,,,,,,,,25.0,null
5924,A2,synthetic,equal_candidate,ridge,background_audit,,,synthetic,False,,,,,,,,,26.0,null
5925,A2,synthetic,equal_candidate,ridge,background_audit,,,synthetic,False,,,,,,,,,27.0,null
5926,A2,synthetic,equal_candidate,ridge,background_audit,,,synthetic,False,,,,,,,,,28.0,null
5927,A2,synthetic,equal_candidate,ridge,background_audit,,,synthetic,False,,,,,,,,,29.0,null
5928,A2,synthetic,equal_candidate,ridge,background_audit,,,synthetic,False,,,,,,,,,30.0,null
5929,A2,synthetic,equal_candidate,ridge,background_audit,,,synthetic,False,,,,,,,,,31.0,null
5930,A2,synthetic,equal_candidate,ridge,background_audit,,,synthetic,False,,,,,,,,,32.0,null
5931,A2,synthetic,equal_candidate,ridge,background_audit,,,synthetic,False,,,,,,,,,33.0,null
5932,A2,synthetic,equal_candidate,ridge,background_audit,,,synthetic,False,,,,,,,,,34.0,null
5933,A2,synthetic,equal_candidate,ridge,background_audit,,,synthetic,False,,,,,,,,,35.0,null
5934,A2,synthetic,equal_candidate,ridge,background_audit,,,synthetic,False,,,,,,,,,36.0,null
5935,A2,synthetic,equal_candidate,ridge,background_audit,,,synthetic,False,,,,,,,,,37.0,null
5936,A2,synthetic,equal_candidate,ridge,background_audit,,,synthetic,False,,,,,,,,,38.0,null
5937,A2,synthetic,equal_candidate,ridge,background_audit,,,synthetic,False,,,,,,,,,39.0,null
5938,A2,synthetic,equal_candidate,ridge,background_audit,,,synthetic,False,,,,,,,,,40.0,null
5939,A2,synthetic,equal_candidate,ridge,background_audit,,,synthetic,False,,,,,,,,,41.0,null
5940,A2,synthetic,equal_candidate,ridge,background_audit,,,synthetic,False,,,,,,,,,42.0,null
5941,A2,synthetic,equal_candidate,ridge,background_audit,,,synthetic,False,,,,,,,,,43.0,null
5942,A2,synthetic,equal_candidate,ridge,background_audit,,,synthetic,False,,,,,,,,,44.0,null
5943,A2,synthetic,equal_candidate,ridge,background_audit,,,synthetic,False,,,,,,,,,45.0,null
5944,A2,synthetic,equal_candidate,ridge,background_audit,,,synthetic,False,,,,,,,,,46.0,null
5945,A2,synthetic,equal_candidate,ridge,background_audit,,,synthetic,False,,,,,,,,,47.0,null
5946,A2,synthetic,equal_candidate,ridge,background_audit,,,synthetic,False,,,,,,,,,48.0,null
5947,A2,synthetic,equal_candidate,ridge,background_audit,,,synthetic,False,,,,,,,,,49.0,null
5948,A2,synthetic,equal_candidate,ridge,background_audit,,,synthetic,False,,,,,,,,,50.0,null
5949,A2,synthetic,equal_candidate,ridge,background_audit,,,synthetic,False,,,,,,,,,51.0,null
5950,A2,synthetic,equal_candidate,ridge,background_audit,,,synthetic,False,,,,,,,,,52.0,null
5951,A2,synthetic,equal_candidate,ridge,background_audit,,,synthetic,False,,,,,,,,,53.0,null
5952,A2,synthetic,equal_candidate,ridge,background_audit,,,synthetic,False,,,,,,,,,54.0,null
5953,A2,synthetic,equal_candidate,ridge,background_audit,,,synthetic,False,,,,,,,,,55.0,null
5954,A2,synthetic,equal_candidate,ridge,background_audit,,,synthetic,False,,,,,,,,,56.0,null
5955,A2,synthetic,equal_candidate,ridge,background_audit,,,synthetic,False,,,,,,,,,57.0,null
5956,A2,synthetic,equal_candidate,ridge,background_audit,,,synthetic,False,,,,,,,,,58.0,null
5957,A2,synthetic,equal_candidate,ridge,background_audit,,,synthetic,False,,,,,,,,,59.0,null
5958,A2,synthetic,equal_candidate,ridge,background_audit,,,synthetic,False,,,,,,,,,60.0,null
5959,A2,synthetic,equal_candidate,ridge,background_audit,,,synthetic,False,,,,,,,,,61.0,null
5960,A2,synthetic,equal_candidate,ridge,background_audit,,,synthetic,False,,,,,,,,,62.0,null
5961,A2,synthetic,equal_candidate,ridge,background_audit,,,synthetic,False,,,,,,,,,63.0,null
5962,A2,synthetic,equal_candidate,ridge,background_audit,,,synthetic,False,,,,,,,,,64.0,null
5963,A2,synthetic,equal_candidate,ridge,background_audit,,,synthetic,False,,,,,,,,,65.0,null
5964,A2,synthetic,equal_candidate,ridge,background_audit,,,synthetic,False,,,,,,,,,66.0,null
5965,A2,synthetic,equal_candidate,ridge,background_audit,,,synthetic,False,,,,,,,,,67.0,null
5966,A2,synthetic,equal_candidate,ridge,background_audit,,,synthetic,False,,,,,,,,,68.0,null
5967,A2,synthetic,equal_candidate,ridge,background_audit,,,synthetic,False,,,,,,,,,69.0,null
5968,A2,synthetic,equal_candidate,ridge,background_audit,,,synthetic,False,,,,,,,,,70.0,null
5969,A2,synthetic,equal_candidate,ridge,background_audit,,,synthetic,False,,,,,,,,,71.0,null
5970,A2,synthetic,equal_candidate,ridge,background_audit,,,synthetic,False,,,,,,,,,72.0,null
5971,A2,synthetic,equal_candidate,ridge,background_audit,,,synthetic,False,,,,,,,,,73.0,null
5972,A2,synthetic,equal_candidate,ridge,background_audit,,,synthetic,False,,,,,,,,,74.0,null
5973,A2,synthetic,equal_candidate,ridge,background_audit,,,synthetic,False,,,,,,,,,75.0,null
5974,A2,synthetic,equal_candidate,ridge,background_audit,,,synthetic,False,,,,,,,,,76.0,null
5975,A2,synthetic,equal_candidate,ridge,background_audit,,,synthetic,False,,,,,,,,,77.0,null
5976,A2,synthetic,equal_candidate,ridge,background_audit,,,synthetic,False,,,,,,,,,78.0,null
5977,A2,synthetic,equal_candidate,ridge,background_audit,,,synthetic,False,,,,,,,,,79.0,null
5978,A2,synthetic,equal_candidate,ridge,background_audit,,,synthetic,False,,,,,,,,,80.0,null
5979,A2,synthetic,equal_candidate,ridge,background_audit,,,synthetic,False,,,,,,,,,81.0,null
5980,A2,synthetic,equal_candidate,ridge,background_audit,,,synthetic,False,,,,,,,,,82.0,null
5981,A2,synthetic,equal_candidate,ridge,background_audit,,,synthetic,False,,,,,,,,,83.0,null
5982,A2,synthetic,equal_candidate,ridge,background_audit,,,synthetic,False,,,,,,,,,84.0,null
5983,A2,synthetic,equal_candidate,ridge,background_audit,,,synthetic,False,,,,,,,,,85.0,null
5984,A2,synthetic,equal_candidate,ridge,background_audit,,,synthetic,False,,,,,,,,,86.0,null
5985,A2,synthetic,equal_candidate,ridge,background_audit,,,synthetic,False,,,,,,,,,87.0,null
5986,A2,synthetic,equal_candidate,ridge,background_audit,,,synthetic,False,,,,,,,,,88.0,null
5987,A2,synthetic,equal_candidate,ridge,background_audit,,,synthetic,False,,,,,,,,,89.0,null
5988,A2,synthetic,equal_candidate,ridge,background_audit,,,synthetic,False,,,,,,,,,90.0,null
5989,A2,synthetic,equal_candidate,ridge,background_audit,,,synthetic,False,,,,,,,,,91.0,null
5990,A2,synthetic,equal_candidate,ridge,background_audit,,,synthetic,False,,,,,,,,,92.0,null
5991,A2,synthetic,equal_candidate,ridge,background_audit,,,synthetic,False,,,,,,,,,93.0,null
5992,A2,synthetic,equal_candidate,ridge,background_audit,,,synthetic,False,,,,,,,,,94.0,null
5993,A2,synthetic,equal_candidate,ridge,background_audit,,,synthetic,False,,,,,,,,,95.0,null
5994,A2,synthetic,equal_candidate,ridge,background_audit,,,synthetic,False,,,,,,,,,96.0,null
5995,A2,synthetic,equal_candidate,ridge,background_audit,,,synthetic,False,,,,,,,,,97.0,null
5996,A2,synthetic,equal_candidate,ridge,background_audit,,,synthetic,False,,,,,,,,,98.0,null
5997,A2,synthetic,equal_candidate,ridge,background_audit,,,synthetic,False,,,,,,,,,99.0,null
5998,A2,synthetic,equal_candidate,ridge,background_audit,,,synthetic,False,,,,,,,,,0.0,predictable_nuisance
5999,A2,synthetic,equal_candidate,ridge,background_audit,,,synthetic,False,,,,,,,,,1.0,predictable_nuisance
6000,A2,synthetic,equal_candidate,ridge,background_audit,,,synthetic,False,,,,,,,,,2.0,predictable_nuisance
6001,A2,synthetic,equal_candidate,ridge,background_audit,,,synthetic,False,,,,,,,,,3.0,predictable_nuisance
6002,A2,synthetic,equal_candidate,ridge,background_audit,,,synthetic,False,,,,,,,,,4.0,predictable_nuisance
6003,A2,synthetic,equal_candidate,ridge,background_audit,,,synthetic,False,,,,,,,,,5.0,predictable_nuisance
6004,A2,synthetic,equal_candidate,ridge,background_audit,,,synthetic,False,,,,,,,,,6.0,predictable_nuisance
6005,A2,synthetic,equal_candidate,ridge,background_audit,,,synthetic,False,,,,,,,,,7.0,predictable_nuisance
6006,A2,synthetic,equal_candidate,ridge,background_audit,,,synthetic,False,,,,,,,,,8.0,predictable_nuisance
6007,A2,synthetic,equal_candidate,ridge,background_audit,,,synthetic,False,,,,,,,,,9.0,predictable_nuisance
6008,A2,synthetic,equal_candidate,ridge,background_audit,,,synthetic,False,,,,,,,,,10.0,predictable_nuisance
6009,A2,synthetic,equal_candidate,ridge,background_audit,,,synthetic,False,,,,,,,,,11.0,predictable_nuisance
6010,A2,synthetic,equal_candidate,ridge,background_audit,,,synthetic,False,,,,,,,,,12.0,predictable_nuisance
6011,A2,synthetic,equal_candidate,ridge,background_audit,,,synthetic,False,,,,,,,,,13.0,predictable_nuisance
6012,A2,synthetic,equal_candidate,ridge,background_audit,,,synthetic,False,,,,,,,,,14.0,predictable_nuisance
6013,A2,synthetic,equal_candidate,ridge,background_audit,,,synthetic,False,,,,,,,,,15.0,predictable_nuisance
6014,A2,synthetic,equal_candidate,ridge,background_audit,,,synthetic,False,,,,,,,,,16.0,predictable_nuisance
6015,A2,synthetic,equal_candidate,ridge,background_audit,,,synthetic,False,,,,,,,,,17.0,predictable_nuisance
6016,A2,synthetic,equal_candidate,ridge,background_audit,,,synthetic,False,,,,,,,,,18.0,predictable_nuisance
6017,A2,synthetic,equal_candidate,ridge,background_audit,,,synthetic,False,,,,,,,,,19.0,predictable_nuisance
6018,A2,synthetic,equal_candidate,ridge,background_audit,,,synthetic,False,,,,,,,,,20.0,predictable_nuisance
6019,A2,synthetic,equal_candidate,ridge,background_audit,,,synthetic,False,,,,,,,,,21.0,predictable_nuisance
6020,A2,synthetic,equal_candidate,ridge,background_audit,,,synthetic,False,,,,,,,,,22.0,predictable_nuisance
6021,A2,synthetic,equal_candidate,ridge,background_audit,,,synthetic,False,,,,,,,,,23.0,predictable_nuisance
6022,A2,synthetic,equal_candidate,ridge,background_audit,,,synthetic,False,,,,,,,,,24.0,predictable_nuisance
6023,A2,synthetic,equal_candidate,ridge,background_audit,,,synthetic,False,,,,,,,,,25.0,predictable_nuisance
6024,A2,synthetic,equal_candidate,ridge,background_audit,,,synthetic,False,,,,,,,,,26.0,predictable_nuisance
6025,A2,synthetic,equal_candidate,ridge,background_audit,,,synthetic,False,,,,,,,,,27.0,predictable_nuisance
6026,A2,synthetic,equal_candidate,ridge,background_audit,,,synthetic,False,,,,,,,,,28.0,predictable_nuisance
6027,A2,synthetic,equal_candidate,ridge,background_audit,,,synthetic,False,,,,,,,,,29.0,predictable_nuisance
6028,A2,synthetic,equal_candidate,ridge,background_audit,,,synthetic,False,,,,,,,,,30.0,predictable_nuisance
6029,A2,synthetic,equal_candidate,ridge,background_audit,,,synthetic,False,,,,,,,,,31.0,predictable_nuisance
6030,A2,synthetic,equal_candidate,ridge,background_audit,,,synthetic,False,,,,,,,,,32.0,predictable_nuisance
6031,A2,synthetic,equal_candidate,ridge,background_audit,,,synthetic,False,,,,,,,,,33.0,predictable_nuisance
6032,A2,synthetic,equal_candidate,ridge,background_audit,,,synthetic,False,,,,,,,,,34.0,predictable_nuisance
6033,A2,synthetic,equal_candidate,ridge,background_audit,,,synthetic,False,,,,,,,,,35.0,predictable_nuisance
6034,A2,synthetic,equal_candidate,ridge,background_audit,,,synthetic,False,,,,,,,,,36.0,predictable_nuisance
6035,A2,synthetic,equal_candidate,ridge,background_audit,,,synthetic,False,,,,,,,,,37.0,predictable_nuisance
6036,A2,synthetic,equal_candidate,ridge,background_audit,,,synthetic,False,,,,,,,,,38.0,predictable_nuisance
6037,A2,synthetic,equal_candidate,ridge,background_audit,,,synthetic,False,,,,,,,,,39.0,predictable_nuisance
6038,A2,synthetic,equal_candidate,ridge,background_audit,,,synthetic,False,,,,,,,,,40.0,predictable_nuisance
6039,A2,synthetic,equal_candidate,ridge,background_audit,,,synthetic,False,,,,,,,,,41.0,predictable_nuisance
6040,A2,synthetic,equal_candidate,ridge,background_audit,,,synthetic,False,,,,,,,,,42.0,predictable_nuisance
6041,A2,synthetic,equal_candidate,ridge,background_audit,,,synthetic,False,,,,,,,,,43.0,predictable_nuisance
6042,A2,synthetic,equal_candidate,ridge,background_audit,,,synthetic,False,,,,,,,,,44.0,predictable_nuisance
6043,A2,synthetic,equal_candidate,ridge,background_audit,,,synthetic,False,,,,,,,,,45.0,predictable_nuisance
6044,A2,synthetic,equal_candidate,ridge,background_audit,,,synthetic,False,,,,,,,,,46.0,predictable_nuisance
6045,A2,synthetic,equal_candidate,ridge,background_audit,,,synthetic,False,,,,,,,,,47.0,predictable_nuisance
6046,A2,synthetic,equal_candidate,ridge,background_audit,,,synthetic,False,,,,,,,,,48.0,predictable_nuisance
6047,A2,synthetic,equal_candidate,ridge,background_audit,,,synthetic,False,,,,,,,,,49.0,predictable_nuisance
6048,A2,synthetic,equal_candidate,ridge,background_audit,,,synthetic,False,,,,,,,,,50.0,predictable_nuisance
6049,A2,synthetic,equal_candidate,ridge,background_audit,,,synthetic,False,,,,,,,,,51.0,predictable_nuisance
6050,A2,synthetic,equal_candidate,ridge,background_audit,,,synthetic,False,,,,,,,,,52.0,predictable_nuisance
6051,A2,synthetic,equal_candidate,ridge,background_audit,,,synthetic,False,,,,,,,,,53.0,predictable_nuisance
6052,A2,synthetic,equal_candidate,ridge,background_audit,,,synthetic,False,,,,,,,,,54.0,predictable_nuisance
6053,A2,synthetic,equal_candidate,ridge,background_audit,,,synthetic,False,,,,,,,,,55.0,predictable_nuisance
6054,A2,synthetic,equal_candidate,ridge,background_audit,,,synthetic,False,,,,,,,,,56.0,predictable_nuisance
6055,A2,synthetic,equal_candidate,ridge,background_audit,,,synthetic,False,,,,,,,,,57.0,predictable_nuisance
6056,A2,synthetic,equal_candidate,ridge,background_audit,,,synthetic,False,,,,,,,,,58.0,predictable_nuisance
6057,A2,synthetic,equal_candidate,ridge,background_audit,,,synthetic,False,,,,,,,,,59.0,predictable_nuisance
6058,A2,synthetic,equal_candidate,ridge,background_audit,,,synthetic,False,,,,,,,,,60.0,predictable_nuisance
6059,A2,synthetic,equal_candidate,ridge,background_audit,,,synthetic,False,,,,,,,,,61.0,predictable_nuisance
6060,A2,synthetic,equal_candidate,ridge,background_audit,,,synthetic,False,,,,,,,,,62.0,predictable_nuisance
6061,A2,synthetic,equal_candidate,ridge,background_audit,,,synthetic,False,,,,,,,,,63.0,predictable_nuisance
6062,A2,synthetic,equal_candidate,ridge,background_audit,,,synthetic,False,,,,,,,,,64.0,predictable_nuisance
6063,A2,synthetic,equal_candidate,ridge,background_audit,,,synthetic,False,,,,,,,,,65.0,predictable_nuisance
6064,A2,synthetic,equal_candidate,ridge,background_audit,,,synthetic,False,,,,,,,,,66.0,predictable_nuisance
6065,A2,synthetic,equal_candidate,ridge,background_audit,,,synthetic,False,,,,,,,,,67.0,predictable_nuisance
6066,A2,synthetic,equal_candidate,ridge,background_audit,,,synthetic,False,,,,,,,,,68.0,predictable_nuisance
6067,A2,synthetic,equal_candidate,ridge,background_audit,,,synthetic,False,,,,,,,,,69.0,predictable_nuisance
6068,A2,synthetic,equal_candidate,ridge,background_audit,,,synthetic,False,,,,,,,,,70.0,predictable_nuisance
6069,A2,synthetic,equal_candidate,ridge,background_audit,,,synthetic,False,,,,,,,,,71.0,predictable_nuisance
6070,A2,synthetic,equal_candidate,ridge,background_audit,,,synthetic,False,,,,,,,,,72.0,predictable_nuisance
6071,A2,synthetic,equal_candidate,ridge,background_audit,,,synthetic,False,,,,,,,,,73.0,predictable_nuisance
6072,A2,synthetic,equal_candidate,ridge,background_audit,,,synthetic,False,,,,,,,,,74.0,predictable_nuisance
6073,A2,synthetic,equal_candidate,ridge,background_audit,,,synthetic,False,,,,,,,,,75.0,predictable_nuisance
6074,A2,synthetic,equal_candidate,ridge,background_audit,,,synthetic,False,,,,,,,,,76.0,predictable_nuisance
6075,A2,synthetic,equal_candidate,ridge,background_audit,,,synthetic,False,,,,,,,,,77.0,predictable_nuisance
6076,A2,synthetic,equal_candidate,ridge,background_audit,,,synthetic,False,,,,,,,,,78.0,predictable_nuisance
6077,A2,synthetic,equal_candidate,ridge,background_audit,,,synthetic,False,,,,,,,,,79.0,predictable_nuisance
6078,A2,synthetic,equal_candidate,ridge,background_audit,,,synthetic,False,,,,,,,,,80.0,predictable_nuisance
6079,A2,synthetic,equal_candidate,ridge,background_audit,,,synthetic,False,,,,,,,,,81.0,predictable_nuisance
6080,A2,synthetic,equal_candidate,ridge,background_audit,,,synthetic,False,,,,,,,,,82.0,predictable_nuisance
6081,A2,synthetic,equal_candidate,ridge,background_audit,,,synthetic,False,,,,,,,,,83.0,predictable_nuisance
6082,A2,synthetic,equal_candidate,ridge,background_audit,,,synthetic,False,,,,,,,,,84.0,predictable_nuisance
6083,A2,synthetic,equal_candidate,ridge,background_audit,,,synthetic,False,,,,,,,,,85.0,predictable_nuisance
6084,A2,synthetic,equal_candidate,ridge,background_audit,,,synthetic,False,,,,,,,,,86.0,predictable_nuisance
6085,A2,synthetic,equal_candidate,ridge,background_audit,,,synthetic,False,,,,,,,,,87.0,predictable_nuisance
6086,A2,synthetic,equal_candidate,ridge,background_audit,,,synthetic,False,,,,,,,,,88.0,predictable_nuisance
6087,A2,synthetic,equal_candidate,ridge,background_audit,,,synthetic,False,,,,,,,,,89.0,predictable_nuisance
6088,A2,synthetic,equal_candidate,ridge,background_audit,,,synthetic,False,,,,,,,,,90.0,predictable_nuisance
6089,A2,synthetic,equal_candidate,ridge,background_audit,,,synthetic,False,,,,,,,,,91.0,predictable_nuisance
6090,A2,synthetic,equal_candidate,ridge,background_audit,,,synthetic,False,,,,,,,,,92.0,predictable_nuisance
6091,A2,synthetic,equal_candidate,ridge,background_audit,,,synthetic,False,,,,,,,,,93.0,predictable_nuisance
6092,A2,synthetic,equal_candidate,ridge,background_audit,,,synthetic,False,,,,,,,,,94.0,predictable_nuisance
6093,A2,synthetic,equal_candidate,ridge,background_audit,,,synthetic,False,,,,,,,,,95.0,predictable_nuisance
6094,A2,synthetic,equal_candidate,ridge,background_audit,,,synthetic,False,,,,,,,,,96.0,predictable_nuisance
6095,A2,synthetic,equal_candidate,ridge,background_audit,,,synthetic,False,,,,,,,,,97.0,predictable_nuisance
6096,A2,synthetic,equal_candidate,ridge,background_audit,,,synthetic,False,,,,,,,,,98.0,predictable_nuisance
6097,A2,synthetic,equal_candidate,ridge,background_audit,,,synthetic,False,,,,,,,,,99.0,predictable_nuisance
6098,A2,synthetic,equal_candidate,ridge,background_audit,,,synthetic,False,,,,,,,,,0.0,individual_stimulus
6099,A2,synthetic,equal_candidate,ridge,background_audit,,,synthetic,False,,,,,,,,,1.0,individual_stimulus
6100,A2,synthetic,equal_candidate,ridge,background_audit,,,synthetic,False,,,,,,,,,2.0,individual_stimulus
6101,A2,synthetic,equal_candidate,ridge,background_audit,,,synthetic,False,,,,,,,,,3.0,individual_stimulus
6102,A2,synthetic,equal_candidate,ridge,background_audit,,,synthetic,False,,,,,,,,,4.0,individual_stimulus
6103,A2,synthetic,equal_candidate,ridge,background_audit,,,synthetic,False,,,,,,,,,5.0,individual_stimulus
6104,A2,synthetic,equal_candidate,ridge,background_audit,,,synthetic,False,,,,,,,,,6.0,individual_stimulus
6105,A2,synthetic,equal_candidate,ridge,background_audit,,,synthetic,False,,,,,,,,,7.0,individual_stimulus
6106,A2,synthetic,equal_candidate,ridge,background_audit,,,synthetic,False,,,,,,,,,8.0,individual_stimulus
6107,A2,synthetic,equal_candidate,ridge,background_audit,,,synthetic,False,,,,,,,,,9.0,individual_stimulus
6108,A2,synthetic,equal_candidate,ridge,background_audit,,,synthetic,False,,,,,,,,,10.0,individual_stimulus
6109,A2,synthetic,equal_candidate,ridge,background_audit,,,synthetic,False,,,,,,,,,11.0,individual_stimulus
6110,A2,synthetic,equal_candidate,ridge,background_audit,,,synthetic,False,,,,,,,,,12.0,individual_stimulus
6111,A2,synthetic,equal_candidate,ridge,background_audit,,,synthetic,False,,,,,,,,,13.0,individual_stimulus
6112,A2,synthetic,equal_candidate,ridge,background_audit,,,synthetic,False,,,,,,,,,14.0,individual_stimulus
6113,A2,synthetic,equal_candidate,ridge,background_audit,,,synthetic,False,,,,,,,,,15.0,individual_stimulus
6114,A2,synthetic,equal_candidate,ridge,background_audit,,,synthetic,False,,,,,,,,,16.0,individual_stimulus
6115,A2,synthetic,equal_candidate,ridge,background_audit,,,synthetic,False,,,,,,,,,17.0,individual_stimulus
6116,A2,synthetic,equal_candidate,ridge,background_audit,,,synthetic,False,,,,,,,,,18.0,individual_stimulus
6117,A2,synthetic,equal_candidate,ridge,background_audit,,,synthetic,False,,,,,,,,,19.0,individual_stimulus
6118,A2,synthetic,equal_candidate,ridge,background_audit,,,synthetic,False,,,,,,,,,20.0,individual_stimulus
6119,A2,synthetic,equal_candidate,ridge,background_audit,,,synthetic,False,,,,,,,,,21.0,individual_stimulus
6120,A2,synthetic,equal_candidate,ridge,background_audit,,,synthetic,False,,,,,,,,,22.0,individual_stimulus
6121,A2,synthetic,equal_candidate,ridge,background_audit,,,synthetic,False,,,,,,,,,23.0,individual_stimulus
6122,A2,synthetic,equal_candidate,ridge,background_audit,,,synthetic,False,,,,,,,,,24.0,individual_stimulus
6123,A2,synthetic,equal_candidate,ridge,background_audit,,,synthetic,False,,,,,,,,,25.0,individual_stimulus
6124,A2,synthetic,equal_candidate,ridge,background_audit,,,synthetic,False,,,,,,,,,26.0,individual_stimulus
6125,A2,synthetic,equal_candidate,ridge,background_audit,,,synthetic,False,,,,,,,,,27.0,individual_stimulus
6126,A2,synthetic,equal_candidate,ridge,background_audit,,,synthetic,False,,,,,,,,,28.0,individual_stimulus
6127,A2,synthetic,equal_candidate,ridge,background_audit,,,synthetic,False,,,,,,,,,29.0,individual_stimulus
6128,A2,synthetic,equal_candidate,ridge,background_audit,,,synthetic,False,,,,,,,,,30.0,individual_stimulus
6129,A2,synthetic,equal_candidate,ridge,background_audit,,,synthetic,False,,,,,,,,,31.0,individual_stimulus
6130,A2,synthetic,equal_candidate,ridge,background_audit,,,synthetic,False,,,,,,,,,32.0,individual_stimulus
6131,A2,synthetic,equal_candidate,ridge,background_audit,,,synthetic,False,,,,,,,,,33.0,individual_stimulus
6132,A2,synthetic,equal_candidate,ridge,background_audit,,,synthetic,False,,,,,,,,,34.0,individual_stimulus
6133,A2,synthetic,equal_candidate,ridge,background_audit,,,synthetic,False,,,,,,,,,35.0,individual_stimulus
6134,A2,synthetic,equal_candidate,ridge,background_audit,,,synthetic,False,,,,,,,,,36.0,individual_stimulus
6135,A2,synthetic,equal_candidate,ridge,background_audit,,,synthetic,False,,,,,,,,,37.0,individual_stimulus
6136,A2,synthetic,equal_candidate,ridge,background_audit,,,synthetic,False,,,,,,,,,38.0,individual_stimulus
6137,A2,synthetic,equal_candidate,ridge,background_audit,,,synthetic,False,,,,,,,,,39.0,individual_stimulus
6138,A2,synthetic,equal_candidate,ridge,background_audit,,,synthetic,False,,,,,,,,,40.0,individual_stimulus
6139,A2,synthetic,equal_candidate,ridge,background_audit,,,synthetic,False,,,,,,,,,41.0,individual_stimulus
6140,A2,synthetic,equal_candidate,ridge,background_audit,,,synthetic,False,,,,,,,,,42.0,individual_stimulus
6141,A2,synthetic,equal_candidate,ridge,background_audit,,,synthetic,False,,,,,,,,,43.0,individual_stimulus
6142,A2,synthetic,equal_candidate,ridge,background_audit,,,synthetic,False,,,,,,,,,44.0,individual_stimulus
6143,A2,synthetic,equal_candidate,ridge,background_audit,,,synthetic,False,,,,,,,,,45.0,individual_stimulus
6144,A2,synthetic,equal_candidate,ridge,background_audit,,,synthetic,False,,,,,,,,,46.0,individual_stimulus
6145,A2,synthetic,equal_candidate,ridge,background_audit,,,synthetic,False,,,,,,,,,47.0,individual_stimulus
6146,A2,synthetic,equal_candidate,ridge,background_audit,,,synthetic,False,,,,,,,,,48.0,individual_stimulus
6147,A2,synthetic,equal_candidate,ridge,background_audit,,,synthetic,False,,,,,,,,,49.0,individual_stimulus
6148,A2,synthetic,equal_candidate,ridge,background_audit,,,synthetic,False,,,,,,,,,50.0,individual_stimulus
6149,A2,synthetic,equal_candidate,ridge,background_audit,,,synthetic,False,,,,,,,,,51.0,individual_stimulus
6150,A2,synthetic,equal_candidate,ridge,background_audit,,,synthetic,False,,,,,,,,,52.0,individual_stimulus
6151,A2,synthetic,equal_candidate,ridge,background_audit,,,synthetic,False,,,,,,,,,53.0,individual_stimulus
6152,A2,synthetic,equal_candidate,ridge,background_audit,,,synthetic,False,,,,,,,,,54.0,individual_stimulus
6153,A2,synthetic,equal_candidate,ridge,background_audit,,,synthetic,False,,,,,,,,,55.0,individual_stimulus
6154,A2,synthetic,equal_candidate,ridge,background_audit,,,synthetic,False,,,,,,,,,56.0,individual_stimulus
6155,A2,synthetic,equal_candidate,ridge,background_audit,,,synthetic,False,,,,,,,,,57.0,individual_stimulus
6156,A2,synthetic,equal_candidate,ridge,background_audit,,,synthetic,False,,,,,,,,,58.0,individual_stimulus
6157,A2,synthetic,equal_candidate,ridge,background_audit,,,synthetic,False,,,,,,,,,59.0,individual_stimulus
6158,A2,synthetic,equal_candidate,ridge,background_audit,,,synthetic,False,,,,,,,,,60.0,individual_stimulus
6159,A2,synthetic,equal_candidate,ridge,background_audit,,,synthetic,False,,,,,,,,,61.0,individual_stimulus
6160,A2,synthetic,equal_candidate,ridge,background_audit,,,synthetic,False,,,,,,,,,62.0,individual_stimulus
6161,A2,synthetic,equal_candidate,ridge,background_audit,,,synthetic,False,,,,,,,,,63.0,individual_stimulus
6162,A2,synthetic,equal_candidate,ridge,background_audit,,,synthetic,False,,,,,,,,,64.0,individual_stimulus
6163,A2,synthetic,equal_candidate,ridge,background_audit,,,synthetic,False,,,,,,,,,65.0,individual_stimulus
6164,A2,synthetic,equal_candidate,ridge,background_audit,,,synthetic,False,,,,,,,,,66.0,individual_stimulus
6165,A2,synthetic,equal_candidate,ridge,background_audit,,,synthetic,False,,,,,,,,,67.0,individual_stimulus
6166,A2,synthetic,equal_candidate,ridge,background_audit,,,synthetic,False,,,,,,,,,68.0,individual_stimulus
6167,A2,synthetic,equal_candidate,ridge,background_audit,,,synthetic,False,,,,,,,,,69.0,individual_stimulus
6168,A2,synthetic,equal_candidate,ridge,background_audit,,,synthetic,False,,,,,,,,,70.0,individual_stimulus
6169,A2,synthetic,equal_candidate,ridge,background_audit,,,synthetic,False,,,,,,,,,71.0,individual_stimulus
6170,A2,synthetic,equal_candidate,ridge,background_audit,,,synthetic,False,,,,,,,,,72.0,individual_stimulus
6171,A2,synthetic,equal_candidate,ridge,background_audit,,,synthetic,False,,,,,,,,,73.0,individual_stimulus
6172,A2,synthetic,equal_candidate,ridge,background_audit,,,synthetic,False,,,,,,,,,74.0,individual_stimulus
6173,A2,synthetic,equal_candidate,ridge,background_audit,,,synthetic,False,,,,,,,,,75.0,individual_stimulus
6174,A2,synthetic,equal_candidate,ridge,background_audit,,,synthetic,False,,,,,,,,,76.0,individual_stimulus
6175,A2,synthetic,equal_candidate,ridge,background_audit,,,synthetic,False,,,,,,,,,77.0,individual_stimulus
6176,A2,synthetic,equal_candidate,ridge,background_audit,,,synthetic,False,,,,,,,,,78.0,individual_stimulus
6177,A2,synthetic,equal_candidate,ridge,background_audit,,,synthetic,False,,,,,,,,,79.0,individual_stimulus
6178,A2,synthetic,equal_candidate,ridge,background_audit,,,synthetic,False,,,,,,,,,80.0,individual_stimulus
6179,A2,synthetic,equal_candidate,ridge,background_audit,,,synthetic,False,,,,,,,,,81.0,individual_stimulus
6180,A2,synthetic,equal_candidate,ridge,background_audit,,,synthetic,False,,,,,,,,,82.0,individual_stimulus
6181,A2,synthetic,equal_candidate,ridge,background_audit,,,synthetic,False,,,,,,,,,83.0,individual_stimulus
6182,A2,synthetic,equal_candidate,ridge,background_audit,,,synthetic,False,,,,,,,,,84.0,individual_stimulus
6183,A2,synthetic,equal_candidate,ridge,background_audit,,,synthetic,False,,,,,,,,,85.0,individual_stimulus
6184,A2,synthetic,equal_candidate,ridge,background_audit,,,synthetic,False,,,,,,,,,86.0,individual_stimulus
6185,A2,synthetic,equal_candidate,ridge,background_audit,,,synthetic,False,,,,,,,,,87.0,individual_stimulus
6186,A2,synthetic,equal_candidate,ridge,background_audit,,,synthetic,False,,,,,,,,,88.0,individual_stimulus
6187,A2,synthetic,equal_candidate,ridge,background_audit,,,synthetic,False,,,,,,,,,89.0,individual_stimulus
6188,A2,synthetic,equal_candidate,ridge,background_audit,,,synthetic,False,,,,,,,,,90.0,individual_stimulus
6189,A2,synthetic,equal_candidate,ridge,background_audit,,,synthetic,False,,,,,,,,,91.0,individual_stimulus
6190,A2,synthetic,equal_candidate,ridge,background_audit,,,synthetic,False,,,,,,,,,92.0,individual_stimulus
6191,A2,synthetic,equal_candidate,ridge,background_audit,,,synthetic,False,,,,,,,,,93.0,individual_stimulus
6192,A2,synthetic,equal_candidate,ridge,background_audit,,,synthetic,False,,,,,,,,,94.0,individual_stimulus
6193,A2,synthetic,equal_candidate,ridge,background_audit,,,synthetic,False,,,,,,,,,95.0,individual_stimulus
6194,A2,synthetic,equal_candidate,ridge,background_audit,,,synthetic,False,,,,,,,,,96.0,individual_stimulus
6195,A2,synthetic,equal_candidate,ridge,background_audit,,,synthetic,False,,,,,,,,,97.0,individual_stimulus
6196,A2,synthetic,equal_candidate,ridge,background_audit,,,synthetic,False,,,,,,,,,98.0,individual_stimulus
6197,A2,synthetic,equal_candidate,ridge,background_audit,,,synthetic,False,,,,,,,,,99.0,individual_stimulus
6198,A2,L0,equal_candidate,ridge,background_audit,0.0,,real_train_only_audit,False,,,,,,,,,,
6199,A2,L0,equal_candidate,ridge,background_audit,1.0,,real_train_only_audit,False,,,,,,,,,,
6200,A2,L0,equal_candidate,ridge,background_audit,2.0,,real_train_only_audit,False,,,,,,,,,,
6201,A2,L0,equal_candidate,ridge,background_audit,3.0,,real_train_only_audit,False,,,,,,,,,,
6202,A2,L0,equal_candidate,ridge,background_audit,4.0,,real_train_only_audit,False,,,,,,,,,,
6203,A2,R_RAND,equal_candidate,ridge,background_audit,0.0,,real_train_only_audit,False,,,,,,,,,,
6204,A2,R_RAND,equal_candidate,ridge,background_audit,1.0,,real_train_only_audit,False,,,,,,,,,,
6205,A2,R_RAND,equal_candidate,ridge,background_audit,2.0,,real_train_only_audit,False,,,,,,,,,,
6206,A2,R_RAND,equal_candidate,ridge,background_audit,3.0,,real_train_only_audit,False,,,,,,,,,,
6207,A2,R_RAND,equal_candidate,ridge,background_audit,4.0,,real_train_only_audit,False,,,,,,,,,,
6208,A2,R_SUP,equal_candidate,ridge,background_audit,0.0,,real_train_only_audit,False,,,,,,,,,,
6209,A2,R_SUP,equal_candidate,ridge,background_audit,1.0,,real_train_only_audit,False,,,,,,,,,,
6210,A2,R_SUP,equal_candidate,ridge,background_audit,2.0,,real_train_only_audit,False,,,,,,,,,,
6211,A2,R_SUP,equal_candidate,ridge,background_audit,3.0,,real_train_only_audit,False,,,,,,,,,,
6212,A2,R_SUP,equal_candidate,ridge,background_audit,4.0,,real_train_only_audit,False,,,,,,,,,,
6213,A2,R_SIM,equal_candidate,ridge,background_audit,0.0,,real_train_only_audit,False,,,,,,,,,,
6214,A2,R_SIM,equal_candidate,ridge,background_audit,1.0,,real_train_only_audit,False,,,,,,,,,,
6215,A2,R_SIM,equal_candidate,ridge,background_audit,2.0,,real_train_only_audit,False,,,,,,,,,,
6216,A2,R_SIM,equal_candidate,ridge,background_audit,3.0,,real_train_only_audit,False,,,,,,,,,,
6217,A2,R_SIM,equal_candidate,ridge,background_audit,4.0,,real_train_only_audit,False,,,,,,,,,,
6218,N1,synthetic,P_nat,logistic,H,,,synthetic,False,,,,,,,,,0.0,PRIOR_ONLY
6219,N1,synthetic,P_nat,mlp32,HP,,,synthetic,True,,,,,,,,,0.0,PRIOR_ONLY
6220,N1,synthetic,P_nat,mlp32,HPB,,,synthetic,True,,,,,,,,,0.0,PRIOR_ONLY
6221,N1,synthetic,P_nat,mlp32,HPBnoise,,,synthetic,True,,,,,,,,,0.0,PRIOR_ONLY
6222,N1,synthetic,P_nat,logistic,H,,,synthetic,False,,,,,,,,,1.0,PRIOR_ONLY
6223,N1,synthetic,P_nat,mlp32,HP,,,synthetic,True,,,,,,,,,1.0,PRIOR_ONLY
6224,N1,synthetic,P_nat,mlp32,HPB,,,synthetic,True,,,,,,,,,1.0,PRIOR_ONLY
6225,N1,synthetic,P_nat,mlp32,HPBnoise,,,synthetic,True,,,,,,,,,1.0,PRIOR_ONLY
6226,N1,synthetic,P_nat,logistic,H,,,synthetic,False,,,,,,,,,2.0,PRIOR_ONLY
6227,N1,synthetic,P_nat,mlp32,HP,,,synthetic,True,,,,,,,,,2.0,PRIOR_ONLY
6228,N1,synthetic,P_nat,mlp32,HPB,,,synthetic,True,,,,,,,,,2.0,PRIOR_ONLY
6229,N1,synthetic,P_nat,mlp32,HPBnoise,,,synthetic,True,,,,,,,,,2.0,PRIOR_ONLY
6230,N1,synthetic,P_nat,logistic,H,,,synthetic,False,,,,,,,,,3.0,PRIOR_ONLY
6231,N1,synthetic,P_nat,mlp32,HP,,,synthetic,True,,,,,,,,,3.0,PRIOR_ONLY
6232,N1,synthetic,P_nat,mlp32,HPB,,,synthetic,True,,,,,,,,,3.0,PRIOR_ONLY
6233,N1,synthetic,P_nat,mlp32,HPBnoise,,,synthetic,True,,,,,,,,,3.0,PRIOR_ONLY
6234,N1,synthetic,P_nat,logistic,H,,,synthetic,False,,,,,,,,,4.0,PRIOR_ONLY
6235,N1,synthetic,P_nat,mlp32,HP,,,synthetic,True,,,,,,,,,4.0,PRIOR_ONLY
6236,N1,synthetic,P_nat,mlp32,HPB,,,synthetic,True,,,,,,,,,4.0,PRIOR_ONLY
6237,N1,synthetic,P_nat,mlp32,HPBnoise,,,synthetic,True,,,,,,,,,4.0,PRIOR_ONLY
6238,N1,synthetic,P_nat,logistic,H,,,synthetic,False,,,,,,,,,5.0,PRIOR_ONLY
6239,N1,synthetic,P_nat,mlp32,HP,,,synthetic,True,,,,,,,,,5.0,PRIOR_ONLY
6240,N1,synthetic,P_nat,mlp32,HPB,,,synthetic,True,,,,,,,,,5.0,PRIOR_ONLY
6241,N1,synthetic,P_nat,mlp32,HPBnoise,,,synthetic,True,,,,,,,,,5.0,PRIOR_ONLY
6242,N1,synthetic,P_nat,logistic,H,,,synthetic,False,,,,,,,,,6.0,PRIOR_ONLY
6243,N1,synthetic,P_nat,mlp32,HP,,,synthetic,True,,,,,,,,,6.0,PRIOR_ONLY
6244,N1,synthetic,P_nat,mlp32,HPB,,,synthetic,True,,,,,,,,,6.0,PRIOR_ONLY
6245,N1,synthetic,P_nat,mlp32,HPBnoise,,,synthetic,True,,,,,,,,,6.0,PRIOR_ONLY
6246,N1,synthetic,P_nat,logistic,H,,,synthetic,False,,,,,,,,,7.0,PRIOR_ONLY
6247,N1,synthetic,P_nat,mlp32,HP,,,synthetic,True,,,,,,,,,7.0,PRIOR_ONLY
6248,N1,synthetic,P_nat,mlp32,HPB,,,synthetic,True,,,,,,,,,7.0,PRIOR_ONLY
6249,N1,synthetic,P_nat,mlp32,HPBnoise,,,synthetic,True,,,,,,,,,7.0,PRIOR_ONLY
6250,N1,synthetic,P_nat,logistic,H,,,synthetic,False,,,,,,,,,8.0,PRIOR_ONLY
6251,N1,synthetic,P_nat,mlp32,HP,,,synthetic,True,,,,,,,,,8.0,PRIOR_ONLY
6252,N1,synthetic,P_nat,mlp32,HPB,,,synthetic,True,,,,,,,,,8.0,PRIOR_ONLY
6253,N1,synthetic,P_nat,mlp32,HPBnoise,,,synthetic,True,,,,,,,,,8.0,PRIOR_ONLY
6254,N1,synthetic,P_nat,logistic,H,,,synthetic,False,,,,,,,,,9.0,PRIOR_ONLY
6255,N1,synthetic,P_nat,mlp32,HP,,,synthetic,True,,,,,,,,,9.0,PRIOR_ONLY
6256,N1,synthetic,P_nat,mlp32,HPB,,,synthetic,True,,,,,,,,,9.0,PRIOR_ONLY
6257,N1,synthetic,P_nat,mlp32,HPBnoise,,,synthetic,True,,,,,,,,,9.0,PRIOR_ONLY
6258,N1,synthetic,P_nat,logistic,H,,,synthetic,False,,,,,,,,,10.0,PRIOR_ONLY
6259,N1,synthetic,P_nat,mlp32,HP,,,synthetic,True,,,,,,,,,10.0,PRIOR_ONLY
6260,N1,synthetic,P_nat,mlp32,HPB,,,synthetic,True,,,,,,,,,10.0,PRIOR_ONLY
6261,N1,synthetic,P_nat,mlp32,HPBnoise,,,synthetic,True,,,,,,,,,10.0,PRIOR_ONLY
6262,N1,synthetic,P_nat,logistic,H,,,synthetic,False,,,,,,,,,11.0,PRIOR_ONLY
6263,N1,synthetic,P_nat,mlp32,HP,,,synthetic,True,,,,,,,,,11.0,PRIOR_ONLY
6264,N1,synthetic,P_nat,mlp32,HPB,,,synthetic,True,,,,,,,,,11.0,PRIOR_ONLY
6265,N1,synthetic,P_nat,mlp32,HPBnoise,,,synthetic,True,,,,,,,,,11.0,PRIOR_ONLY
6266,N1,synthetic,P_nat,logistic,H,,,synthetic,False,,,,,,,,,12.0,PRIOR_ONLY
6267,N1,synthetic,P_nat,mlp32,HP,,,synthetic,True,,,,,,,,,12.0,PRIOR_ONLY
6268,N1,synthetic,P_nat,mlp32,HPB,,,synthetic,True,,,,,,,,,12.0,PRIOR_ONLY
6269,N1,synthetic,P_nat,mlp32,HPBnoise,,,synthetic,True,,,,,,,,,12.0,PRIOR_ONLY
6270,N1,synthetic,P_nat,logistic,H,,,synthetic,False,,,,,,,,,13.0,PRIOR_ONLY
6271,N1,synthetic,P_nat,mlp32,HP,,,synthetic,True,,,,,,,,,13.0,PRIOR_ONLY
6272,N1,synthetic,P_nat,mlp32,HPB,,,synthetic,True,,,,,,,,,13.0,PRIOR_ONLY
6273,N1,synthetic,P_nat,mlp32,HPBnoise,,,synthetic,True,,,,,,,,,13.0,PRIOR_ONLY
6274,N1,synthetic,P_nat,logistic,H,,,synthetic,False,,,,,,,,,14.0,PRIOR_ONLY
6275,N1,synthetic,P_nat,mlp32,HP,,,synthetic,True,,,,,,,,,14.0,PRIOR_ONLY
6276,N1,synthetic,P_nat,mlp32,HPB,,,synthetic,True,,,,,,,,,14.0,PRIOR_ONLY
6277,N1,synthetic,P_nat,mlp32,HPBnoise,,,synthetic,True,,,,,,,,,14.0,PRIOR_ONLY
6278,N1,synthetic,P_nat,logistic,H,,,synthetic,False,,,,,,,,,15.0,PRIOR_ONLY
6279,N1,synthetic,P_nat,mlp32,HP,,,synthetic,True,,,,,,,,,15.0,PRIOR_ONLY
6280,N1,synthetic,P_nat,mlp32,HPB,,,synthetic,True,,,,,,,,,15.0,PRIOR_ONLY
6281,N1,synthetic,P_nat,mlp32,HPBnoise,,,synthetic,True,,,,,,,,,15.0,PRIOR_ONLY
6282,N1,synthetic,P_nat,logistic,H,,,synthetic,False,,,,,,,,,16.0,PRIOR_ONLY
6283,N1,synthetic,P_nat,mlp32,HP,,,synthetic,True,,,,,,,,,16.0,PRIOR_ONLY
6284,N1,synthetic,P_nat,mlp32,HPB,,,synthetic,True,,,,,,,,,16.0,PRIOR_ONLY
6285,N1,synthetic,P_nat,mlp32,HPBnoise,,,synthetic,True,,,,,,,,,16.0,PRIOR_ONLY
6286,N1,synthetic,P_nat,logistic,H,,,synthetic,False,,,,,,,,,17.0,PRIOR_ONLY
6287,N1,synthetic,P_nat,mlp32,HP,,,synthetic,True,,,,,,,,,17.0,PRIOR_ONLY
6288,N1,synthetic,P_nat,mlp32,HPB,,,synthetic,True,,,,,,,,,17.0,PRIOR_ONLY
6289,N1,synthetic,P_nat,mlp32,HPBnoise,,,synthetic,True,,,,,,,,,17.0,PRIOR_ONLY
6290,N1,synthetic,P_nat,logistic,H,,,synthetic,False,,,,,,,,,18.0,PRIOR_ONLY
6291,N1,synthetic,P_nat,mlp32,HP,,,synthetic,True,,,,,,,,,18.0,PRIOR_ONLY
6292,N1,synthetic,P_nat,mlp32,HPB,,,synthetic,True,,,,,,,,,18.0,PRIOR_ONLY
6293,N1,synthetic,P_nat,mlp32,HPBnoise,,,synthetic,True,,,,,,,,,18.0,PRIOR_ONLY
6294,N1,synthetic,P_nat,logistic,H,,,synthetic,False,,,,,,,,,19.0,PRIOR_ONLY
6295,N1,synthetic,P_nat,mlp32,HP,,,synthetic,True,,,,,,,,,19.0,PRIOR_ONLY
6296,N1,synthetic,P_nat,mlp32,HPB,,,synthetic,True,,,,,,,,,19.0,PRIOR_ONLY
6297,N1,synthetic,P_nat,mlp32,HPBnoise,,,synthetic,True,,,,,,,,,19.0,PRIOR_ONLY
6298,N1,synthetic,P_nat,logistic,H,,,synthetic,False,,,,,,,,,20.0,PRIOR_ONLY
6299,N1,synthetic,P_nat,mlp32,HP,,,synthetic,True,,,,,,,,,20.0,PRIOR_ONLY
6300,N1,synthetic,P_nat,mlp32,HPB,,,synthetic,True,,,,,,,,,20.0,PRIOR_ONLY
6301,N1,synthetic,P_nat,mlp32,HPBnoise,,,synthetic,True,,,,,,,,,20.0,PRIOR_ONLY
6302,N1,synthetic,P_nat,logistic,H,,,synthetic,False,,,,,,,,,21.0,PRIOR_ONLY
6303,N1,synthetic,P_nat,mlp32,HP,,,synthetic,True,,,,,,,,,21.0,PRIOR_ONLY
6304,N1,synthetic,P_nat,mlp32,HPB,,,synthetic,True,,,,,,,,,21.0,PRIOR_ONLY
6305,N1,synthetic,P_nat,mlp32,HPBnoise,,,synthetic,True,,,,,,,,,21.0,PRIOR_ONLY
6306,N1,synthetic,P_nat,logistic,H,,,synthetic,False,,,,,,,,,22.0,PRIOR_ONLY
6307,N1,synthetic,P_nat,mlp32,HP,,,synthetic,True,,,,,,,,,22.0,PRIOR_ONLY
6308,N1,synthetic,P_nat,mlp32,HPB,,,synthetic,True,,,,,,,,,22.0,PRIOR_ONLY
6309,N1,synthetic,P_nat,mlp32,HPBnoise,,,synthetic,True,,,,,,,,,22.0,PRIOR_ONLY
6310,N1,synthetic,P_nat,logistic,H,,,synthetic,False,,,,,,,,,23.0,PRIOR_ONLY
6311,N1,synthetic,P_nat,mlp32,HP,,,synthetic,True,,,,,,,,,23.0,PRIOR_ONLY
6312,N1,synthetic,P_nat,mlp32,HPB,,,synthetic,True,,,,,,,,,23.0,PRIOR_ONLY
6313,N1,synthetic,P_nat,mlp32,HPBnoise,,,synthetic,True,,,,,,,,,23.0,PRIOR_ONLY
6314,N1,synthetic,P_nat,logistic,H,,,synthetic,False,,,,,,,,,24.0,PRIOR_ONLY
6315,N1,synthetic,P_nat,mlp32,HP,,,synthetic,True,,,,,,,,,24.0,PRIOR_ONLY
6316,N1,synthetic,P_nat,mlp32,HPB,,,synthetic,True,,,,,,,,,24.0,PRIOR_ONLY
6317,N1,synthetic,P_nat,mlp32,HPBnoise,,,synthetic,True,,,,,,,,,24.0,PRIOR_ONLY
6318,N1,synthetic,P_nat,logistic,H,,,synthetic,False,,,,,,,,,25.0,PRIOR_ONLY
6319,N1,synthetic,P_nat,mlp32,HP,,,synthetic,True,,,,,,,,,25.0,PRIOR_ONLY
6320,N1,synthetic,P_nat,mlp32,HPB,,,synthetic,True,,,,,,,,,25.0,PRIOR_ONLY
6321,N1,synthetic,P_nat,mlp32,HPBnoise,,,synthetic,True,,,,,,,,,25.0,PRIOR_ONLY
6322,N1,synthetic,P_nat,logistic,H,,,synthetic,False,,,,,,,,,26.0,PRIOR_ONLY
6323,N1,synthetic,P_nat,mlp32,HP,,,synthetic,True,,,,,,,,,26.0,PRIOR_ONLY
6324,N1,synthetic,P_nat,mlp32,HPB,,,synthetic,True,,,,,,,,,26.0,PRIOR_ONLY
6325,N1,synthetic,P_nat,mlp32,HPBnoise,,,synthetic,True,,,,,,,,,26.0,PRIOR_ONLY
6326,N1,synthetic,P_nat,logistic,H,,,synthetic,False,,,,,,,,,27.0,PRIOR_ONLY
6327,N1,synthetic,P_nat,mlp32,HP,,,synthetic,True,,,,,,,,,27.0,PRIOR_ONLY
6328,N1,synthetic,P_nat,mlp32,HPB,,,synthetic,True,,,,,,,,,27.0,PRIOR_ONLY
6329,N1,synthetic,P_nat,mlp32,HPBnoise,,,synthetic,True,,,,,,,,,27.0,PRIOR_ONLY
6330,N1,synthetic,P_nat,logistic,H,,,synthetic,False,,,,,,,,,28.0,PRIOR_ONLY
6331,N1,synthetic,P_nat,mlp32,HP,,,synthetic,True,,,,,,,,,28.0,PRIOR_ONLY
6332,N1,synthetic,P_nat,mlp32,HPB,,,synthetic,True,,,,,,,,,28.0,PRIOR_ONLY
6333,N1,synthetic,P_nat,mlp32,HPBnoise,,,synthetic,True,,,,,,,,,28.0,PRIOR_ONLY
6334,N1,synthetic,P_nat,logistic,H,,,synthetic,False,,,,,,,,,29.0,PRIOR_ONLY
6335,N1,synthetic,P_nat,mlp32,HP,,,synthetic,True,,,,,,,,,29.0,PRIOR_ONLY
6336,N1,synthetic,P_nat,mlp32,HPB,,,synthetic,True,,,,,,,,,29.0,PRIOR_ONLY
6337,N1,synthetic,P_nat,mlp32,HPBnoise,,,synthetic,True,,,,,,,,,29.0,PRIOR_ONLY
6338,N1,synthetic,P_nat,logistic,H,,,synthetic,False,,,,,,,,,0.0,BACKGROUND_KEY
6339,N1,synthetic,P_nat,mlp32,HP,,,synthetic,True,,,,,,,,,0.0,BACKGROUND_KEY
6340,N1,synthetic,P_nat,mlp32,HPB,,,synthetic,True,,,,,,,,,0.0,BACKGROUND_KEY
6341,N1,synthetic,P_nat,mlp32,HPBnoise,,,synthetic,True,,,,,,,,,0.0,BACKGROUND_KEY
6342,N1,synthetic,P_nat,logistic,H,,,synthetic,False,,,,,,,,,1.0,BACKGROUND_KEY
6343,N1,synthetic,P_nat,mlp32,HP,,,synthetic,True,,,,,,,,,1.0,BACKGROUND_KEY
6344,N1,synthetic,P_nat,mlp32,HPB,,,synthetic,True,,,,,,,,,1.0,BACKGROUND_KEY
6345,N1,synthetic,P_nat,mlp32,HPBnoise,,,synthetic,True,,,,,,,,,1.0,BACKGROUND_KEY
6346,N1,synthetic,P_nat,logistic,H,,,synthetic,False,,,,,,,,,2.0,BACKGROUND_KEY
6347,N1,synthetic,P_nat,mlp32,HP,,,synthetic,True,,,,,,,,,2.0,BACKGROUND_KEY
6348,N1,synthetic,P_nat,mlp32,HPB,,,synthetic,True,,,,,,,,,2.0,BACKGROUND_KEY
6349,N1,synthetic,P_nat,mlp32,HPBnoise,,,synthetic,True,,,,,,,,,2.0,BACKGROUND_KEY
6350,N1,synthetic,P_nat,logistic,H,,,synthetic,False,,,,,,,,,3.0,BACKGROUND_KEY
6351,N1,synthetic,P_nat,mlp32,HP,,,synthetic,True,,,,,,,,,3.0,BACKGROUND_KEY
6352,N1,synthetic,P_nat,mlp32,HPB,,,synthetic,True,,,,,,,,,3.0,BACKGROUND_KEY
6353,N1,synthetic,P_nat,mlp32,HPBnoise,,,synthetic,True,,,,,,,,,3.0,BACKGROUND_KEY
6354,N1,synthetic,P_nat,logistic,H,,,synthetic,False,,,,,,,,,4.0,BACKGROUND_KEY
6355,N1,synthetic,P_nat,mlp32,HP,,,synthetic,True,,,,,,,,,4.0,BACKGROUND_KEY
6356,N1,synthetic,P_nat,mlp32,HPB,,,synthetic,True,,,,,,,,,4.0,BACKGROUND_KEY
6357,N1,synthetic,P_nat,mlp32,HPBnoise,,,synthetic,True,,,,,,,,,4.0,BACKGROUND_KEY
6358,N1,synthetic,P_nat,logistic,H,,,synthetic,False,,,,,,,,,5.0,BACKGROUND_KEY
6359,N1,synthetic,P_nat,mlp32,HP,,,synthetic,True,,,,,,,,,5.0,BACKGROUND_KEY
6360,N1,synthetic,P_nat,mlp32,HPB,,,synthetic,True,,,,,,,,,5.0,BACKGROUND_KEY
6361,N1,synthetic,P_nat,mlp32,HPBnoise,,,synthetic,True,,,,,,,,,5.0,BACKGROUND_KEY
6362,N1,synthetic,P_nat,logistic,H,,,synthetic,False,,,,,,,,,6.0,BACKGROUND_KEY
6363,N1,synthetic,P_nat,mlp32,HP,,,synthetic,True,,,,,,,,,6.0,BACKGROUND_KEY
6364,N1,synthetic,P_nat,mlp32,HPB,,,synthetic,True,,,,,,,,,6.0,BACKGROUND_KEY
6365,N1,synthetic,P_nat,mlp32,HPBnoise,,,synthetic,True,,,,,,,,,6.0,BACKGROUND_KEY
6366,N1,synthetic,P_nat,logistic,H,,,synthetic,False,,,,,,,,,7.0,BACKGROUND_KEY
6367,N1,synthetic,P_nat,mlp32,HP,,,synthetic,True,,,,,,,,,7.0,BACKGROUND_KEY
6368,N1,synthetic,P_nat,mlp32,HPB,,,synthetic,True,,,,,,,,,7.0,BACKGROUND_KEY
6369,N1,synthetic,P_nat,mlp32,HPBnoise,,,synthetic,True,,,,,,,,,7.0,BACKGROUND_KEY
6370,N1,synthetic,P_nat,logistic,H,,,synthetic,False,,,,,,,,,8.0,BACKGROUND_KEY
6371,N1,synthetic,P_nat,mlp32,HP,,,synthetic,True,,,,,,,,,8.0,BACKGROUND_KEY
6372,N1,synthetic,P_nat,mlp32,HPB,,,synthetic,True,,,,,,,,,8.0,BACKGROUND_KEY
6373,N1,synthetic,P_nat,mlp32,HPBnoise,,,synthetic,True,,,,,,,,,8.0,BACKGROUND_KEY
6374,N1,synthetic,P_nat,logistic,H,,,synthetic,False,,,,,,,,,9.0,BACKGROUND_KEY
6375,N1,synthetic,P_nat,mlp32,HP,,,synthetic,True,,,,,,,,,9.0,BACKGROUND_KEY
6376,N1,synthetic,P_nat,mlp32,HPB,,,synthetic,True,,,,,,,,,9.0,BACKGROUND_KEY
6377,N1,synthetic,P_nat,mlp32,HPBnoise,,,synthetic,True,,,,,,,,,9.0,BACKGROUND_KEY
6378,N1,synthetic,P_nat,logistic,H,,,synthetic,False,,,,,,,,,10.0,BACKGROUND_KEY
6379,N1,synthetic,P_nat,mlp32,HP,,,synthetic,True,,,,,,,,,10.0,BACKGROUND_KEY
6380,N1,synthetic,P_nat,mlp32,HPB,,,synthetic,True,,,,,,,,,10.0,BACKGROUND_KEY
6381,N1,synthetic,P_nat,mlp32,HPBnoise,,,synthetic,True,,,,,,,,,10.0,BACKGROUND_KEY
6382,N1,synthetic,P_nat,logistic,H,,,synthetic,False,,,,,,,,,11.0,BACKGROUND_KEY
6383,N1,synthetic,P_nat,mlp32,HP,,,synthetic,True,,,,,,,,,11.0,BACKGROUND_KEY
6384,N1,synthetic,P_nat,mlp32,HPB,,,synthetic,True,,,,,,,,,11.0,BACKGROUND_KEY
6385,N1,synthetic,P_nat,mlp32,HPBnoise,,,synthetic,True,,,,,,,,,11.0,BACKGROUND_KEY
6386,N1,synthetic,P_nat,logistic,H,,,synthetic,False,,,,,,,,,12.0,BACKGROUND_KEY
6387,N1,synthetic,P_nat,mlp32,HP,,,synthetic,True,,,,,,,,,12.0,BACKGROUND_KEY
6388,N1,synthetic,P_nat,mlp32,HPB,,,synthetic,True,,,,,,,,,12.0,BACKGROUND_KEY
6389,N1,synthetic,P_nat,mlp32,HPBnoise,,,synthetic,True,,,,,,,,,12.0,BACKGROUND_KEY
6390,N1,synthetic,P_nat,logistic,H,,,synthetic,False,,,,,,,,,13.0,BACKGROUND_KEY
6391,N1,synthetic,P_nat,mlp32,HP,,,synthetic,True,,,,,,,,,13.0,BACKGROUND_KEY
6392,N1,synthetic,P_nat,mlp32,HPB,,,synthetic,True,,,,,,,,,13.0,BACKGROUND_KEY
6393,N1,synthetic,P_nat,mlp32,HPBnoise,,,synthetic,True,,,,,,,,,13.0,BACKGROUND_KEY
6394,N1,synthetic,P_nat,logistic,H,,,synthetic,False,,,,,,,,,14.0,BACKGROUND_KEY
6395,N1,synthetic,P_nat,mlp32,HP,,,synthetic,True,,,,,,,,,14.0,BACKGROUND_KEY
6396,N1,synthetic,P_nat,mlp32,HPB,,,synthetic,True,,,,,,,,,14.0,BACKGROUND_KEY
6397,N1,synthetic,P_nat,mlp32,HPBnoise,,,synthetic,True,,,,,,,,,14.0,BACKGROUND_KEY
6398,N1,synthetic,P_nat,logistic,H,,,synthetic,False,,,,,,,,,15.0,BACKGROUND_KEY
6399,N1,synthetic,P_nat,mlp32,HP,,,synthetic,True,,,,,,,,,15.0,BACKGROUND_KEY
6400,N1,synthetic,P_nat,mlp32,HPB,,,synthetic,True,,,,,,,,,15.0,BACKGROUND_KEY
6401,N1,synthetic,P_nat,mlp32,HPBnoise,,,synthetic,True,,,,,,,,,15.0,BACKGROUND_KEY
6402,N1,synthetic,P_nat,logistic,H,,,synthetic,False,,,,,,,,,16.0,BACKGROUND_KEY
6403,N1,synthetic,P_nat,mlp32,HP,,,synthetic,True,,,,,,,,,16.0,BACKGROUND_KEY
6404,N1,synthetic,P_nat,mlp32,HPB,,,synthetic,True,,,,,,,,,16.0,BACKGROUND_KEY
6405,N1,synthetic,P_nat,mlp32,HPBnoise,,,synthetic,True,,,,,,,,,16.0,BACKGROUND_KEY
6406,N1,synthetic,P_nat,logistic,H,,,synthetic,False,,,,,,,,,17.0,BACKGROUND_KEY
6407,N1,synthetic,P_nat,mlp32,HP,,,synthetic,True,,,,,,,,,17.0,BACKGROUND_KEY
6408,N1,synthetic,P_nat,mlp32,HPB,,,synthetic,True,,,,,,,,,17.0,BACKGROUND_KEY
6409,N1,synthetic,P_nat,mlp32,HPBnoise,,,synthetic,True,,,,,,,,,17.0,BACKGROUND_KEY
6410,N1,synthetic,P_nat,logistic,H,,,synthetic,False,,,,,,,,,18.0,BACKGROUND_KEY
6411,N1,synthetic,P_nat,mlp32,HP,,,synthetic,True,,,,,,,,,18.0,BACKGROUND_KEY
6412,N1,synthetic,P_nat,mlp32,HPB,,,synthetic,True,,,,,,,,,18.0,BACKGROUND_KEY
6413,N1,synthetic,P_nat,mlp32,HPBnoise,,,synthetic,True,,,,,,,,,18.0,BACKGROUND_KEY
6414,N1,synthetic,P_nat,logistic,H,,,synthetic,False,,,,,,,,,19.0,BACKGROUND_KEY
6415,N1,synthetic,P_nat,mlp32,HP,,,synthetic,True,,,,,,,,,19.0,BACKGROUND_KEY
6416,N1,synthetic,P_nat,mlp32,HPB,,,synthetic,True,,,,,,,,,19.0,BACKGROUND_KEY
6417,N1,synthetic,P_nat,mlp32,HPBnoise,,,synthetic,True,,,,,,,,,19.0,BACKGROUND_KEY
6418,N1,synthetic,P_nat,logistic,H,,,synthetic,False,,,,,,,,,20.0,BACKGROUND_KEY
6419,N1,synthetic,P_nat,mlp32,HP,,,synthetic,True,,,,,,,,,20.0,BACKGROUND_KEY
6420,N1,synthetic,P_nat,mlp32,HPB,,,synthetic,True,,,,,,,,,20.0,BACKGROUND_KEY
6421,N1,synthetic,P_nat,mlp32,HPBnoise,,,synthetic,True,,,,,,,,,20.0,BACKGROUND_KEY
6422,N1,synthetic,P_nat,logistic,H,,,synthetic,False,,,,,,,,,21.0,BACKGROUND_KEY
6423,N1,synthetic,P_nat,mlp32,HP,,,synthetic,True,,,,,,,,,21.0,BACKGROUND_KEY
6424,N1,synthetic,P_nat,mlp32,HPB,,,synthetic,True,,,,,,,,,21.0,BACKGROUND_KEY
6425,N1,synthetic,P_nat,mlp32,HPBnoise,,,synthetic,True,,,,,,,,,21.0,BACKGROUND_KEY
6426,N1,synthetic,P_nat,logistic,H,,,synthetic,False,,,,,,,,,22.0,BACKGROUND_KEY
6427,N1,synthetic,P_nat,mlp32,HP,,,synthetic,True,,,,,,,,,22.0,BACKGROUND_KEY
6428,N1,synthetic,P_nat,mlp32,HPB,,,synthetic,True,,,,,,,,,22.0,BACKGROUND_KEY
6429,N1,synthetic,P_nat,mlp32,HPBnoise,,,synthetic,True,,,,,,,,,22.0,BACKGROUND_KEY
6430,N1,synthetic,P_nat,logistic,H,,,synthetic,False,,,,,,,,,23.0,BACKGROUND_KEY
6431,N1,synthetic,P_nat,mlp32,HP,,,synthetic,True,,,,,,,,,23.0,BACKGROUND_KEY
6432,N1,synthetic,P_nat,mlp32,HPB,,,synthetic,True,,,,,,,,,23.0,BACKGROUND_KEY
6433,N1,synthetic,P_nat,mlp32,HPBnoise,,,synthetic,True,,,,,,,,,23.0,BACKGROUND_KEY
6434,N1,synthetic,P_nat,logistic,H,,,synthetic,False,,,,,,,,,24.0,BACKGROUND_KEY
6435,N1,synthetic,P_nat,mlp32,HP,,,synthetic,True,,,,,,,,,24.0,BACKGROUND_KEY
6436,N1,synthetic,P_nat,mlp32,HPB,,,synthetic,True,,,,,,,,,24.0,BACKGROUND_KEY
6437,N1,synthetic,P_nat,mlp32,HPBnoise,,,synthetic,True,,,,,,,,,24.0,BACKGROUND_KEY
6438,N1,synthetic,P_nat,logistic,H,,,synthetic,False,,,,,,,,,25.0,BACKGROUND_KEY
6439,N1,synthetic,P_nat,mlp32,HP,,,synthetic,True,,,,,,,,,25.0,BACKGROUND_KEY
6440,N1,synthetic,P_nat,mlp32,HPB,,,synthetic,True,,,,,,,,,25.0,BACKGROUND_KEY
6441,N1,synthetic,P_nat,mlp32,HPBnoise,,,synthetic,True,,,,,,,,,25.0,BACKGROUND_KEY
6442,N1,synthetic,P_nat,logistic,H,,,synthetic,False,,,,,,,,,26.0,BACKGROUND_KEY
6443,N1,synthetic,P_nat,mlp32,HP,,,synthetic,True,,,,,,,,,26.0,BACKGROUND_KEY
6444,N1,synthetic,P_nat,mlp32,HPB,,,synthetic,True,,,,,,,,,26.0,BACKGROUND_KEY
6445,N1,synthetic,P_nat,mlp32,HPBnoise,,,synthetic,True,,,,,,,,,26.0,BACKGROUND_KEY
6446,N1,synthetic,P_nat,logistic,H,,,synthetic,False,,,,,,,,,27.0,BACKGROUND_KEY
6447,N1,synthetic,P_nat,mlp32,HP,,,synthetic,True,,,,,,,,,27.0,BACKGROUND_KEY
6448,N1,synthetic,P_nat,mlp32,HPB,,,synthetic,True,,,,,,,,,27.0,BACKGROUND_KEY
6449,N1,synthetic,P_nat,mlp32,HPBnoise,,,synthetic,True,,,,,,,,,27.0,BACKGROUND_KEY
6450,N1,synthetic,P_nat,logistic,H,,,synthetic,False,,,,,,,,,28.0,BACKGROUND_KEY
6451,N1,synthetic,P_nat,mlp32,HP,,,synthetic,True,,,,,,,,,28.0,BACKGROUND_KEY
6452,N1,synthetic,P_nat,mlp32,HPB,,,synthetic,True,,,,,,,,,28.0,BACKGROUND_KEY
6453,N1,synthetic,P_nat,mlp32,HPBnoise,,,synthetic,True,,,,,,,,,28.0,BACKGROUND_KEY
6454,N1,synthetic,P_nat,logistic,H,,,synthetic,False,,,,,,,,,29.0,BACKGROUND_KEY
6455,N1,synthetic,P_nat,mlp32,HP,,,synthetic,True,,,,,,,,,29.0,BACKGROUND_KEY
6456,N1,synthetic,P_nat,mlp32,HPB,,,synthetic,True,,,,,,,,,29.0,BACKGROUND_KEY
6457,N1,synthetic,P_nat,mlp32,HPBnoise,,,synthetic,True,,,,,,,,,29.0,BACKGROUND_KEY
6458,N1,synthetic,P_nat,logistic,H,,,synthetic,False,,,,,,,,,0.0,ADDITIVE_NOISE
6459,N1,synthetic,P_nat,mlp32,HP,,,synthetic,True,,,,,,,,,0.0,ADDITIVE_NOISE
6460,N1,synthetic,P_nat,mlp32,HPB,,,synthetic,True,,,,,,,,,0.0,ADDITIVE_NOISE
6461,N1,synthetic,P_nat,mlp32,HPBnoise,,,synthetic,True,,,,,,,,,0.0,ADDITIVE_NOISE
6462,N1,synthetic,P_nat,logistic,H,,,synthetic,False,,,,,,,,,1.0,ADDITIVE_NOISE
6463,N1,synthetic,P_nat,mlp32,HP,,,synthetic,True,,,,,,,,,1.0,ADDITIVE_NOISE
6464,N1,synthetic,P_nat,mlp32,HPB,,,synthetic,True,,,,,,,,,1.0,ADDITIVE_NOISE
6465,N1,synthetic,P_nat,mlp32,HPBnoise,,,synthetic,True,,,,,,,,,1.0,ADDITIVE_NOISE
6466,N1,synthetic,P_nat,logistic,H,,,synthetic,False,,,,,,,,,2.0,ADDITIVE_NOISE
6467,N1,synthetic,P_nat,mlp32,HP,,,synthetic,True,,,,,,,,,2.0,ADDITIVE_NOISE
6468,N1,synthetic,P_nat,mlp32,HPB,,,synthetic,True,,,,,,,,,2.0,ADDITIVE_NOISE
6469,N1,synthetic,P_nat,mlp32,HPBnoise,,,synthetic,True,,,,,,,,,2.0,ADDITIVE_NOISE
6470,N1,synthetic,P_nat,logistic,H,,,synthetic,False,,,,,,,,,3.0,ADDITIVE_NOISE
6471,N1,synthetic,P_nat,mlp32,HP,,,synthetic,True,,,,,,,,,3.0,ADDITIVE_NOISE
6472,N1,synthetic,P_nat,mlp32,HPB,,,synthetic,True,,,,,,,,,3.0,ADDITIVE_NOISE
6473,N1,synthetic,P_nat,mlp32,HPBnoise,,,synthetic,True,,,,,,,,,3.0,ADDITIVE_NOISE
6474,N1,synthetic,P_nat,logistic,H,,,synthetic,False,,,,,,,,,4.0,ADDITIVE_NOISE
6475,N1,synthetic,P_nat,mlp32,HP,,,synthetic,True,,,,,,,,,4.0,ADDITIVE_NOISE
6476,N1,synthetic,P_nat,mlp32,HPB,,,synthetic,True,,,,,,,,,4.0,ADDITIVE_NOISE
6477,N1,synthetic,P_nat,mlp32,HPBnoise,,,synthetic,True,,,,,,,,,4.0,ADDITIVE_NOISE
6478,N1,synthetic,P_nat,logistic,H,,,synthetic,False,,,,,,,,,5.0,ADDITIVE_NOISE
6479,N1,synthetic,P_nat,mlp32,HP,,,synthetic,True,,,,,,,,,5.0,ADDITIVE_NOISE
6480,N1,synthetic,P_nat,mlp32,HPB,,,synthetic,True,,,,,,,,,5.0,ADDITIVE_NOISE
6481,N1,synthetic,P_nat,mlp32,HPBnoise,,,synthetic,True,,,,,,,,,5.0,ADDITIVE_NOISE
6482,N1,synthetic,P_nat,logistic,H,,,synthetic,False,,,,,,,,,6.0,ADDITIVE_NOISE
6483,N1,synthetic,P_nat,mlp32,HP,,,synthetic,True,,,,,,,,,6.0,ADDITIVE_NOISE
6484,N1,synthetic,P_nat,mlp32,HPB,,,synthetic,True,,,,,,,,,6.0,ADDITIVE_NOISE
6485,N1,synthetic,P_nat,mlp32,HPBnoise,,,synthetic,True,,,,,,,,,6.0,ADDITIVE_NOISE
6486,N1,synthetic,P_nat,logistic,H,,,synthetic,False,,,,,,,,,7.0,ADDITIVE_NOISE
6487,N1,synthetic,P_nat,mlp32,HP,,,synthetic,True,,,,,,,,,7.0,ADDITIVE_NOISE
6488,N1,synthetic,P_nat,mlp32,HPB,,,synthetic,True,,,,,,,,,7.0,ADDITIVE_NOISE
6489,N1,synthetic,P_nat,mlp32,HPBnoise,,,synthetic,True,,,,,,,,,7.0,ADDITIVE_NOISE
6490,N1,synthetic,P_nat,logistic,H,,,synthetic,False,,,,,,,,,8.0,ADDITIVE_NOISE
6491,N1,synthetic,P_nat,mlp32,HP,,,synthetic,True,,,,,,,,,8.0,ADDITIVE_NOISE
6492,N1,synthetic,P_nat,mlp32,HPB,,,synthetic,True,,,,,,,,,8.0,ADDITIVE_NOISE
6493,N1,synthetic,P_nat,mlp32,HPBnoise,,,synthetic,True,,,,,,,,,8.0,ADDITIVE_NOISE
6494,N1,synthetic,P_nat,logistic,H,,,synthetic,False,,,,,,,,,9.0,ADDITIVE_NOISE
6495,N1,synthetic,P_nat,mlp32,HP,,,synthetic,True,,,,,,,,,9.0,ADDITIVE_NOISE
6496,N1,synthetic,P_nat,mlp32,HPB,,,synthetic,True,,,,,,,,,9.0,ADDITIVE_NOISE
6497,N1,synthetic,P_nat,mlp32,HPBnoise,,,synthetic,True,,,,,,,,,9.0,ADDITIVE_NOISE
6498,N1,synthetic,P_nat,logistic,H,,,synthetic,False,,,,,,,,,10.0,ADDITIVE_NOISE
6499,N1,synthetic,P_nat,mlp32,HP,,,synthetic,True,,,,,,,,,10.0,ADDITIVE_NOISE
6500,N1,synthetic,P_nat,mlp32,HPB,,,synthetic,True,,,,,,,,,10.0,ADDITIVE_NOISE
6501,N1,synthetic,P_nat,mlp32,HPBnoise,,,synthetic,True,,,,,,,,,10.0,ADDITIVE_NOISE
6502,N1,synthetic,P_nat,logistic,H,,,synthetic,False,,,,,,,,,11.0,ADDITIVE_NOISE
6503,N1,synthetic,P_nat,mlp32,HP,,,synthetic,True,,,,,,,,,11.0,ADDITIVE_NOISE
6504,N1,synthetic,P_nat,mlp32,HPB,,,synthetic,True,,,,,,,,,11.0,ADDITIVE_NOISE
6505,N1,synthetic,P_nat,mlp32,HPBnoise,,,synthetic,True,,,,,,,,,11.0,ADDITIVE_NOISE
6506,N1,synthetic,P_nat,logistic,H,,,synthetic,False,,,,,,,,,12.0,ADDITIVE_NOISE
6507,N1,synthetic,P_nat,mlp32,HP,,,synthetic,True,,,,,,,,,12.0,ADDITIVE_NOISE
6508,N1,synthetic,P_nat,mlp32,HPB,,,synthetic,True,,,,,,,,,12.0,ADDITIVE_NOISE
6509,N1,synthetic,P_nat,mlp32,HPBnoise,,,synthetic,True,,,,,,,,,12.0,ADDITIVE_NOISE
6510,N1,synthetic,P_nat,logistic,H,,,synthetic,False,,,,,,,,,13.0,ADDITIVE_NOISE
6511,N1,synthetic,P_nat,mlp32,HP,,,synthetic,True,,,,,,,,,13.0,ADDITIVE_NOISE
6512,N1,synthetic,P_nat,mlp32,HPB,,,synthetic,True,,,,,,,,,13.0,ADDITIVE_NOISE
6513,N1,synthetic,P_nat,mlp32,HPBnoise,,,synthetic,True,,,,,,,,,13.0,ADDITIVE_NOISE
6514,N1,synthetic,P_nat,logistic,H,,,synthetic,False,,,,,,,,,14.0,ADDITIVE_NOISE
6515,N1,synthetic,P_nat,mlp32,HP,,,synthetic,True,,,,,,,,,14.0,ADDITIVE_NOISE
6516,N1,synthetic,P_nat,mlp32,HPB,,,synthetic,True,,,,,,,,,14.0,ADDITIVE_NOISE
6517,N1,synthetic,P_nat,mlp32,HPBnoise,,,synthetic,True,,,,,,,,,14.0,ADDITIVE_NOISE
6518,N1,synthetic,P_nat,logistic,H,,,synthetic,False,,,,,,,,,15.0,ADDITIVE_NOISE
6519,N1,synthetic,P_nat,mlp32,HP,,,synthetic,True,,,,,,,,,15.0,ADDITIVE_NOISE
6520,N1,synthetic,P_nat,mlp32,HPB,,,synthetic,True,,,,,,,,,15.0,ADDITIVE_NOISE
6521,N1,synthetic,P_nat,mlp32,HPBnoise,,,synthetic,True,,,,,,,,,15.0,ADDITIVE_NOISE
6522,N1,synthetic,P_nat,logistic,H,,,synthetic,False,,,,,,,,,16.0,ADDITIVE_NOISE
6523,N1,synthetic,P_nat,mlp32,HP,,,synthetic,True,,,,,,,,,16.0,ADDITIVE_NOISE
6524,N1,synthetic,P_nat,mlp32,HPB,,,synthetic,True,,,,,,,,,16.0,ADDITIVE_NOISE
6525,N1,synthetic,P_nat,mlp32,HPBnoise,,,synthetic,True,,,,,,,,,16.0,ADDITIVE_NOISE
6526,N1,synthetic,P_nat,logistic,H,,,synthetic,False,,,,,,,,,17.0,ADDITIVE_NOISE
6527,N1,synthetic,P_nat,mlp32,HP,,,synthetic,True,,,,,,,,,17.0,ADDITIVE_NOISE
6528,N1,synthetic,P_nat,mlp32,HPB,,,synthetic,True,,,,,,,,,17.0,ADDITIVE_NOISE
6529,N1,synthetic,P_nat,mlp32,HPBnoise,,,synthetic,True,,,,,,,,,17.0,ADDITIVE_NOISE
6530,N1,synthetic,P_nat,logistic,H,,,synthetic,False,,,,,,,,,18.0,ADDITIVE_NOISE
6531,N1,synthetic,P_nat,mlp32,HP,,,synthetic,True,,,,,,,,,18.0,ADDITIVE_NOISE
6532,N1,synthetic,P_nat,mlp32,HPB,,,synthetic,True,,,,,,,,,18.0,ADDITIVE_NOISE
6533,N1,synthetic,P_nat,mlp32,HPBnoise,,,synthetic,True,,,,,,,,,18.0,ADDITIVE_NOISE
6534,N1,synthetic,P_nat,logistic,H,,,synthetic,False,,,,,,,,,19.0,ADDITIVE_NOISE
6535,N1,synthetic,P_nat,mlp32,HP,,,synthetic,True,,,,,,,,,19.0,ADDITIVE_NOISE
6536,N1,synthetic,P_nat,mlp32,HPB,,,synthetic,True,,,,,,,,,19.0,ADDITIVE_NOISE
6537,N1,synthetic,P_nat,mlp32,HPBnoise,,,synthetic,True,,,,,,,,,19.0,ADDITIVE_NOISE
6538,N1,synthetic,P_nat,logistic,H,,,synthetic,False,,,,,,,,,20.0,ADDITIVE_NOISE
6539,N1,synthetic,P_nat,mlp32,HP,,,synthetic,True,,,,,,,,,20.0,ADDITIVE_NOISE
6540,N1,synthetic,P_nat,mlp32,HPB,,,synthetic,True,,,,,,,,,20.0,ADDITIVE_NOISE
6541,N1,synthetic,P_nat,mlp32,HPBnoise,,,synthetic,True,,,,,,,,,20.0,ADDITIVE_NOISE
6542,N1,synthetic,P_nat,logistic,H,,,synthetic,False,,,,,,,,,21.0,ADDITIVE_NOISE
6543,N1,synthetic,P_nat,mlp32,HP,,,synthetic,True,,,,,,,,,21.0,ADDITIVE_NOISE
6544,N1,synthetic,P_nat,mlp32,HPB,,,synthetic,True,,,,,,,,,21.0,ADDITIVE_NOISE
6545,N1,synthetic,P_nat,mlp32,HPBnoise,,,synthetic,True,,,,,,,,,21.0,ADDITIVE_NOISE
6546,N1,synthetic,P_nat,logistic,H,,,synthetic,False,,,,,,,,,22.0,ADDITIVE_NOISE
6547,N1,synthetic,P_nat,mlp32,HP,,,synthetic,True,,,,,,,,,22.0,ADDITIVE_NOISE
6548,N1,synthetic,P_nat,mlp32,HPB,,,synthetic,True,,,,,,,,,22.0,ADDITIVE_NOISE
6549,N1,synthetic,P_nat,mlp32,HPBnoise,,,synthetic,True,,,,,,,,,22.0,ADDITIVE_NOISE
6550,N1,synthetic,P_nat,logistic,H,,,synthetic,False,,,,,,,,,23.0,ADDITIVE_NOISE
6551,N1,synthetic,P_nat,mlp32,HP,,,synthetic,True,,,,,,,,,23.0,ADDITIVE_NOISE
6552,N1,synthetic,P_nat,mlp32,HPB,,,synthetic,True,,,,,,,,,23.0,ADDITIVE_NOISE
6553,N1,synthetic,P_nat,mlp32,HPBnoise,,,synthetic,True,,,,,,,,,23.0,ADDITIVE_NOISE
6554,N1,synthetic,P_nat,logistic,H,,,synthetic,False,,,,,,,,,24.0,ADDITIVE_NOISE
6555,N1,synthetic,P_nat,mlp32,HP,,,synthetic,True,,,,,,,,,24.0,ADDITIVE_NOISE
6556,N1,synthetic,P_nat,mlp32,HPB,,,synthetic,True,,,,,,,,,24.0,ADDITIVE_NOISE
6557,N1,synthetic,P_nat,mlp32,HPBnoise,,,synthetic,True,,,,,,,,,24.0,ADDITIVE_NOISE
6558,N1,synthetic,P_nat,logistic,H,,,synthetic,False,,,,,,,,,25.0,ADDITIVE_NOISE
6559,N1,synthetic,P_nat,mlp32,HP,,,synthetic,True,,,,,,,,,25.0,ADDITIVE_NOISE
6560,N1,synthetic,P_nat,mlp32,HPB,,,synthetic,True,,,,,,,,,25.0,ADDITIVE_NOISE
6561,N1,synthetic,P_nat,mlp32,HPBnoise,,,synthetic,True,,,,,,,,,25.0,ADDITIVE_NOISE
6562,N1,synthetic,P_nat,logistic,H,,,synthetic,False,,,,,,,,,26.0,ADDITIVE_NOISE
6563,N1,synthetic,P_nat,mlp32,HP,,,synthetic,True,,,,,,,,,26.0,ADDITIVE_NOISE
6564,N1,synthetic,P_nat,mlp32,HPB,,,synthetic,True,,,,,,,,,26.0,ADDITIVE_NOISE
6565,N1,synthetic,P_nat,mlp32,HPBnoise,,,synthetic,True,,,,,,,,,26.0,ADDITIVE_NOISE
6566,N1,synthetic,P_nat,logistic,H,,,synthetic,False,,,,,,,,,27.0,ADDITIVE_NOISE
6567,N1,synthetic,P_nat,mlp32,HP,,,synthetic,True,,,,,,,,,27.0,ADDITIVE_NOISE
6568,N1,synthetic,P_nat,mlp32,HPB,,,synthetic,True,,,,,,,,,27.0,ADDITIVE_NOISE
6569,N1,synthetic,P_nat,mlp32,HPBnoise,,,synthetic,True,,,,,,,,,27.0,ADDITIVE_NOISE
6570,N1,synthetic,P_nat,logistic,H,,,synthetic,False,,,,,,,,,28.0,ADDITIVE_NOISE
6571,N1,synthetic,P_nat,mlp32,HP,,,synthetic,True,,,,,,,,,28.0,ADDITIVE_NOISE
6572,N1,synthetic,P_nat,mlp32,HPB,,,synthetic,True,,,,,,,,,28.0,ADDITIVE_NOISE
6573,N1,synthetic,P_nat,mlp32,HPBnoise,,,synthetic,True,,,,,,,,,28.0,ADDITIVE_NOISE
6574,N1,synthetic,P_nat,logistic,H,,,synthetic,False,,,,,,,,,29.0,ADDITIVE_NOISE
6575,N1,synthetic,P_nat,mlp32,HP,,,synthetic,True,,,,,,,,,29.0,ADDITIVE_NOISE
6576,N1,synthetic,P_nat,mlp32,HPB,,,synthetic,True,,,,,,,,,29.0,ADDITIVE_NOISE
6577,N1,synthetic,P_nat,mlp32,HPBnoise,,,synthetic,True,,,,,,,,,29.0,ADDITIVE_NOISE
6578,N1,synthetic,P_nat,logistic,H,,,synthetic,False,,,,,,,,,0.0,INDEPENDENT_BACKGROUND
6579,N1,synthetic,P_nat,mlp32,HP,,,synthetic,True,,,,,,,,,0.0,INDEPENDENT_BACKGROUND
6580,N1,synthetic,P_nat,mlp32,HPB,,,synthetic,True,,,,,,,,,0.0,INDEPENDENT_BACKGROUND
6581,N1,synthetic,P_nat,mlp32,HPBnoise,,,synthetic,True,,,,,,,,,0.0,INDEPENDENT_BACKGROUND
6582,N1,synthetic,P_nat,logistic,H,,,synthetic,False,,,,,,,,,1.0,INDEPENDENT_BACKGROUND
6583,N1,synthetic,P_nat,mlp32,HP,,,synthetic,True,,,,,,,,,1.0,INDEPENDENT_BACKGROUND
6584,N1,synthetic,P_nat,mlp32,HPB,,,synthetic,True,,,,,,,,,1.0,INDEPENDENT_BACKGROUND
6585,N1,synthetic,P_nat,mlp32,HPBnoise,,,synthetic,True,,,,,,,,,1.0,INDEPENDENT_BACKGROUND
6586,N1,synthetic,P_nat,logistic,H,,,synthetic,False,,,,,,,,,2.0,INDEPENDENT_BACKGROUND
6587,N1,synthetic,P_nat,mlp32,HP,,,synthetic,True,,,,,,,,,2.0,INDEPENDENT_BACKGROUND
6588,N1,synthetic,P_nat,mlp32,HPB,,,synthetic,True,,,,,,,,,2.0,INDEPENDENT_BACKGROUND
6589,N1,synthetic,P_nat,mlp32,HPBnoise,,,synthetic,True,,,,,,,,,2.0,INDEPENDENT_BACKGROUND
6590,N1,synthetic,P_nat,logistic,H,,,synthetic,False,,,,,,,,,3.0,INDEPENDENT_BACKGROUND
6591,N1,synthetic,P_nat,mlp32,HP,,,synthetic,True,,,,,,,,,3.0,INDEPENDENT_BACKGROUND
6592,N1,synthetic,P_nat,mlp32,HPB,,,synthetic,True,,,,,,,,,3.0,INDEPENDENT_BACKGROUND
6593,N1,synthetic,P_nat,mlp32,HPBnoise,,,synthetic,True,,,,,,,,,3.0,INDEPENDENT_BACKGROUND
6594,N1,synthetic,P_nat,logistic,H,,,synthetic,False,,,,,,,,,4.0,INDEPENDENT_BACKGROUND
6595,N1,synthetic,P_nat,mlp32,HP,,,synthetic,True,,,,,,,,,4.0,INDEPENDENT_BACKGROUND
6596,N1,synthetic,P_nat,mlp32,HPB,,,synthetic,True,,,,,,,,,4.0,INDEPENDENT_BACKGROUND
6597,N1,synthetic,P_nat,mlp32,HPBnoise,,,synthetic,True,,,,,,,,,4.0,INDEPENDENT_BACKGROUND
6598,N1,synthetic,P_nat,logistic,H,,,synthetic,False,,,,,,,,,5.0,INDEPENDENT_BACKGROUND
6599,N1,synthetic,P_nat,mlp32,HP,,,synthetic,True,,,,,,,,,5.0,INDEPENDENT_BACKGROUND
6600,N1,synthetic,P_nat,mlp32,HPB,,,synthetic,True,,,,,,,,,5.0,INDEPENDENT_BACKGROUND
6601,N1,synthetic,P_nat,mlp32,HPBnoise,,,synthetic,True,,,,,,,,,5.0,INDEPENDENT_BACKGROUND
6602,N1,synthetic,P_nat,logistic,H,,,synthetic,False,,,,,,,,,6.0,INDEPENDENT_BACKGROUND
6603,N1,synthetic,P_nat,mlp32,HP,,,synthetic,True,,,,,,,,,6.0,INDEPENDENT_BACKGROUND
6604,N1,synthetic,P_nat,mlp32,HPB,,,synthetic,True,,,,,,,,,6.0,INDEPENDENT_BACKGROUND
6605,N1,synthetic,P_nat,mlp32,HPBnoise,,,synthetic,True,,,,,,,,,6.0,INDEPENDENT_BACKGROUND
6606,N1,synthetic,P_nat,logistic,H,,,synthetic,False,,,,,,,,,7.0,INDEPENDENT_BACKGROUND
6607,N1,synthetic,P_nat,mlp32,HP,,,synthetic,True,,,,,,,,,7.0,INDEPENDENT_BACKGROUND
6608,N1,synthetic,P_nat,mlp32,HPB,,,synthetic,True,,,,,,,,,7.0,INDEPENDENT_BACKGROUND
6609,N1,synthetic,P_nat,mlp32,HPBnoise,,,synthetic,True,,,,,,,,,7.0,INDEPENDENT_BACKGROUND
6610,N1,synthetic,P_nat,logistic,H,,,synthetic,False,,,,,,,,,8.0,INDEPENDENT_BACKGROUND
6611,N1,synthetic,P_nat,mlp32,HP,,,synthetic,True,,,,,,,,,8.0,INDEPENDENT_BACKGROUND
6612,N1,synthetic,P_nat,mlp32,HPB,,,synthetic,True,,,,,,,,,8.0,INDEPENDENT_BACKGROUND
6613,N1,synthetic,P_nat,mlp32,HPBnoise,,,synthetic,True,,,,,,,,,8.0,INDEPENDENT_BACKGROUND
6614,N1,synthetic,P_nat,logistic,H,,,synthetic,False,,,,,,,,,9.0,INDEPENDENT_BACKGROUND
6615,N1,synthetic,P_nat,mlp32,HP,,,synthetic,True,,,,,,,,,9.0,INDEPENDENT_BACKGROUND
6616,N1,synthetic,P_nat,mlp32,HPB,,,synthetic,True,,,,,,,,,9.0,INDEPENDENT_BACKGROUND
6617,N1,synthetic,P_nat,mlp32,HPBnoise,,,synthetic,True,,,,,,,,,9.0,INDEPENDENT_BACKGROUND
6618,N1,synthetic,P_nat,logistic,H,,,synthetic,False,,,,,,,,,10.0,INDEPENDENT_BACKGROUND
6619,N1,synthetic,P_nat,mlp32,HP,,,synthetic,True,,,,,,,,,10.0,INDEPENDENT_BACKGROUND
6620,N1,synthetic,P_nat,mlp32,HPB,,,synthetic,True,,,,,,,,,10.0,INDEPENDENT_BACKGROUND
6621,N1,synthetic,P_nat,mlp32,HPBnoise,,,synthetic,True,,,,,,,,,10.0,INDEPENDENT_BACKGROUND
6622,N1,synthetic,P_nat,logistic,H,,,synthetic,False,,,,,,,,,11.0,INDEPENDENT_BACKGROUND
6623,N1,synthetic,P_nat,mlp32,HP,,,synthetic,True,,,,,,,,,11.0,INDEPENDENT_BACKGROUND
6624,N1,synthetic,P_nat,mlp32,HPB,,,synthetic,True,,,,,,,,,11.0,INDEPENDENT_BACKGROUND
6625,N1,synthetic,P_nat,mlp32,HPBnoise,,,synthetic,True,,,,,,,,,11.0,INDEPENDENT_BACKGROUND
6626,N1,synthetic,P_nat,logistic,H,,,synthetic,False,,,,,,,,,12.0,INDEPENDENT_BACKGROUND
6627,N1,synthetic,P_nat,mlp32,HP,,,synthetic,True,,,,,,,,,12.0,INDEPENDENT_BACKGROUND
6628,N1,synthetic,P_nat,mlp32,HPB,,,synthetic,True,,,,,,,,,12.0,INDEPENDENT_BACKGROUND
6629,N1,synthetic,P_nat,mlp32,HPBnoise,,,synthetic,True,,,,,,,,,12.0,INDEPENDENT_BACKGROUND
6630,N1,synthetic,P_nat,logistic,H,,,synthetic,False,,,,,,,,,13.0,INDEPENDENT_BACKGROUND
6631,N1,synthetic,P_nat,mlp32,HP,,,synthetic,True,,,,,,,,,13.0,INDEPENDENT_BACKGROUND
6632,N1,synthetic,P_nat,mlp32,HPB,,,synthetic,True,,,,,,,,,13.0,INDEPENDENT_BACKGROUND
6633,N1,synthetic,P_nat,mlp32,HPBnoise,,,synthetic,True,,,,,,,,,13.0,INDEPENDENT_BACKGROUND
6634,N1,synthetic,P_nat,logistic,H,,,synthetic,False,,,,,,,,,14.0,INDEPENDENT_BACKGROUND
6635,N1,synthetic,P_nat,mlp32,HP,,,synthetic,True,,,,,,,,,14.0,INDEPENDENT_BACKGROUND
6636,N1,synthetic,P_nat,mlp32,HPB,,,synthetic,True,,,,,,,,,14.0,INDEPENDENT_BACKGROUND
6637,N1,synthetic,P_nat,mlp32,HPBnoise,,,synthetic,True,,,,,,,,,14.0,INDEPENDENT_BACKGROUND
6638,N1,synthetic,P_nat,logistic,H,,,synthetic,False,,,,,,,,,15.0,INDEPENDENT_BACKGROUND
6639,N1,synthetic,P_nat,mlp32,HP,,,synthetic,True,,,,,,,,,15.0,INDEPENDENT_BACKGROUND
6640,N1,synthetic,P_nat,mlp32,HPB,,,synthetic,True,,,,,,,,,15.0,INDEPENDENT_BACKGROUND
6641,N1,synthetic,P_nat,mlp32,HPBnoise,,,synthetic,True,,,,,,,,,15.0,INDEPENDENT_BACKGROUND
6642,N1,synthetic,P_nat,logistic,H,,,synthetic,False,,,,,,,,,16.0,INDEPENDENT_BACKGROUND
6643,N1,synthetic,P_nat,mlp32,HP,,,synthetic,True,,,,,,,,,16.0,INDEPENDENT_BACKGROUND
6644,N1,synthetic,P_nat,mlp32,HPB,,,synthetic,True,,,,,,,,,16.0,INDEPENDENT_BACKGROUND
6645,N1,synthetic,P_nat,mlp32,HPBnoise,,,synthetic,True,,,,,,,,,16.0,INDEPENDENT_BACKGROUND
6646,N1,synthetic,P_nat,logistic,H,,,synthetic,False,,,,,,,,,17.0,INDEPENDENT_BACKGROUND
6647,N1,synthetic,P_nat,mlp32,HP,,,synthetic,True,,,,,,,,,17.0,INDEPENDENT_BACKGROUND
6648,N1,synthetic,P_nat,mlp32,HPB,,,synthetic,True,,,,,,,,,17.0,INDEPENDENT_BACKGROUND
6649,N1,synthetic,P_nat,mlp32,HPBnoise,,,synthetic,True,,,,,,,,,17.0,INDEPENDENT_BACKGROUND
6650,N1,synthetic,P_nat,logistic,H,,,synthetic,False,,,,,,,,,18.0,INDEPENDENT_BACKGROUND
6651,N1,synthetic,P_nat,mlp32,HP,,,synthetic,True,,,,,,,,,18.0,INDEPENDENT_BACKGROUND
6652,N1,synthetic,P_nat,mlp32,HPB,,,synthetic,True,,,,,,,,,18.0,INDEPENDENT_BACKGROUND
6653,N1,synthetic,P_nat,mlp32,HPBnoise,,,synthetic,True,,,,,,,,,18.0,INDEPENDENT_BACKGROUND
6654,N1,synthetic,P_nat,logistic,H,,,synthetic,False,,,,,,,,,19.0,INDEPENDENT_BACKGROUND
6655,N1,synthetic,P_nat,mlp32,HP,,,synthetic,True,,,,,,,,,19.0,INDEPENDENT_BACKGROUND
6656,N1,synthetic,P_nat,mlp32,HPB,,,synthetic,True,,,,,,,,,19.0,INDEPENDENT_BACKGROUND
6657,N1,synthetic,P_nat,mlp32,HPBnoise,,,synthetic,True,,,,,,,,,19.0,INDEPENDENT_BACKGROUND
6658,N1,synthetic,P_nat,logistic,H,,,synthetic,False,,,,,,,,,20.0,INDEPENDENT_BACKGROUND
6659,N1,synthetic,P_nat,mlp32,HP,,,synthetic,True,,,,,,,,,20.0,INDEPENDENT_BACKGROUND
6660,N1,synthetic,P_nat,mlp32,HPB,,,synthetic,True,,,,,,,,,20.0,INDEPENDENT_BACKGROUND
6661,N1,synthetic,P_nat,mlp32,HPBnoise,,,synthetic,True,,,,,,,,,20.0,INDEPENDENT_BACKGROUND
6662,N1,synthetic,P_nat,logistic,H,,,synthetic,False,,,,,,,,,21.0,INDEPENDENT_BACKGROUND
6663,N1,synthetic,P_nat,mlp32,HP,,,synthetic,True,,,,,,,,,21.0,INDEPENDENT_BACKGROUND
6664,N1,synthetic,P_nat,mlp32,HPB,,,synthetic,True,,,,,,,,,21.0,INDEPENDENT_BACKGROUND
6665,N1,synthetic,P_nat,mlp32,HPBnoise,,,synthetic,True,,,,,,,,,21.0,INDEPENDENT_BACKGROUND
6666,N1,synthetic,P_nat,logistic,H,,,synthetic,False,,,,,,,,,22.0,INDEPENDENT_BACKGROUND
6667,N1,synthetic,P_nat,mlp32,HP,,,synthetic,True,,,,,,,,,22.0,INDEPENDENT_BACKGROUND
6668,N1,synthetic,P_nat,mlp32,HPB,,,synthetic,True,,,,,,,,,22.0,INDEPENDENT_BACKGROUND
6669,N1,synthetic,P_nat,mlp32,HPBnoise,,,synthetic,True,,,,,,,,,22.0,INDEPENDENT_BACKGROUND
6670,N1,synthetic,P_nat,logistic,H,,,synthetic,False,,,,,,,,,23.0,INDEPENDENT_BACKGROUND
6671,N1,synthetic,P_nat,mlp32,HP,,,synthetic,True,,,,,,,,,23.0,INDEPENDENT_BACKGROUND
6672,N1,synthetic,P_nat,mlp32,HPB,,,synthetic,True,,,,,,,,,23.0,INDEPENDENT_BACKGROUND
6673,N1,synthetic,P_nat,mlp32,HPBnoise,,,synthetic,True,,,,,,,,,23.0,INDEPENDENT_BACKGROUND
6674,N1,synthetic,P_nat,logistic,H,,,synthetic,False,,,,,,,,,24.0,INDEPENDENT_BACKGROUND
6675,N1,synthetic,P_nat,mlp32,HP,,,synthetic,True,,,,,,,,,24.0,INDEPENDENT_BACKGROUND
6676,N1,synthetic,P_nat,mlp32,HPB,,,synthetic,True,,,,,,,,,24.0,INDEPENDENT_BACKGROUND
6677,N1,synthetic,P_nat,mlp32,HPBnoise,,,synthetic,True,,,,,,,,,24.0,INDEPENDENT_BACKGROUND
6678,N1,synthetic,P_nat,logistic,H,,,synthetic,False,,,,,,,,,25.0,INDEPENDENT_BACKGROUND
6679,N1,synthetic,P_nat,mlp32,HP,,,synthetic,True,,,,,,,,,25.0,INDEPENDENT_BACKGROUND
6680,N1,synthetic,P_nat,mlp32,HPB,,,synthetic,True,,,,,,,,,25.0,INDEPENDENT_BACKGROUND
6681,N1,synthetic,P_nat,mlp32,HPBnoise,,,synthetic,True,,,,,,,,,25.0,INDEPENDENT_BACKGROUND
6682,N1,synthetic,P_nat,logistic,H,,,synthetic,False,,,,,,,,,26.0,INDEPENDENT_BACKGROUND
6683,N1,synthetic,P_nat,mlp32,HP,,,synthetic,True,,,,,,,,,26.0,INDEPENDENT_BACKGROUND
6684,N1,synthetic,P_nat,mlp32,HPB,,,synthetic,True,,,,,,,,,26.0,INDEPENDENT_BACKGROUND
6685,N1,synthetic,P_nat,mlp32,HPBnoise,,,synthetic,True,,,,,,,,,26.0,INDEPENDENT_BACKGROUND
6686,N1,synthetic,P_nat,logistic,H,,,synthetic,False,,,,,,,,,27.0,INDEPENDENT_BACKGROUND
6687,N1,synthetic,P_nat,mlp32,HP,,,synthetic,True,,,,,,,,,27.0,INDEPENDENT_BACKGROUND
6688,N1,synthetic,P_nat,mlp32,HPB,,,synthetic,True,,,,,,,,,27.0,INDEPENDENT_BACKGROUND
6689,N1,synthetic,P_nat,mlp32,HPBnoise,,,synthetic,True,,,,,,,,,27.0,INDEPENDENT_BACKGROUND
6690,N1,synthetic,P_nat,logistic,H,,,synthetic,False,,,,,,,,,28.0,INDEPENDENT_BACKGROUND
6691,N1,synthetic,P_nat,mlp32,HP,,,synthetic,True,,,,,,,,,28.0,INDEPENDENT_BACKGROUND
6692,N1,synthetic,P_nat,mlp32,HPB,,,synthetic,True,,,,,,,,,28.0,INDEPENDENT_BACKGROUND
6693,N1,synthetic,P_nat,mlp32,HPBnoise,,,synthetic,True,,,,,,,,,28.0,INDEPENDENT_BACKGROUND
6694,N1,synthetic,P_nat,logistic,H,,,synthetic,False,,,,,,,,,29.0,INDEPENDENT_BACKGROUND
6695,N1,synthetic,P_nat,mlp32,HP,,,synthetic,True,,,,,,,,,29.0,INDEPENDENT_BACKGROUND
6696,N1,synthetic,P_nat,mlp32,HPB,,,synthetic,True,,,,,,,,,29.0,INDEPENDENT_BACKGROUND
6697,N1,synthetic,P_nat,mlp32,HPBnoise,,,synthetic,True,,,,,,,,,29.0,INDEPENDENT_BACKGROUND
6698,N2,synthetic,P_bal,logistic,H,,,synthetic,False,,,,,,,,,0.0,MEAN_SUFFICIENT
6699,N2,synthetic,P_bal,logistic,HMU,,,synthetic,False,,,,,,,,,0.0,MEAN_SUFFICIENT
6700,N2,synthetic,P_bal,logistic,HMUVAR,,,synthetic,False,,,,,,,,,0.0,MEAN_SUFFICIENT
6701,N2,synthetic,P_bal,logistic,HMUMU,,,synthetic,False,,,,,,,,,0.0,MEAN_SUFFICIENT
6702,N2,synthetic,P_bal,logistic,HVAR,,,synthetic,False,,,,,,,,,0.0,MEAN_SUFFICIENT
6703,N2,synthetic,P_bal,logistic,HRFF,,,synthetic,False,,,,,,,,,0.0,MEAN_SUFFICIENT
6704,N2,synthetic,P_bal,logistic,H,,,synthetic,False,,,,,,,,,1.0,MEAN_SUFFICIENT
6705,N2,synthetic,P_bal,logistic,HMU,,,synthetic,False,,,,,,,,,1.0,MEAN_SUFFICIENT
6706,N2,synthetic,P_bal,logistic,HMUVAR,,,synthetic,False,,,,,,,,,1.0,MEAN_SUFFICIENT
6707,N2,synthetic,P_bal,logistic,HMUMU,,,synthetic,False,,,,,,,,,1.0,MEAN_SUFFICIENT
6708,N2,synthetic,P_bal,logistic,HVAR,,,synthetic,False,,,,,,,,,1.0,MEAN_SUFFICIENT
6709,N2,synthetic,P_bal,logistic,HRFF,,,synthetic,False,,,,,,,,,1.0,MEAN_SUFFICIENT
6710,N2,synthetic,P_bal,logistic,H,,,synthetic,False,,,,,,,,,2.0,MEAN_SUFFICIENT
6711,N2,synthetic,P_bal,logistic,HMU,,,synthetic,False,,,,,,,,,2.0,MEAN_SUFFICIENT
6712,N2,synthetic,P_bal,logistic,HMUVAR,,,synthetic,False,,,,,,,,,2.0,MEAN_SUFFICIENT
6713,N2,synthetic,P_bal,logistic,HMUMU,,,synthetic,False,,,,,,,,,2.0,MEAN_SUFFICIENT
6714,N2,synthetic,P_bal,logistic,HVAR,,,synthetic,False,,,,,,,,,2.0,MEAN_SUFFICIENT
6715,N2,synthetic,P_bal,logistic,HRFF,,,synthetic,False,,,,,,,,,2.0,MEAN_SUFFICIENT
6716,N2,synthetic,P_bal,logistic,H,,,synthetic,False,,,,,,,,,3.0,MEAN_SUFFICIENT
6717,N2,synthetic,P_bal,logistic,HMU,,,synthetic,False,,,,,,,,,3.0,MEAN_SUFFICIENT
6718,N2,synthetic,P_bal,logistic,HMUVAR,,,synthetic,False,,,,,,,,,3.0,MEAN_SUFFICIENT
6719,N2,synthetic,P_bal,logistic,HMUMU,,,synthetic,False,,,,,,,,,3.0,MEAN_SUFFICIENT
6720,N2,synthetic,P_bal,logistic,HVAR,,,synthetic,False,,,,,,,,,3.0,MEAN_SUFFICIENT
6721,N2,synthetic,P_bal,logistic,HRFF,,,synthetic,False,,,,,,,,,3.0,MEAN_SUFFICIENT
6722,N2,synthetic,P_bal,logistic,H,,,synthetic,False,,,,,,,,,4.0,MEAN_SUFFICIENT
6723,N2,synthetic,P_bal,logistic,HMU,,,synthetic,False,,,,,,,,,4.0,MEAN_SUFFICIENT
6724,N2,synthetic,P_bal,logistic,HMUVAR,,,synthetic,False,,,,,,,,,4.0,MEAN_SUFFICIENT
6725,N2,synthetic,P_bal,logistic,HMUMU,,,synthetic,False,,,,,,,,,4.0,MEAN_SUFFICIENT
6726,N2,synthetic,P_bal,logistic,HVAR,,,synthetic,False,,,,,,,,,4.0,MEAN_SUFFICIENT
6727,N2,synthetic,P_bal,logistic,HRFF,,,synthetic,False,,,,,,,,,4.0,MEAN_SUFFICIENT
6728,N2,synthetic,P_bal,logistic,H,,,synthetic,False,,,,,,,,,5.0,MEAN_SUFFICIENT
6729,N2,synthetic,P_bal,logistic,HMU,,,synthetic,False,,,,,,,,,5.0,MEAN_SUFFICIENT
6730,N2,synthetic,P_bal,logistic,HMUVAR,,,synthetic,False,,,,,,,,,5.0,MEAN_SUFFICIENT
6731,N2,synthetic,P_bal,logistic,HMUMU,,,synthetic,False,,,,,,,,,5.0,MEAN_SUFFICIENT
6732,N2,synthetic,P_bal,logistic,HVAR,,,synthetic,False,,,,,,,,,5.0,MEAN_SUFFICIENT
6733,N2,synthetic,P_bal,logistic,HRFF,,,synthetic,False,,,,,,,,,5.0,MEAN_SUFFICIENT
6734,N2,synthetic,P_bal,logistic,H,,,synthetic,False,,,,,,,,,6.0,MEAN_SUFFICIENT
6735,N2,synthetic,P_bal,logistic,HMU,,,synthetic,False,,,,,,,,,6.0,MEAN_SUFFICIENT
6736,N2,synthetic,P_bal,logistic,HMUVAR,,,synthetic,False,,,,,,,,,6.0,MEAN_SUFFICIENT
6737,N2,synthetic,P_bal,logistic,HMUMU,,,synthetic,False,,,,,,,,,6.0,MEAN_SUFFICIENT
6738,N2,synthetic,P_bal,logistic,HVAR,,,synthetic,False,,,,,,,,,6.0,MEAN_SUFFICIENT
6739,N2,synthetic,P_bal,logistic,HRFF,,,synthetic,False,,,,,,,,,6.0,MEAN_SUFFICIENT
6740,N2,synthetic,P_bal,logistic,H,,,synthetic,False,,,,,,,,,7.0,MEAN_SUFFICIENT
6741,N2,synthetic,P_bal,logistic,HMU,,,synthetic,False,,,,,,,,,7.0,MEAN_SUFFICIENT
6742,N2,synthetic,P_bal,logistic,HMUVAR,,,synthetic,False,,,,,,,,,7.0,MEAN_SUFFICIENT
6743,N2,synthetic,P_bal,logistic,HMUMU,,,synthetic,False,,,,,,,,,7.0,MEAN_SUFFICIENT
6744,N2,synthetic,P_bal,logistic,HVAR,,,synthetic,False,,,,,,,,,7.0,MEAN_SUFFICIENT
6745,N2,synthetic,P_bal,logistic,HRFF,,,synthetic,False,,,,,,,,,7.0,MEAN_SUFFICIENT
6746,N2,synthetic,P_bal,logistic,H,,,synthetic,False,,,,,,,,,8.0,MEAN_SUFFICIENT
6747,N2,synthetic,P_bal,logistic,HMU,,,synthetic,False,,,,,,,,,8.0,MEAN_SUFFICIENT
6748,N2,synthetic,P_bal,logistic,HMUVAR,,,synthetic,False,,,,,,,,,8.0,MEAN_SUFFICIENT
6749,N2,synthetic,P_bal,logistic,HMUMU,,,synthetic,False,,,,,,,,,8.0,MEAN_SUFFICIENT
6750,N2,synthetic,P_bal,logistic,HVAR,,,synthetic,False,,,,,,,,,8.0,MEAN_SUFFICIENT
6751,N2,synthetic,P_bal,logistic,HRFF,,,synthetic,False,,,,,,,,,8.0,MEAN_SUFFICIENT
6752,N2,synthetic,P_bal,logistic,H,,,synthetic,False,,,,,,,,,9.0,MEAN_SUFFICIENT
6753,N2,synthetic,P_bal,logistic,HMU,,,synthetic,False,,,,,,,,,9.0,MEAN_SUFFICIENT
6754,N2,synthetic,P_bal,logistic,HMUVAR,,,synthetic,False,,,,,,,,,9.0,MEAN_SUFFICIENT
6755,N2,synthetic,P_bal,logistic,HMUMU,,,synthetic,False,,,,,,,,,9.0,MEAN_SUFFICIENT
6756,N2,synthetic,P_bal,logistic,HVAR,,,synthetic,False,,,,,,,,,9.0,MEAN_SUFFICIENT
6757,N2,synthetic,P_bal,logistic,HRFF,,,synthetic,False,,,,,,,,,9.0,MEAN_SUFFICIENT
6758,N2,synthetic,P_bal,logistic,H,,,synthetic,False,,,,,,,,,10.0,MEAN_SUFFICIENT
6759,N2,synthetic,P_bal,logistic,HMU,,,synthetic,False,,,,,,,,,10.0,MEAN_SUFFICIENT
6760,N2,synthetic,P_bal,logistic,HMUVAR,,,synthetic,False,,,,,,,,,10.0,MEAN_SUFFICIENT
6761,N2,synthetic,P_bal,logistic,HMUMU,,,synthetic,False,,,,,,,,,10.0,MEAN_SUFFICIENT
6762,N2,synthetic,P_bal,logistic,HVAR,,,synthetic,False,,,,,,,,,10.0,MEAN_SUFFICIENT
6763,N2,synthetic,P_bal,logistic,HRFF,,,synthetic,False,,,,,,,,,10.0,MEAN_SUFFICIENT
6764,N2,synthetic,P_bal,logistic,H,,,synthetic,False,,,,,,,,,11.0,MEAN_SUFFICIENT
6765,N2,synthetic,P_bal,logistic,HMU,,,synthetic,False,,,,,,,,,11.0,MEAN_SUFFICIENT
6766,N2,synthetic,P_bal,logistic,HMUVAR,,,synthetic,False,,,,,,,,,11.0,MEAN_SUFFICIENT
6767,N2,synthetic,P_bal,logistic,HMUMU,,,synthetic,False,,,,,,,,,11.0,MEAN_SUFFICIENT
6768,N2,synthetic,P_bal,logistic,HVAR,,,synthetic,False,,,,,,,,,11.0,MEAN_SUFFICIENT
6769,N2,synthetic,P_bal,logistic,HRFF,,,synthetic,False,,,,,,,,,11.0,MEAN_SUFFICIENT
6770,N2,synthetic,P_bal,logistic,H,,,synthetic,False,,,,,,,,,12.0,MEAN_SUFFICIENT
6771,N2,synthetic,P_bal,logistic,HMU,,,synthetic,False,,,,,,,,,12.0,MEAN_SUFFICIENT
6772,N2,synthetic,P_bal,logistic,HMUVAR,,,synthetic,False,,,,,,,,,12.0,MEAN_SUFFICIENT
6773,N2,synthetic,P_bal,logistic,HMUMU,,,synthetic,False,,,,,,,,,12.0,MEAN_SUFFICIENT
6774,N2,synthetic,P_bal,logistic,HVAR,,,synthetic,False,,,,,,,,,12.0,MEAN_SUFFICIENT
6775,N2,synthetic,P_bal,logistic,HRFF,,,synthetic,False,,,,,,,,,12.0,MEAN_SUFFICIENT
6776,N2,synthetic,P_bal,logistic,H,,,synthetic,False,,,,,,,,,13.0,MEAN_SUFFICIENT
6777,N2,synthetic,P_bal,logistic,HMU,,,synthetic,False,,,,,,,,,13.0,MEAN_SUFFICIENT
6778,N2,synthetic,P_bal,logistic,HMUVAR,,,synthetic,False,,,,,,,,,13.0,MEAN_SUFFICIENT
6779,N2,synthetic,P_bal,logistic,HMUMU,,,synthetic,False,,,,,,,,,13.0,MEAN_SUFFICIENT
6780,N2,synthetic,P_bal,logistic,HVAR,,,synthetic,False,,,,,,,,,13.0,MEAN_SUFFICIENT
6781,N2,synthetic,P_bal,logistic,HRFF,,,synthetic,False,,,,,,,,,13.0,MEAN_SUFFICIENT
6782,N2,synthetic,P_bal,logistic,H,,,synthetic,False,,,,,,,,,14.0,MEAN_SUFFICIENT
6783,N2,synthetic,P_bal,logistic,HMU,,,synthetic,False,,,,,,,,,14.0,MEAN_SUFFICIENT
6784,N2,synthetic,P_bal,logistic,HMUVAR,,,synthetic,False,,,,,,,,,14.0,MEAN_SUFFICIENT
6785,N2,synthetic,P_bal,logistic,HMUMU,,,synthetic,False,,,,,,,,,14.0,MEAN_SUFFICIENT
6786,N2,synthetic,P_bal,logistic,HVAR,,,synthetic,False,,,,,,,,,14.0,MEAN_SUFFICIENT
6787,N2,synthetic,P_bal,logistic,HRFF,,,synthetic,False,,,,,,,,,14.0,MEAN_SUFFICIENT
6788,N2,synthetic,P_bal,logistic,H,,,synthetic,False,,,,,,,,,15.0,MEAN_SUFFICIENT
6789,N2,synthetic,P_bal,logistic,HMU,,,synthetic,False,,,,,,,,,15.0,MEAN_SUFFICIENT
6790,N2,synthetic,P_bal,logistic,HMUVAR,,,synthetic,False,,,,,,,,,15.0,MEAN_SUFFICIENT
6791,N2,synthetic,P_bal,logistic,HMUMU,,,synthetic,False,,,,,,,,,15.0,MEAN_SUFFICIENT
6792,N2,synthetic,P_bal,logistic,HVAR,,,synthetic,False,,,,,,,,,15.0,MEAN_SUFFICIENT
6793,N2,synthetic,P_bal,logistic,HRFF,,,synthetic,False,,,,,,,,,15.0,MEAN_SUFFICIENT
6794,N2,synthetic,P_bal,logistic,H,,,synthetic,False,,,,,,,,,16.0,MEAN_SUFFICIENT
6795,N2,synthetic,P_bal,logistic,HMU,,,synthetic,False,,,,,,,,,16.0,MEAN_SUFFICIENT
6796,N2,synthetic,P_bal,logistic,HMUVAR,,,synthetic,False,,,,,,,,,16.0,MEAN_SUFFICIENT
6797,N2,synthetic,P_bal,logistic,HMUMU,,,synthetic,False,,,,,,,,,16.0,MEAN_SUFFICIENT
6798,N2,synthetic,P_bal,logistic,HVAR,,,synthetic,False,,,,,,,,,16.0,MEAN_SUFFICIENT
6799,N2,synthetic,P_bal,logistic,HRFF,,,synthetic,False,,,,,,,,,16.0,MEAN_SUFFICIENT
6800,N2,synthetic,P_bal,logistic,H,,,synthetic,False,,,,,,,,,17.0,MEAN_SUFFICIENT
6801,N2,synthetic,P_bal,logistic,HMU,,,synthetic,False,,,,,,,,,17.0,MEAN_SUFFICIENT
6802,N2,synthetic,P_bal,logistic,HMUVAR,,,synthetic,False,,,,,,,,,17.0,MEAN_SUFFICIENT
6803,N2,synthetic,P_bal,logistic,HMUMU,,,synthetic,False,,,,,,,,,17.0,MEAN_SUFFICIENT
6804,N2,synthetic,P_bal,logistic,HVAR,,,synthetic,False,,,,,,,,,17.0,MEAN_SUFFICIENT
6805,N2,synthetic,P_bal,logistic,HRFF,,,synthetic,False,,,,,,,,,17.0,MEAN_SUFFICIENT
6806,N2,synthetic,P_bal,logistic,H,,,synthetic,False,,,,,,,,,18.0,MEAN_SUFFICIENT
6807,N2,synthetic,P_bal,logistic,HMU,,,synthetic,False,,,,,,,,,18.0,MEAN_SUFFICIENT
6808,N2,synthetic,P_bal,logistic,HMUVAR,,,synthetic,False,,,,,,,,,18.0,MEAN_SUFFICIENT
6809,N2,synthetic,P_bal,logistic,HMUMU,,,synthetic,False,,,,,,,,,18.0,MEAN_SUFFICIENT
6810,N2,synthetic,P_bal,logistic,HVAR,,,synthetic,False,,,,,,,,,18.0,MEAN_SUFFICIENT
6811,N2,synthetic,P_bal,logistic,HRFF,,,synthetic,False,,,,,,,,,18.0,MEAN_SUFFICIENT
6812,N2,synthetic,P_bal,logistic,H,,,synthetic,False,,,,,,,,,19.0,MEAN_SUFFICIENT
6813,N2,synthetic,P_bal,logistic,HMU,,,synthetic,False,,,,,,,,,19.0,MEAN_SUFFICIENT
6814,N2,synthetic,P_bal,logistic,HMUVAR,,,synthetic,False,,,,,,,,,19.0,MEAN_SUFFICIENT
6815,N2,synthetic,P_bal,logistic,HMUMU,,,synthetic,False,,,,,,,,,19.0,MEAN_SUFFICIENT
6816,N2,synthetic,P_bal,logistic,HVAR,,,synthetic,False,,,,,,,,,19.0,MEAN_SUFFICIENT
6817,N2,synthetic,P_bal,logistic,HRFF,,,synthetic,False,,,,,,,,,19.0,MEAN_SUFFICIENT
6818,N2,synthetic,P_bal,logistic,H,,,synthetic,False,,,,,,,,,20.0,MEAN_SUFFICIENT
6819,N2,synthetic,P_bal,logistic,HMU,,,synthetic,False,,,,,,,,,20.0,MEAN_SUFFICIENT
6820,N2,synthetic,P_bal,logistic,HMUVAR,,,synthetic,False,,,,,,,,,20.0,MEAN_SUFFICIENT
6821,N2,synthetic,P_bal,logistic,HMUMU,,,synthetic,False,,,,,,,,,20.0,MEAN_SUFFICIENT
6822,N2,synthetic,P_bal,logistic,HVAR,,,synthetic,False,,,,,,,,,20.0,MEAN_SUFFICIENT
6823,N2,synthetic,P_bal,logistic,HRFF,,,synthetic,False,,,,,,,,,20.0,MEAN_SUFFICIENT
6824,N2,synthetic,P_bal,logistic,H,,,synthetic,False,,,,,,,,,21.0,MEAN_SUFFICIENT
6825,N2,synthetic,P_bal,logistic,HMU,,,synthetic,False,,,,,,,,,21.0,MEAN_SUFFICIENT
6826,N2,synthetic,P_bal,logistic,HMUVAR,,,synthetic,False,,,,,,,,,21.0,MEAN_SUFFICIENT
6827,N2,synthetic,P_bal,logistic,HMUMU,,,synthetic,False,,,,,,,,,21.0,MEAN_SUFFICIENT
6828,N2,synthetic,P_bal,logistic,HVAR,,,synthetic,False,,,,,,,,,21.0,MEAN_SUFFICIENT
6829,N2,synthetic,P_bal,logistic,HRFF,,,synthetic,False,,,,,,,,,21.0,MEAN_SUFFICIENT
6830,N2,synthetic,P_bal,logistic,H,,,synthetic,False,,,,,,,,,22.0,MEAN_SUFFICIENT
6831,N2,synthetic,P_bal,logistic,HMU,,,synthetic,False,,,,,,,,,22.0,MEAN_SUFFICIENT
6832,N2,synthetic,P_bal,logistic,HMUVAR,,,synthetic,False,,,,,,,,,22.0,MEAN_SUFFICIENT
6833,N2,synthetic,P_bal,logistic,HMUMU,,,synthetic,False,,,,,,,,,22.0,MEAN_SUFFICIENT
6834,N2,synthetic,P_bal,logistic,HVAR,,,synthetic,False,,,,,,,,,22.0,MEAN_SUFFICIENT
6835,N2,synthetic,P_bal,logistic,HRFF,,,synthetic,False,,,,,,,,,22.0,MEAN_SUFFICIENT
6836,N2,synthetic,P_bal,logistic,H,,,synthetic,False,,,,,,,,,23.0,MEAN_SUFFICIENT
6837,N2,synthetic,P_bal,logistic,HMU,,,synthetic,False,,,,,,,,,23.0,MEAN_SUFFICIENT
6838,N2,synthetic,P_bal,logistic,HMUVAR,,,synthetic,False,,,,,,,,,23.0,MEAN_SUFFICIENT
6839,N2,synthetic,P_bal,logistic,HMUMU,,,synthetic,False,,,,,,,,,23.0,MEAN_SUFFICIENT
6840,N2,synthetic,P_bal,logistic,HVAR,,,synthetic,False,,,,,,,,,23.0,MEAN_SUFFICIENT
6841,N2,synthetic,P_bal,logistic,HRFF,,,synthetic,False,,,,,,,,,23.0,MEAN_SUFFICIENT
6842,N2,synthetic,P_bal,logistic,H,,,synthetic,False,,,,,,,,,24.0,MEAN_SUFFICIENT
6843,N2,synthetic,P_bal,logistic,HMU,,,synthetic,False,,,,,,,,,24.0,MEAN_SUFFICIENT
6844,N2,synthetic,P_bal,logistic,HMUVAR,,,synthetic,False,,,,,,,,,24.0,MEAN_SUFFICIENT
6845,N2,synthetic,P_bal,logistic,HMUMU,,,synthetic,False,,,,,,,,,24.0,MEAN_SUFFICIENT
6846,N2,synthetic,P_bal,logistic,HVAR,,,synthetic,False,,,,,,,,,24.0,MEAN_SUFFICIENT
6847,N2,synthetic,P_bal,logistic,HRFF,,,synthetic,False,,,,,,,,,24.0,MEAN_SUFFICIENT
6848,N2,synthetic,P_bal,logistic,H,,,synthetic,False,,,,,,,,,25.0,MEAN_SUFFICIENT
6849,N2,synthetic,P_bal,logistic,HMU,,,synthetic,False,,,,,,,,,25.0,MEAN_SUFFICIENT
6850,N2,synthetic,P_bal,logistic,HMUVAR,,,synthetic,False,,,,,,,,,25.0,MEAN_SUFFICIENT
6851,N2,synthetic,P_bal,logistic,HMUMU,,,synthetic,False,,,,,,,,,25.0,MEAN_SUFFICIENT
6852,N2,synthetic,P_bal,logistic,HVAR,,,synthetic,False,,,,,,,,,25.0,MEAN_SUFFICIENT
6853,N2,synthetic,P_bal,logistic,HRFF,,,synthetic,False,,,,,,,,,25.0,MEAN_SUFFICIENT
6854,N2,synthetic,P_bal,logistic,H,,,synthetic,False,,,,,,,,,26.0,MEAN_SUFFICIENT
6855,N2,synthetic,P_bal,logistic,HMU,,,synthetic,False,,,,,,,,,26.0,MEAN_SUFFICIENT
6856,N2,synthetic,P_bal,logistic,HMUVAR,,,synthetic,False,,,,,,,,,26.0,MEAN_SUFFICIENT
6857,N2,synthetic,P_bal,logistic,HMUMU,,,synthetic,False,,,,,,,,,26.0,MEAN_SUFFICIENT
6858,N2,synthetic,P_bal,logistic,HVAR,,,synthetic,False,,,,,,,,,26.0,MEAN_SUFFICIENT
6859,N2,synthetic,P_bal,logistic,HRFF,,,synthetic,False,,,,,,,,,26.0,MEAN_SUFFICIENT
6860,N2,synthetic,P_bal,logistic,H,,,synthetic,False,,,,,,,,,27.0,MEAN_SUFFICIENT
6861,N2,synthetic,P_bal,logistic,HMU,,,synthetic,False,,,,,,,,,27.0,MEAN_SUFFICIENT
6862,N2,synthetic,P_bal,logistic,HMUVAR,,,synthetic,False,,,,,,,,,27.0,MEAN_SUFFICIENT
6863,N2,synthetic,P_bal,logistic,HMUMU,,,synthetic,False,,,,,,,,,27.0,MEAN_SUFFICIENT
6864,N2,synthetic,P_bal,logistic,HVAR,,,synthetic,False,,,,,,,,,27.0,MEAN_SUFFICIENT
6865,N2,synthetic,P_bal,logistic,HRFF,,,synthetic,False,,,,,,,,,27.0,MEAN_SUFFICIENT
6866,N2,synthetic,P_bal,logistic,H,,,synthetic,False,,,,,,,,,28.0,MEAN_SUFFICIENT
6867,N2,synthetic,P_bal,logistic,HMU,,,synthetic,False,,,,,,,,,28.0,MEAN_SUFFICIENT
6868,N2,synthetic,P_bal,logistic,HMUVAR,,,synthetic,False,,,,,,,,,28.0,MEAN_SUFFICIENT
6869,N2,synthetic,P_bal,logistic,HMUMU,,,synthetic,False,,,,,,,,,28.0,MEAN_SUFFICIENT
6870,N2,synthetic,P_bal,logistic,HVAR,,,synthetic,False,,,,,,,,,28.0,MEAN_SUFFICIENT
6871,N2,synthetic,P_bal,logistic,HRFF,,,synthetic,False,,,,,,,,,28.0,MEAN_SUFFICIENT
6872,N2,synthetic,P_bal,logistic,H,,,synthetic,False,,,,,,,,,29.0,MEAN_SUFFICIENT
6873,N2,synthetic,P_bal,logistic,HMU,,,synthetic,False,,,,,,,,,29.0,MEAN_SUFFICIENT
6874,N2,synthetic,P_bal,logistic,HMUVAR,,,synthetic,False,,,,,,,,,29.0,MEAN_SUFFICIENT
6875,N2,synthetic,P_bal,logistic,HMUMU,,,synthetic,False,,,,,,,,,29.0,MEAN_SUFFICIENT
6876,N2,synthetic,P_bal,logistic,HVAR,,,synthetic,False,,,,,,,,,29.0,MEAN_SUFFICIENT
6877,N2,synthetic,P_bal,logistic,HRFF,,,synthetic,False,,,,,,,,,29.0,MEAN_SUFFICIENT
6878,N2,synthetic,P_bal,logistic,H,,,synthetic,False,,,,,,,,,0.0,COVARIANCE_SIGNAL
6879,N2,synthetic,P_bal,logistic,HMU,,,synthetic,False,,,,,,,,,0.0,COVARIANCE_SIGNAL
6880,N2,synthetic,P_bal,logistic,HMUVAR,,,synthetic,False,,,,,,,,,0.0,COVARIANCE_SIGNAL
6881,N2,synthetic,P_bal,logistic,HMUMU,,,synthetic,False,,,,,,,,,0.0,COVARIANCE_SIGNAL
6882,N2,synthetic,P_bal,logistic,HVAR,,,synthetic,False,,,,,,,,,0.0,COVARIANCE_SIGNAL
6883,N2,synthetic,P_bal,logistic,HRFF,,,synthetic,False,,,,,,,,,0.0,COVARIANCE_SIGNAL
6884,N2,synthetic,P_bal,logistic,H,,,synthetic,False,,,,,,,,,1.0,COVARIANCE_SIGNAL
6885,N2,synthetic,P_bal,logistic,HMU,,,synthetic,False,,,,,,,,,1.0,COVARIANCE_SIGNAL
6886,N2,synthetic,P_bal,logistic,HMUVAR,,,synthetic,False,,,,,,,,,1.0,COVARIANCE_SIGNAL
6887,N2,synthetic,P_bal,logistic,HMUMU,,,synthetic,False,,,,,,,,,1.0,COVARIANCE_SIGNAL
6888,N2,synthetic,P_bal,logistic,HVAR,,,synthetic,False,,,,,,,,,1.0,COVARIANCE_SIGNAL
6889,N2,synthetic,P_bal,logistic,HRFF,,,synthetic,False,,,,,,,,,1.0,COVARIANCE_SIGNAL
6890,N2,synthetic,P_bal,logistic,H,,,synthetic,False,,,,,,,,,2.0,COVARIANCE_SIGNAL
6891,N2,synthetic,P_bal,logistic,HMU,,,synthetic,False,,,,,,,,,2.0,COVARIANCE_SIGNAL
6892,N2,synthetic,P_bal,logistic,HMUVAR,,,synthetic,False,,,,,,,,,2.0,COVARIANCE_SIGNAL
6893,N2,synthetic,P_bal,logistic,HMUMU,,,synthetic,False,,,,,,,,,2.0,COVARIANCE_SIGNAL
6894,N2,synthetic,P_bal,logistic,HVAR,,,synthetic,False,,,,,,,,,2.0,COVARIANCE_SIGNAL
6895,N2,synthetic,P_bal,logistic,HRFF,,,synthetic,False,,,,,,,,,2.0,COVARIANCE_SIGNAL
6896,N2,synthetic,P_bal,logistic,H,,,synthetic,False,,,,,,,,,3.0,COVARIANCE_SIGNAL
6897,N2,synthetic,P_bal,logistic,HMU,,,synthetic,False,,,,,,,,,3.0,COVARIANCE_SIGNAL
6898,N2,synthetic,P_bal,logistic,HMUVAR,,,synthetic,False,,,,,,,,,3.0,COVARIANCE_SIGNAL
6899,N2,synthetic,P_bal,logistic,HMUMU,,,synthetic,False,,,,,,,,,3.0,COVARIANCE_SIGNAL
6900,N2,synthetic,P_bal,logistic,HVAR,,,synthetic,False,,,,,,,,,3.0,COVARIANCE_SIGNAL
6901,N2,synthetic,P_bal,logistic,HRFF,,,synthetic,False,,,,,,,,,3.0,COVARIANCE_SIGNAL
6902,N2,synthetic,P_bal,logistic,H,,,synthetic,False,,,,,,,,,4.0,COVARIANCE_SIGNAL
6903,N2,synthetic,P_bal,logistic,HMU,,,synthetic,False,,,,,,,,,4.0,COVARIANCE_SIGNAL
6904,N2,synthetic,P_bal,logistic,HMUVAR,,,synthetic,False,,,,,,,,,4.0,COVARIANCE_SIGNAL
6905,N2,synthetic,P_bal,logistic,HMUMU,,,synthetic,False,,,,,,,,,4.0,COVARIANCE_SIGNAL
6906,N2,synthetic,P_bal,logistic,HVAR,,,synthetic,False,,,,,,,,,4.0,COVARIANCE_SIGNAL
6907,N2,synthetic,P_bal,logistic,HRFF,,,synthetic,False,,,,,,,,,4.0,COVARIANCE_SIGNAL
6908,N2,synthetic,P_bal,logistic,H,,,synthetic,False,,,,,,,,,5.0,COVARIANCE_SIGNAL
6909,N2,synthetic,P_bal,logistic,HMU,,,synthetic,False,,,,,,,,,5.0,COVARIANCE_SIGNAL
6910,N2,synthetic,P_bal,logistic,HMUVAR,,,synthetic,False,,,,,,,,,5.0,COVARIANCE_SIGNAL
6911,N2,synthetic,P_bal,logistic,HMUMU,,,synthetic,False,,,,,,,,,5.0,COVARIANCE_SIGNAL
6912,N2,synthetic,P_bal,logistic,HVAR,,,synthetic,False,,,,,,,,,5.0,COVARIANCE_SIGNAL
6913,N2,synthetic,P_bal,logistic,HRFF,,,synthetic,False,,,,,,,,,5.0,COVARIANCE_SIGNAL
6914,N2,synthetic,P_bal,logistic,H,,,synthetic,False,,,,,,,,,6.0,COVARIANCE_SIGNAL
6915,N2,synthetic,P_bal,logistic,HMU,,,synthetic,False,,,,,,,,,6.0,COVARIANCE_SIGNAL
6916,N2,synthetic,P_bal,logistic,HMUVAR,,,synthetic,False,,,,,,,,,6.0,COVARIANCE_SIGNAL
6917,N2,synthetic,P_bal,logistic,HMUMU,,,synthetic,False,,,,,,,,,6.0,COVARIANCE_SIGNAL
6918,N2,synthetic,P_bal,logistic,HVAR,,,synthetic,False,,,,,,,,,6.0,COVARIANCE_SIGNAL
6919,N2,synthetic,P_bal,logistic,HRFF,,,synthetic,False,,,,,,,,,6.0,COVARIANCE_SIGNAL
6920,N2,synthetic,P_bal,logistic,H,,,synthetic,False,,,,,,,,,7.0,COVARIANCE_SIGNAL
6921,N2,synthetic,P_bal,logistic,HMU,,,synthetic,False,,,,,,,,,7.0,COVARIANCE_SIGNAL
6922,N2,synthetic,P_bal,logistic,HMUVAR,,,synthetic,False,,,,,,,,,7.0,COVARIANCE_SIGNAL
6923,N2,synthetic,P_bal,logistic,HMUMU,,,synthetic,False,,,,,,,,,7.0,COVARIANCE_SIGNAL
6924,N2,synthetic,P_bal,logistic,HVAR,,,synthetic,False,,,,,,,,,7.0,COVARIANCE_SIGNAL
6925,N2,synthetic,P_bal,logistic,HRFF,,,synthetic,False,,,,,,,,,7.0,COVARIANCE_SIGNAL
6926,N2,synthetic,P_bal,logistic,H,,,synthetic,False,,,,,,,,,8.0,COVARIANCE_SIGNAL
6927,N2,synthetic,P_bal,logistic,HMU,,,synthetic,False,,,,,,,,,8.0,COVARIANCE_SIGNAL
6928,N2,synthetic,P_bal,logistic,HMUVAR,,,synthetic,False,,,,,,,,,8.0,COVARIANCE_SIGNAL
6929,N2,synthetic,P_bal,logistic,HMUMU,,,synthetic,False,,,,,,,,,8.0,COVARIANCE_SIGNAL
6930,N2,synthetic,P_bal,logistic,HVAR,,,synthetic,False,,,,,,,,,8.0,COVARIANCE_SIGNAL
6931,N2,synthetic,P_bal,logistic,HRFF,,,synthetic,False,,,,,,,,,8.0,COVARIANCE_SIGNAL
6932,N2,synthetic,P_bal,logistic,H,,,synthetic,False,,,,,,,,,9.0,COVARIANCE_SIGNAL
6933,N2,synthetic,P_bal,logistic,HMU,,,synthetic,False,,,,,,,,,9.0,COVARIANCE_SIGNAL
6934,N2,synthetic,P_bal,logistic,HMUVAR,,,synthetic,False,,,,,,,,,9.0,COVARIANCE_SIGNAL
6935,N2,synthetic,P_bal,logistic,HMUMU,,,synthetic,False,,,,,,,,,9.0,COVARIANCE_SIGNAL
6936,N2,synthetic,P_bal,logistic,HVAR,,,synthetic,False,,,,,,,,,9.0,COVARIANCE_SIGNAL
6937,N2,synthetic,P_bal,logistic,HRFF,,,synthetic,False,,,,,,,,,9.0,COVARIANCE_SIGNAL
6938,N2,synthetic,P_bal,logistic,H,,,synthetic,False,,,,,,,,,10.0,COVARIANCE_SIGNAL
6939,N2,synthetic,P_bal,logistic,HMU,,,synthetic,False,,,,,,,,,10.0,COVARIANCE_SIGNAL
6940,N2,synthetic,P_bal,logistic,HMUVAR,,,synthetic,False,,,,,,,,,10.0,COVARIANCE_SIGNAL
6941,N2,synthetic,P_bal,logistic,HMUMU,,,synthetic,False,,,,,,,,,10.0,COVARIANCE_SIGNAL
6942,N2,synthetic,P_bal,logistic,HVAR,,,synthetic,False,,,,,,,,,10.0,COVARIANCE_SIGNAL
6943,N2,synthetic,P_bal,logistic,HRFF,,,synthetic,False,,,,,,,,,10.0,COVARIANCE_SIGNAL
6944,N2,synthetic,P_bal,logistic,H,,,synthetic,False,,,,,,,,,11.0,COVARIANCE_SIGNAL
6945,N2,synthetic,P_bal,logistic,HMU,,,synthetic,False,,,,,,,,,11.0,COVARIANCE_SIGNAL
6946,N2,synthetic,P_bal,logistic,HMUVAR,,,synthetic,False,,,,,,,,,11.0,COVARIANCE_SIGNAL
6947,N2,synthetic,P_bal,logistic,HMUMU,,,synthetic,False,,,,,,,,,11.0,COVARIANCE_SIGNAL
6948,N2,synthetic,P_bal,logistic,HVAR,,,synthetic,False,,,,,,,,,11.0,COVARIANCE_SIGNAL
6949,N2,synthetic,P_bal,logistic,HRFF,,,synthetic,False,,,,,,,,,11.0,COVARIANCE_SIGNAL
6950,N2,synthetic,P_bal,logistic,H,,,synthetic,False,,,,,,,,,12.0,COVARIANCE_SIGNAL
6951,N2,synthetic,P_bal,logistic,HMU,,,synthetic,False,,,,,,,,,12.0,COVARIANCE_SIGNAL
6952,N2,synthetic,P_bal,logistic,HMUVAR,,,synthetic,False,,,,,,,,,12.0,COVARIANCE_SIGNAL
6953,N2,synthetic,P_bal,logistic,HMUMU,,,synthetic,False,,,,,,,,,12.0,COVARIANCE_SIGNAL
6954,N2,synthetic,P_bal,logistic,HVAR,,,synthetic,False,,,,,,,,,12.0,COVARIANCE_SIGNAL
6955,N2,synthetic,P_bal,logistic,HRFF,,,synthetic,False,,,,,,,,,12.0,COVARIANCE_SIGNAL
6956,N2,synthetic,P_bal,logistic,H,,,synthetic,False,,,,,,,,,13.0,COVARIANCE_SIGNAL
6957,N2,synthetic,P_bal,logistic,HMU,,,synthetic,False,,,,,,,,,13.0,COVARIANCE_SIGNAL
6958,N2,synthetic,P_bal,logistic,HMUVAR,,,synthetic,False,,,,,,,,,13.0,COVARIANCE_SIGNAL
6959,N2,synthetic,P_bal,logistic,HMUMU,,,synthetic,False,,,,,,,,,13.0,COVARIANCE_SIGNAL
6960,N2,synthetic,P_bal,logistic,HVAR,,,synthetic,False,,,,,,,,,13.0,COVARIANCE_SIGNAL
6961,N2,synthetic,P_bal,logistic,HRFF,,,synthetic,False,,,,,,,,,13.0,COVARIANCE_SIGNAL
6962,N2,synthetic,P_bal,logistic,H,,,synthetic,False,,,,,,,,,14.0,COVARIANCE_SIGNAL
6963,N2,synthetic,P_bal,logistic,HMU,,,synthetic,False,,,,,,,,,14.0,COVARIANCE_SIGNAL
6964,N2,synthetic,P_bal,logistic,HMUVAR,,,synthetic,False,,,,,,,,,14.0,COVARIANCE_SIGNAL
6965,N2,synthetic,P_bal,logistic,HMUMU,,,synthetic,False,,,,,,,,,14.0,COVARIANCE_SIGNAL
6966,N2,synthetic,P_bal,logistic,HVAR,,,synthetic,False,,,,,,,,,14.0,COVARIANCE_SIGNAL
6967,N2,synthetic,P_bal,logistic,HRFF,,,synthetic,False,,,,,,,,,14.0,COVARIANCE_SIGNAL
6968,N2,synthetic,P_bal,logistic,H,,,synthetic,False,,,,,,,,,15.0,COVARIANCE_SIGNAL
6969,N2,synthetic,P_bal,logistic,HMU,,,synthetic,False,,,,,,,,,15.0,COVARIANCE_SIGNAL
6970,N2,synthetic,P_bal,logistic,HMUVAR,,,synthetic,False,,,,,,,,,15.0,COVARIANCE_SIGNAL
6971,N2,synthetic,P_bal,logistic,HMUMU,,,synthetic,False,,,,,,,,,15.0,COVARIANCE_SIGNAL
6972,N2,synthetic,P_bal,logistic,HVAR,,,synthetic,False,,,,,,,,,15.0,COVARIANCE_SIGNAL
6973,N2,synthetic,P_bal,logistic,HRFF,,,synthetic,False,,,,,,,,,15.0,COVARIANCE_SIGNAL
6974,N2,synthetic,P_bal,logistic,H,,,synthetic,False,,,,,,,,,16.0,COVARIANCE_SIGNAL
6975,N2,synthetic,P_bal,logistic,HMU,,,synthetic,False,,,,,,,,,16.0,COVARIANCE_SIGNAL
6976,N2,synthetic,P_bal,logistic,HMUVAR,,,synthetic,False,,,,,,,,,16.0,COVARIANCE_SIGNAL
6977,N2,synthetic,P_bal,logistic,HMUMU,,,synthetic,False,,,,,,,,,16.0,COVARIANCE_SIGNAL
6978,N2,synthetic,P_bal,logistic,HVAR,,,synthetic,False,,,,,,,,,16.0,COVARIANCE_SIGNAL
6979,N2,synthetic,P_bal,logistic,HRFF,,,synthetic,False,,,,,,,,,16.0,COVARIANCE_SIGNAL
6980,N2,synthetic,P_bal,logistic,H,,,synthetic,False,,,,,,,,,17.0,COVARIANCE_SIGNAL
6981,N2,synthetic,P_bal,logistic,HMU,,,synthetic,False,,,,,,,,,17.0,COVARIANCE_SIGNAL
6982,N2,synthetic,P_bal,logistic,HMUVAR,,,synthetic,False,,,,,,,,,17.0,COVARIANCE_SIGNAL
6983,N2,synthetic,P_bal,logistic,HMUMU,,,synthetic,False,,,,,,,,,17.0,COVARIANCE_SIGNAL
6984,N2,synthetic,P_bal,logistic,HVAR,,,synthetic,False,,,,,,,,,17.0,COVARIANCE_SIGNAL
6985,N2,synthetic,P_bal,logistic,HRFF,,,synthetic,False,,,,,,,,,17.0,COVARIANCE_SIGNAL
6986,N2,synthetic,P_bal,logistic,H,,,synthetic,False,,,,,,,,,18.0,COVARIANCE_SIGNAL
6987,N2,synthetic,P_bal,logistic,HMU,,,synthetic,False,,,,,,,,,18.0,COVARIANCE_SIGNAL
6988,N2,synthetic,P_bal,logistic,HMUVAR,,,synthetic,False,,,,,,,,,18.0,COVARIANCE_SIGNAL
6989,N2,synthetic,P_bal,logistic,HMUMU,,,synthetic,False,,,,,,,,,18.0,COVARIANCE_SIGNAL
6990,N2,synthetic,P_bal,logistic,HVAR,,,synthetic,False,,,,,,,,,18.0,COVARIANCE_SIGNAL
6991,N2,synthetic,P_bal,logistic,HRFF,,,synthetic,False,,,,,,,,,18.0,COVARIANCE_SIGNAL
6992,N2,synthetic,P_bal,logistic,H,,,synthetic,False,,,,,,,,,19.0,COVARIANCE_SIGNAL
6993,N2,synthetic,P_bal,logistic,HMU,,,synthetic,False,,,,,,,,,19.0,COVARIANCE_SIGNAL
6994,N2,synthetic,P_bal,logistic,HMUVAR,,,synthetic,False,,,,,,,,,19.0,COVARIANCE_SIGNAL
6995,N2,synthetic,P_bal,logistic,HMUMU,,,synthetic,False,,,,,,,,,19.0,COVARIANCE_SIGNAL
6996,N2,synthetic,P_bal,logistic,HVAR,,,synthetic,False,,,,,,,,,19.0,COVARIANCE_SIGNAL
6997,N2,synthetic,P_bal,logistic,HRFF,,,synthetic,False,,,,,,,,,19.0,COVARIANCE_SIGNAL
6998,N2,synthetic,P_bal,logistic,H,,,synthetic,False,,,,,,,,,20.0,COVARIANCE_SIGNAL
6999,N2,synthetic,P_bal,logistic,HMU,,,synthetic,False,,,,,,,,,20.0,COVARIANCE_SIGNAL
7000,N2,synthetic,P_bal,logistic,HMUVAR,,,synthetic,False,,,,,,,,,20.0,COVARIANCE_SIGNAL
7001,N2,synthetic,P_bal,logistic,HMUMU,,,synthetic,False,,,,,,,,,20.0,COVARIANCE_SIGNAL
7002,N2,synthetic,P_bal,logistic,HVAR,,,synthetic,False,,,,,,,,,20.0,COVARIANCE_SIGNAL
7003,N2,synthetic,P_bal,logistic,HRFF,,,synthetic,False,,,,,,,,,20.0,COVARIANCE_SIGNAL
7004,N2,synthetic,P_bal,logistic,H,,,synthetic,False,,,,,,,,,21.0,COVARIANCE_SIGNAL
7005,N2,synthetic,P_bal,logistic,HMU,,,synthetic,False,,,,,,,,,21.0,COVARIANCE_SIGNAL
7006,N2,synthetic,P_bal,logistic,HMUVAR,,,synthetic,False,,,,,,,,,21.0,COVARIANCE_SIGNAL
7007,N2,synthetic,P_bal,logistic,HMUMU,,,synthetic,False,,,,,,,,,21.0,COVARIANCE_SIGNAL
7008,N2,synthetic,P_bal,logistic,HVAR,,,synthetic,False,,,,,,,,,21.0,COVARIANCE_SIGNAL
7009,N2,synthetic,P_bal,logistic,HRFF,,,synthetic,False,,,,,,,,,21.0,COVARIANCE_SIGNAL
7010,N2,synthetic,P_bal,logistic,H,,,synthetic,False,,,,,,,,,22.0,COVARIANCE_SIGNAL
7011,N2,synthetic,P_bal,logistic,HMU,,,synthetic,False,,,,,,,,,22.0,COVARIANCE_SIGNAL
7012,N2,synthetic,P_bal,logistic,HMUVAR,,,synthetic,False,,,,,,,,,22.0,COVARIANCE_SIGNAL
7013,N2,synthetic,P_bal,logistic,HMUMU,,,synthetic,False,,,,,,,,,22.0,COVARIANCE_SIGNAL
7014,N2,synthetic,P_bal,logistic,HVAR,,,synthetic,False,,,,,,,,,22.0,COVARIANCE_SIGNAL
7015,N2,synthetic,P_bal,logistic,HRFF,,,synthetic,False,,,,,,,,,22.0,COVARIANCE_SIGNAL
7016,N2,synthetic,P_bal,logistic,H,,,synthetic,False,,,,,,,,,23.0,COVARIANCE_SIGNAL
7017,N2,synthetic,P_bal,logistic,HMU,,,synthetic,False,,,,,,,,,23.0,COVARIANCE_SIGNAL
7018,N2,synthetic,P_bal,logistic,HMUVAR,,,synthetic,False,,,,,,,,,23.0,COVARIANCE_SIGNAL
7019,N2,synthetic,P_bal,logistic,HMUMU,,,synthetic,False,,,,,,,,,23.0,COVARIANCE_SIGNAL
7020,N2,synthetic,P_bal,logistic,HVAR,,,synthetic,False,,,,,,,,,23.0,COVARIANCE_SIGNAL
7021,N2,synthetic,P_bal,logistic,HRFF,,,synthetic,False,,,,,,,,,23.0,COVARIANCE_SIGNAL
7022,N2,synthetic,P_bal,logistic,H,,,synthetic,False,,,,,,,,,24.0,COVARIANCE_SIGNAL
7023,N2,synthetic,P_bal,logistic,HMU,,,synthetic,False,,,,,,,,,24.0,COVARIANCE_SIGNAL
7024,N2,synthetic,P_bal,logistic,HMUVAR,,,synthetic,False,,,,,,,,,24.0,COVARIANCE_SIGNAL
7025,N2,synthetic,P_bal,logistic,HMUMU,,,synthetic,False,,,,,,,,,24.0,COVARIANCE_SIGNAL
7026,N2,synthetic,P_bal,logistic,HVAR,,,synthetic,False,,,,,,,,,24.0,COVARIANCE_SIGNAL
7027,N2,synthetic,P_bal,logistic,HRFF,,,synthetic,False,,,,,,,,,24.0,COVARIANCE_SIGNAL
7028,N2,synthetic,P_bal,logistic,H,,,synthetic,False,,,,,,,,,25.0,COVARIANCE_SIGNAL
7029,N2,synthetic,P_bal,logistic,HMU,,,synthetic,False,,,,,,,,,25.0,COVARIANCE_SIGNAL
7030,N2,synthetic,P_bal,logistic,HMUVAR,,,synthetic,False,,,,,,,,,25.0,COVARIANCE_SIGNAL
7031,N2,synthetic,P_bal,logistic,HMUMU,,,synthetic,False,,,,,,,,,25.0,COVARIANCE_SIGNAL
7032,N2,synthetic,P_bal,logistic,HVAR,,,synthetic,False,,,,,,,,,25.0,COVARIANCE_SIGNAL
7033,N2,synthetic,P_bal,logistic,HRFF,,,synthetic,False,,,,,,,,,25.0,COVARIANCE_SIGNAL
7034,N2,synthetic,P_bal,logistic,H,,,synthetic,False,,,,,,,,,26.0,COVARIANCE_SIGNAL
7035,N2,synthetic,P_bal,logistic,HMU,,,synthetic,False,,,,,,,,,26.0,COVARIANCE_SIGNAL
7036,N2,synthetic,P_bal,logistic,HMUVAR,,,synthetic,False,,,,,,,,,26.0,COVARIANCE_SIGNAL
7037,N2,synthetic,P_bal,logistic,HMUMU,,,synthetic,False,,,,,,,,,26.0,COVARIANCE_SIGNAL
7038,N2,synthetic,P_bal,logistic,HVAR,,,synthetic,False,,,,,,,,,26.0,COVARIANCE_SIGNAL
7039,N2,synthetic,P_bal,logistic,HRFF,,,synthetic,False,,,,,,,,,26.0,COVARIANCE_SIGNAL
7040,N2,synthetic,P_bal,logistic,H,,,synthetic,False,,,,,,,,,27.0,COVARIANCE_SIGNAL
7041,N2,synthetic,P_bal,logistic,HMU,,,synthetic,False,,,,,,,,,27.0,COVARIANCE_SIGNAL
7042,N2,synthetic,P_bal,logistic,HMUVAR,,,synthetic,False,,,,,,,,,27.0,COVARIANCE_SIGNAL
7043,N2,synthetic,P_bal,logistic,HMUMU,,,synthetic,False,,,,,,,,,27.0,COVARIANCE_SIGNAL
7044,N2,synthetic,P_bal,logistic,HVAR,,,synthetic,False,,,,,,,,,27.0,COVARIANCE_SIGNAL
7045,N2,synthetic,P_bal,logistic,HRFF,,,synthetic,False,,,,,,,,,27.0,COVARIANCE_SIGNAL
7046,N2,synthetic,P_bal,logistic,H,,,synthetic,False,,,,,,,,,28.0,COVARIANCE_SIGNAL
7047,N2,synthetic,P_bal,logistic,HMU,,,synthetic,False,,,,,,,,,28.0,COVARIANCE_SIGNAL
7048,N2,synthetic,P_bal,logistic,HMUVAR,,,synthetic,False,,,,,,,,,28.0,COVARIANCE_SIGNAL
7049,N2,synthetic,P_bal,logistic,HMUMU,,,synthetic,False,,,,,,,,,28.0,COVARIANCE_SIGNAL
7050,N2,synthetic,P_bal,logistic,HVAR,,,synthetic,False,,,,,,,,,28.0,COVARIANCE_SIGNAL
7051,N2,synthetic,P_bal,logistic,HRFF,,,synthetic,False,,,,,,,,,28.0,COVARIANCE_SIGNAL
7052,N2,synthetic,P_bal,logistic,H,,,synthetic,False,,,,,,,,,29.0,COVARIANCE_SIGNAL
7053,N2,synthetic,P_bal,logistic,HMU,,,synthetic,False,,,,,,,,,29.0,COVARIANCE_SIGNAL
7054,N2,synthetic,P_bal,logistic,HMUVAR,,,synthetic,False,,,,,,,,,29.0,COVARIANCE_SIGNAL
7055,N2,synthetic,P_bal,logistic,HMUMU,,,synthetic,False,,,,,,,,,29.0,COVARIANCE_SIGNAL
7056,N2,synthetic,P_bal,logistic,HVAR,,,synthetic,False,,,,,,,,,29.0,COVARIANCE_SIGNAL
7057,N2,synthetic,P_bal,logistic,HRFF,,,synthetic,False,,,,,,,,,29.0,COVARIANCE_SIGNAL
7058,N2,synthetic,P_bal,logistic,H,,,synthetic,False,,,,,,,,,0.0,TIME_DRIFT
7059,N2,synthetic,P_bal,logistic,HMU,,,synthetic,False,,,,,,,,,0.0,TIME_DRIFT
7060,N2,synthetic,P_bal,logistic,HMUVAR,,,synthetic,False,,,,,,,,,0.0,TIME_DRIFT
7061,N2,synthetic,P_bal,logistic,HMUMU,,,synthetic,False,,,,,,,,,0.0,TIME_DRIFT
7062,N2,synthetic,P_bal,logistic,HVAR,,,synthetic,False,,,,,,,,,0.0,TIME_DRIFT
7063,N2,synthetic,P_bal,logistic,HRFF,,,synthetic,False,,,,,,,,,0.0,TIME_DRIFT
7064,N2,synthetic,P_bal,logistic,H,,,synthetic,False,,,,,,,,,1.0,TIME_DRIFT
7065,N2,synthetic,P_bal,logistic,HMU,,,synthetic,False,,,,,,,,,1.0,TIME_DRIFT
7066,N2,synthetic,P_bal,logistic,HMUVAR,,,synthetic,False,,,,,,,,,1.0,TIME_DRIFT
7067,N2,synthetic,P_bal,logistic,HMUMU,,,synthetic,False,,,,,,,,,1.0,TIME_DRIFT
7068,N2,synthetic,P_bal,logistic,HVAR,,,synthetic,False,,,,,,,,,1.0,TIME_DRIFT
7069,N2,synthetic,P_bal,logistic,HRFF,,,synthetic,False,,,,,,,,,1.0,TIME_DRIFT
7070,N2,synthetic,P_bal,logistic,H,,,synthetic,False,,,,,,,,,2.0,TIME_DRIFT
7071,N2,synthetic,P_bal,logistic,HMU,,,synthetic,False,,,,,,,,,2.0,TIME_DRIFT
7072,N2,synthetic,P_bal,logistic,HMUVAR,,,synthetic,False,,,,,,,,,2.0,TIME_DRIFT
7073,N2,synthetic,P_bal,logistic,HMUMU,,,synthetic,False,,,,,,,,,2.0,TIME_DRIFT
7074,N2,synthetic,P_bal,logistic,HVAR,,,synthetic,False,,,,,,,,,2.0,TIME_DRIFT
7075,N2,synthetic,P_bal,logistic,HRFF,,,synthetic,False,,,,,,,,,2.0,TIME_DRIFT
7076,N2,synthetic,P_bal,logistic,H,,,synthetic,False,,,,,,,,,3.0,TIME_DRIFT
7077,N2,synthetic,P_bal,logistic,HMU,,,synthetic,False,,,,,,,,,3.0,TIME_DRIFT
7078,N2,synthetic,P_bal,logistic,HMUVAR,,,synthetic,False,,,,,,,,,3.0,TIME_DRIFT
7079,N2,synthetic,P_bal,logistic,HMUMU,,,synthetic,False,,,,,,,,,3.0,TIME_DRIFT
7080,N2,synthetic,P_bal,logistic,HVAR,,,synthetic,False,,,,,,,,,3.0,TIME_DRIFT
7081,N2,synthetic,P_bal,logistic,HRFF,,,synthetic,False,,,,,,,,,3.0,TIME_DRIFT
7082,N2,synthetic,P_bal,logistic,H,,,synthetic,False,,,,,,,,,4.0,TIME_DRIFT
7083,N2,synthetic,P_bal,logistic,HMU,,,synthetic,False,,,,,,,,,4.0,TIME_DRIFT
7084,N2,synthetic,P_bal,logistic,HMUVAR,,,synthetic,False,,,,,,,,,4.0,TIME_DRIFT
7085,N2,synthetic,P_bal,logistic,HMUMU,,,synthetic,False,,,,,,,,,4.0,TIME_DRIFT
7086,N2,synthetic,P_bal,logistic,HVAR,,,synthetic,False,,,,,,,,,4.0,TIME_DRIFT
7087,N2,synthetic,P_bal,logistic,HRFF,,,synthetic,False,,,,,,,,,4.0,TIME_DRIFT
7088,N2,synthetic,P_bal,logistic,H,,,synthetic,False,,,,,,,,,5.0,TIME_DRIFT
7089,N2,synthetic,P_bal,logistic,HMU,,,synthetic,False,,,,,,,,,5.0,TIME_DRIFT
7090,N2,synthetic,P_bal,logistic,HMUVAR,,,synthetic,False,,,,,,,,,5.0,TIME_DRIFT
7091,N2,synthetic,P_bal,logistic,HMUMU,,,synthetic,False,,,,,,,,,5.0,TIME_DRIFT
7092,N2,synthetic,P_bal,logistic,HVAR,,,synthetic,False,,,,,,,,,5.0,TIME_DRIFT
7093,N2,synthetic,P_bal,logistic,HRFF,,,synthetic,False,,,,,,,,,5.0,TIME_DRIFT
7094,N2,synthetic,P_bal,logistic,H,,,synthetic,False,,,,,,,,,6.0,TIME_DRIFT
7095,N2,synthetic,P_bal,logistic,HMU,,,synthetic,False,,,,,,,,,6.0,TIME_DRIFT
7096,N2,synthetic,P_bal,logistic,HMUVAR,,,synthetic,False,,,,,,,,,6.0,TIME_DRIFT
7097,N2,synthetic,P_bal,logistic,HMUMU,,,synthetic,False,,,,,,,,,6.0,TIME_DRIFT
7098,N2,synthetic,P_bal,logistic,HVAR,,,synthetic,False,,,,,,,,,6.0,TIME_DRIFT
7099,N2,synthetic,P_bal,logistic,HRFF,,,synthetic,False,,,,,,,,,6.0,TIME_DRIFT
7100,N2,synthetic,P_bal,logistic,H,,,synthetic,False,,,,,,,,,7.0,TIME_DRIFT
7101,N2,synthetic,P_bal,logistic,HMU,,,synthetic,False,,,,,,,,,7.0,TIME_DRIFT
7102,N2,synthetic,P_bal,logistic,HMUVAR,,,synthetic,False,,,,,,,,,7.0,TIME_DRIFT
7103,N2,synthetic,P_bal,logistic,HMUMU,,,synthetic,False,,,,,,,,,7.0,TIME_DRIFT
7104,N2,synthetic,P_bal,logistic,HVAR,,,synthetic,False,,,,,,,,,7.0,TIME_DRIFT
7105,N2,synthetic,P_bal,logistic,HRFF,,,synthetic,False,,,,,,,,,7.0,TIME_DRIFT
7106,N2,synthetic,P_bal,logistic,H,,,synthetic,False,,,,,,,,,8.0,TIME_DRIFT
7107,N2,synthetic,P_bal,logistic,HMU,,,synthetic,False,,,,,,,,,8.0,TIME_DRIFT
7108,N2,synthetic,P_bal,logistic,HMUVAR,,,synthetic,False,,,,,,,,,8.0,TIME_DRIFT
7109,N2,synthetic,P_bal,logistic,HMUMU,,,synthetic,False,,,,,,,,,8.0,TIME_DRIFT
7110,N2,synthetic,P_bal,logistic,HVAR,,,synthetic,False,,,,,,,,,8.0,TIME_DRIFT
7111,N2,synthetic,P_bal,logistic,HRFF,,,synthetic,False,,,,,,,,,8.0,TIME_DRIFT
7112,N2,synthetic,P_bal,logistic,H,,,synthetic,False,,,,,,,,,9.0,TIME_DRIFT
7113,N2,synthetic,P_bal,logistic,HMU,,,synthetic,False,,,,,,,,,9.0,TIME_DRIFT
7114,N2,synthetic,P_bal,logistic,HMUVAR,,,synthetic,False,,,,,,,,,9.0,TIME_DRIFT
7115,N2,synthetic,P_bal,logistic,HMUMU,,,synthetic,False,,,,,,,,,9.0,TIME_DRIFT
7116,N2,synthetic,P_bal,logistic,HVAR,,,synthetic,False,,,,,,,,,9.0,TIME_DRIFT
7117,N2,synthetic,P_bal,logistic,HRFF,,,synthetic,False,,,,,,,,,9.0,TIME_DRIFT
7118,N2,synthetic,P_bal,logistic,H,,,synthetic,False,,,,,,,,,10.0,TIME_DRIFT
7119,N2,synthetic,P_bal,logistic,HMU,,,synthetic,False,,,,,,,,,10.0,TIME_DRIFT
7120,N2,synthetic,P_bal,logistic,HMUVAR,,,synthetic,False,,,,,,,,,10.0,TIME_DRIFT
7121,N2,synthetic,P_bal,logistic,HMUMU,,,synthetic,False,,,,,,,,,10.0,TIME_DRIFT
7122,N2,synthetic,P_bal,logistic,HVAR,,,synthetic,False,,,,,,,,,10.0,TIME_DRIFT
7123,N2,synthetic,P_bal,logistic,HRFF,,,synthetic,False,,,,,,,,,10.0,TIME_DRIFT
7124,N2,synthetic,P_bal,logistic,H,,,synthetic,False,,,,,,,,,11.0,TIME_DRIFT
7125,N2,synthetic,P_bal,logistic,HMU,,,synthetic,False,,,,,,,,,11.0,TIME_DRIFT
7126,N2,synthetic,P_bal,logistic,HMUVAR,,,synthetic,False,,,,,,,,,11.0,TIME_DRIFT
7127,N2,synthetic,P_bal,logistic,HMUMU,,,synthetic,False,,,,,,,,,11.0,TIME_DRIFT
7128,N2,synthetic,P_bal,logistic,HVAR,,,synthetic,False,,,,,,,,,11.0,TIME_DRIFT
7129,N2,synthetic,P_bal,logistic,HRFF,,,synthetic,False,,,,,,,,,11.0,TIME_DRIFT
7130,N2,synthetic,P_bal,logistic,H,,,synthetic,False,,,,,,,,,12.0,TIME_DRIFT
7131,N2,synthetic,P_bal,logistic,HMU,,,synthetic,False,,,,,,,,,12.0,TIME_DRIFT
7132,N2,synthetic,P_bal,logistic,HMUVAR,,,synthetic,False,,,,,,,,,12.0,TIME_DRIFT
7133,N2,synthetic,P_bal,logistic,HMUMU,,,synthetic,False,,,,,,,,,12.0,TIME_DRIFT
7134,N2,synthetic,P_bal,logistic,HVAR,,,synthetic,False,,,,,,,,,12.0,TIME_DRIFT
7135,N2,synthetic,P_bal,logistic,HRFF,,,synthetic,False,,,,,,,,,12.0,TIME_DRIFT
7136,N2,synthetic,P_bal,logistic,H,,,synthetic,False,,,,,,,,,13.0,TIME_DRIFT
7137,N2,synthetic,P_bal,logistic,HMU,,,synthetic,False,,,,,,,,,13.0,TIME_DRIFT
7138,N2,synthetic,P_bal,logistic,HMUVAR,,,synthetic,False,,,,,,,,,13.0,TIME_DRIFT
7139,N2,synthetic,P_bal,logistic,HMUMU,,,synthetic,False,,,,,,,,,13.0,TIME_DRIFT
7140,N2,synthetic,P_bal,logistic,HVAR,,,synthetic,False,,,,,,,,,13.0,TIME_DRIFT
7141,N2,synthetic,P_bal,logistic,HRFF,,,synthetic,False,,,,,,,,,13.0,TIME_DRIFT
7142,N2,synthetic,P_bal,logistic,H,,,synthetic,False,,,,,,,,,14.0,TIME_DRIFT
7143,N2,synthetic,P_bal,logistic,HMU,,,synthetic,False,,,,,,,,,14.0,TIME_DRIFT
7144,N2,synthetic,P_bal,logistic,HMUVAR,,,synthetic,False,,,,,,,,,14.0,TIME_DRIFT
7145,N2,synthetic,P_bal,logistic,HMUMU,,,synthetic,False,,,,,,,,,14.0,TIME_DRIFT
7146,N2,synthetic,P_bal,logistic,HVAR,,,synthetic,False,,,,,,,,,14.0,TIME_DRIFT
7147,N2,synthetic,P_bal,logistic,HRFF,,,synthetic,False,,,,,,,,,14.0,TIME_DRIFT
7148,N2,synthetic,P_bal,logistic,H,,,synthetic,False,,,,,,,,,15.0,TIME_DRIFT
7149,N2,synthetic,P_bal,logistic,HMU,,,synthetic,False,,,,,,,,,15.0,TIME_DRIFT
7150,N2,synthetic,P_bal,logistic,HMUVAR,,,synthetic,False,,,,,,,,,15.0,TIME_DRIFT
7151,N2,synthetic,P_bal,logistic,HMUMU,,,synthetic,False,,,,,,,,,15.0,TIME_DRIFT
7152,N2,synthetic,P_bal,logistic,HVAR,,,synthetic,False,,,,,,,,,15.0,TIME_DRIFT
7153,N2,synthetic,P_bal,logistic,HRFF,,,synthetic,False,,,,,,,,,15.0,TIME_DRIFT
7154,N2,synthetic,P_bal,logistic,H,,,synthetic,False,,,,,,,,,16.0,TIME_DRIFT
7155,N2,synthetic,P_bal,logistic,HMU,,,synthetic,False,,,,,,,,,16.0,TIME_DRIFT
7156,N2,synthetic,P_bal,logistic,HMUVAR,,,synthetic,False,,,,,,,,,16.0,TIME_DRIFT
7157,N2,synthetic,P_bal,logistic,HMUMU,,,synthetic,False,,,,,,,,,16.0,TIME_DRIFT
7158,N2,synthetic,P_bal,logistic,HVAR,,,synthetic,False,,,,,,,,,16.0,TIME_DRIFT
7159,N2,synthetic,P_bal,logistic,HRFF,,,synthetic,False,,,,,,,,,16.0,TIME_DRIFT
7160,N2,synthetic,P_bal,logistic,H,,,synthetic,False,,,,,,,,,17.0,TIME_DRIFT
7161,N2,synthetic,P_bal,logistic,HMU,,,synthetic,False,,,,,,,,,17.0,TIME_DRIFT
7162,N2,synthetic,P_bal,logistic,HMUVAR,,,synthetic,False,,,,,,,,,17.0,TIME_DRIFT
7163,N2,synthetic,P_bal,logistic,HMUMU,,,synthetic,False,,,,,,,,,17.0,TIME_DRIFT
7164,N2,synthetic,P_bal,logistic,HVAR,,,synthetic,False,,,,,,,,,17.0,TIME_DRIFT
7165,N2,synthetic,P_bal,logistic,HRFF,,,synthetic,False,,,,,,,,,17.0,TIME_DRIFT
7166,N2,synthetic,P_bal,logistic,H,,,synthetic,False,,,,,,,,,18.0,TIME_DRIFT
7167,N2,synthetic,P_bal,logistic,HMU,,,synthetic,False,,,,,,,,,18.0,TIME_DRIFT
7168,N2,synthetic,P_bal,logistic,HMUVAR,,,synthetic,False,,,,,,,,,18.0,TIME_DRIFT
7169,N2,synthetic,P_bal,logistic,HMUMU,,,synthetic,False,,,,,,,,,18.0,TIME_DRIFT
7170,N2,synthetic,P_bal,logistic,HVAR,,,synthetic,False,,,,,,,,,18.0,TIME_DRIFT
7171,N2,synthetic,P_bal,logistic,HRFF,,,synthetic,False,,,,,,,,,18.0,TIME_DRIFT
7172,N2,synthetic,P_bal,logistic,H,,,synthetic,False,,,,,,,,,19.0,TIME_DRIFT
7173,N2,synthetic,P_bal,logistic,HMU,,,synthetic,False,,,,,,,,,19.0,TIME_DRIFT
7174,N2,synthetic,P_bal,logistic,HMUVAR,,,synthetic,False,,,,,,,,,19.0,TIME_DRIFT
7175,N2,synthetic,P_bal,logistic,HMUMU,,,synthetic,False,,,,,,,,,19.0,TIME_DRIFT
7176,N2,synthetic,P_bal,logistic,HVAR,,,synthetic,False,,,,,,,,,19.0,TIME_DRIFT
7177,N2,synthetic,P_bal,logistic,HRFF,,,synthetic,False,,,,,,,,,19.0,TIME_DRIFT
7178,N2,synthetic,P_bal,logistic,H,,,synthetic,False,,,,,,,,,20.0,TIME_DRIFT
7179,N2,synthetic,P_bal,logistic,HMU,,,synthetic,False,,,,,,,,,20.0,TIME_DRIFT
7180,N2,synthetic,P_bal,logistic,HMUVAR,,,synthetic,False,,,,,,,,,20.0,TIME_DRIFT
7181,N2,synthetic,P_bal,logistic,HMUMU,,,synthetic,False,,,,,,,,,20.0,TIME_DRIFT
7182,N2,synthetic,P_bal,logistic,HVAR,,,synthetic,False,,,,,,,,,20.0,TIME_DRIFT
7183,N2,synthetic,P_bal,logistic,HRFF,,,synthetic,False,,,,,,,,,20.0,TIME_DRIFT
7184,N2,synthetic,P_bal,logistic,H,,,synthetic,False,,,,,,,,,21.0,TIME_DRIFT
7185,N2,synthetic,P_bal,logistic,HMU,,,synthetic,False,,,,,,,,,21.0,TIME_DRIFT
7186,N2,synthetic,P_bal,logistic,HMUVAR,,,synthetic,False,,,,,,,,,21.0,TIME_DRIFT
7187,N2,synthetic,P_bal,logistic,HMUMU,,,synthetic,False,,,,,,,,,21.0,TIME_DRIFT
7188,N2,synthetic,P_bal,logistic,HVAR,,,synthetic,False,,,,,,,,,21.0,TIME_DRIFT
7189,N2,synthetic,P_bal,logistic,HRFF,,,synthetic,False,,,,,,,,,21.0,TIME_DRIFT
7190,N2,synthetic,P_bal,logistic,H,,,synthetic,False,,,,,,,,,22.0,TIME_DRIFT
7191,N2,synthetic,P_bal,logistic,HMU,,,synthetic,False,,,,,,,,,22.0,TIME_DRIFT
7192,N2,synthetic,P_bal,logistic,HMUVAR,,,synthetic,False,,,,,,,,,22.0,TIME_DRIFT
7193,N2,synthetic,P_bal,logistic,HMUMU,,,synthetic,False,,,,,,,,,22.0,TIME_DRIFT
7194,N2,synthetic,P_bal,logistic,HVAR,,,synthetic,False,,,,,,,,,22.0,TIME_DRIFT
7195,N2,synthetic,P_bal,logistic,HRFF,,,synthetic,False,,,,,,,,,22.0,TIME_DRIFT
7196,N2,synthetic,P_bal,logistic,H,,,synthetic,False,,,,,,,,,23.0,TIME_DRIFT
7197,N2,synthetic,P_bal,logistic,HMU,,,synthetic,False,,,,,,,,,23.0,TIME_DRIFT
7198,N2,synthetic,P_bal,logistic,HMUVAR,,,synthetic,False,,,,,,,,,23.0,TIME_DRIFT
7199,N2,synthetic,P_bal,logistic,HMUMU,,,synthetic,False,,,,,,,,,23.0,TIME_DRIFT
7200,N2,synthetic,P_bal,logistic,HVAR,,,synthetic,False,,,,,,,,,23.0,TIME_DRIFT
7201,N2,synthetic,P_bal,logistic,HRFF,,,synthetic,False,,,,,,,,,23.0,TIME_DRIFT
7202,N2,synthetic,P_bal,logistic,H,,,synthetic,False,,,,,,,,,24.0,TIME_DRIFT
7203,N2,synthetic,P_bal,logistic,HMU,,,synthetic,False,,,,,,,,,24.0,TIME_DRIFT
7204,N2,synthetic,P_bal,logistic,HMUVAR,,,synthetic,False,,,,,,,,,24.0,TIME_DRIFT
7205,N2,synthetic,P_bal,logistic,HMUMU,,,synthetic,False,,,,,,,,,24.0,TIME_DRIFT
7206,N2,synthetic,P_bal,logistic,HVAR,,,synthetic,False,,,,,,,,,24.0,TIME_DRIFT
7207,N2,synthetic,P_bal,logistic,HRFF,,,synthetic,False,,,,,,,,,24.0,TIME_DRIFT
7208,N2,synthetic,P_bal,logistic,H,,,synthetic,False,,,,,,,,,25.0,TIME_DRIFT
7209,N2,synthetic,P_bal,logistic,HMU,,,synthetic,False,,,,,,,,,25.0,TIME_DRIFT
7210,N2,synthetic,P_bal,logistic,HMUVAR,,,synthetic,False,,,,,,,,,25.0,TIME_DRIFT
7211,N2,synthetic,P_bal,logistic,HMUMU,,,synthetic,False,,,,,,,,,25.0,TIME_DRIFT
7212,N2,synthetic,P_bal,logistic,HVAR,,,synthetic,False,,,,,,,,,25.0,TIME_DRIFT
7213,N2,synthetic,P_bal,logistic,HRFF,,,synthetic,False,,,,,,,,,25.0,TIME_DRIFT
7214,N2,synthetic,P_bal,logistic,H,,,synthetic,False,,,,,,,,,26.0,TIME_DRIFT
7215,N2,synthetic,P_bal,logistic,HMU,,,synthetic,False,,,,,,,,,26.0,TIME_DRIFT
7216,N2,synthetic,P_bal,logistic,HMUVAR,,,synthetic,False,,,,,,,,,26.0,TIME_DRIFT
7217,N2,synthetic,P_bal,logistic,HMUMU,,,synthetic,False,,,,,,,,,26.0,TIME_DRIFT
7218,N2,synthetic,P_bal,logistic,HVAR,,,synthetic,False,,,,,,,,,26.0,TIME_DRIFT
7219,N2,synthetic,P_bal,logistic,HRFF,,,synthetic,False,,,,,,,,,26.0,TIME_DRIFT
7220,N2,synthetic,P_bal,logistic,H,,,synthetic,False,,,,,,,,,27.0,TIME_DRIFT
7221,N2,synthetic,P_bal,logistic,HMU,,,synthetic,False,,,,,,,,,27.0,TIME_DRIFT
7222,N2,synthetic,P_bal,logistic,HMUVAR,,,synthetic,False,,,,,,,,,27.0,TIME_DRIFT
7223,N2,synthetic,P_bal,logistic,HMUMU,,,synthetic,False,,,,,,,,,27.0,TIME_DRIFT
7224,N2,synthetic,P_bal,logistic,HVAR,,,synthetic,False,,,,,,,,,27.0,TIME_DRIFT
7225,N2,synthetic,P_bal,logistic,HRFF,,,synthetic,False,,,,,,,,,27.0,TIME_DRIFT
7226,N2,synthetic,P_bal,logistic,H,,,synthetic,False,,,,,,,,,28.0,TIME_DRIFT
7227,N2,synthetic,P_bal,logistic,HMU,,,synthetic,False,,,,,,,,,28.0,TIME_DRIFT
7228,N2,synthetic,P_bal,logistic,HMUVAR,,,synthetic,False,,,,,,,,,28.0,TIME_DRIFT
7229,N2,synthetic,P_bal,logistic,HMUMU,,,synthetic,False,,,,,,,,,28.0,TIME_DRIFT
7230,N2,synthetic,P_bal,logistic,HVAR,,,synthetic,False,,,,,,,,,28.0,TIME_DRIFT
7231,N2,synthetic,P_bal,logistic,HRFF,,,synthetic,False,,,,,,,,,28.0,TIME_DRIFT
7232,N2,synthetic,P_bal,logistic,H,,,synthetic,False,,,,,,,,,29.0,TIME_DRIFT
7233,N2,synthetic,P_bal,logistic,HMU,,,synthetic,False,,,,,,,,,29.0,TIME_DRIFT
7234,N2,synthetic,P_bal,logistic,HMUVAR,,,synthetic,False,,,,,,,,,29.0,TIME_DRIFT
7235,N2,synthetic,P_bal,logistic,HMUMU,,,synthetic,False,,,,,,,,,29.0,TIME_DRIFT
7236,N2,synthetic,P_bal,logistic,HVAR,,,synthetic,False,,,,,,,,,29.0,TIME_DRIFT
7237,N2,synthetic,P_bal,logistic,HRFF,,,synthetic,False,,,,,,,,,29.0,TIME_DRIFT
7238,N3,synthetic,P_nat,logistic,H,,,synthetic,False,,,,,,,,,0.0,HISTORY_ONLY
7239,N3,synthetic,P_nat,logistic,HP,,,synthetic,False,,,,,,,,,0.0,HISTORY_ONLY
7240,N3,synthetic,P_nat,logistic,Hnoise,,,synthetic,False,,,,,,,,,0.0,HISTORY_ONLY
7241,N3,synthetic,P_nat,mlp32,H,,,synthetic,True,,,,,,,,,0.0,HISTORY_ONLY
7242,N3,synthetic,P_nat,mlp32,HP,,,synthetic,True,,,,,,,,,0.0,HISTORY_ONLY
7243,N3,synthetic,P_nat,mlp32,Hnoise,,,synthetic,True,,,,,,,,,0.0,HISTORY_ONLY
7244,N3,synthetic,P_nat,logistic,H,,,synthetic,False,,,,,,,,,1.0,HISTORY_ONLY
7245,N3,synthetic,P_nat,logistic,HP,,,synthetic,False,,,,,,,,,1.0,HISTORY_ONLY
7246,N3,synthetic,P_nat,logistic,Hnoise,,,synthetic,False,,,,,,,,,1.0,HISTORY_ONLY
7247,N3,synthetic,P_nat,mlp32,H,,,synthetic,True,,,,,,,,,1.0,HISTORY_ONLY
7248,N3,synthetic,P_nat,mlp32,HP,,,synthetic,True,,,,,,,,,1.0,HISTORY_ONLY
7249,N3,synthetic,P_nat,mlp32,Hnoise,,,synthetic,True,,,,,,,,,1.0,HISTORY_ONLY
7250,N3,synthetic,P_nat,logistic,H,,,synthetic,False,,,,,,,,,2.0,HISTORY_ONLY
7251,N3,synthetic,P_nat,logistic,HP,,,synthetic,False,,,,,,,,,2.0,HISTORY_ONLY
7252,N3,synthetic,P_nat,logistic,Hnoise,,,synthetic,False,,,,,,,,,2.0,HISTORY_ONLY
7253,N3,synthetic,P_nat,mlp32,H,,,synthetic,True,,,,,,,,,2.0,HISTORY_ONLY
7254,N3,synthetic,P_nat,mlp32,HP,,,synthetic,True,,,,,,,,,2.0,HISTORY_ONLY
7255,N3,synthetic,P_nat,mlp32,Hnoise,,,synthetic,True,,,,,,,,,2.0,HISTORY_ONLY
7256,N3,synthetic,P_nat,logistic,H,,,synthetic,False,,,,,,,,,3.0,HISTORY_ONLY
7257,N3,synthetic,P_nat,logistic,HP,,,synthetic,False,,,,,,,,,3.0,HISTORY_ONLY
7258,N3,synthetic,P_nat,logistic,Hnoise,,,synthetic,False,,,,,,,,,3.0,HISTORY_ONLY
7259,N3,synthetic,P_nat,mlp32,H,,,synthetic,True,,,,,,,,,3.0,HISTORY_ONLY
7260,N3,synthetic,P_nat,mlp32,HP,,,synthetic,True,,,,,,,,,3.0,HISTORY_ONLY
7261,N3,synthetic,P_nat,mlp32,Hnoise,,,synthetic,True,,,,,,,,,3.0,HISTORY_ONLY
7262,N3,synthetic,P_nat,logistic,H,,,synthetic,False,,,,,,,,,4.0,HISTORY_ONLY
7263,N3,synthetic,P_nat,logistic,HP,,,synthetic,False,,,,,,,,,4.0,HISTORY_ONLY
7264,N3,synthetic,P_nat,logistic,Hnoise,,,synthetic,False,,,,,,,,,4.0,HISTORY_ONLY
7265,N3,synthetic,P_nat,mlp32,H,,,synthetic,True,,,,,,,,,4.0,HISTORY_ONLY
7266,N3,synthetic,P_nat,mlp32,HP,,,synthetic,True,,,,,,,,,4.0,HISTORY_ONLY
7267,N3,synthetic,P_nat,mlp32,Hnoise,,,synthetic,True,,,,,,,,,4.0,HISTORY_ONLY
7268,N3,synthetic,P_nat,logistic,H,,,synthetic,False,,,,,,,,,5.0,HISTORY_ONLY
7269,N3,synthetic,P_nat,logistic,HP,,,synthetic,False,,,,,,,,,5.0,HISTORY_ONLY
7270,N3,synthetic,P_nat,logistic,Hnoise,,,synthetic,False,,,,,,,,,5.0,HISTORY_ONLY
7271,N3,synthetic,P_nat,mlp32,H,,,synthetic,True,,,,,,,,,5.0,HISTORY_ONLY
7272,N3,synthetic,P_nat,mlp32,HP,,,synthetic,True,,,,,,,,,5.0,HISTORY_ONLY
7273,N3,synthetic,P_nat,mlp32,Hnoise,,,synthetic,True,,,,,,,,,5.0,HISTORY_ONLY
7274,N3,synthetic,P_nat,logistic,H,,,synthetic,False,,,,,,,,,6.0,HISTORY_ONLY
7275,N3,synthetic,P_nat,logistic,HP,,,synthetic,False,,,,,,,,,6.0,HISTORY_ONLY
7276,N3,synthetic,P_nat,logistic,Hnoise,,,synthetic,False,,,,,,,,,6.0,HISTORY_ONLY
7277,N3,synthetic,P_nat,mlp32,H,,,synthetic,True,,,,,,,,,6.0,HISTORY_ONLY
7278,N3,synthetic,P_nat,mlp32,HP,,,synthetic,True,,,,,,,,,6.0,HISTORY_ONLY
7279,N3,synthetic,P_nat,mlp32,Hnoise,,,synthetic,True,,,,,,,,,6.0,HISTORY_ONLY
7280,N3,synthetic,P_nat,logistic,H,,,synthetic,False,,,,,,,,,7.0,HISTORY_ONLY
7281,N3,synthetic,P_nat,logistic,HP,,,synthetic,False,,,,,,,,,7.0,HISTORY_ONLY
7282,N3,synthetic,P_nat,logistic,Hnoise,,,synthetic,False,,,,,,,,,7.0,HISTORY_ONLY
7283,N3,synthetic,P_nat,mlp32,H,,,synthetic,True,,,,,,,,,7.0,HISTORY_ONLY
7284,N3,synthetic,P_nat,mlp32,HP,,,synthetic,True,,,,,,,,,7.0,HISTORY_ONLY
7285,N3,synthetic,P_nat,mlp32,Hnoise,,,synthetic,True,,,,,,,,,7.0,HISTORY_ONLY
7286,N3,synthetic,P_nat,logistic,H,,,synthetic,False,,,,,,,,,8.0,HISTORY_ONLY
7287,N3,synthetic,P_nat,logistic,HP,,,synthetic,False,,,,,,,,,8.0,HISTORY_ONLY
7288,N3,synthetic,P_nat,logistic,Hnoise,,,synthetic,False,,,,,,,,,8.0,HISTORY_ONLY
7289,N3,synthetic,P_nat,mlp32,H,,,synthetic,True,,,,,,,,,8.0,HISTORY_ONLY
7290,N3,synthetic,P_nat,mlp32,HP,,,synthetic,True,,,,,,,,,8.0,HISTORY_ONLY
7291,N3,synthetic,P_nat,mlp32,Hnoise,,,synthetic,True,,,,,,,,,8.0,HISTORY_ONLY
7292,N3,synthetic,P_nat,logistic,H,,,synthetic,False,,,,,,,,,9.0,HISTORY_ONLY
7293,N3,synthetic,P_nat,logistic,HP,,,synthetic,False,,,,,,,,,9.0,HISTORY_ONLY
7294,N3,synthetic,P_nat,logistic,Hnoise,,,synthetic,False,,,,,,,,,9.0,HISTORY_ONLY
7295,N3,synthetic,P_nat,mlp32,H,,,synthetic,True,,,,,,,,,9.0,HISTORY_ONLY
7296,N3,synthetic,P_nat,mlp32,HP,,,synthetic,True,,,,,,,,,9.0,HISTORY_ONLY
7297,N3,synthetic,P_nat,mlp32,Hnoise,,,synthetic,True,,,,,,,,,9.0,HISTORY_ONLY
7298,N3,synthetic,P_nat,logistic,H,,,synthetic,False,,,,,,,,,10.0,HISTORY_ONLY
7299,N3,synthetic,P_nat,logistic,HP,,,synthetic,False,,,,,,,,,10.0,HISTORY_ONLY
7300,N3,synthetic,P_nat,logistic,Hnoise,,,synthetic,False,,,,,,,,,10.0,HISTORY_ONLY
7301,N3,synthetic,P_nat,mlp32,H,,,synthetic,True,,,,,,,,,10.0,HISTORY_ONLY
7302,N3,synthetic,P_nat,mlp32,HP,,,synthetic,True,,,,,,,,,10.0,HISTORY_ONLY
7303,N3,synthetic,P_nat,mlp32,Hnoise,,,synthetic,True,,,,,,,,,10.0,HISTORY_ONLY
7304,N3,synthetic,P_nat,logistic,H,,,synthetic,False,,,,,,,,,11.0,HISTORY_ONLY
7305,N3,synthetic,P_nat,logistic,HP,,,synthetic,False,,,,,,,,,11.0,HISTORY_ONLY
7306,N3,synthetic,P_nat,logistic,Hnoise,,,synthetic,False,,,,,,,,,11.0,HISTORY_ONLY
7307,N3,synthetic,P_nat,mlp32,H,,,synthetic,True,,,,,,,,,11.0,HISTORY_ONLY
7308,N3,synthetic,P_nat,mlp32,HP,,,synthetic,True,,,,,,,,,11.0,HISTORY_ONLY
7309,N3,synthetic,P_nat,mlp32,Hnoise,,,synthetic,True,,,,,,,,,11.0,HISTORY_ONLY
7310,N3,synthetic,P_nat,logistic,H,,,synthetic,False,,,,,,,,,12.0,HISTORY_ONLY
7311,N3,synthetic,P_nat,logistic,HP,,,synthetic,False,,,,,,,,,12.0,HISTORY_ONLY
7312,N3,synthetic,P_nat,logistic,Hnoise,,,synthetic,False,,,,,,,,,12.0,HISTORY_ONLY
7313,N3,synthetic,P_nat,mlp32,H,,,synthetic,True,,,,,,,,,12.0,HISTORY_ONLY
7314,N3,synthetic,P_nat,mlp32,HP,,,synthetic,True,,,,,,,,,12.0,HISTORY_ONLY
7315,N3,synthetic,P_nat,mlp32,Hnoise,,,synthetic,True,,,,,,,,,12.0,HISTORY_ONLY
7316,N3,synthetic,P_nat,logistic,H,,,synthetic,False,,,,,,,,,13.0,HISTORY_ONLY
7317,N3,synthetic,P_nat,logistic,HP,,,synthetic,False,,,,,,,,,13.0,HISTORY_ONLY
7318,N3,synthetic,P_nat,logistic,Hnoise,,,synthetic,False,,,,,,,,,13.0,HISTORY_ONLY
7319,N3,synthetic,P_nat,mlp32,H,,,synthetic,True,,,,,,,,,13.0,HISTORY_ONLY
7320,N3,synthetic,P_nat,mlp32,HP,,,synthetic,True,,,,,,,,,13.0,HISTORY_ONLY
7321,N3,synthetic,P_nat,mlp32,Hnoise,,,synthetic,True,,,,,,,,,13.0,HISTORY_ONLY
7322,N3,synthetic,P_nat,logistic,H,,,synthetic,False,,,,,,,,,14.0,HISTORY_ONLY
7323,N3,synthetic,P_nat,logistic,HP,,,synthetic,False,,,,,,,,,14.0,HISTORY_ONLY
7324,N3,synthetic,P_nat,logistic,Hnoise,,,synthetic,False,,,,,,,,,14.0,HISTORY_ONLY
7325,N3,synthetic,P_nat,mlp32,H,,,synthetic,True,,,,,,,,,14.0,HISTORY_ONLY
7326,N3,synthetic,P_nat,mlp32,HP,,,synthetic,True,,,,,,,,,14.0,HISTORY_ONLY
7327,N3,synthetic,P_nat,mlp32,Hnoise,,,synthetic,True,,,,,,,,,14.0,HISTORY_ONLY
7328,N3,synthetic,P_nat,logistic,H,,,synthetic,False,,,,,,,,,15.0,HISTORY_ONLY
7329,N3,synthetic,P_nat,logistic,HP,,,synthetic,False,,,,,,,,,15.0,HISTORY_ONLY
7330,N3,synthetic,P_nat,logistic,Hnoise,,,synthetic,False,,,,,,,,,15.0,HISTORY_ONLY
7331,N3,synthetic,P_nat,mlp32,H,,,synthetic,True,,,,,,,,,15.0,HISTORY_ONLY
7332,N3,synthetic,P_nat,mlp32,HP,,,synthetic,True,,,,,,,,,15.0,HISTORY_ONLY
7333,N3,synthetic,P_nat,mlp32,Hnoise,,,synthetic,True,,,,,,,,,15.0,HISTORY_ONLY
7334,N3,synthetic,P_nat,logistic,H,,,synthetic,False,,,,,,,,,16.0,HISTORY_ONLY
7335,N3,synthetic,P_nat,logistic,HP,,,synthetic,False,,,,,,,,,16.0,HISTORY_ONLY
7336,N3,synthetic,P_nat,logistic,Hnoise,,,synthetic,False,,,,,,,,,16.0,HISTORY_ONLY
7337,N3,synthetic,P_nat,mlp32,H,,,synthetic,True,,,,,,,,,16.0,HISTORY_ONLY
7338,N3,synthetic,P_nat,mlp32,HP,,,synthetic,True,,,,,,,,,16.0,HISTORY_ONLY
7339,N3,synthetic,P_nat,mlp32,Hnoise,,,synthetic,True,,,,,,,,,16.0,HISTORY_ONLY
7340,N3,synthetic,P_nat,logistic,H,,,synthetic,False,,,,,,,,,17.0,HISTORY_ONLY
7341,N3,synthetic,P_nat,logistic,HP,,,synthetic,False,,,,,,,,,17.0,HISTORY_ONLY
7342,N3,synthetic,P_nat,logistic,Hnoise,,,synthetic,False,,,,,,,,,17.0,HISTORY_ONLY
7343,N3,synthetic,P_nat,mlp32,H,,,synthetic,True,,,,,,,,,17.0,HISTORY_ONLY
7344,N3,synthetic,P_nat,mlp32,HP,,,synthetic,True,,,,,,,,,17.0,HISTORY_ONLY
7345,N3,synthetic,P_nat,mlp32,Hnoise,,,synthetic,True,,,,,,,,,17.0,HISTORY_ONLY
7346,N3,synthetic,P_nat,logistic,H,,,synthetic,False,,,,,,,,,18.0,HISTORY_ONLY
7347,N3,synthetic,P_nat,logistic,HP,,,synthetic,False,,,,,,,,,18.0,HISTORY_ONLY
7348,N3,synthetic,P_nat,logistic,Hnoise,,,synthetic,False,,,,,,,,,18.0,HISTORY_ONLY
7349,N3,synthetic,P_nat,mlp32,H,,,synthetic,True,,,,,,,,,18.0,HISTORY_ONLY
7350,N3,synthetic,P_nat,mlp32,HP,,,synthetic,True,,,,,,,,,18.0,HISTORY_ONLY
7351,N3,synthetic,P_nat,mlp32,Hnoise,,,synthetic,True,,,,,,,,,18.0,HISTORY_ONLY
7352,N3,synthetic,P_nat,logistic,H,,,synthetic,False,,,,,,,,,19.0,HISTORY_ONLY
7353,N3,synthetic,P_nat,logistic,HP,,,synthetic,False,,,,,,,,,19.0,HISTORY_ONLY
7354,N3,synthetic,P_nat,logistic,Hnoise,,,synthetic,False,,,,,,,,,19.0,HISTORY_ONLY
7355,N3,synthetic,P_nat,mlp32,H,,,synthetic,True,,,,,,,,,19.0,HISTORY_ONLY
7356,N3,synthetic,P_nat,mlp32,HP,,,synthetic,True,,,,,,,,,19.0,HISTORY_ONLY
7357,N3,synthetic,P_nat,mlp32,Hnoise,,,synthetic,True,,,,,,,,,19.0,HISTORY_ONLY
7358,N3,synthetic,P_nat,logistic,H,,,synthetic,False,,,,,,,,,20.0,HISTORY_ONLY
7359,N3,synthetic,P_nat,logistic,HP,,,synthetic,False,,,,,,,,,20.0,HISTORY_ONLY
7360,N3,synthetic,P_nat,logistic,Hnoise,,,synthetic,False,,,,,,,,,20.0,HISTORY_ONLY
7361,N3,synthetic,P_nat,mlp32,H,,,synthetic,True,,,,,,,,,20.0,HISTORY_ONLY
7362,N3,synthetic,P_nat,mlp32,HP,,,synthetic,True,,,,,,,,,20.0,HISTORY_ONLY
7363,N3,synthetic,P_nat,mlp32,Hnoise,,,synthetic,True,,,,,,,,,20.0,HISTORY_ONLY
7364,N3,synthetic,P_nat,logistic,H,,,synthetic,False,,,,,,,,,21.0,HISTORY_ONLY
7365,N3,synthetic,P_nat,logistic,HP,,,synthetic,False,,,,,,,,,21.0,HISTORY_ONLY
7366,N3,synthetic,P_nat,logistic,Hnoise,,,synthetic,False,,,,,,,,,21.0,HISTORY_ONLY
7367,N3,synthetic,P_nat,mlp32,H,,,synthetic,True,,,,,,,,,21.0,HISTORY_ONLY
7368,N3,synthetic,P_nat,mlp32,HP,,,synthetic,True,,,,,,,,,21.0,HISTORY_ONLY
7369,N3,synthetic,P_nat,mlp32,Hnoise,,,synthetic,True,,,,,,,,,21.0,HISTORY_ONLY
7370,N3,synthetic,P_nat,logistic,H,,,synthetic,False,,,,,,,,,22.0,HISTORY_ONLY
7371,N3,synthetic,P_nat,logistic,HP,,,synthetic,False,,,,,,,,,22.0,HISTORY_ONLY
7372,N3,synthetic,P_nat,logistic,Hnoise,,,synthetic,False,,,,,,,,,22.0,HISTORY_ONLY
7373,N3,synthetic,P_nat,mlp32,H,,,synthetic,True,,,,,,,,,22.0,HISTORY_ONLY
7374,N3,synthetic,P_nat,mlp32,HP,,,synthetic,True,,,,,,,,,22.0,HISTORY_ONLY
7375,N3,synthetic,P_nat,mlp32,Hnoise,,,synthetic,True,,,,,,,,,22.0,HISTORY_ONLY
7376,N3,synthetic,P_nat,logistic,H,,,synthetic,False,,,,,,,,,23.0,HISTORY_ONLY
7377,N3,synthetic,P_nat,logistic,HP,,,synthetic,False,,,,,,,,,23.0,HISTORY_ONLY
7378,N3,synthetic,P_nat,logistic,Hnoise,,,synthetic,False,,,,,,,,,23.0,HISTORY_ONLY
7379,N3,synthetic,P_nat,mlp32,H,,,synthetic,True,,,,,,,,,23.0,HISTORY_ONLY
7380,N3,synthetic,P_nat,mlp32,HP,,,synthetic,True,,,,,,,,,23.0,HISTORY_ONLY
7381,N3,synthetic,P_nat,mlp32,Hnoise,,,synthetic,True,,,,,,,,,23.0,HISTORY_ONLY
7382,N3,synthetic,P_nat,logistic,H,,,synthetic,False,,,,,,,,,24.0,HISTORY_ONLY
7383,N3,synthetic,P_nat,logistic,HP,,,synthetic,False,,,,,,,,,24.0,HISTORY_ONLY
7384,N3,synthetic,P_nat,logistic,Hnoise,,,synthetic,False,,,,,,,,,24.0,HISTORY_ONLY
7385,N3,synthetic,P_nat,mlp32,H,,,synthetic,True,,,,,,,,,24.0,HISTORY_ONLY
7386,N3,synthetic,P_nat,mlp32,HP,,,synthetic,True,,,,,,,,,24.0,HISTORY_ONLY
7387,N3,synthetic,P_nat,mlp32,Hnoise,,,synthetic,True,,,,,,,,,24.0,HISTORY_ONLY
7388,N3,synthetic,P_nat,logistic,H,,,synthetic,False,,,,,,,,,25.0,HISTORY_ONLY
7389,N3,synthetic,P_nat,logistic,HP,,,synthetic,False,,,,,,,,,25.0,HISTORY_ONLY
7390,N3,synthetic,P_nat,logistic,Hnoise,,,synthetic,False,,,,,,,,,25.0,HISTORY_ONLY
7391,N3,synthetic,P_nat,mlp32,H,,,synthetic,True,,,,,,,,,25.0,HISTORY_ONLY
7392,N3,synthetic,P_nat,mlp32,HP,,,synthetic,True,,,,,,,,,25.0,HISTORY_ONLY
7393,N3,synthetic,P_nat,mlp32,Hnoise,,,synthetic,True,,,,,,,,,25.0,HISTORY_ONLY
7394,N3,synthetic,P_nat,logistic,H,,,synthetic,False,,,,,,,,,26.0,HISTORY_ONLY
7395,N3,synthetic,P_nat,logistic,HP,,,synthetic,False,,,,,,,,,26.0,HISTORY_ONLY
7396,N3,synthetic,P_nat,logistic,Hnoise,,,synthetic,False,,,,,,,,,26.0,HISTORY_ONLY
7397,N3,synthetic,P_nat,mlp32,H,,,synthetic,True,,,,,,,,,26.0,HISTORY_ONLY
7398,N3,synthetic,P_nat,mlp32,HP,,,synthetic,True,,,,,,,,,26.0,HISTORY_ONLY
7399,N3,synthetic,P_nat,mlp32,Hnoise,,,synthetic,True,,,,,,,,,26.0,HISTORY_ONLY
7400,N3,synthetic,P_nat,logistic,H,,,synthetic,False,,,,,,,,,27.0,HISTORY_ONLY
7401,N3,synthetic,P_nat,logistic,HP,,,synthetic,False,,,,,,,,,27.0,HISTORY_ONLY
7402,N3,synthetic,P_nat,logistic,Hnoise,,,synthetic,False,,,,,,,,,27.0,HISTORY_ONLY
7403,N3,synthetic,P_nat,mlp32,H,,,synthetic,True,,,,,,,,,27.0,HISTORY_ONLY
7404,N3,synthetic,P_nat,mlp32,HP,,,synthetic,True,,,,,,,,,27.0,HISTORY_ONLY
7405,N3,synthetic,P_nat,mlp32,Hnoise,,,synthetic,True,,,,,,,,,27.0,HISTORY_ONLY
7406,N3,synthetic,P_nat,logistic,H,,,synthetic,False,,,,,,,,,28.0,HISTORY_ONLY
7407,N3,synthetic,P_nat,logistic,HP,,,synthetic,False,,,,,,,,,28.0,HISTORY_ONLY
7408,N3,synthetic,P_nat,logistic,Hnoise,,,synthetic,False,,,,,,,,,28.0,HISTORY_ONLY
7409,N3,synthetic,P_nat,mlp32,H,,,synthetic,True,,,,,,,,,28.0,HISTORY_ONLY
7410,N3,synthetic,P_nat,mlp32,HP,,,synthetic,True,,,,,,,,,28.0,HISTORY_ONLY
7411,N3,synthetic,P_nat,mlp32,Hnoise,,,synthetic,True,,,,,,,,,28.0,HISTORY_ONLY
7412,N3,synthetic,P_nat,logistic,H,,,synthetic,False,,,,,,,,,29.0,HISTORY_ONLY
7413,N3,synthetic,P_nat,logistic,HP,,,synthetic,False,,,,,,,,,29.0,HISTORY_ONLY
7414,N3,synthetic,P_nat,logistic,Hnoise,,,synthetic,False,,,,,,,,,29.0,HISTORY_ONLY
7415,N3,synthetic,P_nat,mlp32,H,,,synthetic,True,,,,,,,,,29.0,HISTORY_ONLY
7416,N3,synthetic,P_nat,mlp32,HP,,,synthetic,True,,,,,,,,,29.0,HISTORY_ONLY
7417,N3,synthetic,P_nat,mlp32,Hnoise,,,synthetic,True,,,,,,,,,29.0,HISTORY_ONLY
7418,N3,synthetic,P_nat,logistic,H,,,synthetic,False,,,,,,,,,0.0,EEG_INCREMENT
7419,N3,synthetic,P_nat,logistic,HP,,,synthetic,False,,,,,,,,,0.0,EEG_INCREMENT
7420,N3,synthetic,P_nat,logistic,Hnoise,,,synthetic,False,,,,,,,,,0.0,EEG_INCREMENT
7421,N3,synthetic,P_nat,mlp32,H,,,synthetic,True,,,,,,,,,0.0,EEG_INCREMENT
7422,N3,synthetic,P_nat,mlp32,HP,,,synthetic,True,,,,,,,,,0.0,EEG_INCREMENT
7423,N3,synthetic,P_nat,mlp32,Hnoise,,,synthetic,True,,,,,,,,,0.0,EEG_INCREMENT
7424,N3,synthetic,P_nat,logistic,H,,,synthetic,False,,,,,,,,,1.0,EEG_INCREMENT
7425,N3,synthetic,P_nat,logistic,HP,,,synthetic,False,,,,,,,,,1.0,EEG_INCREMENT
7426,N3,synthetic,P_nat,logistic,Hnoise,,,synthetic,False,,,,,,,,,1.0,EEG_INCREMENT
7427,N3,synthetic,P_nat,mlp32,H,,,synthetic,True,,,,,,,,,1.0,EEG_INCREMENT
7428,N3,synthetic,P_nat,mlp32,HP,,,synthetic,True,,,,,,,,,1.0,EEG_INCREMENT
7429,N3,synthetic,P_nat,mlp32,Hnoise,,,synthetic,True,,,,,,,,,1.0,EEG_INCREMENT
7430,N3,synthetic,P_nat,logistic,H,,,synthetic,False,,,,,,,,,2.0,EEG_INCREMENT
7431,N3,synthetic,P_nat,logistic,HP,,,synthetic,False,,,,,,,,,2.0,EEG_INCREMENT
7432,N3,synthetic,P_nat,logistic,Hnoise,,,synthetic,False,,,,,,,,,2.0,EEG_INCREMENT
7433,N3,synthetic,P_nat,mlp32,H,,,synthetic,True,,,,,,,,,2.0,EEG_INCREMENT
7434,N3,synthetic,P_nat,mlp32,HP,,,synthetic,True,,,,,,,,,2.0,EEG_INCREMENT
7435,N3,synthetic,P_nat,mlp32,Hnoise,,,synthetic,True,,,,,,,,,2.0,EEG_INCREMENT
7436,N3,synthetic,P_nat,logistic,H,,,synthetic,False,,,,,,,,,3.0,EEG_INCREMENT
7437,N3,synthetic,P_nat,logistic,HP,,,synthetic,False,,,,,,,,,3.0,EEG_INCREMENT
7438,N3,synthetic,P_nat,logistic,Hnoise,,,synthetic,False,,,,,,,,,3.0,EEG_INCREMENT
7439,N3,synthetic,P_nat,mlp32,H,,,synthetic,True,,,,,,,,,3.0,EEG_INCREMENT
7440,N3,synthetic,P_nat,mlp32,HP,,,synthetic,True,,,,,,,,,3.0,EEG_INCREMENT
7441,N3,synthetic,P_nat,mlp32,Hnoise,,,synthetic,True,,,,,,,,,3.0,EEG_INCREMENT
7442,N3,synthetic,P_nat,logistic,H,,,synthetic,False,,,,,,,,,4.0,EEG_INCREMENT
7443,N3,synthetic,P_nat,logistic,HP,,,synthetic,False,,,,,,,,,4.0,EEG_INCREMENT
7444,N3,synthetic,P_nat,logistic,Hnoise,,,synthetic,False,,,,,,,,,4.0,EEG_INCREMENT
7445,N3,synthetic,P_nat,mlp32,H,,,synthetic,True,,,,,,,,,4.0,EEG_INCREMENT
7446,N3,synthetic,P_nat,mlp32,HP,,,synthetic,True,,,,,,,,,4.0,EEG_INCREMENT
7447,N3,synthetic,P_nat,mlp32,Hnoise,,,synthetic,True,,,,,,,,,4.0,EEG_INCREMENT
7448,N3,synthetic,P_nat,logistic,H,,,synthetic,False,,,,,,,,,5.0,EEG_INCREMENT
7449,N3,synthetic,P_nat,logistic,HP,,,synthetic,False,,,,,,,,,5.0,EEG_INCREMENT
7450,N3,synthetic,P_nat,logistic,Hnoise,,,synthetic,False,,,,,,,,,5.0,EEG_INCREMENT
7451,N3,synthetic,P_nat,mlp32,H,,,synthetic,True,,,,,,,,,5.0,EEG_INCREMENT
7452,N3,synthetic,P_nat,mlp32,HP,,,synthetic,True,,,,,,,,,5.0,EEG_INCREMENT
7453,N3,synthetic,P_nat,mlp32,Hnoise,,,synthetic,True,,,,,,,,,5.0,EEG_INCREMENT
7454,N3,synthetic,P_nat,logistic,H,,,synthetic,False,,,,,,,,,6.0,EEG_INCREMENT
7455,N3,synthetic,P_nat,logistic,HP,,,synthetic,False,,,,,,,,,6.0,EEG_INCREMENT
7456,N3,synthetic,P_nat,logistic,Hnoise,,,synthetic,False,,,,,,,,,6.0,EEG_INCREMENT
7457,N3,synthetic,P_nat,mlp32,H,,,synthetic,True,,,,,,,,,6.0,EEG_INCREMENT
7458,N3,synthetic,P_nat,mlp32,HP,,,synthetic,True,,,,,,,,,6.0,EEG_INCREMENT
7459,N3,synthetic,P_nat,mlp32,Hnoise,,,synthetic,True,,,,,,,,,6.0,EEG_INCREMENT
7460,N3,synthetic,P_nat,logistic,H,,,synthetic,False,,,,,,,,,7.0,EEG_INCREMENT
7461,N3,synthetic,P_nat,logistic,HP,,,synthetic,False,,,,,,,,,7.0,EEG_INCREMENT
7462,N3,synthetic,P_nat,logistic,Hnoise,,,synthetic,False,,,,,,,,,7.0,EEG_INCREMENT
7463,N3,synthetic,P_nat,mlp32,H,,,synthetic,True,,,,,,,,,7.0,EEG_INCREMENT
7464,N3,synthetic,P_nat,mlp32,HP,,,synthetic,True,,,,,,,,,7.0,EEG_INCREMENT
7465,N3,synthetic,P_nat,mlp32,Hnoise,,,synthetic,True,,,,,,,,,7.0,EEG_INCREMENT
7466,N3,synthetic,P_nat,logistic,H,,,synthetic,False,,,,,,,,,8.0,EEG_INCREMENT
7467,N3,synthetic,P_nat,logistic,HP,,,synthetic,False,,,,,,,,,8.0,EEG_INCREMENT
7468,N3,synthetic,P_nat,logistic,Hnoise,,,synthetic,False,,,,,,,,,8.0,EEG_INCREMENT
7469,N3,synthetic,P_nat,mlp32,H,,,synthetic,True,,,,,,,,,8.0,EEG_INCREMENT
7470,N3,synthetic,P_nat,mlp32,HP,,,synthetic,True,,,,,,,,,8.0,EEG_INCREMENT
7471,N3,synthetic,P_nat,mlp32,Hnoise,,,synthetic,True,,,,,,,,,8.0,EEG_INCREMENT
7472,N3,synthetic,P_nat,logistic,H,,,synthetic,False,,,,,,,,,9.0,EEG_INCREMENT
7473,N3,synthetic,P_nat,logistic,HP,,,synthetic,False,,,,,,,,,9.0,EEG_INCREMENT
7474,N3,synthetic,P_nat,logistic,Hnoise,,,synthetic,False,,,,,,,,,9.0,EEG_INCREMENT
7475,N3,synthetic,P_nat,mlp32,H,,,synthetic,True,,,,,,,,,9.0,EEG_INCREMENT
7476,N3,synthetic,P_nat,mlp32,HP,,,synthetic,True,,,,,,,,,9.0,EEG_INCREMENT
7477,N3,synthetic,P_nat,mlp32,Hnoise,,,synthetic,True,,,,,,,,,9.0,EEG_INCREMENT
7478,N3,synthetic,P_nat,logistic,H,,,synthetic,False,,,,,,,,,10.0,EEG_INCREMENT
7479,N3,synthetic,P_nat,logistic,HP,,,synthetic,False,,,,,,,,,10.0,EEG_INCREMENT
7480,N3,synthetic,P_nat,logistic,Hnoise,,,synthetic,False,,,,,,,,,10.0,EEG_INCREMENT
7481,N3,synthetic,P_nat,mlp32,H,,,synthetic,True,,,,,,,,,10.0,EEG_INCREMENT
7482,N3,synthetic,P_nat,mlp32,HP,,,synthetic,True,,,,,,,,,10.0,EEG_INCREMENT
7483,N3,synthetic,P_nat,mlp32,Hnoise,,,synthetic,True,,,,,,,,,10.0,EEG_INCREMENT
7484,N3,synthetic,P_nat,logistic,H,,,synthetic,False,,,,,,,,,11.0,EEG_INCREMENT
7485,N3,synthetic,P_nat,logistic,HP,,,synthetic,False,,,,,,,,,11.0,EEG_INCREMENT
7486,N3,synthetic,P_nat,logistic,Hnoise,,,synthetic,False,,,,,,,,,11.0,EEG_INCREMENT
7487,N3,synthetic,P_nat,mlp32,H,,,synthetic,True,,,,,,,,,11.0,EEG_INCREMENT
7488,N3,synthetic,P_nat,mlp32,HP,,,synthetic,True,,,,,,,,,11.0,EEG_INCREMENT
7489,N3,synthetic,P_nat,mlp32,Hnoise,,,synthetic,True,,,,,,,,,11.0,EEG_INCREMENT
7490,N3,synthetic,P_nat,logistic,H,,,synthetic,False,,,,,,,,,12.0,EEG_INCREMENT
7491,N3,synthetic,P_nat,logistic,HP,,,synthetic,False,,,,,,,,,12.0,EEG_INCREMENT
7492,N3,synthetic,P_nat,logistic,Hnoise,,,synthetic,False,,,,,,,,,12.0,EEG_INCREMENT
7493,N3,synthetic,P_nat,mlp32,H,,,synthetic,True,,,,,,,,,12.0,EEG_INCREMENT
7494,N3,synthetic,P_nat,mlp32,HP,,,synthetic,True,,,,,,,,,12.0,EEG_INCREMENT
7495,N3,synthetic,P_nat,mlp32,Hnoise,,,synthetic,True,,,,,,,,,12.0,EEG_INCREMENT
7496,N3,synthetic,P_nat,logistic,H,,,synthetic,False,,,,,,,,,13.0,EEG_INCREMENT
7497,N3,synthetic,P_nat,logistic,HP,,,synthetic,False,,,,,,,,,13.0,EEG_INCREMENT
7498,N3,synthetic,P_nat,logistic,Hnoise,,,synthetic,False,,,,,,,,,13.0,EEG_INCREMENT
7499,N3,synthetic,P_nat,mlp32,H,,,synthetic,True,,,,,,,,,13.0,EEG_INCREMENT
7500,N3,synthetic,P_nat,mlp32,HP,,,synthetic,True,,,,,,,,,13.0,EEG_INCREMENT
7501,N3,synthetic,P_nat,mlp32,Hnoise,,,synthetic,True,,,,,,,,,13.0,EEG_INCREMENT
7502,N3,synthetic,P_nat,logistic,H,,,synthetic,False,,,,,,,,,14.0,EEG_INCREMENT
7503,N3,synthetic,P_nat,logistic,HP,,,synthetic,False,,,,,,,,,14.0,EEG_INCREMENT
7504,N3,synthetic,P_nat,logistic,Hnoise,,,synthetic,False,,,,,,,,,14.0,EEG_INCREMENT
7505,N3,synthetic,P_nat,mlp32,H,,,synthetic,True,,,,,,,,,14.0,EEG_INCREMENT
7506,N3,synthetic,P_nat,mlp32,HP,,,synthetic,True,,,,,,,,,14.0,EEG_INCREMENT
7507,N3,synthetic,P_nat,mlp32,Hnoise,,,synthetic,True,,,,,,,,,14.0,EEG_INCREMENT
7508,N3,synthetic,P_nat,logistic,H,,,synthetic,False,,,,,,,,,15.0,EEG_INCREMENT
7509,N3,synthetic,P_nat,logistic,HP,,,synthetic,False,,,,,,,,,15.0,EEG_INCREMENT
7510,N3,synthetic,P_nat,logistic,Hnoise,,,synthetic,False,,,,,,,,,15.0,EEG_INCREMENT
7511,N3,synthetic,P_nat,mlp32,H,,,synthetic,True,,,,,,,,,15.0,EEG_INCREMENT
7512,N3,synthetic,P_nat,mlp32,HP,,,synthetic,True,,,,,,,,,15.0,EEG_INCREMENT
7513,N3,synthetic,P_nat,mlp32,Hnoise,,,synthetic,True,,,,,,,,,15.0,EEG_INCREMENT
7514,N3,synthetic,P_nat,logistic,H,,,synthetic,False,,,,,,,,,16.0,EEG_INCREMENT
7515,N3,synthetic,P_nat,logistic,HP,,,synthetic,False,,,,,,,,,16.0,EEG_INCREMENT
7516,N3,synthetic,P_nat,logistic,Hnoise,,,synthetic,False,,,,,,,,,16.0,EEG_INCREMENT
7517,N3,synthetic,P_nat,mlp32,H,,,synthetic,True,,,,,,,,,16.0,EEG_INCREMENT
7518,N3,synthetic,P_nat,mlp32,HP,,,synthetic,True,,,,,,,,,16.0,EEG_INCREMENT
7519,N3,synthetic,P_nat,mlp32,Hnoise,,,synthetic,True,,,,,,,,,16.0,EEG_INCREMENT
7520,N3,synthetic,P_nat,logistic,H,,,synthetic,False,,,,,,,,,17.0,EEG_INCREMENT
7521,N3,synthetic,P_nat,logistic,HP,,,synthetic,False,,,,,,,,,17.0,EEG_INCREMENT
7522,N3,synthetic,P_nat,logistic,Hnoise,,,synthetic,False,,,,,,,,,17.0,EEG_INCREMENT
7523,N3,synthetic,P_nat,mlp32,H,,,synthetic,True,,,,,,,,,17.0,EEG_INCREMENT
7524,N3,synthetic,P_nat,mlp32,HP,,,synthetic,True,,,,,,,,,17.0,EEG_INCREMENT
7525,N3,synthetic,P_nat,mlp32,Hnoise,,,synthetic,True,,,,,,,,,17.0,EEG_INCREMENT
7526,N3,synthetic,P_nat,logistic,H,,,synthetic,False,,,,,,,,,18.0,EEG_INCREMENT
7527,N3,synthetic,P_nat,logistic,HP,,,synthetic,False,,,,,,,,,18.0,EEG_INCREMENT
7528,N3,synthetic,P_nat,logistic,Hnoise,,,synthetic,False,,,,,,,,,18.0,EEG_INCREMENT
7529,N3,synthetic,P_nat,mlp32,H,,,synthetic,True,,,,,,,,,18.0,EEG_INCREMENT
7530,N3,synthetic,P_nat,mlp32,HP,,,synthetic,True,,,,,,,,,18.0,EEG_INCREMENT
7531,N3,synthetic,P_nat,mlp32,Hnoise,,,synthetic,True,,,,,,,,,18.0,EEG_INCREMENT
7532,N3,synthetic,P_nat,logistic,H,,,synthetic,False,,,,,,,,,19.0,EEG_INCREMENT
7533,N3,synthetic,P_nat,logistic,HP,,,synthetic,False,,,,,,,,,19.0,EEG_INCREMENT
7534,N3,synthetic,P_nat,logistic,Hnoise,,,synthetic,False,,,,,,,,,19.0,EEG_INCREMENT
7535,N3,synthetic,P_nat,mlp32,H,,,synthetic,True,,,,,,,,,19.0,EEG_INCREMENT
7536,N3,synthetic,P_nat,mlp32,HP,,,synthetic,True,,,,,,,,,19.0,EEG_INCREMENT
7537,N3,synthetic,P_nat,mlp32,Hnoise,,,synthetic,True,,,,,,,,,19.0,EEG_INCREMENT
7538,N3,synthetic,P_nat,logistic,H,,,synthetic,False,,,,,,,,,20.0,EEG_INCREMENT
7539,N3,synthetic,P_nat,logistic,HP,,,synthetic,False,,,,,,,,,20.0,EEG_INCREMENT
7540,N3,synthetic,P_nat,logistic,Hnoise,,,synthetic,False,,,,,,,,,20.0,EEG_INCREMENT
7541,N3,synthetic,P_nat,mlp32,H,,,synthetic,True,,,,,,,,,20.0,EEG_INCREMENT
7542,N3,synthetic,P_nat,mlp32,HP,,,synthetic,True,,,,,,,,,20.0,EEG_INCREMENT
7543,N3,synthetic,P_nat,mlp32,Hnoise,,,synthetic,True,,,,,,,,,20.0,EEG_INCREMENT
7544,N3,synthetic,P_nat,logistic,H,,,synthetic,False,,,,,,,,,21.0,EEG_INCREMENT
7545,N3,synthetic,P_nat,logistic,HP,,,synthetic,False,,,,,,,,,21.0,EEG_INCREMENT
7546,N3,synthetic,P_nat,logistic,Hnoise,,,synthetic,False,,,,,,,,,21.0,EEG_INCREMENT
7547,N3,synthetic,P_nat,mlp32,H,,,synthetic,True,,,,,,,,,21.0,EEG_INCREMENT
7548,N3,synthetic,P_nat,mlp32,HP,,,synthetic,True,,,,,,,,,21.0,EEG_INCREMENT
7549,N3,synthetic,P_nat,mlp32,Hnoise,,,synthetic,True,,,,,,,,,21.0,EEG_INCREMENT
7550,N3,synthetic,P_nat,logistic,H,,,synthetic,False,,,,,,,,,22.0,EEG_INCREMENT
7551,N3,synthetic,P_nat,logistic,HP,,,synthetic,False,,,,,,,,,22.0,EEG_INCREMENT
7552,N3,synthetic,P_nat,logistic,Hnoise,,,synthetic,False,,,,,,,,,22.0,EEG_INCREMENT
7553,N3,synthetic,P_nat,mlp32,H,,,synthetic,True,,,,,,,,,22.0,EEG_INCREMENT
7554,N3,synthetic,P_nat,mlp32,HP,,,synthetic,True,,,,,,,,,22.0,EEG_INCREMENT
7555,N3,synthetic,P_nat,mlp32,Hnoise,,,synthetic,True,,,,,,,,,22.0,EEG_INCREMENT
7556,N3,synthetic,P_nat,logistic,H,,,synthetic,False,,,,,,,,,23.0,EEG_INCREMENT
7557,N3,synthetic,P_nat,logistic,HP,,,synthetic,False,,,,,,,,,23.0,EEG_INCREMENT
7558,N3,synthetic,P_nat,logistic,Hnoise,,,synthetic,False,,,,,,,,,23.0,EEG_INCREMENT
7559,N3,synthetic,P_nat,mlp32,H,,,synthetic,True,,,,,,,,,23.0,EEG_INCREMENT
7560,N3,synthetic,P_nat,mlp32,HP,,,synthetic,True,,,,,,,,,23.0,EEG_INCREMENT
7561,N3,synthetic,P_nat,mlp32,Hnoise,,,synthetic,True,,,,,,,,,23.0,EEG_INCREMENT
7562,N3,synthetic,P_nat,logistic,H,,,synthetic,False,,,,,,,,,24.0,EEG_INCREMENT
7563,N3,synthetic,P_nat,logistic,HP,,,synthetic,False,,,,,,,,,24.0,EEG_INCREMENT
7564,N3,synthetic,P_nat,logistic,Hnoise,,,synthetic,False,,,,,,,,,24.0,EEG_INCREMENT
7565,N3,synthetic,P_nat,mlp32,H,,,synthetic,True,,,,,,,,,24.0,EEG_INCREMENT
7566,N3,synthetic,P_nat,mlp32,HP,,,synthetic,True,,,,,,,,,24.0,EEG_INCREMENT
7567,N3,synthetic,P_nat,mlp32,Hnoise,,,synthetic,True,,,,,,,,,24.0,EEG_INCREMENT
7568,N3,synthetic,P_nat,logistic,H,,,synthetic,False,,,,,,,,,25.0,EEG_INCREMENT
7569,N3,synthetic,P_nat,logistic,HP,,,synthetic,False,,,,,,,,,25.0,EEG_INCREMENT
7570,N3,synthetic,P_nat,logistic,Hnoise,,,synthetic,False,,,,,,,,,25.0,EEG_INCREMENT
7571,N3,synthetic,P_nat,mlp32,H,,,synthetic,True,,,,,,,,,25.0,EEG_INCREMENT
7572,N3,synthetic,P_nat,mlp32,HP,,,synthetic,True,,,,,,,,,25.0,EEG_INCREMENT
7573,N3,synthetic,P_nat,mlp32,Hnoise,,,synthetic,True,,,,,,,,,25.0,EEG_INCREMENT
7574,N3,synthetic,P_nat,logistic,H,,,synthetic,False,,,,,,,,,26.0,EEG_INCREMENT
7575,N3,synthetic,P_nat,logistic,HP,,,synthetic,False,,,,,,,,,26.0,EEG_INCREMENT
7576,N3,synthetic,P_nat,logistic,Hnoise,,,synthetic,False,,,,,,,,,26.0,EEG_INCREMENT
7577,N3,synthetic,P_nat,mlp32,H,,,synthetic,True,,,,,,,,,26.0,EEG_INCREMENT
7578,N3,synthetic,P_nat,mlp32,HP,,,synthetic,True,,,,,,,,,26.0,EEG_INCREMENT
7579,N3,synthetic,P_nat,mlp32,Hnoise,,,synthetic,True,,,,,,,,,26.0,EEG_INCREMENT
7580,N3,synthetic,P_nat,logistic,H,,,synthetic,False,,,,,,,,,27.0,EEG_INCREMENT
7581,N3,synthetic,P_nat,logistic,HP,,,synthetic,False,,,,,,,,,27.0,EEG_INCREMENT
7582,N3,synthetic,P_nat,logistic,Hnoise,,,synthetic,False,,,,,,,,,27.0,EEG_INCREMENT
7583,N3,synthetic,P_nat,mlp32,H,,,synthetic,True,,,,,,,,,27.0,EEG_INCREMENT
7584,N3,synthetic,P_nat,mlp32,HP,,,synthetic,True,,,,,,,,,27.0,EEG_INCREMENT
7585,N3,synthetic,P_nat,mlp32,Hnoise,,,synthetic,True,,,,,,,,,27.0,EEG_INCREMENT
7586,N3,synthetic,P_nat,logistic,H,,,synthetic,False,,,,,,,,,28.0,EEG_INCREMENT
7587,N3,synthetic,P_nat,logistic,HP,,,synthetic,False,,,,,,,,,28.0,EEG_INCREMENT
7588,N3,synthetic,P_nat,logistic,Hnoise,,,synthetic,False,,,,,,,,,28.0,EEG_INCREMENT
7589,N3,synthetic,P_nat,mlp32,H,,,synthetic,True,,,,,,,,,28.0,EEG_INCREMENT
7590,N3,synthetic,P_nat,mlp32,HP,,,synthetic,True,,,,,,,,,28.0,EEG_INCREMENT
7591,N3,synthetic,P_nat,mlp32,Hnoise,,,synthetic,True,,,,,,,,,28.0,EEG_INCREMENT
7592,N3,synthetic,P_nat,logistic,H,,,synthetic,False,,,,,,,,,29.0,EEG_INCREMENT
7593,N3,synthetic,P_nat,logistic,HP,,,synthetic,False,,,,,,,,,29.0,EEG_INCREMENT
7594,N3,synthetic,P_nat,logistic,Hnoise,,,synthetic,False,,,,,,,,,29.0,EEG_INCREMENT
7595,N3,synthetic,P_nat,mlp32,H,,,synthetic,True,,,,,,,,,29.0,EEG_INCREMENT
7596,N3,synthetic,P_nat,mlp32,HP,,,synthetic,True,,,,,,,,,29.0,EEG_INCREMENT
7597,N3,synthetic,P_nat,mlp32,Hnoise,,,synthetic,True,,,,,,,,,29.0,EEG_INCREMENT
7598,N3,synthetic,P_nat,logistic,H,,,synthetic,False,,,,,,,,,0.0,NEAR_DETERMINISTIC_HISTORY
7599,N3,synthetic,P_nat,logistic,HP,,,synthetic,False,,,,,,,,,0.0,NEAR_DETERMINISTIC_HISTORY
7600,N3,synthetic,P_nat,logistic,Hnoise,,,synthetic,False,,,,,,,,,0.0,NEAR_DETERMINISTIC_HISTORY
7601,N3,synthetic,P_nat,mlp32,H,,,synthetic,True,,,,,,,,,0.0,NEAR_DETERMINISTIC_HISTORY
7602,N3,synthetic,P_nat,mlp32,HP,,,synthetic,True,,,,,,,,,0.0,NEAR_DETERMINISTIC_HISTORY
7603,N3,synthetic,P_nat,mlp32,Hnoise,,,synthetic,True,,,,,,,,,0.0,NEAR_DETERMINISTIC_HISTORY
7604,N3,synthetic,P_nat,logistic,H,,,synthetic,False,,,,,,,,,1.0,NEAR_DETERMINISTIC_HISTORY
7605,N3,synthetic,P_nat,logistic,HP,,,synthetic,False,,,,,,,,,1.0,NEAR_DETERMINISTIC_HISTORY
7606,N3,synthetic,P_nat,logistic,Hnoise,,,synthetic,False,,,,,,,,,1.0,NEAR_DETERMINISTIC_HISTORY
7607,N3,synthetic,P_nat,mlp32,H,,,synthetic,True,,,,,,,,,1.0,NEAR_DETERMINISTIC_HISTORY
7608,N3,synthetic,P_nat,mlp32,HP,,,synthetic,True,,,,,,,,,1.0,NEAR_DETERMINISTIC_HISTORY
7609,N3,synthetic,P_nat,mlp32,Hnoise,,,synthetic,True,,,,,,,,,1.0,NEAR_DETERMINISTIC_HISTORY
7610,N3,synthetic,P_nat,logistic,H,,,synthetic,False,,,,,,,,,2.0,NEAR_DETERMINISTIC_HISTORY
7611,N3,synthetic,P_nat,logistic,HP,,,synthetic,False,,,,,,,,,2.0,NEAR_DETERMINISTIC_HISTORY
7612,N3,synthetic,P_nat,logistic,Hnoise,,,synthetic,False,,,,,,,,,2.0,NEAR_DETERMINISTIC_HISTORY
7613,N3,synthetic,P_nat,mlp32,H,,,synthetic,True,,,,,,,,,2.0,NEAR_DETERMINISTIC_HISTORY
7614,N3,synthetic,P_nat,mlp32,HP,,,synthetic,True,,,,,,,,,2.0,NEAR_DETERMINISTIC_HISTORY
7615,N3,synthetic,P_nat,mlp32,Hnoise,,,synthetic,True,,,,,,,,,2.0,NEAR_DETERMINISTIC_HISTORY
7616,N3,synthetic,P_nat,logistic,H,,,synthetic,False,,,,,,,,,3.0,NEAR_DETERMINISTIC_HISTORY
7617,N3,synthetic,P_nat,logistic,HP,,,synthetic,False,,,,,,,,,3.0,NEAR_DETERMINISTIC_HISTORY
7618,N3,synthetic,P_nat,logistic,Hnoise,,,synthetic,False,,,,,,,,,3.0,NEAR_DETERMINISTIC_HISTORY
7619,N3,synthetic,P_nat,mlp32,H,,,synthetic,True,,,,,,,,,3.0,NEAR_DETERMINISTIC_HISTORY
7620,N3,synthetic,P_nat,mlp32,HP,,,synthetic,True,,,,,,,,,3.0,NEAR_DETERMINISTIC_HISTORY
7621,N3,synthetic,P_nat,mlp32,Hnoise,,,synthetic,True,,,,,,,,,3.0,NEAR_DETERMINISTIC_HISTORY
7622,N3,synthetic,P_nat,logistic,H,,,synthetic,False,,,,,,,,,4.0,NEAR_DETERMINISTIC_HISTORY
7623,N3,synthetic,P_nat,logistic,HP,,,synthetic,False,,,,,,,,,4.0,NEAR_DETERMINISTIC_HISTORY
7624,N3,synthetic,P_nat,logistic,Hnoise,,,synthetic,False,,,,,,,,,4.0,NEAR_DETERMINISTIC_HISTORY
7625,N3,synthetic,P_nat,mlp32,H,,,synthetic,True,,,,,,,,,4.0,NEAR_DETERMINISTIC_HISTORY
7626,N3,synthetic,P_nat,mlp32,HP,,,synthetic,True,,,,,,,,,4.0,NEAR_DETERMINISTIC_HISTORY
7627,N3,synthetic,P_nat,mlp32,Hnoise,,,synthetic,True,,,,,,,,,4.0,NEAR_DETERMINISTIC_HISTORY
7628,N3,synthetic,P_nat,logistic,H,,,synthetic,False,,,,,,,,,5.0,NEAR_DETERMINISTIC_HISTORY
7629,N3,synthetic,P_nat,logistic,HP,,,synthetic,False,,,,,,,,,5.0,NEAR_DETERMINISTIC_HISTORY
7630,N3,synthetic,P_nat,logistic,Hnoise,,,synthetic,False,,,,,,,,,5.0,NEAR_DETERMINISTIC_HISTORY
7631,N3,synthetic,P_nat,mlp32,H,,,synthetic,True,,,,,,,,,5.0,NEAR_DETERMINISTIC_HISTORY
7632,N3,synthetic,P_nat,mlp32,HP,,,synthetic,True,,,,,,,,,5.0,NEAR_DETERMINISTIC_HISTORY
7633,N3,synthetic,P_nat,mlp32,Hnoise,,,synthetic,True,,,,,,,,,5.0,NEAR_DETERMINISTIC_HISTORY
7634,N3,synthetic,P_nat,logistic,H,,,synthetic,False,,,,,,,,,6.0,NEAR_DETERMINISTIC_HISTORY
7635,N3,synthetic,P_nat,logistic,HP,,,synthetic,False,,,,,,,,,6.0,NEAR_DETERMINISTIC_HISTORY
7636,N3,synthetic,P_nat,logistic,Hnoise,,,synthetic,False,,,,,,,,,6.0,NEAR_DETERMINISTIC_HISTORY
7637,N3,synthetic,P_nat,mlp32,H,,,synthetic,True,,,,,,,,,6.0,NEAR_DETERMINISTIC_HISTORY
7638,N3,synthetic,P_nat,mlp32,HP,,,synthetic,True,,,,,,,,,6.0,NEAR_DETERMINISTIC_HISTORY
7639,N3,synthetic,P_nat,mlp32,Hnoise,,,synthetic,True,,,,,,,,,6.0,NEAR_DETERMINISTIC_HISTORY
7640,N3,synthetic,P_nat,logistic,H,,,synthetic,False,,,,,,,,,7.0,NEAR_DETERMINISTIC_HISTORY
7641,N3,synthetic,P_nat,logistic,HP,,,synthetic,False,,,,,,,,,7.0,NEAR_DETERMINISTIC_HISTORY
7642,N3,synthetic,P_nat,logistic,Hnoise,,,synthetic,False,,,,,,,,,7.0,NEAR_DETERMINISTIC_HISTORY
7643,N3,synthetic,P_nat,mlp32,H,,,synthetic,True,,,,,,,,,7.0,NEAR_DETERMINISTIC_HISTORY
7644,N3,synthetic,P_nat,mlp32,HP,,,synthetic,True,,,,,,,,,7.0,NEAR_DETERMINISTIC_HISTORY
7645,N3,synthetic,P_nat,mlp32,Hnoise,,,synthetic,True,,,,,,,,,7.0,NEAR_DETERMINISTIC_HISTORY
7646,N3,synthetic,P_nat,logistic,H,,,synthetic,False,,,,,,,,,8.0,NEAR_DETERMINISTIC_HISTORY
7647,N3,synthetic,P_nat,logistic,HP,,,synthetic,False,,,,,,,,,8.0,NEAR_DETERMINISTIC_HISTORY
7648,N3,synthetic,P_nat,logistic,Hnoise,,,synthetic,False,,,,,,,,,8.0,NEAR_DETERMINISTIC_HISTORY
7649,N3,synthetic,P_nat,mlp32,H,,,synthetic,True,,,,,,,,,8.0,NEAR_DETERMINISTIC_HISTORY
7650,N3,synthetic,P_nat,mlp32,HP,,,synthetic,True,,,,,,,,,8.0,NEAR_DETERMINISTIC_HISTORY
7651,N3,synthetic,P_nat,mlp32,Hnoise,,,synthetic,True,,,,,,,,,8.0,NEAR_DETERMINISTIC_HISTORY
7652,N3,synthetic,P_nat,logistic,H,,,synthetic,False,,,,,,,,,9.0,NEAR_DETERMINISTIC_HISTORY
7653,N3,synthetic,P_nat,logistic,HP,,,synthetic,False,,,,,,,,,9.0,NEAR_DETERMINISTIC_HISTORY
7654,N3,synthetic,P_nat,logistic,Hnoise,,,synthetic,False,,,,,,,,,9.0,NEAR_DETERMINISTIC_HISTORY
7655,N3,synthetic,P_nat,mlp32,H,,,synthetic,True,,,,,,,,,9.0,NEAR_DETERMINISTIC_HISTORY
7656,N3,synthetic,P_nat,mlp32,HP,,,synthetic,True,,,,,,,,,9.0,NEAR_DETERMINISTIC_HISTORY
7657,N3,synthetic,P_nat,mlp32,Hnoise,,,synthetic,True,,,,,,,,,9.0,NEAR_DETERMINISTIC_HISTORY
7658,N3,synthetic,P_nat,logistic,H,,,synthetic,False,,,,,,,,,10.0,NEAR_DETERMINISTIC_HISTORY
7659,N3,synthetic,P_nat,logistic,HP,,,synthetic,False,,,,,,,,,10.0,NEAR_DETERMINISTIC_HISTORY
7660,N3,synthetic,P_nat,logistic,Hnoise,,,synthetic,False,,,,,,,,,10.0,NEAR_DETERMINISTIC_HISTORY
7661,N3,synthetic,P_nat,mlp32,H,,,synthetic,True,,,,,,,,,10.0,NEAR_DETERMINISTIC_HISTORY
7662,N3,synthetic,P_nat,mlp32,HP,,,synthetic,True,,,,,,,,,10.0,NEAR_DETERMINISTIC_HISTORY
7663,N3,synthetic,P_nat,mlp32,Hnoise,,,synthetic,True,,,,,,,,,10.0,NEAR_DETERMINISTIC_HISTORY
7664,N3,synthetic,P_nat,logistic,H,,,synthetic,False,,,,,,,,,11.0,NEAR_DETERMINISTIC_HISTORY
7665,N3,synthetic,P_nat,logistic,HP,,,synthetic,False,,,,,,,,,11.0,NEAR_DETERMINISTIC_HISTORY
7666,N3,synthetic,P_nat,logistic,Hnoise,,,synthetic,False,,,,,,,,,11.0,NEAR_DETERMINISTIC_HISTORY
7667,N3,synthetic,P_nat,mlp32,H,,,synthetic,True,,,,,,,,,11.0,NEAR_DETERMINISTIC_HISTORY
7668,N3,synthetic,P_nat,mlp32,HP,,,synthetic,True,,,,,,,,,11.0,NEAR_DETERMINISTIC_HISTORY
7669,N3,synthetic,P_nat,mlp32,Hnoise,,,synthetic,True,,,,,,,,,11.0,NEAR_DETERMINISTIC_HISTORY
7670,N3,synthetic,P_nat,logistic,H,,,synthetic,False,,,,,,,,,12.0,NEAR_DETERMINISTIC_HISTORY
7671,N3,synthetic,P_nat,logistic,HP,,,synthetic,False,,,,,,,,,12.0,NEAR_DETERMINISTIC_HISTORY
7672,N3,synthetic,P_nat,logistic,Hnoise,,,synthetic,False,,,,,,,,,12.0,NEAR_DETERMINISTIC_HISTORY
7673,N3,synthetic,P_nat,mlp32,H,,,synthetic,True,,,,,,,,,12.0,NEAR_DETERMINISTIC_HISTORY
7674,N3,synthetic,P_nat,mlp32,HP,,,synthetic,True,,,,,,,,,12.0,NEAR_DETERMINISTIC_HISTORY
7675,N3,synthetic,P_nat,mlp32,Hnoise,,,synthetic,True,,,,,,,,,12.0,NEAR_DETERMINISTIC_HISTORY
7676,N3,synthetic,P_nat,logistic,H,,,synthetic,False,,,,,,,,,13.0,NEAR_DETERMINISTIC_HISTORY
7677,N3,synthetic,P_nat,logistic,HP,,,synthetic,False,,,,,,,,,13.0,NEAR_DETERMINISTIC_HISTORY
7678,N3,synthetic,P_nat,logistic,Hnoise,,,synthetic,False,,,,,,,,,13.0,NEAR_DETERMINISTIC_HISTORY
7679,N3,synthetic,P_nat,mlp32,H,,,synthetic,True,,,,,,,,,13.0,NEAR_DETERMINISTIC_HISTORY
7680,N3,synthetic,P_nat,mlp32,HP,,,synthetic,True,,,,,,,,,13.0,NEAR_DETERMINISTIC_HISTORY
7681,N3,synthetic,P_nat,mlp32,Hnoise,,,synthetic,True,,,,,,,,,13.0,NEAR_DETERMINISTIC_HISTORY
7682,N3,synthetic,P_nat,logistic,H,,,synthetic,False,,,,,,,,,14.0,NEAR_DETERMINISTIC_HISTORY
7683,N3,synthetic,P_nat,logistic,HP,,,synthetic,False,,,,,,,,,14.0,NEAR_DETERMINISTIC_HISTORY
7684,N3,synthetic,P_nat,logistic,Hnoise,,,synthetic,False,,,,,,,,,14.0,NEAR_DETERMINISTIC_HISTORY
7685,N3,synthetic,P_nat,mlp32,H,,,synthetic,True,,,,,,,,,14.0,NEAR_DETERMINISTIC_HISTORY
7686,N3,synthetic,P_nat,mlp32,HP,,,synthetic,True,,,,,,,,,14.0,NEAR_DETERMINISTIC_HISTORY
7687,N3,synthetic,P_nat,mlp32,Hnoise,,,synthetic,True,,,,,,,,,14.0,NEAR_DETERMINISTIC_HISTORY
7688,N3,synthetic,P_nat,logistic,H,,,synthetic,False,,,,,,,,,15.0,NEAR_DETERMINISTIC_HISTORY
7689,N3,synthetic,P_nat,logistic,HP,,,synthetic,False,,,,,,,,,15.0,NEAR_DETERMINISTIC_HISTORY
7690,N3,synthetic,P_nat,logistic,Hnoise,,,synthetic,False,,,,,,,,,15.0,NEAR_DETERMINISTIC_HISTORY
7691,N3,synthetic,P_nat,mlp32,H,,,synthetic,True,,,,,,,,,15.0,NEAR_DETERMINISTIC_HISTORY
7692,N3,synthetic,P_nat,mlp32,HP,,,synthetic,True,,,,,,,,,15.0,NEAR_DETERMINISTIC_HISTORY
7693,N3,synthetic,P_nat,mlp32,Hnoise,,,synthetic,True,,,,,,,,,15.0,NEAR_DETERMINISTIC_HISTORY
7694,N3,synthetic,P_nat,logistic,H,,,synthetic,False,,,,,,,,,16.0,NEAR_DETERMINISTIC_HISTORY
7695,N3,synthetic,P_nat,logistic,HP,,,synthetic,False,,,,,,,,,16.0,NEAR_DETERMINISTIC_HISTORY
7696,N3,synthetic,P_nat,logistic,Hnoise,,,synthetic,False,,,,,,,,,16.0,NEAR_DETERMINISTIC_HISTORY
7697,N3,synthetic,P_nat,mlp32,H,,,synthetic,True,,,,,,,,,16.0,NEAR_DETERMINISTIC_HISTORY
7698,N3,synthetic,P_nat,mlp32,HP,,,synthetic,True,,,,,,,,,16.0,NEAR_DETERMINISTIC_HISTORY
7699,N3,synthetic,P_nat,mlp32,Hnoise,,,synthetic,True,,,,,,,,,16.0,NEAR_DETERMINISTIC_HISTORY
7700,N3,synthetic,P_nat,logistic,H,,,synthetic,False,,,,,,,,,17.0,NEAR_DETERMINISTIC_HISTORY
7701,N3,synthetic,P_nat,logistic,HP,,,synthetic,False,,,,,,,,,17.0,NEAR_DETERMINISTIC_HISTORY
7702,N3,synthetic,P_nat,logistic,Hnoise,,,synthetic,False,,,,,,,,,17.0,NEAR_DETERMINISTIC_HISTORY
7703,N3,synthetic,P_nat,mlp32,H,,,synthetic,True,,,,,,,,,17.0,NEAR_DETERMINISTIC_HISTORY
7704,N3,synthetic,P_nat,mlp32,HP,,,synthetic,True,,,,,,,,,17.0,NEAR_DETERMINISTIC_HISTORY
7705,N3,synthetic,P_nat,mlp32,Hnoise,,,synthetic,True,,,,,,,,,17.0,NEAR_DETERMINISTIC_HISTORY
7706,N3,synthetic,P_nat,logistic,H,,,synthetic,False,,,,,,,,,18.0,NEAR_DETERMINISTIC_HISTORY
7707,N3,synthetic,P_nat,logistic,HP,,,synthetic,False,,,,,,,,,18.0,NEAR_DETERMINISTIC_HISTORY
7708,N3,synthetic,P_nat,logistic,Hnoise,,,synthetic,False,,,,,,,,,18.0,NEAR_DETERMINISTIC_HISTORY
7709,N3,synthetic,P_nat,mlp32,H,,,synthetic,True,,,,,,,,,18.0,NEAR_DETERMINISTIC_HISTORY
7710,N3,synthetic,P_nat,mlp32,HP,,,synthetic,True,,,,,,,,,18.0,NEAR_DETERMINISTIC_HISTORY
7711,N3,synthetic,P_nat,mlp32,Hnoise,,,synthetic,True,,,,,,,,,18.0,NEAR_DETERMINISTIC_HISTORY
7712,N3,synthetic,P_nat,logistic,H,,,synthetic,False,,,,,,,,,19.0,NEAR_DETERMINISTIC_HISTORY
7713,N3,synthetic,P_nat,logistic,HP,,,synthetic,False,,,,,,,,,19.0,NEAR_DETERMINISTIC_HISTORY
7714,N3,synthetic,P_nat,logistic,Hnoise,,,synthetic,False,,,,,,,,,19.0,NEAR_DETERMINISTIC_HISTORY
7715,N3,synthetic,P_nat,mlp32,H,,,synthetic,True,,,,,,,,,19.0,NEAR_DETERMINISTIC_HISTORY
7716,N3,synthetic,P_nat,mlp32,HP,,,synthetic,True,,,,,,,,,19.0,NEAR_DETERMINISTIC_HISTORY
7717,N3,synthetic,P_nat,mlp32,Hnoise,,,synthetic,True,,,,,,,,,19.0,NEAR_DETERMINISTIC_HISTORY
7718,N3,synthetic,P_nat,logistic,H,,,synthetic,False,,,,,,,,,20.0,NEAR_DETERMINISTIC_HISTORY
7719,N3,synthetic,P_nat,logistic,HP,,,synthetic,False,,,,,,,,,20.0,NEAR_DETERMINISTIC_HISTORY
7720,N3,synthetic,P_nat,logistic,Hnoise,,,synthetic,False,,,,,,,,,20.0,NEAR_DETERMINISTIC_HISTORY
7721,N3,synthetic,P_nat,mlp32,H,,,synthetic,True,,,,,,,,,20.0,NEAR_DETERMINISTIC_HISTORY
7722,N3,synthetic,P_nat,mlp32,HP,,,synthetic,True,,,,,,,,,20.0,NEAR_DETERMINISTIC_HISTORY
7723,N3,synthetic,P_nat,mlp32,Hnoise,,,synthetic,True,,,,,,,,,20.0,NEAR_DETERMINISTIC_HISTORY
7724,N3,synthetic,P_nat,logistic,H,,,synthetic,False,,,,,,,,,21.0,NEAR_DETERMINISTIC_HISTORY
7725,N3,synthetic,P_nat,logistic,HP,,,synthetic,False,,,,,,,,,21.0,NEAR_DETERMINISTIC_HISTORY
7726,N3,synthetic,P_nat,logistic,Hnoise,,,synthetic,False,,,,,,,,,21.0,NEAR_DETERMINISTIC_HISTORY
7727,N3,synthetic,P_nat,mlp32,H,,,synthetic,True,,,,,,,,,21.0,NEAR_DETERMINISTIC_HISTORY
7728,N3,synthetic,P_nat,mlp32,HP,,,synthetic,True,,,,,,,,,21.0,NEAR_DETERMINISTIC_HISTORY
7729,N3,synthetic,P_nat,mlp32,Hnoise,,,synthetic,True,,,,,,,,,21.0,NEAR_DETERMINISTIC_HISTORY
7730,N3,synthetic,P_nat,logistic,H,,,synthetic,False,,,,,,,,,22.0,NEAR_DETERMINISTIC_HISTORY
7731,N3,synthetic,P_nat,logistic,HP,,,synthetic,False,,,,,,,,,22.0,NEAR_DETERMINISTIC_HISTORY
7732,N3,synthetic,P_nat,logistic,Hnoise,,,synthetic,False,,,,,,,,,22.0,NEAR_DETERMINISTIC_HISTORY
7733,N3,synthetic,P_nat,mlp32,H,,,synthetic,True,,,,,,,,,22.0,NEAR_DETERMINISTIC_HISTORY
7734,N3,synthetic,P_nat,mlp32,HP,,,synthetic,True,,,,,,,,,22.0,NEAR_DETERMINISTIC_HISTORY
7735,N3,synthetic,P_nat,mlp32,Hnoise,,,synthetic,True,,,,,,,,,22.0,NEAR_DETERMINISTIC_HISTORY
7736,N3,synthetic,P_nat,logistic,H,,,synthetic,False,,,,,,,,,23.0,NEAR_DETERMINISTIC_HISTORY
7737,N3,synthetic,P_nat,logistic,HP,,,synthetic,False,,,,,,,,,23.0,NEAR_DETERMINISTIC_HISTORY
7738,N3,synthetic,P_nat,logistic,Hnoise,,,synthetic,False,,,,,,,,,23.0,NEAR_DETERMINISTIC_HISTORY
7739,N3,synthetic,P_nat,mlp32,H,,,synthetic,True,,,,,,,,,23.0,NEAR_DETERMINISTIC_HISTORY
7740,N3,synthetic,P_nat,mlp32,HP,,,synthetic,True,,,,,,,,,23.0,NEAR_DETERMINISTIC_HISTORY
7741,N3,synthetic,P_nat,mlp32,Hnoise,,,synthetic,True,,,,,,,,,23.0,NEAR_DETERMINISTIC_HISTORY
7742,N3,synthetic,P_nat,logistic,H,,,synthetic,False,,,,,,,,,24.0,NEAR_DETERMINISTIC_HISTORY
7743,N3,synthetic,P_nat,logistic,HP,,,synthetic,False,,,,,,,,,24.0,NEAR_DETERMINISTIC_HISTORY
7744,N3,synthetic,P_nat,logistic,Hnoise,,,synthetic,False,,,,,,,,,24.0,NEAR_DETERMINISTIC_HISTORY
7745,N3,synthetic,P_nat,mlp32,H,,,synthetic,True,,,,,,,,,24.0,NEAR_DETERMINISTIC_HISTORY
7746,N3,synthetic,P_nat,mlp32,HP,,,synthetic,True,,,,,,,,,24.0,NEAR_DETERMINISTIC_HISTORY
7747,N3,synthetic,P_nat,mlp32,Hnoise,,,synthetic,True,,,,,,,,,24.0,NEAR_DETERMINISTIC_HISTORY
7748,N3,synthetic,P_nat,logistic,H,,,synthetic,False,,,,,,,,,25.0,NEAR_DETERMINISTIC_HISTORY
7749,N3,synthetic,P_nat,logistic,HP,,,synthetic,False,,,,,,,,,25.0,NEAR_DETERMINISTIC_HISTORY
7750,N3,synthetic,P_nat,logistic,Hnoise,,,synthetic,False,,,,,,,,,25.0,NEAR_DETERMINISTIC_HISTORY
7751,N3,synthetic,P_nat,mlp32,H,,,synthetic,True,,,,,,,,,25.0,NEAR_DETERMINISTIC_HISTORY
7752,N3,synthetic,P_nat,mlp32,HP,,,synthetic,True,,,,,,,,,25.0,NEAR_DETERMINISTIC_HISTORY
7753,N3,synthetic,P_nat,mlp32,Hnoise,,,synthetic,True,,,,,,,,,25.0,NEAR_DETERMINISTIC_HISTORY
7754,N3,synthetic,P_nat,logistic,H,,,synthetic,False,,,,,,,,,26.0,NEAR_DETERMINISTIC_HISTORY
7755,N3,synthetic,P_nat,logistic,HP,,,synthetic,False,,,,,,,,,26.0,NEAR_DETERMINISTIC_HISTORY
7756,N3,synthetic,P_nat,logistic,Hnoise,,,synthetic,False,,,,,,,,,26.0,NEAR_DETERMINISTIC_HISTORY
7757,N3,synthetic,P_nat,mlp32,H,,,synthetic,True,,,,,,,,,26.0,NEAR_DETERMINISTIC_HISTORY
7758,N3,synthetic,P_nat,mlp32,HP,,,synthetic,True,,,,,,,,,26.0,NEAR_DETERMINISTIC_HISTORY
7759,N3,synthetic,P_nat,mlp32,Hnoise,,,synthetic,True,,,,,,,,,26.0,NEAR_DETERMINISTIC_HISTORY
7760,N3,synthetic,P_nat,logistic,H,,,synthetic,False,,,,,,,,,27.0,NEAR_DETERMINISTIC_HISTORY
7761,N3,synthetic,P_nat,logistic,HP,,,synthetic,False,,,,,,,,,27.0,NEAR_DETERMINISTIC_HISTORY
7762,N3,synthetic,P_nat,logistic,Hnoise,,,synthetic,False,,,,,,,,,27.0,NEAR_DETERMINISTIC_HISTORY
7763,N3,synthetic,P_nat,mlp32,H,,,synthetic,True,,,,,,,,,27.0,NEAR_DETERMINISTIC_HISTORY
7764,N3,synthetic,P_nat,mlp32,HP,,,synthetic,True,,,,,,,,,27.0,NEAR_DETERMINISTIC_HISTORY
7765,N3,synthetic,P_nat,mlp32,Hnoise,,,synthetic,True,,,,,,,,,27.0,NEAR_DETERMINISTIC_HISTORY
7766,N3,synthetic,P_nat,logistic,H,,,synthetic,False,,,,,,,,,28.0,NEAR_DETERMINISTIC_HISTORY
7767,N3,synthetic,P_nat,logistic,HP,,,synthetic,False,,,,,,,,,28.0,NEAR_DETERMINISTIC_HISTORY
7768,N3,synthetic,P_nat,logistic,Hnoise,,,synthetic,False,,,,,,,,,28.0,NEAR_DETERMINISTIC_HISTORY
7769,N3,synthetic,P_nat,mlp32,H,,,synthetic,True,,,,,,,,,28.0,NEAR_DETERMINISTIC_HISTORY
7770,N3,synthetic,P_nat,mlp32,HP,,,synthetic,True,,,,,,,,,28.0,NEAR_DETERMINISTIC_HISTORY
7771,N3,synthetic,P_nat,mlp32,Hnoise,,,synthetic,True,,,,,,,,,28.0,NEAR_DETERMINISTIC_HISTORY
7772,N3,synthetic,P_nat,logistic,H,,,synthetic,False,,,,,,,,,29.0,NEAR_DETERMINISTIC_HISTORY
7773,N3,synthetic,P_nat,logistic,HP,,,synthetic,False,,,,,,,,,29.0,NEAR_DETERMINISTIC_HISTORY
7774,N3,synthetic,P_nat,logistic,Hnoise,,,synthetic,False,,,,,,,,,29.0,NEAR_DETERMINISTIC_HISTORY
7775,N3,synthetic,P_nat,mlp32,H,,,synthetic,True,,,,,,,,,29.0,NEAR_DETERMINISTIC_HISTORY
7776,N3,synthetic,P_nat,mlp32,HP,,,synthetic,True,,,,,,,,,29.0,NEAR_DETERMINISTIC_HISTORY
7777,N3,synthetic,P_nat,mlp32,Hnoise,,,synthetic,True,,,,,,,,,29.0,NEAR_DETERMINISTIC_HISTORY
