seed,fold,child,group,n_channels,auc_base,auc_occluded,drop
11,0,0,periocular_eog,6,0.4793140028288543,0.47998585572843,-0.00067185289957572
11,0,1,periocular_eog,6,0.3390161847608656,0.33365157301327514,0.005364611747590453
11,0,14,periocular_eog,6,0.46597035040431267,0.46668632075471694,-0.0007159703504042714
11,0,15,periocular_eog,6,0.5237841628276481,0.5204777248155938,0.0033064380120542136
11,0,23,periocular_eog,6,0.5187386011791153,0.5180005937990414,0.0007380073800739018
11,0,29,periocular_eog,6,0.4470969441517387,0.4457376185458377,0.0013593256059009629
11,0,32,periocular_eog,6,0.48441754916792734,0.48373676248108927,0.0006807866868380752
11,0,34,periocular_eog,6,0.5504915730337079,0.5473080524344569,0.0031835205992509774
11,0,0,frontal_polar,8,0.4793140028288543,0.48160655351249404,-0.0022925506836397602
11,0,1,frontal_polar,8,0.3390161847608656,0.3474268048736133,-0.008410620112747735
11,0,14,frontal_polar,8,0.46597035040431267,0.4781067497753818,-0.01213639937106914
11,0,15,frontal_polar,8,0.5237841628276481,0.5315554016989321,-0.0077712388712840585
11,0,23,frontal_polar,8,0.5187386011791153,0.5131993044068371,0.005539296772278157
11,0,29,frontal_polar,8,0.4470969441517387,0.44581664910432034,0.0012802950474183339
11,0,32,frontal_polar,8,0.48441754916792734,0.48949193141704483,-0.005074382249117493
11,0,34,frontal_polar,8,0.5504915730337079,0.549555243445693,0.000936329588014928
11,0,0,non_periocular,114,0.4793140028288543,0.5133663366336634,-0.0340523338048091
11,0,1,non_periocular,114,0.3390161847608656,0.5121840334606292,-0.17316784869976365
11,0,14,non_periocular,114,0.46597035040431267,0.48242362982929016,-0.016453279424977485
11,0,15,non_periocular,114,0.5237841628276481,0.4406793953434701,0.08310476748417794
11,0,23,non_periocular,114,0.5187386011791153,0.5038469695041778,0.014891631674937456
11,0,29,non_periocular,114,0.4470969441517387,0.47041095890410956,-0.023314014752370882
11,0,32,non_periocular,114,0.48441754916792734,0.45470247100352995,0.02971507816439739
11,0,34,non_periocular,114,0.5504915730337079,0.518000936329588,0.03249063670411989
11,0,0,vertex_ring,6,0.4793140028288543,0.4778406412069779,0.00147336162187639
11,0,1,vertex_ring,6,0.3390161847608656,0.3319239861793053,0.007092198581560294
11,0,14,vertex_ring,6,0.46597035040431267,0.4662441037735849,-0.0002737533692722116
11,0,15,vertex_ring,6,0.5237841628276481,0.5214186172431852,0.0023655455844628914
11,0,23,vertex_ring,6,0.5187386011791153,0.5097807184968401,0.008957882682275153
11,0,29,vertex_ring,6,0.4470969441517387,0.43844573234984197,0.008651211801896708
11,0,32,vertex_ring,6,0.48441754916792734,0.4883446797781139,-0.003927130610186569
11,0,34,vertex_ring,6,0.5504915730337079,0.55437734082397,-0.0038857677902621734
11,0,0,left_temporal,8,0.4793140028288543,0.4779231494578029,0.0013908533710513815
11,0,1,left_temporal,8,0.3390161847608656,0.5525095471903982,-0.21349336242953265
11,0,14,left_temporal,8,0.46597035040431267,0.46674247529200363,-0.0007721248876909614
11,0,15,left_temporal,8,0.5237841628276481,0.514583832627664,0.009200330199984008
11,0,23,left_temporal,8,0.5187386011791153,0.5290876701870467,-0.010349069007931422
11,0,29,left_temporal,8,0.4470969441517387,0.44345626975763963,0.0036406743940990416
11,0,32,left_temporal,8,0.48441754916792734,0.49156580937972766,-0.007148260211800317
11,0,34,left_temporal,8,0.5504915730337079,0.5571395131086142,-0.006647940074906322
11,0,0,right_temporal,8,0.4793140028288543,0.449941065535125,0.029372937293729307
11,0,1,right_temporal,8,0.3390161847608656,0.32414984542644115,0.014866339334424439
11,0,14,right_temporal,8,0.46597035040431267,0.47668884770889486,-0.010718497304582186
11,0,15,right_temporal,8,0.5237841628276481,0.5232604585519134,0.000523704275734671
11,0,23,right_temporal,8,0.5187386011791153,0.5094710947109471,0.009267506468168207
11,0,29,right_temporal,8,0.4470969441517387,0.4527713382507903,-0.005674394099051627
11,0,32,right_temporal,8,0.48441754916792734,0.49018532526475034,-0.005767776096822996
11,0,34,right_temporal,8,0.5504915730337079,0.5378979400749064,0.012593632958801448
11,0,0,occipital,9,0.4793140028288543,0.49706506364922204,-0.01775106082036776
11,0,1,occipital,9,0.3390161847608656,0.3201945808328787,0.018821603927986874
11,0,14,occipital,9,0.46597035040431267,0.45879660826594787,0.007173742138364803
11,0,15,occipital,9,0.5237841628276481,0.5195723377626289,0.004211825065019159
11,0,23,occipital,9,0.5187386011791153,0.5332485048988421,-0.014509903719726824
11,0,29,occipital,9,0.4470969441517387,0.4572497365648051,-0.010152792413066436
11,0,32,occipital,9,0.48441754916792734,0.48323877962682804,0.0011787695410993004
11,0,34,occipital,9,0.5504915730337079,0.5688436329588015,-0.01835205992509359
11,0,0,band_0,16,0.4793140028288543,0.49289250353606795,-0.01357850070721367
11,0,1,band_0,16,0.3390161847608656,0.3554737224949991,-0.0164575377341335
11,0,14,band_0,16,0.46597035040431267,0.47324236298292904,-0.007272012578616371
11,0,15,band_0,16,0.5237841628276481,0.5355320036570537,-0.01174784082940561
11,0,23,band_0,16,0.5187386011791153,0.5010052169487211,0.017733384230394167
11,0,29,band_0,16,0.4470969441517387,0.4360432033719705,0.011053740779768173
11,0,32,band_0,16,0.48441754916792734,0.49389183055975794,-0.009474281391830597
11,0,34,band_0,16,0.5504915730337079,0.541432584269663,0.009058988764044873
11,0,0,band_1,16,0.4793140028288543,0.47986798679867987,-0.0005539839698255888
11,0,1,band_1,16,0.3390161847608656,0.3158301509365339,0.02318603382433171
11,0,14,band_1,16,0.46597035040431267,0.4763168238993711,-0.010346473495058406
11,0,15,band_1,16,0.5237841628276481,0.5174508916287204,0.006333271198927681
11,0,23,band_1,16,0.5187386011791153,0.49952071934512454,0.019217881833990758
11,0,29,band_1,16,0.4470969441517387,0.45201791359325605,-0.0049209694415173755
11,0,32,band_1,16,0.48441754916792734,0.5001828038325768,-0.01576525466464951
11,0,34,band_1,16,0.5504915730337079,0.5397940074906367,0.010697565543071219
11,0,0,band_2,16,0.4793140028288543,0.4788071664309288,0.0005068363979254809
11,0,1,band_2,16,0.3390161847608656,0.5271867612293144,-0.1881705764684488
11,0,14,band_2,16,0.46597035040431267,0.488137353998203,-0.022167003593890344
11,0,15,band_2,16,0.5237841628276481,0.5126532278823708,0.011130934945277282
11,0,23,band_2,16,0.5187386011791153,0.5180684565466345,0.0006701446324808291
11,0,29,band_2,16,0.4470969441517387,0.4509957850368809,-0.003898840885142252
11,0,32,band_2,16,0.48441754916792734,0.48397629853756935,0.00044125063035799217
11,0,34,band_2,16,0.5504915730337079,0.5647471910112359,-0.014255617977528057
11,0,0,band_3,16,0.4793140028288543,0.47376237623762374,0.005551626591230541
11,0,1,band_3,16,0.3390161847608656,0.31764866339334424,0.021367521367521347
11,0,14,band_3,16,0.46597035040431267,0.47075752470799637,-0.0047871743036836945
11,0,15,band_3,16,0.5237841628276481,0.5180145394509094,0.005769623376738697
11,0,23,band_3,16,0.5187386011791153,0.5237943758747932,-0.0050557746956778615
11,0,29,band_3,16,0.4470969441517387,0.4526396206533193,-0.0055426765015806345
11,0,32,band_3,16,0.48441754916792734,0.48533787191124556,-0.0009203227433182137
11,0,34,band_3,16,0.5504915730337079,0.5383426966292135,0.012148876404494358
11,0,0,band_4,16,0.4793140028288543,0.499009900990099,-0.01969589816124473
11,0,1,band_4,16,0.3390161847608656,0.31473904346244774,0.024277141298417848
11,0,14,band_4,16,0.46597035040431267,0.4585439128481581,0.007426437556154575
11,0,15,band_4,16,0.5237841628276481,0.5204732866437658,0.003310876183882261
11,0,23,band_4,16,0.5187386011791153,0.5352165245790389,-0.0164779233999236
11,0,29,band_4,16,0.4470969441517387,0.46963645943098004,-0.022539515279241362
11,0,32,band_4,16,0.48441754916792734,0.49058245083207264,-0.006164901664145295
11,0,34,band_4,16,0.5504915730337079,0.5530898876404495,-0.0025983146067416474
11,0,0,band_5,16,0.4793140028288543,0.4873408769448373,-0.008026874115983018
11,0,1,band_5,16,0.3390161847608656,0.3149208947081288,0.024095290052736806
11,0,14,band_5,16,0.46597035040431267,0.4670794025157232,-0.0011090521114105467
11,0,15,band_5,16,0.5237841628276481,0.5195945286217701,0.0041896342058779235
11,0,23,band_5,16,0.5187386011791153,0.5288162191966748,-0.010077618017559464
11,0,29,band_5,16,0.4470969441517387,0.45155426765015805,-0.004457323498419374
11,0,32,band_5,16,0.48441754916792734,0.48313161875945543,0.0012859304084719136
11,0,34,band_5,16,0.5504915730337079,0.5453651685393259,0.005126404494381953
11,0,0,band_6,16,0.4793140028288543,0.4436409712399811,0.035673031588873194
11,0,1,band_6,16,0.3390161847608656,0.32005819239861794,0.018957992362247655
11,0,14,band_6,16,0.46597035040431267,0.45538522012578614,0.010585130278526533
11,0,15,band_6,16,0.5237841628276481,0.5263449879725544,-0.002560825144906298
11,0,23,band_6,16,0.5187386011791153,0.5140857615472706,0.004652839631844707
11,0,29,band_6,16,0.4470969441517387,0.44155426765015804,0.0055426765015806345
11,0,32,band_6,16,0.48441754916792734,0.4785552193645991,0.005862329803328237
11,0,34,band_6,16,0.5504915730337079,0.5458333333333333,0.0046582397003746
11,0,0,band_7,16,0.4793140028288543,0.4901697312588401,-0.010855728429985834
11,0,1,band_7,16,0.3390161847608656,0.3393798872522277,-0.00036370249136208344
11,0,14,band_7,16,0.46597035040431267,0.4662090071877808,-0.00023865678346812746
11,0,15,band_7,16,0.5237841628276481,0.5228077650254308,0.0009763978022172548
11,0,23,band_7,16,0.5187386011791153,0.5274250328710184,-0.008686431691903085
11,0,29,band_7,16,0.4470969441517387,0.4498788198103266,-0.002781875658587951
11,0,32,band_7,16,0.48441754916792734,0.4771621280887544,0.00725542107917293
11,0,34,band_7,16,0.5504915730337079,0.5366573033707865,0.013834269662921339
11,1,2,periocular_eog,6,0.48216989066442384,0.4819133725820017,0.00025651808242216356
11,1,6,periocular_eog,6,0.5221676703158185,0.5198147883333069,0.002352881982511601
11,1,7,periocular_eog,6,0.5079550380265594,0.5143831028096307,-0.006428064783071341
11,1,17,periocular_eog,6,0.6097000154081378,0.6160351305543373,-0.006335115146199555
11,1,19,periocular_eog,6,0.5018767660579477,0.4960619543671714,0.005814811690776356
11,1,21,periocular_eog,6,0.5334403853873946,0.5397207725589901,-0.006280387171595514
11,1,33,periocular_eog,6,0.4480023501762632,0.41774383078730903,0.030258519388954186
11,1,2,frontal_polar,8,0.48216989066442384,0.47862068965517235,0.0035492010092514903
11,1,6,frontal_polar,8,0.5221676703158185,0.5317447076706336,-0.009577037354815188
11,1,7,frontal_polar,8,0.5079550380265594,0.5072112542853766,0.0007437837411827797
11,1,17,frontal_polar,8,0.6097000154081378,0.5926147609960768,0.01708525441206099
11,1,19,frontal_polar,8,0.5018767660579477,0.505176922103665,-0.0033001560457173174
11,1,21,frontal_polar,8,0.5334403853873946,0.5234667023506846,0.00997368303670998
11,1,33,frontal_polar,8,0.4480023501762632,0.5141010575793185,-0.06609870740305523
11,1,2,non_periocular,114,0.48216989066442384,0.5153490328006728,-0.03317914213624895
11,1,6,non_periocular,114,0.5221676703158185,0.4994716939161384,0.022695976399680073
11,1,7,non_periocular,114,0.5079550380265594,0.4776126019624069,0.03034243606415249
11,1,17,non_periocular,114,0.6097000154081378,0.5242618909340887,0.08543812447404908
11,1,19,non_periocular,114,0.5018767660579477,0.5000579899624646,0.0018187760954830878
11,1,21,non_periocular,114,0.5334403853873946,0.5158080199830501,0.01763236540434443
11,1,33,non_periocular,114,0.4480023501762632,0.500587544065805,-0.05258519388954175
11,1,2,vertex_ring,6,0.48216989066442384,0.4911059714045416,-0.008936080740117758
11,1,6,vertex_ring,6,0.5221676703158185,0.528275630127482,-0.006107959811663566
11,1,7,vertex_ring,6,0.5079550380265594,0.5067433108720495,0.0012117271545099007
11,1,17,vertex_ring,6,0.6097000154081378,0.6015159237178651,0.008184091690272677
11,1,19,vertex_ring,6,0.5018767660579477,0.5071696680865421,-0.005292902028594337
11,1,21,vertex_ring,6,0.5334403853873946,0.528689950488425,0.0047504348989695355
11,1,33,vertex_ring,6,0.4480023501762632,0.4659224441833138,-0.01792009400705058
11,1,2,left_temporal,8,0.48216989066442384,0.48351555929352397,-0.0013456686291001274
11,1,6,left_temporal,8,0.5221676703158185,0.5199074736111773,0.002260196704641171
11,1,7,left_temporal,8,0.5079550380265594,0.5103292351341766,-0.0023741971076172153
11,1,17,left_temporal,8,0.6097000154081378,0.5963660499460716,0.013333965462066222
11,1,19,left_temporal,8,0.5018767660579477,0.4995044494116655,0.0023723166462822354
11,1,21,left_temporal,8,0.5334403853873946,0.526990499130202,0.006449886257192561
11,1,33,left_temporal,8,0.4480023501762632,0.45475910693301996,-0.006756756756756743
11,1,2,right_temporal,8,0.48216989066442384,0.49340201850294363,-0.01123212783851979
11,1,6,right_temporal,8,0.5221676703158185,0.5273448051225829,-0.005177134806764405
11,1,7,right_temporal,8,0.5079550380265594,0.5184813019663475,-0.01052626393978806
11,1,17,right_temporal,8,0.6097000154081378,0.6076080643823114,0.0020919510258263774
11,1,19,right_temporal,8,0.5018767660579477,0.4467124963097297,0.05516426974821803
11,1,21,right_temporal,8,0.5334403853873946,0.5287791605334761,0.004661224853918511
11,1,33,right_temporal,8,0.4480023501762632,0.4195064629847238,0.028495887191539393
11,1,2,occipital,9,0.48216989066442384,0.4894659377628259,-0.0072960470984020365
11,1,6,occipital,9,0.5221676703158185,0.5248939415606082,-0.0027262712447897464
11,1,7,occipital,9,0.5079550380265594,0.5005122748945896,0.007442763131969787
11,1,17,occipital,9,0.6097000154081378,0.6182041222695002,-0.008504106861362382
11,1,19,occipital,9,0.5018767660579477,0.5180348783265152,-0.01615811226856745
11,1,21,occipital,9,0.5334403853873946,0.5353316383424773,-0.001891252955082745
11,1,33,occipital,9,0.4480023501762632,0.4112808460634548,0.036721504112808445
11,1,2,band_0,16,0.48216989066442384,0.484529015979815,-0.002359125315391175
11,1,6,band_0,16,0.5221676703158185,0.5295877888470482,-0.0074201185312297024
11,1,7,band_0,16,0.5079550380265594,0.4970938251172321,0.010861212909327289
11,1,17,band_0,16,0.6097000154081378,0.5971660878737955,0.012533927534342237
11,1,19,band_0,16,0.5018767660579477,0.4951815613006621,0.006695204757285633
11,1,21,band_0,16,0.5334403853873946,0.5331816762567465,0.00025870913064807155
11,1,33,band_0,16,0.4480023501762632,0.48678025851938894,-0.03877790834312572
11,1,2,band_1,16,0.48216989066442384,0.4867325483599664,-0.004562657695542538
11,1,6,band_1,16,0.5221676703158185,0.5184033239588796,0.003764346356938897
11,1,7,band_1,16,0.5079550380265594,0.5072999172479017,0.0006551207786577029
11,1,17,band_1,16,0.6097000154081378,0.5969586706332745,0.012741344774863328
11,1,19,band_1,16,0.5018767660579477,0.5091887731432668,-0.007312007085319094
11,1,21,band_1,16,0.5334403853873946,0.5165440028547215,0.016896382532673115
11,1,33,band_1,16,0.4480023501762632,0.4644535840188014,-0.01645123384253816
11,1,2,band_2,16,0.48216989066442384,0.47682926829268285,0.005340622371740988
11,1,6,band_2,16,0.5221676703158185,0.5156916175434694,0.0064760527723490835
11,1,7,band_2,16,0.5079550380265594,0.4998374512353706,0.008117586791188791
11,1,17,band_2,16,0.6097000154081378,0.6072228609356295,0.0024771544725082917
11,1,19,band_2,16,0.5018767660579477,0.5024461220530556,-0.0005693559951078786
11,1,21,band_2,16,0.5334403853873946,0.5384049243944868,-0.004964539007092261
11,1,33,band_2,16,0.4480023501762632,0.4623971797884841,-0.014394829612220883
11,1,2,band_3,16,0.48216989066442384,0.48931034482758623,-0.007140454163162391
11,1,6,band_3,16,0.5221676703158185,0.5161378309526458,0.006029839363172695
11,1,7,band_3,16,0.5079550380265594,0.5094031997478031,-0.0014481617212437348
11,1,17,band_3,16,0.6097000154081378,0.5880575079114861,0.021642507496651642
11,1,19,band_3,16,0.5018767660579477,0.513448399477036,-0.01157163341908829
11,1,21,band_3,16,0.5334403853873946,0.5372005887862973,-0.003760203398902706
11,1,33,band_3,16,0.4480023501762632,0.4712103407755581,-0.023207990599294903
11,1,2,band_4,16,0.48216989066442384,0.48549621530698067,-0.0033263246425568327
11,1,6,band_4,16,0.5221676703158185,0.5253851735333217,-0.003217503217503248
11,1,7,band_4,16,0.5079550380265594,0.5046597312527091,0.0032953067738502595
11,1,17,band_4,16,0.6097000154081378,0.6102037429922603,-0.0005037275841225375
11,1,19,band_4,16,0.5018767660579477,0.5080816920416684,-0.006204925983720688
11,1,21,band_4,16,0.5334403853873946,0.530648110977296,0.0027922744100985497
11,1,33,band_4,16,0.4480023501762632,0.4312573443008226,0.016745005875440644
11,1,2,band_5,16,0.48216989066442384,0.48567283431455,-0.0035029436501261557
11,1,6,band_5,16,0.5221676703158185,0.521561243783466,0.0006064265323524332
11,1,7,band_5,16,0.5079550380265594,0.5061916302163376,0.0017634078102217732
11,1,17,band_5,16,0.6097000154081378,0.6311173270436525,-0.021417311635514746
11,1,19,band_5,16,0.5018767660579477,0.5089199105900215,-0.007043144532073775
11,1,21,band_5,16,0.5334403853873946,0.5236852669610598,0.009755118426334808
11,1,33,band_5,16,0.4480023501762632,0.4112808460634547,0.0367215041128085
11,1,2,band_6,16,0.48216989066442384,0.47487384356602186,0.007296047098401981
11,1,6,band_6,16,0.5221676703158185,0.5269502306539344,-0.004782560338115971
11,1,7,band_6,16,0.5079550380265594,0.5031918666509043,0.004763171375655073
11,1,17,band_6,16,0.6097000154081378,0.5976046271823257,0.012095388225812131
11,1,19,band_6,16,0.5018767660579477,0.44561068702290074,0.05626607903504699
11,1,21,band_6,16,0.5334403853873946,0.5362728043177662,-0.002832418930371672
11,1,33,band_6,16,0.4480023501762632,0.476792009400705,-0.028789659224441766
11,1,2,band_7,16,0.48216989066442384,0.48674516400336415,-0.004575273338940311
11,1,6,band_7,16,0.5221676703158185,0.5224086520382817,-0.00024098172246322935
11,1,7,band_7,16,0.5079550380265594,0.5312733971706664,-0.02331835914410696
11,1,17,band_7,16,0.6097000154081378,0.619567149850067,-0.009867134441929215
11,1,19,band_7,16,0.5018767660579477,0.4945331280840116,0.007343637973936112
11,1,21,band_7,16,0.5334403853873946,0.5335251349301932,-8.474954279857894e-05
11,1,33,band_7,16,0.4480023501762632,0.42391304347826086,0.024089306698002355
11,2,5,periocular_eog,6,0.5157896491930105,0.5149059623849539,0.0008836868080566163
11,2,12,periocular_eog,6,0.5298412698412698,0.5437662337662337,-0.013924963924963896
11,2,26,periocular_eog,6,0.5487916950306331,0.5474046970728387,0.0013869979577944003
11,2,27,periocular_eog,6,0.5025789135167227,0.5011193845240451,0.001459528992677539
11,2,30,periocular_eog,6,0.47670942832233154,0.49417735708058297,-0.017467928758251428
11,2,31,periocular_eog,6,0.4419199228171731,0.44204052098408103,-0.0001205981669079037
11,2,35,periocular_eog,6,0.5018463810930576,0.49931683899556867,0.0025295420974889016
11,2,5,frontal_polar,8,0.5157896491930105,0.5054355075363479,0.010354141656662597
11,2,12,frontal_polar,8,0.5298412698412698,0.5353174603174603,-0.005476190476190523
11,2,26,frontal_polar,8,0.5487916950306331,0.5346494213750851,0.014142273655547988
11,2,27,frontal_polar,8,0.5025789135167227,0.5038962002770632,-0.0013172867603404859
11,2,30,frontal_polar,8,0.47670942832233154,0.4848673558350978,-0.008157927512766283
11,2,31,frontal_polar,8,0.4419199228171731,0.4500904486251809,-0.008170525808007756
11,2,35,frontal_polar,8,0.5018463810930576,0.48873707533234856,0.013109305760709011
11,2,5,non_periocular,114,0.5157896491930105,0.5266898426037081,-0.01090019341069759
11,2,12,non_periocular,114,0.5298412698412698,0.4650865800865801,0.06475468975468968
11,2,26,non_periocular,114,0.5487916950306331,0.5595388019060585,-0.01074710687542546
11,2,27,non_periocular,114,0.5025789135167227,0.5266178507817139,-0.024038937264991178
11,2,30,non_periocular,114,0.47670942832233154,0.4812243118694732,-0.004514883547141635
11,2,31,non_periocular,114,0.4419199228171731,0.4330740472744815,0.008845875542691617
11,2,35,non_periocular,114,0.5018463810930576,0.5280280649926145,-0.026181683899556885
11,2,5,vertex_ring,6,0.5157896491930105,0.5189617513672136,-0.003172102174203051
11,2,12,vertex_ring,6,0.5298412698412698,0.5293650793650795,0.00047619047619029686
11,2,26,vertex_ring,6,0.5487916950306331,0.5437117086453369,0.005079986385296165
11,2,27,vertex_ring,6,0.5025789135167227,0.49640683752226406,0.006172075994458626
11,2,30,vertex_ring,6,0.47670942832233154,0.4797297297297297,-0.0030203014073981738
11,2,31,vertex_ring,6,0.4419199228171731,0.44547153883260976,-0.0035516160154366316
11,2,35,vertex_ring,6,0.5018463810930576,0.5021048744460856,-0.0002584933530280775
11,2,5,left_temporal,8,0.5157896491930105,0.5008628451380552,0.014926804054955278
11,2,12,left_temporal,8,0.5298412698412698,0.5252020202020202,0.004639249639249554
11,2,26,left_temporal,8,0.5487916950306331,0.555505445881552,-0.006713750850918965
11,2,27,left_temporal,8,0.5025789135167227,0.4991465466059766,0.003432366910746054
11,2,30,left_temporal,8,0.47670942832233154,0.47252148461825877,0.004187943704072772
11,2,31,left_temporal,8,0.4419199228171731,0.4489327062228654,-0.00701278340569228
11,2,35,left_temporal,8,0.5018463810930576,0.5026957163958641,-0.0008493353028065087
11,2,5,right_temporal,8,0.5157896491930105,0.5216336534613846,-0.005844004268374059
11,2,12,right_temporal,8,0.5298412698412698,0.48423520923520924,0.04560606060606054
11,2,26,right_temporal,8,0.5487916950306331,0.5304543907420013,0.018337304288631784
11,2,27,right_temporal,8,0.5025789135167227,0.5059185137542054,-0.0033396002374826983
11,2,30,right_temporal,8,0.47670942832233154,0.4869068377132893,-0.010197409390957757
11,2,31,right_temporal,8,0.4419199228171731,0.42422214182344425,0.017697780993728873
11,2,35,right_temporal,8,0.5018463810930576,0.5052314130969966,-0.003385032003939026
11,2,5,occipital,9,0.5157896491930105,0.5134678871548619,0.0023217620381486004
11,2,12,occipital,9,0.5298412698412698,0.5402380952380953,-0.010396825396825515
11,2,26,occipital,9,0.5487916950306331,0.5409462219196732,0.007845473110959844
11,2,27,occipital,9,0.5025789135167227,0.5018615179101523,0.0007173956065703591
11,2,30,occipital,9,0.47670942832233154,0.4766938597583759,1.556856395562578e-05
11,2,31,occipital,9,0.4419199228171731,0.4418475639170284,7.235890014473112e-05
11,2,35,occipital,9,0.5018463810930576,0.4967134416543575,0.005132939438700079
11,2,5,band_0,16,0.5157896491930105,0.519124316393224,-0.0033346672002134703
11,2,12,band_0,16,0.5298412698412698,0.5437445887445886,-0.013903318903318862
11,2,26,band_0,16,0.5487916950306331,0.5324625595643295,0.016329135466303546
11,2,27,band_0,16,0.5025789135167227,0.49902285770829213,0.003556055808430547
11,2,30,band_0,16,0.47670942832233154,0.4713071366297173,0.005402291692614247
11,2,31,band_0,16,0.4419199228171731,0.44132296189097925,0.0005969609261938791
11,2,35,band_0,16,0.5018463810930576,0.48887247661250616,0.012973904480551413
11,2,5,band_1,16,0.5157896491930105,0.5039474122982527,0.01184223689475783
11,2,12,band_1,16,0.5298412698412698,0.5383044733044733,-0.008463203463203506
11,2,26,band_1,16,0.5487916950306331,0.5612236215112322,-0.012431926480599098
11,2,27,band_1,16,0.5025789135167227,0.505986542647932,-0.003407629131209289
11,2,30,band_1,16,0.47670942832233154,0.47790820774691745,-0.0011987794245859051
11,2,31,band_1,16,0.4419199228171731,0.4305716353111433,0.011348287506029842
11,2,35,band_1,16,0.5018463810930576,0.48871861152141804,0.013127769571639525
11,2,5,band_2,16,0.5157896491930105,0.5105292116846739,0.005260437508336602
11,2,12,band_2,16,0.5298412698412698,0.5223088023088023,0.007532467532467502
11,2,26,band_2,16,0.5487916950306331,0.5629424778761063,-0.01415078284547322
11,2,27,band_2,16,0.5025789135167227,0.5005627844844647,0.002016129032258007
11,2,30,band_2,16,0.47670942832233154,0.47317536430439655,0.0035340640179349903
11,2,31,band_2,16,0.4419199228171731,0.47537988422575983,-0.0334599614085867
11,2,35,band_2,16,0.5018463810930576,0.4994153126538651,0.0024310684391924964
11,2,5,band_3,16,0.5157896491930105,0.5063650460184073,0.009424603174603252
11,2,12,band_3,16,0.5298412698412698,0.5335714285714286,-0.0037301587301588057
11,2,26,band_3,16,0.5487916950306331,0.5457198774676651,0.0030718175629679267
11,2,27,band_3,16,0.5025789135167227,0.509146793983772,-0.0065678804670493696
11,2,30,band_3,16,0.47670942832233154,0.4823608170382364,-0.00565138871590487
11,2,31,band_3,16,0.4419199228171731,0.4293355041003377,0.01258441871683541
11,2,35,band_3,16,0.5018463810930576,0.5235413589364846,-0.021694977843427
11,2,5,band_4,16,0.5157896491930105,0.5131135787648392,0.0026760704281713066
11,2,12,band_4,16,0.5298412698412698,0.5357792207792209,-0.005937950937951131
11,2,26,band_4,16,0.5487916950306331,0.5633849557522124,-0.014593260721579293
11,2,27,band_4,16,0.5025789135167227,0.5029870868790818,-0.00040817336235909885
11,2,30,band_4,16,0.47670942832233154,0.4797141611657741,-0.003004732843442548
11,2,31,band_4,16,0.4419199228171731,0.4485166425470333,-0.006596719729860145
11,2,35,band_4,16,0.5018463810930576,0.49640571147218115,0.005440669620876415
11,2,5,band_5,16,0.5157896491930105,0.53531412565026,-0.01952447645724953
11,2,12,band_5,16,0.5298412698412698,0.5020923520923521,0.027748917748917634
11,2,26,band_5,16,0.5487916950306331,0.5539908100748808,-0.0051991150442477485
11,2,27,band_5,16,0.5025789135167227,0.503537502473778,-0.0009585889570553618
11,2,30,band_5,16,0.47670942832233154,0.4853811184456346,-0.008671690123303044
11,2,31,band_5,16,0.4419199228171731,0.4315303907380608,0.010389532079112307
11,2,35,band_5,16,0.5018463810930576,0.4966518956179222,0.005194485475135346
11,2,5,band_6,16,0.5157896491930105,0.519812091503268,-0.004022442310257501
11,2,12,band_6,16,0.5298412698412698,0.5091486291486291,0.02069264069264065
11,2,26,band_6,16,0.5487916950306331,0.5134700476514636,0.03532164737916943
11,2,27,band_6,16,0.5025789135167227,0.49753859093607755,0.005040322580645129
11,2,30,band_6,16,0.47670942832233154,0.4729418358450617,0.003767592477269821
11,2,31,band_6,16,0.4419199228171731,0.4308912204534491,0.011028702363724052
11,2,35,band_6,16,0.5018463810930576,0.5226243229935992,-0.020777941900541608
11,2,5,band_7,16,0.5157896491930105,0.5173694477791118,-0.0015797985861012442
11,2,12,band_7,16,0.5298412698412698,0.5468975468975469,-0.017056277056277103
11,2,26,band_7,16,0.5487916950306331,0.5755530973451327,-0.026761402314499638
11,2,27,band_7,16,0.5025789135167227,0.5064503760142489,-0.0038714624975262346
11,2,30,band_7,16,0.47670942832233154,0.495687507784282,-0.01897807946195046
11,2,31,band_7,16,0.4419199228171731,0.4272491558128316,0.0146707670043415
11,2,35,band_7,16,0.5018463810930576,0.5037112259970458,-0.0018648449039881942
11,3,8,periocular_eog,6,0.48512870709048134,0.4873053079868803,-0.0021766008963989836
11,3,9,periocular_eog,6,0.4860446302164093,0.4791793074001663,0.006865322816243025
11,3,10,periocular_eog,6,0.5078539765991443,0.512138549559301,-0.004284572960156718
11,3,11,periocular_eog,6,0.49757847207049744,0.50138373024543,-0.003805258174932602
11,3,20,periocular_eog,6,0.5548681147083528,0.5556742526312228,-0.0008061379228699872
11,3,24,periocular_eog,6,0.4662595043649676,0.4557695015488595,0.010490002816108124
11,3,28,periocular_eog,6,0.5794871794871794,0.6198717948717949,-0.04038461538461546
11,3,8,frontal_polar,8,0.48512870709048134,0.4788178524204489,0.006310854670032451
11,3,9,frontal_polar,8,0.4860446302164093,0.4919211667677925,-0.005876536551383205
11,3,10,frontal_polar,8,0.5078539765991443,0.507712231328282,0.00014174527086230349
11,3,11,frontal_polar,8,0.49757847207049744,0.49510232321025416,0.002476148860243277
11,3,20,frontal_polar,8,0.5548681147083528,0.5378631143982998,0.01700500031005303
11,3,24,frontal_polar,8,0.4662595043649676,0.47630949028442693,-0.010049985919459326
11,3,28,frontal_polar,8,0.5794871794871794,0.5641025641025641,0.01538461538461533
11,3,8,non_periocular,114,0.48512870709048134,0.5557845208043548,-0.07065581371387347
11,3,9,non_periocular,114,0.4860446302164093,0.507359715948673,-0.021315085732263706
11,3,10,non_periocular,114,0.5078539765991443,0.4883124581207155,0.019541518478428832
11,3,11,non_periocular,114,0.49757847207049744,0.4666266113174568,0.030951860753040628
11,3,20,non_periocular,114,0.5548681147083528,0.5443460417500521,0.010522072958300765
11,3,24,non_periocular,114,0.4662595043649676,0.5207863981976908,-0.05452689383272319
11,3,28,non_periocular,114,0.5794871794871794,0.6641025641025642,-0.08461538461538476
11,3,8,vertex_ring,6,0.48512870709048134,0.4856567581955249,-0.0005280511050435588
11,3,9,vertex_ring,6,0.4860446302164093,0.48516820602710165,0.0008764241893076674
11,3,10,vertex_ring,6,0.5078539765991443,0.49429797433122,0.013556002267924305
11,3,11,vertex_ring,6,0.49757847207049744,0.5023304930449348,-0.004752020974437388
11,3,20,vertex_ring,6,0.5548681147083528,0.5549301253178044,-6.201060945154602e-05
11,3,24,vertex_ring,6,0.4662595043649676,0.47153970712475357,-0.005280202759785968
11,3,28,vertex_ring,6,0.5794871794871794,0.532051282051282,0.04743589743589738
11,3,8,left_temporal,8,0.48512870709048134,0.4801444198306802,0.004984287259801157
11,3,9,left_temporal,8,0.4860446302164093,0.48261758691206535,0.0034270433043439574
11,3,10,left_temporal,8,0.5078539765991443,0.5059597443430751,0.001894232256069217
11,3,11,left_temporal,8,0.49757847207049744,0.4639865996649916,0.03359187240550582
11,3,20,left_temporal,8,0.5548681147083528,0.5505245533826787,0.00434356132567415
11,3,24,left_temporal,8,0.4662595043649676,0.463478597578147,0.0027809067868205806
11,3,28,left_temporal,8,0.5794871794871794,0.5570512820512821,0.022435897435897356
11,3,8,right_temporal,8,0.48512870709048134,0.48481101780777225,0.00031768928270908825
11,3,9,right_temporal,8,0.4860446302164093,0.48371873525247755,0.0023258949639317628
11,3,10,right_temporal,8,0.5078539765991443,0.5077508891294263,0.00010308746971798843
11,3,11,right_temporal,8,0.49757847207049744,0.5030769790983906,-0.005498507027893118
11,3,20,right_temporal,8,0.5548681147083528,0.5545157817001054,0.00035233300824744074
11,3,24,right_temporal,8,0.4662595043649676,0.4688116023655309,-0.0025520980005632743
11,3,28,right_temporal,8,0.5794871794871794,0.6025641025641025,-0.023076923076923106
11,3,8,occipital,9,0.48512870709048134,0.49070973502996584,-0.005581027939484506
11,3,9,occipital,9,0.4860446302164093,0.49308973235353604,-0.007045102137126724
11,3,10,occipital,9,0.5078539765991443,0.5023967836709449,0.005457192928199461
11,3,11,occipital,9,0.49757847207049744,0.49919889301580367,-0.0016204209453062335
11,3,20,occipital,9,0.5548681147083528,0.5472746337146046,0.007593480993748236
11,3,24,occipital,9,0.4662595043649676,0.4724197409180512,-0.00616023655308362
11,3,28,occipital,9,0.5794871794871794,0.5724358974358974,0.007051282051282026
11,3,8,band_0,16,0.48512870709048134,0.47506568440574926,0.010063022684732081
11,3,9,band_0,16,0.4860446302164093,0.4793815591361603,0.0066630710802489945
11,3,10,band_0,16,0.5078539765991443,0.5021712798309366,0.005682696768207762
11,3,11,band_0,16,0.49757847207049744,0.49641322554803,0.0011652465224674113
11,3,20,band_0,16,0.5548681147083528,0.5427253099121141,0.012142804796238749
11,3,24,band_0,16,0.4662595043649676,0.4727717544353703,-0.006512250070402681
11,3,28,band_0,16,0.5794871794871794,0.5391025641025641,0.04038461538461535
11,3,8,band_1,16,0.48512870709048134,0.4932340768979788,-0.008105369807497487
11,3,9,band_1,16,0.4860446302164093,0.5005056293399851,-0.01446099912357579
11,3,10,band_1,16,0.5078539765991443,0.4998453687954229,0.008008607803721424
11,3,11,band_1,16,0.49757847207049744,0.5009831767533319,-0.003404704682834492
11,3,20,band_1,16,0.5548681147083528,0.5478609158403283,0.007007198868024589
11,3,24,band_1,16,0.4662595043649676,0.4705540692762602,-0.004294564911292598
11,3,28,band_1,16,0.5794871794871794,0.5217948717948718,0.0576923076923076
11,3,8,band_2,16,0.48512870709048134,0.47843147356309995,0.0066972335273813854
11,3,9,band_2,16,0.4860446302164093,0.4818535247983101,0.004191105418099195
11,3,10,band_2,16,0.5078539765991443,0.5090974692026184,-0.0012434926034741167
11,3,11,band_2,16,0.49757847207049744,0.4530259995630326,0.04455247250746486
11,3,20,band_2,16,0.5548681147083528,0.5479482944263736,0.006919820281979239
11,3,24,band_2,16,0.4662595043649676,0.4637426077161363,0.0025168966488313127
11,3,28,band_2,16,0.5794871794871794,0.558974358974359,0.02051282051282044
11,3,8,band_3,16,0.48512870709048134,0.4817156938505658,0.003413013239915552
11,3,9,band_3,16,0.4860446302164093,0.47193195352704553,0.014112676689363779
11,3,10,band_3,16,0.5078539765991443,0.5064945105922376,0.0013594660069067288
11,3,11,band_3,16,0.49757847207049744,0.4855800742844658,0.011998397786031623
11,3,20,band_3,16,0.5548681147083528,0.5620416147562701,-0.007173500047917281
11,3,24,band_3,16,0.4662595043649676,0.4812200788510279,-0.014960574486060307
11,3,28,band_3,16,0.5794871794871794,0.5628205128205128,0.016666666666666607
11,3,8,band_4,16,0.48512870709048134,0.4919547335703124,-0.006826026479831049
11,3,9,band_4,16,0.4860446302164093,0.49222454437178365,-0.006179914155374333
11,3,10,band_4,16,0.5078539765991443,0.5105729086129581,-0.0027189320138137907
11,3,11,band_4,16,0.49757847207049744,0.5018935255990096,-0.004315053528512136
11,3,20,band_4,16,0.5548681147083528,0.5550738771851693,-0.00020576247681647342
11,3,24,band_4,16,0.4662595043649676,0.46643551112362713,-0.00017600675865953042
11,3,28,band_4,16,0.5794871794871794,0.5814102564102565,-0.0019230769230770273
11,3,8,band_5,16,0.48512870709048134,0.4995835694537462,-0.014454862363264875
11,3,9,band_5,16,0.4860446302164093,0.4835052473089283,0.0025393829074810137
11,3,10,band_5,16,0.5078539765991443,0.5077702180299983,8.375856914599744e-05
11,3,11,band_5,16,0.49757847207049744,0.5022212511834535,-0.004642779112956075
11,3,20,band_5,16,0.5548681147083528,0.536746923428172,0.01812119128018086
11,3,24,band_5,16,0.4662595043649676,0.4788791889608561,-0.01261968459588847
11,3,28,band_5,16,0.5794871794871794,0.5666666666666667,0.012820512820512775
11,3,8,band_6,16,0.48512870709048134,0.4842400357185788,0.0008886713719025163
11,3,9,band_6,16,0.4860446302164093,0.485977212971078,6.741724533132487e-05
11,3,10,band_6,16,0.5078539765991443,0.5119452605535797,-0.004091283954435365
11,3,11,band_6,16,0.49757847207049744,0.5082113465880125,-0.010632874517515045
11,3,20,band_6,16,0.5548681147083528,0.5606520133717423,-0.005783898663389464
11,3,24,band_6,16,0.4662595043649676,0.4728069557871022,-0.006547451422134587
11,3,28,band_6,16,0.5794871794871794,0.6102564102564102,-0.03076923076923077
11,3,8,band_7,16,0.48512870709048134,0.48829272062232754,-0.0031640135318461993
11,3,9,band_7,16,0.4860446302164093,0.48912335108654126,-0.0030787208701319457
11,3,10,band_7,16,0.5078539765991443,0.5177052729240761,-0.009851296324931758
11,3,11,band_7,16,0.49757847207049744,0.5139647512926954,-0.01638627922219793
11,3,20,band_7,16,0.5548681147083528,0.5655085715574246,-0.010640456849071778
11,3,24,band_7,16,0.4662595043649676,0.42737961137707686,0.03887989298789074
11,3,28,band_7,16,0.5794871794871794,0.6153846153846154,-0.03589743589743599
11,4,3,periocular_eog,6,0.5722542452095342,0.5754478890792959,-0.003193643869761731
11,4,4,periocular_eog,6,0.6038480718085106,0.6029160334346505,0.0009320383738601334
11,4,13,periocular_eog,6,0.5540393952959812,0.555864527015393,-0.0018251317194117878
11,4,16,periocular_eog,6,0.5271414270024396,0.526645737556737,0.0004956894457025518
11,4,18,periocular_eog,6,0.508844551434246,0.5110185273119914,-0.002173975877745371
11,4,22,periocular_eog,6,0.5302421326448786,0.5234015920514776,0.006840540593401001
11,4,25,periocular_eog,6,0.5239808802308802,0.5339105339105339,-0.009929653679653705
11,4,3,frontal_polar,8,0.5722542452095342,0.5648387599314535,0.007415485278080669
11,4,4,frontal_polar,8,0.6038480718085106,0.5982795877659575,0.005568484042553168
11,4,13,frontal_polar,8,0.5540393952959812,0.5509659423533868,0.0030734529425944235
11,4,16,frontal_polar,8,0.5271414270024396,0.5153615131163316,0.011779913886107996
11,4,18,frontal_polar,8,0.508844551434246,0.5131140501191248,-0.004269498684878803
11,4,22,frontal_polar,8,0.5302421326448786,0.5322615345498641,-0.002019401904985507
11,4,25,frontal_polar,8,0.5239808802308802,0.5268308080808081,-0.00284992784992788
11,4,3,non_periocular,114,0.5722542452095342,0.49315054265981206,0.0791037025497221
11,4,4,non_periocular,114,0.6038480718085106,0.49666959536474165,0.10717847644376899
11,4,13,non_periocular,114,0.5540393952959812,0.4920796170667034,0.06195977822927784
11,4,16,non_periocular,114,0.5271414270024396,0.4885845636474968,0.038556863354942794
11,4,18,non_periocular,114,0.508844551434246,0.4693805923619742,0.03946395907227179
11,4,22,non_periocular,114,0.5302421326448786,0.5144096305423537,0.01583250210252496
11,4,25,non_periocular,114,0.5239808802308802,0.4598935786435786,0.06408730158730158
11,4,3,vertex_ring,6,0.5722542452095342,0.5754426961624344,-0.0031884509529002125
11,4,4,vertex_ring,6,0.6038480718085106,0.6062286284194529,-0.002380556610942275
11,4,13,vertex_ring,6,0.5540393952959812,0.5638537828437618,-0.009814387547780523
11,4,16,vertex_ring,6,0.5271414270024396,0.5246581200734787,0.0024833069289609266
11,4,18,vertex_ring,6,0.508844551434246,0.5078040159713936,0.0010405354628524321
11,4,22,vertex_ring,6,0.5302421326448786,0.5344325138375482,-0.004190381192669568
11,4,25,vertex_ring,6,0.5239808802308802,0.5185515873015873,0.005429292929292839
11,4,3,left_temporal,8,0.5722542452095342,0.5909435529937166,-0.01868930778418243
11,4,4,left_temporal,8,0.6038480718085106,0.5998409004559271,0.0040071713525835495
11,4,13,left_temporal,8,0.5540393952959812,0.5526533282826543,0.001386067013326886
11,4,16,left_temporal,8,0.5271414270024396,0.5266700360589773,0.00047139094346226873
11,4,18,left_temporal,8,0.508844551434246,0.5088115185624094,3.3032871836646827e-05
11,4,22,left_temporal,8,0.5302421326448786,0.515289757280604,0.014952375364274628
11,4,25,left_temporal,8,0.5239808802308802,0.5238275613275614,0.00015331890331882203
11,4,3,right_temporal,8,0.5722542452095342,0.5261359505634314,0.04611829464610273
11,4,4,right_temporal,8,0.6038480718085106,0.6007135733282675,0.003134498480243164
11,4,13,right_temporal,8,0.5540393952959812,0.5380264471917077,0.01601294810427356
11,4,16,right_temporal,8,0.5271414270024396,0.5188799362407301,0.008261490761709456
11,4,18,right_temporal,8,0.508844551434246,0.49755763203858244,0.011286919395663564
11,4,22,right_temporal,8,0.5302421326448786,0.5408183222828531,-0.010576189637974465
11,4,25,right_temporal,8,0.5239808802308802,0.5106601731601731,0.013320707070707094
11,4,3,occipital,9,0.5722542452095342,0.5721659656228903,8.827958664381352e-05
11,4,4,occipital,9,0.6038480718085106,0.5990810220364742,0.004767049772036458
11,4,13,occipital,9,0.5540393952959812,0.561507799855367,-0.0074684045593857995
11,4,16,occipital,9,0.5271414270024396,0.5265874211513603,0.0005540058510793422
11,4,18,occipital,9,0.508844551434246,0.5003427160453046,0.008501835388941448
11,4,22,occipital,9,0.5302421326448786,0.5266042754601107,0.0036378571847679453
11,4,25,occipital,9,0.5239808802308802,0.5189664502164503,0.005014430014429916
11,4,3,band_0,16,0.5722542452095342,0.5668951550085682,0.005359090200965921
11,4,4,band_0,16,0.6038480718085106,0.602286759118541,0.0015613126899696184
11,4,13,band_0,16,0.5540393952959812,0.5718688660077826,-0.01782947071180141
11,4,16,band_0,16,0.5271414270024396,0.5223886399642326,0.004752787038207029
11,4,18,band_0,16,0.508844551434246,0.505477263061404,0.003367288372842059
11,4,22,band_0,16,0.5302421326448786,0.5406080697842711,-0.01036593713939249
11,4,25,band_0,16,0.5239808802308802,0.5131673881673882,0.010813492063492025
11,4,3,band_1,16,0.5722542452095342,0.5724827335514359,-0.0002284883419017003
11,4,4,band_1,16,0.6038480718085106,0.6113696808510638,-0.007521609042553168
11,4,13,band_1,16,0.5540393952959812,0.5413409552670547,0.012698440028926505
11,4,16,band_1,16,0.5271414270024396,0.5300766860730705,-0.002935259070630858
11,4,18,band_1,16,0.508844551434246,0.5114727292997444,-0.0026281778654984045
11,4,22,band_1,16,0.5302421326448786,0.5217978055506659,0.008444327094212722
11,4,25,band_1,16,0.5239808802308802,0.5347402597402597,-0.010759379509379552
11,4,3,band_2,16,0.5722542452095342,0.5917848055252636,-0.019530560315729417
11,4,4,band_2,16,0.6038480718085106,0.6072912708966565,-0.003443199088145832
11,4,13,band_2,16,0.5540393952959812,0.5545387237852544,-0.0004993284892731431
11,4,16,band_2,16,0.5271414270024396,0.5157600085530728,0.011381418449366798
11,4,18,band_2,16,0.508844551434246,0.5120322235664767,-0.003187672132230701
11,4,22,band_2,16,0.5302421326448786,0.5103023724305189,0.019939760214359725
11,4,25,band_2,16,0.5239808802308802,0.5375992063492063,-0.01361832611832614
11,4,3,band_3,16,0.5722542452095342,0.5679804746326012,0.004273770576933011
11,4,4,band_3,16,0.6038480718085106,0.577400740881459,0.02644733092705165
11,4,13,band_3,16,0.5540393952959812,0.5547453424704707,-0.000705947174489463
11,4,16,band_3,16,0.5271414270024396,0.5241915888304646,0.0029498381719750277
11,4,18,band_3,16,0.508844551434246,0.5169933480054338,-0.008148796571187833
11,4,22,band_3,16,0.5302421326448786,0.5460990827123551,-0.01585695006747645
11,4,25,band_3,16,0.5239808802308802,0.509623015873016,0.014357864357864236
11,4,3,band_4,16,0.5722542452095342,0.5554395804123176,0.016814664797216605
11,4,4,band_4,16,0.6038480718085106,0.59861797112462,0.005230100683890626
11,4,13,band_4,16,0.5540393952959812,0.5632683632356486,-0.00922896793966732
11,4,16,band_4,16,0.5271414270024396,0.53547581327087,-0.008334386268430416
11,4,18,band_4,16,0.508844551434246,0.49725620708307355,0.011588344351172453
11,4,22,band_4,16,0.5302421326448786,0.5209323475913865,0.009309785053492114
11,4,25,band_4,16,0.5239808802308802,0.5234487734487734,0.0005321067821068004
11,4,3,band_5,16,0.5722542452095342,0.5791244742171678,-0.006870229007633677
11,4,4,band_5,16,0.6038480718085106,0.5868814114741642,0.01696666033434646
11,4,13,band_5,16,0.5540393952959812,0.5624117566031888,-0.008372361307207532
11,4,16,band_5,16,0.5271414270024396,0.5129559613945396,0.014185465607900016
11,4,18,band_5,16,0.508844551434246,0.5119599641593341,-0.0031154127250880848
11,4,22,band_5,16,0.5302421326448786,0.5297971796827632,0.00044495296211544133
11,4,25,band_5,16,0.5239808802308802,0.5201749639249639,0.0038059163059163126
11,4,3,band_6,16,0.5722542452095342,0.5243495871631095,0.04790465804642463
11,4,4,band_6,16,0.6038480718085106,0.6116486987082066,-0.007800626899695962
11,4,13,band_6,16,0.5540393952959812,0.5300070594717449,0.02403233582423636
11,4,16,band_6,16,0.5271414270024396,0.5161293457871257,0.01101208121531394
11,4,18,band_6,16,0.508844551434246,0.5007948534785679,0.008049697955678115
11,4,22,band_6,16,0.5302421326448786,0.5185217782471787,0.011720354397699917
11,4,25,band_6,16,0.5239808802308802,0.5037878787878788,0.0201930014430014
11,4,3,band_7,16,0.5722542452095342,0.5698914680375967,0.002362777171937447
11,4,4,band_7,16,0.6038480718085106,0.6031238126899696,0.0007242591185410152
11,4,13,band_7,16,0.5540393952959812,0.5408330176658976,0.013206377630083588
11,4,16,band_7,16,0.5271414270024396,0.5325454139006872,-0.005403986898247615
11,4,18,band_7,16,0.508844551434246,0.5069988397203766,0.0018457117138693802
11,4,22,band_7,16,0.5302421326448786,0.5290392927692699,0.0012028398756087633
11,4,25,band_7,16,0.5239808802308802,0.5270562770562771,-0.0030753968253969255
22,0,7,periocular_eog,6,0.5167228198762659,0.5241655830082359,-0.007442763131970009
22,0,17,periocular_eog,6,0.5779118417465717,0.5918562065164571,-0.013944364769885365
22,0,20,periocular_eog,6,0.5289194933169474,0.5515618217589591,-0.02264232844201164
22,0,21,periocular_eog,6,0.5365716579686873,0.5456086355323609,-0.00903697756367361
22,0,29,periocular_eog,6,0.4885563751317176,0.4924657534246576,-0.003909378292939969
22,0,30,periocular_eog,6,0.5114740316353219,0.49996886287208864,0.011505168763233264
22,0,31,periocular_eog,6,0.4715750120598167,0.4493547998070429,0.02222021225277382
22,0,34,periocular_eog,6,0.5084269662921348,0.5143024344569289,-0.005875468164794118
22,0,7,frontal_polar,8,0.5167228198762659,0.5177966268668479,-0.0010738069905820158
22,0,17,frontal_polar,8,0.5779118417465717,0.567327636273127,0.010584205473444741
22,0,20,frontal_polar,8,0.5289194933169474,0.5359436041693679,-0.007024110852420495
22,0,21,frontal_polar,8,0.5365716579686873,0.5156920469244837,0.02087961104420366
22,0,29,frontal_polar,8,0.4885563751317176,0.49274499473129607,-0.004188619599578447
22,0,30,frontal_polar,8,0.5114740316353219,0.506149582762486,0.005324448872835896
22,0,31,frontal_polar,8,0.4715750120598167,0.4778702363724071,-0.006295224312590386
22,0,34,frontal_polar,8,0.5084269662921348,0.5109082397003746,-0.0024812734082397814
22,0,7,non_periocular,114,0.5167228198762659,0.499463096504709,0.0172597233715569
22,0,17,non_periocular,114,0.5779118417465717,0.4776285690580887,0.10028327268848303
22,0,20,non_periocular,114,0.5289194933169474,0.4640479398384342,0.06487155347851326
22,0,21,non_periocular,114,0.5365716579686873,0.5211873856996297,0.015384272269057586
22,0,29,non_periocular,114,0.4885563751317176,0.4961801896733404,-0.007623814541622753
22,0,30,non_periocular,114,0.5114740316353219,0.5021173246979699,0.009356706937352022
22,0,31,non_periocular,114,0.4715750120598167,0.5082609744331886,-0.036685962373371905
22,0,34,non_periocular,114,0.5084269662921348,0.5077949438202247,0.0006320224719100764
22,0,7,vertex_ring,6,0.5167228198762659,0.5190576112227607,-0.0023347913464948356
22,0,17,vertex_ring,6,0.5779118417465717,0.5807386424245298,-0.0028268006779580412
22,0,20,vertex_ring,6,0.5289194933169474,0.5342411310735163,-0.005321637756568909
22,0,21,vertex_ring,6,0.5365716579686873,0.5367054730362639,-0.00013381506757659256
22,0,29,vertex_ring,6,0.4885563751317176,0.4958113804004215,-0.0072550052687038735
22,0,30,vertex_ring,6,0.5114740316353219,0.5121434798854153,-0.0006694482500934074
22,0,31,vertex_ring,6,0.4715750120598167,0.47741799324650264,-0.005842981186685914
22,0,34,vertex_ring,6,0.5084269662921348,0.5156367041198502,-0.00720973782771539
22,0,7,left_temporal,8,0.5167228198762659,0.5176488552626394,-0.0009260353863734805
22,0,17,left_temporal,8,0.5779118417465717,0.5704329686740705,0.00747887307250128
22,0,20,left_temporal,8,0.5289194933169474,0.5137832672826387,0.015136226034308753
22,0,21,left_temporal,8,0.5365716579686873,0.5409028056559169,-0.004331147687229531
22,0,29,left_temporal,8,0.4885563751317176,0.48934668071654375,-0.0007903055848261231
22,0,30,left_temporal,8,0.5114740316353219,0.5094034126292191,0.0020706190061028362
22,0,31,left_temporal,8,0.4715750120598167,0.5276591895803184,-0.05608417752050171
22,0,34,left_temporal,8,0.5084269662921348,0.5029728464419476,0.005454119850187178
22,0,7,right_temporal,8,0.5167228198762659,0.5133634787405918,0.0033593411356740432
22,0,17,right_temporal,8,0.5779118417465717,0.5795711796707399,-0.0016593379241681694
22,0,20,right_temporal,8,0.5289194933169474,0.5238346233419209,0.005084869975026551
22,0,21,right_temporal,8,0.5365716579686873,0.5385298184575583,-0.001958160488870986
22,0,29,right_temporal,8,0.4885563751317176,0.4856375131717598,0.0029188619599578303
22,0,30,right_temporal,8,0.5114740316353219,0.5350915431560593,-0.023617511520737433
22,0,31,right_temporal,8,0.4715750120598167,0.4554027978774723,0.016172214182344435
22,0,34,right_temporal,8,0.5084269662921348,0.5210674157303371,-0.012640449438202306
22,0,7,occipital,9,0.5167228198762659,0.5299582298932104,-0.013235410016944504
22,0,17,occipital,9,0.5779118417465717,0.570142584537341,0.007769257209230718
22,0,20,occipital,9,0.5289194933169474,0.5286235335900197,0.0002959597269277525
22,0,21,occipital,9,0.5365716579686873,0.5433248583790535,-0.0067532004103662
22,0,29,occipital,9,0.4885563751317176,0.4786828240252898,0.009873551106427847
22,0,30,occipital,9,0.5114740316353219,0.5098393324199776,0.0016346992153443152
22,0,31,occipital,9,0.4715750120598167,0.4733839845634346,-0.0018089725036178894
22,0,34,occipital,9,0.5084269662921348,0.4743913857677903,0.03403558052434452
22,0,7,band_0,16,0.5167228198762659,0.5073984316507073,0.009324388225558589
22,0,17,band_0,16,0.5779118417465717,0.5807386424245298,-0.0028268006779580412
22,0,20,band_0,16,0.5289194933169474,0.5250973848434796,0.0038221084734678668
22,0,21,band_0,16,0.5365716579686873,0.5181988491904188,0.018372808778268523
22,0,29,band_0,16,0.4885563751317176,0.487418335089568,0.001138040042149624
22,0,30,band_0,16,0.5114740316353219,0.4993461203138623,0.012127911321459628
22,0,31,band_0,16,0.4715750120598167,0.4700373854317414,0.0015376266280753281
22,0,34,band_0,16,0.5084269662921348,0.5167134831460675,-0.008286516853932668
22,0,7,band_1,16,0.5167228198762659,0.5063196989399851,0.010403120936280819
22,0,17,band_1,16,0.5779118417465717,0.5778525796778514,5.926206872031159e-05
22,0,20,band_1,16,0.5289194933169474,0.5531994655812931,-0.02427997226434564
22,0,21,band_1,16,0.5365716579686873,0.5365002899326465,7.136803604079756e-05
22,0,29,band_1,16,0.4885563751317176,0.4866438356164383,0.00191253951527931
22,0,30,band_1,16,0.5114740316353219,0.5136536305891144,-0.0021795989537924942
22,0,31,band_1,16,0.4715750120598167,0.4587433671008201,0.012831644958996635
22,0,34,band_1,16,0.5084269662921348,0.507748127340824,0.0006788389513108228
22,0,7,band_2,16,0.5167228198762659,0.5038814674705442,0.012841352405721707
22,0,17,band_2,16,0.5779118417465717,0.5831328300008297,-0.0052209882542579855
22,0,20,band_2,16,0.5289194933169474,0.5113874028265563,0.017532090490391172
22,0,21,band_2,16,0.5365716579686873,0.5355279004415897,0.0010437575270976218
22,0,29,band_2,16,0.4885563751317176,0.48645416227608007,0.002102212855637553
22,0,30,band_2,16,0.5114740316353219,0.5126883796238635,-0.0012143479885415864
22,0,31,band_2,16,0.4715750120598167,0.5071333815726001,-0.035558369512783405
22,0,34,band_2,16,0.5084269662921348,0.5017322097378277,0.006694756554307069
22,0,7,band_3,16,0.5167228198762659,0.5174222721361863,-0.0006994522599204078
22,0,17,band_3,16,0.5779118417465717,0.5794526555332993,-0.0015408137867275462
22,0,20,band_3,16,0.5289194933169474,0.5318227173049062,-0.002903223987958725
22,0,21,band_3,16,0.5365716579686873,0.5295106829028948,0.0070609750657925074
22,0,29,band_3,16,0.4885563751317176,0.486622760800843,0.0019336143308746334
22,0,30,band_3,16,0.5114740316353219,0.5240378627475402,-0.01256383111221826
22,0,31,band_3,16,0.4715750120598167,0.48637843704775685,-0.014803424987940128
22,0,34,band_3,16,0.5084269662921348,0.5075842696629214,0.0008426966292134352
22,0,7,band_4,16,0.5167228198762659,0.521362848248414,-0.004640028372148053
22,0,17,band_4,16,0.5779118417465717,0.576572518993493,0.0013393227530786866
22,0,20,band_4,16,0.5289194933169474,0.5304302972563124,-0.0015108039393649797
22,0,21,band_4,16,0.5365716579686873,0.5360720817164013,0.000499576252286027
22,0,29,band_4,16,0.4885563751317176,0.4856006322444678,0.0029557428872498126
22,0,30,band_4,16,0.5114740316353219,0.5101507036990908,0.0013233279362311334
22,0,31,band_4,16,0.4715750120598167,0.4847563917028461,-0.0131813796430294
22,0,34,band_4,16,0.5084269662921348,0.504751872659176,0.0036750936329588146
22,0,7,band_5,16,0.5167228198762659,0.5262097568664539,-0.009486936990187989
22,0,17,band_5,16,0.5779118417465717,0.5703737066053503,0.00753813514122148
22,0,20,band_5,16,0.5289194933169474,0.5122668260151418,0.01665266730180559
22,0,21,band_5,16,0.5365716579686873,0.5344306168874615,0.002141041081225814
22,0,29,band_5,16,0.4885563751317176,0.4879926238145416,0.0005637513171760089
22,0,30,band_5,16,0.5114740316353219,0.5029424585876199,0.008531573047702024
22,0,31,band_5,16,0.4715750120598167,0.4647793053545586,0.006795706705258142
22,0,34,band_5,16,0.5084269662921348,0.4824204119850187,0.02600655430711607
22,0,7,band_6,16,0.5167228198762659,0.5062408874177404,0.010481932458525467
22,0,17,band_6,16,0.5779118417465717,0.5724656576311766,0.005446184115395103
22,0,20,band_6,16,0.5289194933169474,0.5282063713082547,0.0007131220086927792
22,0,21,band_6,16,0.5365716579686873,0.5537267496320086,-0.017155091663321298
22,0,29,band_6,16,0.4885563751317176,0.4854373024236037,0.0031190727081139014
22,0,30,band_6,16,0.5114740316353219,0.5198499190434674,-0.008375887408145544
22,0,31,band_6,16,0.4715750120598167,0.4551435118186204,0.01643150024119633
22,0,34,band_6,16,0.5084269662921348,0.51186797752809,-0.0034410112359551936
22,0,7,band_7,16,0.5167228198762659,0.5324999014855971,-0.015777081609331223
22,0,17,band_7,16,0.5779118417465717,0.5622014673288215,0.01571037441775025
22,0,20,band_7,16,0.5289194933169474,0.545589072603149,-0.016669579286201608
22,0,21,band_7,16,0.5365716579686873,0.5363709353673223,0.00020072260136505538
22,0,29,band_7,16,0.4885563751317176,0.49710221285563755,-0.008545837723919925
22,0,30,band_7,16,0.5114740316353219,0.5241935483870968,-0.01271951675177485
22,0,31,band_7,16,0.4715750120598167,0.4516883743367101,0.019886637723106615
22,0,34,band_7,16,0.5084269662921348,0.5117743445692884,-0.00334737827715359
22,1,10,periocular_eog,6,0.5348306788309882,0.5345471882892634,0.000283490541724829
22,1,12,periocular_eog,6,0.5144444444444445,0.5147835497835498,-0.0003391053391053056
22,1,14,periocular_eog,6,0.5121714959568733,0.5057909366576818,0.006380559299191457
22,1,15,periocular_eog,6,0.5114726741760534,0.5070877604097319,0.004384913766321441
22,1,24,periocular_eog,6,0.4668051253168122,0.47414460715291473,-0.007339481836102557
22,1,27,periocular_eog,6,0.5357770136552543,0.5112680585790619,0.02450895507619244
22,1,28,periocular_eog,6,0.6166666666666667,0.6538461538461539,-0.03717948717948716
22,1,10,frontal_polar,8,0.5348306788309882,0.5295410030410803,0.0052896757899079105
22,1,12,frontal_polar,8,0.5144444444444445,0.5172222222222222,-0.002777777777777768
22,1,14,frontal_polar,8,0.5121714959568733,0.5241183737646002,-0.011946877807726963
22,1,15,frontal_polar,8,0.5114726741760534,0.5232737730673981,-0.01180109889134473
22,1,24,frontal_polar,8,0.4668051253168122,0.4736693889045339,-0.006864263587721742
22,1,27,frontal_polar,8,0.5357770136552543,0.5326786067682565,0.0030984068869978065
22,1,28,frontal_polar,8,0.6166666666666667,0.582051282051282,0.034615384615384714
22,1,10,non_periocular,114,0.5348306788309882,0.5292059687644968,0.005624710066491456
22,1,12,non_periocular,114,0.5144444444444445,0.483044733044733,0.03139971139971148
22,1,14,non_periocular,114,0.5121714959568733,0.498259209344115,0.013912286612758284
22,1,15,non_periocular,114,0.5114726741760534,0.4616630717474858,0.04980960242856758
22,1,24,non_periocular,114,0.4668051253168122,0.4869226978315968,-0.020117572514784632
22,1,27,non_periocular,114,0.5357770136552543,0.5623268355432416,-0.02654982188798727
22,1,28,non_periocular,114,0.6166666666666667,0.5346153846153846,0.08205128205128209
22,1,10,vertex_ring,6,0.5348306788309882,0.5206368228441833,0.014193855986804893
22,1,12,vertex_ring,6,0.5144444444444445,0.5172222222222222,-0.002777777777777768
22,1,14,vertex_ring,6,0.5121714959568733,0.5073562443845463,0.004815251572326984
22,1,15,vertex_ring,6,0.5114726741760534,0.5089251635466319,0.00254751062942149
22,1,24,vertex_ring,6,0.4668051253168122,0.4763974936637567,-0.009592368346944546
22,1,27,vertex_ring,6,0.5357770136552543,0.5288628042746883,0.006914209380565972
22,1,28,vertex_ring,6,0.6166666666666667,0.5935897435897435,0.023076923076923217
22,1,10,left_temporal,8,0.5348306788309882,0.5238454203391577,0.010985258491830519
22,1,12,left_temporal,8,0.5144444444444445,0.5160606060606061,-0.0016161616161616266
22,1,14,left_temporal,8,0.5121714959568733,0.5211070867026055,-0.008935590745732247
22,1,15,left_temporal,8,0.5114726741760534,0.50548558037973,0.0059870937963233395
22,1,24,left_temporal,8,0.4668051253168122,0.46745635032385247,-0.0006512250070402903
22,1,27,left_temporal,8,0.5357770136552543,0.5325982089847615,0.0031788046704928075
22,1,28,left_temporal,8,0.6166666666666667,0.6371794871794871,-0.02051282051282044
22,1,10,right_temporal,8,0.5348306788309882,0.5449139219627854,-0.010083243131797204
22,1,12,right_temporal,8,0.5144444444444445,0.4823953823953824,0.032049062049062105
22,1,14,right_temporal,8,0.5121714959568733,0.5273893755615453,-0.015217879604672024
22,1,15,right_temporal,8,0.5114726741760534,0.5154359616186901,-0.003963287442636743
22,1,24,right_temporal,8,0.4668051253168122,0.47153970712475357,-0.004734581807941396
22,1,27,right_temporal,8,0.5357770136552543,0.537756036018207,-0.001979022362952665
22,1,28,right_temporal,8,0.6166666666666667,0.6038461538461538,0.012820512820512886
22,1,10,occipital,9,0.5348306788309882,0.5293090562342148,0.005521622596773468
22,1,12,occipital,9,0.5144444444444445,0.5199494949494949,-0.005505050505050457
22,1,14,occipital,9,0.5121714959568733,0.5084161612758311,0.003755334681042166
22,1,15,occipital,9,0.5114726741760534,0.504225139580504,0.0072475345955493875
22,1,24,occipital,9,0.4668051253168122,0.47375739228386365,-0.006952266967051479
22,1,27,occipital,9,0.5357770136552543,0.5316767266970116,0.004100286958242716
22,1,28,occipital,9,0.6166666666666667,0.5865384615384615,0.030128205128205243
22,1,10,band_0,16,0.5348306788309882,0.5380521622596774,-0.0032214834286892202
22,1,12,band_0,16,0.5144444444444445,0.5337950937950937,-0.01935064935064923
22,1,14,band_0,16,0.5121714959568733,0.5061489218328841,0.0060225741239892105
22,1,15,band_0,16,0.5114726741760534,0.5187557141462289,-0.007283039970175542
22,1,24,band_0,16,0.4668051253168122,0.4832969586032103,-0.01649183328639814
22,1,27,band_0,16,0.5357770136552543,0.5139830298832377,0.02179398377201658
22,1,28,band_0,16,0.6166666666666667,0.5621794871794872,0.054487179487179516
22,1,10,band_1,16,0.5348306788309882,0.5394309571671564,-0.004600278336168162
22,1,12,band_1,16,0.5144444444444445,0.4994083694083694,0.01503607503607507
22,1,14,band_1,16,0.5121714959568733,0.5191206199460917,-0.006949123989218431
22,1,15,band_1,16,0.5114726741760534,0.5196877302301636,-0.008215056054110215
22,1,24,band_1,16,0.4668051253168122,0.4626513658124472,0.004153759504364973
22,1,27,band_1,16,0.5357770136552543,0.530544973283198,0.005232040372056268
22,1,28,band_1,16,0.6166666666666667,0.6025641025641026,0.014102564102564052
22,1,10,band_2,16,0.5348306788309882,0.5178599041286531,0.0169707747023351
22,1,12,band_2,16,0.5144444444444445,0.5162914862914862,-0.0018470418470417638
22,1,14,band_2,16,0.5121714959568733,0.5070544137466307,0.005117082210242541
22,1,15,band_2,16,0.5114726741760534,0.4984821452347349,0.012990528941318469
22,1,24,band_2,16,0.4668051253168122,0.46112010701210926,0.005685018304702916
22,1,27,band_2,16,0.5357770136552543,0.5383497427270928,-0.0025727290718384754
22,1,28,band_2,16,0.6166666666666667,0.576923076923077,0.03974358974358971
22,1,10,band_3,16,0.5348306788309882,0.546659965981135,-0.01182928715014675
22,1,12,band_3,16,0.5144444444444445,0.5111616161616162,0.0032828282828283317
22,1,14,band_3,16,0.5121714959568733,0.5074685534591195,0.004702942497753826
22,1,15,band_3,16,0.5114726741760534,0.5060447900300908,0.005427884145962514
22,1,24,band_3,16,0.4668051253168122,0.48002323289214305,-0.013218107575330873
22,1,27,band_3,16,0.5357770136552543,0.5438848208984762,-0.00810780724322191
22,1,28,band_3,16,0.6166666666666667,0.676923076923077,-0.060256410256410264
22,1,10,band_4,16,0.5348306788309882,0.5360097417658883,-0.0011790629349001103
22,1,12,band_4,16,0.5144444444444445,0.5127489177489177,0.00169552669552675
22,1,14,band_4,16,0.5121714959568733,0.5167410714285714,-0.004569575471698117
22,1,15,band_4,16,0.5114726741760534,0.5115259322379926,-5.325806193923199e-05
22,1,24,band_4,16,0.4668051253168122,0.4697620388622923,-0.002956913545480111
22,1,27,band_4,16,0.5357770136552543,0.5339526024144072,0.0018244112408470903
22,1,28,band_4,16,0.6166666666666667,0.5974358974358974,0.019230769230769273
22,1,10,band_5,16,0.5348306788309882,0.5286196587804752,0.006211020050512994
22,1,12,band_5,16,0.5144444444444445,0.5046753246753246,0.009769119769119872
22,1,14,band_5,16,0.5121714959568733,0.5128102538185085,-0.0006387578616352529
22,1,15,band_5,16,0.5114726741760534,0.5125333972430076,-0.001060723066954261
22,1,24,band_5,16,0.4668051253168122,0.4645698394818361,0.002235285834976064
22,1,27,band_5,16,0.5357770136552543,0.5269270730259252,0.00884994062932909
22,1,28,band_5,16,0.6166666666666667,0.5608974358974359,0.05576923076923079
22,1,10,band_6,16,0.5348306788309882,0.5334518839235091,0.0013787949074791639
22,1,12,band_6,16,0.5144444444444445,0.5072727272727273,0.007171717171717162
22,1,14,band_6,16,0.5121714959568733,0.5175131963162625,-0.00534170035938919
22,1,15,band_6,16,0.5114726741760534,0.5176062276427095,-0.0061335534666561164
22,1,24,band_6,16,0.4668051253168122,0.47946001126443255,-0.012654885947620376
22,1,27,band_6,16,0.5357770136552543,0.5309593310904415,0.004817682564812853
22,1,28,band_6,16,0.6166666666666667,0.5487179487179488,0.06794871794871793
22,1,10,band_7,16,0.5348306788309882,0.5292961703005,0.0055345085304882025
22,1,12,band_7,16,0.5144444444444445,0.5204689754689755,-0.0060245310245310435
22,1,14,band_7,16,0.5121714959568733,0.5274314914645104,-0.015259995507637125
22,1,15,band_7,16,0.5114726741760534,0.5031377874825801,0.008334886693473265
22,1,24,band_7,16,0.4668051253168122,0.5108772176851591,-0.04407209236834697
22,1,27,band_7,16,0.5357770136552543,0.5347998713635465,0.0009771422917078665
22,1,28,band_7,16,0.6166666666666667,0.6192307692307693,-0.002564102564102555
22,2,1,periocular_eog,6,0.6227950536461174,0.6083833424258955,0.01441171122022189
22,2,5,periocular_eog,6,0.5125466853408029,0.515827164199013,-0.003280478858210034
22,2,8,periocular_eog,6,0.500734119828963,0.5060575618635481,-0.005323442034585124
22,2,9,periocular_eog,6,0.5205734960336187,0.5234612013753118,-0.0028877053416931364
22,2,13,periocular_eog,6,0.5816186852164331,0.5733797651434278,0.008238920073005307
22,2,16,periocular_eog,6,0.5157357100508324,0.49876563608619173,0.016970073964640675
22,2,33,periocular_eog,6,0.449764982373678,0.4242068155111633,0.02555816686251472
22,2,1,frontal_polar,8,0.6227950536461174,0.631523913438807,-0.008728859792689558
22,2,5,frontal_polar,8,0.5125466853408029,0.5146016740029346,-0.002054988662131607
22,2,8,frontal_polar,8,0.500734119828963,0.4880651864063332,0.012668933422629813
22,2,9,frontal_polar,8,0.5205734960336187,0.5173824130879345,0.003191082945684154
22,2,13,frontal_polar,8,0.5816186852164331,0.5795783256999207,0.00204035951651238
22,2,16,frontal_polar,8,0.5157357100508324,0.5228454518063508,-0.007109741755518373
22,2,33,frontal_polar,8,0.449764982373678,0.47914218566392475,-0.029377203290246734
22,2,1,non_periocular,114,0.6227950536461174,0.5240043644298964,0.09879068921622103
22,2,5,non_periocular,114,0.5125466853408029,0.45640756302521013,0.056139122315592815
22,2,8,non_periocular,114,0.500734119828963,0.5191858568165817,-0.018451736987618705
22,2,9,non_periocular,114,0.5205734960336187,0.4981235533382772,0.022449942695341507
22,2,13,non_periocular,114,0.5816186852164331,0.5089362581356107,0.0726824270808224
22,2,16,non_periocular,114,0.5157357100508324,0.5066043329089195,0.009131377141912922
22,2,33,non_periocular,114,0.449764982373678,0.47532314923619273,-0.02555816686251472
22,2,1,vertex_ring,6,0.6227950536461174,0.6110201854882706,0.011774868157846785
22,2,5,vertex_ring,6,0.5125466853408029,0.5117296918767507,0.0008169934640522847
22,2,8,vertex_ring,6,0.500734119828963,0.49535486751498287,0.005379252313980121
22,2,9,vertex_ring,6,0.5205734960336187,0.5265736308681094,-0.006000134834490689
22,2,13,vertex_ring,6,0.5816186852164331,0.5795869348118048,0.0020317504046283297
22,2,16,vertex_ring,6,0.5157357100508324,0.5090390428333997,0.0066966672174326725
22,2,33,vertex_ring,6,0.449764982373678,0.4394829612220917,0.010282021151586329
22,2,1,left_temporal,8,0.6227950536461174,0.6062011274777233,0.01659392616839417
22,2,5,left_temporal,8,0.5125466853408029,0.5100706949446445,0.002475990396158423
22,2,8,left_temporal,8,0.500734119828963,0.4924870777737709,0.00824704205519211
22,2,9,left_temporal,8,0.5205734960336187,0.5238881772624104,-0.0033146812287917493
22,2,13,left_temporal,8,0.5816186852164331,0.5751058920761735,0.006512793140259654
22,2,16,left_temporal,8,0.5157357100508324,0.515103948992584,0.000631761058248359
22,2,33,left_temporal,8,0.449764982373678,0.4571092831962397,-0.007344300822561711
22,2,1,right_temporal,8,0.6227950536461174,0.6207037643207856,0.0020912893253318687
22,2,5,right_temporal,8,0.5125466853408029,0.510950213418701,0.001596471922101994
22,2,8,right_temporal,8,0.500734119828963,0.49182164751944774,0.008912472309515251
22,2,9,right_temporal,8,0.5205734960336187,0.5164160992381851,0.004157396795433588
22,2,13,right_temporal,8,0.5816186852164331,0.5800862633010779,0.0015324219153551866
22,2,16,right_temporal,8,0.5157357100508324,0.5119888810053748,0.0037468290454576447
22,2,33,right_temporal,8,0.449764982373678,0.45475910693301996,-0.00499412455934195
22,2,1,occipital,9,0.6227950536461174,0.6158847063102383,0.006910347335879141
22,2,5,occipital,9,0.5125466853408029,0.5055563892223556,0.00699029611844737
22,2,8,occipital,9,0.500734119828963,0.5081010767090826,-0.007366956880119568
22,2,9,occipital,9,0.5205734960336187,0.5223600530348997,-0.0017865570012810528
22,2,13,occipital,9,0.5816186852164331,0.5830090567857019,-0.0013903715692688001
22,2,16,occipital,9,0.5157357100508324,0.5198129987267585,-0.00407728867592605
22,2,33,occipital,9,0.449764982373678,0.44594594594594594,0.00381903642773207
22,2,1,band_0,16,0.6227950536461174,0.6070649208947082,0.01573013275140922
22,2,5,band_0,16,0.5125466853408029,0.5115337801787381,0.00101290516206487
22,2,8,band_0,16,0.500734119828963,0.4881682207682929,0.012565899060670072
22,2,9,band_0,16,0.5205734960336187,0.5213937391851503,-0.0008202431515316189
22,2,13,band_0,16,0.5816186852164331,0.5793329660112263,0.0022857192052068154
22,2,16,band_0,16,0.5157357100508324,0.5115077706610165,0.004227939389815916
22,2,33,band_0,16,0.449764982373678,0.4274383078730905,0.022326674500587507
22,2,1,band_1,16,0.6227950536461174,0.6051554828150573,0.01763957083106016
22,2,5,band_1,16,0.5125466853408029,0.5196912098172602,-0.0071445244764573035
22,2,8,band_1,16,0.500734119828963,0.5137980183057717,-0.013063898476808666
22,2,9,band_1,16,0.5205734960336187,0.5355738331198454,-0.015000337086226723
22,2,13,band_1,16,0.5816186852164331,0.5816531216639691,-3.44364475359793e-05
22,2,16,band_1,16,0.5157357100508324,0.5284584058238649,-0.012722695773032533
22,2,33,band_1,16,0.449764982373678,0.4153936545240893,0.03437132784958874
22,2,1,band_2,16,0.6227950536461174,0.6114748136024731,0.011320240043644292
22,2,5,band_2,16,0.5125466853408029,0.5077280912364945,0.004818594104308405
22,2,8,band_2,16,0.500734119828963,0.4985188810468291,0.002215238782133866
22,2,9,band_2,16,0.5205734960336187,0.5250455066405986,-0.0044720106069798815
22,2,13,band_2,16,0.5816186852164331,0.5722390578187954,0.009379627397637758
22,2,16,band_2,16,0.5157357100508324,0.5307327456335592,-0.014997035582726803
22,2,33,band_2,16,0.449764982373678,0.467978848413631,-0.01821386603995301
22,2,1,band_3,16,0.6227950536461174,0.6171122022185851,0.005682851427532332
22,2,5,band_3,16,0.5125466853408029,0.5011879751900761,0.01135871015072687
22,2,8,band_3,16,0.500734119828963,0.4967157797125341,0.004018340116428876
22,2,9,band_3,16,0.5205734960336187,0.5189554821456661,0.001618013887952574
22,2,13,band_3,16,0.5816186852164331,0.5772194290436998,0.00439925617273329
22,2,16,band_3,16,0.5157357100508324,0.5246192424698941,-0.008883532419061702
22,2,33,band_3,16,0.449764982373678,0.46415981198589895,-0.014394829612220938
22,2,1,band_4,16,0.6227950536461174,0.6127023095108202,0.01009274413529726
22,2,5,band_4,16,0.5125466853408029,0.5031679338402028,0.009378751500600191
22,2,8,band_4,16,0.500734119828963,0.5076331289818488,-0.006899009152885771
22,2,9,band_4,16,0.5205734960336187,0.5214948650531472,-0.0009213690195285507
22,2,13,band_4,16,0.5816186852164331,0.5828196563242536,-0.00120097110782047
22,2,16,band_4,16,0.5157357100508324,0.5246629797739267,-0.008927269723094322
22,2,33,band_4,16,0.449764982373678,0.42596944770857814,0.02379553466509987
22,2,1,band_5,16,0.6227950536461174,0.6197945080923803,0.0030005455537370773
22,2,5,band_5,16,0.5125466853408029,0.5088827197545684,0.0036639655862344966
22,2,8,band_5,16,0.500734119828963,0.4974026754589322,0.0033314443700308005
22,2,9,band_5,16,0.5205734960336187,0.5057978830984966,0.014775612935122084
22,2,13,band_5,16,0.5816186852164331,0.5822342367161404,-0.0006155514997072675
22,2,16,band_5,16,0.5157357100508324,0.5066432105125039,0.009092499538328469
22,2,33,band_5,16,0.449764982373678,0.4274383078730905,0.022326674500587507
22,2,1,band_6,16,0.6227950536461174,0.6101563920712857,0.012638661574831733
22,2,5,band_6,16,0.5125466853408029,0.5074196345204749,0.00512705082032805
22,2,8,band_6,16,0.500734119828963,0.49723524462074775,0.0034988752082152352
22,2,9,band_6,16,0.5205734960336187,0.514123912896919,0.006449583136699633
22,2,13,band_6,16,0.5816186852164331,0.5784634457109404,0.0031552395054926796
22,2,16,band_6,16,0.5157357100508324,0.5021334084967002,0.013602301554132223
22,2,33,band_6,16,0.449764982373678,0.4388954171562867,0.010869565217391297
22,2,1,band_7,16,0.6227950536461174,0.6181578468812511,0.004637206764866342
22,2,5,band_7,16,0.5125466853408029,0.5143849206349207,-0.0018382352941177516
22,2,8,band_7,16,0.500734119828963,0.5092687994779592,-0.008534679648996235
22,2,9,band_7,16,0.5205734960336187,0.5098878626485989,0.010685633385019822
22,2,13,band_7,16,0.5816186852164331,0.5713092737353215,0.010309411481111641
22,2,16,band_7,16,0.5157357100508324,0.5064877000981659,0.009248009952666503
22,2,33,band_7,16,0.449764982373678,0.45475910693301996,-0.00499412455934195
22,3,4,periocular_eog,6,0.5586827982522796,0.5562903685410334,0.0023924297112462023
22,3,18,periocular_eog,6,0.561003456064216,0.5618974081582935,-0.0008939520940774992
22,3,19,periocular_eog,6,0.5183617308422251,0.5111762473113745,0.007185483530850689
22,3,22,periocular_eog,6,0.4936728666705783,0.4919810674959416,0.0016917991746366878
22,3,23,periocular_eog,6,0.5605335708529499,0.5564024260932264,0.004131144759723426
22,3,26,periocular_eog,6,0.4941201497617427,0.48343260721579306,0.010687542545949613
22,3,32,periocular_eog,6,0.5218923348461927,0.5190935451336358,0.0027987897125568706
22,3,4,frontal_polar,8,0.5586827982522796,0.5498373385258359,0.008845459726443683
22,3,18,frontal_polar,8,0.561003456064216,0.5658056098074596,-0.0048021537432436645
22,3,19,frontal_polar,8,0.5183617308422251,0.522874404284931,-0.0045126734427058945
22,3,22,frontal_polar,8,0.4936728666705783,0.4979170333861409,-0.004244166715562603
22,3,23,frontal_polar,8,0.5605335708529499,0.5546592017644314,0.005874369088518461
22,3,26,frontal_polar,8,0.4941201497617427,0.4961793737236215,-0.0020592239618787977
22,3,32,frontal_polar,8,0.5218923348461927,0.5168305597579425,0.005061775088250231
22,3,4,non_periocular,114,0.5586827982522796,0.5345269756838906,0.024155822568388996
22,3,18,non_periocular,114,0.561003456064216,0.474752563144399,0.08625089291981697
22,3,19,non_periocular,114,0.5183617308422251,0.48796971869596395,0.030392012146261194
22,3,22,non_periocular,114,0.4936728666705783,0.5070214555340413,-0.013348588863463018
22,3,23,non_periocular,114,0.5605335708529499,0.46830385545234765,0.09222971540060221
22,3,26,non_periocular,114,0.4941201497617427,0.5268294758339006,-0.03270932607215793
22,3,32,non_periocular,114,0.5218923348461927,0.5085791729702471,0.013313161875945556
22,3,4,vertex_ring,6,0.5586827982522796,0.5562903685410334,0.0023924297112462023
22,3,18,vertex_ring,6,0.561003456064216,0.5636667313560407,-0.0026632752918247515
22,3,19,vertex_ring,6,0.5183617308422251,0.5151670110918983,0.003194719750326813
22,3,22,vertex_ring,6,0.4936728666705783,0.49146277063897204,0.002210096031606268
22,3,23,vertex_ring,6,0.5605335708529499,0.5623276922424396,-0.0017941213894897556
22,3,26,vertex_ring,6,0.4941201497617427,0.49991490810074884,-0.0057947583390061674
22,3,32,vertex_ring,6,0.5218923348461927,0.5292233988905699,-0.007331064044377222
22,3,4,left_temporal,8,0.5586827982522796,0.5543491166413373,0.004333681610942275
22,3,18,left_temporal,8,0.561003456064216,0.5418216802996081,0.01918177576460789
22,3,19,left_temporal,8,0.5183617308422251,0.5116876133440176,0.006674117498207566
22,3,22,left_temporal,8,0.4936728666705783,0.4968511021142601,-0.0031782354436817872
22,3,23,left_temporal,8,0.5605335708529499,0.5451372099927896,0.015396360860160274
22,3,26,left_temporal,8,0.4941201497617427,0.49748978897208984,-0.003369639210347164
22,3,32,left_temporal,8,0.5218923348461927,0.5068582955118508,0.015034039334341887
22,3,4,right_temporal,8,0.5586827982522796,0.5495048917173252,0.009177906534954428
22,3,18,right_temporal,8,0.561003456064216,0.5542090072383281,0.006794448825887867
22,3,19,right_temporal,8,0.5183617308422251,0.47175361646493186,0.046608114377293286
22,3,22,right_temporal,8,0.4936728666705783,0.5004351737761349,-0.006762307105556586
22,3,23,right_temporal,8,0.5605335708529499,0.5594944225304322,0.0010391483225176135
22,3,26,right_temporal,8,0.4941201497617427,0.4993192648059904,-0.0051991150442477485
22,3,32,right_temporal,8,0.5218923348461927,0.49727054967221385,0.02462178517397884
22,3,4,occipital,9,0.5586827982522796,0.5570680566109422,0.0016147416413374582
22,3,18,occipital,9,0.561003456064216,0.554557916947102,0.006445539117113985
22,3,19,occipital,9,0.5183617308422251,0.5155096790519168,0.002852051790308341
22,3,22,occipital,9,0.4936728666705783,0.49979463709440825,-0.006121770423829942
22,3,23,occipital,9,0.5605335708529499,0.5694702464266022,-0.008936675573652297
22,3,26,occipital,9,0.4941201497617427,0.49512423417290674,-0.0010040844111640634
22,3,32,occipital,9,0.5218923348461927,0.526790216843167,-0.004897881996974274
22,3,4,band_0,16,0.5586827982522796,0.5386944338905776,0.019988364361702038
22,3,18,band_0,16,0.561003456064216,0.5593022631646317,0.0017011928995842585
22,3,19,band_0,16,0.5183617308422251,0.5272921850617857,-0.008930454219560513
22,3,22,band_0,16,0.4936728666705783,0.5006014199378044,-0.0069285532672260786
22,3,23,band_0,16,0.5605335708529499,0.5565848072273826,0.0039487636255672864
22,3,26,band_0,16,0.4941201497617427,0.494571136827774,-0.00045098706603130534
22,3,32,band_0,16,0.5218923348461927,0.5100037821482603,0.01188855269793243
22,3,4,band_1,16,0.5586827982522796,0.5584572093465046,0.00022558890577506485
22,3,18,band_1,16,0.561003456064216,0.5636749895739999,-0.0026715335097838855
22,3,19,band_1,16,0.5183617308422251,0.5262220066635739,-0.007860275821348739
22,3,22,band_1,16,0.4936728666705783,0.507417512566254,-0.0137446458956757
22,3,23,band_1,16,0.5605335708529499,0.5518598634262204,0.00867370742672946
22,3,26,band_1,16,0.4941201497617427,0.48521953710006804,0.008900612661674634
22,3,32,band_1,16,0.5218923348461927,0.5298474533535048,-0.00795511850731212
22,3,4,band_2,16,0.5586827982522796,0.5448150170972644,0.01386778115501519
22,3,18,band_2,16,0.561003456064216,0.5459074336348959,0.015096022429320066
22,3,19,band_2,16,0.5183617308422251,0.49944118763443124,0.018920543207793905
22,3,22,band_2,16,0.4936728666705783,0.4835562987736901,0.010116567896888196
22,3,23,band_2,16,0.5605335708529499,0.5466513975484583,0.013882173304491596
22,3,26,band_2,16,0.4941201497617427,0.4913716814159292,0.002748468345813493
22,3,32,band_2,16,0.5218923348461927,0.5121911245587494,0.009701210287443307
22,3,4,band_3,16,0.5586827982522796,0.5630224164133739,-0.004339618161094294
22,3,18,band_3,16,0.561003456064216,0.5560609126156667,0.004942543448549275
22,3,19,band_3,16,0.5183617308422251,0.5249356838598119,-0.006573953017586787
22,3,22,band_3,16,0.4936728666705783,0.4948708169531968,-0.0011979502826184873
22,3,23,band_3,16,0.5605335708529499,0.5546676846078805,0.0058658862450693405
22,3,26,band_3,16,0.4941201497617427,0.4861640571817563,0.007956092579986362
22,3,32,band_3,16,0.5218923348461927,0.5245839636913767,-0.0026916288451840353
22,3,4,band_4,16,0.5586827982522796,0.5533873955167172,0.005295402735562393
22,3,18,band_4,16,0.561003456064216,0.5511658539203825,0.009837602143833446
22,3,19,band_4,16,0.5183617308422251,0.5325270971279152,-0.014165366285690095
22,3,22,band_4,16,0.4936728666705783,0.4843924191750279,0.009280447495550403
22,3,23,band_4,16,0.5605335708529499,0.5596046994952708,0.0009288713576790508
22,3,26,band_4,16,0.4941201497617427,0.5039482641252553,-0.009828114363512608
22,3,32,band_4,16,0.5218923348461927,0.5372352496217851,-0.015342914775592464
22,3,4,band_5,16,0.5586827982522796,0.5633133073708207,-0.004630509118541126
22,3,18,band_5,16,0.561003456064216,0.5623660620274751,-0.0013626059632591003
22,3,19,band_5,16,0.5183617308422251,0.5445152039137953,-0.02615347307157012
22,3,22,band_5,16,0.4936728666705783,0.49195661953099024,0.0017162471395880674
22,3,23,band_5,16,0.5605335708529499,0.55849768842516,0.002035882427789848
22,3,26,band_5,16,0.4941201497617427,0.4989788972089857,-0.004858747447243017
22,3,32,band_5,16,0.5218923348461927,0.517120524457892,0.004771810388300657
22,3,4,band_6,16,0.5586827982522796,0.587142619680851,-0.028459821428571397
22,3,18,band_6,16,0.561003456064216,0.5481970245640693,0.012806431500146709
22,3,19,band_6,16,0.5183617308422251,0.47125279406182785,0.04710893678039729
22,3,22,band_6,16,0.4936728666705783,0.49467034364059537,-0.0009974769700170638
22,3,23,band_6,16,0.5605335708529499,0.5641090893667557,-0.0035755185138058865
22,3,26,band_6,16,0.4941201497617427,0.4976940095302927,-0.003573859768550014
22,3,32,band_6,16,0.5218923348461927,0.4993192133131618,0.02257312153303087
22,3,4,band_7,16,0.5586827982522796,0.5612473879179332,-0.0025645896656535383
22,3,18,band_7,16,0.561003456064216,0.5721995350623289,-0.011196078998112924
22,3,19,band_7,16,0.5183617308422251,0.5078919067099659,0.010469824132259276
22,3,22,band_7,16,0.4936728666705783,0.49696356275303644,-0.0032906960824581333
22,3,23,band_7,16,0.5605335708529499,0.5587012766679391,0.001832294185010741
22,3,26,band_7,16,0.4941201497617427,0.5045524166099388,-0.010432266848196092
22,3,32,band_7,16,0.5218923348461927,0.5367876954109935,-0.014895360564800786
22,4,0,periocular_eog,6,0.49120108439415366,0.48695780292314944,0.004243281471004223
22,4,2,periocular_eog,6,0.5618166526492852,0.5548906644238856,0.006925988225399582
22,4,3,periocular_eog,6,0.5438386041439477,0.5464090979903412,-0.002570493846393518
22,4,6,periocular_eog,6,0.5193778434519175,0.5201868535201869,-0.000809010068269389
22,4,11,periocular_eog,6,0.4776054183963295,0.4797174277183016,-0.0021120093219721414
22,4,25,periocular_eog,6,0.4805826118326118,0.49754689754689757,-0.016964285714285765
22,4,35,periocular_eog,6,0.5068377646479567,0.49021418020679475,0.016623584441161965
22,4,0,frontal_polar,8,0.49120108439415366,0.4904290429042904,0.0007720414898632622
22,4,2,frontal_polar,8,0.5618166526492852,0.5769428090832632,-0.015126156433978077
22,4,3,frontal_polar,8,0.5438386041439477,0.5369216388845615,0.006916965259386232
22,4,6,frontal_polar,8,0.5193778434519175,0.5236294495553755,-0.004251606103457983
22,4,11,frontal_polar,8,0.4776054183963295,0.4740914718520137,0.003513946544315749
22,4,25,frontal_polar,8,0.4805826118326118,0.4850018037518038,-0.004419191919191989
22,4,35,frontal_polar,8,0.5068377646479567,0.5044620876415559,0.0023756770064008448
22,4,0,non_periocular,114,0.49120108439415366,0.49570367751060823,-0.004502593116454567
22,4,2,non_periocular,114,0.5618166526492852,0.5032380151387721,0.058578637510513065
22,4,3,non_periocular,114,0.5438386041439477,0.5353845354935868,0.008454068650360913
22,4,6,non_periocular,114,0.5193778434519175,0.5274414626266478,-0.008063619174730308
22,4,11,non_periocular,114,0.4776054183963295,0.4965406743864249,-0.018935255990095434
22,4,25,non_periocular,114,0.4805826118326118,0.42803932178932186,0.05254329004328995
22,4,35,non_periocular,114,0.5068377646479567,0.5634354997538159,-0.05659773510585919
22,4,0,vertex_ring,6,0.49120108439415366,0.49171381423856675,-0.0005127298444130846
22,4,2,vertex_ring,6,0.5618166526492852,0.5619343986543314,-0.00011774600504621535
22,4,3,vertex_ring,6,0.5438386041439477,0.5423638157553098,0.0014747883886379043
22,4,6,vertex_ring,6,0.5193778434519175,0.5230296434000138,-0.0036517999480962793
22,4,11,vertex_ring,6,0.4776054183963295,0.4793897021338577,-0.0017842837375282028
22,4,25,vertex_ring,6,0.4805826118326118,0.4757575757575757,0.004825036075036093
22,4,35,vertex_ring,6,0.5068377646479567,0.5103828163466272,-0.003545051698670476
22,4,0,left_temporal,8,0.49120108439415366,0.4982673267326733,-0.007066242338519657
22,4,2,left_temporal,8,0.5618166526492852,0.5592136248948697,0.0026030277544154545
22,4,3,left_temporal,8,0.5438386041439477,0.5450641325232383,-0.0012255283792905747
22,4,6,left_temporal,8,0.5193778434519175,0.5165363776474888,0.002841465804428678
22,4,11,left_temporal,8,0.4776054183963295,0.44619838322045013,0.03140703517587934
22,4,25,left_temporal,8,0.4805826118326118,0.47224025974025974,0.008342352092352068
22,4,35,left_temporal,8,0.5068377646479567,0.5041051206302315,0.0027326440177252165
22,4,0,right_temporal,8,0.49120108439415366,0.5000412541254126,-0.008840169731258896
22,4,2,right_temporal,8,0.5618166526492852,0.542094196804037,0.01972245584524812
22,4,3,right_temporal,8,0.5438386041439477,0.5110920704159526,0.032746533727995075
22,4,6,right_temporal,8,0.5193778434519175,0.5138855787003935,0.005492264751523979
22,4,11,right_temporal,8,0.4776054183963295,0.48942174641322556,-0.011816328016896083
22,4,25,right_temporal,8,0.4805826118326118,0.46800144300144303,0.012581168831168776
22,4,35,right_temporal,8,0.5068377646479567,0.5110290497291975,-0.004191285081240781
22,4,0,occipital,9,0.49120108439415366,0.5008545497406883,-0.009653465346534662
22,4,2,occipital,9,0.5618166526492852,0.5632296047098402,-0.0014129520605550283
22,4,3,occipital,9,0.5438386041439477,0.5499454743729553,-0.006106870229007577
22,4,6,occipital,9,0.5193778434519175,0.5372118149895928,-0.017833971537675297
22,4,11,occipital,9,0.4776054183963295,0.4644781880416576,0.013127230354671893
22,4,25,occipital,9,0.4805826118326118,0.4764610389610389,0.004121572871572887
22,4,35,occipital,9,0.5068377646479567,0.5000184638109306,0.006819300837026088
22,4,0,band_0,16,0.49120108439415366,0.49144860914662897,-0.00024752475247530326
22,4,2,band_0,16,0.5618166526492852,0.5606854499579479,0.001131202691337263
22,4,3,band_0,16,0.5438386041439477,0.5390455418808745,0.004793062263073189
22,4,6,band_0,16,0.5193778434519175,0.5139756158274678,0.005402227624449751
22,4,11,band_0,16,0.4776054183963295,0.48131964168669433,-0.0037142232903648598
22,4,25,band_0,16,0.4805826118326118,0.48447871572871576,-0.003896103896103953
22,4,35,band_0,16,0.5068377646479567,0.5098781388478582,-0.003040374199901441
22,4,0,band_1,16,0.49120108439415366,0.49405940594059405,-0.00285832154644039
22,4,2,band_1,16,0.5618166526492852,0.565340622371741,-0.003523969722455833
22,4,3,band_1,16,0.5438386041439477,0.556234096692112,-0.0123954925481643
22,4,6,band_1,16,0.5193778434519175,0.5235500050314865,-0.0041721615795690115
22,4,11,band_1,16,0.4776054183963295,0.47587575558954187,0.0017296628067876019
22,4,25,band_1,16,0.4805826118326118,0.4819264069264069,-0.0013437950937951193
22,4,35,band_1,16,0.5068377646479567,0.4972304283604136,0.009607336287543122
22,4,0,band_2,16,0.49120108439415366,0.4873644507307874,0.0038366336633662845
22,4,2,band_2,16,0.5618166526492852,0.5341505466778806,0.02766610597140451
22,4,3,band_2,16,0.5438386041439477,0.5511450381679389,-0.007306434023991226
22,4,6,band_2,16,0.5193778434519175,0.5113248168803725,0.008053026571545052
22,4,11,band_2,16,0.4776054183963295,0.5345932561357513,-0.05698783773942179
22,4,25,band_2,16,0.4805826118326118,0.4710588023088023,0.00952380952380949
22,4,35,band_2,16,0.5068377646479567,0.4997415066469719,0.00709625800098479
22,4,0,band_3,16,0.49120108439415366,0.48876119754832625,0.0024398868458274103
22,4,2,band_3,16,0.5618166526492852,0.5728721614802355,-0.0110555088309503
22,4,3,band_3,16,0.5438386041439477,0.5594692838967648,-0.015630679752817067
22,4,6,band_3,16,0.5193778434519175,0.5270362955548141,-0.007658452102896618
22,4,11,band_3,16,0.4776054183963295,0.44177408783045663,0.03583133056587284
22,4,25,band_3,16,0.4805826118326118,0.4903138528138528,-0.009731240981241007
22,4,35,band_3,16,0.5068377646479567,0.5281573116691285,-0.02131954702117178
22,4,0,band_4,16,0.49120108439415366,0.5133132956152758,-0.02211221122112217
22,4,2,band_4,16,0.5618166526492852,0.5515180824222035,0.010298570227081694
22,4,3,band_4,16,0.5438386041439477,0.5469180038427585,-0.0030793996988107697
22,4,6,band_4,16,0.5193778434519175,0.5289442882035474,-0.009566444751629932
22,4,11,band_4,16,0.4776054183963295,0.47904376957250017,-0.0014383511761706935
22,4,25,band_4,16,0.4805826118326118,0.4765963203463204,0.003986291486291427
22,4,35,band_4,16,0.5068377646479567,0.5033173313638601,0.003520433284096569
22,4,0,band_5,16,0.49120108439415366,0.47697430457331447,0.014226779820839197
22,4,2,band_5,16,0.5618166526492852,0.5666316232127838,-0.004814970563498666
22,4,3,band_5,16,0.5438386041439477,0.5411227086254349,0.002715895518512812
22,4,6,band_5,16,0.5193778434519175,0.5211931508227805,-0.0018153073708629952
22,4,11,band_5,16,0.4776054183963295,0.49206175806569086,-0.014456339669361384
22,4,25,band_5,16,0.4805826118326118,0.4864177489177489,-0.00583513708513711
22,4,35,band_5,16,0.5068377646479567,0.4957717872968981,0.011065977351058631
22,4,0,band_6,16,0.49120108439415366,0.5016678453559641,-0.010466760961810428
22,4,2,band_6,16,0.5618166526492852,0.5490832632464255,0.012733389402859618
22,4,3,band_6,16,0.5438386041439477,0.5079815132159734,0.03585709092797429
22,4,6,band_6,16,0.5193778434519175,0.5174433692952212,0.001934474156696342
22,4,11,band_6,16,0.4776054183963295,0.4908600975893962,-0.01325467919306672
22,4,25,band_6,16,0.4805826118326118,0.454752886002886,0.025829725829725814
22,4,35,band_6,16,0.5068377646479567,0.5280526834071886,-0.02121491875923187
22,4,0,band_7,16,0.49120108439415366,0.49021687883074017,0.0009842055634134983
22,4,2,band_7,16,0.5618166526492852,0.5453490328006729,0.016467619848612225
22,4,3,band_7,16,0.5438386041439477,0.5323207145453601,0.011517889598587572
22,4,6,band_7,16,0.5193778434519175,0.5055266907118758,0.013851152740041672
22,4,11,band_7,16,0.4776054183963295,0.4774961765348481,0.00010924186148136839
22,4,25,band_7,16,0.4805826118326118,0.5053120490620491,-0.024729437229437268
22,4,35,band_7,16,0.5068377646479567,0.5047882816346627,0.0020494830132939956
33,0,6,periocular_eog,6,0.5452516008071564,0.5413310135532358,0.003920587253920638
33,0,8,periocular_eog,6,0.48445039754091324,0.4857297408685797,-0.0012793433276664379
33,0,10,periocular_eog,6,0.5821929281995774,0.5771674140508222,0.0050255141487551835
33,0,17,periocular_eog,6,0.5693188417821289,0.573959061762928,-0.00464021998079911
33,0,20,periocular_eog,6,0.5162467796763046,0.5247788758040239,-0.008532096127719324
33,0,23,periocular_eog,6,0.5610976799423166,0.5682699240785511,-0.007172244136234518
33,0,33,periocular_eog,6,0.45417156286721505,0.3910105757931845,0.06316098707403056
33,0,35,periocular_eog,6,0.5960487444608566,0.5957779419005416,0.00027080256031508654
33,0,6,frontal_polar,8,0.5452516008071564,0.5482188537744094,-0.0029672529672529757
33,0,8,frontal_polar,8,0.48445039754091324,0.4942772998128209,-0.00982690227190769
33,0,10,frontal_polar,8,0.5821929281995774,0.5825021906087315,-0.00030926240915418735
33,0,17,frontal_polar,8,0.5693188417821289,0.5636652404262128,0.0056536013559160825
33,0,20,frontal_polar,8,0.5162467796763046,0.5227268883639911,-0.006480108687686448
33,0,23,frontal_polar,8,0.5610976799423166,0.5439623361750858,0.017135343767230804
33,0,33,frontal_polar,8,0.45417156286721505,0.5176263219741482,-0.0634547591069331
33,0,35,frontal_polar,8,0.5960487444608566,0.5957840965041852,0.000264647956671471
33,0,6,non_periocular,114,0.5452516008071564,0.5031671883523735,0.042084412454782893
33,0,8,non_periocular,114,0.48445039754091324,0.48776037641886905,-0.0033099788779558104
33,0,10,non_periocular,114,0.5821929281995774,0.46725039946394514,0.11494252873563221
33,0,17,non_periocular,114,0.5693188417821289,0.4950871745030875,0.0742316672790414
33,0,20,non_periocular,114,0.5162467796763046,0.4751111962974029,0.04113558337890172
33,0,23,non_periocular,114,0.5610976799423166,0.5134453068668617,0.04765237307545489
33,0,33,non_periocular,114,0.45417156286721505,0.48619271445358403,-0.03202115158636898
33,0,35,non_periocular,114,0.5960487444608566,0.5310499753815854,0.06499876907927127
33,0,6,vertex_ring,6,0.5452516008071564,0.5461400553993147,-0.0008884545921582498
33,0,8,vertex_ring,6,0.48445039754091324,0.48954201226108907,-0.00509161472017583
33,0,10,vertex_ring,6,0.5821929281995774,0.5788425854337406,0.003350342765836789
33,0,17,vertex_ring,6,0.5693188417821289,0.5640741487003827,0.005244693081746132
33,0,20,vertex_ring,6,0.5162467796763046,0.5126445269999831,0.003602252676321527
33,0,23,vertex_ring,6,0.5610976799423166,0.5621368282648345,-0.0010391483225178355
33,0,33,vertex_ring,6,0.45417156286721505,0.4394829612220917,0.014688601645123367
33,0,35,vertex_ring,6,0.5960487444608566,0.5975812407680945,-0.0015324963072378406
33,0,6,left_temporal,8,0.5452516008071564,0.5475131215871957,-0.0022615207800392723
33,0,8,left_temporal,8,0.48445039754091324,0.4859272233956692,-0.0014768258547559476
33,0,10,left_temporal,8,0.5821929281995774,0.5660726251224164,0.016120303077160947
33,0,17,left_temporal,8,0.5693188417821289,0.5594517073401998,0.009867134441929104
33,0,20,left_temporal,8,0.5162467796763046,0.508300965674309,0.007945814001995566
33,0,23,left_temporal,8,0.5610976799423166,0.5598040463163252,0.0012936336259914416
33,0,33,left_temporal,8,0.45417156286721505,0.4418331374853114,0.012338425381903662
33,0,35,left_temporal,8,0.5960487444608566,0.5943623830625308,0.0016863613983258974
33,0,6,right_temporal,8,0.5452516008071564,0.5401393456949013,0.005112255112255104
33,0,8,right_temporal,8,0.48445039754091324,0.48023028179898,0.004220115741933261
33,0,10,right_temporal,8,0.5821929281995774,0.5784109066542962,0.003782021545281178
33,0,17,right_temporal,8,0.5693188417821289,0.5555285583909163,0.013790283391212577
33,0,20,right_temporal,8,0.5162467796763046,0.5150093861513397,0.0012373935249648804
33,0,23,right_temporal,8,0.5610976799423166,0.5603723968274166,0.0007252831149000549
33,0,33,right_temporal,8,0.45417156286721505,0.4388954171562867,0.015276145710928335
33,0,35,right_temporal,8,0.5960487444608566,0.6013786312161498,-0.005329886755293112
33,0,6,occipital,9,0.5452516008071564,0.5484095206317429,-0.0031579198245864637
33,0,8,occipital,9,0.48445039754091324,0.5111663489773839,-0.026715951436470653
33,0,10,occipital,9,0.5821929281995774,0.5675802793670429,0.014612648832534436
33,0,17,occipital,9,0.5693188417821289,0.5714463500491875,-0.002127508267058653
33,0,20,occipital,9,0.5162467796763046,0.5027932960893855,0.013453483586919113
33,0,23,occipital,9,0.5610976799423166,0.5472027823726513,0.013894897569665332
33,0,33,occipital,9,0.45417156286721505,0.4488836662749706,0.005287896592244434
33,0,35,occipital,9,0.5960487444608566,0.5843980797636632,0.011650664697193447
33,0,6,band_0,16,0.5452516008071564,0.5377507136766396,0.007500887130516776
33,0,8,band_0,16,0.48445039754091324,0.48682877406281655,-0.0023783765219033137
33,0,10,band_0,16,0.5821929281995774,0.5783464769857224,0.0038464512138549622
33,0,17,band_0,16,0.5693188417821289,0.5609273328513352,0.008391508930793656
33,0,20,band_0,16,0.5162467796763046,0.513755080641979,0.0024916990343256673
33,0,23,band_0,16,0.5610976799423166,0.5591423845272936,0.0019552954150230395
33,0,33,band_0,16,0.45417156286721505,0.42831962397179785,0.025851938895417204
33,0,35,band_0,16,0.5960487444608566,0.5982336287543083,-0.00218488429345165
33,0,6,band_1,16,0.5452516008071564,0.5448742393186838,0.0003773614884725607
33,0,8,band_1,16,0.48445039754091324,0.49843731217694437,-0.013986914636031134
33,0,10,band_1,16,0.5821929281995774,0.5758594917787743,0.006333436420803085
33,0,17,band_1,16,0.5693188417821289,0.5714819072904197,-0.002163065508290818
33,0,20,band_1,16,0.5162467796763046,0.5211850791199004,-0.004938299443595806
33,0,23,band_1,16,0.5610976799423166,0.5357127709208127,0.02538490902150392
33,0,33,band_1,16,0.45417156286721505,0.4870740305522914,-0.032902467685076375
33,0,35,band_1,16,0.5960487444608566,0.5970519448547513,-0.0010032003938946765
33,0,6,band_2,16,0.5452516008071564,0.5462909999947038,-0.001039399187547363
33,0,8,band_2,16,0.48445039754091324,0.4839180533374547,0.0005323442034585457
33,0,10,band_2,16,0.5821929281995774,0.5706406886242977,0.011552239575279621
33,0,17,band_2,16,0.5693188417821289,0.5673572673074871,0.0019615744746417363
33,0,20,band_2,16,0.5162467796763046,0.5151897806515623,0.0010569990247423222
33,0,23,band_2,16,0.5610976799423166,0.5614751664758028,-0.0003774865334861266
33,0,33,band_2,16,0.45417156286721505,0.46650998824911866,-0.012338425381903606
33,0,35,band_2,16,0.5960487444608566,0.5946147218119153,0.0014340226489413244
33,0,6,band_3,16,0.5452516008071564,0.5418765326172734,0.0033750681898829793
33,0,8,band_3,16,0.48445039754091324,0.48048357460546426,0.003966822935448977
33,0,10,band_3,16,0.5821929281995774,0.5666718210401526,0.015521107159424785
33,0,17,band_3,16,0.5693188417821289,0.5706226072939755,-0.001303765511846633
33,0,20,band_3,16,0.5162467796763046,0.5124331271950346,0.003813652481269969
33,0,23,band_3,16,0.5610976799423166,0.5570640878822581,0.0040335920600584885
33,0,33,band_3,16,0.45417156286721505,0.4650411280846063,-0.010869565217391242
33,0,35,band_3,16,0.5960487444608566,0.5641740521910389,0.03187469226981776
33,0,6,band_4,16,0.5452516008071564,0.5449907579537209,0.0002608428534355278
33,0,8,band_4,16,0.48445039754091324,0.5048769597994265,-0.020426562258513248
33,0,10,band_4,16,0.5821929281995774,0.5802793670429359,0.0019135611566414301
33,0,17,band_4,16,0.5693188417821289,0.5785933555368551,-0.00927451375472621
33,0,20,band_4,16,0.5162467796763046,0.5069705562351668,0.009276223441137765
33,0,23,band_4,16,0.5610976799423166,0.5595665266997497,0.0015311532425669183
33,0,33,band_4,16,0.45417156286721505,0.44300822561692127,0.011163337250293781
33,0,35,band_4,16,0.5960487444608566,0.5833271787296899,0.012721565731166784
33,0,6,band_5,16,0.5452516008071564,0.5464604816456669,-0.001208880838510451
33,0,8,band_5,16,0.48445039754091324,0.49444043755259043,-0.009990040011677193
33,0,10,band_5,16,0.5821929281995774,0.5744098242358642,0.007783103963713178
33,0,17,band_5,16,0.5693188417821289,0.5763532493392279,-0.007034407557099054
33,0,20,band_5,16,0.5162467796763046,0.502176008658936,0.014070771017368644
33,0,23,band_5,16,0.5610976799423166,0.5622767951817449,-0.0011791152394282634
33,0,33,band_5,16,0.45417156286721505,0.42097532314923614,0.033196239717978915
33,0,35,band_5,16,0.5960487444608566,0.5824655342195963,0.013583210241260302
33,0,6,band_6,16,0.5452516008071564,0.5498249572323647,-0.004573356425208286
33,0,8,band_6,16,0.48445039754091324,0.4820634348221799,0.002386962718733343
33,0,10,band_6,16,0.5821929281995774,0.550029637647544,0.032163290552033375
33,0,17,band_6,16,0.5693188417821289,0.5635881997368765,0.005730642045252421
33,0,20,band_6,16,0.5162467796763046,0.5208440207679168,-0.004597241091612192
33,0,23,band_6,16,0.5610976799423166,0.5724562073206939,-0.011358527378377281
33,0,33,band_6,16,0.45417156286721505,0.49177438307873095,-0.0376028202115159
33,0,35,band_6,16,0.5960487444608566,0.6020433284096505,-0.005994583948793819
33,0,6,band_7,16,0.5452516008071564,0.5373428984540096,0.00790870235314678
33,0,8,band_7,16,0.48445039754091324,0.4770018717909089,0.00744852575000432
33,0,10,band_7,16,0.5821929281995774,0.590955363125612,-0.008762434926034679
33,0,17,band_7,16,0.5693188417821289,0.5528380604710149,0.016480781311113968
33,0,20,band_7,16,0.5162467796763046,0.5404534666749348,-0.024206686998630156
33,0,23,band_7,16,0.5610976799423166,0.5557746956779913,0.0053229842643253145
33,0,33,band_7,16,0.45417156286721505,0.4118683901292597,0.042303172737955363
33,0,35,band_7,16,0.5960487444608566,0.5857828655834564,0.01026587887740027
33,1,1,periocular_eog,6,0.5501000181851246,0.5108656119294417,0.03923440625568286
33,1,7,periocular_eog,6,0.5201609725341845,0.5139791937581274,0.006181778776057079
33,1,11,periocular_eog,6,0.47037724856164886,0.4966863302017333,-0.026309081640084442
33,1,14,periocular_eog,6,0.4971080413297394,0.48703532120395326,0.010072720125786139
33,1,15,periocular_eog,6,0.5261674610994239,0.5392467534773075,-0.013079292377883633
33,1,21,periocular_eog,6,0.5395557339756456,0.5348900486194745,0.004665685356171068
33,1,32,periocular_eog,6,0.5373676248108925,0.5344238527483611,0.00294377206253138
33,1,1,frontal_polar,8,0.5501000181851246,0.5707855973813422,-0.020685579196217607
33,1,7,frontal_polar,8,0.5201609725341845,0.5029505063640305,0.017210466170153982
33,1,11,frontal_polar,8,0.47037724856164886,0.45825140193722236,0.012125846624426506
33,1,14,frontal_polar,8,0.4971080413297394,0.5001333670260557,-0.0030253256963163055
33,1,15,frontal_polar,8,0.5261674610994239,0.5313911893412866,-0.00522372824186268
33,1,21,frontal_polar,8,0.5395557339756456,0.5327088630179758,0.006846870957669782
33,1,32,frontal_polar,8,0.5373676248108925,0.5373234997478568,4.412506303574926e-05
33,1,1,non_periocular,114,0.5501000181851246,0.5615111838516094,-0.011411165666484813
33,1,7,non_periocular,114,0.5201609725341845,0.5408292942428183,-0.020668321708633863
33,1,11,non_periocular,114,0.47037724856164886,0.48608986963804524,-0.01571262107639637
33,1,14,non_periocular,114,0.4971080413297394,0.5042817834681043,-0.007173742138364858
33,1,15,non_periocular,114,0.5261674610994239,0.43160333395467737,0.09456412714474655
33,1,21,non_periocular,114,0.5395557339756456,0.4954369061956376,0.044118827780007974
33,1,32,non_periocular,114,0.5373676248108925,0.5243444276348965,0.013023197175995982
33,1,1,vertex_ring,6,0.5501000181851246,0.5399163484269867,0.010183669758137892
33,1,7,vertex_ring,6,0.5201609725341845,0.521919454624266,-0.001758482090081559
33,1,11,vertex_ring,6,0.47037724856164886,0.4767314835044789,-0.00635423494283005
33,1,14,vertex_ring,6,0.4971080413297394,0.49988067160826594,-0.0027726302785265333
33,1,15,vertex_ring,6,0.5261674610994239,0.5240149477627176,0.0021525133367062965
33,1,21,vertex_ring,6,0.5395557339756456,0.5367545385610419,0.0028011954146036633
33,1,32,vertex_ring,6,0.5373676248108925,0.5406076651538073,-0.0032400403429148072
33,1,1,left_temporal,8,0.5501000181851246,0.5676486633933443,-0.01754864520821975
33,1,7,left_temporal,8,0.5201609725341845,0.5229341529731646,-0.0027731804389801162
33,1,11,left_temporal,8,0.47037724856164886,0.4673184764401719,0.0030587721214769825
33,1,14,left_temporal,8,0.4971080413297394,0.5050960242587601,-0.007987982929020698
33,1,15,left_temporal,8,0.5261674610994239,0.5264559422682609,-0.0002884811688369515
33,1,21,left_temporal,8,0.5395557339756456,0.5481198983005486,-0.008564164324903034
33,1,32,left_temporal,8,0.5373676248108925,0.5404942007060011,-0.003126575895108563
33,1,1,right_temporal,8,0.5501000181851246,0.5533733406073831,-0.003273322422258529
33,1,7,right_temporal,8,0.5201609725341845,0.5400165504196713,-0.019855577885486864
33,1,11,right_temporal,8,0.47037724856164886,0.4867089068531061,-0.01633165829145722
33,1,14,right_temporal,8,0.4971080413297394,0.5101007973944295,-0.01299275606469008
33,1,15,right_temporal,8,0.5261674610994239,0.5320702296310104,-0.005902768531586444
33,1,21,right_temporal,8,0.5395557339756456,0.5347740755609082,0.004781658414737433
33,1,32,right_temporal,8,0.5373676248108925,0.5327723146747352,0.004595310136157327
33,1,1,occipital,9,0.5501000181851246,0.540143662484088,0.00995635570103659
33,1,7,occipital,9,0.5201609725341845,0.5241705087283761,-0.004009536194191643
33,1,11,occipital,9,0.47037724856164886,0.47059573228461155,-0.00021848372296268126
33,1,14,occipital,9,0.4971080413297394,0.4930508760107817,0.004057165318957723
33,1,15,occipital,9,0.5261674610994239,0.5265402675329978,-0.0003728064335738468
33,1,21,occipital,9,0.5395557339756456,0.5329586511441188,0.006597082831526824
33,1,32,occipital,9,0.5373676248108925,0.537096570852244,0.0002710539586484595
33,1,1,band_0,16,0.5501000181851246,0.5369612656846698,0.013138752500454709
33,1,7,band_0,16,0.5201609725341845,0.5080880324703472,0.0120729400638373
33,1,11,band_0,16,0.47037724856164886,0.4690481392469595,0.0013291093146893806
33,1,14,band_0,16,0.4971080413297394,0.49821709344115006,-0.0011090521114106577
33,1,15,band_0,16,0.5261674610994239,0.5244942703201697,0.0016731907792542078
33,1,21,band_0,16,0.5395557339756456,0.5209242160667291,0.018631517908916484
33,1,32,band_0,16,0.5373676248108925,0.5292107917297024,0.008156833081190085
33,1,1,band_1,16,0.5501000181851246,0.5532824149845427,-0.003182396799418119
33,1,7,band_1,16,0.5201609725341845,0.5122207116680458,0.007940260866138638
33,1,11,band_1,16,0.47037724856164886,0.47401864394435944,-0.003641395382710577
33,1,14,band_1,16,0.4971080413297394,0.4929526055705301,0.004155435759209292
33,1,15,band_1,16,0.5261674610994239,0.5235844450953763,0.0025830160040476446
33,1,21,band_1,16,0.5395557339756456,0.524403407823721,0.015152326151924633
33,1,32,band_1,16,0.5373676248108925,0.5490292486132122,-0.01166162380231972
33,1,1,band_2,16,0.5501000181851246,0.5505091834879069,-0.00040916530278234386
33,1,7,band_2,16,0.5201609725341845,0.5082801355558182,0.011880836978366283
33,1,11,band_2,16,0.47037724856164886,0.4532626902629088,0.01711455829874009
33,1,14,band_2,16,0.4971080413297394,0.4942581985624438,0.0028498427672956073
33,1,15,band_2,16,0.5261674610994239,0.519354867343044,0.006812593756379881
33,1,21,band_2,16,0.5395557339756456,0.5385833444845889,0.0009723894910567132
33,1,32,band_2,16,0.5373676248108925,0.5412884518406456,-0.003920827029753049
33,1,1,band_3,16,0.5501000181851246,0.5408256046553919,0.009274413529732684
33,1,7,band_3,16,0.5201609725341845,0.5216189856957087,-0.0014580131615242742
33,1,11,band_3,16,0.47037724856164886,0.4644963950185711,0.005880853543077769
33,1,14,band_3,16,0.4971080413297394,0.5106904200359389,-0.013582378706199494
33,1,15,band_3,16,0.5261674610994239,0.49457211585403743,0.031595345245386486
33,1,21,band_3,16,0.5395557339756456,0.5529907667603372,-0.013435032784691603
33,1,32,band_3,16,0.5373676248108925,0.5365985879979829,0.0007690368129096292
33,1,1,band_4,16,0.5501000181851246,0.5390070921985815,0.0110929259865431
33,1,7,band_4,16,0.5201609725341845,0.5108858415100288,0.00927513102415567
33,1,11,band_4,16,0.47037724856164886,0.47711383001966357,-0.006736581458014701
33,1,14,band_4,16,0.4971080413297394,0.49373876909254266,0.003369272237196741
33,1,15,band_4,16,0.5261674610994239,0.5226879343860676,0.0034795267133562735
33,1,21,band_4,16,0.5395557339756456,0.5256612694589411,0.013894464516704508
33,1,32,band_4,16,0.5373676248108925,0.5375630358043368,-0.00019541099344433377
33,1,1,band_5,16,0.5501000181851246,0.5629205310056374,-0.012820512820512886
33,1,7,band_5,16,0.5201609725341845,0.5211658194428026,-0.0010048469086181289
33,1,11,band_5,16,0.47037724856164886,0.47219794625300415,-0.0018206976913552886
33,1,14,band_5,16,0.4971080413297394,0.5065279649595688,-0.009419923629829352
33,1,15,band_5,16,0.5261674610994239,0.5368989605801578,-0.01073149948073393
33,1,21,band_5,16,0.5395557339756456,0.5363129488380391,0.003242785137606452
33,1,32,band_5,16,0.5373676248108925,0.537481089258699,-0.00011346444780646614
33,1,1,band_6,16,0.5501000181851246,0.570058192398618,-0.01995817421349344
33,1,7,band_6,16,0.5201609725341845,0.5387604917838988,-0.01859951924971437
33,1,11,band_6,16,0.47037724856164886,0.4916976185274198,-0.021320369965770913
33,1,14,band_6,16,0.4971080413297394,0.48994131850853556,0.007166722821203841
33,1,15,band_6,16,0.5261674610994239,0.5390337212295511,-0.01286626013012715
33,1,21,band_6,16,0.5395557339756456,0.553102279316651,-0.013546545341005412
33,1,32,band_6,16,0.5373676248108925,0.5388993948562784,-0.0015317700453858496
33,1,1,band_7,16,0.5501000181851246,0.5243680669212585,0.02573195126386607
33,1,7,band_7,16,0.5201609725341845,0.5262737912282776,-0.006112818694093081
33,1,11,band_7,16,0.47037724856164886,0.48714587429903144,-0.01676862573738258
33,1,14,band_7,16,0.4971080413297394,0.4917312443845463,0.0053767969451931075
33,1,15,band_7,16,0.5261674610994239,0.5242057891513328,0.0019616719480911593
33,1,21,band_7,16,0.5395557339756456,0.5157857174717873,0.02377001650385835
33,1,32,band_7,16,0.5373676248108925,0.526525466464952,0.010842158345940489
33,2,0,periocular_eog,6,0.47692715700141447,0.4764026402640264,0.0005245167373880699
33,2,3,periocular_eog,6,0.5156358726696786,0.5218414083190528,-0.006205535649374205
33,2,4,periocular_eog,6,0.5668633643617021,0.5636279445288753,0.0032354198328268247
33,2,19,periocular_eog,6,0.44850491333136516,0.44477774028931716,0.0037271730420480043
33,2,25,periocular_eog,6,0.5092622655122655,0.5113726551226552,-0.0021103896103896735
33,2,29,periocular_eog,6,0.5105268703898841,0.4960010537407798,0.014525816649104295
33,2,31,periocular_eog,6,0.5212614568258562,0.514387361312108,0.00687409551374818
33,2,0,frontal_polar,8,0.47692715700141447,0.4758132956152758,0.0011138613861386704
33,2,3,frontal_polar,8,0.5156358726696786,0.5159474476813626,-0.0003115750116839955
33,2,4,frontal_polar,8,0.5668633643617021,0.5704787234042553,-0.003615359042553168
33,2,19,frontal_polar,8,0.44850491333136516,0.44682847623465904,0.0016764370967061182
33,2,25,frontal_polar,8,0.5092622655122655,0.5168740981240981,-0.007611832611832625
33,2,29,frontal_polar,8,0.5105268703898841,0.5101369863013698,0.0003898840885142585
33,2,31,frontal_polar,8,0.5212614568258562,0.5149240231548481,0.006337433671008141
33,2,0,non_periocular,114,0.47692715700141447,0.5004950495049505,-0.023567892503536025
33,2,3,non_periocular,114,0.5156358726696786,0.4896089733603365,0.0260268993093421
33,2,4,non_periocular,114,0.5668633643617021,0.5003502564589666,0.06651310790273557
33,2,19,non_periocular,114,0.44850491333136516,0.5343616886677071,-0.0858567753363419
33,2,25,non_periocular,114,0.5092622655122655,0.45706168831168836,0.052200577200577136
33,2,29,non_periocular,114,0.5105268703898841,0.504799789251844,0.005727081138040102
33,2,31,non_periocular,114,0.5212614568258562,0.5126929570670525,0.008568499758803694
33,2,0,vertex_ring,6,0.47692715700141447,0.4725247524752475,0.00440240452616697
33,2,3,vertex_ring,6,0.5156358726696786,0.5108272316560212,0.004808641013657411
33,2,4,vertex_ring,6,0.5668633643617021,0.5575489171732523,0.00931444718844987
33,2,19,vertex_ring,6,0.44850491333136516,0.44650689553371853,0.001998017797646634
33,2,25,vertex_ring,6,0.5092622655122655,0.5114267676767676,-0.0021645021645021467
33,2,29,vertex_ring,6,0.5105268703898841,0.5107060063224447,-0.00017913593256058125
33,2,31,vertex_ring,6,0.5212614568258562,0.5283827785817655,-0.007121321755909293
33,2,0,left_temporal,8,0.47692715700141447,0.47305516265912306,0.003871994342291407
33,2,3,left_temporal,8,0.5156358726696786,0.5171366256426235,-0.001500752972944941
33,2,4,left_temporal,8,0.5668633643617021,0.5488696808510638,0.017993683510638347
33,2,19,left_temporal,8,0.44850491333136516,0.44877377588461054,-0.0002688625532453748
33,2,25,left_temporal,8,0.5092622655122655,0.5070436507936508,0.002218614718614731
33,2,29,left_temporal,8,0.5105268703898841,0.5100579557428873,0.00046891464699683194
33,2,31,left_temporal,8,0.5212614568258562,0.5515738060781477,-0.030312349252291426
33,2,0,right_temporal,8,0.47692715700141447,0.46849952852428095,0.00842762847713352
33,2,3,right_temporal,8,0.5156358726696786,0.5169081373007218,-0.0012722646310432406
33,2,4,right_temporal,8,0.5668633643617021,0.5928060885258359,-0.02594272416413379
33,2,19,right_temporal,8,0.44850491333136516,0.49137531103707144,-0.042870397705706276
33,2,25,right_temporal,8,0.5092622655122655,0.4926136363636363,0.01664862914862919
33,2,29,right_temporal,8,0.5105268703898841,0.504799789251844,0.005727081138040102
33,2,31,right_temporal,8,0.5212614568258562,0.5219247467438495,-0.0006632899179932483
33,2,0,occipital,9,0.47692715700141447,0.47230080150872233,0.004626355492692136
33,2,3,occipital,9,0.5156358726696786,0.5112270862543491,0.004408786415329491
33,2,4,occipital,9,0.5668633643617021,0.5650942724164134,0.0017690919452887366
33,2,19,occipital,9,0.44850491333136516,0.44323309856184895,0.005271814769516214
33,2,25,occipital,9,0.5092622655122655,0.4923971861471862,0.016865079365079305
33,2,29,occipital,9,0.5105268703898841,0.5150684931506849,-0.004541622760800834
33,2,31,occipital,9,0.5212614568258562,0.5191027496382055,0.0021587071876507657
33,2,0,band_0,16,0.47692715700141447,0.48414662894860916,-0.007219471947194689
33,2,3,band_0,16,0.5156358726696786,0.5040037389001402,0.011632133769538422
33,2,4,band_0,16,0.5668633643617021,0.5843346314589666,-0.01747126709726443
33,2,19,band_0,16,0.44850491333136516,0.44719750326852514,0.0013074100628400198
33,2,25,band_0,16,0.5092622655122655,0.5175685425685426,-0.008306277056277067
33,2,29,band_0,16,0.5105268703898841,0.5141043203371971,-0.003577449947313016
33,2,31,band_0,16,0.5212614568258562,0.5082609744331885,0.013000482392667712
33,2,0,band_1,16,0.47692715700141447,0.4675388967468175,0.009388260254596992
33,2,3,band_1,16,0.5156358726696786,0.5146128680479826,0.001023004621696022
33,2,4,band_1,16,0.5668633643617021,0.5573530110182371,0.009510353343465061
33,2,19,band_1,16,0.44850491333136516,0.44420838429420945,0.004296529037155716
33,2,25,band_1,16,0.5092622655122655,0.5100739538239538,-0.0008116883116883189
33,2,29,band_1,16,0.5105268703898841,0.496222339304531,0.014304531085353067
33,2,31,band_1,16,0.5212614568258562,0.5104196816208394,0.010841775205016835
33,2,0,band_2,16,0.47692715700141447,0.47472890146157476,0.0021982555398397108
33,2,3,band_2,16,0.5156358726696786,0.5281352235550709,-0.012499350885392335
33,2,4,band_2,16,0.5668633643617021,0.5547706117021276,0.012092752659574546
33,2,19,band_2,16,0.44850491333136516,0.45048184386993373,-0.0019769305385685665
33,2,25,band_2,16,0.5092622655122655,0.5183531746031745,-0.009090909090909038
33,2,29,band_2,16,0.5105268703898841,0.5137249736564805,-0.0031981032665964193
33,2,31,band_2,16,0.5212614568258562,0.5515738060781475,-0.030312349252291315
33,2,0,band_3,16,0.47692715700141447,0.4798974540311174,-0.0029702970297029174
33,2,3,band_3,16,0.5156358726696786,0.5108583891571896,0.004777483512488967
33,2,4,band_3,16,0.5668633643617021,0.5321998480243162,0.03466351633738596
33,2,19,band_3,16,0.44850491333136516,0.44119290624604607,0.007312007085319094
33,2,25,band_3,16,0.5092622655122655,0.5194173881673881,-0.01015512265512264
33,2,29,band_3,16,0.5105268703898841,0.49778714436248683,0.012739726027397258
33,2,31,band_3,16,0.5212614568258562,0.5142969126869271,0.006964544138929107
33,2,0,band_4,16,0.47692715700141447,0.47194719471947194,0.004979962281942529
33,2,3,band_4,16,0.5156358726696786,0.5244170950823077,-0.00878122241262913
33,2,4,band_4,16,0.5668633643617021,0.5599710296352584,0.006892334726443794
33,2,19,band_4,16,0.44850491333136516,0.43122390451689085,0.017281008814474308
33,2,25,band_4,16,0.5092622655122655,0.50116341991342,0.00809884559884555
33,2,29,band_4,16,0.5105268703898841,0.5225763962065332,-0.012049525816649087
33,2,31,band_4,16,0.5212614568258562,0.5204594790159189,0.0008019778099372932
33,2,0,band_5,16,0.47692715700141447,0.48355139085337107,-0.006624233851956596
33,2,3,band_5,16,0.5156358726696786,0.5150646518149244,0.0005712208547541398
33,2,4,band_5,16,0.5668633643617021,0.5634617211246201,0.0034016432370820304
33,2,19,band_5,16,0.44850491333136516,0.45122516975243554,-0.0027202564210703772
33,2,25,band_5,16,0.5092622655122655,0.4854617604617605,0.023800505050505016
33,2,29,band_5,16,0.5105268703898841,0.5102054794520549,0.00032139093782923567
33,2,31,band_5,16,0.5212614568258562,0.5227206946454414,-0.001459237819585124
33,2,0,band_6,16,0.47692715700141447,0.4810525695426686,-0.004125412541254148
33,2,3,band_6,16,0.5156358726696786,0.5163836526977204,-0.0007477800280417668
33,2,4,band_6,16,0.5668633643617021,0.5855516242401215,-0.018688259878419378
33,2,19,band_6,16,0.44850491333136516,0.48296149466492344,-0.03445658133355828
33,2,25,band_6,16,0.5092622655122655,0.498015873015873,0.011246392496392477
33,2,29,band_6,16,0.5105268703898841,0.5018493150684932,0.008677555321390917
33,2,31,band_6,16,0.5212614568258562,0.5220875542691752,-0.0008260974433189627
33,2,0,band_7,16,0.47692715700141447,0.478494813767091,-0.0015676567656765505
33,2,3,band_7,16,0.5156358726696786,0.5129563275691956,0.0026795451004829607
33,2,4,band_7,16,0.5668633643617021,0.5754119965805471,-0.008548632218844943
33,2,19,band_7,16,0.44850491333136516,0.4429695078233731,0.005535405507992086
33,2,25,band_7,16,0.5092622655122655,0.5140061327561327,-0.004743867243867217
33,2,29,band_7,16,0.5105268703898841,0.5084246575342466,0.0021022128556374975
33,2,31,band_7,16,0.5212614568258562,0.5054269175108539,0.01583453931500234
33,3,5,periocular_eog,6,0.487624216353208,0.49403511404561823,-0.006410897692410211
33,3,9,periocular_eog,6,0.5081237780624284,0.5076855659677746,0.0004382120946537782
33,3,12,periocular_eog,6,0.5667316017316016,0.5644733044733045,0.0022582972582971816
33,3,16,periocular_eog,6,0.5467843362135159,0.5346982611991796,0.012086075014336228
33,3,18,periocular_eog,6,0.5009269849659141,0.5020067469640727,-0.0010797619981585127
33,3,22,periocular_eog,6,0.48976608187134507,0.4765886287625418,0.01317745310880325
33,3,24,periocular_eog,6,0.5343213179386088,0.5262426077161363,0.00807871022247253
33,3,5,frontal_polar,8,0.487624216353208,0.49410180738962245,-0.006477591036414432
33,3,9,frontal_polar,8,0.5081237780624284,0.5137306456324862,-0.005606867570057794
33,3,12,frontal_polar,8,0.5667316017316016,0.5756565656565656,-0.008924963924964002
33,3,16,frontal_polar,8,0.5467843362135159,0.5434845996092801,0.00329973660423577
33,3,18,frontal_polar,8,0.5009269849659141,0.4965790332104235,0.004347951755490631
33,3,22,frontal_polar,8,0.48976608187134507,0.5071241369868372,-0.017358055115492155
33,3,24,frontal_polar,8,0.5343213179386088,0.5405871585468882,-0.006265840608279394
33,3,5,non_periocular,114,0.487624216353208,0.466749199679872,0.020875016673336022
33,3,9,non_periocular,114,0.5081237780624284,0.5065956538349177,0.0015281242275106965
33,3,12,non_periocular,114,0.5667316017316016,0.46950937950937943,0.09722222222222221
33,3,16,non_periocular,114,0.5467843362135159,0.499922244792831,0.04686209142068487
33,3,18,non_periocular,114,0.5009269849659141,0.4806262206678421,0.020300764298072038
33,3,22,non_periocular,114,0.48976608187134507,0.4992763402374387,-0.009510258366093649
33,3,24,non_periocular,114,0.5343213179386088,0.5143269501548859,0.019994367783722877
33,3,5,vertex_ring,6,0.487624216353208,0.4899918300653595,-0.002367613712151495
33,3,9,vertex_ring,6,0.5081237780624284,0.5127081507449606,-0.004584372682532201
33,3,12,vertex_ring,6,0.5667316017316016,0.5692424242424242,-0.0025108225108225746
33,3,16,vertex_ring,6,0.5467843362135159,0.5384402305441892,0.00834410566932664
33,3,18,vertex_ring,6,0.5009269849659141,0.5034601933248825,-0.0025332083589683085
33,3,22,vertex_ring,6,0.48976608187134507,0.4846320092315516,0.0051340726397934855
33,3,24,vertex_ring,6,0.5343213179386088,0.5381582652773866,-0.0038369473387778186
33,3,5,left_temporal,8,0.487624216353208,0.4938642123516073,-0.006239995998399306
33,3,9,left_temporal,8,0.5081237780624284,0.5066743072878042,0.0014494707746242064
33,3,12,left_temporal,8,0.5667316017316016,0.5644877344877345,0.002243867243867159
33,3,16,left_temporal,8,0.5467843362135159,0.5440726233634958,0.0027117128500200316
33,3,18,left_temporal,8,0.5009269849659141,0.5026591461828451,-0.001732161216930983
33,3,22,left_temporal,8,0.48976608187134507,0.496904887637153,-0.007138805765807943
33,3,24,left_temporal,8,0.5343213179386088,0.5327020557589411,0.0016192621796676798
33,3,5,right_temporal,8,0.487624216353208,0.4886037748432706,-0.000979558490062593
33,3,9,right_temporal,8,0.5081237780624284,0.4962021618463336,0.011921616216094777
33,3,12,right_temporal,8,0.5667316017316016,0.4958658008658009,0.07086580086580074
33,3,16,right_temporal,8,0.5467843362135159,0.5401945824059404,0.006589753807575427
33,3,18,right_temporal,8,0.5009269849659141,0.4944958977302288,0.006431087235685362
33,3,22,right_temporal,8,0.48976608187134507,0.4957753916563985,-0.006009309785053429
33,3,24,right_temporal,8,0.5343213179386088,0.5350077442973811,-0.0006864263587722519
33,3,5,occipital,9,0.487624216353208,0.4734310390822996,0.014193177270908408
33,3,9,occipital,9,0.5081237780624284,0.5057978830984966,0.0023258949639317628
33,3,12,occipital,9,0.5667316017316016,0.5749206349206349,-0.008189033189033301
33,3,16,occipital,9,0.5467843362135159,0.5583747217821493,-0.011590385568633454
33,3,18,occipital,9,0.5009269849659141,0.5007432396163232,0.0001837453495909802
33,3,22,occipital,9,0.48976608187134507,0.4825245946527411,0.007241487218603959
33,3,24,occipital,9,0.5343213179386088,0.536873415939172,-0.0025520980005632188
33,3,5,band_0,16,0.487624216353208,0.4817802120848339,0.0058440042683741145
33,3,9,band_0,16,0.5081237780624284,0.5103822557810288,-0.002258477718600438
33,3,12,band_0,16,0.5667316017316016,0.5697835497835497,-0.0030519480519480835
33,3,16,band_0,16,0.5467843362135159,0.5241575709273281,0.02262676528618779
33,3,18,band_0,16,0.5009269849659141,0.5021842986501943,-0.0012573136842801702
33,3,22,band_0,16,0.48976608187134507,0.5145318703671107,-0.024765788495765606
33,3,24,band_0,16,0.5343213179386088,0.5357821740354829,-0.0014608560968740747
33,3,5,band_1,16,0.487624216353208,0.49269291049753233,-0.005068694144324315
33,3,9,band_1,16,0.5081237780624284,0.4923256702397806,0.01579810782264779
33,3,12,band_1,16,0.5667316017316016,0.5734199134199134,-0.006688311688311743
33,3,16,band_1,16,0.5467843362135159,0.5521640246095232,-0.005379688396007332
33,3,18,band_1,16,0.5009269849659141,0.49161584421697646,0.009311140748937685
33,3,22,band_1,16,0.48976608187134507,0.49325236167341424,-0.00348627980206917
33,3,24,band_1,16,0.5343213179386088,0.5358173753872149,-0.0014960574486060363
33,3,5,band_2,16,0.487624216353208,0.48781595971722025,-0.00019174336401223124
33,3,9,band_2,16,0.5081237780624284,0.5176857906919257,-0.009562012629497296
33,3,12,band_2,16,0.5667316017316016,0.5633116883116882,0.003419913419913434
33,3,16,band_2,16,0.5467843362135159,0.5439462711518462,0.0028380650616696146
33,3,18,band_2,16,0.5009269849659141,0.5021079101340722,-0.0011809251681580424
33,3,22,band_2,16,0.48976608187134507,0.48238279645602306,0.007383285415322016
33,3,24,band_2,16,0.5343213179386088,0.5247465502675301,0.009574767671078677
33,3,5,band_3,16,0.487624216353208,0.48799936641323194,-0.00037515006002392104
33,3,9,band_3,16,0.5081237780624284,0.5135958111418234,-0.005472033079395033
33,3,12,band_3,16,0.5667316017316016,0.5699639249639249,-0.003232323232323253
33,3,16,band_3,16,0.5467843362135159,0.5503999533468757,-0.003615617133359894
33,3,18,band_3,16,0.5009269849659141,0.5139419364695292,-0.013014951503615091
33,3,22,band_3,16,0.48976608187134507,0.5172944904066186,-0.027528408535273496
33,3,24,band_3,16,0.5343213179386088,0.5369790199943678,-0.0026577020557589925
33,3,5,band_4,16,0.487624216353208,0.47438558756836063,0.013238628784847384
33,3,9,band_4,16,0.5081237780624284,0.49956178790534617,0.0085619901570822
33,3,12,band_4,16,0.5667316017316016,0.5786363636363636,-0.011904761904761973
33,3,16,band_4,16,0.5467843362135159,0.5550458269752252,-0.008261490761709345
33,3,18,band_4,16,0.5009269849659141,0.48021743887886437,0.02070954608704978
33,3,22,band_4,16,0.48976608187134507,0.478901406246944,0.010864675624401077
33,3,24,band_4,16,0.5343213179386088,0.5332652773866516,0.0010560405519571825
33,3,5,band_5,16,0.487624216353208,0.4904711884753902,-0.0028469721221821565
33,3,9,band_5,16,0.5081237780624284,0.5137531180475965,-0.005629339985168125
33,3,12,band_5,16,0.5667316017316016,0.4895526695526696,0.07717893217893207
33,3,16,band_5,16,0.5467843362135159,0.5419294954658995,0.004854840747616329
33,3,18,band_5,16,0.5009269849659141,0.5121333867364761,-0.01120640177056198
33,3,22,band_5,16,0.48976608187134507,0.47785503334702417,0.0119110485243209
33,3,24,band_5,16,0.5343213179386088,0.5379998591945931,-0.0036785412559843245
33,3,5,band_6,16,0.487624216353208,0.4907838135254101,-0.0031595971722021
33,3,9,band_6,16,0.5081237780624284,0.49562911526101705,0.012494662801411316
33,3,12,band_6,16,0.5667316017316016,0.5652020202020202,0.0015295815295814918
33,3,16,band_6,16,0.5467843362135159,0.5369726010088739,0.009811735204641958
33,3,18,band_6,16,0.5009269849659141,0.4934326521679887,0.00749433279792544
33,3,22,band_6,16,0.48976608187134507,0.48727238944630247,0.002493692425042604
33,3,24,band_6,16,0.5343213179386088,0.539513517319065,-0.0051921993804562305
33,3,5,band_7,16,0.487624216353208,0.5003292983860211,-0.01270508203281312
33,3,9,band_7,16,0.5081237780624284,0.5130227645565069,-0.004898986494078494
33,3,12,band_7,16,0.5667316017316016,0.5713131313131312,-0.004581529581529575
33,3,16,band_7,16,0.5467843362135159,0.5252947408321752,0.021489595381340654
33,3,18,band_7,16,0.5009269849659141,0.5030637988628434,-0.0021368138969292128
33,3,22,band_7,16,0.48976608187134507,0.48257838017563415,0.007187701695710924
33,3,24,band_7,16,0.5343213179386088,0.4684067868206139,0.06591453111799495
33,4,2,periocular_eog,6,0.5245794785534063,0.5257779646761985,-0.001198486122792275
33,4,13,periocular_eog,6,0.5812312751816522,0.5869649436964082,-0.005733668514755985
33,4,26,periocular_eog,6,0.5510806671204901,0.5451327433628319,0.00594792375765818
33,4,27,periocular_eog,6,0.5122452008707699,0.5136985454185632,-0.0014533445477933338
33,4,28,periocular_eog,6,0.6807692307692308,0.7,-0.019230769230769162
33,4,30,periocular_eog,6,0.5123614397807946,0.5231193174741562,-0.010757877693361562
33,4,34,periocular_eog,6,0.47701310861423224,0.4759597378277154,0.0010533707865168496
33,4,2,frontal_polar,8,0.5245794785534063,0.5305634987384357,-0.005984020185029415
33,4,13,frontal_polar,8,0.5812312751816522,0.5913211543097214,-0.010089879128069246
33,4,26,frontal_polar,8,0.5510806671204901,0.5548672566371682,-0.003786589516678096
33,4,27,frontal_polar,8,0.5122452008707699,0.5087880961804868,0.0034571046902830416
33,4,28,frontal_polar,8,0.6807692307692308,0.666025641025641,0.014743589743589802
33,4,30,frontal_polar,8,0.5123614397807946,0.5131087308506663,-0.0007472910698717028
33,4,34,frontal_polar,8,0.47701310861423224,0.4705758426966292,0.006437265917603019
33,4,2,non_periocular,114,0.5245794785534063,0.5166105971404541,0.007968881412952156
33,4,13,non_periocular,114,0.5812312751816522,0.5210191466648301,0.06021212851682212
33,4,26,non_periocular,114,0.5510806671204901,0.5510806671204901,0.0
33,4,27,non_periocular,114,0.5122452008707699,0.5324868889768455,-0.020241688106075628
33,4,28,non_periocular,114,0.6807692307692308,0.5307692307692308,0.15000000000000002
33,4,30,non_periocular,114,0.5123614397807946,0.4826877568813052,0.029673682899489406
33,4,34,non_periocular,114,0.47701310861423224,0.5589185393258427,-0.08190543071161044
33,4,2,vertex_ring,6,0.5245794785534063,0.5349957947855342,-0.010416316232127909
33,4,13,vertex_ring,6,0.5812312751816522,0.5973604462963601,-0.016129171114707908
33,4,26,vertex_ring,6,0.5510806671204901,0.5497277059223962,0.001352961198093916
33,4,27,vertex_ring,6,0.5122452008707699,0.5144654165842073,-0.0022202157134374456
33,4,28,vertex_ring,6,0.6807692307692308,0.691025641025641,-0.01025641025641022
33,4,30,vertex_ring,6,0.5123614397807946,0.5062585627101757,0.006102877070618962
33,4,34,vertex_ring,6,0.47701310861423224,0.47354868913857684,0.0034644194756554003
33,4,2,left_temporal,8,0.5245794785534063,0.5185071488645921,0.006072329688814104
33,4,13,left_temporal,8,0.5812312751816522,0.5742794173353077,0.006951857846344445
33,4,26,left_temporal,8,0.5510806671204901,0.5571987746766507,-0.006118107556160601
33,4,27,left_temporal,8,0.5122452008707699,0.513092469819909,-0.0008472689491391128
33,4,28,left_temporal,8,0.6807692307692308,0.5570512820512821,0.12371794871794872
33,4,30,left_temporal,8,0.5123614397807946,0.5067411881928011,0.005620251587993508
33,4,34,left_temporal,8,0.47701310861423224,0.49393726591760295,-0.016924157303370713
33,4,2,right_temporal,8,0.5245794785534063,0.5250420521446594,-0.0004625735912531237
33,4,13,right_temporal,8,0.5812312751816522,0.5766383139915285,0.0045929611901236456
33,4,26,right_temporal,8,0.5510806671204901,0.5444945541184479,0.006586113002042149
33,4,27,right_temporal,8,0.5122452008707699,0.5119050564021373,0.00034014446863250836
33,4,28,right_temporal,8,0.6807692307692308,0.6461538461538462,0.0346153846153846
33,4,30,right_temporal,8,0.5123614397807946,0.48477394445136385,0.027587495329430778
33,4,34,right_temporal,8,0.47701310861423224,0.48342696629213483,-0.00641385767790259
33,4,2,occipital,9,0.5245794785534063,0.5202817493692178,0.00429772918418847
33,4,13,occipital,9,0.5812312751816522,0.57919091566514,0.002040359516512158
33,4,26,occipital,9,0.5510806671204901,0.5459496255956433,0.00513104152484678
33,4,27,occipital,9,0.5122452008707699,0.508386107263012,0.003859093607757824
33,4,28,occipital,9,0.6807692307692308,0.6897435897435897,-0.008974358974358942
33,4,30,occipital,9,0.5123614397807946,0.5093411383733965,0.0030203014073981738
33,4,34,occipital,9,0.47701310861423224,0.47256554307116105,0.004447565543071186
33,4,2,band_0,16,0.5245794785534063,0.5243145500420521,0.00026492851135417883
33,4,13,band_0,16,0.5812312751816522,0.5778651124350012,0.0033661627466510247
33,4,26,band_0,16,0.5510806671204901,0.5548417290673928,-0.003761061946902733
33,4,27,band_0,16,0.5122452008707699,0.5059123293093213,0.006332871561448572
33,4,28,band_0,16,0.6807692307692308,0.6794871794871796,0.0012820512820511665
33,4,30,band_0,16,0.5123614397807946,0.5103842321584257,0.0019772076223689705
33,4,34,band_0,16,0.47701310861423224,0.4933520599250937,-0.016338951310861438
33,4,2,band_1,16,0.5245794785534063,0.5224432296047098,0.002136248948696462
33,4,13,band_1,16,0.5812312751816522,0.5965253624436102,-0.015294087261958023
33,4,26,band_1,16,0.5510806671204901,0.5586538461538462,-0.007573179033356081
33,4,27,band_1,16,0.5122452008707699,0.5215280526419949,-0.00928285177122501
33,4,28,band_1,16,0.6807692307692308,0.6743589743589743,0.0064102564102564985
33,4,30,band_1,16,0.5123614397807946,0.5091543156059286,0.003207124174866016
33,4,34,band_1,16,0.47701310861423224,0.47354868913857684,0.0034644194756554003
33,4,2,band_2,16,0.5245794785534063,0.518915054667788,0.005664423885618275
33,4,13,band_2,16,0.5812312751816522,0.581554116877303,-0.00032284169565077736
33,4,26,band_2,16,0.5510806671204901,0.554501361470388,-0.0034206943498978903
33,4,27,band_2,16,0.5122452008707699,0.50680288937265,0.005442311498119912
33,4,28,band_2,16,0.6807692307692308,0.6717948717948719,0.008974358974358942
33,4,30,band_2,16,0.5123614397807946,0.5068968738323577,0.005464565948436917
33,4,34,band_2,16,0.47701310861423224,0.49836142322097376,-0.021348314606741525
33,4,2,band_3,16,0.5245794785534063,0.5265264928511354,-0.0019470142977291438
33,4,13,band_3,16,0.5812312751816522,0.5789584696442716,0.002272805537380629
33,4,26,band_3,16,0.5510806671204901,0.5527314499659632,-0.0016507828454731532
33,4,27,band_3,16,0.5122452008707699,0.5167103700771819,-0.004465169206412045
33,4,28,band_3,16,0.6807692307692308,0.5685897435897437,0.11217948717948711
33,4,30,band_3,16,0.5123614397807946,0.5011520737327189,0.011209366048075764
33,4,34,band_3,16,0.47701310861423224,0.47846441947565543,-0.001451310861423194
33,4,2,band_4,16,0.5245794785534063,0.521084945332212,0.003494533221194307
33,4,13,band_4,16,0.5812312751816522,0.5753082062054479,0.005923068976204315
33,4,26,band_4,16,0.5510806671204901,0.538572157930565,0.012508509189925077
33,4,27,band_4,16,0.5122452008707699,0.5120844053037799,0.00016079556699000186
33,4,28,band_4,16,0.6807692307692308,0.6961538461538461,-0.01538461538461533
33,4,30,band_4,16,0.5123614397807946,0.5129063395192428,-0.0005448997384481791
33,4,34,band_4,16,0.47701310861423224,0.48836610486891385,-0.011352996254681613
33,4,2,band_5,16,0.5245794785534063,0.5376030277544155,-0.013023549201009232
33,4,13,band_5,16,0.5812312751816522,0.5785237094941287,0.0027075656875235055
33,4,26,band_5,16,0.5510806671204901,0.5538972089857045,-0.002816541865214406
33,4,27,band_5,16,0.5122452008707699,0.5103032851771225,0.0019419156936473225
33,4,28,band_5,16,0.6807692307692308,0.6852564102564103,-0.004487179487179471
33,4,30,band_5,16,0.5123614397807946,0.49120376136505167,0.021157678415742953
33,4,34,band_5,16,0.47701310861423224,0.46336610486891383,0.013647003745318409
33,4,2,band_6,16,0.5245794785534063,0.5106391925988225,0.013940285954583742
33,4,13,band_6,16,0.5812312751816522,0.5669487585660663,0.014282516615585883
33,4,26,band_6,16,0.5510806671204901,0.5338921034717494,0.017188563648740662
33,4,27,band_6,16,0.5122452008707699,0.5056835048486048,0.006561696022165053
33,4,28,band_6,16,0.6807692307692308,0.6692307692307693,0.011538461538461497
33,4,30,band_6,16,0.5123614397807946,0.5373645534935857,-0.02500311371279107
33,4,34,band_6,16,0.47701310861423224,0.4749063670411985,0.0021067415730337546
33,4,2,band_7,16,0.5245794785534063,0.5255130361648445,-0.0009335576114382071
33,4,13,band_7,16,0.5812312751816522,0.549183856193395,0.03204741898825714
33,4,26,band_7,16,0.5510806671204901,0.5272038801906058,0.023876786929884264
33,4,27,band_7,16,0.5122452008707699,0.5091158717593509,0.0031293291114189437
33,4,28,band_7,16,0.6807692307692308,0.6807692307692308,0.0
33,4,30,band_7,16,0.5123614397807946,0.5234306887532694,-0.011069248972474743
33,4,34,band_7,16,0.47701310861423224,0.48398876404494384,-0.0069756554307116025
